11692	8dc136b4-c6ff-41e0-9b0c-93854d1b0d76	qs:f:18.7073	ch:i:195	st:Z:2026-07-16T00:04:28.358000+00:00	RG:Z:a40d6b40-d3ad-4fe7-8245-9c92f794f831_dna_r10.4.1_e8.2_400bps_sup@v5.2.0	DS:Z:gpu:NVIDIA GeForce RTX 4070 SUPER	PU:Z:FBG39641	DT:Z:2026-07-15T14:17:26.508000+00:00	tm:Z:none rc
11692	9204039b-7bc5-4d34-9237-0fb8472fb8d1	qs:f:29.5564	ch:i:469	st:Z:2026-07-16T00:13:03.864000+00:00	RG:Z:a40d6b40-d3ad-4fe7-8245-9c92f794f831_dna_r10.4.1_e8.2_400bps_sup@v5.2.0	DS:Z:gpu:NVIDIA GeForce RTX 4070 SUPER	PU:Z:FBG39641	DT:Z:2026-07-15T14:17:26.508000+00:00	tm:Z:adapter,primer rc
11692	0064c386-b8e1-4d56-8083-057696f7235c	qs:f:28.0554	ch:i:71	st:Z:2026-07-15T22:40:35.949000+00:00	RG:Z:a40d6b40-d3ad-4fe7-8245-9c92f794f831_dna_r10.4.1_e8.2_400bps_sup@v5.2.0	DS:Z:gpu:NVIDIA GeForce RTX 4070 SUPER	PU:Z:FBG39641	DT:Z:2026-07-15T14:17:26.508000+00:00	tm:Z:adapter,primer rc
11692	86010593-5b43-46b4-ac2b-a7753e1eab6b	qs:f:22.0416	ch:i:130	st:Z:2026-07-15T22:48:36.842000+00:00	RG:Z:a40d6b40-d3ad-4fe7-8245-9c92f794f831_dna_r10.4.1_e8.2_400bps_sup@v5.2.0	DS:Z:gpu:NVIDIA GeForce RTX 4070 SUPER	PU:Z:FBG39641	DT:Z:2026-07-15T14:17:26.508000+00:00	tm:Z:adapter,primer rc
11692	d16d787a-7a83-477a-994d-ecaa8e70f959	qs:f:25.9958	ch:i:63	st:Z:2026-07-15T14:25:36.761000+00:00	RG:Z:a40d6b40-d3ad-4fe7-8245-9c92f794f831_dna_r10.4.1_e8.2_400bps_sup@v5.2.0	DS:Z:gpu:NVIDIA GeForce RTX 4070 SUPER	PU:Z:FBG39641	DT:Z:2026-07-15T14:17:26.508000+00:00	tm:Z:adapter,primer rc
11692	05a4776a-ab28-43ac-af44-28689893056a	qs:f:19.4822	ch:i:93	st:Z:2026-07-15T14:26:56.040000+00:00	RG:Z:a40d6b40-d3ad-4fe7-8245-9c92f794f831_dna_r10.4.1_e8.2_400bps_sup@v5.2.0	DS:Z:gpu:NVIDIA GeForce RTX 4070 SUPER	PU:Z:FBG39641	DT:Z:2026-07-15T14:17:26.508000+00:00	tm:Z:none
11692	0057b61b-391d-4d77-b775-7fdd55bf6131	qs:f:16.8251	ch:i:509	st:Z:2026-07-15T19:21:01.534000+00:00	RG:Z:a40d6b40-d3ad-4fe7-8245-9c92f794f831_dna_r10.4.1_e8.2_400bps_sup@v5.2.0	DS:Z:gpu:NVIDIA GeForce RTX 4070 SUPER	PU:Z:FBG39641	DT:Z:2026-07-15T14:17:26.508000+00:00	tm:Z:none
11692	76b939af-591a-4662-94fb-dedcf322225b	qs:f:22.2999	ch:i:391	st:Z:2026-07-15T18:00:41.972000+00:00	RG:Z:a40d6b40-d3ad-4fe7-8245-9c92f794f831_dna_r10.4.1_e8.2_400bps_sup@v5.2.0	DS:Z:gpu:NVIDIA GeForce RTX 4070 SUPER	PU:Z:FBG39641	DT:Z:2026-07-15T14:17:26.508000+00:00	tm:Z:adapter,primer rc
11692	2beb6832-ded1-48dc-beed-acb1aadb27ad	qs:f:29.2827	ch:i:375	st:Z:2026-07-15T15:31:20.767000+00:00	RG:Z:a40d6b40-d3ad-4fe7-8245-9c92f794f831_dna_r10.4.1_e8.2_400bps_sup@v5.2.0	DS:Z:gpu:NVIDIA GeForce RTX 4070 SUPER	PU:Z:FBG39641	DT:Z:2026-07-15T14:17:26.508000+00:00	tm:Z:adapter,primer rc
11692	7280263e-fe5d-436e-b31e-b109e38e54ab	qs:f:17.493	ch:i:346	st:Z:2026-07-15T19:45:13.072000+00:00	RG:Z:a40d6b40-d3ad-4fe7-8245-9c92f794f831_dna_r10.4.1_e8.2_400bps_sup@v5.2.0	DS:Z:gpu:NVIDIA GeForce RTX 4070 SUPER	PU:Z:FBG39641	DT:Z:2026-07-15T14:17:26.508000+00:00	tm:Z:adapter,primer rc
11692	4d5e7d8d-4b09-4329-bf03-e410375dabb3	qs:f:30.7509	ch:i:449	st:Z:2026-07-15T14:55:26.398000+00:00	RG:Z:a40d6b40-d3ad-4fe7-8245-9c92f794f831_dna_r10.4.1_e8.2_400bps_sup@v5.2.0	DS:Z:gpu:NVIDIA GeForce RTX 4070 SUPER	PU:Z:FBG39641	DT:Z:2026-07-15T14:17:26.508000+00:00	tm:Z:adapter,primer rc
11692	cae7bbfe-403d-4d32-bea9-a2d217450f1f	qs:f:19.5517	ch:i:34	st:Z:2026-07-15T17:16:57.832000+00:00	RG:Z:a40d6b40-d3ad-4fe7-8245-9c92f794f831_dna_r10.4.1_e8.2_400bps_sup@v5.2.0	DS:Z:gpu:NVIDIA GeForce RTX 4070 SUPER	PU:Z:FBG39641	DT:Z:2026-07-15T14:17:26.508000+00:00	tm:Z:adapter,primer
11692	2100ec73-d6f1-4256-91e2-505e1c332e4b	qs:f:24.4044	ch:i:17	st:Z:2026-07-15T21:41:14.808000+00:00	RG:Z:a40d6b40-d3ad-4fe7-8245-9c92f794f831_dna_r10.4.1_e8.2_400bps_sup@v5.2.0	DS:Z:gpu:NVIDIA GeForce RTX 4070 SUPER	PU:Z:FBG39641	DT:Z:2026-07-15T14:17:26.508000+00:00	tm:Z:adapter,primer rc
11692	1a5e4242-1541-4f88-a7d1-69a1605a1ae2	qs:f:27.4999	ch:i:394	st:Z:2026-07-15T22:35:28.702000+00:00	RG:Z:a40d6b40-d3ad-4fe7-8245-9c92f794f831_dna_r10.4.1_e8.2_400bps_sup@v5.2.0	DS:Z:gpu:NVIDIA GeForce RTX 4070 SUPER	PU:Z:FBG39641	DT:Z:2026-07-15T14:17:26.508000+00:00	tm:Z:adapter,primer
11692	3d7a4a82-5d83-4bfb-be07-b60f863f292c	qs:f:26.2668	ch:i:469	st:Z:2026-07-15T20:59:20.714000+00:00	RG:Z:a40d6b40-d3ad-4fe7-8245-9c92f794f831_dna_r10.4.1_e8.2_400bps_sup@v5.2.0	DS:Z:gpu:NVIDIA GeForce RTX 4070 SUPER	PU:Z:FBG39641	DT:Z:2026-07-15T14:17:26.508000+00:00	tm:Z:adapter,primer
11692	d857ac49-e255-4b1e-ae73-a0ebae3916a2	qs:f:25.7861	ch:i:356	st:Z:2026-07-15T18:07:06.044000+00:00	RG:Z:a40d6b40-d3ad-4fe7-8245-9c92f794f831_dna_r10.4.1_e8.2_400bps_sup@v5.2.0	DS:Z:gpu:NVIDIA GeForce RTX 4070 SUPER	PU:Z:FBG39641	DT:Z:2026-07-15T14:17:26.508000+00:00	tm:Z:adapter,primer rc
11692	a038d004-d217-4c9a-bb52-287dae96adf2	qs:f:25.9688	ch:i:252	st:Z:2026-07-15T22:31:55.808000+00:00	RG:Z:a40d6b40-d3ad-4fe7-8245-9c92f794f831_dna_r10.4.1_e8.2_400bps_sup@v5.2.0	DS:Z:gpu:NVIDIA GeForce RTX 4070 SUPER	PU:Z:FBG39641	DT:Z:2026-07-15T14:17:26.508000+00:00	tm:Z:adapter,primer rc
11692	ed26a61f-c185-48e5-8f14-33eff2d82738	qs:f:16.838	ch:i:391	st:Z:2026-07-16T00:08:46.033000+00:00	RG:Z:a40d6b40-d3ad-4fe7-8245-9c92f794f831_dna_r10.4.1_e8.2_400bps_sup@v5.2.0	DS:Z:gpu:NVIDIA GeForce RTX 4070 SUPER	PU:Z:FBG39641	DT:Z:2026-07-15T14:17:26.508000+00:00	tm:Z:adapter,primer
11692	7671ef68-a687-4a94-a758-f5eddd848965	qs:f:14.9051	ch:i:404	st:Z:2026-07-15T20:15:23.839000+00:00	RG:Z:a40d6b40-d3ad-4fe7-8245-9c92f794f831_dna_r10.4.1_e8.2_400bps_sup@v5.2.0	DS:Z:gpu:NVIDIA GeForce RTX 4070 SUPER	PU:Z:FBG39641	DT:Z:2026-07-15T14:17:26.508000+00:00	tm:Z:adapter,primer
11692	30302e07-3066-411a-a48d-b3db1410eb71	qs:f:17.6777	ch:i:84	st:Z:2026-07-15T15:38:58.667000+00:00	RG:Z:a40d6b40-d3ad-4fe7-8245-9c92f794f831_dna_r10.4.1_e8.2_400bps_sup@v5.2.0	DS:Z:gpu:NVIDIA GeForce RTX 4070 SUPER	PU:Z:FBG39641	DT:Z:2026-07-15T14:17:26.508000+00:00	tm:Z:none rc
11692	f69c718e-6882-4ed8-b0ba-aac3c10c40f3	qs:f:26.7872	ch:i:252	st:Z:2026-07-15T17:43:09.302000+00:00	RG:Z:a40d6b40-d3ad-4fe7-8245-9c92f794f831_dna_r10.4.1_e8.2_400bps_sup@v5.2.0	DS:Z:gpu:NVIDIA GeForce RTX 4070 SUPER	PU:Z:FBG39641	DT:Z:2026-07-15T14:17:26.508000+00:00	tm:Z:adapter,primer rc
11692	c20f18e3-77a8-4430-88b2-8df0bb480c11	qs:f:14.513	ch:i:261	st:Z:2026-07-16T01:02:10.608000+00:00	RG:Z:a40d6b40-d3ad-4fe7-8245-9c92f794f831_dna_r10.4.1_e8.2_400bps_sup@v5.2.0	DS:Z:gpu:NVIDIA GeForce RTX 4070 SUPER	PU:Z:FBG39641	DT:Z:2026-07-15T14:17:26.508000+00:00	tm:Z:adapter,primer rc
11692	166c4da2-f2eb-4285-855a-f9bdc35dcedf	qs:f:17.9022	ch:i:336	st:Z:2026-07-15T19:50:05.556000+00:00	RG:Z:a40d6b40-d3ad-4fe7-8245-9c92f794f831_dna_r10.4.1_e8.2_400bps_sup@v5.2.0	DS:Z:gpu:NVIDIA GeForce RTX 4070 SUPER	PU:Z:FBG39641	DT:Z:2026-07-15T14:17:26.508000+00:00	tm:Z:none
11692	ad9f4603-966b-4875-a955-263a2317dccb	qs:f:23.7191	ch:i:185	st:Z:2026-07-15T18:58:29.137000+00:00	RG:Z:a40d6b40-d3ad-4fe7-8245-9c92f794f831_dna_r10.4.1_e8.2_400bps_sup@v5.2.0	DS:Z:gpu:NVIDIA GeForce RTX 4070 SUPER	PU:Z:FBG39641	DT:Z:2026-07-15T14:17:26.508000+00:00	tm:Z:adapter,primer rc
11692	18540132-7b0d-4ae1-8041-3b076bdfbd14	qs:f:32.2288	ch:i:296	st:Z:2026-07-16T01:24:53.712000+00:00	RG:Z:a40d6b40-d3ad-4fe7-8245-9c92f794f831_dna_r10.4.1_e8.2_400bps_sup@v5.2.0	DS:Z:gpu:NVIDIA GeForce RTX 4070 SUPER	PU:Z:FBG39641	DT:Z:2026-07-15T14:17:26.508000+00:00	tm:Z:adapter,primer rc
11692	d9a839d7-9d28-4922-8cf8-d475c1c0ad63	qs:f:24.344	ch:i:36	st:Z:2026-07-15T17:21:38.200000+00:00	RG:Z:a40d6b40-d3ad-4fe7-8245-9c92f794f831_dna_r10.4.1_e8.2_400bps_sup@v5.2.0	DS:Z:gpu:NVIDIA GeForce RTX 4070 SUPER	PU:Z:FBG39641	DT:Z:2026-07-15T14:17:26.508000+00:00	tm:Z:adapter,primer rc
11692	6f947f3e-6d7b-4bf6-90a5-f9c3ad891279	qs:f:29.4246	ch:i:381	st:Z:2026-07-15T15:11:32.858000+00:00	RG:Z:a40d6b40-d3ad-4fe7-8245-9c92f794f831_dna_r10.4.1_e8.2_400bps_sup@v5.2.0	DS:Z:gpu:NVIDIA GeForce RTX 4070 SUPER	PU:Z:FBG39641	DT:Z:2026-07-15T14:17:26.508000+00:00	tm:Z:adapter,primer
11692	6e0b06f5-8d1b-403f-9e4d-600cc88ec9e3	qs:f:24.137	ch:i:134	st:Z:2026-07-15T18:42:14.417000+00:00	RG:Z:a40d6b40-d3ad-4fe7-8245-9c92f794f831_dna_r10.4.1_e8.2_400bps_sup@v5.2.0	DS:Z:gpu:NVIDIA GeForce RTX 4070 SUPER	PU:Z:FBG39641	DT:Z:2026-07-15T14:17:26.508000+00:00	tm:Z:adapter,primer
11692	df0098d0-76a2-402b-96fa-e1b29c90cbd3	qs:f:18.2679	ch:i:196	st:Z:2026-07-15T17:23:37.500000+00:00	RG:Z:a40d6b40-d3ad-4fe7-8245-9c92f794f831_dna_r10.4.1_e8.2_400bps_sup@v5.2.0	DS:Z:gpu:NVIDIA GeForce RTX 4070 SUPER	PU:Z:FBG39641	DT:Z:2026-07-15T14:17:26.508000+00:00	tm:Z:adapter,primer
11692	1b6fff19-ee7b-4325-8130-353b13c8f98c	qs:f:26.1842	ch:i:334	st:Z:2026-07-15T17:40:06.702000+00:00	RG:Z:a40d6b40-d3ad-4fe7-8245-9c92f794f831_dna_r10.4.1_e8.2_400bps_sup@v5.2.0	DS:Z:gpu:NVIDIA GeForce RTX 4070 SUPER	PU:Z:FBG39641	DT:Z:2026-07-15T14:17:26.508000+00:00	tm:Z:none
11692	e5d4c9a4-1ccd-4fa2-8f76-fa22dac32d86	qs:f:18.5455	ch:i:63	st:Z:2026-07-15T21:01:40.905000+00:00	RG:Z:a40d6b40-d3ad-4fe7-8245-9c92f794f831_dna_r10.4.1_e8.2_400bps_sup@v5.2.0	DS:Z:gpu:NVIDIA GeForce RTX 4070 SUPER	PU:Z:FBG39641	DT:Z:2026-07-15T14:17:26.508000+00:00	tm:Z:none rc
11692	b3913574-48e8-4ba6-9e8b-9b2521ea991a	qs:f:19.392	ch:i:134	st:Z:2026-07-15T21:02:53.139000+00:00	RG:Z:a40d6b40-d3ad-4fe7-8245-9c92f794f831_dna_r10.4.1_e8.2_400bps_sup@v5.2.0	DS:Z:gpu:NVIDIA GeForce RTX 4070 SUPER	PU:Z:FBG39641	DT:Z:2026-07-15T14:17:26.508000+00:00	tm:Z:adapter,primer rc
11692	210c2d47-c54e-4745-b1a2-72ec75a2c46e	qs:f:28.1378	ch:i:66	st:Z:2026-07-15T22:11:55.416000+00:00	RG:Z:a40d6b40-d3ad-4fe7-8245-9c92f794f831_dna_r10.4.1_e8.2_400bps_sup@v5.2.0	DS:Z:gpu:NVIDIA GeForce RTX 4070 SUPER	PU:Z:FBG39641	DT:Z:2026-07-15T14:17:26.508000+00:00	tm:Z:adapter,primer rc
11692	df958e09-01d5-4453-8b6c-0e6c7cb9ac8e	qs:f:18.427	ch:i:434	st:Z:2026-07-15T22:51:11.053000+00:00	RG:Z:a40d6b40-d3ad-4fe7-8245-9c92f794f831_dna_r10.4.1_e8.2_400bps_sup@v5.2.0	DS:Z:gpu:NVIDIA GeForce RTX 4070 SUPER	PU:Z:FBG39641	DT:Z:2026-07-15T14:17:26.508000+00:00	tm:Z:adapter,primer rc
11692	cc08d1a5-2fc4-4881-bd5e-ca21d475cf2c	qs:f:16.4464	ch:i:357	st:Z:2026-07-15T20:17:35.951000+00:00	RG:Z:a40d6b40-d3ad-4fe7-8245-9c92f794f831_dna_r10.4.1_e8.2_400bps_sup@v5.2.0	DS:Z:gpu:NVIDIA GeForce RTX 4070 SUPER	PU:Z:FBG39641	DT:Z:2026-07-15T14:17:26.508000+00:00	tm:Z:adapter,primer rc
11692	4fa09374-f951-426c-aab4-5b1155f1d84b	qs:f:15.6908	ch:i:357	st:Z:2026-07-15T19:39:10.671000+00:00	RG:Z:a40d6b40-d3ad-4fe7-8245-9c92f794f831_dna_r10.4.1_e8.2_400bps_sup@v5.2.0	DS:Z:gpu:NVIDIA GeForce RTX 4070 SUPER	PU:Z:FBG39641	DT:Z:2026-07-15T14:17:26.508000+00:00	tm:Z:none rc
11692	f602ae56-d755-4783-a2e4-a5595e4025b0	qs:f:17.497	ch:i:180	st:Z:2026-07-15T21:11:59.032000+00:00	RG:Z:a40d6b40-d3ad-4fe7-8245-9c92f794f831_dna_r10.4.1_e8.2_400bps_sup@v5.2.0	DS:Z:gpu:NVIDIA GeForce RTX 4070 SUPER	PU:Z:FBG39641	DT:Z:2026-07-15T14:17:26.508000+00:00	tm:Z:none rc
11692	fcc4184d-e3ee-4790-a4f0-fc6242277357	qs:f:13.926	ch:i:157	st:Z:2026-07-15T16:48:22.424000+00:00	RG:Z:a40d6b40-d3ad-4fe7-8245-9c92f794f831_dna_r10.4.1_e8.2_400bps_sup@v5.2.0	DS:Z:gpu:NVIDIA GeForce RTX 4070 SUPER	PU:Z:FBG39641	DT:Z:2026-07-15T14:17:26.508000+00:00	tm:Z:adapter,primer
11692	4d155d02-163f-4d14-b967-7b40dc0f9282	qs:f:18.2391	ch:i:412	st:Z:2026-07-16T00:25:45.944000+00:00	RG:Z:a40d6b40-d3ad-4fe7-8245-9c92f794f831_dna_r10.4.1_e8.2_400bps_sup@v5.2.0	DS:Z:gpu:NVIDIA GeForce RTX 4070 SUPER	PU:Z:FBG39641	DT:Z:2026-07-15T14:17:26.508000+00:00	tm:Z:adapter,primer
11692	3ec34a3e-ac66-44f7-94ff-ec8b0038995e	qs:f:16.5529	ch:i:91	st:Z:2026-07-16T01:41:27.047000+00:00	RG:Z:a40d6b40-d3ad-4fe7-8245-9c92f794f831_dna_r10.4.1_e8.2_400bps_sup@v5.2.0	DS:Z:gpu:NVIDIA GeForce RTX 4070 SUPER	PU:Z:FBG39641	DT:Z:2026-07-15T14:17:26.508000+00:00	tm:Z:adapter,primer rc
11692	3238dd9c-0444-4644-b70c-b86918ef61c0	qs:f:23.3137	ch:i:130	st:Z:2026-07-15T16:03:27.144000+00:00	RG:Z:a40d6b40-d3ad-4fe7-8245-9c92f794f831_dna_r10.4.1_e8.2_400bps_sup@v5.2.0	DS:Z:gpu:NVIDIA GeForce RTX 4070 SUPER	PU:Z:FBG39641	DT:Z:2026-07-15T14:17:26.508000+00:00	tm:Z:adapter,primer rc
11692	53883c2c-d646-4396-bfd3-da12cfb21bf6	qs:f:31.9893	ch:i:329	st:Z:2026-07-16T01:24:19.234000+00:00	RG:Z:a40d6b40-d3ad-4fe7-8245-9c92f794f831_dna_r10.4.1_e8.2_400bps_sup@v5.2.0	DS:Z:gpu:NVIDIA GeForce RTX 4070 SUPER	PU:Z:FBG39641	DT:Z:2026-07-15T14:17:26.508000+00:00	tm:Z:adapter,primer rc
11692	753abd63-43fc-46c1-aaec-5594e27e4f24	qs:f:22.8562	ch:i:237	st:Z:2026-07-15T18:44:16.546000+00:00	RG:Z:a40d6b40-d3ad-4fe7-8245-9c92f794f831_dna_r10.4.1_e8.2_400bps_sup@v5.2.0	DS:Z:gpu:NVIDIA GeForce RTX 4070 SUPER	PU:Z:FBG39641	DT:Z:2026-07-15T14:17:26.508000+00:00	tm:Z:adapter,primer
11692	e2d4b869-5b63-4de5-bbc2-c33a873f00c9	qs:f:26.719	ch:i:507	st:Z:2026-07-15T18:00:14.437000+00:00	RG:Z:a40d6b40-d3ad-4fe7-8245-9c92f794f831_dna_r10.4.1_e8.2_400bps_sup@v5.2.0	DS:Z:gpu:NVIDIA GeForce RTX 4070 SUPER	PU:Z:FBG39641	DT:Z:2026-07-15T14:17:26.508000+00:00	tm:Z:adapter,primer
11692	ff219eb6-1c56-4fda-ad26-e491a2c8fc9b	qs:f:22.7557	ch:i:34	st:Z:2026-07-15T18:31:28.725000+00:00	RG:Z:a40d6b40-d3ad-4fe7-8245-9c92f794f831_dna_r10.4.1_e8.2_400bps_sup@v5.2.0	DS:Z:gpu:NVIDIA GeForce RTX 4070 SUPER	PU:Z:FBG39641	DT:Z:2026-07-15T14:17:26.508000+00:00	tm:Z:none
11692	d2e7f5b6-92b2-4306-bbfd-069f38e40bc4	qs:f:16.7729	ch:i:252	st:Z:2026-07-15T17:22:42.954000+00:00	RG:Z:a40d6b40-d3ad-4fe7-8245-9c92f794f831_dna_r10.4.1_e8.2_400bps_sup@v5.2.0	DS:Z:gpu:NVIDIA GeForce RTX 4070 SUPER	PU:Z:FBG39641	DT:Z:2026-07-15T14:17:26.508000+00:00	tm:Z:none rc
11692	03fa2bda-433f-4ce3-9c2f-273791bda9c2	qs:f:30.4831	ch:i:51	st:Z:2026-07-15T23:51:49.917000+00:00	RG:Z:a40d6b40-d3ad-4fe7-8245-9c92f794f831_dna_r10.4.1_e8.2_400bps_sup@v5.2.0	DS:Z:gpu:NVIDIA GeForce RTX 4070 SUPER	PU:Z:FBG39641	DT:Z:2026-07-15T14:17:26.508000+00:00	tm:Z:adapter,primer rc
11692	781f5e17-edb6-4788-8264-f63469bc8725	qs:f:27.7444	ch:i:204	st:Z:2026-07-15T21:12:05.324000+00:00	RG:Z:a40d6b40-d3ad-4fe7-8245-9c92f794f831_dna_r10.4.1_e8.2_400bps_sup@v5.2.0	DS:Z:gpu:NVIDIA GeForce RTX 4070 SUPER	PU:Z:FBG39641	DT:Z:2026-07-15T14:17:26.508000+00:00	tm:Z:adapter,primer
11692	9ae11ea1-6fbc-44a1-9601-2743b209cc37	qs:f:25.1084	ch:i:275	st:Z:2026-07-15T17:16:07.551000+00:00	RG:Z:a40d6b40-d3ad-4fe7-8245-9c92f794f831_dna_r10.4.1_e8.2_400bps_sup@v5.2.0	DS:Z:gpu:NVIDIA GeForce RTX 4070 SUPER	PU:Z:FBG39641	DT:Z:2026-07-15T14:17:26.508000+00:00	tm:Z:none
11692	fb1b78b5-0210-4e64-9684-e3e6230f9ca5	qs:f:26.0129	ch:i:336	st:Z:2026-07-15T20:35:39.573000+00:00	RG:Z:a40d6b40-d3ad-4fe7-8245-9c92f794f831_dna_r10.4.1_e8.2_400bps_sup@v5.2.0	DS:Z:gpu:NVIDIA GeForce RTX 4070 SUPER	PU:Z:FBG39641	DT:Z:2026-07-15T14:17:26.508000+00:00	tm:Z:none rc
11692	6b17841e-abc8-4c3c-980f-10d807f8be29	qs:f:26.5724	ch:i:438	st:Z:2026-07-15T18:54:20.521000+00:00	RG:Z:a40d6b40-d3ad-4fe7-8245-9c92f794f831_dna_r10.4.1_e8.2_400bps_sup@v5.2.0	DS:Z:gpu:NVIDIA GeForce RTX 4070 SUPER	PU:Z:FBG39641	DT:Z:2026-07-15T14:17:26.508000+00:00	tm:Z:adapter,primer rc
11692	7a351506-260a-479d-a5ca-3a34386cfaa7	qs:f:26.2771	ch:i:99	st:Z:2026-07-15T17:01:46.922000+00:00	RG:Z:a40d6b40-d3ad-4fe7-8245-9c92f794f831_dna_r10.4.1_e8.2_400bps_sup@v5.2.0	DS:Z:gpu:NVIDIA GeForce RTX 4070 SUPER	PU:Z:FBG39641	DT:Z:2026-07-15T14:17:26.508000+00:00	tm:Z:adapter,primer
11692	809a9dbc-66e0-4bd9-aa27-f7e0d215afd0	qs:f:27.1498	ch:i:386	st:Z:2026-07-15T15:11:25.881000+00:00	RG:Z:a40d6b40-d3ad-4fe7-8245-9c92f794f831_dna_r10.4.1_e8.2_400bps_sup@v5.2.0	DS:Z:gpu:NVIDIA GeForce RTX 4070 SUPER	PU:Z:FBG39641	DT:Z:2026-07-15T14:17:26.508000+00:00	tm:Z:adapter,primer
11692	5bd79535-0e89-4eff-95c1-b01704edb34f	qs:f:25.2339	ch:i:45	st:Z:2026-07-16T01:08:34.007000+00:00	RG:Z:a40d6b40-d3ad-4fe7-8245-9c92f794f831_dna_r10.4.1_e8.2_400bps_sup@v5.2.0	DS:Z:gpu:NVIDIA GeForce RTX 4070 SUPER	PU:Z:FBG39641	DT:Z:2026-07-15T14:17:26.508000+00:00	tm:Z:none
11692	b642c21e-f697-4421-bf5b-ba74799120d5	qs:f:25.201	ch:i:201	st:Z:2026-07-15T15:31:51.832000+00:00	RG:Z:a40d6b40-d3ad-4fe7-8245-9c92f794f831_dna_r10.4.1_e8.2_400bps_sup@v5.2.0	DS:Z:gpu:NVIDIA GeForce RTX 4070 SUPER	PU:Z:FBG39641	DT:Z:2026-07-15T14:17:26.508000+00:00	tm:Z:adapter,primer rc
11692	f340c49e-a51d-4ace-bc88-4a89e3a2fd43	qs:f:16.4735	ch:i:258	st:Z:2026-07-15T20:38:53.537000+00:00	RG:Z:a40d6b40-d3ad-4fe7-8245-9c92f794f831_dna_r10.4.1_e8.2_400bps_sup@v5.2.0	DS:Z:gpu:NVIDIA GeForce RTX 4070 SUPER	PU:Z:FBG39641	DT:Z:2026-07-15T14:17:26.508000+00:00	tm:Z:adapter,primer rc
11692	a94728cb-ff82-45e2-996a-6601033d04e4	qs:f:28.2179	ch:i:413	st:Z:2026-07-15T17:06:54.960000+00:00	RG:Z:a40d6b40-d3ad-4fe7-8245-9c92f794f831_dna_r10.4.1_e8.2_400bps_sup@v5.2.0	DS:Z:gpu:NVIDIA GeForce RTX 4070 SUPER	PU:Z:FBG39641	DT:Z:2026-07-15T14:17:26.508000+00:00	tm:Z:adapter,primer rc
11692	ddbba16e-4dec-4c4b-ad8f-7f3506b906c9	qs:f:22.0838	ch:i:40	st:Z:2026-07-15T22:46:00.078000+00:00	RG:Z:a40d6b40-d3ad-4fe7-8245-9c92f794f831_dna_r10.4.1_e8.2_400bps_sup@v5.2.0	DS:Z:gpu:NVIDIA GeForce RTX 4070 SUPER	PU:Z:FBG39641	DT:Z:2026-07-15T14:17:26.508000+00:00	tm:Z:adapter,primer
11692	8688ce59-4811-4b77-8fc5-70bb54ed6daa	qs:f:27.7662	ch:i:214	st:Z:2026-07-15T14:57:56.007000+00:00	RG:Z:a40d6b40-d3ad-4fe7-8245-9c92f794f831_dna_r10.4.1_e8.2_400bps_sup@v5.2.0	DS:Z:gpu:NVIDIA GeForce RTX 4070 SUPER	PU:Z:FBG39641	DT:Z:2026-07-15T14:17:26.508000+00:00	tm:Z:none
11692	6488c881-dada-4559-ae7f-3041ce38b6bb	qs:f:28.9197	ch:i:139	st:Z:2026-07-15T16:20:05.775000+00:00	RG:Z:a40d6b40-d3ad-4fe7-8245-9c92f794f831_dna_r10.4.1_e8.2_400bps_sup@v5.2.0	DS:Z:gpu:NVIDIA GeForce RTX 4070 SUPER	PU:Z:FBG39641	DT:Z:2026-07-15T14:17:26.508000+00:00	tm:Z:adapter,primer
11692	37e33af0-1166-457c-8b01-01aa0368b965	qs:f:21.387	ch:i:167	st:Z:2026-07-15T20:02:02.818000+00:00	RG:Z:a40d6b40-d3ad-4fe7-8245-9c92f794f831_dna_r10.4.1_e8.2_400bps_sup@v5.2.0	DS:Z:gpu:NVIDIA GeForce RTX 4070 SUPER	PU:Z:FBG39641	DT:Z:2026-07-15T14:17:26.508000+00:00	tm:Z:adapter,primer
11692	5f5f901e-266c-4d4c-ad8c-46bb17375376	qs:f:25.6988	ch:i:335	st:Z:2026-07-15T15:18:22.215000+00:00	RG:Z:a40d6b40-d3ad-4fe7-8245-9c92f794f831_dna_r10.4.1_e8.2_400bps_sup@v5.2.0	DS:Z:gpu:NVIDIA GeForce RTX 4070 SUPER	PU:Z:FBG39641	DT:Z:2026-07-15T14:17:26.508000+00:00	tm:Z:none rc
11692	ce954045-3f0b-4148-a407-bd9410c9d9f6	qs:f:22.512	ch:i:82	st:Z:2026-07-15T18:27:03.349000+00:00	RG:Z:a40d6b40-d3ad-4fe7-8245-9c92f794f831_dna_r10.4.1_e8.2_400bps_sup@v5.2.0	DS:Z:gpu:NVIDIA GeForce RTX 4070 SUPER	PU:Z:FBG39641	DT:Z:2026-07-15T14:17:26.508000+00:00	tm:Z:adapter,primer
11692	3172e7e8-036a-4bd8-9eb5-79ea8022d878	qs:f:24.8111	ch:i:460	st:Z:2026-07-16T01:00:24.914000+00:00	RG:Z:a40d6b40-d3ad-4fe7-8245-9c92f794f831_dna_r10.4.1_e8.2_400bps_sup@v5.2.0	DS:Z:gpu:NVIDIA GeForce RTX 4070 SUPER	PU:Z:FBG39641	DT:Z:2026-07-15T14:17:26.508000+00:00	tm:Z:adapter,primer
11692	38b76247-e934-4cdb-b355-14ce38658a30	qs:f:19.2929	ch:i:197	st:Z:2026-07-15T20:18:08.604000+00:00	RG:Z:a40d6b40-d3ad-4fe7-8245-9c92f794f831_dna_r10.4.1_e8.2_400bps_sup@v5.2.0	DS:Z:gpu:NVIDIA GeForce RTX 4070 SUPER	PU:Z:FBG39641	DT:Z:2026-07-15T14:17:26.508000+00:00	tm:Z:adapter,primer
11692	c7ef4fb8-1b7a-44e3-84fb-b647b9c6bc15	qs:f:24.1171	ch:i:10	st:Z:2026-07-15T15:14:53.142000+00:00	RG:Z:a40d6b40-d3ad-4fe7-8245-9c92f794f831_dna_r10.4.1_e8.2_400bps_sup@v5.2.0	DS:Z:gpu:NVIDIA GeForce RTX 4070 SUPER	PU:Z:FBG39641	DT:Z:2026-07-15T14:17:26.508000+00:00	tm:Z:adapter,primer
11692	5c1f7ad5-cfef-47d4-b75b-0fd924037179	qs:f:19.3749	ch:i:222	st:Z:2026-07-16T01:41:17.093000+00:00	RG:Z:a40d6b40-d3ad-4fe7-8245-9c92f794f831_dna_r10.4.1_e8.2_400bps_sup@v5.2.0	DS:Z:gpu:NVIDIA GeForce RTX 4070 SUPER	PU:Z:FBG39641	DT:Z:2026-07-15T14:17:26.508000+00:00	tm:Z:adapter,primer rc
11692	00edad82-97a6-457a-8f7b-9110a07494a6	qs:f:25.8463	ch:i:386	st:Z:2026-07-15T15:50:26.975000+00:00	RG:Z:a40d6b40-d3ad-4fe7-8245-9c92f794f831_dna_r10.4.1_e8.2_400bps_sup@v5.2.0	DS:Z:gpu:NVIDIA GeForce RTX 4070 SUPER	PU:Z:FBG39641	DT:Z:2026-07-15T14:17:26.508000+00:00	tm:Z:adapter,primer
11692	f1a33444-53c5-40a9-9015-f3425bcf2ed5	qs:f:16.5454	ch:i:291	st:Z:2026-07-16T01:28:28.219000+00:00	RG:Z:a40d6b40-d3ad-4fe7-8245-9c92f794f831_dna_r10.4.1_e8.2_400bps_sup@v5.2.0	DS:Z:gpu:NVIDIA GeForce RTX 4070 SUPER	PU:Z:FBG39641	DT:Z:2026-07-15T14:17:26.508000+00:00	tm:Z:adapter,primer
11692	a30e6a91-7b5d-48a8-999e-e38fb6adf7b8	qs:f:18.5663	ch:i:377	st:Z:2026-07-15T15:48:43.833000+00:00	RG:Z:a40d6b40-d3ad-4fe7-8245-9c92f794f831_dna_r10.4.1_e8.2_400bps_sup@v5.2.0	DS:Z:gpu:NVIDIA GeForce RTX 4070 SUPER	PU:Z:FBG39641	DT:Z:2026-07-15T14:17:26.508000+00:00	tm:Z:none rc
11692	08359876-1d5b-4475-b358-53ca0c1905f7	qs:f:14.8568	ch:i:136	st:Z:2026-07-16T00:20:35.598000+00:00	RG:Z:a40d6b40-d3ad-4fe7-8245-9c92f794f831_dna_r10.4.1_e8.2_400bps_sup@v5.2.0	DS:Z:gpu:NVIDIA GeForce RTX 4070 SUPER	PU:Z:FBG39641	DT:Z:2026-07-15T14:17:26.508000+00:00	tm:Z:adapter,primer rc
11692	4fb842de-e7f1-464b-a6d7-66100f7ec7b2	qs:f:22.5791	ch:i:281	st:Z:2026-07-15T16:21:05.838000+00:00	RG:Z:a40d6b40-d3ad-4fe7-8245-9c92f794f831_dna_r10.4.1_e8.2_400bps_sup@v5.2.0	DS:Z:gpu:NVIDIA GeForce RTX 4070 SUPER	PU:Z:FBG39641	DT:Z:2026-07-15T14:17:26.508000+00:00	tm:Z:none rc
11692	26513505-4d7f-401f-b1e5-1b2bfbbf5ea3	qs:f:14.3923	ch:i:283	st:Z:2026-07-15T23:28:19.106000+00:00	RG:Z:a40d6b40-d3ad-4fe7-8245-9c92f794f831_dna_r10.4.1_e8.2_400bps_sup@v5.2.0	DS:Z:gpu:NVIDIA GeForce RTX 4070 SUPER	PU:Z:FBG39641	DT:Z:2026-07-15T14:17:26.508000+00:00	tm:Z:adapter,primer
11692	5c245521-f98d-4551-8de1-82f935a93032	qs:f:26.117	ch:i:71	st:Z:2026-07-15T23:43:16.818000+00:00	RG:Z:a40d6b40-d3ad-4fe7-8245-9c92f794f831_dna_r10.4.1_e8.2_400bps_sup@v5.2.0	DS:Z:gpu:NVIDIA GeForce RTX 4070 SUPER	PU:Z:FBG39641	DT:Z:2026-07-15T14:17:26.508000+00:00	tm:Z:adapter,primer
11692	c13681ca-1c21-4e87-94a1-98cdac5d0a2a	qs:f:26.0222	ch:i:204	st:Z:2026-07-15T18:57:57.066000+00:00	RG:Z:a40d6b40-d3ad-4fe7-8245-9c92f794f831_dna_r10.4.1_e8.2_400bps_sup@v5.2.0	DS:Z:gpu:NVIDIA GeForce RTX 4070 SUPER	PU:Z:FBG39641	DT:Z:2026-07-15T14:17:26.508000+00:00	tm:Z:adapter,primer rc
11692	f5e46391-a7fb-43f1-96cd-2a24dc53c6e6	qs:f:18.109	ch:i:155	st:Z:2026-07-15T15:52:40.333000+00:00	RG:Z:a40d6b40-d3ad-4fe7-8245-9c92f794f831_dna_r10.4.1_e8.2_400bps_sup@v5.2.0	DS:Z:gpu:NVIDIA GeForce RTX 4070 SUPER	PU:Z:FBG39641	DT:Z:2026-07-15T14:17:26.508000+00:00	tm:Z:adapter,primer rc
11692	07450174-00b4-4441-832d-0e50acd865ad	qs:f:21.2022	ch:i:414	st:Z:2026-07-15T20:44:18.598000+00:00	RG:Z:a40d6b40-d3ad-4fe7-8245-9c92f794f831_dna_r10.4.1_e8.2_400bps_sup@v5.2.0	DS:Z:gpu:NVIDIA GeForce RTX 4070 SUPER	PU:Z:FBG39641	DT:Z:2026-07-15T14:17:26.508000+00:00	tm:Z:adapter,primer
11692	84cd4871-f388-48b1-873b-d0f3010d2220	qs:f:14.662	ch:i:174	st:Z:2026-07-15T16:50:12.460000+00:00	RG:Z:a40d6b40-d3ad-4fe7-8245-9c92f794f831_dna_r10.4.1_e8.2_400bps_sup@v5.2.0	DS:Z:gpu:NVIDIA GeForce RTX 4070 SUPER	PU:Z:FBG39641	DT:Z:2026-07-15T14:17:26.508000+00:00	tm:Z:none
11692	1af2041e-3aea-4d6c-bab3-f19b2310ebf7	qs:f:21.4725	ch:i:261	st:Z:2026-07-15T19:39:25.463000+00:00	RG:Z:a40d6b40-d3ad-4fe7-8245-9c92f794f831_dna_r10.4.1_e8.2_400bps_sup@v5.2.0	DS:Z:gpu:NVIDIA GeForce RTX 4070 SUPER	PU:Z:FBG39641	DT:Z:2026-07-15T14:17:26.508000+00:00	tm:Z:adapter,primer
11692	808d0796-eb93-4d1b-91bc-abc75b11451b	qs:f:24.1095	ch:i:192	st:Z:2026-07-15T19:24:17.772000+00:00	RG:Z:a40d6b40-d3ad-4fe7-8245-9c92f794f831_dna_r10.4.1_e8.2_400bps_sup@v5.2.0	DS:Z:gpu:NVIDIA GeForce RTX 4070 SUPER	PU:Z:FBG39641	DT:Z:2026-07-15T14:17:26.508000+00:00	tm:Z:adapter,primer
11692	5ffa8705-a2c4-463a-a880-199d8cdcf8f2	qs:f:24.8026	ch:i:91	st:Z:2026-07-16T02:15:43.730000+00:00	RG:Z:a40d6b40-d3ad-4fe7-8245-9c92f794f831_dna_r10.4.1_e8.2_400bps_sup@v5.2.0	DS:Z:gpu:NVIDIA GeForce RTX 4070 SUPER	PU:Z:FBG39641	DT:Z:2026-07-15T14:17:26.508000+00:00	tm:Z:none rc
11692	61dd896a-d732-479f-a6ab-272a6f0f5827	qs:f:19.573	ch:i:40	st:Z:2026-07-15T18:10:08.318000+00:00	RG:Z:a40d6b40-d3ad-4fe7-8245-9c92f794f831_dna_r10.4.1_e8.2_400bps_sup@v5.2.0	DS:Z:gpu:NVIDIA GeForce RTX 4070 SUPER	PU:Z:FBG39641	DT:Z:2026-07-15T14:17:26.508000+00:00	tm:Z:adapter,primer
11692	44537abe-cc13-4de9-8bb6-ef39e925c893	qs:f:24.2354	ch:i:80	st:Z:2026-07-15T14:41:21.729000+00:00	RG:Z:a40d6b40-d3ad-4fe7-8245-9c92f794f831_dna_r10.4.1_e8.2_400bps_sup@v5.2.0	DS:Z:gpu:NVIDIA GeForce RTX 4070 SUPER	PU:Z:FBG39641	DT:Z:2026-07-15T14:17:26.508000+00:00	tm:Z:adapter,primer
11692	a23fa83b-29e8-4346-85a4-886394cf8357	qs:f:19.3758	ch:i:283	st:Z:2026-07-15T23:02:12.253000+00:00	RG:Z:a40d6b40-d3ad-4fe7-8245-9c92f794f831_dna_r10.4.1_e8.2_400bps_sup@v5.2.0	DS:Z:gpu:NVIDIA GeForce RTX 4070 SUPER	PU:Z:FBG39641	DT:Z:2026-07-15T14:17:26.508000+00:00	tm:Z:adapter,primer rc
11692	9d28a555-1cb7-41eb-b85b-1d83d80dca9f	qs:f:16.7368	ch:i:227	st:Z:2026-07-15T17:41:08.701000+00:00	RG:Z:a40d6b40-d3ad-4fe7-8245-9c92f794f831_dna_r10.4.1_e8.2_400bps_sup@v5.2.0	DS:Z:gpu:NVIDIA GeForce RTX 4070 SUPER	PU:Z:FBG39641	DT:Z:2026-07-15T14:17:26.508000+00:00	tm:Z:adapter,primer rc
11692	5a1a1365-c261-437c-9448-2eddb793a59b	qs:f:24.9135	ch:i:283	st:Z:2026-07-16T00:38:08.816000+00:00	RG:Z:a40d6b40-d3ad-4fe7-8245-9c92f794f831_dna_r10.4.1_e8.2_400bps_sup@v5.2.0	DS:Z:gpu:NVIDIA GeForce RTX 4070 SUPER	PU:Z:FBG39641	DT:Z:2026-07-15T14:17:26.508000+00:00	tm:Z:adapter,primer rc
11692	66ccc3ee-ef5c-4602-8777-7ebf17ef5dc4	qs:f:19.7327	ch:i:429	st:Z:2026-07-15T22:54:51.584000+00:00	RG:Z:a40d6b40-d3ad-4fe7-8245-9c92f794f831_dna_r10.4.1_e8.2_400bps_sup@v5.2.0	DS:Z:gpu:NVIDIA GeForce RTX 4070 SUPER	PU:Z:FBG39641	DT:Z:2026-07-15T14:17:26.508000+00:00	tm:Z:adapter,primer
11692	2f0d18a9-95c9-46ad-b26d-4b44d6592a84	qs:f:21.1321	ch:i:455	st:Z:2026-07-15T21:22:33.683000+00:00	RG:Z:a40d6b40-d3ad-4fe7-8245-9c92f794f831_dna_r10.4.1_e8.2_400bps_sup@v5.2.0	DS:Z:gpu:NVIDIA GeForce RTX 4070 SUPER	PU:Z:FBG39641	DT:Z:2026-07-15T14:17:26.508000+00:00	tm:Z:none rc
11692	9aa42be9-aa46-4528-b6d2-ded38122f904	qs:f:11.7128	ch:i:71	st:Z:2026-07-15T21:27:36.688000+00:00	RG:Z:a40d6b40-d3ad-4fe7-8245-9c92f794f831_dna_r10.4.1_e8.2_400bps_sup@v5.2.0	DS:Z:gpu:NVIDIA GeForce RTX 4070 SUPER	PU:Z:FBG39641	DT:Z:2026-07-15T14:17:26.508000+00:00	tm:Z:adapter,primer
11692	ee91ecdb-03cb-40b4-bc0f-4b6e74fd57f8	qs:f:19.9839	ch:i:424	st:Z:2026-07-16T00:54:57.906000+00:00	RG:Z:a40d6b40-d3ad-4fe7-8245-9c92f794f831_dna_r10.4.1_e8.2_400bps_sup@v5.2.0	DS:Z:gpu:NVIDIA GeForce RTX 4070 SUPER	PU:Z:FBG39641	DT:Z:2026-07-15T14:17:26.508000+00:00	tm:Z:adapter,primer
11692	ffdd7de3-2740-46c6-98c4-5e62ecd98ff8	qs:f:25.4151	ch:i:267	st:Z:2026-07-15T17:03:22.845000+00:00	RG:Z:a40d6b40-d3ad-4fe7-8245-9c92f794f831_dna_r10.4.1_e8.2_400bps_sup@v5.2.0	DS:Z:gpu:NVIDIA GeForce RTX 4070 SUPER	PU:Z:FBG39641	DT:Z:2026-07-15T14:17:26.508000+00:00	tm:Z:adapter,primer rc
11692	8eda2dca-8877-4f06-b319-d5653e2c1753	qs:f:27.6508	ch:i:241	st:Z:2026-07-15T16:04:56.137000+00:00	RG:Z:a40d6b40-d3ad-4fe7-8245-9c92f794f831_dna_r10.4.1_e8.2_400bps_sup@v5.2.0	DS:Z:gpu:NVIDIA GeForce RTX 4070 SUPER	PU:Z:FBG39641	DT:Z:2026-07-15T14:17:26.508000+00:00	tm:Z:adapter,primer
11692	2329ab63-67a6-4812-886b-110a75fa4632	qs:f:23.9716	ch:i:262	st:Z:2026-07-15T14:42:45.418000+00:00	RG:Z:a40d6b40-d3ad-4fe7-8245-9c92f794f831_dna_r10.4.1_e8.2_400bps_sup@v5.2.0	DS:Z:gpu:NVIDIA GeForce RTX 4070 SUPER	PU:Z:FBG39641	DT:Z:2026-07-15T14:17:26.508000+00:00	tm:Z:adapter,primer
304155	1d3fe584-fad9-4b29-8d7c-977e7f3ff6ee	qs:f:15.2167	ch:i:181	st:Z:2026-07-15T15:27:43.661000+00:00	RG:Z:a40d6b40-d3ad-4fe7-8245-9c92f794f831_dna_r10.4.1_e8.2_400bps_sup@v5.2.0	DS:Z:gpu:NVIDIA GeForce RTX 4070 SUPER	PU:Z:FBG39641	DT:Z:2026-07-15T14:17:26.508000+00:00	tm:Z:none rc
304155	3f8afac5-5fef-4fb4-8e5f-b3c3b6c6a05d	qs:f:9.91537	ch:i:452	st:Z:2026-07-15T16:29:46.522000+00:00	RG:Z:a40d6b40-d3ad-4fe7-8245-9c92f794f831_dna_r10.4.1_e8.2_400bps_sup@v5.2.0	DS:Z:gpu:NVIDIA GeForce RTX 4070 SUPER	PU:Z:FBG39641	DT:Z:2026-07-15T14:17:26.508000+00:00	tm:Z:adapter,primer
304155	73495497-23bc-48ea-8c44-99be4edbcd39	qs:f:17.004	ch:i:305	st:Z:2026-07-15T23:44:30.173000+00:00	RG:Z:a40d6b40-d3ad-4fe7-8245-9c92f794f831_dna_r10.4.1_e8.2_400bps_sup@v5.2.0	DS:Z:gpu:NVIDIA GeForce RTX 4070 SUPER	PU:Z:FBG39641	DT:Z:2026-07-15T14:17:26.508000+00:00	tm:Z:none
304155	16441dad-3ce3-4f05-87d7-8aecb1c99a04	qs:f:24.0929	ch:i:365	st:Z:2026-07-15T22:32:28.333000+00:00	RG:Z:a40d6b40-d3ad-4fe7-8245-9c92f794f831_dna_r10.4.1_e8.2_400bps_sup@v5.2.0	DS:Z:gpu:NVIDIA GeForce RTX 4070 SUPER	PU:Z:FBG39641	DT:Z:2026-07-15T14:17:26.508000+00:00	tm:Z:adapter,primer rc
304155	02018ca7-1361-41f7-b44a-1320d2b6d173	qs:f:14.4489	ch:i:328	st:Z:2026-07-15T19:16:11.604000+00:00	RG:Z:a40d6b40-d3ad-4fe7-8245-9c92f794f831_dna_r10.4.1_e8.2_400bps_sup@v5.2.0	DS:Z:gpu:NVIDIA GeForce RTX 4070 SUPER	PU:Z:FBG39641	DT:Z:2026-07-15T14:17:26.508000+00:00	tm:Z:adapter,primer rc
304155	ac7ff3f5-3afe-4bf8-9606-b1edd9335533	qs:f:19.827	ch:i:386	st:Z:2026-07-15T19:55:24.099000+00:00	RG:Z:a40d6b40-d3ad-4fe7-8245-9c92f794f831_dna_r10.4.1_e8.2_400bps_sup@v5.2.0	DS:Z:gpu:NVIDIA GeForce RTX 4070 SUPER	PU:Z:FBG39641	DT:Z:2026-07-15T14:17:26.508000+00:00	tm:Z:adapter,primer rc
304155	ec7c267c-201e-44a0-8da0-771988fa7c50	qs:f:21.9349	ch:i:115	st:Z:2026-07-15T15:41:04.632000+00:00	RG:Z:a40d6b40-d3ad-4fe7-8245-9c92f794f831_dna_r10.4.1_e8.2_400bps_sup@v5.2.0	DS:Z:gpu:NVIDIA GeForce RTX 4070 SUPER	PU:Z:FBG39641	DT:Z:2026-07-15T14:17:26.508000+00:00	tm:Z:adapter,primer
304155	cabb4127-937b-47f8-91ba-a5868162dc73	qs:f:20.87	ch:i:185	st:Z:2026-07-15T19:34:32.080000+00:00	RG:Z:a40d6b40-d3ad-4fe7-8245-9c92f794f831_dna_r10.4.1_e8.2_400bps_sup@v5.2.0	DS:Z:gpu:NVIDIA GeForce RTX 4070 SUPER	PU:Z:FBG39641	DT:Z:2026-07-15T14:17:26.508000+00:00	tm:Z:adapter,primer
304155	0aa18f04-72e7-4067-bba4-f514de98eaf8	qs:f:14.3808	ch:i:248	st:Z:2026-07-15T18:44:28.026000+00:00	RG:Z:a40d6b40-d3ad-4fe7-8245-9c92f794f831_dna_r10.4.1_e8.2_400bps_sup@v5.2.0	DS:Z:gpu:NVIDIA GeForce RTX 4070 SUPER	PU:Z:FBG39641	DT:Z:2026-07-15T14:17:26.508000+00:00	tm:Z:adapter,primer
304155	94734250-c06e-42f2-8d4f-fc7e9147aa40	qs:f:15.609	ch:i:222	st:Z:2026-07-15T15:53:04.189000+00:00	RG:Z:a40d6b40-d3ad-4fe7-8245-9c92f794f831_dna_r10.4.1_e8.2_400bps_sup@v5.2.0	DS:Z:gpu:NVIDIA GeForce RTX 4070 SUPER	PU:Z:FBG39641	DT:Z:2026-07-15T14:17:26.508000+00:00	tm:Z:adapter,primer rc
304155	c43bee37-7a67-4c38-ab6b-713330eabc9a	qs:f:15.3948	ch:i:134	st:Z:2026-07-15T14:38:09.527000+00:00	RG:Z:a40d6b40-d3ad-4fe7-8245-9c92f794f831_dna_r10.4.1_e8.2_400bps_sup@v5.2.0	DS:Z:gpu:NVIDIA GeForce RTX 4070 SUPER	PU:Z:FBG39641	DT:Z:2026-07-15T14:17:26.508000+00:00	tm:Z:adapter,primer rc
304155	e31d02af-26e7-4ca4-af21-1eac4b27e843	qs:f:21.8241	ch:i:329	st:Z:2026-07-15T14:39:11.538000+00:00	RG:Z:a40d6b40-d3ad-4fe7-8245-9c92f794f831_dna_r10.4.1_e8.2_400bps_sup@v5.2.0	DS:Z:gpu:NVIDIA GeForce RTX 4070 SUPER	PU:Z:FBG39641	DT:Z:2026-07-15T14:17:26.508000+00:00	tm:Z:adapter,primer rc
304155	35e270cf-59ce-4181-a4b8-e9888a16fc9a	qs:f:14.2968	ch:i:196	st:Z:2026-07-15T19:35:20.904000+00:00	RG:Z:a40d6b40-d3ad-4fe7-8245-9c92f794f831_dna_r10.4.1_e8.2_400bps_sup@v5.2.0	DS:Z:gpu:NVIDIA GeForce RTX 4070 SUPER	PU:Z:FBG39641	DT:Z:2026-07-15T14:17:26.508000+00:00	tm:Z:none
304155	71c43a3e-143e-4f6a-beba-edb8c4d22752	qs:f:15.3754	ch:i:316	st:Z:2026-07-15T21:51:41.163000+00:00	RG:Z:a40d6b40-d3ad-4fe7-8245-9c92f794f831_dna_r10.4.1_e8.2_400bps_sup@v5.2.0	DS:Z:gpu:NVIDIA GeForce RTX 4070 SUPER	PU:Z:FBG39641	DT:Z:2026-07-15T14:17:26.508000+00:00	tm:Z:none rc
304155	4d7261d8-acda-411f-b549-7040d6632cc1	qs:f:14.5016	ch:i:451	st:Z:2026-07-16T02:11:39.448000+00:00	RG:Z:a40d6b40-d3ad-4fe7-8245-9c92f794f831_dna_r10.4.1_e8.2_400bps_sup@v5.2.0	DS:Z:gpu:NVIDIA GeForce RTX 4070 SUPER	PU:Z:FBG39641	DT:Z:2026-07-15T14:17:26.508000+00:00	tm:Z:adapter,primer rc
304155	bd4b3086-ade2-467a-a404-1c9779d53ce1	qs:f:10.9489	ch:i:394	st:Z:2026-07-15T16:38:30.670000+00:00	RG:Z:a40d6b40-d3ad-4fe7-8245-9c92f794f831_dna_r10.4.1_e8.2_400bps_sup@v5.2.0	DS:Z:gpu:NVIDIA GeForce RTX 4070 SUPER	PU:Z:FBG39641	DT:Z:2026-07-15T14:17:26.508000+00:00	tm:Z:adapter,primer rc
304155	53efdf6e-d68b-48fa-a1fc-37b6773a3238	qs:f:14.2925	ch:i:31	st:Z:2026-07-15T18:56:10.389000+00:00	RG:Z:a40d6b40-d3ad-4fe7-8245-9c92f794f831_dna_r10.4.1_e8.2_400bps_sup@v5.2.0	DS:Z:gpu:NVIDIA GeForce RTX 4070 SUPER	PU:Z:FBG39641	DT:Z:2026-07-15T14:17:26.508000+00:00	tm:Z:adapter,primer
304155	d0612483-660c-4b1f-9e1b-27f6fa1dc1dc	qs:f:18.7399	ch:i:192	st:Z:2026-07-15T15:48:17.435000+00:00	RG:Z:a40d6b40-d3ad-4fe7-8245-9c92f794f831_dna_r10.4.1_e8.2_400bps_sup@v5.2.0	DS:Z:gpu:NVIDIA GeForce RTX 4070 SUPER	PU:Z:FBG39641	DT:Z:2026-07-15T14:17:26.508000+00:00	tm:Z:none rc
304155	7419aa06-11b8-475a-859c-7a5b678d7535	qs:f:16.4146	ch:i:45	st:Z:2026-07-15T17:48:33.272000+00:00	RG:Z:a40d6b40-d3ad-4fe7-8245-9c92f794f831_dna_r10.4.1_e8.2_400bps_sup@v5.2.0	DS:Z:gpu:NVIDIA GeForce RTX 4070 SUPER	PU:Z:FBG39641	DT:Z:2026-07-15T14:17:26.508000+00:00	tm:Z:adapter,primer
304155	71a12f1f-c13b-4512-a3fa-aa85c82bf687	qs:f:21.3654	ch:i:452	st:Z:2026-07-16T01:48:22.620000+00:00	RG:Z:a40d6b40-d3ad-4fe7-8245-9c92f794f831_dna_r10.4.1_e8.2_400bps_sup@v5.2.0	DS:Z:gpu:NVIDIA GeForce RTX 4070 SUPER	PU:Z:FBG39641	DT:Z:2026-07-15T14:17:26.508000+00:00	tm:Z:adapter,primer rc
304155	93ac08bc-de6b-4cb3-b2bf-90efb5e923eb	qs:f:13.6284	ch:i:438	st:Z:2026-07-15T20:29:33.002000+00:00	RG:Z:a40d6b40-d3ad-4fe7-8245-9c92f794f831_dna_r10.4.1_e8.2_400bps_sup@v5.2.0	DS:Z:gpu:NVIDIA GeForce RTX 4070 SUPER	PU:Z:FBG39641	DT:Z:2026-07-15T14:17:26.508000+00:00	tm:Z:adapter,primer rc
304155	bbc06ee5-7976-4200-9a48-81bac1bc2dfd	qs:f:13.9424	ch:i:249	st:Z:2026-07-15T15:38:48.839000+00:00	RG:Z:a40d6b40-d3ad-4fe7-8245-9c92f794f831_dna_r10.4.1_e8.2_400bps_sup@v5.2.0	DS:Z:gpu:NVIDIA GeForce RTX 4070 SUPER	PU:Z:FBG39641	DT:Z:2026-07-15T14:17:26.508000+00:00	tm:Z:adapter,primer rc
304155	db382f3d-8a6a-4c4e-b2e9-765e86e36967	qs:f:21.6154	ch:i:125	st:Z:2026-07-15T14:33:44.588000+00:00	RG:Z:a40d6b40-d3ad-4fe7-8245-9c92f794f831_dna_r10.4.1_e8.2_400bps_sup@v5.2.0	DS:Z:gpu:NVIDIA GeForce RTX 4070 SUPER	PU:Z:FBG39641	DT:Z:2026-07-15T14:17:26.508000+00:00	tm:Z:adapter,primer
304155	8a74bb9f-c372-4837-a80a-50ee99f0441b	qs:f:20.7225	ch:i:407	st:Z:2026-07-15T20:05:50.210000+00:00	RG:Z:a40d6b40-d3ad-4fe7-8245-9c92f794f831_dna_r10.4.1_e8.2_400bps_sup@v5.2.0	DS:Z:gpu:NVIDIA GeForce RTX 4070 SUPER	PU:Z:FBG39641	DT:Z:2026-07-15T14:17:26.508000+00:00	tm:Z:none rc
304155	72f2601f-20a3-4011-aaab-26cb08d4496d	qs:f:20.8045	ch:i:87	st:Z:2026-07-15T19:34:01.449000+00:00	RG:Z:a40d6b40-d3ad-4fe7-8245-9c92f794f831_dna_r10.4.1_e8.2_400bps_sup@v5.2.0	DS:Z:gpu:NVIDIA GeForce RTX 4070 SUPER	PU:Z:FBG39641	DT:Z:2026-07-15T14:17:26.508000+00:00	tm:Z:adapter,primer
304155	9279cffd-1658-4bd6-9366-ee619ef0bfdb	qs:f:18.1434	ch:i:123	st:Z:2026-07-15T19:21:19.388000+00:00	RG:Z:a40d6b40-d3ad-4fe7-8245-9c92f794f831_dna_r10.4.1_e8.2_400bps_sup@v5.2.0	DS:Z:gpu:NVIDIA GeForce RTX 4070 SUPER	PU:Z:FBG39641	DT:Z:2026-07-15T14:17:26.508000+00:00	tm:Z:adapter,primer
304155	ea398ba1-d191-4ba1-93bd-c1dcea87bc84	qs:f:20.5656	ch:i:255	st:Z:2026-07-15T23:04:37.701000+00:00	RG:Z:a40d6b40-d3ad-4fe7-8245-9c92f794f831_dna_r10.4.1_e8.2_400bps_sup@v5.2.0	DS:Z:gpu:NVIDIA GeForce RTX 4070 SUPER	PU:Z:FBG39641	DT:Z:2026-07-15T14:17:26.508000+00:00	tm:Z:none rc
304155	a9ba4395-47df-4660-a72c-13c45bd01d82	qs:f:18.0008	ch:i:363	st:Z:2026-07-15T17:46:28.854000+00:00	RG:Z:a40d6b40-d3ad-4fe7-8245-9c92f794f831_dna_r10.4.1_e8.2_400bps_sup@v5.2.0	DS:Z:gpu:NVIDIA GeForce RTX 4070 SUPER	PU:Z:FBG39641	DT:Z:2026-07-15T14:17:26.508000+00:00	tm:Z:adapter,primer
304155	03d13929-8cb1-48ef-a34d-9b1066efa5f7	qs:f:16.0907	ch:i:485	st:Z:2026-07-15T15:35:33.395000+00:00	RG:Z:a40d6b40-d3ad-4fe7-8245-9c92f794f831_dna_r10.4.1_e8.2_400bps_sup@v5.2.0	DS:Z:gpu:NVIDIA GeForce RTX 4070 SUPER	PU:Z:FBG39641	DT:Z:2026-07-15T14:17:26.508000+00:00	tm:Z:adapter,primer
304155	2d2ead40-f19e-4995-b9a2-17f7a1864a57	qs:f:13.7184	ch:i:208	st:Z:2026-07-15T17:42:49.898000+00:00	RG:Z:a40d6b40-d3ad-4fe7-8245-9c92f794f831_dna_r10.4.1_e8.2_400bps_sup@v5.2.0	DS:Z:gpu:NVIDIA GeForce RTX 4070 SUPER	PU:Z:FBG39641	DT:Z:2026-07-15T14:17:26.508000+00:00	tm:Z:adapter,primer rc
304155	885719c6-1c6b-48dd-8ab7-d91e4a03d192	qs:f:15.4719	ch:i:332	st:Z:2026-07-16T01:15:34.849000+00:00	RG:Z:a40d6b40-d3ad-4fe7-8245-9c92f794f831_dna_r10.4.1_e8.2_400bps_sup@v5.2.0	DS:Z:gpu:NVIDIA GeForce RTX 4070 SUPER	PU:Z:FBG39641	DT:Z:2026-07-15T14:17:26.508000+00:00	tm:Z:none
304155	bdb2c72c-9a04-47d0-bd77-d24a1a20dd77	qs:f:19.9851	ch:i:153	st:Z:2026-07-15T16:03:41.137000+00:00	RG:Z:a40d6b40-d3ad-4fe7-8245-9c92f794f831_dna_r10.4.1_e8.2_400bps_sup@v5.2.0	DS:Z:gpu:NVIDIA GeForce RTX 4070 SUPER	PU:Z:FBG39641	DT:Z:2026-07-15T14:17:26.508000+00:00	tm:Z:none rc
304155	25f28fdc-bf62-4f4b-962c-f1943c7eb7f4	qs:f:16.9002	ch:i:79	st:Z:2026-07-15T16:34:04.399000+00:00	RG:Z:a40d6b40-d3ad-4fe7-8245-9c92f794f831_dna_r10.4.1_e8.2_400bps_sup@v5.2.0	DS:Z:gpu:NVIDIA GeForce RTX 4070 SUPER	PU:Z:FBG39641	DT:Z:2026-07-15T14:17:26.508000+00:00	tm:Z:none
304155	84b69a46-debb-4582-bf1d-491092c7d690	qs:f:20.8973	ch:i:184	st:Z:2026-07-15T19:19:24.628000+00:00	RG:Z:a40d6b40-d3ad-4fe7-8245-9c92f794f831_dna_r10.4.1_e8.2_400bps_sup@v5.2.0	DS:Z:gpu:NVIDIA GeForce RTX 4070 SUPER	PU:Z:FBG39641	DT:Z:2026-07-15T14:17:26.508000+00:00	tm:Z:adapter,primer rc
304155	c2b5f8f8-394e-4ae0-8787-b62aa657a054	qs:f:14.8555	ch:i:457	st:Z:2026-07-16T00:03:43.262000+00:00	RG:Z:a40d6b40-d3ad-4fe7-8245-9c92f794f831_dna_r10.4.1_e8.2_400bps_sup@v5.2.0	DS:Z:gpu:NVIDIA GeForce RTX 4070 SUPER	PU:Z:FBG39641	DT:Z:2026-07-15T14:17:26.508000+00:00	tm:Z:adapter,primer
304155	33062a17-5790-4e3e-8623-b3063adf3dbe	qs:f:14.209	ch:i:387	st:Z:2026-07-15T17:05:35.820000+00:00	RG:Z:a40d6b40-d3ad-4fe7-8245-9c92f794f831_dna_r10.4.1_e8.2_400bps_sup@v5.2.0	DS:Z:gpu:NVIDIA GeForce RTX 4070 SUPER	PU:Z:FBG39641	DT:Z:2026-07-15T14:17:26.508000+00:00	tm:Z:adapter,primer rc
304155	d09043d5-afcb-41a5-beb5-80ba06ae8169	qs:f:18.2596	ch:i:335	st:Z:2026-07-15T16:14:30.365000+00:00	RG:Z:a40d6b40-d3ad-4fe7-8245-9c92f794f831_dna_r10.4.1_e8.2_400bps_sup@v5.2.0	DS:Z:gpu:NVIDIA GeForce RTX 4070 SUPER	PU:Z:FBG39641	DT:Z:2026-07-15T14:17:26.508000+00:00	tm:Z:adapter,primer
304155	e7d1712e-23d0-4a95-b87c-caff6b35ced5	qs:f:22.2698	ch:i:184	st:Z:2026-07-15T22:31:35.453000+00:00	RG:Z:a40d6b40-d3ad-4fe7-8245-9c92f794f831_dna_r10.4.1_e8.2_400bps_sup@v5.2.0	DS:Z:gpu:NVIDIA GeForce RTX 4070 SUPER	PU:Z:FBG39641	DT:Z:2026-07-15T14:17:26.508000+00:00	tm:Z:adapter,primer
304155	a7695ca4-c656-46e0-9897-6d381f0f21a1	qs:f:15.0154	ch:i:479	st:Z:2026-07-15T14:46:12.518000+00:00	RG:Z:a40d6b40-d3ad-4fe7-8245-9c92f794f831_dna_r10.4.1_e8.2_400bps_sup@v5.2.0	DS:Z:gpu:NVIDIA GeForce RTX 4070 SUPER	PU:Z:FBG39641	DT:Z:2026-07-15T14:17:26.508000+00:00	tm:Z:adapter,primer rc
304155	63fe67db-434e-4d5a-b317-ba4eb70d2ee4	qs:f:22.3597	ch:i:190	st:Z:2026-07-16T00:44:56.417000+00:00	RG:Z:a40d6b40-d3ad-4fe7-8245-9c92f794f831_dna_r10.4.1_e8.2_400bps_sup@v5.2.0	DS:Z:gpu:NVIDIA GeForce RTX 4070 SUPER	PU:Z:FBG39641	DT:Z:2026-07-15T14:17:26.508000+00:00	tm:Z:adapter,primer
304155	c9434a8d-716a-4a2a-9a93-b97171309c6a	qs:f:22.8876	ch:i:455	st:Z:2026-07-15T22:30:13.450000+00:00	RG:Z:a40d6b40-d3ad-4fe7-8245-9c92f794f831_dna_r10.4.1_e8.2_400bps_sup@v5.2.0	DS:Z:gpu:NVIDIA GeForce RTX 4070 SUPER	PU:Z:FBG39641	DT:Z:2026-07-15T14:17:26.508000+00:00	tm:Z:adapter,primer
304155	31d32bbf-f1bd-4865-96c9-c8650c79c81f	qs:f:20.0489	ch:i:222	st:Z:2026-07-15T19:48:32.795000+00:00	RG:Z:a40d6b40-d3ad-4fe7-8245-9c92f794f831_dna_r10.4.1_e8.2_400bps_sup@v5.2.0	DS:Z:gpu:NVIDIA GeForce RTX 4070 SUPER	PU:Z:FBG39641	DT:Z:2026-07-15T14:17:26.508000+00:00	tm:Z:none rc
304155	139b4b7f-1c38-4c96-9175-9c8ca355ed79	qs:f:18.4075	ch:i:112	st:Z:2026-07-15T16:54:30.584000+00:00	RG:Z:a40d6b40-d3ad-4fe7-8245-9c92f794f831_dna_r10.4.1_e8.2_400bps_sup@v5.2.0	DS:Z:gpu:NVIDIA GeForce RTX 4070 SUPER	PU:Z:FBG39641	DT:Z:2026-07-15T14:17:26.508000+00:00	tm:Z:none
304155	492c6f29-2be2-4c16-95eb-c79b88999151	qs:f:15.876	ch:i:130	st:Z:2026-07-16T01:13:35.919000+00:00	RG:Z:a40d6b40-d3ad-4fe7-8245-9c92f794f831_dna_r10.4.1_e8.2_400bps_sup@v5.2.0	DS:Z:gpu:NVIDIA GeForce RTX 4070 SUPER	PU:Z:FBG39641	DT:Z:2026-07-15T14:17:26.508000+00:00	tm:Z:adapter,primer rc
304155	379ffe53-6c8b-4fb3-a73e-290d19ed30c7	qs:f:21.8143	ch:i:227	st:Z:2026-07-15T16:10:26.909000+00:00	RG:Z:a40d6b40-d3ad-4fe7-8245-9c92f794f831_dna_r10.4.1_e8.2_400bps_sup@v5.2.0	DS:Z:gpu:NVIDIA GeForce RTX 4070 SUPER	PU:Z:FBG39641	DT:Z:2026-07-15T14:17:26.508000+00:00	tm:Z:adapter,primer
304155	1b43f7c9-7950-4c7a-ab80-5a3f54fa44b8	qs:f:13.2784	ch:i:229	st:Z:2026-07-15T19:42:35.669000+00:00	RG:Z:a40d6b40-d3ad-4fe7-8245-9c92f794f831_dna_r10.4.1_e8.2_400bps_sup@v5.2.0	DS:Z:gpu:NVIDIA GeForce RTX 4070 SUPER	PU:Z:FBG39641	DT:Z:2026-07-15T14:17:26.508000+00:00	tm:Z:none rc
304155	e736eb9e-7a93-41fd-b37b-45b39a76faa2	qs:f:20.1218	ch:i:275	st:Z:2026-07-15T23:29:37.037000+00:00	RG:Z:a40d6b40-d3ad-4fe7-8245-9c92f794f831_dna_r10.4.1_e8.2_400bps_sup@v5.2.0	DS:Z:gpu:NVIDIA GeForce RTX 4070 SUPER	PU:Z:FBG39641	DT:Z:2026-07-15T14:17:26.508000+00:00	tm:Z:adapter,primer
304155	ee789315-1b81-4a2e-a584-c03d0a88fd96	qs:f:19.4097	ch:i:33	st:Z:2026-07-15T23:13:47.400000+00:00	RG:Z:a40d6b40-d3ad-4fe7-8245-9c92f794f831_dna_r10.4.1_e8.2_400bps_sup@v5.2.0	DS:Z:gpu:NVIDIA GeForce RTX 4070 SUPER	PU:Z:FBG39641	DT:Z:2026-07-15T14:17:26.508000+00:00	tm:Z:adapter,primer rc
304155	ea36630f-e2c2-48e0-988f-d129e2e308a1	qs:f:16.0432	ch:i:378	st:Z:2026-07-15T17:12:48.152000+00:00	RG:Z:a40d6b40-d3ad-4fe7-8245-9c92f794f831_dna_r10.4.1_e8.2_400bps_sup@v5.2.0	DS:Z:gpu:NVIDIA GeForce RTX 4070 SUPER	PU:Z:FBG39641	DT:Z:2026-07-15T14:17:26.508000+00:00	tm:Z:adapter,primer
304155	76eea22a-dfea-48d0-9e42-3426163c7b32	qs:f:20.7412	ch:i:3	st:Z:2026-07-15T20:12:39.537000+00:00	RG:Z:a40d6b40-d3ad-4fe7-8245-9c92f794f831_dna_r10.4.1_e8.2_400bps_sup@v5.2.0	DS:Z:gpu:NVIDIA GeForce RTX 4070 SUPER	PU:Z:FBG39641	DT:Z:2026-07-15T14:17:26.508000+00:00	tm:Z:adapter,primer
304155	d02269e2-dc1b-482e-8ad3-a859f5b953f8	qs:f:19.7726	ch:i:386	st:Z:2026-07-15T22:32:20.300000+00:00	RG:Z:a40d6b40-d3ad-4fe7-8245-9c92f794f831_dna_r10.4.1_e8.2_400bps_sup@v5.2.0	DS:Z:gpu:NVIDIA GeForce RTX 4070 SUPER	PU:Z:FBG39641	DT:Z:2026-07-15T14:17:26.508000+00:00	tm:Z:adapter,primer rc
304155	5465f368-067a-4ccc-9232-7779440a5e86	qs:f:22.5042	ch:i:419	st:Z:2026-07-15T19:48:40.878000+00:00	RG:Z:a40d6b40-d3ad-4fe7-8245-9c92f794f831_dna_r10.4.1_e8.2_400bps_sup@v5.2.0	DS:Z:gpu:NVIDIA GeForce RTX 4070 SUPER	PU:Z:FBG39641	DT:Z:2026-07-15T14:17:26.508000+00:00	tm:Z:adapter,primer rc
304155	2d7025e8-fa50-4b0e-b0eb-f8817919cf8d	qs:f:17.2869	ch:i:267	st:Z:2026-07-15T23:12:04.303000+00:00	RG:Z:a40d6b40-d3ad-4fe7-8245-9c92f794f831_dna_r10.4.1_e8.2_400bps_sup@v5.2.0	DS:Z:gpu:NVIDIA GeForce RTX 4070 SUPER	PU:Z:FBG39641	DT:Z:2026-07-15T14:17:26.508000+00:00	tm:Z:adapter,primer rc
304155	b981d2fc-91f8-4e03-b039-9cb46bcc21fe	qs:f:19.3758	ch:i:18	st:Z:2026-07-15T22:41:46.646000+00:00	RG:Z:a40d6b40-d3ad-4fe7-8245-9c92f794f831_dna_r10.4.1_e8.2_400bps_sup@v5.2.0	DS:Z:gpu:NVIDIA GeForce RTX 4070 SUPER	PU:Z:FBG39641	DT:Z:2026-07-15T14:17:26.508000+00:00	tm:Z:adapter,primer rc
304155	a6958e2b-4ca5-441d-9066-0171a01f2d3d	qs:f:17.2334	ch:i:263	st:Z:2026-07-15T17:11:31.896000+00:00	RG:Z:a40d6b40-d3ad-4fe7-8245-9c92f794f831_dna_r10.4.1_e8.2_400bps_sup@v5.2.0	DS:Z:gpu:NVIDIA GeForce RTX 4070 SUPER	PU:Z:FBG39641	DT:Z:2026-07-15T14:17:26.508000+00:00	tm:Z:adapter,primer rc
304155	a2e0e410-607d-4a88-bec5-5e869b8aec8f	qs:f:22.288	ch:i:201	st:Z:2026-07-15T19:24:49.207000+00:00	RG:Z:a40d6b40-d3ad-4fe7-8245-9c92f794f831_dna_r10.4.1_e8.2_400bps_sup@v5.2.0	DS:Z:gpu:NVIDIA GeForce RTX 4070 SUPER	PU:Z:FBG39641	DT:Z:2026-07-15T14:17:26.508000+00:00	tm:Z:adapter,primer rc
304155	b031e9f6-3ee0-4c0a-b297-102898e9f4ad	qs:f:16.4314	ch:i:295	st:Z:2026-07-15T19:36:52.618000+00:00	RG:Z:a40d6b40-d3ad-4fe7-8245-9c92f794f831_dna_r10.4.1_e8.2_400bps_sup@v5.2.0	DS:Z:gpu:NVIDIA GeForce RTX 4070 SUPER	PU:Z:FBG39641	DT:Z:2026-07-15T14:17:26.508000+00:00	tm:Z:adapter,primer
304155	364e5480-8a1d-4065-b406-f81397b3261b	qs:f:22.2655	ch:i:341	st:Z:2026-07-15T14:45:13.826000+00:00	RG:Z:a40d6b40-d3ad-4fe7-8245-9c92f794f831_dna_r10.4.1_e8.2_400bps_sup@v5.2.0	DS:Z:gpu:NVIDIA GeForce RTX 4070 SUPER	PU:Z:FBG39641	DT:Z:2026-07-15T14:17:26.508000+00:00	tm:Z:adapter,primer
304155	9606b94c-548a-4b3d-b245-d20c6e58291c	qs:f:21.0284	ch:i:370	st:Z:2026-07-16T01:46:14.681000+00:00	RG:Z:a40d6b40-d3ad-4fe7-8245-9c92f794f831_dna_r10.4.1_e8.2_400bps_sup@v5.2.0	DS:Z:gpu:NVIDIA GeForce RTX 4070 SUPER	PU:Z:FBG39641	DT:Z:2026-07-15T14:17:26.508000+00:00	tm:Z:adapter,primer
304155	99edec90-63df-4d5a-9ed0-e841117ec7fd	qs:f:21.0032	ch:i:201	st:Z:2026-07-15T14:36:11.662000+00:00	RG:Z:a40d6b40-d3ad-4fe7-8245-9c92f794f831_dna_r10.4.1_e8.2_400bps_sup@v5.2.0	DS:Z:gpu:NVIDIA GeForce RTX 4070 SUPER	PU:Z:FBG39641	DT:Z:2026-07-15T14:17:26.508000+00:00	tm:Z:adapter,primer rc
304155	5e86dedf-7142-49de-8660-9887b13c7da7	qs:f:18.7554	ch:i:419	st:Z:2026-07-15T17:08:04.766000+00:00	RG:Z:a40d6b40-d3ad-4fe7-8245-9c92f794f831_dna_r10.4.1_e8.2_400bps_sup@v5.2.0	DS:Z:gpu:NVIDIA GeForce RTX 4070 SUPER	PU:Z:FBG39641	DT:Z:2026-07-15T14:17:26.508000+00:00	tm:Z:none
304155	6e683794-c76e-4cf9-a801-deafa6f421da	qs:f:25.1317	ch:i:252	st:Z:2026-07-15T21:20:15.530000+00:00	RG:Z:a40d6b40-d3ad-4fe7-8245-9c92f794f831_dna_r10.4.1_e8.2_400bps_sup@v5.2.0	DS:Z:gpu:NVIDIA GeForce RTX 4070 SUPER	PU:Z:FBG39641	DT:Z:2026-07-15T14:17:26.508000+00:00	tm:Z:adapter,primer rc
304155	859a5e08-b275-4dd2-b0a8-d242aa2ffdf5	qs:f:19.7083	ch:i:263	st:Z:2026-07-15T22:11:35.982000+00:00	RG:Z:a40d6b40-d3ad-4fe7-8245-9c92f794f831_dna_r10.4.1_e8.2_400bps_sup@v5.2.0	DS:Z:gpu:NVIDIA GeForce RTX 4070 SUPER	PU:Z:FBG39641	DT:Z:2026-07-15T14:17:26.508000+00:00	tm:Z:adapter,primer rc
304155	941bf531-7dde-4682-8c19-28f4eb2c9cf5	qs:f:18.3203	ch:i:195	st:Z:2026-07-15T16:06:31.172000+00:00	RG:Z:a40d6b40-d3ad-4fe7-8245-9c92f794f831_dna_r10.4.1_e8.2_400bps_sup@v5.2.0	DS:Z:gpu:NVIDIA GeForce RTX 4070 SUPER	PU:Z:FBG39641	DT:Z:2026-07-15T14:17:26.508000+00:00	tm:Z:adapter,primer rc
304155	1277c365-48fc-4082-b59c-5b957f0a016c	qs:f:13.7765	ch:i:263	st:Z:2026-07-15T17:00:23.093000+00:00	RG:Z:a40d6b40-d3ad-4fe7-8245-9c92f794f831_dna_r10.4.1_e8.2_400bps_sup@v5.2.0	DS:Z:gpu:NVIDIA GeForce RTX 4070 SUPER	PU:Z:FBG39641	DT:Z:2026-07-15T14:17:26.508000+00:00	tm:Z:adapter,primer
304155	85eb5044-5f64-48fc-89e9-e3dcef14a6e8	qs:f:19.3225	ch:i:281	st:Z:2026-07-15T21:12:16.181000+00:00	RG:Z:a40d6b40-d3ad-4fe7-8245-9c92f794f831_dna_r10.4.1_e8.2_400bps_sup@v5.2.0	DS:Z:gpu:NVIDIA GeForce RTX 4070 SUPER	PU:Z:FBG39641	DT:Z:2026-07-15T14:17:26.508000+00:00	tm:Z:adapter,primer rc
304155	daeb1289-62f9-42aa-bfed-a31b0f408485	qs:f:13.5116	ch:i:3	st:Z:2026-07-15T19:43:40.625000+00:00	RG:Z:a40d6b40-d3ad-4fe7-8245-9c92f794f831_dna_r10.4.1_e8.2_400bps_sup@v5.2.0	DS:Z:gpu:NVIDIA GeForce RTX 4070 SUPER	PU:Z:FBG39641	DT:Z:2026-07-15T14:17:26.508000+00:00	tm:Z:none
304155	689c9110-f408-456e-8331-bf8fe1ae8cbd	qs:f:18.6286	ch:i:471	st:Z:2026-07-15T17:59:29.854000+00:00	RG:Z:a40d6b40-d3ad-4fe7-8245-9c92f794f831_dna_r10.4.1_e8.2_400bps_sup@v5.2.0	DS:Z:gpu:NVIDIA GeForce RTX 4070 SUPER	PU:Z:FBG39641	DT:Z:2026-07-15T14:17:26.508000+00:00	tm:Z:adapter,primer rc
304155	653a2335-1d7b-404c-af06-f678007fcafb	qs:f:18.8182	ch:i:263	st:Z:2026-07-15T21:09:06.211000+00:00	RG:Z:a40d6b40-d3ad-4fe7-8245-9c92f794f831_dna_r10.4.1_e8.2_400bps_sup@v5.2.0	DS:Z:gpu:NVIDIA GeForce RTX 4070 SUPER	PU:Z:FBG39641	DT:Z:2026-07-15T14:17:26.508000+00:00	tm:Z:adapter,primer
304155	2d64699e-fbb6-4b30-911b-02cc6499fe28	qs:f:21.3152	ch:i:196	st:Z:2026-07-15T16:11:36.098000+00:00	RG:Z:a40d6b40-d3ad-4fe7-8245-9c92f794f831_dna_r10.4.1_e8.2_400bps_sup@v5.2.0	DS:Z:gpu:NVIDIA GeForce RTX 4070 SUPER	PU:Z:FBG39641	DT:Z:2026-07-15T14:17:26.508000+00:00	tm:Z:none rc
304155	7ad843da-eac3-4741-a590-97d61751af32	qs:f:21.0825	ch:i:145	st:Z:2026-07-16T02:11:19.767000+00:00	RG:Z:a40d6b40-d3ad-4fe7-8245-9c92f794f831_dna_r10.4.1_e8.2_400bps_sup@v5.2.0	DS:Z:gpu:NVIDIA GeForce RTX 4070 SUPER	PU:Z:FBG39641	DT:Z:2026-07-15T14:17:26.508000+00:00	tm:Z:adapter,primer rc
304155	4217f2aa-46f5-4395-bce5-e3e4f1b08035	qs:f:21.1821	ch:i:380	st:Z:2026-07-15T23:42:39.673000+00:00	RG:Z:a40d6b40-d3ad-4fe7-8245-9c92f794f831_dna_r10.4.1_e8.2_400bps_sup@v5.2.0	DS:Z:gpu:NVIDIA GeForce RTX 4070 SUPER	PU:Z:FBG39641	DT:Z:2026-07-15T14:17:26.508000+00:00	tm:Z:none
304155	679e19d4-5c36-4798-9242-3b3024d4cd65	qs:f:19.6977	ch:i:159	st:Z:2026-07-15T15:25:52.275000+00:00	RG:Z:a40d6b40-d3ad-4fe7-8245-9c92f794f831_dna_r10.4.1_e8.2_400bps_sup@v5.2.0	DS:Z:gpu:NVIDIA GeForce RTX 4070 SUPER	PU:Z:FBG39641	DT:Z:2026-07-15T14:17:26.508000+00:00	tm:Z:adapter,primer rc
304155	83bc391a-af0d-4cd9-97a6-999980c6f8f5	qs:f:17.3303	ch:i:1	st:Z:2026-07-15T18:17:36.525000+00:00	RG:Z:a40d6b40-d3ad-4fe7-8245-9c92f794f831_dna_r10.4.1_e8.2_400bps_sup@v5.2.0	DS:Z:gpu:NVIDIA GeForce RTX 4070 SUPER	PU:Z:FBG39641	DT:Z:2026-07-15T14:17:26.508000+00:00	tm:Z:adapter,primer rc
304155	11b2cfe2-6690-4f4e-a8b2-c78eacc74118	qs:f:22.03	ch:i:468	st:Z:2026-07-15T16:08:00.607000+00:00	RG:Z:a40d6b40-d3ad-4fe7-8245-9c92f794f831_dna_r10.4.1_e8.2_400bps_sup@v5.2.0	DS:Z:gpu:NVIDIA GeForce RTX 4070 SUPER	PU:Z:FBG39641	DT:Z:2026-07-15T14:17:26.508000+00:00	tm:Z:adapter,primer rc
304155	2e9e4676-10bc-4d91-b28a-3ba7305bdc12	qs:f:18.9689	ch:i:203	st:Z:2026-07-15T17:50:40.415000+00:00	RG:Z:a40d6b40-d3ad-4fe7-8245-9c92f794f831_dna_r10.4.1_e8.2_400bps_sup@v5.2.0	DS:Z:gpu:NVIDIA GeForce RTX 4070 SUPER	PU:Z:FBG39641	DT:Z:2026-07-15T14:17:26.508000+00:00	tm:Z:adapter,primer
304155	c978b7f0-3518-4519-b034-e956e52046e7	qs:f:12.5861	ch:i:402	st:Z:2026-07-15T23:53:59.694000+00:00	RG:Z:a40d6b40-d3ad-4fe7-8245-9c92f794f831_dna_r10.4.1_e8.2_400bps_sup@v5.2.0	DS:Z:gpu:NVIDIA GeForce RTX 4070 SUPER	PU:Z:FBG39641	DT:Z:2026-07-15T14:17:26.508000+00:00	tm:Z:adapter,primer
305611	cdbf9bf0-a1d2-4668-893e-dadf34300ffd	qs:f:15.7807	ch:i:224	st:Z:2026-07-16T00:06:07.227000+00:00	RG:Z:a40d6b40-d3ad-4fe7-8245-9c92f794f831_dna_r10.4.1_e8.2_400bps_sup@v5.2.0	DS:Z:gpu:NVIDIA GeForce RTX 4070 SUPER	PU:Z:FBG39641	DT:Z:2026-07-15T14:17:26.508000+00:00	tm:Z:adapter,primer
305611	94fc7d9a-dae3-4e6f-9998-83fdef5d5c0f	qs:f:22.7449	ch:i:324	st:Z:2026-07-15T16:30:35.131000+00:00	RG:Z:a40d6b40-d3ad-4fe7-8245-9c92f794f831_dna_r10.4.1_e8.2_400bps_sup@v5.2.0	DS:Z:gpu:NVIDIA GeForce RTX 4070 SUPER	PU:Z:FBG39641	DT:Z:2026-07-15T14:17:26.508000+00:00	tm:Z:adapter,primer
305611	7c96625c-eb0f-480c-a14c-d81e5596cd07	qs:f:18.6174	ch:i:126	st:Z:2026-07-15T17:25:49.021000+00:00	RG:Z:a40d6b40-d3ad-4fe7-8245-9c92f794f831_dna_r10.4.1_e8.2_400bps_sup@v5.2.0	DS:Z:gpu:NVIDIA GeForce RTX 4070 SUPER	PU:Z:FBG39641	DT:Z:2026-07-15T14:17:26.508000+00:00	tm:Z:adapter,primer rc
305611	890d7a41-d1a8-4302-8667-4acc3aaef83c	qs:f:15.4012	ch:i:174	st:Z:2026-07-15T23:17:12.427000+00:00	RG:Z:a40d6b40-d3ad-4fe7-8245-9c92f794f831_dna_r10.4.1_e8.2_400bps_sup@v5.2.0	DS:Z:gpu:NVIDIA GeForce RTX 4070 SUPER	PU:Z:FBG39641	DT:Z:2026-07-15T14:17:26.508000+00:00	tm:Z:adapter,primer
305611	b574f45c-78c5-46d2-8c10-9809fad740fe	qs:f:19.8341	ch:i:204	st:Z:2026-07-16T00:50:41.946000+00:00	RG:Z:a40d6b40-d3ad-4fe7-8245-9c92f794f831_dna_r10.4.1_e8.2_400bps_sup@v5.2.0	DS:Z:gpu:NVIDIA GeForce RTX 4070 SUPER	PU:Z:FBG39641	DT:Z:2026-07-15T14:17:26.508000+00:00	tm:Z:adapter,primer
305611	dca48675-76a0-4443-8b34-9d788e808caa	qs:f:18.1441	ch:i:203	st:Z:2026-07-15T14:49:07.801000+00:00	RG:Z:a40d6b40-d3ad-4fe7-8245-9c92f794f831_dna_r10.4.1_e8.2_400bps_sup@v5.2.0	DS:Z:gpu:NVIDIA GeForce RTX 4070 SUPER	PU:Z:FBG39641	DT:Z:2026-07-15T14:17:26.508000+00:00	tm:Z:adapter,primer
305611	42b757b5-a9f7-4da9-964c-6028d70e87ba	qs:f:20.3617	ch:i:204	st:Z:2026-07-15T22:14:36.470000+00:00	RG:Z:a40d6b40-d3ad-4fe7-8245-9c92f794f831_dna_r10.4.1_e8.2_400bps_sup@v5.2.0	DS:Z:gpu:NVIDIA GeForce RTX 4070 SUPER	PU:Z:FBG39641	DT:Z:2026-07-15T14:17:26.508000+00:00	tm:Z:adapter,primer rc
305611	6a0b9f99-7b1b-4536-9776-ab72bc7ec9de	qs:f:20.2913	ch:i:263	st:Z:2026-07-15T18:41:53.008000+00:00	RG:Z:a40d6b40-d3ad-4fe7-8245-9c92f794f831_dna_r10.4.1_e8.2_400bps_sup@v5.2.0	DS:Z:gpu:NVIDIA GeForce RTX 4070 SUPER	PU:Z:FBG39641	DT:Z:2026-07-15T14:17:26.508000+00:00	tm:Z:adapter,primer
305611	06c0b446-f4e3-4a97-b636-28c5b14710b4	qs:f:20.2009	ch:i:72	st:Z:2026-07-15T16:44:17.128000+00:00	RG:Z:a40d6b40-d3ad-4fe7-8245-9c92f794f831_dna_r10.4.1_e8.2_400bps_sup@v5.2.0	DS:Z:gpu:NVIDIA GeForce RTX 4070 SUPER	PU:Z:FBG39641	DT:Z:2026-07-15T14:17:26.508000+00:00	tm:Z:adapter,primer
305611	80a416c8-8a38-4598-9339-d6b74b830d39	qs:f:13.3731	ch:i:173	st:Z:2026-07-15T15:53:21.924000+00:00	RG:Z:a40d6b40-d3ad-4fe7-8245-9c92f794f831_dna_r10.4.1_e8.2_400bps_sup@v5.2.0	DS:Z:gpu:NVIDIA GeForce RTX 4070 SUPER	PU:Z:FBG39641	DT:Z:2026-07-15T14:17:26.508000+00:00	tm:Z:adapter,primer
305611	8ce7021a-d2cf-4135-b376-5b3515ecec1b	qs:f:20.9879	ch:i:336	st:Z:2026-07-15T14:45:35.799000+00:00	RG:Z:a40d6b40-d3ad-4fe7-8245-9c92f794f831_dna_r10.4.1_e8.2_400bps_sup@v5.2.0	DS:Z:gpu:NVIDIA GeForce RTX 4070 SUPER	PU:Z:FBG39641	DT:Z:2026-07-15T14:17:26.508000+00:00	tm:Z:none
305611	62797f3e-e9ae-4d9c-9784-c946afd743e9	qs:f:16.7522	ch:i:477	st:Z:2026-07-15T16:27:41.444000+00:00	RG:Z:a40d6b40-d3ad-4fe7-8245-9c92f794f831_dna_r10.4.1_e8.2_400bps_sup@v5.2.0	DS:Z:gpu:NVIDIA GeForce RTX 4070 SUPER	PU:Z:FBG39641	DT:Z:2026-07-15T14:17:26.508000+00:00	tm:Z:none
305611	4620d5d8-6eb3-4ad5-95d0-360c6240fe21	qs:f:20.0977	ch:i:316	st:Z:2026-07-16T01:50:22.185000+00:00	RG:Z:a40d6b40-d3ad-4fe7-8245-9c92f794f831_dna_r10.4.1_e8.2_400bps_sup@v5.2.0	DS:Z:gpu:NVIDIA GeForce RTX 4070 SUPER	PU:Z:FBG39641	DT:Z:2026-07-15T14:17:26.508000+00:00	tm:Z:none rc
305611	a5651d38-e1a6-4315-b819-718743d4eb26	qs:f:13.1304	ch:i:94	st:Z:2026-07-15T15:31:19.157000+00:00	RG:Z:a40d6b40-d3ad-4fe7-8245-9c92f794f831_dna_r10.4.1_e8.2_400bps_sup@v5.2.0	DS:Z:gpu:NVIDIA GeForce RTX 4070 SUPER	PU:Z:FBG39641	DT:Z:2026-07-15T14:17:26.508000+00:00	tm:Z:adapter,primer rc
305611	4d46d858-6d6f-4228-a9bf-0aa65d8b55a0	qs:f:20.5307	ch:i:381	st:Z:2026-07-15T17:21:18.447000+00:00	RG:Z:a40d6b40-d3ad-4fe7-8245-9c92f794f831_dna_r10.4.1_e8.2_400bps_sup@v5.2.0	DS:Z:gpu:NVIDIA GeForce RTX 4070 SUPER	PU:Z:FBG39641	DT:Z:2026-07-15T14:17:26.508000+00:00	tm:Z:none rc
305611	903dc773-960f-4be1-9753-fbbbca342e9c	qs:f:12.5961	ch:i:452	st:Z:2026-07-15T23:37:35.598000+00:00	RG:Z:a40d6b40-d3ad-4fe7-8245-9c92f794f831_dna_r10.4.1_e8.2_400bps_sup@v5.2.0	DS:Z:gpu:NVIDIA GeForce RTX 4070 SUPER	PU:Z:FBG39641	DT:Z:2026-07-15T14:17:26.508000+00:00	tm:Z:none
305611	0625ded2-6900-48b1-9984-7a871d2b2a7b	qs:f:20.3792	ch:i:424	st:Z:2026-07-15T15:48:02.597000+00:00	RG:Z:a40d6b40-d3ad-4fe7-8245-9c92f794f831_dna_r10.4.1_e8.2_400bps_sup@v5.2.0	DS:Z:gpu:NVIDIA GeForce RTX 4070 SUPER	PU:Z:FBG39641	DT:Z:2026-07-15T14:17:26.508000+00:00	tm:Z:adapter,primer
305611	1e34511c-3eef-46c5-8edb-bb3ee634d8f2	qs:f:20.2118	ch:i:133	st:Z:2026-07-15T22:11:19.044000+00:00	RG:Z:a40d6b40-d3ad-4fe7-8245-9c92f794f831_dna_r10.4.1_e8.2_400bps_sup@v5.2.0	DS:Z:gpu:NVIDIA GeForce RTX 4070 SUPER	PU:Z:FBG39641	DT:Z:2026-07-15T14:17:26.508000+00:00	tm:Z:none rc
305611	bf978e86-a31b-486f-9ee5-696966d061f1	qs:f:13.8766	ch:i:136	st:Z:2026-07-15T21:48:47.599000+00:00	RG:Z:a40d6b40-d3ad-4fe7-8245-9c92f794f831_dna_r10.4.1_e8.2_400bps_sup@v5.2.0	DS:Z:gpu:NVIDIA GeForce RTX 4070 SUPER	PU:Z:FBG39641	DT:Z:2026-07-15T14:17:26.508000+00:00	tm:Z:none rc
305611	29755a5b-c728-436d-a6f5-2fdf3c83a185	qs:f:16.7441	ch:i:252	st:Z:2026-07-15T18:25:19.433000+00:00	RG:Z:a40d6b40-d3ad-4fe7-8245-9c92f794f831_dna_r10.4.1_e8.2_400bps_sup@v5.2.0	DS:Z:gpu:NVIDIA GeForce RTX 4070 SUPER	PU:Z:FBG39641	DT:Z:2026-07-15T14:17:26.508000+00:00	tm:Z:adapter,primer
305611	d5a1c6d9-0f11-4f48-bfa6-62c5f45fbd4f	qs:f:15.0543	ch:i:106	st:Z:2026-07-15T18:59:15.259000+00:00	RG:Z:a40d6b40-d3ad-4fe7-8245-9c92f794f831_dna_r10.4.1_e8.2_400bps_sup@v5.2.0	DS:Z:gpu:NVIDIA GeForce RTX 4070 SUPER	PU:Z:FBG39641	DT:Z:2026-07-15T14:17:26.508000+00:00	tm:Z:adapter,primer
305611	1eb81f57-b2dc-46e6-a3f7-096f50b46d61	qs:f:18.2436	ch:i:473	st:Z:2026-07-15T18:31:49.189000+00:00	RG:Z:a40d6b40-d3ad-4fe7-8245-9c92f794f831_dna_r10.4.1_e8.2_400bps_sup@v5.2.0	DS:Z:gpu:NVIDIA GeForce RTX 4070 SUPER	PU:Z:FBG39641	DT:Z:2026-07-15T14:17:26.508000+00:00	tm:Z:none
305611	f10de0a0-c580-4ff7-8482-d018a1bf30fd	qs:f:17.412	ch:i:73	st:Z:2026-07-16T00:57:35.185000+00:00	RG:Z:a40d6b40-d3ad-4fe7-8245-9c92f794f831_dna_r10.4.1_e8.2_400bps_sup@v5.2.0	DS:Z:gpu:NVIDIA GeForce RTX 4070 SUPER	PU:Z:FBG39641	DT:Z:2026-07-15T14:17:26.508000+00:00	tm:Z:adapter,primer
305611	e767f6ca-44a5-4552-a042-98063affbce7	qs:f:19.7366	ch:i:375	st:Z:2026-07-15T15:04:58.455000+00:00	RG:Z:a40d6b40-d3ad-4fe7-8245-9c92f794f831_dna_r10.4.1_e8.2_400bps_sup@v5.2.0	DS:Z:gpu:NVIDIA GeForce RTX 4070 SUPER	PU:Z:FBG39641	DT:Z:2026-07-15T14:17:26.508000+00:00	tm:Z:adapter,primer rc
305611	2cf044fb-5083-4d22-b518-8371da693549	qs:f:16.3775	ch:i:406	st:Z:2026-07-15T19:20:55.151000+00:00	RG:Z:a40d6b40-d3ad-4fe7-8245-9c92f794f831_dna_r10.4.1_e8.2_400bps_sup@v5.2.0	DS:Z:gpu:NVIDIA GeForce RTX 4070 SUPER	PU:Z:FBG39641	DT:Z:2026-07-15T14:17:26.508000+00:00	tm:Z:adapter,primer rc
305611	4e64a84c-c167-42bf-97a0-a2d8271c9aa0	qs:f:19.0467	ch:i:345	st:Z:2026-07-15T17:53:57.713000+00:00	RG:Z:a40d6b40-d3ad-4fe7-8245-9c92f794f831_dna_r10.4.1_e8.2_400bps_sup@v5.2.0	DS:Z:gpu:NVIDIA GeForce RTX 4070 SUPER	PU:Z:FBG39641	DT:Z:2026-07-15T14:17:26.508000+00:00	tm:Z:none rc
305611	c3bd2513-17fc-4174-8dc8-82387dfa68a8	qs:f:18.8325	ch:i:474	st:Z:2026-07-16T00:03:51.504000+00:00	RG:Z:a40d6b40-d3ad-4fe7-8245-9c92f794f831_dna_r10.4.1_e8.2_400bps_sup@v5.2.0	DS:Z:gpu:NVIDIA GeForce RTX 4070 SUPER	PU:Z:FBG39641	DT:Z:2026-07-15T14:17:26.508000+00:00	tm:Z:adapter,primer
305611	fc215072-d534-4391-a055-7d6ab199abae	qs:f:21.6208	ch:i:59	st:Z:2026-07-15T17:08:30.223000+00:00	RG:Z:a40d6b40-d3ad-4fe7-8245-9c92f794f831_dna_r10.4.1_e8.2_400bps_sup@v5.2.0	DS:Z:gpu:NVIDIA GeForce RTX 4070 SUPER	PU:Z:FBG39641	DT:Z:2026-07-15T14:17:26.508000+00:00	tm:Z:adapter,primer rc
305611	1f0a0f44-50e2-45df-8fb2-478e1cd35e8b	qs:f:17.6433	ch:i:132	st:Z:2026-07-15T19:15:50.748000+00:00	RG:Z:a40d6b40-d3ad-4fe7-8245-9c92f794f831_dna_r10.4.1_e8.2_400bps_sup@v5.2.0	DS:Z:gpu:NVIDIA GeForce RTX 4070 SUPER	PU:Z:FBG39641	DT:Z:2026-07-15T14:17:26.508000+00:00	tm:Z:adapter,primer rc
305611	3efbda93-73cd-494d-b60b-a72d3263fd47	qs:f:14.3912	ch:i:107	st:Z:2026-07-16T01:02:52.444000+00:00	RG:Z:a40d6b40-d3ad-4fe7-8245-9c92f794f831_dna_r10.4.1_e8.2_400bps_sup@v5.2.0	DS:Z:gpu:NVIDIA GeForce RTX 4070 SUPER	PU:Z:FBG39641	DT:Z:2026-07-15T14:17:26.508000+00:00	tm:Z:adapter,primer rc
305611	8a133788-2675-44c1-8830-c742b907845c	qs:f:18.0888	ch:i:59	st:Z:2026-07-15T23:33:47.848000+00:00	RG:Z:a40d6b40-d3ad-4fe7-8245-9c92f794f831_dna_r10.4.1_e8.2_400bps_sup@v5.2.0	DS:Z:gpu:NVIDIA GeForce RTX 4070 SUPER	PU:Z:FBG39641	DT:Z:2026-07-15T14:17:26.508000+00:00	tm:Z:adapter,primer
305611	ee8f0134-630d-4078-879e-4b4ea6d1021d	qs:f:19.1249	ch:i:392	st:Z:2026-07-16T02:07:21.964000+00:00	RG:Z:a40d6b40-d3ad-4fe7-8245-9c92f794f831_dna_r10.4.1_e8.2_400bps_sup@v5.2.0	DS:Z:gpu:NVIDIA GeForce RTX 4070 SUPER	PU:Z:FBG39641	DT:Z:2026-07-15T14:17:26.508000+00:00	tm:Z:adapter,primer
305611	63c1ec43-d0c0-46db-b853-8797cbd0f04f	qs:f:21.7283	ch:i:7	st:Z:2026-07-16T01:07:00.291000+00:00	RG:Z:a40d6b40-d3ad-4fe7-8245-9c92f794f831_dna_r10.4.1_e8.2_400bps_sup@v5.2.0	DS:Z:gpu:NVIDIA GeForce RTX 4070 SUPER	PU:Z:FBG39641	DT:Z:2026-07-15T14:17:26.508000+00:00	tm:Z:none
305611	6be98608-743e-4407-9732-c1a579dc3c4e	qs:f:14.1408	ch:i:255	st:Z:2026-07-15T21:47:07.477000+00:00	RG:Z:a40d6b40-d3ad-4fe7-8245-9c92f794f831_dna_r10.4.1_e8.2_400bps_sup@v5.2.0	DS:Z:gpu:NVIDIA GeForce RTX 4070 SUPER	PU:Z:FBG39641	DT:Z:2026-07-15T14:17:26.508000+00:00	tm:Z:none
305611	9d03a0fa-dd2b-40cb-804f-c90cb24a1584	qs:f:14.6661	ch:i:255	st:Z:2026-07-15T15:07:02.104000+00:00	RG:Z:a40d6b40-d3ad-4fe7-8245-9c92f794f831_dna_r10.4.1_e8.2_400bps_sup@v5.2.0	DS:Z:gpu:NVIDIA GeForce RTX 4070 SUPER	PU:Z:FBG39641	DT:Z:2026-07-15T14:17:26.508000+00:00	tm:Z:none
305611	ba8ac027-9448-4a74-bda5-5130234e4f80	qs:f:16.7041	ch:i:329	st:Z:2026-07-15T14:39:20.716000+00:00	RG:Z:a40d6b40-d3ad-4fe7-8245-9c92f794f831_dna_r10.4.1_e8.2_400bps_sup@v5.2.0	DS:Z:gpu:NVIDIA GeForce RTX 4070 SUPER	PU:Z:FBG39641	DT:Z:2026-07-15T14:17:26.508000+00:00	tm:Z:adapter,primer
305611	52421cdc-1969-48d9-86c3-4db5d88672e4	qs:f:19.8087	ch:i:452	st:Z:2026-07-15T23:18:06.616000+00:00	RG:Z:a40d6b40-d3ad-4fe7-8245-9c92f794f831_dna_r10.4.1_e8.2_400bps_sup@v5.2.0	DS:Z:gpu:NVIDIA GeForce RTX 4070 SUPER	PU:Z:FBG39641	DT:Z:2026-07-15T14:17:26.508000+00:00	tm:Z:none rc
305611	25d243ad-4bb3-4daa-8868-d09479b967a5	qs:f:21.1209	ch:i:423	st:Z:2026-07-16T00:46:11.183000+00:00	RG:Z:a40d6b40-d3ad-4fe7-8245-9c92f794f831_dna_r10.4.1_e8.2_400bps_sup@v5.2.0	DS:Z:gpu:NVIDIA GeForce RTX 4070 SUPER	PU:Z:FBG39641	DT:Z:2026-07-15T14:17:26.508000+00:00	tm:Z:none rc
305611	01e68699-3efd-4fa0-a112-f042f8ce2b93	qs:f:19.6817	ch:i:388	st:Z:2026-07-15T19:34:11.186000+00:00	RG:Z:a40d6b40-d3ad-4fe7-8245-9c92f794f831_dna_r10.4.1_e8.2_400bps_sup@v5.2.0	DS:Z:gpu:NVIDIA GeForce RTX 4070 SUPER	PU:Z:FBG39641	DT:Z:2026-07-15T14:17:26.508000+00:00	tm:Z:adapter,primer
305611	3b6fd25a-1b30-4075-bc38-b2a122975a48	qs:f:21.7644	ch:i:382	st:Z:2026-07-15T17:41:39.570000+00:00	RG:Z:a40d6b40-d3ad-4fe7-8245-9c92f794f831_dna_r10.4.1_e8.2_400bps_sup@v5.2.0	DS:Z:gpu:NVIDIA GeForce RTX 4070 SUPER	PU:Z:FBG39641	DT:Z:2026-07-15T14:17:26.508000+00:00	tm:Z:adapter,primer rc
305611	3ed5e0d9-2d7e-4ca3-8d85-62d27effa113	qs:f:22.9399	ch:i:207	st:Z:2026-07-15T23:13:56.983000+00:00	RG:Z:a40d6b40-d3ad-4fe7-8245-9c92f794f831_dna_r10.4.1_e8.2_400bps_sup@v5.2.0	DS:Z:gpu:NVIDIA GeForce RTX 4070 SUPER	PU:Z:FBG39641	DT:Z:2026-07-15T14:17:26.508000+00:00	tm:Z:adapter,primer rc
305611	03b96635-2d5d-4eb7-9c27-3d00f92298c9	qs:f:14.7801	ch:i:154	st:Z:2026-07-15T19:50:22.927000+00:00	RG:Z:a40d6b40-d3ad-4fe7-8245-9c92f794f831_dna_r10.4.1_e8.2_400bps_sup@v5.2.0	DS:Z:gpu:NVIDIA GeForce RTX 4070 SUPER	PU:Z:FBG39641	DT:Z:2026-07-15T14:17:26.508000+00:00	tm:Z:adapter,primer rc
305611	6fb508a2-9886-489e-bf2f-12c043e21816	qs:f:14.6942	ch:i:221	st:Z:2026-07-16T01:14:03.427000+00:00	RG:Z:a40d6b40-d3ad-4fe7-8245-9c92f794f831_dna_r10.4.1_e8.2_400bps_sup@v5.2.0	DS:Z:gpu:NVIDIA GeForce RTX 4070 SUPER	PU:Z:FBG39641	DT:Z:2026-07-15T14:17:26.508000+00:00	tm:Z:adapter,primer
305611	7551846b-7c0c-4a45-a0da-5d5c33dbcc9f	qs:f:18.6571	ch:i:375	st:Z:2026-07-15T14:47:19.038000+00:00	RG:Z:a40d6b40-d3ad-4fe7-8245-9c92f794f831_dna_r10.4.1_e8.2_400bps_sup@v5.2.0	DS:Z:gpu:NVIDIA GeForce RTX 4070 SUPER	PU:Z:FBG39641	DT:Z:2026-07-15T14:17:26.508000+00:00	tm:Z:adapter,primer
305611	0a79fc9f-97e0-4766-931c-7a2051cb1407	qs:f:15.9085	ch:i:105	st:Z:2026-07-15T20:16:28.132000+00:00	RG:Z:a40d6b40-d3ad-4fe7-8245-9c92f794f831_dna_r10.4.1_e8.2_400bps_sup@v5.2.0	DS:Z:gpu:NVIDIA GeForce RTX 4070 SUPER	PU:Z:FBG39641	DT:Z:2026-07-15T14:17:26.508000+00:00	tm:Z:adapter,primer rc
305611	ad8cab6b-d3fa-4eb1-abb6-60e8cde05f4b	qs:f:23.0677	ch:i:192	st:Z:2026-07-15T19:38:17.203000+00:00	RG:Z:a40d6b40-d3ad-4fe7-8245-9c92f794f831_dna_r10.4.1_e8.2_400bps_sup@v5.2.0	DS:Z:gpu:NVIDIA GeForce RTX 4070 SUPER	PU:Z:FBG39641	DT:Z:2026-07-15T14:17:26.508000+00:00	tm:Z:adapter,primer rc
305611	b9221a9d-ee85-4d63-a67f-c6d449ee3ec9	qs:f:18.7147	ch:i:112	st:Z:2026-07-15T15:26:55.497000+00:00	RG:Z:a40d6b40-d3ad-4fe7-8245-9c92f794f831_dna_r10.4.1_e8.2_400bps_sup@v5.2.0	DS:Z:gpu:NVIDIA GeForce RTX 4070 SUPER	PU:Z:FBG39641	DT:Z:2026-07-15T14:17:26.508000+00:00	tm:Z:none
305611	8292320a-5802-451a-a52d-9a9598cea61c	qs:f:17.5786	ch:i:275	st:Z:2026-07-15T22:30:33.938000+00:00	RG:Z:a40d6b40-d3ad-4fe7-8245-9c92f794f831_dna_r10.4.1_e8.2_400bps_sup@v5.2.0	DS:Z:gpu:NVIDIA GeForce RTX 4070 SUPER	PU:Z:FBG39641	DT:Z:2026-07-15T14:17:26.508000+00:00	tm:Z:adapter,primer
305611	693ba4db-90c3-48d5-a43e-5b81e70af0df	qs:f:13.9108	ch:i:318	st:Z:2026-07-15T16:04:39.648000+00:00	RG:Z:a40d6b40-d3ad-4fe7-8245-9c92f794f831_dna_r10.4.1_e8.2_400bps_sup@v5.2.0	DS:Z:gpu:NVIDIA GeForce RTX 4070 SUPER	PU:Z:FBG39641	DT:Z:2026-07-15T14:17:26.508000+00:00	tm:Z:adapter,primer
305611	08cc9140-17f5-4884-8850-50031ea41026	qs:f:18.2117	ch:i:356	st:Z:2026-07-15T19:06:55.916000+00:00	RG:Z:a40d6b40-d3ad-4fe7-8245-9c92f794f831_dna_r10.4.1_e8.2_400bps_sup@v5.2.0	DS:Z:gpu:NVIDIA GeForce RTX 4070 SUPER	PU:Z:FBG39641	DT:Z:2026-07-15T14:17:26.508000+00:00	tm:Z:adapter,primer
305611	a8aede0e-43af-457a-aa76-45874a8d997d	qs:f:23.583	ch:i:465	st:Z:2026-07-15T19:07:51.804000+00:00	RG:Z:a40d6b40-d3ad-4fe7-8245-9c92f794f831_dna_r10.4.1_e8.2_400bps_sup@v5.2.0	DS:Z:gpu:NVIDIA GeForce RTX 4070 SUPER	PU:Z:FBG39641	DT:Z:2026-07-15T14:17:26.508000+00:00	tm:Z:adapter,primer
305611	e6fd71a0-25a1-4e65-a376-d696e1d3ded7	qs:f:18.6972	ch:i:378	st:Z:2026-07-15T22:17:58.142000+00:00	RG:Z:a40d6b40-d3ad-4fe7-8245-9c92f794f831_dna_r10.4.1_e8.2_400bps_sup@v5.2.0	DS:Z:gpu:NVIDIA GeForce RTX 4070 SUPER	PU:Z:FBG39641	DT:Z:2026-07-15T14:17:26.508000+00:00	tm:Z:adapter,primer
305611	535203dc-3371-4eb6-9e5b-458a9044f726	qs:f:16.861	ch:i:19	st:Z:2026-07-15T23:01:38.722000+00:00	RG:Z:a40d6b40-d3ad-4fe7-8245-9c92f794f831_dna_r10.4.1_e8.2_400bps_sup@v5.2.0	DS:Z:gpu:NVIDIA GeForce RTX 4070 SUPER	PU:Z:FBG39641	DT:Z:2026-07-15T14:17:26.508000+00:00	tm:Z:adapter,primer rc
305611	0968ce5a-fd94-43fd-b1b9-c4978816c4f6	qs:f:18.6134	ch:i:378	st:Z:2026-07-15T16:53:32.754000+00:00	RG:Z:a40d6b40-d3ad-4fe7-8245-9c92f794f831_dna_r10.4.1_e8.2_400bps_sup@v5.2.0	DS:Z:gpu:NVIDIA GeForce RTX 4070 SUPER	PU:Z:FBG39641	DT:Z:2026-07-15T14:17:26.508000+00:00	tm:Z:adapter,primer rc
305611	741c4de3-6cd9-43e1-9d0c-21af32575880	qs:f:13.1348	ch:i:91	st:Z:2026-07-15T15:45:22.560000+00:00	RG:Z:a40d6b40-d3ad-4fe7-8245-9c92f794f831_dna_r10.4.1_e8.2_400bps_sup@v5.2.0	DS:Z:gpu:NVIDIA GeForce RTX 4070 SUPER	PU:Z:FBG39641	DT:Z:2026-07-15T14:17:26.508000+00:00	tm:Z:adapter,primer rc
305611	e1db6be3-7282-4daa-81c1-6b083136aac0	qs:f:13.7262	ch:i:53	st:Z:2026-07-15T17:45:09.920000+00:00	RG:Z:a40d6b40-d3ad-4fe7-8245-9c92f794f831_dna_r10.4.1_e8.2_400bps_sup@v5.2.0	DS:Z:gpu:NVIDIA GeForce RTX 4070 SUPER	PU:Z:FBG39641	DT:Z:2026-07-15T14:17:26.508000+00:00	tm:Z:adapter,primer
305611	dc4080b4-b97a-4187-af95-6d0d5fb71a6e	qs:f:14.7525	ch:i:327	st:Z:2026-07-16T01:01:07.299000+00:00	RG:Z:a40d6b40-d3ad-4fe7-8245-9c92f794f831_dna_r10.4.1_e8.2_400bps_sup@v5.2.0	DS:Z:gpu:NVIDIA GeForce RTX 4070 SUPER	PU:Z:FBG39641	DT:Z:2026-07-15T14:17:26.508000+00:00	tm:Z:adapter,primer rc
305611	76351538-63bb-4306-82b9-e06230374c00	qs:f:16.7867	ch:i:409	st:Z:2026-07-15T23:14:52.205000+00:00	RG:Z:a40d6b40-d3ad-4fe7-8245-9c92f794f831_dna_r10.4.1_e8.2_400bps_sup@v5.2.0	DS:Z:gpu:NVIDIA GeForce RTX 4070 SUPER	PU:Z:FBG39641	DT:Z:2026-07-15T14:17:26.508000+00:00	tm:Z:adapter,primer rc
305611	936d836c-d09e-4105-b441-47c163386617	qs:f:17.2717	ch:i:129	st:Z:2026-07-15T15:18:29.647000+00:00	RG:Z:a40d6b40-d3ad-4fe7-8245-9c92f794f831_dna_r10.4.1_e8.2_400bps_sup@v5.2.0	DS:Z:gpu:NVIDIA GeForce RTX 4070 SUPER	PU:Z:FBG39641	DT:Z:2026-07-15T14:17:26.508000+00:00	tm:Z:none rc
305611	f8f645b1-75f6-49cf-aefa-9c69eb4cde36	qs:f:21.2696	ch:i:116	st:Z:2026-07-15T20:37:25.212000+00:00	RG:Z:a40d6b40-d3ad-4fe7-8245-9c92f794f831_dna_r10.4.1_e8.2_400bps_sup@v5.2.0	DS:Z:gpu:NVIDIA GeForce RTX 4070 SUPER	PU:Z:FBG39641	DT:Z:2026-07-15T14:17:26.508000+00:00	tm:Z:none
305611	43872fee-5ab7-4423-9d30-6e7ca76e87b6	qs:f:19.9121	ch:i:370	st:Z:2026-07-15T17:10:46.473000+00:00	RG:Z:a40d6b40-d3ad-4fe7-8245-9c92f794f831_dna_r10.4.1_e8.2_400bps_sup@v5.2.0	DS:Z:gpu:NVIDIA GeForce RTX 4070 SUPER	PU:Z:FBG39641	DT:Z:2026-07-15T14:17:26.508000+00:00	tm:Z:adapter,primer
305611	e8a96468-07a3-4bd8-9f99-45dbecc1ff92	qs:f:16.792	ch:i:357	st:Z:2026-07-15T19:52:56.880000+00:00	RG:Z:a40d6b40-d3ad-4fe7-8245-9c92f794f831_dna_r10.4.1_e8.2_400bps_sup@v5.2.0	DS:Z:gpu:NVIDIA GeForce RTX 4070 SUPER	PU:Z:FBG39641	DT:Z:2026-07-15T14:17:26.508000+00:00	tm:Z:adapter,primer rc
305611	951d0629-f0fc-4ef9-ae22-b4ee48fc69af	qs:f:13.9196	ch:i:77	st:Z:2026-07-15T21:14:03.128000+00:00	RG:Z:a40d6b40-d3ad-4fe7-8245-9c92f794f831_dna_r10.4.1_e8.2_400bps_sup@v5.2.0	DS:Z:gpu:NVIDIA GeForce RTX 4070 SUPER	PU:Z:FBG39641	DT:Z:2026-07-15T14:17:26.508000+00:00	tm:Z:adapter,primer rc
305611	1b2e16f1-851e-47d5-8818-585c2935bc11	qs:f:16.6204	ch:i:320	st:Z:2026-07-15T14:44:30.420000+00:00	RG:Z:a40d6b40-d3ad-4fe7-8245-9c92f794f831_dna_r10.4.1_e8.2_400bps_sup@v5.2.0	DS:Z:gpu:NVIDIA GeForce RTX 4070 SUPER	PU:Z:FBG39641	DT:Z:2026-07-15T14:17:26.508000+00:00	tm:Z:none
144944	0ce36768-2318-4abd-a049-d6625a5ac29b	qs:f:14.4402	ch:i:502	st:Z:2026-07-16T01:03:43.098000+00:00	RG:Z:a40d6b40-d3ad-4fe7-8245-9c92f794f831_dna_r10.4.1_e8.2_400bps_sup@v5.2.0	DS:Z:gpu:NVIDIA GeForce RTX 4070 SUPER	PU:Z:FBG39641	DT:Z:2026-07-15T14:17:26.508000+00:00	tm:Z:adapter,primer rc
144944	c2911101-5582-49df-9e85-a9ca328ec78b	qs:f:23.6329	ch:i:284	st:Z:2026-07-15T16:27:04.358000+00:00	RG:Z:a40d6b40-d3ad-4fe7-8245-9c92f794f831_dna_r10.4.1_e8.2_400bps_sup@v5.2.0	DS:Z:gpu:NVIDIA GeForce RTX 4070 SUPER	PU:Z:FBG39641	DT:Z:2026-07-15T14:17:26.508000+00:00	tm:Z:adapter,primer rc
144944	122f3568-2ffa-4e45-8ee1-f88bd02d6de9	qs:f:17.1548	ch:i:202	st:Z:2026-07-15T16:04:44.397000+00:00	RG:Z:a40d6b40-d3ad-4fe7-8245-9c92f794f831_dna_r10.4.1_e8.2_400bps_sup@v5.2.0	DS:Z:gpu:NVIDIA GeForce RTX 4070 SUPER	PU:Z:FBG39641	DT:Z:2026-07-15T14:17:26.508000+00:00	tm:Z:adapter,primer rc
144944	ec016426-1df7-4201-a0d1-45343d6adf97	qs:f:21.6796	ch:i:397	st:Z:2026-07-15T17:40:17.449000+00:00	RG:Z:a40d6b40-d3ad-4fe7-8245-9c92f794f831_dna_r10.4.1_e8.2_400bps_sup@v5.2.0	DS:Z:gpu:NVIDIA GeForce RTX 4070 SUPER	PU:Z:FBG39641	DT:Z:2026-07-15T14:17:26.508000+00:00	tm:Z:adapter,primer
144944	d7209fb6-454c-485e-a677-974e7520346a	qs:f:17.3626	ch:i:288	st:Z:2026-07-15T18:42:49.018000+00:00	RG:Z:a40d6b40-d3ad-4fe7-8245-9c92f794f831_dna_r10.4.1_e8.2_400bps_sup@v5.2.0	DS:Z:gpu:NVIDIA GeForce RTX 4070 SUPER	PU:Z:FBG39641	DT:Z:2026-07-15T14:17:26.508000+00:00	tm:Z:adapter,primer rc
144944	816086ce-d045-47fa-b335-8d045ae4ac7e	qs:f:25.2041	ch:i:374	st:Z:2026-07-15T15:46:20.530000+00:00	RG:Z:a40d6b40-d3ad-4fe7-8245-9c92f794f831_dna_r10.4.1_e8.2_400bps_sup@v5.2.0	DS:Z:gpu:NVIDIA GeForce RTX 4070 SUPER	PU:Z:FBG39641	DT:Z:2026-07-15T14:17:26.508000+00:00	tm:Z:adapter,primer
144944	67b581f6-c17b-4bbd-b2e5-cbdb782fecf0	qs:f:23.8287	ch:i:170	st:Z:2026-07-15T16:58:29.081000+00:00	RG:Z:a40d6b40-d3ad-4fe7-8245-9c92f794f831_dna_r10.4.1_e8.2_400bps_sup@v5.2.0	DS:Z:gpu:NVIDIA GeForce RTX 4070 SUPER	PU:Z:FBG39641	DT:Z:2026-07-15T14:17:26.508000+00:00	tm:Z:adapter,primer rc
144944	ecef0c7c-229f-4873-9340-ef25c0ff14ce	qs:f:27.5073	ch:i:451	st:Z:2026-07-15T19:57:24.263000+00:00	RG:Z:a40d6b40-d3ad-4fe7-8245-9c92f794f831_dna_r10.4.1_e8.2_400bps_sup@v5.2.0	DS:Z:gpu:NVIDIA GeForce RTX 4070 SUPER	PU:Z:FBG39641	DT:Z:2026-07-15T14:17:26.508000+00:00	tm:Z:adapter,primer
144944	4b85b2cc-7db4-49b8-8c27-bad1aae3e94e	qs:f:14.3688	ch:i:29	st:Z:2026-07-15T22:51:28.298000+00:00	RG:Z:a40d6b40-d3ad-4fe7-8245-9c92f794f831_dna_r10.4.1_e8.2_400bps_sup@v5.2.0	DS:Z:gpu:NVIDIA GeForce RTX 4070 SUPER	PU:Z:FBG39641	DT:Z:2026-07-15T14:17:26.508000+00:00	tm:Z:adapter,primer
144944	ad0e486f-feec-4e33-ab93-781117eef137	qs:f:29.4773	ch:i:204	st:Z:2026-07-15T17:47:00.967000+00:00	RG:Z:a40d6b40-d3ad-4fe7-8245-9c92f794f831_dna_r10.4.1_e8.2_400bps_sup@v5.2.0	DS:Z:gpu:NVIDIA GeForce RTX 4070 SUPER	PU:Z:FBG39641	DT:Z:2026-07-15T14:17:26.508000+00:00	tm:Z:adapter,primer rc
144944	20052d8f-f60f-4b7a-8a7d-5114f15ff19c	qs:f:31.447	ch:i:155	st:Z:2026-07-15T21:20:42.199000+00:00	RG:Z:a40d6b40-d3ad-4fe7-8245-9c92f794f831_dna_r10.4.1_e8.2_400bps_sup@v5.2.0	DS:Z:gpu:NVIDIA GeForce RTX 4070 SUPER	PU:Z:FBG39641	DT:Z:2026-07-15T14:17:26.508000+00:00	tm:Z:adapter,primer
144944	46175206-f258-4d15-8187-698ec0401f12	qs:f:27.4268	ch:i:192	st:Z:2026-07-15T14:40:51.324000+00:00	RG:Z:a40d6b40-d3ad-4fe7-8245-9c92f794f831_dna_r10.4.1_e8.2_400bps_sup@v5.2.0	DS:Z:gpu:NVIDIA GeForce RTX 4070 SUPER	PU:Z:FBG39641	DT:Z:2026-07-15T14:17:26.508000+00:00	tm:Z:adapter,primer rc
144944	77f3c4b5-ab2a-499d-a297-f0f4a460d26e	qs:f:32.3487	ch:i:63	st:Z:2026-07-15T14:47:40.905000+00:00	RG:Z:a40d6b40-d3ad-4fe7-8245-9c92f794f831_dna_r10.4.1_e8.2_400bps_sup@v5.2.0	DS:Z:gpu:NVIDIA GeForce RTX 4070 SUPER	PU:Z:FBG39641	DT:Z:2026-07-15T14:17:26.508000+00:00	tm:Z:adapter,primer
144944	b0ceef84-fd47-4ac7-aa44-f5cb0dbdb2f9	qs:f:16.6028	ch:i:413	st:Z:2026-07-15T15:49:45.440000+00:00	RG:Z:a40d6b40-d3ad-4fe7-8245-9c92f794f831_dna_r10.4.1_e8.2_400bps_sup@v5.2.0	DS:Z:gpu:NVIDIA GeForce RTX 4070 SUPER	PU:Z:FBG39641	DT:Z:2026-07-15T14:17:26.508000+00:00	tm:Z:adapter,primer
144944	aa82e6df-8986-4859-8466-2f8c01cb6698	qs:f:26.6557	ch:i:414	st:Z:2026-07-15T20:34:15.064000+00:00	RG:Z:a40d6b40-d3ad-4fe7-8245-9c92f794f831_dna_r10.4.1_e8.2_400bps_sup@v5.2.0	DS:Z:gpu:NVIDIA GeForce RTX 4070 SUPER	PU:Z:FBG39641	DT:Z:2026-07-15T14:17:26.508000+00:00	tm:Z:adapter,primer
144944	b9f02d1b-6f35-4c30-92c0-1b064d921ebf	qs:f:15.0725	ch:i:180	st:Z:2026-07-15T21:31:44.846000+00:00	RG:Z:a40d6b40-d3ad-4fe7-8245-9c92f794f831_dna_r10.4.1_e8.2_400bps_sup@v5.2.0	DS:Z:gpu:NVIDIA GeForce RTX 4070 SUPER	PU:Z:FBG39641	DT:Z:2026-07-15T14:17:26.508000+00:00	tm:Z:none rc
144944	d83009ba-0210-4d6e-adc8-6532ca7ddece	qs:f:30.6438	ch:i:449	st:Z:2026-07-16T00:18:07.103000+00:00	RG:Z:a40d6b40-d3ad-4fe7-8245-9c92f794f831_dna_r10.4.1_e8.2_400bps_sup@v5.2.0	DS:Z:gpu:NVIDIA GeForce RTX 4070 SUPER	PU:Z:FBG39641	DT:Z:2026-07-15T14:17:26.508000+00:00	tm:Z:none rc
144944	da41b742-5057-4f3f-92ec-6f68c0fdd90b	qs:f:21.1362	ch:i:275	st:Z:2026-07-15T15:15:48.344000+00:00	RG:Z:a40d6b40-d3ad-4fe7-8245-9c92f794f831_dna_r10.4.1_e8.2_400bps_sup@v5.2.0	DS:Z:gpu:NVIDIA GeForce RTX 4070 SUPER	PU:Z:FBG39641	DT:Z:2026-07-15T14:17:26.508000+00:00	tm:Z:adapter,primer rc
144944	3f6b4578-dc67-4ea3-a3fc-5c37bf08d353	qs:f:22.8441	ch:i:408	st:Z:2026-07-15T23:55:02.573000+00:00	RG:Z:a40d6b40-d3ad-4fe7-8245-9c92f794f831_dna_r10.4.1_e8.2_400bps_sup@v5.2.0	DS:Z:gpu:NVIDIA GeForce RTX 4070 SUPER	PU:Z:FBG39641	DT:Z:2026-07-15T14:17:26.508000+00:00	tm:Z:none rc
144944	139ac87d-4e87-4c8c-ab48-4f8cd466c716	qs:f:23.4842	ch:i:465	st:Z:2026-07-15T15:01:21.289000+00:00	RG:Z:a40d6b40-d3ad-4fe7-8245-9c92f794f831_dna_r10.4.1_e8.2_400bps_sup@v5.2.0	DS:Z:gpu:NVIDIA GeForce RTX 4070 SUPER	PU:Z:FBG39641	DT:Z:2026-07-15T14:17:26.508000+00:00	tm:Z:adapter,primer
144944	09f60359-cd87-4342-9cf4-862c93ab871f	qs:f:16.2895	ch:i:66	st:Z:2026-07-15T17:08:13.815000+00:00	RG:Z:a40d6b40-d3ad-4fe7-8245-9c92f794f831_dna_r10.4.1_e8.2_400bps_sup@v5.2.0	DS:Z:gpu:NVIDIA GeForce RTX 4070 SUPER	PU:Z:FBG39641	DT:Z:2026-07-15T14:17:26.508000+00:00	tm:Z:adapter,primer rc
144944	9a8f835b-5efc-4e63-9cca-1c3ca3f5a6f3	qs:f:15.1565	ch:i:91	st:Z:2026-07-15T19:31:01.478000+00:00	RG:Z:a40d6b40-d3ad-4fe7-8245-9c92f794f831_dna_r10.4.1_e8.2_400bps_sup@v5.2.0	DS:Z:gpu:NVIDIA GeForce RTX 4070 SUPER	PU:Z:FBG39641	DT:Z:2026-07-15T14:17:26.508000+00:00	tm:Z:adapter,primer
144944	6629b712-39bc-4bda-a6a9-a4038cb6c6c8	qs:f:21.3035	ch:i:19	st:Z:2026-07-16T00:56:19.479000+00:00	RG:Z:a40d6b40-d3ad-4fe7-8245-9c92f794f831_dna_r10.4.1_e8.2_400bps_sup@v5.2.0	DS:Z:gpu:NVIDIA GeForce RTX 4070 SUPER	PU:Z:FBG39641	DT:Z:2026-07-15T14:17:26.508000+00:00	tm:Z:none
144944	b9ad491d-71f7-4661-96bd-9b9edf6775d5	qs:f:19.7948	ch:i:346	st:Z:2026-07-15T18:24:46.857000+00:00	RG:Z:a40d6b40-d3ad-4fe7-8245-9c92f794f831_dna_r10.4.1_e8.2_400bps_sup@v5.2.0	DS:Z:gpu:NVIDIA GeForce RTX 4070 SUPER	PU:Z:FBG39641	DT:Z:2026-07-15T14:17:26.508000+00:00	tm:Z:adapter,primer
144944	c1bc1098-a98e-4d96-999e-68f5fd65f47a	qs:f:22.4442	ch:i:495	st:Z:2026-07-15T16:10:00.994000+00:00	RG:Z:a40d6b40-d3ad-4fe7-8245-9c92f794f831_dna_r10.4.1_e8.2_400bps_sup@v5.2.0	DS:Z:gpu:NVIDIA GeForce RTX 4070 SUPER	PU:Z:FBG39641	DT:Z:2026-07-15T14:17:26.508000+00:00	tm:Z:adapter,primer
144944	8e1814d5-aa60-49ea-8d21-552373fdddb2	qs:f:27.4625	ch:i:28	st:Z:2026-07-15T15:14:08.286000+00:00	RG:Z:a40d6b40-d3ad-4fe7-8245-9c92f794f831_dna_r10.4.1_e8.2_400bps_sup@v5.2.0	DS:Z:gpu:NVIDIA GeForce RTX 4070 SUPER	PU:Z:FBG39641	DT:Z:2026-07-15T14:17:26.508000+00:00	tm:Z:none rc
144944	80c10314-cc24-4e39-8423-2304ba1f149a	qs:f:24.141	ch:i:475	st:Z:2026-07-15T21:01:28.141000+00:00	RG:Z:a40d6b40-d3ad-4fe7-8245-9c92f794f831_dna_r10.4.1_e8.2_400bps_sup@v5.2.0	DS:Z:gpu:NVIDIA GeForce RTX 4070 SUPER	PU:Z:FBG39641	DT:Z:2026-07-15T14:17:26.508000+00:00	tm:Z:adapter,primer rc
144944	25b2c5e0-cb59-4390-b2d8-57c763ea6da1	qs:f:15.7301	ch:i:31	st:Z:2026-07-15T16:52:34.983000+00:00	RG:Z:a40d6b40-d3ad-4fe7-8245-9c92f794f831_dna_r10.4.1_e8.2_400bps_sup@v5.2.0	DS:Z:gpu:NVIDIA GeForce RTX 4070 SUPER	PU:Z:FBG39641	DT:Z:2026-07-15T14:17:26.508000+00:00	tm:Z:none
144944	f830b2a7-5bd2-4788-972a-b5bd07e86fdb	qs:f:18.3344	ch:i:261	st:Z:2026-07-15T23:49:02.566000+00:00	RG:Z:a40d6b40-d3ad-4fe7-8245-9c92f794f831_dna_r10.4.1_e8.2_400bps_sup@v5.2.0	DS:Z:gpu:NVIDIA GeForce RTX 4070 SUPER	PU:Z:FBG39641	DT:Z:2026-07-15T14:17:26.508000+00:00	tm:Z:none
144944	0e7cbc3d-dabc-48c8-a8a8-bf57ff69eb0c	qs:f:25.795	ch:i:220	st:Z:2026-07-15T15:27:24.864000+00:00	RG:Z:a40d6b40-d3ad-4fe7-8245-9c92f794f831_dna_r10.4.1_e8.2_400bps_sup@v5.2.0	DS:Z:gpu:NVIDIA GeForce RTX 4070 SUPER	PU:Z:FBG39641	DT:Z:2026-07-15T14:17:26.508000+00:00	tm:Z:none rc
144944	2885b6f2-801c-48dc-8b36-bc183787a8b7	qs:f:15.951	ch:i:308	st:Z:2026-07-15T22:33:26.332000+00:00	RG:Z:a40d6b40-d3ad-4fe7-8245-9c92f794f831_dna_r10.4.1_e8.2_400bps_sup@v5.2.0	DS:Z:gpu:NVIDIA GeForce RTX 4070 SUPER	PU:Z:FBG39641	DT:Z:2026-07-15T14:17:26.508000+00:00	tm:Z:adapter,primer rc
144944	f0a6566a-94c3-4db3-9ad2-97b350d79255	qs:f:21.311	ch:i:63	st:Z:2026-07-15T15:38:10.809000+00:00	RG:Z:a40d6b40-d3ad-4fe7-8245-9c92f794f831_dna_r10.4.1_e8.2_400bps_sup@v5.2.0	DS:Z:gpu:NVIDIA GeForce RTX 4070 SUPER	PU:Z:FBG39641	DT:Z:2026-07-15T14:17:26.508000+00:00	tm:Z:none
144944	c1038987-54ba-4616-a183-bd46cec266e2	qs:f:15.9643	ch:i:391	st:Z:2026-07-15T23:30:10.482000+00:00	RG:Z:a40d6b40-d3ad-4fe7-8245-9c92f794f831_dna_r10.4.1_e8.2_400bps_sup@v5.2.0	DS:Z:gpu:NVIDIA GeForce RTX 4070 SUPER	PU:Z:FBG39641	DT:Z:2026-07-15T14:17:26.508000+00:00	tm:Z:none rc
144944	1829badb-5c42-4f71-afd5-5aa04dc7beaa	qs:f:20.3636	ch:i:218	st:Z:2026-07-15T20:23:55.075000+00:00	RG:Z:a40d6b40-d3ad-4fe7-8245-9c92f794f831_dna_r10.4.1_e8.2_400bps_sup@v5.2.0	DS:Z:gpu:NVIDIA GeForce RTX 4070 SUPER	PU:Z:FBG39641	DT:Z:2026-07-15T14:17:26.508000+00:00	tm:Z:adapter,primer
144944	d613c4ad-04c1-4032-8fed-e5f0e3c80c9c	qs:f:20.2655	ch:i:427	st:Z:2026-07-15T20:06:07.221000+00:00	RG:Z:a40d6b40-d3ad-4fe7-8245-9c92f794f831_dna_r10.4.1_e8.2_400bps_sup@v5.2.0	DS:Z:gpu:NVIDIA GeForce RTX 4070 SUPER	PU:Z:FBG39641	DT:Z:2026-07-15T14:17:26.508000+00:00	tm:Z:none
144944	6ddf9841-17a7-418d-9d77-2e78ce6644f0	qs:f:17.6767	ch:i:207	st:Z:2026-07-16T01:29:07.063000+00:00	RG:Z:a40d6b40-d3ad-4fe7-8245-9c92f794f831_dna_r10.4.1_e8.2_400bps_sup@v5.2.0	DS:Z:gpu:NVIDIA GeForce RTX 4070 SUPER	PU:Z:FBG39641	DT:Z:2026-07-15T14:17:26.508000+00:00	tm:Z:adapter,primer rc
144944	7ffa3134-e3f7-4967-b98c-b4f13a6a6952	qs:f:16.3087	ch:i:48	st:Z:2026-07-15T20:03:02.612000+00:00	RG:Z:a40d6b40-d3ad-4fe7-8245-9c92f794f831_dna_r10.4.1_e8.2_400bps_sup@v5.2.0	DS:Z:gpu:NVIDIA GeForce RTX 4070 SUPER	PU:Z:FBG39641	DT:Z:2026-07-15T14:17:26.508000+00:00	tm:Z:adapter,primer rc
144944	a1478f39-5c20-4ff1-a3e8-c5f369ad27eb	qs:f:18.3226	ch:i:237	st:Z:2026-07-15T16:48:47.919000+00:00	RG:Z:a40d6b40-d3ad-4fe7-8245-9c92f794f831_dna_r10.4.1_e8.2_400bps_sup@v5.2.0	DS:Z:gpu:NVIDIA GeForce RTX 4070 SUPER	PU:Z:FBG39641	DT:Z:2026-07-15T14:17:26.508000+00:00	tm:Z:adapter,primer rc
144944	0db6f425-a6e4-4329-abaa-cd2e290fdc54	qs:f:15.4705	ch:i:359	st:Z:2026-07-15T17:49:08.590000+00:00	RG:Z:a40d6b40-d3ad-4fe7-8245-9c92f794f831_dna_r10.4.1_e8.2_400bps_sup@v5.2.0	DS:Z:gpu:NVIDIA GeForce RTX 4070 SUPER	PU:Z:FBG39641	DT:Z:2026-07-15T14:17:26.508000+00:00	tm:Z:adapter,primer
144944	8b6d8089-b4df-4561-b576-929a634de12c	qs:f:15.5824	ch:i:290	st:Z:2026-07-15T20:51:10.780000+00:00	RG:Z:a40d6b40-d3ad-4fe7-8245-9c92f794f831_dna_r10.4.1_e8.2_400bps_sup@v5.2.0	DS:Z:gpu:NVIDIA GeForce RTX 4070 SUPER	PU:Z:FBG39641	DT:Z:2026-07-15T14:17:26.508000+00:00	tm:Z:none
144944	2db72174-0abc-4ac7-9913-79a5f2944f0e	qs:f:19.5895	ch:i:185	st:Z:2026-07-15T18:49:57.663000+00:00	RG:Z:a40d6b40-d3ad-4fe7-8245-9c92f794f831_dna_r10.4.1_e8.2_400bps_sup@v5.2.0	DS:Z:gpu:NVIDIA GeForce RTX 4070 SUPER	PU:Z:FBG39641	DT:Z:2026-07-15T14:17:26.508000+00:00	tm:Z:adapter,primer
144944	ef627451-0196-4e4b-851b-824ce5a92971	qs:f:23.3842	ch:i:296	st:Z:2026-07-15T15:16:27.499000+00:00	RG:Z:a40d6b40-d3ad-4fe7-8245-9c92f794f831_dna_r10.4.1_e8.2_400bps_sup@v5.2.0	DS:Z:gpu:NVIDIA GeForce RTX 4070 SUPER	PU:Z:FBG39641	DT:Z:2026-07-15T14:17:26.508000+00:00	tm:Z:adapter,primer
144944	250cfadd-c086-44db-a679-9db272c0d556	qs:f:23.6818	ch:i:381	st:Z:2026-07-16T01:21:59.399000+00:00	RG:Z:a40d6b40-d3ad-4fe7-8245-9c92f794f831_dna_r10.4.1_e8.2_400bps_sup@v5.2.0	DS:Z:gpu:NVIDIA GeForce RTX 4070 SUPER	PU:Z:FBG39641	DT:Z:2026-07-15T14:17:26.508000+00:00	tm:Z:adapter,primer
144944	af2004fd-a6fe-43c3-bc89-2b6e64868fa8	qs:f:22.2076	ch:i:468	st:Z:2026-07-15T21:17:04.507000+00:00	RG:Z:a40d6b40-d3ad-4fe7-8245-9c92f794f831_dna_r10.4.1_e8.2_400bps_sup@v5.2.0	DS:Z:gpu:NVIDIA GeForce RTX 4070 SUPER	PU:Z:FBG39641	DT:Z:2026-07-15T14:17:26.508000+00:00	tm:Z:none rc
144944	f59db974-b590-4f0d-8404-8c629f9792d7	qs:f:24.2905	ch:i:192	st:Z:2026-07-15T18:50:42.649000+00:00	RG:Z:a40d6b40-d3ad-4fe7-8245-9c92f794f831_dna_r10.4.1_e8.2_400bps_sup@v5.2.0	DS:Z:gpu:NVIDIA GeForce RTX 4070 SUPER	PU:Z:FBG39641	DT:Z:2026-07-15T14:17:26.508000+00:00	tm:Z:adapter,primer
144944	d15b493f-83ed-4150-bdbd-ef8590e1c718	qs:f:21.2711	ch:i:154	st:Z:2026-07-15T18:49:40.446000+00:00	RG:Z:a40d6b40-d3ad-4fe7-8245-9c92f794f831_dna_r10.4.1_e8.2_400bps_sup@v5.2.0	DS:Z:gpu:NVIDIA GeForce RTX 4070 SUPER	PU:Z:FBG39641	DT:Z:2026-07-15T14:17:26.508000+00:00	tm:Z:adapter,primer
144944	d7c508c9-cf2d-489d-bc46-efa7cf4afb24	qs:f:10.8695	ch:i:277	st:Z:2026-07-15T18:28:26.009000+00:00	RG:Z:a40d6b40-d3ad-4fe7-8245-9c92f794f831_dna_r10.4.1_e8.2_400bps_sup@v5.2.0	DS:Z:gpu:NVIDIA GeForce RTX 4070 SUPER	PU:Z:FBG39641	DT:Z:2026-07-15T14:17:26.508000+00:00	tm:Z:none rc
144944	18cdb569-5557-49d6-918c-d99c152465de	qs:f:17.7405	ch:i:224	st:Z:2026-07-15T23:11:28.218000+00:00	RG:Z:a40d6b40-d3ad-4fe7-8245-9c92f794f831_dna_r10.4.1_e8.2_400bps_sup@v5.2.0	DS:Z:gpu:NVIDIA GeForce RTX 4070 SUPER	PU:Z:FBG39641	DT:Z:2026-07-15T14:17:26.508000+00:00	tm:Z:none rc
144944	a6619c03-3525-42ea-a315-9761a76619a2	qs:f:20.4181	ch:i:31	st:Z:2026-07-16T00:56:57.183000+00:00	RG:Z:a40d6b40-d3ad-4fe7-8245-9c92f794f831_dna_r10.4.1_e8.2_400bps_sup@v5.2.0	DS:Z:gpu:NVIDIA GeForce RTX 4070 SUPER	PU:Z:FBG39641	DT:Z:2026-07-15T14:17:26.508000+00:00	tm:Z:none
144944	678a3b61-6fee-4937-b135-8bb7fbee6145	qs:f:14.936	ch:i:220	st:Z:2026-07-15T21:34:47.572000+00:00	RG:Z:a40d6b40-d3ad-4fe7-8245-9c92f794f831_dna_r10.4.1_e8.2_400bps_sup@v5.2.0	DS:Z:gpu:NVIDIA GeForce RTX 4070 SUPER	PU:Z:FBG39641	DT:Z:2026-07-15T14:17:26.508000+00:00	tm:Z:none
144944	8e4fc6c2-0598-46e6-949b-b561f40eefca	qs:f:22.0829	ch:i:66	st:Z:2026-07-15T18:02:56.005000+00:00	RG:Z:a40d6b40-d3ad-4fe7-8245-9c92f794f831_dna_r10.4.1_e8.2_400bps_sup@v5.2.0	DS:Z:gpu:NVIDIA GeForce RTX 4070 SUPER	PU:Z:FBG39641	DT:Z:2026-07-15T14:17:26.508000+00:00	tm:Z:adapter,primer rc
144944	f7ca02ad-4f52-42cc-a7ba-2ac36c958a14	qs:f:21.1529	ch:i:275	st:Z:2026-07-15T21:35:49.974000+00:00	RG:Z:a40d6b40-d3ad-4fe7-8245-9c92f794f831_dna_r10.4.1_e8.2_400bps_sup@v5.2.0	DS:Z:gpu:NVIDIA GeForce RTX 4070 SUPER	PU:Z:FBG39641	DT:Z:2026-07-15T14:17:26.508000+00:00	tm:Z:none rc
144944	f18dab78-6765-49cd-aa85-0b0c945afbd1	qs:f:22.2154	ch:i:336	st:Z:2026-07-15T15:49:04.430000+00:00	RG:Z:a40d6b40-d3ad-4fe7-8245-9c92f794f831_dna_r10.4.1_e8.2_400bps_sup@v5.2.0	DS:Z:gpu:NVIDIA GeForce RTX 4070 SUPER	PU:Z:FBG39641	DT:Z:2026-07-15T14:17:26.508000+00:00	tm:Z:none
144944	2e3f1d2b-3c50-4d84-86ca-fb98f98ce0b2	qs:f:14.819	ch:i:331	st:Z:2026-07-15T21:24:45.473000+00:00	RG:Z:a40d6b40-d3ad-4fe7-8245-9c92f794f831_dna_r10.4.1_e8.2_400bps_sup@v5.2.0	DS:Z:gpu:NVIDIA GeForce RTX 4070 SUPER	PU:Z:FBG39641	DT:Z:2026-07-15T14:17:26.508000+00:00	tm:Z:adapter,primer
144944	5d351b88-b64a-4f2d-a493-42cd1ec5c48e	qs:f:23.5008	ch:i:399	st:Z:2026-07-16T00:56:53.677000+00:00	RG:Z:a40d6b40-d3ad-4fe7-8245-9c92f794f831_dna_r10.4.1_e8.2_400bps_sup@v5.2.0	DS:Z:gpu:NVIDIA GeForce RTX 4070 SUPER	PU:Z:FBG39641	DT:Z:2026-07-15T14:17:26.508000+00:00	tm:Z:adapter,primer
144944	ef1e7f8b-3889-4de5-a2d5-a5f49f527ff4	qs:f:22.1717	ch:i:438	st:Z:2026-07-16T01:40:12.256000+00:00	RG:Z:a40d6b40-d3ad-4fe7-8245-9c92f794f831_dna_r10.4.1_e8.2_400bps_sup@v5.2.0	DS:Z:gpu:NVIDIA GeForce RTX 4070 SUPER	PU:Z:FBG39641	DT:Z:2026-07-15T14:17:26.508000+00:00	tm:Z:adapter,primer
144944	7263540e-4e0c-47fb-a54f-9e3b2a14a583	qs:f:22.3779	ch:i:327	st:Z:2026-07-15T22:32:34.231000+00:00	RG:Z:a40d6b40-d3ad-4fe7-8245-9c92f794f831_dna_r10.4.1_e8.2_400bps_sup@v5.2.0	DS:Z:gpu:NVIDIA GeForce RTX 4070 SUPER	PU:Z:FBG39641	DT:Z:2026-07-15T14:17:26.508000+00:00	tm:Z:adapter,primer rc
144944	cf575335-57f4-4423-9c97-17f6e0644363	qs:f:11.9669	ch:i:408	st:Z:2026-07-15T17:27:22.580000+00:00	RG:Z:a40d6b40-d3ad-4fe7-8245-9c92f794f831_dna_r10.4.1_e8.2_400bps_sup@v5.2.0	DS:Z:gpu:NVIDIA GeForce RTX 4070 SUPER	PU:Z:FBG39641	DT:Z:2026-07-15T14:17:26.508000+00:00	tm:Z:adapter,primer rc
144944	bf164d86-f47b-4bd9-8e3f-66a6ebe31bbb	qs:f:18.7434	ch:i:446	st:Z:2026-07-15T14:58:33.726000+00:00	RG:Z:a40d6b40-d3ad-4fe7-8245-9c92f794f831_dna_r10.4.1_e8.2_400bps_sup@v5.2.0	DS:Z:gpu:NVIDIA GeForce RTX 4070 SUPER	PU:Z:FBG39641	DT:Z:2026-07-15T14:17:26.508000+00:00	tm:Z:adapter,primer
144944	56ea056d-9d40-47c7-b1fd-1b4620411c31	qs:f:14.4028	ch:i:261	st:Z:2026-07-16T00:34:47.414000+00:00	RG:Z:a40d6b40-d3ad-4fe7-8245-9c92f794f831_dna_r10.4.1_e8.2_400bps_sup@v5.2.0	DS:Z:gpu:NVIDIA GeForce RTX 4070 SUPER	PU:Z:FBG39641	DT:Z:2026-07-15T14:17:26.508000+00:00	tm:Z:none rc
144944	ace1ed12-85bb-4465-88e8-9b97cad6b144	qs:f:20.5642	ch:i:326	st:Z:2026-07-15T15:29:04.048000+00:00	RG:Z:a40d6b40-d3ad-4fe7-8245-9c92f794f831_dna_r10.4.1_e8.2_400bps_sup@v5.2.0	DS:Z:gpu:NVIDIA GeForce RTX 4070 SUPER	PU:Z:FBG39641	DT:Z:2026-07-15T14:17:26.508000+00:00	tm:Z:adapter,primer
144996	31cf959f-46ed-4f67-af30-60ff7031ac35	qs:f:19.0683	ch:i:485	st:Z:2026-07-15T20:59:29.902000+00:00	RG:Z:a40d6b40-d3ad-4fe7-8245-9c92f794f831_dna_r10.4.1_e8.2_400bps_sup@v5.2.0	DS:Z:gpu:NVIDIA GeForce RTX 4070 SUPER	PU:Z:FBG39641	DT:Z:2026-07-15T14:17:26.508000+00:00	tm:Z:adapter,primer rc
144996	84456320-b5a3-4ef5-b0fc-0e90b4744052	qs:f:24.4259	ch:i:477	st:Z:2026-07-15T18:59:18.033000+00:00	RG:Z:a40d6b40-d3ad-4fe7-8245-9c92f794f831_dna_r10.4.1_e8.2_400bps_sup@v5.2.0	DS:Z:gpu:NVIDIA GeForce RTX 4070 SUPER	PU:Z:FBG39641	DT:Z:2026-07-15T14:17:26.508000+00:00	tm:Z:adapter,primer rc
144996	66d0c71f-70c1-4df0-a6ef-51fd05d7b040	qs:f:23.4554	ch:i:477	st:Z:2026-07-15T15:33:02.845000+00:00	RG:Z:a40d6b40-d3ad-4fe7-8245-9c92f794f831_dna_r10.4.1_e8.2_400bps_sup@v5.2.0	DS:Z:gpu:NVIDIA GeForce RTX 4070 SUPER	PU:Z:FBG39641	DT:Z:2026-07-15T14:17:26.508000+00:00	tm:Z:adapter,primer
144996	7cb100f4-bfe0-4e81-9517-585113243891	qs:f:21.2057	ch:i:298	st:Z:2026-07-15T16:03:41.542000+00:00	RG:Z:a40d6b40-d3ad-4fe7-8245-9c92f794f831_dna_r10.4.1_e8.2_400bps_sup@v5.2.0	DS:Z:gpu:NVIDIA GeForce RTX 4070 SUPER	PU:Z:FBG39641	DT:Z:2026-07-15T14:17:26.508000+00:00	tm:Z:adapter,primer rc
144996	2c8522a7-74e6-4de5-99d4-402b839b6769	qs:f:18.5711	ch:i:460	st:Z:2026-07-15T17:22:11.918000+00:00	RG:Z:a40d6b40-d3ad-4fe7-8245-9c92f794f831_dna_r10.4.1_e8.2_400bps_sup@v5.2.0	DS:Z:gpu:NVIDIA GeForce RTX 4070 SUPER	PU:Z:FBG39641	DT:Z:2026-07-15T14:17:26.508000+00:00	tm:Z:adapter,primer
144996	376bdd12-61e3-48bd-af9d-49578b9fd2bd	qs:f:17.5138	ch:i:345	st:Z:2026-07-15T14:52:12.798000+00:00	RG:Z:a40d6b40-d3ad-4fe7-8245-9c92f794f831_dna_r10.4.1_e8.2_400bps_sup@v5.2.0	DS:Z:gpu:NVIDIA GeForce RTX 4070 SUPER	PU:Z:FBG39641	DT:Z:2026-07-15T14:17:26.508000+00:00	tm:Z:adapter,primer rc
144996	1e301964-47f0-4fcf-94f2-ffc55b17bc8a	qs:f:22.8805	ch:i:434	st:Z:2026-07-16T01:53:52.646000+00:00	RG:Z:a40d6b40-d3ad-4fe7-8245-9c92f794f831_dna_r10.4.1_e8.2_400bps_sup@v5.2.0	DS:Z:gpu:NVIDIA GeForce RTX 4070 SUPER	PU:Z:FBG39641	DT:Z:2026-07-15T14:17:26.508000+00:00	tm:Z:none
144996	1e33322e-28f3-4939-9385-31b53f1cec12	qs:f:22.2337	ch:i:181	st:Z:2026-07-15T17:14:23.122000+00:00	RG:Z:a40d6b40-d3ad-4fe7-8245-9c92f794f831_dna_r10.4.1_e8.2_400bps_sup@v5.2.0	DS:Z:gpu:NVIDIA GeForce RTX 4070 SUPER	PU:Z:FBG39641	DT:Z:2026-07-15T14:17:26.508000+00:00	tm:Z:adapter,primer rc
144996	1e3f5203-2b25-46cb-9d46-8e4dd18f20ea	qs:f:21.5442	ch:i:386	st:Z:2026-07-15T18:00:20.853000+00:00	RG:Z:a40d6b40-d3ad-4fe7-8245-9c92f794f831_dna_r10.4.1_e8.2_400bps_sup@v5.2.0	DS:Z:gpu:NVIDIA GeForce RTX 4070 SUPER	PU:Z:FBG39641	DT:Z:2026-07-15T14:17:26.508000+00:00	tm:Z:adapter,primer rc
144996	79afe6ef-d7ed-46af-a94a-d64f2c6f43f3	qs:f:17.719	ch:i:237	st:Z:2026-07-16T00:52:44.968000+00:00	RG:Z:a40d6b40-d3ad-4fe7-8245-9c92f794f831_dna_r10.4.1_e8.2_400bps_sup@v5.2.0	DS:Z:gpu:NVIDIA GeForce RTX 4070 SUPER	PU:Z:FBG39641	DT:Z:2026-07-15T14:17:26.508000+00:00	tm:Z:adapter,primer rc
144996	79dac47d-b5cb-4978-8132-d286dabdf756	qs:f:18.7909	ch:i:87	st:Z:2026-07-15T19:02:56.704000+00:00	RG:Z:a40d6b40-d3ad-4fe7-8245-9c92f794f831_dna_r10.4.1_e8.2_400bps_sup@v5.2.0	DS:Z:gpu:NVIDIA GeForce RTX 4070 SUPER	PU:Z:FBG39641	DT:Z:2026-07-15T14:17:26.508000+00:00	tm:Z:none
144996	dd36c5cb-a8c7-44bb-9727-831bcdb85db7	qs:f:24.614	ch:i:419	st:Z:2026-07-16T01:59:31.537000+00:00	RG:Z:a40d6b40-d3ad-4fe7-8245-9c92f794f831_dna_r10.4.1_e8.2_400bps_sup@v5.2.0	DS:Z:gpu:NVIDIA GeForce RTX 4070 SUPER	PU:Z:FBG39641	DT:Z:2026-07-15T14:17:26.508000+00:00	tm:Z:adapter,primer
144996	a0ee3f8c-174a-4c4a-afdb-8bf834762fca	qs:f:22.5724	ch:i:412	st:Z:2026-07-15T14:28:08.909000+00:00	RG:Z:a40d6b40-d3ad-4fe7-8245-9c92f794f831_dna_r10.4.1_e8.2_400bps_sup@v5.2.0	DS:Z:gpu:NVIDIA GeForce RTX 4070 SUPER	PU:Z:FBG39641	DT:Z:2026-07-15T14:17:26.508000+00:00	tm:Z:none rc
144996	4e0a584f-4e02-4cdb-aa86-9e9d785a14c0	qs:f:19.8055	ch:i:344	st:Z:2026-07-15T17:13:29.442000+00:00	RG:Z:a40d6b40-d3ad-4fe7-8245-9c92f794f831_dna_r10.4.1_e8.2_400bps_sup@v5.2.0	DS:Z:gpu:NVIDIA GeForce RTX 4070 SUPER	PU:Z:FBG39641	DT:Z:2026-07-15T14:17:26.508000+00:00	tm:Z:adapter,primer rc
144996	b6da0b8c-1b6e-40ad-aadc-488d21e59add	qs:f:24.4385	ch:i:275	st:Z:2026-07-15T19:53:14.915000+00:00	RG:Z:a40d6b40-d3ad-4fe7-8245-9c92f794f831_dna_r10.4.1_e8.2_400bps_sup@v5.2.0	DS:Z:gpu:NVIDIA GeForce RTX 4070 SUPER	PU:Z:FBG39641	DT:Z:2026-07-15T14:17:26.508000+00:00	tm:Z:adapter,primer rc
144996	c59105dc-c9a7-485e-912a-153ca3605d93	qs:f:14.7131	ch:i:269	st:Z:2026-07-15T22:09:49.574000+00:00	RG:Z:a40d6b40-d3ad-4fe7-8245-9c92f794f831_dna_r10.4.1_e8.2_400bps_sup@v5.2.0	DS:Z:gpu:NVIDIA GeForce RTX 4070 SUPER	PU:Z:FBG39641	DT:Z:2026-07-15T14:17:26.508000+00:00	tm:Z:none rc
144996	0febc5df-eb09-4c2a-b3f4-ddbd2bd5c494	qs:f:19.0504	ch:i:19	st:Z:2026-07-15T23:30:33.203000+00:00	RG:Z:a40d6b40-d3ad-4fe7-8245-9c92f794f831_dna_r10.4.1_e8.2_400bps_sup@v5.2.0	DS:Z:gpu:NVIDIA GeForce RTX 4070 SUPER	PU:Z:FBG39641	DT:Z:2026-07-15T14:17:26.508000+00:00	tm:Z:adapter,primer rc
144996	5ad931cb-e51b-43e6-90c7-5b1685235689	qs:f:17.2936	ch:i:181	st:Z:2026-07-15T15:01:33.295000+00:00	RG:Z:a40d6b40-d3ad-4fe7-8245-9c92f794f831_dna_r10.4.1_e8.2_400bps_sup@v5.2.0	DS:Z:gpu:NVIDIA GeForce RTX 4070 SUPER	PU:Z:FBG39641	DT:Z:2026-07-15T14:17:26.508000+00:00	tm:Z:adapter,primer
144996	c8759267-b9b4-4e7b-99b8-8a2f51d716b2	qs:f:22.0028	ch:i:84	st:Z:2026-07-15T21:27:04.099000+00:00	RG:Z:a40d6b40-d3ad-4fe7-8245-9c92f794f831_dna_r10.4.1_e8.2_400bps_sup@v5.2.0	DS:Z:gpu:NVIDIA GeForce RTX 4070 SUPER	PU:Z:FBG39641	DT:Z:2026-07-15T14:17:26.508000+00:00	tm:Z:none rc
144996	6da8c789-514d-47f3-b753-8b2adbcafdaa	qs:f:25.3047	ch:i:394	st:Z:2026-07-15T14:32:22.437000+00:00	RG:Z:a40d6b40-d3ad-4fe7-8245-9c92f794f831_dna_r10.4.1_e8.2_400bps_sup@v5.2.0	DS:Z:gpu:NVIDIA GeForce RTX 4070 SUPER	PU:Z:FBG39641	DT:Z:2026-07-15T14:17:26.508000+00:00	tm:Z:adapter,primer
144996	721149ed-52e3-41e7-b96a-c698753229f8	qs:f:25.6794	ch:i:202	st:Z:2026-07-15T21:10:26.966000+00:00	RG:Z:a40d6b40-d3ad-4fe7-8245-9c92f794f831_dna_r10.4.1_e8.2_400bps_sup@v5.2.0	DS:Z:gpu:NVIDIA GeForce RTX 4070 SUPER	PU:Z:FBG39641	DT:Z:2026-07-15T14:17:26.508000+00:00	tm:Z:adapter,primer
144996	f591afe2-d851-49a8-bc42-708544e39ca3	qs:f:22.3692	ch:i:310	st:Z:2026-07-15T15:33:58.329000+00:00	RG:Z:a40d6b40-d3ad-4fe7-8245-9c92f794f831_dna_r10.4.1_e8.2_400bps_sup@v5.2.0	DS:Z:gpu:NVIDIA GeForce RTX 4070 SUPER	PU:Z:FBG39641	DT:Z:2026-07-15T14:17:26.508000+00:00	tm:Z:adapter,primer rc
144996	70737ffd-535e-4fee-8365-d4587e9406ad	qs:f:20.2897	ch:i:462	st:Z:2026-07-15T18:15:28.282000+00:00	RG:Z:a40d6b40-d3ad-4fe7-8245-9c92f794f831_dna_r10.4.1_e8.2_400bps_sup@v5.2.0	DS:Z:gpu:NVIDIA GeForce RTX 4070 SUPER	PU:Z:FBG39641	DT:Z:2026-07-15T14:17:26.508000+00:00	tm:Z:adapter,primer
144996	844d15cf-91c7-4031-bb65-dc2232dfd137	qs:f:20.2937	ch:i:350	st:Z:2026-07-15T23:37:03.338000+00:00	RG:Z:a40d6b40-d3ad-4fe7-8245-9c92f794f831_dna_r10.4.1_e8.2_400bps_sup@v5.2.0	DS:Z:gpu:NVIDIA GeForce RTX 4070 SUPER	PU:Z:FBG39641	DT:Z:2026-07-15T14:17:26.508000+00:00	tm:Z:adapter,primer
144996	b0c470be-710d-4736-a3e1-438d56524891	qs:f:21.1668	ch:i:452	st:Z:2026-07-16T01:13:01.238000+00:00	RG:Z:a40d6b40-d3ad-4fe7-8245-9c92f794f831_dna_r10.4.1_e8.2_400bps_sup@v5.2.0	DS:Z:gpu:NVIDIA GeForce RTX 4070 SUPER	PU:Z:FBG39641	DT:Z:2026-07-15T14:17:26.508000+00:00	tm:Z:adapter,primer rc
144996	6f54ce75-c51a-4143-b6dd-848b2d35878b	qs:f:22.6372	ch:i:336	st:Z:2026-07-15T18:01:23.397000+00:00	RG:Z:a40d6b40-d3ad-4fe7-8245-9c92f794f831_dna_r10.4.1_e8.2_400bps_sup@v5.2.0	DS:Z:gpu:NVIDIA GeForce RTX 4070 SUPER	PU:Z:FBG39641	DT:Z:2026-07-15T14:17:26.508000+00:00	tm:Z:adapter,primer rc
144996	2ef1818b-83b0-4013-ac8a-b82ffab5f17b	qs:f:12.7373	ch:i:65	st:Z:2026-07-15T17:27:33.330000+00:00	RG:Z:a40d6b40-d3ad-4fe7-8245-9c92f794f831_dna_r10.4.1_e8.2_400bps_sup@v5.2.0	DS:Z:gpu:NVIDIA GeForce RTX 4070 SUPER	PU:Z:FBG39641	DT:Z:2026-07-15T14:17:26.508000+00:00	tm:Z:none
144996	ff4bcf15-d552-40d6-ab65-f992585ec212	qs:f:23.2504	ch:i:495	st:Z:2026-07-15T14:49:16.667000+00:00	RG:Z:a40d6b40-d3ad-4fe7-8245-9c92f794f831_dna_r10.4.1_e8.2_400bps_sup@v5.2.0	DS:Z:gpu:NVIDIA GeForce RTX 4070 SUPER	PU:Z:FBG39641	DT:Z:2026-07-15T14:17:26.508000+00:00	tm:Z:adapter,primer
144996	d41d3cd8-b3b4-4697-8f2c-5f008f139bb1	qs:f:18.3195	ch:i:156	st:Z:2026-07-15T16:42:48.445000+00:00	RG:Z:a40d6b40-d3ad-4fe7-8245-9c92f794f831_dna_r10.4.1_e8.2_400bps_sup@v5.2.0	DS:Z:gpu:NVIDIA GeForce RTX 4070 SUPER	PU:Z:FBG39641	DT:Z:2026-07-15T14:17:26.508000+00:00	tm:Z:none
144996	4347268d-10df-4271-8a46-e772507a5d95	qs:f:22.018	ch:i:66	st:Z:2026-07-15T18:10:32.367000+00:00	RG:Z:a40d6b40-d3ad-4fe7-8245-9c92f794f831_dna_r10.4.1_e8.2_400bps_sup@v5.2.0	DS:Z:gpu:NVIDIA GeForce RTX 4070 SUPER	PU:Z:FBG39641	DT:Z:2026-07-15T14:17:26.508000+00:00	tm:Z:adapter,primer
144996	1ca75378-61ae-41d6-bc6f-9aeac08445bb	qs:f:26.0538	ch:i:302	st:Z:2026-07-15T21:32:36.007000+00:00	RG:Z:a40d6b40-d3ad-4fe7-8245-9c92f794f831_dna_r10.4.1_e8.2_400bps_sup@v5.2.0	DS:Z:gpu:NVIDIA GeForce RTX 4070 SUPER	PU:Z:FBG39641	DT:Z:2026-07-15T14:17:26.508000+00:00	tm:Z:adapter,primer
144996	0741d548-b99d-4a24-ab33-0ee0eeefc58e	qs:f:19.7653	ch:i:469	st:Z:2026-07-16T02:09:01.943000+00:00	RG:Z:a40d6b40-d3ad-4fe7-8245-9c92f794f831_dna_r10.4.1_e8.2_400bps_sup@v5.2.0	DS:Z:gpu:NVIDIA GeForce RTX 4070 SUPER	PU:Z:FBG39641	DT:Z:2026-07-15T14:17:26.508000+00:00	tm:Z:adapter,primer
144996	9bf83767-6730-4d54-bf91-5664667ad46a	qs:f:15.4663	ch:i:72	st:Z:2026-07-16T01:19:03.714000+00:00	RG:Z:a40d6b40-d3ad-4fe7-8245-9c92f794f831_dna_r10.4.1_e8.2_400bps_sup@v5.2.0	DS:Z:gpu:NVIDIA GeForce RTX 4070 SUPER	PU:Z:FBG39641	DT:Z:2026-07-15T14:17:26.508000+00:00	tm:Z:adapter,primer rc
144996	d77b585b-8a83-4072-a2d6-bbd1abfaaede	qs:f:17.7485	ch:i:336	st:Z:2026-07-16T00:12:09.260000+00:00	RG:Z:a40d6b40-d3ad-4fe7-8245-9c92f794f831_dna_r10.4.1_e8.2_400bps_sup@v5.2.0	DS:Z:gpu:NVIDIA GeForce RTX 4070 SUPER	PU:Z:FBG39641	DT:Z:2026-07-15T14:17:26.508000+00:00	tm:Z:adapter,primer
144996	0a79de8f-2226-457e-81c6-1a8e7ca26534	qs:f:21.126	ch:i:413	st:Z:2026-07-16T01:20:51.495000+00:00	RG:Z:a40d6b40-d3ad-4fe7-8245-9c92f794f831_dna_r10.4.1_e8.2_400bps_sup@v5.2.0	DS:Z:gpu:NVIDIA GeForce RTX 4070 SUPER	PU:Z:FBG39641	DT:Z:2026-07-15T14:17:26.508000+00:00	tm:Z:none
144996	4d0ddee1-208a-48ea-b5f4-b3e33d89b052	qs:f:14.5394	ch:i:68	st:Z:2026-07-15T20:10:15.541000+00:00	RG:Z:a40d6b40-d3ad-4fe7-8245-9c92f794f831_dna_r10.4.1_e8.2_400bps_sup@v5.2.0	DS:Z:gpu:NVIDIA GeForce RTX 4070 SUPER	PU:Z:FBG39641	DT:Z:2026-07-15T14:17:26.508000+00:00	tm:Z:adapter,primer rc
144996	cbc3c36d-b86a-4d42-8242-b6cb213c216e	qs:f:22.2762	ch:i:28	st:Z:2026-07-15T17:23:03.279000+00:00	RG:Z:a40d6b40-d3ad-4fe7-8245-9c92f794f831_dna_r10.4.1_e8.2_400bps_sup@v5.2.0	DS:Z:gpu:NVIDIA GeForce RTX 4070 SUPER	PU:Z:FBG39641	DT:Z:2026-07-15T14:17:26.508000+00:00	tm:Z:adapter,primer
144996	4fe01645-5506-4faf-9c80-ea9f0e1c880e	qs:f:14.9731	ch:i:460	st:Z:2026-07-15T16:57:42.839000+00:00	RG:Z:a40d6b40-d3ad-4fe7-8245-9c92f794f831_dna_r10.4.1_e8.2_400bps_sup@v5.2.0	DS:Z:gpu:NVIDIA GeForce RTX 4070 SUPER	PU:Z:FBG39641	DT:Z:2026-07-15T14:17:26.508000+00:00	tm:Z:adapter,primer rc
144996	e0942bb2-6b89-42ae-8c3e-24dfe6531efd	qs:f:16.7377	ch:i:276	st:Z:2026-07-15T18:03:48.125000+00:00	RG:Z:a40d6b40-d3ad-4fe7-8245-9c92f794f831_dna_r10.4.1_e8.2_400bps_sup@v5.2.0	DS:Z:gpu:NVIDIA GeForce RTX 4070 SUPER	PU:Z:FBG39641	DT:Z:2026-07-15T14:17:26.508000+00:00	tm:Z:adapter,primer rc
144996	61a9fd54-2d56-4b8d-889b-dc2d4adc818a	qs:f:21.026	ch:i:336	st:Z:2026-07-15T20:56:50.812000+00:00	RG:Z:a40d6b40-d3ad-4fe7-8245-9c92f794f831_dna_r10.4.1_e8.2_400bps_sup@v5.2.0	DS:Z:gpu:NVIDIA GeForce RTX 4070 SUPER	PU:Z:FBG39641	DT:Z:2026-07-15T14:17:26.508000+00:00	tm:Z:adapter,primer rc
144996	7883b4e9-5009-42df-b78e-843df644c593	qs:f:13.203	ch:i:419	st:Z:2026-07-15T19:42:32.843000+00:00	RG:Z:a40d6b40-d3ad-4fe7-8245-9c92f794f831_dna_r10.4.1_e8.2_400bps_sup@v5.2.0	DS:Z:gpu:NVIDIA GeForce RTX 4070 SUPER	PU:Z:FBG39641	DT:Z:2026-07-15T14:17:26.508000+00:00	tm:Z:none
144996	e9d87c5a-a534-4cf7-99c2-b7d2a7713159	qs:f:21.529	ch:i:68	st:Z:2026-07-15T16:18:45.931000+00:00	RG:Z:a40d6b40-d3ad-4fe7-8245-9c92f794f831_dna_r10.4.1_e8.2_400bps_sup@v5.2.0	DS:Z:gpu:NVIDIA GeForce RTX 4070 SUPER	PU:Z:FBG39641	DT:Z:2026-07-15T14:17:26.508000+00:00	tm:Z:adapter,primer
144996	a1eb8683-c23d-428b-8759-87ea03dea2f6	qs:f:13.8508	ch:i:427	st:Z:2026-07-16T01:48:25.265000+00:00	RG:Z:a40d6b40-d3ad-4fe7-8245-9c92f794f831_dna_r10.4.1_e8.2_400bps_sup@v5.2.0	DS:Z:gpu:NVIDIA GeForce RTX 4070 SUPER	PU:Z:FBG39641	DT:Z:2026-07-15T14:17:26.508000+00:00	tm:Z:none rc
144996	287d92ee-c26a-49b5-8840-89638ab10639	qs:f:14.7061	ch:i:76	st:Z:2026-07-15T17:58:05.983000+00:00	RG:Z:a40d6b40-d3ad-4fe7-8245-9c92f794f831_dna_r10.4.1_e8.2_400bps_sup@v5.2.0	DS:Z:gpu:NVIDIA GeForce RTX 4070 SUPER	PU:Z:FBG39641	DT:Z:2026-07-15T14:17:26.508000+00:00	tm:Z:adapter,primer
144996	34110943-94c9-4349-8dae-b6a9c64c65af	qs:f:16.1594	ch:i:455	st:Z:2026-07-15T21:54:04.058000+00:00	RG:Z:a40d6b40-d3ad-4fe7-8245-9c92f794f831_dna_r10.4.1_e8.2_400bps_sup@v5.2.0	DS:Z:gpu:NVIDIA GeForce RTX 4070 SUPER	PU:Z:FBG39641	DT:Z:2026-07-15T14:17:26.508000+00:00	tm:Z:adapter,primer rc
144996	ce689061-87d7-4a79-abc3-cd3c6e016bcf	qs:f:21.154	ch:i:344	st:Z:2026-07-15T15:18:18.271000+00:00	RG:Z:a40d6b40-d3ad-4fe7-8245-9c92f794f831_dna_r10.4.1_e8.2_400bps_sup@v5.2.0	DS:Z:gpu:NVIDIA GeForce RTX 4070 SUPER	PU:Z:FBG39641	DT:Z:2026-07-15T14:17:26.508000+00:00	tm:Z:adapter,primer
144996	e8732bdb-61ac-4fab-bdfa-379fc0708546	qs:f:16.3664	ch:i:130	st:Z:2026-07-15T17:15:32.677000+00:00	RG:Z:a40d6b40-d3ad-4fe7-8245-9c92f794f831_dna_r10.4.1_e8.2_400bps_sup@v5.2.0	DS:Z:gpu:NVIDIA GeForce RTX 4070 SUPER	PU:Z:FBG39641	DT:Z:2026-07-15T14:17:26.508000+00:00	tm:Z:adapter,primer
144996	fc55902a-99b2-46ff-8c84-c2875ba4cfba	qs:f:23.5882	ch:i:438	st:Z:2026-07-15T15:51:15.195000+00:00	RG:Z:a40d6b40-d3ad-4fe7-8245-9c92f794f831_dna_r10.4.1_e8.2_400bps_sup@v5.2.0	DS:Z:gpu:NVIDIA GeForce RTX 4070 SUPER	PU:Z:FBG39641	DT:Z:2026-07-15T14:17:26.508000+00:00	tm:Z:adapter,primer rc
144996	02441d40-f84d-4ae7-b575-8fa84eb4b7f6	qs:f:21.0714	ch:i:268	st:Z:2026-07-15T19:31:48.190000+00:00	RG:Z:a40d6b40-d3ad-4fe7-8245-9c92f794f831_dna_r10.4.1_e8.2_400bps_sup@v5.2.0	DS:Z:gpu:NVIDIA GeForce RTX 4070 SUPER	PU:Z:FBG39641	DT:Z:2026-07-15T14:17:26.508000+00:00	tm:Z:adapter,primer rc
144996	f9f5d91d-d394-4a69-a2da-fcd2c23b5939	qs:f:23.9914	ch:i:450	st:Z:2026-07-15T14:29:49.921000+00:00	RG:Z:a40d6b40-d3ad-4fe7-8245-9c92f794f831_dna_r10.4.1_e8.2_400bps_sup@v5.2.0	DS:Z:gpu:NVIDIA GeForce RTX 4070 SUPER	PU:Z:FBG39641	DT:Z:2026-07-15T14:17:26.508000+00:00	tm:Z:adapter,primer
144996	8a5ff759-302f-402f-b900-d1bc6e9248f1	qs:f:13.3277	ch:i:63	st:Z:2026-07-16T01:45:22.517000+00:00	RG:Z:a40d6b40-d3ad-4fe7-8245-9c92f794f831_dna_r10.4.1_e8.2_400bps_sup@v5.2.0	DS:Z:gpu:NVIDIA GeForce RTX 4070 SUPER	PU:Z:FBG39641	DT:Z:2026-07-15T14:17:26.508000+00:00	tm:Z:adapter,primer
144996	86aaa809-905e-4997-a214-5fbb488b24bc	qs:f:21.7397	ch:i:48	st:Z:2026-07-16T00:12:15.296000+00:00	RG:Z:a40d6b40-d3ad-4fe7-8245-9c92f794f831_dna_r10.4.1_e8.2_400bps_sup@v5.2.0	DS:Z:gpu:NVIDIA GeForce RTX 4070 SUPER	PU:Z:FBG39641	DT:Z:2026-07-15T14:17:26.508000+00:00	tm:Z:none rc
144996	06829bbd-b8b3-442b-94a2-ca9313dc64b9	qs:f:21.5539	ch:i:378	st:Z:2026-07-15T21:05:21.786000+00:00	RG:Z:a40d6b40-d3ad-4fe7-8245-9c92f794f831_dna_r10.4.1_e8.2_400bps_sup@v5.2.0	DS:Z:gpu:NVIDIA GeForce RTX 4070 SUPER	PU:Z:FBG39641	DT:Z:2026-07-15T14:17:26.508000+00:00	tm:Z:adapter,primer
144996	9c211532-87b0-462a-8639-e8d1dcbf6f57	qs:f:24.0423	ch:i:344	st:Z:2026-07-16T00:28:06.014000+00:00	RG:Z:a40d6b40-d3ad-4fe7-8245-9c92f794f831_dna_r10.4.1_e8.2_400bps_sup@v5.2.0	DS:Z:gpu:NVIDIA GeForce RTX 4070 SUPER	PU:Z:FBG39641	DT:Z:2026-07-15T14:17:26.508000+00:00	tm:Z:adapter,primer rc
144996	d42e3396-fe0b-4f36-8e21-f8b5fee7cdfc	qs:f:18.5782	ch:i:388	st:Z:2026-07-16T00:30:58.886000+00:00	RG:Z:a40d6b40-d3ad-4fe7-8245-9c92f794f831_dna_r10.4.1_e8.2_400bps_sup@v5.2.0	DS:Z:gpu:NVIDIA GeForce RTX 4070 SUPER	PU:Z:FBG39641	DT:Z:2026-07-15T14:17:26.508000+00:00	tm:Z:adapter,primer rc
144996	e7b22dda-9fba-49d2-934d-252c647fadc5	qs:f:19.9052	ch:i:509	st:Z:2026-07-15T19:30:37.520000+00:00	RG:Z:a40d6b40-d3ad-4fe7-8245-9c92f794f831_dna_r10.4.1_e8.2_400bps_sup@v5.2.0	DS:Z:gpu:NVIDIA GeForce RTX 4070 SUPER	PU:Z:FBG39641	DT:Z:2026-07-15T14:17:26.508000+00:00	tm:Z:none
144996	6ab733ea-7a2d-429f-99ca-425259bf5b77	qs:f:14.4585	ch:i:334	st:Z:2026-07-15T16:49:17.883000+00:00	RG:Z:a40d6b40-d3ad-4fe7-8245-9c92f794f831_dna_r10.4.1_e8.2_400bps_sup@v5.2.0	DS:Z:gpu:NVIDIA GeForce RTX 4070 SUPER	PU:Z:FBG39641	DT:Z:2026-07-15T14:17:26.508000+00:00	tm:Z:none rc
144996	f744eb65-db48-41e0-adb3-61e2da3915e2	qs:f:21.5443	ch:i:190	st:Z:2026-07-15T21:21:10.279000+00:00	RG:Z:a40d6b40-d3ad-4fe7-8245-9c92f794f831_dna_r10.4.1_e8.2_400bps_sup@v5.2.0	DS:Z:gpu:NVIDIA GeForce RTX 4070 SUPER	PU:Z:FBG39641	DT:Z:2026-07-15T14:17:26.508000+00:00	tm:Z:adapter,primer rc
144996	f5d8cc91-7512-4ae6-8ab4-42627e0a3702	qs:f:20.4001	ch:i:393	st:Z:2026-07-15T22:53:22.902000+00:00	RG:Z:a40d6b40-d3ad-4fe7-8245-9c92f794f831_dna_r10.4.1_e8.2_400bps_sup@v5.2.0	DS:Z:gpu:NVIDIA GeForce RTX 4070 SUPER	PU:Z:FBG39641	DT:Z:2026-07-15T14:17:26.508000+00:00	tm:Z:adapter,primer
144996	0e549630-75c7-49fd-b2a2-3affd42ade0d	qs:f:13.8821	ch:i:434	st:Z:2026-07-15T20:02:22.041000+00:00	RG:Z:a40d6b40-d3ad-4fe7-8245-9c92f794f831_dna_r10.4.1_e8.2_400bps_sup@v5.2.0	DS:Z:gpu:NVIDIA GeForce RTX 4070 SUPER	PU:Z:FBG39641	DT:Z:2026-07-15T14:17:26.508000+00:00	tm:Z:adapter,primer rc
144996	c5714ee6-173a-492d-8698-dd3e6f12303c	qs:f:22.3161	ch:i:381	st:Z:2026-07-16T01:00:13.570000+00:00	RG:Z:a40d6b40-d3ad-4fe7-8245-9c92f794f831_dna_r10.4.1_e8.2_400bps_sup@v5.2.0	DS:Z:gpu:NVIDIA GeForce RTX 4070 SUPER	PU:Z:FBG39641	DT:Z:2026-07-15T14:17:26.508000+00:00	tm:Z:none rc
463285	b44ae6ab-dcf5-4e97-ba72-a7b045ed3457	qs:f:20.4127	ch:i:281	st:Z:2026-07-15T22:04:41.549000+00:00	RG:Z:a40d6b40-d3ad-4fe7-8245-9c92f794f831_dna_r10.4.1_e8.2_400bps_sup@v5.2.0	DS:Z:gpu:NVIDIA GeForce RTX 4070 SUPER	PU:Z:FBG39641	DT:Z:2026-07-15T14:17:26.508000+00:00	tm:Z:adapter,primer rc
463285	a28ed62b-09e2-4951-bab7-3546a6919438	qs:f:13.9193	ch:i:7	st:Z:2026-07-16T00:43:13.505000+00:00	RG:Z:a40d6b40-d3ad-4fe7-8245-9c92f794f831_dna_r10.4.1_e8.2_400bps_sup@v5.2.0	DS:Z:gpu:NVIDIA GeForce RTX 4070 SUPER	PU:Z:FBG39641	DT:Z:2026-07-15T14:17:26.508000+00:00	tm:Z:none rc
463285	dedd9056-92b1-424b-9bec-cc4918ac743c	qs:f:18.9599	ch:i:105	st:Z:2026-07-15T19:45:34.925000+00:00	RG:Z:a40d6b40-d3ad-4fe7-8245-9c92f794f831_dna_r10.4.1_e8.2_400bps_sup@v5.2.0	DS:Z:gpu:NVIDIA GeForce RTX 4070 SUPER	PU:Z:FBG39641	DT:Z:2026-07-15T14:17:26.508000+00:00	tm:Z:adapter,primer
463285	81a1cb92-2483-4047-a48c-994cab615db9	qs:f:18.4302	ch:i:99	st:Z:2026-07-15T18:10:17.873000+00:00	RG:Z:a40d6b40-d3ad-4fe7-8245-9c92f794f831_dna_r10.4.1_e8.2_400bps_sup@v5.2.0	DS:Z:gpu:NVIDIA GeForce RTX 4070 SUPER	PU:Z:FBG39641	DT:Z:2026-07-15T14:17:26.508000+00:00	tm:Z:adapter,primer rc
463285	e4790af1-8f59-48d5-89c5-051dcaaf7d17	qs:f:15.2464	ch:i:72	st:Z:2026-07-15T19:15:51.965000+00:00	RG:Z:a40d6b40-d3ad-4fe7-8245-9c92f794f831_dna_r10.4.1_e8.2_400bps_sup@v5.2.0	DS:Z:gpu:NVIDIA GeForce RTX 4070 SUPER	PU:Z:FBG39641	DT:Z:2026-07-15T14:17:26.508000+00:00	tm:Z:adapter,primer rc
463285	0e6cf531-4735-4793-aaef-9fe2ed62b5ac	qs:f:18.1695	ch:i:276	st:Z:2026-07-15T21:47:59.301000+00:00	RG:Z:a40d6b40-d3ad-4fe7-8245-9c92f794f831_dna_r10.4.1_e8.2_400bps_sup@v5.2.0	DS:Z:gpu:NVIDIA GeForce RTX 4070 SUPER	PU:Z:FBG39641	DT:Z:2026-07-15T14:17:26.508000+00:00	tm:Z:adapter,primer
463285	737d85d3-016a-4ebb-a2c2-51f0546339f6	qs:f:20.1948	ch:i:382	st:Z:2026-07-15T21:18:16.119000+00:00	RG:Z:a40d6b40-d3ad-4fe7-8245-9c92f794f831_dna_r10.4.1_e8.2_400bps_sup@v5.2.0	DS:Z:gpu:NVIDIA GeForce RTX 4070 SUPER	PU:Z:FBG39641	DT:Z:2026-07-15T14:17:26.508000+00:00	tm:Z:adapter,primer rc
463285	66a79446-efda-44bc-9ee4-084b9e1277bc	qs:f:22.5559	ch:i:194	st:Z:2026-07-15T22:34:22.876000+00:00	RG:Z:a40d6b40-d3ad-4fe7-8245-9c92f794f831_dna_r10.4.1_e8.2_400bps_sup@v5.2.0	DS:Z:gpu:NVIDIA GeForce RTX 4070 SUPER	PU:Z:FBG39641	DT:Z:2026-07-15T14:17:26.508000+00:00	tm:Z:adapter,primer rc
463285	89b2847f-1e0d-4d80-8d91-9ce9a19c16ea	qs:f:15.1885	ch:i:329	st:Z:2026-07-16T01:04:17.915000+00:00	RG:Z:a40d6b40-d3ad-4fe7-8245-9c92f794f831_dna_r10.4.1_e8.2_400bps_sup@v5.2.0	DS:Z:gpu:NVIDIA GeForce RTX 4070 SUPER	PU:Z:FBG39641	DT:Z:2026-07-15T14:17:26.508000+00:00	tm:Z:none
463285	8a6c8355-8d54-4533-bd25-50b4f7ad27e1	qs:f:18.3499	ch:i:126	st:Z:2026-07-15T15:51:16.467000+00:00	RG:Z:a40d6b40-d3ad-4fe7-8245-9c92f794f831_dna_r10.4.1_e8.2_400bps_sup@v5.2.0	DS:Z:gpu:NVIDIA GeForce RTX 4070 SUPER	PU:Z:FBG39641	DT:Z:2026-07-15T14:17:26.508000+00:00	tm:Z:adapter,primer
463285	a2cb8513-9edf-498f-a025-30d0d2676a9b	qs:f:13.4598	ch:i:288	st:Z:2026-07-15T19:51:53.886000+00:00	RG:Z:a40d6b40-d3ad-4fe7-8245-9c92f794f831_dna_r10.4.1_e8.2_400bps_sup@v5.2.0	DS:Z:gpu:NVIDIA GeForce RTX 4070 SUPER	PU:Z:FBG39641	DT:Z:2026-07-15T14:17:26.508000+00:00	tm:Z:adapter,primer
463285	aa1aeac5-1170-4a2b-9860-8b6f8202dc08	qs:f:18.9063	ch:i:290	st:Z:2026-07-15T15:02:31.859000+00:00	RG:Z:a40d6b40-d3ad-4fe7-8245-9c92f794f831_dna_r10.4.1_e8.2_400bps_sup@v5.2.0	DS:Z:gpu:NVIDIA GeForce RTX 4070 SUPER	PU:Z:FBG39641	DT:Z:2026-07-15T14:17:26.508000+00:00	tm:Z:adapter,primer rc
463285	c958ebef-55e8-41a4-a823-4c694a574fe6	qs:f:20.1214	ch:i:360	st:Z:2026-07-15T21:19:53.323000+00:00	RG:Z:a40d6b40-d3ad-4fe7-8245-9c92f794f831_dna_r10.4.1_e8.2_400bps_sup@v5.2.0	DS:Z:gpu:NVIDIA GeForce RTX 4070 SUPER	PU:Z:FBG39641	DT:Z:2026-07-15T14:17:26.508000+00:00	tm:Z:adapter,primer
463285	d480fe20-85c0-4c2a-8b47-fcd4c23264df	qs:f:19.4451	ch:i:395	st:Z:2026-07-15T19:43:33.083000+00:00	RG:Z:a40d6b40-d3ad-4fe7-8245-9c92f794f831_dna_r10.4.1_e8.2_400bps_sup@v5.2.0	DS:Z:gpu:NVIDIA GeForce RTX 4070 SUPER	PU:Z:FBG39641	DT:Z:2026-07-15T14:17:26.508000+00:00	tm:Z:adapter,primer rc
463285	edfdd5c0-ba58-4b6a-a651-f62493a4ba82	qs:f:16.1174	ch:i:424	st:Z:2026-07-15T15:27:30.616000+00:00	RG:Z:a40d6b40-d3ad-4fe7-8245-9c92f794f831_dna_r10.4.1_e8.2_400bps_sup@v5.2.0	DS:Z:gpu:NVIDIA GeForce RTX 4070 SUPER	PU:Z:FBG39641	DT:Z:2026-07-15T14:17:26.508000+00:00	tm:Z:adapter,primer
463285	74aa3502-4b40-438a-8c5f-500659543fc0	qs:f:19.9842	ch:i:157	st:Z:2026-07-16T01:47:25.503000+00:00	RG:Z:a40d6b40-d3ad-4fe7-8245-9c92f794f831_dna_r10.4.1_e8.2_400bps_sup@v5.2.0	DS:Z:gpu:NVIDIA GeForce RTX 4070 SUPER	PU:Z:FBG39641	DT:Z:2026-07-15T14:17:26.508000+00:00	tm:Z:adapter,primer rc
463285	8117748b-35ba-4738-a2ae-67243b1a49c6	qs:f:16.3362	ch:i:448	st:Z:2026-07-16T00:54:08.139000+00:00	RG:Z:a40d6b40-d3ad-4fe7-8245-9c92f794f831_dna_r10.4.1_e8.2_400bps_sup@v5.2.0	DS:Z:gpu:NVIDIA GeForce RTX 4070 SUPER	PU:Z:FBG39641	DT:Z:2026-07-15T14:17:26.508000+00:00	tm:Z:adapter,primer
463285	e5c02077-7ef2-4bea-b7b4-9ba431d0822a	qs:f:14.1185	ch:i:39	st:Z:2026-07-15T21:35:19.109000+00:00	RG:Z:a40d6b40-d3ad-4fe7-8245-9c92f794f831_dna_r10.4.1_e8.2_400bps_sup@v5.2.0	DS:Z:gpu:NVIDIA GeForce RTX 4070 SUPER	PU:Z:FBG39641	DT:Z:2026-07-15T14:17:26.508000+00:00	tm:Z:none rc
463285	f1fc2331-afef-473c-873b-88b5042e5423	qs:f:13.6846	ch:i:344	st:Z:2026-07-15T22:56:42.403000+00:00	RG:Z:a40d6b40-d3ad-4fe7-8245-9c92f794f831_dna_r10.4.1_e8.2_400bps_sup@v5.2.0	DS:Z:gpu:NVIDIA GeForce RTX 4070 SUPER	PU:Z:FBG39641	DT:Z:2026-07-15T14:17:26.508000+00:00	tm:Z:adapter,primer
463285	56c2eeb4-ea39-428c-ae5f-1e07ecc1b469	qs:f:19.7267	ch:i:449	st:Z:2026-07-15T20:22:34.140000+00:00	RG:Z:a40d6b40-d3ad-4fe7-8245-9c92f794f831_dna_r10.4.1_e8.2_400bps_sup@v5.2.0	DS:Z:gpu:NVIDIA GeForce RTX 4070 SUPER	PU:Z:FBG39641	DT:Z:2026-07-15T14:17:26.508000+00:00	tm:Z:adapter,primer
463285	a24728f5-49ae-40ae-8009-18082de6d248	qs:f:20.2575	ch:i:116	st:Z:2026-07-15T15:16:25.268000+00:00	RG:Z:a40d6b40-d3ad-4fe7-8245-9c92f794f831_dna_r10.4.1_e8.2_400bps_sup@v5.2.0	DS:Z:gpu:NVIDIA GeForce RTX 4070 SUPER	PU:Z:FBG39641	DT:Z:2026-07-15T14:17:26.508000+00:00	tm:Z:adapter,primer rc
463285	2257bfa4-072e-42e1-a65c-26137636708f	qs:f:15.2802	ch:i:236	st:Z:2026-07-15T18:19:10.684000+00:00	RG:Z:a40d6b40-d3ad-4fe7-8245-9c92f794f831_dna_r10.4.1_e8.2_400bps_sup@v5.2.0	DS:Z:gpu:NVIDIA GeForce RTX 4070 SUPER	PU:Z:FBG39641	DT:Z:2026-07-15T14:17:26.508000+00:00	tm:Z:adapter,primer
463285	21dab62f-bedc-4865-bcb2-fdbdde245b5e	qs:f:19.2209	ch:i:154	st:Z:2026-07-15T14:40:45.737000+00:00	RG:Z:a40d6b40-d3ad-4fe7-8245-9c92f794f831_dna_r10.4.1_e8.2_400bps_sup@v5.2.0	DS:Z:gpu:NVIDIA GeForce RTX 4070 SUPER	PU:Z:FBG39641	DT:Z:2026-07-15T14:17:26.508000+00:00	tm:Z:adapter,primer
463285	6e568d0f-40a1-4188-aa04-063d32953c35	qs:f:17.6145	ch:i:243	st:Z:2026-07-15T23:35:05.670000+00:00	RG:Z:a40d6b40-d3ad-4fe7-8245-9c92f794f831_dna_r10.4.1_e8.2_400bps_sup@v5.2.0	DS:Z:gpu:NVIDIA GeForce RTX 4070 SUPER	PU:Z:FBG39641	DT:Z:2026-07-15T14:17:26.508000+00:00	tm:Z:adapter,primer
463285	99b17ada-e760-40c3-a388-8c9489438886	qs:f:17.6616	ch:i:147	st:Z:2026-07-16T02:07:25.144000+00:00	RG:Z:a40d6b40-d3ad-4fe7-8245-9c92f794f831_dna_r10.4.1_e8.2_400bps_sup@v5.2.0	DS:Z:gpu:NVIDIA GeForce RTX 4070 SUPER	PU:Z:FBG39641	DT:Z:2026-07-15T14:17:26.508000+00:00	tm:Z:adapter,primer
463285	590c8b22-5168-41ce-96e2-31a608c866dd	qs:f:16.3904	ch:i:306	st:Z:2026-07-15T19:37:28.434000+00:00	RG:Z:a40d6b40-d3ad-4fe7-8245-9c92f794f831_dna_r10.4.1_e8.2_400bps_sup@v5.2.0	DS:Z:gpu:NVIDIA GeForce RTX 4070 SUPER	PU:Z:FBG39641	DT:Z:2026-07-15T14:17:26.508000+00:00	tm:Z:adapter,primer
463285	fc59f507-b9f2-4af4-a92c-dc3cd4711aa6	qs:f:18.4783	ch:i:504	st:Z:2026-07-15T17:56:17.096000+00:00	RG:Z:a40d6b40-d3ad-4fe7-8245-9c92f794f831_dna_r10.4.1_e8.2_400bps_sup@v5.2.0	DS:Z:gpu:NVIDIA GeForce RTX 4070 SUPER	PU:Z:FBG39641	DT:Z:2026-07-15T14:17:26.508000+00:00	tm:Z:adapter,primer rc
463285	d780dc00-b5f6-4432-83d7-2134a938c94f	qs:f:14.9265	ch:i:252	st:Z:2026-07-15T20:26:53.412000+00:00	RG:Z:a40d6b40-d3ad-4fe7-8245-9c92f794f831_dna_r10.4.1_e8.2_400bps_sup@v5.2.0	DS:Z:gpu:NVIDIA GeForce RTX 4070 SUPER	PU:Z:FBG39641	DT:Z:2026-07-15T14:17:26.508000+00:00	tm:Z:adapter,primer rc
463285	2a11c950-df68-46bd-8a23-efc8d9603b5d	qs:f:17.1998	ch:i:138	st:Z:2026-07-15T22:02:04.951000+00:00	RG:Z:a40d6b40-d3ad-4fe7-8245-9c92f794f831_dna_r10.4.1_e8.2_400bps_sup@v5.2.0	DS:Z:gpu:NVIDIA GeForce RTX 4070 SUPER	PU:Z:FBG39641	DT:Z:2026-07-15T14:17:26.508000+00:00	tm:Z:adapter,primer rc
463285	2119106d-121f-43b9-9447-bc75baa8797d	qs:f:17.0043	ch:i:160	st:Z:2026-07-15T16:19:24.740000+00:00	RG:Z:a40d6b40-d3ad-4fe7-8245-9c92f794f831_dna_r10.4.1_e8.2_400bps_sup@v5.2.0	DS:Z:gpu:NVIDIA GeForce RTX 4070 SUPER	PU:Z:FBG39641	DT:Z:2026-07-15T14:17:26.508000+00:00	tm:Z:adapter,primer
463285	ac23e47c-efbe-493b-969d-c88f75b1109f	qs:f:15.5003	ch:i:475	st:Z:2026-07-15T19:58:16.066000+00:00	RG:Z:a40d6b40-d3ad-4fe7-8245-9c92f794f831_dna_r10.4.1_e8.2_400bps_sup@v5.2.0	DS:Z:gpu:NVIDIA GeForce RTX 4070 SUPER	PU:Z:FBG39641	DT:Z:2026-07-15T14:17:26.508000+00:00	tm:Z:adapter,primer rc
463285	6bd30e72-ba6e-4195-8a2b-8e034f23a1b5	qs:f:12.936	ch:i:136	st:Z:2026-07-15T21:36:14.000000+00:00	RG:Z:a40d6b40-d3ad-4fe7-8245-9c92f794f831_dna_r10.4.1_e8.2_400bps_sup@v5.2.0	DS:Z:gpu:NVIDIA GeForce RTX 4070 SUPER	PU:Z:FBG39641	DT:Z:2026-07-15T14:17:26.508000+00:00	tm:Z:none
463285	92397c5f-83ab-4b7a-9c38-ce56f5ee026a	qs:f:16.0333	ch:i:237	st:Z:2026-07-15T20:34:54.324000+00:00	RG:Z:a40d6b40-d3ad-4fe7-8245-9c92f794f831_dna_r10.4.1_e8.2_400bps_sup@v5.2.0	DS:Z:gpu:NVIDIA GeForce RTX 4070 SUPER	PU:Z:FBG39641	DT:Z:2026-07-15T14:17:26.508000+00:00	tm:Z:adapter,primer
463285	7d946ed4-71f3-44a4-a3d3-deded45b2a88	qs:f:17.3449	ch:i:429	st:Z:2026-07-15T22:07:10.216000+00:00	RG:Z:a40d6b40-d3ad-4fe7-8245-9c92f794f831_dna_r10.4.1_e8.2_400bps_sup@v5.2.0	DS:Z:gpu:NVIDIA GeForce RTX 4070 SUPER	PU:Z:FBG39641	DT:Z:2026-07-15T14:17:26.508000+00:00	tm:Z:adapter,primer rc
463285	4a0dee9f-1820-4973-b9cd-a5302763fbbd	qs:f:15.9254	ch:i:451	st:Z:2026-07-16T01:02:40.109000+00:00	RG:Z:a40d6b40-d3ad-4fe7-8245-9c92f794f831_dna_r10.4.1_e8.2_400bps_sup@v5.2.0	DS:Z:gpu:NVIDIA GeForce RTX 4070 SUPER	PU:Z:FBG39641	DT:Z:2026-07-15T14:17:26.508000+00:00	tm:Z:adapter,primer rc
463285	fbfb186e-c2e2-4a02-919d-0c2c2a48f929	qs:f:18.7397	ch:i:212	st:Z:2026-07-15T15:34:03.758000+00:00	RG:Z:a40d6b40-d3ad-4fe7-8245-9c92f794f831_dna_r10.4.1_e8.2_400bps_sup@v5.2.0	DS:Z:gpu:NVIDIA GeForce RTX 4070 SUPER	PU:Z:FBG39641	DT:Z:2026-07-15T14:17:26.508000+00:00	tm:Z:adapter,primer rc
463285	c96e8e06-4ab3-4358-bc31-1f3f9d2674e5	qs:f:16.9897	ch:i:365	st:Z:2026-07-15T15:19:09.773000+00:00	RG:Z:a40d6b40-d3ad-4fe7-8245-9c92f794f831_dna_r10.4.1_e8.2_400bps_sup@v5.2.0	DS:Z:gpu:NVIDIA GeForce RTX 4070 SUPER	PU:Z:FBG39641	DT:Z:2026-07-15T14:17:26.508000+00:00	tm:Z:none rc
463285	f0484ab7-463b-4b2c-ab47-e89018a8abc3	qs:f:14.378	ch:i:244	st:Z:2026-07-15T23:20:01.094000+00:00	RG:Z:a40d6b40-d3ad-4fe7-8245-9c92f794f831_dna_r10.4.1_e8.2_400bps_sup@v5.2.0	DS:Z:gpu:NVIDIA GeForce RTX 4070 SUPER	PU:Z:FBG39641	DT:Z:2026-07-15T14:17:26.508000+00:00	tm:Z:adapter,primer rc
463285	897b8251-605a-4009-93df-a934d3b3592c	qs:f:17.0822	ch:i:384	st:Z:2026-07-15T16:06:15.929000+00:00	RG:Z:a40d6b40-d3ad-4fe7-8245-9c92f794f831_dna_r10.4.1_e8.2_400bps_sup@v5.2.0	DS:Z:gpu:NVIDIA GeForce RTX 4070 SUPER	PU:Z:FBG39641	DT:Z:2026-07-15T14:17:26.508000+00:00	tm:Z:adapter,primer rc
463285	ab84afe9-1c0c-48e5-8aea-21cda059a92d	qs:f:13.5216	ch:i:300	st:Z:2026-07-15T17:06:14.041000+00:00	RG:Z:a40d6b40-d3ad-4fe7-8245-9c92f794f831_dna_r10.4.1_e8.2_400bps_sup@v5.2.0	DS:Z:gpu:NVIDIA GeForce RTX 4070 SUPER	PU:Z:FBG39641	DT:Z:2026-07-15T14:17:26.508000+00:00	tm:Z:adapter,primer rc
463285	68f321af-c776-42a9-a89b-81abaed60d92	qs:f:16.1044	ch:i:153	st:Z:2026-07-15T16:56:25.532000+00:00	RG:Z:a40d6b40-d3ad-4fe7-8245-9c92f794f831_dna_r10.4.1_e8.2_400bps_sup@v5.2.0	DS:Z:gpu:NVIDIA GeForce RTX 4070 SUPER	PU:Z:FBG39641	DT:Z:2026-07-15T14:17:26.508000+00:00	tm:Z:adapter,primer rc
463285	fec17ccd-b850-4af3-9aa2-cc0e11cec779	qs:f:14.3124	ch:i:197	st:Z:2026-07-15T21:57:24.239000+00:00	RG:Z:a40d6b40-d3ad-4fe7-8245-9c92f794f831_dna_r10.4.1_e8.2_400bps_sup@v5.2.0	DS:Z:gpu:NVIDIA GeForce RTX 4070 SUPER	PU:Z:FBG39641	DT:Z:2026-07-15T14:17:26.508000+00:00	tm:Z:adapter,primer
463285	c49d914e-b3fa-4d89-90a0-b836dae76812	qs:f:11.9149	ch:i:412	st:Z:2026-07-15T18:35:33.104000+00:00	RG:Z:a40d6b40-d3ad-4fe7-8245-9c92f794f831_dna_r10.4.1_e8.2_400bps_sup@v5.2.0	DS:Z:gpu:NVIDIA GeForce RTX 4070 SUPER	PU:Z:FBG39641	DT:Z:2026-07-15T14:17:26.508000+00:00	tm:Z:adapter,primer rc
463285	c199f2ef-46c4-4fdf-a198-d5f14cf78ed9	qs:f:12.3029	ch:i:493	st:Z:2026-07-15T14:44:33.837000+00:00	RG:Z:a40d6b40-d3ad-4fe7-8245-9c92f794f831_dna_r10.4.1_e8.2_400bps_sup@v5.2.0	DS:Z:gpu:NVIDIA GeForce RTX 4070 SUPER	PU:Z:FBG39641	DT:Z:2026-07-15T14:17:26.508000+00:00	tm:Z:adapter,primer
463285	c0e9d215-0887-4198-9407-889ac12d7aea	qs:f:12.1467	ch:i:140	st:Z:2026-07-15T21:53:30.431000+00:00	RG:Z:a40d6b40-d3ad-4fe7-8245-9c92f794f831_dna_r10.4.1_e8.2_400bps_sup@v5.2.0	DS:Z:gpu:NVIDIA GeForce RTX 4070 SUPER	PU:Z:FBG39641	DT:Z:2026-07-15T14:17:26.508000+00:00	tm:Z:adapter,primer rc
463285	4db297c2-5f83-4d76-a6ae-048a13e20f37	qs:f:11.7963	ch:i:272	st:Z:2026-07-15T23:15:16.503000+00:00	RG:Z:a40d6b40-d3ad-4fe7-8245-9c92f794f831_dna_r10.4.1_e8.2_400bps_sup@v5.2.0	DS:Z:gpu:NVIDIA GeForce RTX 4070 SUPER	PU:Z:FBG39641	DT:Z:2026-07-15T14:17:26.508000+00:00	tm:Z:none rc
463285	87dadefe-1df6-4b2d-8b84-d1741dd5423c	qs:f:8.79949	ch:i:281	st:Z:2026-07-15T20:58:44.290000+00:00	RG:Z:a40d6b40-d3ad-4fe7-8245-9c92f794f831_dna_r10.4.1_e8.2_400bps_sup@v5.2.0	DS:Z:gpu:NVIDIA GeForce RTX 4070 SUPER	PU:Z:FBG39641	DT:Z:2026-07-15T14:17:26.508000+00:00	tm:Z:adapter,primer rc
463285	bcf4e4e7-d874-4e0a-b2ad-15f946a20092	qs:f:15.1595	ch:i:241	st:Z:2026-07-15T20:57:16.013000+00:00	RG:Z:a40d6b40-d3ad-4fe7-8245-9c92f794f831_dna_r10.4.1_e8.2_400bps_sup@v5.2.0	DS:Z:gpu:NVIDIA GeForce RTX 4070 SUPER	PU:Z:FBG39641	DT:Z:2026-07-15T14:17:26.508000+00:00	tm:Z:adapter,primer
463285	6827edd2-e124-4efd-a189-b7a2023c6dec	qs:f:12.5548	ch:i:65	st:Z:2026-07-15T20:52:04.452000+00:00	RG:Z:a40d6b40-d3ad-4fe7-8245-9c92f794f831_dna_r10.4.1_e8.2_400bps_sup@v5.2.0	DS:Z:gpu:NVIDIA GeForce RTX 4070 SUPER	PU:Z:FBG39641	DT:Z:2026-07-15T14:17:26.508000+00:00	tm:Z:adapter,primer rc
463285	8be55ab5-7dec-4033-a4e7-963076ce4354	qs:f:12.9053	ch:i:126	st:Z:2026-07-15T20:11:21.714000+00:00	RG:Z:a40d6b40-d3ad-4fe7-8245-9c92f794f831_dna_r10.4.1_e8.2_400bps_sup@v5.2.0	DS:Z:gpu:NVIDIA GeForce RTX 4070 SUPER	PU:Z:FBG39641	DT:Z:2026-07-15T14:17:26.508000+00:00	tm:Z:adapter,primer rc
463285	96250e8f-5d82-4876-bc16-a9d9d4c3fad3	qs:f:13.792	ch:i:154	st:Z:2026-07-15T15:22:21.373000+00:00	RG:Z:a40d6b40-d3ad-4fe7-8245-9c92f794f831_dna_r10.4.1_e8.2_400bps_sup@v5.2.0	DS:Z:gpu:NVIDIA GeForce RTX 4070 SUPER	PU:Z:FBG39641	DT:Z:2026-07-15T14:17:26.508000+00:00	tm:Z:none
463285	acfaa141-eead-4aa1-9db9-918533d117cd	qs:f:14.9102	ch:i:130	st:Z:2026-07-15T17:06:05.643000+00:00	RG:Z:a40d6b40-d3ad-4fe7-8245-9c92f794f831_dna_r10.4.1_e8.2_400bps_sup@v5.2.0	DS:Z:gpu:NVIDIA GeForce RTX 4070 SUPER	PU:Z:FBG39641	DT:Z:2026-07-15T14:17:26.508000+00:00	tm:Z:adapter,primer rc
463285	3edc945b-60d4-4477-8b05-db1463803b3a	qs:f:13.3683	ch:i:140	st:Z:2026-07-16T01:31:39.466000+00:00	RG:Z:a40d6b40-d3ad-4fe7-8245-9c92f794f831_dna_r10.4.1_e8.2_400bps_sup@v5.2.0	DS:Z:gpu:NVIDIA GeForce RTX 4070 SUPER	PU:Z:FBG39641	DT:Z:2026-07-15T14:17:26.508000+00:00	tm:Z:adapter,primer
463285	90501bd0-2d24-4bc3-93ae-b773e08ed095	qs:f:12.0499	ch:i:456	st:Z:2026-07-16T00:47:13.657000+00:00	RG:Z:a40d6b40-d3ad-4fe7-8245-9c92f794f831_dna_r10.4.1_e8.2_400bps_sup@v5.2.0	DS:Z:gpu:NVIDIA GeForce RTX 4070 SUPER	PU:Z:FBG39641	DT:Z:2026-07-15T14:17:26.508000+00:00	tm:Z:adapter,primer rc
465270	254fe240-c98c-40dd-97f8-421b03b86b3b	qs:f:18.5538	ch:i:59	st:Z:2026-07-15T23:15:14.249000+00:00	RG:Z:a40d6b40-d3ad-4fe7-8245-9c92f794f831_dna_r10.4.1_e8.2_400bps_sup@v5.2.0	DS:Z:gpu:NVIDIA GeForce RTX 4070 SUPER	PU:Z:FBG39641	DT:Z:2026-07-15T14:17:26.508000+00:00	tm:Z:none rc
465270	d6a96b59-ad04-4205-9622-fee9f9d23a93	qs:f:17.0829	ch:i:201	st:Z:2026-07-15T20:16:39.634000+00:00	RG:Z:a40d6b40-d3ad-4fe7-8245-9c92f794f831_dna_r10.4.1_e8.2_400bps_sup@v5.2.0	DS:Z:gpu:NVIDIA GeForce RTX 4070 SUPER	PU:Z:FBG39641	DT:Z:2026-07-15T14:17:26.508000+00:00	tm:Z:adapter,primer
465270	0cc0c654-9b29-48fa-a023-d8368f639580	qs:f:17.2887	ch:i:18	st:Z:2026-07-15T16:42:46.440000+00:00	RG:Z:a40d6b40-d3ad-4fe7-8245-9c92f794f831_dna_r10.4.1_e8.2_400bps_sup@v5.2.0	DS:Z:gpu:NVIDIA GeForce RTX 4070 SUPER	PU:Z:FBG39641	DT:Z:2026-07-15T14:17:26.508000+00:00	tm:Z:adapter,primer rc
465270	b2dcb744-65c5-4115-b39b-9cf9020c75e0	qs:f:13.6192	ch:i:195	st:Z:2026-07-15T22:50:30.530000+00:00	RG:Z:a40d6b40-d3ad-4fe7-8245-9c92f794f831_dna_r10.4.1_e8.2_400bps_sup@v5.2.0	DS:Z:gpu:NVIDIA GeForce RTX 4070 SUPER	PU:Z:FBG39641	DT:Z:2026-07-15T14:17:26.508000+00:00	tm:Z:adapter,primer
465270	9cf27c4b-8bb9-4b5b-afd1-924fd6f40368	qs:f:18.4148	ch:i:40	st:Z:2026-07-15T18:17:18.100000+00:00	RG:Z:a40d6b40-d3ad-4fe7-8245-9c92f794f831_dna_r10.4.1_e8.2_400bps_sup@v5.2.0	DS:Z:gpu:NVIDIA GeForce RTX 4070 SUPER	PU:Z:FBG39641	DT:Z:2026-07-15T14:17:26.508000+00:00	tm:Z:adapter,primer
465270	bc2198a3-9fbc-46ec-b0e1-8d1c91c16fe0	qs:f:16.7517	ch:i:201	st:Z:2026-07-15T20:35:19.505000+00:00	RG:Z:a40d6b40-d3ad-4fe7-8245-9c92f794f831_dna_r10.4.1_e8.2_400bps_sup@v5.2.0	DS:Z:gpu:NVIDIA GeForce RTX 4070 SUPER	PU:Z:FBG39641	DT:Z:2026-07-15T14:17:26.508000+00:00	tm:Z:none rc
465270	5412b48a-53b4-4c9c-9e9a-1cde4877c718	qs:f:13.6275	ch:i:280	st:Z:2026-07-15T21:22:03.418000+00:00	RG:Z:a40d6b40-d3ad-4fe7-8245-9c92f794f831_dna_r10.4.1_e8.2_400bps_sup@v5.2.0	DS:Z:gpu:NVIDIA GeForce RTX 4070 SUPER	PU:Z:FBG39641	DT:Z:2026-07-15T14:17:26.508000+00:00	tm:Z:none rc
465270	8c473f32-fc04-4c00-a917-7968a0e5694f	qs:f:15.0008	ch:i:201	st:Z:2026-07-15T20:59:55.186000+00:00	RG:Z:a40d6b40-d3ad-4fe7-8245-9c92f794f831_dna_r10.4.1_e8.2_400bps_sup@v5.2.0	DS:Z:gpu:NVIDIA GeForce RTX 4070 SUPER	PU:Z:FBG39641	DT:Z:2026-07-15T14:17:26.508000+00:00	tm:Z:adapter,primer
465270	06a8c075-2bb1-4183-bc52-707bc0efc37b	qs:f:18.2122	ch:i:7	st:Z:2026-07-15T21:28:27.637000+00:00	RG:Z:a40d6b40-d3ad-4fe7-8245-9c92f794f831_dna_r10.4.1_e8.2_400bps_sup@v5.2.0	DS:Z:gpu:NVIDIA GeForce RTX 4070 SUPER	PU:Z:FBG39641	DT:Z:2026-07-15T14:17:26.508000+00:00	tm:Z:none rc
465270	b47f1de2-275a-47c0-ac95-5d99a4b986f3	qs:f:14.7388	ch:i:446	st:Z:2026-07-15T19:50:59.120000+00:00	RG:Z:a40d6b40-d3ad-4fe7-8245-9c92f794f831_dna_r10.4.1_e8.2_400bps_sup@v5.2.0	DS:Z:gpu:NVIDIA GeForce RTX 4070 SUPER	PU:Z:FBG39641	DT:Z:2026-07-15T14:17:26.508000+00:00	tm:Z:none rc
465270	4cd16f9b-d19c-4580-bd52-2e6fd8d8a5f2	qs:f:18.9506	ch:i:343	st:Z:2026-07-15T18:41:54.538000+00:00	RG:Z:a40d6b40-d3ad-4fe7-8245-9c92f794f831_dna_r10.4.1_e8.2_400bps_sup@v5.2.0	DS:Z:gpu:NVIDIA GeForce RTX 4070 SUPER	PU:Z:FBG39641	DT:Z:2026-07-15T14:17:26.508000+00:00	tm:Z:adapter,primer rc
465270	07ea4cd2-9f8c-4f99-8ced-d09b25396bd2	qs:f:19.3402	ch:i:31	st:Z:2026-07-15T16:35:22.198000+00:00	RG:Z:a40d6b40-d3ad-4fe7-8245-9c92f794f831_dna_r10.4.1_e8.2_400bps_sup@v5.2.0	DS:Z:gpu:NVIDIA GeForce RTX 4070 SUPER	PU:Z:FBG39641	DT:Z:2026-07-15T14:17:26.508000+00:00	tm:Z:none rc
465270	a8ae4f6a-55c4-4d9f-8a81-5a00f19aec4a	qs:f:20.0906	ch:i:230	st:Z:2026-07-15T15:46:13.220000+00:00	RG:Z:a40d6b40-d3ad-4fe7-8245-9c92f794f831_dna_r10.4.1_e8.2_400bps_sup@v5.2.0	DS:Z:gpu:NVIDIA GeForce RTX 4070 SUPER	PU:Z:FBG39641	DT:Z:2026-07-15T14:17:26.508000+00:00	tm:Z:adapter,primer rc
465270	76280a28-46f3-4161-bb7e-3a455c22cac2	qs:f:12.7019	ch:i:2	st:Z:2026-07-15T20:50:57.860000+00:00	RG:Z:a40d6b40-d3ad-4fe7-8245-9c92f794f831_dna_r10.4.1_e8.2_400bps_sup@v5.2.0	DS:Z:gpu:NVIDIA GeForce RTX 4070 SUPER	PU:Z:FBG39641	DT:Z:2026-07-15T14:17:26.508000+00:00	tm:Z:adapter,primer
465270	9fd64c1c-da7a-4757-9e3c-4692aeffef63	qs:f:17.3419	ch:i:352	st:Z:2026-07-15T22:07:04.439000+00:00	RG:Z:a40d6b40-d3ad-4fe7-8245-9c92f794f831_dna_r10.4.1_e8.2_400bps_sup@v5.2.0	DS:Z:gpu:NVIDIA GeForce RTX 4070 SUPER	PU:Z:FBG39641	DT:Z:2026-07-15T14:17:26.508000+00:00	tm:Z:none
465270	692c8215-921a-45b1-88d7-9dd22537322b	qs:f:16.8667	ch:i:204	st:Z:2026-07-15T14:28:52.823000+00:00	RG:Z:a40d6b40-d3ad-4fe7-8245-9c92f794f831_dna_r10.4.1_e8.2_400bps_sup@v5.2.0	DS:Z:gpu:NVIDIA GeForce RTX 4070 SUPER	PU:Z:FBG39641	DT:Z:2026-07-15T14:17:26.508000+00:00	tm:Z:none rc
465270	d1e91f00-e0c9-4b80-9040-46e13cbfba75	qs:f:16.7537	ch:i:106	st:Z:2026-07-16T00:47:32.676000+00:00	RG:Z:a40d6b40-d3ad-4fe7-8245-9c92f794f831_dna_r10.4.1_e8.2_400bps_sup@v5.2.0	DS:Z:gpu:NVIDIA GeForce RTX 4070 SUPER	PU:Z:FBG39641	DT:Z:2026-07-15T14:17:26.508000+00:00	tm:Z:none rc
465270	36c0a25c-86dd-4413-afb6-8d194df5f43f	qs:f:17.9869	ch:i:71	st:Z:2026-07-15T21:01:05.882000+00:00	RG:Z:a40d6b40-d3ad-4fe7-8245-9c92f794f831_dna_r10.4.1_e8.2_400bps_sup@v5.2.0	DS:Z:gpu:NVIDIA GeForce RTX 4070 SUPER	PU:Z:FBG39641	DT:Z:2026-07-15T14:17:26.508000+00:00	tm:Z:none rc
465270	6f92bd6a-20cf-4aa9-8160-784d202ff151	qs:f:17.8237	ch:i:392	st:Z:2026-07-15T21:27:19.951000+00:00	RG:Z:a40d6b40-d3ad-4fe7-8245-9c92f794f831_dna_r10.4.1_e8.2_400bps_sup@v5.2.0	DS:Z:gpu:NVIDIA GeForce RTX 4070 SUPER	PU:Z:FBG39641	DT:Z:2026-07-15T14:17:26.508000+00:00	tm:Z:adapter,primer
465270	bd29585e-1f4b-4881-b466-4ed685baddb3	qs:f:17.9403	ch:i:468	st:Z:2026-07-15T16:59:52.057000+00:00	RG:Z:a40d6b40-d3ad-4fe7-8245-9c92f794f831_dna_r10.4.1_e8.2_400bps_sup@v5.2.0	DS:Z:gpu:NVIDIA GeForce RTX 4070 SUPER	PU:Z:FBG39641	DT:Z:2026-07-15T14:17:26.508000+00:00	tm:Z:none
465270	8e8ec4eb-775b-4d3a-9d9c-ac87e5c5ee11	qs:f:16.1921	ch:i:295	st:Z:2026-07-16T01:17:44.630000+00:00	RG:Z:a40d6b40-d3ad-4fe7-8245-9c92f794f831_dna_r10.4.1_e8.2_400bps_sup@v5.2.0	DS:Z:gpu:NVIDIA GeForce RTX 4070 SUPER	PU:Z:FBG39641	DT:Z:2026-07-15T14:17:26.508000+00:00	tm:Z:adapter,primer rc
465270	dff8a348-f724-49a0-b92c-1b6cf6919a97	qs:f:17.9134	ch:i:504	st:Z:2026-07-15T15:50:44.488000+00:00	RG:Z:a40d6b40-d3ad-4fe7-8245-9c92f794f831_dna_r10.4.1_e8.2_400bps_sup@v5.2.0	DS:Z:gpu:NVIDIA GeForce RTX 4070 SUPER	PU:Z:FBG39641	DT:Z:2026-07-15T14:17:26.508000+00:00	tm:Z:adapter,primer rc
465270	c7597256-0d44-42d8-9329-05767b6fb7b3	qs:f:11.973	ch:i:209	st:Z:2026-07-15T20:38:28.138000+00:00	RG:Z:a40d6b40-d3ad-4fe7-8245-9c92f794f831_dna_r10.4.1_e8.2_400bps_sup@v5.2.0	DS:Z:gpu:NVIDIA GeForce RTX 4070 SUPER	PU:Z:FBG39641	DT:Z:2026-07-15T14:17:26.508000+00:00	tm:Z:none
465270	eb310df1-46c1-4689-951a-90db52d2c17a	qs:f:18.0472	ch:i:254	st:Z:2026-07-15T15:18:05.170000+00:00	RG:Z:a40d6b40-d3ad-4fe7-8245-9c92f794f831_dna_r10.4.1_e8.2_400bps_sup@v5.2.0	DS:Z:gpu:NVIDIA GeForce RTX 4070 SUPER	PU:Z:FBG39641	DT:Z:2026-07-15T14:17:26.508000+00:00	tm:Z:adapter,primer rc
465270	45dcaad7-15be-44d2-93f7-d4ff860d13d6	qs:f:13.5509	ch:i:56	st:Z:2026-07-16T01:14:16.116000+00:00	RG:Z:a40d6b40-d3ad-4fe7-8245-9c92f794f831_dna_r10.4.1_e8.2_400bps_sup@v5.2.0	DS:Z:gpu:NVIDIA GeForce RTX 4070 SUPER	PU:Z:FBG39641	DT:Z:2026-07-15T14:17:26.508000+00:00	tm:Z:adapter,primer rc
465270	90814701-4b4c-44ca-a441-c6266b8f09dd	qs:f:18.1253	ch:i:298	st:Z:2026-07-15T23:03:16.404000+00:00	RG:Z:a40d6b40-d3ad-4fe7-8245-9c92f794f831_dna_r10.4.1_e8.2_400bps_sup@v5.2.0	DS:Z:gpu:NVIDIA GeForce RTX 4070 SUPER	PU:Z:FBG39641	DT:Z:2026-07-15T14:17:26.508000+00:00	tm:Z:adapter,primer
465270	9b01c73a-9906-4409-beb7-0198c1e4b99d	qs:f:14.3259	ch:i:468	st:Z:2026-07-15T17:58:25.969000+00:00	RG:Z:a40d6b40-d3ad-4fe7-8245-9c92f794f831_dna_r10.4.1_e8.2_400bps_sup@v5.2.0	DS:Z:gpu:NVIDIA GeForce RTX 4070 SUPER	PU:Z:FBG39641	DT:Z:2026-07-15T14:17:26.508000+00:00	tm:Z:adapter,primer
465270	64823cf9-df13-4fc5-b9b5-c719ac2c60ac	qs:f:13.3325	ch:i:398	st:Z:2026-07-15T18:00:11.440000+00:00	RG:Z:a40d6b40-d3ad-4fe7-8245-9c92f794f831_dna_r10.4.1_e8.2_400bps_sup@v5.2.0	DS:Z:gpu:NVIDIA GeForce RTX 4070 SUPER	PU:Z:FBG39641	DT:Z:2026-07-15T14:17:26.508000+00:00	tm:Z:adapter,primer rc
465270	e1c53b7c-6f7b-488f-b386-1328b0650e9f	qs:f:16.5836	ch:i:77	st:Z:2026-07-15T17:14:47.575000+00:00	RG:Z:a40d6b40-d3ad-4fe7-8245-9c92f794f831_dna_r10.4.1_e8.2_400bps_sup@v5.2.0	DS:Z:gpu:NVIDIA GeForce RTX 4070 SUPER	PU:Z:FBG39641	DT:Z:2026-07-15T14:17:26.508000+00:00	tm:Z:adapter,primer rc
465270	0675a7b5-6210-4cf1-982c-ff4b34f41fd8	qs:f:15.4712	ch:i:332	st:Z:2026-07-16T00:07:28.312000+00:00	RG:Z:a40d6b40-d3ad-4fe7-8245-9c92f794f831_dna_r10.4.1_e8.2_400bps_sup@v5.2.0	DS:Z:gpu:NVIDIA GeForce RTX 4070 SUPER	PU:Z:FBG39641	DT:Z:2026-07-15T14:17:26.508000+00:00	tm:Z:adapter,primer
465270	e2b4d82e-9ec0-474c-a55a-a8aea095c392	qs:f:13.5444	ch:i:181	st:Z:2026-07-15T17:00:00.920000+00:00	RG:Z:a40d6b40-d3ad-4fe7-8245-9c92f794f831_dna_r10.4.1_e8.2_400bps_sup@v5.2.0	DS:Z:gpu:NVIDIA GeForce RTX 4070 SUPER	PU:Z:FBG39641	DT:Z:2026-07-15T14:17:26.508000+00:00	tm:Z:adapter,primer
465270	fe0ffb9b-b96f-4867-97c6-b0c84f8afa3d	qs:f:14.4968	ch:i:473	st:Z:2026-07-15T19:47:44.063000+00:00	RG:Z:a40d6b40-d3ad-4fe7-8245-9c92f794f831_dna_r10.4.1_e8.2_400bps_sup@v5.2.0	DS:Z:gpu:NVIDIA GeForce RTX 4070 SUPER	PU:Z:FBG39641	DT:Z:2026-07-15T14:17:26.508000+00:00	tm:Z:adapter,primer rc
465270	07f8a440-3581-4bba-a7d4-bc97e915a54a	qs:f:14.1099	ch:i:101	st:Z:2026-07-15T14:46:38.153000+00:00	RG:Z:a40d6b40-d3ad-4fe7-8245-9c92f794f831_dna_r10.4.1_e8.2_400bps_sup@v5.2.0	DS:Z:gpu:NVIDIA GeForce RTX 4070 SUPER	PU:Z:FBG39641	DT:Z:2026-07-15T14:17:26.508000+00:00	tm:Z:adapter,primer
465270	15d2c560-298a-4ea6-aa6a-49b8d5b37534	qs:f:15.2552	ch:i:230	st:Z:2026-07-15T22:18:27.143000+00:00	RG:Z:a40d6b40-d3ad-4fe7-8245-9c92f794f831_dna_r10.4.1_e8.2_400bps_sup@v5.2.0	DS:Z:gpu:NVIDIA GeForce RTX 4070 SUPER	PU:Z:FBG39641	DT:Z:2026-07-15T14:17:26.508000+00:00	tm:Z:adapter,primer
465270	07520f10-a047-4697-91a6-2f7a57da4658	qs:f:13.3251	ch:i:456	st:Z:2026-07-15T19:18:31.814000+00:00	RG:Z:a40d6b40-d3ad-4fe7-8245-9c92f794f831_dna_r10.4.1_e8.2_400bps_sup@v5.2.0	DS:Z:gpu:NVIDIA GeForce RTX 4070 SUPER	PU:Z:FBG39641	DT:Z:2026-07-15T14:17:26.508000+00:00	tm:Z:none
465270	1ee3bcd5-a0c4-4669-ae8d-ffa35bb75e4c	qs:f:12.3295	ch:i:33	st:Z:2026-07-15T23:29:50.163000+00:00	RG:Z:a40d6b40-d3ad-4fe7-8245-9c92f794f831_dna_r10.4.1_e8.2_400bps_sup@v5.2.0	DS:Z:gpu:NVIDIA GeForce RTX 4070 SUPER	PU:Z:FBG39641	DT:Z:2026-07-15T14:17:26.508000+00:00	tm:Z:adapter,primer
465270	1093f464-b10c-4947-9e52-8e559caef867	qs:f:13.4352	ch:i:140	st:Z:2026-07-15T21:37:25.213000+00:00	RG:Z:a40d6b40-d3ad-4fe7-8245-9c92f794f831_dna_r10.4.1_e8.2_400bps_sup@v5.2.0	DS:Z:gpu:NVIDIA GeForce RTX 4070 SUPER	PU:Z:FBG39641	DT:Z:2026-07-15T14:17:26.508000+00:00	tm:Z:adapter,primer
465270	14a2ee60-1f44-402c-9e8d-672a7a1ac86c	qs:f:14.3494	ch:i:129	st:Z:2026-07-15T21:35:10.091000+00:00	RG:Z:a40d6b40-d3ad-4fe7-8245-9c92f794f831_dna_r10.4.1_e8.2_400bps_sup@v5.2.0	DS:Z:gpu:NVIDIA GeForce RTX 4070 SUPER	PU:Z:FBG39641	DT:Z:2026-07-15T14:17:26.508000+00:00	tm:Z:adapter,primer rc
465270	8c9abeeb-bdc5-447c-a6cc-70368910776f	qs:f:12.9321	ch:i:277	st:Z:2026-07-15T16:32:05.563000+00:00	RG:Z:a40d6b40-d3ad-4fe7-8245-9c92f794f831_dna_r10.4.1_e8.2_400bps_sup@v5.2.0	DS:Z:gpu:NVIDIA GeForce RTX 4070 SUPER	PU:Z:FBG39641	DT:Z:2026-07-15T14:17:26.508000+00:00	tm:Z:none rc
465270	00c07bb2-3617-4e2b-b981-65aa0622b72c	qs:f:15.2473	ch:i:173	st:Z:2026-07-15T16:54:56.528000+00:00	RG:Z:a40d6b40-d3ad-4fe7-8245-9c92f794f831_dna_r10.4.1_e8.2_400bps_sup@v5.2.0	DS:Z:gpu:NVIDIA GeForce RTX 4070 SUPER	PU:Z:FBG39641	DT:Z:2026-07-15T14:17:26.508000+00:00	tm:Z:none
465270	c4cb344c-041f-4f86-845c-f32c219f9238	qs:f:13.3723	ch:i:429	st:Z:2026-07-15T22:04:23.704000+00:00	RG:Z:a40d6b40-d3ad-4fe7-8245-9c92f794f831_dna_r10.4.1_e8.2_400bps_sup@v5.2.0	DS:Z:gpu:NVIDIA GeForce RTX 4070 SUPER	PU:Z:FBG39641	DT:Z:2026-07-15T14:17:26.508000+00:00	tm:Z:adapter,primer
465270	245bd0ae-90a8-40c4-b6f7-1bb666b1e751	qs:f:12.3742	ch:i:18	st:Z:2026-07-15T22:52:44.648000+00:00	RG:Z:a40d6b40-d3ad-4fe7-8245-9c92f794f831_dna_r10.4.1_e8.2_400bps_sup@v5.2.0	DS:Z:gpu:NVIDIA GeForce RTX 4070 SUPER	PU:Z:FBG39641	DT:Z:2026-07-15T14:17:26.508000+00:00	tm:Z:adapter,primer rc
465270	4ba2912b-c44e-4f18-a357-58342b33a514	qs:f:12.9966	ch:i:382	st:Z:2026-07-15T15:40:49.473000+00:00	RG:Z:a40d6b40-d3ad-4fe7-8245-9c92f794f831_dna_r10.4.1_e8.2_400bps_sup@v5.2.0	DS:Z:gpu:NVIDIA GeForce RTX 4070 SUPER	PU:Z:FBG39641	DT:Z:2026-07-15T14:17:26.508000+00:00	tm:Z:adapter,primer
465270	d04bdbc0-fd7d-490d-8a12-51b853255203	qs:f:10.4906	ch:i:174	st:Z:2026-07-15T17:06:12.235000+00:00	RG:Z:a40d6b40-d3ad-4fe7-8245-9c92f794f831_dna_r10.4.1_e8.2_400bps_sup@v5.2.0	DS:Z:gpu:NVIDIA GeForce RTX 4070 SUPER	PU:Z:FBG39641	DT:Z:2026-07-15T14:17:26.508000+00:00	tm:Z:adapter,primer rc
465270	4faafa27-d4ff-4ad3-9dae-79da4c9dc5c9	qs:f:13.4528	ch:i:351	st:Z:2026-07-15T14:58:27.158000+00:00	RG:Z:a40d6b40-d3ad-4fe7-8245-9c92f794f831_dna_r10.4.1_e8.2_400bps_sup@v5.2.0	DS:Z:gpu:NVIDIA GeForce RTX 4070 SUPER	PU:Z:FBG39641	DT:Z:2026-07-15T14:17:26.508000+00:00	tm:Z:adapter,primer
465270	b7aac12f-bbab-48f5-b786-2fef50671d4c	qs:f:13.2976	ch:i:405	st:Z:2026-07-15T22:39:22.145000+00:00	RG:Z:a40d6b40-d3ad-4fe7-8245-9c92f794f831_dna_r10.4.1_e8.2_400bps_sup@v5.2.0	DS:Z:gpu:NVIDIA GeForce RTX 4070 SUPER	PU:Z:FBG39641	DT:Z:2026-07-15T14:17:26.508000+00:00	tm:Z:adapter,primer
465270	bb9d2303-2287-4bb0-83d2-4888465d6171	qs:f:11.104	ch:i:159	st:Z:2026-07-15T15:39:25.945000+00:00	RG:Z:a40d6b40-d3ad-4fe7-8245-9c92f794f831_dna_r10.4.1_e8.2_400bps_sup@v5.2.0	DS:Z:gpu:NVIDIA GeForce RTX 4070 SUPER	PU:Z:FBG39641	DT:Z:2026-07-15T14:17:26.508000+00:00	tm:Z:adapter,primer
465270	fc1bef42-5fc8-4670-aea2-430abb4a5c41	qs:f:15.1552	ch:i:330	st:Z:2026-07-15T18:37:22.814000+00:00	RG:Z:a40d6b40-d3ad-4fe7-8245-9c92f794f831_dna_r10.4.1_e8.2_400bps_sup@v5.2.0	DS:Z:gpu:NVIDIA GeForce RTX 4070 SUPER	PU:Z:FBG39641	DT:Z:2026-07-15T14:17:26.508000+00:00	tm:Z:adapter,primer rc
465270	30b39a57-9480-460d-9761-cc7c63f332f0	qs:f:13.8837	ch:i:154	st:Z:2026-07-15T15:03:54.319000+00:00	RG:Z:a40d6b40-d3ad-4fe7-8245-9c92f794f831_dna_r10.4.1_e8.2_400bps_sup@v5.2.0	DS:Z:gpu:NVIDIA GeForce RTX 4070 SUPER	PU:Z:FBG39641	DT:Z:2026-07-15T14:17:26.508000+00:00	tm:Z:adapter,primer rc
465270	a29a4024-7263-4478-afad-07ddcd417d64	qs:f:14.9854	ch:i:345	st:Z:2026-07-15T14:52:14.940000+00:00	RG:Z:a40d6b40-d3ad-4fe7-8245-9c92f794f831_dna_r10.4.1_e8.2_400bps_sup@v5.2.0	DS:Z:gpu:NVIDIA GeForce RTX 4070 SUPER	PU:Z:FBG39641	DT:Z:2026-07-15T14:17:26.508000+00:00	tm:Z:adapter,primer rc
465270	d17b9546-4fe3-4476-a841-748d2f5cc0ae	qs:f:11.6935	ch:i:154	st:Z:2026-07-15T16:12:18.052000+00:00	RG:Z:a40d6b40-d3ad-4fe7-8245-9c92f794f831_dna_r10.4.1_e8.2_400bps_sup@v5.2.0	DS:Z:gpu:NVIDIA GeForce RTX 4070 SUPER	PU:Z:FBG39641	DT:Z:2026-07-15T14:17:26.508000+00:00	tm:Z:adapter,primer rc
465270	b927e9a8-393b-413d-801b-63c72a852d6d	qs:f:10.3661	ch:i:443	st:Z:2026-07-16T00:51:44.470000+00:00	RG:Z:a40d6b40-d3ad-4fe7-8245-9c92f794f831_dna_r10.4.1_e8.2_400bps_sup@v5.2.0	DS:Z:gpu:NVIDIA GeForce RTX 4070 SUPER	PU:Z:FBG39641	DT:Z:2026-07-15T14:17:26.508000+00:00	tm:Z:adapter,primer
465270	395d0094-b770-45af-9188-6d5a266c2806	qs:f:14.9254	ch:i:57	st:Z:2026-07-15T14:42:53.389000+00:00	RG:Z:a40d6b40-d3ad-4fe7-8245-9c92f794f831_dna_r10.4.1_e8.2_400bps_sup@v5.2.0	DS:Z:gpu:NVIDIA GeForce RTX 4070 SUPER	PU:Z:FBG39641	DT:Z:2026-07-15T14:17:26.508000+00:00	tm:Z:adapter,primer rc
2641	6c76309e-b4c2-43e2-9ab0-5cb90622d266	qs:f:15.7168	ch:i:184	st:Z:2026-07-15T18:35:06.645000+00:00	RG:Z:a40d6b40-d3ad-4fe7-8245-9c92f794f831_dna_r10.4.1_e8.2_400bps_sup@v5.2.0	DS:Z:gpu:NVIDIA GeForce RTX 4070 SUPER	PU:Z:FBG39641	DT:Z:2026-07-15T14:17:26.508000+00:00	tm:Z:adapter,primer
2641	c9763e1c-1215-4ef9-9f16-944a1bd864de	qs:f:23.8217	ch:i:374	st:Z:2026-07-15T17:44:45.206000+00:00	RG:Z:a40d6b40-d3ad-4fe7-8245-9c92f794f831_dna_r10.4.1_e8.2_400bps_sup@v5.2.0	DS:Z:gpu:NVIDIA GeForce RTX 4070 SUPER	PU:Z:FBG39641	DT:Z:2026-07-15T14:17:26.508000+00:00	tm:Z:adapter,primer rc
2641	9764781a-a361-4366-95df-46c6698ac0e0	qs:f:25.3243	ch:i:143	st:Z:2026-07-15T18:40:38.643000+00:00	RG:Z:a40d6b40-d3ad-4fe7-8245-9c92f794f831_dna_r10.4.1_e8.2_400bps_sup@v5.2.0	DS:Z:gpu:NVIDIA GeForce RTX 4070 SUPER	PU:Z:FBG39641	DT:Z:2026-07-15T14:17:26.508000+00:00	tm:Z:adapter,primer
2641	2888b035-8f9f-4939-9cfe-b98c9ee68f47	qs:f:25.9527	ch:i:491	st:Z:2026-07-15T16:23:01.207000+00:00	RG:Z:a40d6b40-d3ad-4fe7-8245-9c92f794f831_dna_r10.4.1_e8.2_400bps_sup@v5.2.0	DS:Z:gpu:NVIDIA GeForce RTX 4070 SUPER	PU:Z:FBG39641	DT:Z:2026-07-15T14:17:26.508000+00:00	tm:Z:adapter,primer
2641	3a26a626-3e54-48e8-a0e0-64a28b7dadbb	qs:f:22.6005	ch:i:347	st:Z:2026-07-15T20:34:35.131000+00:00	RG:Z:a40d6b40-d3ad-4fe7-8245-9c92f794f831_dna_r10.4.1_e8.2_400bps_sup@v5.2.0	DS:Z:gpu:NVIDIA GeForce RTX 4070 SUPER	PU:Z:FBG39641	DT:Z:2026-07-15T14:17:26.508000+00:00	tm:Z:none
2641	17850c40-2af2-4a5e-93ee-63e5e8850fd8	qs:f:15.9683	ch:i:91	st:Z:2026-07-15T21:28:07.758000+00:00	RG:Z:a40d6b40-d3ad-4fe7-8245-9c92f794f831_dna_r10.4.1_e8.2_400bps_sup@v5.2.0	DS:Z:gpu:NVIDIA GeForce RTX 4070 SUPER	PU:Z:FBG39641	DT:Z:2026-07-15T14:17:26.508000+00:00	tm:Z:adapter,primer rc
2641	470eb5ef-ad58-4263-aed1-24557e03351c	qs:f:32.1486	ch:i:289	st:Z:2026-07-15T18:40:32.648000+00:00	RG:Z:a40d6b40-d3ad-4fe7-8245-9c92f794f831_dna_r10.4.1_e8.2_400bps_sup@v5.2.0	DS:Z:gpu:NVIDIA GeForce RTX 4070 SUPER	PU:Z:FBG39641	DT:Z:2026-07-15T14:17:26.508000+00:00	tm:Z:adapter,primer
2641	50571a82-854e-4464-b86c-b28b43301fc0	qs:f:28.8372	ch:i:181	st:Z:2026-07-15T15:50:54.153000+00:00	RG:Z:a40d6b40-d3ad-4fe7-8245-9c92f794f831_dna_r10.4.1_e8.2_400bps_sup@v5.2.0	DS:Z:gpu:NVIDIA GeForce RTX 4070 SUPER	PU:Z:FBG39641	DT:Z:2026-07-15T14:17:26.508000+00:00	tm:Z:adapter,primer
2641	e05555b3-4937-4f68-8857-37264c098828	qs:f:28.778	ch:i:217	st:Z:2026-07-15T14:28:26.208000+00:00	RG:Z:a40d6b40-d3ad-4fe7-8245-9c92f794f831_dna_r10.4.1_e8.2_400bps_sup@v5.2.0	DS:Z:gpu:NVIDIA GeForce RTX 4070 SUPER	PU:Z:FBG39641	DT:Z:2026-07-15T14:17:26.508000+00:00	tm:Z:adapter,primer
2641	9972a30a-55a3-4c75-bc15-689bb89e1420	qs:f:26.3608	ch:i:291	st:Z:2026-07-15T23:35:24.536000+00:00	RG:Z:a40d6b40-d3ad-4fe7-8245-9c92f794f831_dna_r10.4.1_e8.2_400bps_sup@v5.2.0	DS:Z:gpu:NVIDIA GeForce RTX 4070 SUPER	PU:Z:FBG39641	DT:Z:2026-07-15T14:17:26.508000+00:00	tm:Z:adapter,primer
2641	8e9fd288-ac72-4659-8e6c-7eec81aada01	qs:f:36.5942	ch:i:178	st:Z:2026-07-15T22:17:46.557000+00:00	RG:Z:a40d6b40-d3ad-4fe7-8245-9c92f794f831_dna_r10.4.1_e8.2_400bps_sup@v5.2.0	DS:Z:gpu:NVIDIA GeForce RTX 4070 SUPER	PU:Z:FBG39641	DT:Z:2026-07-15T14:17:26.508000+00:00	tm:Z:adapter,primer
2641	c459c49a-8ebc-43d9-a6ad-735072183405	qs:f:17.1465	ch:i:454	st:Z:2026-07-15T23:13:57.946000+00:00	RG:Z:a40d6b40-d3ad-4fe7-8245-9c92f794f831_dna_r10.4.1_e8.2_400bps_sup@v5.2.0	DS:Z:gpu:NVIDIA GeForce RTX 4070 SUPER	PU:Z:FBG39641	DT:Z:2026-07-15T14:17:26.508000+00:00	tm:Z:none
2641	cf5fe264-4f8a-4cf9-93aa-310885739e30	qs:f:33.5376	ch:i:244	st:Z:2026-07-15T16:12:03.838000+00:00	RG:Z:a40d6b40-d3ad-4fe7-8245-9c92f794f831_dna_r10.4.1_e8.2_400bps_sup@v5.2.0	DS:Z:gpu:NVIDIA GeForce RTX 4070 SUPER	PU:Z:FBG39641	DT:Z:2026-07-15T14:17:26.508000+00:00	tm:Z:none rc
2641	5e8aa0e6-b9d9-4ed1-a18e-01a17b9dfb93	qs:f:23.7462	ch:i:438	st:Z:2026-07-15T20:37:51.882000+00:00	RG:Z:a40d6b40-d3ad-4fe7-8245-9c92f794f831_dna_r10.4.1_e8.2_400bps_sup@v5.2.0	DS:Z:gpu:NVIDIA GeForce RTX 4070 SUPER	PU:Z:FBG39641	DT:Z:2026-07-15T14:17:26.508000+00:00	tm:Z:adapter,primer
2641	36094a1d-5444-48ac-a64a-40c9be45936e	qs:f:26.1527	ch:i:86	st:Z:2026-07-16T00:42:02.575000+00:00	RG:Z:a40d6b40-d3ad-4fe7-8245-9c92f794f831_dna_r10.4.1_e8.2_400bps_sup@v5.2.0	DS:Z:gpu:NVIDIA GeForce RTX 4070 SUPER	PU:Z:FBG39641	DT:Z:2026-07-15T14:17:26.508000+00:00	tm:Z:none rc
2641	bed20862-1deb-4aea-a64c-a83123c77af5	qs:f:18.88	ch:i:404	st:Z:2026-07-15T19:52:03.663000+00:00	RG:Z:a40d6b40-d3ad-4fe7-8245-9c92f794f831_dna_r10.4.1_e8.2_400bps_sup@v5.2.0	DS:Z:gpu:NVIDIA GeForce RTX 4070 SUPER	PU:Z:FBG39641	DT:Z:2026-07-15T14:17:26.508000+00:00	tm:Z:adapter,primer rc
2641	b32ddf46-eac3-418e-855a-b1f2458acfcc	qs:f:21.5447	ch:i:237	st:Z:2026-07-16T00:05:25.506000+00:00	RG:Z:a40d6b40-d3ad-4fe7-8245-9c92f794f831_dna_r10.4.1_e8.2_400bps_sup@v5.2.0	DS:Z:gpu:NVIDIA GeForce RTX 4070 SUPER	PU:Z:FBG39641	DT:Z:2026-07-15T14:17:26.508000+00:00	tm:Z:adapter,primer rc
2641	50ffbfbb-390e-4c6c-85d5-1e691b765315	qs:f:23.2247	ch:i:154	st:Z:2026-07-15T15:24:56.749000+00:00	RG:Z:a40d6b40-d3ad-4fe7-8245-9c92f794f831_dna_r10.4.1_e8.2_400bps_sup@v5.2.0	DS:Z:gpu:NVIDIA GeForce RTX 4070 SUPER	PU:Z:FBG39641	DT:Z:2026-07-15T14:17:26.508000+00:00	tm:Z:adapter,primer rc
2641	442ea7a7-f943-4791-a3bc-6571a7f111bc	qs:f:17.9724	ch:i:471	st:Z:2026-07-15T16:03:41.541000+00:00	RG:Z:a40d6b40-d3ad-4fe7-8245-9c92f794f831_dna_r10.4.1_e8.2_400bps_sup@v5.2.0	DS:Z:gpu:NVIDIA GeForce RTX 4070 SUPER	PU:Z:FBG39641	DT:Z:2026-07-15T14:17:26.508000+00:00	tm:Z:none
2641	d3b49cfb-667c-4dd0-8b44-e3804af79cf5	qs:f:30.2696	ch:i:317	st:Z:2026-07-15T21:57:40.887000+00:00	RG:Z:a40d6b40-d3ad-4fe7-8245-9c92f794f831_dna_r10.4.1_e8.2_400bps_sup@v5.2.0	DS:Z:gpu:NVIDIA GeForce RTX 4070 SUPER	PU:Z:FBG39641	DT:Z:2026-07-15T14:17:26.508000+00:00	tm:Z:adapter,primer rc
2641	1973bce6-cb31-4527-afff-aafed7f2743a	qs:f:19.6339	ch:i:82	st:Z:2026-07-16T02:04:40.841000+00:00	RG:Z:a40d6b40-d3ad-4fe7-8245-9c92f794f831_dna_r10.4.1_e8.2_400bps_sup@v5.2.0	DS:Z:gpu:NVIDIA GeForce RTX 4070 SUPER	PU:Z:FBG39641	DT:Z:2026-07-15T14:17:26.508000+00:00	tm:Z:adapter,primer rc
2641	9b52089d-f737-456b-9090-f65ecf1b975c	qs:f:31.9571	ch:i:449	st:Z:2026-07-16T01:10:09.024000+00:00	RG:Z:a40d6b40-d3ad-4fe7-8245-9c92f794f831_dna_r10.4.1_e8.2_400bps_sup@v5.2.0	DS:Z:gpu:NVIDIA GeForce RTX 4070 SUPER	PU:Z:FBG39641	DT:Z:2026-07-15T14:17:26.508000+00:00	tm:Z:none
2641	9214f057-1f57-4380-ad43-e4d1f7c6c580	qs:f:23.7952	ch:i:179	st:Z:2026-07-15T15:41:18.236000+00:00	RG:Z:a40d6b40-d3ad-4fe7-8245-9c92f794f831_dna_r10.4.1_e8.2_400bps_sup@v5.2.0	DS:Z:gpu:NVIDIA GeForce RTX 4070 SUPER	PU:Z:FBG39641	DT:Z:2026-07-15T14:17:26.508000+00:00	tm:Z:adapter,primer
2641	917a3f74-ab1f-4de6-89cb-bae10e048d1e	qs:f:15.2114	ch:i:319	st:Z:2026-07-15T16:44:47.090000+00:00	RG:Z:a40d6b40-d3ad-4fe7-8245-9c92f794f831_dna_r10.4.1_e8.2_400bps_sup@v5.2.0	DS:Z:gpu:NVIDIA GeForce RTX 4070 SUPER	PU:Z:FBG39641	DT:Z:2026-07-15T14:17:26.508000+00:00	tm:Z:adapter,primer
2641	b80381fa-c98e-432f-97d5-e14f184d9d06	qs:f:15.6192	ch:i:461	st:Z:2026-07-15T18:23:21.201000+00:00	RG:Z:a40d6b40-d3ad-4fe7-8245-9c92f794f831_dna_r10.4.1_e8.2_400bps_sup@v5.2.0	DS:Z:gpu:NVIDIA GeForce RTX 4070 SUPER	PU:Z:FBG39641	DT:Z:2026-07-15T14:17:26.508000+00:00	tm:Z:adapter,primer
2641	c3c6fbae-9552-4f93-8780-417e9da1d703	qs:f:26.4293	ch:i:22	st:Z:2026-07-15T16:20:54.103000+00:00	RG:Z:a40d6b40-d3ad-4fe7-8245-9c92f794f831_dna_r10.4.1_e8.2_400bps_sup@v5.2.0	DS:Z:gpu:NVIDIA GeForce RTX 4070 SUPER	PU:Z:FBG39641	DT:Z:2026-07-15T14:17:26.508000+00:00	tm:Z:none
2641	391d4b80-642e-49b0-8746-d02967f863a3	qs:f:20.7538	ch:i:110	st:Z:2026-07-15T16:02:24.851000+00:00	RG:Z:a40d6b40-d3ad-4fe7-8245-9c92f794f831_dna_r10.4.1_e8.2_400bps_sup@v5.2.0	DS:Z:gpu:NVIDIA GeForce RTX 4070 SUPER	PU:Z:FBG39641	DT:Z:2026-07-15T14:17:26.508000+00:00	tm:Z:adapter,primer
2641	ea241bd7-6d44-48c2-858e-8f8dbed42417	qs:f:21.438	ch:i:258	st:Z:2026-07-15T14:37:54.652000+00:00	RG:Z:a40d6b40-d3ad-4fe7-8245-9c92f794f831_dna_r10.4.1_e8.2_400bps_sup@v5.2.0	DS:Z:gpu:NVIDIA GeForce RTX 4070 SUPER	PU:Z:FBG39641	DT:Z:2026-07-15T14:17:26.508000+00:00	tm:Z:none rc
2641	63c21076-9640-4d0e-ac9c-85675b7eff90	qs:f:14.4135	ch:i:302	st:Z:2026-07-15T21:49:10.640000+00:00	RG:Z:a40d6b40-d3ad-4fe7-8245-9c92f794f831_dna_r10.4.1_e8.2_400bps_sup@v5.2.0	DS:Z:gpu:NVIDIA GeForce RTX 4070 SUPER	PU:Z:FBG39641	DT:Z:2026-07-15T14:17:26.508000+00:00	tm:Z:adapter,primer rc
2641	1cbd0ff9-915c-4468-bc59-3607f5b5c585	qs:f:22.0275	ch:i:120	st:Z:2026-07-16T00:31:04.979000+00:00	RG:Z:a40d6b40-d3ad-4fe7-8245-9c92f794f831_dna_r10.4.1_e8.2_400bps_sup@v5.2.0	DS:Z:gpu:NVIDIA GeForce RTX 4070 SUPER	PU:Z:FBG39641	DT:Z:2026-07-15T14:17:26.508000+00:00	tm:Z:adapter,primer
2641	7f666a41-0be9-4ac3-a751-6b2555d85dd5	qs:f:29.239	ch:i:194	st:Z:2026-07-15T17:02:54.056000+00:00	RG:Z:a40d6b40-d3ad-4fe7-8245-9c92f794f831_dna_r10.4.1_e8.2_400bps_sup@v5.2.0	DS:Z:gpu:NVIDIA GeForce RTX 4070 SUPER	PU:Z:FBG39641	DT:Z:2026-07-15T14:17:26.508000+00:00	tm:Z:adapter,primer
2641	9c999e32-d011-4d44-b9c5-a2869c47cc39	qs:f:18.6685	ch:i:195	st:Z:2026-07-15T18:44:35.461000+00:00	RG:Z:a40d6b40-d3ad-4fe7-8245-9c92f794f831_dna_r10.4.1_e8.2_400bps_sup@v5.2.0	DS:Z:gpu:NVIDIA GeForce RTX 4070 SUPER	PU:Z:FBG39641	DT:Z:2026-07-15T14:17:26.508000+00:00	tm:Z:adapter,primer rc
2641	a53ad11e-1cef-4314-9aa1-5eac1c53acad	qs:f:13.8563	ch:i:160	st:Z:2026-07-15T14:27:20.934000+00:00	RG:Z:a40d6b40-d3ad-4fe7-8245-9c92f794f831_dna_r10.4.1_e8.2_400bps_sup@v5.2.0	DS:Z:gpu:NVIDIA GeForce RTX 4070 SUPER	PU:Z:FBG39641	DT:Z:2026-07-15T14:17:26.508000+00:00	tm:Z:none
2641	bfd83c5b-7602-4d2c-b9b6-0dce1769a403	qs:f:21.6826	ch:i:504	st:Z:2026-07-15T23:24:18.410000+00:00	RG:Z:a40d6b40-d3ad-4fe7-8245-9c92f794f831_dna_r10.4.1_e8.2_400bps_sup@v5.2.0	DS:Z:gpu:NVIDIA GeForce RTX 4070 SUPER	PU:Z:FBG39641	DT:Z:2026-07-15T14:17:26.508000+00:00	tm:Z:adapter,primer
2641	b159c7cc-2aca-404c-a62e-3121cd1087ef	qs:f:22.8321	ch:i:71	st:Z:2026-07-15T21:49:41.837000+00:00	RG:Z:a40d6b40-d3ad-4fe7-8245-9c92f794f831_dna_r10.4.1_e8.2_400bps_sup@v5.2.0	DS:Z:gpu:NVIDIA GeForce RTX 4070 SUPER	PU:Z:FBG39641	DT:Z:2026-07-15T14:17:26.508000+00:00	tm:Z:none
2641	d016a97a-c20c-4dbf-8d6f-6d3cc5e9e7b2	qs:f:23.8307	ch:i:335	st:Z:2026-07-15T16:21:53.989000+00:00	RG:Z:a40d6b40-d3ad-4fe7-8245-9c92f794f831_dna_r10.4.1_e8.2_400bps_sup@v5.2.0	DS:Z:gpu:NVIDIA GeForce RTX 4070 SUPER	PU:Z:FBG39641	DT:Z:2026-07-15T14:17:26.508000+00:00	tm:Z:adapter,primer
2641	9e3eff77-f2f3-4a62-aab0-61eba25436a4	qs:f:22.4151	ch:i:155	st:Z:2026-07-15T19:04:20.731000+00:00	RG:Z:a40d6b40-d3ad-4fe7-8245-9c92f794f831_dna_r10.4.1_e8.2_400bps_sup@v5.2.0	DS:Z:gpu:NVIDIA GeForce RTX 4070 SUPER	PU:Z:FBG39641	DT:Z:2026-07-15T14:17:26.508000+00:00	tm:Z:none
2641	aa58cca0-5780-4ad1-88d0-5c6bd3865302	qs:f:23.8657	ch:i:357	st:Z:2026-07-16T00:51:03.723000+00:00	RG:Z:a40d6b40-d3ad-4fe7-8245-9c92f794f831_dna_r10.4.1_e8.2_400bps_sup@v5.2.0	DS:Z:gpu:NVIDIA GeForce RTX 4070 SUPER	PU:Z:FBG39641	DT:Z:2026-07-15T14:17:26.508000+00:00	tm:Z:none
2641	a3cea5bf-846b-4a31-8677-069cafaa45a2	qs:f:20.8564	ch:i:196	st:Z:2026-07-15T23:12:48.086000+00:00	RG:Z:a40d6b40-d3ad-4fe7-8245-9c92f794f831_dna_r10.4.1_e8.2_400bps_sup@v5.2.0	DS:Z:gpu:NVIDIA GeForce RTX 4070 SUPER	PU:Z:FBG39641	DT:Z:2026-07-15T14:17:26.508000+00:00	tm:Z:none
2641	55f9f6a1-e056-4949-ba68-851ae9106035	qs:f:29.4861	ch:i:446	st:Z:2026-07-16T02:17:46.665000+00:00	RG:Z:a40d6b40-d3ad-4fe7-8245-9c92f794f831_dna_r10.4.1_e8.2_400bps_sup@v5.2.0	DS:Z:gpu:NVIDIA GeForce RTX 4070 SUPER	PU:Z:FBG39641	DT:Z:2026-07-15T14:17:26.508000+00:00	tm:Z:adapter,primer
2641	4047a28b-1334-465e-b8e5-5ec30b4fcd80	qs:f:21.2676	ch:i:421	st:Z:2026-07-15T15:03:06.855000+00:00	RG:Z:a40d6b40-d3ad-4fe7-8245-9c92f794f831_dna_r10.4.1_e8.2_400bps_sup@v5.2.0	DS:Z:gpu:NVIDIA GeForce RTX 4070 SUPER	PU:Z:FBG39641	DT:Z:2026-07-15T14:17:26.508000+00:00	tm:Z:none rc
2641	8bbe6ec9-5bb0-4b23-8572-eb230c7d5b0b	qs:f:16.4811	ch:i:365	st:Z:2026-07-16T01:53:01.469000+00:00	RG:Z:a40d6b40-d3ad-4fe7-8245-9c92f794f831_dna_r10.4.1_e8.2_400bps_sup@v5.2.0	DS:Z:gpu:NVIDIA GeForce RTX 4070 SUPER	PU:Z:FBG39641	DT:Z:2026-07-15T14:17:26.508000+00:00	tm:Z:adapter,primer rc
522436	4a585f29-5c0d-43be-a83a-958a454e5718	qs:f:17.6342	ch:i:127	st:Z:2026-07-16T02:18:15.972000+00:00	RG:Z:a40d6b40-d3ad-4fe7-8245-9c92f794f831_dna_r10.4.1_e8.2_400bps_sup@v5.2.0	DS:Z:gpu:NVIDIA GeForce RTX 4070 SUPER	PU:Z:FBG39641	DT:Z:2026-07-15T14:17:26.508000+00:00	tm:Z:none
522436	fae3637e-6f27-47e2-8300-327400d55984	qs:f:18.5947	ch:i:34	st:Z:2026-07-15T14:39:18.591000+00:00	RG:Z:a40d6b40-d3ad-4fe7-8245-9c92f794f831_dna_r10.4.1_e8.2_400bps_sup@v5.2.0	DS:Z:gpu:NVIDIA GeForce RTX 4070 SUPER	PU:Z:FBG39641	DT:Z:2026-07-15T14:17:26.508000+00:00	tm:Z:adapter,primer rc
522436	b5b3a528-d7cf-4ae3-b9e9-08d104a6cbb6	qs:f:15.7121	ch:i:469	st:Z:2026-07-15T21:03:14.084000+00:00	RG:Z:a40d6b40-d3ad-4fe7-8245-9c92f794f831_dna_r10.4.1_e8.2_400bps_sup@v5.2.0	DS:Z:gpu:NVIDIA GeForce RTX 4070 SUPER	PU:Z:FBG39641	DT:Z:2026-07-15T14:17:26.508000+00:00	tm:Z:adapter,primer rc
522436	315d94fd-77f9-4775-acd3-e460397ff5a9	qs:f:14.7848	ch:i:398	st:Z:2026-07-15T20:01:38.573000+00:00	RG:Z:a40d6b40-d3ad-4fe7-8245-9c92f794f831_dna_r10.4.1_e8.2_400bps_sup@v5.2.0	DS:Z:gpu:NVIDIA GeForce RTX 4070 SUPER	PU:Z:FBG39641	DT:Z:2026-07-15T14:17:26.508000+00:00	tm:Z:none rc
522436	dae3abff-672f-4d8e-86c8-fd8d1ab2ca31	qs:f:15.1245	ch:i:133	st:Z:2026-07-15T15:15:18.192000+00:00	RG:Z:a40d6b40-d3ad-4fe7-8245-9c92f794f831_dna_r10.4.1_e8.2_400bps_sup@v5.2.0	DS:Z:gpu:NVIDIA GeForce RTX 4070 SUPER	PU:Z:FBG39641	DT:Z:2026-07-15T14:17:26.508000+00:00	tm:Z:none rc
522436	c6272785-135e-444c-b38a-0e80d2c85102	qs:f:14.1267	ch:i:241	st:Z:2026-07-15T16:21:46.448000+00:00	RG:Z:a40d6b40-d3ad-4fe7-8245-9c92f794f831_dna_r10.4.1_e8.2_400bps_sup@v5.2.0	DS:Z:gpu:NVIDIA GeForce RTX 4070 SUPER	PU:Z:FBG39641	DT:Z:2026-07-15T14:17:26.508000+00:00	tm:Z:none rc
522436	1850335d-962b-4ce2-90e0-cc117c747845	qs:f:16.0883	ch:i:168	st:Z:2026-07-16T01:06:33.688000+00:00	RG:Z:a40d6b40-d3ad-4fe7-8245-9c92f794f831_dna_r10.4.1_e8.2_400bps_sup@v5.2.0	DS:Z:gpu:NVIDIA GeForce RTX 4070 SUPER	PU:Z:FBG39641	DT:Z:2026-07-15T14:17:26.508000+00:00	tm:Z:adapter,primer
522436	b4f95597-3580-4a74-8bb0-0e8a785f0f0b	qs:f:19.4118	ch:i:261	st:Z:2026-07-16T01:25:58.650000+00:00	RG:Z:a40d6b40-d3ad-4fe7-8245-9c92f794f831_dna_r10.4.1_e8.2_400bps_sup@v5.2.0	DS:Z:gpu:NVIDIA GeForce RTX 4070 SUPER	PU:Z:FBG39641	DT:Z:2026-07-15T14:17:26.508000+00:00	tm:Z:none rc
522436	292cb896-f558-4855-9d57-e0e32e6598dc	qs:f:15.4293	ch:i:222	st:Z:2026-07-15T14:27:24.923000+00:00	RG:Z:a40d6b40-d3ad-4fe7-8245-9c92f794f831_dna_r10.4.1_e8.2_400bps_sup@v5.2.0	DS:Z:gpu:NVIDIA GeForce RTX 4070 SUPER	PU:Z:FBG39641	DT:Z:2026-07-15T14:17:26.508000+00:00	tm:Z:adapter,primer
522436	79dd60b4-5404-4d4b-b751-664ebfe4f81c	qs:f:17.1704	ch:i:10	st:Z:2026-07-15T14:37:48.387000+00:00	RG:Z:a40d6b40-d3ad-4fe7-8245-9c92f794f831_dna_r10.4.1_e8.2_400bps_sup@v5.2.0	DS:Z:gpu:NVIDIA GeForce RTX 4070 SUPER	PU:Z:FBG39641	DT:Z:2026-07-15T14:17:26.508000+00:00	tm:Z:adapter,primer rc
522436	07e14a6a-fbaa-495f-92a5-ab4f293d38ba	qs:f:17.4089	ch:i:75	st:Z:2026-07-15T20:14:45.000000+00:00	RG:Z:a40d6b40-d3ad-4fe7-8245-9c92f794f831_dna_r10.4.1_e8.2_400bps_sup@v5.2.0	DS:Z:gpu:NVIDIA GeForce RTX 4070 SUPER	PU:Z:FBG39641	DT:Z:2026-07-15T14:17:26.508000+00:00	tm:Z:none rc
522436	4e90ceeb-ebd2-4a99-a886-9dac053e68c9	qs:f:14.3377	ch:i:306	st:Z:2026-07-15T19:25:20.170000+00:00	RG:Z:a40d6b40-d3ad-4fe7-8245-9c92f794f831_dna_r10.4.1_e8.2_400bps_sup@v5.2.0	DS:Z:gpu:NVIDIA GeForce RTX 4070 SUPER	PU:Z:FBG39641	DT:Z:2026-07-15T14:17:26.508000+00:00	tm:Z:adapter,primer rc
522436	bbc67737-8f9e-4be8-b08f-ac32c5a11971	qs:f:15.5211	ch:i:30	st:Z:2026-07-15T22:44:44.136000+00:00	RG:Z:a40d6b40-d3ad-4fe7-8245-9c92f794f831_dna_r10.4.1_e8.2_400bps_sup@v5.2.0	DS:Z:gpu:NVIDIA GeForce RTX 4070 SUPER	PU:Z:FBG39641	DT:Z:2026-07-15T14:17:26.508000+00:00	tm:Z:adapter,primer rc
522436	66c1acb1-3067-4dc7-b80e-28695d0c2813	qs:f:16.4843	ch:i:474	st:Z:2026-07-15T23:53:25.200000+00:00	RG:Z:a40d6b40-d3ad-4fe7-8245-9c92f794f831_dna_r10.4.1_e8.2_400bps_sup@v5.2.0	DS:Z:gpu:NVIDIA GeForce RTX 4070 SUPER	PU:Z:FBG39641	DT:Z:2026-07-15T14:17:26.508000+00:00	tm:Z:adapter,primer rc
522436	78979e5f-630b-45c5-ba0e-55fb99ebef3d	qs:f:16.3998	ch:i:291	st:Z:2026-07-15T21:28:59.890000+00:00	RG:Z:a40d6b40-d3ad-4fe7-8245-9c92f794f831_dna_r10.4.1_e8.2_400bps_sup@v5.2.0	DS:Z:gpu:NVIDIA GeForce RTX 4070 SUPER	PU:Z:FBG39641	DT:Z:2026-07-15T14:17:26.508000+00:00	tm:Z:adapter,primer
522436	cfdfb796-bee3-4fed-af5a-0117b775be46	qs:f:14.4548	ch:i:326	st:Z:2026-07-15T16:53:25.887000+00:00	RG:Z:a40d6b40-d3ad-4fe7-8245-9c92f794f831_dna_r10.4.1_e8.2_400bps_sup@v5.2.0	DS:Z:gpu:NVIDIA GeForce RTX 4070 SUPER	PU:Z:FBG39641	DT:Z:2026-07-15T14:17:26.508000+00:00	tm:Z:none
522436	035ceb90-75cf-43bd-80db-8396745ffaed	qs:f:16.1411	ch:i:105	st:Z:2026-07-16T00:36:15.292000+00:00	RG:Z:a40d6b40-d3ad-4fe7-8245-9c92f794f831_dna_r10.4.1_e8.2_400bps_sup@v5.2.0	DS:Z:gpu:NVIDIA GeForce RTX 4070 SUPER	PU:Z:FBG39641	DT:Z:2026-07-15T14:17:26.508000+00:00	tm:Z:adapter,primer rc
522436	a2840c6d-ff3c-4f34-977e-3e1c76cdc123	qs:f:16.279	ch:i:85	st:Z:2026-07-16T00:29:32.527000+00:00	RG:Z:a40d6b40-d3ad-4fe7-8245-9c92f794f831_dna_r10.4.1_e8.2_400bps_sup@v5.2.0	DS:Z:gpu:NVIDIA GeForce RTX 4070 SUPER	PU:Z:FBG39641	DT:Z:2026-07-15T14:17:26.508000+00:00	tm:Z:adapter,primer rc
522436	6db0a79d-ea49-48f1-ba4d-f3e7bcdec687	qs:f:15.2748	ch:i:329	st:Z:2026-07-15T16:05:21.561000+00:00	RG:Z:a40d6b40-d3ad-4fe7-8245-9c92f794f831_dna_r10.4.1_e8.2_400bps_sup@v5.2.0	DS:Z:gpu:NVIDIA GeForce RTX 4070 SUPER	PU:Z:FBG39641	DT:Z:2026-07-15T14:17:26.508000+00:00	tm:Z:adapter,primer
522436	e557b6c3-a0e0-4386-ab20-96dd2fd46cdb	qs:f:13.4144	ch:i:31	st:Z:2026-07-15T16:51:01.725000+00:00	RG:Z:a40d6b40-d3ad-4fe7-8245-9c92f794f831_dna_r10.4.1_e8.2_400bps_sup@v5.2.0	DS:Z:gpu:NVIDIA GeForce RTX 4070 SUPER	PU:Z:FBG39641	DT:Z:2026-07-15T14:17:26.508000+00:00	tm:Z:none rc
522436	5f25d95a-09f4-474e-a7e0-8f3ac5d9acec	qs:f:15.312	ch:i:138	st:Z:2026-07-15T18:43:10.148000+00:00	RG:Z:a40d6b40-d3ad-4fe7-8245-9c92f794f831_dna_r10.4.1_e8.2_400bps_sup@v5.2.0	DS:Z:gpu:NVIDIA GeForce RTX 4070 SUPER	PU:Z:FBG39641	DT:Z:2026-07-15T14:17:26.508000+00:00	tm:Z:adapter,primer rc
522436	1e41c775-122d-426b-8956-68355b91d787	qs:f:13.7932	ch:i:493	st:Z:2026-07-15T15:09:50.604000+00:00	RG:Z:a40d6b40-d3ad-4fe7-8245-9c92f794f831_dna_r10.4.1_e8.2_400bps_sup@v5.2.0	DS:Z:gpu:NVIDIA GeForce RTX 4070 SUPER	PU:Z:FBG39641	DT:Z:2026-07-15T14:17:26.508000+00:00	tm:Z:adapter,primer
522436	d4814ec8-631c-4854-8889-5233498698ae	qs:f:15.2275	ch:i:392	st:Z:2026-07-15T17:22:28.376000+00:00	RG:Z:a40d6b40-d3ad-4fe7-8245-9c92f794f831_dna_r10.4.1_e8.2_400bps_sup@v5.2.0	DS:Z:gpu:NVIDIA GeForce RTX 4070 SUPER	PU:Z:FBG39641	DT:Z:2026-07-15T14:17:26.508000+00:00	tm:Z:adapter,primer
522436	0e9881a4-e8db-486f-a4e7-4d675a08e91f	qs:f:15.9217	ch:i:59	st:Z:2026-07-15T18:00:03.734000+00:00	RG:Z:a40d6b40-d3ad-4fe7-8245-9c92f794f831_dna_r10.4.1_e8.2_400bps_sup@v5.2.0	DS:Z:gpu:NVIDIA GeForce RTX 4070 SUPER	PU:Z:FBG39641	DT:Z:2026-07-15T14:17:26.508000+00:00	tm:Z:adapter,primer rc
522436	34094b38-d56c-405b-8d26-fff33263987b	qs:f:14.4746	ch:i:106	st:Z:2026-07-15T14:31:00.285000+00:00	RG:Z:a40d6b40-d3ad-4fe7-8245-9c92f794f831_dna_r10.4.1_e8.2_400bps_sup@v5.2.0	DS:Z:gpu:NVIDIA GeForce RTX 4070 SUPER	PU:Z:FBG39641	DT:Z:2026-07-15T14:17:26.508000+00:00	tm:Z:none
522436	95612e2e-bc5e-4605-9406-3e5a133f673b	qs:f:15.5419	ch:i:402	st:Z:2026-07-15T21:08:58.829000+00:00	RG:Z:a40d6b40-d3ad-4fe7-8245-9c92f794f831_dna_r10.4.1_e8.2_400bps_sup@v5.2.0	DS:Z:gpu:NVIDIA GeForce RTX 4070 SUPER	PU:Z:FBG39641	DT:Z:2026-07-15T14:17:26.508000+00:00	tm:Z:adapter,primer
522436	c3875cbf-4a7a-442d-a61c-5f93f1e0c685	qs:f:12.0389	ch:i:209	st:Z:2026-07-16T01:46:24.661000+00:00	RG:Z:a40d6b40-d3ad-4fe7-8245-9c92f794f831_dna_r10.4.1_e8.2_400bps_sup@v5.2.0	DS:Z:gpu:NVIDIA GeForce RTX 4070 SUPER	PU:Z:FBG39641	DT:Z:2026-07-15T14:17:26.508000+00:00	tm:Z:adapter,primer rc
522436	dda8da1c-777f-43cd-89c2-b9c09fc983bf	qs:f:9.16937	ch:i:260	st:Z:2026-07-15T22:35:58.238000+00:00	RG:Z:a40d6b40-d3ad-4fe7-8245-9c92f794f831_dna_r10.4.1_e8.2_400bps_sup@v5.2.0	DS:Z:gpu:NVIDIA GeForce RTX 4070 SUPER	PU:Z:FBG39641	DT:Z:2026-07-15T14:17:26.508000+00:00	tm:Z:adapter,primer rc
78418	b8957415-9f89-4d36-8646-ed9bd590f9f8	qs:f:31.8696	ch:i:336	st:Z:2026-07-15T14:40:45.560000+00:00	RG:Z:a40d6b40-d3ad-4fe7-8245-9c92f794f831_dna_r10.4.1_e8.2_400bps_sup@v5.2.0	DS:Z:gpu:NVIDIA GeForce RTX 4070 SUPER	PU:Z:FBG39641	DT:Z:2026-07-15T14:17:26.508000+00:00	tm:Z:adapter,primer
78418	0dac2155-79ee-4f6f-aac7-b41b3c7ac015	qs:f:23.7366	ch:i:195	st:Z:2026-07-15T21:21:10.387000+00:00	RG:Z:a40d6b40-d3ad-4fe7-8245-9c92f794f831_dna_r10.4.1_e8.2_400bps_sup@v5.2.0	DS:Z:gpu:NVIDIA GeForce RTX 4070 SUPER	PU:Z:FBG39641	DT:Z:2026-07-15T14:17:26.508000+00:00	tm:Z:none
78418	7c4b9e6b-77c3-44a0-8fe9-92ce106aa86e	qs:f:27.0168	ch:i:390	st:Z:2026-07-16T01:11:03.294000+00:00	RG:Z:a40d6b40-d3ad-4fe7-8245-9c92f794f831_dna_r10.4.1_e8.2_400bps_sup@v5.2.0	DS:Z:gpu:NVIDIA GeForce RTX 4070 SUPER	PU:Z:FBG39641	DT:Z:2026-07-15T14:17:26.508000+00:00	tm:Z:none
78418	39553280-1f61-4bb5-8c15-4cb160a261b7	qs:f:24.1383	ch:i:184	st:Z:2026-07-15T16:36:11.659000+00:00	RG:Z:a40d6b40-d3ad-4fe7-8245-9c92f794f831_dna_r10.4.1_e8.2_400bps_sup@v5.2.0	DS:Z:gpu:NVIDIA GeForce RTX 4070 SUPER	PU:Z:FBG39641	DT:Z:2026-07-15T14:17:26.508000+00:00	tm:Z:adapter,primer rc
78418	470fa3a4-a0b9-4a80-ae57-fe18227ae10e	qs:f:26.6655	ch:i:308	st:Z:2026-07-15T18:15:23.623000+00:00	RG:Z:a40d6b40-d3ad-4fe7-8245-9c92f794f831_dna_r10.4.1_e8.2_400bps_sup@v5.2.0	DS:Z:gpu:NVIDIA GeForce RTX 4070 SUPER	PU:Z:FBG39641	DT:Z:2026-07-15T14:17:26.508000+00:00	tm:Z:adapter,primer
78418	51dc57d9-33e3-4065-bffc-5eb26de2c338	qs:f:20.9249	ch:i:224	st:Z:2026-07-15T17:40:09.520000+00:00	RG:Z:a40d6b40-d3ad-4fe7-8245-9c92f794f831_dna_r10.4.1_e8.2_400bps_sup@v5.2.0	DS:Z:gpu:NVIDIA GeForce RTX 4070 SUPER	PU:Z:FBG39641	DT:Z:2026-07-15T14:17:26.508000+00:00	tm:Z:adapter,primer
78418	b1db73c3-168e-43cb-b5d8-a42e43f6cd77	qs:f:15.2884	ch:i:71	st:Z:2026-07-16T00:28:41.626000+00:00	RG:Z:a40d6b40-d3ad-4fe7-8245-9c92f794f831_dna_r10.4.1_e8.2_400bps_sup@v5.2.0	DS:Z:gpu:NVIDIA GeForce RTX 4070 SUPER	PU:Z:FBG39641	DT:Z:2026-07-15T14:17:26.508000+00:00	tm:Z:adapter,primer
78418	e8319e01-af45-4fc8-96ff-81869ae6ae01	qs:f:22.9229	ch:i:63	st:Z:2026-07-15T19:19:41.251000+00:00	RG:Z:a40d6b40-d3ad-4fe7-8245-9c92f794f831_dna_r10.4.1_e8.2_400bps_sup@v5.2.0	DS:Z:gpu:NVIDIA GeForce RTX 4070 SUPER	PU:Z:FBG39641	DT:Z:2026-07-15T14:17:26.508000+00:00	tm:Z:none
78418	54e3a049-a762-4403-9222-0fb43190502a	qs:f:15.9745	ch:i:220	st:Z:2026-07-15T16:52:42.676000+00:00	RG:Z:a40d6b40-d3ad-4fe7-8245-9c92f794f831_dna_r10.4.1_e8.2_400bps_sup@v5.2.0	DS:Z:gpu:NVIDIA GeForce RTX 4070 SUPER	PU:Z:FBG39641	DT:Z:2026-07-15T14:17:26.508000+00:00	tm:Z:none
78418	3ad412f5-906a-41e7-b607-2147df5e5e9f	qs:f:22.8603	ch:i:85	st:Z:2026-07-15T20:58:03.175000+00:00	RG:Z:a40d6b40-d3ad-4fe7-8245-9c92f794f831_dna_r10.4.1_e8.2_400bps_sup@v5.2.0	DS:Z:gpu:NVIDIA GeForce RTX 4070 SUPER	PU:Z:FBG39641	DT:Z:2026-07-15T14:17:26.508000+00:00	tm:Z:adapter,primer
78418	924b70df-22c2-4524-960e-9458ee69f690	qs:f:28.9416	ch:i:156	st:Z:2026-07-15T15:44:52.220000+00:00	RG:Z:a40d6b40-d3ad-4fe7-8245-9c92f794f831_dna_r10.4.1_e8.2_400bps_sup@v5.2.0	DS:Z:gpu:NVIDIA GeForce RTX 4070 SUPER	PU:Z:FBG39641	DT:Z:2026-07-15T14:17:26.508000+00:00	tm:Z:adapter,primer
78418	a169b6c8-9aa3-4622-9550-8b34de394d16	qs:f:35.9042	ch:i:448	st:Z:2026-07-15T16:18:29.612000+00:00	RG:Z:a40d6b40-d3ad-4fe7-8245-9c92f794f831_dna_r10.4.1_e8.2_400bps_sup@v5.2.0	DS:Z:gpu:NVIDIA GeForce RTX 4070 SUPER	PU:Z:FBG39641	DT:Z:2026-07-15T14:17:26.508000+00:00	tm:Z:adapter,primer rc
78418	4bf15166-3ddb-4e3c-9653-8d0352be0686	qs:f:15.8451	ch:i:255	st:Z:2026-07-15T19:18:12.810000+00:00	RG:Z:a40d6b40-d3ad-4fe7-8245-9c92f794f831_dna_r10.4.1_e8.2_400bps_sup@v5.2.0	DS:Z:gpu:NVIDIA GeForce RTX 4070 SUPER	PU:Z:FBG39641	DT:Z:2026-07-15T14:17:26.508000+00:00	tm:Z:none rc
78418	fdbf8c8a-60a8-4adf-8707-19d227b33d64	qs:f:21.5902	ch:i:156	st:Z:2026-07-15T19:04:23.666000+00:00	RG:Z:a40d6b40-d3ad-4fe7-8245-9c92f794f831_dna_r10.4.1_e8.2_400bps_sup@v5.2.0	DS:Z:gpu:NVIDIA GeForce RTX 4070 SUPER	PU:Z:FBG39641	DT:Z:2026-07-15T14:17:26.508000+00:00	tm:Z:none
78418	e6e9b7fe-218b-439f-afbb-e5c57aac548a	qs:f:24.4267	ch:i:190	st:Z:2026-07-15T15:01:55.296000+00:00	RG:Z:a40d6b40-d3ad-4fe7-8245-9c92f794f831_dna_r10.4.1_e8.2_400bps_sup@v5.2.0	DS:Z:gpu:NVIDIA GeForce RTX 4070 SUPER	PU:Z:FBG39641	DT:Z:2026-07-15T14:17:26.508000+00:00	tm:Z:adapter,primer
78418	d7945d1f-4b01-4bc3-93ee-dd232bbec3a9	qs:f:26.0678	ch:i:324	st:Z:2026-07-15T15:45:17.756000+00:00	RG:Z:a40d6b40-d3ad-4fe7-8245-9c92f794f831_dna_r10.4.1_e8.2_400bps_sup@v5.2.0	DS:Z:gpu:NVIDIA GeForce RTX 4070 SUPER	PU:Z:FBG39641	DT:Z:2026-07-15T14:17:26.508000+00:00	tm:Z:adapter,primer
78418	3eb9f37d-f544-4e78-98d0-212b9552ab7f	qs:f:17.5702	ch:i:157	st:Z:2026-07-15T18:24:48.484000+00:00	RG:Z:a40d6b40-d3ad-4fe7-8245-9c92f794f831_dna_r10.4.1_e8.2_400bps_sup@v5.2.0	DS:Z:gpu:NVIDIA GeForce RTX 4070 SUPER	PU:Z:FBG39641	DT:Z:2026-07-15T14:17:26.508000+00:00	tm:Z:none rc
78418	66755b1a-382c-4d9a-95fb-2eac753630d3	qs:f:23.2851	ch:i:19	st:Z:2026-07-15T17:19:26.145000+00:00	RG:Z:a40d6b40-d3ad-4fe7-8245-9c92f794f831_dna_r10.4.1_e8.2_400bps_sup@v5.2.0	DS:Z:gpu:NVIDIA GeForce RTX 4070 SUPER	PU:Z:FBG39641	DT:Z:2026-07-15T14:17:26.508000+00:00	tm:Z:adapter,primer
78418	28b95ffd-909b-43d5-a58a-b40b9bd6e537	qs:f:20.3294	ch:i:460	st:Z:2026-07-15T16:36:44.149000+00:00	RG:Z:a40d6b40-d3ad-4fe7-8245-9c92f794f831_dna_r10.4.1_e8.2_400bps_sup@v5.2.0	DS:Z:gpu:NVIDIA GeForce RTX 4070 SUPER	PU:Z:FBG39641	DT:Z:2026-07-15T14:17:26.508000+00:00	tm:Z:adapter,primer rc
78418	c666ad92-acd3-4385-b785-2682b74eb68b	qs:f:16.4737	ch:i:180	st:Z:2026-07-15T18:38:42.291000+00:00	RG:Z:a40d6b40-d3ad-4fe7-8245-9c92f794f831_dna_r10.4.1_e8.2_400bps_sup@v5.2.0	DS:Z:gpu:NVIDIA GeForce RTX 4070 SUPER	PU:Z:FBG39641	DT:Z:2026-07-15T14:17:26.508000+00:00	tm:Z:adapter,primer rc
78418	0e44a237-0410-4e36-8397-41eceefa8bdc	qs:f:19.7856	ch:i:468	st:Z:2026-07-16T01:05:22.249000+00:00	RG:Z:a40d6b40-d3ad-4fe7-8245-9c92f794f831_dna_r10.4.1_e8.2_400bps_sup@v5.2.0	DS:Z:gpu:NVIDIA GeForce RTX 4070 SUPER	PU:Z:FBG39641	DT:Z:2026-07-15T14:17:26.508000+00:00	tm:Z:adapter,primer
78418	a7d3e6e9-6202-4f25-9fe8-26ad88a6f19f	qs:f:19.6536	ch:i:353	st:Z:2026-07-15T14:55:58.213000+00:00	RG:Z:a40d6b40-d3ad-4fe7-8245-9c92f794f831_dna_r10.4.1_e8.2_400bps_sup@v5.2.0	DS:Z:gpu:NVIDIA GeForce RTX 4070 SUPER	PU:Z:FBG39641	DT:Z:2026-07-15T14:17:26.508000+00:00	tm:Z:adapter,primer rc
78418	038c66ea-ccd3-476b-9be3-629509e01a21	qs:f:22.6698	ch:i:473	st:Z:2026-07-15T16:46:21.292000+00:00	RG:Z:a40d6b40-d3ad-4fe7-8245-9c92f794f831_dna_r10.4.1_e8.2_400bps_sup@v5.2.0	DS:Z:gpu:NVIDIA GeForce RTX 4070 SUPER	PU:Z:FBG39641	DT:Z:2026-07-15T14:17:26.508000+00:00	tm:Z:adapter,primer rc
78418	2a77f9f0-4885-43b7-9999-c3e8921ea5df	qs:f:16.8344	ch:i:132	st:Z:2026-07-15T20:07:40.304000+00:00	RG:Z:a40d6b40-d3ad-4fe7-8245-9c92f794f831_dna_r10.4.1_e8.2_400bps_sup@v5.2.0	DS:Z:gpu:NVIDIA GeForce RTX 4070 SUPER	PU:Z:FBG39641	DT:Z:2026-07-15T14:17:26.508000+00:00	tm:Z:none rc
78418	03309a3a-3229-4c8a-bba3-339eabe6fce4	qs:f:13.7682	ch:i:207	st:Z:2026-07-15T21:57:19.083000+00:00	RG:Z:a40d6b40-d3ad-4fe7-8245-9c92f794f831_dna_r10.4.1_e8.2_400bps_sup@v5.2.0	DS:Z:gpu:NVIDIA GeForce RTX 4070 SUPER	PU:Z:FBG39641	DT:Z:2026-07-15T14:17:26.508000+00:00	tm:Z:none
78418	73020a11-46fe-4a65-a745-31f86aeff3d4	qs:f:16.1438	ch:i:335	st:Z:2026-07-15T15:07:36.689000+00:00	RG:Z:a40d6b40-d3ad-4fe7-8245-9c92f794f831_dna_r10.4.1_e8.2_400bps_sup@v5.2.0	DS:Z:gpu:NVIDIA GeForce RTX 4070 SUPER	PU:Z:FBG39641	DT:Z:2026-07-15T14:17:26.508000+00:00	tm:Z:adapter,primer
176370	72bc6ea4-271e-4a4c-9673-f13e09c62a7a	qs:f:22.7886	ch:i:125	st:Z:2026-07-15T18:39:49.895000+00:00	RG:Z:a40d6b40-d3ad-4fe7-8245-9c92f794f831_dna_r10.4.1_e8.2_400bps_sup@v5.2.0	DS:Z:gpu:NVIDIA GeForce RTX 4070 SUPER	PU:Z:FBG39641	DT:Z:2026-07-15T14:17:26.508000+00:00	tm:Z:adapter,primer
176370	a2871ea8-d11e-4c59-9caf-bb801b5e8e4f	qs:f:16.6909	ch:i:91	st:Z:2026-07-15T16:21:11.712000+00:00	RG:Z:a40d6b40-d3ad-4fe7-8245-9c92f794f831_dna_r10.4.1_e8.2_400bps_sup@v5.2.0	DS:Z:gpu:NVIDIA GeForce RTX 4070 SUPER	PU:Z:FBG39641	DT:Z:2026-07-15T14:17:26.508000+00:00	tm:Z:adapter,primer rc
176370	92b3baa4-d115-4079-82a4-00f7e5ebb4bf	qs:f:24.8312	ch:i:142	st:Z:2026-07-15T15:26:44.259000+00:00	RG:Z:a40d6b40-d3ad-4fe7-8245-9c92f794f831_dna_r10.4.1_e8.2_400bps_sup@v5.2.0	DS:Z:gpu:NVIDIA GeForce RTX 4070 SUPER	PU:Z:FBG39641	DT:Z:2026-07-15T14:17:26.508000+00:00	tm:Z:none rc
176370	fe84bc77-77cd-431c-bac6-76fe0db15c45	qs:f:24.7381	ch:i:261	st:Z:2026-07-15T17:22:17.916000+00:00	RG:Z:a40d6b40-d3ad-4fe7-8245-9c92f794f831_dna_r10.4.1_e8.2_400bps_sup@v5.2.0	DS:Z:gpu:NVIDIA GeForce RTX 4070 SUPER	PU:Z:FBG39641	DT:Z:2026-07-15T14:17:26.508000+00:00	tm:Z:none rc
176370	f4876c54-e666-4a54-aa17-95bfad3c2b67	qs:f:17.6018	ch:i:380	st:Z:2026-07-16T02:11:46.464000+00:00	RG:Z:a40d6b40-d3ad-4fe7-8245-9c92f794f831_dna_r10.4.1_e8.2_400bps_sup@v5.2.0	DS:Z:gpu:NVIDIA GeForce RTX 4070 SUPER	PU:Z:FBG39641	DT:Z:2026-07-15T14:17:26.508000+00:00	tm:Z:adapter,primer rc
176370	3461aaaa-0279-4f08-b567-d0f475783754	qs:f:17.0281	ch:i:244	st:Z:2026-07-15T19:19:57.016000+00:00	RG:Z:a40d6b40-d3ad-4fe7-8245-9c92f794f831_dna_r10.4.1_e8.2_400bps_sup@v5.2.0	DS:Z:gpu:NVIDIA GeForce RTX 4070 SUPER	PU:Z:FBG39641	DT:Z:2026-07-15T14:17:26.508000+00:00	tm:Z:adapter,primer
176370	aa1cd1ee-822b-4ec2-871f-3eebead55a8e	qs:f:16.1243	ch:i:475	st:Z:2026-07-15T22:14:28.783000+00:00	RG:Z:a40d6b40-d3ad-4fe7-8245-9c92f794f831_dna_r10.4.1_e8.2_400bps_sup@v5.2.0	DS:Z:gpu:NVIDIA GeForce RTX 4070 SUPER	PU:Z:FBG39641	DT:Z:2026-07-15T14:17:26.508000+00:00	tm:Z:none rc
176370	c30fa1b9-ef7c-4676-a43c-19518f345055	qs:f:20.5053	ch:i:275	st:Z:2026-07-16T00:37:29.578000+00:00	RG:Z:a40d6b40-d3ad-4fe7-8245-9c92f794f831_dna_r10.4.1_e8.2_400bps_sup@v5.2.0	DS:Z:gpu:NVIDIA GeForce RTX 4070 SUPER	PU:Z:FBG39641	DT:Z:2026-07-15T14:17:26.508000+00:00	tm:Z:adapter,primer rc
176370	806da598-bba2-4f73-9545-f940c1b5a97a	qs:f:18.7395	ch:i:319	st:Z:2026-07-15T17:30:22.278000+00:00	RG:Z:a40d6b40-d3ad-4fe7-8245-9c92f794f831_dna_r10.4.1_e8.2_400bps_sup@v5.2.0	DS:Z:gpu:NVIDIA GeForce RTX 4070 SUPER	PU:Z:FBG39641	DT:Z:2026-07-15T14:17:26.508000+00:00	tm:Z:adapter,primer rc
176370	055317da-91e8-49fa-bc2c-a097059954fc	qs:f:26.6599	ch:i:389	st:Z:2026-07-16T01:54:33.315000+00:00	RG:Z:a40d6b40-d3ad-4fe7-8245-9c92f794f831_dna_r10.4.1_e8.2_400bps_sup@v5.2.0	DS:Z:gpu:NVIDIA GeForce RTX 4070 SUPER	PU:Z:FBG39641	DT:Z:2026-07-15T14:17:26.508000+00:00	tm:Z:adapter,primer rc
176370	26f1d3dc-0496-4baf-8ecd-4d7d17e2b99a	qs:f:15.2621	ch:i:458	st:Z:2026-07-15T16:53:52.338000+00:00	RG:Z:a40d6b40-d3ad-4fe7-8245-9c92f794f831_dna_r10.4.1_e8.2_400bps_sup@v5.2.0	DS:Z:gpu:NVIDIA GeForce RTX 4070 SUPER	PU:Z:FBG39641	DT:Z:2026-07-15T14:17:26.508000+00:00	tm:Z:adapter,primer rc
176370	8efc14e7-a11e-44b3-9167-8f5c87e6bc25	qs:f:13.3605	ch:i:28	st:Z:2026-07-15T16:20:59.318000+00:00	RG:Z:a40d6b40-d3ad-4fe7-8245-9c92f794f831_dna_r10.4.1_e8.2_400bps_sup@v5.2.0	DS:Z:gpu:NVIDIA GeForce RTX 4070 SUPER	PU:Z:FBG39641	DT:Z:2026-07-15T14:17:26.508000+00:00	tm:Z:adapter,primer rc
176370	f4626ff7-72f6-44e2-9154-c269421c7d9a	qs:f:23.0547	ch:i:59	st:Z:2026-07-16T01:45:53.388000+00:00	RG:Z:a40d6b40-d3ad-4fe7-8245-9c92f794f831_dna_r10.4.1_e8.2_400bps_sup@v5.2.0	DS:Z:gpu:NVIDIA GeForce RTX 4070 SUPER	PU:Z:FBG39641	DT:Z:2026-07-15T14:17:26.508000+00:00	tm:Z:adapter,primer rc
176370	75cae384-4c25-4886-8ac9-d72642d69648	qs:f:22.7497	ch:i:42	st:Z:2026-07-15T17:43:19.161000+00:00	RG:Z:a40d6b40-d3ad-4fe7-8245-9c92f794f831_dna_r10.4.1_e8.2_400bps_sup@v5.2.0	DS:Z:gpu:NVIDIA GeForce RTX 4070 SUPER	PU:Z:FBG39641	DT:Z:2026-07-15T14:17:26.508000+00:00	tm:Z:adapter,primer
176370	3a2a5acc-c555-460e-9a30-1ff61f625b97	qs:f:20.722	ch:i:94	st:Z:2026-07-15T22:49:36.834000+00:00	RG:Z:a40d6b40-d3ad-4fe7-8245-9c92f794f831_dna_r10.4.1_e8.2_400bps_sup@v5.2.0	DS:Z:gpu:NVIDIA GeForce RTX 4070 SUPER	PU:Z:FBG39641	DT:Z:2026-07-15T14:17:26.508000+00:00	tm:Z:adapter,primer rc
176370	32233f61-cdfb-4e83-bfdc-dca224397de2	qs:f:15.8377	ch:i:306	st:Z:2026-07-15T20:43:37.839000+00:00	RG:Z:a40d6b40-d3ad-4fe7-8245-9c92f794f831_dna_r10.4.1_e8.2_400bps_sup@v5.2.0	DS:Z:gpu:NVIDIA GeForce RTX 4070 SUPER	PU:Z:FBG39641	DT:Z:2026-07-15T14:17:26.508000+00:00	tm:Z:none rc
176370	1030ef82-df23-48b4-9524-9893648487bc	qs:f:17.5019	ch:i:218	st:Z:2026-07-15T16:37:29.812000+00:00	RG:Z:a40d6b40-d3ad-4fe7-8245-9c92f794f831_dna_r10.4.1_e8.2_400bps_sup@v5.2.0	DS:Z:gpu:NVIDIA GeForce RTX 4070 SUPER	PU:Z:FBG39641	DT:Z:2026-07-15T14:17:26.508000+00:00	tm:Z:adapter,primer
216029	d37dd727-03fc-48c5-aa65-bca87d836726	qs:f:18.8677	ch:i:170	st:Z:2026-07-15T16:03:55.526000+00:00	RG:Z:a40d6b40-d3ad-4fe7-8245-9c92f794f831_dna_r10.4.1_e8.2_400bps_sup@v5.2.0	DS:Z:gpu:NVIDIA GeForce RTX 4070 SUPER	PU:Z:FBG39641	DT:Z:2026-07-15T14:17:26.508000+00:00	tm:Z:adapter,primer
216029	abfd8631-51c7-47a2-9e5d-330de6da852b	qs:f:23.1848	ch:i:343	st:Z:2026-07-16T01:11:30.894000+00:00	RG:Z:a40d6b40-d3ad-4fe7-8245-9c92f794f831_dna_r10.4.1_e8.2_400bps_sup@v5.2.0	DS:Z:gpu:NVIDIA GeForce RTX 4070 SUPER	PU:Z:FBG39641	DT:Z:2026-07-15T14:17:26.508000+00:00	tm:Z:adapter,primer rc
216029	1d1bb028-1c4d-44fd-80ff-c40848c7352e	qs:f:23.0389	ch:i:84	st:Z:2026-07-15T16:45:17.234000+00:00	RG:Z:a40d6b40-d3ad-4fe7-8245-9c92f794f831_dna_r10.4.1_e8.2_400bps_sup@v5.2.0	DS:Z:gpu:NVIDIA GeForce RTX 4070 SUPER	PU:Z:FBG39641	DT:Z:2026-07-15T14:17:26.508000+00:00	tm:Z:none rc
216029	72d007e8-a229-405d-834b-bee1a0e5ed5d	qs:f:15.546	ch:i:429	st:Z:2026-07-15T14:30:47.388000+00:00	RG:Z:a40d6b40-d3ad-4fe7-8245-9c92f794f831_dna_r10.4.1_e8.2_400bps_sup@v5.2.0	DS:Z:gpu:NVIDIA GeForce RTX 4070 SUPER	PU:Z:FBG39641	DT:Z:2026-07-15T14:17:26.508000+00:00	tm:Z:adapter,primer
216029	7af284dd-aee2-4b55-a3ad-a4b8c3e629fb	qs:f:21.1839	ch:i:455	st:Z:2026-07-15T17:49:53.501000+00:00	RG:Z:a40d6b40-d3ad-4fe7-8245-9c92f794f831_dna_r10.4.1_e8.2_400bps_sup@v5.2.0	DS:Z:gpu:NVIDIA GeForce RTX 4070 SUPER	PU:Z:FBG39641	DT:Z:2026-07-15T14:17:26.508000+00:00	tm:Z:adapter,primer
216029	73bbfbec-2546-40ec-b7a6-74742740dff5	qs:f:23.2775	ch:i:100	st:Z:2026-07-16T01:30:26.187000+00:00	RG:Z:a40d6b40-d3ad-4fe7-8245-9c92f794f831_dna_r10.4.1_e8.2_400bps_sup@v5.2.0	DS:Z:gpu:NVIDIA GeForce RTX 4070 SUPER	PU:Z:FBG39641	DT:Z:2026-07-15T14:17:26.508000+00:00	tm:Z:none rc
216029	3b2041a1-29c2-4bd5-b93f-977aab31a0be	qs:f:13.544	ch:i:157	st:Z:2026-07-15T21:41:20.817000+00:00	RG:Z:a40d6b40-d3ad-4fe7-8245-9c92f794f831_dna_r10.4.1_e8.2_400bps_sup@v5.2.0	DS:Z:gpu:NVIDIA GeForce RTX 4070 SUPER	PU:Z:FBG39641	DT:Z:2026-07-15T14:17:26.508000+00:00	tm:Z:none
216029	6084f474-da24-410f-a4b0-8abff382410b	qs:f:20.4212	ch:i:201	st:Z:2026-07-16T00:09:51.783000+00:00	RG:Z:a40d6b40-d3ad-4fe7-8245-9c92f794f831_dna_r10.4.1_e8.2_400bps_sup@v5.2.0	DS:Z:gpu:NVIDIA GeForce RTX 4070 SUPER	PU:Z:FBG39641	DT:Z:2026-07-15T14:17:26.508000+00:00	tm:Z:adapter,primer rc
216029	7a4c477c-930e-409e-a378-6090a3ce6c6a	qs:f:24.8607	ch:i:308	st:Z:2026-07-15T19:30:22.962000+00:00	RG:Z:a40d6b40-d3ad-4fe7-8245-9c92f794f831_dna_r10.4.1_e8.2_400bps_sup@v5.2.0	DS:Z:gpu:NVIDIA GeForce RTX 4070 SUPER	PU:Z:FBG39641	DT:Z:2026-07-15T14:17:26.508000+00:00	tm:Z:adapter,primer rc
216029	c7db710d-54c7-41f2-8c18-2efbea4c221b	qs:f:15.6619	ch:i:18	st:Z:2026-07-15T16:28:15.271000+00:00	RG:Z:a40d6b40-d3ad-4fe7-8245-9c92f794f831_dna_r10.4.1_e8.2_400bps_sup@v5.2.0	DS:Z:gpu:NVIDIA GeForce RTX 4070 SUPER	PU:Z:FBG39641	DT:Z:2026-07-15T14:17:26.508000+00:00	tm:Z:adapter,primer rc
216029	2c9e12b6-923e-44a5-9413-bd76d3fc4ba9	qs:f:19.2305	ch:i:56	st:Z:2026-07-15T23:30:12.928000+00:00	RG:Z:a40d6b40-d3ad-4fe7-8245-9c92f794f831_dna_r10.4.1_e8.2_400bps_sup@v5.2.0	DS:Z:gpu:NVIDIA GeForce RTX 4070 SUPER	PU:Z:FBG39641	DT:Z:2026-07-15T14:17:26.508000+00:00	tm:Z:adapter,primer rc
216029	fd943883-18ea-4159-bf0e-725ee786f5d7	qs:f:24.9971	ch:i:291	st:Z:2026-07-15T21:37:03.023000+00:00	RG:Z:a40d6b40-d3ad-4fe7-8245-9c92f794f831_dna_r10.4.1_e8.2_400bps_sup@v5.2.0	DS:Z:gpu:NVIDIA GeForce RTX 4070 SUPER	PU:Z:FBG39641	DT:Z:2026-07-15T14:17:26.508000+00:00	tm:Z:adapter,primer
216029	d50878c5-1379-449d-adab-6d84f690f466	qs:f:16.8127	ch:i:502	st:Z:2026-07-16T00:53:44.715000+00:00	RG:Z:a40d6b40-d3ad-4fe7-8245-9c92f794f831_dna_r10.4.1_e8.2_400bps_sup@v5.2.0	DS:Z:gpu:NVIDIA GeForce RTX 4070 SUPER	PU:Z:FBG39641	DT:Z:2026-07-15T14:17:26.508000+00:00	tm:Z:none rc
216029	263d5b74-4f6a-4f8c-9e6d-515c28e2ced3	qs:f:21.8694	ch:i:227	st:Z:2026-07-15T18:36:45.276000+00:00	RG:Z:a40d6b40-d3ad-4fe7-8245-9c92f794f831_dna_r10.4.1_e8.2_400bps_sup@v5.2.0	DS:Z:gpu:NVIDIA GeForce RTX 4070 SUPER	PU:Z:FBG39641	DT:Z:2026-07-15T14:17:26.508000+00:00	tm:Z:adapter,primer rc
317826	af69b044-5c4a-4e26-b7a9-fcdb0ac0b11f	qs:f:12.8717	ch:i:130	st:Z:2026-07-15T15:20:51.039000+00:00	RG:Z:a40d6b40-d3ad-4fe7-8245-9c92f794f831_dna_r10.4.1_e8.2_400bps_sup@v5.2.0	DS:Z:gpu:NVIDIA GeForce RTX 4070 SUPER	PU:Z:FBG39641	DT:Z:2026-07-15T14:17:26.508000+00:00	tm:Z:adapter,primer
317826	042955f0-7a7d-4280-8f9b-6db7a36e641d	qs:f:22.2386	ch:i:46	st:Z:2026-07-15T15:43:31.748000+00:00	RG:Z:a40d6b40-d3ad-4fe7-8245-9c92f794f831_dna_r10.4.1_e8.2_400bps_sup@v5.2.0	DS:Z:gpu:NVIDIA GeForce RTX 4070 SUPER	PU:Z:FBG39641	DT:Z:2026-07-15T14:17:26.508000+00:00	tm:Z:adapter,primer rc
317826	4f81cbb5-8d2a-4b97-a9e9-8cbb612beb4f	qs:f:19.91	ch:i:408	st:Z:2026-07-15T16:49:12.984000+00:00	RG:Z:a40d6b40-d3ad-4fe7-8245-9c92f794f831_dna_r10.4.1_e8.2_400bps_sup@v5.2.0	DS:Z:gpu:NVIDIA GeForce RTX 4070 SUPER	PU:Z:FBG39641	DT:Z:2026-07-15T14:17:26.508000+00:00	tm:Z:adapter,primer
317826	0dece633-55f3-4872-bdcf-3e02194e442a	qs:f:22.2009	ch:i:227	st:Z:2026-07-15T15:30:34.280000+00:00	RG:Z:a40d6b40-d3ad-4fe7-8245-9c92f794f831_dna_r10.4.1_e8.2_400bps_sup@v5.2.0	DS:Z:gpu:NVIDIA GeForce RTX 4070 SUPER	PU:Z:FBG39641	DT:Z:2026-07-15T14:17:26.508000+00:00	tm:Z:adapter,primer rc
317826	1c9a0871-29b6-4fd5-8dce-00542b9e7a1a	qs:f:17.2711	ch:i:285	st:Z:2026-07-15T16:36:13.769000+00:00	RG:Z:a40d6b40-d3ad-4fe7-8245-9c92f794f831_dna_r10.4.1_e8.2_400bps_sup@v5.2.0	DS:Z:gpu:NVIDIA GeForce RTX 4070 SUPER	PU:Z:FBG39641	DT:Z:2026-07-15T14:17:26.508000+00:00	tm:Z:adapter,primer
317826	b605a14d-34b1-4f9b-9925-a1466ef4533f	qs:f:15.2286	ch:i:258	st:Z:2026-07-15T21:26:49.555000+00:00	RG:Z:a40d6b40-d3ad-4fe7-8245-9c92f794f831_dna_r10.4.1_e8.2_400bps_sup@v5.2.0	DS:Z:gpu:NVIDIA GeForce RTX 4070 SUPER	PU:Z:FBG39641	DT:Z:2026-07-15T14:17:26.508000+00:00	tm:Z:adapter,primer rc
317826	4c93d81d-7b40-4ee5-b12e-e02000fd4a33	qs:f:22.0802	ch:i:352	st:Z:2026-07-15T22:59:09.116000+00:00	RG:Z:a40d6b40-d3ad-4fe7-8245-9c92f794f831_dna_r10.4.1_e8.2_400bps_sup@v5.2.0	DS:Z:gpu:NVIDIA GeForce RTX 4070 SUPER	PU:Z:FBG39641	DT:Z:2026-07-15T14:17:26.508000+00:00	tm:Z:none rc
317826	53499d5c-57db-45a3-be1a-299baa99f2d2	qs:f:20.3825	ch:i:406	st:Z:2026-07-15T23:12:13.435000+00:00	RG:Z:a40d6b40-d3ad-4fe7-8245-9c92f794f831_dna_r10.4.1_e8.2_400bps_sup@v5.2.0	DS:Z:gpu:NVIDIA GeForce RTX 4070 SUPER	PU:Z:FBG39641	DT:Z:2026-07-15T14:17:26.508000+00:00	tm:Z:adapter,primer rc
317826	1b69c4e6-0a54-40b6-a356-78b58178b090	qs:f:13.4924	ch:i:419	st:Z:2026-07-15T21:59:55.186000+00:00	RG:Z:a40d6b40-d3ad-4fe7-8245-9c92f794f831_dna_r10.4.1_e8.2_400bps_sup@v5.2.0	DS:Z:gpu:NVIDIA GeForce RTX 4070 SUPER	PU:Z:FBG39641	DT:Z:2026-07-15T14:17:26.508000+00:00	tm:Z:none
317826	fcd12428-aabc-404b-af45-a6fe4903929e	qs:f:17.9023	ch:i:352	st:Z:2026-07-15T17:38:55.553000+00:00	RG:Z:a40d6b40-d3ad-4fe7-8245-9c92f794f831_dna_r10.4.1_e8.2_400bps_sup@v5.2.0	DS:Z:gpu:NVIDIA GeForce RTX 4070 SUPER	PU:Z:FBG39641	DT:Z:2026-07-15T14:17:26.508000+00:00	tm:Z:adapter,primer rc
317826	e6a85d76-3f25-4ff4-9395-1ee0aa5244ed	qs:f:31.3474	ch:i:19	st:Z:2026-07-15T21:27:28.976000+00:00	RG:Z:a40d6b40-d3ad-4fe7-8245-9c92f794f831_dna_r10.4.1_e8.2_400bps_sup@v5.2.0	DS:Z:gpu:NVIDIA GeForce RTX 4070 SUPER	PU:Z:FBG39641	DT:Z:2026-07-15T14:17:26.508000+00:00	tm:Z:adapter,primer rc
317826	0c00d134-1f1d-46e7-8c42-de687b948838	qs:f:20.4153	ch:i:364	st:Z:2026-07-15T16:05:45.072000+00:00	RG:Z:a40d6b40-d3ad-4fe7-8245-9c92f794f831_dna_r10.4.1_e8.2_400bps_sup@v5.2.0	DS:Z:gpu:NVIDIA GeForce RTX 4070 SUPER	PU:Z:FBG39641	DT:Z:2026-07-15T14:17:26.508000+00:00	tm:Z:adapter,primer
317826	f2a8bb3b-c29f-4e4c-a501-037b8a62a7c1	qs:f:14.004	ch:i:252	st:Z:2026-07-15T23:08:46.723000+00:00	RG:Z:a40d6b40-d3ad-4fe7-8245-9c92f794f831_dna_r10.4.1_e8.2_400bps_sup@v5.2.0	DS:Z:gpu:NVIDIA GeForce RTX 4070 SUPER	PU:Z:FBG39641	DT:Z:2026-07-15T14:17:26.508000+00:00	tm:Z:adapter,primer
317826	615ed78a-79fd-4d9d-a5d8-e43d0c5b6f48	qs:f:13.3783	ch:i:149	st:Z:2026-07-16T00:33:20.542000+00:00	RG:Z:a40d6b40-d3ad-4fe7-8245-9c92f794f831_dna_r10.4.1_e8.2_400bps_sup@v5.2.0	DS:Z:gpu:NVIDIA GeForce RTX 4070 SUPER	PU:Z:FBG39641	DT:Z:2026-07-15T14:17:26.508000+00:00	tm:Z:adapter,primer rc
86303	fa76c413-412b-4de7-ac51-a67bc7ef0b3d	qs:f:21.7299	ch:i:276	st:Z:2026-07-16T00:13:53.699000+00:00	RG:Z:a40d6b40-d3ad-4fe7-8245-9c92f794f831_dna_r10.4.1_e8.2_400bps_sup@v5.2.0	DS:Z:gpu:NVIDIA GeForce RTX 4070 SUPER	PU:Z:FBG39641	DT:Z:2026-07-15T14:17:26.508000+00:00	tm:Z:adapter,primer
86303	ecca33a0-1a5e-424a-ba39-2adeb1bf7255	qs:f:26.5822	ch:i:297	st:Z:2026-07-15T21:31:46.608000+00:00	RG:Z:a40d6b40-d3ad-4fe7-8245-9c92f794f831_dna_r10.4.1_e8.2_400bps_sup@v5.2.0	DS:Z:gpu:NVIDIA GeForce RTX 4070 SUPER	PU:Z:FBG39641	DT:Z:2026-07-15T14:17:26.508000+00:00	tm:Z:none rc
86303	64a36c53-e95c-407b-8439-06f7c994711d	qs:f:34.5718	ch:i:227	st:Z:2026-07-15T16:51:29.223000+00:00	RG:Z:a40d6b40-d3ad-4fe7-8245-9c92f794f831_dna_r10.4.1_e8.2_400bps_sup@v5.2.0	DS:Z:gpu:NVIDIA GeForce RTX 4070 SUPER	PU:Z:FBG39641	DT:Z:2026-07-15T14:17:26.508000+00:00	tm:Z:adapter,primer
86303	c0049f7e-9aff-4665-9438-84190cff9add	qs:f:13.9849	ch:i:263	st:Z:2026-07-15T19:48:10.576000+00:00	RG:Z:a40d6b40-d3ad-4fe7-8245-9c92f794f831_dna_r10.4.1_e8.2_400bps_sup@v5.2.0	DS:Z:gpu:NVIDIA GeForce RTX 4070 SUPER	PU:Z:FBG39641	DT:Z:2026-07-15T14:17:26.508000+00:00	tm:Z:adapter,primer
86303	91687d00-0d0f-423d-a3da-fa2b3e20a7da	qs:f:25.3199	ch:i:204	st:Z:2026-07-15T15:01:04.572000+00:00	RG:Z:a40d6b40-d3ad-4fe7-8245-9c92f794f831_dna_r10.4.1_e8.2_400bps_sup@v5.2.0	DS:Z:gpu:NVIDIA GeForce RTX 4070 SUPER	PU:Z:FBG39641	DT:Z:2026-07-15T14:17:26.508000+00:00	tm:Z:adapter,primer
86303	fa983cd2-268a-4cb5-a1c9-9390cba10d0b	qs:f:22.3708	ch:i:306	st:Z:2026-07-15T16:08:52.146000+00:00	RG:Z:a40d6b40-d3ad-4fe7-8245-9c92f794f831_dna_r10.4.1_e8.2_400bps_sup@v5.2.0	DS:Z:gpu:NVIDIA GeForce RTX 4070 SUPER	PU:Z:FBG39641	DT:Z:2026-07-15T14:17:26.508000+00:00	tm:Z:adapter,primer rc
86303	7fb9217f-9cb6-452c-9a62-423ed340cf58	qs:f:28.461	ch:i:191	st:Z:2026-07-15T20:22:54.079000+00:00	RG:Z:a40d6b40-d3ad-4fe7-8245-9c92f794f831_dna_r10.4.1_e8.2_400bps_sup@v5.2.0	DS:Z:gpu:NVIDIA GeForce RTX 4070 SUPER	PU:Z:FBG39641	DT:Z:2026-07-15T14:17:26.508000+00:00	tm:Z:none
86303	ec20fc12-76d5-4bcf-a39c-ba021de17d6d	qs:f:21.058	ch:i:15	st:Z:2026-07-15T14:33:18.947000+00:00	RG:Z:a40d6b40-d3ad-4fe7-8245-9c92f794f831_dna_r10.4.1_e8.2_400bps_sup@v5.2.0	DS:Z:gpu:NVIDIA GeForce RTX 4070 SUPER	PU:Z:FBG39641	DT:Z:2026-07-15T14:17:26.508000+00:00	tm:Z:adapter,primer
86303	cfe80405-97d4-4464-b3fc-696e5084ef7e	qs:f:20.2096	ch:i:208	st:Z:2026-07-15T17:01:55.468000+00:00	RG:Z:a40d6b40-d3ad-4fe7-8245-9c92f794f831_dna_r10.4.1_e8.2_400bps_sup@v5.2.0	DS:Z:gpu:NVIDIA GeForce RTX 4070 SUPER	PU:Z:FBG39641	DT:Z:2026-07-15T14:17:26.508000+00:00	tm:Z:adapter,primer
86303	52770a38-6948-4b3c-8cf1-db0374d9b14e	qs:f:26.3437	ch:i:471	st:Z:2026-07-15T22:56:06.013000+00:00	RG:Z:a40d6b40-d3ad-4fe7-8245-9c92f794f831_dna_r10.4.1_e8.2_400bps_sup@v5.2.0	DS:Z:gpu:NVIDIA GeForce RTX 4070 SUPER	PU:Z:FBG39641	DT:Z:2026-07-15T14:17:26.508000+00:00	tm:Z:adapter,primer
86303	86ba8bb3-7e43-44bd-95bd-3cb3fb4d3c35	qs:f:25.6463	ch:i:191	st:Z:2026-07-15T20:43:46.640000+00:00	RG:Z:a40d6b40-d3ad-4fe7-8245-9c92f794f831_dna_r10.4.1_e8.2_400bps_sup@v5.2.0	DS:Z:gpu:NVIDIA GeForce RTX 4070 SUPER	PU:Z:FBG39641	DT:Z:2026-07-15T14:17:26.508000+00:00	tm:Z:none
86303	03aa2394-8b4b-45f6-84e5-f702cb56d963	qs:f:19.7651	ch:i:406	st:Z:2026-07-15T18:50:01.531000+00:00	RG:Z:a40d6b40-d3ad-4fe7-8245-9c92f794f831_dna_r10.4.1_e8.2_400bps_sup@v5.2.0	DS:Z:gpu:NVIDIA GeForce RTX 4070 SUPER	PU:Z:FBG39641	DT:Z:2026-07-15T14:17:26.508000+00:00	tm:Z:none
86303	876fc30b-06c7-4b24-810c-b7df1e87eed4	qs:f:17.5465	ch:i:389	st:Z:2026-07-15T19:30:16.797000+00:00	RG:Z:a40d6b40-d3ad-4fe7-8245-9c92f794f831_dna_r10.4.1_e8.2_400bps_sup@v5.2.0	DS:Z:gpu:NVIDIA GeForce RTX 4070 SUPER	PU:Z:FBG39641	DT:Z:2026-07-15T14:17:26.508000+00:00	tm:Z:adapter,primer rc
160472	e185fd42-9e82-4a2d-a119-0f1d4a960760	qs:f:18.7049	ch:i:50	st:Z:2026-07-15T15:22:15.232000+00:00	RG:Z:a40d6b40-d3ad-4fe7-8245-9c92f794f831_dna_r10.4.1_e8.2_400bps_sup@v5.2.0	DS:Z:gpu:NVIDIA GeForce RTX 4070 SUPER	PU:Z:FBG39641	DT:Z:2026-07-15T14:17:26.508000+00:00	tm:Z:adapter,primer
160472	7f6b4bd0-090f-46f1-9448-ce6dddfca861	qs:f:17.8308	ch:i:195	st:Z:2026-07-15T22:46:51.202000+00:00	RG:Z:a40d6b40-d3ad-4fe7-8245-9c92f794f831_dna_r10.4.1_e8.2_400bps_sup@v5.2.0	DS:Z:gpu:NVIDIA GeForce RTX 4070 SUPER	PU:Z:FBG39641	DT:Z:2026-07-15T14:17:26.508000+00:00	tm:Z:adapter,primer
160472	88754d15-9df1-4900-86ce-992ff27fced7	qs:f:20.255	ch:i:283	st:Z:2026-07-16T01:27:08.386000+00:00	RG:Z:a40d6b40-d3ad-4fe7-8245-9c92f794f831_dna_r10.4.1_e8.2_400bps_sup@v5.2.0	DS:Z:gpu:NVIDIA GeForce RTX 4070 SUPER	PU:Z:FBG39641	DT:Z:2026-07-15T14:17:26.508000+00:00	tm:Z:adapter,primer rc
160472	65912eac-4827-4e2c-bba2-8748f2675028	qs:f:13.549	ch:i:491	st:Z:2026-07-15T15:15:12.091000+00:00	RG:Z:a40d6b40-d3ad-4fe7-8245-9c92f794f831_dna_r10.4.1_e8.2_400bps_sup@v5.2.0	DS:Z:gpu:NVIDIA GeForce RTX 4070 SUPER	PU:Z:FBG39641	DT:Z:2026-07-15T14:17:26.508000+00:00	tm:Z:adapter,primer rc
160472	fce9c22a-47d4-4097-a23a-5b5c99acb692	qs:f:25.9697	ch:i:317	st:Z:2026-07-15T19:18:29.334000+00:00	RG:Z:a40d6b40-d3ad-4fe7-8245-9c92f794f831_dna_r10.4.1_e8.2_400bps_sup@v5.2.0	DS:Z:gpu:NVIDIA GeForce RTX 4070 SUPER	PU:Z:FBG39641	DT:Z:2026-07-15T14:17:26.508000+00:00	tm:Z:adapter,primer rc
160472	8beed487-59b6-410d-a4c5-09adbe4ce607	qs:f:23.296	ch:i:165	st:Z:2026-07-15T19:44:07.722000+00:00	RG:Z:a40d6b40-d3ad-4fe7-8245-9c92f794f831_dna_r10.4.1_e8.2_400bps_sup@v5.2.0	DS:Z:gpu:NVIDIA GeForce RTX 4070 SUPER	PU:Z:FBG39641	DT:Z:2026-07-15T14:17:26.508000+00:00	tm:Z:adapter,primer rc
160472	41c36af8-1da1-4895-bb9c-19fc1e92a11c	qs:f:27.8889	ch:i:65	st:Z:2026-07-15T14:37:35.165000+00:00	RG:Z:a40d6b40-d3ad-4fe7-8245-9c92f794f831_dna_r10.4.1_e8.2_400bps_sup@v5.2.0	DS:Z:gpu:NVIDIA GeForce RTX 4070 SUPER	PU:Z:FBG39641	DT:Z:2026-07-15T14:17:26.508000+00:00	tm:Z:adapter,primer
160472	e54ec30f-1b48-452d-b699-92a4a8b24009	qs:f:28.5159	ch:i:108	st:Z:2026-07-15T21:47:55.578000+00:00	RG:Z:a40d6b40-d3ad-4fe7-8245-9c92f794f831_dna_r10.4.1_e8.2_400bps_sup@v5.2.0	DS:Z:gpu:NVIDIA GeForce RTX 4070 SUPER	PU:Z:FBG39641	DT:Z:2026-07-15T14:17:26.508000+00:00	tm:Z:none rc
160472	3ddcc8bf-c7be-4ba4-a72b-249102363ae9	qs:f:21.0728	ch:i:277	st:Z:2026-07-16T00:36:36.998000+00:00	RG:Z:a40d6b40-d3ad-4fe7-8245-9c92f794f831_dna_r10.4.1_e8.2_400bps_sup@v5.2.0	DS:Z:gpu:NVIDIA GeForce RTX 4070 SUPER	PU:Z:FBG39641	DT:Z:2026-07-15T14:17:26.508000+00:00	tm:Z:adapter,primer rc
160472	bb5b7d26-acd6-4717-904e-5fb6f863a544	qs:f:23.4195	ch:i:510	st:Z:2026-07-15T19:07:08.852000+00:00	RG:Z:a40d6b40-d3ad-4fe7-8245-9c92f794f831_dna_r10.4.1_e8.2_400bps_sup@v5.2.0	DS:Z:gpu:NVIDIA GeForce RTX 4070 SUPER	PU:Z:FBG39641	DT:Z:2026-07-15T14:17:26.508000+00:00	tm:Z:adapter,primer
160472	3ed3f895-45c5-4fc2-846a-be89f69ffad6	qs:f:15.3491	ch:i:473	st:Z:2026-07-15T18:00:25.883000+00:00	RG:Z:a40d6b40-d3ad-4fe7-8245-9c92f794f831_dna_r10.4.1_e8.2_400bps_sup@v5.2.0	DS:Z:gpu:NVIDIA GeForce RTX 4070 SUPER	PU:Z:FBG39641	DT:Z:2026-07-15T14:17:26.508000+00:00	tm:Z:none
160472	42b236b3-e41d-475b-be63-61a4e43b317f	qs:f:16.75	ch:i:450	st:Z:2026-07-15T22:34:00.881000+00:00	RG:Z:a40d6b40-d3ad-4fe7-8245-9c92f794f831_dna_r10.4.1_e8.2_400bps_sup@v5.2.0	DS:Z:gpu:NVIDIA GeForce RTX 4070 SUPER	PU:Z:FBG39641	DT:Z:2026-07-15T14:17:26.508000+00:00	tm:Z:adapter,primer
160472	0cf8e923-f9ce-4a8f-9bb5-fdf6591ef231	qs:f:18.6025	ch:i:93	st:Z:2026-07-15T19:54:50.106000+00:00	RG:Z:a40d6b40-d3ad-4fe7-8245-9c92f794f831_dna_r10.4.1_e8.2_400bps_sup@v5.2.0	DS:Z:gpu:NVIDIA GeForce RTX 4070 SUPER	PU:Z:FBG39641	DT:Z:2026-07-15T14:17:26.508000+00:00	tm:Z:adapter,primer
196973	67f3cf7e-8cb4-4978-b130-574706b19477	qs:f:24.3757	ch:i:291	st:Z:2026-07-16T00:24:48.335000+00:00	RG:Z:a40d6b40-d3ad-4fe7-8245-9c92f794f831_dna_r10.4.1_e8.2_400bps_sup@v5.2.0	DS:Z:gpu:NVIDIA GeForce RTX 4070 SUPER	PU:Z:FBG39641	DT:Z:2026-07-15T14:17:26.508000+00:00	tm:Z:none
196973	33826ddb-899b-4d08-8fc3-1b6bc18b46f5	qs:f:22.6221	ch:i:126	st:Z:2026-07-15T18:21:19.626000+00:00	RG:Z:a40d6b40-d3ad-4fe7-8245-9c92f794f831_dna_r10.4.1_e8.2_400bps_sup@v5.2.0	DS:Z:gpu:NVIDIA GeForce RTX 4070 SUPER	PU:Z:FBG39641	DT:Z:2026-07-15T14:17:26.508000+00:00	tm:Z:adapter,primer
196973	895f7386-2c7f-4015-8a1c-6c47eb6540fa	qs:f:18.5528	ch:i:451	st:Z:2026-07-16T00:44:07.063000+00:00	RG:Z:a40d6b40-d3ad-4fe7-8245-9c92f794f831_dna_r10.4.1_e8.2_400bps_sup@v5.2.0	DS:Z:gpu:NVIDIA GeForce RTX 4070 SUPER	PU:Z:FBG39641	DT:Z:2026-07-15T14:17:26.508000+00:00	tm:Z:adapter,primer
196973	02e183c9-a226-45eb-9386-4fc9243c344a	qs:f:24.6427	ch:i:269	st:Z:2026-07-15T19:39:51.344000+00:00	RG:Z:a40d6b40-d3ad-4fe7-8245-9c92f794f831_dna_r10.4.1_e8.2_400bps_sup@v5.2.0	DS:Z:gpu:NVIDIA GeForce RTX 4070 SUPER	PU:Z:FBG39641	DT:Z:2026-07-15T14:17:26.508000+00:00	tm:Z:none rc
196973	7286cf05-bf01-442a-8018-948a263e4fe6	qs:f:12.9103	ch:i:412	st:Z:2026-07-15T20:04:49.060000+00:00	RG:Z:a40d6b40-d3ad-4fe7-8245-9c92f794f831_dna_r10.4.1_e8.2_400bps_sup@v5.2.0	DS:Z:gpu:NVIDIA GeForce RTX 4070 SUPER	PU:Z:FBG39641	DT:Z:2026-07-15T14:17:26.508000+00:00	tm:Z:none
196973	fe61d0cb-18a7-473f-98df-4206bec4271c	qs:f:26.7523	ch:i:224	st:Z:2026-07-16T01:51:15.572000+00:00	RG:Z:a40d6b40-d3ad-4fe7-8245-9c92f794f831_dna_r10.4.1_e8.2_400bps_sup@v5.2.0	DS:Z:gpu:NVIDIA GeForce RTX 4070 SUPER	PU:Z:FBG39641	DT:Z:2026-07-15T14:17:26.508000+00:00	tm:Z:adapter,primer rc
196973	d763a89a-0e3c-449d-a76d-f29e09c43fba	qs:f:14.6661	ch:i:407	st:Z:2026-07-15T20:21:56.569000+00:00	RG:Z:a40d6b40-d3ad-4fe7-8245-9c92f794f831_dna_r10.4.1_e8.2_400bps_sup@v5.2.0	DS:Z:gpu:NVIDIA GeForce RTX 4070 SUPER	PU:Z:FBG39641	DT:Z:2026-07-15T14:17:26.508000+00:00	tm:Z:adapter,primer rc
196973	90dfc4f0-6193-4137-bb7e-6b8b9073adc8	qs:f:15.3665	ch:i:210	st:Z:2026-07-15T19:37:37.234000+00:00	RG:Z:a40d6b40-d3ad-4fe7-8245-9c92f794f831_dna_r10.4.1_e8.2_400bps_sup@v5.2.0	DS:Z:gpu:NVIDIA GeForce RTX 4070 SUPER	PU:Z:FBG39641	DT:Z:2026-07-15T14:17:26.508000+00:00	tm:Z:none rc
196973	3a32d79e-db12-4f45-b02e-a11f5bb59f11	qs:f:21.8593	ch:i:139	st:Z:2026-07-15T16:50:10.620000+00:00	RG:Z:a40d6b40-d3ad-4fe7-8245-9c92f794f831_dna_r10.4.1_e8.2_400bps_sup@v5.2.0	DS:Z:gpu:NVIDIA GeForce RTX 4070 SUPER	PU:Z:FBG39641	DT:Z:2026-07-15T14:17:26.508000+00:00	tm:Z:adapter,primer rc
196973	f90a5521-e8eb-4374-bcf8-f2ea3581db23	qs:f:26.9387	ch:i:197	st:Z:2026-07-15T16:03:18.417000+00:00	RG:Z:a40d6b40-d3ad-4fe7-8245-9c92f794f831_dna_r10.4.1_e8.2_400bps_sup@v5.2.0	DS:Z:gpu:NVIDIA GeForce RTX 4070 SUPER	PU:Z:FBG39641	DT:Z:2026-07-15T14:17:26.508000+00:00	tm:Z:adapter,primer rc
196973	27cc5a66-a559-4f32-b751-09754c4fd5ac	qs:f:26.9569	ch:i:226	st:Z:2026-07-15T16:16:58.342000+00:00	RG:Z:a40d6b40-d3ad-4fe7-8245-9c92f794f831_dna_r10.4.1_e8.2_400bps_sup@v5.2.0	DS:Z:gpu:NVIDIA GeForce RTX 4070 SUPER	PU:Z:FBG39641	DT:Z:2026-07-15T14:17:26.508000+00:00	tm:Z:adapter,primer rc
196973	d559c39a-4f5b-4dfb-ab26-a0a86c8da36b	qs:f:12.9887	ch:i:319	st:Z:2026-07-15T16:57:13.805000+00:00	RG:Z:a40d6b40-d3ad-4fe7-8245-9c92f794f831_dna_r10.4.1_e8.2_400bps_sup@v5.2.0	DS:Z:gpu:NVIDIA GeForce RTX 4070 SUPER	PU:Z:FBG39641	DT:Z:2026-07-15T14:17:26.508000+00:00	tm:Z:adapter,primer
196973	e5e7d78b-01a0-4332-9f89-f1a79d413dd7	qs:f:21.9599	ch:i:165	st:Z:2026-07-15T21:24:31.475000+00:00	RG:Z:a40d6b40-d3ad-4fe7-8245-9c92f794f831_dna_r10.4.1_e8.2_400bps_sup@v5.2.0	DS:Z:gpu:NVIDIA GeForce RTX 4070 SUPER	PU:Z:FBG39641	DT:Z:2026-07-15T14:17:26.508000+00:00	tm:Z:adapter,primer rc
535	0e8bae20-a096-4bff-b9d5-b4360c073a18	qs:f:28.5653	ch:i:147	st:Z:2026-07-15T15:21:14.751000+00:00	RG:Z:a40d6b40-d3ad-4fe7-8245-9c92f794f831_dna_r10.4.1_e8.2_400bps_sup@v5.2.0	DS:Z:gpu:NVIDIA GeForce RTX 4070 SUPER	PU:Z:FBG39641	DT:Z:2026-07-15T14:17:26.508000+00:00	tm:Z:none
535	7c2fdf90-68f9-4d7e-9adb-4d72a09a17cd	qs:f:24.8762	ch:i:22	st:Z:2026-07-16T01:12:37.828000+00:00	RG:Z:a40d6b40-d3ad-4fe7-8245-9c92f794f831_dna_r10.4.1_e8.2_400bps_sup@v5.2.0	DS:Z:gpu:NVIDIA GeForce RTX 4070 SUPER	PU:Z:FBG39641	DT:Z:2026-07-15T14:17:26.508000+00:00	tm:Z:adapter,primer rc
535	b215dbb4-9ef6-4e62-9b5d-1a5fc243b5ce	qs:f:24.354	ch:i:74	st:Z:2026-07-15T15:08:00.347000+00:00	RG:Z:a40d6b40-d3ad-4fe7-8245-9c92f794f831_dna_r10.4.1_e8.2_400bps_sup@v5.2.0	DS:Z:gpu:NVIDIA GeForce RTX 4070 SUPER	PU:Z:FBG39641	DT:Z:2026-07-15T14:17:26.508000+00:00	tm:Z:adapter,primer rc
535	a9a1d1d9-b049-465e-8cd6-747f0a8652e4	qs:f:30.9134	ch:i:134	st:Z:2026-07-15T19:58:41.724000+00:00	RG:Z:a40d6b40-d3ad-4fe7-8245-9c92f794f831_dna_r10.4.1_e8.2_400bps_sup@v5.2.0	DS:Z:gpu:NVIDIA GeForce RTX 4070 SUPER	PU:Z:FBG39641	DT:Z:2026-07-15T14:17:26.508000+00:00	tm:Z:none rc
535	8275d696-2a9f-47f6-aaa8-c3f3faf9d8b2	qs:f:19.6675	ch:i:290	st:Z:2026-07-15T18:13:25.227000+00:00	RG:Z:a40d6b40-d3ad-4fe7-8245-9c92f794f831_dna_r10.4.1_e8.2_400bps_sup@v5.2.0	DS:Z:gpu:NVIDIA GeForce RTX 4070 SUPER	PU:Z:FBG39641	DT:Z:2026-07-15T14:17:26.508000+00:00	tm:Z:adapter,primer rc
535	645acb61-d611-4b5d-b957-a73bd21ff279	qs:f:21.1049	ch:i:387	st:Z:2026-07-15T14:51:06.776000+00:00	RG:Z:a40d6b40-d3ad-4fe7-8245-9c92f794f831_dna_r10.4.1_e8.2_400bps_sup@v5.2.0	DS:Z:gpu:NVIDIA GeForce RTX 4070 SUPER	PU:Z:FBG39641	DT:Z:2026-07-15T14:17:26.508000+00:00	tm:Z:adapter,primer rc
535	337fa2be-17b7-4084-be60-6f39e2f63e30	qs:f:17.5536	ch:i:261	st:Z:2026-07-15T22:35:59.850000+00:00	RG:Z:a40d6b40-d3ad-4fe7-8245-9c92f794f831_dna_r10.4.1_e8.2_400bps_sup@v5.2.0	DS:Z:gpu:NVIDIA GeForce RTX 4070 SUPER	PU:Z:FBG39641	DT:Z:2026-07-15T14:17:26.508000+00:00	tm:Z:adapter,primer rc
535	daba2938-2aba-4c9a-aba4-9412799f4d60	qs:f:22.8682	ch:i:405	st:Z:2026-07-15T14:34:15.885000+00:00	RG:Z:a40d6b40-d3ad-4fe7-8245-9c92f794f831_dna_r10.4.1_e8.2_400bps_sup@v5.2.0	DS:Z:gpu:NVIDIA GeForce RTX 4070 SUPER	PU:Z:FBG39641	DT:Z:2026-07-15T14:17:26.508000+00:00	tm:Z:adapter,primer
535	10d05b73-059d-4a9f-9647-941ce38258ec	qs:f:26.6238	ch:i:302	st:Z:2026-07-15T19:40:47.447000+00:00	RG:Z:a40d6b40-d3ad-4fe7-8245-9c92f794f831_dna_r10.4.1_e8.2_400bps_sup@v5.2.0	DS:Z:gpu:NVIDIA GeForce RTX 4070 SUPER	PU:Z:FBG39641	DT:Z:2026-07-15T14:17:26.508000+00:00	tm:Z:adapter,primer rc
535	93dfcda4-94e3-447e-8e79-a8146a9a807c	qs:f:19.8827	ch:i:192	st:Z:2026-07-15T18:27:18.906000+00:00	RG:Z:a40d6b40-d3ad-4fe7-8245-9c92f794f831_dna_r10.4.1_e8.2_400bps_sup@v5.2.0	DS:Z:gpu:NVIDIA GeForce RTX 4070 SUPER	PU:Z:FBG39641	DT:Z:2026-07-15T14:17:26.508000+00:00	tm:Z:none rc
535	48623644-f8c9-481d-b314-cfcbf8af6dee	qs:f:10.7391	ch:i:383	st:Z:2026-07-15T18:18:14.019000+00:00	RG:Z:a40d6b40-d3ad-4fe7-8245-9c92f794f831_dna_r10.4.1_e8.2_400bps_sup@v5.2.0	DS:Z:gpu:NVIDIA GeForce RTX 4070 SUPER	PU:Z:FBG39641	DT:Z:2026-07-15T14:17:26.508000+00:00	tm:Z:adapter,primer
535	1b8185f2-f203-49cd-8ea0-a888fa46a2c8	qs:f:20.8399	ch:i:123	st:Z:2026-07-15T22:42:38.352000+00:00	RG:Z:a40d6b40-d3ad-4fe7-8245-9c92f794f831_dna_r10.4.1_e8.2_400bps_sup@v5.2.0	DS:Z:gpu:NVIDIA GeForce RTX 4070 SUPER	PU:Z:FBG39641	DT:Z:2026-07-15T14:17:26.508000+00:00	tm:Z:adapter,primer
145618	af695d3a-f306-46e6-9873-439715134eb0	qs:f:16.9939	ch:i:339	st:Z:2026-07-15T15:07:28.763000+00:00	RG:Z:a40d6b40-d3ad-4fe7-8245-9c92f794f831_dna_r10.4.1_e8.2_400bps_sup@v5.2.0	DS:Z:gpu:NVIDIA GeForce RTX 4070 SUPER	PU:Z:FBG39641	DT:Z:2026-07-15T14:17:26.508000+00:00	tm:Z:none rc
145618	1ee971d7-c68e-4888-bcdc-6e4255d53d56	qs:f:23.9791	ch:i:414	st:Z:2026-07-15T15:53:57.479000+00:00	RG:Z:a40d6b40-d3ad-4fe7-8245-9c92f794f831_dna_r10.4.1_e8.2_400bps_sup@v5.2.0	DS:Z:gpu:NVIDIA GeForce RTX 4070 SUPER	PU:Z:FBG39641	DT:Z:2026-07-15T14:17:26.508000+00:00	tm:Z:none rc
145618	77f0efd6-2c20-45ac-b461-52f9afb6a0af	qs:f:24.7805	ch:i:393	st:Z:2026-07-15T17:18:11.770000+00:00	RG:Z:a40d6b40-d3ad-4fe7-8245-9c92f794f831_dna_r10.4.1_e8.2_400bps_sup@v5.2.0	DS:Z:gpu:NVIDIA GeForce RTX 4070 SUPER	PU:Z:FBG39641	DT:Z:2026-07-15T14:17:26.508000+00:00	tm:Z:adapter,primer rc
145618	552fc244-87b8-49c8-90f2-866e7c9d6561	qs:f:26.0295	ch:i:327	st:Z:2026-07-16T01:51:36.197000+00:00	RG:Z:a40d6b40-d3ad-4fe7-8245-9c92f794f831_dna_r10.4.1_e8.2_400bps_sup@v5.2.0	DS:Z:gpu:NVIDIA GeForce RTX 4070 SUPER	PU:Z:FBG39641	DT:Z:2026-07-15T14:17:26.508000+00:00	tm:Z:adapter,primer
145618	2c1e155e-61a8-42b3-9466-c22805d9ab61	qs:f:21.0274	ch:i:236	st:Z:2026-07-15T15:08:17.452000+00:00	RG:Z:a40d6b40-d3ad-4fe7-8245-9c92f794f831_dna_r10.4.1_e8.2_400bps_sup@v5.2.0	DS:Z:gpu:NVIDIA GeForce RTX 4070 SUPER	PU:Z:FBG39641	DT:Z:2026-07-15T14:17:26.508000+00:00	tm:Z:adapter,primer
145618	6c6291e4-88fc-416f-b36b-1faca0f77ec6	qs:f:20.4468	ch:i:451	st:Z:2026-07-15T15:01:17.858000+00:00	RG:Z:a40d6b40-d3ad-4fe7-8245-9c92f794f831_dna_r10.4.1_e8.2_400bps_sup@v5.2.0	DS:Z:gpu:NVIDIA GeForce RTX 4070 SUPER	PU:Z:FBG39641	DT:Z:2026-07-15T14:17:26.508000+00:00	tm:Z:adapter,primer rc
145618	efb55814-9efc-4371-b300-17c0afa05ee1	qs:f:15.8901	ch:i:85	st:Z:2026-07-15T20:03:44.361000+00:00	RG:Z:a40d6b40-d3ad-4fe7-8245-9c92f794f831_dna_r10.4.1_e8.2_400bps_sup@v5.2.0	DS:Z:gpu:NVIDIA GeForce RTX 4070 SUPER	PU:Z:FBG39641	DT:Z:2026-07-15T14:17:26.508000+00:00	tm:Z:none rc
145618	4f5bc2da-c7cc-4a68-ac15-ee63db64da18	qs:f:16.82	ch:i:3	st:Z:2026-07-16T00:52:30.753000+00:00	RG:Z:a40d6b40-d3ad-4fe7-8245-9c92f794f831_dna_r10.4.1_e8.2_400bps_sup@v5.2.0	DS:Z:gpu:NVIDIA GeForce RTX 4070 SUPER	PU:Z:FBG39641	DT:Z:2026-07-15T14:17:26.508000+00:00	tm:Z:adapter,primer
145618	9f56c936-26c6-4cad-9bad-a1a287234b00	qs:f:21.3395	ch:i:216	st:Z:2026-07-15T18:02:28.532000+00:00	RG:Z:a40d6b40-d3ad-4fe7-8245-9c92f794f831_dna_r10.4.1_e8.2_400bps_sup@v5.2.0	DS:Z:gpu:NVIDIA GeForce RTX 4070 SUPER	PU:Z:FBG39641	DT:Z:2026-07-15T14:17:26.508000+00:00	tm:Z:adapter,primer
145618	bb77d862-cfd1-4b1a-b48e-41bd14746105	qs:f:15.0314	ch:i:71	st:Z:2026-07-15T17:28:12.882000+00:00	RG:Z:a40d6b40-d3ad-4fe7-8245-9c92f794f831_dna_r10.4.1_e8.2_400bps_sup@v5.2.0	DS:Z:gpu:NVIDIA GeForce RTX 4070 SUPER	PU:Z:FBG39641	DT:Z:2026-07-15T14:17:26.508000+00:00	tm:Z:adapter,primer
145618	ff6b8f22-a572-4516-b64a-696ea45f1269	qs:f:21.7634	ch:i:123	st:Z:2026-07-16T02:11:15.234000+00:00	RG:Z:a40d6b40-d3ad-4fe7-8245-9c92f794f831_dna_r10.4.1_e8.2_400bps_sup@v5.2.0	DS:Z:gpu:NVIDIA GeForce RTX 4070 SUPER	PU:Z:FBG39641	DT:Z:2026-07-15T14:17:26.508000+00:00	tm:Z:none
145618	81f1bfcc-2674-48dc-a1d6-3def513917d4	qs:f:23.9901	ch:i:136	st:Z:2026-07-15T18:12:56.030000+00:00	RG:Z:a40d6b40-d3ad-4fe7-8245-9c92f794f831_dna_r10.4.1_e8.2_400bps_sup@v5.2.0	DS:Z:gpu:NVIDIA GeForce RTX 4070 SUPER	PU:Z:FBG39641	DT:Z:2026-07-15T14:17:26.508000+00:00	tm:Z:adapter,primer
304438	8e0cb383-63e1-4890-9f05-da8b404661a1	qs:f:22.4409	ch:i:469	st:Z:2026-07-15T22:54:21.029000+00:00	RG:Z:a40d6b40-d3ad-4fe7-8245-9c92f794f831_dna_r10.4.1_e8.2_400bps_sup@v5.2.0	DS:Z:gpu:NVIDIA GeForce RTX 4070 SUPER	PU:Z:FBG39641	DT:Z:2026-07-15T14:17:26.508000+00:00	tm:Z:adapter,primer rc
304438	dede31e9-77fb-4a54-87a1-70dc5abb6e2b	qs:f:17.8003	ch:i:229	st:Z:2026-07-15T19:36:22.572000+00:00	RG:Z:a40d6b40-d3ad-4fe7-8245-9c92f794f831_dna_r10.4.1_e8.2_400bps_sup@v5.2.0	DS:Z:gpu:NVIDIA GeForce RTX 4070 SUPER	PU:Z:FBG39641	DT:Z:2026-07-15T14:17:26.508000+00:00	tm:Z:none
304438	ed87a795-247d-4c29-b38e-12d30f8e2b4b	qs:f:16.8733	ch:i:66	st:Z:2026-07-15T16:07:54.703000+00:00	RG:Z:a40d6b40-d3ad-4fe7-8245-9c92f794f831_dna_r10.4.1_e8.2_400bps_sup@v5.2.0	DS:Z:gpu:NVIDIA GeForce RTX 4070 SUPER	PU:Z:FBG39641	DT:Z:2026-07-15T14:17:26.508000+00:00	tm:Z:adapter,primer rc
304438	74b04980-d749-4ced-b057-b95631bb8bed	qs:f:19.096	ch:i:147	st:Z:2026-07-15T21:58:09.210000+00:00	RG:Z:a40d6b40-d3ad-4fe7-8245-9c92f794f831_dna_r10.4.1_e8.2_400bps_sup@v5.2.0	DS:Z:gpu:NVIDIA GeForce RTX 4070 SUPER	PU:Z:FBG39641	DT:Z:2026-07-15T14:17:26.508000+00:00	tm:Z:none rc
304438	950cc9d5-6efd-473e-b246-be356c2b0d4a	qs:f:19.237	ch:i:328	st:Z:2026-07-15T17:18:56.608000+00:00	RG:Z:a40d6b40-d3ad-4fe7-8245-9c92f794f831_dna_r10.4.1_e8.2_400bps_sup@v5.2.0	DS:Z:gpu:NVIDIA GeForce RTX 4070 SUPER	PU:Z:FBG39641	DT:Z:2026-07-15T14:17:26.508000+00:00	tm:Z:adapter,primer rc
304438	3dc036c8-8d4e-49ad-a2dc-2002f126f5ff	qs:f:19.123	ch:i:195	st:Z:2026-07-15T22:28:53.178000+00:00	RG:Z:a40d6b40-d3ad-4fe7-8245-9c92f794f831_dna_r10.4.1_e8.2_400bps_sup@v5.2.0	DS:Z:gpu:NVIDIA GeForce RTX 4070 SUPER	PU:Z:FBG39641	DT:Z:2026-07-15T14:17:26.508000+00:00	tm:Z:adapter,primer rc
304438	ab354527-c90c-432e-9fc6-e1c7c71268a1	qs:f:13.1003	ch:i:7	st:Z:2026-07-15T15:01:02.216000+00:00	RG:Z:a40d6b40-d3ad-4fe7-8245-9c92f794f831_dna_r10.4.1_e8.2_400bps_sup@v5.2.0	DS:Z:gpu:NVIDIA GeForce RTX 4070 SUPER	PU:Z:FBG39641	DT:Z:2026-07-15T14:17:26.508000+00:00	tm:Z:none rc
304438	83b07d5d-bfb8-473a-b479-a778ad3354d3	qs:f:20.0418	ch:i:268	st:Z:2026-07-15T16:19:19.530000+00:00	RG:Z:a40d6b40-d3ad-4fe7-8245-9c92f794f831_dna_r10.4.1_e8.2_400bps_sup@v5.2.0	DS:Z:gpu:NVIDIA GeForce RTX 4070 SUPER	PU:Z:FBG39641	DT:Z:2026-07-15T14:17:26.508000+00:00	tm:Z:adapter,primer
304438	8eb5bfaf-0f3d-4f9d-a8f7-8d7ff428de8d	qs:f:18.0411	ch:i:222	st:Z:2026-07-15T20:50:59.820000+00:00	RG:Z:a40d6b40-d3ad-4fe7-8245-9c92f794f831_dna_r10.4.1_e8.2_400bps_sup@v5.2.0	DS:Z:gpu:NVIDIA GeForce RTX 4070 SUPER	PU:Z:FBG39641	DT:Z:2026-07-15T14:17:26.508000+00:00	tm:Z:none
304438	aab38565-fe7f-4f87-9ec4-b193e2f8532f	qs:f:14.3396	ch:i:332	st:Z:2026-07-16T00:24:41.933000+00:00	RG:Z:a40d6b40-d3ad-4fe7-8245-9c92f794f831_dna_r10.4.1_e8.2_400bps_sup@v5.2.0	DS:Z:gpu:NVIDIA GeForce RTX 4070 SUPER	PU:Z:FBG39641	DT:Z:2026-07-15T14:17:26.508000+00:00	tm:Z:adapter,primer
304438	c4289d0a-cc72-408b-9533-1aeb27651824	qs:f:15.7094	ch:i:454	st:Z:2026-07-15T22:32:42.517000+00:00	RG:Z:a40d6b40-d3ad-4fe7-8245-9c92f794f831_dna_r10.4.1_e8.2_400bps_sup@v5.2.0	DS:Z:gpu:NVIDIA GeForce RTX 4070 SUPER	PU:Z:FBG39641	DT:Z:2026-07-15T14:17:26.508000+00:00	tm:Z:adapter,primer
304438	c7318612-db67-4e69-8fcc-4218b458ac1c	qs:f:14.2783	ch:i:70	st:Z:2026-07-15T15:39:17.241000+00:00	RG:Z:a40d6b40-d3ad-4fe7-8245-9c92f794f831_dna_r10.4.1_e8.2_400bps_sup@v5.2.0	DS:Z:gpu:NVIDIA GeForce RTX 4070 SUPER	PU:Z:FBG39641	DT:Z:2026-07-15T14:17:26.508000+00:00	tm:Z:none rc
304639	696ff1fb-653b-495d-a3f6-56c977694a25	qs:f:12.8568	ch:i:45	st:Z:2026-07-15T20:07:16.246000+00:00	RG:Z:a40d6b40-d3ad-4fe7-8245-9c92f794f831_dna_r10.4.1_e8.2_400bps_sup@v5.2.0	DS:Z:gpu:NVIDIA GeForce RTX 4070 SUPER	PU:Z:FBG39641	DT:Z:2026-07-15T14:17:26.508000+00:00	tm:Z:adapter,primer rc
304639	5cda45b5-79b4-4c9d-b0a4-97fe82be6eb4	qs:f:20.1118	ch:i:466	st:Z:2026-07-16T00:56:19.432000+00:00	RG:Z:a40d6b40-d3ad-4fe7-8245-9c92f794f831_dna_r10.4.1_e8.2_400bps_sup@v5.2.0	DS:Z:gpu:NVIDIA GeForce RTX 4070 SUPER	PU:Z:FBG39641	DT:Z:2026-07-15T14:17:26.508000+00:00	tm:Z:adapter,primer rc
304639	200ef9e4-7f32-4655-8c96-195a9d585e2c	qs:f:18.8934	ch:i:192	st:Z:2026-07-15T17:21:08.592000+00:00	RG:Z:a40d6b40-d3ad-4fe7-8245-9c92f794f831_dna_r10.4.1_e8.2_400bps_sup@v5.2.0	DS:Z:gpu:NVIDIA GeForce RTX 4070 SUPER	PU:Z:FBG39641	DT:Z:2026-07-15T14:17:26.508000+00:00	tm:Z:none rc
304639	5cf1d74d-ba08-4a33-b86b-6f9aa706d8f7	qs:f:17.5563	ch:i:218	st:Z:2026-07-15T18:45:11.039000+00:00	RG:Z:a40d6b40-d3ad-4fe7-8245-9c92f794f831_dna_r10.4.1_e8.2_400bps_sup@v5.2.0	DS:Z:gpu:NVIDIA GeForce RTX 4070 SUPER	PU:Z:FBG39641	DT:Z:2026-07-15T14:17:26.508000+00:00	tm:Z:adapter,primer
304639	e57fcf11-1d19-4022-90aa-d1e8f5c9fbea	qs:f:21.9011	ch:i:134	st:Z:2026-07-15T21:30:36.913000+00:00	RG:Z:a40d6b40-d3ad-4fe7-8245-9c92f794f831_dna_r10.4.1_e8.2_400bps_sup@v5.2.0	DS:Z:gpu:NVIDIA GeForce RTX 4070 SUPER	PU:Z:FBG39641	DT:Z:2026-07-15T14:17:26.508000+00:00	tm:Z:adapter,primer rc
304639	751f5e0f-e9e1-4449-95da-1bb791b61d11	qs:f:15.829	ch:i:398	st:Z:2026-07-15T18:09:36.768000+00:00	RG:Z:a40d6b40-d3ad-4fe7-8245-9c92f794f831_dna_r10.4.1_e8.2_400bps_sup@v5.2.0	DS:Z:gpu:NVIDIA GeForce RTX 4070 SUPER	PU:Z:FBG39641	DT:Z:2026-07-15T14:17:26.508000+00:00	tm:Z:none
304639	c14610b0-5d87-447e-aa54-8dac88752309	qs:f:15.5131	ch:i:434	st:Z:2026-07-15T20:01:47.700000+00:00	RG:Z:a40d6b40-d3ad-4fe7-8245-9c92f794f831_dna_r10.4.1_e8.2_400bps_sup@v5.2.0	DS:Z:gpu:NVIDIA GeForce RTX 4070 SUPER	PU:Z:FBG39641	DT:Z:2026-07-15T14:17:26.508000+00:00	tm:Z:adapter,primer rc
304639	65da8058-ee48-4ca7-9895-340762cbf31b	qs:f:16.9308	ch:i:40	st:Z:2026-07-15T17:13:48.121000+00:00	RG:Z:a40d6b40-d3ad-4fe7-8245-9c92f794f831_dna_r10.4.1_e8.2_400bps_sup@v5.2.0	DS:Z:gpu:NVIDIA GeForce RTX 4070 SUPER	PU:Z:FBG39641	DT:Z:2026-07-15T14:17:26.508000+00:00	tm:Z:adapter,primer
304639	0804ae63-7a8e-4ada-9c87-30d0368f7be4	qs:f:15.1712	ch:i:76	st:Z:2026-07-16T02:03:25.365000+00:00	RG:Z:a40d6b40-d3ad-4fe7-8245-9c92f794f831_dna_r10.4.1_e8.2_400bps_sup@v5.2.0	DS:Z:gpu:NVIDIA GeForce RTX 4070 SUPER	PU:Z:FBG39641	DT:Z:2026-07-15T14:17:26.508000+00:00	tm:Z:none rc
304639	69a70a79-964d-4a51-b33e-fbaed2c5d9bf	qs:f:19.8549	ch:i:254	st:Z:2026-07-15T17:39:26.710000+00:00	RG:Z:a40d6b40-d3ad-4fe7-8245-9c92f794f831_dna_r10.4.1_e8.2_400bps_sup@v5.2.0	DS:Z:gpu:NVIDIA GeForce RTX 4070 SUPER	PU:Z:FBG39641	DT:Z:2026-07-15T14:17:26.508000+00:00	tm:Z:adapter,primer rc
304639	116baf07-90a9-411f-86de-956de4541564	qs:f:20.1828	ch:i:185	st:Z:2026-07-15T18:53:30.985000+00:00	RG:Z:a40d6b40-d3ad-4fe7-8245-9c92f794f831_dna_r10.4.1_e8.2_400bps_sup@v5.2.0	DS:Z:gpu:NVIDIA GeForce RTX 4070 SUPER	PU:Z:FBG39641	DT:Z:2026-07-15T14:17:26.508000+00:00	tm:Z:adapter,primer rc
304639	d2be7fd7-be60-4019-a290-43da24e6dc5c	qs:f:20.3721	ch:i:244	st:Z:2026-07-15T16:09:01.251000+00:00	RG:Z:a40d6b40-d3ad-4fe7-8245-9c92f794f831_dna_r10.4.1_e8.2_400bps_sup@v5.2.0	DS:Z:gpu:NVIDIA GeForce RTX 4070 SUPER	PU:Z:FBG39641	DT:Z:2026-07-15T14:17:26.508000+00:00	tm:Z:adapter,primer rc
335998	e49d7432-63fa-413d-9577-6dac13d79354	qs:f:21.9823	ch:i:351	st:Z:2026-07-15T15:52:14.342000+00:00	RG:Z:a40d6b40-d3ad-4fe7-8245-9c92f794f831_dna_r10.4.1_e8.2_400bps_sup@v5.2.0	DS:Z:gpu:NVIDIA GeForce RTX 4070 SUPER	PU:Z:FBG39641	DT:Z:2026-07-15T14:17:26.508000+00:00	tm:Z:adapter,primer
335998	1a616b69-7da9-4aca-a5d1-4bd0dbce73d0	qs:f:12.2613	ch:i:347	st:Z:2026-07-15T22:33:10.941000+00:00	RG:Z:a40d6b40-d3ad-4fe7-8245-9c92f794f831_dna_r10.4.1_e8.2_400bps_sup@v5.2.0	DS:Z:gpu:NVIDIA GeForce RTX 4070 SUPER	PU:Z:FBG39641	DT:Z:2026-07-15T14:17:26.508000+00:00	tm:Z:none
335998	55c333f9-dff4-449a-8139-560b05c41a1b	qs:f:20.7718	ch:i:308	st:Z:2026-07-15T18:07:27.645000+00:00	RG:Z:a40d6b40-d3ad-4fe7-8245-9c92f794f831_dna_r10.4.1_e8.2_400bps_sup@v5.2.0	DS:Z:gpu:NVIDIA GeForce RTX 4070 SUPER	PU:Z:FBG39641	DT:Z:2026-07-15T14:17:26.508000+00:00	tm:Z:adapter,primer rc
335998	bb36de37-f30b-45cc-ae90-487f938598c2	qs:f:22.4676	ch:i:138	st:Z:2026-07-15T18:17:52.857000+00:00	RG:Z:a40d6b40-d3ad-4fe7-8245-9c92f794f831_dna_r10.4.1_e8.2_400bps_sup@v5.2.0	DS:Z:gpu:NVIDIA GeForce RTX 4070 SUPER	PU:Z:FBG39641	DT:Z:2026-07-15T14:17:26.508000+00:00	tm:Z:adapter,primer rc
335998	6aa27112-d29c-4077-ab97-ba9c867a1e7c	qs:f:12.0104	ch:i:56	st:Z:2026-07-15T21:55:55.254000+00:00	RG:Z:a40d6b40-d3ad-4fe7-8245-9c92f794f831_dna_r10.4.1_e8.2_400bps_sup@v5.2.0	DS:Z:gpu:NVIDIA GeForce RTX 4070 SUPER	PU:Z:FBG39641	DT:Z:2026-07-15T14:17:26.508000+00:00	tm:Z:none
335998	5ee2b272-9b21-4c4d-911a-ded3b39cfe09	qs:f:26.1516	ch:i:412	st:Z:2026-07-15T18:11:13.939000+00:00	RG:Z:a40d6b40-d3ad-4fe7-8245-9c92f794f831_dna_r10.4.1_e8.2_400bps_sup@v5.2.0	DS:Z:gpu:NVIDIA GeForce RTX 4070 SUPER	PU:Z:FBG39641	DT:Z:2026-07-15T14:17:26.508000+00:00	tm:Z:adapter,primer rc
335998	ad63ce56-dcf3-4a7c-a18e-c014bc193264	qs:f:15.0227	ch:i:68	st:Z:2026-07-15T14:40:47.136000+00:00	RG:Z:a40d6b40-d3ad-4fe7-8245-9c92f794f831_dna_r10.4.1_e8.2_400bps_sup@v5.2.0	DS:Z:gpu:NVIDIA GeForce RTX 4070 SUPER	PU:Z:FBG39641	DT:Z:2026-07-15T14:17:26.508000+00:00	tm:Z:adapter,primer rc
335998	1fa6e726-2911-457f-81b6-11bbe2091c5a	qs:f:15.7142	ch:i:66	st:Z:2026-07-16T01:10:22.749000+00:00	RG:Z:a40d6b40-d3ad-4fe7-8245-9c92f794f831_dna_r10.4.1_e8.2_400bps_sup@v5.2.0	DS:Z:gpu:NVIDIA GeForce RTX 4070 SUPER	PU:Z:FBG39641	DT:Z:2026-07-15T14:17:26.508000+00:00	tm:Z:adapter,primer
335998	fe9f4fae-3f15-4568-9649-c3d6d4d0e621	qs:f:20.1033	ch:i:357	st:Z:2026-07-15T23:11:41.901000+00:00	RG:Z:a40d6b40-d3ad-4fe7-8245-9c92f794f831_dna_r10.4.1_e8.2_400bps_sup@v5.2.0	DS:Z:gpu:NVIDIA GeForce RTX 4070 SUPER	PU:Z:FBG39641	DT:Z:2026-07-15T14:17:26.508000+00:00	tm:Z:none
335998	a36ff04f-f855-4ca3-b485-756d9b4b2081	qs:f:19.3179	ch:i:138	st:Z:2026-07-15T15:10:09.534000+00:00	RG:Z:a40d6b40-d3ad-4fe7-8245-9c92f794f831_dna_r10.4.1_e8.2_400bps_sup@v5.2.0	DS:Z:gpu:NVIDIA GeForce RTX 4070 SUPER	PU:Z:FBG39641	DT:Z:2026-07-15T14:17:26.508000+00:00	tm:Z:adapter,primer rc
335998	1dc166cb-985d-485d-bdd6-e651927eaadb	qs:f:19.2273	ch:i:105	st:Z:2026-07-15T21:19:31.506000+00:00	RG:Z:a40d6b40-d3ad-4fe7-8245-9c92f794f831_dna_r10.4.1_e8.2_400bps_sup@v5.2.0	DS:Z:gpu:NVIDIA GeForce RTX 4070 SUPER	PU:Z:FBG39641	DT:Z:2026-07-15T14:17:26.508000+00:00	tm:Z:adapter,primer rc
475292	2787fdb0-bc88-42b1-9d79-038e4bed705f	qs:f:16.9934	ch:i:87	st:Z:2026-07-16T00:24:15.083000+00:00	RG:Z:a40d6b40-d3ad-4fe7-8245-9c92f794f831_dna_r10.4.1_e8.2_400bps_sup@v5.2.0	DS:Z:gpu:NVIDIA GeForce RTX 4070 SUPER	PU:Z:FBG39641	DT:Z:2026-07-15T14:17:26.508000+00:00	tm:Z:none
475292	328a5bbb-753b-4df7-b761-1f623c594965	qs:f:17.4595	ch:i:91	st:Z:2026-07-16T02:05:55.092000+00:00	RG:Z:a40d6b40-d3ad-4fe7-8245-9c92f794f831_dna_r10.4.1_e8.2_400bps_sup@v5.2.0	DS:Z:gpu:NVIDIA GeForce RTX 4070 SUPER	PU:Z:FBG39641	DT:Z:2026-07-15T14:17:26.508000+00:00	tm:Z:none
475292	b70281d8-71ad-407d-8a44-0136251a8719	qs:f:16.4586	ch:i:148	st:Z:2026-07-15T19:53:33.512000+00:00	RG:Z:a40d6b40-d3ad-4fe7-8245-9c92f794f831_dna_r10.4.1_e8.2_400bps_sup@v5.2.0	DS:Z:gpu:NVIDIA GeForce RTX 4070 SUPER	PU:Z:FBG39641	DT:Z:2026-07-15T14:17:26.508000+00:00	tm:Z:adapter,primer rc
475292	a21029d9-e346-4955-98e0-7a5efbbecf07	qs:f:18.1061	ch:i:296	st:Z:2026-07-15T22:06:51.396000+00:00	RG:Z:a40d6b40-d3ad-4fe7-8245-9c92f794f831_dna_r10.4.1_e8.2_400bps_sup@v5.2.0	DS:Z:gpu:NVIDIA GeForce RTX 4070 SUPER	PU:Z:FBG39641	DT:Z:2026-07-15T14:17:26.508000+00:00	tm:Z:none
475292	0829b6b5-6f41-4f2b-8920-1cd8cf38674c	qs:f:19.0004	ch:i:126	st:Z:2026-07-16T02:15:19.127000+00:00	RG:Z:a40d6b40-d3ad-4fe7-8245-9c92f794f831_dna_r10.4.1_e8.2_400bps_sup@v5.2.0	DS:Z:gpu:NVIDIA GeForce RTX 4070 SUPER	PU:Z:FBG39641	DT:Z:2026-07-15T14:17:26.508000+00:00	tm:Z:adapter,primer rc
475292	7a86de2c-ed4a-4e25-af3f-5006f02e09c7	qs:f:15.9181	ch:i:326	st:Z:2026-07-15T22:37:18.023000+00:00	RG:Z:a40d6b40-d3ad-4fe7-8245-9c92f794f831_dna_r10.4.1_e8.2_400bps_sup@v5.2.0	DS:Z:gpu:NVIDIA GeForce RTX 4070 SUPER	PU:Z:FBG39641	DT:Z:2026-07-15T14:17:26.508000+00:00	tm:Z:none rc
475292	f666ec3e-0b63-4955-8001-8d0c3cbed0f3	qs:f:22.5186	ch:i:138	st:Z:2026-07-15T14:50:05.024000+00:00	RG:Z:a40d6b40-d3ad-4fe7-8245-9c92f794f831_dna_r10.4.1_e8.2_400bps_sup@v5.2.0	DS:Z:gpu:NVIDIA GeForce RTX 4070 SUPER	PU:Z:FBG39641	DT:Z:2026-07-15T14:17:26.508000+00:00	tm:Z:adapter,primer rc
475292	61d0b6d4-94ca-4b76-8902-f039fb290ce1	qs:f:16.2872	ch:i:165	st:Z:2026-07-15T16:10:39.853000+00:00	RG:Z:a40d6b40-d3ad-4fe7-8245-9c92f794f831_dna_r10.4.1_e8.2_400bps_sup@v5.2.0	DS:Z:gpu:NVIDIA GeForce RTX 4070 SUPER	PU:Z:FBG39641	DT:Z:2026-07-15T14:17:26.508000+00:00	tm:Z:adapter,primer rc
475292	9354c3a9-23b0-48e3-b568-7b889a1e38c1	qs:f:12.7957	ch:i:382	st:Z:2026-07-15T21:45:43.416000+00:00	RG:Z:a40d6b40-d3ad-4fe7-8245-9c92f794f831_dna_r10.4.1_e8.2_400bps_sup@v5.2.0	DS:Z:gpu:NVIDIA GeForce RTX 4070 SUPER	PU:Z:FBG39641	DT:Z:2026-07-15T14:17:26.508000+00:00	tm:Z:adapter,primer
475292	2b017677-0b67-494b-a583-3fea455bf2a5	qs:f:9.04062	ch:i:96	st:Z:2026-07-15T21:10:19.003000+00:00	RG:Z:a40d6b40-d3ad-4fe7-8245-9c92f794f831_dna_r10.4.1_e8.2_400bps_sup@v5.2.0	DS:Z:gpu:NVIDIA GeForce RTX 4070 SUPER	PU:Z:FBG39641	DT:Z:2026-07-15T14:17:26.508000+00:00	tm:Z:adapter,primer
475292	e9bfb4ae-2e8d-44f1-8ae9-253448557c16	qs:f:11.0913	ch:i:338	st:Z:2026-07-15T20:28:14.313000+00:00	RG:Z:a40d6b40-d3ad-4fe7-8245-9c92f794f831_dna_r10.4.1_e8.2_400bps_sup@v5.2.0	DS:Z:gpu:NVIDIA GeForce RTX 4070 SUPER	PU:Z:FBG39641	DT:Z:2026-07-15T14:17:26.508000+00:00	tm:Z:adapter,primer rc
47872	82547698-bb0c-47e2-9d5e-49f88b645070	qs:f:35.8543	ch:i:395	st:Z:2026-07-15T22:29:20.439000+00:00	RG:Z:a40d6b40-d3ad-4fe7-8245-9c92f794f831_dna_r10.4.1_e8.2_400bps_sup@v5.2.0	DS:Z:gpu:NVIDIA GeForce RTX 4070 SUPER	PU:Z:FBG39641	DT:Z:2026-07-15T14:17:26.508000+00:00	tm:Z:adapter,primer rc
47872	a4a3d374-294a-4ffc-83bc-c3210a6f45a3	qs:f:22.495	ch:i:412	st:Z:2026-07-16T00:41:08.490000+00:00	RG:Z:a40d6b40-d3ad-4fe7-8245-9c92f794f831_dna_r10.4.1_e8.2_400bps_sup@v5.2.0	DS:Z:gpu:NVIDIA GeForce RTX 4070 SUPER	PU:Z:FBG39641	DT:Z:2026-07-15T14:17:26.508000+00:00	tm:Z:adapter,primer rc
47872	e0696abd-7950-4b9f-8b81-0ff292c62140	qs:f:26.2388	ch:i:360	st:Z:2026-07-15T21:52:13.430000+00:00	RG:Z:a40d6b40-d3ad-4fe7-8245-9c92f794f831_dna_r10.4.1_e8.2_400bps_sup@v5.2.0	DS:Z:gpu:NVIDIA GeForce RTX 4070 SUPER	PU:Z:FBG39641	DT:Z:2026-07-15T14:17:26.508000+00:00	tm:Z:adapter,primer rc
47872	3e256479-babc-4e3d-9f24-20c09d17b3ea	qs:f:24.1912	ch:i:346	st:Z:2026-07-15T22:41:36.434000+00:00	RG:Z:a40d6b40-d3ad-4fe7-8245-9c92f794f831_dna_r10.4.1_e8.2_400bps_sup@v5.2.0	DS:Z:gpu:NVIDIA GeForce RTX 4070 SUPER	PU:Z:FBG39641	DT:Z:2026-07-15T14:17:26.508000+00:00	tm:Z:none rc
47872	ecf28984-e76f-46fa-9079-9ab99c574e3f	qs:f:26.6232	ch:i:268	st:Z:2026-07-15T14:30:20.137000+00:00	RG:Z:a40d6b40-d3ad-4fe7-8245-9c92f794f831_dna_r10.4.1_e8.2_400bps_sup@v5.2.0	DS:Z:gpu:NVIDIA GeForce RTX 4070 SUPER	PU:Z:FBG39641	DT:Z:2026-07-15T14:17:26.508000+00:00	tm:Z:none
47872	29758b21-c4ff-42ca-8377-546be16c0a8c	qs:f:20.3758	ch:i:74	st:Z:2026-07-15T17:06:53.088000+00:00	RG:Z:a40d6b40-d3ad-4fe7-8245-9c92f794f831_dna_r10.4.1_e8.2_400bps_sup@v5.2.0	DS:Z:gpu:NVIDIA GeForce RTX 4070 SUPER	PU:Z:FBG39641	DT:Z:2026-07-15T14:17:26.508000+00:00	tm:Z:adapter,primer
47872	bee680b4-d8d7-4f89-8e94-60d2835faae9	qs:f:25.5279	ch:i:93	st:Z:2026-07-15T15:04:26.781000+00:00	RG:Z:a40d6b40-d3ad-4fe7-8245-9c92f794f831_dna_r10.4.1_e8.2_400bps_sup@v5.2.0	DS:Z:gpu:NVIDIA GeForce RTX 4070 SUPER	PU:Z:FBG39641	DT:Z:2026-07-15T14:17:26.508000+00:00	tm:Z:adapter,primer rc
47872	c14cce96-f3c0-44f1-9db5-77c200cd2fd0	qs:f:28.1779	ch:i:130	st:Z:2026-07-15T22:55:29.713000+00:00	RG:Z:a40d6b40-d3ad-4fe7-8245-9c92f794f831_dna_r10.4.1_e8.2_400bps_sup@v5.2.0	DS:Z:gpu:NVIDIA GeForce RTX 4070 SUPER	PU:Z:FBG39641	DT:Z:2026-07-15T14:17:26.508000+00:00	tm:Z:adapter,primer rc
47872	5a964e35-1b69-4657-bd26-f20bc03dbe1c	qs:f:25.1576	ch:i:398	st:Z:2026-07-16T02:00:36.717000+00:00	RG:Z:a40d6b40-d3ad-4fe7-8245-9c92f794f831_dna_r10.4.1_e8.2_400bps_sup@v5.2.0	DS:Z:gpu:NVIDIA GeForce RTX 4070 SUPER	PU:Z:FBG39641	DT:Z:2026-07-15T14:17:26.508000+00:00	tm:Z:adapter,primer rc
47872	69375b2a-95a8-4bfd-af29-76e0cc5c7b13	qs:f:22.1908	ch:i:463	st:Z:2026-07-15T20:34:13.861000+00:00	RG:Z:a40d6b40-d3ad-4fe7-8245-9c92f794f831_dna_r10.4.1_e8.2_400bps_sup@v5.2.0	DS:Z:gpu:NVIDIA GeForce RTX 4070 SUPER	PU:Z:FBG39641	DT:Z:2026-07-15T14:17:26.508000+00:00	tm:Z:adapter,primer
150239	0dbc8b93-45f8-414e-bd45-58fd80d2c05d	qs:f:17.3555	ch:i:383	st:Z:2026-07-15T22:13:43.435000+00:00	RG:Z:a40d6b40-d3ad-4fe7-8245-9c92f794f831_dna_r10.4.1_e8.2_400bps_sup@v5.2.0	DS:Z:gpu:NVIDIA GeForce RTX 4070 SUPER	PU:Z:FBG39641	DT:Z:2026-07-15T14:17:26.508000+00:00	tm:Z:none
150239	3d116b1b-13a8-4991-9034-44144a96b550	qs:f:26.0127	ch:i:427	st:Z:2026-07-16T02:10:32.221000+00:00	RG:Z:a40d6b40-d3ad-4fe7-8245-9c92f794f831_dna_r10.4.1_e8.2_400bps_sup@v5.2.0	DS:Z:gpu:NVIDIA GeForce RTX 4070 SUPER	PU:Z:FBG39641	DT:Z:2026-07-15T14:17:26.508000+00:00	tm:Z:adapter,primer
150239	bf18e8a1-1438-48f9-bc93-6a180609ee49	qs:f:26.9506	ch:i:454	st:Z:2026-07-15T21:05:13.369000+00:00	RG:Z:a40d6b40-d3ad-4fe7-8245-9c92f794f831_dna_r10.4.1_e8.2_400bps_sup@v5.2.0	DS:Z:gpu:NVIDIA GeForce RTX 4070 SUPER	PU:Z:FBG39641	DT:Z:2026-07-15T14:17:26.508000+00:00	tm:Z:none rc
150239	73792ff1-b2c2-4075-8910-843595d7e4fc	qs:f:21.9303	ch:i:73	st:Z:2026-07-16T01:11:06.741000+00:00	RG:Z:a40d6b40-d3ad-4fe7-8245-9c92f794f831_dna_r10.4.1_e8.2_400bps_sup@v5.2.0	DS:Z:gpu:NVIDIA GeForce RTX 4070 SUPER	PU:Z:FBG39641	DT:Z:2026-07-15T14:17:26.508000+00:00	tm:Z:adapter,primer
150239	a77ae0cb-0934-4823-929f-d58410d3880e	qs:f:17.4879	ch:i:226	st:Z:2026-07-16T01:50:02.058000+00:00	RG:Z:a40d6b40-d3ad-4fe7-8245-9c92f794f831_dna_r10.4.1_e8.2_400bps_sup@v5.2.0	DS:Z:gpu:NVIDIA GeForce RTX 4070 SUPER	PU:Z:FBG39641	DT:Z:2026-07-15T14:17:26.508000+00:00	tm:Z:adapter,primer
150239	5a425ff4-026c-4773-af6b-eb88ef83a06c	qs:f:27.1217	ch:i:306	st:Z:2026-07-16T02:05:16.547000+00:00	RG:Z:a40d6b40-d3ad-4fe7-8245-9c92f794f831_dna_r10.4.1_e8.2_400bps_sup@v5.2.0	DS:Z:gpu:NVIDIA GeForce RTX 4070 SUPER	PU:Z:FBG39641	DT:Z:2026-07-15T14:17:26.508000+00:00	tm:Z:adapter,primer
150239	aa030d28-3446-4fa2-8c90-1100258d98d8	qs:f:22.1702	ch:i:132	st:Z:2026-07-15T20:16:00.378000+00:00	RG:Z:a40d6b40-d3ad-4fe7-8245-9c92f794f831_dna_r10.4.1_e8.2_400bps_sup@v5.2.0	DS:Z:gpu:NVIDIA GeForce RTX 4070 SUPER	PU:Z:FBG39641	DT:Z:2026-07-15T14:17:26.508000+00:00	tm:Z:adapter,primer rc
150239	7119d846-c7ce-45cf-914a-bcf672e32ba5	qs:f:16.9384	ch:i:184	st:Z:2026-07-16T00:20:58.497000+00:00	RG:Z:a40d6b40-d3ad-4fe7-8245-9c92f794f831_dna_r10.4.1_e8.2_400bps_sup@v5.2.0	DS:Z:gpu:NVIDIA GeForce RTX 4070 SUPER	PU:Z:FBG39641	DT:Z:2026-07-15T14:17:26.508000+00:00	tm:Z:none
150239	97ad7b41-0a0c-476b-b40f-d2029fc29b5c	qs:f:12.3589	ch:i:29	st:Z:2026-07-15T23:25:48.082000+00:00	RG:Z:a40d6b40-d3ad-4fe7-8245-9c92f794f831_dna_r10.4.1_e8.2_400bps_sup@v5.2.0	DS:Z:gpu:NVIDIA GeForce RTX 4070 SUPER	PU:Z:FBG39641	DT:Z:2026-07-15T14:17:26.508000+00:00	tm:Z:none
336521	a76cdf81-1fbf-45cb-a13d-50b9c741f99a	qs:f:15.5094	ch:i:411	st:Z:2026-07-15T23:25:21.560000+00:00	RG:Z:a40d6b40-d3ad-4fe7-8245-9c92f794f831_dna_r10.4.1_e8.2_400bps_sup@v5.2.0	DS:Z:gpu:NVIDIA GeForce RTX 4070 SUPER	PU:Z:FBG39641	DT:Z:2026-07-15T14:17:26.508000+00:00	tm:Z:adapter,primer rc
336521	b1e8a960-2bb5-44e3-88e4-c420be0ce642	qs:f:20.4865	ch:i:469	st:Z:2026-07-16T01:31:37.120000+00:00	RG:Z:a40d6b40-d3ad-4fe7-8245-9c92f794f831_dna_r10.4.1_e8.2_400bps_sup@v5.2.0	DS:Z:gpu:NVIDIA GeForce RTX 4070 SUPER	PU:Z:FBG39641	DT:Z:2026-07-15T14:17:26.508000+00:00	tm:Z:adapter,primer
336521	4f84368f-6236-4b88-a024-08fc02fbf554	qs:f:22.7171	ch:i:136	st:Z:2026-07-15T14:55:09.133000+00:00	RG:Z:a40d6b40-d3ad-4fe7-8245-9c92f794f831_dna_r10.4.1_e8.2_400bps_sup@v5.2.0	DS:Z:gpu:NVIDIA GeForce RTX 4070 SUPER	PU:Z:FBG39641	DT:Z:2026-07-15T14:17:26.508000+00:00	tm:Z:adapter,primer
336521	70e1025e-1afe-4709-b336-183bb3845225	qs:f:20.489	ch:i:229	st:Z:2026-07-15T16:35:00.568000+00:00	RG:Z:a40d6b40-d3ad-4fe7-8245-9c92f794f831_dna_r10.4.1_e8.2_400bps_sup@v5.2.0	DS:Z:gpu:NVIDIA GeForce RTX 4070 SUPER	PU:Z:FBG39641	DT:Z:2026-07-15T14:17:26.508000+00:00	tm:Z:none
336521	2f5bc785-a21c-42ff-b129-cc4b12ffd981	qs:f:19.5032	ch:i:391	st:Z:2026-07-15T19:53:11.908000+00:00	RG:Z:a40d6b40-d3ad-4fe7-8245-9c92f794f831_dna_r10.4.1_e8.2_400bps_sup@v5.2.0	DS:Z:gpu:NVIDIA GeForce RTX 4070 SUPER	PU:Z:FBG39641	DT:Z:2026-07-15T14:17:26.508000+00:00	tm:Z:none
336521	cc5a2529-44f2-4c19-b33d-64988b002e81	qs:f:22.2693	ch:i:210	st:Z:2026-07-16T01:44:49.725000+00:00	RG:Z:a40d6b40-d3ad-4fe7-8245-9c92f794f831_dna_r10.4.1_e8.2_400bps_sup@v5.2.0	DS:Z:gpu:NVIDIA GeForce RTX 4070 SUPER	PU:Z:FBG39641	DT:Z:2026-07-15T14:17:26.508000+00:00	tm:Z:adapter,primer rc
336521	60f3387f-8b08-469d-9286-4afa90eacfdf	qs:f:21.6244	ch:i:357	st:Z:2026-07-16T01:49:26.106000+00:00	RG:Z:a40d6b40-d3ad-4fe7-8245-9c92f794f831_dna_r10.4.1_e8.2_400bps_sup@v5.2.0	DS:Z:gpu:NVIDIA GeForce RTX 4070 SUPER	PU:Z:FBG39641	DT:Z:2026-07-15T14:17:26.508000+00:00	tm:Z:adapter,primer
336521	599f980f-34ce-44c3-a25f-23f13b47f22f	qs:f:18.965	ch:i:280	st:Z:2026-07-15T15:50:13.467000+00:00	RG:Z:a40d6b40-d3ad-4fe7-8245-9c92f794f831_dna_r10.4.1_e8.2_400bps_sup@v5.2.0	DS:Z:gpu:NVIDIA GeForce RTX 4070 SUPER	PU:Z:FBG39641	DT:Z:2026-07-15T14:17:26.508000+00:00	tm:Z:none
336521	c64cd366-fa1c-4578-aec4-012e0c87f834	qs:f:16.8559	ch:i:45	st:Z:2026-07-15T19:25:11.883000+00:00	RG:Z:a40d6b40-d3ad-4fe7-8245-9c92f794f831_dna_r10.4.1_e8.2_400bps_sup@v5.2.0	DS:Z:gpu:NVIDIA GeForce RTX 4070 SUPER	PU:Z:FBG39641	DT:Z:2026-07-15T14:17:26.508000+00:00	tm:Z:adapter,primer
467188	d5fdaae8-ea88-4bc1-b873-dd7cb51560d3	qs:f:15.7543	ch:i:374	st:Z:2026-07-15T14:42:51.848000+00:00	RG:Z:a40d6b40-d3ad-4fe7-8245-9c92f794f831_dna_r10.4.1_e8.2_400bps_sup@v5.2.0	DS:Z:gpu:NVIDIA GeForce RTX 4070 SUPER	PU:Z:FBG39641	DT:Z:2026-07-15T14:17:26.508000+00:00	tm:Z:adapter,primer
467188	714697f7-2005-4f36-9e9b-4c1a4e3075c2	qs:f:14.2757	ch:i:281	st:Z:2026-07-15T18:14:54.385000+00:00	RG:Z:a40d6b40-d3ad-4fe7-8245-9c92f794f831_dna_r10.4.1_e8.2_400bps_sup@v5.2.0	DS:Z:gpu:NVIDIA GeForce RTX 4070 SUPER	PU:Z:FBG39641	DT:Z:2026-07-15T14:17:26.508000+00:00	tm:Z:adapter,primer rc
467188	8253d188-3800-43e4-b1c1-55e2dc6507e9	qs:f:19.3494	ch:i:40	st:Z:2026-07-15T19:33:55.426000+00:00	RG:Z:a40d6b40-d3ad-4fe7-8245-9c92f794f831_dna_r10.4.1_e8.2_400bps_sup@v5.2.0	DS:Z:gpu:NVIDIA GeForce RTX 4070 SUPER	PU:Z:FBG39641	DT:Z:2026-07-15T14:17:26.508000+00:00	tm:Z:adapter,primer rc
467188	05d139c4-7451-47bf-9068-3e94885296f7	qs:f:14.5951	ch:i:334	st:Z:2026-07-15T17:25:26.637000+00:00	RG:Z:a40d6b40-d3ad-4fe7-8245-9c92f794f831_dna_r10.4.1_e8.2_400bps_sup@v5.2.0	DS:Z:gpu:NVIDIA GeForce RTX 4070 SUPER	PU:Z:FBG39641	DT:Z:2026-07-15T14:17:26.508000+00:00	tm:Z:none rc
467188	65d9d5cd-7da8-4baf-97c3-8ad970ed5e48	qs:f:16.1456	ch:i:132	st:Z:2026-07-15T21:51:00.416000+00:00	RG:Z:a40d6b40-d3ad-4fe7-8245-9c92f794f831_dna_r10.4.1_e8.2_400bps_sup@v5.2.0	DS:Z:gpu:NVIDIA GeForce RTX 4070 SUPER	PU:Z:FBG39641	DT:Z:2026-07-15T14:17:26.508000+00:00	tm:Z:none rc
467188	5bcc4632-19d0-4597-91d4-9b81661aaa42	qs:f:17.265	ch:i:421	st:Z:2026-07-15T19:46:47.750000+00:00	RG:Z:a40d6b40-d3ad-4fe7-8245-9c92f794f831_dna_r10.4.1_e8.2_400bps_sup@v5.2.0	DS:Z:gpu:NVIDIA GeForce RTX 4070 SUPER	PU:Z:FBG39641	DT:Z:2026-07-15T14:17:26.508000+00:00	tm:Z:adapter,primer
467188	4da249c5-8ba6-4446-b2ea-8668a2365849	qs:f:12.5092	ch:i:4	st:Z:2026-07-15T15:48:43.418000+00:00	RG:Z:a40d6b40-d3ad-4fe7-8245-9c92f794f831_dna_r10.4.1_e8.2_400bps_sup@v5.2.0	DS:Z:gpu:NVIDIA GeForce RTX 4070 SUPER	PU:Z:FBG39641	DT:Z:2026-07-15T14:17:26.508000+00:00	tm:Z:none rc
467188	932b9771-166a-49ba-b0d8-6841bf61919d	qs:f:11.7543	ch:i:412	st:Z:2026-07-15T23:36:02.367000+00:00	RG:Z:a40d6b40-d3ad-4fe7-8245-9c92f794f831_dna_r10.4.1_e8.2_400bps_sup@v5.2.0	DS:Z:gpu:NVIDIA GeForce RTX 4070 SUPER	PU:Z:FBG39641	DT:Z:2026-07-15T14:17:26.508000+00:00	tm:Z:adapter,primer
467188	ceee784e-4805-41ed-a80a-041bd489a00c	qs:f:11.3702	ch:i:145	st:Z:2026-07-15T16:19:17.018000+00:00	RG:Z:a40d6b40-d3ad-4fe7-8245-9c92f794f831_dna_r10.4.1_e8.2_400bps_sup@v5.2.0	DS:Z:gpu:NVIDIA GeForce RTX 4070 SUPER	PU:Z:FBG39641	DT:Z:2026-07-15T14:17:26.508000+00:00	tm:Z:adapter,primer
528390	aa7e9c96-dc1e-4650-8305-7a6b0229bfda	qs:f:14.1016	ch:i:389	st:Z:2026-07-15T23:41:51.358000+00:00	RG:Z:a40d6b40-d3ad-4fe7-8245-9c92f794f831_dna_r10.4.1_e8.2_400bps_sup@v5.2.0	DS:Z:gpu:NVIDIA GeForce RTX 4070 SUPER	PU:Z:FBG39641	DT:Z:2026-07-15T14:17:26.508000+00:00	tm:Z:none
528390	cf14586d-d7b5-4d60-8dc9-bafa12095924	qs:f:16.8776	ch:i:127	st:Z:2026-07-15T14:31:03.884000+00:00	RG:Z:a40d6b40-d3ad-4fe7-8245-9c92f794f831_dna_r10.4.1_e8.2_400bps_sup@v5.2.0	DS:Z:gpu:NVIDIA GeForce RTX 4070 SUPER	PU:Z:FBG39641	DT:Z:2026-07-15T14:17:26.508000+00:00	tm:Z:none
528390	1462483d-4531-4e49-a12f-6dcc6f172b49	qs:f:14.5584	ch:i:180	st:Z:2026-07-15T18:43:32.295000+00:00	RG:Z:a40d6b40-d3ad-4fe7-8245-9c92f794f831_dna_r10.4.1_e8.2_400bps_sup@v5.2.0	DS:Z:gpu:NVIDIA GeForce RTX 4070 SUPER	PU:Z:FBG39641	DT:Z:2026-07-15T14:17:26.508000+00:00	tm:Z:adapter,primer
528390	5b1bbfae-7123-4863-b89f-21bfacf0dc18	qs:f:15.6276	ch:i:65	st:Z:2026-07-15T18:46:00.795000+00:00	RG:Z:a40d6b40-d3ad-4fe7-8245-9c92f794f831_dna_r10.4.1_e8.2_400bps_sup@v5.2.0	DS:Z:gpu:NVIDIA GeForce RTX 4070 SUPER	PU:Z:FBG39641	DT:Z:2026-07-15T14:17:26.508000+00:00	tm:Z:adapter,primer
528390	d410ae42-1d15-4160-acbf-6ed032ab5f48	qs:f:13.5644	ch:i:402	st:Z:2026-07-15T17:07:21.654000+00:00	RG:Z:a40d6b40-d3ad-4fe7-8245-9c92f794f831_dna_r10.4.1_e8.2_400bps_sup@v5.2.0	DS:Z:gpu:NVIDIA GeForce RTX 4070 SUPER	PU:Z:FBG39641	DT:Z:2026-07-15T14:17:26.508000+00:00	tm:Z:adapter,primer
528390	5c4bd39d-a160-4f97-9e24-10a4410be2b9	qs:f:13.0622	ch:i:236	st:Z:2026-07-15T15:31:22.187000+00:00	RG:Z:a40d6b40-d3ad-4fe7-8245-9c92f794f831_dna_r10.4.1_e8.2_400bps_sup@v5.2.0	DS:Z:gpu:NVIDIA GeForce RTX 4070 SUPER	PU:Z:FBG39641	DT:Z:2026-07-15T14:17:26.508000+00:00	tm:Z:adapter,primer
528390	a63745d7-24c7-4e14-aa8c-aa72d61d868e	qs:f:9.56648	ch:i:240	st:Z:2026-07-15T18:34:35.205000+00:00	RG:Z:a40d6b40-d3ad-4fe7-8245-9c92f794f831_dna_r10.4.1_e8.2_400bps_sup@v5.2.0	DS:Z:gpu:NVIDIA GeForce RTX 4070 SUPER	PU:Z:FBG39641	DT:Z:2026-07-15T14:17:26.508000+00:00	tm:Z:adapter,primer rc
528390	a7729fb3-67ff-4da9-8654-0264382acd0b	qs:f:11.4252	ch:i:197	st:Z:2026-07-15T19:45:26.053000+00:00	RG:Z:a40d6b40-d3ad-4fe7-8245-9c92f794f831_dna_r10.4.1_e8.2_400bps_sup@v5.2.0	DS:Z:gpu:NVIDIA GeForce RTX 4070 SUPER	PU:Z:FBG39641	DT:Z:2026-07-15T14:17:26.508000+00:00	tm:Z:adapter,primer rc
528390	3d6fd3df-c429-404e-bc6b-b26e49a1fb3e	qs:f:11.1765	ch:i:272	st:Z:2026-07-15T14:33:08.448000+00:00	RG:Z:a40d6b40-d3ad-4fe7-8245-9c92f794f831_dna_r10.4.1_e8.2_400bps_sup@v5.2.0	DS:Z:gpu:NVIDIA GeForce RTX 4070 SUPER	PU:Z:FBG39641	DT:Z:2026-07-15T14:17:26.508000+00:00	tm:Z:adapter,primer
51809	7f0d5119-e15d-456b-a311-162f219606f1	qs:f:18.7074	ch:i:413	st:Z:2026-07-15T21:01:49.334000+00:00	RG:Z:a40d6b40-d3ad-4fe7-8245-9c92f794f831_dna_r10.4.1_e8.2_400bps_sup@v5.2.0	DS:Z:gpu:NVIDIA GeForce RTX 4070 SUPER	PU:Z:FBG39641	DT:Z:2026-07-15T14:17:26.508000+00:00	tm:Z:none
51809	4709b4bf-b0a2-442c-86f2-38f5ef4ad789	qs:f:25.4427	ch:i:202	st:Z:2026-07-15T18:45:59.243000+00:00	RG:Z:a40d6b40-d3ad-4fe7-8245-9c92f794f831_dna_r10.4.1_e8.2_400bps_sup@v5.2.0	DS:Z:gpu:NVIDIA GeForce RTX 4070 SUPER	PU:Z:FBG39641	DT:Z:2026-07-15T14:17:26.508000+00:00	tm:Z:none
51809	0989ac78-b59e-4435-8b51-74c20107c9e0	qs:f:27.831	ch:i:474	st:Z:2026-07-16T01:53:45.699000+00:00	RG:Z:a40d6b40-d3ad-4fe7-8245-9c92f794f831_dna_r10.4.1_e8.2_400bps_sup@v5.2.0	DS:Z:gpu:NVIDIA GeForce RTX 4070 SUPER	PU:Z:FBG39641	DT:Z:2026-07-15T14:17:26.508000+00:00	tm:Z:none rc
51809	6738eb8c-b140-46c9-b0c1-cda9d6e6a8b7	qs:f:23.6701	ch:i:127	st:Z:2026-07-15T19:48:00.064000+00:00	RG:Z:a40d6b40-d3ad-4fe7-8245-9c92f794f831_dna_r10.4.1_e8.2_400bps_sup@v5.2.0	DS:Z:gpu:NVIDIA GeForce RTX 4070 SUPER	PU:Z:FBG39641	DT:Z:2026-07-15T14:17:26.508000+00:00	tm:Z:none
51809	d1990a98-6bb0-4e24-9cee-274b98343294	qs:f:19.5102	ch:i:308	st:Z:2026-07-15T20:02:20.716000+00:00	RG:Z:a40d6b40-d3ad-4fe7-8245-9c92f794f831_dna_r10.4.1_e8.2_400bps_sup@v5.2.0	DS:Z:gpu:NVIDIA GeForce RTX 4070 SUPER	PU:Z:FBG39641	DT:Z:2026-07-15T14:17:26.508000+00:00	tm:Z:adapter,primer
51809	d96cb7e9-00fb-4d06-b1a3-acda565fc67f	qs:f:28.8316	ch:i:452	st:Z:2026-07-15T17:30:49.958000+00:00	RG:Z:a40d6b40-d3ad-4fe7-8245-9c92f794f831_dna_r10.4.1_e8.2_400bps_sup@v5.2.0	DS:Z:gpu:NVIDIA GeForce RTX 4070 SUPER	PU:Z:FBG39641	DT:Z:2026-07-15T14:17:26.508000+00:00	tm:Z:none rc
51809	e5f61bcd-3a81-4d3a-acf9-4d620630ee2c	qs:f:19.33	ch:i:402	st:Z:2026-07-15T15:20:53.126000+00:00	RG:Z:a40d6b40-d3ad-4fe7-8245-9c92f794f831_dna_r10.4.1_e8.2_400bps_sup@v5.2.0	DS:Z:gpu:NVIDIA GeForce RTX 4070 SUPER	PU:Z:FBG39641	DT:Z:2026-07-15T14:17:26.508000+00:00	tm:Z:adapter,primer rc
51809	bc40a9f2-91de-4a01-acbd-2969493466fc	qs:f:25.3537	ch:i:462	st:Z:2026-07-15T15:00:04.348000+00:00	RG:Z:a40d6b40-d3ad-4fe7-8245-9c92f794f831_dna_r10.4.1_e8.2_400bps_sup@v5.2.0	DS:Z:gpu:NVIDIA GeForce RTX 4070 SUPER	PU:Z:FBG39641	DT:Z:2026-07-15T14:17:26.508000+00:00	tm:Z:adapter,primer rc
151124	03527b5a-99ea-49e6-9708-787628b95629	qs:f:19.777	ch:i:446	st:Z:2026-07-15T19:57:55.821000+00:00	RG:Z:a40d6b40-d3ad-4fe7-8245-9c92f794f831_dna_r10.4.1_e8.2_400bps_sup@v5.2.0	DS:Z:gpu:NVIDIA GeForce RTX 4070 SUPER	PU:Z:FBG39641	DT:Z:2026-07-15T14:17:26.508000+00:00	tm:Z:adapter,primer
151124	dfe189c2-59f4-412d-b7e4-dc8ecfc59f31	qs:f:15.6986	ch:i:40	st:Z:2026-07-15T17:26:25.520000+00:00	RG:Z:a40d6b40-d3ad-4fe7-8245-9c92f794f831_dna_r10.4.1_e8.2_400bps_sup@v5.2.0	DS:Z:gpu:NVIDIA GeForce RTX 4070 SUPER	PU:Z:FBG39641	DT:Z:2026-07-15T14:17:26.508000+00:00	tm:Z:adapter,primer rc
151124	e74306d3-c075-4936-af58-29358839debe	qs:f:25.5772	ch:i:288	st:Z:2026-07-15T22:32:33.343000+00:00	RG:Z:a40d6b40-d3ad-4fe7-8245-9c92f794f831_dna_r10.4.1_e8.2_400bps_sup@v5.2.0	DS:Z:gpu:NVIDIA GeForce RTX 4070 SUPER	PU:Z:FBG39641	DT:Z:2026-07-15T14:17:26.508000+00:00	tm:Z:adapter,primer
151124	e3f52f3e-704d-4b6d-a1c3-89133cb83feb	qs:f:26.2655	ch:i:155	st:Z:2026-07-15T21:08:10.664000+00:00	RG:Z:a40d6b40-d3ad-4fe7-8245-9c92f794f831_dna_r10.4.1_e8.2_400bps_sup@v5.2.0	DS:Z:gpu:NVIDIA GeForce RTX 4070 SUPER	PU:Z:FBG39641	DT:Z:2026-07-15T14:17:26.508000+00:00	tm:Z:adapter,primer
151124	8cd2b196-4df5-4436-a189-a4662527e502	qs:f:12.0447	ch:i:243	st:Z:2026-07-15T19:46:13.852000+00:00	RG:Z:a40d6b40-d3ad-4fe7-8245-9c92f794f831_dna_r10.4.1_e8.2_400bps_sup@v5.2.0	DS:Z:gpu:NVIDIA GeForce RTX 4070 SUPER	PU:Z:FBG39641	DT:Z:2026-07-15T14:17:26.508000+00:00	tm:Z:none
151124	eb9c58ea-2e38-465d-8380-a9948fcf1c3a	qs:f:23.791	ch:i:343	st:Z:2026-07-15T18:12:26.226000+00:00	RG:Z:a40d6b40-d3ad-4fe7-8245-9c92f794f831_dna_r10.4.1_e8.2_400bps_sup@v5.2.0	DS:Z:gpu:NVIDIA GeForce RTX 4070 SUPER	PU:Z:FBG39641	DT:Z:2026-07-15T14:17:26.508000+00:00	tm:Z:none rc
151124	f72d4756-5e0b-47cf-ad08-6981da981c49	qs:f:20.7452	ch:i:150	st:Z:2026-07-16T01:13:25.243000+00:00	RG:Z:a40d6b40-d3ad-4fe7-8245-9c92f794f831_dna_r10.4.1_e8.2_400bps_sup@v5.2.0	DS:Z:gpu:NVIDIA GeForce RTX 4070 SUPER	PU:Z:FBG39641	DT:Z:2026-07-15T14:17:26.508000+00:00	tm:Z:none
151124	4d1dae1b-edb8-4fa4-b47c-5095269211b8	qs:f:19.5797	ch:i:195	st:Z:2026-07-16T00:47:03.950000+00:00	RG:Z:a40d6b40-d3ad-4fe7-8245-9c92f794f831_dna_r10.4.1_e8.2_400bps_sup@v5.2.0	DS:Z:gpu:NVIDIA GeForce RTX 4070 SUPER	PU:Z:FBG39641	DT:Z:2026-07-15T14:17:26.508000+00:00	tm:Z:adapter,primer rc
469950	53b38bde-1f6c-40b8-8a9a-a24058c2ae4e	qs:f:20.9918	ch:i:402	st:Z:2026-07-15T23:34:54.139000+00:00	RG:Z:a40d6b40-d3ad-4fe7-8245-9c92f794f831_dna_r10.4.1_e8.2_400bps_sup@v5.2.0	DS:Z:gpu:NVIDIA GeForce RTX 4070 SUPER	PU:Z:FBG39641	DT:Z:2026-07-15T14:17:26.508000+00:00	tm:Z:adapter,primer rc
469950	98251b02-532f-48a6-b882-84651d30a871	qs:f:16.5909	ch:i:185	st:Z:2026-07-15T23:05:34.308000+00:00	RG:Z:a40d6b40-d3ad-4fe7-8245-9c92f794f831_dna_r10.4.1_e8.2_400bps_sup@v5.2.0	DS:Z:gpu:NVIDIA GeForce RTX 4070 SUPER	PU:Z:FBG39641	DT:Z:2026-07-15T14:17:26.508000+00:00	tm:Z:adapter,primer
469950	cba53df0-afc8-492c-b0bf-7f3fd4d2a689	qs:f:18.1193	ch:i:77	st:Z:2026-07-15T14:34:58.170000+00:00	RG:Z:a40d6b40-d3ad-4fe7-8245-9c92f794f831_dna_r10.4.1_e8.2_400bps_sup@v5.2.0	DS:Z:gpu:NVIDIA GeForce RTX 4070 SUPER	PU:Z:FBG39641	DT:Z:2026-07-15T14:17:26.508000+00:00	tm:Z:adapter,primer rc
469950	78abe1ad-2803-4e54-9664-90e376ae5ba5	qs:f:17.144	ch:i:393	st:Z:2026-07-15T20:51:55.190000+00:00	RG:Z:a40d6b40-d3ad-4fe7-8245-9c92f794f831_dna_r10.4.1_e8.2_400bps_sup@v5.2.0	DS:Z:gpu:NVIDIA GeForce RTX 4070 SUPER	PU:Z:FBG39641	DT:Z:2026-07-15T14:17:26.508000+00:00	tm:Z:adapter,primer
469950	73b60bfa-219f-4a5e-ab0c-434a2876a84c	qs:f:15.2695	ch:i:436	st:Z:2026-07-15T17:20:42.631000+00:00	RG:Z:a40d6b40-d3ad-4fe7-8245-9c92f794f831_dna_r10.4.1_e8.2_400bps_sup@v5.2.0	DS:Z:gpu:NVIDIA GeForce RTX 4070 SUPER	PU:Z:FBG39641	DT:Z:2026-07-15T14:17:26.508000+00:00	tm:Z:adapter,primer
469950	9a840fda-e4b5-403b-90af-ddccd39cddbf	qs:f:19.9729	ch:i:71	st:Z:2026-07-16T01:06:37.600000+00:00	RG:Z:a40d6b40-d3ad-4fe7-8245-9c92f794f831_dna_r10.4.1_e8.2_400bps_sup@v5.2.0	DS:Z:gpu:NVIDIA GeForce RTX 4070 SUPER	PU:Z:FBG39641	DT:Z:2026-07-15T14:17:26.508000+00:00	tm:Z:adapter,primer rc
469950	9840e45a-7027-4e7a-b7ea-bda8f34a680d	qs:f:11.7512	ch:i:272	st:Z:2026-07-15T15:00:13.056000+00:00	RG:Z:a40d6b40-d3ad-4fe7-8245-9c92f794f831_dna_r10.4.1_e8.2_400bps_sup@v5.2.0	DS:Z:gpu:NVIDIA GeForce RTX 4070 SUPER	PU:Z:FBG39641	DT:Z:2026-07-15T14:17:26.508000+00:00	tm:Z:adapter,primer
469950	7dc030d3-2c45-4207-a9fa-3ac65e22f33b	qs:f:12.9012	ch:i:470	st:Z:2026-07-15T23:04:10.688000+00:00	RG:Z:a40d6b40-d3ad-4fe7-8245-9c92f794f831_dna_r10.4.1_e8.2_400bps_sup@v5.2.0	DS:Z:gpu:NVIDIA GeForce RTX 4070 SUPER	PU:Z:FBG39641	DT:Z:2026-07-15T14:17:26.508000+00:00	tm:Z:adapter,primer
479934	b6c14047-03a5-489e-b880-cbc6948ba4dd	qs:f:19.4594	ch:i:116	st:Z:2026-07-15T15:13:14.268000+00:00	RG:Z:a40d6b40-d3ad-4fe7-8245-9c92f794f831_dna_r10.4.1_e8.2_400bps_sup@v5.2.0	DS:Z:gpu:NVIDIA GeForce RTX 4070 SUPER	PU:Z:FBG39641	DT:Z:2026-07-15T14:17:26.508000+00:00	tm:Z:adapter,primer
479934	f6700acc-0d50-46c7-b89e-5cda649a16da	qs:f:18.3596	ch:i:39	st:Z:2026-07-15T23:49:45.346000+00:00	RG:Z:a40d6b40-d3ad-4fe7-8245-9c92f794f831_dna_r10.4.1_e8.2_400bps_sup@v5.2.0	DS:Z:gpu:NVIDIA GeForce RTX 4070 SUPER	PU:Z:FBG39641	DT:Z:2026-07-15T14:17:26.508000+00:00	tm:Z:none
479934	d20d0397-c21d-4e10-9d54-21fac0b8e87f	qs:f:18.8632	ch:i:147	st:Z:2026-07-15T17:52:11.656000+00:00	RG:Z:a40d6b40-d3ad-4fe7-8245-9c92f794f831_dna_r10.4.1_e8.2_400bps_sup@v5.2.0	DS:Z:gpu:NVIDIA GeForce RTX 4070 SUPER	PU:Z:FBG39641	DT:Z:2026-07-15T14:17:26.508000+00:00	tm:Z:adapter,primer
479934	bec4c742-cec0-412d-82c4-73c2d23c5e1f	qs:f:18.0384	ch:i:274	st:Z:2026-07-15T21:00:54.258000+00:00	RG:Z:a40d6b40-d3ad-4fe7-8245-9c92f794f831_dna_r10.4.1_e8.2_400bps_sup@v5.2.0	DS:Z:gpu:NVIDIA GeForce RTX 4070 SUPER	PU:Z:FBG39641	DT:Z:2026-07-15T14:17:26.508000+00:00	tm:Z:adapter,primer
479934	6d842840-340c-4a17-8525-fded51be0ddd	qs:f:17.1165	ch:i:196	st:Z:2026-07-15T16:52:39.773000+00:00	RG:Z:a40d6b40-d3ad-4fe7-8245-9c92f794f831_dna_r10.4.1_e8.2_400bps_sup@v5.2.0	DS:Z:gpu:NVIDIA GeForce RTX 4070 SUPER	PU:Z:FBG39641	DT:Z:2026-07-15T14:17:26.508000+00:00	tm:Z:none rc
479934	451255c2-4301-46c6-a1b3-145bd7b59783	qs:f:12.8925	ch:i:181	st:Z:2026-07-15T17:47:49.187000+00:00	RG:Z:a40d6b40-d3ad-4fe7-8245-9c92f794f831_dna_r10.4.1_e8.2_400bps_sup@v5.2.0	DS:Z:gpu:NVIDIA GeForce RTX 4070 SUPER	PU:Z:FBG39641	DT:Z:2026-07-15T14:17:26.508000+00:00	tm:Z:none rc
479934	08e5bfd0-f42f-483d-9536-7ca2e676fa57	qs:f:11.9698	ch:i:509	st:Z:2026-07-15T20:39:44.213000+00:00	RG:Z:a40d6b40-d3ad-4fe7-8245-9c92f794f831_dna_r10.4.1_e8.2_400bps_sup@v5.2.0	DS:Z:gpu:NVIDIA GeForce RTX 4070 SUPER	PU:Z:FBG39641	DT:Z:2026-07-15T14:17:26.508000+00:00	tm:Z:adapter,primer
479934	a2bddf5d-99f6-451d-bace-f8cc42bfb00b	qs:f:17.0132	ch:i:356	st:Z:2026-07-15T19:59:06.381000+00:00	RG:Z:a40d6b40-d3ad-4fe7-8245-9c92f794f831_dna_r10.4.1_e8.2_400bps_sup@v5.2.0	DS:Z:gpu:NVIDIA GeForce RTX 4070 SUPER	PU:Z:FBG39641	DT:Z:2026-07-15T14:17:26.508000+00:00	tm:Z:adapter,primer
499567	9ee20efc-a5da-4663-97f7-8032bc6ae92a	qs:f:13.3439	ch:i:222	st:Z:2026-07-15T16:23:19.232000+00:00	RG:Z:a40d6b40-d3ad-4fe7-8245-9c92f794f831_dna_r10.4.1_e8.2_400bps_sup@v5.2.0	DS:Z:gpu:NVIDIA GeForce RTX 4070 SUPER	PU:Z:FBG39641	DT:Z:2026-07-15T14:17:26.508000+00:00	tm:Z:none
499567	2f435a68-a270-4b69-9553-815fd22e9ae5	qs:f:14.7851	ch:i:401	st:Z:2026-07-16T01:50:36.076000+00:00	RG:Z:a40d6b40-d3ad-4fe7-8245-9c92f794f831_dna_r10.4.1_e8.2_400bps_sup@v5.2.0	DS:Z:gpu:NVIDIA GeForce RTX 4070 SUPER	PU:Z:FBG39641	DT:Z:2026-07-15T14:17:26.508000+00:00	tm:Z:adapter,primer rc
499567	2babecac-315f-4355-8c84-4d67e18b31cf	qs:f:12.8279	ch:i:129	st:Z:2026-07-16T00:38:21.503000+00:00	RG:Z:a40d6b40-d3ad-4fe7-8245-9c92f794f831_dna_r10.4.1_e8.2_400bps_sup@v5.2.0	DS:Z:gpu:NVIDIA GeForce RTX 4070 SUPER	PU:Z:FBG39641	DT:Z:2026-07-15T14:17:26.508000+00:00	tm:Z:adapter,primer rc
499567	e6ff45d9-a347-4884-8a0d-b11361a12839	qs:f:11.2649	ch:i:355	st:Z:2026-07-15T16:21:28.105000+00:00	RG:Z:a40d6b40-d3ad-4fe7-8245-9c92f794f831_dna_r10.4.1_e8.2_400bps_sup@v5.2.0	DS:Z:gpu:NVIDIA GeForce RTX 4070 SUPER	PU:Z:FBG39641	DT:Z:2026-07-15T14:17:26.508000+00:00	tm:Z:adapter,primer
499567	188002f7-8961-4c27-b419-6fbe6cef5dd6	qs:f:12.6911	ch:i:71	st:Z:2026-07-15T22:35:23.080000+00:00	RG:Z:a40d6b40-d3ad-4fe7-8245-9c92f794f831_dna_r10.4.1_e8.2_400bps_sup@v5.2.0	DS:Z:gpu:NVIDIA GeForce RTX 4070 SUPER	PU:Z:FBG39641	DT:Z:2026-07-15T14:17:26.508000+00:00	tm:Z:adapter,primer
499567	a138ba96-3e7e-4b1c-9369-a584a9e656ec	qs:f:10.5735	ch:i:299	st:Z:2026-07-15T18:42:07.073000+00:00	RG:Z:a40d6b40-d3ad-4fe7-8245-9c92f794f831_dna_r10.4.1_e8.2_400bps_sup@v5.2.0	DS:Z:gpu:NVIDIA GeForce RTX 4070 SUPER	PU:Z:FBG39641	DT:Z:2026-07-15T14:17:26.508000+00:00	tm:Z:none
499567	3627b275-9ce1-4dd7-a061-f1a9787884be	qs:f:10.2322	ch:i:463	st:Z:2026-07-15T14:30:57.012000+00:00	RG:Z:a40d6b40-d3ad-4fe7-8245-9c92f794f831_dna_r10.4.1_e8.2_400bps_sup@v5.2.0	DS:Z:gpu:NVIDIA GeForce RTX 4070 SUPER	PU:Z:FBG39641	DT:Z:2026-07-15T14:17:26.508000+00:00	tm:Z:adapter,primer rc
499567	f63b64c9-9db9-42bd-bc9b-db581f3d6adb	qs:f:10.0996	ch:i:272	st:Z:2026-07-15T19:23:02.644000+00:00	RG:Z:a40d6b40-d3ad-4fe7-8245-9c92f794f831_dna_r10.4.1_e8.2_400bps_sup@v5.2.0	DS:Z:gpu:NVIDIA GeForce RTX 4070 SUPER	PU:Z:FBG39641	DT:Z:2026-07-15T14:17:26.508000+00:00	tm:Z:adapter,primer rc
151736	4751eec1-a2aa-4517-a352-3aba01a65b23	qs:f:26.0666	ch:i:143	st:Z:2026-07-15T18:33:17.771000+00:00	RG:Z:a40d6b40-d3ad-4fe7-8245-9c92f794f831_dna_r10.4.1_e8.2_400bps_sup@v5.2.0	DS:Z:gpu:NVIDIA GeForce RTX 4070 SUPER	PU:Z:FBG39641	DT:Z:2026-07-15T14:17:26.508000+00:00	tm:Z:adapter,primer rc
151736	e9df6487-06ee-4f4d-9f6f-c53e47a90c28	qs:f:19.7	ch:i:123	st:Z:2026-07-15T21:59:53.767000+00:00	RG:Z:a40d6b40-d3ad-4fe7-8245-9c92f794f831_dna_r10.4.1_e8.2_400bps_sup@v5.2.0	DS:Z:gpu:NVIDIA GeForce RTX 4070 SUPER	PU:Z:FBG39641	DT:Z:2026-07-15T14:17:26.508000+00:00	tm:Z:none
151736	f3878e69-03c6-4789-90a9-131c5750303e	qs:f:15.6423	ch:i:297	st:Z:2026-07-15T21:35:03.025000+00:00	RG:Z:a40d6b40-d3ad-4fe7-8245-9c92f794f831_dna_r10.4.1_e8.2_400bps_sup@v5.2.0	DS:Z:gpu:NVIDIA GeForce RTX 4070 SUPER	PU:Z:FBG39641	DT:Z:2026-07-15T14:17:26.508000+00:00	tm:Z:adapter,primer
151736	63d69fe9-4de3-4d45-a852-78b4372dcacd	qs:f:23.1218	ch:i:82	st:Z:2026-07-15T23:04:17.906000+00:00	RG:Z:a40d6b40-d3ad-4fe7-8245-9c92f794f831_dna_r10.4.1_e8.2_400bps_sup@v5.2.0	DS:Z:gpu:NVIDIA GeForce RTX 4070 SUPER	PU:Z:FBG39641	DT:Z:2026-07-15T14:17:26.508000+00:00	tm:Z:none rc
151736	b4fa296e-0c24-4cc3-8fa7-3942e2e25d30	qs:f:16.9976	ch:i:422	st:Z:2026-07-15T17:12:45.354000+00:00	RG:Z:a40d6b40-d3ad-4fe7-8245-9c92f794f831_dna_r10.4.1_e8.2_400bps_sup@v5.2.0	DS:Z:gpu:NVIDIA GeForce RTX 4070 SUPER	PU:Z:FBG39641	DT:Z:2026-07-15T14:17:26.508000+00:00	tm:Z:adapter,primer
151736	eb791f50-7267-402d-a0d2-640b67f04042	qs:f:14.5633	ch:i:184	st:Z:2026-07-15T17:23:16.722000+00:00	RG:Z:a40d6b40-d3ad-4fe7-8245-9c92f794f831_dna_r10.4.1_e8.2_400bps_sup@v5.2.0	DS:Z:gpu:NVIDIA GeForce RTX 4070 SUPER	PU:Z:FBG39641	DT:Z:2026-07-15T14:17:26.508000+00:00	tm:Z:adapter,primer rc
151736	40b52969-a6c8-47b7-890f-ebf4c16f18c2	qs:f:15.6868	ch:i:491	st:Z:2026-07-16T00:42:09.913000+00:00	RG:Z:a40d6b40-d3ad-4fe7-8245-9c92f794f831_dna_r10.4.1_e8.2_400bps_sup@v5.2.0	DS:Z:gpu:NVIDIA GeForce RTX 4070 SUPER	PU:Z:FBG39641	DT:Z:2026-07-15T14:17:26.508000+00:00	tm:Z:none rc
168126	3605b13e-bbd2-45b9-b072-1a910d148a34	qs:f:20.557	ch:i:291	st:Z:2026-07-15T21:52:22.565000+00:00	RG:Z:a40d6b40-d3ad-4fe7-8245-9c92f794f831_dna_r10.4.1_e8.2_400bps_sup@v5.2.0	DS:Z:gpu:NVIDIA GeForce RTX 4070 SUPER	PU:Z:FBG39641	DT:Z:2026-07-15T14:17:26.508000+00:00	tm:Z:adapter,primer rc
168126	ecd1d311-af9f-4794-835c-f5574aad7779	qs:f:25.8562	ch:i:284	st:Z:2026-07-15T20:19:38.309000+00:00	RG:Z:a40d6b40-d3ad-4fe7-8245-9c92f794f831_dna_r10.4.1_e8.2_400bps_sup@v5.2.0	DS:Z:gpu:NVIDIA GeForce RTX 4070 SUPER	PU:Z:FBG39641	DT:Z:2026-07-15T14:17:26.508000+00:00	tm:Z:adapter,primer rc
168126	4ad52248-fcf6-4d89-aaf7-ba41fc3ba278	qs:f:19.1409	ch:i:389	st:Z:2026-07-15T19:55:58.522000+00:00	RG:Z:a40d6b40-d3ad-4fe7-8245-9c92f794f831_dna_r10.4.1_e8.2_400bps_sup@v5.2.0	DS:Z:gpu:NVIDIA GeForce RTX 4070 SUPER	PU:Z:FBG39641	DT:Z:2026-07-15T14:17:26.508000+00:00	tm:Z:adapter,primer rc
168126	7c4af37a-91ce-4bfd-bb24-6f2470fc17a1	qs:f:15.0941	ch:i:332	st:Z:2026-07-16T01:14:08.314000+00:00	RG:Z:a40d6b40-d3ad-4fe7-8245-9c92f794f831_dna_r10.4.1_e8.2_400bps_sup@v5.2.0	DS:Z:gpu:NVIDIA GeForce RTX 4070 SUPER	PU:Z:FBG39641	DT:Z:2026-07-15T14:17:26.508000+00:00	tm:Z:none rc
168126	adb2636c-17aa-4d0a-ab74-526fc6c6eb3e	qs:f:15.0816	ch:i:503	st:Z:2026-07-15T20:43:55.874000+00:00	RG:Z:a40d6b40-d3ad-4fe7-8245-9c92f794f831_dna_r10.4.1_e8.2_400bps_sup@v5.2.0	DS:Z:gpu:NVIDIA GeForce RTX 4070 SUPER	PU:Z:FBG39641	DT:Z:2026-07-15T14:17:26.508000+00:00	tm:Z:adapter,primer
168126	37179076-87db-4a46-a0a0-b0a441a5b09a	qs:f:20.2631	ch:i:327	st:Z:2026-07-15T22:44:55.128000+00:00	RG:Z:a40d6b40-d3ad-4fe7-8245-9c92f794f831_dna_r10.4.1_e8.2_400bps_sup@v5.2.0	DS:Z:gpu:NVIDIA GeForce RTX 4070 SUPER	PU:Z:FBG39641	DT:Z:2026-07-15T14:17:26.508000+00:00	tm:Z:adapter,primer rc
168126	e78e7f41-aae5-4400-b39c-3427423f2b55	qs:f:24.6974	ch:i:168	st:Z:2026-07-15T19:24:59.558000+00:00	RG:Z:a40d6b40-d3ad-4fe7-8245-9c92f794f831_dna_r10.4.1_e8.2_400bps_sup@v5.2.0	DS:Z:gpu:NVIDIA GeForce RTX 4070 SUPER	PU:Z:FBG39641	DT:Z:2026-07-15T14:17:26.508000+00:00	tm:Z:none rc
325478	f897e4d1-fcf3-4b50-953f-c627848170fc	qs:f:17.3167	ch:i:179	st:Z:2026-07-15T14:25:20.011000+00:00	RG:Z:a40d6b40-d3ad-4fe7-8245-9c92f794f831_dna_r10.4.1_e8.2_400bps_sup@v5.2.0	DS:Z:gpu:NVIDIA GeForce RTX 4070 SUPER	PU:Z:FBG39641	DT:Z:2026-07-15T14:17:26.508000+00:00	tm:Z:adapter,primer
325478	05c2140f-957a-4cda-832d-81d24841565e	qs:f:18.4473	ch:i:343	st:Z:2026-07-15T17:30:15.168000+00:00	RG:Z:a40d6b40-d3ad-4fe7-8245-9c92f794f831_dna_r10.4.1_e8.2_400bps_sup@v5.2.0	DS:Z:gpu:NVIDIA GeForce RTX 4070 SUPER	PU:Z:FBG39641	DT:Z:2026-07-15T14:17:26.508000+00:00	tm:Z:adapter,primer rc
325478	5490fc4c-da9f-42c4-a211-2ed085ca1ead	qs:f:22.0515	ch:i:263	st:Z:2026-07-15T20:11:45.921000+00:00	RG:Z:a40d6b40-d3ad-4fe7-8245-9c92f794f831_dna_r10.4.1_e8.2_400bps_sup@v5.2.0	DS:Z:gpu:NVIDIA GeForce RTX 4070 SUPER	PU:Z:FBG39641	DT:Z:2026-07-15T14:17:26.508000+00:00	tm:Z:adapter,primer rc
325478	938c51cb-6a78-42d9-ac83-c2fd2bc01b56	qs:f:17.9286	ch:i:466	st:Z:2026-07-15T15:47:23.243000+00:00	RG:Z:a40d6b40-d3ad-4fe7-8245-9c92f794f831_dna_r10.4.1_e8.2_400bps_sup@v5.2.0	DS:Z:gpu:NVIDIA GeForce RTX 4070 SUPER	PU:Z:FBG39641	DT:Z:2026-07-15T14:17:26.508000+00:00	tm:Z:adapter,primer rc
325478	5f86aba8-0a1d-48df-b874-60d6238368a0	qs:f:18.9699	ch:i:62	st:Z:2026-07-15T16:45:38.147000+00:00	RG:Z:a40d6b40-d3ad-4fe7-8245-9c92f794f831_dna_r10.4.1_e8.2_400bps_sup@v5.2.0	DS:Z:gpu:NVIDIA GeForce RTX 4070 SUPER	PU:Z:FBG39641	DT:Z:2026-07-15T14:17:26.508000+00:00	tm:Z:adapter,primer
325478	3f3c36e0-76f9-4dfa-b19c-6c158093fdaf	qs:f:21.8838	ch:i:230	st:Z:2026-07-15T19:03:20.112000+00:00	RG:Z:a40d6b40-d3ad-4fe7-8245-9c92f794f831_dna_r10.4.1_e8.2_400bps_sup@v5.2.0	DS:Z:gpu:NVIDIA GeForce RTX 4070 SUPER	PU:Z:FBG39641	DT:Z:2026-07-15T14:17:26.508000+00:00	tm:Z:none
325478	39939a6c-293e-4477-8936-edea29088663	qs:f:16.7696	ch:i:329	st:Z:2026-07-15T16:55:54.006000+00:00	RG:Z:a40d6b40-d3ad-4fe7-8245-9c92f794f831_dna_r10.4.1_e8.2_400bps_sup@v5.2.0	DS:Z:gpu:NVIDIA GeForce RTX 4070 SUPER	PU:Z:FBG39641	DT:Z:2026-07-15T14:17:26.508000+00:00	tm:Z:none
351560	2df458fd-bd9c-4114-8b8f-dd05f5c08a4f	qs:f:18.8384	ch:i:195	st:Z:2026-07-15T19:23:49.201000+00:00	RG:Z:a40d6b40-d3ad-4fe7-8245-9c92f794f831_dna_r10.4.1_e8.2_400bps_sup@v5.2.0	DS:Z:gpu:NVIDIA GeForce RTX 4070 SUPER	PU:Z:FBG39641	DT:Z:2026-07-15T14:17:26.508000+00:00	tm:Z:adapter,primer rc
351560	a14e8276-7dd8-47ef-8170-23b17ee66c82	qs:f:19.8225	ch:i:191	st:Z:2026-07-15T21:16:40.773000+00:00	RG:Z:a40d6b40-d3ad-4fe7-8245-9c92f794f831_dna_r10.4.1_e8.2_400bps_sup@v5.2.0	DS:Z:gpu:NVIDIA GeForce RTX 4070 SUPER	PU:Z:FBG39641	DT:Z:2026-07-15T14:17:26.508000+00:00	tm:Z:none rc
351560	7e6dec5e-9c3f-46ce-8fd0-23d41a4fafa8	qs:f:19.4318	ch:i:209	st:Z:2026-07-15T20:00:47.118000+00:00	RG:Z:a40d6b40-d3ad-4fe7-8245-9c92f794f831_dna_r10.4.1_e8.2_400bps_sup@v5.2.0	DS:Z:gpu:NVIDIA GeForce RTX 4070 SUPER	PU:Z:FBG39641	DT:Z:2026-07-15T14:17:26.508000+00:00	tm:Z:adapter,primer rc
351560	4a391d41-436c-4f61-a19f-72d9d7c48365	qs:f:16.9339	ch:i:353	st:Z:2026-07-15T17:46:46.808000+00:00	RG:Z:a40d6b40-d3ad-4fe7-8245-9c92f794f831_dna_r10.4.1_e8.2_400bps_sup@v5.2.0	DS:Z:gpu:NVIDIA GeForce RTX 4070 SUPER	PU:Z:FBG39641	DT:Z:2026-07-15T14:17:26.508000+00:00	tm:Z:adapter,primer
351560	307c0fb9-95c6-4510-9a57-26e4be749d79	qs:f:16.8593	ch:i:202	st:Z:2026-07-15T21:45:20.224000+00:00	RG:Z:a40d6b40-d3ad-4fe7-8245-9c92f794f831_dna_r10.4.1_e8.2_400bps_sup@v5.2.0	DS:Z:gpu:NVIDIA GeForce RTX 4070 SUPER	PU:Z:FBG39641	DT:Z:2026-07-15T14:17:26.508000+00:00	tm:Z:adapter,primer
351560	b8beee8a-2f44-4260-9397-860cadca3c81	qs:f:19.4232	ch:i:502	st:Z:2026-07-15T21:52:40.762000+00:00	RG:Z:a40d6b40-d3ad-4fe7-8245-9c92f794f831_dna_r10.4.1_e8.2_400bps_sup@v5.2.0	DS:Z:gpu:NVIDIA GeForce RTX 4070 SUPER	PU:Z:FBG39641	DT:Z:2026-07-15T14:17:26.508000+00:00	tm:Z:none rc
351560	6dbffa02-2270-480a-8a2e-cf3a21d2d8c4	qs:f:13.3335	ch:i:495	st:Z:2026-07-15T18:17:17.551000+00:00	RG:Z:a40d6b40-d3ad-4fe7-8245-9c92f794f831_dna_r10.4.1_e8.2_400bps_sup@v5.2.0	DS:Z:gpu:NVIDIA GeForce RTX 4070 SUPER	PU:Z:FBG39641	DT:Z:2026-07-15T14:17:26.508000+00:00	tm:Z:none
477309	22db2a74-5170-409f-b587-0d68a2c2f7a5	qs:f:14.9709	ch:i:145	st:Z:2026-07-15T23:21:29.373000+00:00	RG:Z:a40d6b40-d3ad-4fe7-8245-9c92f794f831_dna_r10.4.1_e8.2_400bps_sup@v5.2.0	DS:Z:gpu:NVIDIA GeForce RTX 4070 SUPER	PU:Z:FBG39641	DT:Z:2026-07-15T14:17:26.508000+00:00	tm:Z:adapter,primer
477309	9d52af57-31fe-419e-8ac9-072cd3d05c4e	qs:f:14.5351	ch:i:39	st:Z:2026-07-15T23:16:15.192000+00:00	RG:Z:a40d6b40-d3ad-4fe7-8245-9c92f794f831_dna_r10.4.1_e8.2_400bps_sup@v5.2.0	DS:Z:gpu:NVIDIA GeForce RTX 4070 SUPER	PU:Z:FBG39641	DT:Z:2026-07-15T14:17:26.508000+00:00	tm:Z:none
477309	08c2defe-718b-4797-bf39-e1c92cef1ca4	qs:f:14.5447	ch:i:224	st:Z:2026-07-15T14:39:56.078000+00:00	RG:Z:a40d6b40-d3ad-4fe7-8245-9c92f794f831_dna_r10.4.1_e8.2_400bps_sup@v5.2.0	DS:Z:gpu:NVIDIA GeForce RTX 4070 SUPER	PU:Z:FBG39641	DT:Z:2026-07-15T14:17:26.508000+00:00	tm:Z:adapter,primer rc
477309	1ec41c9b-8940-4dc4-9a96-cebc241ec2c4	qs:f:12.6961	ch:i:217	st:Z:2026-07-16T00:30:54.679000+00:00	RG:Z:a40d6b40-d3ad-4fe7-8245-9c92f794f831_dna_r10.4.1_e8.2_400bps_sup@v5.2.0	DS:Z:gpu:NVIDIA GeForce RTX 4070 SUPER	PU:Z:FBG39641	DT:Z:2026-07-15T14:17:26.508000+00:00	tm:Z:adapter,primer rc
477309	99aed5da-7b0d-4b45-a24f-8d78d7a7591a	qs:f:14.2856	ch:i:100	st:Z:2026-07-16T00:54:42.327000+00:00	RG:Z:a40d6b40-d3ad-4fe7-8245-9c92f794f831_dna_r10.4.1_e8.2_400bps_sup@v5.2.0	DS:Z:gpu:NVIDIA GeForce RTX 4070 SUPER	PU:Z:FBG39641	DT:Z:2026-07-15T14:17:26.508000+00:00	tm:Z:adapter,primer rc
477309	d6ea4504-7fca-43f5-9fd4-6d3f0326f8f7	qs:f:13.3632	ch:i:405	st:Z:2026-07-15T20:37:14.582000+00:00	RG:Z:a40d6b40-d3ad-4fe7-8245-9c92f794f831_dna_r10.4.1_e8.2_400bps_sup@v5.2.0	DS:Z:gpu:NVIDIA GeForce RTX 4070 SUPER	PU:Z:FBG39641	DT:Z:2026-07-15T14:17:26.508000+00:00	tm:Z:adapter,primer
477309	35746464-0d94-4c2f-9ae0-a92bf3c8cce1	qs:f:8.49533	ch:i:443	st:Z:2026-07-15T20:09:53.434000+00:00	RG:Z:a40d6b40-d3ad-4fe7-8245-9c92f794f831_dna_r10.4.1_e8.2_400bps_sup@v5.2.0	DS:Z:gpu:NVIDIA GeForce RTX 4070 SUPER	PU:Z:FBG39641	DT:Z:2026-07-15T14:17:26.508000+00:00	tm:Z:none rc
503038	bb964640-bf9b-43b3-89fc-80a39f6753cd	qs:f:19.4342	ch:i:469	st:Z:2026-07-15T23:20:00.544000+00:00	RG:Z:a40d6b40-d3ad-4fe7-8245-9c92f794f831_dna_r10.4.1_e8.2_400bps_sup@v5.2.0	DS:Z:gpu:NVIDIA GeForce RTX 4070 SUPER	PU:Z:FBG39641	DT:Z:2026-07-15T14:17:26.508000+00:00	tm:Z:adapter,primer
503038	2bffc030-c23c-45a2-acd6-8cf83865d7ff	qs:f:16.7955	ch:i:40	st:Z:2026-07-16T01:18:27.665000+00:00	RG:Z:a40d6b40-d3ad-4fe7-8245-9c92f794f831_dna_r10.4.1_e8.2_400bps_sup@v5.2.0	DS:Z:gpu:NVIDIA GeForce RTX 4070 SUPER	PU:Z:FBG39641	DT:Z:2026-07-15T14:17:26.508000+00:00	tm:Z:none rc
503038	a90fe2d4-15d6-4765-8f7a-75bf3b646688	qs:f:16.0764	ch:i:236	st:Z:2026-07-15T23:24:44.677000+00:00	RG:Z:a40d6b40-d3ad-4fe7-8245-9c92f794f831_dna_r10.4.1_e8.2_400bps_sup@v5.2.0	DS:Z:gpu:NVIDIA GeForce RTX 4070 SUPER	PU:Z:FBG39641	DT:Z:2026-07-15T14:17:26.508000+00:00	tm:Z:adapter,primer
503038	8853dd15-e61e-45d6-8c5a-a77f6837fa78	qs:f:18.7665	ch:i:419	st:Z:2026-07-15T22:18:22.137000+00:00	RG:Z:a40d6b40-d3ad-4fe7-8245-9c92f794f831_dna_r10.4.1_e8.2_400bps_sup@v5.2.0	DS:Z:gpu:NVIDIA GeForce RTX 4070 SUPER	PU:Z:FBG39641	DT:Z:2026-07-15T14:17:26.508000+00:00	tm:Z:none rc
503038	041de273-76de-4df9-98ad-f0dcca53666b	qs:f:17.7544	ch:i:130	st:Z:2026-07-15T19:15:13.619000+00:00	RG:Z:a40d6b40-d3ad-4fe7-8245-9c92f794f831_dna_r10.4.1_e8.2_400bps_sup@v5.2.0	DS:Z:gpu:NVIDIA GeForce RTX 4070 SUPER	PU:Z:FBG39641	DT:Z:2026-07-15T14:17:26.508000+00:00	tm:Z:adapter,primer rc
503038	1ba2e45f-8976-4af4-b900-685cf1d117cd	qs:f:17.2722	ch:i:392	st:Z:2026-07-16T02:04:21.839000+00:00	RG:Z:a40d6b40-d3ad-4fe7-8245-9c92f794f831_dna_r10.4.1_e8.2_400bps_sup@v5.2.0	DS:Z:gpu:NVIDIA GeForce RTX 4070 SUPER	PU:Z:FBG39641	DT:Z:2026-07-15T14:17:26.508000+00:00	tm:Z:adapter,primer rc
503038	df030c24-8f7e-444c-a622-940d922d187f	qs:f:19.6687	ch:i:82	st:Z:2026-07-15T22:54:45.592000+00:00	RG:Z:a40d6b40-d3ad-4fe7-8245-9c92f794f831_dna_r10.4.1_e8.2_400bps_sup@v5.2.0	DS:Z:gpu:NVIDIA GeForce RTX 4070 SUPER	PU:Z:FBG39641	DT:Z:2026-07-15T14:17:26.508000+00:00	tm:Z:adapter,primer rc
67771	cbe8cd8e-1d23-459a-9913-442111228be7	qs:f:20.7638	ch:i:327	st:Z:2026-07-15T20:23:49.090000+00:00	RG:Z:a40d6b40-d3ad-4fe7-8245-9c92f794f831_dna_r10.4.1_e8.2_400bps_sup@v5.2.0	DS:Z:gpu:NVIDIA GeForce RTX 4070 SUPER	PU:Z:FBG39641	DT:Z:2026-07-15T14:17:26.508000+00:00	tm:Z:adapter,primer
67771	dd4d7d04-5c88-49c9-8742-7cd97cb9d937	qs:f:19.5856	ch:i:422	st:Z:2026-07-15T22:12:23.177000+00:00	RG:Z:a40d6b40-d3ad-4fe7-8245-9c92f794f831_dna_r10.4.1_e8.2_400bps_sup@v5.2.0	DS:Z:gpu:NVIDIA GeForce RTX 4070 SUPER	PU:Z:FBG39641	DT:Z:2026-07-15T14:17:26.508000+00:00	tm:Z:none
67771	fb84ab38-e2a7-4751-9e28-051d1835eb48	qs:f:25.0394	ch:i:126	st:Z:2026-07-15T16:29:38.466000+00:00	RG:Z:a40d6b40-d3ad-4fe7-8245-9c92f794f831_dna_r10.4.1_e8.2_400bps_sup@v5.2.0	DS:Z:gpu:NVIDIA GeForce RTX 4070 SUPER	PU:Z:FBG39641	DT:Z:2026-07-15T14:17:26.508000+00:00	tm:Z:adapter,primer rc
67771	f4a964a4-4120-432e-8c7c-7db760c94b0c	qs:f:24.5536	ch:i:306	st:Z:2026-07-15T19:21:35.494000+00:00	RG:Z:a40d6b40-d3ad-4fe7-8245-9c92f794f831_dna_r10.4.1_e8.2_400bps_sup@v5.2.0	DS:Z:gpu:NVIDIA GeForce RTX 4070 SUPER	PU:Z:FBG39641	DT:Z:2026-07-15T14:17:26.508000+00:00	tm:Z:none
67771	6a29260e-2a6b-4ba1-b9ac-a982f39f94a4	qs:f:20.258	ch:i:116	st:Z:2026-07-15T15:22:00.909000+00:00	RG:Z:a40d6b40-d3ad-4fe7-8245-9c92f794f831_dna_r10.4.1_e8.2_400bps_sup@v5.2.0	DS:Z:gpu:NVIDIA GeForce RTX 4070 SUPER	PU:Z:FBG39641	DT:Z:2026-07-15T14:17:26.508000+00:00	tm:Z:adapter,primer rc
73599	e810a8d6-690c-49d3-be6f-42164b990ffe	qs:f:23.6547	ch:i:2	st:Z:2026-07-15T22:42:53.275000+00:00	RG:Z:a40d6b40-d3ad-4fe7-8245-9c92f794f831_dna_r10.4.1_e8.2_400bps_sup@v5.2.0	DS:Z:gpu:NVIDIA GeForce RTX 4070 SUPER	PU:Z:FBG39641	DT:Z:2026-07-15T14:17:26.508000+00:00	tm:Z:adapter,primer rc
73599	42069afb-b5a8-48af-99af-07c118352147	qs:f:22.0509	ch:i:414	st:Z:2026-07-15T18:20:43.759000+00:00	RG:Z:a40d6b40-d3ad-4fe7-8245-9c92f794f831_dna_r10.4.1_e8.2_400bps_sup@v5.2.0	DS:Z:gpu:NVIDIA GeForce RTX 4070 SUPER	PU:Z:FBG39641	DT:Z:2026-07-15T14:17:26.508000+00:00	tm:Z:adapter,primer
73599	b09406f3-1677-493d-9fd6-ec693ae34574	qs:f:14.5801	ch:i:115	st:Z:2026-07-15T16:34:42.398000+00:00	RG:Z:a40d6b40-d3ad-4fe7-8245-9c92f794f831_dna_r10.4.1_e8.2_400bps_sup@v5.2.0	DS:Z:gpu:NVIDIA GeForce RTX 4070 SUPER	PU:Z:FBG39641	DT:Z:2026-07-15T14:17:26.508000+00:00	tm:Z:none rc
73599	122d2bb4-12e6-4a8e-96ad-5c841921a8cb	qs:f:23.8424	ch:i:226	st:Z:2026-07-15T14:36:33.558000+00:00	RG:Z:a40d6b40-d3ad-4fe7-8245-9c92f794f831_dna_r10.4.1_e8.2_400bps_sup@v5.2.0	DS:Z:gpu:NVIDIA GeForce RTX 4070 SUPER	PU:Z:FBG39641	DT:Z:2026-07-15T14:17:26.508000+00:00	tm:Z:adapter,primer
73599	7ee90b80-d868-4831-a442-528293fcfbd5	qs:f:22.4603	ch:i:405	st:Z:2026-07-15T15:16:19.037000+00:00	RG:Z:a40d6b40-d3ad-4fe7-8245-9c92f794f831_dna_r10.4.1_e8.2_400bps_sup@v5.2.0	DS:Z:gpu:NVIDIA GeForce RTX 4070 SUPER	PU:Z:FBG39641	DT:Z:2026-07-15T14:17:26.508000+00:00	tm:Z:adapter,primer
302708	939e6757-7f00-4672-972b-755aa2044b7b	qs:f:16.0359	ch:i:466	st:Z:2026-07-16T00:38:31.390000+00:00	RG:Z:a40d6b40-d3ad-4fe7-8245-9c92f794f831_dna_r10.4.1_e8.2_400bps_sup@v5.2.0	DS:Z:gpu:NVIDIA GeForce RTX 4070 SUPER	PU:Z:FBG39641	DT:Z:2026-07-15T14:17:26.508000+00:00	tm:Z:adapter,primer rc
302708	91df6c39-745e-488f-9d47-89b120924cd8	qs:f:21.6164	ch:i:283	st:Z:2026-07-15T19:53:13.959000+00:00	RG:Z:a40d6b40-d3ad-4fe7-8245-9c92f794f831_dna_r10.4.1_e8.2_400bps_sup@v5.2.0	DS:Z:gpu:NVIDIA GeForce RTX 4070 SUPER	PU:Z:FBG39641	DT:Z:2026-07-15T14:17:26.508000+00:00	tm:Z:none rc
302708	308be274-703e-4e32-aa9d-3f3916d7fc58	qs:f:20.9883	ch:i:244	st:Z:2026-07-15T18:40:17.193000+00:00	RG:Z:a40d6b40-d3ad-4fe7-8245-9c92f794f831_dna_r10.4.1_e8.2_400bps_sup@v5.2.0	DS:Z:gpu:NVIDIA GeForce RTX 4070 SUPER	PU:Z:FBG39641	DT:Z:2026-07-15T14:17:26.508000+00:00	tm:Z:adapter,primer
302708	799a8ffa-a029-402c-b27a-29bbcaeff8c6	qs:f:22.4534	ch:i:22	st:Z:2026-07-16T01:04:21.732000+00:00	RG:Z:a40d6b40-d3ad-4fe7-8245-9c92f794f831_dna_r10.4.1_e8.2_400bps_sup@v5.2.0	DS:Z:gpu:NVIDIA GeForce RTX 4070 SUPER	PU:Z:FBG39641	DT:Z:2026-07-15T14:17:26.508000+00:00	tm:Z:adapter,primer rc
302708	cf899c6d-df9a-4e44-97aa-64765a22b412	qs:f:16.3957	ch:i:51	st:Z:2026-07-16T00:28:32.347000+00:00	RG:Z:a40d6b40-d3ad-4fe7-8245-9c92f794f831_dna_r10.4.1_e8.2_400bps_sup@v5.2.0	DS:Z:gpu:NVIDIA GeForce RTX 4070 SUPER	PU:Z:FBG39641	DT:Z:2026-07-15T14:17:26.508000+00:00	tm:Z:adapter,primer
325807	8295c580-50e8-4cca-ad16-2b8c8fca9b3b	qs:f:13.3602	ch:i:335	st:Z:2026-07-15T21:09:11.572000+00:00	RG:Z:a40d6b40-d3ad-4fe7-8245-9c92f794f831_dna_r10.4.1_e8.2_400bps_sup@v5.2.0	DS:Z:gpu:NVIDIA GeForce RTX 4070 SUPER	PU:Z:FBG39641	DT:Z:2026-07-15T14:17:26.508000+00:00	tm:Z:adapter,primer
325807	d47b3e5d-c694-446d-8649-e6eab89365d8	qs:f:16.2362	ch:i:469	st:Z:2026-07-15T22:28:51.833000+00:00	RG:Z:a40d6b40-d3ad-4fe7-8245-9c92f794f831_dna_r10.4.1_e8.2_400bps_sup@v5.2.0	DS:Z:gpu:NVIDIA GeForce RTX 4070 SUPER	PU:Z:FBG39641	DT:Z:2026-07-15T14:17:26.508000+00:00	tm:Z:none rc
325807	4229f792-a875-46a4-9811-7d391ea3848f	qs:f:14.5011	ch:i:421	st:Z:2026-07-15T21:54:22.980000+00:00	RG:Z:a40d6b40-d3ad-4fe7-8245-9c92f794f831_dna_r10.4.1_e8.2_400bps_sup@v5.2.0	DS:Z:gpu:NVIDIA GeForce RTX 4070 SUPER	PU:Z:FBG39641	DT:Z:2026-07-15T14:17:26.508000+00:00	tm:Z:none rc
325807	068417e5-aca6-4596-9aab-23b22070ab27	qs:f:14.0979	ch:i:224	st:Z:2026-07-15T17:07:58.489000+00:00	RG:Z:a40d6b40-d3ad-4fe7-8245-9c92f794f831_dna_r10.4.1_e8.2_400bps_sup@v5.2.0	DS:Z:gpu:NVIDIA GeForce RTX 4070 SUPER	PU:Z:FBG39641	DT:Z:2026-07-15T14:17:26.508000+00:00	tm:Z:none rc
325807	65f30276-5134-41e6-a82f-455b35b9c7f8	qs:f:22.2582	ch:i:78	st:Z:2026-07-15T16:16:36.769000+00:00	RG:Z:a40d6b40-d3ad-4fe7-8245-9c92f794f831_dna_r10.4.1_e8.2_400bps_sup@v5.2.0	DS:Z:gpu:NVIDIA GeForce RTX 4070 SUPER	PU:Z:FBG39641	DT:Z:2026-07-15T14:17:26.508000+00:00	tm:Z:adapter,primer rc
362517	9619978c-a60a-44be-b30b-37b6d4f1dfeb	qs:f:22.7789	ch:i:105	st:Z:2026-07-15T19:53:11.581000+00:00	RG:Z:a40d6b40-d3ad-4fe7-8245-9c92f794f831_dna_r10.4.1_e8.2_400bps_sup@v5.2.0	DS:Z:gpu:NVIDIA GeForce RTX 4070 SUPER	PU:Z:FBG39641	DT:Z:2026-07-15T14:17:26.508000+00:00	tm:Z:adapter,primer rc
362517	21985dca-aeb1-40ae-ad7f-c3bc576364b8	qs:f:22.5528	ch:i:300	st:Z:2026-07-15T18:42:21.412000+00:00	RG:Z:a40d6b40-d3ad-4fe7-8245-9c92f794f831_dna_r10.4.1_e8.2_400bps_sup@v5.2.0	DS:Z:gpu:NVIDIA GeForce RTX 4070 SUPER	PU:Z:FBG39641	DT:Z:2026-07-15T14:17:26.508000+00:00	tm:Z:adapter,primer rc
362517	f7cdddb1-c879-4fc0-832f-bc93b36af7b3	qs:f:16.8925	ch:i:277	st:Z:2026-07-16T00:05:07.415000+00:00	RG:Z:a40d6b40-d3ad-4fe7-8245-9c92f794f831_dna_r10.4.1_e8.2_400bps_sup@v5.2.0	DS:Z:gpu:NVIDIA GeForce RTX 4070 SUPER	PU:Z:FBG39641	DT:Z:2026-07-15T14:17:26.508000+00:00	tm:Z:none rc
362517	1797856c-e394-4ef1-b2e2-0a0469a87691	qs:f:14.9796	ch:i:65	st:Z:2026-07-15T20:20:15.687000+00:00	RG:Z:a40d6b40-d3ad-4fe7-8245-9c92f794f831_dna_r10.4.1_e8.2_400bps_sup@v5.2.0	DS:Z:gpu:NVIDIA GeForce RTX 4070 SUPER	PU:Z:FBG39641	DT:Z:2026-07-15T14:17:26.508000+00:00	tm:Z:none
362517	cf770577-b4c8-448e-b9ce-3c839d036cc0	qs:f:16.945	ch:i:383	st:Z:2026-07-15T22:11:36.364000+00:00	RG:Z:a40d6b40-d3ad-4fe7-8245-9c92f794f831_dna_r10.4.1_e8.2_400bps_sup@v5.2.0	DS:Z:gpu:NVIDIA GeForce RTX 4070 SUPER	PU:Z:FBG39641	DT:Z:2026-07-15T14:17:26.508000+00:00	tm:Z:adapter,primer rc
8272	c38164ff-e3a6-45be-8e69-0c8434b7f7fb	qs:f:31.7044	ch:i:76	st:Z:2026-07-15T22:52:07.497000+00:00	RG:Z:a40d6b40-d3ad-4fe7-8245-9c92f794f831_dna_r10.4.1_e8.2_400bps_sup@v5.2.0	DS:Z:gpu:NVIDIA GeForce RTX 4070 SUPER	PU:Z:FBG39641	DT:Z:2026-07-15T14:17:26.508000+00:00	tm:Z:adapter,primer
8272	848bfad6-80c2-4669-82c7-b11d57e8106b	qs:f:12.7282	ch:i:195	st:Z:2026-07-15T17:22:02.442000+00:00	RG:Z:a40d6b40-d3ad-4fe7-8245-9c92f794f831_dna_r10.4.1_e8.2_400bps_sup@v5.2.0	DS:Z:gpu:NVIDIA GeForce RTX 4070 SUPER	PU:Z:FBG39641	DT:Z:2026-07-15T14:17:26.508000+00:00	tm:Z:adapter,primer rc
8272	bd94a0c5-debe-4827-ab1f-65a888eab513	qs:f:16.489	ch:i:297	st:Z:2026-07-15T18:39:07.649000+00:00	RG:Z:a40d6b40-d3ad-4fe7-8245-9c92f794f831_dna_r10.4.1_e8.2_400bps_sup@v5.2.0	DS:Z:gpu:NVIDIA GeForce RTX 4070 SUPER	PU:Z:FBG39641	DT:Z:2026-07-15T14:17:26.508000+00:00	tm:Z:adapter,primer
8272	8d872964-484f-4deb-8708-45fd98954197	qs:f:13.6161	ch:i:45	st:Z:2026-07-15T23:41:27.178000+00:00	RG:Z:a40d6b40-d3ad-4fe7-8245-9c92f794f831_dna_r10.4.1_e8.2_400bps_sup@v5.2.0	DS:Z:gpu:NVIDIA GeForce RTX 4070 SUPER	PU:Z:FBG39641	DT:Z:2026-07-15T14:17:26.508000+00:00	tm:Z:none rc
36374	43547b6d-02b3-46be-ac86-4b43312d714f	qs:f:28.4367	ch:i:99	st:Z:2026-07-15T16:41:13.900000+00:00	RG:Z:a40d6b40-d3ad-4fe7-8245-9c92f794f831_dna_r10.4.1_e8.2_400bps_sup@v5.2.0	DS:Z:gpu:NVIDIA GeForce RTX 4070 SUPER	PU:Z:FBG39641	DT:Z:2026-07-15T14:17:26.508000+00:00	tm:Z:adapter,primer rc
36374	9bf3f69f-8f64-4d11-a77b-0f570733a02a	qs:f:29.8302	ch:i:471	st:Z:2026-07-15T20:12:25.899000+00:00	RG:Z:a40d6b40-d3ad-4fe7-8245-9c92f794f831_dna_r10.4.1_e8.2_400bps_sup@v5.2.0	DS:Z:gpu:NVIDIA GeForce RTX 4070 SUPER	PU:Z:FBG39641	DT:Z:2026-07-15T14:17:26.508000+00:00	tm:Z:none rc
36374	4d92f2d7-4618-487e-ba92-a27e3036219e	qs:f:16.7165	ch:i:475	st:Z:2026-07-15T18:59:30.436000+00:00	RG:Z:a40d6b40-d3ad-4fe7-8245-9c92f794f831_dna_r10.4.1_e8.2_400bps_sup@v5.2.0	DS:Z:gpu:NVIDIA GeForce RTX 4070 SUPER	PU:Z:FBG39641	DT:Z:2026-07-15T14:17:26.508000+00:00	tm:Z:adapter,primer
36374	f7e9eaf7-c18a-4c86-97ee-c90a2d935359	qs:f:19.9088	ch:i:298	st:Z:2026-07-15T20:12:03.462000+00:00	RG:Z:a40d6b40-d3ad-4fe7-8245-9c92f794f831_dna_r10.4.1_e8.2_400bps_sup@v5.2.0	DS:Z:gpu:NVIDIA GeForce RTX 4070 SUPER	PU:Z:FBG39641	DT:Z:2026-07-15T14:17:26.508000+00:00	tm:Z:adapter,primer
155556	d23366c5-fef7-4e75-a596-e04207ea40e0	qs:f:14.4127	ch:i:223	st:Z:2026-07-15T19:57:16.756000+00:00	RG:Z:a40d6b40-d3ad-4fe7-8245-9c92f794f831_dna_r10.4.1_e8.2_400bps_sup@v5.2.0	DS:Z:gpu:NVIDIA GeForce RTX 4070 SUPER	PU:Z:FBG39641	DT:Z:2026-07-15T14:17:26.508000+00:00	tm:Z:adapter,primer
155556	c31e1359-cf10-4a98-8047-89e0d94da63c	qs:f:18.0304	ch:i:9	st:Z:2026-07-15T17:00:53.674000+00:00	RG:Z:a40d6b40-d3ad-4fe7-8245-9c92f794f831_dna_r10.4.1_e8.2_400bps_sup@v5.2.0	DS:Z:gpu:NVIDIA GeForce RTX 4070 SUPER	PU:Z:FBG39641	DT:Z:2026-07-15T14:17:26.508000+00:00	tm:Z:adapter,primer rc
155556	5fc6b0d0-c388-401b-bdb1-3242f0869e2d	qs:f:21.3706	ch:i:65	st:Z:2026-07-15T21:23:07.778000+00:00	RG:Z:a40d6b40-d3ad-4fe7-8245-9c92f794f831_dna_r10.4.1_e8.2_400bps_sup@v5.2.0	DS:Z:gpu:NVIDIA GeForce RTX 4070 SUPER	PU:Z:FBG39641	DT:Z:2026-07-15T14:17:26.508000+00:00	tm:Z:none
155556	9ba96cb4-26f1-4487-984d-1d38ef8d2ea4	qs:f:14.8144	ch:i:217	st:Z:2026-07-15T16:56:47.388000+00:00	RG:Z:a40d6b40-d3ad-4fe7-8245-9c92f794f831_dna_r10.4.1_e8.2_400bps_sup@v5.2.0	DS:Z:gpu:NVIDIA GeForce RTX 4070 SUPER	PU:Z:FBG39641	DT:Z:2026-07-15T14:17:26.508000+00:00	tm:Z:adapter,primer
185029	a7bf0210-5161-4f3c-84bb-e162739fc6b3	qs:f:12.9098	ch:i:325	st:Z:2026-07-15T16:29:23.082000+00:00	RG:Z:a40d6b40-d3ad-4fe7-8245-9c92f794f831_dna_r10.4.1_e8.2_400bps_sup@v5.2.0	DS:Z:gpu:NVIDIA GeForce RTX 4070 SUPER	PU:Z:FBG39641	DT:Z:2026-07-15T14:17:26.508000+00:00	tm:Z:adapter,primer
185029	896f42b9-18d1-4ac0-8b25-fbe3a44f5026	qs:f:22.7682	ch:i:429	st:Z:2026-07-15T15:25:55.531000+00:00	RG:Z:a40d6b40-d3ad-4fe7-8245-9c92f794f831_dna_r10.4.1_e8.2_400bps_sup@v5.2.0	DS:Z:gpu:NVIDIA GeForce RTX 4070 SUPER	PU:Z:FBG39641	DT:Z:2026-07-15T14:17:26.508000+00:00	tm:Z:adapter,primer
185029	2a5e8c84-3f1f-4adf-a484-0c12f5f9ef0c	qs:f:23.8242	ch:i:293	st:Z:2026-07-15T21:33:34.657000+00:00	RG:Z:a40d6b40-d3ad-4fe7-8245-9c92f794f831_dna_r10.4.1_e8.2_400bps_sup@v5.2.0	DS:Z:gpu:NVIDIA GeForce RTX 4070 SUPER	PU:Z:FBG39641	DT:Z:2026-07-15T14:17:26.508000+00:00	tm:Z:adapter,primer
185029	18dae9a6-382f-4ff1-a1cf-13316f055162	qs:f:13.6689	ch:i:405	st:Z:2026-07-15T19:34:31.332000+00:00	RG:Z:a40d6b40-d3ad-4fe7-8245-9c92f794f831_dna_r10.4.1_e8.2_400bps_sup@v5.2.0	DS:Z:gpu:NVIDIA GeForce RTX 4070 SUPER	PU:Z:FBG39641	DT:Z:2026-07-15T14:17:26.508000+00:00	tm:Z:none
195714	628589d1-14a3-4699-9738-368402d5777b	qs:f:18.2583	ch:i:451	st:Z:2026-07-15T17:27:41.628000+00:00	RG:Z:a40d6b40-d3ad-4fe7-8245-9c92f794f831_dna_r10.4.1_e8.2_400bps_sup@v5.2.0	DS:Z:gpu:NVIDIA GeForce RTX 4070 SUPER	PU:Z:FBG39641	DT:Z:2026-07-15T14:17:26.508000+00:00	tm:Z:adapter,primer
195714	a1a19e58-bdd6-48f9-a23d-0677674286a1	qs:f:13.2191	ch:i:197	st:Z:2026-07-15T23:08:14.232000+00:00	RG:Z:a40d6b40-d3ad-4fe7-8245-9c92f794f831_dna_r10.4.1_e8.2_400bps_sup@v5.2.0	DS:Z:gpu:NVIDIA GeForce RTX 4070 SUPER	PU:Z:FBG39641	DT:Z:2026-07-15T14:17:26.508000+00:00	tm:Z:adapter,primer
195714	b60ab862-b43c-40ce-b7a2-e9a3e6f58f17	qs:f:20.6881	ch:i:456	st:Z:2026-07-15T18:52:44.927000+00:00	RG:Z:a40d6b40-d3ad-4fe7-8245-9c92f794f831_dna_r10.4.1_e8.2_400bps_sup@v5.2.0	DS:Z:gpu:NVIDIA GeForce RTX 4070 SUPER	PU:Z:FBG39641	DT:Z:2026-07-15T14:17:26.508000+00:00	tm:Z:adapter,primer
195714	a7e3c263-04f5-4b4d-ad17-5dc60c0bb7e0	qs:f:18.845	ch:i:391	st:Z:2026-07-15T17:02:01.508000+00:00	RG:Z:a40d6b40-d3ad-4fe7-8245-9c92f794f831_dna_r10.4.1_e8.2_400bps_sup@v5.2.0	DS:Z:gpu:NVIDIA GeForce RTX 4070 SUPER	PU:Z:FBG39641	DT:Z:2026-07-15T14:17:26.508000+00:00	tm:Z:none
491685	38a4cd41-d356-482f-af26-1b384634b432	qs:f:17.5734	ch:i:308	st:Z:2026-07-15T16:18:05.220000+00:00	RG:Z:a40d6b40-d3ad-4fe7-8245-9c92f794f831_dna_r10.4.1_e8.2_400bps_sup@v5.2.0	DS:Z:gpu:NVIDIA GeForce RTX 4070 SUPER	PU:Z:FBG39641	DT:Z:2026-07-15T14:17:26.508000+00:00	tm:Z:adapter,primer
491685	b1794bce-8ad1-433c-bce2-57a7ef0b25d2	qs:f:17.6587	ch:i:379	st:Z:2026-07-15T16:45:39.302000+00:00	RG:Z:a40d6b40-d3ad-4fe7-8245-9c92f794f831_dna_r10.4.1_e8.2_400bps_sup@v5.2.0	DS:Z:gpu:NVIDIA GeForce RTX 4070 SUPER	PU:Z:FBG39641	DT:Z:2026-07-15T14:17:26.508000+00:00	tm:Z:none
491685	b8a898ea-692f-4144-bc8a-c71b1eaea164	qs:f:18.3527	ch:i:341	st:Z:2026-07-15T21:46:54.270000+00:00	RG:Z:a40d6b40-d3ad-4fe7-8245-9c92f794f831_dna_r10.4.1_e8.2_400bps_sup@v5.2.0	DS:Z:gpu:NVIDIA GeForce RTX 4070 SUPER	PU:Z:FBG39641	DT:Z:2026-07-15T14:17:26.508000+00:00	tm:Z:adapter,primer rc
491685	a89517a5-b882-48f1-a82d-2a011ae71564	qs:f:8.37101	ch:i:272	st:Z:2026-07-15T23:09:57.043000+00:00	RG:Z:a40d6b40-d3ad-4fe7-8245-9c92f794f831_dna_r10.4.1_e8.2_400bps_sup@v5.2.0	DS:Z:gpu:NVIDIA GeForce RTX 4070 SUPER	PU:Z:FBG39641	DT:Z:2026-07-15T14:17:26.508000+00:00	tm:Z:none
499750	9022c6fd-ad51-492e-b2cf-56ab36dff7e9	qs:f:14.5622	ch:i:469	st:Z:2026-07-15T14:58:20.540000+00:00	RG:Z:a40d6b40-d3ad-4fe7-8245-9c92f794f831_dna_r10.4.1_e8.2_400bps_sup@v5.2.0	DS:Z:gpu:NVIDIA GeForce RTX 4070 SUPER	PU:Z:FBG39641	DT:Z:2026-07-15T14:17:26.508000+00:00	tm:Z:adapter,primer rc
499750	caa39629-a9f8-41f7-8818-70a555f7c6e6	qs:f:11.7253	ch:i:380	st:Z:2026-07-15T22:39:08.323000+00:00	RG:Z:a40d6b40-d3ad-4fe7-8245-9c92f794f831_dna_r10.4.1_e8.2_400bps_sup@v5.2.0	DS:Z:gpu:NVIDIA GeForce RTX 4070 SUPER	PU:Z:FBG39641	DT:Z:2026-07-15T14:17:26.508000+00:00	tm:Z:adapter,primer rc
499750	7371991b-31b3-4644-aa84-4462c120efcb	qs:f:11.5192	ch:i:299	st:Z:2026-07-15T22:57:49.450000+00:00	RG:Z:a40d6b40-d3ad-4fe7-8245-9c92f794f831_dna_r10.4.1_e8.2_400bps_sup@v5.2.0	DS:Z:gpu:NVIDIA GeForce RTX 4070 SUPER	PU:Z:FBG39641	DT:Z:2026-07-15T14:17:26.508000+00:00	tm:Z:none
499750	f092bce2-a93a-4045-ad26-96539a4a161f	qs:f:10.9171	ch:i:463	st:Z:2026-07-15T17:54:01.062000+00:00	RG:Z:a40d6b40-d3ad-4fe7-8245-9c92f794f831_dna_r10.4.1_e8.2_400bps_sup@v5.2.0	DS:Z:gpu:NVIDIA GeForce RTX 4070 SUPER	PU:Z:FBG39641	DT:Z:2026-07-15T14:17:26.508000+00:00	tm:Z:adapter,primer rc
503447	802509eb-a66d-415b-ad0e-a260cc7d6851	qs:f:15.6496	ch:i:70	st:Z:2026-07-15T14:49:03.165000+00:00	RG:Z:a40d6b40-d3ad-4fe7-8245-9c92f794f831_dna_r10.4.1_e8.2_400bps_sup@v5.2.0	DS:Z:gpu:NVIDIA GeForce RTX 4070 SUPER	PU:Z:FBG39641	DT:Z:2026-07-15T14:17:26.508000+00:00	tm:Z:none
503447	4aae4e0b-9573-4714-a027-14dc1c496d4c	qs:f:15.7259	ch:i:180	st:Z:2026-07-15T16:02:56.839000+00:00	RG:Z:a40d6b40-d3ad-4fe7-8245-9c92f794f831_dna_r10.4.1_e8.2_400bps_sup@v5.2.0	DS:Z:gpu:NVIDIA GeForce RTX 4070 SUPER	PU:Z:FBG39641	DT:Z:2026-07-15T14:17:26.508000+00:00	tm:Z:none rc
503447	73824cb9-e5f1-4b02-8a7b-a7fdbf704692	qs:f:13.9665	ch:i:314	st:Z:2026-07-15T16:54:40.121000+00:00	RG:Z:a40d6b40-d3ad-4fe7-8245-9c92f794f831_dna_r10.4.1_e8.2_400bps_sup@v5.2.0	DS:Z:gpu:NVIDIA GeForce RTX 4070 SUPER	PU:Z:FBG39641	DT:Z:2026-07-15T14:17:26.508000+00:00	tm:Z:adapter,primer rc
503447	0a1ade80-e39d-4a4d-9f4b-db1b95740e2d	qs:f:15.5161	ch:i:495	st:Z:2026-07-15T20:12:04.040000+00:00	RG:Z:a40d6b40-d3ad-4fe7-8245-9c92f794f831_dna_r10.4.1_e8.2_400bps_sup@v5.2.0	DS:Z:gpu:NVIDIA GeForce RTX 4070 SUPER	PU:Z:FBG39641	DT:Z:2026-07-15T14:17:26.508000+00:00	tm:Z:adapter,primer
30260	5e7f4387-40d3-4cf8-841f-716e429957df	qs:f:12.0636	ch:i:451	st:Z:2026-07-16T00:50:09.518000+00:00	RG:Z:a40d6b40-d3ad-4fe7-8245-9c92f794f831_dna_r10.4.1_e8.2_400bps_sup@v5.2.0	DS:Z:gpu:NVIDIA GeForce RTX 4070 SUPER	PU:Z:FBG39641	DT:Z:2026-07-15T14:17:26.508000+00:00	tm:Z:none
30260	86ee1190-3273-42ca-98be-4ed7b7c154f5	qs:f:16.5547	ch:i:351	st:Z:2026-07-15T20:04:26.556000+00:00	RG:Z:a40d6b40-d3ad-4fe7-8245-9c92f794f831_dna_r10.4.1_e8.2_400bps_sup@v5.2.0	DS:Z:gpu:NVIDIA GeForce RTX 4070 SUPER	PU:Z:FBG39641	DT:Z:2026-07-15T14:17:26.508000+00:00	tm:Z:adapter,primer rc
30260	65355a08-6212-4a4b-9d47-53a7e6787554	qs:f:22.0232	ch:i:10	st:Z:2026-07-15T14:40:33.526000+00:00	RG:Z:a40d6b40-d3ad-4fe7-8245-9c92f794f831_dna_r10.4.1_e8.2_400bps_sup@v5.2.0	DS:Z:gpu:NVIDIA GeForce RTX 4070 SUPER	PU:Z:FBG39641	DT:Z:2026-07-15T14:17:26.508000+00:00	tm:Z:adapter,primer rc
72831	82b405a3-a2da-4d9d-86cf-84ea70d381ec	qs:f:17.8378	ch:i:404	st:Z:2026-07-15T16:12:04.154000+00:00	RG:Z:a40d6b40-d3ad-4fe7-8245-9c92f794f831_dna_r10.4.1_e8.2_400bps_sup@v5.2.0	DS:Z:gpu:NVIDIA GeForce RTX 4070 SUPER	PU:Z:FBG39641	DT:Z:2026-07-15T14:17:26.508000+00:00	tm:Z:adapter,primer rc
72831	a8299606-7c99-4835-bc63-a81989565869	qs:f:22.425	ch:i:386	st:Z:2026-07-15T23:14:16.050000+00:00	RG:Z:a40d6b40-d3ad-4fe7-8245-9c92f794f831_dna_r10.4.1_e8.2_400bps_sup@v5.2.0	DS:Z:gpu:NVIDIA GeForce RTX 4070 SUPER	PU:Z:FBG39641	DT:Z:2026-07-15T14:17:26.508000+00:00	tm:Z:adapter,primer
72831	030dc2b4-d052-45ed-8a9c-f114d4328765	qs:f:31.4342	ch:i:71	st:Z:2026-07-15T17:16:05.973000+00:00	RG:Z:a40d6b40-d3ad-4fe7-8245-9c92f794f831_dna_r10.4.1_e8.2_400bps_sup@v5.2.0	DS:Z:gpu:NVIDIA GeForce RTX 4070 SUPER	PU:Z:FBG39641	DT:Z:2026-07-15T14:17:26.508000+00:00	tm:Z:adapter,primer
99863	45b71e3e-bc06-4bba-8160-536a9a0645cf	qs:f:23.2875	ch:i:226	st:Z:2026-07-16T02:16:21.890000+00:00	RG:Z:a40d6b40-d3ad-4fe7-8245-9c92f794f831_dna_r10.4.1_e8.2_400bps_sup@v5.2.0	DS:Z:gpu:NVIDIA GeForce RTX 4070 SUPER	PU:Z:FBG39641	DT:Z:2026-07-15T14:17:26.508000+00:00	tm:Z:adapter,primer
99863	eb4562b5-6b1d-4922-8f6b-160d9c2d8b5b	qs:f:13.4324	ch:i:310	st:Z:2026-07-15T17:58:27.016000+00:00	RG:Z:a40d6b40-d3ad-4fe7-8245-9c92f794f831_dna_r10.4.1_e8.2_400bps_sup@v5.2.0	DS:Z:gpu:NVIDIA GeForce RTX 4070 SUPER	PU:Z:FBG39641	DT:Z:2026-07-15T14:17:26.508000+00:00	tm:Z:none
99863	39fd9df6-6383-4c71-b42d-c67d23ee9c46	qs:f:16.2852	ch:i:334	st:Z:2026-07-16T00:15:54.795000+00:00	RG:Z:a40d6b40-d3ad-4fe7-8245-9c92f794f831_dna_r10.4.1_e8.2_400bps_sup@v5.2.0	DS:Z:gpu:NVIDIA GeForce RTX 4070 SUPER	PU:Z:FBG39641	DT:Z:2026-07-15T14:17:26.508000+00:00	tm:Z:adapter,primer rc
149379	60f556ef-51da-415a-8ae0-08cf1584b6aa	qs:f:16.6521	ch:i:34	st:Z:2026-07-15T16:38:10.154000+00:00	RG:Z:a40d6b40-d3ad-4fe7-8245-9c92f794f831_dna_r10.4.1_e8.2_400bps_sup@v5.2.0	DS:Z:gpu:NVIDIA GeForce RTX 4070 SUPER	PU:Z:FBG39641	DT:Z:2026-07-15T14:17:26.508000+00:00	tm:Z:adapter,primer rc
149379	484ec7c8-4940-4a17-988c-c8c5c5524326	qs:f:14.4514	ch:i:212	st:Z:2026-07-15T17:42:10.724000+00:00	RG:Z:a40d6b40-d3ad-4fe7-8245-9c92f794f831_dna_r10.4.1_e8.2_400bps_sup@v5.2.0	DS:Z:gpu:NVIDIA GeForce RTX 4070 SUPER	PU:Z:FBG39641	DT:Z:2026-07-15T14:17:26.508000+00:00	tm:Z:adapter,primer rc
149379	6720e7c6-4707-487c-99fd-300eecaa3efe	qs:f:28.3539	ch:i:252	st:Z:2026-07-15T18:55:11.099000+00:00	RG:Z:a40d6b40-d3ad-4fe7-8245-9c92f794f831_dna_r10.4.1_e8.2_400bps_sup@v5.2.0	DS:Z:gpu:NVIDIA GeForce RTX 4070 SUPER	PU:Z:FBG39641	DT:Z:2026-07-15T14:17:26.508000+00:00	tm:Z:adapter,primer rc
181455	6c4001b6-4319-440a-9ff7-babe3eedb5ab	qs:f:19.72	ch:i:117	st:Z:2026-07-15T16:33:14.841000+00:00	RG:Z:a40d6b40-d3ad-4fe7-8245-9c92f794f831_dna_r10.4.1_e8.2_400bps_sup@v5.2.0	DS:Z:gpu:NVIDIA GeForce RTX 4070 SUPER	PU:Z:FBG39641	DT:Z:2026-07-15T14:17:26.508000+00:00	tm:Z:adapter,primer
181455	79b16520-77b6-4011-956f-cefb3ad3e2a6	qs:f:16.6509	ch:i:202	st:Z:2026-07-15T17:21:22.448000+00:00	RG:Z:a40d6b40-d3ad-4fe7-8245-9c92f794f831_dna_r10.4.1_e8.2_400bps_sup@v5.2.0	DS:Z:gpu:NVIDIA GeForce RTX 4070 SUPER	PU:Z:FBG39641	DT:Z:2026-07-15T14:17:26.508000+00:00	tm:Z:adapter,primer
181455	1716072f-d549-4087-b337-7f7fe3253dd0	qs:f:23.451	ch:i:284	st:Z:2026-07-15T16:51:54.288000+00:00	RG:Z:a40d6b40-d3ad-4fe7-8245-9c92f794f831_dna_r10.4.1_e8.2_400bps_sup@v5.2.0	DS:Z:gpu:NVIDIA GeForce RTX 4070 SUPER	PU:Z:FBG39641	DT:Z:2026-07-15T14:17:26.508000+00:00	tm:Z:adapter,primer
308579	6f99975d-30ac-48f9-aba4-0d38ee6e1ca3	qs:f:22.3213	ch:i:214	st:Z:2026-07-15T19:33:12.664000+00:00	RG:Z:a40d6b40-d3ad-4fe7-8245-9c92f794f831_dna_r10.4.1_e8.2_400bps_sup@v5.2.0	DS:Z:gpu:NVIDIA GeForce RTX 4070 SUPER	PU:Z:FBG39641	DT:Z:2026-07-15T14:17:26.508000+00:00	tm:Z:none rc
308579	75e9c654-ff63-44e2-a1ee-657a4689bd98	qs:f:22.5299	ch:i:319	st:Z:2026-07-15T16:35:42.159000+00:00	RG:Z:a40d6b40-d3ad-4fe7-8245-9c92f794f831_dna_r10.4.1_e8.2_400bps_sup@v5.2.0	DS:Z:gpu:NVIDIA GeForce RTX 4070 SUPER	PU:Z:FBG39641	DT:Z:2026-07-15T14:17:26.508000+00:00	tm:Z:adapter,primer
308579	13b06410-ebc5-41d3-a6d5-d1dbaf9372e0	qs:f:21.0768	ch:i:469	st:Z:2026-07-15T15:37:36.747000+00:00	RG:Z:a40d6b40-d3ad-4fe7-8245-9c92f794f831_dna_r10.4.1_e8.2_400bps_sup@v5.2.0	DS:Z:gpu:NVIDIA GeForce RTX 4070 SUPER	PU:Z:FBG39641	DT:Z:2026-07-15T14:17:26.508000+00:00	tm:Z:none rc
359147	a71d64dd-bafb-4678-a1e5-9fb15cc08f39	qs:f:18.9301	ch:i:473	st:Z:2026-07-15T21:36:37.528000+00:00	RG:Z:a40d6b40-d3ad-4fe7-8245-9c92f794f831_dna_r10.4.1_e8.2_400bps_sup@v5.2.0	DS:Z:gpu:NVIDIA GeForce RTX 4070 SUPER	PU:Z:FBG39641	DT:Z:2026-07-15T14:17:26.508000+00:00	tm:Z:adapter,primer rc
359147	733896c8-477a-4813-96e2-1dbd8f636a6e	qs:f:17.8413	ch:i:140	st:Z:2026-07-15T20:31:01.577000+00:00	RG:Z:a40d6b40-d3ad-4fe7-8245-9c92f794f831_dna_r10.4.1_e8.2_400bps_sup@v5.2.0	DS:Z:gpu:NVIDIA GeForce RTX 4070 SUPER	PU:Z:FBG39641	DT:Z:2026-07-15T14:17:26.508000+00:00	tm:Z:adapter,primer rc
359147	ca1ea4ec-877f-4c61-b084-8e5670c07d2b	qs:f:18.0442	ch:i:378	st:Z:2026-07-15T16:17:17.930000+00:00	RG:Z:a40d6b40-d3ad-4fe7-8245-9c92f794f831_dna_r10.4.1_e8.2_400bps_sup@v5.2.0	DS:Z:gpu:NVIDIA GeForce RTX 4070 SUPER	PU:Z:FBG39641	DT:Z:2026-07-15T14:17:26.508000+00:00	tm:Z:adapter,primer rc
470771	8ff15e0c-b88a-49f6-8cdb-0e6340b2506b	qs:f:16.3091	ch:i:117	st:Z:2026-07-16T01:29:37.767000+00:00	RG:Z:a40d6b40-d3ad-4fe7-8245-9c92f794f831_dna_r10.4.1_e8.2_400bps_sup@v5.2.0	DS:Z:gpu:NVIDIA GeForce RTX 4070 SUPER	PU:Z:FBG39641	DT:Z:2026-07-15T14:17:26.508000+00:00	tm:Z:adapter,primer rc
470771	2da737de-e2e5-4016-b2cb-2af7dee409e6	qs:f:13.4636	ch:i:339	st:Z:2026-07-15T18:25:33.228000+00:00	RG:Z:a40d6b40-d3ad-4fe7-8245-9c92f794f831_dna_r10.4.1_e8.2_400bps_sup@v5.2.0	DS:Z:gpu:NVIDIA GeForce RTX 4070 SUPER	PU:Z:FBG39641	DT:Z:2026-07-15T14:17:26.508000+00:00	tm:Z:adapter,primer rc
470771	aae0c95f-5c98-4496-ad5c-2e3a31b1d7fc	qs:f:15.7856	ch:i:212	st:Z:2026-07-15T23:47:51.266000+00:00	RG:Z:a40d6b40-d3ad-4fe7-8245-9c92f794f831_dna_r10.4.1_e8.2_400bps_sup@v5.2.0	DS:Z:gpu:NVIDIA GeForce RTX 4070 SUPER	PU:Z:FBG39641	DT:Z:2026-07-15T14:17:26.508000+00:00	tm:Z:none rc
488699	1a6b23ab-624e-4afd-a53c-b9f9ba19c0ad	qs:f:16.8348	ch:i:336	st:Z:2026-07-15T22:04:27.813000+00:00	RG:Z:a40d6b40-d3ad-4fe7-8245-9c92f794f831_dna_r10.4.1_e8.2_400bps_sup@v5.2.0	DS:Z:gpu:NVIDIA GeForce RTX 4070 SUPER	PU:Z:FBG39641	DT:Z:2026-07-15T14:17:26.508000+00:00	tm:Z:none rc
488699	2824cac2-45ff-44fd-8090-e2c2cdb306f9	qs:f:13.9515	ch:i:421	st:Z:2026-07-15T14:25:21.352000+00:00	RG:Z:a40d6b40-d3ad-4fe7-8245-9c92f794f831_dna_r10.4.1_e8.2_400bps_sup@v5.2.0	DS:Z:gpu:NVIDIA GeForce RTX 4070 SUPER	PU:Z:FBG39641	DT:Z:2026-07-15T14:17:26.508000+00:00	tm:Z:adapter,primer
488699	43d729bd-9b02-4866-a113-c9aea94ffaae	qs:f:12.5985	ch:i:202	st:Z:2026-07-15T15:05:30.389000+00:00	RG:Z:a40d6b40-d3ad-4fe7-8245-9c92f794f831_dna_r10.4.1_e8.2_400bps_sup@v5.2.0	DS:Z:gpu:NVIDIA GeForce RTX 4070 SUPER	PU:Z:FBG39641	DT:Z:2026-07-15T14:17:26.508000+00:00	tm:Z:adapter,primer
523469	7090a8ca-25ef-46ed-a350-f152cb96cd44	qs:f:20.5424	ch:i:45	st:Z:2026-07-15T23:18:03.174000+00:00	RG:Z:a40d6b40-d3ad-4fe7-8245-9c92f794f831_dna_r10.4.1_e8.2_400bps_sup@v5.2.0	DS:Z:gpu:NVIDIA GeForce RTX 4070 SUPER	PU:Z:FBG39641	DT:Z:2026-07-15T14:17:26.508000+00:00	tm:Z:adapter,primer rc
523469	c305aac8-804d-4b9d-8550-9705310dd28b	qs:f:18.2247	ch:i:207	st:Z:2026-07-15T15:12:23.938000+00:00	RG:Z:a40d6b40-d3ad-4fe7-8245-9c92f794f831_dna_r10.4.1_e8.2_400bps_sup@v5.2.0	DS:Z:gpu:NVIDIA GeForce RTX 4070 SUPER	PU:Z:FBG39641	DT:Z:2026-07-15T14:17:26.508000+00:00	tm:Z:none rc
523469	95cb67ca-4c62-4768-8996-f9a259656db6	qs:f:15.0993	ch:i:237	st:Z:2026-07-16T02:12:30.418000+00:00	RG:Z:a40d6b40-d3ad-4fe7-8245-9c92f794f831_dna_r10.4.1_e8.2_400bps_sup@v5.2.0	DS:Z:gpu:NVIDIA GeForce RTX 4070 SUPER	PU:Z:FBG39641	DT:Z:2026-07-15T14:17:26.508000+00:00	tm:Z:adapter,primer
38543	068e2dc3-7114-4bc7-94da-370cf236664f	qs:f:24.0854	ch:i:466	st:Z:2026-07-15T19:04:13.305000+00:00	RG:Z:a40d6b40-d3ad-4fe7-8245-9c92f794f831_dna_r10.4.1_e8.2_400bps_sup@v5.2.0	DS:Z:gpu:NVIDIA GeForce RTX 4070 SUPER	PU:Z:FBG39641	DT:Z:2026-07-15T14:17:26.508000+00:00	tm:Z:adapter,primer
38543	40f14612-ea3e-4cde-a5d8-8803acb8bb9a	qs:f:24.3679	ch:i:293	st:Z:2026-07-15T21:31:32.945000+00:00	RG:Z:a40d6b40-d3ad-4fe7-8245-9c92f794f831_dna_r10.4.1_e8.2_400bps_sup@v5.2.0	DS:Z:gpu:NVIDIA GeForce RTX 4070 SUPER	PU:Z:FBG39641	DT:Z:2026-07-15T14:17:26.508000+00:00	tm:Z:adapter,primer
95627	309ec1af-8bc8-4e28-9b3d-19cbca43a8e8	qs:f:22.9758	ch:i:133	st:Z:2026-07-15T22:57:40.232000+00:00	RG:Z:a40d6b40-d3ad-4fe7-8245-9c92f794f831_dna_r10.4.1_e8.2_400bps_sup@v5.2.0	DS:Z:gpu:NVIDIA GeForce RTX 4070 SUPER	PU:Z:FBG39641	DT:Z:2026-07-15T14:17:26.508000+00:00	tm:Z:none
95627	570635fa-4511-429a-af73-0241134a2c5c	qs:f:13.6541	ch:i:48	st:Z:2026-07-15T16:15:18.687000+00:00	RG:Z:a40d6b40-d3ad-4fe7-8245-9c92f794f831_dna_r10.4.1_e8.2_400bps_sup@v5.2.0	DS:Z:gpu:NVIDIA GeForce RTX 4070 SUPER	PU:Z:FBG39641	DT:Z:2026-07-15T14:17:26.508000+00:00	tm:Z:adapter,primer rc
101013	22c9f3f3-4d0b-4c6b-a8d5-061090f32b04	qs:f:15.6912	ch:i:406	st:Z:2026-07-15T14:45:39.717000+00:00	RG:Z:a40d6b40-d3ad-4fe7-8245-9c92f794f831_dna_r10.4.1_e8.2_400bps_sup@v5.2.0	DS:Z:gpu:NVIDIA GeForce RTX 4070 SUPER	PU:Z:FBG39641	DT:Z:2026-07-15T14:17:26.508000+00:00	tm:Z:adapter,primer rc
101013	729a7b45-7721-4408-acce-da04145c6a38	qs:f:24.4522	ch:i:170	st:Z:2026-07-15T19:50:31.339000+00:00	RG:Z:a40d6b40-d3ad-4fe7-8245-9c92f794f831_dna_r10.4.1_e8.2_400bps_sup@v5.2.0	DS:Z:gpu:NVIDIA GeForce RTX 4070 SUPER	PU:Z:FBG39641	DT:Z:2026-07-15T14:17:26.508000+00:00	tm:Z:adapter,primer
111460	5597f4d0-1c19-4ef2-b1a0-bace5f01ecf8	qs:f:24.0616	ch:i:46	st:Z:2026-07-16T01:13:09.388000+00:00	RG:Z:a40d6b40-d3ad-4fe7-8245-9c92f794f831_dna_r10.4.1_e8.2_400bps_sup@v5.2.0	DS:Z:gpu:NVIDIA GeForce RTX 4070 SUPER	PU:Z:FBG39641	DT:Z:2026-07-15T14:17:26.508000+00:00	tm:Z:none
111460	64adde97-ce15-49eb-b0a8-9ae5d1b5a3e3	qs:f:25.371	ch:i:331	st:Z:2026-07-15T20:33:50.317000+00:00	RG:Z:a40d6b40-d3ad-4fe7-8245-9c92f794f831_dna_r10.4.1_e8.2_400bps_sup@v5.2.0	DS:Z:gpu:NVIDIA GeForce RTX 4070 SUPER	PU:Z:FBG39641	DT:Z:2026-07-15T14:17:26.508000+00:00	tm:Z:adapter,primer
111970	262a1872-6cc8-4bbd-b100-0074aced5e57	qs:f:24.3851	ch:i:136	st:Z:2026-07-15T21:38:34.113000+00:00	RG:Z:a40d6b40-d3ad-4fe7-8245-9c92f794f831_dna_r10.4.1_e8.2_400bps_sup@v5.2.0	DS:Z:gpu:NVIDIA GeForce RTX 4070 SUPER	PU:Z:FBG39641	DT:Z:2026-07-15T14:17:26.508000+00:00	tm:Z:adapter,primer
111970	f55ce0be-06cc-4a37-8308-3074758e81ea	qs:f:23.0288	ch:i:461	st:Z:2026-07-15T16:26:22.873000+00:00	RG:Z:a40d6b40-d3ad-4fe7-8245-9c92f794f831_dna_r10.4.1_e8.2_400bps_sup@v5.2.0	DS:Z:gpu:NVIDIA GeForce RTX 4070 SUPER	PU:Z:FBG39641	DT:Z:2026-07-15T14:17:26.508000+00:00	tm:Z:adapter,primer
170312	57bf4820-72ed-4f75-bb65-19e514c6678e	qs:f:13.3838	ch:i:217	st:Z:2026-07-15T21:57:36.825000+00:00	RG:Z:a40d6b40-d3ad-4fe7-8245-9c92f794f831_dna_r10.4.1_e8.2_400bps_sup@v5.2.0	DS:Z:gpu:NVIDIA GeForce RTX 4070 SUPER	PU:Z:FBG39641	DT:Z:2026-07-15T14:17:26.508000+00:00	tm:Z:adapter,primer rc
170312	284b7436-3b0d-410e-a0d2-9ec196b38c02	qs:f:22.0312	ch:i:86	st:Z:2026-07-15T23:00:38.550000+00:00	RG:Z:a40d6b40-d3ad-4fe7-8245-9c92f794f831_dna_r10.4.1_e8.2_400bps_sup@v5.2.0	DS:Z:gpu:NVIDIA GeForce RTX 4070 SUPER	PU:Z:FBG39641	DT:Z:2026-07-15T14:17:26.508000+00:00	tm:Z:adapter,primer
175279	96c5219b-cff9-498b-bb57-3404f54b32b5	qs:f:23.2124	ch:i:374	st:Z:2026-07-15T15:10:07.441000+00:00	RG:Z:a40d6b40-d3ad-4fe7-8245-9c92f794f831_dna_r10.4.1_e8.2_400bps_sup@v5.2.0	DS:Z:gpu:NVIDIA GeForce RTX 4070 SUPER	PU:Z:FBG39641	DT:Z:2026-07-15T14:17:26.508000+00:00	tm:Z:adapter,primer
175279	6cce95f0-8f42-43b4-8763-42b32d95a494	qs:f:18.3885	ch:i:167	st:Z:2026-07-16T01:23:53.119000+00:00	RG:Z:a40d6b40-d3ad-4fe7-8245-9c92f794f831_dna_r10.4.1_e8.2_400bps_sup@v5.2.0	DS:Z:gpu:NVIDIA GeForce RTX 4070 SUPER	PU:Z:FBG39641	DT:Z:2026-07-15T14:17:26.508000+00:00	tm:Z:adapter,primer
187037	d7d42660-2833-4368-a930-19b30ffbad6a	qs:f:22.4569	ch:i:9	st:Z:2026-07-15T17:48:57.776000+00:00	RG:Z:a40d6b40-d3ad-4fe7-8245-9c92f794f831_dna_r10.4.1_e8.2_400bps_sup@v5.2.0	DS:Z:gpu:NVIDIA GeForce RTX 4070 SUPER	PU:Z:FBG39641	DT:Z:2026-07-15T14:17:26.508000+00:00	tm:Z:adapter,primer rc
187037	bc11be0d-4694-4135-aef5-936b13c14a90	qs:f:25.2106	ch:i:402	st:Z:2026-07-15T21:11:37.906000+00:00	RG:Z:a40d6b40-d3ad-4fe7-8245-9c92f794f831_dna_r10.4.1_e8.2_400bps_sup@v5.2.0	DS:Z:gpu:NVIDIA GeForce RTX 4070 SUPER	PU:Z:FBG39641	DT:Z:2026-07-15T14:17:26.508000+00:00	tm:Z:adapter,primer
247991	761496fa-09f9-402e-b9d8-f4cf27f0cea6	qs:f:13.3145	ch:i:477	st:Z:2026-07-15T18:04:29.940000+00:00	RG:Z:a40d6b40-d3ad-4fe7-8245-9c92f794f831_dna_r10.4.1_e8.2_400bps_sup@v5.2.0	DS:Z:gpu:NVIDIA GeForce RTX 4070 SUPER	PU:Z:FBG39641	DT:Z:2026-07-15T14:17:26.508000+00:00	tm:Z:none
247991	01c9bfd7-1656-440a-88d3-482bb019de63	qs:f:24.2765	ch:i:350	st:Z:2026-07-15T21:09:10.544000+00:00	RG:Z:a40d6b40-d3ad-4fe7-8245-9c92f794f831_dna_r10.4.1_e8.2_400bps_sup@v5.2.0	DS:Z:gpu:NVIDIA GeForce RTX 4070 SUPER	PU:Z:FBG39641	DT:Z:2026-07-15T14:17:26.508000+00:00	tm:Z:adapter,primer rc
366447	8939fc0b-bfe7-47b1-91df-e225876ae467	qs:f:21.054	ch:i:343	st:Z:2026-07-15T16:58:19.039000+00:00	RG:Z:a40d6b40-d3ad-4fe7-8245-9c92f794f831_dna_r10.4.1_e8.2_400bps_sup@v5.2.0	DS:Z:gpu:NVIDIA GeForce RTX 4070 SUPER	PU:Z:FBG39641	DT:Z:2026-07-15T14:17:26.508000+00:00	tm:Z:adapter,primer
366447	622a006b-0572-48e9-9553-3fcd6abf9363	qs:f:18.2447	ch:i:17	st:Z:2026-07-16T00:37:01.740000+00:00	RG:Z:a40d6b40-d3ad-4fe7-8245-9c92f794f831_dna_r10.4.1_e8.2_400bps_sup@v5.2.0	DS:Z:gpu:NVIDIA GeForce RTX 4070 SUPER	PU:Z:FBG39641	DT:Z:2026-07-15T14:17:26.508000+00:00	tm:Z:adapter,primer
415153	685a6719-e49f-4f7d-bb94-4ea7a8767b09	qs:f:11.8851	ch:i:429	st:Z:2026-07-15T23:53:21.981000+00:00	RG:Z:a40d6b40-d3ad-4fe7-8245-9c92f794f831_dna_r10.4.1_e8.2_400bps_sup@v5.2.0	DS:Z:gpu:NVIDIA GeForce RTX 4070 SUPER	PU:Z:FBG39641	DT:Z:2026-07-15T14:17:26.508000+00:00	tm:Z:adapter,primer
415153	ba416119-5ade-4582-909f-df64f5d27b4e	qs:f:21.5971	ch:i:462	st:Z:2026-07-15T15:26:59.380000+00:00	RG:Z:a40d6b40-d3ad-4fe7-8245-9c92f794f831_dna_r10.4.1_e8.2_400bps_sup@v5.2.0	DS:Z:gpu:NVIDIA GeForce RTX 4070 SUPER	PU:Z:FBG39641	DT:Z:2026-07-15T14:17:26.508000+00:00	tm:Z:adapter,primer rc
479688	1b2b7180-c766-4451-812c-08380b044fad	qs:f:19.7438	ch:i:99	st:Z:2026-07-15T14:37:21.246000+00:00	RG:Z:a40d6b40-d3ad-4fe7-8245-9c92f794f831_dna_r10.4.1_e8.2_400bps_sup@v5.2.0	DS:Z:gpu:NVIDIA GeForce RTX 4070 SUPER	PU:Z:FBG39641	DT:Z:2026-07-15T14:17:26.508000+00:00	tm:Z:adapter,primer rc
479688	5fb26019-7ee4-4b36-b784-976d21f1277a	qs:f:13.9811	ch:i:94	st:Z:2026-07-15T22:37:50.006000+00:00	RG:Z:a40d6b40-d3ad-4fe7-8245-9c92f794f831_dna_r10.4.1_e8.2_400bps_sup@v5.2.0	DS:Z:gpu:NVIDIA GeForce RTX 4070 SUPER	PU:Z:FBG39641	DT:Z:2026-07-15T14:17:26.508000+00:00	tm:Z:none
505035	2024ee6b-bfba-4d72-bdbd-a88c7b91f041	qs:f:18.291	ch:i:154	st:Z:2026-07-16T00:55:21.369000+00:00	RG:Z:a40d6b40-d3ad-4fe7-8245-9c92f794f831_dna_r10.4.1_e8.2_400bps_sup@v5.2.0	DS:Z:gpu:NVIDIA GeForce RTX 4070 SUPER	PU:Z:FBG39641	DT:Z:2026-07-15T14:17:26.508000+00:00	tm:Z:adapter,primer rc
505035	76fe4a74-28ff-4b2f-b1a3-999a0ae603e6	qs:f:15.7395	ch:i:409	st:Z:2026-07-15T21:19:51.838000+00:00	RG:Z:a40d6b40-d3ad-4fe7-8245-9c92f794f831_dna_r10.4.1_e8.2_400bps_sup@v5.2.0	DS:Z:gpu:NVIDIA GeForce RTX 4070 SUPER	PU:Z:FBG39641	DT:Z:2026-07-15T14:17:26.508000+00:00	tm:Z:adapter,primer
521010	67c1b6a8-d9ec-4f95-b90a-146ad277d7f4	qs:f:17.9361	ch:i:375	st:Z:2026-07-15T15:07:01.369000+00:00	RG:Z:a40d6b40-d3ad-4fe7-8245-9c92f794f831_dna_r10.4.1_e8.2_400bps_sup@v5.2.0	DS:Z:gpu:NVIDIA GeForce RTX 4070 SUPER	PU:Z:FBG39641	DT:Z:2026-07-15T14:17:26.508000+00:00	tm:Z:adapter,primer
521010	e19afd7b-dc5b-41ea-be8e-538c44423ebd	qs:f:18.1653	ch:i:298	st:Z:2026-07-15T23:54:02.220000+00:00	RG:Z:a40d6b40-d3ad-4fe7-8245-9c92f794f831_dna_r10.4.1_e8.2_400bps_sup@v5.2.0	DS:Z:gpu:NVIDIA GeForce RTX 4070 SUPER	PU:Z:FBG39641	DT:Z:2026-07-15T14:17:26.508000+00:00	tm:Z:none rc
565706	83bde10d-36ac-46ac-89a5-b7da92ebf1ab	qs:f:16.1408	ch:i:154	st:Z:2026-07-15T16:06:18.373000+00:00	RG:Z:a40d6b40-d3ad-4fe7-8245-9c92f794f831_dna_r10.4.1_e8.2_400bps_sup@v5.2.0	DS:Z:gpu:NVIDIA GeForce RTX 4070 SUPER	PU:Z:FBG39641	DT:Z:2026-07-15T14:17:26.508000+00:00	tm:Z:adapter,primer
565706	1e19b29f-b451-4bab-9c34-de9fd23c7fa1	qs:f:15.081	ch:i:31	st:Z:2026-07-15T18:29:46.244000+00:00	RG:Z:a40d6b40-d3ad-4fe7-8245-9c92f794f831_dna_r10.4.1_e8.2_400bps_sup@v5.2.0	DS:Z:gpu:NVIDIA GeForce RTX 4070 SUPER	PU:Z:FBG39641	DT:Z:2026-07-15T14:17:26.508000+00:00	tm:Z:adapter,primer rc
16710	94123f8f-9e59-4ea1-b2bd-d50a80d76822	qs:f:20.862	ch:i:466	st:Z:2026-07-15T17:13:07.647000+00:00	RG:Z:a40d6b40-d3ad-4fe7-8245-9c92f794f831_dna_r10.4.1_e8.2_400bps_sup@v5.2.0	DS:Z:gpu:NVIDIA GeForce RTX 4070 SUPER	PU:Z:FBG39641	DT:Z:2026-07-15T14:17:26.508000+00:00	tm:Z:adapter,primer
33890	934ef6ed-ad15-4150-ac30-b6f7c94babc0	qs:f:16.0257	ch:i:154	st:Z:2026-07-15T21:50:27.610000+00:00	RG:Z:a40d6b40-d3ad-4fe7-8245-9c92f794f831_dna_r10.4.1_e8.2_400bps_sup@v5.2.0	DS:Z:gpu:NVIDIA GeForce RTX 4070 SUPER	PU:Z:FBG39641	DT:Z:2026-07-15T14:17:26.508000+00:00	tm:Z:none
54305	466463bf-6674-4ec1-9fd3-ee1027285a02	qs:f:14.7065	ch:i:224	st:Z:2026-07-15T23:23:23.900000+00:00	RG:Z:a40d6b40-d3ad-4fe7-8245-9c92f794f831_dna_r10.4.1_e8.2_400bps_sup@v5.2.0	DS:Z:gpu:NVIDIA GeForce RTX 4070 SUPER	PU:Z:FBG39641	DT:Z:2026-07-15T14:17:26.508000+00:00	tm:Z:adapter,primer rc
70894	82fe719d-945a-40b7-acc5-5646aae57576	qs:f:15.1056	ch:i:269	st:Z:2026-07-15T20:07:54.194000+00:00	RG:Z:a40d6b40-d3ad-4fe7-8245-9c92f794f831_dna_r10.4.1_e8.2_400bps_sup@v5.2.0	DS:Z:gpu:NVIDIA GeForce RTX 4070 SUPER	PU:Z:FBG39641	DT:Z:2026-07-15T14:17:26.508000+00:00	tm:Z:adapter,primer
94387	b62c9001-8098-4332-9750-8fd8172c5ace	qs:f:25.6363	ch:i:456	st:Z:2026-07-15T16:53:48.803000+00:00	RG:Z:a40d6b40-d3ad-4fe7-8245-9c92f794f831_dna_r10.4.1_e8.2_400bps_sup@v5.2.0	DS:Z:gpu:NVIDIA GeForce RTX 4070 SUPER	PU:Z:FBG39641	DT:Z:2026-07-15T14:17:26.508000+00:00	tm:Z:adapter,primer rc
110739	34e9f4c9-c4ce-4aa8-bf8a-5dc1f6e0a6fb	qs:f:26.4808	ch:i:170	st:Z:2026-07-15T16:20:37.785000+00:00	RG:Z:a40d6b40-d3ad-4fe7-8245-9c92f794f831_dna_r10.4.1_e8.2_400bps_sup@v5.2.0	DS:Z:gpu:NVIDIA GeForce RTX 4070 SUPER	PU:Z:FBG39641	DT:Z:2026-07-15T14:17:26.508000+00:00	tm:Z:adapter,primer rc
117271	9543f979-72ac-4f5c-84c2-cb68e48a767e	qs:f:34.9622	ch:i:244	st:Z:2026-07-15T17:26:10.970000+00:00	RG:Z:a40d6b40-d3ad-4fe7-8245-9c92f794f831_dna_r10.4.1_e8.2_400bps_sup@v5.2.0	DS:Z:gpu:NVIDIA GeForce RTX 4070 SUPER	PU:Z:FBG39641	DT:Z:2026-07-15T14:17:26.508000+00:00	tm:Z:adapter,primer rc
127476	6a6d88d5-afee-46b7-a1a9-5436a7c37907	qs:f:22.0167	ch:i:327	st:Z:2026-07-15T14:55:51.960000+00:00	RG:Z:a40d6b40-d3ad-4fe7-8245-9c92f794f831_dna_r10.4.1_e8.2_400bps_sup@v5.2.0	DS:Z:gpu:NVIDIA GeForce RTX 4070 SUPER	PU:Z:FBG39641	DT:Z:2026-07-15T14:17:26.508000+00:00	tm:Z:adapter,primer
174917	80a4af2e-b2a8-4aa1-a77b-1db269a56dd6	qs:f:23.5554	ch:i:218	st:Z:2026-07-15T16:41:35.305000+00:00	RG:Z:a40d6b40-d3ad-4fe7-8245-9c92f794f831_dna_r10.4.1_e8.2_400bps_sup@v5.2.0	DS:Z:gpu:NVIDIA GeForce RTX 4070 SUPER	PU:Z:FBG39641	DT:Z:2026-07-15T14:17:26.508000+00:00	tm:Z:adapter,primer
204133	be9a261c-be4a-47ad-94ef-8973d6557f51	qs:f:23.5691	ch:i:195	st:Z:2026-07-15T19:34:25.850000+00:00	RG:Z:a40d6b40-d3ad-4fe7-8245-9c92f794f831_dna_r10.4.1_e8.2_400bps_sup@v5.2.0	DS:Z:gpu:NVIDIA GeForce RTX 4070 SUPER	PU:Z:FBG39641	DT:Z:2026-07-15T14:17:26.508000+00:00	tm:Z:adapter,primer rc
206010	109157d6-4733-4cc9-b15c-c642b74c7941	qs:f:19.5102	ch:i:152	st:Z:2026-07-15T16:33:51.823000+00:00	RG:Z:a40d6b40-d3ad-4fe7-8245-9c92f794f831_dna_r10.4.1_e8.2_400bps_sup@v5.2.0	DS:Z:gpu:NVIDIA GeForce RTX 4070 SUPER	PU:Z:FBG39641	DT:Z:2026-07-15T14:17:26.508000+00:00	tm:Z:adapter,primer
278857	804e3786-07b1-4274-b96c-bd66d1b04812	qs:f:25.9843	ch:i:86	st:Z:2026-07-15T18:50:13.556000+00:00	RG:Z:a40d6b40-d3ad-4fe7-8245-9c92f794f831_dna_r10.4.1_e8.2_400bps_sup@v5.2.0	DS:Z:gpu:NVIDIA GeForce RTX 4070 SUPER	PU:Z:FBG39641	DT:Z:2026-07-15T14:17:26.508000+00:00	tm:Z:adapter,primer rc
300204	f548c416-ba97-49b7-ad38-4857a55d7185	qs:f:20.6211	ch:i:469	st:Z:2026-07-15T22:07:15.214000+00:00	RG:Z:a40d6b40-d3ad-4fe7-8245-9c92f794f831_dna_r10.4.1_e8.2_400bps_sup@v5.2.0	DS:Z:gpu:NVIDIA GeForce RTX 4070 SUPER	PU:Z:FBG39641	DT:Z:2026-07-15T14:17:26.508000+00:00	tm:Z:adapter,primer rc
335983	06ff4b5f-1242-45d1-bad3-274e034d2d09	qs:f:16.5309	ch:i:306	st:Z:2026-07-16T00:24:11.528000+00:00	RG:Z:a40d6b40-d3ad-4fe7-8245-9c92f794f831_dna_r10.4.1_e8.2_400bps_sup@v5.2.0	DS:Z:gpu:NVIDIA GeForce RTX 4070 SUPER	PU:Z:FBG39641	DT:Z:2026-07-15T14:17:26.508000+00:00	tm:Z:none
342651	9d273dec-b41b-4c0d-a648-84b50abfd35a	qs:f:19.8186	ch:i:438	st:Z:2026-07-15T19:56:56.127000+00:00	RG:Z:a40d6b40-d3ad-4fe7-8245-9c92f794f831_dna_r10.4.1_e8.2_400bps_sup@v5.2.0	DS:Z:gpu:NVIDIA GeForce RTX 4070 SUPER	PU:Z:FBG39641	DT:Z:2026-07-15T14:17:26.508000+00:00	tm:Z:adapter,primer
352670	cea08129-da8e-479d-83c4-e16cdebcaec2	qs:f:21.7596	ch:i:436	st:Z:2026-07-15T18:08:07.950000+00:00	RG:Z:a40d6b40-d3ad-4fe7-8245-9c92f794f831_dna_r10.4.1_e8.2_400bps_sup@v5.2.0	DS:Z:gpu:NVIDIA GeForce RTX 4070 SUPER	PU:Z:FBG39641	DT:Z:2026-07-15T14:17:26.508000+00:00	tm:Z:adapter,primer rc
382468	f4fdcadc-ebf1-4731-826b-87b554692095	qs:f:19.1432	ch:i:249	st:Z:2026-07-15T20:52:58.947000+00:00	RG:Z:a40d6b40-d3ad-4fe7-8245-9c92f794f831_dna_r10.4.1_e8.2_400bps_sup@v5.2.0	DS:Z:gpu:NVIDIA GeForce RTX 4070 SUPER	PU:Z:FBG39641	DT:Z:2026-07-15T14:17:26.508000+00:00	tm:Z:adapter,primer
391724	612ff378-d0f1-44c4-90f2-65d86b143d52	qs:f:15.2176	ch:i:291	st:Z:2026-07-15T21:47:31.007000+00:00	RG:Z:a40d6b40-d3ad-4fe7-8245-9c92f794f831_dna_r10.4.1_e8.2_400bps_sup@v5.2.0	DS:Z:gpu:NVIDIA GeForce RTX 4070 SUPER	PU:Z:FBG39641	DT:Z:2026-07-15T14:17:26.508000+00:00	tm:Z:adapter,primer
398770	595dca7a-e35a-431d-a385-f02a58ceafd4	qs:f:17.9143	ch:i:351	st:Z:2026-07-15T16:59:13.380000+00:00	RG:Z:a40d6b40-d3ad-4fe7-8245-9c92f794f831_dna_r10.4.1_e8.2_400bps_sup@v5.2.0	DS:Z:gpu:NVIDIA GeForce RTX 4070 SUPER	PU:Z:FBG39641	DT:Z:2026-07-15T14:17:26.508000+00:00	tm:Z:adapter,primer rc
404773	00689b65-e70a-479e-8fd7-9755e187c7da	qs:f:18.8887	ch:i:241	st:Z:2026-07-15T20:51:41.843000+00:00	RG:Z:a40d6b40-d3ad-4fe7-8245-9c92f794f831_dna_r10.4.1_e8.2_400bps_sup@v5.2.0	DS:Z:gpu:NVIDIA GeForce RTX 4070 SUPER	PU:Z:FBG39641	DT:Z:2026-07-15T14:17:26.508000+00:00	tm:Z:adapter,primer
417674	edc4b9af-3e0d-4fc1-9196-eae095561c44	qs:f:16.8599	ch:i:503	st:Z:2026-07-15T16:54:40.142000+00:00	RG:Z:a40d6b40-d3ad-4fe7-8245-9c92f794f831_dna_r10.4.1_e8.2_400bps_sup@v5.2.0	DS:Z:gpu:NVIDIA GeForce RTX 4070 SUPER	PU:Z:FBG39641	DT:Z:2026-07-15T14:17:26.508000+00:00	tm:Z:adapter,primer
418896	116890c1-2c75-4268-8fe6-9e82b9b6a92d	qs:f:16.3803	ch:i:473	st:Z:2026-07-15T17:26:35.201000+00:00	RG:Z:a40d6b40-d3ad-4fe7-8245-9c92f794f831_dna_r10.4.1_e8.2_400bps_sup@v5.2.0	DS:Z:gpu:NVIDIA GeForce RTX 4070 SUPER	PU:Z:FBG39641	DT:Z:2026-07-15T14:17:26.508000+00:00	tm:Z:adapter,primer
419247	eb09198f-8119-46f4-bdb0-42ecdebb46a8	qs:f:15.7128	ch:i:197	st:Z:2026-07-15T20:11:14.151000+00:00	RG:Z:a40d6b40-d3ad-4fe7-8245-9c92f794f831_dna_r10.4.1_e8.2_400bps_sup@v5.2.0	DS:Z:gpu:NVIDIA GeForce RTX 4070 SUPER	PU:Z:FBG39641	DT:Z:2026-07-15T14:17:26.508000+00:00	tm:Z:adapter,primer
428032	1d463876-15b9-42ae-b230-3b56ab4c6f52	qs:f:15.5698	ch:i:157	st:Z:2026-07-15T17:52:10.585000+00:00	RG:Z:a40d6b40-d3ad-4fe7-8245-9c92f794f831_dna_r10.4.1_e8.2_400bps_sup@v5.2.0	DS:Z:gpu:NVIDIA GeForce RTX 4070 SUPER	PU:Z:FBG39641	DT:Z:2026-07-15T14:17:26.508000+00:00	tm:Z:adapter,primer
450521	60a445d0-6987-4002-9746-c0100ce44e95	qs:f:19.5529	ch:i:143	st:Z:2026-07-15T15:45:54.614000+00:00	RG:Z:a40d6b40-d3ad-4fe7-8245-9c92f794f831_dna_r10.4.1_e8.2_400bps_sup@v5.2.0	DS:Z:gpu:NVIDIA GeForce RTX 4070 SUPER	PU:Z:FBG39641	DT:Z:2026-07-15T14:17:26.508000+00:00	tm:Z:adapter,primer
459811	904dd4d1-4446-4a68-ab0a-344f9611b515	qs:f:18.6954	ch:i:202	st:Z:2026-07-15T15:40:11.878000+00:00	RG:Z:a40d6b40-d3ad-4fe7-8245-9c92f794f831_dna_r10.4.1_e8.2_400bps_sup@v5.2.0	DS:Z:gpu:NVIDIA GeForce RTX 4070 SUPER	PU:Z:FBG39641	DT:Z:2026-07-15T14:17:26.508000+00:00	tm:Z:adapter,primer
475500	5838fc67-9466-4a5d-9b94-31bd86916fa4	qs:f:19.509	ch:i:302	st:Z:2026-07-15T16:10:41.984000+00:00	RG:Z:a40d6b40-d3ad-4fe7-8245-9c92f794f831_dna_r10.4.1_e8.2_400bps_sup@v5.2.0	DS:Z:gpu:NVIDIA GeForce RTX 4070 SUPER	PU:Z:FBG39641	DT:Z:2026-07-15T14:17:26.508000+00:00	tm:Z:adapter,primer
479258	12b29bdc-f743-40f7-a932-0c24059d8843	qs:f:19.7886	ch:i:351	st:Z:2026-07-16T00:20:17.039000+00:00	RG:Z:a40d6b40-d3ad-4fe7-8245-9c92f794f831_dna_r10.4.1_e8.2_400bps_sup@v5.2.0	DS:Z:gpu:NVIDIA GeForce RTX 4070 SUPER	PU:Z:FBG39641	DT:Z:2026-07-15T14:17:26.508000+00:00	tm:Z:none rc
506769	96639468-4d7c-428b-8125-3ce0c8755a73	qs:f:16.9474	ch:i:298	st:Z:2026-07-15T17:15:05.849000+00:00	RG:Z:a40d6b40-d3ad-4fe7-8245-9c92f794f831_dna_r10.4.1_e8.2_400bps_sup@v5.2.0	DS:Z:gpu:NVIDIA GeForce RTX 4070 SUPER	PU:Z:FBG39641	DT:Z:2026-07-15T14:17:26.508000+00:00	tm:Z:none
516828	179794d1-d4fb-4a6f-883d-7fc529ca1634	qs:f:14.3445	ch:i:194	st:Z:2026-07-15T15:34:00.921000+00:00	RG:Z:a40d6b40-d3ad-4fe7-8245-9c92f794f831_dna_r10.4.1_e8.2_400bps_sup@v5.2.0	DS:Z:gpu:NVIDIA GeForce RTX 4070 SUPER	PU:Z:FBG39641	DT:Z:2026-07-15T14:17:26.508000+00:00	tm:Z:adapter,primer
517175	6e8889b7-37c2-4475-9a68-1f2284d76dd2	qs:f:10.8974	ch:i:510	st:Z:2026-07-15T16:20:49.797000+00:00	RG:Z:a40d6b40-d3ad-4fe7-8245-9c92f794f831_dna_r10.4.1_e8.2_400bps_sup@v5.2.0	DS:Z:gpu:NVIDIA GeForce RTX 4070 SUPER	PU:Z:FBG39641	DT:Z:2026-07-15T14:17:26.508000+00:00	tm:Z:adapter,primer
527497	55a01e58-2a4f-406f-89b8-6df36a378fc9	qs:f:17.2918	ch:i:73	st:Z:2026-07-16T01:44:42.705000+00:00	RG:Z:a40d6b40-d3ad-4fe7-8245-9c92f794f831_dna_r10.4.1_e8.2_400bps_sup@v5.2.0	DS:Z:gpu:NVIDIA GeForce RTX 4070 SUPER	PU:Z:FBG39641	DT:Z:2026-07-15T14:17:26.508000+00:00	tm:Z:adapter,primer
535215	6fda8270-2cac-4381-8857-025fdd177bb1	qs:f:17.0167	ch:i:291	st:Z:2026-07-16T00:30:03.486000+00:00	RG:Z:a40d6b40-d3ad-4fe7-8245-9c92f794f831_dna_r10.4.1_e8.2_400bps_sup@v5.2.0	DS:Z:gpu:NVIDIA GeForce RTX 4070 SUPER	PU:Z:FBG39641	DT:Z:2026-07-15T14:17:26.508000+00:00	tm:Z:adapter,primer
535961	afef3b53-cbb6-4ed3-8c65-ae2727336630	qs:f:15.0206	ch:i:255	st:Z:2026-07-15T17:53:33.914000+00:00	RG:Z:a40d6b40-d3ad-4fe7-8245-9c92f794f831_dna_r10.4.1_e8.2_400bps_sup@v5.2.0	DS:Z:gpu:NVIDIA GeForce RTX 4070 SUPER	PU:Z:FBG39641	DT:Z:2026-07-15T14:17:26.508000+00:00	tm:Z:adapter,primer rc
538702	aa0c8c78-0875-43cb-91ce-1926874d4356	qs:f:16.7577	ch:i:76	st:Z:2026-07-15T15:22:16.901000+00:00	RG:Z:a40d6b40-d3ad-4fe7-8245-9c92f794f831_dna_r10.4.1_e8.2_400bps_sup@v5.2.0	DS:Z:gpu:NVIDIA GeForce RTX 4070 SUPER	PU:Z:FBG39641	DT:Z:2026-07-15T14:17:26.508000+00:00	tm:Z:adapter,primer
548223	cc527af4-cf13-4d1b-870a-75b366fb67f0	qs:f:17.7781	ch:i:59	st:Z:2026-07-15T22:37:44.580000+00:00	RG:Z:a40d6b40-d3ad-4fe7-8245-9c92f794f831_dna_r10.4.1_e8.2_400bps_sup@v5.2.0	DS:Z:gpu:NVIDIA GeForce RTX 4070 SUPER	PU:Z:FBG39641	DT:Z:2026-07-15T14:17:26.508000+00:00	tm:Z:adapter,primer
581429	ffd6f1c8-b805-41c0-97b0-f45801ffc3d7	qs:f:15.0601	ch:i:19	st:Z:2026-07-15T19:19:57.630000+00:00	RG:Z:a40d6b40-d3ad-4fe7-8245-9c92f794f831_dna_r10.4.1_e8.2_400bps_sup@v5.2.0	DS:Z:gpu:NVIDIA GeForce RTX 4070 SUPER	PU:Z:FBG39641	DT:Z:2026-07-15T14:17:26.508000+00:00	tm:Z:none
583958	27b592d7-8ae0-4491-9886-6ef16263843e	qs:f:14.9861	ch:i:235	st:Z:2026-07-15T17:23:29.304000+00:00	RG:Z:a40d6b40-d3ad-4fe7-8245-9c92f794f831_dna_r10.4.1_e8.2_400bps_sup@v5.2.0	DS:Z:gpu:NVIDIA GeForce RTX 4070 SUPER	PU:Z:FBG39641	DT:Z:2026-07-15T14:17:26.508000+00:00	tm:Z:adapter,primer rc
587927	26bdd5de-6844-498c-9c86-92055be32db3	qs:f:16.4068	ch:i:365	st:Z:2026-07-15T23:44:29.459000+00:00	RG:Z:a40d6b40-d3ad-4fe7-8245-9c92f794f831_dna_r10.4.1_e8.2_400bps_sup@v5.2.0	DS:Z:gpu:NVIDIA GeForce RTX 4070 SUPER	PU:Z:FBG39641	DT:Z:2026-07-15T14:17:26.508000+00:00	tm:Z:adapter,primer
589223	d5e0a959-7012-4ecc-b7d2-41d44b8dca12	qs:f:14.5125	ch:i:31	st:Z:2026-07-15T21:35:12.828000+00:00	RG:Z:a40d6b40-d3ad-4fe7-8245-9c92f794f831_dna_r10.4.1_e8.2_400bps_sup@v5.2.0	DS:Z:gpu:NVIDIA GeForce RTX 4070 SUPER	PU:Z:FBG39641	DT:Z:2026-07-15T14:17:26.508000+00:00	tm:Z:adapter,primer rc
600265	c2af451e-7823-48d3-9e12-110af834d74d	qs:f:12.9825	ch:i:7	st:Z:2026-07-16T00:53:57.287000+00:00	RG:Z:a40d6b40-d3ad-4fe7-8245-9c92f794f831_dna_r10.4.1_e8.2_400bps_sup@v5.2.0	DS:Z:gpu:NVIDIA GeForce RTX 4070 SUPER	PU:Z:FBG39641	DT:Z:2026-07-15T14:17:26.508000+00:00	tm:Z:none
608230	4f128530-736a-459b-9d42-556a55e879c1	qs:f:14.0088	ch:i:327	st:Z:2026-07-15T17:10:56.652000+00:00	RG:Z:a40d6b40-d3ad-4fe7-8245-9c92f794f831_dna_r10.4.1_e8.2_400bps_sup@v5.2.0	DS:Z:gpu:NVIDIA GeForce RTX 4070 SUPER	PU:Z:FBG39641	DT:Z:2026-07-15T14:17:26.508000+00:00	tm:Z:adapter,primer rc
