0	cd82250b-39de-4306-a2ed-591af2dbf0c3 runid=0dfb5b492dc86ce99bf7c61c734eb364afcdb5c8 ch=44 start_time=2025-09-26T02:30:40.398161+00:00 flow_cell_id=AWX817 basecall_gpu=NVIDIA_Tegra_X2 protocol_group_id=ONT_trialEb_250925 sample_id=ONT_trail_250925 barcode=barcode23 barcode_alias=barcode23 parent_read_id=cd82250b-39de-4306-a2ed-591af2dbf0c3 basecall_model_version_id=dna_r10.4.1_e8.2_400bps_hac@v4.3.0 rc
0	95defc23-8385-4e31-bd73-2cd17b52daa1 runid=0dfb5b492dc86ce99bf7c61c734eb364afcdb5c8 ch=108 start_time=2025-09-25T16:45:07.398161+00:00 flow_cell_id=AWX817 basecall_gpu=NVIDIA_Tegra_X2 protocol_group_id=ONT_trialEb_250925 sample_id=ONT_trail_250925 barcode=barcode22 barcode_alias=barcode22 parent_read_id=95defc23-8385-4e31-bd73-2cd17b52daa1 basecall_model_version_id=dna_r10.4.1_e8.2_400bps_hac@v4.3.0
0	95defc23-8385-4e31-bd73-2cd17b52daa1 runid=0dfb5b492dc86ce99bf7c61c734eb364afcdb5c8 ch=108 start_time=2025-09-25T16:45:07.398161+00:00 flow_cell_id=AWX817 basecall_gpu=NVIDIA_Tegra_X2 protocol_group_id=ONT_trialEb_250925 sample_id=ONT_trail_250925 barcode=barcode22 barcode_alias=barcode22 parent_read_id=95defc23-8385-4e31-bd73-2cd17b52daa1 basecall_model_version_id=dna_r10.4.1_e8.2_400bps_hac@v4.3.0
0	1cfa611f-1990-4ab0-a31b-7d00d7973404 runid=0dfb5b492dc86ce99bf7c61c734eb364afcdb5c8 ch=4 start_time=2025-09-25T19:17:51.398161+00:00 flow_cell_id=AWX817 basecall_gpu=NVIDIA_Tegra_X2 protocol_group_id=ONT_trialEb_250925 sample_id=ONT_trail_250925 barcode=barcode24 barcode_alias=barcode24 parent_read_id=1cfa611f-1990-4ab0-a31b-7d00d7973404 basecall_model_version_id=dna_r10.4.1_e8.2_400bps_hac@v4.3.0
0	c2c13503-88b0-4829-a7a6-f091283d0e37 runid=0dfb5b492dc86ce99bf7c61c734eb364afcdb5c8 ch=44 start_time=2025-09-25T22:11:58.398161+00:00 flow_cell_id=AWX817 basecall_gpu=NVIDIA_Tegra_X2 protocol_group_id=ONT_trialEb_250925 sample_id=ONT_trail_250925 barcode=barcode23 barcode_alias=barcode23 parent_read_id=c2c13503-88b0-4829-a7a6-f091283d0e37 basecall_model_version_id=dna_r10.4.1_e8.2_400bps_hac@v4.3.0
0	09272699-f79d-4748-80db-5c24eb2cc296 runid=0dfb5b492dc86ce99bf7c61c734eb364afcdb5c8 ch=23 start_time=2025-09-25T19:21:18.398161+00:00 flow_cell_id=AWX817 basecall_gpu=NVIDIA_Tegra_X2 protocol_group_id=ONT_trialEb_250925 sample_id=ONT_trail_250925 barcode=barcode22 barcode_alias=barcode22 parent_read_id=09272699-f79d-4748-80db-5c24eb2cc296 basecall_model_version_id=dna_r10.4.1_e8.2_400bps_hac@v4.3.0 rc
0	09272699-f79d-4748-80db-5c24eb2cc296 runid=0dfb5b492dc86ce99bf7c61c734eb364afcdb5c8 ch=23 start_time=2025-09-25T19:21:18.398161+00:00 flow_cell_id=AWX817 basecall_gpu=NVIDIA_Tegra_X2 protocol_group_id=ONT_trialEb_250925 sample_id=ONT_trail_250925 barcode=barcode22 barcode_alias=barcode22 parent_read_id=09272699-f79d-4748-80db-5c24eb2cc296 basecall_model_version_id=dna_r10.4.1_e8.2_400bps_hac@v4.3.0 rc
0	5f161232-6b66-485f-88b3-64e76f1b811a runid=0dfb5b492dc86ce99bf7c61c734eb364afcdb5c8 ch=110 start_time=2025-09-25T16:25:42.398161+00:00 flow_cell_id=AWX817 basecall_gpu=NVIDIA_Tegra_X2 protocol_group_id=ONT_trialEb_250925 sample_id=ONT_trail_250925 barcode=barcode22 barcode_alias=barcode22 parent_read_id=5f161232-6b66-485f-88b3-64e76f1b811a basecall_model_version_id=dna_r10.4.1_e8.2_400bps_hac@v4.3.0 rc
0	5f161232-6b66-485f-88b3-64e76f1b811a runid=0dfb5b492dc86ce99bf7c61c734eb364afcdb5c8 ch=110 start_time=2025-09-25T16:25:42.398161+00:00 flow_cell_id=AWX817 basecall_gpu=NVIDIA_Tegra_X2 protocol_group_id=ONT_trialEb_250925 sample_id=ONT_trail_250925 barcode=barcode22 barcode_alias=barcode22 parent_read_id=5f161232-6b66-485f-88b3-64e76f1b811a basecall_model_version_id=dna_r10.4.1_e8.2_400bps_hac@v4.3.0 rc
0	d3b51388-41a2-46ca-b210-ba8ced8c5196 runid=0dfb5b492dc86ce99bf7c61c734eb364afcdb5c8 ch=4 start_time=2025-09-26T01:21:32.398161+00:00 flow_cell_id=AWX817 basecall_gpu=NVIDIA_Tegra_X2 protocol_group_id=ONT_trialEb_250925 sample_id=ONT_trail_250925 barcode=barcode23 barcode_alias=barcode23 parent_read_id=d3b51388-41a2-46ca-b210-ba8ced8c5196 basecall_model_version_id=dna_r10.4.1_e8.2_400bps_hac@v4.3.0
0	885b78f0-29ed-45d9-8710-ed279e1eeea2 runid=0dfb5b492dc86ce99bf7c61c734eb364afcdb5c8 ch=56 start_time=2025-09-25T15:48:19.398161+00:00 flow_cell_id=AWX817 basecall_gpu=NVIDIA_Tegra_X2 protocol_group_id=ONT_trialEb_250925 sample_id=ONT_trail_250925 barcode=barcode24 barcode_alias=barcode24 parent_read_id=885b78f0-29ed-45d9-8710-ed279e1eeea2 basecall_model_version_id=dna_r10.4.1_e8.2_400bps_hac@v4.3.0
0	9389c291-233b-474f-9c3d-e416652b4e9a runid=0dfb5b492dc86ce99bf7c61c734eb364afcdb5c8 ch=58 start_time=2025-09-25T21:55:36.398161+00:00 flow_cell_id=AWX817 basecall_gpu=NVIDIA_Tegra_X2 protocol_group_id=ONT_trialEb_250925 sample_id=ONT_trail_250925 barcode=barcode23 barcode_alias=barcode23 parent_read_id=9389c291-233b-474f-9c3d-e416652b4e9a basecall_model_version_id=dna_r10.4.1_e8.2_400bps_hac@v4.3.0
0	9ed05752-78a8-458b-b6cc-db40c4bb35fd runid=0dfb5b492dc86ce99bf7c61c734eb364afcdb5c8 ch=4 start_time=2025-09-25T18:52:56.398161+00:00 flow_cell_id=AWX817 basecall_gpu=NVIDIA_Tegra_X2 protocol_group_id=ONT_trialEb_250925 sample_id=ONT_trail_250925 barcode=barcode22 barcode_alias=barcode22 parent_read_id=9ed05752-78a8-458b-b6cc-db40c4bb35fd basecall_model_version_id=dna_r10.4.1_e8.2_400bps_hac@v4.3.0
0	9ed05752-78a8-458b-b6cc-db40c4bb35fd runid=0dfb5b492dc86ce99bf7c61c734eb364afcdb5c8 ch=4 start_time=2025-09-25T18:52:56.398161+00:00 flow_cell_id=AWX817 basecall_gpu=NVIDIA_Tegra_X2 protocol_group_id=ONT_trialEb_250925 sample_id=ONT_trail_250925 barcode=barcode22 barcode_alias=barcode22 parent_read_id=9ed05752-78a8-458b-b6cc-db40c4bb35fd basecall_model_version_id=dna_r10.4.1_e8.2_400bps_hac@v4.3.0
0	f6267b1c-4a86-4ee9-a97a-cf2c3ff8a437 runid=0dfb5b492dc86ce99bf7c61c734eb364afcdb5c8 ch=44 start_time=2025-09-26T05:42:22.398161+00:00 flow_cell_id=AWX817 basecall_gpu=NVIDIA_Tegra_X2 protocol_group_id=ONT_trialEb_250925 sample_id=ONT_trail_250925 barcode=barcode22 barcode_alias=barcode22 parent_read_id=f6267b1c-4a86-4ee9-a97a-cf2c3ff8a437 basecall_model_version_id=dna_r10.4.1_e8.2_400bps_hac@v4.3.0
0	f6267b1c-4a86-4ee9-a97a-cf2c3ff8a437 runid=0dfb5b492dc86ce99bf7c61c734eb364afcdb5c8 ch=44 start_time=2025-09-26T05:42:22.398161+00:00 flow_cell_id=AWX817 basecall_gpu=NVIDIA_Tegra_X2 protocol_group_id=ONT_trialEb_250925 sample_id=ONT_trail_250925 barcode=barcode22 barcode_alias=barcode22 parent_read_id=f6267b1c-4a86-4ee9-a97a-cf2c3ff8a437 basecall_model_version_id=dna_r10.4.1_e8.2_400bps_hac@v4.3.0
0	894546a9-e32e-4305-aa6c-00322a074cf3 runid=0dfb5b492dc86ce99bf7c61c734eb364afcdb5c8 ch=44 start_time=2025-09-25T16:38:06.398161+00:00 flow_cell_id=AWX817 basecall_gpu=NVIDIA_Tegra_X2 protocol_group_id=ONT_trialEb_250925 sample_id=ONT_trail_250925 barcode=barcode24 barcode_alias=barcode24 parent_read_id=894546a9-e32e-4305-aa6c-00322a074cf3 basecall_model_version_id=dna_r10.4.1_e8.2_400bps_hac@v4.3.0
0	621970b5-d2f3-46a9-832f-cbee9b4c055d runid=0dfb5b492dc86ce99bf7c61c734eb364afcdb5c8 ch=6 start_time=2025-09-25T16:20:53.398161+00:00 flow_cell_id=AWX817 basecall_gpu=NVIDIA_Tegra_X2 protocol_group_id=ONT_trialEb_250925 sample_id=ONT_trail_250925 barcode=barcode23 barcode_alias=barcode23 parent_read_id=621970b5-d2f3-46a9-832f-cbee9b4c055d basecall_model_version_id=dna_r10.4.1_e8.2_400bps_hac@v4.3.0
0	3f3f07f4-782f-4439-8cbe-7152daec901d runid=0dfb5b492dc86ce99bf7c61c734eb364afcdb5c8 ch=110 start_time=2025-09-25T16:06:47.398161+00:00 flow_cell_id=AWX817 basecall_gpu=NVIDIA_Tegra_X2 protocol_group_id=ONT_trialEb_250925 sample_id=ONT_trail_250925 barcode=barcode24 barcode_alias=barcode24 parent_read_id=3f3f07f4-782f-4439-8cbe-7152daec901d basecall_model_version_id=dna_r10.4.1_e8.2_400bps_hac@v4.3.0 rc
0	620f60b5-6506-4812-b936-b919bb367058 runid=0dfb5b492dc86ce99bf7c61c734eb364afcdb5c8 ch=49 start_time=2025-09-26T08:26:04.398161+00:00 flow_cell_id=AWX817 basecall_gpu=NVIDIA_Tegra_X2 protocol_group_id=ONT_trialEb_250925 sample_id=ONT_trail_250925 barcode=barcode24 barcode_alias=barcode24 parent_read_id=620f60b5-6506-4812-b936-b919bb367058 basecall_model_version_id=dna_r10.4.1_e8.2_400bps_hac@v4.3.0 rc
0	85b7512e-ff51-4a3a-bec3-03dac7384775 runid=0dfb5b492dc86ce99bf7c61c734eb364afcdb5c8 ch=44 start_time=2025-09-25T18:04:28.398161+00:00 flow_cell_id=AWX817 basecall_gpu=NVIDIA_Tegra_X2 protocol_group_id=ONT_trialEb_250925 sample_id=ONT_trail_250925 barcode=barcode24 barcode_alias=barcode24 parent_read_id=85b7512e-ff51-4a3a-bec3-03dac7384775 basecall_model_version_id=dna_r10.4.1_e8.2_400bps_hac@v4.3.0
0	2cd1931e-bf7f-4e43-9e9a-1425f1eb7c88 runid=0dfb5b492dc86ce99bf7c61c734eb364afcdb5c8 ch=49 start_time=2025-09-26T09:13:32.398161+00:00 flow_cell_id=AWX817 basecall_gpu=NVIDIA_Tegra_X2 protocol_group_id=ONT_trialEb_250925 sample_id=ONT_trail_250925 barcode=barcode24 barcode_alias=barcode24 parent_read_id=2cd1931e-bf7f-4e43-9e9a-1425f1eb7c88 basecall_model_version_id=dna_r10.4.1_e8.2_400bps_hac@v4.3.0 rc
0	a1dd87a6-074c-45d4-98d4-4212517746b5 runid=0dfb5b492dc86ce99bf7c61c734eb364afcdb5c8 ch=113 start_time=2025-09-25T16:38:52.398161+00:00 flow_cell_id=AWX817 basecall_gpu=NVIDIA_Tegra_X2 protocol_group_id=ONT_trialEb_250925 sample_id=ONT_trail_250925 barcode=barcode24 barcode_alias=barcode24 parent_read_id=a1dd87a6-074c-45d4-98d4-4212517746b5 basecall_model_version_id=dna_r10.4.1_e8.2_400bps_hac@v4.3.0 rc
0	0a4a0fe7-3cb8-4ea7-86b9-6e946bc52ce6 runid=0dfb5b492dc86ce99bf7c61c734eb364afcdb5c8 ch=106 start_time=2025-09-25T19:29:09.398161+00:00 flow_cell_id=AWX817 basecall_gpu=NVIDIA_Tegra_X2 protocol_group_id=ONT_trialEb_250925 sample_id=ONT_trail_250925 barcode=barcode23 barcode_alias=barcode23 parent_read_id=0a4a0fe7-3cb8-4ea7-86b9-6e946bc52ce6 basecall_model_version_id=dna_r10.4.1_e8.2_400bps_hac@v4.3.0
0	e8dd5b59-9c4c-4c48-9512-722e0a5ed09e runid=0dfb5b492dc86ce99bf7c61c734eb364afcdb5c8 ch=43 start_time=2025-09-25T17:29:41.398161+00:00 flow_cell_id=AWX817 basecall_gpu=NVIDIA_Tegra_X2 protocol_group_id=ONT_trialEb_250925 sample_id=ONT_trail_250925 barcode=barcode22 barcode_alias=barcode22 parent_read_id=e8dd5b59-9c4c-4c48-9512-722e0a5ed09e basecall_model_version_id=dna_r10.4.1_e8.2_400bps_hac@v4.3.0 rc
0	e8dd5b59-9c4c-4c48-9512-722e0a5ed09e runid=0dfb5b492dc86ce99bf7c61c734eb364afcdb5c8 ch=43 start_time=2025-09-25T17:29:41.398161+00:00 flow_cell_id=AWX817 basecall_gpu=NVIDIA_Tegra_X2 protocol_group_id=ONT_trialEb_250925 sample_id=ONT_trail_250925 barcode=barcode22 barcode_alias=barcode22 parent_read_id=e8dd5b59-9c4c-4c48-9512-722e0a5ed09e basecall_model_version_id=dna_r10.4.1_e8.2_400bps_hac@v4.3.0 rc
0	46013849-f2a9-4e61-a2c1-9faf459cf24b runid=0dfb5b492dc86ce99bf7c61c734eb364afcdb5c8 ch=4 start_time=2025-09-25T20:07:23.398161+00:00 flow_cell_id=AWX817 basecall_gpu=NVIDIA_Tegra_X2 protocol_group_id=ONT_trialEb_250925 sample_id=ONT_trail_250925 barcode=barcode22 barcode_alias=barcode22 parent_read_id=46013849-f2a9-4e61-a2c1-9faf459cf24b basecall_model_version_id=dna_r10.4.1_e8.2_400bps_hac@v4.3.0
0	46013849-f2a9-4e61-a2c1-9faf459cf24b runid=0dfb5b492dc86ce99bf7c61c734eb364afcdb5c8 ch=4 start_time=2025-09-25T20:07:23.398161+00:00 flow_cell_id=AWX817 basecall_gpu=NVIDIA_Tegra_X2 protocol_group_id=ONT_trialEb_250925 sample_id=ONT_trail_250925 barcode=barcode22 barcode_alias=barcode22 parent_read_id=46013849-f2a9-4e61-a2c1-9faf459cf24b basecall_model_version_id=dna_r10.4.1_e8.2_400bps_hac@v4.3.0
0	5067e3ed-b160-4f28-9d78-de8cad9bed5d runid=0dfb5b492dc86ce99bf7c61c734eb364afcdb5c8 ch=94 start_time=2025-09-25T18:00:51.398161+00:00 flow_cell_id=AWX817 basecall_gpu=NVIDIA_Tegra_X2 protocol_group_id=ONT_trialEb_250925 sample_id=ONT_trail_250925 barcode=barcode24 barcode_alias=barcode24 parent_read_id=5067e3ed-b160-4f28-9d78-de8cad9bed5d basecall_model_version_id=dna_r10.4.1_e8.2_400bps_hac@v4.3.0 rc
0	4f2d2d00-24b9-46bb-abf4-a19a2be9ae41 runid=0dfb5b492dc86ce99bf7c61c734eb364afcdb5c8 ch=110 start_time=2025-09-25T16:28:02.398161+00:00 flow_cell_id=AWX817 basecall_gpu=NVIDIA_Tegra_X2 protocol_group_id=ONT_trialEb_250925 sample_id=ONT_trail_250925 barcode=barcode24 barcode_alias=barcode24 parent_read_id=4f2d2d00-24b9-46bb-abf4-a19a2be9ae41 basecall_model_version_id=dna_r10.4.1_e8.2_400bps_hac@v4.3.0 rc
0	f5d40be9-2cea-46e3-96a1-e0567f786e84 runid=0dfb5b492dc86ce99bf7c61c734eb364afcdb5c8 ch=44 start_time=2025-09-26T03:15:19.398161+00:00 flow_cell_id=AWX817 basecall_gpu=NVIDIA_Tegra_X2 protocol_group_id=ONT_trialEb_250925 sample_id=ONT_trail_250925 barcode=barcode23 barcode_alias=barcode23 parent_read_id=f5d40be9-2cea-46e3-96a1-e0567f786e84 basecall_model_version_id=dna_r10.4.1_e8.2_400bps_hac@v4.3.0 rc
0	3c990427-a303-4d8f-ac92-7909d035c07c runid=0dfb5b492dc86ce99bf7c61c734eb364afcdb5c8 ch=39 start_time=2025-09-25T19:21:15.398161+00:00 flow_cell_id=AWX817 basecall_gpu=NVIDIA_Tegra_X2 protocol_group_id=ONT_trialEb_250925 sample_id=ONT_trail_250925 barcode=barcode23 barcode_alias=barcode23 parent_read_id=3c990427-a303-4d8f-ac92-7909d035c07c basecall_model_version_id=dna_r10.4.1_e8.2_400bps_hac@v4.3.0
0	16e789f9-2d53-4a31-bfea-8d046e7ce60a runid=0dfb5b492dc86ce99bf7c61c734eb364afcdb5c8 ch=20 start_time=2025-09-26T00:18:41.398161+00:00 flow_cell_id=AWX817 basecall_gpu=NVIDIA_Tegra_X2 protocol_group_id=ONT_trialEb_250925 sample_id=ONT_trail_250925 barcode=barcode22 barcode_alias=barcode22 parent_read_id=16e789f9-2d53-4a31-bfea-8d046e7ce60a basecall_model_version_id=dna_r10.4.1_e8.2_400bps_hac@v4.3.0
0	16e789f9-2d53-4a31-bfea-8d046e7ce60a runid=0dfb5b492dc86ce99bf7c61c734eb364afcdb5c8 ch=20 start_time=2025-09-26T00:18:41.398161+00:00 flow_cell_id=AWX817 basecall_gpu=NVIDIA_Tegra_X2 protocol_group_id=ONT_trialEb_250925 sample_id=ONT_trail_250925 barcode=barcode22 barcode_alias=barcode22 parent_read_id=16e789f9-2d53-4a31-bfea-8d046e7ce60a basecall_model_version_id=dna_r10.4.1_e8.2_400bps_hac@v4.3.0
0	432ed410-6895-4dc4-8cee-53578dccb91d runid=0dfb5b492dc86ce99bf7c61c734eb364afcdb5c8 ch=39 start_time=2025-09-26T00:51:40.398161+00:00 flow_cell_id=AWX817 basecall_gpu=NVIDIA_Tegra_X2 protocol_group_id=ONT_trialEb_250925 sample_id=ONT_trail_250925 barcode=barcode22 barcode_alias=barcode22 parent_read_id=432ed410-6895-4dc4-8cee-53578dccb91d basecall_model_version_id=dna_r10.4.1_e8.2_400bps_hac@v4.3.0
0	432ed410-6895-4dc4-8cee-53578dccb91d runid=0dfb5b492dc86ce99bf7c61c734eb364afcdb5c8 ch=39 start_time=2025-09-26T00:51:40.398161+00:00 flow_cell_id=AWX817 basecall_gpu=NVIDIA_Tegra_X2 protocol_group_id=ONT_trialEb_250925 sample_id=ONT_trail_250925 barcode=barcode22 barcode_alias=barcode22 parent_read_id=432ed410-6895-4dc4-8cee-53578dccb91d basecall_model_version_id=dna_r10.4.1_e8.2_400bps_hac@v4.3.0
0	b5e94518-50f3-41eb-80b5-1f0f6a735d85 runid=0dfb5b492dc86ce99bf7c61c734eb364afcdb5c8 ch=39 start_time=2025-09-26T02:12:03.398161+00:00 flow_cell_id=AWX817 basecall_gpu=NVIDIA_Tegra_X2 protocol_group_id=ONT_trialEb_250925 sample_id=ONT_trail_250925 barcode=barcode24 barcode_alias=barcode24 parent_read_id=b5e94518-50f3-41eb-80b5-1f0f6a735d85 basecall_model_version_id=dna_r10.4.1_e8.2_400bps_hac@v4.3.0 rc
0	0329b299-f2a4-4641-a478-147cb585a59a runid=0dfb5b492dc86ce99bf7c61c734eb364afcdb5c8 ch=49 start_time=2025-09-26T09:15:11.398161+00:00 flow_cell_id=AWX817 basecall_gpu=NVIDIA_Tegra_X2 protocol_group_id=ONT_trialEb_250925 sample_id=ONT_trail_250925 barcode=barcode22 barcode_alias=barcode22 parent_read_id=0329b299-f2a4-4641-a478-147cb585a59a basecall_model_version_id=dna_r10.4.1_e8.2_400bps_hac@v4.3.0 rc
0	0329b299-f2a4-4641-a478-147cb585a59a runid=0dfb5b492dc86ce99bf7c61c734eb364afcdb5c8 ch=49 start_time=2025-09-26T09:15:11.398161+00:00 flow_cell_id=AWX817 basecall_gpu=NVIDIA_Tegra_X2 protocol_group_id=ONT_trialEb_250925 sample_id=ONT_trail_250925 barcode=barcode22 barcode_alias=barcode22 parent_read_id=0329b299-f2a4-4641-a478-147cb585a59a basecall_model_version_id=dna_r10.4.1_e8.2_400bps_hac@v4.3.0 rc
0	74e32fe8-bfdc-4677-9e2e-81670256b333 runid=0dfb5b492dc86ce99bf7c61c734eb364afcdb5c8 ch=77 start_time=2025-09-25T15:56:58.398161+00:00 flow_cell_id=AWX817 basecall_gpu=NVIDIA_Tegra_X2 protocol_group_id=ONT_trialEb_250925 sample_id=ONT_trail_250925 barcode=barcode23 barcode_alias=barcode23 parent_read_id=74e32fe8-bfdc-4677-9e2e-81670256b333 basecall_model_version_id=dna_r10.4.1_e8.2_400bps_hac@v4.3.0
0	b6cbcccb-61f4-44f8-a15b-03ece3f95cd7 runid=0dfb5b492dc86ce99bf7c61c734eb364afcdb5c8 ch=49 start_time=2025-09-25T18:09:01.398161+00:00 flow_cell_id=AWX817 basecall_gpu=NVIDIA_Tegra_X2 protocol_group_id=ONT_trialEb_250925 sample_id=ONT_trail_250925 barcode=barcode23 barcode_alias=barcode23 parent_read_id=b6cbcccb-61f4-44f8-a15b-03ece3f95cd7 basecall_model_version_id=dna_r10.4.1_e8.2_400bps_hac@v4.3.0 rc
0	e37693c0-2d56-404c-a570-3114997d2697 runid=0dfb5b492dc86ce99bf7c61c734eb364afcdb5c8 ch=49 start_time=2025-09-25T18:56:23.398161+00:00 flow_cell_id=AWX817 basecall_gpu=NVIDIA_Tegra_X2 protocol_group_id=ONT_trialEb_250925 sample_id=ONT_trail_250925 barcode=barcode23 barcode_alias=barcode23 parent_read_id=e37693c0-2d56-404c-a570-3114997d2697 basecall_model_version_id=dna_r10.4.1_e8.2_400bps_hac@v4.3.0 rc
0	8936869a-6bda-4b74-b0ac-f309bb71dd9d runid=0dfb5b492dc86ce99bf7c61c734eb364afcdb5c8 ch=80 start_time=2025-09-25T20:57:57.398161+00:00 flow_cell_id=AWX817 basecall_gpu=NVIDIA_Tegra_X2 protocol_group_id=ONT_trialEb_250925 sample_id=ONT_trail_250925 barcode=barcode22 barcode_alias=barcode22 parent_read_id=8936869a-6bda-4b74-b0ac-f309bb71dd9d basecall_model_version_id=dna_r10.4.1_e8.2_400bps_hac@v4.3.0
0	8936869a-6bda-4b74-b0ac-f309bb71dd9d runid=0dfb5b492dc86ce99bf7c61c734eb364afcdb5c8 ch=80 start_time=2025-09-25T20:57:57.398161+00:00 flow_cell_id=AWX817 basecall_gpu=NVIDIA_Tegra_X2 protocol_group_id=ONT_trialEb_250925 sample_id=ONT_trail_250925 barcode=barcode22 barcode_alias=barcode22 parent_read_id=8936869a-6bda-4b74-b0ac-f309bb71dd9d basecall_model_version_id=dna_r10.4.1_e8.2_400bps_hac@v4.3.0
0	7a5fb222-3670-4041-bcce-2fe2e10db90c runid=0dfb5b492dc86ce99bf7c61c734eb364afcdb5c8 ch=44 start_time=2025-09-25T23:34:56.398161+00:00 flow_cell_id=AWX817 basecall_gpu=NVIDIA_Tegra_X2 protocol_group_id=ONT_trialEb_250925 sample_id=ONT_trail_250925 barcode=barcode23 barcode_alias=barcode23 parent_read_id=7a5fb222-3670-4041-bcce-2fe2e10db90c basecall_model_version_id=dna_r10.4.1_e8.2_400bps_hac@v4.3.0
0	052ec89a-f8b2-4c81-af11-5f05036e9d95 runid=0dfb5b492dc86ce99bf7c61c734eb364afcdb5c8 ch=39 start_time=2025-09-25T18:01:59.398161+00:00 flow_cell_id=AWX817 basecall_gpu=NVIDIA_Tegra_X2 protocol_group_id=ONT_trialEb_250925 sample_id=ONT_trail_250925 barcode=barcode22 barcode_alias=barcode22 parent_read_id=052ec89a-f8b2-4c81-af11-5f05036e9d95 basecall_model_version_id=dna_r10.4.1_e8.2_400bps_hac@v4.3.0
0	052ec89a-f8b2-4c81-af11-5f05036e9d95 runid=0dfb5b492dc86ce99bf7c61c734eb364afcdb5c8 ch=39 start_time=2025-09-25T18:01:59.398161+00:00 flow_cell_id=AWX817 basecall_gpu=NVIDIA_Tegra_X2 protocol_group_id=ONT_trialEb_250925 sample_id=ONT_trail_250925 barcode=barcode22 barcode_alias=barcode22 parent_read_id=052ec89a-f8b2-4c81-af11-5f05036e9d95 basecall_model_version_id=dna_r10.4.1_e8.2_400bps_hac@v4.3.0
0	be177187-dc8a-4478-accd-91b5fbeca46a runid=0dfb5b492dc86ce99bf7c61c734eb364afcdb5c8 ch=6 start_time=2025-09-25T16:46:27.398161+00:00 flow_cell_id=AWX817 basecall_gpu=NVIDIA_Tegra_X2 protocol_group_id=ONT_trialEb_250925 sample_id=ONT_trail_250925 barcode=barcode23 barcode_alias=barcode23 parent_read_id=be177187-dc8a-4478-accd-91b5fbeca46a basecall_model_version_id=dna_r10.4.1_e8.2_400bps_hac@v4.3.0 rc
0	aaffeae9-4bb0-4a97-898c-d06dbcae1326 runid=0dfb5b492dc86ce99bf7c61c734eb364afcdb5c8 ch=4 start_time=2025-09-25T22:38:38.398161+00:00 flow_cell_id=AWX817 basecall_gpu=NVIDIA_Tegra_X2 protocol_group_id=ONT_trialEb_250925 sample_id=ONT_trail_250925 barcode=barcode24 barcode_alias=barcode24 parent_read_id=aaffeae9-4bb0-4a97-898c-d06dbcae1326 basecall_model_version_id=dna_r10.4.1_e8.2_400bps_hac@v4.3.0 rc
0	4e3b8b79-bc8c-455f-bf04-bc953b87a0c1 runid=0dfb5b492dc86ce99bf7c61c734eb364afcdb5c8 ch=56 start_time=2025-09-25T19:06:05.398161+00:00 flow_cell_id=AWX817 basecall_gpu=NVIDIA_Tegra_X2 protocol_group_id=ONT_trialEb_250925 sample_id=ONT_trail_250925 barcode=barcode23 barcode_alias=barcode23 parent_read_id=4e3b8b79-bc8c-455f-bf04-bc953b87a0c1 basecall_model_version_id=dna_r10.4.1_e8.2_400bps_hac@v4.3.0
0	3a24b7be-243f-493b-9486-eae44ccc44cf runid=0dfb5b492dc86ce99bf7c61c734eb364afcdb5c8 ch=58 start_time=2025-09-25T20:38:28.398161+00:00 flow_cell_id=AWX817 basecall_gpu=NVIDIA_Tegra_X2 protocol_group_id=ONT_trialEb_250925 sample_id=ONT_trail_250925 barcode=barcode23 barcode_alias=barcode23 parent_read_id=3a24b7be-243f-493b-9486-eae44ccc44cf basecall_model_version_id=dna_r10.4.1_e8.2_400bps_hac@v4.3.0 rc
0	15d327c6-b708-4b96-a04a-11191f112b79 runid=0dfb5b492dc86ce99bf7c61c734eb364afcdb5c8 ch=56 start_time=2025-09-25T17:51:22.398161+00:00 flow_cell_id=AWX817 basecall_gpu=NVIDIA_Tegra_X2 protocol_group_id=ONT_trialEb_250925 sample_id=ONT_trail_250925 barcode=barcode23 barcode_alias=barcode23 parent_read_id=15d327c6-b708-4b96-a04a-11191f112b79 basecall_model_version_id=dna_r10.4.1_e8.2_400bps_hac@v4.3.0
0	d5714323-c3e0-4175-98c5-704ea4c59293 runid=0dfb5b492dc86ce99bf7c61c734eb364afcdb5c8 ch=79 start_time=2025-09-25T19:44:55.398161+00:00 flow_cell_id=AWX817 basecall_gpu=NVIDIA_Tegra_X2 protocol_group_id=ONT_trialEb_250925 sample_id=ONT_trail_250925 barcode=barcode24 barcode_alias=barcode24 parent_read_id=d5714323-c3e0-4175-98c5-704ea4c59293 basecall_model_version_id=dna_r10.4.1_e8.2_400bps_hac@v4.3.0 rc
0	6d727d32-601b-4870-9374-c616c2f36a2d runid=0dfb5b492dc86ce99bf7c61c734eb364afcdb5c8 ch=80 start_time=2025-09-25T17:46:22.398161+00:00 flow_cell_id=AWX817 basecall_gpu=NVIDIA_Tegra_X2 protocol_group_id=ONT_trialEb_250925 sample_id=ONT_trail_250925 barcode=barcode23 barcode_alias=barcode23 parent_read_id=6d727d32-601b-4870-9374-c616c2f36a2d basecall_model_version_id=dna_r10.4.1_e8.2_400bps_hac@v4.3.0 rc
0	5dcf8640-6d8c-46de-8b2d-4c82159ef834 runid=0dfb5b492dc86ce99bf7c61c734eb364afcdb5c8 ch=44 start_time=2025-09-25T20:37:13.398161+00:00 flow_cell_id=AWX817 basecall_gpu=NVIDIA_Tegra_X2 protocol_group_id=ONT_trialEb_250925 sample_id=ONT_trail_250925 barcode=barcode22 barcode_alias=barcode22 parent_read_id=5dcf8640-6d8c-46de-8b2d-4c82159ef834 basecall_model_version_id=dna_r10.4.1_e8.2_400bps_hac@v4.3.0
0	5dcf8640-6d8c-46de-8b2d-4c82159ef834 runid=0dfb5b492dc86ce99bf7c61c734eb364afcdb5c8 ch=44 start_time=2025-09-25T20:37:13.398161+00:00 flow_cell_id=AWX817 basecall_gpu=NVIDIA_Tegra_X2 protocol_group_id=ONT_trialEb_250925 sample_id=ONT_trail_250925 barcode=barcode22 barcode_alias=barcode22 parent_read_id=5dcf8640-6d8c-46de-8b2d-4c82159ef834 basecall_model_version_id=dna_r10.4.1_e8.2_400bps_hac@v4.3.0
0	76c74dfa-d696-4d88-91fd-97d8126e6f55 runid=0dfb5b492dc86ce99bf7c61c734eb364afcdb5c8 ch=57 start_time=2025-09-25T17:47:14.398161+00:00 flow_cell_id=AWX817 basecall_gpu=NVIDIA_Tegra_X2 protocol_group_id=ONT_trialEb_250925 sample_id=ONT_trail_250925 barcode=barcode24 barcode_alias=barcode24 parent_read_id=76c74dfa-d696-4d88-91fd-97d8126e6f55 basecall_model_version_id=dna_r10.4.1_e8.2_400bps_hac@v4.3.0 rc
0	eca8b3a1-2644-4e10-855e-3de53606c881 runid=0dfb5b492dc86ce99bf7c61c734eb364afcdb5c8 ch=58 start_time=2025-09-25T20:19:20.398161+00:00 flow_cell_id=AWX817 basecall_gpu=NVIDIA_Tegra_X2 protocol_group_id=ONT_trialEb_250925 sample_id=ONT_trail_250925 barcode=barcode22 barcode_alias=barcode22 parent_read_id=eca8b3a1-2644-4e10-855e-3de53606c881 basecall_model_version_id=dna_r10.4.1_e8.2_400bps_hac@v4.3.0
0	eca8b3a1-2644-4e10-855e-3de53606c881 runid=0dfb5b492dc86ce99bf7c61c734eb364afcdb5c8 ch=58 start_time=2025-09-25T20:19:20.398161+00:00 flow_cell_id=AWX817 basecall_gpu=NVIDIA_Tegra_X2 protocol_group_id=ONT_trialEb_250925 sample_id=ONT_trail_250925 barcode=barcode22 barcode_alias=barcode22 parent_read_id=eca8b3a1-2644-4e10-855e-3de53606c881 basecall_model_version_id=dna_r10.4.1_e8.2_400bps_hac@v4.3.0
0	45c4a35b-5d39-410a-9a3b-fc910cd32282 runid=0dfb5b492dc86ce99bf7c61c734eb364afcdb5c8 ch=20 start_time=2025-09-26T05:17:40.398161+00:00 flow_cell_id=AWX817 basecall_gpu=NVIDIA_Tegra_X2 protocol_group_id=ONT_trialEb_250925 sample_id=ONT_trail_250925 barcode=barcode22 barcode_alias=barcode22 parent_read_id=45c4a35b-5d39-410a-9a3b-fc910cd32282 basecall_model_version_id=dna_r10.4.1_e8.2_400bps_hac@v4.3.0 rc
0	45c4a35b-5d39-410a-9a3b-fc910cd32282 runid=0dfb5b492dc86ce99bf7c61c734eb364afcdb5c8 ch=20 start_time=2025-09-26T05:17:40.398161+00:00 flow_cell_id=AWX817 basecall_gpu=NVIDIA_Tegra_X2 protocol_group_id=ONT_trialEb_250925 sample_id=ONT_trail_250925 barcode=barcode22 barcode_alias=barcode22 parent_read_id=45c4a35b-5d39-410a-9a3b-fc910cd32282 basecall_model_version_id=dna_r10.4.1_e8.2_400bps_hac@v4.3.0 rc
0	03d4bb68-9688-4479-8d82-64613c5cb7aa runid=0dfb5b492dc86ce99bf7c61c734eb364afcdb5c8 ch=94 start_time=2025-09-25T17:54:40.398161+00:00 flow_cell_id=AWX817 basecall_gpu=NVIDIA_Tegra_X2 protocol_group_id=ONT_trialEb_250925 sample_id=ONT_trail_250925 barcode=barcode23 barcode_alias=barcode23 parent_read_id=03d4bb68-9688-4479-8d82-64613c5cb7aa basecall_model_version_id=dna_r10.4.1_e8.2_400bps_hac@v4.3.0
0	1669701c-295b-4e83-8052-70ca55c2cb90 runid=0dfb5b492dc86ce99bf7c61c734eb364afcdb5c8 ch=20 start_time=2025-09-25T16:58:14.398161+00:00 flow_cell_id=AWX817 basecall_gpu=NVIDIA_Tegra_X2 protocol_group_id=ONT_trialEb_250925 sample_id=ONT_trail_250925 barcode=barcode22 barcode_alias=barcode22 parent_read_id=1669701c-295b-4e83-8052-70ca55c2cb90 basecall_model_version_id=dna_r10.4.1_e8.2_400bps_hac@v4.3.0
0	1669701c-295b-4e83-8052-70ca55c2cb90 runid=0dfb5b492dc86ce99bf7c61c734eb364afcdb5c8 ch=20 start_time=2025-09-25T16:58:14.398161+00:00 flow_cell_id=AWX817 basecall_gpu=NVIDIA_Tegra_X2 protocol_group_id=ONT_trialEb_250925 sample_id=ONT_trail_250925 barcode=barcode22 barcode_alias=barcode22 parent_read_id=1669701c-295b-4e83-8052-70ca55c2cb90 basecall_model_version_id=dna_r10.4.1_e8.2_400bps_hac@v4.3.0
0	a98a5340-1b17-4270-a591-1944b0b3d772 runid=0dfb5b492dc86ce99bf7c61c734eb364afcdb5c8 ch=43 start_time=2025-09-25T16:33:42.398161+00:00 flow_cell_id=AWX817 basecall_gpu=NVIDIA_Tegra_X2 protocol_group_id=ONT_trialEb_250925 sample_id=ONT_trail_250925 barcode=barcode23 barcode_alias=barcode23 parent_read_id=a98a5340-1b17-4270-a591-1944b0b3d772 basecall_model_version_id=dna_r10.4.1_e8.2_400bps_hac@v4.3.0
0	7360fae8-4c71-42ff-9b62-109c5e59ac87 runid=0dfb5b492dc86ce99bf7c61c734eb364afcdb5c8 ch=43 start_time=2025-09-25T19:52:27.398161+00:00 flow_cell_id=AWX817 basecall_gpu=NVIDIA_Tegra_X2 protocol_group_id=ONT_trialEb_250925 sample_id=ONT_trail_250925 barcode=barcode22 barcode_alias=barcode22 parent_read_id=7360fae8-4c71-42ff-9b62-109c5e59ac87 basecall_model_version_id=dna_r10.4.1_e8.2_400bps_hac@v4.3.0
0	7360fae8-4c71-42ff-9b62-109c5e59ac87 runid=0dfb5b492dc86ce99bf7c61c734eb364afcdb5c8 ch=43 start_time=2025-09-25T19:52:27.398161+00:00 flow_cell_id=AWX817 basecall_gpu=NVIDIA_Tegra_X2 protocol_group_id=ONT_trialEb_250925 sample_id=ONT_trail_250925 barcode=barcode22 barcode_alias=barcode22 parent_read_id=7360fae8-4c71-42ff-9b62-109c5e59ac87 basecall_model_version_id=dna_r10.4.1_e8.2_400bps_hac@v4.3.0
0	a33d67fd-40d0-434d-83c9-738cf5b4ca54 runid=0dfb5b492dc86ce99bf7c61c734eb364afcdb5c8 ch=4 start_time=2025-09-26T06:13:47.398161+00:00 flow_cell_id=AWX817 basecall_gpu=NVIDIA_Tegra_X2 protocol_group_id=ONT_trialEb_250925 sample_id=ONT_trail_250925 barcode=barcode22 barcode_alias=barcode22 parent_read_id=a33d67fd-40d0-434d-83c9-738cf5b4ca54 basecall_model_version_id=dna_r10.4.1_e8.2_400bps_hac@v4.3.0 rc
0	a33d67fd-40d0-434d-83c9-738cf5b4ca54 runid=0dfb5b492dc86ce99bf7c61c734eb364afcdb5c8 ch=4 start_time=2025-09-26T06:13:47.398161+00:00 flow_cell_id=AWX817 basecall_gpu=NVIDIA_Tegra_X2 protocol_group_id=ONT_trialEb_250925 sample_id=ONT_trail_250925 barcode=barcode22 barcode_alias=barcode22 parent_read_id=a33d67fd-40d0-434d-83c9-738cf5b4ca54 basecall_model_version_id=dna_r10.4.1_e8.2_400bps_hac@v4.3.0 rc
0	0c2c7e1a-756e-4a5e-b0b1-d9b5ea44de80 runid=0dfb5b492dc86ce99bf7c61c734eb364afcdb5c8 ch=56 start_time=2025-09-25T17:25:49.398161+00:00 flow_cell_id=AWX817 basecall_gpu=NVIDIA_Tegra_X2 protocol_group_id=ONT_trialEb_250925 sample_id=ONT_trail_250925 barcode=barcode22 barcode_alias=barcode22 parent_read_id=0c2c7e1a-756e-4a5e-b0b1-d9b5ea44de80 basecall_model_version_id=dna_r10.4.1_e8.2_400bps_hac@v4.3.0 rc
0	0c2c7e1a-756e-4a5e-b0b1-d9b5ea44de80 runid=0dfb5b492dc86ce99bf7c61c734eb364afcdb5c8 ch=56 start_time=2025-09-25T17:25:49.398161+00:00 flow_cell_id=AWX817 basecall_gpu=NVIDIA_Tegra_X2 protocol_group_id=ONT_trialEb_250925 sample_id=ONT_trail_250925 barcode=barcode22 barcode_alias=barcode22 parent_read_id=0c2c7e1a-756e-4a5e-b0b1-d9b5ea44de80 basecall_model_version_id=dna_r10.4.1_e8.2_400bps_hac@v4.3.0 rc
0	0d86892a-454e-43bc-b66a-f3ca6108fd44 runid=0dfb5b492dc86ce99bf7c61c734eb364afcdb5c8 ch=5 start_time=2025-09-25T23:40:04.398161+00:00 flow_cell_id=AWX817 basecall_gpu=NVIDIA_Tegra_X2 protocol_group_id=ONT_trialEb_250925 sample_id=ONT_trail_250925 barcode=barcode22 barcode_alias=barcode22 parent_read_id=0d86892a-454e-43bc-b66a-f3ca6108fd44 basecall_model_version_id=dna_r10.4.1_e8.2_400bps_hac@v4.3.0 rc
0	0d86892a-454e-43bc-b66a-f3ca6108fd44 runid=0dfb5b492dc86ce99bf7c61c734eb364afcdb5c8 ch=5 start_time=2025-09-25T23:40:04.398161+00:00 flow_cell_id=AWX817 basecall_gpu=NVIDIA_Tegra_X2 protocol_group_id=ONT_trialEb_250925 sample_id=ONT_trail_250925 barcode=barcode22 barcode_alias=barcode22 parent_read_id=0d86892a-454e-43bc-b66a-f3ca6108fd44 basecall_model_version_id=dna_r10.4.1_e8.2_400bps_hac@v4.3.0 rc
0	abee4abf-f76d-46a7-be99-7bd16235ee75 runid=0dfb5b492dc86ce99bf7c61c734eb364afcdb5c8 ch=4 start_time=2025-09-25T16:59:44.398161+00:00 flow_cell_id=AWX817 basecall_gpu=NVIDIA_Tegra_X2 protocol_group_id=ONT_trialEb_250925 sample_id=ONT_trail_250925 barcode=barcode22 barcode_alias=barcode22 parent_read_id=abee4abf-f76d-46a7-be99-7bd16235ee75 basecall_model_version_id=dna_r10.4.1_e8.2_400bps_hac@v4.3.0
0	abee4abf-f76d-46a7-be99-7bd16235ee75 runid=0dfb5b492dc86ce99bf7c61c734eb364afcdb5c8 ch=4 start_time=2025-09-25T16:59:44.398161+00:00 flow_cell_id=AWX817 basecall_gpu=NVIDIA_Tegra_X2 protocol_group_id=ONT_trialEb_250925 sample_id=ONT_trail_250925 barcode=barcode22 barcode_alias=barcode22 parent_read_id=abee4abf-f76d-46a7-be99-7bd16235ee75 basecall_model_version_id=dna_r10.4.1_e8.2_400bps_hac@v4.3.0
0	7ab2ae69-7626-4be2-aeb8-d7055dd68c2d runid=0dfb5b492dc86ce99bf7c61c734eb364afcdb5c8 ch=41 start_time=2025-09-25T22:54:27.398161+00:00 flow_cell_id=AWX817 basecall_gpu=NVIDIA_Tegra_X2 protocol_group_id=ONT_trialEb_250925 sample_id=ONT_trail_250925 barcode=barcode24 barcode_alias=barcode24 parent_read_id=7ab2ae69-7626-4be2-aeb8-d7055dd68c2d basecall_model_version_id=dna_r10.4.1_e8.2_400bps_hac@v4.3.0 rc
0	f26ee700-dd47-4cdc-8441-c7cc343ba236 runid=0dfb5b492dc86ce99bf7c61c734eb364afcdb5c8 ch=77 start_time=2025-09-25T23:48:44.398161+00:00 flow_cell_id=AWX817 basecall_gpu=NVIDIA_Tegra_X2 protocol_group_id=ONT_trialEb_250925 sample_id=ONT_trail_250925 barcode=barcode24 barcode_alias=barcode24 parent_read_id=f26ee700-dd47-4cdc-8441-c7cc343ba236 basecall_model_version_id=dna_r10.4.1_e8.2_400bps_hac@v4.3.0
0	a234cb4f-e5ac-4624-8eb2-ee4e4858ffd2 runid=0dfb5b492dc86ce99bf7c61c734eb364afcdb5c8 ch=91 start_time=2025-09-25T18:37:49.398161+00:00 flow_cell_id=AWX817 basecall_gpu=NVIDIA_Tegra_X2 protocol_group_id=ONT_trialEb_250925 sample_id=ONT_trail_250925 barcode=barcode22 barcode_alias=barcode22 parent_read_id=a234cb4f-e5ac-4624-8eb2-ee4e4858ffd2 basecall_model_version_id=dna_r10.4.1_e8.2_400bps_hac@v4.3.0
0	a234cb4f-e5ac-4624-8eb2-ee4e4858ffd2 runid=0dfb5b492dc86ce99bf7c61c734eb364afcdb5c8 ch=91 start_time=2025-09-25T18:37:49.398161+00:00 flow_cell_id=AWX817 basecall_gpu=NVIDIA_Tegra_X2 protocol_group_id=ONT_trialEb_250925 sample_id=ONT_trail_250925 barcode=barcode22 barcode_alias=barcode22 parent_read_id=a234cb4f-e5ac-4624-8eb2-ee4e4858ffd2 basecall_model_version_id=dna_r10.4.1_e8.2_400bps_hac@v4.3.0
0	46172631-4e04-468e-b8d0-78f977ed6692 runid=0dfb5b492dc86ce99bf7c61c734eb364afcdb5c8 ch=77 start_time=2025-09-26T01:25:00.398161+00:00 flow_cell_id=AWX817 basecall_gpu=NVIDIA_Tegra_X2 protocol_group_id=ONT_trialEb_250925 sample_id=ONT_trail_250925 barcode=barcode22 barcode_alias=barcode22 parent_read_id=46172631-4e04-468e-b8d0-78f977ed6692 basecall_model_version_id=dna_r10.4.1_e8.2_400bps_hac@v4.3.0
0	46172631-4e04-468e-b8d0-78f977ed6692 runid=0dfb5b492dc86ce99bf7c61c734eb364afcdb5c8 ch=77 start_time=2025-09-26T01:25:00.398161+00:00 flow_cell_id=AWX817 basecall_gpu=NVIDIA_Tegra_X2 protocol_group_id=ONT_trialEb_250925 sample_id=ONT_trail_250925 barcode=barcode22 barcode_alias=barcode22 parent_read_id=46172631-4e04-468e-b8d0-78f977ed6692 basecall_model_version_id=dna_r10.4.1_e8.2_400bps_hac@v4.3.0
0	16b523dd-6e95-4984-9a20-674f67552d31 runid=0dfb5b492dc86ce99bf7c61c734eb364afcdb5c8 ch=20 start_time=2025-09-26T00:37:17.398161+00:00 flow_cell_id=AWX817 basecall_gpu=NVIDIA_Tegra_X2 protocol_group_id=ONT_trialEb_250925 sample_id=ONT_trail_250925 barcode=barcode23 barcode_alias=barcode23 parent_read_id=16b523dd-6e95-4984-9a20-674f67552d31 basecall_model_version_id=dna_r10.4.1_e8.2_400bps_hac@v4.3.0
0	26dabc8e-d6f3-46ad-9c94-5a235cd7be46 runid=0dfb5b492dc86ce99bf7c61c734eb364afcdb5c8 ch=108 start_time=2025-09-25T17:04:25.398161+00:00 flow_cell_id=AWX817 basecall_gpu=NVIDIA_Tegra_X2 protocol_group_id=ONT_trialEb_250925 sample_id=ONT_trail_250925 barcode=barcode23 barcode_alias=barcode23 parent_read_id=26dabc8e-d6f3-46ad-9c94-5a235cd7be46 basecall_model_version_id=dna_r10.4.1_e8.2_400bps_hac@v4.3.0
0	c9ff5385-08dd-45c6-af9e-690fabebbfc8 runid=0dfb5b492dc86ce99bf7c61c734eb364afcdb5c8 ch=55 start_time=2025-09-25T16:45:01.398161+00:00 flow_cell_id=AWX817 basecall_gpu=NVIDIA_Tegra_X2 protocol_group_id=ONT_trialEb_250925 sample_id=ONT_trail_250925 barcode=barcode22 barcode_alias=barcode22 parent_read_id=c9ff5385-08dd-45c6-af9e-690fabebbfc8 basecall_model_version_id=dna_r10.4.1_e8.2_400bps_hac@v4.3.0
0	c9ff5385-08dd-45c6-af9e-690fabebbfc8 runid=0dfb5b492dc86ce99bf7c61c734eb364afcdb5c8 ch=55 start_time=2025-09-25T16:45:01.398161+00:00 flow_cell_id=AWX817 basecall_gpu=NVIDIA_Tegra_X2 protocol_group_id=ONT_trialEb_250925 sample_id=ONT_trail_250925 barcode=barcode22 barcode_alias=barcode22 parent_read_id=c9ff5385-08dd-45c6-af9e-690fabebbfc8 basecall_model_version_id=dna_r10.4.1_e8.2_400bps_hac@v4.3.0
0	df432d92-e99a-41c7-a52e-4e3f4bf8ac13 runid=0dfb5b492dc86ce99bf7c61c734eb364afcdb5c8 ch=94 start_time=2025-09-25T18:23:11.398161+00:00 flow_cell_id=AWX817 basecall_gpu=NVIDIA_Tegra_X2 protocol_group_id=ONT_trialEb_250925 sample_id=ONT_trail_250925 barcode=barcode24 barcode_alias=barcode24 parent_read_id=df432d92-e99a-41c7-a52e-4e3f4bf8ac13 basecall_model_version_id=dna_r10.4.1_e8.2_400bps_hac@v4.3.0
0	5093bf71-da1b-4674-80e9-e7d2acffadd1 runid=0dfb5b492dc86ce99bf7c61c734eb364afcdb5c8 ch=43 start_time=2025-09-25T18:48:29.398161+00:00 flow_cell_id=AWX817 basecall_gpu=NVIDIA_Tegra_X2 protocol_group_id=ONT_trialEb_250925 sample_id=ONT_trail_250925 barcode=barcode22 barcode_alias=barcode22 parent_read_id=8dbb4403-10f0-4737-9def-2459f6979b9b basecall_model_version_id=dna_r10.4.1_e8.2_400bps_hac@v4.3.0
0	5093bf71-da1b-4674-80e9-e7d2acffadd1 runid=0dfb5b492dc86ce99bf7c61c734eb364afcdb5c8 ch=43 start_time=2025-09-25T18:48:29.398161+00:00 flow_cell_id=AWX817 basecall_gpu=NVIDIA_Tegra_X2 protocol_group_id=ONT_trialEb_250925 sample_id=ONT_trail_250925 barcode=barcode22 barcode_alias=barcode22 parent_read_id=8dbb4403-10f0-4737-9def-2459f6979b9b basecall_model_version_id=dna_r10.4.1_e8.2_400bps_hac@v4.3.0
0	a599bea8-f029-4f87-bf45-204e78ada478 runid=0dfb5b492dc86ce99bf7c61c734eb364afcdb5c8 ch=73 start_time=2025-09-25T18:11:30.398161+00:00 flow_cell_id=AWX817 basecall_gpu=NVIDIA_Tegra_X2 protocol_group_id=ONT_trialEb_250925 sample_id=ONT_trail_250925 barcode=barcode22 barcode_alias=barcode22 parent_read_id=a599bea8-f029-4f87-bf45-204e78ada478 basecall_model_version_id=dna_r10.4.1_e8.2_400bps_hac@v4.3.0
0	a599bea8-f029-4f87-bf45-204e78ada478 runid=0dfb5b492dc86ce99bf7c61c734eb364afcdb5c8 ch=73 start_time=2025-09-25T18:11:30.398161+00:00 flow_cell_id=AWX817 basecall_gpu=NVIDIA_Tegra_X2 protocol_group_id=ONT_trialEb_250925 sample_id=ONT_trail_250925 barcode=barcode22 barcode_alias=barcode22 parent_read_id=a599bea8-f029-4f87-bf45-204e78ada478 basecall_model_version_id=dna_r10.4.1_e8.2_400bps_hac@v4.3.0
0	279ba929-2544-4416-a1e0-d8151a916d32 runid=0dfb5b492dc86ce99bf7c61c734eb364afcdb5c8 ch=90 start_time=2025-09-25T19:11:32.398161+00:00 flow_cell_id=AWX817 basecall_gpu=NVIDIA_Tegra_X2 protocol_group_id=ONT_trialEb_250925 sample_id=ONT_trail_250925 barcode=barcode23 barcode_alias=barcode23 parent_read_id=279ba929-2544-4416-a1e0-d8151a916d32 basecall_model_version_id=dna_r10.4.1_e8.2_400bps_hac@v4.3.0 rc
0	e509fa59-5a34-49ae-913d-6fbf111a33e9 runid=0dfb5b492dc86ce99bf7c61c734eb364afcdb5c8 ch=20 start_time=2025-09-25T19:12:31.398161+00:00 flow_cell_id=AWX817 basecall_gpu=NVIDIA_Tegra_X2 protocol_group_id=ONT_trialEb_250925 sample_id=ONT_trail_250925 barcode=barcode24 barcode_alias=barcode24 parent_read_id=e509fa59-5a34-49ae-913d-6fbf111a33e9 basecall_model_version_id=dna_r10.4.1_e8.2_400bps_hac@v4.3.0
0	39d47d79-e404-435d-8f68-bb70b7872bdf runid=0dfb5b492dc86ce99bf7c61c734eb364afcdb5c8 ch=80 start_time=2025-09-25T17:05:49.398161+00:00 flow_cell_id=AWX817 basecall_gpu=NVIDIA_Tegra_X2 protocol_group_id=ONT_trialEb_250925 sample_id=ONT_trail_250925 barcode=barcode23 barcode_alias=barcode23 parent_read_id=39d47d79-e404-435d-8f68-bb70b7872bdf basecall_model_version_id=dna_r10.4.1_e8.2_400bps_hac@v4.3.0
0	d06ea7ad-b828-4ada-8918-ac86c041bbe7 runid=0dfb5b492dc86ce99bf7c61c734eb364afcdb5c8 ch=4 start_time=2025-09-25T22:34:26.398161+00:00 flow_cell_id=AWX817 basecall_gpu=NVIDIA_Tegra_X2 protocol_group_id=ONT_trialEb_250925 sample_id=ONT_trail_250925 barcode=barcode23 barcode_alias=barcode23 parent_read_id=d06ea7ad-b828-4ada-8918-ac86c041bbe7 basecall_model_version_id=dna_r10.4.1_e8.2_400bps_hac@v4.3.0 rc
0	38830489-11d1-495b-a7f2-ca2b5f860b26 runid=0dfb5b492dc86ce99bf7c61c734eb364afcdb5c8 ch=85 start_time=2025-09-26T05:28:50.398161+00:00 flow_cell_id=AWX817 basecall_gpu=NVIDIA_Tegra_X2 protocol_group_id=ONT_trialEb_250925 sample_id=ONT_trail_250925 barcode=barcode22 barcode_alias=barcode22 parent_read_id=38830489-11d1-495b-a7f2-ca2b5f860b26 basecall_model_version_id=dna_r10.4.1_e8.2_400bps_hac@v4.3.0
0	38830489-11d1-495b-a7f2-ca2b5f860b26 runid=0dfb5b492dc86ce99bf7c61c734eb364afcdb5c8 ch=85 start_time=2025-09-26T05:28:50.398161+00:00 flow_cell_id=AWX817 basecall_gpu=NVIDIA_Tegra_X2 protocol_group_id=ONT_trialEb_250925 sample_id=ONT_trail_250925 barcode=barcode22 barcode_alias=barcode22 parent_read_id=38830489-11d1-495b-a7f2-ca2b5f860b26 basecall_model_version_id=dna_r10.4.1_e8.2_400bps_hac@v4.3.0
0	ffc0a945-2cc2-44cb-8b43-e7c20d4d8c02 runid=0dfb5b492dc86ce99bf7c61c734eb364afcdb5c8 ch=20 start_time=2025-09-26T05:08:44.398161+00:00 flow_cell_id=AWX817 basecall_gpu=NVIDIA_Tegra_X2 protocol_group_id=ONT_trialEb_250925 sample_id=ONT_trail_250925 barcode=barcode23 barcode_alias=barcode23 parent_read_id=ffc0a945-2cc2-44cb-8b43-e7c20d4d8c02 basecall_model_version_id=dna_r10.4.1_e8.2_400bps_hac@v4.3.0 rc
0	92b32173-01e0-4ff0-a831-4f5d8e044635 runid=0dfb5b492dc86ce99bf7c61c734eb364afcdb5c8 ch=91 start_time=2025-09-25T18:11:05.398161+00:00 flow_cell_id=AWX817 basecall_gpu=NVIDIA_Tegra_X2 protocol_group_id=ONT_trialEb_250925 sample_id=ONT_trail_250925 barcode=barcode23 barcode_alias=barcode23 parent_read_id=92b32173-01e0-4ff0-a831-4f5d8e044635 basecall_model_version_id=dna_r10.4.1_e8.2_400bps_hac@v4.3.0
0	06ffbb62-fc5e-4e8b-9915-a1e019e12de0 runid=0dfb5b492dc86ce99bf7c61c734eb364afcdb5c8 ch=4 start_time=2025-09-25T19:44:53.398161+00:00 flow_cell_id=AWX817 basecall_gpu=NVIDIA_Tegra_X2 protocol_group_id=ONT_trialEb_250925 sample_id=ONT_trail_250925 barcode=barcode23 barcode_alias=barcode23 parent_read_id=06ffbb62-fc5e-4e8b-9915-a1e019e12de0 basecall_model_version_id=dna_r10.4.1_e8.2_400bps_hac@v4.3.0
0	30c1721a-9c6b-4c4d-a8bd-9b1d19734a8b runid=0dfb5b492dc86ce99bf7c61c734eb364afcdb5c8 ch=4 start_time=2025-09-25T16:38:40.398161+00:00 flow_cell_id=AWX817 basecall_gpu=NVIDIA_Tegra_X2 protocol_group_id=ONT_trialEb_250925 sample_id=ONT_trail_250925 barcode=barcode22 barcode_alias=barcode22 parent_read_id=30c1721a-9c6b-4c4d-a8bd-9b1d19734a8b basecall_model_version_id=dna_r10.4.1_e8.2_400bps_hac@v4.3.0 rc
0	30c1721a-9c6b-4c4d-a8bd-9b1d19734a8b runid=0dfb5b492dc86ce99bf7c61c734eb364afcdb5c8 ch=4 start_time=2025-09-25T16:38:40.398161+00:00 flow_cell_id=AWX817 basecall_gpu=NVIDIA_Tegra_X2 protocol_group_id=ONT_trialEb_250925 sample_id=ONT_trail_250925 barcode=barcode22 barcode_alias=barcode22 parent_read_id=30c1721a-9c6b-4c4d-a8bd-9b1d19734a8b basecall_model_version_id=dna_r10.4.1_e8.2_400bps_hac@v4.3.0 rc
0	3a4c975f-dd3f-4b83-b67a-c7368dfa5863 runid=0dfb5b492dc86ce99bf7c61c734eb364afcdb5c8 ch=44 start_time=2025-09-26T05:37:44.398161+00:00 flow_cell_id=AWX817 basecall_gpu=NVIDIA_Tegra_X2 protocol_group_id=ONT_trialEb_250925 sample_id=ONT_trail_250925 barcode=barcode22 barcode_alias=barcode22 parent_read_id=3a4c975f-dd3f-4b83-b67a-c7368dfa5863 basecall_model_version_id=dna_r10.4.1_e8.2_400bps_hac@v4.3.0
0	3a4c975f-dd3f-4b83-b67a-c7368dfa5863 runid=0dfb5b492dc86ce99bf7c61c734eb364afcdb5c8 ch=44 start_time=2025-09-26T05:37:44.398161+00:00 flow_cell_id=AWX817 basecall_gpu=NVIDIA_Tegra_X2 protocol_group_id=ONT_trialEb_250925 sample_id=ONT_trail_250925 barcode=barcode22 barcode_alias=barcode22 parent_read_id=3a4c975f-dd3f-4b83-b67a-c7368dfa5863 basecall_model_version_id=dna_r10.4.1_e8.2_400bps_hac@v4.3.0
0	3fd52d6a-eac4-44b9-9cd3-077f1854dfef runid=0dfb5b492dc86ce99bf7c61c734eb364afcdb5c8 ch=20 start_time=2025-09-26T00:29:11.398161+00:00 flow_cell_id=AWX817 basecall_gpu=NVIDIA_Tegra_X2 protocol_group_id=ONT_trialEb_250925 sample_id=ONT_trail_250925 barcode=barcode22 barcode_alias=barcode22 parent_read_id=3fd52d6a-eac4-44b9-9cd3-077f1854dfef basecall_model_version_id=dna_r10.4.1_e8.2_400bps_hac@v4.3.0 rc
0	3fd52d6a-eac4-44b9-9cd3-077f1854dfef runid=0dfb5b492dc86ce99bf7c61c734eb364afcdb5c8 ch=20 start_time=2025-09-26T00:29:11.398161+00:00 flow_cell_id=AWX817 basecall_gpu=NVIDIA_Tegra_X2 protocol_group_id=ONT_trialEb_250925 sample_id=ONT_trail_250925 barcode=barcode22 barcode_alias=barcode22 parent_read_id=3fd52d6a-eac4-44b9-9cd3-077f1854dfef basecall_model_version_id=dna_r10.4.1_e8.2_400bps_hac@v4.3.0 rc
0	247622f9-3dc9-4f3e-9aa0-7e0dca0fc89e runid=0dfb5b492dc86ce99bf7c61c734eb364afcdb5c8 ch=4 start_time=2025-09-26T02:35:24.398161+00:00 flow_cell_id=AWX817 basecall_gpu=NVIDIA_Tegra_X2 protocol_group_id=ONT_trialEb_250925 sample_id=ONT_trail_250925 barcode=barcode22 barcode_alias=barcode22 parent_read_id=247622f9-3dc9-4f3e-9aa0-7e0dca0fc89e basecall_model_version_id=dna_r10.4.1_e8.2_400bps_hac@v4.3.0 rc
0	247622f9-3dc9-4f3e-9aa0-7e0dca0fc89e runid=0dfb5b492dc86ce99bf7c61c734eb364afcdb5c8 ch=4 start_time=2025-09-26T02:35:24.398161+00:00 flow_cell_id=AWX817 basecall_gpu=NVIDIA_Tegra_X2 protocol_group_id=ONT_trialEb_250925 sample_id=ONT_trail_250925 barcode=barcode22 barcode_alias=barcode22 parent_read_id=247622f9-3dc9-4f3e-9aa0-7e0dca0fc89e basecall_model_version_id=dna_r10.4.1_e8.2_400bps_hac@v4.3.0 rc
0	071c35f3-8fe0-49ba-a971-9b497e6e0ca8 runid=0dfb5b492dc86ce99bf7c61c734eb364afcdb5c8 ch=43 start_time=2025-09-25T20:59:11.398161+00:00 flow_cell_id=AWX817 basecall_gpu=NVIDIA_Tegra_X2 protocol_group_id=ONT_trialEb_250925 sample_id=ONT_trail_250925 barcode=barcode24 barcode_alias=barcode24 parent_read_id=071c35f3-8fe0-49ba-a971-9b497e6e0ca8 basecall_model_version_id=dna_r10.4.1_e8.2_400bps_hac@v4.3.0
0	97f6fe7f-1c2b-4a71-ad57-0d3b14c29a09 runid=0dfb5b492dc86ce99bf7c61c734eb364afcdb5c8 ch=44 start_time=2025-09-25T21:17:41.398161+00:00 flow_cell_id=AWX817 basecall_gpu=NVIDIA_Tegra_X2 protocol_group_id=ONT_trialEb_250925 sample_id=ONT_trail_250925 barcode=barcode23 barcode_alias=barcode23 parent_read_id=97f6fe7f-1c2b-4a71-ad57-0d3b14c29a09 basecall_model_version_id=dna_r10.4.1_e8.2_400bps_hac@v4.3.0 rc
0	c04979fa-1945-4288-a24d-604a0ac0ef39 runid=0dfb5b492dc86ce99bf7c61c734eb364afcdb5c8 ch=5 start_time=2025-09-25T19:46:14.398161+00:00 flow_cell_id=AWX817 basecall_gpu=NVIDIA_Tegra_X2 protocol_group_id=ONT_trialEb_250925 sample_id=ONT_trail_250925 barcode=barcode23 barcode_alias=barcode23 parent_read_id=c04979fa-1945-4288-a24d-604a0ac0ef39 basecall_model_version_id=dna_r10.4.1_e8.2_400bps_hac@v4.3.0 rc
0	1634a083-01a8-4ddc-8539-168b71ffe9a0 runid=0dfb5b492dc86ce99bf7c61c734eb364afcdb5c8 ch=40 start_time=2025-09-25T18:10:22.398161+00:00 flow_cell_id=AWX817 basecall_gpu=NVIDIA_Tegra_X2 protocol_group_id=ONT_trialEb_250925 sample_id=ONT_trail_250925 barcode=barcode22 barcode_alias=barcode22 parent_read_id=1634a083-01a8-4ddc-8539-168b71ffe9a0 basecall_model_version_id=dna_r10.4.1_e8.2_400bps_hac@v4.3.0
0	1634a083-01a8-4ddc-8539-168b71ffe9a0 runid=0dfb5b492dc86ce99bf7c61c734eb364afcdb5c8 ch=40 start_time=2025-09-25T18:10:22.398161+00:00 flow_cell_id=AWX817 basecall_gpu=NVIDIA_Tegra_X2 protocol_group_id=ONT_trialEb_250925 sample_id=ONT_trail_250925 barcode=barcode22 barcode_alias=barcode22 parent_read_id=1634a083-01a8-4ddc-8539-168b71ffe9a0 basecall_model_version_id=dna_r10.4.1_e8.2_400bps_hac@v4.3.0
0	4d970533-d8cd-40c6-8b1d-4623aa41cbe9 runid=0dfb5b492dc86ce99bf7c61c734eb364afcdb5c8 ch=77 start_time=2025-09-25T22:11:18.398161+00:00 flow_cell_id=AWX817 basecall_gpu=NVIDIA_Tegra_X2 protocol_group_id=ONT_trialEb_250925 sample_id=ONT_trail_250925 barcode=barcode22 barcode_alias=barcode22 parent_read_id=4d970533-d8cd-40c6-8b1d-4623aa41cbe9 basecall_model_version_id=dna_r10.4.1_e8.2_400bps_hac@v4.3.0
0	4d970533-d8cd-40c6-8b1d-4623aa41cbe9 runid=0dfb5b492dc86ce99bf7c61c734eb364afcdb5c8 ch=77 start_time=2025-09-25T22:11:18.398161+00:00 flow_cell_id=AWX817 basecall_gpu=NVIDIA_Tegra_X2 protocol_group_id=ONT_trialEb_250925 sample_id=ONT_trail_250925 barcode=barcode22 barcode_alias=barcode22 parent_read_id=4d970533-d8cd-40c6-8b1d-4623aa41cbe9 basecall_model_version_id=dna_r10.4.1_e8.2_400bps_hac@v4.3.0
0	8b1bc3fa-f3c6-467f-b78c-7459f3f1fdc9 runid=0dfb5b492dc86ce99bf7c61c734eb364afcdb5c8 ch=49 start_time=2025-09-26T09:54:41.398161+00:00 flow_cell_id=AWX817 basecall_gpu=NVIDIA_Tegra_X2 protocol_group_id=ONT_trialEb_250925 sample_id=ONT_trail_250925 barcode=barcode23 barcode_alias=barcode23 parent_read_id=8b1bc3fa-f3c6-467f-b78c-7459f3f1fdc9 basecall_model_version_id=dna_r10.4.1_e8.2_400bps_hac@v4.3.0
0	678eb21d-a3a9-44dd-b9a6-438aa0204283 runid=0dfb5b492dc86ce99bf7c61c734eb364afcdb5c8 ch=100 start_time=2025-09-25T22:31:10.398161+00:00 flow_cell_id=AWX817 basecall_gpu=NVIDIA_Tegra_X2 protocol_group_id=ONT_trialEb_250925 sample_id=ONT_trail_250925 barcode=barcode23 barcode_alias=barcode23 parent_read_id=678eb21d-a3a9-44dd-b9a6-438aa0204283 basecall_model_version_id=dna_r10.4.1_e8.2_400bps_hac@v4.3.0
0	ec69f8c4-8feb-45e3-9ba2-029bca2b9ba4 runid=0dfb5b492dc86ce99bf7c61c734eb364afcdb5c8 ch=20 start_time=2025-09-25T18:09:28.398161+00:00 flow_cell_id=AWX817 basecall_gpu=NVIDIA_Tegra_X2 protocol_group_id=ONT_trialEb_250925 sample_id=ONT_trail_250925 barcode=barcode22 barcode_alias=barcode22 parent_read_id=ec69f8c4-8feb-45e3-9ba2-029bca2b9ba4 basecall_model_version_id=dna_r10.4.1_e8.2_400bps_hac@v4.3.0
0	ec69f8c4-8feb-45e3-9ba2-029bca2b9ba4 runid=0dfb5b492dc86ce99bf7c61c734eb364afcdb5c8 ch=20 start_time=2025-09-25T18:09:28.398161+00:00 flow_cell_id=AWX817 basecall_gpu=NVIDIA_Tegra_X2 protocol_group_id=ONT_trialEb_250925 sample_id=ONT_trail_250925 barcode=barcode22 barcode_alias=barcode22 parent_read_id=ec69f8c4-8feb-45e3-9ba2-029bca2b9ba4 basecall_model_version_id=dna_r10.4.1_e8.2_400bps_hac@v4.3.0
0	6907716b-fa7d-4106-a22c-e4c38f0e9b14 runid=0dfb5b492dc86ce99bf7c61c734eb364afcdb5c8 ch=79 start_time=2025-09-25T21:56:43.398161+00:00 flow_cell_id=AWX817 basecall_gpu=NVIDIA_Tegra_X2 protocol_group_id=ONT_trialEb_250925 sample_id=ONT_trail_250925 barcode=barcode22 barcode_alias=barcode22 parent_read_id=6907716b-fa7d-4106-a22c-e4c38f0e9b14 basecall_model_version_id=dna_r10.4.1_e8.2_400bps_hac@v4.3.0 rc
0	6907716b-fa7d-4106-a22c-e4c38f0e9b14 runid=0dfb5b492dc86ce99bf7c61c734eb364afcdb5c8 ch=79 start_time=2025-09-25T21:56:43.398161+00:00 flow_cell_id=AWX817 basecall_gpu=NVIDIA_Tegra_X2 protocol_group_id=ONT_trialEb_250925 sample_id=ONT_trail_250925 barcode=barcode22 barcode_alias=barcode22 parent_read_id=6907716b-fa7d-4106-a22c-e4c38f0e9b14 basecall_model_version_id=dna_r10.4.1_e8.2_400bps_hac@v4.3.0 rc
0	a057cda1-7d34-4c9d-9d9f-b78f83912537 runid=0dfb5b492dc86ce99bf7c61c734eb364afcdb5c8 ch=6 start_time=2025-09-25T16:08:55.398161+00:00 flow_cell_id=AWX817 basecall_gpu=NVIDIA_Tegra_X2 protocol_group_id=ONT_trialEb_250925 sample_id=ONT_trail_250925 barcode=barcode22 barcode_alias=barcode22 parent_read_id=a057cda1-7d34-4c9d-9d9f-b78f83912537 basecall_model_version_id=dna_r10.4.1_e8.2_400bps_hac@v4.3.0
0	a057cda1-7d34-4c9d-9d9f-b78f83912537 runid=0dfb5b492dc86ce99bf7c61c734eb364afcdb5c8 ch=6 start_time=2025-09-25T16:08:55.398161+00:00 flow_cell_id=AWX817 basecall_gpu=NVIDIA_Tegra_X2 protocol_group_id=ONT_trialEb_250925 sample_id=ONT_trail_250925 barcode=barcode22 barcode_alias=barcode22 parent_read_id=a057cda1-7d34-4c9d-9d9f-b78f83912537 basecall_model_version_id=dna_r10.4.1_e8.2_400bps_hac@v4.3.0
0	2baf06ae-2a1d-48a4-b739-06f211d1f303 runid=0dfb5b492dc86ce99bf7c61c734eb364afcdb5c8 ch=58 start_time=2025-09-25T21:55:45.398161+00:00 flow_cell_id=AWX817 basecall_gpu=NVIDIA_Tegra_X2 protocol_group_id=ONT_trialEb_250925 sample_id=ONT_trail_250925 barcode=barcode22 barcode_alias=barcode22 parent_read_id=2baf06ae-2a1d-48a4-b739-06f211d1f303 basecall_model_version_id=dna_r10.4.1_e8.2_400bps_hac@v4.3.0
0	2baf06ae-2a1d-48a4-b739-06f211d1f303 runid=0dfb5b492dc86ce99bf7c61c734eb364afcdb5c8 ch=58 start_time=2025-09-25T21:55:45.398161+00:00 flow_cell_id=AWX817 basecall_gpu=NVIDIA_Tegra_X2 protocol_group_id=ONT_trialEb_250925 sample_id=ONT_trail_250925 barcode=barcode22 barcode_alias=barcode22 parent_read_id=2baf06ae-2a1d-48a4-b739-06f211d1f303 basecall_model_version_id=dna_r10.4.1_e8.2_400bps_hac@v4.3.0
0	91e061a9-acff-4cb4-8385-83a14b39e8ca runid=0dfb5b492dc86ce99bf7c61c734eb364afcdb5c8 ch=79 start_time=2025-09-25T21:53:55.398161+00:00 flow_cell_id=AWX817 basecall_gpu=NVIDIA_Tegra_X2 protocol_group_id=ONT_trialEb_250925 sample_id=ONT_trail_250925 barcode=barcode22 barcode_alias=barcode22 parent_read_id=91e061a9-acff-4cb4-8385-83a14b39e8ca basecall_model_version_id=dna_r10.4.1_e8.2_400bps_hac@v4.3.0
0	91e061a9-acff-4cb4-8385-83a14b39e8ca runid=0dfb5b492dc86ce99bf7c61c734eb364afcdb5c8 ch=79 start_time=2025-09-25T21:53:55.398161+00:00 flow_cell_id=AWX817 basecall_gpu=NVIDIA_Tegra_X2 protocol_group_id=ONT_trialEb_250925 sample_id=ONT_trail_250925 barcode=barcode22 barcode_alias=barcode22 parent_read_id=91e061a9-acff-4cb4-8385-83a14b39e8ca basecall_model_version_id=dna_r10.4.1_e8.2_400bps_hac@v4.3.0
0	4d8b574b-16ab-428b-b059-6abab4dbcd4a runid=0dfb5b492dc86ce99bf7c61c734eb364afcdb5c8 ch=85 start_time=2025-09-25T16:07:21.398161+00:00 flow_cell_id=AWX817 basecall_gpu=NVIDIA_Tegra_X2 protocol_group_id=ONT_trialEb_250925 sample_id=ONT_trail_250925 barcode=barcode22 barcode_alias=barcode22 parent_read_id=4d8b574b-16ab-428b-b059-6abab4dbcd4a basecall_model_version_id=dna_r10.4.1_e8.2_400bps_hac@v4.3.0
0	4d8b574b-16ab-428b-b059-6abab4dbcd4a runid=0dfb5b492dc86ce99bf7c61c734eb364afcdb5c8 ch=85 start_time=2025-09-25T16:07:21.398161+00:00 flow_cell_id=AWX817 basecall_gpu=NVIDIA_Tegra_X2 protocol_group_id=ONT_trialEb_250925 sample_id=ONT_trail_250925 barcode=barcode22 barcode_alias=barcode22 parent_read_id=4d8b574b-16ab-428b-b059-6abab4dbcd4a basecall_model_version_id=dna_r10.4.1_e8.2_400bps_hac@v4.3.0
0	f49e8e17-6ca7-4563-b777-f3d369d097da runid=0dfb5b492dc86ce99bf7c61c734eb364afcdb5c8 ch=85 start_time=2025-09-25T18:37:58.398161+00:00 flow_cell_id=AWX817 basecall_gpu=NVIDIA_Tegra_X2 protocol_group_id=ONT_trialEb_250925 sample_id=ONT_trail_250925 barcode=barcode22 barcode_alias=barcode22 parent_read_id=f49e8e17-6ca7-4563-b777-f3d369d097da basecall_model_version_id=dna_r10.4.1_e8.2_400bps_hac@v4.3.0 rc
0	f49e8e17-6ca7-4563-b777-f3d369d097da runid=0dfb5b492dc86ce99bf7c61c734eb364afcdb5c8 ch=85 start_time=2025-09-25T18:37:58.398161+00:00 flow_cell_id=AWX817 basecall_gpu=NVIDIA_Tegra_X2 protocol_group_id=ONT_trialEb_250925 sample_id=ONT_trail_250925 barcode=barcode22 barcode_alias=barcode22 parent_read_id=f49e8e17-6ca7-4563-b777-f3d369d097da basecall_model_version_id=dna_r10.4.1_e8.2_400bps_hac@v4.3.0 rc
0	9a169f92-8c01-4a0d-b983-76601e029bd5 runid=0dfb5b492dc86ce99bf7c61c734eb364afcdb5c8 ch=41 start_time=2025-09-25T23:04:56.398161+00:00 flow_cell_id=AWX817 basecall_gpu=NVIDIA_Tegra_X2 protocol_group_id=ONT_trialEb_250925 sample_id=ONT_trail_250925 barcode=barcode24 barcode_alias=barcode24 parent_read_id=d2c035ea-b66c-4a5b-b91f-06a8358ee393 basecall_model_version_id=dna_r10.4.1_e8.2_400bps_hac@v4.3.0 rc
0	10c88fdd-b50f-4ec3-94c9-3c9aaa2ec13c runid=0dfb5b492dc86ce99bf7c61c734eb364afcdb5c8 ch=40 start_time=2025-09-25T20:21:28.398161+00:00 flow_cell_id=AWX817 basecall_gpu=NVIDIA_Tegra_X2 protocol_group_id=ONT_trialEb_250925 sample_id=ONT_trail_250925 barcode=barcode23 barcode_alias=barcode23 parent_read_id=10c88fdd-b50f-4ec3-94c9-3c9aaa2ec13c basecall_model_version_id=dna_r10.4.1_e8.2_400bps_hac@v4.3.0 rc
0	7ba22c9f-708a-41a1-8b72-4d781284d30a runid=0dfb5b492dc86ce99bf7c61c734eb364afcdb5c8 ch=110 start_time=2025-09-25T21:32:30.398161+00:00 flow_cell_id=AWX817 basecall_gpu=NVIDIA_Tegra_X2 protocol_group_id=ONT_trialEb_250925 sample_id=ONT_trail_250925 barcode=barcode23 barcode_alias=barcode23 parent_read_id=7ba22c9f-708a-41a1-8b72-4d781284d30a basecall_model_version_id=dna_r10.4.1_e8.2_400bps_hac@v4.3.0 rc
0	7058e7a6-22fc-4911-9586-02ca47a56006 runid=0dfb5b492dc86ce99bf7c61c734eb364afcdb5c8 ch=118 start_time=2025-09-25T23:57:39.398161+00:00 flow_cell_id=AWX817 basecall_gpu=NVIDIA_Tegra_X2 protocol_group_id=ONT_trialEb_250925 sample_id=ONT_trail_250925 barcode=barcode22 barcode_alias=barcode22 parent_read_id=7058e7a6-22fc-4911-9586-02ca47a56006 basecall_model_version_id=dna_r10.4.1_e8.2_400bps_hac@v4.3.0
0	7058e7a6-22fc-4911-9586-02ca47a56006 runid=0dfb5b492dc86ce99bf7c61c734eb364afcdb5c8 ch=118 start_time=2025-09-25T23:57:39.398161+00:00 flow_cell_id=AWX817 basecall_gpu=NVIDIA_Tegra_X2 protocol_group_id=ONT_trialEb_250925 sample_id=ONT_trail_250925 barcode=barcode22 barcode_alias=barcode22 parent_read_id=7058e7a6-22fc-4911-9586-02ca47a56006 basecall_model_version_id=dna_r10.4.1_e8.2_400bps_hac@v4.3.0
0	41c25712-6861-4163-9ec4-b31223a6e501 runid=0dfb5b492dc86ce99bf7c61c734eb364afcdb5c8 ch=79 start_time=2025-09-25T19:54:57.398161+00:00 flow_cell_id=AWX817 basecall_gpu=NVIDIA_Tegra_X2 protocol_group_id=ONT_trialEb_250925 sample_id=ONT_trail_250925 barcode=barcode23 barcode_alias=barcode23 parent_read_id=41c25712-6861-4163-9ec4-b31223a6e501 basecall_model_version_id=dna_r10.4.1_e8.2_400bps_hac@v4.3.0 rc
0	80bdc362-1e8b-48a6-89d2-6a8ffbcea15f runid=0dfb5b492dc86ce99bf7c61c734eb364afcdb5c8 ch=41 start_time=2025-09-25T21:25:46.398161+00:00 flow_cell_id=AWX817 basecall_gpu=NVIDIA_Tegra_X2 protocol_group_id=ONT_trialEb_250925 sample_id=ONT_trail_250925 barcode=barcode22 barcode_alias=barcode22 parent_read_id=80bdc362-1e8b-48a6-89d2-6a8ffbcea15f basecall_model_version_id=dna_r10.4.1_e8.2_400bps_hac@v4.3.0 rc
0	80bdc362-1e8b-48a6-89d2-6a8ffbcea15f runid=0dfb5b492dc86ce99bf7c61c734eb364afcdb5c8 ch=41 start_time=2025-09-25T21:25:46.398161+00:00 flow_cell_id=AWX817 basecall_gpu=NVIDIA_Tegra_X2 protocol_group_id=ONT_trialEb_250925 sample_id=ONT_trail_250925 barcode=barcode22 barcode_alias=barcode22 parent_read_id=80bdc362-1e8b-48a6-89d2-6a8ffbcea15f basecall_model_version_id=dna_r10.4.1_e8.2_400bps_hac@v4.3.0 rc
0	fe948861-89e7-4f7f-bef8-b7bee2956e2e runid=0dfb5b492dc86ce99bf7c61c734eb364afcdb5c8 ch=43 start_time=2025-09-25T20:02:07.398161+00:00 flow_cell_id=AWX817 basecall_gpu=NVIDIA_Tegra_X2 protocol_group_id=ONT_trialEb_250925 sample_id=ONT_trail_250925 barcode=barcode22 barcode_alias=barcode22 parent_read_id=fe948861-89e7-4f7f-bef8-b7bee2956e2e basecall_model_version_id=dna_r10.4.1_e8.2_400bps_hac@v4.3.0
0	fe948861-89e7-4f7f-bef8-b7bee2956e2e runid=0dfb5b492dc86ce99bf7c61c734eb364afcdb5c8 ch=43 start_time=2025-09-25T20:02:07.398161+00:00 flow_cell_id=AWX817 basecall_gpu=NVIDIA_Tegra_X2 protocol_group_id=ONT_trialEb_250925 sample_id=ONT_trail_250925 barcode=barcode22 barcode_alias=barcode22 parent_read_id=fe948861-89e7-4f7f-bef8-b7bee2956e2e basecall_model_version_id=dna_r10.4.1_e8.2_400bps_hac@v4.3.0
0	73688597-0b8f-4bab-80da-b7e33cbfb7b2 runid=0dfb5b492dc86ce99bf7c61c734eb364afcdb5c8 ch=41 start_time=2025-09-25T23:30:19.398161+00:00 flow_cell_id=AWX817 basecall_gpu=NVIDIA_Tegra_X2 protocol_group_id=ONT_trialEb_250925 sample_id=ONT_trail_250925 barcode=barcode23 barcode_alias=barcode23 parent_read_id=73688597-0b8f-4bab-80da-b7e33cbfb7b2 basecall_model_version_id=dna_r10.4.1_e8.2_400bps_hac@v4.3.0 rc
0	cbc98879-7544-41b2-924b-a0487c3bbb6c runid=0dfb5b492dc86ce99bf7c61c734eb364afcdb5c8 ch=77 start_time=2025-09-25T22:05:52.398161+00:00 flow_cell_id=AWX817 basecall_gpu=NVIDIA_Tegra_X2 protocol_group_id=ONT_trialEb_250925 sample_id=ONT_trail_250925 barcode=barcode22 barcode_alias=barcode22 parent_read_id=cbc98879-7544-41b2-924b-a0487c3bbb6c basecall_model_version_id=dna_r10.4.1_e8.2_400bps_hac@v4.3.0 rc
0	cbc98879-7544-41b2-924b-a0487c3bbb6c runid=0dfb5b492dc86ce99bf7c61c734eb364afcdb5c8 ch=77 start_time=2025-09-25T22:05:52.398161+00:00 flow_cell_id=AWX817 basecall_gpu=NVIDIA_Tegra_X2 protocol_group_id=ONT_trialEb_250925 sample_id=ONT_trail_250925 barcode=barcode22 barcode_alias=barcode22 parent_read_id=cbc98879-7544-41b2-924b-a0487c3bbb6c basecall_model_version_id=dna_r10.4.1_e8.2_400bps_hac@v4.3.0 rc
1	05ea7c14-9f9f-4eda-b99d-f0422fa6d936 runid=0dfb5b492dc86ce99bf7c61c734eb364afcdb5c8 ch=58 start_time=2025-09-25T17:35:40.398161+00:00 flow_cell_id=AWX817 basecall_gpu=NVIDIA_Tegra_X2 protocol_group_id=ONT_trialEb_250925 sample_id=ONT_trail_250925 barcode=barcode23 barcode_alias=barcode23 parent_read_id=05ea7c14-9f9f-4eda-b99d-f0422fa6d936 basecall_model_version_id=dna_r10.4.1_e8.2_400bps_hac@v4.3.0 rc
1	83808125-edab-4a77-ba95-920a8971eaea runid=0dfb5b492dc86ce99bf7c61c734eb364afcdb5c8 ch=39 start_time=2025-09-26T05:54:28.398161+00:00 flow_cell_id=AWX817 basecall_gpu=NVIDIA_Tegra_X2 protocol_group_id=ONT_trialEb_250925 sample_id=ONT_trail_250925 barcode=barcode22 barcode_alias=barcode22 parent_read_id=83808125-edab-4a77-ba95-920a8971eaea basecall_model_version_id=dna_r10.4.1_e8.2_400bps_hac@v4.3.0
1	83808125-edab-4a77-ba95-920a8971eaea runid=0dfb5b492dc86ce99bf7c61c734eb364afcdb5c8 ch=39 start_time=2025-09-26T05:54:28.398161+00:00 flow_cell_id=AWX817 basecall_gpu=NVIDIA_Tegra_X2 protocol_group_id=ONT_trialEb_250925 sample_id=ONT_trail_250925 barcode=barcode22 barcode_alias=barcode22 parent_read_id=83808125-edab-4a77-ba95-920a8971eaea basecall_model_version_id=dna_r10.4.1_e8.2_400bps_hac@v4.3.0
1	92469741-2571-4a7e-b454-db42daf0ad32 runid=0dfb5b492dc86ce99bf7c61c734eb364afcdb5c8 ch=44 start_time=2025-09-25T21:41:38.398161+00:00 flow_cell_id=AWX817 basecall_gpu=NVIDIA_Tegra_X2 protocol_group_id=ONT_trialEb_250925 sample_id=ONT_trail_250925 barcode=barcode22 barcode_alias=barcode22 parent_read_id=92469741-2571-4a7e-b454-db42daf0ad32 basecall_model_version_id=dna_r10.4.1_e8.2_400bps_hac@v4.3.0
1	92469741-2571-4a7e-b454-db42daf0ad32 runid=0dfb5b492dc86ce99bf7c61c734eb364afcdb5c8 ch=44 start_time=2025-09-25T21:41:38.398161+00:00 flow_cell_id=AWX817 basecall_gpu=NVIDIA_Tegra_X2 protocol_group_id=ONT_trialEb_250925 sample_id=ONT_trail_250925 barcode=barcode22 barcode_alias=barcode22 parent_read_id=92469741-2571-4a7e-b454-db42daf0ad32 basecall_model_version_id=dna_r10.4.1_e8.2_400bps_hac@v4.3.0
1	a9eb7f5a-da7f-4c1b-ac85-c809793951a9 runid=0dfb5b492dc86ce99bf7c61c734eb364afcdb5c8 ch=80 start_time=2025-09-25T20:40:42.398161+00:00 flow_cell_id=AWX817 basecall_gpu=NVIDIA_Tegra_X2 protocol_group_id=ONT_trialEb_250925 sample_id=ONT_trail_250925 barcode=barcode22 barcode_alias=barcode22 parent_read_id=a9eb7f5a-da7f-4c1b-ac85-c809793951a9 basecall_model_version_id=dna_r10.4.1_e8.2_400bps_hac@v4.3.0
1	a9eb7f5a-da7f-4c1b-ac85-c809793951a9 runid=0dfb5b492dc86ce99bf7c61c734eb364afcdb5c8 ch=80 start_time=2025-09-25T20:40:42.398161+00:00 flow_cell_id=AWX817 basecall_gpu=NVIDIA_Tegra_X2 protocol_group_id=ONT_trialEb_250925 sample_id=ONT_trail_250925 barcode=barcode22 barcode_alias=barcode22 parent_read_id=a9eb7f5a-da7f-4c1b-ac85-c809793951a9 basecall_model_version_id=dna_r10.4.1_e8.2_400bps_hac@v4.3.0
1	bdff7832-eed5-4bcd-a173-2e9fa87bfde4 runid=0dfb5b492dc86ce99bf7c61c734eb364afcdb5c8 ch=108 start_time=2025-09-25T16:31:24.398161+00:00 flow_cell_id=AWX817 basecall_gpu=NVIDIA_Tegra_X2 protocol_group_id=ONT_trialEb_250925 sample_id=ONT_trail_250925 barcode=barcode23 barcode_alias=barcode23 parent_read_id=bdff7832-eed5-4bcd-a173-2e9fa87bfde4 basecall_model_version_id=dna_r10.4.1_e8.2_400bps_hac@v4.3.0
1	60b0c1cb-c19c-4253-bb51-442a9ea84164 runid=0dfb5b492dc86ce99bf7c61c734eb364afcdb5c8 ch=79 start_time=2025-09-25T23:41:37.398161+00:00 flow_cell_id=AWX817 basecall_gpu=NVIDIA_Tegra_X2 protocol_group_id=ONT_trialEb_250925 sample_id=ONT_trail_250925 barcode=barcode24 barcode_alias=barcode24 parent_read_id=60b0c1cb-c19c-4253-bb51-442a9ea84164 basecall_model_version_id=dna_r10.4.1_e8.2_400bps_hac@v4.3.0
1	b7e47b5d-b80c-46ea-9069-f6beae3aaf5b runid=0dfb5b492dc86ce99bf7c61c734eb364afcdb5c8 ch=49 start_time=2025-09-25T18:14:46.398161+00:00 flow_cell_id=AWX817 basecall_gpu=NVIDIA_Tegra_X2 protocol_group_id=ONT_trialEb_250925 sample_id=ONT_trail_250925 barcode=barcode23 barcode_alias=barcode23 parent_read_id=b7e47b5d-b80c-46ea-9069-f6beae3aaf5b basecall_model_version_id=dna_r10.4.1_e8.2_400bps_hac@v4.3.0 rc
1	9a119d15-7a7f-49a4-b91b-6a31db6926bc runid=0dfb5b492dc86ce99bf7c61c734eb364afcdb5c8 ch=44 start_time=2025-09-25T20:57:33.398161+00:00 flow_cell_id=AWX817 basecall_gpu=NVIDIA_Tegra_X2 protocol_group_id=ONT_trialEb_250925 sample_id=ONT_trail_250925 barcode=barcode23 barcode_alias=barcode23 parent_read_id=9a119d15-7a7f-49a4-b91b-6a31db6926bc basecall_model_version_id=dna_r10.4.1_e8.2_400bps_hac@v4.3.0 rc
1	4ed66ecf-50ae-4c8c-a0e8-0cec0576908b runid=0dfb5b492dc86ce99bf7c61c734eb364afcdb5c8 ch=44 start_time=2025-09-25T17:51:33.398161+00:00 flow_cell_id=AWX817 basecall_gpu=NVIDIA_Tegra_X2 protocol_group_id=ONT_trialEb_250925 sample_id=ONT_trail_250925 barcode=barcode24 barcode_alias=barcode24 parent_read_id=4ed66ecf-50ae-4c8c-a0e8-0cec0576908b basecall_model_version_id=dna_r10.4.1_e8.2_400bps_hac@v4.3.0
1	8ec7ae8e-6d1d-42df-9c5d-366d3f7ed7dc runid=0dfb5b492dc86ce99bf7c61c734eb364afcdb5c8 ch=39 start_time=2025-09-26T02:01:01.398161+00:00 flow_cell_id=AWX817 basecall_gpu=NVIDIA_Tegra_X2 protocol_group_id=ONT_trialEb_250925 sample_id=ONT_trail_250925 barcode=barcode22 barcode_alias=barcode22 parent_read_id=8ec7ae8e-6d1d-42df-9c5d-366d3f7ed7dc basecall_model_version_id=dna_r10.4.1_e8.2_400bps_hac@v4.3.0
1	8ec7ae8e-6d1d-42df-9c5d-366d3f7ed7dc runid=0dfb5b492dc86ce99bf7c61c734eb364afcdb5c8 ch=39 start_time=2025-09-26T02:01:01.398161+00:00 flow_cell_id=AWX817 basecall_gpu=NVIDIA_Tegra_X2 protocol_group_id=ONT_trialEb_250925 sample_id=ONT_trail_250925 barcode=barcode22 barcode_alias=barcode22 parent_read_id=8ec7ae8e-6d1d-42df-9c5d-366d3f7ed7dc basecall_model_version_id=dna_r10.4.1_e8.2_400bps_hac@v4.3.0
1	75b67ecf-10fa-46a7-bac8-8cc5aefb3e13 runid=0dfb5b492dc86ce99bf7c61c734eb364afcdb5c8 ch=85 start_time=2025-09-25T19:27:31.398161+00:00 flow_cell_id=AWX817 basecall_gpu=NVIDIA_Tegra_X2 protocol_group_id=ONT_trialEb_250925 sample_id=ONT_trail_250925 barcode=barcode22 barcode_alias=barcode22 parent_read_id=75b67ecf-10fa-46a7-bac8-8cc5aefb3e13 basecall_model_version_id=dna_r10.4.1_e8.2_400bps_hac@v4.3.0
1	75b67ecf-10fa-46a7-bac8-8cc5aefb3e13 runid=0dfb5b492dc86ce99bf7c61c734eb364afcdb5c8 ch=85 start_time=2025-09-25T19:27:31.398161+00:00 flow_cell_id=AWX817 basecall_gpu=NVIDIA_Tegra_X2 protocol_group_id=ONT_trialEb_250925 sample_id=ONT_trail_250925 barcode=barcode22 barcode_alias=barcode22 parent_read_id=75b67ecf-10fa-46a7-bac8-8cc5aefb3e13 basecall_model_version_id=dna_r10.4.1_e8.2_400bps_hac@v4.3.0
1	db89e122-84a7-422f-8cdb-377c645473a1 runid=0dfb5b492dc86ce99bf7c61c734eb364afcdb5c8 ch=58 start_time=2025-09-25T22:31:53.398161+00:00 flow_cell_id=AWX817 basecall_gpu=NVIDIA_Tegra_X2 protocol_group_id=ONT_trialEb_250925 sample_id=ONT_trail_250925 barcode=barcode22 barcode_alias=barcode22 parent_read_id=db89e122-84a7-422f-8cdb-377c645473a1 basecall_model_version_id=dna_r10.4.1_e8.2_400bps_hac@v4.3.0 rc
1	db89e122-84a7-422f-8cdb-377c645473a1 runid=0dfb5b492dc86ce99bf7c61c734eb364afcdb5c8 ch=58 start_time=2025-09-25T22:31:53.398161+00:00 flow_cell_id=AWX817 basecall_gpu=NVIDIA_Tegra_X2 protocol_group_id=ONT_trialEb_250925 sample_id=ONT_trail_250925 barcode=barcode22 barcode_alias=barcode22 parent_read_id=db89e122-84a7-422f-8cdb-377c645473a1 basecall_model_version_id=dna_r10.4.1_e8.2_400bps_hac@v4.3.0 rc
1	ecc7bb70-6f40-47f7-a19b-e459e6d8eb3f runid=0dfb5b492dc86ce99bf7c61c734eb364afcdb5c8 ch=5 start_time=2025-09-25T20:32:57.398161+00:00 flow_cell_id=AWX817 basecall_gpu=NVIDIA_Tegra_X2 protocol_group_id=ONT_trialEb_250925 sample_id=ONT_trail_250925 barcode=barcode22 barcode_alias=barcode22 parent_read_id=ecc7bb70-6f40-47f7-a19b-e459e6d8eb3f basecall_model_version_id=dna_r10.4.1_e8.2_400bps_hac@v4.3.0
1	ecc7bb70-6f40-47f7-a19b-e459e6d8eb3f runid=0dfb5b492dc86ce99bf7c61c734eb364afcdb5c8 ch=5 start_time=2025-09-25T20:32:57.398161+00:00 flow_cell_id=AWX817 basecall_gpu=NVIDIA_Tegra_X2 protocol_group_id=ONT_trialEb_250925 sample_id=ONT_trail_250925 barcode=barcode22 barcode_alias=barcode22 parent_read_id=ecc7bb70-6f40-47f7-a19b-e459e6d8eb3f basecall_model_version_id=dna_r10.4.1_e8.2_400bps_hac@v4.3.0
1	6097774c-dfb5-4cb6-b6f7-abd485b3a5b4 runid=0dfb5b492dc86ce99bf7c61c734eb364afcdb5c8 ch=44 start_time=2025-09-26T04:13:19.398161+00:00 flow_cell_id=AWX817 basecall_gpu=NVIDIA_Tegra_X2 protocol_group_id=ONT_trialEb_250925 sample_id=ONT_trail_250925 barcode=barcode24 barcode_alias=barcode24 parent_read_id=6097774c-dfb5-4cb6-b6f7-abd485b3a5b4 basecall_model_version_id=dna_r10.4.1_e8.2_400bps_hac@v4.3.0
1	ee2703ca-34d8-4175-9535-0b2e3ee9aced runid=0dfb5b492dc86ce99bf7c61c734eb364afcdb5c8 ch=91 start_time=2025-09-25T18:55:41.398161+00:00 flow_cell_id=AWX817 basecall_gpu=NVIDIA_Tegra_X2 protocol_group_id=ONT_trialEb_250925 sample_id=ONT_trail_250925 barcode=barcode22 barcode_alias=barcode22 parent_read_id=ee2703ca-34d8-4175-9535-0b2e3ee9aced basecall_model_version_id=dna_r10.4.1_e8.2_400bps_hac@v4.3.0 rc
1	ee2703ca-34d8-4175-9535-0b2e3ee9aced runid=0dfb5b492dc86ce99bf7c61c734eb364afcdb5c8 ch=91 start_time=2025-09-25T18:55:41.398161+00:00 flow_cell_id=AWX817 basecall_gpu=NVIDIA_Tegra_X2 protocol_group_id=ONT_trialEb_250925 sample_id=ONT_trail_250925 barcode=barcode22 barcode_alias=barcode22 parent_read_id=ee2703ca-34d8-4175-9535-0b2e3ee9aced basecall_model_version_id=dna_r10.4.1_e8.2_400bps_hac@v4.3.0 rc
1	ebfc58f8-f407-4f20-a4e3-0dee69e94e55 runid=0dfb5b492dc86ce99bf7c61c734eb364afcdb5c8 ch=106 start_time=2025-09-25T19:31:13.398161+00:00 flow_cell_id=AWX817 basecall_gpu=NVIDIA_Tegra_X2 protocol_group_id=ONT_trialEb_250925 sample_id=ONT_trail_250925 barcode=barcode22 barcode_alias=barcode22 parent_read_id=ebfc58f8-f407-4f20-a4e3-0dee69e94e55 basecall_model_version_id=dna_r10.4.1_e8.2_400bps_hac@v4.3.0 rc
1	ebfc58f8-f407-4f20-a4e3-0dee69e94e55 runid=0dfb5b492dc86ce99bf7c61c734eb364afcdb5c8 ch=106 start_time=2025-09-25T19:31:13.398161+00:00 flow_cell_id=AWX817 basecall_gpu=NVIDIA_Tegra_X2 protocol_group_id=ONT_trialEb_250925 sample_id=ONT_trail_250925 barcode=barcode22 barcode_alias=barcode22 parent_read_id=ebfc58f8-f407-4f20-a4e3-0dee69e94e55 basecall_model_version_id=dna_r10.4.1_e8.2_400bps_hac@v4.3.0 rc
1	210e2fc7-8e76-4897-9ffb-09d8003d64cd runid=0dfb5b492dc86ce99bf7c61c734eb364afcdb5c8 ch=57 start_time=2025-09-25T16:15:23.398161+00:00 flow_cell_id=AWX817 basecall_gpu=NVIDIA_Tegra_X2 protocol_group_id=ONT_trialEb_250925 sample_id=ONT_trail_250925 barcode=barcode22 barcode_alias=barcode22 parent_read_id=210e2fc7-8e76-4897-9ffb-09d8003d64cd basecall_model_version_id=dna_r10.4.1_e8.2_400bps_hac@v4.3.0 rc
1	210e2fc7-8e76-4897-9ffb-09d8003d64cd runid=0dfb5b492dc86ce99bf7c61c734eb364afcdb5c8 ch=57 start_time=2025-09-25T16:15:23.398161+00:00 flow_cell_id=AWX817 basecall_gpu=NVIDIA_Tegra_X2 protocol_group_id=ONT_trialEb_250925 sample_id=ONT_trail_250925 barcode=barcode22 barcode_alias=barcode22 parent_read_id=210e2fc7-8e76-4897-9ffb-09d8003d64cd basecall_model_version_id=dna_r10.4.1_e8.2_400bps_hac@v4.3.0 rc
1	a484f9dc-4ee4-4e5f-af18-807b53aa8e26 runid=0dfb5b492dc86ce99bf7c61c734eb364afcdb5c8 ch=20 start_time=2025-09-26T00:28:01.398161+00:00 flow_cell_id=AWX817 basecall_gpu=NVIDIA_Tegra_X2 protocol_group_id=ONT_trialEb_250925 sample_id=ONT_trail_250925 barcode=barcode22 barcode_alias=barcode22 parent_read_id=a484f9dc-4ee4-4e5f-af18-807b53aa8e26 basecall_model_version_id=dna_r10.4.1_e8.2_400bps_hac@v4.3.0
1	a484f9dc-4ee4-4e5f-af18-807b53aa8e26 runid=0dfb5b492dc86ce99bf7c61c734eb364afcdb5c8 ch=20 start_time=2025-09-26T00:28:01.398161+00:00 flow_cell_id=AWX817 basecall_gpu=NVIDIA_Tegra_X2 protocol_group_id=ONT_trialEb_250925 sample_id=ONT_trail_250925 barcode=barcode22 barcode_alias=barcode22 parent_read_id=a484f9dc-4ee4-4e5f-af18-807b53aa8e26 basecall_model_version_id=dna_r10.4.1_e8.2_400bps_hac@v4.3.0
1	ce17b54f-534f-4c3f-9b39-70c21e82ee03 runid=0dfb5b492dc86ce99bf7c61c734eb364afcdb5c8 ch=39 start_time=2025-09-25T18:15:41.398161+00:00 flow_cell_id=AWX817 basecall_gpu=NVIDIA_Tegra_X2 protocol_group_id=ONT_trialEb_250925 sample_id=ONT_trail_250925 barcode=barcode22 barcode_alias=barcode22 parent_read_id=ce17b54f-534f-4c3f-9b39-70c21e82ee03 basecall_model_version_id=dna_r10.4.1_e8.2_400bps_hac@v4.3.0 rc
1	ce17b54f-534f-4c3f-9b39-70c21e82ee03 runid=0dfb5b492dc86ce99bf7c61c734eb364afcdb5c8 ch=39 start_time=2025-09-25T18:15:41.398161+00:00 flow_cell_id=AWX817 basecall_gpu=NVIDIA_Tegra_X2 protocol_group_id=ONT_trialEb_250925 sample_id=ONT_trail_250925 barcode=barcode22 barcode_alias=barcode22 parent_read_id=ce17b54f-534f-4c3f-9b39-70c21e82ee03 basecall_model_version_id=dna_r10.4.1_e8.2_400bps_hac@v4.3.0 rc
1	09a3c07a-d986-4656-85c0-42bab67ad133 runid=0dfb5b492dc86ce99bf7c61c734eb364afcdb5c8 ch=44 start_time=2025-09-25T17:11:55.398161+00:00 flow_cell_id=AWX817 basecall_gpu=NVIDIA_Tegra_X2 protocol_group_id=ONT_trialEb_250925 sample_id=ONT_trail_250925 barcode=barcode22 barcode_alias=barcode22 parent_read_id=09a3c07a-d986-4656-85c0-42bab67ad133 basecall_model_version_id=dna_r10.4.1_e8.2_400bps_hac@v4.3.0 rc
1	09a3c07a-d986-4656-85c0-42bab67ad133 runid=0dfb5b492dc86ce99bf7c61c734eb364afcdb5c8 ch=44 start_time=2025-09-25T17:11:55.398161+00:00 flow_cell_id=AWX817 basecall_gpu=NVIDIA_Tegra_X2 protocol_group_id=ONT_trialEb_250925 sample_id=ONT_trail_250925 barcode=barcode22 barcode_alias=barcode22 parent_read_id=09a3c07a-d986-4656-85c0-42bab67ad133 basecall_model_version_id=dna_r10.4.1_e8.2_400bps_hac@v4.3.0 rc
1	6f6f109e-6711-448d-99d6-4c3a0a614e1d runid=0dfb5b492dc86ce99bf7c61c734eb364afcdb5c8 ch=110 start_time=2025-09-25T17:04:50.398161+00:00 flow_cell_id=AWX817 basecall_gpu=NVIDIA_Tegra_X2 protocol_group_id=ONT_trialEb_250925 sample_id=ONT_trail_250925 barcode=barcode22 barcode_alias=barcode22 parent_read_id=6f6f109e-6711-448d-99d6-4c3a0a614e1d basecall_model_version_id=dna_r10.4.1_e8.2_400bps_hac@v4.3.0 rc
1	6f6f109e-6711-448d-99d6-4c3a0a614e1d runid=0dfb5b492dc86ce99bf7c61c734eb364afcdb5c8 ch=110 start_time=2025-09-25T17:04:50.398161+00:00 flow_cell_id=AWX817 basecall_gpu=NVIDIA_Tegra_X2 protocol_group_id=ONT_trialEb_250925 sample_id=ONT_trail_250925 barcode=barcode22 barcode_alias=barcode22 parent_read_id=6f6f109e-6711-448d-99d6-4c3a0a614e1d basecall_model_version_id=dna_r10.4.1_e8.2_400bps_hac@v4.3.0 rc
1	3698b407-e093-4f44-8d84-be8c412bf61e runid=0dfb5b492dc86ce99bf7c61c734eb364afcdb5c8 ch=4 start_time=2025-09-25T23:13:34.398161+00:00 flow_cell_id=AWX817 basecall_gpu=NVIDIA_Tegra_X2 protocol_group_id=ONT_trialEb_250925 sample_id=ONT_trail_250925 barcode=barcode22 barcode_alias=barcode22 parent_read_id=3698b407-e093-4f44-8d84-be8c412bf61e basecall_model_version_id=dna_r10.4.1_e8.2_400bps_hac@v4.3.0 rc
1	3698b407-e093-4f44-8d84-be8c412bf61e runid=0dfb5b492dc86ce99bf7c61c734eb364afcdb5c8 ch=4 start_time=2025-09-25T23:13:34.398161+00:00 flow_cell_id=AWX817 basecall_gpu=NVIDIA_Tegra_X2 protocol_group_id=ONT_trialEb_250925 sample_id=ONT_trail_250925 barcode=barcode22 barcode_alias=barcode22 parent_read_id=3698b407-e093-4f44-8d84-be8c412bf61e basecall_model_version_id=dna_r10.4.1_e8.2_400bps_hac@v4.3.0 rc
1	847952b8-6c94-4a63-a83e-1933fa3ba552 runid=0dfb5b492dc86ce99bf7c61c734eb364afcdb5c8 ch=20 start_time=2025-09-25T20:03:46.398161+00:00 flow_cell_id=AWX817 basecall_gpu=NVIDIA_Tegra_X2 protocol_group_id=ONT_trialEb_250925 sample_id=ONT_trail_250925 barcode=barcode24 barcode_alias=barcode24 parent_read_id=847952b8-6c94-4a63-a83e-1933fa3ba552 basecall_model_version_id=dna_r10.4.1_e8.2_400bps_hac@v4.3.0
1	ac7f05bf-a5aa-4360-b19d-0d13d7ac6115 runid=0dfb5b492dc86ce99bf7c61c734eb364afcdb5c8 ch=79 start_time=2025-09-25T22:39:54.398161+00:00 flow_cell_id=AWX817 basecall_gpu=NVIDIA_Tegra_X2 protocol_group_id=ONT_trialEb_250925 sample_id=ONT_trail_250925 barcode=barcode22 barcode_alias=barcode22 parent_read_id=ac7f05bf-a5aa-4360-b19d-0d13d7ac6115 basecall_model_version_id=dna_r10.4.1_e8.2_400bps_hac@v4.3.0
1	ac7f05bf-a5aa-4360-b19d-0d13d7ac6115 runid=0dfb5b492dc86ce99bf7c61c734eb364afcdb5c8 ch=79 start_time=2025-09-25T22:39:54.398161+00:00 flow_cell_id=AWX817 basecall_gpu=NVIDIA_Tegra_X2 protocol_group_id=ONT_trialEb_250925 sample_id=ONT_trail_250925 barcode=barcode22 barcode_alias=barcode22 parent_read_id=ac7f05bf-a5aa-4360-b19d-0d13d7ac6115 basecall_model_version_id=dna_r10.4.1_e8.2_400bps_hac@v4.3.0
1	6dba874b-b0f1-4419-bfad-93e70229c5e8 runid=0dfb5b492dc86ce99bf7c61c734eb364afcdb5c8 ch=4 start_time=2025-09-26T04:42:10.398161+00:00 flow_cell_id=AWX817 basecall_gpu=NVIDIA_Tegra_X2 protocol_group_id=ONT_trialEb_250925 sample_id=ONT_trail_250925 barcode=barcode22 barcode_alias=barcode22 parent_read_id=6dba874b-b0f1-4419-bfad-93e70229c5e8 basecall_model_version_id=dna_r10.4.1_e8.2_400bps_hac@v4.3.0 rc
1	6dba874b-b0f1-4419-bfad-93e70229c5e8 runid=0dfb5b492dc86ce99bf7c61c734eb364afcdb5c8 ch=4 start_time=2025-09-26T04:42:10.398161+00:00 flow_cell_id=AWX817 basecall_gpu=NVIDIA_Tegra_X2 protocol_group_id=ONT_trialEb_250925 sample_id=ONT_trail_250925 barcode=barcode22 barcode_alias=barcode22 parent_read_id=6dba874b-b0f1-4419-bfad-93e70229c5e8 basecall_model_version_id=dna_r10.4.1_e8.2_400bps_hac@v4.3.0 rc
1	1d298cf0-97ab-42e4-8444-695b03f50922 runid=0dfb5b492dc86ce99bf7c61c734eb364afcdb5c8 ch=4 start_time=2025-09-25T22:38:13.398161+00:00 flow_cell_id=AWX817 basecall_gpu=NVIDIA_Tegra_X2 protocol_group_id=ONT_trialEb_250925 sample_id=ONT_trail_250925 barcode=barcode23 barcode_alias=barcode23 parent_read_id=1d298cf0-97ab-42e4-8444-695b03f50922 basecall_model_version_id=dna_r10.4.1_e8.2_400bps_hac@v4.3.0 rc
1	f76f2cb5-a4e2-4f79-8189-c04f50ab2238 runid=0dfb5b492dc86ce99bf7c61c734eb364afcdb5c8 ch=44 start_time=2025-09-26T04:55:30.398161+00:00 flow_cell_id=AWX817 basecall_gpu=NVIDIA_Tegra_X2 protocol_group_id=ONT_trialEb_250925 sample_id=ONT_trail_250925 barcode=barcode23 barcode_alias=barcode23 parent_read_id=f76f2cb5-a4e2-4f79-8189-c04f50ab2238 basecall_model_version_id=dna_r10.4.1_e8.2_400bps_hac@v4.3.0
1	1759b832-7502-4d12-a4a4-5ffc32720352 runid=0dfb5b492dc86ce99bf7c61c734eb364afcdb5c8 ch=5 start_time=2025-09-25T17:35:22.398161+00:00 flow_cell_id=AWX817 basecall_gpu=NVIDIA_Tegra_X2 protocol_group_id=ONT_trialEb_250925 sample_id=ONT_trail_250925 barcode=barcode22 barcode_alias=barcode22 parent_read_id=1759b832-7502-4d12-a4a4-5ffc32720352 basecall_model_version_id=dna_r10.4.1_e8.2_400bps_hac@v4.3.0 rc
1	1759b832-7502-4d12-a4a4-5ffc32720352 runid=0dfb5b492dc86ce99bf7c61c734eb364afcdb5c8 ch=5 start_time=2025-09-25T17:35:22.398161+00:00 flow_cell_id=AWX817 basecall_gpu=NVIDIA_Tegra_X2 protocol_group_id=ONT_trialEb_250925 sample_id=ONT_trail_250925 barcode=barcode22 barcode_alias=barcode22 parent_read_id=1759b832-7502-4d12-a4a4-5ffc32720352 basecall_model_version_id=dna_r10.4.1_e8.2_400bps_hac@v4.3.0 rc
1	cecfbb80-f81d-4850-bf92-8d1a6f6aa40c runid=0dfb5b492dc86ce99bf7c61c734eb364afcdb5c8 ch=20 start_time=2025-09-25T15:56:29.398161+00:00 flow_cell_id=AWX817 basecall_gpu=NVIDIA_Tegra_X2 protocol_group_id=ONT_trialEb_250925 sample_id=ONT_trail_250925 barcode=barcode22 barcode_alias=barcode22 parent_read_id=cecfbb80-f81d-4850-bf92-8d1a6f6aa40c basecall_model_version_id=dna_r10.4.1_e8.2_400bps_hac@v4.3.0 rc
1	cecfbb80-f81d-4850-bf92-8d1a6f6aa40c runid=0dfb5b492dc86ce99bf7c61c734eb364afcdb5c8 ch=20 start_time=2025-09-25T15:56:29.398161+00:00 flow_cell_id=AWX817 basecall_gpu=NVIDIA_Tegra_X2 protocol_group_id=ONT_trialEb_250925 sample_id=ONT_trail_250925 barcode=barcode22 barcode_alias=barcode22 parent_read_id=cecfbb80-f81d-4850-bf92-8d1a6f6aa40c basecall_model_version_id=dna_r10.4.1_e8.2_400bps_hac@v4.3.0 rc
1	3a52846c-6720-4e3f-883a-933200f0e475 runid=0dfb5b492dc86ce99bf7c61c734eb364afcdb5c8 ch=44 start_time=2025-09-26T04:12:50.398161+00:00 flow_cell_id=AWX817 basecall_gpu=NVIDIA_Tegra_X2 protocol_group_id=ONT_trialEb_250925 sample_id=ONT_trail_250925 barcode=barcode23 barcode_alias=barcode23 parent_read_id=3a52846c-6720-4e3f-883a-933200f0e475 basecall_model_version_id=dna_r10.4.1_e8.2_400bps_hac@v4.3.0
1	72525d6e-3966-4dc8-96e3-0981fbfb28f6 runid=0dfb5b492dc86ce99bf7c61c734eb364afcdb5c8 ch=90 start_time=2025-09-25T19:01:58.398161+00:00 flow_cell_id=AWX817 basecall_gpu=NVIDIA_Tegra_X2 protocol_group_id=ONT_trialEb_250925 sample_id=ONT_trail_250925 barcode=barcode22 barcode_alias=barcode22 parent_read_id=72525d6e-3966-4dc8-96e3-0981fbfb28f6 basecall_model_version_id=dna_r10.4.1_e8.2_400bps_hac@v4.3.0
1	72525d6e-3966-4dc8-96e3-0981fbfb28f6 runid=0dfb5b492dc86ce99bf7c61c734eb364afcdb5c8 ch=90 start_time=2025-09-25T19:01:58.398161+00:00 flow_cell_id=AWX817 basecall_gpu=NVIDIA_Tegra_X2 protocol_group_id=ONT_trialEb_250925 sample_id=ONT_trail_250925 barcode=barcode22 barcode_alias=barcode22 parent_read_id=72525d6e-3966-4dc8-96e3-0981fbfb28f6 basecall_model_version_id=dna_r10.4.1_e8.2_400bps_hac@v4.3.0
1	da5c8967-8763-4282-a06e-4229eda2a6f4 runid=0dfb5b492dc86ce99bf7c61c734eb364afcdb5c8 ch=4 start_time=2025-09-25T21:10:42.398161+00:00 flow_cell_id=AWX817 basecall_gpu=NVIDIA_Tegra_X2 protocol_group_id=ONT_trialEb_250925 sample_id=ONT_trail_250925 barcode=barcode24 barcode_alias=barcode24 parent_read_id=da5c8967-8763-4282-a06e-4229eda2a6f4 basecall_model_version_id=dna_r10.4.1_e8.2_400bps_hac@v4.3.0 rc
1	41104dbc-c6d5-4711-be70-000433fa91ec runid=0dfb5b492dc86ce99bf7c61c734eb364afcdb5c8 ch=93 start_time=2025-09-25T16:14:13.398161+00:00 flow_cell_id=AWX817 basecall_gpu=NVIDIA_Tegra_X2 protocol_group_id=ONT_trialEb_250925 sample_id=ONT_trail_250925 barcode=barcode23 barcode_alias=barcode23 parent_read_id=41104dbc-c6d5-4711-be70-000433fa91ec basecall_model_version_id=dna_r10.4.1_e8.2_400bps_hac@v4.3.0 rc
1	0fd4e756-94a4-43dd-8742-b1a2589b8129 runid=0dfb5b492dc86ce99bf7c61c734eb364afcdb5c8 ch=40 start_time=2025-09-25T19:20:39.398161+00:00 flow_cell_id=AWX817 basecall_gpu=NVIDIA_Tegra_X2 protocol_group_id=ONT_trialEb_250925 sample_id=ONT_trail_250925 barcode=barcode22 barcode_alias=barcode22 parent_read_id=0fd4e756-94a4-43dd-8742-b1a2589b8129 basecall_model_version_id=dna_r10.4.1_e8.2_400bps_hac@v4.3.0
1	0fd4e756-94a4-43dd-8742-b1a2589b8129 runid=0dfb5b492dc86ce99bf7c61c734eb364afcdb5c8 ch=40 start_time=2025-09-25T19:20:39.398161+00:00 flow_cell_id=AWX817 basecall_gpu=NVIDIA_Tegra_X2 protocol_group_id=ONT_trialEb_250925 sample_id=ONT_trail_250925 barcode=barcode22 barcode_alias=barcode22 parent_read_id=0fd4e756-94a4-43dd-8742-b1a2589b8129 basecall_model_version_id=dna_r10.4.1_e8.2_400bps_hac@v4.3.0
1	30644558-37d8-4e14-9c9b-122c21a56f6a runid=0dfb5b492dc86ce99bf7c61c734eb364afcdb5c8 ch=94 start_time=2025-09-25T16:59:14.398161+00:00 flow_cell_id=AWX817 basecall_gpu=NVIDIA_Tegra_X2 protocol_group_id=ONT_trialEb_250925 sample_id=ONT_trail_250925 barcode=barcode22 barcode_alias=barcode22 parent_read_id=30644558-37d8-4e14-9c9b-122c21a56f6a basecall_model_version_id=dna_r10.4.1_e8.2_400bps_hac@v4.3.0 rc
1	30644558-37d8-4e14-9c9b-122c21a56f6a runid=0dfb5b492dc86ce99bf7c61c734eb364afcdb5c8 ch=94 start_time=2025-09-25T16:59:14.398161+00:00 flow_cell_id=AWX817 basecall_gpu=NVIDIA_Tegra_X2 protocol_group_id=ONT_trialEb_250925 sample_id=ONT_trail_250925 barcode=barcode22 barcode_alias=barcode22 parent_read_id=30644558-37d8-4e14-9c9b-122c21a56f6a basecall_model_version_id=dna_r10.4.1_e8.2_400bps_hac@v4.3.0 rc
1	61552596-6b42-4706-a5cf-117bff5d2098 runid=0dfb5b492dc86ce99bf7c61c734eb364afcdb5c8 ch=20 start_time=2025-09-26T12:10:43.398161+00:00 flow_cell_id=AWX817 basecall_gpu=NVIDIA_Tegra_X2 protocol_group_id=ONT_trialEb_250925 sample_id=ONT_trail_250925 barcode=barcode23 barcode_alias=barcode23 parent_read_id=61552596-6b42-4706-a5cf-117bff5d2098 basecall_model_version_id=dna_r10.4.1_e8.2_400bps_hac@v4.3.0
1	6c51fc7e-995e-454a-942a-c81248fff641 runid=0dfb5b492dc86ce99bf7c61c734eb364afcdb5c8 ch=56 start_time=2025-09-25T18:04:37.398161+00:00 flow_cell_id=AWX817 basecall_gpu=NVIDIA_Tegra_X2 protocol_group_id=ONT_trialEb_250925 sample_id=ONT_trail_250925 barcode=barcode23 barcode_alias=barcode23 parent_read_id=6c51fc7e-995e-454a-942a-c81248fff641 basecall_model_version_id=dna_r10.4.1_e8.2_400bps_hac@v4.3.0
1	7fa87829-516a-4481-a9ba-8332a8b05b17 runid=0dfb5b492dc86ce99bf7c61c734eb364afcdb5c8 ch=110 start_time=2025-09-25T20:38:11.398161+00:00 flow_cell_id=AWX817 basecall_gpu=NVIDIA_Tegra_X2 protocol_group_id=ONT_trialEb_250925 sample_id=ONT_trail_250925 barcode=barcode22 barcode_alias=barcode22 parent_read_id=7fa87829-516a-4481-a9ba-8332a8b05b17 basecall_model_version_id=dna_r10.4.1_e8.2_400bps_hac@v4.3.0 rc
1	7fa87829-516a-4481-a9ba-8332a8b05b17 runid=0dfb5b492dc86ce99bf7c61c734eb364afcdb5c8 ch=110 start_time=2025-09-25T20:38:11.398161+00:00 flow_cell_id=AWX817 basecall_gpu=NVIDIA_Tegra_X2 protocol_group_id=ONT_trialEb_250925 sample_id=ONT_trail_250925 barcode=barcode22 barcode_alias=barcode22 parent_read_id=7fa87829-516a-4481-a9ba-8332a8b05b17 basecall_model_version_id=dna_r10.4.1_e8.2_400bps_hac@v4.3.0 rc
1	f6688c69-cd97-410c-94e2-0774e04a02e7 runid=0dfb5b492dc86ce99bf7c61c734eb364afcdb5c8 ch=106 start_time=2025-09-25T18:33:36.398161+00:00 flow_cell_id=AWX817 basecall_gpu=NVIDIA_Tegra_X2 protocol_group_id=ONT_trialEb_250925 sample_id=ONT_trail_250925 barcode=barcode22 barcode_alias=barcode22 parent_read_id=f6688c69-cd97-410c-94e2-0774e04a02e7 basecall_model_version_id=dna_r10.4.1_e8.2_400bps_hac@v4.3.0 rc
1	f6688c69-cd97-410c-94e2-0774e04a02e7 runid=0dfb5b492dc86ce99bf7c61c734eb364afcdb5c8 ch=106 start_time=2025-09-25T18:33:36.398161+00:00 flow_cell_id=AWX817 basecall_gpu=NVIDIA_Tegra_X2 protocol_group_id=ONT_trialEb_250925 sample_id=ONT_trail_250925 barcode=barcode22 barcode_alias=barcode22 parent_read_id=f6688c69-cd97-410c-94e2-0774e04a02e7 basecall_model_version_id=dna_r10.4.1_e8.2_400bps_hac@v4.3.0 rc
1	49fa1a42-71a1-452a-a29f-3523116b9977 runid=0dfb5b492dc86ce99bf7c61c734eb364afcdb5c8 ch=94 start_time=2025-09-25T16:30:00.398161+00:00 flow_cell_id=AWX817 basecall_gpu=NVIDIA_Tegra_X2 protocol_group_id=ONT_trialEb_250925 sample_id=ONT_trail_250925 barcode=barcode23 barcode_alias=barcode23 parent_read_id=49fa1a42-71a1-452a-a29f-3523116b9977 basecall_model_version_id=dna_r10.4.1_e8.2_400bps_hac@v4.3.0
1	46e71724-fa97-465b-81d6-afdcd068d48e runid=0dfb5b492dc86ce99bf7c61c734eb364afcdb5c8 ch=93 start_time=2025-09-25T16:21:51.398161+00:00 flow_cell_id=AWX817 basecall_gpu=NVIDIA_Tegra_X2 protocol_group_id=ONT_trialEb_250925 sample_id=ONT_trail_250925 barcode=barcode23 barcode_alias=barcode23 parent_read_id=46e71724-fa97-465b-81d6-afdcd068d48e basecall_model_version_id=dna_r10.4.1_e8.2_400bps_hac@v4.3.0 rc
1	67efc5a0-532a-4358-a670-3082ca33cf0f runid=0dfb5b492dc86ce99bf7c61c734eb364afcdb5c8 ch=118 start_time=2025-09-25T18:35:32.398161+00:00 flow_cell_id=AWX817 basecall_gpu=NVIDIA_Tegra_X2 protocol_group_id=ONT_trialEb_250925 sample_id=ONT_trail_250925 barcode=barcode22 barcode_alias=barcode22 parent_read_id=67efc5a0-532a-4358-a670-3082ca33cf0f basecall_model_version_id=dna_r10.4.1_e8.2_400bps_hac@v4.3.0 rc
1	67efc5a0-532a-4358-a670-3082ca33cf0f runid=0dfb5b492dc86ce99bf7c61c734eb364afcdb5c8 ch=118 start_time=2025-09-25T18:35:32.398161+00:00 flow_cell_id=AWX817 basecall_gpu=NVIDIA_Tegra_X2 protocol_group_id=ONT_trialEb_250925 sample_id=ONT_trail_250925 barcode=barcode22 barcode_alias=barcode22 parent_read_id=67efc5a0-532a-4358-a670-3082ca33cf0f basecall_model_version_id=dna_r10.4.1_e8.2_400bps_hac@v4.3.0 rc
1	551e8fcb-9251-4273-87b5-6e0248291d62 runid=0dfb5b492dc86ce99bf7c61c734eb364afcdb5c8 ch=39 start_time=2025-09-26T01:10:24.398161+00:00 flow_cell_id=AWX817 basecall_gpu=NVIDIA_Tegra_X2 protocol_group_id=ONT_trialEb_250925 sample_id=ONT_trail_250925 barcode=barcode22 barcode_alias=barcode22 parent_read_id=551e8fcb-9251-4273-87b5-6e0248291d62 basecall_model_version_id=dna_r10.4.1_e8.2_400bps_hac@v4.3.0
1	551e8fcb-9251-4273-87b5-6e0248291d62 runid=0dfb5b492dc86ce99bf7c61c734eb364afcdb5c8 ch=39 start_time=2025-09-26T01:10:24.398161+00:00 flow_cell_id=AWX817 basecall_gpu=NVIDIA_Tegra_X2 protocol_group_id=ONT_trialEb_250925 sample_id=ONT_trail_250925 barcode=barcode22 barcode_alias=barcode22 parent_read_id=551e8fcb-9251-4273-87b5-6e0248291d62 basecall_model_version_id=dna_r10.4.1_e8.2_400bps_hac@v4.3.0
1	a13a55a2-b9cc-4731-bad7-c905def961cd runid=0dfb5b492dc86ce99bf7c61c734eb364afcdb5c8 ch=85 start_time=2025-09-26T03:54:07.398161+00:00 flow_cell_id=AWX817 basecall_gpu=NVIDIA_Tegra_X2 protocol_group_id=ONT_trialEb_250925 sample_id=ONT_trail_250925 barcode=barcode22 barcode_alias=barcode22 parent_read_id=a13a55a2-b9cc-4731-bad7-c905def961cd basecall_model_version_id=dna_r10.4.1_e8.2_400bps_hac@v4.3.0
1	a13a55a2-b9cc-4731-bad7-c905def961cd runid=0dfb5b492dc86ce99bf7c61c734eb364afcdb5c8 ch=85 start_time=2025-09-26T03:54:07.398161+00:00 flow_cell_id=AWX817 basecall_gpu=NVIDIA_Tegra_X2 protocol_group_id=ONT_trialEb_250925 sample_id=ONT_trail_250925 barcode=barcode22 barcode_alias=barcode22 parent_read_id=a13a55a2-b9cc-4731-bad7-c905def961cd basecall_model_version_id=dna_r10.4.1_e8.2_400bps_hac@v4.3.0
1	66defed9-e13f-4053-abbb-b65258fa0591 runid=0dfb5b492dc86ce99bf7c61c734eb364afcdb5c8 ch=4 start_time=2025-09-25T16:46:54.398161+00:00 flow_cell_id=AWX817 basecall_gpu=NVIDIA_Tegra_X2 protocol_group_id=ONT_trialEb_250925 sample_id=ONT_trail_250925 barcode=barcode24 barcode_alias=barcode24 parent_read_id=1cf826e5-2f29-4821-9c1d-5ea3e1fe2a49 basecall_model_version_id=dna_r10.4.1_e8.2_400bps_hac@v4.3.0 rc
1	1f3dbb13-4560-4796-896a-fb1005b5e766 runid=0dfb5b492dc86ce99bf7c61c734eb364afcdb5c8 ch=20 start_time=2025-09-25T19:40:58.398161+00:00 flow_cell_id=AWX817 basecall_gpu=NVIDIA_Tegra_X2 protocol_group_id=ONT_trialEb_250925 sample_id=ONT_trail_250925 barcode=barcode22 barcode_alias=barcode22 parent_read_id=1f3dbb13-4560-4796-896a-fb1005b5e766 basecall_model_version_id=dna_r10.4.1_e8.2_400bps_hac@v4.3.0 rc
1	1f3dbb13-4560-4796-896a-fb1005b5e766 runid=0dfb5b492dc86ce99bf7c61c734eb364afcdb5c8 ch=20 start_time=2025-09-25T19:40:58.398161+00:00 flow_cell_id=AWX817 basecall_gpu=NVIDIA_Tegra_X2 protocol_group_id=ONT_trialEb_250925 sample_id=ONT_trail_250925 barcode=barcode22 barcode_alias=barcode22 parent_read_id=1f3dbb13-4560-4796-896a-fb1005b5e766 basecall_model_version_id=dna_r10.4.1_e8.2_400bps_hac@v4.3.0 rc
1	7e10e45d-ba25-4962-bbca-0490815dc59f runid=0dfb5b492dc86ce99bf7c61c734eb364afcdb5c8 ch=44 start_time=2025-09-25T21:44:15.398161+00:00 flow_cell_id=AWX817 basecall_gpu=NVIDIA_Tegra_X2 protocol_group_id=ONT_trialEb_250925 sample_id=ONT_trail_250925 barcode=barcode22 barcode_alias=barcode22 parent_read_id=7e10e45d-ba25-4962-bbca-0490815dc59f basecall_model_version_id=dna_r10.4.1_e8.2_400bps_hac@v4.3.0 rc
1	7e10e45d-ba25-4962-bbca-0490815dc59f runid=0dfb5b492dc86ce99bf7c61c734eb364afcdb5c8 ch=44 start_time=2025-09-25T21:44:15.398161+00:00 flow_cell_id=AWX817 basecall_gpu=NVIDIA_Tegra_X2 protocol_group_id=ONT_trialEb_250925 sample_id=ONT_trail_250925 barcode=barcode22 barcode_alias=barcode22 parent_read_id=7e10e45d-ba25-4962-bbca-0490815dc59f basecall_model_version_id=dna_r10.4.1_e8.2_400bps_hac@v4.3.0 rc
1	6eebdb0e-85d5-4be8-92fe-92b783c69729 runid=0dfb5b492dc86ce99bf7c61c734eb364afcdb5c8 ch=41 start_time=2025-09-25T22:15:58.398161+00:00 flow_cell_id=AWX817 basecall_gpu=NVIDIA_Tegra_X2 protocol_group_id=ONT_trialEb_250925 sample_id=ONT_trail_250925 barcode=barcode24 barcode_alias=barcode24 parent_read_id=6eebdb0e-85d5-4be8-92fe-92b783c69729 basecall_model_version_id=dna_r10.4.1_e8.2_400bps_hac@v4.3.0 rc
1	eb6ede9b-cc27-45e0-826e-0f7f9a3946f9 runid=0dfb5b492dc86ce99bf7c61c734eb364afcdb5c8 ch=77 start_time=2025-09-25T23:40:44.398161+00:00 flow_cell_id=AWX817 basecall_gpu=NVIDIA_Tegra_X2 protocol_group_id=ONT_trialEb_250925 sample_id=ONT_trail_250925 barcode=barcode22 barcode_alias=barcode22 parent_read_id=eb6ede9b-cc27-45e0-826e-0f7f9a3946f9 basecall_model_version_id=dna_r10.4.1_e8.2_400bps_hac@v4.3.0
1	eb6ede9b-cc27-45e0-826e-0f7f9a3946f9 runid=0dfb5b492dc86ce99bf7c61c734eb364afcdb5c8 ch=77 start_time=2025-09-25T23:40:44.398161+00:00 flow_cell_id=AWX817 basecall_gpu=NVIDIA_Tegra_X2 protocol_group_id=ONT_trialEb_250925 sample_id=ONT_trail_250925 barcode=barcode22 barcode_alias=barcode22 parent_read_id=eb6ede9b-cc27-45e0-826e-0f7f9a3946f9 basecall_model_version_id=dna_r10.4.1_e8.2_400bps_hac@v4.3.0
1	9cfb1a64-fb61-4e34-b666-46c25e7675ff runid=0dfb5b492dc86ce99bf7c61c734eb364afcdb5c8 ch=43 start_time=2025-09-25T19:14:04.398161+00:00 flow_cell_id=AWX817 basecall_gpu=NVIDIA_Tegra_X2 protocol_group_id=ONT_trialEb_250925 sample_id=ONT_trail_250925 barcode=barcode22 barcode_alias=barcode22 parent_read_id=9cfb1a64-fb61-4e34-b666-46c25e7675ff basecall_model_version_id=dna_r10.4.1_e8.2_400bps_hac@v4.3.0
1	9cfb1a64-fb61-4e34-b666-46c25e7675ff runid=0dfb5b492dc86ce99bf7c61c734eb364afcdb5c8 ch=43 start_time=2025-09-25T19:14:04.398161+00:00 flow_cell_id=AWX817 basecall_gpu=NVIDIA_Tegra_X2 protocol_group_id=ONT_trialEb_250925 sample_id=ONT_trail_250925 barcode=barcode22 barcode_alias=barcode22 parent_read_id=9cfb1a64-fb61-4e34-b666-46c25e7675ff basecall_model_version_id=dna_r10.4.1_e8.2_400bps_hac@v4.3.0
1	b6025e62-c463-4638-bc3e-0093cf81e2c1 runid=0dfb5b492dc86ce99bf7c61c734eb364afcdb5c8 ch=39 start_time=2025-09-25T19:41:32.398161+00:00 flow_cell_id=AWX817 basecall_gpu=NVIDIA_Tegra_X2 protocol_group_id=ONT_trialEb_250925 sample_id=ONT_trail_250925 barcode=barcode22 barcode_alias=barcode22 parent_read_id=b6025e62-c463-4638-bc3e-0093cf81e2c1 basecall_model_version_id=dna_r10.4.1_e8.2_400bps_hac@v4.3.0 rc
1	b6025e62-c463-4638-bc3e-0093cf81e2c1 runid=0dfb5b492dc86ce99bf7c61c734eb364afcdb5c8 ch=39 start_time=2025-09-25T19:41:32.398161+00:00 flow_cell_id=AWX817 basecall_gpu=NVIDIA_Tegra_X2 protocol_group_id=ONT_trialEb_250925 sample_id=ONT_trail_250925 barcode=barcode22 barcode_alias=barcode22 parent_read_id=b6025e62-c463-4638-bc3e-0093cf81e2c1 basecall_model_version_id=dna_r10.4.1_e8.2_400bps_hac@v4.3.0 rc
1	03d736de-7334-4f99-9981-39ba4f563e0c runid=0dfb5b492dc86ce99bf7c61c734eb364afcdb5c8 ch=94 start_time=2025-09-25T17:59:24.398161+00:00 flow_cell_id=AWX817 basecall_gpu=NVIDIA_Tegra_X2 protocol_group_id=ONT_trialEb_250925 sample_id=ONT_trail_250925 barcode=barcode24 barcode_alias=barcode24 parent_read_id=03d736de-7334-4f99-9981-39ba4f563e0c basecall_model_version_id=dna_r10.4.1_e8.2_400bps_hac@v4.3.0
1	deeccb7a-f870-4d72-b86f-f30611221d8f runid=0dfb5b492dc86ce99bf7c61c734eb364afcdb5c8 ch=92 start_time=2025-09-25T22:15:44.398161+00:00 flow_cell_id=AWX817 basecall_gpu=NVIDIA_Tegra_X2 protocol_group_id=ONT_trialEb_250925 sample_id=ONT_trail_250925 barcode=barcode22 barcode_alias=barcode22 parent_read_id=deeccb7a-f870-4d72-b86f-f30611221d8f basecall_model_version_id=dna_r10.4.1_e8.2_400bps_hac@v4.3.0 rc
1	deeccb7a-f870-4d72-b86f-f30611221d8f runid=0dfb5b492dc86ce99bf7c61c734eb364afcdb5c8 ch=92 start_time=2025-09-25T22:15:44.398161+00:00 flow_cell_id=AWX817 basecall_gpu=NVIDIA_Tegra_X2 protocol_group_id=ONT_trialEb_250925 sample_id=ONT_trail_250925 barcode=barcode22 barcode_alias=barcode22 parent_read_id=deeccb7a-f870-4d72-b86f-f30611221d8f basecall_model_version_id=dna_r10.4.1_e8.2_400bps_hac@v4.3.0 rc
1	9e8a58d5-0970-4054-bce3-b852b0e09028 runid=0dfb5b492dc86ce99bf7c61c734eb364afcdb5c8 ch=79 start_time=2025-09-26T00:47:24.398161+00:00 flow_cell_id=AWX817 basecall_gpu=NVIDIA_Tegra_X2 protocol_group_id=ONT_trialEb_250925 sample_id=ONT_trail_250925 barcode=barcode22 barcode_alias=barcode22 parent_read_id=9e8a58d5-0970-4054-bce3-b852b0e09028 basecall_model_version_id=dna_r10.4.1_e8.2_400bps_hac@v4.3.0 rc
1	9e8a58d5-0970-4054-bce3-b852b0e09028 runid=0dfb5b492dc86ce99bf7c61c734eb364afcdb5c8 ch=79 start_time=2025-09-26T00:47:24.398161+00:00 flow_cell_id=AWX817 basecall_gpu=NVIDIA_Tegra_X2 protocol_group_id=ONT_trialEb_250925 sample_id=ONT_trail_250925 barcode=barcode22 barcode_alias=barcode22 parent_read_id=9e8a58d5-0970-4054-bce3-b852b0e09028 basecall_model_version_id=dna_r10.4.1_e8.2_400bps_hac@v4.3.0 rc
1	5dc88350-115f-45c3-bea6-f1907da56cd7 runid=0dfb5b492dc86ce99bf7c61c734eb364afcdb5c8 ch=55 start_time=2025-09-25T16:20:09.398161+00:00 flow_cell_id=AWX817 basecall_gpu=NVIDIA_Tegra_X2 protocol_group_id=ONT_trialEb_250925 sample_id=ONT_trail_250925 barcode=barcode22 barcode_alias=barcode22 parent_read_id=5dc88350-115f-45c3-bea6-f1907da56cd7 basecall_model_version_id=dna_r10.4.1_e8.2_400bps_hac@v4.3.0 rc
1	5dc88350-115f-45c3-bea6-f1907da56cd7 runid=0dfb5b492dc86ce99bf7c61c734eb364afcdb5c8 ch=55 start_time=2025-09-25T16:20:09.398161+00:00 flow_cell_id=AWX817 basecall_gpu=NVIDIA_Tegra_X2 protocol_group_id=ONT_trialEb_250925 sample_id=ONT_trail_250925 barcode=barcode22 barcode_alias=barcode22 parent_read_id=5dc88350-115f-45c3-bea6-f1907da56cd7 basecall_model_version_id=dna_r10.4.1_e8.2_400bps_hac@v4.3.0 rc
1	c347cf82-78b6-4cd6-8bc3-d0145e617369 runid=0dfb5b492dc86ce99bf7c61c734eb364afcdb5c8 ch=106 start_time=2025-09-25T19:01:51.398161+00:00 flow_cell_id=AWX817 basecall_gpu=NVIDIA_Tegra_X2 protocol_group_id=ONT_trialEb_250925 sample_id=ONT_trail_250925 barcode=barcode22 barcode_alias=barcode22 parent_read_id=c347cf82-78b6-4cd6-8bc3-d0145e617369 basecall_model_version_id=dna_r10.4.1_e8.2_400bps_hac@v4.3.0 rc
1	c347cf82-78b6-4cd6-8bc3-d0145e617369 runid=0dfb5b492dc86ce99bf7c61c734eb364afcdb5c8 ch=106 start_time=2025-09-25T19:01:51.398161+00:00 flow_cell_id=AWX817 basecall_gpu=NVIDIA_Tegra_X2 protocol_group_id=ONT_trialEb_250925 sample_id=ONT_trail_250925 barcode=barcode22 barcode_alias=barcode22 parent_read_id=c347cf82-78b6-4cd6-8bc3-d0145e617369 basecall_model_version_id=dna_r10.4.1_e8.2_400bps_hac@v4.3.0 rc
1	b68bc578-86a4-448b-9699-e4c0abdc6699 runid=0dfb5b492dc86ce99bf7c61c734eb364afcdb5c8 ch=67 start_time=2025-09-25T20:37:38.398161+00:00 flow_cell_id=AWX817 basecall_gpu=NVIDIA_Tegra_X2 protocol_group_id=ONT_trialEb_250925 sample_id=ONT_trail_250925 barcode=barcode22 barcode_alias=barcode22 parent_read_id=b68bc578-86a4-448b-9699-e4c0abdc6699 basecall_model_version_id=dna_r10.4.1_e8.2_400bps_hac@v4.3.0
1	b68bc578-86a4-448b-9699-e4c0abdc6699 runid=0dfb5b492dc86ce99bf7c61c734eb364afcdb5c8 ch=67 start_time=2025-09-25T20:37:38.398161+00:00 flow_cell_id=AWX817 basecall_gpu=NVIDIA_Tegra_X2 protocol_group_id=ONT_trialEb_250925 sample_id=ONT_trail_250925 barcode=barcode22 barcode_alias=barcode22 parent_read_id=b68bc578-86a4-448b-9699-e4c0abdc6699 basecall_model_version_id=dna_r10.4.1_e8.2_400bps_hac@v4.3.0
2	e5259eb5-4193-4f2c-af8c-962eff32dc5e runid=0dfb5b492dc86ce99bf7c61c734eb364afcdb5c8 ch=4 start_time=2025-09-25T21:08:53.398161+00:00 flow_cell_id=AWX817 basecall_gpu=NVIDIA_Tegra_X2 protocol_group_id=ONT_trialEb_250925 sample_id=ONT_trail_250925 barcode=barcode22 barcode_alias=barcode22 parent_read_id=e5259eb5-4193-4f2c-af8c-962eff32dc5e basecall_model_version_id=dna_r10.4.1_e8.2_400bps_hac@v4.3.0 rc
2	e5259eb5-4193-4f2c-af8c-962eff32dc5e runid=0dfb5b492dc86ce99bf7c61c734eb364afcdb5c8 ch=4 start_time=2025-09-25T21:08:53.398161+00:00 flow_cell_id=AWX817 basecall_gpu=NVIDIA_Tegra_X2 protocol_group_id=ONT_trialEb_250925 sample_id=ONT_trail_250925 barcode=barcode22 barcode_alias=barcode22 parent_read_id=e5259eb5-4193-4f2c-af8c-962eff32dc5e basecall_model_version_id=dna_r10.4.1_e8.2_400bps_hac@v4.3.0 rc
2	3b712f1b-59b8-49bc-ae2d-4771c68bc2a7 runid=0dfb5b492dc86ce99bf7c61c734eb364afcdb5c8 ch=58 start_time=2025-09-25T18:10:39.398161+00:00 flow_cell_id=AWX817 basecall_gpu=NVIDIA_Tegra_X2 protocol_group_id=ONT_trialEb_250925 sample_id=ONT_trail_250925 barcode=barcode22 barcode_alias=barcode22 parent_read_id=3b712f1b-59b8-49bc-ae2d-4771c68bc2a7 basecall_model_version_id=dna_r10.4.1_e8.2_400bps_hac@v4.3.0 rc
2	3b712f1b-59b8-49bc-ae2d-4771c68bc2a7 runid=0dfb5b492dc86ce99bf7c61c734eb364afcdb5c8 ch=58 start_time=2025-09-25T18:10:39.398161+00:00 flow_cell_id=AWX817 basecall_gpu=NVIDIA_Tegra_X2 protocol_group_id=ONT_trialEb_250925 sample_id=ONT_trail_250925 barcode=barcode22 barcode_alias=barcode22 parent_read_id=3b712f1b-59b8-49bc-ae2d-4771c68bc2a7 basecall_model_version_id=dna_r10.4.1_e8.2_400bps_hac@v4.3.0 rc
2	bb17e735-1c2a-4d8b-bfda-adc43bbaf9af runid=0dfb5b492dc86ce99bf7c61c734eb364afcdb5c8 ch=40 start_time=2025-09-25T15:51:44.398161+00:00 flow_cell_id=AWX817 basecall_gpu=NVIDIA_Tegra_X2 protocol_group_id=ONT_trialEb_250925 sample_id=ONT_trail_250925 barcode=barcode23 barcode_alias=barcode23 parent_read_id=bb17e735-1c2a-4d8b-bfda-adc43bbaf9af basecall_model_version_id=dna_r10.4.1_e8.2_400bps_hac@v4.3.0 rc
2	22e96170-142a-4e13-8e82-143176e98d93 runid=0dfb5b492dc86ce99bf7c61c734eb364afcdb5c8 ch=44 start_time=2025-09-25T17:56:14.398161+00:00 flow_cell_id=AWX817 basecall_gpu=NVIDIA_Tegra_X2 protocol_group_id=ONT_trialEb_250925 sample_id=ONT_trail_250925 barcode=barcode22 barcode_alias=barcode22 parent_read_id=22e96170-142a-4e13-8e82-143176e98d93 basecall_model_version_id=dna_r10.4.1_e8.2_400bps_hac@v4.3.0
2	22e96170-142a-4e13-8e82-143176e98d93 runid=0dfb5b492dc86ce99bf7c61c734eb364afcdb5c8 ch=44 start_time=2025-09-25T17:56:14.398161+00:00 flow_cell_id=AWX817 basecall_gpu=NVIDIA_Tegra_X2 protocol_group_id=ONT_trialEb_250925 sample_id=ONT_trail_250925 barcode=barcode22 barcode_alias=barcode22 parent_read_id=22e96170-142a-4e13-8e82-143176e98d93 basecall_model_version_id=dna_r10.4.1_e8.2_400bps_hac@v4.3.0
2	5fd1d820-3dad-4a65-be8e-17ddd576b1ac runid=0dfb5b492dc86ce99bf7c61c734eb364afcdb5c8 ch=94 start_time=2025-09-25T16:03:29.398161+00:00 flow_cell_id=AWX817 basecall_gpu=NVIDIA_Tegra_X2 protocol_group_id=ONT_trialEb_250925 sample_id=ONT_trail_250925 barcode=barcode23 barcode_alias=barcode23 parent_read_id=5fd1d820-3dad-4a65-be8e-17ddd576b1ac basecall_model_version_id=dna_r10.4.1_e8.2_400bps_hac@v4.3.0 rc
2	d28c97ac-0d30-43c2-a311-fb297b3e32ab runid=0dfb5b492dc86ce99bf7c61c734eb364afcdb5c8 ch=49 start_time=2025-09-25T17:32:11.398161+00:00 flow_cell_id=AWX817 basecall_gpu=NVIDIA_Tegra_X2 protocol_group_id=ONT_trialEb_250925 sample_id=ONT_trail_250925 barcode=barcode22 barcode_alias=barcode22 parent_read_id=d28c97ac-0d30-43c2-a311-fb297b3e32ab basecall_model_version_id=dna_r10.4.1_e8.2_400bps_hac@v4.3.0 rc
2	d28c97ac-0d30-43c2-a311-fb297b3e32ab runid=0dfb5b492dc86ce99bf7c61c734eb364afcdb5c8 ch=49 start_time=2025-09-25T17:32:11.398161+00:00 flow_cell_id=AWX817 basecall_gpu=NVIDIA_Tegra_X2 protocol_group_id=ONT_trialEb_250925 sample_id=ONT_trail_250925 barcode=barcode22 barcode_alias=barcode22 parent_read_id=d28c97ac-0d30-43c2-a311-fb297b3e32ab basecall_model_version_id=dna_r10.4.1_e8.2_400bps_hac@v4.3.0 rc
2	52a51903-ed81-42f6-9b3e-83e936ebddf0 runid=0dfb5b492dc86ce99bf7c61c734eb364afcdb5c8 ch=40 start_time=2025-09-25T17:43:52.398161+00:00 flow_cell_id=AWX817 basecall_gpu=NVIDIA_Tegra_X2 protocol_group_id=ONT_trialEb_250925 sample_id=ONT_trail_250925 barcode=barcode23 barcode_alias=barcode23 parent_read_id=52a51903-ed81-42f6-9b3e-83e936ebddf0 basecall_model_version_id=dna_r10.4.1_e8.2_400bps_hac@v4.3.0 rc
2	d04fe017-e5e0-4a3a-9036-229f86c67376 runid=0dfb5b492dc86ce99bf7c61c734eb364afcdb5c8 ch=93 start_time=2025-09-25T19:20:34.398161+00:00 flow_cell_id=AWX817 basecall_gpu=NVIDIA_Tegra_X2 protocol_group_id=ONT_trialEb_250925 sample_id=ONT_trail_250925 barcode=barcode22 barcode_alias=barcode22 parent_read_id=d04fe017-e5e0-4a3a-9036-229f86c67376 basecall_model_version_id=dna_r10.4.1_e8.2_400bps_hac@v4.3.0
2	d04fe017-e5e0-4a3a-9036-229f86c67376 runid=0dfb5b492dc86ce99bf7c61c734eb364afcdb5c8 ch=93 start_time=2025-09-25T19:20:34.398161+00:00 flow_cell_id=AWX817 basecall_gpu=NVIDIA_Tegra_X2 protocol_group_id=ONT_trialEb_250925 sample_id=ONT_trail_250925 barcode=barcode22 barcode_alias=barcode22 parent_read_id=d04fe017-e5e0-4a3a-9036-229f86c67376 basecall_model_version_id=dna_r10.4.1_e8.2_400bps_hac@v4.3.0
2	39a91d1f-a74d-43ea-954b-220d2478925e runid=0dfb5b492dc86ce99bf7c61c734eb364afcdb5c8 ch=110 start_time=2025-09-25T17:58:39.398161+00:00 flow_cell_id=AWX817 basecall_gpu=NVIDIA_Tegra_X2 protocol_group_id=ONT_trialEb_250925 sample_id=ONT_trail_250925 barcode=barcode22 barcode_alias=barcode22 parent_read_id=39a91d1f-a74d-43ea-954b-220d2478925e basecall_model_version_id=dna_r10.4.1_e8.2_400bps_hac@v4.3.0
2	39a91d1f-a74d-43ea-954b-220d2478925e runid=0dfb5b492dc86ce99bf7c61c734eb364afcdb5c8 ch=110 start_time=2025-09-25T17:58:39.398161+00:00 flow_cell_id=AWX817 basecall_gpu=NVIDIA_Tegra_X2 protocol_group_id=ONT_trialEb_250925 sample_id=ONT_trail_250925 barcode=barcode22 barcode_alias=barcode22 parent_read_id=39a91d1f-a74d-43ea-954b-220d2478925e basecall_model_version_id=dna_r10.4.1_e8.2_400bps_hac@v4.3.0
2	3ace3b7e-4c5d-46d5-a703-9589b0fcbf42 runid=0dfb5b492dc86ce99bf7c61c734eb364afcdb5c8 ch=39 start_time=2025-09-25T17:55:00.398161+00:00 flow_cell_id=AWX817 basecall_gpu=NVIDIA_Tegra_X2 protocol_group_id=ONT_trialEb_250925 sample_id=ONT_trail_250925 barcode=barcode22 barcode_alias=barcode22 parent_read_id=3ace3b7e-4c5d-46d5-a703-9589b0fcbf42 basecall_model_version_id=dna_r10.4.1_e8.2_400bps_hac@v4.3.0
2	3ace3b7e-4c5d-46d5-a703-9589b0fcbf42 runid=0dfb5b492dc86ce99bf7c61c734eb364afcdb5c8 ch=39 start_time=2025-09-25T17:55:00.398161+00:00 flow_cell_id=AWX817 basecall_gpu=NVIDIA_Tegra_X2 protocol_group_id=ONT_trialEb_250925 sample_id=ONT_trail_250925 barcode=barcode22 barcode_alias=barcode22 parent_read_id=3ace3b7e-4c5d-46d5-a703-9589b0fcbf42 basecall_model_version_id=dna_r10.4.1_e8.2_400bps_hac@v4.3.0
2	fd5a875a-32ab-4867-82b0-501ccbea365d runid=0dfb5b492dc86ce99bf7c61c734eb364afcdb5c8 ch=110 start_time=2025-09-25T18:08:12.398161+00:00 flow_cell_id=AWX817 basecall_gpu=NVIDIA_Tegra_X2 protocol_group_id=ONT_trialEb_250925 sample_id=ONT_trail_250925 barcode=barcode23 barcode_alias=barcode23 parent_read_id=fd5a875a-32ab-4867-82b0-501ccbea365d basecall_model_version_id=dna_r10.4.1_e8.2_400bps_hac@v4.3.0 rc
2	752f8ab7-132a-40d5-a0b5-56b5c06c69b6 runid=0dfb5b492dc86ce99bf7c61c734eb364afcdb5c8 ch=39 start_time=2025-09-26T02:14:58.398161+00:00 flow_cell_id=AWX817 basecall_gpu=NVIDIA_Tegra_X2 protocol_group_id=ONT_trialEb_250925 sample_id=ONT_trail_250925 barcode=barcode23 barcode_alias=barcode23 parent_read_id=752f8ab7-132a-40d5-a0b5-56b5c06c69b6 basecall_model_version_id=dna_r10.4.1_e8.2_400bps_hac@v4.3.0 rc
2	b5370ea4-6234-4fc6-b1db-5ef9ad06193d runid=0dfb5b492dc86ce99bf7c61c734eb364afcdb5c8 ch=44 start_time=2025-09-26T05:32:18.398161+00:00 flow_cell_id=AWX817 basecall_gpu=NVIDIA_Tegra_X2 protocol_group_id=ONT_trialEb_250925 sample_id=ONT_trail_250925 barcode=barcode22 barcode_alias=barcode22 parent_read_id=b5370ea4-6234-4fc6-b1db-5ef9ad06193d basecall_model_version_id=dna_r10.4.1_e8.2_400bps_hac@v4.3.0
2	b5370ea4-6234-4fc6-b1db-5ef9ad06193d runid=0dfb5b492dc86ce99bf7c61c734eb364afcdb5c8 ch=44 start_time=2025-09-26T05:32:18.398161+00:00 flow_cell_id=AWX817 basecall_gpu=NVIDIA_Tegra_X2 protocol_group_id=ONT_trialEb_250925 sample_id=ONT_trail_250925 barcode=barcode22 barcode_alias=barcode22 parent_read_id=b5370ea4-6234-4fc6-b1db-5ef9ad06193d basecall_model_version_id=dna_r10.4.1_e8.2_400bps_hac@v4.3.0
2	1360f3f3-fd83-4452-915c-829945de65ad runid=0dfb5b492dc86ce99bf7c61c734eb364afcdb5c8 ch=108 start_time=2025-09-25T17:06:50.398161+00:00 flow_cell_id=AWX817 basecall_gpu=NVIDIA_Tegra_X2 protocol_group_id=ONT_trialEb_250925 sample_id=ONT_trail_250925 barcode=barcode22 barcode_alias=barcode22 parent_read_id=1360f3f3-fd83-4452-915c-829945de65ad basecall_model_version_id=dna_r10.4.1_e8.2_400bps_hac@v4.3.0 rc
2	1360f3f3-fd83-4452-915c-829945de65ad runid=0dfb5b492dc86ce99bf7c61c734eb364afcdb5c8 ch=108 start_time=2025-09-25T17:06:50.398161+00:00 flow_cell_id=AWX817 basecall_gpu=NVIDIA_Tegra_X2 protocol_group_id=ONT_trialEb_250925 sample_id=ONT_trail_250925 barcode=barcode22 barcode_alias=barcode22 parent_read_id=1360f3f3-fd83-4452-915c-829945de65ad basecall_model_version_id=dna_r10.4.1_e8.2_400bps_hac@v4.3.0 rc
2	bea2a29f-d697-4922-90df-3301e7531d4a runid=0dfb5b492dc86ce99bf7c61c734eb364afcdb5c8 ch=41 start_time=2025-09-25T19:22:38.398161+00:00 flow_cell_id=AWX817 basecall_gpu=NVIDIA_Tegra_X2 protocol_group_id=ONT_trialEb_250925 sample_id=ONT_trail_250925 barcode=barcode22 barcode_alias=barcode22 parent_read_id=bea2a29f-d697-4922-90df-3301e7531d4a basecall_model_version_id=dna_r10.4.1_e8.2_400bps_hac@v4.3.0 rc
2	bea2a29f-d697-4922-90df-3301e7531d4a runid=0dfb5b492dc86ce99bf7c61c734eb364afcdb5c8 ch=41 start_time=2025-09-25T19:22:38.398161+00:00 flow_cell_id=AWX817 basecall_gpu=NVIDIA_Tegra_X2 protocol_group_id=ONT_trialEb_250925 sample_id=ONT_trail_250925 barcode=barcode22 barcode_alias=barcode22 parent_read_id=bea2a29f-d697-4922-90df-3301e7531d4a basecall_model_version_id=dna_r10.4.1_e8.2_400bps_hac@v4.3.0 rc
2	46c02f8c-215c-4cf0-8107-0a5c918c29d7 runid=0dfb5b492dc86ce99bf7c61c734eb364afcdb5c8 ch=40 start_time=2025-09-25T18:45:32.398161+00:00 flow_cell_id=AWX817 basecall_gpu=NVIDIA_Tegra_X2 protocol_group_id=ONT_trialEb_250925 sample_id=ONT_trail_250925 barcode=barcode22 barcode_alias=barcode22 parent_read_id=46c02f8c-215c-4cf0-8107-0a5c918c29d7 basecall_model_version_id=dna_r10.4.1_e8.2_400bps_hac@v4.3.0 rc
2	46c02f8c-215c-4cf0-8107-0a5c918c29d7 runid=0dfb5b492dc86ce99bf7c61c734eb364afcdb5c8 ch=40 start_time=2025-09-25T18:45:32.398161+00:00 flow_cell_id=AWX817 basecall_gpu=NVIDIA_Tegra_X2 protocol_group_id=ONT_trialEb_250925 sample_id=ONT_trail_250925 barcode=barcode22 barcode_alias=barcode22 parent_read_id=46c02f8c-215c-4cf0-8107-0a5c918c29d7 basecall_model_version_id=dna_r10.4.1_e8.2_400bps_hac@v4.3.0 rc
2	b0460a79-11ad-4e8f-b72e-17c0f1be923c runid=0dfb5b492dc86ce99bf7c61c734eb364afcdb5c8 ch=15 start_time=2025-09-25T18:38:30.398161+00:00 flow_cell_id=AWX817 basecall_gpu=NVIDIA_Tegra_X2 protocol_group_id=ONT_trialEb_250925 sample_id=ONT_trail_250925 barcode=barcode23 barcode_alias=barcode23 parent_read_id=b836a996-7145-4976-8472-6e143deae635 basecall_model_version_id=dna_r10.4.1_e8.2_400bps_hac@v4.3.0
2	f1d39615-ff54-4dcf-8954-6b262f3164da runid=0dfb5b492dc86ce99bf7c61c734eb364afcdb5c8 ch=44 start_time=2025-09-26T05:21:08.398161+00:00 flow_cell_id=AWX817 basecall_gpu=NVIDIA_Tegra_X2 protocol_group_id=ONT_trialEb_250925 sample_id=ONT_trail_250925 barcode=barcode23 barcode_alias=barcode23 parent_read_id=f1d39615-ff54-4dcf-8954-6b262f3164da basecall_model_version_id=dna_r10.4.1_e8.2_400bps_hac@v4.3.0
2	d9b09f9d-a2e3-423b-9154-3691b4f0d3ef runid=0dfb5b492dc86ce99bf7c61c734eb364afcdb5c8 ch=40 start_time=2025-09-25T15:51:47.398161+00:00 flow_cell_id=AWX817 basecall_gpu=NVIDIA_Tegra_X2 protocol_group_id=ONT_trialEb_250925 sample_id=ONT_trail_250925 barcode=barcode23 barcode_alias=barcode23 parent_read_id=d9b09f9d-a2e3-423b-9154-3691b4f0d3ef basecall_model_version_id=dna_r10.4.1_e8.2_400bps_hac@v4.3.0
2	f0f46b74-b199-437a-ac56-d7aa1f70df03 runid=0dfb5b492dc86ce99bf7c61c734eb364afcdb5c8 ch=44 start_time=2025-09-25T22:18:11.398161+00:00 flow_cell_id=AWX817 basecall_gpu=NVIDIA_Tegra_X2 protocol_group_id=ONT_trialEb_250925 sample_id=ONT_trail_250925 barcode=barcode22 barcode_alias=barcode22 parent_read_id=f0f46b74-b199-437a-ac56-d7aa1f70df03 basecall_model_version_id=dna_r10.4.1_e8.2_400bps_hac@v4.3.0 rc
2	f0f46b74-b199-437a-ac56-d7aa1f70df03 runid=0dfb5b492dc86ce99bf7c61c734eb364afcdb5c8 ch=44 start_time=2025-09-25T22:18:11.398161+00:00 flow_cell_id=AWX817 basecall_gpu=NVIDIA_Tegra_X2 protocol_group_id=ONT_trialEb_250925 sample_id=ONT_trail_250925 barcode=barcode22 barcode_alias=barcode22 parent_read_id=f0f46b74-b199-437a-ac56-d7aa1f70df03 basecall_model_version_id=dna_r10.4.1_e8.2_400bps_hac@v4.3.0 rc
2	f7d54e7e-2abe-43dd-b9da-595ac488892e runid=0dfb5b492dc86ce99bf7c61c734eb364afcdb5c8 ch=79 start_time=2025-09-25T16:25:09.398161+00:00 flow_cell_id=AWX817 basecall_gpu=NVIDIA_Tegra_X2 protocol_group_id=ONT_trialEb_250925 sample_id=ONT_trail_250925 barcode=barcode23 barcode_alias=barcode23 parent_read_id=f7d54e7e-2abe-43dd-b9da-595ac488892e basecall_model_version_id=dna_r10.4.1_e8.2_400bps_hac@v4.3.0
2	e8140610-5734-41f6-b303-466cd54a74a2 runid=0dfb5b492dc86ce99bf7c61c734eb364afcdb5c8 ch=91 start_time=2025-09-25T18:32:51.398161+00:00 flow_cell_id=AWX817 basecall_gpu=NVIDIA_Tegra_X2 protocol_group_id=ONT_trialEb_250925 sample_id=ONT_trail_250925 barcode=barcode23 barcode_alias=barcode23 parent_read_id=e8140610-5734-41f6-b303-466cd54a74a2 basecall_model_version_id=dna_r10.4.1_e8.2_400bps_hac@v4.3.0 rc
2	107cba16-4383-4031-82f9-71f2168c9c30 runid=0dfb5b492dc86ce99bf7c61c734eb364afcdb5c8 ch=20 start_time=2025-09-25T21:52:06.398161+00:00 flow_cell_id=AWX817 basecall_gpu=NVIDIA_Tegra_X2 protocol_group_id=ONT_trialEb_250925 sample_id=ONT_trail_250925 barcode=barcode22 barcode_alias=barcode22 parent_read_id=107cba16-4383-4031-82f9-71f2168c9c30 basecall_model_version_id=dna_r10.4.1_e8.2_400bps_hac@v4.3.0 rc
2	107cba16-4383-4031-82f9-71f2168c9c30 runid=0dfb5b492dc86ce99bf7c61c734eb364afcdb5c8 ch=20 start_time=2025-09-25T21:52:06.398161+00:00 flow_cell_id=AWX817 basecall_gpu=NVIDIA_Tegra_X2 protocol_group_id=ONT_trialEb_250925 sample_id=ONT_trail_250925 barcode=barcode22 barcode_alias=barcode22 parent_read_id=107cba16-4383-4031-82f9-71f2168c9c30 basecall_model_version_id=dna_r10.4.1_e8.2_400bps_hac@v4.3.0 rc
2	5c974bc0-b263-4b26-9491-7f09f96824bf runid=0dfb5b492dc86ce99bf7c61c734eb364afcdb5c8 ch=85 start_time=2025-09-25T23:44:32.398161+00:00 flow_cell_id=AWX817 basecall_gpu=NVIDIA_Tegra_X2 protocol_group_id=ONT_trialEb_250925 sample_id=ONT_trail_250925 barcode=barcode23 barcode_alias=barcode23 parent_read_id=5c974bc0-b263-4b26-9491-7f09f96824bf basecall_model_version_id=dna_r10.4.1_e8.2_400bps_hac@v4.3.0 rc
2	912aa9ae-a8db-400c-9059-7a9f456d56b5 runid=0dfb5b492dc86ce99bf7c61c734eb364afcdb5c8 ch=20 start_time=2025-09-26T03:34:46.398161+00:00 flow_cell_id=AWX817 basecall_gpu=NVIDIA_Tegra_X2 protocol_group_id=ONT_trialEb_250925 sample_id=ONT_trail_250925 barcode=barcode22 barcode_alias=barcode22 parent_read_id=912aa9ae-a8db-400c-9059-7a9f456d56b5 basecall_model_version_id=dna_r10.4.1_e8.2_400bps_hac@v4.3.0 rc
2	912aa9ae-a8db-400c-9059-7a9f456d56b5 runid=0dfb5b492dc86ce99bf7c61c734eb364afcdb5c8 ch=20 start_time=2025-09-26T03:34:46.398161+00:00 flow_cell_id=AWX817 basecall_gpu=NVIDIA_Tegra_X2 protocol_group_id=ONT_trialEb_250925 sample_id=ONT_trail_250925 barcode=barcode22 barcode_alias=barcode22 parent_read_id=912aa9ae-a8db-400c-9059-7a9f456d56b5 basecall_model_version_id=dna_r10.4.1_e8.2_400bps_hac@v4.3.0 rc
2	a4b6d5b2-2e2f-4f15-b7c9-0b47912608b4 runid=0dfb5b492dc86ce99bf7c61c734eb364afcdb5c8 ch=108 start_time=2025-09-25T16:35:10.398161+00:00 flow_cell_id=AWX817 basecall_gpu=NVIDIA_Tegra_X2 protocol_group_id=ONT_trialEb_250925 sample_id=ONT_trail_250925 barcode=barcode22 barcode_alias=barcode22 parent_read_id=a4b6d5b2-2e2f-4f15-b7c9-0b47912608b4 basecall_model_version_id=dna_r10.4.1_e8.2_400bps_hac@v4.3.0 rc
2	a4b6d5b2-2e2f-4f15-b7c9-0b47912608b4 runid=0dfb5b492dc86ce99bf7c61c734eb364afcdb5c8 ch=108 start_time=2025-09-25T16:35:10.398161+00:00 flow_cell_id=AWX817 basecall_gpu=NVIDIA_Tegra_X2 protocol_group_id=ONT_trialEb_250925 sample_id=ONT_trail_250925 barcode=barcode22 barcode_alias=barcode22 parent_read_id=a4b6d5b2-2e2f-4f15-b7c9-0b47912608b4 basecall_model_version_id=dna_r10.4.1_e8.2_400bps_hac@v4.3.0 rc
2	08ff8877-7843-4503-aeb4-44756abd4f5f runid=0dfb5b492dc86ce99bf7c61c734eb364afcdb5c8 ch=15 start_time=2025-09-25T19:52:35.398161+00:00 flow_cell_id=AWX817 basecall_gpu=NVIDIA_Tegra_X2 protocol_group_id=ONT_trialEb_250925 sample_id=ONT_trail_250925 barcode=barcode22 barcode_alias=barcode22 parent_read_id=08ff8877-7843-4503-aeb4-44756abd4f5f basecall_model_version_id=dna_r10.4.1_e8.2_400bps_hac@v4.3.0 rc
2	08ff8877-7843-4503-aeb4-44756abd4f5f runid=0dfb5b492dc86ce99bf7c61c734eb364afcdb5c8 ch=15 start_time=2025-09-25T19:52:35.398161+00:00 flow_cell_id=AWX817 basecall_gpu=NVIDIA_Tegra_X2 protocol_group_id=ONT_trialEb_250925 sample_id=ONT_trail_250925 barcode=barcode22 barcode_alias=barcode22 parent_read_id=08ff8877-7843-4503-aeb4-44756abd4f5f basecall_model_version_id=dna_r10.4.1_e8.2_400bps_hac@v4.3.0 rc
2	5bca1728-5493-43c8-b643-43141f975b14 runid=0dfb5b492dc86ce99bf7c61c734eb364afcdb5c8 ch=58 start_time=2025-09-25T22:35:48.398161+00:00 flow_cell_id=AWX817 basecall_gpu=NVIDIA_Tegra_X2 protocol_group_id=ONT_trialEb_250925 sample_id=ONT_trail_250925 barcode=barcode22 barcode_alias=barcode22 parent_read_id=5bca1728-5493-43c8-b643-43141f975b14 basecall_model_version_id=dna_r10.4.1_e8.2_400bps_hac@v4.3.0
2	5bca1728-5493-43c8-b643-43141f975b14 runid=0dfb5b492dc86ce99bf7c61c734eb364afcdb5c8 ch=58 start_time=2025-09-25T22:35:48.398161+00:00 flow_cell_id=AWX817 basecall_gpu=NVIDIA_Tegra_X2 protocol_group_id=ONT_trialEb_250925 sample_id=ONT_trail_250925 barcode=barcode22 barcode_alias=barcode22 parent_read_id=5bca1728-5493-43c8-b643-43141f975b14 basecall_model_version_id=dna_r10.4.1_e8.2_400bps_hac@v4.3.0
2	d03f53af-c37d-40e5-8bbf-f24023e5c1cc runid=0dfb5b492dc86ce99bf7c61c734eb364afcdb5c8 ch=44 start_time=2025-09-25T18:03:42.398161+00:00 flow_cell_id=AWX817 basecall_gpu=NVIDIA_Tegra_X2 protocol_group_id=ONT_trialEb_250925 sample_id=ONT_trail_250925 barcode=barcode23 barcode_alias=barcode23 parent_read_id=d03f53af-c37d-40e5-8bbf-f24023e5c1cc basecall_model_version_id=dna_r10.4.1_e8.2_400bps_hac@v4.3.0
2	e8424c7a-c4c6-4554-8030-ad82c248f17f runid=0dfb5b492dc86ce99bf7c61c734eb364afcdb5c8 ch=110 start_time=2025-09-25T21:24:57.398161+00:00 flow_cell_id=AWX817 basecall_gpu=NVIDIA_Tegra_X2 protocol_group_id=ONT_trialEb_250925 sample_id=ONT_trail_250925 barcode=barcode24 barcode_alias=barcode24 parent_read_id=e8424c7a-c4c6-4554-8030-ad82c248f17f basecall_model_version_id=dna_r10.4.1_e8.2_400bps_hac@v4.3.0
2	88d67851-290e-4252-89d1-db25dbb9d028 runid=0dfb5b492dc86ce99bf7c61c734eb364afcdb5c8 ch=40 start_time=2025-09-25T17:33:43.398161+00:00 flow_cell_id=AWX817 basecall_gpu=NVIDIA_Tegra_X2 protocol_group_id=ONT_trialEb_250925 sample_id=ONT_trail_250925 barcode=barcode22 barcode_alias=barcode22 parent_read_id=88d67851-290e-4252-89d1-db25dbb9d028 basecall_model_version_id=dna_r10.4.1_e8.2_400bps_hac@v4.3.0
2	88d67851-290e-4252-89d1-db25dbb9d028 runid=0dfb5b492dc86ce99bf7c61c734eb364afcdb5c8 ch=40 start_time=2025-09-25T17:33:43.398161+00:00 flow_cell_id=AWX817 basecall_gpu=NVIDIA_Tegra_X2 protocol_group_id=ONT_trialEb_250925 sample_id=ONT_trail_250925 barcode=barcode22 barcode_alias=barcode22 parent_read_id=88d67851-290e-4252-89d1-db25dbb9d028 basecall_model_version_id=dna_r10.4.1_e8.2_400bps_hac@v4.3.0
2	81c0b782-17c0-4792-93d7-be2bd148536c runid=0dfb5b492dc86ce99bf7c61c734eb364afcdb5c8 ch=44 start_time=2025-09-25T21:29:42.398161+00:00 flow_cell_id=AWX817 basecall_gpu=NVIDIA_Tegra_X2 protocol_group_id=ONT_trialEb_250925 sample_id=ONT_trail_250925 barcode=barcode23 barcode_alias=barcode23 parent_read_id=81c0b782-17c0-4792-93d7-be2bd148536c basecall_model_version_id=dna_r10.4.1_e8.2_400bps_hac@v4.3.0
2	a0727c9d-58b8-406b-9033-b74e9b757044 runid=0dfb5b492dc86ce99bf7c61c734eb364afcdb5c8 ch=4 start_time=2025-09-25T16:40:11.398161+00:00 flow_cell_id=AWX817 basecall_gpu=NVIDIA_Tegra_X2 protocol_group_id=ONT_trialEb_250925 sample_id=ONT_trail_250925 barcode=barcode23 barcode_alias=barcode23 parent_read_id=a0727c9d-58b8-406b-9033-b74e9b757044 basecall_model_version_id=dna_r10.4.1_e8.2_400bps_hac@v4.3.0
2	d979da40-11be-4321-9b70-51139272256e runid=0dfb5b492dc86ce99bf7c61c734eb364afcdb5c8 ch=40 start_time=2025-09-25T20:22:13.398161+00:00 flow_cell_id=AWX817 basecall_gpu=NVIDIA_Tegra_X2 protocol_group_id=ONT_trialEb_250925 sample_id=ONT_trail_250925 barcode=barcode22 barcode_alias=barcode22 parent_read_id=d979da40-11be-4321-9b70-51139272256e basecall_model_version_id=dna_r10.4.1_e8.2_400bps_hac@v4.3.0
2	d979da40-11be-4321-9b70-51139272256e runid=0dfb5b492dc86ce99bf7c61c734eb364afcdb5c8 ch=40 start_time=2025-09-25T20:22:13.398161+00:00 flow_cell_id=AWX817 basecall_gpu=NVIDIA_Tegra_X2 protocol_group_id=ONT_trialEb_250925 sample_id=ONT_trail_250925 barcode=barcode22 barcode_alias=barcode22 parent_read_id=d979da40-11be-4321-9b70-51139272256e basecall_model_version_id=dna_r10.4.1_e8.2_400bps_hac@v4.3.0
2	6b11bb78-8b09-467f-bbbe-edd71ba3f8f3 runid=0dfb5b492dc86ce99bf7c61c734eb364afcdb5c8 ch=43 start_time=2025-09-25T17:06:39.398161+00:00 flow_cell_id=AWX817 basecall_gpu=NVIDIA_Tegra_X2 protocol_group_id=ONT_trialEb_250925 sample_id=ONT_trail_250925 barcode=barcode23 barcode_alias=barcode23 parent_read_id=8d94e816-10d2-4d06-8c6a-374325cc2faa basecall_model_version_id=dna_r10.4.1_e8.2_400bps_hac@v4.3.0
2	70c9aa6f-23e6-4729-b878-ee17c63ebf4f runid=0dfb5b492dc86ce99bf7c61c734eb364afcdb5c8 ch=39 start_time=2025-09-25T18:05:28.398161+00:00 flow_cell_id=AWX817 basecall_gpu=NVIDIA_Tegra_X2 protocol_group_id=ONT_trialEb_250925 sample_id=ONT_trail_250925 barcode=barcode22 barcode_alias=barcode22 parent_read_id=70c9aa6f-23e6-4729-b878-ee17c63ebf4f basecall_model_version_id=dna_r10.4.1_e8.2_400bps_hac@v4.3.0
2	70c9aa6f-23e6-4729-b878-ee17c63ebf4f runid=0dfb5b492dc86ce99bf7c61c734eb364afcdb5c8 ch=39 start_time=2025-09-25T18:05:28.398161+00:00 flow_cell_id=AWX817 basecall_gpu=NVIDIA_Tegra_X2 protocol_group_id=ONT_trialEb_250925 sample_id=ONT_trail_250925 barcode=barcode22 barcode_alias=barcode22 parent_read_id=70c9aa6f-23e6-4729-b878-ee17c63ebf4f basecall_model_version_id=dna_r10.4.1_e8.2_400bps_hac@v4.3.0
2	18777e28-29a0-471e-a345-b8ab325650ee runid=0dfb5b492dc86ce99bf7c61c734eb364afcdb5c8 ch=5 start_time=2025-09-25T20:20:34.398161+00:00 flow_cell_id=AWX817 basecall_gpu=NVIDIA_Tegra_X2 protocol_group_id=ONT_trialEb_250925 sample_id=ONT_trail_250925 barcode=barcode22 barcode_alias=barcode22 parent_read_id=18777e28-29a0-471e-a345-b8ab325650ee basecall_model_version_id=dna_r10.4.1_e8.2_400bps_hac@v4.3.0 rc
2	18777e28-29a0-471e-a345-b8ab325650ee runid=0dfb5b492dc86ce99bf7c61c734eb364afcdb5c8 ch=5 start_time=2025-09-25T20:20:34.398161+00:00 flow_cell_id=AWX817 basecall_gpu=NVIDIA_Tegra_X2 protocol_group_id=ONT_trialEb_250925 sample_id=ONT_trail_250925 barcode=barcode22 barcode_alias=barcode22 parent_read_id=18777e28-29a0-471e-a345-b8ab325650ee basecall_model_version_id=dna_r10.4.1_e8.2_400bps_hac@v4.3.0 rc
2	f3b7a93c-f96d-4021-8cf1-801e4ca4471f runid=0dfb5b492dc86ce99bf7c61c734eb364afcdb5c8 ch=80 start_time=2025-09-25T17:23:02.398161+00:00 flow_cell_id=AWX817 basecall_gpu=NVIDIA_Tegra_X2 protocol_group_id=ONT_trialEb_250925 sample_id=ONT_trail_250925 barcode=barcode22 barcode_alias=barcode22 parent_read_id=f3b7a93c-f96d-4021-8cf1-801e4ca4471f basecall_model_version_id=dna_r10.4.1_e8.2_400bps_hac@v4.3.0
2	f3b7a93c-f96d-4021-8cf1-801e4ca4471f runid=0dfb5b492dc86ce99bf7c61c734eb364afcdb5c8 ch=80 start_time=2025-09-25T17:23:02.398161+00:00 flow_cell_id=AWX817 basecall_gpu=NVIDIA_Tegra_X2 protocol_group_id=ONT_trialEb_250925 sample_id=ONT_trail_250925 barcode=barcode22 barcode_alias=barcode22 parent_read_id=f3b7a93c-f96d-4021-8cf1-801e4ca4471f basecall_model_version_id=dna_r10.4.1_e8.2_400bps_hac@v4.3.0
2	35958509-668b-4e26-9d68-77f5ed114517 runid=0dfb5b492dc86ce99bf7c61c734eb364afcdb5c8 ch=6 start_time=2025-09-25T17:50:04.398161+00:00 flow_cell_id=AWX817 basecall_gpu=NVIDIA_Tegra_X2 protocol_group_id=ONT_trialEb_250925 sample_id=ONT_trail_250925 barcode=barcode23 barcode_alias=barcode23 parent_read_id=35958509-668b-4e26-9d68-77f5ed114517 basecall_model_version_id=dna_r10.4.1_e8.2_400bps_hac@v4.3.0
2	517193db-cae5-4104-96f9-f47425359524 runid=0dfb5b492dc86ce99bf7c61c734eb364afcdb5c8 ch=93 start_time=2025-09-25T18:27:09.398161+00:00 flow_cell_id=AWX817 basecall_gpu=NVIDIA_Tegra_X2 protocol_group_id=ONT_trialEb_250925 sample_id=ONT_trail_250925 barcode=barcode23 barcode_alias=barcode23 parent_read_id=517193db-cae5-4104-96f9-f47425359524 basecall_model_version_id=dna_r10.4.1_e8.2_400bps_hac@v4.3.0 rc
2	ed98a3f9-6041-443a-8a9a-e0a2dbf7e046 runid=0dfb5b492dc86ce99bf7c61c734eb364afcdb5c8 ch=58 start_time=2025-09-25T22:48:51.398161+00:00 flow_cell_id=AWX817 basecall_gpu=NVIDIA_Tegra_X2 protocol_group_id=ONT_trialEb_250925 sample_id=ONT_trail_250925 barcode=barcode23 barcode_alias=barcode23 parent_read_id=ed98a3f9-6041-443a-8a9a-e0a2dbf7e046 basecall_model_version_id=dna_r10.4.1_e8.2_400bps_hac@v4.3.0
2	5fae57c5-9228-4664-898b-79be893626e8 runid=0dfb5b492dc86ce99bf7c61c734eb364afcdb5c8 ch=4 start_time=2025-09-26T00:54:36.398161+00:00 flow_cell_id=AWX817 basecall_gpu=NVIDIA_Tegra_X2 protocol_group_id=ONT_trialEb_250925 sample_id=ONT_trail_250925 barcode=barcode23 barcode_alias=barcode23 parent_read_id=5fae57c5-9228-4664-898b-79be893626e8 basecall_model_version_id=dna_r10.4.1_e8.2_400bps_hac@v4.3.0
2	2c1c4f36-6421-4e75-a0c7-2c569c65bd48 runid=0dfb5b492dc86ce99bf7c61c734eb364afcdb5c8 ch=80 start_time=2025-09-25T18:29:14.398161+00:00 flow_cell_id=AWX817 basecall_gpu=NVIDIA_Tegra_X2 protocol_group_id=ONT_trialEb_250925 sample_id=ONT_trail_250925 barcode=barcode24 barcode_alias=barcode24 parent_read_id=2c1c4f36-6421-4e75-a0c7-2c569c65bd48 basecall_model_version_id=dna_r10.4.1_e8.2_400bps_hac@v4.3.0 rc
2	e39d1472-6035-46d1-bc1a-a3f991e5006b runid=0dfb5b492dc86ce99bf7c61c734eb364afcdb5c8 ch=40 start_time=2025-09-25T19:14:08.398161+00:00 flow_cell_id=AWX817 basecall_gpu=NVIDIA_Tegra_X2 protocol_group_id=ONT_trialEb_250925 sample_id=ONT_trail_250925 barcode=barcode22 barcode_alias=barcode22 parent_read_id=e39d1472-6035-46d1-bc1a-a3f991e5006b basecall_model_version_id=dna_r10.4.1_e8.2_400bps_hac@v4.3.0
2	e39d1472-6035-46d1-bc1a-a3f991e5006b runid=0dfb5b492dc86ce99bf7c61c734eb364afcdb5c8 ch=40 start_time=2025-09-25T19:14:08.398161+00:00 flow_cell_id=AWX817 basecall_gpu=NVIDIA_Tegra_X2 protocol_group_id=ONT_trialEb_250925 sample_id=ONT_trail_250925 barcode=barcode22 barcode_alias=barcode22 parent_read_id=e39d1472-6035-46d1-bc1a-a3f991e5006b basecall_model_version_id=dna_r10.4.1_e8.2_400bps_hac@v4.3.0
2	af203e2a-3059-4505-85a7-de41cc8cf3c0 runid=0dfb5b492dc86ce99bf7c61c734eb364afcdb5c8 ch=58 start_time=2025-09-25T22:28:49.398161+00:00 flow_cell_id=AWX817 basecall_gpu=NVIDIA_Tegra_X2 protocol_group_id=ONT_trialEb_250925 sample_id=ONT_trail_250925 barcode=barcode22 barcode_alias=barcode22 parent_read_id=af203e2a-3059-4505-85a7-de41cc8cf3c0 basecall_model_version_id=dna_r10.4.1_e8.2_400bps_hac@v4.3.0
2	af203e2a-3059-4505-85a7-de41cc8cf3c0 runid=0dfb5b492dc86ce99bf7c61c734eb364afcdb5c8 ch=58 start_time=2025-09-25T22:28:49.398161+00:00 flow_cell_id=AWX817 basecall_gpu=NVIDIA_Tegra_X2 protocol_group_id=ONT_trialEb_250925 sample_id=ONT_trail_250925 barcode=barcode22 barcode_alias=barcode22 parent_read_id=af203e2a-3059-4505-85a7-de41cc8cf3c0 basecall_model_version_id=dna_r10.4.1_e8.2_400bps_hac@v4.3.0
2	bf0850b3-26f2-473e-a0de-ffe9066834f8 runid=0dfb5b492dc86ce99bf7c61c734eb364afcdb5c8 ch=80 start_time=2025-09-25T18:12:45.398161+00:00 flow_cell_id=AWX817 basecall_gpu=NVIDIA_Tegra_X2 protocol_group_id=ONT_trialEb_250925 sample_id=ONT_trail_250925 barcode=barcode22 barcode_alias=barcode22 parent_read_id=bf0850b3-26f2-473e-a0de-ffe9066834f8 basecall_model_version_id=dna_r10.4.1_e8.2_400bps_hac@v4.3.0
2	bf0850b3-26f2-473e-a0de-ffe9066834f8 runid=0dfb5b492dc86ce99bf7c61c734eb364afcdb5c8 ch=80 start_time=2025-09-25T18:12:45.398161+00:00 flow_cell_id=AWX817 basecall_gpu=NVIDIA_Tegra_X2 protocol_group_id=ONT_trialEb_250925 sample_id=ONT_trail_250925 barcode=barcode22 barcode_alias=barcode22 parent_read_id=bf0850b3-26f2-473e-a0de-ffe9066834f8 basecall_model_version_id=dna_r10.4.1_e8.2_400bps_hac@v4.3.0
2	059da249-9149-4fb7-9c78-cd8fffbf2ad4 runid=0dfb5b492dc86ce99bf7c61c734eb364afcdb5c8 ch=92 start_time=2025-09-25T19:20:05.398161+00:00 flow_cell_id=AWX817 basecall_gpu=NVIDIA_Tegra_X2 protocol_group_id=ONT_trialEb_250925 sample_id=ONT_trail_250925 barcode=barcode22 barcode_alias=barcode22 parent_read_id=059da249-9149-4fb7-9c78-cd8fffbf2ad4 basecall_model_version_id=dna_r10.4.1_e8.2_400bps_hac@v4.3.0 rc
2	059da249-9149-4fb7-9c78-cd8fffbf2ad4 runid=0dfb5b492dc86ce99bf7c61c734eb364afcdb5c8 ch=92 start_time=2025-09-25T19:20:05.398161+00:00 flow_cell_id=AWX817 basecall_gpu=NVIDIA_Tegra_X2 protocol_group_id=ONT_trialEb_250925 sample_id=ONT_trail_250925 barcode=barcode22 barcode_alias=barcode22 parent_read_id=059da249-9149-4fb7-9c78-cd8fffbf2ad4 basecall_model_version_id=dna_r10.4.1_e8.2_400bps_hac@v4.3.0 rc
2	eec61108-7d43-4799-ad19-30b50b564f96 runid=0dfb5b492dc86ce99bf7c61c734eb364afcdb5c8 ch=73 start_time=2025-09-25T19:43:26.398161+00:00 flow_cell_id=AWX817 basecall_gpu=NVIDIA_Tegra_X2 protocol_group_id=ONT_trialEb_250925 sample_id=ONT_trail_250925 barcode=barcode22 barcode_alias=barcode22 parent_read_id=eec61108-7d43-4799-ad19-30b50b564f96 basecall_model_version_id=dna_r10.4.1_e8.2_400bps_hac@v4.3.0 rc
2	eec61108-7d43-4799-ad19-30b50b564f96 runid=0dfb5b492dc86ce99bf7c61c734eb364afcdb5c8 ch=73 start_time=2025-09-25T19:43:26.398161+00:00 flow_cell_id=AWX817 basecall_gpu=NVIDIA_Tegra_X2 protocol_group_id=ONT_trialEb_250925 sample_id=ONT_trail_250925 barcode=barcode22 barcode_alias=barcode22 parent_read_id=eec61108-7d43-4799-ad19-30b50b564f96 basecall_model_version_id=dna_r10.4.1_e8.2_400bps_hac@v4.3.0 rc
2	a0b2a3c4-0e4f-4e81-8a29-df0fc210a5e7 runid=0dfb5b492dc86ce99bf7c61c734eb364afcdb5c8 ch=39 start_time=2025-09-26T02:23:29.398161+00:00 flow_cell_id=AWX817 basecall_gpu=NVIDIA_Tegra_X2 protocol_group_id=ONT_trialEb_250925 sample_id=ONT_trail_250925 barcode=barcode22 barcode_alias=barcode22 parent_read_id=a0b2a3c4-0e4f-4e81-8a29-df0fc210a5e7 basecall_model_version_id=dna_r10.4.1_e8.2_400bps_hac@v4.3.0
2	a0b2a3c4-0e4f-4e81-8a29-df0fc210a5e7 runid=0dfb5b492dc86ce99bf7c61c734eb364afcdb5c8 ch=39 start_time=2025-09-26T02:23:29.398161+00:00 flow_cell_id=AWX817 basecall_gpu=NVIDIA_Tegra_X2 protocol_group_id=ONT_trialEb_250925 sample_id=ONT_trail_250925 barcode=barcode22 barcode_alias=barcode22 parent_read_id=a0b2a3c4-0e4f-4e81-8a29-df0fc210a5e7 basecall_model_version_id=dna_r10.4.1_e8.2_400bps_hac@v4.3.0
2	38ca8ef6-7258-4129-afc4-c7320bdada28 runid=0dfb5b492dc86ce99bf7c61c734eb364afcdb5c8 ch=85 start_time=2025-09-25T20:01:45.398161+00:00 flow_cell_id=AWX817 basecall_gpu=NVIDIA_Tegra_X2 protocol_group_id=ONT_trialEb_250925 sample_id=ONT_trail_250925 barcode=barcode22 barcode_alias=barcode22 parent_read_id=38ca8ef6-7258-4129-afc4-c7320bdada28 basecall_model_version_id=dna_r10.4.1_e8.2_400bps_hac@v4.3.0 rc
2	38ca8ef6-7258-4129-afc4-c7320bdada28 runid=0dfb5b492dc86ce99bf7c61c734eb364afcdb5c8 ch=85 start_time=2025-09-25T20:01:45.398161+00:00 flow_cell_id=AWX817 basecall_gpu=NVIDIA_Tegra_X2 protocol_group_id=ONT_trialEb_250925 sample_id=ONT_trail_250925 barcode=barcode22 barcode_alias=barcode22 parent_read_id=38ca8ef6-7258-4129-afc4-c7320bdada28 basecall_model_version_id=dna_r10.4.1_e8.2_400bps_hac@v4.3.0 rc
2	96a0107c-9dd3-4c4a-bfab-1d1d07c8556f runid=0dfb5b492dc86ce99bf7c61c734eb364afcdb5c8 ch=93 start_time=2025-09-25T16:38:49.398161+00:00 flow_cell_id=AWX817 basecall_gpu=NVIDIA_Tegra_X2 protocol_group_id=ONT_trialEb_250925 sample_id=ONT_trail_250925 barcode=barcode22 barcode_alias=barcode22 parent_read_id=96a0107c-9dd3-4c4a-bfab-1d1d07c8556f basecall_model_version_id=dna_r10.4.1_e8.2_400bps_hac@v4.3.0 rc
2	96a0107c-9dd3-4c4a-bfab-1d1d07c8556f runid=0dfb5b492dc86ce99bf7c61c734eb364afcdb5c8 ch=93 start_time=2025-09-25T16:38:49.398161+00:00 flow_cell_id=AWX817 basecall_gpu=NVIDIA_Tegra_X2 protocol_group_id=ONT_trialEb_250925 sample_id=ONT_trail_250925 barcode=barcode22 barcode_alias=barcode22 parent_read_id=96a0107c-9dd3-4c4a-bfab-1d1d07c8556f basecall_model_version_id=dna_r10.4.1_e8.2_400bps_hac@v4.3.0 rc
2	fc884d0b-ef14-43ac-9aba-818912e017bd runid=0dfb5b492dc86ce99bf7c61c734eb364afcdb5c8 ch=20 start_time=2025-09-26T05:29:06.398161+00:00 flow_cell_id=AWX817 basecall_gpu=NVIDIA_Tegra_X2 protocol_group_id=ONT_trialEb_250925 sample_id=ONT_trail_250925 barcode=barcode22 barcode_alias=barcode22 parent_read_id=fc884d0b-ef14-43ac-9aba-818912e017bd basecall_model_version_id=dna_r10.4.1_e8.2_400bps_hac@v4.3.0 rc
2	fc884d0b-ef14-43ac-9aba-818912e017bd runid=0dfb5b492dc86ce99bf7c61c734eb364afcdb5c8 ch=20 start_time=2025-09-26T05:29:06.398161+00:00 flow_cell_id=AWX817 basecall_gpu=NVIDIA_Tegra_X2 protocol_group_id=ONT_trialEb_250925 sample_id=ONT_trail_250925 barcode=barcode22 barcode_alias=barcode22 parent_read_id=fc884d0b-ef14-43ac-9aba-818912e017bd basecall_model_version_id=dna_r10.4.1_e8.2_400bps_hac@v4.3.0 rc
2	c640d535-1fac-4cb3-a392-f0b132047fb8 runid=0dfb5b492dc86ce99bf7c61c734eb364afcdb5c8 ch=58 start_time=2025-09-25T19:51:58.398161+00:00 flow_cell_id=AWX817 basecall_gpu=NVIDIA_Tegra_X2 protocol_group_id=ONT_trialEb_250925 sample_id=ONT_trail_250925 barcode=barcode22 barcode_alias=barcode22 parent_read_id=c640d535-1fac-4cb3-a392-f0b132047fb8 basecall_model_version_id=dna_r10.4.1_e8.2_400bps_hac@v4.3.0
2	c640d535-1fac-4cb3-a392-f0b132047fb8 runid=0dfb5b492dc86ce99bf7c61c734eb364afcdb5c8 ch=58 start_time=2025-09-25T19:51:58.398161+00:00 flow_cell_id=AWX817 basecall_gpu=NVIDIA_Tegra_X2 protocol_group_id=ONT_trialEb_250925 sample_id=ONT_trail_250925 barcode=barcode22 barcode_alias=barcode22 parent_read_id=c640d535-1fac-4cb3-a392-f0b132047fb8 basecall_model_version_id=dna_r10.4.1_e8.2_400bps_hac@v4.3.0
2	e3fbb1cc-49d5-44d2-83c4-e8077131dfe1 runid=0dfb5b492dc86ce99bf7c61c734eb364afcdb5c8 ch=20 start_time=2025-09-25T17:50:54.398161+00:00 flow_cell_id=AWX817 basecall_gpu=NVIDIA_Tegra_X2 protocol_group_id=ONT_trialEb_250925 sample_id=ONT_trail_250925 barcode=barcode23 barcode_alias=barcode23 parent_read_id=e3fbb1cc-49d5-44d2-83c4-e8077131dfe1 basecall_model_version_id=dna_r10.4.1_e8.2_400bps_hac@v4.3.0
2	53f0bfc7-2d50-4b68-b977-ea29ef5fe8c3 runid=0dfb5b492dc86ce99bf7c61c734eb364afcdb5c8 ch=85 start_time=2025-09-25T22:50:20.398161+00:00 flow_cell_id=AWX817 basecall_gpu=NVIDIA_Tegra_X2 protocol_group_id=ONT_trialEb_250925 sample_id=ONT_trail_250925 barcode=barcode24 barcode_alias=barcode24 parent_read_id=53f0bfc7-2d50-4b68-b977-ea29ef5fe8c3 basecall_model_version_id=dna_r10.4.1_e8.2_400bps_hac@v4.3.0
2	ce43f17f-7747-426e-a269-8d6da32efa85 runid=0dfb5b492dc86ce99bf7c61c734eb364afcdb5c8 ch=110 start_time=2025-09-25T18:09:37.398161+00:00 flow_cell_id=AWX817 basecall_gpu=NVIDIA_Tegra_X2 protocol_group_id=ONT_trialEb_250925 sample_id=ONT_trail_250925 barcode=barcode23 barcode_alias=barcode23 parent_read_id=ce43f17f-7747-426e-a269-8d6da32efa85 basecall_model_version_id=dna_r10.4.1_e8.2_400bps_hac@v4.3.0
2	b729e819-f468-488c-a6dd-1e552d3fbe84 runid=0dfb5b492dc86ce99bf7c61c734eb364afcdb5c8 ch=106 start_time=2025-09-25T21:16:55.398161+00:00 flow_cell_id=AWX817 basecall_gpu=NVIDIA_Tegra_X2 protocol_group_id=ONT_trialEb_250925 sample_id=ONT_trail_250925 barcode=barcode22 barcode_alias=barcode22 parent_read_id=b729e819-f468-488c-a6dd-1e552d3fbe84 basecall_model_version_id=dna_r10.4.1_e8.2_400bps_hac@v4.3.0
2	b729e819-f468-488c-a6dd-1e552d3fbe84 runid=0dfb5b492dc86ce99bf7c61c734eb364afcdb5c8 ch=106 start_time=2025-09-25T21:16:55.398161+00:00 flow_cell_id=AWX817 basecall_gpu=NVIDIA_Tegra_X2 protocol_group_id=ONT_trialEb_250925 sample_id=ONT_trail_250925 barcode=barcode22 barcode_alias=barcode22 parent_read_id=b729e819-f468-488c-a6dd-1e552d3fbe84 basecall_model_version_id=dna_r10.4.1_e8.2_400bps_hac@v4.3.0
3	c46d9d8d-139d-41e1-90e1-108a4b2ee63d runid=0dfb5b492dc86ce99bf7c61c734eb364afcdb5c8 ch=4 start_time=2025-09-25T21:25:42.398161+00:00 flow_cell_id=AWX817 basecall_gpu=NVIDIA_Tegra_X2 protocol_group_id=ONT_trialEb_250925 sample_id=ONT_trail_250925 barcode=barcode22 barcode_alias=barcode22 parent_read_id=c46d9d8d-139d-41e1-90e1-108a4b2ee63d basecall_model_version_id=dna_r10.4.1_e8.2_400bps_hac@v4.3.0 rc
3	c46d9d8d-139d-41e1-90e1-108a4b2ee63d runid=0dfb5b492dc86ce99bf7c61c734eb364afcdb5c8 ch=4 start_time=2025-09-25T21:25:42.398161+00:00 flow_cell_id=AWX817 basecall_gpu=NVIDIA_Tegra_X2 protocol_group_id=ONT_trialEb_250925 sample_id=ONT_trail_250925 barcode=barcode22 barcode_alias=barcode22 parent_read_id=c46d9d8d-139d-41e1-90e1-108a4b2ee63d basecall_model_version_id=dna_r10.4.1_e8.2_400bps_hac@v4.3.0 rc
3	57320bc3-1c59-44cd-9023-84b8f2423045 runid=0dfb5b492dc86ce99bf7c61c734eb364afcdb5c8 ch=4 start_time=2025-09-25T23:05:50.398161+00:00 flow_cell_id=AWX817 basecall_gpu=NVIDIA_Tegra_X2 protocol_group_id=ONT_trialEb_250925 sample_id=ONT_trail_250925 barcode=barcode23 barcode_alias=barcode23 parent_read_id=57320bc3-1c59-44cd-9023-84b8f2423045 basecall_model_version_id=dna_r10.4.1_e8.2_400bps_hac@v4.3.0
3	b66df7de-1a0c-4fdd-bc46-e35090819c90 runid=0dfb5b492dc86ce99bf7c61c734eb364afcdb5c8 ch=4 start_time=2025-09-25T19:44:00.398161+00:00 flow_cell_id=AWX817 basecall_gpu=NVIDIA_Tegra_X2 protocol_group_id=ONT_trialEb_250925 sample_id=ONT_trail_250925 barcode=barcode22 barcode_alias=barcode22 parent_read_id=b66df7de-1a0c-4fdd-bc46-e35090819c90 basecall_model_version_id=dna_r10.4.1_e8.2_400bps_hac@v4.3.0 rc
3	b66df7de-1a0c-4fdd-bc46-e35090819c90 runid=0dfb5b492dc86ce99bf7c61c734eb364afcdb5c8 ch=4 start_time=2025-09-25T19:44:00.398161+00:00 flow_cell_id=AWX817 basecall_gpu=NVIDIA_Tegra_X2 protocol_group_id=ONT_trialEb_250925 sample_id=ONT_trail_250925 barcode=barcode22 barcode_alias=barcode22 parent_read_id=b66df7de-1a0c-4fdd-bc46-e35090819c90 basecall_model_version_id=dna_r10.4.1_e8.2_400bps_hac@v4.3.0 rc
3	a451b3a7-aa5c-40f3-8cae-0c31cf144889 runid=0dfb5b492dc86ce99bf7c61c734eb364afcdb5c8 ch=79 start_time=2025-09-25T15:57:31.398161+00:00 flow_cell_id=AWX817 basecall_gpu=NVIDIA_Tegra_X2 protocol_group_id=ONT_trialEb_250925 sample_id=ONT_trail_250925 barcode=barcode22 barcode_alias=barcode22 parent_read_id=a451b3a7-aa5c-40f3-8cae-0c31cf144889 basecall_model_version_id=dna_r10.4.1_e8.2_400bps_hac@v4.3.0
3	a451b3a7-aa5c-40f3-8cae-0c31cf144889 runid=0dfb5b492dc86ce99bf7c61c734eb364afcdb5c8 ch=79 start_time=2025-09-25T15:57:31.398161+00:00 flow_cell_id=AWX817 basecall_gpu=NVIDIA_Tegra_X2 protocol_group_id=ONT_trialEb_250925 sample_id=ONT_trail_250925 barcode=barcode22 barcode_alias=barcode22 parent_read_id=a451b3a7-aa5c-40f3-8cae-0c31cf144889 basecall_model_version_id=dna_r10.4.1_e8.2_400bps_hac@v4.3.0
3	b6600dc5-652a-4ff5-ad7a-794cadfa4544 runid=0dfb5b492dc86ce99bf7c61c734eb364afcdb5c8 ch=4 start_time=2025-09-25T22:50:31.398161+00:00 flow_cell_id=AWX817 basecall_gpu=NVIDIA_Tegra_X2 protocol_group_id=ONT_trialEb_250925 sample_id=ONT_trail_250925 barcode=barcode22 barcode_alias=barcode22 parent_read_id=b6600dc5-652a-4ff5-ad7a-794cadfa4544 basecall_model_version_id=dna_r10.4.1_e8.2_400bps_hac@v4.3.0
3	b6600dc5-652a-4ff5-ad7a-794cadfa4544 runid=0dfb5b492dc86ce99bf7c61c734eb364afcdb5c8 ch=4 start_time=2025-09-25T22:50:31.398161+00:00 flow_cell_id=AWX817 basecall_gpu=NVIDIA_Tegra_X2 protocol_group_id=ONT_trialEb_250925 sample_id=ONT_trail_250925 barcode=barcode22 barcode_alias=barcode22 parent_read_id=b6600dc5-652a-4ff5-ad7a-794cadfa4544 basecall_model_version_id=dna_r10.4.1_e8.2_400bps_hac@v4.3.0
3	0265c2f1-396c-4861-ba25-8a98a2c8e521 runid=0dfb5b492dc86ce99bf7c61c734eb364afcdb5c8 ch=5 start_time=2025-09-25T19:59:41.398161+00:00 flow_cell_id=AWX817 basecall_gpu=NVIDIA_Tegra_X2 protocol_group_id=ONT_trialEb_250925 sample_id=ONT_trail_250925 barcode=barcode22 barcode_alias=barcode22 parent_read_id=0265c2f1-396c-4861-ba25-8a98a2c8e521 basecall_model_version_id=dna_r10.4.1_e8.2_400bps_hac@v4.3.0 rc
3	0265c2f1-396c-4861-ba25-8a98a2c8e521 runid=0dfb5b492dc86ce99bf7c61c734eb364afcdb5c8 ch=5 start_time=2025-09-25T19:59:41.398161+00:00 flow_cell_id=AWX817 basecall_gpu=NVIDIA_Tegra_X2 protocol_group_id=ONT_trialEb_250925 sample_id=ONT_trail_250925 barcode=barcode22 barcode_alias=barcode22 parent_read_id=0265c2f1-396c-4861-ba25-8a98a2c8e521 basecall_model_version_id=dna_r10.4.1_e8.2_400bps_hac@v4.3.0 rc
3	0fcc8802-0866-49d6-aa4a-d63adb724905 runid=0dfb5b492dc86ce99bf7c61c734eb364afcdb5c8 ch=4 start_time=2025-09-25T18:53:39.398161+00:00 flow_cell_id=AWX817 basecall_gpu=NVIDIA_Tegra_X2 protocol_group_id=ONT_trialEb_250925 sample_id=ONT_trail_250925 barcode=barcode23 barcode_alias=barcode23 parent_read_id=0fcc8802-0866-49d6-aa4a-d63adb724905 basecall_model_version_id=dna_r10.4.1_e8.2_400bps_hac@v4.3.0 rc
3	bcb5ed0d-99f1-4dfc-832b-cc651fb13894 runid=0dfb5b492dc86ce99bf7c61c734eb364afcdb5c8 ch=41 start_time=2025-09-25T16:37:02.398161+00:00 flow_cell_id=AWX817 basecall_gpu=NVIDIA_Tegra_X2 protocol_group_id=ONT_trialEb_250925 sample_id=ONT_trail_250925 barcode=barcode22 barcode_alias=barcode22 parent_read_id=bcb5ed0d-99f1-4dfc-832b-cc651fb13894 basecall_model_version_id=dna_r10.4.1_e8.2_400bps_hac@v4.3.0 rc
3	bcb5ed0d-99f1-4dfc-832b-cc651fb13894 runid=0dfb5b492dc86ce99bf7c61c734eb364afcdb5c8 ch=41 start_time=2025-09-25T16:37:02.398161+00:00 flow_cell_id=AWX817 basecall_gpu=NVIDIA_Tegra_X2 protocol_group_id=ONT_trialEb_250925 sample_id=ONT_trail_250925 barcode=barcode22 barcode_alias=barcode22 parent_read_id=bcb5ed0d-99f1-4dfc-832b-cc651fb13894 basecall_model_version_id=dna_r10.4.1_e8.2_400bps_hac@v4.3.0 rc
4	dacb35e1-a358-4988-bf11-8b3b8cc18cca runid=0dfb5b492dc86ce99bf7c61c734eb364afcdb5c8 ch=58 start_time=2025-09-25T17:25:25.398161+00:00 flow_cell_id=AWX817 basecall_gpu=NVIDIA_Tegra_X2 protocol_group_id=ONT_trialEb_250925 sample_id=ONT_trail_250925 barcode=barcode23 barcode_alias=barcode23 parent_read_id=dacb35e1-a358-4988-bf11-8b3b8cc18cca basecall_model_version_id=dna_r10.4.1_e8.2_400bps_hac@v4.3.0 rc
4	fec0b74a-9c23-44cd-beac-1bdb348cdc1f runid=0dfb5b492dc86ce99bf7c61c734eb364afcdb5c8 ch=44 start_time=2025-09-25T17:22:37.398161+00:00 flow_cell_id=AWX817 basecall_gpu=NVIDIA_Tegra_X2 protocol_group_id=ONT_trialEb_250925 sample_id=ONT_trail_250925 barcode=barcode23 barcode_alias=barcode23 parent_read_id=fec0b74a-9c23-44cd-beac-1bdb348cdc1f basecall_model_version_id=dna_r10.4.1_e8.2_400bps_hac@v4.3.0
4	be212f17-f182-4bf3-bb12-b5cdb421e6fc runid=0dfb5b492dc86ce99bf7c61c734eb364afcdb5c8 ch=20 start_time=2025-09-25T19:34:28.398161+00:00 flow_cell_id=AWX817 basecall_gpu=NVIDIA_Tegra_X2 protocol_group_id=ONT_trialEb_250925 sample_id=ONT_trail_250925 barcode=barcode23 barcode_alias=barcode23 parent_read_id=be212f17-f182-4bf3-bb12-b5cdb421e6fc basecall_model_version_id=dna_r10.4.1_e8.2_400bps_hac@v4.3.0 rc
4	9d4527f4-2dd7-4613-91e4-a9e9abd47fe9 runid=0dfb5b492dc86ce99bf7c61c734eb364afcdb5c8 ch=56 start_time=2025-09-25T16:31:29.398161+00:00 flow_cell_id=AWX817 basecall_gpu=NVIDIA_Tegra_X2 protocol_group_id=ONT_trialEb_250925 sample_id=ONT_trail_250925 barcode=barcode22 barcode_alias=barcode22 parent_read_id=9d4527f4-2dd7-4613-91e4-a9e9abd47fe9 basecall_model_version_id=dna_r10.4.1_e8.2_400bps_hac@v4.3.0
4	9d4527f4-2dd7-4613-91e4-a9e9abd47fe9 runid=0dfb5b492dc86ce99bf7c61c734eb364afcdb5c8 ch=56 start_time=2025-09-25T16:31:29.398161+00:00 flow_cell_id=AWX817 basecall_gpu=NVIDIA_Tegra_X2 protocol_group_id=ONT_trialEb_250925 sample_id=ONT_trail_250925 barcode=barcode22 barcode_alias=barcode22 parent_read_id=9d4527f4-2dd7-4613-91e4-a9e9abd47fe9 basecall_model_version_id=dna_r10.4.1_e8.2_400bps_hac@v4.3.0
4	21ae5f11-3fee-4c8e-988b-2df2546a3dcc runid=0dfb5b492dc86ce99bf7c61c734eb364afcdb5c8 ch=85 start_time=2025-09-25T16:31:48.398161+00:00 flow_cell_id=AWX817 basecall_gpu=NVIDIA_Tegra_X2 protocol_group_id=ONT_trialEb_250925 sample_id=ONT_trail_250925 barcode=barcode22 barcode_alias=barcode22 parent_read_id=21ae5f11-3fee-4c8e-988b-2df2546a3dcc basecall_model_version_id=dna_r10.4.1_e8.2_400bps_hac@v4.3.0
4	21ae5f11-3fee-4c8e-988b-2df2546a3dcc runid=0dfb5b492dc86ce99bf7c61c734eb364afcdb5c8 ch=85 start_time=2025-09-25T16:31:48.398161+00:00 flow_cell_id=AWX817 basecall_gpu=NVIDIA_Tegra_X2 protocol_group_id=ONT_trialEb_250925 sample_id=ONT_trail_250925 barcode=barcode22 barcode_alias=barcode22 parent_read_id=21ae5f11-3fee-4c8e-988b-2df2546a3dcc basecall_model_version_id=dna_r10.4.1_e8.2_400bps_hac@v4.3.0
4	adbbb661-b04a-4db1-bd21-78a9f4deba4c runid=0dfb5b492dc86ce99bf7c61c734eb364afcdb5c8 ch=4 start_time=2025-09-25T21:51:27.398161+00:00 flow_cell_id=AWX817 basecall_gpu=NVIDIA_Tegra_X2 protocol_group_id=ONT_trialEb_250925 sample_id=ONT_trail_250925 barcode=barcode24 barcode_alias=barcode24 parent_read_id=adbbb661-b04a-4db1-bd21-78a9f4deba4c basecall_model_version_id=dna_r10.4.1_e8.2_400bps_hac@v4.3.0
4	47763d57-1678-4159-af1d-e5a62053e591 runid=0dfb5b492dc86ce99bf7c61c734eb364afcdb5c8 ch=49 start_time=2025-09-26T10:12:55.398161+00:00 flow_cell_id=AWX817 basecall_gpu=NVIDIA_Tegra_X2 protocol_group_id=ONT_trialEb_250925 sample_id=ONT_trail_250925 barcode=barcode23 barcode_alias=barcode23 parent_read_id=47763d57-1678-4159-af1d-e5a62053e591 basecall_model_version_id=dna_r10.4.1_e8.2_400bps_hac@v4.3.0
4	8f542fdf-7f9e-465c-95dc-ee1d414a819f runid=0dfb5b492dc86ce99bf7c61c734eb364afcdb5c8 ch=4 start_time=2025-09-25T22:45:59.398161+00:00 flow_cell_id=AWX817 basecall_gpu=NVIDIA_Tegra_X2 protocol_group_id=ONT_trialEb_250925 sample_id=ONT_trail_250925 barcode=barcode22 barcode_alias=barcode22 parent_read_id=8f542fdf-7f9e-465c-95dc-ee1d414a819f basecall_model_version_id=dna_r10.4.1_e8.2_400bps_hac@v4.3.0 rc
4	8f542fdf-7f9e-465c-95dc-ee1d414a819f runid=0dfb5b492dc86ce99bf7c61c734eb364afcdb5c8 ch=4 start_time=2025-09-25T22:45:59.398161+00:00 flow_cell_id=AWX817 basecall_gpu=NVIDIA_Tegra_X2 protocol_group_id=ONT_trialEb_250925 sample_id=ONT_trail_250925 barcode=barcode22 barcode_alias=barcode22 parent_read_id=8f542fdf-7f9e-465c-95dc-ee1d414a819f basecall_model_version_id=dna_r10.4.1_e8.2_400bps_hac@v4.3.0 rc
4	62c08044-3594-488b-864e-9abbe07b4d14 runid=0dfb5b492dc86ce99bf7c61c734eb364afcdb5c8 ch=41 start_time=2025-09-25T21:35:42.398161+00:00 flow_cell_id=AWX817 basecall_gpu=NVIDIA_Tegra_X2 protocol_group_id=ONT_trialEb_250925 sample_id=ONT_trail_250925 barcode=barcode22 barcode_alias=barcode22 parent_read_id=62c08044-3594-488b-864e-9abbe07b4d14 basecall_model_version_id=dna_r10.4.1_e8.2_400bps_hac@v4.3.0
4	62c08044-3594-488b-864e-9abbe07b4d14 runid=0dfb5b492dc86ce99bf7c61c734eb364afcdb5c8 ch=41 start_time=2025-09-25T21:35:42.398161+00:00 flow_cell_id=AWX817 basecall_gpu=NVIDIA_Tegra_X2 protocol_group_id=ONT_trialEb_250925 sample_id=ONT_trail_250925 barcode=barcode22 barcode_alias=barcode22 parent_read_id=62c08044-3594-488b-864e-9abbe07b4d14 basecall_model_version_id=dna_r10.4.1_e8.2_400bps_hac@v4.3.0
5	ec97015e-6bad-4c4f-9b5f-d229f7ac113f runid=0dfb5b492dc86ce99bf7c61c734eb364afcdb5c8 ch=58 start_time=2025-09-25T20:11:17.398161+00:00 flow_cell_id=AWX817 basecall_gpu=NVIDIA_Tegra_X2 protocol_group_id=ONT_trialEb_250925 sample_id=ONT_trail_250925 barcode=barcode24 barcode_alias=barcode24 parent_read_id=ec97015e-6bad-4c4f-9b5f-d229f7ac113f basecall_model_version_id=dna_r10.4.1_e8.2_400bps_hac@v4.3.0
5	22460db6-4bbd-43eb-8dfc-8a4852766d8b runid=0dfb5b492dc86ce99bf7c61c734eb364afcdb5c8 ch=80 start_time=2025-09-25T19:53:22.398161+00:00 flow_cell_id=AWX817 basecall_gpu=NVIDIA_Tegra_X2 protocol_group_id=ONT_trialEb_250925 sample_id=ONT_trail_250925 barcode=barcode22 barcode_alias=barcode22 parent_read_id=22460db6-4bbd-43eb-8dfc-8a4852766d8b basecall_model_version_id=dna_r10.4.1_e8.2_400bps_hac@v4.3.0 rc
5	22460db6-4bbd-43eb-8dfc-8a4852766d8b runid=0dfb5b492dc86ce99bf7c61c734eb364afcdb5c8 ch=80 start_time=2025-09-25T19:53:22.398161+00:00 flow_cell_id=AWX817 basecall_gpu=NVIDIA_Tegra_X2 protocol_group_id=ONT_trialEb_250925 sample_id=ONT_trail_250925 barcode=barcode22 barcode_alias=barcode22 parent_read_id=22460db6-4bbd-43eb-8dfc-8a4852766d8b basecall_model_version_id=dna_r10.4.1_e8.2_400bps_hac@v4.3.0 rc
5	d2f03c47-6fb9-4dff-a3a6-89989af94bcd runid=0dfb5b492dc86ce99bf7c61c734eb364afcdb5c8 ch=4 start_time=2025-09-25T16:51:44.398161+00:00 flow_cell_id=AWX817 basecall_gpu=NVIDIA_Tegra_X2 protocol_group_id=ONT_trialEb_250925 sample_id=ONT_trail_250925 barcode=barcode22 barcode_alias=barcode22 parent_read_id=d2f03c47-6fb9-4dff-a3a6-89989af94bcd basecall_model_version_id=dna_r10.4.1_e8.2_400bps_hac@v4.3.0
5	d2f03c47-6fb9-4dff-a3a6-89989af94bcd runid=0dfb5b492dc86ce99bf7c61c734eb364afcdb5c8 ch=4 start_time=2025-09-25T16:51:44.398161+00:00 flow_cell_id=AWX817 basecall_gpu=NVIDIA_Tegra_X2 protocol_group_id=ONT_trialEb_250925 sample_id=ONT_trail_250925 barcode=barcode22 barcode_alias=barcode22 parent_read_id=d2f03c47-6fb9-4dff-a3a6-89989af94bcd basecall_model_version_id=dna_r10.4.1_e8.2_400bps_hac@v4.3.0
5	2f38b20f-ea90-4886-b220-dcee7b697d07 runid=0dfb5b492dc86ce99bf7c61c734eb364afcdb5c8 ch=40 start_time=2025-09-25T16:59:25.398161+00:00 flow_cell_id=AWX817 basecall_gpu=NVIDIA_Tegra_X2 protocol_group_id=ONT_trialEb_250925 sample_id=ONT_trail_250925 barcode=barcode24 barcode_alias=barcode24 parent_read_id=2f38b20f-ea90-4886-b220-dcee7b697d07 basecall_model_version_id=dna_r10.4.1_e8.2_400bps_hac@v4.3.0
5	03db69ee-5c31-4de5-b00e-e249963d7235 runid=0dfb5b492dc86ce99bf7c61c734eb364afcdb5c8 ch=96 start_time=2025-09-26T02:23:26.398161+00:00 flow_cell_id=AWX817 basecall_gpu=NVIDIA_Tegra_X2 protocol_group_id=ONT_trialEb_250925 sample_id=ONT_trail_250925 barcode=barcode22 barcode_alias=barcode22 parent_read_id=03db69ee-5c31-4de5-b00e-e249963d7235 basecall_model_version_id=dna_r10.4.1_e8.2_400bps_hac@v4.3.0
5	03db69ee-5c31-4de5-b00e-e249963d7235 runid=0dfb5b492dc86ce99bf7c61c734eb364afcdb5c8 ch=96 start_time=2025-09-26T02:23:26.398161+00:00 flow_cell_id=AWX817 basecall_gpu=NVIDIA_Tegra_X2 protocol_group_id=ONT_trialEb_250925 sample_id=ONT_trail_250925 barcode=barcode22 barcode_alias=barcode22 parent_read_id=03db69ee-5c31-4de5-b00e-e249963d7235 basecall_model_version_id=dna_r10.4.1_e8.2_400bps_hac@v4.3.0
6	6d5e32a3-9ab2-4735-8cd7-ccc83b6b1056 runid=0dfb5b492dc86ce99bf7c61c734eb364afcdb5c8 ch=44 start_time=2025-09-25T18:58:01.398161+00:00 flow_cell_id=AWX817 basecall_gpu=NVIDIA_Tegra_X2 protocol_group_id=ONT_trialEb_250925 sample_id=ONT_trail_250925 barcode=barcode22 barcode_alias=barcode22 parent_read_id=6d5e32a3-9ab2-4735-8cd7-ccc83b6b1056 basecall_model_version_id=dna_r10.4.1_e8.2_400bps_hac@v4.3.0
6	6d5e32a3-9ab2-4735-8cd7-ccc83b6b1056 runid=0dfb5b492dc86ce99bf7c61c734eb364afcdb5c8 ch=44 start_time=2025-09-25T18:58:01.398161+00:00 flow_cell_id=AWX817 basecall_gpu=NVIDIA_Tegra_X2 protocol_group_id=ONT_trialEb_250925 sample_id=ONT_trail_250925 barcode=barcode22 barcode_alias=barcode22 parent_read_id=6d5e32a3-9ab2-4735-8cd7-ccc83b6b1056 basecall_model_version_id=dna_r10.4.1_e8.2_400bps_hac@v4.3.0
6	6d14f6a2-40d2-4a5f-bda5-259f7c54b0e4 runid=0dfb5b492dc86ce99bf7c61c734eb364afcdb5c8 ch=20 start_time=2025-09-25T22:10:28.398161+00:00 flow_cell_id=AWX817 basecall_gpu=NVIDIA_Tegra_X2 protocol_group_id=ONT_trialEb_250925 sample_id=ONT_trail_250925 barcode=barcode22 barcode_alias=barcode22 parent_read_id=6d14f6a2-40d2-4a5f-bda5-259f7c54b0e4 basecall_model_version_id=dna_r10.4.1_e8.2_400bps_hac@v4.3.0
6	6d14f6a2-40d2-4a5f-bda5-259f7c54b0e4 runid=0dfb5b492dc86ce99bf7c61c734eb364afcdb5c8 ch=20 start_time=2025-09-25T22:10:28.398161+00:00 flow_cell_id=AWX817 basecall_gpu=NVIDIA_Tegra_X2 protocol_group_id=ONT_trialEb_250925 sample_id=ONT_trail_250925 barcode=barcode22 barcode_alias=barcode22 parent_read_id=6d14f6a2-40d2-4a5f-bda5-259f7c54b0e4 basecall_model_version_id=dna_r10.4.1_e8.2_400bps_hac@v4.3.0
6	59c7a562-0c65-4079-8cb9-9125805b3998 runid=0dfb5b492dc86ce99bf7c61c734eb364afcdb5c8 ch=4 start_time=2025-09-25T22:24:56.398161+00:00 flow_cell_id=AWX817 basecall_gpu=NVIDIA_Tegra_X2 protocol_group_id=ONT_trialEb_250925 sample_id=ONT_trail_250925 barcode=barcode22 barcode_alias=barcode22 parent_read_id=59c7a562-0c65-4079-8cb9-9125805b3998 basecall_model_version_id=dna_r10.4.1_e8.2_400bps_hac@v4.3.0
6	59c7a562-0c65-4079-8cb9-9125805b3998 runid=0dfb5b492dc86ce99bf7c61c734eb364afcdb5c8 ch=4 start_time=2025-09-25T22:24:56.398161+00:00 flow_cell_id=AWX817 basecall_gpu=NVIDIA_Tegra_X2 protocol_group_id=ONT_trialEb_250925 sample_id=ONT_trail_250925 barcode=barcode22 barcode_alias=barcode22 parent_read_id=59c7a562-0c65-4079-8cb9-9125805b3998 basecall_model_version_id=dna_r10.4.1_e8.2_400bps_hac@v4.3.0
6	28768168-4af8-4684-b9eb-4994b4de4aaa runid=0dfb5b492dc86ce99bf7c61c734eb364afcdb5c8 ch=118 start_time=2025-09-26T01:29:18.398161+00:00 flow_cell_id=AWX817 basecall_gpu=NVIDIA_Tegra_X2 protocol_group_id=ONT_trialEb_250925 sample_id=ONT_trail_250925 barcode=barcode24 barcode_alias=barcode24 parent_read_id=28768168-4af8-4684-b9eb-4994b4de4aaa basecall_model_version_id=dna_r10.4.1_e8.2_400bps_hac@v4.3.0
7	ceb61b39-cbd4-4e89-bd25-97560323d8b9 runid=0dfb5b492dc86ce99bf7c61c734eb364afcdb5c8 ch=44 start_time=2025-09-25T22:45:09.398161+00:00 flow_cell_id=AWX817 basecall_gpu=NVIDIA_Tegra_X2 protocol_group_id=ONT_trialEb_250925 sample_id=ONT_trail_250925 barcode=barcode23 barcode_alias=barcode23 parent_read_id=ceb61b39-cbd4-4e89-bd25-97560323d8b9 basecall_model_version_id=dna_r10.4.1_e8.2_400bps_hac@v4.3.0 rc
7	e7a4379c-241a-4ec2-b4c3-0771e0fb618e runid=0dfb5b492dc86ce99bf7c61c734eb364afcdb5c8 ch=108 start_time=2025-09-25T16:33:43.398161+00:00 flow_cell_id=AWX817 basecall_gpu=NVIDIA_Tegra_X2 protocol_group_id=ONT_trialEb_250925 sample_id=ONT_trail_250925 barcode=barcode22 barcode_alias=barcode22 parent_read_id=e7a4379c-241a-4ec2-b4c3-0771e0fb618e basecall_model_version_id=dna_r10.4.1_e8.2_400bps_hac@v4.3.0
7	e7a4379c-241a-4ec2-b4c3-0771e0fb618e runid=0dfb5b492dc86ce99bf7c61c734eb364afcdb5c8 ch=108 start_time=2025-09-25T16:33:43.398161+00:00 flow_cell_id=AWX817 basecall_gpu=NVIDIA_Tegra_X2 protocol_group_id=ONT_trialEb_250925 sample_id=ONT_trail_250925 barcode=barcode22 barcode_alias=barcode22 parent_read_id=e7a4379c-241a-4ec2-b4c3-0771e0fb618e basecall_model_version_id=dna_r10.4.1_e8.2_400bps_hac@v4.3.0
7	cb98b51a-48c8-4209-a5d6-1db2a08e20a6 runid=0dfb5b492dc86ce99bf7c61c734eb364afcdb5c8 ch=80 start_time=2025-09-25T18:11:29.398161+00:00 flow_cell_id=AWX817 basecall_gpu=NVIDIA_Tegra_X2 protocol_group_id=ONT_trialEb_250925 sample_id=ONT_trail_250925 barcode=barcode23 barcode_alias=barcode23 parent_read_id=cb98b51a-48c8-4209-a5d6-1db2a08e20a6 basecall_model_version_id=dna_r10.4.1_e8.2_400bps_hac@v4.3.0
7	0249fd7f-0739-4e3d-8933-d7d10b387308 runid=0dfb5b492dc86ce99bf7c61c734eb364afcdb5c8 ch=94 start_time=2025-09-25T17:20:43.398161+00:00 flow_cell_id=AWX817 basecall_gpu=NVIDIA_Tegra_X2 protocol_group_id=ONT_trialEb_250925 sample_id=ONT_trail_250925 barcode=barcode22 barcode_alias=barcode22 parent_read_id=0249fd7f-0739-4e3d-8933-d7d10b387308 basecall_model_version_id=dna_r10.4.1_e8.2_400bps_hac@v4.3.0
7	0249fd7f-0739-4e3d-8933-d7d10b387308 runid=0dfb5b492dc86ce99bf7c61c734eb364afcdb5c8 ch=94 start_time=2025-09-25T17:20:43.398161+00:00 flow_cell_id=AWX817 basecall_gpu=NVIDIA_Tegra_X2 protocol_group_id=ONT_trialEb_250925 sample_id=ONT_trail_250925 barcode=barcode22 barcode_alias=barcode22 parent_read_id=0249fd7f-0739-4e3d-8933-d7d10b387308 basecall_model_version_id=dna_r10.4.1_e8.2_400bps_hac@v4.3.0
8	e1c51419-f7d1-4ef2-a7eb-1f9fcba4ca00 runid=0dfb5b492dc86ce99bf7c61c734eb364afcdb5c8 ch=56 start_time=2025-09-25T16:11:15.398161+00:00 flow_cell_id=AWX817 basecall_gpu=NVIDIA_Tegra_X2 protocol_group_id=ONT_trialEb_250925 sample_id=ONT_trail_250925 barcode=barcode22 barcode_alias=barcode22 parent_read_id=e1c51419-f7d1-4ef2-a7eb-1f9fcba4ca00 basecall_model_version_id=dna_r10.4.1_e8.2_400bps_hac@v4.3.0
8	e1c51419-f7d1-4ef2-a7eb-1f9fcba4ca00 runid=0dfb5b492dc86ce99bf7c61c734eb364afcdb5c8 ch=56 start_time=2025-09-25T16:11:15.398161+00:00 flow_cell_id=AWX817 basecall_gpu=NVIDIA_Tegra_X2 protocol_group_id=ONT_trialEb_250925 sample_id=ONT_trail_250925 barcode=barcode22 barcode_alias=barcode22 parent_read_id=e1c51419-f7d1-4ef2-a7eb-1f9fcba4ca00 basecall_model_version_id=dna_r10.4.1_e8.2_400bps_hac@v4.3.0
8	97f2e6b4-274d-4f4b-a0f5-d4c8836c3030 runid=0dfb5b492dc86ce99bf7c61c734eb364afcdb5c8 ch=44 start_time=2025-09-26T02:52:38.398161+00:00 flow_cell_id=AWX817 basecall_gpu=NVIDIA_Tegra_X2 protocol_group_id=ONT_trialEb_250925 sample_id=ONT_trail_250925 barcode=barcode22 barcode_alias=barcode22 parent_read_id=97f2e6b4-274d-4f4b-a0f5-d4c8836c3030 basecall_model_version_id=dna_r10.4.1_e8.2_400bps_hac@v4.3.0 rc
8	97f2e6b4-274d-4f4b-a0f5-d4c8836c3030 runid=0dfb5b492dc86ce99bf7c61c734eb364afcdb5c8 ch=44 start_time=2025-09-26T02:52:38.398161+00:00 flow_cell_id=AWX817 basecall_gpu=NVIDIA_Tegra_X2 protocol_group_id=ONT_trialEb_250925 sample_id=ONT_trail_250925 barcode=barcode22 barcode_alias=barcode22 parent_read_id=97f2e6b4-274d-4f4b-a0f5-d4c8836c3030 basecall_model_version_id=dna_r10.4.1_e8.2_400bps_hac@v4.3.0 rc
8	fd2ddc10-8822-420c-bdf9-7c2c62eed363 runid=0dfb5b492dc86ce99bf7c61c734eb364afcdb5c8 ch=93 start_time=2025-09-25T18:46:32.398161+00:00 flow_cell_id=AWX817 basecall_gpu=NVIDIA_Tegra_X2 protocol_group_id=ONT_trialEb_250925 sample_id=ONT_trail_250925 barcode=barcode23 barcode_alias=barcode23 parent_read_id=dc2930df-740b-4e2c-ab75-1ff95c00a506 basecall_model_version_id=dna_r10.4.1_e8.2_400bps_hac@v4.3.0
8	a8add77b-bc47-4fdd-976d-450da89f36fc runid=0dfb5b492dc86ce99bf7c61c734eb364afcdb5c8 ch=40 start_time=2025-09-25T17:21:54.398161+00:00 flow_cell_id=AWX817 basecall_gpu=NVIDIA_Tegra_X2 protocol_group_id=ONT_trialEb_250925 sample_id=ONT_trail_250925 barcode=barcode23 barcode_alias=barcode23 parent_read_id=a8add77b-bc47-4fdd-976d-450da89f36fc basecall_model_version_id=dna_r10.4.1_e8.2_400bps_hac@v4.3.0 rc
9	e897a7fb-3ec4-40cc-a42f-b1bd40c135d9 runid=0dfb5b492dc86ce99bf7c61c734eb364afcdb5c8 ch=44 start_time=2025-09-26T01:00:15.398161+00:00 flow_cell_id=AWX817 basecall_gpu=NVIDIA_Tegra_X2 protocol_group_id=ONT_trialEb_250925 sample_id=ONT_trail_250925 barcode=barcode22 barcode_alias=barcode22 parent_read_id=e897a7fb-3ec4-40cc-a42f-b1bd40c135d9 basecall_model_version_id=dna_r10.4.1_e8.2_400bps_hac@v4.3.0 rc
9	e897a7fb-3ec4-40cc-a42f-b1bd40c135d9 runid=0dfb5b492dc86ce99bf7c61c734eb364afcdb5c8 ch=44 start_time=2025-09-26T01:00:15.398161+00:00 flow_cell_id=AWX817 basecall_gpu=NVIDIA_Tegra_X2 protocol_group_id=ONT_trialEb_250925 sample_id=ONT_trail_250925 barcode=barcode22 barcode_alias=barcode22 parent_read_id=e897a7fb-3ec4-40cc-a42f-b1bd40c135d9 basecall_model_version_id=dna_r10.4.1_e8.2_400bps_hac@v4.3.0 rc
9	eaab720f-193e-4cc3-9385-d958d7d58f6d runid=0dfb5b492dc86ce99bf7c61c734eb364afcdb5c8 ch=56 start_time=2025-09-25T17:47:33.398161+00:00 flow_cell_id=AWX817 basecall_gpu=NVIDIA_Tegra_X2 protocol_group_id=ONT_trialEb_250925 sample_id=ONT_trail_250925 barcode=barcode22 barcode_alias=barcode22 parent_read_id=eaab720f-193e-4cc3-9385-d958d7d58f6d basecall_model_version_id=dna_r10.4.1_e8.2_400bps_hac@v4.3.0
9	eaab720f-193e-4cc3-9385-d958d7d58f6d runid=0dfb5b492dc86ce99bf7c61c734eb364afcdb5c8 ch=56 start_time=2025-09-25T17:47:33.398161+00:00 flow_cell_id=AWX817 basecall_gpu=NVIDIA_Tegra_X2 protocol_group_id=ONT_trialEb_250925 sample_id=ONT_trail_250925 barcode=barcode22 barcode_alias=barcode22 parent_read_id=eaab720f-193e-4cc3-9385-d958d7d58f6d basecall_model_version_id=dna_r10.4.1_e8.2_400bps_hac@v4.3.0
9	34f61621-cd4b-42c0-8c93-2b1f3a07bc6e runid=0dfb5b492dc86ce99bf7c61c734eb364afcdb5c8 ch=110 start_time=2025-09-25T16:12:22.398161+00:00 flow_cell_id=AWX817 basecall_gpu=NVIDIA_Tegra_X2 protocol_group_id=ONT_trialEb_250925 sample_id=ONT_trail_250925 barcode=barcode23 barcode_alias=barcode23 parent_read_id=34f61621-cd4b-42c0-8c93-2b1f3a07bc6e basecall_model_version_id=dna_r10.4.1_e8.2_400bps_hac@v4.3.0
10	c7834bad-4e63-44fa-a516-7836bb29e24f runid=0dfb5b492dc86ce99bf7c61c734eb364afcdb5c8 ch=79 start_time=2025-09-25T21:48:55.398161+00:00 flow_cell_id=AWX817 basecall_gpu=NVIDIA_Tegra_X2 protocol_group_id=ONT_trialEb_250925 sample_id=ONT_trail_250925 barcode=barcode22 barcode_alias=barcode22 parent_read_id=c7834bad-4e63-44fa-a516-7836bb29e24f basecall_model_version_id=dna_r10.4.1_e8.2_400bps_hac@v4.3.0 rc
10	c7834bad-4e63-44fa-a516-7836bb29e24f runid=0dfb5b492dc86ce99bf7c61c734eb364afcdb5c8 ch=79 start_time=2025-09-25T21:48:55.398161+00:00 flow_cell_id=AWX817 basecall_gpu=NVIDIA_Tegra_X2 protocol_group_id=ONT_trialEb_250925 sample_id=ONT_trail_250925 barcode=barcode22 barcode_alias=barcode22 parent_read_id=c7834bad-4e63-44fa-a516-7836bb29e24f basecall_model_version_id=dna_r10.4.1_e8.2_400bps_hac@v4.3.0 rc
10	d32ca174-6f69-4030-9d33-8274216661b5 runid=0dfb5b492dc86ce99bf7c61c734eb364afcdb5c8 ch=20 start_time=2025-09-26T10:26:53.398161+00:00 flow_cell_id=AWX817 basecall_gpu=NVIDIA_Tegra_X2 protocol_group_id=ONT_trialEb_250925 sample_id=ONT_trail_250925 barcode=barcode22 barcode_alias=barcode22 parent_read_id=d32ca174-6f69-4030-9d33-8274216661b5 basecall_model_version_id=dna_r10.4.1_e8.2_400bps_hac@v4.3.0
10	d32ca174-6f69-4030-9d33-8274216661b5 runid=0dfb5b492dc86ce99bf7c61c734eb364afcdb5c8 ch=20 start_time=2025-09-26T10:26:53.398161+00:00 flow_cell_id=AWX817 basecall_gpu=NVIDIA_Tegra_X2 protocol_group_id=ONT_trialEb_250925 sample_id=ONT_trail_250925 barcode=barcode22 barcode_alias=barcode22 parent_read_id=d32ca174-6f69-4030-9d33-8274216661b5 basecall_model_version_id=dna_r10.4.1_e8.2_400bps_hac@v4.3.0
11	183a21fb-1892-424f-9467-f63a814e6e7d runid=0dfb5b492dc86ce99bf7c61c734eb364afcdb5c8 ch=20 start_time=2025-09-25T20:06:12.398161+00:00 flow_cell_id=AWX817 basecall_gpu=NVIDIA_Tegra_X2 protocol_group_id=ONT_trialEb_250925 sample_id=ONT_trail_250925 barcode=barcode23 barcode_alias=barcode23 parent_read_id=183a21fb-1892-424f-9467-f63a814e6e7d basecall_model_version_id=dna_r10.4.1_e8.2_400bps_hac@v4.3.0
11	10a493d9-d2d4-411d-8960-dda74d242818 runid=0dfb5b492dc86ce99bf7c61c734eb364afcdb5c8 ch=4 start_time=2025-09-26T00:47:51.398161+00:00 flow_cell_id=AWX817 basecall_gpu=NVIDIA_Tegra_X2 protocol_group_id=ONT_trialEb_250925 sample_id=ONT_trail_250925 barcode=barcode22 barcode_alias=barcode22 parent_read_id=10a493d9-d2d4-411d-8960-dda74d242818 basecall_model_version_id=dna_r10.4.1_e8.2_400bps_hac@v4.3.0
11	10a493d9-d2d4-411d-8960-dda74d242818 runid=0dfb5b492dc86ce99bf7c61c734eb364afcdb5c8 ch=4 start_time=2025-09-26T00:47:51.398161+00:00 flow_cell_id=AWX817 basecall_gpu=NVIDIA_Tegra_X2 protocol_group_id=ONT_trialEb_250925 sample_id=ONT_trail_250925 barcode=barcode22 barcode_alias=barcode22 parent_read_id=10a493d9-d2d4-411d-8960-dda74d242818 basecall_model_version_id=dna_r10.4.1_e8.2_400bps_hac@v4.3.0
12	7c8d4cd6-1a49-47c8-b98a-c8ece921f8c1 runid=0dfb5b492dc86ce99bf7c61c734eb364afcdb5c8 ch=43 start_time=2025-09-25T19:42:27.398161+00:00 flow_cell_id=AWX817 basecall_gpu=NVIDIA_Tegra_X2 protocol_group_id=ONT_trialEb_250925 sample_id=ONT_trail_250925 barcode=barcode23 barcode_alias=barcode23 parent_read_id=22f3f238-770e-46d6-97fa-812a6f332888 basecall_model_version_id=dna_r10.4.1_e8.2_400bps_hac@v4.3.0 rc
12	1b476b11-2ed0-4f71-9059-7a422f094f39 runid=0dfb5b492dc86ce99bf7c61c734eb364afcdb5c8 ch=90 start_time=2025-09-25T19:21:40.398161+00:00 flow_cell_id=AWX817 basecall_gpu=NVIDIA_Tegra_X2 protocol_group_id=ONT_trialEb_250925 sample_id=ONT_trail_250925 barcode=barcode24 barcode_alias=barcode24 parent_read_id=1b476b11-2ed0-4f71-9059-7a422f094f39 basecall_model_version_id=dna_r10.4.1_e8.2_400bps_hac@v4.3.0 rc
13	eab7a4ae-c0a1-4c38-af56-a396b450434e runid=0dfb5b492dc86ce99bf7c61c734eb364afcdb5c8 ch=44 start_time=2025-09-26T04:51:43.398161+00:00 flow_cell_id=AWX817 basecall_gpu=NVIDIA_Tegra_X2 protocol_group_id=ONT_trialEb_250925 sample_id=ONT_trail_250925 barcode=barcode23 barcode_alias=barcode23 parent_read_id=eab7a4ae-c0a1-4c38-af56-a396b450434e basecall_model_version_id=dna_r10.4.1_e8.2_400bps_hac@v4.3.0 rc
13	ce875e58-7123-44e2-9c64-20490b4d8f63 runid=0dfb5b492dc86ce99bf7c61c734eb364afcdb5c8 ch=118 start_time=2025-09-25T19:31:15.398161+00:00 flow_cell_id=AWX817 basecall_gpu=NVIDIA_Tegra_X2 protocol_group_id=ONT_trialEb_250925 sample_id=ONT_trail_250925 barcode=barcode23 barcode_alias=barcode23 parent_read_id=ce875e58-7123-44e2-9c64-20490b4d8f63 basecall_model_version_id=dna_r10.4.1_e8.2_400bps_hac@v4.3.0 rc
14	bd04072b-84bc-4ccf-87b0-5c761e9ba76d runid=0dfb5b492dc86ce99bf7c61c734eb364afcdb5c8 ch=108 start_time=2025-09-25T17:01:58.398161+00:00 flow_cell_id=AWX817 basecall_gpu=NVIDIA_Tegra_X2 protocol_group_id=ONT_trialEb_250925 sample_id=ONT_trail_250925 barcode=barcode22 barcode_alias=barcode22 parent_read_id=bd04072b-84bc-4ccf-87b0-5c761e9ba76d basecall_model_version_id=dna_r10.4.1_e8.2_400bps_hac@v4.3.0 rc
14	bd04072b-84bc-4ccf-87b0-5c761e9ba76d runid=0dfb5b492dc86ce99bf7c61c734eb364afcdb5c8 ch=108 start_time=2025-09-25T17:01:58.398161+00:00 flow_cell_id=AWX817 basecall_gpu=NVIDIA_Tegra_X2 protocol_group_id=ONT_trialEb_250925 sample_id=ONT_trail_250925 barcode=barcode22 barcode_alias=barcode22 parent_read_id=bd04072b-84bc-4ccf-87b0-5c761e9ba76d basecall_model_version_id=dna_r10.4.1_e8.2_400bps_hac@v4.3.0 rc
15	0a657174-374f-4bec-80ee-851eb7747172 runid=0dfb5b492dc86ce99bf7c61c734eb364afcdb5c8 ch=44 start_time=2025-09-26T01:02:35.398161+00:00 flow_cell_id=AWX817 basecall_gpu=NVIDIA_Tegra_X2 protocol_group_id=ONT_trialEb_250925 sample_id=ONT_trail_250925 barcode=barcode23 barcode_alias=barcode23 parent_read_id=0a657174-374f-4bec-80ee-851eb7747172 basecall_model_version_id=dna_r10.4.1_e8.2_400bps_hac@v4.3.0 rc
15	1dbd37d9-464e-4f87-a1cb-2582407d57ce runid=0dfb5b492dc86ce99bf7c61c734eb364afcdb5c8 ch=20 start_time=2025-09-25T23:17:26.398161+00:00 flow_cell_id=AWX817 basecall_gpu=NVIDIA_Tegra_X2 protocol_group_id=ONT_trialEb_250925 sample_id=ONT_trail_250925 barcode=barcode23 barcode_alias=barcode23 parent_read_id=a521eece-e7cc-491e-985b-4a9c7842cb72 basecall_model_version_id=dna_r10.4.1_e8.2_400bps_hac@v4.3.0 rc
16	8e30ff0d-13b7-4b81-9550-81552456e45c runid=0dfb5b492dc86ce99bf7c61c734eb364afcdb5c8 ch=80 start_time=2025-09-25T18:36:20.398161+00:00 flow_cell_id=AWX817 basecall_gpu=NVIDIA_Tegra_X2 protocol_group_id=ONT_trialEb_250925 sample_id=ONT_trail_250925 barcode=barcode22 barcode_alias=barcode22 parent_read_id=8e30ff0d-13b7-4b81-9550-81552456e45c basecall_model_version_id=dna_r10.4.1_e8.2_400bps_hac@v4.3.0
16	8e30ff0d-13b7-4b81-9550-81552456e45c runid=0dfb5b492dc86ce99bf7c61c734eb364afcdb5c8 ch=80 start_time=2025-09-25T18:36:20.398161+00:00 flow_cell_id=AWX817 basecall_gpu=NVIDIA_Tegra_X2 protocol_group_id=ONT_trialEb_250925 sample_id=ONT_trail_250925 barcode=barcode22 barcode_alias=barcode22 parent_read_id=8e30ff0d-13b7-4b81-9550-81552456e45c basecall_model_version_id=dna_r10.4.1_e8.2_400bps_hac@v4.3.0
17	6ad04cf2-2a48-4f77-900c-1da837379099 runid=0dfb5b492dc86ce99bf7c61c734eb364afcdb5c8 ch=67 start_time=2025-09-26T06:21:49.398161+00:00 flow_cell_id=AWX817 basecall_gpu=NVIDIA_Tegra_X2 protocol_group_id=ONT_trialEb_250925 sample_id=ONT_trail_250925 barcode=barcode22 barcode_alias=barcode22 parent_read_id=6ad04cf2-2a48-4f77-900c-1da837379099 basecall_model_version_id=dna_r10.4.1_e8.2_400bps_hac@v4.3.0 rc
17	6ad04cf2-2a48-4f77-900c-1da837379099 runid=0dfb5b492dc86ce99bf7c61c734eb364afcdb5c8 ch=67 start_time=2025-09-26T06:21:49.398161+00:00 flow_cell_id=AWX817 basecall_gpu=NVIDIA_Tegra_X2 protocol_group_id=ONT_trialEb_250925 sample_id=ONT_trail_250925 barcode=barcode22 barcode_alias=barcode22 parent_read_id=6ad04cf2-2a48-4f77-900c-1da837379099 basecall_model_version_id=dna_r10.4.1_e8.2_400bps_hac@v4.3.0 rc
18	37af5325-3625-413d-81e7-4100643791db runid=0dfb5b492dc86ce99bf7c61c734eb364afcdb5c8 ch=15 start_time=2025-09-25T18:16:56.398161+00:00 flow_cell_id=AWX817 basecall_gpu=NVIDIA_Tegra_X2 protocol_group_id=ONT_trialEb_250925 sample_id=ONT_trail_250925 barcode=barcode23 barcode_alias=barcode23 parent_read_id=37af5325-3625-413d-81e7-4100643791db basecall_model_version_id=dna_r10.4.1_e8.2_400bps_hac@v4.3.0
19	25ff0d20-23e1-49e3-9738-a8b3147da578 runid=0dfb5b492dc86ce99bf7c61c734eb364afcdb5c8 ch=40 start_time=2025-09-25T20:17:21.398161+00:00 flow_cell_id=AWX817 basecall_gpu=NVIDIA_Tegra_X2 protocol_group_id=ONT_trialEb_250925 sample_id=ONT_trail_250925 barcode=barcode23 barcode_alias=barcode23 parent_read_id=25ff0d20-23e1-49e3-9738-a8b3147da578 basecall_model_version_id=dna_r10.4.1_e8.2_400bps_hac@v4.3.0 rc
20	4f869740-8ad3-4cd7-aebc-5049908c8232 runid=0dfb5b492dc86ce99bf7c61c734eb364afcdb5c8 ch=39 start_time=2025-09-25T21:10:45.398161+00:00 flow_cell_id=AWX817 basecall_gpu=NVIDIA_Tegra_X2 protocol_group_id=ONT_trialEb_250925 sample_id=ONT_trail_250925 barcode=barcode23 barcode_alias=barcode23 parent_read_id=4f869740-8ad3-4cd7-aebc-5049908c8232 basecall_model_version_id=dna_r10.4.1_e8.2_400bps_hac@v4.3.0
21	ac25e75b-9f28-4e60-ba74-f5ad70c1c64a runid=0dfb5b492dc86ce99bf7c61c734eb364afcdb5c8 ch=85 start_time=2025-09-26T03:51:42.398161+00:00 flow_cell_id=AWX817 basecall_gpu=NVIDIA_Tegra_X2 protocol_group_id=ONT_trialEb_250925 sample_id=ONT_trail_250925 barcode=barcode23 barcode_alias=barcode23 parent_read_id=ac25e75b-9f28-4e60-ba74-f5ad70c1c64a basecall_model_version_id=dna_r10.4.1_e8.2_400bps_hac@v4.3.0 rc
