1	c66e36e5-2bf2-4ba4-a75a-c88a9e77f9b5 runid=0dfb5b492dc86ce99bf7c61c734eb364afcdb5c8 ch=56 start_time=2025-09-25T15:59:31.398161+00:00 flow_cell_id=AWX817 basecall_gpu=NVIDIA_Tegra_X2 protocol_group_id=ONT_trialEb_250925 sample_id=ONT_trail_250925 barcode=barcode23 barcode_alias=barcode23 parent_read_id=c66e36e5-2bf2-4ba4-a75a-c88a9e77f9b5 basecall_model_version_id=dna_r10.4.1_e8.2_400bps_hac@v4.3.0
1	1846c802-de6d-47de-ab99-6dc78859e96a runid=0dfb5b492dc86ce99bf7c61c734eb364afcdb5c8 ch=20 start_time=2025-09-25T21:24:23.398161+00:00 flow_cell_id=AWX817 basecall_gpu=NVIDIA_Tegra_X2 protocol_group_id=ONT_trialEb_250925 sample_id=ONT_trail_250925 barcode=barcode24 barcode_alias=barcode24 parent_read_id=1846c802-de6d-47de-ab99-6dc78859e96a basecall_model_version_id=dna_r10.4.1_e8.2_400bps_hac@v4.3.0 rc
1	035f6b75-3131-4f4a-89de-883ead3f16fd runid=0dfb5b492dc86ce99bf7c61c734eb364afcdb5c8 ch=40 start_time=2025-09-25T19:20:00.398161+00:00 flow_cell_id=AWX817 basecall_gpu=NVIDIA_Tegra_X2 protocol_group_id=ONT_trialEb_250925 sample_id=ONT_trail_250925 barcode=barcode22 barcode_alias=barcode22 parent_read_id=035f6b75-3131-4f4a-89de-883ead3f16fd basecall_model_version_id=dna_r10.4.1_e8.2_400bps_hac@v4.3.0
1	573d047c-36dc-4544-8a17-0873ce9162e5 runid=0dfb5b492dc86ce99bf7c61c734eb364afcdb5c8 ch=20 start_time=2025-09-26T03:53:41.398161+00:00 flow_cell_id=AWX817 basecall_gpu=NVIDIA_Tegra_X2 protocol_group_id=ONT_trialEb_250925 sample_id=ONT_trail_250925 barcode=barcode24 barcode_alias=barcode24 parent_read_id=573d047c-36dc-4544-8a17-0873ce9162e5 basecall_model_version_id=dna_r10.4.1_e8.2_400bps_hac@v4.3.0
1	e310da6a-3d03-4747-bcb5-6d2e29688f44 runid=0dfb5b492dc86ce99bf7c61c734eb364afcdb5c8 ch=4 start_time=2025-09-25T21:35:56.398161+00:00 flow_cell_id=AWX817 basecall_gpu=NVIDIA_Tegra_X2 protocol_group_id=ONT_trialEb_250925 sample_id=ONT_trail_250925 barcode=barcode22 barcode_alias=barcode22 parent_read_id=e310da6a-3d03-4747-bcb5-6d2e29688f44 basecall_model_version_id=dna_r10.4.1_e8.2_400bps_hac@v4.3.0 rc
1	89b4d053-611c-47e2-befa-93a6f3352451 runid=0dfb5b492dc86ce99bf7c61c734eb364afcdb5c8 ch=91 start_time=2025-09-25T18:11:42.398161+00:00 flow_cell_id=AWX817 basecall_gpu=NVIDIA_Tegra_X2 protocol_group_id=ONT_trialEb_250925 sample_id=ONT_trail_250925 barcode=barcode22 barcode_alias=barcode22 parent_read_id=89b4d053-611c-47e2-befa-93a6f3352451 basecall_model_version_id=dna_r10.4.1_e8.2_400bps_hac@v4.3.0
1	fb04127e-236e-4200-8fc3-a842ec72f636 runid=0dfb5b492dc86ce99bf7c61c734eb364afcdb5c8 ch=56 start_time=2025-09-25T18:27:15.398161+00:00 flow_cell_id=AWX817 basecall_gpu=NVIDIA_Tegra_X2 protocol_group_id=ONT_trialEb_250925 sample_id=ONT_trail_250925 barcode=barcode22 barcode_alias=barcode22 parent_read_id=fb04127e-236e-4200-8fc3-a842ec72f636 basecall_model_version_id=dna_r10.4.1_e8.2_400bps_hac@v4.3.0
1	43289914-5278-48d3-893f-25fd21cf778b runid=0dfb5b492dc86ce99bf7c61c734eb364afcdb5c8 ch=40 start_time=2025-09-25T16:08:31.398161+00:00 flow_cell_id=AWX817 basecall_gpu=NVIDIA_Tegra_X2 protocol_group_id=ONT_trialEb_250925 sample_id=ONT_trail_250925 barcode=barcode24 barcode_alias=barcode24 parent_read_id=43289914-5278-48d3-893f-25fd21cf778b basecall_model_version_id=dna_r10.4.1_e8.2_400bps_hac@v4.3.0
1	b32ff6d9-005f-4eab-8a48-862886c320ef runid=0dfb5b492dc86ce99bf7c61c734eb364afcdb5c8 ch=58 start_time=2025-09-25T21:37:11.398161+00:00 flow_cell_id=AWX817 basecall_gpu=NVIDIA_Tegra_X2 protocol_group_id=ONT_trialEb_250925 sample_id=ONT_trail_250925 barcode=barcode22 barcode_alias=barcode22 parent_read_id=b32ff6d9-005f-4eab-8a48-862886c320ef basecall_model_version_id=dna_r10.4.1_e8.2_400bps_hac@v4.3.0
1	2d6d3d23-4a1b-4d51-b499-8176ca60a31c runid=0dfb5b492dc86ce99bf7c61c734eb364afcdb5c8 ch=44 start_time=2025-09-25T18:13:33.398161+00:00 flow_cell_id=AWX817 basecall_gpu=NVIDIA_Tegra_X2 protocol_group_id=ONT_trialEb_250925 sample_id=ONT_trail_250925 barcode=barcode22 barcode_alias=barcode22 parent_read_id=2d6d3d23-4a1b-4d51-b499-8176ca60a31c basecall_model_version_id=dna_r10.4.1_e8.2_400bps_hac@v4.3.0 rc
1	fe46cb82-51b2-4549-ad0f-1b714bbda1a2 runid=0dfb5b492dc86ce99bf7c61c734eb364afcdb5c8 ch=113 start_time=2025-09-25T16:41:47.398161+00:00 flow_cell_id=AWX817 basecall_gpu=NVIDIA_Tegra_X2 protocol_group_id=ONT_trialEb_250925 sample_id=ONT_trail_250925 barcode=barcode22 barcode_alias=barcode22 parent_read_id=fe46cb82-51b2-4549-ad0f-1b714bbda1a2 basecall_model_version_id=dna_r10.4.1_e8.2_400bps_hac@v4.3.0
1	7fe3501f-e1f1-4f81-953c-cd439c92897f runid=0dfb5b492dc86ce99bf7c61c734eb364afcdb5c8 ch=44 start_time=2025-09-25T22:48:18.398161+00:00 flow_cell_id=AWX817 basecall_gpu=NVIDIA_Tegra_X2 protocol_group_id=ONT_trialEb_250925 sample_id=ONT_trail_250925 barcode=barcode23 barcode_alias=barcode23 parent_read_id=7fe3501f-e1f1-4f81-953c-cd439c92897f basecall_model_version_id=dna_r10.4.1_e8.2_400bps_hac@v4.3.0
1	d310472f-f3e7-439b-a8dd-b64c2a5e11f8 runid=0dfb5b492dc86ce99bf7c61c734eb364afcdb5c8 ch=49 start_time=2025-09-25T17:45:33.398161+00:00 flow_cell_id=AWX817 basecall_gpu=NVIDIA_Tegra_X2 protocol_group_id=ONT_trialEb_250925 sample_id=ONT_trail_250925 barcode=barcode24 barcode_alias=barcode24 parent_read_id=d310472f-f3e7-439b-a8dd-b64c2a5e11f8 basecall_model_version_id=dna_r10.4.1_e8.2_400bps_hac@v4.3.0
1	87c1d0db-808f-43e1-8049-9f9e3ad6e7fc runid=0dfb5b492dc86ce99bf7c61c734eb364afcdb5c8 ch=85 start_time=2025-09-26T01:50:22.398161+00:00 flow_cell_id=AWX817 basecall_gpu=NVIDIA_Tegra_X2 protocol_group_id=ONT_trialEb_250925 sample_id=ONT_trail_250925 barcode=barcode22 barcode_alias=barcode22 parent_read_id=87c1d0db-808f-43e1-8049-9f9e3ad6e7fc basecall_model_version_id=dna_r10.4.1_e8.2_400bps_hac@v4.3.0
1	78bbc5eb-96bd-45e4-9aba-d4abeeb8647e runid=0dfb5b492dc86ce99bf7c61c734eb364afcdb5c8 ch=49 start_time=2025-09-26T11:07:49.398161+00:00 flow_cell_id=AWX817 basecall_gpu=NVIDIA_Tegra_X2 protocol_group_id=ONT_trialEb_250925 sample_id=ONT_trail_250925 barcode=barcode22 barcode_alias=barcode22 parent_read_id=78bbc5eb-96bd-45e4-9aba-d4abeeb8647e basecall_model_version_id=dna_r10.4.1_e8.2_400bps_hac@v4.3.0
1	4c46ca6a-2df4-467e-a28e-d1f5b5ba1b1c runid=0dfb5b492dc86ce99bf7c61c734eb364afcdb5c8 ch=44 start_time=2025-09-26T02:59:57.398161+00:00 flow_cell_id=AWX817 basecall_gpu=NVIDIA_Tegra_X2 protocol_group_id=ONT_trialEb_250925 sample_id=ONT_trail_250925 barcode=barcode24 barcode_alias=barcode24 parent_read_id=4c46ca6a-2df4-467e-a28e-d1f5b5ba1b1c basecall_model_version_id=dna_r10.4.1_e8.2_400bps_hac@v4.3.0
1	64e3590e-5d25-47d8-8226-4be2b32ffdb1 runid=0dfb5b492dc86ce99bf7c61c734eb364afcdb5c8 ch=44 start_time=2025-09-25T23:22:47.398161+00:00 flow_cell_id=AWX817 basecall_gpu=NVIDIA_Tegra_X2 protocol_group_id=ONT_trialEb_250925 sample_id=ONT_trail_250925 barcode=barcode22 barcode_alias=barcode22 parent_read_id=64e3590e-5d25-47d8-8226-4be2b32ffdb1 basecall_model_version_id=dna_r10.4.1_e8.2_400bps_hac@v4.3.0
1	467c3133-5778-4867-8f97-0fa6daad8ee8 runid=0dfb5b492dc86ce99bf7c61c734eb364afcdb5c8 ch=44 start_time=2025-09-26T04:19:30.398161+00:00 flow_cell_id=AWX817 basecall_gpu=NVIDIA_Tegra_X2 protocol_group_id=ONT_trialEb_250925 sample_id=ONT_trail_250925 barcode=barcode22 barcode_alias=barcode22 parent_read_id=467c3133-5778-4867-8f97-0fa6daad8ee8 basecall_model_version_id=dna_r10.4.1_e8.2_400bps_hac@v4.3.0 rc
1	467c3133-5778-4867-8f97-0fa6daad8ee8 runid=0dfb5b492dc86ce99bf7c61c734eb364afcdb5c8 ch=44 start_time=2025-09-26T04:19:30.398161+00:00 flow_cell_id=AWX817 basecall_gpu=NVIDIA_Tegra_X2 protocol_group_id=ONT_trialEb_250925 sample_id=ONT_trail_250925 barcode=barcode22 barcode_alias=barcode22 parent_read_id=467c3133-5778-4867-8f97-0fa6daad8ee8 basecall_model_version_id=dna_r10.4.1_e8.2_400bps_hac@v4.3.0 rc
1	be777ed8-5d4b-4f0c-a226-5804e70ac36e runid=0dfb5b492dc86ce99bf7c61c734eb364afcdb5c8 ch=20 start_time=2025-09-25T21:56:42.398161+00:00 flow_cell_id=AWX817 basecall_gpu=NVIDIA_Tegra_X2 protocol_group_id=ONT_trialEb_250925 sample_id=ONT_trail_250925 barcode=barcode24 barcode_alias=barcode24 parent_read_id=be777ed8-5d4b-4f0c-a226-5804e70ac36e basecall_model_version_id=dna_r10.4.1_e8.2_400bps_hac@v4.3.0 rc
1	008165f6-4d5d-4c53-b95a-250772b68a0c runid=0dfb5b492dc86ce99bf7c61c734eb364afcdb5c8 ch=18 start_time=2025-09-25T19:02:32.398161+00:00 flow_cell_id=AWX817 basecall_gpu=NVIDIA_Tegra_X2 protocol_group_id=ONT_trialEb_250925 sample_id=ONT_trail_250925 barcode=barcode22 barcode_alias=barcode22 parent_read_id=008165f6-4d5d-4c53-b95a-250772b68a0c basecall_model_version_id=dna_r10.4.1_e8.2_400bps_hac@v4.3.0
1	7f5c6097-fdbd-4be8-91d9-9105218fc475 runid=0dfb5b492dc86ce99bf7c61c734eb364afcdb5c8 ch=20 start_time=2025-09-25T22:28:30.398161+00:00 flow_cell_id=AWX817 basecall_gpu=NVIDIA_Tegra_X2 protocol_group_id=ONT_trialEb_250925 sample_id=ONT_trail_250925 barcode=barcode23 barcode_alias=barcode23 parent_read_id=7f5c6097-fdbd-4be8-91d9-9105218fc475 basecall_model_version_id=dna_r10.4.1_e8.2_400bps_hac@v4.3.0
1	a30a04f4-0bd5-4b0e-a017-4030a1e33de9 runid=0dfb5b492dc86ce99bf7c61c734eb364afcdb5c8 ch=20 start_time=2025-09-25T22:27:06.398161+00:00 flow_cell_id=AWX817 basecall_gpu=NVIDIA_Tegra_X2 protocol_group_id=ONT_trialEb_250925 sample_id=ONT_trail_250925 barcode=barcode22 barcode_alias=barcode22 parent_read_id=a30a04f4-0bd5-4b0e-a017-4030a1e33de9 basecall_model_version_id=dna_r10.4.1_e8.2_400bps_hac@v4.3.0
1	22187992-8c06-4fc0-993e-35638b66d0b4 runid=0dfb5b492dc86ce99bf7c61c734eb364afcdb5c8 ch=20 start_time=2025-09-25T21:32:05.398161+00:00 flow_cell_id=AWX817 basecall_gpu=NVIDIA_Tegra_X2 protocol_group_id=ONT_trialEb_250925 sample_id=ONT_trail_250925 barcode=barcode22 barcode_alias=barcode22 parent_read_id=22187992-8c06-4fc0-993e-35638b66d0b4 basecall_model_version_id=dna_r10.4.1_e8.2_400bps_hac@v4.3.0 rc
1	d8b16905-cc70-4754-a578-10ee545723cc runid=0dfb5b492dc86ce99bf7c61c734eb364afcdb5c8 ch=113 start_time=2025-09-25T16:53:46.398161+00:00 flow_cell_id=AWX817 basecall_gpu=NVIDIA_Tegra_X2 protocol_group_id=ONT_trialEb_250925 sample_id=ONT_trail_250925 barcode=barcode22 barcode_alias=barcode22 parent_read_id=d8b16905-cc70-4754-a578-10ee545723cc basecall_model_version_id=dna_r10.4.1_e8.2_400bps_hac@v4.3.0 rc
1	4a9b24a0-7be5-4156-9a85-93bd40e6f67f runid=0dfb5b492dc86ce99bf7c61c734eb364afcdb5c8 ch=20 start_time=2025-09-25T19:57:14.398161+00:00 flow_cell_id=AWX817 basecall_gpu=NVIDIA_Tegra_X2 protocol_group_id=ONT_trialEb_250925 sample_id=ONT_trail_250925 barcode=barcode22 barcode_alias=barcode22 parent_read_id=4a9b24a0-7be5-4156-9a85-93bd40e6f67f basecall_model_version_id=dna_r10.4.1_e8.2_400bps_hac@v4.3.0
1	4a9b24a0-7be5-4156-9a85-93bd40e6f67f runid=0dfb5b492dc86ce99bf7c61c734eb364afcdb5c8 ch=20 start_time=2025-09-25T19:57:14.398161+00:00 flow_cell_id=AWX817 basecall_gpu=NVIDIA_Tegra_X2 protocol_group_id=ONT_trialEb_250925 sample_id=ONT_trail_250925 barcode=barcode22 barcode_alias=barcode22 parent_read_id=4a9b24a0-7be5-4156-9a85-93bd40e6f67f basecall_model_version_id=dna_r10.4.1_e8.2_400bps_hac@v4.3.0
1	832ce662-e92a-4bf7-8709-ab65ca8cbb63 runid=0dfb5b492dc86ce99bf7c61c734eb364afcdb5c8 ch=44 start_time=2025-09-25T22:32:43.398161+00:00 flow_cell_id=AWX817 basecall_gpu=NVIDIA_Tegra_X2 protocol_group_id=ONT_trialEb_250925 sample_id=ONT_trail_250925 barcode=barcode24 barcode_alias=barcode24 parent_read_id=832ce662-e92a-4bf7-8709-ab65ca8cbb63 basecall_model_version_id=dna_r10.4.1_e8.2_400bps_hac@v4.3.0 rc
1	6c3efcbe-7978-4eb0-ac40-ab04eb311f2c runid=0dfb5b492dc86ce99bf7c61c734eb364afcdb5c8 ch=44 start_time=2025-09-26T03:00:34.398161+00:00 flow_cell_id=AWX817 basecall_gpu=NVIDIA_Tegra_X2 protocol_group_id=ONT_trialEb_250925 sample_id=ONT_trail_250925 barcode=barcode23 barcode_alias=barcode23 parent_read_id=6c3efcbe-7978-4eb0-ac40-ab04eb311f2c basecall_model_version_id=dna_r10.4.1_e8.2_400bps_hac@v4.3.0
1	296717b7-2f64-4885-be42-0d5471dd47c4 runid=0dfb5b492dc86ce99bf7c61c734eb364afcdb5c8 ch=20 start_time=2025-09-25T19:23:54.398161+00:00 flow_cell_id=AWX817 basecall_gpu=NVIDIA_Tegra_X2 protocol_group_id=ONT_trialEb_250925 sample_id=ONT_trail_250925 barcode=barcode22 barcode_alias=barcode22 parent_read_id=296717b7-2f64-4885-be42-0d5471dd47c4 basecall_model_version_id=dna_r10.4.1_e8.2_400bps_hac@v4.3.0
1	5102cbad-f902-4920-9a54-3d21c13afa24 runid=0dfb5b492dc86ce99bf7c61c734eb364afcdb5c8 ch=113 start_time=2025-09-25T16:35:05.398161+00:00 flow_cell_id=AWX817 basecall_gpu=NVIDIA_Tegra_X2 protocol_group_id=ONT_trialEb_250925 sample_id=ONT_trail_250925 barcode=barcode22 barcode_alias=barcode22 parent_read_id=5102cbad-f902-4920-9a54-3d21c13afa24 basecall_model_version_id=dna_r10.4.1_e8.2_400bps_hac@v4.3.0 rc
1	5102cbad-f902-4920-9a54-3d21c13afa24 runid=0dfb5b492dc86ce99bf7c61c734eb364afcdb5c8 ch=113 start_time=2025-09-25T16:35:05.398161+00:00 flow_cell_id=AWX817 basecall_gpu=NVIDIA_Tegra_X2 protocol_group_id=ONT_trialEb_250925 sample_id=ONT_trail_250925 barcode=barcode22 barcode_alias=barcode22 parent_read_id=5102cbad-f902-4920-9a54-3d21c13afa24 basecall_model_version_id=dna_r10.4.1_e8.2_400bps_hac@v4.3.0 rc
1	4fd64559-51dc-4e93-8f80-02713359201e runid=0dfb5b492dc86ce99bf7c61c734eb364afcdb5c8 ch=44 start_time=2025-09-25T20:51:28.398161+00:00 flow_cell_id=AWX817 basecall_gpu=NVIDIA_Tegra_X2 protocol_group_id=ONT_trialEb_250925 sample_id=ONT_trail_250925 barcode=barcode22 barcode_alias=barcode22 parent_read_id=4fd64559-51dc-4e93-8f80-02713359201e basecall_model_version_id=dna_r10.4.1_e8.2_400bps_hac@v4.3.0 rc
1	5fb237ab-e9ed-4936-ad00-48bb1824eb59 runid=0dfb5b492dc86ce99bf7c61c734eb364afcdb5c8 ch=6 start_time=2025-09-25T18:43:29.398161+00:00 flow_cell_id=AWX817 basecall_gpu=NVIDIA_Tegra_X2 protocol_group_id=ONT_trialEb_250925 sample_id=ONT_trail_250925 barcode=barcode22 barcode_alias=barcode22 parent_read_id=5fb237ab-e9ed-4936-ad00-48bb1824eb59 basecall_model_version_id=dna_r10.4.1_e8.2_400bps_hac@v4.3.0 rc
1	75cdf6e3-268a-46c5-be90-e7f3e6b4b877 runid=0dfb5b492dc86ce99bf7c61c734eb364afcdb5c8 ch=20 start_time=2025-09-25T20:58:28.398161+00:00 flow_cell_id=AWX817 basecall_gpu=NVIDIA_Tegra_X2 protocol_group_id=ONT_trialEb_250925 sample_id=ONT_trail_250925 barcode=barcode22 barcode_alias=barcode22 parent_read_id=75cdf6e3-268a-46c5-be90-e7f3e6b4b877 basecall_model_version_id=dna_r10.4.1_e8.2_400bps_hac@v4.3.0
1	e06a98be-3344-4cc6-b755-cd548dce82b4 runid=0dfb5b492dc86ce99bf7c61c734eb364afcdb5c8 ch=57 start_time=2025-09-25T17:30:10.398161+00:00 flow_cell_id=AWX817 basecall_gpu=NVIDIA_Tegra_X2 protocol_group_id=ONT_trialEb_250925 sample_id=ONT_trail_250925 barcode=barcode22 barcode_alias=barcode22 parent_read_id=e06a98be-3344-4cc6-b755-cd548dce82b4 basecall_model_version_id=dna_r10.4.1_e8.2_400bps_hac@v4.3.0 rc
1	93884410-1163-414b-8503-453bfec18520 runid=0dfb5b492dc86ce99bf7c61c734eb364afcdb5c8 ch=57 start_time=2025-09-25T16:02:02.398161+00:00 flow_cell_id=AWX817 basecall_gpu=NVIDIA_Tegra_X2 protocol_group_id=ONT_trialEb_250925 sample_id=ONT_trail_250925 barcode=barcode22 barcode_alias=barcode22 parent_read_id=93884410-1163-414b-8503-453bfec18520 basecall_model_version_id=dna_r10.4.1_e8.2_400bps_hac@v4.3.0
1	c2a9d3b6-5d3d-4741-9de3-5ea8b50ea3c8 runid=0dfb5b492dc86ce99bf7c61c734eb364afcdb5c8 ch=110 start_time=2025-09-25T17:59:53.398161+00:00 flow_cell_id=AWX817 basecall_gpu=NVIDIA_Tegra_X2 protocol_group_id=ONT_trialEb_250925 sample_id=ONT_trail_250925 barcode=barcode22 barcode_alias=barcode22 parent_read_id=c2a9d3b6-5d3d-4741-9de3-5ea8b50ea3c8 basecall_model_version_id=dna_r10.4.1_e8.2_400bps_hac@v4.3.0
1	31dde6e6-44cc-498a-9518-8f2873d1ea7b runid=0dfb5b492dc86ce99bf7c61c734eb364afcdb5c8 ch=85 start_time=2025-09-25T21:12:25.398161+00:00 flow_cell_id=AWX817 basecall_gpu=NVIDIA_Tegra_X2 protocol_group_id=ONT_trialEb_250925 sample_id=ONT_trail_250925 barcode=barcode23 barcode_alias=barcode23 parent_read_id=31dde6e6-44cc-498a-9518-8f2873d1ea7b basecall_model_version_id=dna_r10.4.1_e8.2_400bps_hac@v4.3.0
1	439302ab-b7e0-43ab-b9dd-f041f04c967d runid=0dfb5b492dc86ce99bf7c61c734eb364afcdb5c8 ch=40 start_time=2025-09-25T16:21:41.398161+00:00 flow_cell_id=AWX817 basecall_gpu=NVIDIA_Tegra_X2 protocol_group_id=ONT_trialEb_250925 sample_id=ONT_trail_250925 barcode=barcode22 barcode_alias=barcode22 parent_read_id=439302ab-b7e0-43ab-b9dd-f041f04c967d basecall_model_version_id=dna_r10.4.1_e8.2_400bps_hac@v4.3.0
1	439302ab-b7e0-43ab-b9dd-f041f04c967d runid=0dfb5b492dc86ce99bf7c61c734eb364afcdb5c8 ch=40 start_time=2025-09-25T16:21:41.398161+00:00 flow_cell_id=AWX817 basecall_gpu=NVIDIA_Tegra_X2 protocol_group_id=ONT_trialEb_250925 sample_id=ONT_trail_250925 barcode=barcode22 barcode_alias=barcode22 parent_read_id=439302ab-b7e0-43ab-b9dd-f041f04c967d basecall_model_version_id=dna_r10.4.1_e8.2_400bps_hac@v4.3.0
1	60bc6fd9-2ce1-4303-bda7-f2eedfeb7903 runid=0dfb5b492dc86ce99bf7c61c734eb364afcdb5c8 ch=43 start_time=2025-09-25T16:16:21.398161+00:00 flow_cell_id=AWX817 basecall_gpu=NVIDIA_Tegra_X2 protocol_group_id=ONT_trialEb_250925 sample_id=ONT_trail_250925 barcode=barcode22 barcode_alias=barcode22 parent_read_id=60bc6fd9-2ce1-4303-bda7-f2eedfeb7903 basecall_model_version_id=dna_r10.4.1_e8.2_400bps_hac@v4.3.0 rc
1	601b8b9d-7cf1-4d71-8c40-2ce30d12d787 runid=0dfb5b492dc86ce99bf7c61c734eb364afcdb5c8 ch=15 start_time=2025-09-25T18:34:29.398161+00:00 flow_cell_id=AWX817 basecall_gpu=NVIDIA_Tegra_X2 protocol_group_id=ONT_trialEb_250925 sample_id=ONT_trail_250925 barcode=barcode22 barcode_alias=barcode22 parent_read_id=601b8b9d-7cf1-4d71-8c40-2ce30d12d787 basecall_model_version_id=dna_r10.4.1_e8.2_400bps_hac@v4.3.0
1	86bb26de-f19f-4c2c-8463-1582a0f62f59 runid=0dfb5b492dc86ce99bf7c61c734eb364afcdb5c8 ch=44 start_time=2025-09-26T01:00:36.398161+00:00 flow_cell_id=AWX817 basecall_gpu=NVIDIA_Tegra_X2 protocol_group_id=ONT_trialEb_250925 sample_id=ONT_trail_250925 barcode=barcode22 barcode_alias=barcode22 parent_read_id=86bb26de-f19f-4c2c-8463-1582a0f62f59 basecall_model_version_id=dna_r10.4.1_e8.2_400bps_hac@v4.3.0
1	0235a192-8463-4cbb-b7df-aae3071a0765 runid=0dfb5b492dc86ce99bf7c61c734eb364afcdb5c8 ch=15 start_time=2025-09-25T17:30:15.398161+00:00 flow_cell_id=AWX817 basecall_gpu=NVIDIA_Tegra_X2 protocol_group_id=ONT_trialEb_250925 sample_id=ONT_trail_250925 barcode=barcode22 barcode_alias=barcode22 parent_read_id=0235a192-8463-4cbb-b7df-aae3071a0765 basecall_model_version_id=dna_r10.4.1_e8.2_400bps_hac@v4.3.0
1	1c6d5505-1b27-480b-b3d1-843bd071759a runid=0dfb5b492dc86ce99bf7c61c734eb364afcdb5c8 ch=44 start_time=2025-09-26T00:13:36.398161+00:00 flow_cell_id=AWX817 basecall_gpu=NVIDIA_Tegra_X2 protocol_group_id=ONT_trialEb_250925 sample_id=ONT_trail_250925 barcode=barcode24 barcode_alias=barcode24 parent_read_id=1c6d5505-1b27-480b-b3d1-843bd071759a basecall_model_version_id=dna_r10.4.1_e8.2_400bps_hac@v4.3.0
1	21685884-aa69-45a3-8057-8819d574daa1 runid=0dfb5b492dc86ce99bf7c61c734eb364afcdb5c8 ch=44 start_time=2025-09-25T18:09:10.398161+00:00 flow_cell_id=AWX817 basecall_gpu=NVIDIA_Tegra_X2 protocol_group_id=ONT_trialEb_250925 sample_id=ONT_trail_250925 barcode=barcode22 barcode_alias=barcode22 parent_read_id=21685884-aa69-45a3-8057-8819d574daa1 basecall_model_version_id=dna_r10.4.1_e8.2_400bps_hac@v4.3.0 rc
1	b38c80a4-ea84-44f2-819d-aaf0c7c6966f runid=0dfb5b492dc86ce99bf7c61c734eb364afcdb5c8 ch=58 start_time=2025-09-25T21:54:27.398161+00:00 flow_cell_id=AWX817 basecall_gpu=NVIDIA_Tegra_X2 protocol_group_id=ONT_trialEb_250925 sample_id=ONT_trail_250925 barcode=barcode22 barcode_alias=barcode22 parent_read_id=b38c80a4-ea84-44f2-819d-aaf0c7c6966f basecall_model_version_id=dna_r10.4.1_e8.2_400bps_hac@v4.3.0 rc
1	edc56f8d-f1cf-4aa2-a1dc-e0f9b9f802ee runid=0dfb5b492dc86ce99bf7c61c734eb364afcdb5c8 ch=44 start_time=2025-09-25T17:07:51.398161+00:00 flow_cell_id=AWX817 basecall_gpu=NVIDIA_Tegra_X2 protocol_group_id=ONT_trialEb_250925 sample_id=ONT_trail_250925 barcode=barcode22 barcode_alias=barcode22 parent_read_id=edc56f8d-f1cf-4aa2-a1dc-e0f9b9f802ee basecall_model_version_id=dna_r10.4.1_e8.2_400bps_hac@v4.3.0
1	b04c161c-1b74-45f9-befd-83fb943541d1 runid=0dfb5b492dc86ce99bf7c61c734eb364afcdb5c8 ch=44 start_time=2025-09-25T15:46:19.398161+00:00 flow_cell_id=AWX817 basecall_gpu=NVIDIA_Tegra_X2 protocol_group_id=ONT_trialEb_250925 sample_id=ONT_trail_250925 barcode=barcode23 barcode_alias=barcode23 parent_read_id=b04c161c-1b74-45f9-befd-83fb943541d1 basecall_model_version_id=dna_r10.4.1_e8.2_400bps_hac@v4.3.0 rc
1	9ef11051-b41b-4aaa-b098-25053d51f7ec runid=0dfb5b492dc86ce99bf7c61c734eb364afcdb5c8 ch=44 start_time=2025-09-25T18:24:12.398161+00:00 flow_cell_id=AWX817 basecall_gpu=NVIDIA_Tegra_X2 protocol_group_id=ONT_trialEb_250925 sample_id=ONT_trail_250925 barcode=barcode22 barcode_alias=barcode22 parent_read_id=376590bc-a8a3-446d-bb22-c87fb86f62b1 basecall_model_version_id=dna_r10.4.1_e8.2_400bps_hac@v4.3.0
1	3dc388bd-fff6-4f4d-95ba-2a00aeaa2624 runid=0dfb5b492dc86ce99bf7c61c734eb364afcdb5c8 ch=57 start_time=2025-09-25T15:58:54.398161+00:00 flow_cell_id=AWX817 basecall_gpu=NVIDIA_Tegra_X2 protocol_group_id=ONT_trialEb_250925 sample_id=ONT_trail_250925 barcode=barcode23 barcode_alias=barcode23 parent_read_id=3dc388bd-fff6-4f4d-95ba-2a00aeaa2624 basecall_model_version_id=dna_r10.4.1_e8.2_400bps_hac@v4.3.0
1	b3b858ee-56ee-4a7a-a5ae-1ed95e386807 runid=0dfb5b492dc86ce99bf7c61c734eb364afcdb5c8 ch=44 start_time=2025-09-26T00:55:31.398161+00:00 flow_cell_id=AWX817 basecall_gpu=NVIDIA_Tegra_X2 protocol_group_id=ONT_trialEb_250925 sample_id=ONT_trail_250925 barcode=barcode22 barcode_alias=barcode22 parent_read_id=b3b858ee-56ee-4a7a-a5ae-1ed95e386807 basecall_model_version_id=dna_r10.4.1_e8.2_400bps_hac@v4.3.0 rc
1	b3b858ee-56ee-4a7a-a5ae-1ed95e386807 runid=0dfb5b492dc86ce99bf7c61c734eb364afcdb5c8 ch=44 start_time=2025-09-26T00:55:31.398161+00:00 flow_cell_id=AWX817 basecall_gpu=NVIDIA_Tegra_X2 protocol_group_id=ONT_trialEb_250925 sample_id=ONT_trail_250925 barcode=barcode22 barcode_alias=barcode22 parent_read_id=b3b858ee-56ee-4a7a-a5ae-1ed95e386807 basecall_model_version_id=dna_r10.4.1_e8.2_400bps_hac@v4.3.0 rc
1	bba708e3-6ded-42ea-b664-81d81a2b55a0 runid=0dfb5b492dc86ce99bf7c61c734eb364afcdb5c8 ch=49 start_time=2025-09-26T03:32:35.398161+00:00 flow_cell_id=AWX817 basecall_gpu=NVIDIA_Tegra_X2 protocol_group_id=ONT_trialEb_250925 sample_id=ONT_trail_250925 barcode=barcode22 barcode_alias=barcode22 parent_read_id=bba708e3-6ded-42ea-b664-81d81a2b55a0 basecall_model_version_id=dna_r10.4.1_e8.2_400bps_hac@v4.3.0
1	bba708e3-6ded-42ea-b664-81d81a2b55a0 runid=0dfb5b492dc86ce99bf7c61c734eb364afcdb5c8 ch=49 start_time=2025-09-26T03:32:35.398161+00:00 flow_cell_id=AWX817 basecall_gpu=NVIDIA_Tegra_X2 protocol_group_id=ONT_trialEb_250925 sample_id=ONT_trail_250925 barcode=barcode22 barcode_alias=barcode22 parent_read_id=bba708e3-6ded-42ea-b664-81d81a2b55a0 basecall_model_version_id=dna_r10.4.1_e8.2_400bps_hac@v4.3.0
1	cb41b0b3-cccb-42e1-8d6d-3950c69e8f31 runid=0dfb5b492dc86ce99bf7c61c734eb364afcdb5c8 ch=49 start_time=2025-09-25T18:13:03.398161+00:00 flow_cell_id=AWX817 basecall_gpu=NVIDIA_Tegra_X2 protocol_group_id=ONT_trialEb_250925 sample_id=ONT_trail_250925 barcode=barcode22 barcode_alias=barcode22 parent_read_id=cb41b0b3-cccb-42e1-8d6d-3950c69e8f31 basecall_model_version_id=dna_r10.4.1_e8.2_400bps_hac@v4.3.0
1	621ff024-cee9-4f8e-af1e-665af9a78142 runid=0dfb5b492dc86ce99bf7c61c734eb364afcdb5c8 ch=20 start_time=2025-09-25T20:41:01.398161+00:00 flow_cell_id=AWX817 basecall_gpu=NVIDIA_Tegra_X2 protocol_group_id=ONT_trialEb_250925 sample_id=ONT_trail_250925 barcode=barcode23 barcode_alias=barcode23 parent_read_id=621ff024-cee9-4f8e-af1e-665af9a78142 basecall_model_version_id=dna_r10.4.1_e8.2_400bps_hac@v4.3.0
1	d106ee9d-3ddf-490e-b42c-031c767a9b0e runid=0dfb5b492dc86ce99bf7c61c734eb364afcdb5c8 ch=44 start_time=2025-09-25T19:12:16.398161+00:00 flow_cell_id=AWX817 basecall_gpu=NVIDIA_Tegra_X2 protocol_group_id=ONT_trialEb_250925 sample_id=ONT_trail_250925 barcode=barcode23 barcode_alias=barcode23 parent_read_id=d106ee9d-3ddf-490e-b42c-031c767a9b0e basecall_model_version_id=dna_r10.4.1_e8.2_400bps_hac@v4.3.0 rc
1	767d98de-861c-43b9-ab37-58102c4e646c runid=0dfb5b492dc86ce99bf7c61c734eb364afcdb5c8 ch=49 start_time=2025-09-26T09:15:43.398161+00:00 flow_cell_id=AWX817 basecall_gpu=NVIDIA_Tegra_X2 protocol_group_id=ONT_trialEb_250925 sample_id=ONT_trail_250925 barcode=barcode23 barcode_alias=barcode23 parent_read_id=767d98de-861c-43b9-ab37-58102c4e646c basecall_model_version_id=dna_r10.4.1_e8.2_400bps_hac@v4.3.0
1	09110048-e66f-4330-8b24-a0be8adf702b runid=0dfb5b492dc86ce99bf7c61c734eb364afcdb5c8 ch=4 start_time=2025-09-26T06:01:51.398161+00:00 flow_cell_id=AWX817 basecall_gpu=NVIDIA_Tegra_X2 protocol_group_id=ONT_trialEb_250925 sample_id=ONT_trail_250925 barcode=barcode22 barcode_alias=barcode22 parent_read_id=09110048-e66f-4330-8b24-a0be8adf702b basecall_model_version_id=dna_r10.4.1_e8.2_400bps_hac@v4.3.0 rc
1	205c1f79-1fb8-454a-a045-d19af9863179 runid=0dfb5b492dc86ce99bf7c61c734eb364afcdb5c8 ch=44 start_time=2025-09-25T18:33:31.398161+00:00 flow_cell_id=AWX817 basecall_gpu=NVIDIA_Tegra_X2 protocol_group_id=ONT_trialEb_250925 sample_id=ONT_trail_250925 barcode=barcode23 barcode_alias=barcode23 parent_read_id=205c1f79-1fb8-454a-a045-d19af9863179 basecall_model_version_id=dna_r10.4.1_e8.2_400bps_hac@v4.3.0
1	88009be4-3e62-490a-8a4b-df2ec892cc9b runid=0dfb5b492dc86ce99bf7c61c734eb364afcdb5c8 ch=58 start_time=2025-09-25T19:32:45.398161+00:00 flow_cell_id=AWX817 basecall_gpu=NVIDIA_Tegra_X2 protocol_group_id=ONT_trialEb_250925 sample_id=ONT_trail_250925 barcode=barcode22 barcode_alias=barcode22 parent_read_id=88009be4-3e62-490a-8a4b-df2ec892cc9b basecall_model_version_id=dna_r10.4.1_e8.2_400bps_hac@v4.3.0
200	e2b4b602-96ff-4bb5-a3d1-12befc603dfe runid=0dfb5b492dc86ce99bf7c61c734eb364afcdb5c8 ch=4 start_time=2025-09-25T20:44:42.398161+00:00 flow_cell_id=AWX817 basecall_gpu=NVIDIA_Tegra_X2 protocol_group_id=ONT_trialEb_250925 sample_id=ONT_trail_250925 barcode=barcode22 barcode_alias=barcode22 parent_read_id=e2b4b602-96ff-4bb5-a3d1-12befc603dfe basecall_model_version_id=dna_r10.4.1_e8.2_400bps_hac@v4.3.0
200	3b272d72-e49f-4114-b288-6075831599f1 runid=0dfb5b492dc86ce99bf7c61c734eb364afcdb5c8 ch=110 start_time=2025-09-25T17:51:51.398161+00:00 flow_cell_id=AWX817 basecall_gpu=NVIDIA_Tegra_X2 protocol_group_id=ONT_trialEb_250925 sample_id=ONT_trail_250925 barcode=barcode22 barcode_alias=barcode22 parent_read_id=3b272d72-e49f-4114-b288-6075831599f1 basecall_model_version_id=dna_r10.4.1_e8.2_400bps_hac@v4.3.0 rc
200	fa1d6eb0-5ac0-4a9a-a304-4e969ca46a40 runid=0dfb5b492dc86ce99bf7c61c734eb364afcdb5c8 ch=91 start_time=2025-09-25T17:29:34.398161+00:00 flow_cell_id=AWX817 basecall_gpu=NVIDIA_Tegra_X2 protocol_group_id=ONT_trialEb_250925 sample_id=ONT_trail_250925 barcode=barcode24 barcode_alias=barcode24 parent_read_id=fa1d6eb0-5ac0-4a9a-a304-4e969ca46a40 basecall_model_version_id=dna_r10.4.1_e8.2_400bps_hac@v4.3.0
200	76f8d1f3-aeaf-4e58-874d-3c0ec1377f2b runid=0dfb5b492dc86ce99bf7c61c734eb364afcdb5c8 ch=44 start_time=2025-09-25T22:36:59.398161+00:00 flow_cell_id=AWX817 basecall_gpu=NVIDIA_Tegra_X2 protocol_group_id=ONT_trialEb_250925 sample_id=ONT_trail_250925 barcode=barcode22 barcode_alias=barcode22 parent_read_id=76f8d1f3-aeaf-4e58-874d-3c0ec1377f2b basecall_model_version_id=dna_r10.4.1_e8.2_400bps_hac@v4.3.0
200	3ab8df26-7442-4cdc-8b48-a8e4d2bd1f02 runid=0dfb5b492dc86ce99bf7c61c734eb364afcdb5c8 ch=40 start_time=2025-09-25T17:00:24.398161+00:00 flow_cell_id=AWX817 basecall_gpu=NVIDIA_Tegra_X2 protocol_group_id=ONT_trialEb_250925 sample_id=ONT_trail_250925 barcode=barcode24 barcode_alias=barcode24 parent_read_id=3ab8df26-7442-4cdc-8b48-a8e4d2bd1f02 basecall_model_version_id=dna_r10.4.1_e8.2_400bps_hac@v4.3.0 rc
200	38aa3b22-94d9-48e7-8789-cbb03f0b59ca runid=0dfb5b492dc86ce99bf7c61c734eb364afcdb5c8 ch=44 start_time=2025-09-26T02:59:45.398161+00:00 flow_cell_id=AWX817 basecall_gpu=NVIDIA_Tegra_X2 protocol_group_id=ONT_trialEb_250925 sample_id=ONT_trail_250925 barcode=barcode22 barcode_alias=barcode22 parent_read_id=38aa3b22-94d9-48e7-8789-cbb03f0b59ca basecall_model_version_id=dna_r10.4.1_e8.2_400bps_hac@v4.3.0 rc
200	c06fe4db-94aa-45cf-a483-a2df7c59d7b2 runid=0dfb5b492dc86ce99bf7c61c734eb364afcdb5c8 ch=58 start_time=2025-09-25T21:23:35.398161+00:00 flow_cell_id=AWX817 basecall_gpu=NVIDIA_Tegra_X2 protocol_group_id=ONT_trialEb_250925 sample_id=ONT_trail_250925 barcode=barcode22 barcode_alias=barcode22 parent_read_id=c06fe4db-94aa-45cf-a483-a2df7c59d7b2 basecall_model_version_id=dna_r10.4.1_e8.2_400bps_hac@v4.3.0
200	f8284328-d5d0-44cb-87b5-ba31728574b4 runid=0dfb5b492dc86ce99bf7c61c734eb364afcdb5c8 ch=23 start_time=2025-09-25T18:30:32.398161+00:00 flow_cell_id=AWX817 basecall_gpu=NVIDIA_Tegra_X2 protocol_group_id=ONT_trialEb_250925 sample_id=ONT_trail_250925 barcode=barcode24 barcode_alias=barcode24 parent_read_id=f8284328-d5d0-44cb-87b5-ba31728574b4 basecall_model_version_id=dna_r10.4.1_e8.2_400bps_hac@v4.3.0 rc
200	35fb46c9-3a09-4286-af78-1173624aa200 runid=0dfb5b492dc86ce99bf7c61c734eb364afcdb5c8 ch=44 start_time=2025-09-26T03:35:39.398161+00:00 flow_cell_id=AWX817 basecall_gpu=NVIDIA_Tegra_X2 protocol_group_id=ONT_trialEb_250925 sample_id=ONT_trail_250925 barcode=barcode22 barcode_alias=barcode22 parent_read_id=35fb46c9-3a09-4286-af78-1173624aa200 basecall_model_version_id=dna_r10.4.1_e8.2_400bps_hac@v4.3.0
200	363583df-d073-4944-9100-c1e5a3f08c01 runid=0dfb5b492dc86ce99bf7c61c734eb364afcdb5c8 ch=49 start_time=2025-09-26T09:18:34.398161+00:00 flow_cell_id=AWX817 basecall_gpu=NVIDIA_Tegra_X2 protocol_group_id=ONT_trialEb_250925 sample_id=ONT_trail_250925 barcode=barcode22 barcode_alias=barcode22 parent_read_id=363583df-d073-4944-9100-c1e5a3f08c01 basecall_model_version_id=dna_r10.4.1_e8.2_400bps_hac@v4.3.0
200	50e35070-52e2-4266-bcc1-8dbd30fcb8a6 runid=0dfb5b492dc86ce99bf7c61c734eb364afcdb5c8 ch=44 start_time=2025-09-25T18:26:12.398161+00:00 flow_cell_id=AWX817 basecall_gpu=NVIDIA_Tegra_X2 protocol_group_id=ONT_trialEb_250925 sample_id=ONT_trail_250925 barcode=barcode22 barcode_alias=barcode22 parent_read_id=50e35070-52e2-4266-bcc1-8dbd30fcb8a6 basecall_model_version_id=dna_r10.4.1_e8.2_400bps_hac@v4.3.0 rc
200	1b0e7057-0d7c-4afe-a1ce-19200109b1cc runid=0dfb5b492dc86ce99bf7c61c734eb364afcdb5c8 ch=20 start_time=2025-09-26T07:29:49.398161+00:00 flow_cell_id=AWX817 basecall_gpu=NVIDIA_Tegra_X2 protocol_group_id=ONT_trialEb_250925 sample_id=ONT_trail_250925 barcode=barcode13 barcode_alias=barcode13 parent_read_id=1b0e7057-0d7c-4afe-a1ce-19200109b1cc basecall_model_version_id=dna_r10.4.1_e8.2_400bps_hac@v4.3.0
200	9c3d9840-5c65-4e3e-8ac4-e97018221faa runid=0dfb5b492dc86ce99bf7c61c734eb364afcdb5c8 ch=20 start_time=2025-09-25T17:31:28.398161+00:00 flow_cell_id=AWX817 basecall_gpu=NVIDIA_Tegra_X2 protocol_group_id=ONT_trialEb_250925 sample_id=ONT_trail_250925 barcode=barcode22 barcode_alias=barcode22 parent_read_id=9c3d9840-5c65-4e3e-8ac4-e97018221faa basecall_model_version_id=dna_r10.4.1_e8.2_400bps_hac@v4.3.0
200	6bfcb9d1-0914-4029-9161-ccf989c64dd0 runid=0dfb5b492dc86ce99bf7c61c734eb364afcdb5c8 ch=44 start_time=2025-09-26T04:00:02.398161+00:00 flow_cell_id=AWX817 basecall_gpu=NVIDIA_Tegra_X2 protocol_group_id=ONT_trialEb_250925 sample_id=ONT_trail_250925 barcode=barcode24 barcode_alias=barcode24 parent_read_id=6bfcb9d1-0914-4029-9161-ccf989c64dd0 basecall_model_version_id=dna_r10.4.1_e8.2_400bps_hac@v4.3.0 rc
200	d03ddcd3-58ac-40b1-a6d0-f7f317b3c380 runid=0dfb5b492dc86ce99bf7c61c734eb364afcdb5c8 ch=4 start_time=2025-09-25T22:22:14.398161+00:00 flow_cell_id=AWX817 basecall_gpu=NVIDIA_Tegra_X2 protocol_group_id=ONT_trialEb_250925 sample_id=ONT_trail_250925 barcode=barcode22 barcode_alias=barcode22 parent_read_id=d03ddcd3-58ac-40b1-a6d0-f7f317b3c380 basecall_model_version_id=dna_r10.4.1_e8.2_400bps_hac@v4.3.0 rc
200	8a3309dd-d9bc-4ca5-93ab-526419ed59a9 runid=0dfb5b492dc86ce99bf7c61c734eb364afcdb5c8 ch=44 start_time=2025-09-26T03:15:30.398161+00:00 flow_cell_id=AWX817 basecall_gpu=NVIDIA_Tegra_X2 protocol_group_id=ONT_trialEb_250925 sample_id=ONT_trail_250925 barcode=barcode22 barcode_alias=barcode22 parent_read_id=8a3309dd-d9bc-4ca5-93ab-526419ed59a9 basecall_model_version_id=dna_r10.4.1_e8.2_400bps_hac@v4.3.0
200	489a60bc-0831-47fb-b4fc-45e0771d4e2e runid=0dfb5b492dc86ce99bf7c61c734eb364afcdb5c8 ch=4 start_time=2025-09-26T04:46:09.398161+00:00 flow_cell_id=AWX817 basecall_gpu=NVIDIA_Tegra_X2 protocol_group_id=ONT_trialEb_250925 sample_id=ONT_trail_250925 barcode=barcode22 barcode_alias=barcode22 parent_read_id=489a60bc-0831-47fb-b4fc-45e0771d4e2e basecall_model_version_id=dna_r10.4.1_e8.2_400bps_hac@v4.3.0
200	405889ae-4bf6-4419-a694-95d6eb21e905 runid=0dfb5b492dc86ce99bf7c61c734eb364afcdb5c8 ch=20 start_time=2025-09-25T21:41:50.398161+00:00 flow_cell_id=AWX817 basecall_gpu=NVIDIA_Tegra_X2 protocol_group_id=ONT_trialEb_250925 sample_id=ONT_trail_250925 barcode=barcode22 barcode_alias=barcode22 parent_read_id=405889ae-4bf6-4419-a694-95d6eb21e905 basecall_model_version_id=dna_r10.4.1_e8.2_400bps_hac@v4.3.0
200	80c9615d-267d-4295-80d6-9a28153bdb82 runid=0dfb5b492dc86ce99bf7c61c734eb364afcdb5c8 ch=110 start_time=2025-09-25T20:11:35.398161+00:00 flow_cell_id=AWX817 basecall_gpu=NVIDIA_Tegra_X2 protocol_group_id=ONT_trialEb_250925 sample_id=ONT_trail_250925 barcode=barcode24 barcode_alias=barcode24 parent_read_id=80c9615d-267d-4295-80d6-9a28153bdb82 basecall_model_version_id=dna_r10.4.1_e8.2_400bps_hac@v4.3.0 rc
200	4b932012-03f4-4153-82bb-1280edfad24e runid=0dfb5b492dc86ce99bf7c61c734eb364afcdb5c8 ch=43 start_time=2025-09-25T18:31:18.398161+00:00 flow_cell_id=AWX817 basecall_gpu=NVIDIA_Tegra_X2 protocol_group_id=ONT_trialEb_250925 sample_id=ONT_trail_250925 barcode=barcode23 barcode_alias=barcode23 parent_read_id=4b932012-03f4-4153-82bb-1280edfad24e basecall_model_version_id=dna_r10.4.1_e8.2_400bps_hac@v4.3.0
200	549aa969-f7ac-4229-879a-9dfb53dffad4 runid=0dfb5b492dc86ce99bf7c61c734eb364afcdb5c8 ch=110 start_time=2025-09-25T16:06:51.398161+00:00 flow_cell_id=AWX817 basecall_gpu=NVIDIA_Tegra_X2 protocol_group_id=ONT_trialEb_250925 sample_id=ONT_trail_250925 barcode=barcode22 barcode_alias=barcode22 parent_read_id=549aa969-f7ac-4229-879a-9dfb53dffad4 basecall_model_version_id=dna_r10.4.1_e8.2_400bps_hac@v4.3.0
200	ab666f11-f59d-4c3a-b14d-ae7f9f240c7a runid=0dfb5b492dc86ce99bf7c61c734eb364afcdb5c8 ch=106 start_time=2025-09-25T21:31:42.398161+00:00 flow_cell_id=AWX817 basecall_gpu=NVIDIA_Tegra_X2 protocol_group_id=ONT_trialEb_250925 sample_id=ONT_trail_250925 barcode=barcode22 barcode_alias=barcode22 parent_read_id=ab666f11-f59d-4c3a-b14d-ae7f9f240c7a basecall_model_version_id=dna_r10.4.1_e8.2_400bps_hac@v4.3.0
200	ca7f308b-64ac-4729-94da-ee5891681906 runid=0dfb5b492dc86ce99bf7c61c734eb364afcdb5c8 ch=20 start_time=2025-09-26T05:08:49.398161+00:00 flow_cell_id=AWX817 basecall_gpu=NVIDIA_Tegra_X2 protocol_group_id=ONT_trialEb_250925 sample_id=ONT_trail_250925 barcode=barcode24 barcode_alias=barcode24 parent_read_id=ca7f308b-64ac-4729-94da-ee5891681906 basecall_model_version_id=dna_r10.4.1_e8.2_400bps_hac@v4.3.0 rc
200	48d37002-d900-41a1-a17f-2f7a3b86ff9f runid=0dfb5b492dc86ce99bf7c61c734eb364afcdb5c8 ch=4 start_time=2025-09-25T17:31:40.398161+00:00 flow_cell_id=AWX817 basecall_gpu=NVIDIA_Tegra_X2 protocol_group_id=ONT_trialEb_250925 sample_id=ONT_trail_250925 barcode=barcode24 barcode_alias=barcode24 parent_read_id=48d37002-d900-41a1-a17f-2f7a3b86ff9f basecall_model_version_id=dna_r10.4.1_e8.2_400bps_hac@v4.3.0 rc
200	c298da05-7155-457d-87e7-d9adbe688739 runid=0dfb5b492dc86ce99bf7c61c734eb364afcdb5c8 ch=44 start_time=2025-09-26T01:39:48.398161+00:00 flow_cell_id=AWX817 basecall_gpu=NVIDIA_Tegra_X2 protocol_group_id=ONT_trialEb_250925 sample_id=ONT_trail_250925 barcode=barcode23 barcode_alias=barcode23 parent_read_id=c298da05-7155-457d-87e7-d9adbe688739 basecall_model_version_id=dna_r10.4.1_e8.2_400bps_hac@v4.3.0
200	ef78a4f5-d139-441c-a0e8-4d39c02ef3f2 runid=0dfb5b492dc86ce99bf7c61c734eb364afcdb5c8 ch=56 start_time=2025-09-25T17:12:24.398161+00:00 flow_cell_id=AWX817 basecall_gpu=NVIDIA_Tegra_X2 protocol_group_id=ONT_trialEb_250925 sample_id=ONT_trail_250925 barcode=barcode22 barcode_alias=barcode22 parent_read_id=ef78a4f5-d139-441c-a0e8-4d39c02ef3f2 basecall_model_version_id=dna_r10.4.1_e8.2_400bps_hac@v4.3.0 rc
200	ef78a4f5-d139-441c-a0e8-4d39c02ef3f2 runid=0dfb5b492dc86ce99bf7c61c734eb364afcdb5c8 ch=56 start_time=2025-09-25T17:12:24.398161+00:00 flow_cell_id=AWX817 basecall_gpu=NVIDIA_Tegra_X2 protocol_group_id=ONT_trialEb_250925 sample_id=ONT_trail_250925 barcode=barcode22 barcode_alias=barcode22 parent_read_id=ef78a4f5-d139-441c-a0e8-4d39c02ef3f2 basecall_model_version_id=dna_r10.4.1_e8.2_400bps_hac@v4.3.0 rc
200	82f78ca0-4cd9-4aa6-bbba-27706ace3bd5 runid=0dfb5b492dc86ce99bf7c61c734eb364afcdb5c8 ch=85 start_time=2025-09-25T18:08:21.398161+00:00 flow_cell_id=AWX817 basecall_gpu=NVIDIA_Tegra_X2 protocol_group_id=ONT_trialEb_250925 sample_id=ONT_trail_250925 barcode=barcode24 barcode_alias=barcode24 parent_read_id=82f78ca0-4cd9-4aa6-bbba-27706ace3bd5 basecall_model_version_id=dna_r10.4.1_e8.2_400bps_hac@v4.3.0 rc
200	03bdebae-4107-4677-90cc-b1b1cd767aef runid=0dfb5b492dc86ce99bf7c61c734eb364afcdb5c8 ch=44 start_time=2025-09-26T05:04:57.398161+00:00 flow_cell_id=AWX817 basecall_gpu=NVIDIA_Tegra_X2 protocol_group_id=ONT_trialEb_250925 sample_id=ONT_trail_250925 barcode=barcode23 barcode_alias=barcode23 parent_read_id=e86287a7-08ac-4275-8506-f8058a132233 basecall_model_version_id=dna_r10.4.1_e8.2_400bps_hac@v4.3.0 rc
200	c874e51d-7cae-4e83-b333-e3300779161f runid=0dfb5b492dc86ce99bf7c61c734eb364afcdb5c8 ch=44 start_time=2025-09-26T03:41:04.398161+00:00 flow_cell_id=AWX817 basecall_gpu=NVIDIA_Tegra_X2 protocol_group_id=ONT_trialEb_250925 sample_id=ONT_trail_250925 barcode=barcode24 barcode_alias=barcode24 parent_read_id=c874e51d-7cae-4e83-b333-e3300779161f basecall_model_version_id=dna_r10.4.1_e8.2_400bps_hac@v4.3.0
200	00b04375-6c73-41ce-bf82-c9474a9e841c runid=0dfb5b492dc86ce99bf7c61c734eb364afcdb5c8 ch=43 start_time=2025-09-25T17:48:13.398161+00:00 flow_cell_id=AWX817 basecall_gpu=NVIDIA_Tegra_X2 protocol_group_id=ONT_trialEb_250925 sample_id=ONT_trail_250925 barcode=barcode24 barcode_alias=barcode24 parent_read_id=00b04375-6c73-41ce-bf82-c9474a9e841c basecall_model_version_id=dna_r10.4.1_e8.2_400bps_hac@v4.3.0
200	1ae128a4-fbf9-4662-9a0f-b7fadc7792a8 runid=0dfb5b492dc86ce99bf7c61c734eb364afcdb5c8 ch=39 start_time=2025-09-25T20:06:49.398161+00:00 flow_cell_id=AWX817 basecall_gpu=NVIDIA_Tegra_X2 protocol_group_id=ONT_trialEb_250925 sample_id=ONT_trail_250925 barcode=barcode22 barcode_alias=barcode22 parent_read_id=1ae128a4-fbf9-4662-9a0f-b7fadc7792a8 basecall_model_version_id=dna_r10.4.1_e8.2_400bps_hac@v4.3.0
200	644d2b48-3849-43da-b01b-91ad4147a50b runid=0dfb5b492dc86ce99bf7c61c734eb364afcdb5c8 ch=4 start_time=2025-09-25T16:24:50.398161+00:00 flow_cell_id=AWX817 basecall_gpu=NVIDIA_Tegra_X2 protocol_group_id=ONT_trialEb_250925 sample_id=ONT_trail_250925 barcode=barcode22 barcode_alias=barcode22 parent_read_id=644d2b48-3849-43da-b01b-91ad4147a50b basecall_model_version_id=dna_r10.4.1_e8.2_400bps_hac@v4.3.0 rc
200	127f7352-cc97-4a65-a8c1-26992371e194 runid=0dfb5b492dc86ce99bf7c61c734eb364afcdb5c8 ch=20 start_time=2025-09-26T03:21:50.398161+00:00 flow_cell_id=AWX817 basecall_gpu=NVIDIA_Tegra_X2 protocol_group_id=ONT_trialEb_250925 sample_id=ONT_trail_250925 barcode=barcode23 barcode_alias=barcode23 parent_read_id=127f7352-cc97-4a65-a8c1-26992371e194 basecall_model_version_id=dna_r10.4.1_e8.2_400bps_hac@v4.3.0 rc
200	52373079-8bf0-4097-a0ca-0dc411d53482 runid=0dfb5b492dc86ce99bf7c61c734eb364afcdb5c8 ch=4 start_time=2025-09-25T21:43:07.398161+00:00 flow_cell_id=AWX817 basecall_gpu=NVIDIA_Tegra_X2 protocol_group_id=ONT_trialEb_250925 sample_id=ONT_trail_250925 barcode=barcode22 barcode_alias=barcode22 parent_read_id=52373079-8bf0-4097-a0ca-0dc411d53482 basecall_model_version_id=dna_r10.4.1_e8.2_400bps_hac@v4.3.0
200	35e0b25d-021c-4e08-aceb-a0e2783c8c6e runid=0dfb5b492dc86ce99bf7c61c734eb364afcdb5c8 ch=94 start_time=2025-09-25T16:33:34.398161+00:00 flow_cell_id=AWX817 basecall_gpu=NVIDIA_Tegra_X2 protocol_group_id=ONT_trialEb_250925 sample_id=ONT_trail_250925 barcode=barcode24 barcode_alias=barcode24 parent_read_id=35e0b25d-021c-4e08-aceb-a0e2783c8c6e basecall_model_version_id=dna_r10.4.1_e8.2_400bps_hac@v4.3.0 rc
200	efcb851d-8987-46f9-b849-459ce23dae2e runid=0dfb5b492dc86ce99bf7c61c734eb364afcdb5c8 ch=58 start_time=2025-09-25T17:26:36.398161+00:00 flow_cell_id=AWX817 basecall_gpu=NVIDIA_Tegra_X2 protocol_group_id=ONT_trialEb_250925 sample_id=ONT_trail_250925 barcode=barcode22 barcode_alias=barcode22 parent_read_id=efcb851d-8987-46f9-b849-459ce23dae2e basecall_model_version_id=dna_r10.4.1_e8.2_400bps_hac@v4.3.0 rc
200	63b56fd9-b537-4336-a948-d44c45ac0ad8 runid=0dfb5b492dc86ce99bf7c61c734eb364afcdb5c8 ch=58 start_time=2025-09-25T21:01:50.398161+00:00 flow_cell_id=AWX817 basecall_gpu=NVIDIA_Tegra_X2 protocol_group_id=ONT_trialEb_250925 sample_id=ONT_trail_250925 barcode=barcode24 barcode_alias=barcode24 parent_read_id=63b56fd9-b537-4336-a948-d44c45ac0ad8 basecall_model_version_id=dna_r10.4.1_e8.2_400bps_hac@v4.3.0 rc
200	d0af26e8-d9d2-4e03-a2ce-a4abb3dd18c4 runid=0dfb5b492dc86ce99bf7c61c734eb364afcdb5c8 ch=6 start_time=2025-09-25T18:48:11.398161+00:00 flow_cell_id=AWX817 basecall_gpu=NVIDIA_Tegra_X2 protocol_group_id=ONT_trialEb_250925 sample_id=ONT_trail_250925 barcode=barcode22 barcode_alias=barcode22 parent_read_id=d0af26e8-d9d2-4e03-a2ce-a4abb3dd18c4 basecall_model_version_id=dna_r10.4.1_e8.2_400bps_hac@v4.3.0 rc
200	cf269d27-073c-40ee-8413-b2cb1ea943f8 runid=0dfb5b492dc86ce99bf7c61c734eb364afcdb5c8 ch=4 start_time=2025-09-25T18:44:48.398161+00:00 flow_cell_id=AWX817 basecall_gpu=NVIDIA_Tegra_X2 protocol_group_id=ONT_trialEb_250925 sample_id=ONT_trail_250925 barcode=barcode22 barcode_alias=barcode22 parent_read_id=cf269d27-073c-40ee-8413-b2cb1ea943f8 basecall_model_version_id=dna_r10.4.1_e8.2_400bps_hac@v4.3.0
200	866bd439-9e6e-4ac6-bf2f-77ed6444c85e runid=0dfb5b492dc86ce99bf7c61c734eb364afcdb5c8 ch=40 start_time=2025-09-25T20:14:58.398161+00:00 flow_cell_id=AWX817 basecall_gpu=NVIDIA_Tegra_X2 protocol_group_id=ONT_trialEb_250925 sample_id=ONT_trail_250925 barcode=barcode22 barcode_alias=barcode22 parent_read_id=866bd439-9e6e-4ac6-bf2f-77ed6444c85e basecall_model_version_id=dna_r10.4.1_e8.2_400bps_hac@v4.3.0
200	5bd12752-4125-446f-ac17-766d88a654fd runid=0dfb5b492dc86ce99bf7c61c734eb364afcdb5c8 ch=20 start_time=2025-09-25T23:48:29.398161+00:00 flow_cell_id=AWX817 basecall_gpu=NVIDIA_Tegra_X2 protocol_group_id=ONT_trialEb_250925 sample_id=ONT_trail_250925 barcode=barcode22 barcode_alias=barcode22 parent_read_id=5bd12752-4125-446f-ac17-766d88a654fd basecall_model_version_id=dna_r10.4.1_e8.2_400bps_hac@v4.3.0
200	a3e9f14c-3a36-44f8-acdb-c10a34051f22 runid=0dfb5b492dc86ce99bf7c61c734eb364afcdb5c8 ch=44 start_time=2025-09-25T20:48:17.398161+00:00 flow_cell_id=AWX817 basecall_gpu=NVIDIA_Tegra_X2 protocol_group_id=ONT_trialEb_250925 sample_id=ONT_trail_250925 barcode=barcode22 barcode_alias=barcode22 parent_read_id=a3e9f14c-3a36-44f8-acdb-c10a34051f22 basecall_model_version_id=dna_r10.4.1_e8.2_400bps_hac@v4.3.0 rc
200	0127713b-bd5a-422a-9e95-f28fad189fb7 runid=0dfb5b492dc86ce99bf7c61c734eb364afcdb5c8 ch=44 start_time=2025-09-26T04:54:05.398161+00:00 flow_cell_id=AWX817 basecall_gpu=NVIDIA_Tegra_X2 protocol_group_id=ONT_trialEb_250925 sample_id=ONT_trail_250925 barcode=barcode22 barcode_alias=barcode22 parent_read_id=0127713b-bd5a-422a-9e95-f28fad189fb7 basecall_model_version_id=dna_r10.4.1_e8.2_400bps_hac@v4.3.0 rc
200	e16ff276-9ae2-4ffd-a218-cd6ab6cb715a runid=0dfb5b492dc86ce99bf7c61c734eb364afcdb5c8 ch=44 start_time=2025-09-25T16:55:01.398161+00:00 flow_cell_id=AWX817 basecall_gpu=NVIDIA_Tegra_X2 protocol_group_id=ONT_trialEb_250925 sample_id=ONT_trail_250925 barcode=barcode22 barcode_alias=barcode22 parent_read_id=e16ff276-9ae2-4ffd-a218-cd6ab6cb715a basecall_model_version_id=dna_r10.4.1_e8.2_400bps_hac@v4.3.0
200	bdc3ffee-93c1-4deb-a839-692c6aba231a runid=0dfb5b492dc86ce99bf7c61c734eb364afcdb5c8 ch=20 start_time=2025-09-25T16:05:32.398161+00:00 flow_cell_id=AWX817 basecall_gpu=NVIDIA_Tegra_X2 protocol_group_id=ONT_trialEb_250925 sample_id=ONT_trail_250925 barcode=barcode22 barcode_alias=barcode22 parent_read_id=bdc3ffee-93c1-4deb-a839-692c6aba231a basecall_model_version_id=dna_r10.4.1_e8.2_400bps_hac@v4.3.0 rc
200	bdc3ffee-93c1-4deb-a839-692c6aba231a runid=0dfb5b492dc86ce99bf7c61c734eb364afcdb5c8 ch=20 start_time=2025-09-25T16:05:32.398161+00:00 flow_cell_id=AWX817 basecall_gpu=NVIDIA_Tegra_X2 protocol_group_id=ONT_trialEb_250925 sample_id=ONT_trail_250925 barcode=barcode22 barcode_alias=barcode22 parent_read_id=bdc3ffee-93c1-4deb-a839-692c6aba231a basecall_model_version_id=dna_r10.4.1_e8.2_400bps_hac@v4.3.0 rc
200	62aadeeb-39ca-4d51-92fe-decedd1746a7 runid=0dfb5b492dc86ce99bf7c61c734eb364afcdb5c8 ch=56 start_time=2025-09-25T17:57:34.398161+00:00 flow_cell_id=AWX817 basecall_gpu=NVIDIA_Tegra_X2 protocol_group_id=ONT_trialEb_250925 sample_id=ONT_trail_250925 barcode=barcode22 barcode_alias=barcode22 parent_read_id=62aadeeb-39ca-4d51-92fe-decedd1746a7 basecall_model_version_id=dna_r10.4.1_e8.2_400bps_hac@v4.3.0 rc
200	ebabc678-c087-4140-acbb-467da1bb3281 runid=0dfb5b492dc86ce99bf7c61c734eb364afcdb5c8 ch=58 start_time=2025-09-25T18:07:02.398161+00:00 flow_cell_id=AWX817 basecall_gpu=NVIDIA_Tegra_X2 protocol_group_id=ONT_trialEb_250925 sample_id=ONT_trail_250925 barcode=barcode24 barcode_alias=barcode24 parent_read_id=a878403a-5537-417e-b110-7915e8491ee2 basecall_model_version_id=dna_r10.4.1_e8.2_400bps_hac@v4.3.0 rc
200	07d238b3-5773-4251-b9f2-7d7c239e1f6d runid=0dfb5b492dc86ce99bf7c61c734eb364afcdb5c8 ch=79 start_time=2025-09-26T00:03:42.398161+00:00 flow_cell_id=AWX817 basecall_gpu=NVIDIA_Tegra_X2 protocol_group_id=ONT_trialEb_250925 sample_id=ONT_trail_250925 barcode=barcode22 barcode_alias=barcode22 parent_read_id=07d238b3-5773-4251-b9f2-7d7c239e1f6d basecall_model_version_id=dna_r10.4.1_e8.2_400bps_hac@v4.3.0 rc
200	4d0d3880-c43f-41e3-b09a-afd4111c84a8 runid=0dfb5b492dc86ce99bf7c61c734eb364afcdb5c8 ch=57 start_time=2025-09-25T17:46:42.398161+00:00 flow_cell_id=AWX817 basecall_gpu=NVIDIA_Tegra_X2 protocol_group_id=ONT_trialEb_250925 sample_id=ONT_trail_250925 barcode=barcode22 barcode_alias=barcode22 parent_read_id=4d0d3880-c43f-41e3-b09a-afd4111c84a8 basecall_model_version_id=dna_r10.4.1_e8.2_400bps_hac@v4.3.0 rc
200	cd6798cb-aa9e-40d9-8adc-dfefc694afb4 runid=0dfb5b492dc86ce99bf7c61c734eb364afcdb5c8 ch=15 start_time=2025-09-25T20:10:51.398161+00:00 flow_cell_id=AWX817 basecall_gpu=NVIDIA_Tegra_X2 protocol_group_id=ONT_trialEb_250925 sample_id=ONT_trail_250925 barcode=barcode22 barcode_alias=barcode22 parent_read_id=cd6798cb-aa9e-40d9-8adc-dfefc694afb4 basecall_model_version_id=dna_r10.4.1_e8.2_400bps_hac@v4.3.0 rc
200	59f0050d-ab05-494f-9336-22286f26ec2c runid=0dfb5b492dc86ce99bf7c61c734eb364afcdb5c8 ch=4 start_time=2025-09-25T23:54:55.398161+00:00 flow_cell_id=AWX817 basecall_gpu=NVIDIA_Tegra_X2 protocol_group_id=ONT_trialEb_250925 sample_id=ONT_trail_250925 barcode=barcode22 barcode_alias=barcode22 parent_read_id=59f0050d-ab05-494f-9336-22286f26ec2c basecall_model_version_id=dna_r10.4.1_e8.2_400bps_hac@v4.3.0
200	59f0050d-ab05-494f-9336-22286f26ec2c runid=0dfb5b492dc86ce99bf7c61c734eb364afcdb5c8 ch=4 start_time=2025-09-25T23:54:55.398161+00:00 flow_cell_id=AWX817 basecall_gpu=NVIDIA_Tegra_X2 protocol_group_id=ONT_trialEb_250925 sample_id=ONT_trail_250925 barcode=barcode22 barcode_alias=barcode22 parent_read_id=59f0050d-ab05-494f-9336-22286f26ec2c basecall_model_version_id=dna_r10.4.1_e8.2_400bps_hac@v4.3.0
200	60b018a0-69b0-4aed-b6c2-d64337bf7bed runid=0dfb5b492dc86ce99bf7c61c734eb364afcdb5c8 ch=40 start_time=2025-09-25T17:24:12.398161+00:00 flow_cell_id=AWX817 basecall_gpu=NVIDIA_Tegra_X2 protocol_group_id=ONT_trialEb_250925 sample_id=ONT_trail_250925 barcode=barcode22 barcode_alias=barcode22 parent_read_id=60b018a0-69b0-4aed-b6c2-d64337bf7bed basecall_model_version_id=dna_r10.4.1_e8.2_400bps_hac@v4.3.0
200	08d894a8-30eb-45ec-ba97-d5d9830931fc runid=0dfb5b492dc86ce99bf7c61c734eb364afcdb5c8 ch=5 start_time=2025-09-25T21:51:39.398161+00:00 flow_cell_id=AWX817 basecall_gpu=NVIDIA_Tegra_X2 protocol_group_id=ONT_trialEb_250925 sample_id=ONT_trail_250925 barcode=barcode22 barcode_alias=barcode22 parent_read_id=08d894a8-30eb-45ec-ba97-d5d9830931fc basecall_model_version_id=dna_r10.4.1_e8.2_400bps_hac@v4.3.0 rc
200	08d894a8-30eb-45ec-ba97-d5d9830931fc runid=0dfb5b492dc86ce99bf7c61c734eb364afcdb5c8 ch=5 start_time=2025-09-25T21:51:39.398161+00:00 flow_cell_id=AWX817 basecall_gpu=NVIDIA_Tegra_X2 protocol_group_id=ONT_trialEb_250925 sample_id=ONT_trail_250925 barcode=barcode22 barcode_alias=barcode22 parent_read_id=08d894a8-30eb-45ec-ba97-d5d9830931fc basecall_model_version_id=dna_r10.4.1_e8.2_400bps_hac@v4.3.0 rc
200	55fb8d1b-8f69-496a-b317-7300c73cdaf2 runid=0dfb5b492dc86ce99bf7c61c734eb364afcdb5c8 ch=4 start_time=2025-09-25T22:08:09.398161+00:00 flow_cell_id=AWX817 basecall_gpu=NVIDIA_Tegra_X2 protocol_group_id=ONT_trialEb_250925 sample_id=ONT_trail_250925 barcode=barcode22 barcode_alias=barcode22 parent_read_id=55fb8d1b-8f69-496a-b317-7300c73cdaf2 basecall_model_version_id=dna_r10.4.1_e8.2_400bps_hac@v4.3.0
200	596209e6-1ab3-48b8-b252-69c06ca0c393 runid=0dfb5b492dc86ce99bf7c61c734eb364afcdb5c8 ch=4 start_time=2025-09-25T16:10:38.398161+00:00 flow_cell_id=AWX817 basecall_gpu=NVIDIA_Tegra_X2 protocol_group_id=ONT_trialEb_250925 sample_id=ONT_trail_250925 barcode=barcode22 barcode_alias=barcode22 parent_read_id=596209e6-1ab3-48b8-b252-69c06ca0c393 basecall_model_version_id=dna_r10.4.1_e8.2_400bps_hac@v4.3.0
200	e487e51b-9f65-4f22-bc53-deba2fc0e49e runid=0dfb5b492dc86ce99bf7c61c734eb364afcdb5c8 ch=57 start_time=2025-09-25T17:52:08.398161+00:00 flow_cell_id=AWX817 basecall_gpu=NVIDIA_Tegra_X2 protocol_group_id=ONT_trialEb_250925 sample_id=ONT_trail_250925 barcode=barcode22 barcode_alias=barcode22 parent_read_id=e487e51b-9f65-4f22-bc53-deba2fc0e49e basecall_model_version_id=dna_r10.4.1_e8.2_400bps_hac@v4.3.0 rc
200	92f02c96-b8c2-405c-8d22-a2d16ac72ca5 runid=0dfb5b492dc86ce99bf7c61c734eb364afcdb5c8 ch=77 start_time=2025-09-26T01:24:56.398161+00:00 flow_cell_id=AWX817 basecall_gpu=NVIDIA_Tegra_X2 protocol_group_id=ONT_trialEb_250925 sample_id=ONT_trail_250925 barcode=barcode22 barcode_alias=barcode22 parent_read_id=92f02c96-b8c2-405c-8d22-a2d16ac72ca5 basecall_model_version_id=dna_r10.4.1_e8.2_400bps_hac@v4.3.0 rc
200	2d11982f-a928-4922-83bf-ce0f76f295c9 runid=0dfb5b492dc86ce99bf7c61c734eb364afcdb5c8 ch=44 start_time=2025-09-25T18:05:13.398161+00:00 flow_cell_id=AWX817 basecall_gpu=NVIDIA_Tegra_X2 protocol_group_id=ONT_trialEb_250925 sample_id=ONT_trail_250925 barcode=barcode22 barcode_alias=barcode22 parent_read_id=2d11982f-a928-4922-83bf-ce0f76f295c9 basecall_model_version_id=dna_r10.4.1_e8.2_400bps_hac@v4.3.0 rc
200	64ca7e00-3001-48db-bc02-96f91292ca27 runid=0dfb5b492dc86ce99bf7c61c734eb364afcdb5c8 ch=110 start_time=2025-09-25T16:13:51.398161+00:00 flow_cell_id=AWX817 basecall_gpu=NVIDIA_Tegra_X2 protocol_group_id=ONT_trialEb_250925 sample_id=ONT_trail_250925 barcode=barcode22 barcode_alias=barcode22 parent_read_id=64ca7e00-3001-48db-bc02-96f91292ca27 basecall_model_version_id=dna_r10.4.1_e8.2_400bps_hac@v4.3.0
410	2c7e7469-e16c-4f26-97fc-8f533764212e runid=0dfb5b492dc86ce99bf7c61c734eb364afcdb5c8 ch=58 start_time=2025-09-25T22:38:35.398161+00:00 flow_cell_id=AWX817 basecall_gpu=NVIDIA_Tegra_X2 protocol_group_id=ONT_trialEb_250925 sample_id=ONT_trail_250925 barcode=barcode23 barcode_alias=barcode23 parent_read_id=2c7e7469-e16c-4f26-97fc-8f533764212e basecall_model_version_id=dna_r10.4.1_e8.2_400bps_hac@v4.3.0 rc
410	9414ac2f-1a99-4818-933d-6fcc3f53a9d5 runid=0dfb5b492dc86ce99bf7c61c734eb364afcdb5c8 ch=44 start_time=2025-09-25T16:58:46.398161+00:00 flow_cell_id=AWX817 basecall_gpu=NVIDIA_Tegra_X2 protocol_group_id=ONT_trialEb_250925 sample_id=ONT_trail_250925 barcode=barcode22 barcode_alias=barcode22 parent_read_id=9414ac2f-1a99-4818-933d-6fcc3f53a9d5 basecall_model_version_id=dna_r10.4.1_e8.2_400bps_hac@v4.3.0
410	f8baa546-c728-4a39-b16f-d59cd453fa53 runid=0dfb5b492dc86ce99bf7c61c734eb364afcdb5c8 ch=44 start_time=2025-09-25T16:07:40.398161+00:00 flow_cell_id=AWX817 basecall_gpu=NVIDIA_Tegra_X2 protocol_group_id=ONT_trialEb_250925 sample_id=ONT_trail_250925 barcode=barcode24 barcode_alias=barcode24 parent_read_id=f8baa546-c728-4a39-b16f-d59cd453fa53 basecall_model_version_id=dna_r10.4.1_e8.2_400bps_hac@v4.3.0 rc
410	a18fc0e3-1da4-407c-97f8-a4dac9abc760 runid=0dfb5b492dc86ce99bf7c61c734eb364afcdb5c8 ch=49 start_time=2025-09-25T18:12:09.398161+00:00 flow_cell_id=AWX817 basecall_gpu=NVIDIA_Tegra_X2 protocol_group_id=ONT_trialEb_250925 sample_id=ONT_trail_250925 barcode=barcode22 barcode_alias=barcode22 parent_read_id=a18fc0e3-1da4-407c-97f8-a4dac9abc760 basecall_model_version_id=dna_r10.4.1_e8.2_400bps_hac@v4.3.0 rc
410	6f624687-ed28-4774-92c6-744a8facff56 runid=0dfb5b492dc86ce99bf7c61c734eb364afcdb5c8 ch=6 start_time=2025-09-25T16:13:54.398161+00:00 flow_cell_id=AWX817 basecall_gpu=NVIDIA_Tegra_X2 protocol_group_id=ONT_trialEb_250925 sample_id=ONT_trail_250925 barcode=barcode23 barcode_alias=barcode23 parent_read_id=6f624687-ed28-4774-92c6-744a8facff56 basecall_model_version_id=dna_r10.4.1_e8.2_400bps_hac@v4.3.0
410	2e0ae7aa-f072-42d0-9192-594ef3938159 runid=0dfb5b492dc86ce99bf7c61c734eb364afcdb5c8 ch=58 start_time=2025-09-25T21:42:51.398161+00:00 flow_cell_id=AWX817 basecall_gpu=NVIDIA_Tegra_X2 protocol_group_id=ONT_trialEb_250925 sample_id=ONT_trail_250925 barcode=barcode22 barcode_alias=barcode22 parent_read_id=2e0ae7aa-f072-42d0-9192-594ef3938159 basecall_model_version_id=dna_r10.4.1_e8.2_400bps_hac@v4.3.0 rc
410	2e0ae7aa-f072-42d0-9192-594ef3938159 runid=0dfb5b492dc86ce99bf7c61c734eb364afcdb5c8 ch=58 start_time=2025-09-25T21:42:51.398161+00:00 flow_cell_id=AWX817 basecall_gpu=NVIDIA_Tegra_X2 protocol_group_id=ONT_trialEb_250925 sample_id=ONT_trail_250925 barcode=barcode22 barcode_alias=barcode22 parent_read_id=2e0ae7aa-f072-42d0-9192-594ef3938159 basecall_model_version_id=dna_r10.4.1_e8.2_400bps_hac@v4.3.0 rc
410	8f793f84-6f58-4507-a558-e31b590d2fe1 runid=0dfb5b492dc86ce99bf7c61c734eb364afcdb5c8 ch=4 start_time=2025-09-25T19:18:28.398161+00:00 flow_cell_id=AWX817 basecall_gpu=NVIDIA_Tegra_X2 protocol_group_id=ONT_trialEb_250925 sample_id=ONT_trail_250925 barcode=barcode22 barcode_alias=barcode22 parent_read_id=8f793f84-6f58-4507-a558-e31b590d2fe1 basecall_model_version_id=dna_r10.4.1_e8.2_400bps_hac@v4.3.0
410	c75044f7-dc19-444c-800d-96c1d6ae67e6 runid=0dfb5b492dc86ce99bf7c61c734eb364afcdb5c8 ch=39 start_time=2025-09-26T01:47:54.398161+00:00 flow_cell_id=AWX817 basecall_gpu=NVIDIA_Tegra_X2 protocol_group_id=ONT_trialEb_250925 sample_id=ONT_trail_250925 barcode=barcode22 barcode_alias=barcode22 parent_read_id=c75044f7-dc19-444c-800d-96c1d6ae67e6 basecall_model_version_id=dna_r10.4.1_e8.2_400bps_hac@v4.3.0 rc
410	d9278a2c-bade-4e73-ae4f-7e481e7fda76 runid=0dfb5b492dc86ce99bf7c61c734eb364afcdb5c8 ch=39 start_time=2025-09-25T21:42:24.398161+00:00 flow_cell_id=AWX817 basecall_gpu=NVIDIA_Tegra_X2 protocol_group_id=ONT_trialEb_250925 sample_id=ONT_trail_250925 barcode=barcode22 barcode_alias=barcode22 parent_read_id=d9278a2c-bade-4e73-ae4f-7e481e7fda76 basecall_model_version_id=dna_r10.4.1_e8.2_400bps_hac@v4.3.0 rc
410	cf6de673-6d5a-4c72-ba49-8a0f000f7c4b runid=0dfb5b492dc86ce99bf7c61c734eb364afcdb5c8 ch=4 start_time=2025-09-25T21:21:47.398161+00:00 flow_cell_id=AWX817 basecall_gpu=NVIDIA_Tegra_X2 protocol_group_id=ONT_trialEb_250925 sample_id=ONT_trail_250925 barcode=barcode22 barcode_alias=barcode22 parent_read_id=5f4620d3-3a5b-4e30-9b57-ae783e6de5fd basecall_model_version_id=dna_r10.4.1_e8.2_400bps_hac@v4.3.0
410	e1fa03e6-aaad-4d00-bb9a-c946b8f65ec7 runid=0dfb5b492dc86ce99bf7c61c734eb364afcdb5c8 ch=4 start_time=2025-09-25T17:09:03.398161+00:00 flow_cell_id=AWX817 basecall_gpu=NVIDIA_Tegra_X2 protocol_group_id=ONT_trialEb_250925 sample_id=ONT_trail_250925 barcode=barcode22 barcode_alias=barcode22 parent_read_id=e1fa03e6-aaad-4d00-bb9a-c946b8f65ec7 basecall_model_version_id=dna_r10.4.1_e8.2_400bps_hac@v4.3.0
410	0e05c5e9-b0a9-44b5-84ee-f7c58a3f59ef runid=0dfb5b492dc86ce99bf7c61c734eb364afcdb5c8 ch=20 start_time=2025-09-26T08:20:47.398161+00:00 flow_cell_id=AWX817 basecall_gpu=NVIDIA_Tegra_X2 protocol_group_id=ONT_trialEb_250925 sample_id=ONT_trail_250925 barcode=barcode22 barcode_alias=barcode22 parent_read_id=0e05c5e9-b0a9-44b5-84ee-f7c58a3f59ef basecall_model_version_id=dna_r10.4.1_e8.2_400bps_hac@v4.3.0
410	0e05c5e9-b0a9-44b5-84ee-f7c58a3f59ef runid=0dfb5b492dc86ce99bf7c61c734eb364afcdb5c8 ch=20 start_time=2025-09-26T08:20:47.398161+00:00 flow_cell_id=AWX817 basecall_gpu=NVIDIA_Tegra_X2 protocol_group_id=ONT_trialEb_250925 sample_id=ONT_trail_250925 barcode=barcode22 barcode_alias=barcode22 parent_read_id=0e05c5e9-b0a9-44b5-84ee-f7c58a3f59ef basecall_model_version_id=dna_r10.4.1_e8.2_400bps_hac@v4.3.0
410	871a12c0-3c10-4b8e-858b-c22608d562e4 runid=0dfb5b492dc86ce99bf7c61c734eb364afcdb5c8 ch=6 start_time=2025-09-25T16:17:56.398161+00:00 flow_cell_id=AWX817 basecall_gpu=NVIDIA_Tegra_X2 protocol_group_id=ONT_trialEb_250925 sample_id=ONT_trail_250925 barcode=barcode24 barcode_alias=barcode24 parent_read_id=871a12c0-3c10-4b8e-858b-c22608d562e4 basecall_model_version_id=dna_r10.4.1_e8.2_400bps_hac@v4.3.0
410	adec9f39-4b49-4936-8407-dab36f7f171c runid=0dfb5b492dc86ce99bf7c61c734eb364afcdb5c8 ch=58 start_time=2025-09-25T20:16:52.398161+00:00 flow_cell_id=AWX817 basecall_gpu=NVIDIA_Tegra_X2 protocol_group_id=ONT_trialEb_250925 sample_id=ONT_trail_250925 barcode=barcode22 barcode_alias=barcode22 parent_read_id=adec9f39-4b49-4936-8407-dab36f7f171c basecall_model_version_id=dna_r10.4.1_e8.2_400bps_hac@v4.3.0
410	adec9f39-4b49-4936-8407-dab36f7f171c runid=0dfb5b492dc86ce99bf7c61c734eb364afcdb5c8 ch=58 start_time=2025-09-25T20:16:52.398161+00:00 flow_cell_id=AWX817 basecall_gpu=NVIDIA_Tegra_X2 protocol_group_id=ONT_trialEb_250925 sample_id=ONT_trail_250925 barcode=barcode22 barcode_alias=barcode22 parent_read_id=adec9f39-4b49-4936-8407-dab36f7f171c basecall_model_version_id=dna_r10.4.1_e8.2_400bps_hac@v4.3.0
410	506fd742-a51c-426b-a361-dd374c6f648a runid=0dfb5b492dc86ce99bf7c61c734eb364afcdb5c8 ch=44 start_time=2025-09-26T01:11:59.398161+00:00 flow_cell_id=AWX817 basecall_gpu=NVIDIA_Tegra_X2 protocol_group_id=ONT_trialEb_250925 sample_id=ONT_trail_250925 barcode=barcode22 barcode_alias=barcode22 parent_read_id=506fd742-a51c-426b-a361-dd374c6f648a basecall_model_version_id=dna_r10.4.1_e8.2_400bps_hac@v4.3.0 rc
410	eb23e33d-b572-499e-ba4e-19c30600729e runid=0dfb5b492dc86ce99bf7c61c734eb364afcdb5c8 ch=4 start_time=2025-09-26T00:19:48.398161+00:00 flow_cell_id=AWX817 basecall_gpu=NVIDIA_Tegra_X2 protocol_group_id=ONT_trialEb_250925 sample_id=ONT_trail_250925 barcode=barcode22 barcode_alias=barcode22 parent_read_id=eb23e33d-b572-499e-ba4e-19c30600729e basecall_model_version_id=dna_r10.4.1_e8.2_400bps_hac@v4.3.0
410	8487fbac-9214-4fc0-9f37-ae9a5bfeb741 runid=0dfb5b492dc86ce99bf7c61c734eb364afcdb5c8 ch=20 start_time=2025-09-26T11:59:09.398161+00:00 flow_cell_id=AWX817 basecall_gpu=NVIDIA_Tegra_X2 protocol_group_id=ONT_trialEb_250925 sample_id=ONT_trail_250925 barcode=barcode22 barcode_alias=barcode22 parent_read_id=8487fbac-9214-4fc0-9f37-ae9a5bfeb741 basecall_model_version_id=dna_r10.4.1_e8.2_400bps_hac@v4.3.0
410	c1bc470a-45a4-4f53-864f-11593fe3d0ac runid=0dfb5b492dc86ce99bf7c61c734eb364afcdb5c8 ch=4 start_time=2025-09-26T06:09:36.398161+00:00 flow_cell_id=AWX817 basecall_gpu=NVIDIA_Tegra_X2 protocol_group_id=ONT_trialEb_250925 sample_id=ONT_trail_250925 barcode=barcode23 barcode_alias=barcode23 parent_read_id=c1bc470a-45a4-4f53-864f-11593fe3d0ac basecall_model_version_id=dna_r10.4.1_e8.2_400bps_hac@v4.3.0 rc
410	91023c4c-ec76-4d20-b9ae-d914a8899b76 runid=0dfb5b492dc86ce99bf7c61c734eb364afcdb5c8 ch=4 start_time=2025-09-25T19:14:36.398161+00:00 flow_cell_id=AWX817 basecall_gpu=NVIDIA_Tegra_X2 protocol_group_id=ONT_trialEb_250925 sample_id=ONT_trail_250925 barcode=barcode22 barcode_alias=barcode22 parent_read_id=91023c4c-ec76-4d20-b9ae-d914a8899b76 basecall_model_version_id=dna_r10.4.1_e8.2_400bps_hac@v4.3.0
410	8011376b-899d-4b7b-a4ee-b3ebfbc60731 runid=0dfb5b492dc86ce99bf7c61c734eb364afcdb5c8 ch=15 start_time=2025-09-25T19:33:56.398161+00:00 flow_cell_id=AWX817 basecall_gpu=NVIDIA_Tegra_X2 protocol_group_id=ONT_trialEb_250925 sample_id=ONT_trail_250925 barcode=barcode22 barcode_alias=barcode22 parent_read_id=8011376b-899d-4b7b-a4ee-b3ebfbc60731 basecall_model_version_id=dna_r10.4.1_e8.2_400bps_hac@v4.3.0 rc
410	ddef8cbf-bd21-4517-a6c2-73fb5a2a2869 runid=0dfb5b492dc86ce99bf7c61c734eb364afcdb5c8 ch=58 start_time=2025-09-25T20:39:19.398161+00:00 flow_cell_id=AWX817 basecall_gpu=NVIDIA_Tegra_X2 protocol_group_id=ONT_trialEb_250925 sample_id=ONT_trail_250925 barcode=barcode23 barcode_alias=barcode23 parent_read_id=ddef8cbf-bd21-4517-a6c2-73fb5a2a2869 basecall_model_version_id=dna_r10.4.1_e8.2_400bps_hac@v4.3.0
410	a85ea79a-71be-4fb3-9ff0-81b352f7d4c8 runid=0dfb5b492dc86ce99bf7c61c734eb364afcdb5c8 ch=110 start_time=2025-09-25T21:37:38.398161+00:00 flow_cell_id=AWX817 basecall_gpu=NVIDIA_Tegra_X2 protocol_group_id=ONT_trialEb_250925 sample_id=ONT_trail_250925 barcode=barcode22 barcode_alias=barcode22 parent_read_id=a85ea79a-71be-4fb3-9ff0-81b352f7d4c8 basecall_model_version_id=dna_r10.4.1_e8.2_400bps_hac@v4.3.0 rc
410	b73adaae-b49c-4e07-bc9a-3b7d73a722a9 runid=0dfb5b492dc86ce99bf7c61c734eb364afcdb5c8 ch=39 start_time=2025-09-25T18:22:33.398161+00:00 flow_cell_id=AWX817 basecall_gpu=NVIDIA_Tegra_X2 protocol_group_id=ONT_trialEb_250925 sample_id=ONT_trail_250925 barcode=barcode22 barcode_alias=barcode22 parent_read_id=b73adaae-b49c-4e07-bc9a-3b7d73a722a9 basecall_model_version_id=dna_r10.4.1_e8.2_400bps_hac@v4.3.0
410	b73adaae-b49c-4e07-bc9a-3b7d73a722a9 runid=0dfb5b492dc86ce99bf7c61c734eb364afcdb5c8 ch=39 start_time=2025-09-25T18:22:33.398161+00:00 flow_cell_id=AWX817 basecall_gpu=NVIDIA_Tegra_X2 protocol_group_id=ONT_trialEb_250925 sample_id=ONT_trail_250925 barcode=barcode22 barcode_alias=barcode22 parent_read_id=b73adaae-b49c-4e07-bc9a-3b7d73a722a9 basecall_model_version_id=dna_r10.4.1_e8.2_400bps_hac@v4.3.0
410	564a0d47-ff91-40ce-ac09-15fabab503fd runid=0dfb5b492dc86ce99bf7c61c734eb364afcdb5c8 ch=85 start_time=2025-09-25T19:34:11.398161+00:00 flow_cell_id=AWX817 basecall_gpu=NVIDIA_Tegra_X2 protocol_group_id=ONT_trialEb_250925 sample_id=ONT_trail_250925 barcode=barcode23 barcode_alias=barcode23 parent_read_id=564a0d47-ff91-40ce-ac09-15fabab503fd basecall_model_version_id=dna_r10.4.1_e8.2_400bps_hac@v4.3.0 rc
410	0c082008-0ce6-4332-b1c1-e6d26f00aca3 runid=0dfb5b492dc86ce99bf7c61c734eb364afcdb5c8 ch=4 start_time=2025-09-25T22:39:09.398161+00:00 flow_cell_id=AWX817 basecall_gpu=NVIDIA_Tegra_X2 protocol_group_id=ONT_trialEb_250925 sample_id=ONT_trail_250925 barcode=barcode22 barcode_alias=barcode22 parent_read_id=0c082008-0ce6-4332-b1c1-e6d26f00aca3 basecall_model_version_id=dna_r10.4.1_e8.2_400bps_hac@v4.3.0 rc
410	0c082008-0ce6-4332-b1c1-e6d26f00aca3 runid=0dfb5b492dc86ce99bf7c61c734eb364afcdb5c8 ch=4 start_time=2025-09-25T22:39:09.398161+00:00 flow_cell_id=AWX817 basecall_gpu=NVIDIA_Tegra_X2 protocol_group_id=ONT_trialEb_250925 sample_id=ONT_trail_250925 barcode=barcode22 barcode_alias=barcode22 parent_read_id=0c082008-0ce6-4332-b1c1-e6d26f00aca3 basecall_model_version_id=dna_r10.4.1_e8.2_400bps_hac@v4.3.0 rc
410	b603e2c4-d201-449b-b1ba-e691eeaa691c runid=0dfb5b492dc86ce99bf7c61c734eb364afcdb5c8 ch=4 start_time=2025-09-26T06:23:09.398161+00:00 flow_cell_id=AWX817 basecall_gpu=NVIDIA_Tegra_X2 protocol_group_id=ONT_trialEb_250925 sample_id=ONT_trail_250925 barcode=barcode22 barcode_alias=barcode22 parent_read_id=b603e2c4-d201-449b-b1ba-e691eeaa691c basecall_model_version_id=dna_r10.4.1_e8.2_400bps_hac@v4.3.0 rc
410	a162e72e-7dc5-494b-ab84-33f5f3cf127a runid=0dfb5b492dc86ce99bf7c61c734eb364afcdb5c8 ch=108 start_time=2025-09-25T17:23:20.398161+00:00 flow_cell_id=AWX817 basecall_gpu=NVIDIA_Tegra_X2 protocol_group_id=ONT_trialEb_250925 sample_id=ONT_trail_250925 barcode=barcode22 barcode_alias=barcode22 parent_read_id=a162e72e-7dc5-494b-ab84-33f5f3cf127a basecall_model_version_id=dna_r10.4.1_e8.2_400bps_hac@v4.3.0
410	9ef0efb2-fb23-47a2-86ef-24a1e372e42e runid=0dfb5b492dc86ce99bf7c61c734eb364afcdb5c8 ch=113 start_time=2025-09-25T16:14:06.398161+00:00 flow_cell_id=AWX817 basecall_gpu=NVIDIA_Tegra_X2 protocol_group_id=ONT_trialEb_250925 sample_id=ONT_trail_250925 barcode=barcode24 barcode_alias=barcode24 parent_read_id=9ef0efb2-fb23-47a2-86ef-24a1e372e42e basecall_model_version_id=dna_r10.4.1_e8.2_400bps_hac@v4.3.0
410	6fa96cc1-865f-4f12-8c82-8706a85748ae runid=0dfb5b492dc86ce99bf7c61c734eb364afcdb5c8 ch=108 start_time=2025-09-25T17:03:58.398161+00:00 flow_cell_id=AWX817 basecall_gpu=NVIDIA_Tegra_X2 protocol_group_id=ONT_trialEb_250925 sample_id=ONT_trail_250925 barcode=barcode22 barcode_alias=barcode22 parent_read_id=6fa96cc1-865f-4f12-8c82-8706a85748ae basecall_model_version_id=dna_r10.4.1_e8.2_400bps_hac@v4.3.0
410	6fa96cc1-865f-4f12-8c82-8706a85748ae runid=0dfb5b492dc86ce99bf7c61c734eb364afcdb5c8 ch=108 start_time=2025-09-25T17:03:58.398161+00:00 flow_cell_id=AWX817 basecall_gpu=NVIDIA_Tegra_X2 protocol_group_id=ONT_trialEb_250925 sample_id=ONT_trail_250925 barcode=barcode22 barcode_alias=barcode22 parent_read_id=6fa96cc1-865f-4f12-8c82-8706a85748ae basecall_model_version_id=dna_r10.4.1_e8.2_400bps_hac@v4.3.0
410	a59d7a3a-d753-4fb4-8517-a22a088c3846 runid=0dfb5b492dc86ce99bf7c61c734eb364afcdb5c8 ch=96 start_time=2025-09-26T02:00:51.398161+00:00 flow_cell_id=AWX817 basecall_gpu=NVIDIA_Tegra_X2 protocol_group_id=ONT_trialEb_250925 sample_id=ONT_trail_250925 barcode=barcode23 barcode_alias=barcode23 parent_read_id=a59d7a3a-d753-4fb4-8517-a22a088c3846 basecall_model_version_id=dna_r10.4.1_e8.2_400bps_hac@v4.3.0
410	2130fa8e-8535-4712-a17b-6d2e6bf5d53a runid=0dfb5b492dc86ce99bf7c61c734eb364afcdb5c8 ch=49 start_time=2025-09-26T11:39:47.398161+00:00 flow_cell_id=AWX817 basecall_gpu=NVIDIA_Tegra_X2 protocol_group_id=ONT_trialEb_250925 sample_id=ONT_trail_250925 barcode=barcode22 barcode_alias=barcode22 parent_read_id=2130fa8e-8535-4712-a17b-6d2e6bf5d53a basecall_model_version_id=dna_r10.4.1_e8.2_400bps_hac@v4.3.0 rc
410	d2347fc1-62cb-42d7-a898-cb4e5f21a614 runid=0dfb5b492dc86ce99bf7c61c734eb364afcdb5c8 ch=57 start_time=2025-09-25T16:47:10.398161+00:00 flow_cell_id=AWX817 basecall_gpu=NVIDIA_Tegra_X2 protocol_group_id=ONT_trialEb_250925 sample_id=ONT_trail_250925 barcode=barcode22 barcode_alias=barcode22 parent_read_id=d2347fc1-62cb-42d7-a898-cb4e5f21a614 basecall_model_version_id=dna_r10.4.1_e8.2_400bps_hac@v4.3.0
410	d2347fc1-62cb-42d7-a898-cb4e5f21a614 runid=0dfb5b492dc86ce99bf7c61c734eb364afcdb5c8 ch=57 start_time=2025-09-25T16:47:10.398161+00:00 flow_cell_id=AWX817 basecall_gpu=NVIDIA_Tegra_X2 protocol_group_id=ONT_trialEb_250925 sample_id=ONT_trail_250925 barcode=barcode22 barcode_alias=barcode22 parent_read_id=d2347fc1-62cb-42d7-a898-cb4e5f21a614 basecall_model_version_id=dna_r10.4.1_e8.2_400bps_hac@v4.3.0
410	d25eef76-99c4-44b7-a02a-dec8b8c7ad80 runid=0dfb5b492dc86ce99bf7c61c734eb364afcdb5c8 ch=40 start_time=2025-09-25T19:01:09.398161+00:00 flow_cell_id=AWX817 basecall_gpu=NVIDIA_Tegra_X2 protocol_group_id=ONT_trialEb_250925 sample_id=ONT_trail_250925 barcode=barcode22 barcode_alias=barcode22 parent_read_id=d25eef76-99c4-44b7-a02a-dec8b8c7ad80 basecall_model_version_id=dna_r10.4.1_e8.2_400bps_hac@v4.3.0
410	060868fb-e68d-4802-b144-8540a8a76207 runid=0dfb5b492dc86ce99bf7c61c734eb364afcdb5c8 ch=4 start_time=2025-09-26T03:28:19.398161+00:00 flow_cell_id=AWX817 basecall_gpu=NVIDIA_Tegra_X2 protocol_group_id=ONT_trialEb_250925 sample_id=ONT_trail_250925 barcode=barcode24 barcode_alias=barcode24 parent_read_id=060868fb-e68d-4802-b144-8540a8a76207 basecall_model_version_id=dna_r10.4.1_e8.2_400bps_hac@v4.3.0
410	062c160f-39f3-45fa-a3ab-c486c1f9f00a runid=0dfb5b492dc86ce99bf7c61c734eb364afcdb5c8 ch=49 start_time=2025-09-26T09:12:36.398161+00:00 flow_cell_id=AWX817 basecall_gpu=NVIDIA_Tegra_X2 protocol_group_id=ONT_trialEb_250925 sample_id=ONT_trail_250925 barcode=barcode22 barcode_alias=barcode22 parent_read_id=062c160f-39f3-45fa-a3ab-c486c1f9f00a basecall_model_version_id=dna_r10.4.1_e8.2_400bps_hac@v4.3.0
410	062c160f-39f3-45fa-a3ab-c486c1f9f00a runid=0dfb5b492dc86ce99bf7c61c734eb364afcdb5c8 ch=49 start_time=2025-09-26T09:12:36.398161+00:00 flow_cell_id=AWX817 basecall_gpu=NVIDIA_Tegra_X2 protocol_group_id=ONT_trialEb_250925 sample_id=ONT_trail_250925 barcode=barcode22 barcode_alias=barcode22 parent_read_id=062c160f-39f3-45fa-a3ab-c486c1f9f00a basecall_model_version_id=dna_r10.4.1_e8.2_400bps_hac@v4.3.0
410	a20883f4-e9d9-4c09-a702-1b380391934c runid=0dfb5b492dc86ce99bf7c61c734eb364afcdb5c8 ch=49 start_time=2025-09-25T18:28:11.398161+00:00 flow_cell_id=AWX817 basecall_gpu=NVIDIA_Tegra_X2 protocol_group_id=ONT_trialEb_250925 sample_id=ONT_trail_250925 barcode=barcode22 barcode_alias=barcode22 parent_read_id=a20883f4-e9d9-4c09-a702-1b380391934c basecall_model_version_id=dna_r10.4.1_e8.2_400bps_hac@v4.3.0
410	9a42bc09-966c-4bae-88b8-39cc12c1ee64 runid=0dfb5b492dc86ce99bf7c61c734eb364afcdb5c8 ch=15 start_time=2025-09-25T19:28:13.398161+00:00 flow_cell_id=AWX817 basecall_gpu=NVIDIA_Tegra_X2 protocol_group_id=ONT_trialEb_250925 sample_id=ONT_trail_250925 barcode=barcode23 barcode_alias=barcode23 parent_read_id=9a42bc09-966c-4bae-88b8-39cc12c1ee64 basecall_model_version_id=dna_r10.4.1_e8.2_400bps_hac@v4.3.0 rc
410	a2e73933-e66d-4f3e-8636-31ed95ccd168 runid=0dfb5b492dc86ce99bf7c61c734eb364afcdb5c8 ch=44 start_time=2025-09-25T15:53:20.398161+00:00 flow_cell_id=AWX817 basecall_gpu=NVIDIA_Tegra_X2 protocol_group_id=ONT_trialEb_250925 sample_id=ONT_trail_250925 barcode=barcode22 barcode_alias=barcode22 parent_read_id=a2e73933-e66d-4f3e-8636-31ed95ccd168 basecall_model_version_id=dna_r10.4.1_e8.2_400bps_hac@v4.3.0
410	b474f7b6-13d6-4a87-b0ef-298560fe1f9d runid=0dfb5b492dc86ce99bf7c61c734eb364afcdb5c8 ch=73 start_time=2025-09-25T19:12:56.398161+00:00 flow_cell_id=AWX817 basecall_gpu=NVIDIA_Tegra_X2 protocol_group_id=ONT_trialEb_250925 sample_id=ONT_trail_250925 barcode=barcode22 barcode_alias=barcode22 parent_read_id=b474f7b6-13d6-4a87-b0ef-298560fe1f9d basecall_model_version_id=dna_r10.4.1_e8.2_400bps_hac@v4.3.0
410	2e89216d-66a9-4f11-8e4a-af9aca8aaa86 runid=0dfb5b492dc86ce99bf7c61c734eb364afcdb5c8 ch=58 start_time=2025-09-25T20:58:22.398161+00:00 flow_cell_id=AWX817 basecall_gpu=NVIDIA_Tegra_X2 protocol_group_id=ONT_trialEb_250925 sample_id=ONT_trail_250925 barcode=barcode24 barcode_alias=barcode24 parent_read_id=2e89216d-66a9-4f11-8e4a-af9aca8aaa86 basecall_model_version_id=dna_r10.4.1_e8.2_400bps_hac@v4.3.0 rc
410	4835771c-9d80-4901-8456-af3de7b2ea01 runid=0dfb5b492dc86ce99bf7c61c734eb364afcdb5c8 ch=94 start_time=2025-09-25T16:34:11.398161+00:00 flow_cell_id=AWX817 basecall_gpu=NVIDIA_Tegra_X2 protocol_group_id=ONT_trialEb_250925 sample_id=ONT_trail_250925 barcode=barcode22 barcode_alias=barcode22 parent_read_id=4835771c-9d80-4901-8456-af3de7b2ea01 basecall_model_version_id=dna_r10.4.1_e8.2_400bps_hac@v4.3.0 rc
410	3c019bb0-5b36-4f02-aba4-1a5a5f6d07ac runid=0dfb5b492dc86ce99bf7c61c734eb364afcdb5c8 ch=77 start_time=2025-09-25T21:55:55.398161+00:00 flow_cell_id=AWX817 basecall_gpu=NVIDIA_Tegra_X2 protocol_group_id=ONT_trialEb_250925 sample_id=ONT_trail_250925 barcode=barcode24 barcode_alias=barcode24 parent_read_id=3c019bb0-5b36-4f02-aba4-1a5a5f6d07ac basecall_model_version_id=dna_r10.4.1_e8.2_400bps_hac@v4.3.0 rc
410	6e680da8-39dc-47fb-8960-704cf7b3ea0b runid=0dfb5b492dc86ce99bf7c61c734eb364afcdb5c8 ch=4 start_time=2025-09-25T20:02:41.398161+00:00 flow_cell_id=AWX817 basecall_gpu=NVIDIA_Tegra_X2 protocol_group_id=ONT_trialEb_250925 sample_id=ONT_trail_250925 barcode=barcode22 barcode_alias=barcode22 parent_read_id=6e680da8-39dc-47fb-8960-704cf7b3ea0b basecall_model_version_id=dna_r10.4.1_e8.2_400bps_hac@v4.3.0
410	4828ba39-2a73-492c-b7b2-a74852565e99 runid=0dfb5b492dc86ce99bf7c61c734eb364afcdb5c8 ch=23 start_time=2025-09-25T18:08:43.398161+00:00 flow_cell_id=AWX817 basecall_gpu=NVIDIA_Tegra_X2 protocol_group_id=ONT_trialEb_250925 sample_id=ONT_trail_250925 barcode=barcode22 barcode_alias=barcode22 parent_read_id=4828ba39-2a73-492c-b7b2-a74852565e99 basecall_model_version_id=dna_r10.4.1_e8.2_400bps_hac@v4.3.0 rc
410	ff181b9f-7a64-4f21-a034-21207588f0c1 runid=0dfb5b492dc86ce99bf7c61c734eb364afcdb5c8 ch=110 start_time=2025-09-25T17:57:34.398161+00:00 flow_cell_id=AWX817 basecall_gpu=NVIDIA_Tegra_X2 protocol_group_id=ONT_trialEb_250925 sample_id=ONT_trail_250925 barcode=barcode22 barcode_alias=barcode22 parent_read_id=ff181b9f-7a64-4f21-a034-21207588f0c1 basecall_model_version_id=dna_r10.4.1_e8.2_400bps_hac@v4.3.0
410	ffb48893-0bfd-4e06-9e09-2782567ca693 runid=0dfb5b492dc86ce99bf7c61c734eb364afcdb5c8 ch=41 start_time=2025-09-25T19:23:19.398161+00:00 flow_cell_id=AWX817 basecall_gpu=NVIDIA_Tegra_X2 protocol_group_id=ONT_trialEb_250925 sample_id=ONT_trail_250925 barcode=barcode22 barcode_alias=barcode22 parent_read_id=ffb48893-0bfd-4e06-9e09-2782567ca693 basecall_model_version_id=dna_r10.4.1_e8.2_400bps_hac@v4.3.0
410	ffb48893-0bfd-4e06-9e09-2782567ca693 runid=0dfb5b492dc86ce99bf7c61c734eb364afcdb5c8 ch=41 start_time=2025-09-25T19:23:19.398161+00:00 flow_cell_id=AWX817 basecall_gpu=NVIDIA_Tegra_X2 protocol_group_id=ONT_trialEb_250925 sample_id=ONT_trail_250925 barcode=barcode22 barcode_alias=barcode22 parent_read_id=ffb48893-0bfd-4e06-9e09-2782567ca693 basecall_model_version_id=dna_r10.4.1_e8.2_400bps_hac@v4.3.0
410	0dd56e82-e0fc-45c0-9123-ac9215460978 runid=0dfb5b492dc86ce99bf7c61c734eb364afcdb5c8 ch=23 start_time=2025-09-25T19:32:05.398161+00:00 flow_cell_id=AWX817 basecall_gpu=NVIDIA_Tegra_X2 protocol_group_id=ONT_trialEb_250925 sample_id=ONT_trail_250925 barcode=barcode22 barcode_alias=barcode22 parent_read_id=0dd56e82-e0fc-45c0-9123-ac9215460978 basecall_model_version_id=dna_r10.4.1_e8.2_400bps_hac@v4.3.0
410	ad1d0eed-fd01-480a-b90b-2d1d52a3d736 runid=0dfb5b492dc86ce99bf7c61c734eb364afcdb5c8 ch=44 start_time=2025-09-26T05:43:35.398161+00:00 flow_cell_id=AWX817 basecall_gpu=NVIDIA_Tegra_X2 protocol_group_id=ONT_trialEb_250925 sample_id=ONT_trail_250925 barcode=barcode22 barcode_alias=barcode22 parent_read_id=ad1d0eed-fd01-480a-b90b-2d1d52a3d736 basecall_model_version_id=dna_r10.4.1_e8.2_400bps_hac@v4.3.0
410	3361ba5f-b8df-401b-93ed-b40f41790170 runid=0dfb5b492dc86ce99bf7c61c734eb364afcdb5c8 ch=44 start_time=2025-09-25T16:36:30.398161+00:00 flow_cell_id=AWX817 basecall_gpu=NVIDIA_Tegra_X2 protocol_group_id=ONT_trialEb_250925 sample_id=ONT_trail_250925 barcode=barcode22 barcode_alias=barcode22 parent_read_id=3361ba5f-b8df-401b-93ed-b40f41790170 basecall_model_version_id=dna_r10.4.1_e8.2_400bps_hac@v4.3.0
410	0df34b54-b04b-4139-8978-4b933816eaab runid=0dfb5b492dc86ce99bf7c61c734eb364afcdb5c8 ch=93 start_time=2025-09-25T17:30:06.398161+00:00 flow_cell_id=AWX817 basecall_gpu=NVIDIA_Tegra_X2 protocol_group_id=ONT_trialEb_250925 sample_id=ONT_trail_250925 barcode=barcode22 barcode_alias=barcode22 parent_read_id=0df34b54-b04b-4139-8978-4b933816eaab basecall_model_version_id=dna_r10.4.1_e8.2_400bps_hac@v4.3.0
410	0357c6ff-19e9-45c0-a12c-c4eb03d2dea8 runid=0dfb5b492dc86ce99bf7c61c734eb364afcdb5c8 ch=40 start_time=2025-09-25T17:11:29.398161+00:00 flow_cell_id=AWX817 basecall_gpu=NVIDIA_Tegra_X2 protocol_group_id=ONT_trialEb_250925 sample_id=ONT_trail_250925 barcode=barcode23 barcode_alias=barcode23 parent_read_id=0357c6ff-19e9-45c0-a12c-c4eb03d2dea8 basecall_model_version_id=dna_r10.4.1_e8.2_400bps_hac@v4.3.0
410	ae407d68-9f80-474a-af4f-e4ca7b207274 runid=0dfb5b492dc86ce99bf7c61c734eb364afcdb5c8 ch=58 start_time=2025-09-25T17:45:35.398161+00:00 flow_cell_id=AWX817 basecall_gpu=NVIDIA_Tegra_X2 protocol_group_id=ONT_trialEb_250925 sample_id=ONT_trail_250925 barcode=barcode24 barcode_alias=barcode24 parent_read_id=ae407d68-9f80-474a-af4f-e4ca7b207274 basecall_model_version_id=dna_r10.4.1_e8.2_400bps_hac@v4.3.0 rc
410	c471a507-a337-4494-82b8-c686bfa0377d runid=0dfb5b492dc86ce99bf7c61c734eb364afcdb5c8 ch=4 start_time=2025-09-26T00:09:12.398161+00:00 flow_cell_id=AWX817 basecall_gpu=NVIDIA_Tegra_X2 protocol_group_id=ONT_trialEb_250925 sample_id=ONT_trail_250925 barcode=barcode23 barcode_alias=barcode23 parent_read_id=c471a507-a337-4494-82b8-c686bfa0377d basecall_model_version_id=dna_r10.4.1_e8.2_400bps_hac@v4.3.0 rc
410	401a8973-37b2-4bce-a3dc-a360f1cb12cb runid=0dfb5b492dc86ce99bf7c61c734eb364afcdb5c8 ch=93 start_time=2025-09-25T15:52:58.398161+00:00 flow_cell_id=AWX817 basecall_gpu=NVIDIA_Tegra_X2 protocol_group_id=ONT_trialEb_250925 sample_id=ONT_trail_250925 barcode=barcode22 barcode_alias=barcode22 parent_read_id=401a8973-37b2-4bce-a3dc-a360f1cb12cb basecall_model_version_id=dna_r10.4.1_e8.2_400bps_hac@v4.3.0
600	7a8191fb-20f2-4d73-a822-54f3ab2f9395 runid=0dfb5b492dc86ce99bf7c61c734eb364afcdb5c8 ch=80 start_time=2025-09-25T18:20:29.398161+00:00 flow_cell_id=AWX817 basecall_gpu=NVIDIA_Tegra_X2 protocol_group_id=ONT_trialEb_250925 sample_id=ONT_trail_250925 barcode=barcode22 barcode_alias=barcode22 parent_read_id=7a8191fb-20f2-4d73-a822-54f3ab2f9395 basecall_model_version_id=dna_r10.4.1_e8.2_400bps_hac@v4.3.0 rc
600	20db9d27-a253-4773-ab23-bc37c13f9bc6 runid=0dfb5b492dc86ce99bf7c61c734eb364afcdb5c8 ch=4 start_time=2025-09-26T05:05:25.398161+00:00 flow_cell_id=AWX817 basecall_gpu=NVIDIA_Tegra_X2 protocol_group_id=ONT_trialEb_250925 sample_id=ONT_trail_250925 barcode=barcode23 barcode_alias=barcode23 parent_read_id=20db9d27-a253-4773-ab23-bc37c13f9bc6 basecall_model_version_id=dna_r10.4.1_e8.2_400bps_hac@v4.3.0
600	33651999-2c35-441f-8db2-3d795dc801c4 runid=0dfb5b492dc86ce99bf7c61c734eb364afcdb5c8 ch=67 start_time=2025-09-26T06:22:26.398161+00:00 flow_cell_id=AWX817 basecall_gpu=NVIDIA_Tegra_X2 protocol_group_id=ONT_trialEb_250925 sample_id=ONT_trail_250925 barcode=barcode22 barcode_alias=barcode22 parent_read_id=33651999-2c35-441f-8db2-3d795dc801c4 basecall_model_version_id=dna_r10.4.1_e8.2_400bps_hac@v4.3.0
600	1ffef426-9234-4ce3-812a-ce15f7e216e8 runid=0dfb5b492dc86ce99bf7c61c734eb364afcdb5c8 ch=44 start_time=2025-09-25T21:05:01.398161+00:00 flow_cell_id=AWX817 basecall_gpu=NVIDIA_Tegra_X2 protocol_group_id=ONT_trialEb_250925 sample_id=ONT_trail_250925 barcode=barcode23 barcode_alias=barcode23 parent_read_id=1ffef426-9234-4ce3-812a-ce15f7e216e8 basecall_model_version_id=dna_r10.4.1_e8.2_400bps_hac@v4.3.0
600	deb71563-4847-4816-8e08-689a6e407b01 runid=0dfb5b492dc86ce99bf7c61c734eb364afcdb5c8 ch=44 start_time=2025-09-26T04:51:41.398161+00:00 flow_cell_id=AWX817 basecall_gpu=NVIDIA_Tegra_X2 protocol_group_id=ONT_trialEb_250925 sample_id=ONT_trail_250925 barcode=barcode22 barcode_alias=barcode22 parent_read_id=deb71563-4847-4816-8e08-689a6e407b01 basecall_model_version_id=dna_r10.4.1_e8.2_400bps_hac@v4.3.0
600	deb71563-4847-4816-8e08-689a6e407b01 runid=0dfb5b492dc86ce99bf7c61c734eb364afcdb5c8 ch=44 start_time=2025-09-26T04:51:41.398161+00:00 flow_cell_id=AWX817 basecall_gpu=NVIDIA_Tegra_X2 protocol_group_id=ONT_trialEb_250925 sample_id=ONT_trail_250925 barcode=barcode22 barcode_alias=barcode22 parent_read_id=deb71563-4847-4816-8e08-689a6e407b01 basecall_model_version_id=dna_r10.4.1_e8.2_400bps_hac@v4.3.0
600	40f4ca23-4ab3-4486-9f70-47d87b1d01ad runid=0dfb5b492dc86ce99bf7c61c734eb364afcdb5c8 ch=79 start_time=2025-09-25T16:47:00.398161+00:00 flow_cell_id=AWX817 basecall_gpu=NVIDIA_Tegra_X2 protocol_group_id=ONT_trialEb_250925 sample_id=ONT_trail_250925 barcode=barcode22 barcode_alias=barcode22 parent_read_id=40f4ca23-4ab3-4486-9f70-47d87b1d01ad basecall_model_version_id=dna_r10.4.1_e8.2_400bps_hac@v4.3.0
600	8d0e1975-34fa-4319-8325-21e9cf01cd50 runid=0dfb5b492dc86ce99bf7c61c734eb364afcdb5c8 ch=77 start_time=2025-09-25T16:16:52.398161+00:00 flow_cell_id=AWX817 basecall_gpu=NVIDIA_Tegra_X2 protocol_group_id=ONT_trialEb_250925 sample_id=ONT_trail_250925 barcode=barcode23 barcode_alias=barcode23 parent_read_id=8d0e1975-34fa-4319-8325-21e9cf01cd50 basecall_model_version_id=dna_r10.4.1_e8.2_400bps_hac@v4.3.0 rc
600	3d365d95-b01a-45f8-b941-ed0c313a8a40 runid=0dfb5b492dc86ce99bf7c61c734eb364afcdb5c8 ch=113 start_time=2025-09-25T16:50:39.398161+00:00 flow_cell_id=AWX817 basecall_gpu=NVIDIA_Tegra_X2 protocol_group_id=ONT_trialEb_250925 sample_id=ONT_trail_250925 barcode=barcode24 barcode_alias=barcode24 parent_read_id=59d55a17-8cd9-48dd-a1f4-0fc68d2f2b5c basecall_model_version_id=dna_r10.4.1_e8.2_400bps_hac@v4.3.0
600	48a1a36d-a312-489b-b7b2-e62dc447dd58 runid=0dfb5b492dc86ce99bf7c61c734eb364afcdb5c8 ch=43 start_time=2025-09-25T19:06:59.398161+00:00 flow_cell_id=AWX817 basecall_gpu=NVIDIA_Tegra_X2 protocol_group_id=ONT_trialEb_250925 sample_id=ONT_trail_250925 barcode=barcode22 barcode_alias=barcode22 parent_read_id=48a1a36d-a312-489b-b7b2-e62dc447dd58 basecall_model_version_id=dna_r10.4.1_e8.2_400bps_hac@v4.3.0
600	7c105fa2-581d-46a4-94ad-19f53c34dd4f runid=0dfb5b492dc86ce99bf7c61c734eb364afcdb5c8 ch=58 start_time=2025-09-25T22:10:18.398161+00:00 flow_cell_id=AWX817 basecall_gpu=NVIDIA_Tegra_X2 protocol_group_id=ONT_trialEb_250925 sample_id=ONT_trail_250925 barcode=barcode23 barcode_alias=barcode23 parent_read_id=7c105fa2-581d-46a4-94ad-19f53c34dd4f basecall_model_version_id=dna_r10.4.1_e8.2_400bps_hac@v4.3.0 rc
600	56b819b9-8f3a-4fc6-b65c-8c0c79253410 runid=0dfb5b492dc86ce99bf7c61c734eb364afcdb5c8 ch=80 start_time=2025-09-25T21:44:30.398161+00:00 flow_cell_id=AWX817 basecall_gpu=NVIDIA_Tegra_X2 protocol_group_id=ONT_trialEb_250925 sample_id=ONT_trail_250925 barcode=barcode22 barcode_alias=barcode22 parent_read_id=56b819b9-8f3a-4fc6-b65c-8c0c79253410 basecall_model_version_id=dna_r10.4.1_e8.2_400bps_hac@v4.3.0 rc
600	00db5777-0ced-47e5-ac6d-70950d83049f runid=0dfb5b492dc86ce99bf7c61c734eb364afcdb5c8 ch=4 start_time=2025-09-25T18:22:59.398161+00:00 flow_cell_id=AWX817 basecall_gpu=NVIDIA_Tegra_X2 protocol_group_id=ONT_trialEb_250925 sample_id=ONT_trail_250925 barcode=barcode22 barcode_alias=barcode22 parent_read_id=00db5777-0ced-47e5-ac6d-70950d83049f basecall_model_version_id=dna_r10.4.1_e8.2_400bps_hac@v4.3.0
600	46b3d0d8-7273-4e2d-a46a-78ab7aefeee1 runid=0dfb5b492dc86ce99bf7c61c734eb364afcdb5c8 ch=58 start_time=2025-09-25T21:11:01.398161+00:00 flow_cell_id=AWX817 basecall_gpu=NVIDIA_Tegra_X2 protocol_group_id=ONT_trialEb_250925 sample_id=ONT_trail_250925 barcode=barcode24 barcode_alias=barcode24 parent_read_id=4c599bd6-0dc1-4175-b98b-2f6fb9660766 basecall_model_version_id=dna_r10.4.1_e8.2_400bps_hac@v4.3.0
600	e4449a28-59d7-439a-9050-5796c513d6cb runid=0dfb5b492dc86ce99bf7c61c734eb364afcdb5c8 ch=44 start_time=2025-09-25T21:03:34.398161+00:00 flow_cell_id=AWX817 basecall_gpu=NVIDIA_Tegra_X2 protocol_group_id=ONT_trialEb_250925 sample_id=ONT_trail_250925 barcode=barcode23 barcode_alias=barcode23 parent_read_id=e4449a28-59d7-439a-9050-5796c513d6cb basecall_model_version_id=dna_r10.4.1_e8.2_400bps_hac@v4.3.0
600	75de78a4-66bb-4f61-ae0d-5323c5eaca99 runid=0dfb5b492dc86ce99bf7c61c734eb364afcdb5c8 ch=44 start_time=2025-09-25T16:27:37.398161+00:00 flow_cell_id=AWX817 basecall_gpu=NVIDIA_Tegra_X2 protocol_group_id=ONT_trialEb_250925 sample_id=ONT_trail_250925 barcode=barcode22 barcode_alias=barcode22 parent_read_id=75de78a4-66bb-4f61-ae0d-5323c5eaca99 basecall_model_version_id=dna_r10.4.1_e8.2_400bps_hac@v4.3.0
600	e3fcf27c-9889-4cce-ba23-01a53a6fa490 runid=0dfb5b492dc86ce99bf7c61c734eb364afcdb5c8 ch=20 start_time=2025-09-25T21:26:16.398161+00:00 flow_cell_id=AWX817 basecall_gpu=NVIDIA_Tegra_X2 protocol_group_id=ONT_trialEb_250925 sample_id=ONT_trail_250925 barcode=barcode24 barcode_alias=barcode24 parent_read_id=e3fcf27c-9889-4cce-ba23-01a53a6fa490 basecall_model_version_id=dna_r10.4.1_e8.2_400bps_hac@v4.3.0 rc
600	5d2be2eb-c17b-4945-a4bd-1d7784c7b72a runid=0dfb5b492dc86ce99bf7c61c734eb364afcdb5c8 ch=49 start_time=2025-09-26T09:21:47.398161+00:00 flow_cell_id=AWX817 basecall_gpu=NVIDIA_Tegra_X2 protocol_group_id=ONT_trialEb_250925 sample_id=ONT_trail_250925 barcode=barcode22 barcode_alias=barcode22 parent_read_id=5d2be2eb-c17b-4945-a4bd-1d7784c7b72a basecall_model_version_id=dna_r10.4.1_e8.2_400bps_hac@v4.3.0 rc
600	fa53786f-94b8-4f49-9a39-2a8876688f9b runid=0dfb5b492dc86ce99bf7c61c734eb364afcdb5c8 ch=79 start_time=2025-09-25T19:26:25.398161+00:00 flow_cell_id=AWX817 basecall_gpu=NVIDIA_Tegra_X2 protocol_group_id=ONT_trialEb_250925 sample_id=ONT_trail_250925 barcode=barcode23 barcode_alias=barcode23 parent_read_id=fa53786f-94b8-4f49-9a39-2a8876688f9b basecall_model_version_id=dna_r10.4.1_e8.2_400bps_hac@v4.3.0
600	e78a8c69-5420-4902-86bf-559f4795df56 runid=0dfb5b492dc86ce99bf7c61c734eb364afcdb5c8 ch=110 start_time=2025-09-25T20:45:41.398161+00:00 flow_cell_id=AWX817 basecall_gpu=NVIDIA_Tegra_X2 protocol_group_id=ONT_trialEb_250925 sample_id=ONT_trail_250925 barcode=barcode22 barcode_alias=barcode22 parent_read_id=e78a8c69-5420-4902-86bf-559f4795df56 basecall_model_version_id=dna_r10.4.1_e8.2_400bps_hac@v4.3.0 rc
600	b11c7868-208d-41a0-87db-830dca22f977 runid=0dfb5b492dc86ce99bf7c61c734eb364afcdb5c8 ch=85 start_time=2025-09-26T02:07:13.398161+00:00 flow_cell_id=AWX817 basecall_gpu=NVIDIA_Tegra_X2 protocol_group_id=ONT_trialEb_250925 sample_id=ONT_trail_250925 barcode=barcode24 barcode_alias=barcode24 parent_read_id=b11c7868-208d-41a0-87db-830dca22f977 basecall_model_version_id=dna_r10.4.1_e8.2_400bps_hac@v4.3.0 rc
600	76c8ba85-37bc-47d4-9a6e-4ee1e6c32b80 runid=0dfb5b492dc86ce99bf7c61c734eb364afcdb5c8 ch=110 start_time=2025-09-25T18:29:53.398161+00:00 flow_cell_id=AWX817 basecall_gpu=NVIDIA_Tegra_X2 protocol_group_id=ONT_trialEb_250925 sample_id=ONT_trail_250925 barcode=barcode23 barcode_alias=barcode23 parent_read_id=76c8ba85-37bc-47d4-9a6e-4ee1e6c32b80 basecall_model_version_id=dna_r10.4.1_e8.2_400bps_hac@v4.3.0
600	b238d0bc-5957-404d-a197-6ec2f59a668c runid=0dfb5b492dc86ce99bf7c61c734eb364afcdb5c8 ch=106 start_time=2025-09-25T17:10:40.398161+00:00 flow_cell_id=AWX817 basecall_gpu=NVIDIA_Tegra_X2 protocol_group_id=ONT_trialEb_250925 sample_id=ONT_trail_250925 barcode=barcode24 barcode_alias=barcode24 parent_read_id=b238d0bc-5957-404d-a197-6ec2f59a668c basecall_model_version_id=dna_r10.4.1_e8.2_400bps_hac@v4.3.0
600	d9f125c9-06f1-40cf-9d27-1d0f3eb76247 runid=0dfb5b492dc86ce99bf7c61c734eb364afcdb5c8 ch=40 start_time=2025-09-25T17:30:59.398161+00:00 flow_cell_id=AWX817 basecall_gpu=NVIDIA_Tegra_X2 protocol_group_id=ONT_trialEb_250925 sample_id=ONT_trail_250925 barcode=barcode22 barcode_alias=barcode22 parent_read_id=d9f125c9-06f1-40cf-9d27-1d0f3eb76247 basecall_model_version_id=dna_r10.4.1_e8.2_400bps_hac@v4.3.0
600	d9f125c9-06f1-40cf-9d27-1d0f3eb76247 runid=0dfb5b492dc86ce99bf7c61c734eb364afcdb5c8 ch=40 start_time=2025-09-25T17:30:59.398161+00:00 flow_cell_id=AWX817 basecall_gpu=NVIDIA_Tegra_X2 protocol_group_id=ONT_trialEb_250925 sample_id=ONT_trail_250925 barcode=barcode22 barcode_alias=barcode22 parent_read_id=d9f125c9-06f1-40cf-9d27-1d0f3eb76247 basecall_model_version_id=dna_r10.4.1_e8.2_400bps_hac@v4.3.0
600	b91bc635-81a3-425d-bb93-db4ff442c689 runid=0dfb5b492dc86ce99bf7c61c734eb364afcdb5c8 ch=44 start_time=2025-09-25T20:57:03.398161+00:00 flow_cell_id=AWX817 basecall_gpu=NVIDIA_Tegra_X2 protocol_group_id=ONT_trialEb_250925 sample_id=ONT_trail_250925 barcode=barcode22 barcode_alias=barcode22 parent_read_id=b91bc635-81a3-425d-bb93-db4ff442c689 basecall_model_version_id=dna_r10.4.1_e8.2_400bps_hac@v4.3.0
600	b91bc635-81a3-425d-bb93-db4ff442c689 runid=0dfb5b492dc86ce99bf7c61c734eb364afcdb5c8 ch=44 start_time=2025-09-25T20:57:03.398161+00:00 flow_cell_id=AWX817 basecall_gpu=NVIDIA_Tegra_X2 protocol_group_id=ONT_trialEb_250925 sample_id=ONT_trail_250925 barcode=barcode22 barcode_alias=barcode22 parent_read_id=b91bc635-81a3-425d-bb93-db4ff442c689 basecall_model_version_id=dna_r10.4.1_e8.2_400bps_hac@v4.3.0
600	a7f6eee9-d21b-4bcb-bc06-a234380a1407 runid=0dfb5b492dc86ce99bf7c61c734eb364afcdb5c8 ch=20 start_time=2025-09-25T17:19:36.398161+00:00 flow_cell_id=AWX817 basecall_gpu=NVIDIA_Tegra_X2 protocol_group_id=ONT_trialEb_250925 sample_id=ONT_trail_250925 barcode=barcode22 barcode_alias=barcode22 parent_read_id=a7f6eee9-d21b-4bcb-bc06-a234380a1407 basecall_model_version_id=dna_r10.4.1_e8.2_400bps_hac@v4.3.0
600	730ea39d-94be-4287-b40e-9952d5ef7bbd runid=0dfb5b492dc86ce99bf7c61c734eb364afcdb5c8 ch=79 start_time=2025-09-25T21:48:42.398161+00:00 flow_cell_id=AWX817 basecall_gpu=NVIDIA_Tegra_X2 protocol_group_id=ONT_trialEb_250925 sample_id=ONT_trail_250925 barcode=barcode22 barcode_alias=barcode22 parent_read_id=730ea39d-94be-4287-b40e-9952d5ef7bbd basecall_model_version_id=dna_r10.4.1_e8.2_400bps_hac@v4.3.0 rc
600	17ad8259-3550-4366-a645-225523c773f0 runid=0dfb5b492dc86ce99bf7c61c734eb364afcdb5c8 ch=20 start_time=2025-09-26T08:55:35.398161+00:00 flow_cell_id=AWX817 basecall_gpu=NVIDIA_Tegra_X2 protocol_group_id=ONT_trialEb_250925 sample_id=ONT_trail_250925 barcode=barcode22 barcode_alias=barcode22 parent_read_id=17ad8259-3550-4366-a645-225523c773f0 basecall_model_version_id=dna_r10.4.1_e8.2_400bps_hac@v4.3.0 rc
600	f6ae0fd7-649b-4105-89bb-336e9e61ab7c runid=0dfb5b492dc86ce99bf7c61c734eb364afcdb5c8 ch=39 start_time=2025-09-26T09:21:19.398161+00:00 flow_cell_id=AWX817 basecall_gpu=NVIDIA_Tegra_X2 protocol_group_id=ONT_trialEb_250925 sample_id=ONT_trail_250925 barcode=barcode22 barcode_alias=barcode22 parent_read_id=f6ae0fd7-649b-4105-89bb-336e9e61ab7c basecall_model_version_id=dna_r10.4.1_e8.2_400bps_hac@v4.3.0 rc
600	f6ae0fd7-649b-4105-89bb-336e9e61ab7c runid=0dfb5b492dc86ce99bf7c61c734eb364afcdb5c8 ch=39 start_time=2025-09-26T09:21:19.398161+00:00 flow_cell_id=AWX817 basecall_gpu=NVIDIA_Tegra_X2 protocol_group_id=ONT_trialEb_250925 sample_id=ONT_trail_250925 barcode=barcode22 barcode_alias=barcode22 parent_read_id=f6ae0fd7-649b-4105-89bb-336e9e61ab7c basecall_model_version_id=dna_r10.4.1_e8.2_400bps_hac@v4.3.0 rc
600	fae3c5fa-c3a0-4994-9653-4e7d6978d3af runid=0dfb5b492dc86ce99bf7c61c734eb364afcdb5c8 ch=41 start_time=2025-09-25T23:55:06.398161+00:00 flow_cell_id=AWX817 basecall_gpu=NVIDIA_Tegra_X2 protocol_group_id=ONT_trialEb_250925 sample_id=ONT_trail_250925 barcode=barcode22 barcode_alias=barcode22 parent_read_id=fae3c5fa-c3a0-4994-9653-4e7d6978d3af basecall_model_version_id=dna_r10.4.1_e8.2_400bps_hac@v4.3.0
600	bb9a4383-7496-4126-978a-20783645ba24 runid=0dfb5b492dc86ce99bf7c61c734eb364afcdb5c8 ch=40 start_time=2025-09-25T16:53:56.398161+00:00 flow_cell_id=AWX817 basecall_gpu=NVIDIA_Tegra_X2 protocol_group_id=ONT_trialEb_250925 sample_id=ONT_trail_250925 barcode=barcode23 barcode_alias=barcode23 parent_read_id=bb9a4383-7496-4126-978a-20783645ba24 basecall_model_version_id=dna_r10.4.1_e8.2_400bps_hac@v4.3.0
600	4df28861-24a2-4555-b680-2998b730f055 runid=0dfb5b492dc86ce99bf7c61c734eb364afcdb5c8 ch=58 start_time=2025-09-25T22:10:53.398161+00:00 flow_cell_id=AWX817 basecall_gpu=NVIDIA_Tegra_X2 protocol_group_id=ONT_trialEb_250925 sample_id=ONT_trail_250925 barcode=barcode22 barcode_alias=barcode22 parent_read_id=4df28861-24a2-4555-b680-2998b730f055 basecall_model_version_id=dna_r10.4.1_e8.2_400bps_hac@v4.3.0 rc
600	fe8a641a-e851-4494-986f-f048998a01a2 runid=0dfb5b492dc86ce99bf7c61c734eb364afcdb5c8 ch=39 start_time=2025-09-26T01:17:36.398161+00:00 flow_cell_id=AWX817 basecall_gpu=NVIDIA_Tegra_X2 protocol_group_id=ONT_trialEb_250925 sample_id=ONT_trail_250925 barcode=barcode24 barcode_alias=barcode24 parent_read_id=848bac7e-528c-4501-80ec-e89375e08a08 basecall_model_version_id=dna_r10.4.1_e8.2_400bps_hac@v4.3.0 rc
600	89ad3dc1-6434-4f13-a7e1-1eafc73b2f18 runid=0dfb5b492dc86ce99bf7c61c734eb364afcdb5c8 ch=44 start_time=2025-09-26T01:16:51.398161+00:00 flow_cell_id=AWX817 basecall_gpu=NVIDIA_Tegra_X2 protocol_group_id=ONT_trialEb_250925 sample_id=ONT_trail_250925 barcode=barcode22 barcode_alias=barcode22 parent_read_id=89ad3dc1-6434-4f13-a7e1-1eafc73b2f18 basecall_model_version_id=dna_r10.4.1_e8.2_400bps_hac@v4.3.0
600	27bb3442-138e-4065-84d6-02e115d4daa6 runid=0dfb5b492dc86ce99bf7c61c734eb364afcdb5c8 ch=49 start_time=2025-09-26T10:07:55.398161+00:00 flow_cell_id=AWX817 basecall_gpu=NVIDIA_Tegra_X2 protocol_group_id=ONT_trialEb_250925 sample_id=ONT_trail_250925 barcode=barcode24 barcode_alias=barcode24 parent_read_id=27bb3442-138e-4065-84d6-02e115d4daa6 basecall_model_version_id=dna_r10.4.1_e8.2_400bps_hac@v4.3.0
600	385c344c-5043-44a9-9ad6-ca11fa9b8176 runid=0dfb5b492dc86ce99bf7c61c734eb364afcdb5c8 ch=4 start_time=2025-09-25T16:27:08.398161+00:00 flow_cell_id=AWX817 basecall_gpu=NVIDIA_Tegra_X2 protocol_group_id=ONT_trialEb_250925 sample_id=ONT_trail_250925 barcode=barcode23 barcode_alias=barcode23 parent_read_id=385c344c-5043-44a9-9ad6-ca11fa9b8176 basecall_model_version_id=dna_r10.4.1_e8.2_400bps_hac@v4.3.0
600	c5d4502e-51be-42fb-a22a-52baee3e3d2d runid=0dfb5b492dc86ce99bf7c61c734eb364afcdb5c8 ch=58 start_time=2025-09-25T22:11:57.398161+00:00 flow_cell_id=AWX817 basecall_gpu=NVIDIA_Tegra_X2 protocol_group_id=ONT_trialEb_250925 sample_id=ONT_trail_250925 barcode=barcode23 barcode_alias=barcode23 parent_read_id=c5d4502e-51be-42fb-a22a-52baee3e3d2d basecall_model_version_id=dna_r10.4.1_e8.2_400bps_hac@v4.3.0
600	d55ad878-5782-4de8-aa12-f6f1f10707a4 runid=0dfb5b492dc86ce99bf7c61c734eb364afcdb5c8 ch=90 start_time=2025-09-25T16:24:03.398161+00:00 flow_cell_id=AWX817 basecall_gpu=NVIDIA_Tegra_X2 protocol_group_id=ONT_trialEb_250925 sample_id=ONT_trail_250925 barcode=barcode23 barcode_alias=barcode23 parent_read_id=d55ad878-5782-4de8-aa12-f6f1f10707a4 basecall_model_version_id=dna_r10.4.1_e8.2_400bps_hac@v4.3.0
600	19600f1a-49af-482f-9ef9-ad8e2402965a runid=0dfb5b492dc86ce99bf7c61c734eb364afcdb5c8 ch=49 start_time=2025-09-25T18:18:51.398161+00:00 flow_cell_id=AWX817 basecall_gpu=NVIDIA_Tegra_X2 protocol_group_id=ONT_trialEb_250925 sample_id=ONT_trail_250925 barcode=barcode24 barcode_alias=barcode24 parent_read_id=19600f1a-49af-482f-9ef9-ad8e2402965a basecall_model_version_id=dna_r10.4.1_e8.2_400bps_hac@v4.3.0
600	e29e6bc4-2120-4e99-a847-0979682e485f runid=0dfb5b492dc86ce99bf7c61c734eb364afcdb5c8 ch=4 start_time=2025-09-25T19:50:00.398161+00:00 flow_cell_id=AWX817 basecall_gpu=NVIDIA_Tegra_X2 protocol_group_id=ONT_trialEb_250925 sample_id=ONT_trail_250925 barcode=barcode22 barcode_alias=barcode22 parent_read_id=e29e6bc4-2120-4e99-a847-0979682e485f basecall_model_version_id=dna_r10.4.1_e8.2_400bps_hac@v4.3.0
600	689fc9e1-e3c2-4d2d-85be-9691731c96b0 runid=0dfb5b492dc86ce99bf7c61c734eb364afcdb5c8 ch=91 start_time=2025-09-25T18:10:29.398161+00:00 flow_cell_id=AWX817 basecall_gpu=NVIDIA_Tegra_X2 protocol_group_id=ONT_trialEb_250925 sample_id=ONT_trail_250925 barcode=barcode22 barcode_alias=barcode22 parent_read_id=689fc9e1-e3c2-4d2d-85be-9691731c96b0 basecall_model_version_id=dna_r10.4.1_e8.2_400bps_hac@v4.3.0 rc
600	d83087de-1e84-40b8-b8ec-0dcb02c13e4c runid=0dfb5b492dc86ce99bf7c61c734eb364afcdb5c8 ch=20 start_time=2025-09-25T22:11:29.398161+00:00 flow_cell_id=AWX817 basecall_gpu=NVIDIA_Tegra_X2 protocol_group_id=ONT_trialEb_250925 sample_id=ONT_trail_250925 barcode=barcode22 barcode_alias=barcode22 parent_read_id=d83087de-1e84-40b8-b8ec-0dcb02c13e4c basecall_model_version_id=dna_r10.4.1_e8.2_400bps_hac@v4.3.0
600	9094c3b8-b0f9-4b6a-b628-4b49f1b3c2d2 runid=0dfb5b492dc86ce99bf7c61c734eb364afcdb5c8 ch=57 start_time=2025-09-25T17:23:07.398161+00:00 flow_cell_id=AWX817 basecall_gpu=NVIDIA_Tegra_X2 protocol_group_id=ONT_trialEb_250925 sample_id=ONT_trail_250925 barcode=barcode22 barcode_alias=barcode22 parent_read_id=9094c3b8-b0f9-4b6a-b628-4b49f1b3c2d2 basecall_model_version_id=dna_r10.4.1_e8.2_400bps_hac@v4.3.0
600	9094c3b8-b0f9-4b6a-b628-4b49f1b3c2d2 runid=0dfb5b492dc86ce99bf7c61c734eb364afcdb5c8 ch=57 start_time=2025-09-25T17:23:07.398161+00:00 flow_cell_id=AWX817 basecall_gpu=NVIDIA_Tegra_X2 protocol_group_id=ONT_trialEb_250925 sample_id=ONT_trail_250925 barcode=barcode22 barcode_alias=barcode22 parent_read_id=9094c3b8-b0f9-4b6a-b628-4b49f1b3c2d2 basecall_model_version_id=dna_r10.4.1_e8.2_400bps_hac@v4.3.0
600	d3e165eb-33c4-4bad-9dc1-926c0f18884d runid=0dfb5b492dc86ce99bf7c61c734eb364afcdb5c8 ch=40 start_time=2025-09-25T19:39:48.398161+00:00 flow_cell_id=AWX817 basecall_gpu=NVIDIA_Tegra_X2 protocol_group_id=ONT_trialEb_250925 sample_id=ONT_trail_250925 barcode=barcode24 barcode_alias=barcode24 parent_read_id=d3e165eb-33c4-4bad-9dc1-926c0f18884d basecall_model_version_id=dna_r10.4.1_e8.2_400bps_hac@v4.3.0
600	cf8f6033-66c7-47e7-b1c2-c137d4c02ed8 runid=0dfb5b492dc86ce99bf7c61c734eb364afcdb5c8 ch=20 start_time=2025-09-25T19:17:39.398161+00:00 flow_cell_id=AWX817 basecall_gpu=NVIDIA_Tegra_X2 protocol_group_id=ONT_trialEb_250925 sample_id=ONT_trail_250925 barcode=barcode22 barcode_alias=barcode22 parent_read_id=cf8f6033-66c7-47e7-b1c2-c137d4c02ed8 basecall_model_version_id=dna_r10.4.1_e8.2_400bps_hac@v4.3.0 rc
600	49228be0-554a-42a6-9612-c55b392f0e8c runid=0dfb5b492dc86ce99bf7c61c734eb364afcdb5c8 ch=4 start_time=2025-09-25T16:44:17.398161+00:00 flow_cell_id=AWX817 basecall_gpu=NVIDIA_Tegra_X2 protocol_group_id=ONT_trialEb_250925 sample_id=ONT_trail_250925 barcode=barcode22 barcode_alias=barcode22 parent_read_id=49228be0-554a-42a6-9612-c55b392f0e8c basecall_model_version_id=dna_r10.4.1_e8.2_400bps_hac@v4.3.0
600	49228be0-554a-42a6-9612-c55b392f0e8c runid=0dfb5b492dc86ce99bf7c61c734eb364afcdb5c8 ch=4 start_time=2025-09-25T16:44:17.398161+00:00 flow_cell_id=AWX817 basecall_gpu=NVIDIA_Tegra_X2 protocol_group_id=ONT_trialEb_250925 sample_id=ONT_trail_250925 barcode=barcode22 barcode_alias=barcode22 parent_read_id=49228be0-554a-42a6-9612-c55b392f0e8c basecall_model_version_id=dna_r10.4.1_e8.2_400bps_hac@v4.3.0
600	97c395d7-306c-4019-8bd9-7fdc8b89fb90 runid=0dfb5b492dc86ce99bf7c61c734eb364afcdb5c8 ch=23 start_time=2025-09-25T17:43:43.398161+00:00 flow_cell_id=AWX817 basecall_gpu=NVIDIA_Tegra_X2 protocol_group_id=ONT_trialEb_250925 sample_id=ONT_trail_250925 barcode=barcode22 barcode_alias=barcode22 parent_read_id=97c395d7-306c-4019-8bd9-7fdc8b89fb90 basecall_model_version_id=dna_r10.4.1_e8.2_400bps_hac@v4.3.0 rc
600	36e62bbf-268f-47f1-b898-eff16e7ee3dc runid=0dfb5b492dc86ce99bf7c61c734eb364afcdb5c8 ch=20 start_time=2025-09-25T17:50:47.398161+00:00 flow_cell_id=AWX817 basecall_gpu=NVIDIA_Tegra_X2 protocol_group_id=ONT_trialEb_250925 sample_id=ONT_trail_250925 barcode=barcode23 barcode_alias=barcode23 parent_read_id=373b6ef6-d08d-4055-8617-1ef1c92dd70a basecall_model_version_id=dna_r10.4.1_e8.2_400bps_hac@v4.3.0 rc
600	fc17c47f-97af-45b2-bae0-3b7deec5fa6c runid=0dfb5b492dc86ce99bf7c61c734eb364afcdb5c8 ch=73 start_time=2025-09-25T17:44:42.398161+00:00 flow_cell_id=AWX817 basecall_gpu=NVIDIA_Tegra_X2 protocol_group_id=ONT_trialEb_250925 sample_id=ONT_trail_250925 barcode=barcode22 barcode_alias=barcode22 parent_read_id=fc17c47f-97af-45b2-bae0-3b7deec5fa6c basecall_model_version_id=dna_r10.4.1_e8.2_400bps_hac@v4.3.0
600	fc17c47f-97af-45b2-bae0-3b7deec5fa6c runid=0dfb5b492dc86ce99bf7c61c734eb364afcdb5c8 ch=73 start_time=2025-09-25T17:44:42.398161+00:00 flow_cell_id=AWX817 basecall_gpu=NVIDIA_Tegra_X2 protocol_group_id=ONT_trialEb_250925 sample_id=ONT_trail_250925 barcode=barcode22 barcode_alias=barcode22 parent_read_id=fc17c47f-97af-45b2-bae0-3b7deec5fa6c basecall_model_version_id=dna_r10.4.1_e8.2_400bps_hac@v4.3.0
600	227733c4-4f25-4d5a-a51a-d5b0210e7e48 runid=0dfb5b492dc86ce99bf7c61c734eb364afcdb5c8 ch=41 start_time=2025-09-25T21:01:23.398161+00:00 flow_cell_id=AWX817 basecall_gpu=NVIDIA_Tegra_X2 protocol_group_id=ONT_trialEb_250925 sample_id=ONT_trail_250925 barcode=barcode22 barcode_alias=barcode22 parent_read_id=227733c4-4f25-4d5a-a51a-d5b0210e7e48 basecall_model_version_id=dna_r10.4.1_e8.2_400bps_hac@v4.3.0
600	6e345f11-daa1-4fa9-9183-e1559959bce6 runid=0dfb5b492dc86ce99bf7c61c734eb364afcdb5c8 ch=56 start_time=2025-09-25T19:01:04.398161+00:00 flow_cell_id=AWX817 basecall_gpu=NVIDIA_Tegra_X2 protocol_group_id=ONT_trialEb_250925 sample_id=ONT_trail_250925 barcode=barcode22 barcode_alias=barcode22 parent_read_id=6e345f11-daa1-4fa9-9183-e1559959bce6 basecall_model_version_id=dna_r10.4.1_e8.2_400bps_hac@v4.3.0 rc
600	e9e6e7b4-b1a3-44f8-b2b5-f089ab87f4c0 runid=0dfb5b492dc86ce99bf7c61c734eb364afcdb5c8 ch=4 start_time=2025-09-25T16:17:09.398161+00:00 flow_cell_id=AWX817 basecall_gpu=NVIDIA_Tegra_X2 protocol_group_id=ONT_trialEb_250925 sample_id=ONT_trail_250925 barcode=barcode22 barcode_alias=barcode22 parent_read_id=e9e6e7b4-b1a3-44f8-b2b5-f089ab87f4c0 basecall_model_version_id=dna_r10.4.1_e8.2_400bps_hac@v4.3.0 rc
600	3dfdc369-191f-468b-942d-c8228be1eb7f runid=0dfb5b492dc86ce99bf7c61c734eb364afcdb5c8 ch=5 start_time=2025-09-25T17:02:50.398161+00:00 flow_cell_id=AWX817 basecall_gpu=NVIDIA_Tegra_X2 protocol_group_id=ONT_trialEb_250925 sample_id=ONT_trail_250925 barcode=barcode23 barcode_alias=barcode23 parent_read_id=3dfdc369-191f-468b-942d-c8228be1eb7f basecall_model_version_id=dna_r10.4.1_e8.2_400bps_hac@v4.3.0
600	981aec43-497c-49b5-b49a-13ac7c08fa8d runid=0dfb5b492dc86ce99bf7c61c734eb364afcdb5c8 ch=4 start_time=2025-09-25T17:06:08.398161+00:00 flow_cell_id=AWX817 basecall_gpu=NVIDIA_Tegra_X2 protocol_group_id=ONT_trialEb_250925 sample_id=ONT_trail_250925 barcode=barcode22 barcode_alias=barcode22 parent_read_id=981aec43-497c-49b5-b49a-13ac7c08fa8d basecall_model_version_id=dna_r10.4.1_e8.2_400bps_hac@v4.3.0 rc
600	981aec43-497c-49b5-b49a-13ac7c08fa8d runid=0dfb5b492dc86ce99bf7c61c734eb364afcdb5c8 ch=4 start_time=2025-09-25T17:06:08.398161+00:00 flow_cell_id=AWX817 basecall_gpu=NVIDIA_Tegra_X2 protocol_group_id=ONT_trialEb_250925 sample_id=ONT_trail_250925 barcode=barcode22 barcode_alias=barcode22 parent_read_id=981aec43-497c-49b5-b49a-13ac7c08fa8d basecall_model_version_id=dna_r10.4.1_e8.2_400bps_hac@v4.3.0 rc
600	893d13bc-68f7-492e-9739-ecdc3252744f runid=0dfb5b492dc86ce99bf7c61c734eb364afcdb5c8 ch=73 start_time=2025-09-25T19:59:10.398161+00:00 flow_cell_id=AWX817 basecall_gpu=NVIDIA_Tegra_X2 protocol_group_id=ONT_trialEb_250925 sample_id=ONT_trail_250925 barcode=barcode22 barcode_alias=barcode22 parent_read_id=893d13bc-68f7-492e-9739-ecdc3252744f basecall_model_version_id=dna_r10.4.1_e8.2_400bps_hac@v4.3.0
600	6d440c17-d4c0-484d-9368-cc72dc7bf5b6 runid=0dfb5b492dc86ce99bf7c61c734eb364afcdb5c8 ch=77 start_time=2025-09-25T16:40:14.398161+00:00 flow_cell_id=AWX817 basecall_gpu=NVIDIA_Tegra_X2 protocol_group_id=ONT_trialEb_250925 sample_id=ONT_trail_250925 barcode=barcode23 barcode_alias=barcode23 parent_read_id=6d440c17-d4c0-484d-9368-cc72dc7bf5b6 basecall_model_version_id=dna_r10.4.1_e8.2_400bps_hac@v4.3.0
786	095f4023-dd0c-4ae8-be5b-d41479f4c84c runid=0dfb5b492dc86ce99bf7c61c734eb364afcdb5c8 ch=5 start_time=2025-09-25T16:37:36.398161+00:00 flow_cell_id=AWX817 basecall_gpu=NVIDIA_Tegra_X2 protocol_group_id=ONT_trialEb_250925 sample_id=ONT_trail_250925 barcode=barcode24 barcode_alias=barcode24 parent_read_id=095f4023-dd0c-4ae8-be5b-d41479f4c84c basecall_model_version_id=dna_r10.4.1_e8.2_400bps_hac@v4.3.0 rc
786	0885d9c7-e081-4244-a864-54fd7ea4fe8d runid=0dfb5b492dc86ce99bf7c61c734eb364afcdb5c8 ch=58 start_time=2025-09-25T20:45:14.398161+00:00 flow_cell_id=AWX817 basecall_gpu=NVIDIA_Tegra_X2 protocol_group_id=ONT_trialEb_250925 sample_id=ONT_trail_250925 barcode=barcode22 barcode_alias=barcode22 parent_read_id=0885d9c7-e081-4244-a864-54fd7ea4fe8d basecall_model_version_id=dna_r10.4.1_e8.2_400bps_hac@v4.3.0 rc
786	3d9121d6-77b2-42b5-9096-aa0933866022 runid=0dfb5b492dc86ce99bf7c61c734eb364afcdb5c8 ch=44 start_time=2025-09-25T23:14:18.398161+00:00 flow_cell_id=AWX817 basecall_gpu=NVIDIA_Tegra_X2 protocol_group_id=ONT_trialEb_250925 sample_id=ONT_trail_250925 barcode=barcode22 barcode_alias=barcode22 parent_read_id=3d9121d6-77b2-42b5-9096-aa0933866022 basecall_model_version_id=dna_r10.4.1_e8.2_400bps_hac@v4.3.0 rc
786	b5c47e16-8280-46c9-9d07-8fb955365665 runid=0dfb5b492dc86ce99bf7c61c734eb364afcdb5c8 ch=80 start_time=2025-09-25T17:30:57.398161+00:00 flow_cell_id=AWX817 basecall_gpu=NVIDIA_Tegra_X2 protocol_group_id=ONT_trialEb_250925 sample_id=ONT_trail_250925 barcode=barcode23 barcode_alias=barcode23 parent_read_id=b5c47e16-8280-46c9-9d07-8fb955365665 basecall_model_version_id=dna_r10.4.1_e8.2_400bps_hac@v4.3.0
786	9d833b9d-bef2-4115-afe7-13f175876b62 runid=0dfb5b492dc86ce99bf7c61c734eb364afcdb5c8 ch=43 start_time=2025-09-25T16:57:26.398161+00:00 flow_cell_id=AWX817 basecall_gpu=NVIDIA_Tegra_X2 protocol_group_id=ONT_trialEb_250925 sample_id=ONT_trail_250925 barcode=barcode22 barcode_alias=barcode22 parent_read_id=9d833b9d-bef2-4115-afe7-13f175876b62 basecall_model_version_id=dna_r10.4.1_e8.2_400bps_hac@v4.3.0
786	13cfda16-e620-40a9-9123-19402a788374 runid=0dfb5b492dc86ce99bf7c61c734eb364afcdb5c8 ch=4 start_time=2025-09-26T01:51:47.398161+00:00 flow_cell_id=AWX817 basecall_gpu=NVIDIA_Tegra_X2 protocol_group_id=ONT_trialEb_250925 sample_id=ONT_trail_250925 barcode=barcode24 barcode_alias=barcode24 parent_read_id=13cfda16-e620-40a9-9123-19402a788374 basecall_model_version_id=dna_r10.4.1_e8.2_400bps_hac@v4.3.0
786	600cddf5-5fd9-413b-8ab5-04f69a619973 runid=0dfb5b492dc86ce99bf7c61c734eb364afcdb5c8 ch=79 start_time=2025-09-25T16:37:31.398161+00:00 flow_cell_id=AWX817 basecall_gpu=NVIDIA_Tegra_X2 protocol_group_id=ONT_trialEb_250925 sample_id=ONT_trail_250925 barcode=barcode23 barcode_alias=barcode23 parent_read_id=600cddf5-5fd9-413b-8ab5-04f69a619973 basecall_model_version_id=dna_r10.4.1_e8.2_400bps_hac@v4.3.0
786	be3ff03f-e2d1-48ea-abe9-a3f74d844232 runid=0dfb5b492dc86ce99bf7c61c734eb364afcdb5c8 ch=85 start_time=2025-09-25T21:56:03.398161+00:00 flow_cell_id=AWX817 basecall_gpu=NVIDIA_Tegra_X2 protocol_group_id=ONT_trialEb_250925 sample_id=ONT_trail_250925 barcode=barcode22 barcode_alias=barcode22 parent_read_id=be3ff03f-e2d1-48ea-abe9-a3f74d844232 basecall_model_version_id=dna_r10.4.1_e8.2_400bps_hac@v4.3.0
786	f6442f0b-5142-4a1b-bd87-9c29a36a9f4b runid=0dfb5b492dc86ce99bf7c61c734eb364afcdb5c8 ch=58 start_time=2025-09-25T19:40:01.398161+00:00 flow_cell_id=AWX817 basecall_gpu=NVIDIA_Tegra_X2 protocol_group_id=ONT_trialEb_250925 sample_id=ONT_trail_250925 barcode=barcode22 barcode_alias=barcode22 parent_read_id=f6442f0b-5142-4a1b-bd87-9c29a36a9f4b basecall_model_version_id=dna_r10.4.1_e8.2_400bps_hac@v4.3.0
786	3f9867e1-dacb-43b8-8e60-52e5f64a8d6d runid=0dfb5b492dc86ce99bf7c61c734eb364afcdb5c8 ch=44 start_time=2025-09-25T21:01:42.398161+00:00 flow_cell_id=AWX817 basecall_gpu=NVIDIA_Tegra_X2 protocol_group_id=ONT_trialEb_250925 sample_id=ONT_trail_250925 barcode=barcode22 barcode_alias=barcode22 parent_read_id=3f9867e1-dacb-43b8-8e60-52e5f64a8d6d basecall_model_version_id=dna_r10.4.1_e8.2_400bps_hac@v4.3.0
786	82dfb3e8-42ab-458a-9d5a-30c538431474 runid=0dfb5b492dc86ce99bf7c61c734eb364afcdb5c8 ch=4 start_time=2025-09-26T00:37:27.398161+00:00 flow_cell_id=AWX817 basecall_gpu=NVIDIA_Tegra_X2 protocol_group_id=ONT_trialEb_250925 sample_id=ONT_trail_250925 barcode=barcode23 barcode_alias=barcode23 parent_read_id=82dfb3e8-42ab-458a-9d5a-30c538431474 basecall_model_version_id=dna_r10.4.1_e8.2_400bps_hac@v4.3.0
786	148b13f7-5f52-4219-b3fd-6c157f33dc6e runid=0dfb5b492dc86ce99bf7c61c734eb364afcdb5c8 ch=41 start_time=2025-09-26T01:17:37.398161+00:00 flow_cell_id=AWX817 basecall_gpu=NVIDIA_Tegra_X2 protocol_group_id=ONT_trialEb_250925 sample_id=ONT_trail_250925 barcode=barcode22 barcode_alias=barcode22 parent_read_id=148b13f7-5f52-4219-b3fd-6c157f33dc6e basecall_model_version_id=dna_r10.4.1_e8.2_400bps_hac@v4.3.0
786	f3e0e800-c07b-4143-9a30-0a8b51cbf990 runid=0dfb5b492dc86ce99bf7c61c734eb364afcdb5c8 ch=4 start_time=2025-09-25T18:20:10.398161+00:00 flow_cell_id=AWX817 basecall_gpu=NVIDIA_Tegra_X2 protocol_group_id=ONT_trialEb_250925 sample_id=ONT_trail_250925 barcode=barcode23 barcode_alias=barcode23 parent_read_id=60b80e5f-2d9b-49d6-b39c-0de6c1e6fd71 basecall_model_version_id=dna_r10.4.1_e8.2_400bps_hac@v4.3.0 rc
786	0c9fc2d8-5a94-4d91-8d08-367637a6bd1c runid=0dfb5b492dc86ce99bf7c61c734eb364afcdb5c8 ch=82 start_time=2025-09-25T17:25:06.398161+00:00 flow_cell_id=AWX817 basecall_gpu=NVIDIA_Tegra_X2 protocol_group_id=ONT_trialEb_250925 sample_id=ONT_trail_250925 barcode=barcode22 barcode_alias=barcode22 parent_read_id=0c9fc2d8-5a94-4d91-8d08-367637a6bd1c basecall_model_version_id=dna_r10.4.1_e8.2_400bps_hac@v4.3.0
786	d33e5157-9b39-4a2e-be44-080c4b494580 runid=0dfb5b492dc86ce99bf7c61c734eb364afcdb5c8 ch=110 start_time=2025-09-25T19:53:07.398161+00:00 flow_cell_id=AWX817 basecall_gpu=NVIDIA_Tegra_X2 protocol_group_id=ONT_trialEb_250925 sample_id=ONT_trail_250925 barcode=barcode22 barcode_alias=barcode22 parent_read_id=d33e5157-9b39-4a2e-be44-080c4b494580 basecall_model_version_id=dna_r10.4.1_e8.2_400bps_hac@v4.3.0
786	d7f4bd0b-77ec-4487-bfd1-6651a4331d2c runid=0dfb5b492dc86ce99bf7c61c734eb364afcdb5c8 ch=77 start_time=2025-09-25T21:19:52.398161+00:00 flow_cell_id=AWX817 basecall_gpu=NVIDIA_Tegra_X2 protocol_group_id=ONT_trialEb_250925 sample_id=ONT_trail_250925 barcode=barcode22 barcode_alias=barcode22 parent_read_id=d7f4bd0b-77ec-4487-bfd1-6651a4331d2c basecall_model_version_id=dna_r10.4.1_e8.2_400bps_hac@v4.3.0 rc
786	fa5a2d87-5685-49a4-9303-815dae219596 runid=0dfb5b492dc86ce99bf7c61c734eb364afcdb5c8 ch=40 start_time=2025-09-25T18:46:25.398161+00:00 flow_cell_id=AWX817 basecall_gpu=NVIDIA_Tegra_X2 protocol_group_id=ONT_trialEb_250925 sample_id=ONT_trail_250925 barcode=barcode24 barcode_alias=barcode24 parent_read_id=fa5a2d87-5685-49a4-9303-815dae219596 basecall_model_version_id=dna_r10.4.1_e8.2_400bps_hac@v4.3.0 rc
786	a2e26c2b-d58b-4a6b-8510-382e3c34f60d runid=0dfb5b492dc86ce99bf7c61c734eb364afcdb5c8 ch=4 start_time=2025-09-25T17:24:34.398161+00:00 flow_cell_id=AWX817 basecall_gpu=NVIDIA_Tegra_X2 protocol_group_id=ONT_trialEb_250925 sample_id=ONT_trail_250925 barcode=barcode22 barcode_alias=barcode22 parent_read_id=a2e26c2b-d58b-4a6b-8510-382e3c34f60d basecall_model_version_id=dna_r10.4.1_e8.2_400bps_hac@v4.3.0
786	8a405ccc-1ca6-481d-bf11-0a2d5b87f456 runid=0dfb5b492dc86ce99bf7c61c734eb364afcdb5c8 ch=41 start_time=2025-09-25T17:21:10.398161+00:00 flow_cell_id=AWX817 basecall_gpu=NVIDIA_Tegra_X2 protocol_group_id=ONT_trialEb_250925 sample_id=ONT_trail_250925 barcode=barcode23 barcode_alias=barcode23 parent_read_id=8a405ccc-1ca6-481d-bf11-0a2d5b87f456 basecall_model_version_id=dna_r10.4.1_e8.2_400bps_hac@v4.3.0 rc
786	82f72bdd-fca3-4f1d-9d4a-eed9852eb638 runid=0dfb5b492dc86ce99bf7c61c734eb364afcdb5c8 ch=4 start_time=2025-09-25T19:35:43.398161+00:00 flow_cell_id=AWX817 basecall_gpu=NVIDIA_Tegra_X2 protocol_group_id=ONT_trialEb_250925 sample_id=ONT_trail_250925 barcode=barcode23 barcode_alias=barcode23 parent_read_id=82f72bdd-fca3-4f1d-9d4a-eed9852eb638 basecall_model_version_id=dna_r10.4.1_e8.2_400bps_hac@v4.3.0
786	fbf94437-781b-4ec6-b04c-85077c70d2a6 runid=0dfb5b492dc86ce99bf7c61c734eb364afcdb5c8 ch=6 start_time=2025-09-25T17:49:39.398161+00:00 flow_cell_id=AWX817 basecall_gpu=NVIDIA_Tegra_X2 protocol_group_id=ONT_trialEb_250925 sample_id=ONT_trail_250925 barcode=barcode22 barcode_alias=barcode22 parent_read_id=fbf94437-781b-4ec6-b04c-85077c70d2a6 basecall_model_version_id=dna_r10.4.1_e8.2_400bps_hac@v4.3.0 rc
786	bf06fdbd-40dd-4c3f-8d7b-025a6b2d9e02 runid=0dfb5b492dc86ce99bf7c61c734eb364afcdb5c8 ch=6 start_time=2025-09-25T18:45:57.398161+00:00 flow_cell_id=AWX817 basecall_gpu=NVIDIA_Tegra_X2 protocol_group_id=ONT_trialEb_250925 sample_id=ONT_trail_250925 barcode=barcode24 barcode_alias=barcode24 parent_read_id=bf06fdbd-40dd-4c3f-8d7b-025a6b2d9e02 basecall_model_version_id=dna_r10.4.1_e8.2_400bps_hac@v4.3.0
786	21421cfb-a0fd-4f90-96f6-abc153622e29 runid=0dfb5b492dc86ce99bf7c61c734eb364afcdb5c8 ch=44 start_time=2025-09-25T20:49:10.398161+00:00 flow_cell_id=AWX817 basecall_gpu=NVIDIA_Tegra_X2 protocol_group_id=ONT_trialEb_250925 sample_id=ONT_trail_250925 barcode=barcode22 barcode_alias=barcode22 parent_read_id=21421cfb-a0fd-4f90-96f6-abc153622e29 basecall_model_version_id=dna_r10.4.1_e8.2_400bps_hac@v4.3.0
786	21421cfb-a0fd-4f90-96f6-abc153622e29 runid=0dfb5b492dc86ce99bf7c61c734eb364afcdb5c8 ch=44 start_time=2025-09-25T20:49:10.398161+00:00 flow_cell_id=AWX817 basecall_gpu=NVIDIA_Tegra_X2 protocol_group_id=ONT_trialEb_250925 sample_id=ONT_trail_250925 barcode=barcode22 barcode_alias=barcode22 parent_read_id=21421cfb-a0fd-4f90-96f6-abc153622e29 basecall_model_version_id=dna_r10.4.1_e8.2_400bps_hac@v4.3.0
786	2d9e69b6-d5f6-4708-90d6-97e1426d1bc5 runid=0dfb5b492dc86ce99bf7c61c734eb364afcdb5c8 ch=94 start_time=2025-09-25T16:24:49.398161+00:00 flow_cell_id=AWX817 basecall_gpu=NVIDIA_Tegra_X2 protocol_group_id=ONT_trialEb_250925 sample_id=ONT_trail_250925 barcode=barcode22 barcode_alias=barcode22 parent_read_id=2d9e69b6-d5f6-4708-90d6-97e1426d1bc5 basecall_model_version_id=dna_r10.4.1_e8.2_400bps_hac@v4.3.0
786	77654110-9e34-4b95-a81c-147390ea0aa2 runid=0dfb5b492dc86ce99bf7c61c734eb364afcdb5c8 ch=93 start_time=2025-09-25T17:13:07.398161+00:00 flow_cell_id=AWX817 basecall_gpu=NVIDIA_Tegra_X2 protocol_group_id=ONT_trialEb_250925 sample_id=ONT_trail_250925 barcode=barcode24 barcode_alias=barcode24 parent_read_id=77654110-9e34-4b95-a81c-147390ea0aa2 basecall_model_version_id=dna_r10.4.1_e8.2_400bps_hac@v4.3.0 rc
786	62ed1948-28f5-4a45-b206-df669e62a609 runid=0dfb5b492dc86ce99bf7c61c734eb364afcdb5c8 ch=92 start_time=2025-09-25T23:14:35.398161+00:00 flow_cell_id=AWX817 basecall_gpu=NVIDIA_Tegra_X2 protocol_group_id=ONT_trialEb_250925 sample_id=ONT_trail_250925 barcode=barcode24 barcode_alias=barcode24 parent_read_id=62ed1948-28f5-4a45-b206-df669e62a609 basecall_model_version_id=dna_r10.4.1_e8.2_400bps_hac@v4.3.0
786	50d3696f-d4bf-41fb-af69-a179d28ff716 runid=0dfb5b492dc86ce99bf7c61c734eb364afcdb5c8 ch=92 start_time=2025-09-25T19:02:47.398161+00:00 flow_cell_id=AWX817 basecall_gpu=NVIDIA_Tegra_X2 protocol_group_id=ONT_trialEb_250925 sample_id=ONT_trail_250925 barcode=barcode22 barcode_alias=barcode22 parent_read_id=50d3696f-d4bf-41fb-af69-a179d28ff716 basecall_model_version_id=dna_r10.4.1_e8.2_400bps_hac@v4.3.0
786	093af962-63a2-423c-9e25-0830d28c9a12 runid=0dfb5b492dc86ce99bf7c61c734eb364afcdb5c8 ch=41 start_time=2025-09-25T16:21:06.398161+00:00 flow_cell_id=AWX817 basecall_gpu=NVIDIA_Tegra_X2 protocol_group_id=ONT_trialEb_250925 sample_id=ONT_trail_250925 barcode=barcode22 barcode_alias=barcode22 parent_read_id=093af962-63a2-423c-9e25-0830d28c9a12 basecall_model_version_id=dna_r10.4.1_e8.2_400bps_hac@v4.3.0 rc
786	90d2160b-1589-4748-9ab0-4028dc129ba0 runid=0dfb5b492dc86ce99bf7c61c734eb364afcdb5c8 ch=20 start_time=2025-09-26T06:21:11.398161+00:00 flow_cell_id=AWX817 basecall_gpu=NVIDIA_Tegra_X2 protocol_group_id=ONT_trialEb_250925 sample_id=ONT_trail_250925 barcode=barcode23 barcode_alias=barcode23 parent_read_id=90d2160b-1589-4748-9ab0-4028dc129ba0 basecall_model_version_id=dna_r10.4.1_e8.2_400bps_hac@v4.3.0 rc
786	a53d4954-d076-45d9-a08f-c3ba4e15e26a runid=0dfb5b492dc86ce99bf7c61c734eb364afcdb5c8 ch=44 start_time=2025-09-25T18:15:42.398161+00:00 flow_cell_id=AWX817 basecall_gpu=NVIDIA_Tegra_X2 protocol_group_id=ONT_trialEb_250925 sample_id=ONT_trail_250925 barcode=barcode22 barcode_alias=barcode22 parent_read_id=a53d4954-d076-45d9-a08f-c3ba4e15e26a basecall_model_version_id=dna_r10.4.1_e8.2_400bps_hac@v4.3.0
786	edc61f5b-862b-46de-83fc-b8a50cd3de36 runid=0dfb5b492dc86ce99bf7c61c734eb364afcdb5c8 ch=77 start_time=2025-09-25T16:33:01.398161+00:00 flow_cell_id=AWX817 basecall_gpu=NVIDIA_Tegra_X2 protocol_group_id=ONT_trialEb_250925 sample_id=ONT_trail_250925 barcode=barcode22 barcode_alias=barcode22 parent_read_id=edc61f5b-862b-46de-83fc-b8a50cd3de36 basecall_model_version_id=dna_r10.4.1_e8.2_400bps_hac@v4.3.0 rc
786	bb7fe710-a2b7-4f56-aa2a-fec6c7ef81ed runid=0dfb5b492dc86ce99bf7c61c734eb364afcdb5c8 ch=5 start_time=2025-09-26T00:14:06.398161+00:00 flow_cell_id=AWX817 basecall_gpu=NVIDIA_Tegra_X2 protocol_group_id=ONT_trialEb_250925 sample_id=ONT_trail_250925 barcode=barcode22 barcode_alias=barcode22 parent_read_id=bb7fe710-a2b7-4f56-aa2a-fec6c7ef81ed basecall_model_version_id=dna_r10.4.1_e8.2_400bps_hac@v4.3.0
786	4c4f2d32-29f5-48ec-815c-d6a45851e54f runid=0dfb5b492dc86ce99bf7c61c734eb364afcdb5c8 ch=5 start_time=2025-09-25T16:00:07.398161+00:00 flow_cell_id=AWX817 basecall_gpu=NVIDIA_Tegra_X2 protocol_group_id=ONT_trialEb_250925 sample_id=ONT_trail_250925 barcode=barcode22 barcode_alias=barcode22 parent_read_id=4c4f2d32-29f5-48ec-815c-d6a45851e54f basecall_model_version_id=dna_r10.4.1_e8.2_400bps_hac@v4.3.0 rc
786	a1940722-ebeb-48ca-904c-6bae02b86572 runid=0dfb5b492dc86ce99bf7c61c734eb364afcdb5c8 ch=20 start_time=2025-09-25T22:33:51.398161+00:00 flow_cell_id=AWX817 basecall_gpu=NVIDIA_Tegra_X2 protocol_group_id=ONT_trialEb_250925 sample_id=ONT_trail_250925 barcode=barcode23 barcode_alias=barcode23 parent_read_id=a1940722-ebeb-48ca-904c-6bae02b86572 basecall_model_version_id=dna_r10.4.1_e8.2_400bps_hac@v4.3.0 rc
786	f30e8dcd-20ff-48ce-8f28-21ba9d794acd runid=0dfb5b492dc86ce99bf7c61c734eb364afcdb5c8 ch=18 start_time=2025-09-25T19:14:04.398161+00:00 flow_cell_id=AWX817 basecall_gpu=NVIDIA_Tegra_X2 protocol_group_id=ONT_trialEb_250925 sample_id=ONT_trail_250925 barcode=barcode22 barcode_alias=barcode22 parent_read_id=f30e8dcd-20ff-48ce-8f28-21ba9d794acd basecall_model_version_id=dna_r10.4.1_e8.2_400bps_hac@v4.3.0
786	a0206f1c-d07f-4e0d-a90d-fb21b05d56b6 runid=0dfb5b492dc86ce99bf7c61c734eb364afcdb5c8 ch=23 start_time=2025-09-25T19:24:06.398161+00:00 flow_cell_id=AWX817 basecall_gpu=NVIDIA_Tegra_X2 protocol_group_id=ONT_trialEb_250925 sample_id=ONT_trail_250925 barcode=barcode22 barcode_alias=barcode22 parent_read_id=a0206f1c-d07f-4e0d-a90d-fb21b05d56b6 basecall_model_version_id=dna_r10.4.1_e8.2_400bps_hac@v4.3.0
786	8dbe3ab4-3b05-4c6b-abec-0e1d39bd9271 runid=0dfb5b492dc86ce99bf7c61c734eb364afcdb5c8 ch=94 start_time=2025-09-25T16:12:00.398161+00:00 flow_cell_id=AWX817 basecall_gpu=NVIDIA_Tegra_X2 protocol_group_id=ONT_trialEb_250925 sample_id=ONT_trail_250925 barcode=barcode22 barcode_alias=barcode22 parent_read_id=8dbe3ab4-3b05-4c6b-abec-0e1d39bd9271 basecall_model_version_id=dna_r10.4.1_e8.2_400bps_hac@v4.3.0
786	1ef18ca5-5560-4f53-8cd2-b3d806cdfea0 runid=0dfb5b492dc86ce99bf7c61c734eb364afcdb5c8 ch=4 start_time=2025-09-26T05:01:33.398161+00:00 flow_cell_id=AWX817 basecall_gpu=NVIDIA_Tegra_X2 protocol_group_id=ONT_trialEb_250925 sample_id=ONT_trail_250925 barcode=barcode24 barcode_alias=barcode24 parent_read_id=1ef18ca5-5560-4f53-8cd2-b3d806cdfea0 basecall_model_version_id=dna_r10.4.1_e8.2_400bps_hac@v4.3.0
786	c1edb3d9-9abe-474d-8087-ca0bb2afee1c runid=0dfb5b492dc86ce99bf7c61c734eb364afcdb5c8 ch=56 start_time=2025-09-25T16:37:10.398161+00:00 flow_cell_id=AWX817 basecall_gpu=NVIDIA_Tegra_X2 protocol_group_id=ONT_trialEb_250925 sample_id=ONT_trail_250925 barcode=barcode24 barcode_alias=barcode24 parent_read_id=c1edb3d9-9abe-474d-8087-ca0bb2afee1c basecall_model_version_id=dna_r10.4.1_e8.2_400bps_hac@v4.3.0
786	f5f1d6b0-cda9-46d9-b122-925c17c076e4 runid=0dfb5b492dc86ce99bf7c61c734eb364afcdb5c8 ch=85 start_time=2025-09-26T00:49:12.398161+00:00 flow_cell_id=AWX817 basecall_gpu=NVIDIA_Tegra_X2 protocol_group_id=ONT_trialEb_250925 sample_id=ONT_trail_250925 barcode=barcode23 barcode_alias=barcode23 parent_read_id=f5f1d6b0-cda9-46d9-b122-925c17c076e4 basecall_model_version_id=dna_r10.4.1_e8.2_400bps_hac@v4.3.0
786	e6edb2cf-c284-44b7-9570-96e0ee3e017d runid=0dfb5b492dc86ce99bf7c61c734eb364afcdb5c8 ch=106 start_time=2025-09-25T19:55:12.398161+00:00 flow_cell_id=AWX817 basecall_gpu=NVIDIA_Tegra_X2 protocol_group_id=ONT_trialEb_250925 sample_id=ONT_trail_250925 barcode=barcode22 barcode_alias=barcode22 parent_read_id=d8f4be5d-d11c-4c0a-8db5-147d5b47341e basecall_model_version_id=dna_r10.4.1_e8.2_400bps_hac@v4.3.0
786	347ef086-2916-42e2-b9bf-d06dd2a86161 runid=0dfb5b492dc86ce99bf7c61c734eb364afcdb5c8 ch=85 start_time=2025-09-26T01:32:00.398161+00:00 flow_cell_id=AWX817 basecall_gpu=NVIDIA_Tegra_X2 protocol_group_id=ONT_trialEb_250925 sample_id=ONT_trail_250925 barcode=barcode23 barcode_alias=barcode23 parent_read_id=347ef086-2916-42e2-b9bf-d06dd2a86161 basecall_model_version_id=dna_r10.4.1_e8.2_400bps_hac@v4.3.0
786	4148197f-9ccf-4681-8f67-1a1568cbb728 runid=0dfb5b492dc86ce99bf7c61c734eb364afcdb5c8 ch=20 start_time=2025-09-25T21:21:04.398161+00:00 flow_cell_id=AWX817 basecall_gpu=NVIDIA_Tegra_X2 protocol_group_id=ONT_trialEb_250925 sample_id=ONT_trail_250925 barcode=barcode22 barcode_alias=barcode22 parent_read_id=4148197f-9ccf-4681-8f67-1a1568cbb728 basecall_model_version_id=dna_r10.4.1_e8.2_400bps_hac@v4.3.0 rc
786	1ac37c26-b5e3-40f8-9da8-4dd2b5696b30 runid=0dfb5b492dc86ce99bf7c61c734eb364afcdb5c8 ch=4 start_time=2025-09-25T16:18:01.398161+00:00 flow_cell_id=AWX817 basecall_gpu=NVIDIA_Tegra_X2 protocol_group_id=ONT_trialEb_250925 sample_id=ONT_trail_250925 barcode=barcode22 barcode_alias=barcode22 parent_read_id=1ac37c26-b5e3-40f8-9da8-4dd2b5696b30 basecall_model_version_id=dna_r10.4.1_e8.2_400bps_hac@v4.3.0
786	eb18b0ec-c512-4c54-9023-22da6cade266 runid=0dfb5b492dc86ce99bf7c61c734eb364afcdb5c8 ch=77 start_time=2025-09-25T19:22:30.398161+00:00 flow_cell_id=AWX817 basecall_gpu=NVIDIA_Tegra_X2 protocol_group_id=ONT_trialEb_250925 sample_id=ONT_trail_250925 barcode=barcode24 barcode_alias=barcode24 parent_read_id=eb18b0ec-c512-4c54-9023-22da6cade266 basecall_model_version_id=dna_r10.4.1_e8.2_400bps_hac@v4.3.0
786	2e46aaf3-f7c1-4d10-a20d-c69554a13303 runid=0dfb5b492dc86ce99bf7c61c734eb364afcdb5c8 ch=20 start_time=2025-09-26T05:05:40.398161+00:00 flow_cell_id=AWX817 basecall_gpu=NVIDIA_Tegra_X2 protocol_group_id=ONT_trialEb_250925 sample_id=ONT_trail_250925 barcode=barcode22 barcode_alias=barcode22 parent_read_id=2e46aaf3-f7c1-4d10-a20d-c69554a13303 basecall_model_version_id=dna_r10.4.1_e8.2_400bps_hac@v4.3.0
786	4e7941fa-d785-4dc5-aa3c-285ee8fd873a runid=0dfb5b492dc86ce99bf7c61c734eb364afcdb5c8 ch=73 start_time=2025-09-25T19:06:52.398161+00:00 flow_cell_id=AWX817 basecall_gpu=NVIDIA_Tegra_X2 protocol_group_id=ONT_trialEb_250925 sample_id=ONT_trail_250925 barcode=barcode22 barcode_alias=barcode22 parent_read_id=4e7941fa-d785-4dc5-aa3c-285ee8fd873a basecall_model_version_id=dna_r10.4.1_e8.2_400bps_hac@v4.3.0
786	e7497713-1629-4005-8ad0-da5ae4df72aa runid=0dfb5b492dc86ce99bf7c61c734eb364afcdb5c8 ch=44 start_time=2025-09-25T23:38:08.398161+00:00 flow_cell_id=AWX817 basecall_gpu=NVIDIA_Tegra_X2 protocol_group_id=ONT_trialEb_250925 sample_id=ONT_trail_250925 barcode=barcode22 barcode_alias=barcode22 parent_read_id=e7497713-1629-4005-8ad0-da5ae4df72aa basecall_model_version_id=dna_r10.4.1_e8.2_400bps_hac@v4.3.0
786	006ae43c-b9cf-428c-92a5-54be0aba79f2 runid=0dfb5b492dc86ce99bf7c61c734eb364afcdb5c8 ch=20 start_time=2025-09-25T16:34:06.398161+00:00 flow_cell_id=AWX817 basecall_gpu=NVIDIA_Tegra_X2 protocol_group_id=ONT_trialEb_250925 sample_id=ONT_trail_250925 barcode=barcode22 barcode_alias=barcode22 parent_read_id=006ae43c-b9cf-428c-92a5-54be0aba79f2 basecall_model_version_id=dna_r10.4.1_e8.2_400bps_hac@v4.3.0
786	11f5fb1b-e704-4132-92ca-7e6d99e2529d runid=0dfb5b492dc86ce99bf7c61c734eb364afcdb5c8 ch=77 start_time=2025-09-25T21:53:30.398161+00:00 flow_cell_id=AWX817 basecall_gpu=NVIDIA_Tegra_X2 protocol_group_id=ONT_trialEb_250925 sample_id=ONT_trail_250925 barcode=barcode24 barcode_alias=barcode24 parent_read_id=11f5fb1b-e704-4132-92ca-7e6d99e2529d basecall_model_version_id=dna_r10.4.1_e8.2_400bps_hac@v4.3.0
786	8b20d968-df08-4308-b7ce-2c70557f34cd runid=0dfb5b492dc86ce99bf7c61c734eb364afcdb5c8 ch=4 start_time=2025-09-25T17:35:41.398161+00:00 flow_cell_id=AWX817 basecall_gpu=NVIDIA_Tegra_X2 protocol_group_id=ONT_trialEb_250925 sample_id=ONT_trail_250925 barcode=barcode22 barcode_alias=barcode22 parent_read_id=8b20d968-df08-4308-b7ce-2c70557f34cd basecall_model_version_id=dna_r10.4.1_e8.2_400bps_hac@v4.3.0 rc
786	8b20d968-df08-4308-b7ce-2c70557f34cd runid=0dfb5b492dc86ce99bf7c61c734eb364afcdb5c8 ch=4 start_time=2025-09-25T17:35:41.398161+00:00 flow_cell_id=AWX817 basecall_gpu=NVIDIA_Tegra_X2 protocol_group_id=ONT_trialEb_250925 sample_id=ONT_trail_250925 barcode=barcode22 barcode_alias=barcode22 parent_read_id=8b20d968-df08-4308-b7ce-2c70557f34cd basecall_model_version_id=dna_r10.4.1_e8.2_400bps_hac@v4.3.0 rc
786	6fe1ecbb-35c2-4ae3-a865-9b6cbbb78c52 runid=0dfb5b492dc86ce99bf7c61c734eb364afcdb5c8 ch=4 start_time=2025-09-25T16:05:45.398161+00:00 flow_cell_id=AWX817 basecall_gpu=NVIDIA_Tegra_X2 protocol_group_id=ONT_trialEb_250925 sample_id=ONT_trail_250925 barcode=barcode22 barcode_alias=barcode22 parent_read_id=6fe1ecbb-35c2-4ae3-a865-9b6cbbb78c52 basecall_model_version_id=dna_r10.4.1_e8.2_400bps_hac@v4.3.0
786	a78b9208-dd4e-478e-a6af-2f73e9746aa5 runid=0dfb5b492dc86ce99bf7c61c734eb364afcdb5c8 ch=110 start_time=2025-09-25T18:23:34.398161+00:00 flow_cell_id=AWX817 basecall_gpu=NVIDIA_Tegra_X2 protocol_group_id=ONT_trialEb_250925 sample_id=ONT_trail_250925 barcode=barcode22 barcode_alias=barcode22 parent_read_id=a78b9208-dd4e-478e-a6af-2f73e9746aa5 basecall_model_version_id=dna_r10.4.1_e8.2_400bps_hac@v4.3.0 rc
786	a78b9208-dd4e-478e-a6af-2f73e9746aa5 runid=0dfb5b492dc86ce99bf7c61c734eb364afcdb5c8 ch=110 start_time=2025-09-25T18:23:34.398161+00:00 flow_cell_id=AWX817 basecall_gpu=NVIDIA_Tegra_X2 protocol_group_id=ONT_trialEb_250925 sample_id=ONT_trail_250925 barcode=barcode22 barcode_alias=barcode22 parent_read_id=a78b9208-dd4e-478e-a6af-2f73e9746aa5 basecall_model_version_id=dna_r10.4.1_e8.2_400bps_hac@v4.3.0 rc
786	7ed14f2e-1855-460f-8c33-e38370e0f655 runid=0dfb5b492dc86ce99bf7c61c734eb364afcdb5c8 ch=44 start_time=2025-09-26T05:05:18.398161+00:00 flow_cell_id=AWX817 basecall_gpu=NVIDIA_Tegra_X2 protocol_group_id=ONT_trialEb_250925 sample_id=ONT_trail_250925 barcode=barcode22 barcode_alias=barcode22 parent_read_id=7ed14f2e-1855-460f-8c33-e38370e0f655 basecall_model_version_id=dna_r10.4.1_e8.2_400bps_hac@v4.3.0
786	e1c58f19-c68f-4685-9627-1545ac064a19 runid=0dfb5b492dc86ce99bf7c61c734eb364afcdb5c8 ch=77 start_time=2025-09-26T00:54:05.398161+00:00 flow_cell_id=AWX817 basecall_gpu=NVIDIA_Tegra_X2 protocol_group_id=ONT_trialEb_250925 sample_id=ONT_trail_250925 barcode=barcode22 barcode_alias=barcode22 parent_read_id=e1c58f19-c68f-4685-9627-1545ac064a19 basecall_model_version_id=dna_r10.4.1_e8.2_400bps_hac@v4.3.0
786	cd5ba576-f657-478e-9010-fc54228ccd00 runid=0dfb5b492dc86ce99bf7c61c734eb364afcdb5c8 ch=113 start_time=2025-09-25T15:52:11.398161+00:00 flow_cell_id=AWX817 basecall_gpu=NVIDIA_Tegra_X2 protocol_group_id=ONT_trialEb_250925 sample_id=ONT_trail_250925 barcode=barcode23 barcode_alias=barcode23 parent_read_id=cd5ba576-f657-478e-9010-fc54228ccd00 basecall_model_version_id=dna_r10.4.1_e8.2_400bps_hac@v4.3.0
786	e5c98c54-ba3f-46cb-86b9-5d6aea64f120 runid=0dfb5b492dc86ce99bf7c61c734eb364afcdb5c8 ch=20 start_time=2025-09-26T03:41:29.398161+00:00 flow_cell_id=AWX817 basecall_gpu=NVIDIA_Tegra_X2 protocol_group_id=ONT_trialEb_250925 sample_id=ONT_trail_250925 barcode=barcode23 barcode_alias=barcode23 parent_read_id=e5c98c54-ba3f-46cb-86b9-5d6aea64f120 basecall_model_version_id=dna_r10.4.1_e8.2_400bps_hac@v4.3.0 rc
786	3cde698a-2e9c-45c6-87a3-4ee07a22cc2a runid=0dfb5b492dc86ce99bf7c61c734eb364afcdb5c8 ch=85 start_time=2025-09-25T21:09:57.398161+00:00 flow_cell_id=AWX817 basecall_gpu=NVIDIA_Tegra_X2 protocol_group_id=ONT_trialEb_250925 sample_id=ONT_trail_250925 barcode=barcode22 barcode_alias=barcode22 parent_read_id=3cde698a-2e9c-45c6-87a3-4ee07a22cc2a basecall_model_version_id=dna_r10.4.1_e8.2_400bps_hac@v4.3.0
786	22474d9a-7742-43a4-af6f-0e3572d56ed2 runid=0dfb5b492dc86ce99bf7c61c734eb364afcdb5c8 ch=6 start_time=2025-09-25T16:37:19.398161+00:00 flow_cell_id=AWX817 basecall_gpu=NVIDIA_Tegra_X2 protocol_group_id=ONT_trialEb_250925 sample_id=ONT_trail_250925 barcode=barcode22 barcode_alias=barcode22 parent_read_id=22474d9a-7742-43a4-af6f-0e3572d56ed2 basecall_model_version_id=dna_r10.4.1_e8.2_400bps_hac@v4.3.0
786	22474d9a-7742-43a4-af6f-0e3572d56ed2 runid=0dfb5b492dc86ce99bf7c61c734eb364afcdb5c8 ch=6 start_time=2025-09-25T16:37:19.398161+00:00 flow_cell_id=AWX817 basecall_gpu=NVIDIA_Tegra_X2 protocol_group_id=ONT_trialEb_250925 sample_id=ONT_trail_250925 barcode=barcode22 barcode_alias=barcode22 parent_read_id=22474d9a-7742-43a4-af6f-0e3572d56ed2 basecall_model_version_id=dna_r10.4.1_e8.2_400bps_hac@v4.3.0
1007	9f5ec887-2bab-4db4-b73c-0c5830926a6e runid=0dfb5b492dc86ce99bf7c61c734eb364afcdb5c8 ch=106 start_time=2025-09-25T18:00:01.398161+00:00 flow_cell_id=AWX817 basecall_gpu=NVIDIA_Tegra_X2 protocol_group_id=ONT_trialEb_250925 sample_id=ONT_trail_250925 barcode=barcode22 barcode_alias=barcode22 parent_read_id=9f5ec887-2bab-4db4-b73c-0c5830926a6e basecall_model_version_id=dna_r10.4.1_e8.2_400bps_hac@v4.3.0
1007	910cb639-10db-4bab-a761-c1077f5e9759 runid=0dfb5b492dc86ce99bf7c61c734eb364afcdb5c8 ch=110 start_time=2025-09-25T18:37:56.398161+00:00 flow_cell_id=AWX817 basecall_gpu=NVIDIA_Tegra_X2 protocol_group_id=ONT_trialEb_250925 sample_id=ONT_trail_250925 barcode=barcode22 barcode_alias=barcode22 parent_read_id=910cb639-10db-4bab-a761-c1077f5e9759 basecall_model_version_id=dna_r10.4.1_e8.2_400bps_hac@v4.3.0
1007	423ed5a1-b827-4b14-9d21-67f5602d8813 runid=0dfb5b492dc86ce99bf7c61c734eb364afcdb5c8 ch=41 start_time=2025-09-25T17:35:24.398161+00:00 flow_cell_id=AWX817 basecall_gpu=NVIDIA_Tegra_X2 protocol_group_id=ONT_trialEb_250925 sample_id=ONT_trail_250925 barcode=barcode22 barcode_alias=barcode22 parent_read_id=423ed5a1-b827-4b14-9d21-67f5602d8813 basecall_model_version_id=dna_r10.4.1_e8.2_400bps_hac@v4.3.0 rc
1007	3211861a-eadd-4778-80f0-42e7d144bee1 runid=0dfb5b492dc86ce99bf7c61c734eb364afcdb5c8 ch=44 start_time=2025-09-26T01:16:42.398161+00:00 flow_cell_id=AWX817 basecall_gpu=NVIDIA_Tegra_X2 protocol_group_id=ONT_trialEb_250925 sample_id=ONT_trail_250925 barcode=barcode24 barcode_alias=barcode24 parent_read_id=3211861a-eadd-4778-80f0-42e7d144bee1 basecall_model_version_id=dna_r10.4.1_e8.2_400bps_hac@v4.3.0 rc
1007	d88ba3ad-435f-47a1-b34d-41ceb367b609 runid=0dfb5b492dc86ce99bf7c61c734eb364afcdb5c8 ch=42 start_time=2025-09-26T03:44:05.398161+00:00 flow_cell_id=AWX817 basecall_gpu=NVIDIA_Tegra_X2 protocol_group_id=ONT_trialEb_250925 sample_id=ONT_trail_250925 barcode=barcode22 barcode_alias=barcode22 parent_read_id=d88ba3ad-435f-47a1-b34d-41ceb367b609 basecall_model_version_id=dna_r10.4.1_e8.2_400bps_hac@v4.3.0
1007	833c0923-af05-456e-88e2-1d908cda61b5 runid=0dfb5b492dc86ce99bf7c61c734eb364afcdb5c8 ch=20 start_time=2025-09-25T23:29:21.398161+00:00 flow_cell_id=AWX817 basecall_gpu=NVIDIA_Tegra_X2 protocol_group_id=ONT_trialEb_250925 sample_id=ONT_trail_250925 barcode=barcode22 barcode_alias=barcode22 parent_read_id=833c0923-af05-456e-88e2-1d908cda61b5 basecall_model_version_id=dna_r10.4.1_e8.2_400bps_hac@v4.3.0 rc
1007	833c0923-af05-456e-88e2-1d908cda61b5 runid=0dfb5b492dc86ce99bf7c61c734eb364afcdb5c8 ch=20 start_time=2025-09-25T23:29:21.398161+00:00 flow_cell_id=AWX817 basecall_gpu=NVIDIA_Tegra_X2 protocol_group_id=ONT_trialEb_250925 sample_id=ONT_trail_250925 barcode=barcode22 barcode_alias=barcode22 parent_read_id=833c0923-af05-456e-88e2-1d908cda61b5 basecall_model_version_id=dna_r10.4.1_e8.2_400bps_hac@v4.3.0 rc
1007	9a219e1f-6ce7-4125-b036-2488e350e656 runid=0dfb5b492dc86ce99bf7c61c734eb364afcdb5c8 ch=43 start_time=2025-09-25T17:07:25.398161+00:00 flow_cell_id=AWX817 basecall_gpu=NVIDIA_Tegra_X2 protocol_group_id=ONT_trialEb_250925 sample_id=ONT_trail_250925 barcode=barcode23 barcode_alias=barcode23 parent_read_id=9a219e1f-6ce7-4125-b036-2488e350e656 basecall_model_version_id=dna_r10.4.1_e8.2_400bps_hac@v4.3.0
1007	15b8f778-2027-47da-ad8e-46bb60dbccdb runid=0dfb5b492dc86ce99bf7c61c734eb364afcdb5c8 ch=41 start_time=2025-09-25T20:50:13.398161+00:00 flow_cell_id=AWX817 basecall_gpu=NVIDIA_Tegra_X2 protocol_group_id=ONT_trialEb_250925 sample_id=ONT_trail_250925 barcode=barcode22 barcode_alias=barcode22 parent_read_id=15b8f778-2027-47da-ad8e-46bb60dbccdb basecall_model_version_id=dna_r10.4.1_e8.2_400bps_hac@v4.3.0
1007	15b8f778-2027-47da-ad8e-46bb60dbccdb runid=0dfb5b492dc86ce99bf7c61c734eb364afcdb5c8 ch=41 start_time=2025-09-25T20:50:13.398161+00:00 flow_cell_id=AWX817 basecall_gpu=NVIDIA_Tegra_X2 protocol_group_id=ONT_trialEb_250925 sample_id=ONT_trail_250925 barcode=barcode22 barcode_alias=barcode22 parent_read_id=15b8f778-2027-47da-ad8e-46bb60dbccdb basecall_model_version_id=dna_r10.4.1_e8.2_400bps_hac@v4.3.0
1007	63d8e4af-8088-4e39-90cc-601d4b6ddcf3 runid=0dfb5b492dc86ce99bf7c61c734eb364afcdb5c8 ch=80 start_time=2025-09-25T21:19:51.398161+00:00 flow_cell_id=AWX817 basecall_gpu=NVIDIA_Tegra_X2 protocol_group_id=ONT_trialEb_250925 sample_id=ONT_trail_250925 barcode=barcode23 barcode_alias=barcode23 parent_read_id=63d8e4af-8088-4e39-90cc-601d4b6ddcf3 basecall_model_version_id=dna_r10.4.1_e8.2_400bps_hac@v4.3.0 rc
1007	b404e239-5c9e-44d3-9557-377965c5bbce runid=0dfb5b492dc86ce99bf7c61c734eb364afcdb5c8 ch=40 start_time=2025-09-25T19:52:40.398161+00:00 flow_cell_id=AWX817 basecall_gpu=NVIDIA_Tegra_X2 protocol_group_id=ONT_trialEb_250925 sample_id=ONT_trail_250925 barcode=barcode24 barcode_alias=barcode24 parent_read_id=b404e239-5c9e-44d3-9557-377965c5bbce basecall_model_version_id=dna_r10.4.1_e8.2_400bps_hac@v4.3.0
1007	73b60428-1cbc-48f0-b2b1-1b2750cddc8a runid=0dfb5b492dc86ce99bf7c61c734eb364afcdb5c8 ch=85 start_time=2025-09-25T16:58:38.398161+00:00 flow_cell_id=AWX817 basecall_gpu=NVIDIA_Tegra_X2 protocol_group_id=ONT_trialEb_250925 sample_id=ONT_trail_250925 barcode=barcode22 barcode_alias=barcode22 parent_read_id=73b60428-1cbc-48f0-b2b1-1b2750cddc8a basecall_model_version_id=dna_r10.4.1_e8.2_400bps_hac@v4.3.0 rc
1007	73b60428-1cbc-48f0-b2b1-1b2750cddc8a runid=0dfb5b492dc86ce99bf7c61c734eb364afcdb5c8 ch=85 start_time=2025-09-25T16:58:38.398161+00:00 flow_cell_id=AWX817 basecall_gpu=NVIDIA_Tegra_X2 protocol_group_id=ONT_trialEb_250925 sample_id=ONT_trail_250925 barcode=barcode22 barcode_alias=barcode22 parent_read_id=73b60428-1cbc-48f0-b2b1-1b2750cddc8a basecall_model_version_id=dna_r10.4.1_e8.2_400bps_hac@v4.3.0 rc
1007	5532ccc3-9970-487d-82d5-d4196fcb211e runid=0dfb5b492dc86ce99bf7c61c734eb364afcdb5c8 ch=20 start_time=2025-09-25T22:33:36.398161+00:00 flow_cell_id=AWX817 basecall_gpu=NVIDIA_Tegra_X2 protocol_group_id=ONT_trialEb_250925 sample_id=ONT_trail_250925 barcode=barcode22 barcode_alias=barcode22 parent_read_id=5532ccc3-9970-487d-82d5-d4196fcb211e basecall_model_version_id=dna_r10.4.1_e8.2_400bps_hac@v4.3.0 rc
1007	5532ccc3-9970-487d-82d5-d4196fcb211e runid=0dfb5b492dc86ce99bf7c61c734eb364afcdb5c8 ch=20 start_time=2025-09-25T22:33:36.398161+00:00 flow_cell_id=AWX817 basecall_gpu=NVIDIA_Tegra_X2 protocol_group_id=ONT_trialEb_250925 sample_id=ONT_trail_250925 barcode=barcode22 barcode_alias=barcode22 parent_read_id=5532ccc3-9970-487d-82d5-d4196fcb211e basecall_model_version_id=dna_r10.4.1_e8.2_400bps_hac@v4.3.0 rc
1007	df765ffd-e7f4-46ed-b8a0-40a078a5337c runid=0dfb5b492dc86ce99bf7c61c734eb364afcdb5c8 ch=40 start_time=2025-09-25T17:06:57.398161+00:00 flow_cell_id=AWX817 basecall_gpu=NVIDIA_Tegra_X2 protocol_group_id=ONT_trialEb_250925 sample_id=ONT_trail_250925 barcode=barcode23 barcode_alias=barcode23 parent_read_id=df765ffd-e7f4-46ed-b8a0-40a078a5337c basecall_model_version_id=dna_r10.4.1_e8.2_400bps_hac@v4.3.0
1007	85887431-4256-44fd-9207-87a7fad220b0 runid=0dfb5b492dc86ce99bf7c61c734eb364afcdb5c8 ch=20 start_time=2025-09-25T15:56:44.398161+00:00 flow_cell_id=AWX817 basecall_gpu=NVIDIA_Tegra_X2 protocol_group_id=ONT_trialEb_250925 sample_id=ONT_trail_250925 barcode=barcode22 barcode_alias=barcode22 parent_read_id=85887431-4256-44fd-9207-87a7fad220b0 basecall_model_version_id=dna_r10.4.1_e8.2_400bps_hac@v4.3.0
1007	85887431-4256-44fd-9207-87a7fad220b0 runid=0dfb5b492dc86ce99bf7c61c734eb364afcdb5c8 ch=20 start_time=2025-09-25T15:56:44.398161+00:00 flow_cell_id=AWX817 basecall_gpu=NVIDIA_Tegra_X2 protocol_group_id=ONT_trialEb_250925 sample_id=ONT_trail_250925 barcode=barcode22 barcode_alias=barcode22 parent_read_id=85887431-4256-44fd-9207-87a7fad220b0 basecall_model_version_id=dna_r10.4.1_e8.2_400bps_hac@v4.3.0
1007	7e6d9ff6-763f-4e4e-9968-e723a4f463bb runid=0dfb5b492dc86ce99bf7c61c734eb364afcdb5c8 ch=39 start_time=2025-09-25T17:44:45.398161+00:00 flow_cell_id=AWX817 basecall_gpu=NVIDIA_Tegra_X2 protocol_group_id=ONT_trialEb_250925 sample_id=ONT_trail_250925 barcode=barcode22 barcode_alias=barcode22 parent_read_id=7e6d9ff6-763f-4e4e-9968-e723a4f463bb basecall_model_version_id=dna_r10.4.1_e8.2_400bps_hac@v4.3.0
1007	323e7851-e882-4bff-a977-9a9904eb3a62 runid=0dfb5b492dc86ce99bf7c61c734eb364afcdb5c8 ch=20 start_time=2025-09-26T07:55:59.398161+00:00 flow_cell_id=AWX817 basecall_gpu=NVIDIA_Tegra_X2 protocol_group_id=ONT_trialEb_250925 sample_id=ONT_trail_250925 barcode=barcode24 barcode_alias=barcode24 parent_read_id=323e7851-e882-4bff-a977-9a9904eb3a62 basecall_model_version_id=dna_r10.4.1_e8.2_400bps_hac@v4.3.0
1007	73efdaa5-eeda-4488-a8b8-929f2fc317ca runid=0dfb5b492dc86ce99bf7c61c734eb364afcdb5c8 ch=79 start_time=2025-09-26T00:12:08.398161+00:00 flow_cell_id=AWX817 basecall_gpu=NVIDIA_Tegra_X2 protocol_group_id=ONT_trialEb_250925 sample_id=ONT_trail_250925 barcode=barcode24 barcode_alias=barcode24 parent_read_id=73efdaa5-eeda-4488-a8b8-929f2fc317ca basecall_model_version_id=dna_r10.4.1_e8.2_400bps_hac@v4.3.0
1007	03e4fd15-fe58-44d4-906e-c2324eb113b5 runid=0dfb5b492dc86ce99bf7c61c734eb364afcdb5c8 ch=40 start_time=2025-09-25T16:55:45.398161+00:00 flow_cell_id=AWX817 basecall_gpu=NVIDIA_Tegra_X2 protocol_group_id=ONT_trialEb_250925 sample_id=ONT_trail_250925 barcode=barcode23 barcode_alias=barcode23 parent_read_id=03e4fd15-fe58-44d4-906e-c2324eb113b5 basecall_model_version_id=dna_r10.4.1_e8.2_400bps_hac@v4.3.0
1007	8c7f861b-b385-4454-bf7d-1dfb312cff90 runid=0dfb5b492dc86ce99bf7c61c734eb364afcdb5c8 ch=79 start_time=2025-09-25T19:46:02.398161+00:00 flow_cell_id=AWX817 basecall_gpu=NVIDIA_Tegra_X2 protocol_group_id=ONT_trialEb_250925 sample_id=ONT_trail_250925 barcode=barcode22 barcode_alias=barcode22 parent_read_id=8c7f861b-b385-4454-bf7d-1dfb312cff90 basecall_model_version_id=dna_r10.4.1_e8.2_400bps_hac@v4.3.0
1007	8c7f861b-b385-4454-bf7d-1dfb312cff90 runid=0dfb5b492dc86ce99bf7c61c734eb364afcdb5c8 ch=79 start_time=2025-09-25T19:46:02.398161+00:00 flow_cell_id=AWX817 basecall_gpu=NVIDIA_Tegra_X2 protocol_group_id=ONT_trialEb_250925 sample_id=ONT_trail_250925 barcode=barcode22 barcode_alias=barcode22 parent_read_id=8c7f861b-b385-4454-bf7d-1dfb312cff90 basecall_model_version_id=dna_r10.4.1_e8.2_400bps_hac@v4.3.0
1007	877223d9-3ea3-4ba6-8338-7cf5f3d579f4 runid=0dfb5b492dc86ce99bf7c61c734eb364afcdb5c8 ch=20 start_time=2025-09-26T09:16:38.398161+00:00 flow_cell_id=AWX817 basecall_gpu=NVIDIA_Tegra_X2 protocol_group_id=ONT_trialEb_250925 sample_id=ONT_trail_250925 barcode=barcode22 barcode_alias=barcode22 parent_read_id=877223d9-3ea3-4ba6-8338-7cf5f3d579f4 basecall_model_version_id=dna_r10.4.1_e8.2_400bps_hac@v4.3.0
1007	4eaac7b7-aaa0-426c-b3c0-c9a578ae1384 runid=0dfb5b492dc86ce99bf7c61c734eb364afcdb5c8 ch=41 start_time=2025-09-25T21:42:11.398161+00:00 flow_cell_id=AWX817 basecall_gpu=NVIDIA_Tegra_X2 protocol_group_id=ONT_trialEb_250925 sample_id=ONT_trail_250925 barcode=barcode22 barcode_alias=barcode22 parent_read_id=52d12a03-4770-45dd-8258-6a862229d02a basecall_model_version_id=dna_r10.4.1_e8.2_400bps_hac@v4.3.0 rc
1007	90d5fcec-9389-4a50-b88b-8a02006b9cbb runid=0dfb5b492dc86ce99bf7c61c734eb364afcdb5c8 ch=49 start_time=2025-09-25T18:28:24.398161+00:00 flow_cell_id=AWX817 basecall_gpu=NVIDIA_Tegra_X2 protocol_group_id=ONT_trialEb_250925 sample_id=ONT_trail_250925 barcode=barcode22 barcode_alias=barcode22 parent_read_id=90d5fcec-9389-4a50-b88b-8a02006b9cbb basecall_model_version_id=dna_r10.4.1_e8.2_400bps_hac@v4.3.0 rc
1007	90d5fcec-9389-4a50-b88b-8a02006b9cbb runid=0dfb5b492dc86ce99bf7c61c734eb364afcdb5c8 ch=49 start_time=2025-09-25T18:28:24.398161+00:00 flow_cell_id=AWX817 basecall_gpu=NVIDIA_Tegra_X2 protocol_group_id=ONT_trialEb_250925 sample_id=ONT_trail_250925 barcode=barcode22 barcode_alias=barcode22 parent_read_id=90d5fcec-9389-4a50-b88b-8a02006b9cbb basecall_model_version_id=dna_r10.4.1_e8.2_400bps_hac@v4.3.0 rc
1007	7f25c0a7-f5d8-4315-8adf-f55398dcf648 runid=0dfb5b492dc86ce99bf7c61c734eb364afcdb5c8 ch=58 start_time=2025-09-25T18:35:37.398161+00:00 flow_cell_id=AWX817 basecall_gpu=NVIDIA_Tegra_X2 protocol_group_id=ONT_trialEb_250925 sample_id=ONT_trail_250925 barcode=barcode22 barcode_alias=barcode22 parent_read_id=7f25c0a7-f5d8-4315-8adf-f55398dcf648 basecall_model_version_id=dna_r10.4.1_e8.2_400bps_hac@v4.3.0 rc
1007	3956f14c-15ee-4b17-943c-604985654862 runid=0dfb5b492dc86ce99bf7c61c734eb364afcdb5c8 ch=20 start_time=2025-09-26T07:50:01.398161+00:00 flow_cell_id=AWX817 basecall_gpu=NVIDIA_Tegra_X2 protocol_group_id=ONT_trialEb_250925 sample_id=ONT_trail_250925 barcode=barcode22 barcode_alias=barcode22 parent_read_id=3956f14c-15ee-4b17-943c-604985654862 basecall_model_version_id=dna_r10.4.1_e8.2_400bps_hac@v4.3.0 rc
1007	47532e93-eb77-48c6-9d5c-8a88fa2c686f runid=0dfb5b492dc86ce99bf7c61c734eb364afcdb5c8 ch=77 start_time=2025-09-25T23:20:36.398161+00:00 flow_cell_id=AWX817 basecall_gpu=NVIDIA_Tegra_X2 protocol_group_id=ONT_trialEb_250925 sample_id=ONT_trail_250925 barcode=barcode24 barcode_alias=barcode24 parent_read_id=47532e93-eb77-48c6-9d5c-8a88fa2c686f basecall_model_version_id=dna_r10.4.1_e8.2_400bps_hac@v4.3.0 rc
1007	ef561f02-e056-4006-895c-cf56262e185b runid=0dfb5b492dc86ce99bf7c61c734eb364afcdb5c8 ch=4 start_time=2025-09-26T05:32:48.398161+00:00 flow_cell_id=AWX817 basecall_gpu=NVIDIA_Tegra_X2 protocol_group_id=ONT_trialEb_250925 sample_id=ONT_trail_250925 barcode=barcode22 barcode_alias=barcode22 parent_read_id=ef561f02-e056-4006-895c-cf56262e185b basecall_model_version_id=dna_r10.4.1_e8.2_400bps_hac@v4.3.0
1007	f3783cd1-a404-4205-91e9-33f4fd5386f0 runid=0dfb5b492dc86ce99bf7c61c734eb364afcdb5c8 ch=20 start_time=2025-09-26T03:52:09.398161+00:00 flow_cell_id=AWX817 basecall_gpu=NVIDIA_Tegra_X2 protocol_group_id=ONT_trialEb_250925 sample_id=ONT_trail_250925 barcode=barcode23 barcode_alias=barcode23 parent_read_id=f3783cd1-a404-4205-91e9-33f4fd5386f0 basecall_model_version_id=dna_r10.4.1_e8.2_400bps_hac@v4.3.0 rc
1007	a05866e6-0ada-4629-8060-e0d108abc603 runid=0dfb5b492dc86ce99bf7c61c734eb364afcdb5c8 ch=49 start_time=2025-09-26T10:02:48.398161+00:00 flow_cell_id=AWX817 basecall_gpu=NVIDIA_Tegra_X2 protocol_group_id=ONT_trialEb_250925 sample_id=ONT_trail_250925 barcode=barcode24 barcode_alias=barcode24 parent_read_id=a05866e6-0ada-4629-8060-e0d108abc603 basecall_model_version_id=dna_r10.4.1_e8.2_400bps_hac@v4.3.0
1007	def46443-3bc5-4ab9-be8a-3af18784d039 runid=0dfb5b492dc86ce99bf7c61c734eb364afcdb5c8 ch=41 start_time=2025-09-25T23:11:18.398161+00:00 flow_cell_id=AWX817 basecall_gpu=NVIDIA_Tegra_X2 protocol_group_id=ONT_trialEb_250925 sample_id=ONT_trail_250925 barcode=barcode22 barcode_alias=barcode22 parent_read_id=def46443-3bc5-4ab9-be8a-3af18784d039 basecall_model_version_id=dna_r10.4.1_e8.2_400bps_hac@v4.3.0 rc
1007	11653c34-b81f-4100-b736-f7734bd262ec runid=0dfb5b492dc86ce99bf7c61c734eb364afcdb5c8 ch=56 start_time=2025-09-25T16:27:41.398161+00:00 flow_cell_id=AWX817 basecall_gpu=NVIDIA_Tegra_X2 protocol_group_id=ONT_trialEb_250925 sample_id=ONT_trail_250925 barcode=barcode23 barcode_alias=barcode23 parent_read_id=11653c34-b81f-4100-b736-f7734bd262ec basecall_model_version_id=dna_r10.4.1_e8.2_400bps_hac@v4.3.0
1007	1b298866-6ebc-44bd-96c2-2dd9a0189ead runid=0dfb5b492dc86ce99bf7c61c734eb364afcdb5c8 ch=20 start_time=2025-09-25T18:00:06.398161+00:00 flow_cell_id=AWX817 basecall_gpu=NVIDIA_Tegra_X2 protocol_group_id=ONT_trialEb_250925 sample_id=ONT_trail_250925 barcode=barcode23 barcode_alias=barcode23 parent_read_id=1b298866-6ebc-44bd-96c2-2dd9a0189ead basecall_model_version_id=dna_r10.4.1_e8.2_400bps_hac@v4.3.0
1007	86cab287-fea8-453c-8e4e-b50af6bbef76 runid=0dfb5b492dc86ce99bf7c61c734eb364afcdb5c8 ch=40 start_time=2025-09-25T19:37:45.398161+00:00 flow_cell_id=AWX817 basecall_gpu=NVIDIA_Tegra_X2 protocol_group_id=ONT_trialEb_250925 sample_id=ONT_trail_250925 barcode=barcode24 barcode_alias=barcode24 parent_read_id=86cab287-fea8-453c-8e4e-b50af6bbef76 basecall_model_version_id=dna_r10.4.1_e8.2_400bps_hac@v4.3.0
1007	fed717de-2b95-4ce5-910a-46a2cb3c4541 runid=0dfb5b492dc86ce99bf7c61c734eb364afcdb5c8 ch=93 start_time=2025-09-25T17:29:30.398161+00:00 flow_cell_id=AWX817 basecall_gpu=NVIDIA_Tegra_X2 protocol_group_id=ONT_trialEb_250925 sample_id=ONT_trail_250925 barcode=barcode23 barcode_alias=barcode23 parent_read_id=fed717de-2b95-4ce5-910a-46a2cb3c4541 basecall_model_version_id=dna_r10.4.1_e8.2_400bps_hac@v4.3.0
1007	648f8898-5e07-4855-861a-9a117c6e28be runid=0dfb5b492dc86ce99bf7c61c734eb364afcdb5c8 ch=100 start_time=2025-09-25T22:15:42.398161+00:00 flow_cell_id=AWX817 basecall_gpu=NVIDIA_Tegra_X2 protocol_group_id=ONT_trialEb_250925 sample_id=ONT_trail_250925 barcode=barcode22 barcode_alias=barcode22 parent_read_id=648f8898-5e07-4855-861a-9a117c6e28be basecall_model_version_id=dna_r10.4.1_e8.2_400bps_hac@v4.3.0
1007	58b3d877-6322-4881-82f8-f163916ae1bc runid=0dfb5b492dc86ce99bf7c61c734eb364afcdb5c8 ch=113 start_time=2025-09-25T17:10:35.398161+00:00 flow_cell_id=AWX817 basecall_gpu=NVIDIA_Tegra_X2 protocol_group_id=ONT_trialEb_250925 sample_id=ONT_trail_250925 barcode=barcode22 barcode_alias=barcode22 parent_read_id=58b3d877-6322-4881-82f8-f163916ae1bc basecall_model_version_id=dna_r10.4.1_e8.2_400bps_hac@v4.3.0 rc
1007	e0b6d4a1-c8fa-4537-90d8-81cbf7eaa979 runid=0dfb5b492dc86ce99bf7c61c734eb364afcdb5c8 ch=106 start_time=2025-09-25T17:53:57.398161+00:00 flow_cell_id=AWX817 basecall_gpu=NVIDIA_Tegra_X2 protocol_group_id=ONT_trialEb_250925 sample_id=ONT_trail_250925 barcode=barcode22 barcode_alias=barcode22 parent_read_id=e0b6d4a1-c8fa-4537-90d8-81cbf7eaa979 basecall_model_version_id=dna_r10.4.1_e8.2_400bps_hac@v4.3.0
1007	26fe1082-5f64-45da-b66f-c24f472dd268 runid=0dfb5b492dc86ce99bf7c61c734eb364afcdb5c8 ch=77 start_time=2025-09-25T16:50:13.398161+00:00 flow_cell_id=AWX817 basecall_gpu=NVIDIA_Tegra_X2 protocol_group_id=ONT_trialEb_250925 sample_id=ONT_trail_250925 barcode=barcode24 barcode_alias=barcode24 parent_read_id=26fe1082-5f64-45da-b66f-c24f472dd268 basecall_model_version_id=dna_r10.4.1_e8.2_400bps_hac@v4.3.0 rc
1007	5602a472-b61f-42c0-be02-90fec7b6e7dc runid=0dfb5b492dc86ce99bf7c61c734eb364afcdb5c8 ch=43 start_time=2025-09-25T18:26:22.398161+00:00 flow_cell_id=AWX817 basecall_gpu=NVIDIA_Tegra_X2 protocol_group_id=ONT_trialEb_250925 sample_id=ONT_trail_250925 barcode=barcode23 barcode_alias=barcode23 parent_read_id=5602a472-b61f-42c0-be02-90fec7b6e7dc basecall_model_version_id=dna_r10.4.1_e8.2_400bps_hac@v4.3.0
1007	bb90a81a-e590-4deb-a83b-be2d370c40cf runid=0dfb5b492dc86ce99bf7c61c734eb364afcdb5c8 ch=43 start_time=2025-09-25T18:31:59.398161+00:00 flow_cell_id=AWX817 basecall_gpu=NVIDIA_Tegra_X2 protocol_group_id=ONT_trialEb_250925 sample_id=ONT_trail_250925 barcode=barcode22 barcode_alias=barcode22 parent_read_id=bb90a81a-e590-4deb-a83b-be2d370c40cf basecall_model_version_id=dna_r10.4.1_e8.2_400bps_hac@v4.3.0
1007	1e4ff4f7-9d73-4a1e-9bd4-6fa2508711b6 runid=0dfb5b492dc86ce99bf7c61c734eb364afcdb5c8 ch=20 start_time=2025-09-26T08:47:33.398161+00:00 flow_cell_id=AWX817 basecall_gpu=NVIDIA_Tegra_X2 protocol_group_id=ONT_trialEb_250925 sample_id=ONT_trail_250925 barcode=barcode22 barcode_alias=barcode22 parent_read_id=1e4ff4f7-9d73-4a1e-9bd4-6fa2508711b6 basecall_model_version_id=dna_r10.4.1_e8.2_400bps_hac@v4.3.0
1007	e506c8cb-886b-49fa-b1b3-7c948898ed5e runid=0dfb5b492dc86ce99bf7c61c734eb364afcdb5c8 ch=4 start_time=2025-09-25T23:08:51.398161+00:00 flow_cell_id=AWX817 basecall_gpu=NVIDIA_Tegra_X2 protocol_group_id=ONT_trialEb_250925 sample_id=ONT_trail_250925 barcode=barcode22 barcode_alias=barcode22 parent_read_id=e506c8cb-886b-49fa-b1b3-7c948898ed5e basecall_model_version_id=dna_r10.4.1_e8.2_400bps_hac@v4.3.0 rc
1007	64abe050-7494-49ac-896d-b9a599431e2a runid=0dfb5b492dc86ce99bf7c61c734eb364afcdb5c8 ch=20 start_time=2025-09-26T05:29:16.398161+00:00 flow_cell_id=AWX817 basecall_gpu=NVIDIA_Tegra_X2 protocol_group_id=ONT_trialEb_250925 sample_id=ONT_trail_250925 barcode=barcode22 barcode_alias=barcode22 parent_read_id=64abe050-7494-49ac-896d-b9a599431e2a basecall_model_version_id=dna_r10.4.1_e8.2_400bps_hac@v4.3.0 rc
1007	a9650d99-0088-477d-8b42-6529dd1ac27f runid=0dfb5b492dc86ce99bf7c61c734eb364afcdb5c8 ch=49 start_time=2025-09-25T18:15:51.398161+00:00 flow_cell_id=AWX817 basecall_gpu=NVIDIA_Tegra_X2 protocol_group_id=ONT_trialEb_250925 sample_id=ONT_trail_250925 barcode=barcode24 barcode_alias=barcode24 parent_read_id=a9650d99-0088-477d-8b42-6529dd1ac27f basecall_model_version_id=dna_r10.4.1_e8.2_400bps_hac@v4.3.0
1007	27a39962-5a65-4ecd-aba6-7b0b37eabfec runid=0dfb5b492dc86ce99bf7c61c734eb364afcdb5c8 ch=80 start_time=2025-09-25T19:48:58.398161+00:00 flow_cell_id=AWX817 basecall_gpu=NVIDIA_Tegra_X2 protocol_group_id=ONT_trialEb_250925 sample_id=ONT_trail_250925 barcode=barcode23 barcode_alias=barcode23 parent_read_id=27a39962-5a65-4ecd-aba6-7b0b37eabfec basecall_model_version_id=dna_r10.4.1_e8.2_400bps_hac@v4.3.0
1007	eb72de25-fd9c-499a-a726-fb8b47c54f8c runid=0dfb5b492dc86ce99bf7c61c734eb364afcdb5c8 ch=108 start_time=2025-09-25T16:57:20.398161+00:00 flow_cell_id=AWX817 basecall_gpu=NVIDIA_Tegra_X2 protocol_group_id=ONT_trialEb_250925 sample_id=ONT_trail_250925 barcode=barcode22 barcode_alias=barcode22 parent_read_id=eb72de25-fd9c-499a-a726-fb8b47c54f8c basecall_model_version_id=dna_r10.4.1_e8.2_400bps_hac@v4.3.0
1007	143925cc-9c39-4848-9509-d21767253458 runid=0dfb5b492dc86ce99bf7c61c734eb364afcdb5c8 ch=108 start_time=2025-09-25T16:22:13.398161+00:00 flow_cell_id=AWX817 basecall_gpu=NVIDIA_Tegra_X2 protocol_group_id=ONT_trialEb_250925 sample_id=ONT_trail_250925 barcode=barcode22 barcode_alias=barcode22 parent_read_id=143925cc-9c39-4848-9509-d21767253458 basecall_model_version_id=dna_r10.4.1_e8.2_400bps_hac@v4.3.0 rc
1007	e5bf30ad-2ceb-478b-b790-6b23906bf0c5 runid=0dfb5b492dc86ce99bf7c61c734eb364afcdb5c8 ch=73 start_time=2025-09-25T18:35:41.398161+00:00 flow_cell_id=AWX817 basecall_gpu=NVIDIA_Tegra_X2 protocol_group_id=ONT_trialEb_250925 sample_id=ONT_trail_250925 barcode=barcode22 barcode_alias=barcode22 parent_read_id=e5bf30ad-2ceb-478b-b790-6b23906bf0c5 basecall_model_version_id=dna_r10.4.1_e8.2_400bps_hac@v4.3.0 rc
1007	ab8141cf-e5c1-43f8-b564-add76be4773f runid=0dfb5b492dc86ce99bf7c61c734eb364afcdb5c8 ch=85 start_time=2025-09-25T18:44:25.398161+00:00 flow_cell_id=AWX817 basecall_gpu=NVIDIA_Tegra_X2 protocol_group_id=ONT_trialEb_250925 sample_id=ONT_trail_250925 barcode=barcode24 barcode_alias=barcode24 parent_read_id=ab8141cf-e5c1-43f8-b564-add76be4773f basecall_model_version_id=dna_r10.4.1_e8.2_400bps_hac@v4.3.0
1007	2636bb70-486e-449b-9732-1cfce3401bb9 runid=0dfb5b492dc86ce99bf7c61c734eb364afcdb5c8 ch=44 start_time=2025-09-25T17:49:51.398161+00:00 flow_cell_id=AWX817 basecall_gpu=NVIDIA_Tegra_X2 protocol_group_id=ONT_trialEb_250925 sample_id=ONT_trail_250925 barcode=barcode22 barcode_alias=barcode22 parent_read_id=2636bb70-486e-449b-9732-1cfce3401bb9 basecall_model_version_id=dna_r10.4.1_e8.2_400bps_hac@v4.3.0 rc
1007	dffbb224-58f1-4866-8fb7-122fbc5d72a9 runid=0dfb5b492dc86ce99bf7c61c734eb364afcdb5c8 ch=73 start_time=2025-09-25T21:50:49.398161+00:00 flow_cell_id=AWX817 basecall_gpu=NVIDIA_Tegra_X2 protocol_group_id=ONT_trialEb_250925 sample_id=ONT_trail_250925 barcode=barcode22 barcode_alias=barcode22 parent_read_id=dffbb224-58f1-4866-8fb7-122fbc5d72a9 basecall_model_version_id=dna_r10.4.1_e8.2_400bps_hac@v4.3.0 rc
1007	4da4750b-627f-4e1e-81ce-8cb867b3512d runid=0dfb5b492dc86ce99bf7c61c734eb364afcdb5c8 ch=39 start_time=2025-09-25T18:26:35.398161+00:00 flow_cell_id=AWX817 basecall_gpu=NVIDIA_Tegra_X2 protocol_group_id=ONT_trialEb_250925 sample_id=ONT_trail_250925 barcode=barcode23 barcode_alias=barcode23 parent_read_id=4da4750b-627f-4e1e-81ce-8cb867b3512d basecall_model_version_id=dna_r10.4.1_e8.2_400bps_hac@v4.3.0
1007	639c7554-21dc-47e8-8b12-17761b0fd750 runid=0dfb5b492dc86ce99bf7c61c734eb364afcdb5c8 ch=39 start_time=2025-09-25T17:52:33.398161+00:00 flow_cell_id=AWX817 basecall_gpu=NVIDIA_Tegra_X2 protocol_group_id=ONT_trialEb_250925 sample_id=ONT_trail_250925 barcode=barcode22 barcode_alias=barcode22 parent_read_id=639c7554-21dc-47e8-8b12-17761b0fd750 basecall_model_version_id=dna_r10.4.1_e8.2_400bps_hac@v4.3.0 rc
1007	12241383-9535-47db-8b98-f74a855667cd runid=0dfb5b492dc86ce99bf7c61c734eb364afcdb5c8 ch=4 start_time=2025-09-25T19:23:01.398161+00:00 flow_cell_id=AWX817 basecall_gpu=NVIDIA_Tegra_X2 protocol_group_id=ONT_trialEb_250925 sample_id=ONT_trail_250925 barcode=barcode24 barcode_alias=barcode24 parent_read_id=12241383-9535-47db-8b98-f74a855667cd basecall_model_version_id=dna_r10.4.1_e8.2_400bps_hac@v4.3.0
1007	dce4776c-14b0-44f3-9765-5889d55b52e6 runid=0dfb5b492dc86ce99bf7c61c734eb364afcdb5c8 ch=92 start_time=2025-09-25T23:05:37.398161+00:00 flow_cell_id=AWX817 basecall_gpu=NVIDIA_Tegra_X2 protocol_group_id=ONT_trialEb_250925 sample_id=ONT_trail_250925 barcode=barcode22 barcode_alias=barcode22 parent_read_id=e10cbb72-1ad7-4d74-9974-2b930baa4e35 basecall_model_version_id=dna_r10.4.1_e8.2_400bps_hac@v4.3.0
1007	9a1e8368-7650-479a-8033-188e53be5e62 runid=0dfb5b492dc86ce99bf7c61c734eb364afcdb5c8 ch=39 start_time=2025-09-26T11:39:09.398161+00:00 flow_cell_id=AWX817 basecall_gpu=NVIDIA_Tegra_X2 protocol_group_id=ONT_trialEb_250925 sample_id=ONT_trail_250925 barcode=barcode23 barcode_alias=barcode23 parent_read_id=9a1e8368-7650-479a-8033-188e53be5e62 basecall_model_version_id=dna_r10.4.1_e8.2_400bps_hac@v4.3.0
1007	577a6409-0562-45de-8256-30296ecab8d9 runid=0dfb5b492dc86ce99bf7c61c734eb364afcdb5c8 ch=5 start_time=2025-09-25T16:09:18.398161+00:00 flow_cell_id=AWX817 basecall_gpu=NVIDIA_Tegra_X2 protocol_group_id=ONT_trialEb_250925 sample_id=ONT_trail_250925 barcode=barcode23 barcode_alias=barcode23 parent_read_id=577a6409-0562-45de-8256-30296ecab8d9 basecall_model_version_id=dna_r10.4.1_e8.2_400bps_hac@v4.3.0 rc
1207	309c614f-f6ab-449b-9f7b-357822cf093f runid=0dfb5b492dc86ce99bf7c61c734eb364afcdb5c8 ch=85 start_time=2025-09-25T20:07:22.398161+00:00 flow_cell_id=AWX817 basecall_gpu=NVIDIA_Tegra_X2 protocol_group_id=ONT_trialEb_250925 sample_id=ONT_trail_250925 barcode=barcode23 barcode_alias=barcode23 parent_read_id=309c614f-f6ab-449b-9f7b-357822cf093f basecall_model_version_id=dna_r10.4.1_e8.2_400bps_hac@v4.3.0 rc
1207	475c850e-bdda-4959-9d1d-1db3b6f6a1e2 runid=0dfb5b492dc86ce99bf7c61c734eb364afcdb5c8 ch=43 start_time=2025-09-25T20:07:06.398161+00:00 flow_cell_id=AWX817 basecall_gpu=NVIDIA_Tegra_X2 protocol_group_id=ONT_trialEb_250925 sample_id=ONT_trail_250925 barcode=barcode22 barcode_alias=barcode22 parent_read_id=475c850e-bdda-4959-9d1d-1db3b6f6a1e2 basecall_model_version_id=dna_r10.4.1_e8.2_400bps_hac@v4.3.0 rc
1207	71eb26ef-b95f-401e-83a4-e424eff85daa runid=0dfb5b492dc86ce99bf7c61c734eb364afcdb5c8 ch=113 start_time=2025-09-25T16:38:14.398161+00:00 flow_cell_id=AWX817 basecall_gpu=NVIDIA_Tegra_X2 protocol_group_id=ONT_trialEb_250925 sample_id=ONT_trail_250925 barcode=barcode22 barcode_alias=barcode22 parent_read_id=71eb26ef-b95f-401e-83a4-e424eff85daa basecall_model_version_id=dna_r10.4.1_e8.2_400bps_hac@v4.3.0
1207	71eb26ef-b95f-401e-83a4-e424eff85daa runid=0dfb5b492dc86ce99bf7c61c734eb364afcdb5c8 ch=113 start_time=2025-09-25T16:38:14.398161+00:00 flow_cell_id=AWX817 basecall_gpu=NVIDIA_Tegra_X2 protocol_group_id=ONT_trialEb_250925 sample_id=ONT_trail_250925 barcode=barcode22 barcode_alias=barcode22 parent_read_id=71eb26ef-b95f-401e-83a4-e424eff85daa basecall_model_version_id=dna_r10.4.1_e8.2_400bps_hac@v4.3.0
1207	b844eb4f-271a-47ef-8100-c216294bd6c7 runid=0dfb5b492dc86ce99bf7c61c734eb364afcdb5c8 ch=113 start_time=2025-09-25T16:54:54.398161+00:00 flow_cell_id=AWX817 basecall_gpu=NVIDIA_Tegra_X2 protocol_group_id=ONT_trialEb_250925 sample_id=ONT_trail_250925 barcode=barcode22 barcode_alias=barcode22 parent_read_id=b844eb4f-271a-47ef-8100-c216294bd6c7 basecall_model_version_id=dna_r10.4.1_e8.2_400bps_hac@v4.3.0
1207	4f18ed9a-2828-4159-a0cb-2a5470f81680 runid=0dfb5b492dc86ce99bf7c61c734eb364afcdb5c8 ch=4 start_time=2025-09-26T07:12:47.398161+00:00 flow_cell_id=AWX817 basecall_gpu=NVIDIA_Tegra_X2 protocol_group_id=ONT_trialEb_250925 sample_id=ONT_trail_250925 barcode=barcode24 barcode_alias=barcode24 parent_read_id=55f6046a-88f8-47c7-9327-9951feff5624 basecall_model_version_id=dna_r10.4.1_e8.2_400bps_hac@v4.3.0
1207	c0bad406-1ce7-471c-9880-4c4006affc47 runid=0dfb5b492dc86ce99bf7c61c734eb364afcdb5c8 ch=110 start_time=2025-09-25T20:56:43.398161+00:00 flow_cell_id=AWX817 basecall_gpu=NVIDIA_Tegra_X2 protocol_group_id=ONT_trialEb_250925 sample_id=ONT_trail_250925 barcode=barcode24 barcode_alias=barcode24 parent_read_id=c0bad406-1ce7-471c-9880-4c4006affc47 basecall_model_version_id=dna_r10.4.1_e8.2_400bps_hac@v4.3.0 rc
1207	4ef21f01-4560-406b-8300-438cdb4d2a0b runid=0dfb5b492dc86ce99bf7c61c734eb364afcdb5c8 ch=49 start_time=2025-09-26T09:11:21.398161+00:00 flow_cell_id=AWX817 basecall_gpu=NVIDIA_Tegra_X2 protocol_group_id=ONT_trialEb_250925 sample_id=ONT_trail_250925 barcode=barcode24 barcode_alias=barcode24 parent_read_id=4ef21f01-4560-406b-8300-438cdb4d2a0b basecall_model_version_id=dna_r10.4.1_e8.2_400bps_hac@v4.3.0 rc
1207	4f74eede-2628-45c1-8086-d05e0d042ea7 runid=0dfb5b492dc86ce99bf7c61c734eb364afcdb5c8 ch=79 start_time=2025-09-25T20:34:42.398161+00:00 flow_cell_id=AWX817 basecall_gpu=NVIDIA_Tegra_X2 protocol_group_id=ONT_trialEb_250925 sample_id=ONT_trail_250925 barcode=barcode22 barcode_alias=barcode22 parent_read_id=4f74eede-2628-45c1-8086-d05e0d042ea7 basecall_model_version_id=dna_r10.4.1_e8.2_400bps_hac@v4.3.0 rc
1207	5afde7c8-6d8b-405e-9a9c-ea9c1566a410 runid=0dfb5b492dc86ce99bf7c61c734eb364afcdb5c8 ch=80 start_time=2025-09-25T18:08:47.398161+00:00 flow_cell_id=AWX817 basecall_gpu=NVIDIA_Tegra_X2 protocol_group_id=ONT_trialEb_250925 sample_id=ONT_trail_250925 barcode=barcode23 barcode_alias=barcode23 parent_read_id=5afde7c8-6d8b-405e-9a9c-ea9c1566a410 basecall_model_version_id=dna_r10.4.1_e8.2_400bps_hac@v4.3.0
1207	dfff22bd-19c6-4565-aca2-b2baf6fcf780 runid=0dfb5b492dc86ce99bf7c61c734eb364afcdb5c8 ch=41 start_time=2025-09-26T00:54:26.398161+00:00 flow_cell_id=AWX817 basecall_gpu=NVIDIA_Tegra_X2 protocol_group_id=ONT_trialEb_250925 sample_id=ONT_trail_250925 barcode=barcode22 barcode_alias=barcode22 parent_read_id=dfff22bd-19c6-4565-aca2-b2baf6fcf780 basecall_model_version_id=dna_r10.4.1_e8.2_400bps_hac@v4.3.0 rc
1207	e9082999-75cb-41d3-acf8-3c9d1fc633b4 runid=0dfb5b492dc86ce99bf7c61c734eb364afcdb5c8 ch=118 start_time=2025-09-26T03:48:38.398161+00:00 flow_cell_id=AWX817 basecall_gpu=NVIDIA_Tegra_X2 protocol_group_id=ONT_trialEb_250925 sample_id=ONT_trail_250925 barcode=barcode24 barcode_alias=barcode24 parent_read_id=e9082999-75cb-41d3-acf8-3c9d1fc633b4 basecall_model_version_id=dna_r10.4.1_e8.2_400bps_hac@v4.3.0
1207	a722c77f-899b-40c8-9ee1-5ecaba1d4de8 runid=0dfb5b492dc86ce99bf7c61c734eb364afcdb5c8 ch=41 start_time=2025-09-25T16:00:16.398161+00:00 flow_cell_id=AWX817 basecall_gpu=NVIDIA_Tegra_X2 protocol_group_id=ONT_trialEb_250925 sample_id=ONT_trail_250925 barcode=barcode23 barcode_alias=barcode23 parent_read_id=a722c77f-899b-40c8-9ee1-5ecaba1d4de8 basecall_model_version_id=dna_r10.4.1_e8.2_400bps_hac@v4.3.0
1207	d0647fc6-9583-4599-b03d-719424704769 runid=0dfb5b492dc86ce99bf7c61c734eb364afcdb5c8 ch=67 start_time=2025-09-26T10:45:47.398161+00:00 flow_cell_id=AWX817 basecall_gpu=NVIDIA_Tegra_X2 protocol_group_id=ONT_trialEb_250925 sample_id=ONT_trail_250925 barcode=barcode22 barcode_alias=barcode22 parent_read_id=d0647fc6-9583-4599-b03d-719424704769 basecall_model_version_id=dna_r10.4.1_e8.2_400bps_hac@v4.3.0
1207	8b2125b5-2429-43e0-b5b2-4d72b751c1dc runid=0dfb5b492dc86ce99bf7c61c734eb364afcdb5c8 ch=94 start_time=2025-09-25T16:54:27.398161+00:00 flow_cell_id=AWX817 basecall_gpu=NVIDIA_Tegra_X2 protocol_group_id=ONT_trialEb_250925 sample_id=ONT_trail_250925 barcode=barcode22 barcode_alias=barcode22 parent_read_id=8b2125b5-2429-43e0-b5b2-4d72b751c1dc basecall_model_version_id=dna_r10.4.1_e8.2_400bps_hac@v4.3.0 rc
1207	9c1a19df-696c-49b8-a79f-b3321455aeca runid=0dfb5b492dc86ce99bf7c61c734eb364afcdb5c8 ch=20 start_time=2025-09-25T18:05:45.398161+00:00 flow_cell_id=AWX817 basecall_gpu=NVIDIA_Tegra_X2 protocol_group_id=ONT_trialEb_250925 sample_id=ONT_trail_250925 barcode=barcode22 barcode_alias=barcode22 parent_read_id=9c1a19df-696c-49b8-a79f-b3321455aeca basecall_model_version_id=dna_r10.4.1_e8.2_400bps_hac@v4.3.0
1207	9282be2d-8692-4b8e-a2df-4c1eb9f14e5c runid=0dfb5b492dc86ce99bf7c61c734eb364afcdb5c8 ch=42 start_time=2025-09-26T04:20:34.398161+00:00 flow_cell_id=AWX817 basecall_gpu=NVIDIA_Tegra_X2 protocol_group_id=ONT_trialEb_250925 sample_id=ONT_trail_250925 barcode=barcode24 barcode_alias=barcode24 parent_read_id=9282be2d-8692-4b8e-a2df-4c1eb9f14e5c basecall_model_version_id=dna_r10.4.1_e8.2_400bps_hac@v4.3.0
1207	049f7276-ff37-48fc-909a-7f939eac8da3 runid=0dfb5b492dc86ce99bf7c61c734eb364afcdb5c8 ch=85 start_time=2025-09-25T18:59:12.398161+00:00 flow_cell_id=AWX817 basecall_gpu=NVIDIA_Tegra_X2 protocol_group_id=ONT_trialEb_250925 sample_id=ONT_trail_250925 barcode=barcode22 barcode_alias=barcode22 parent_read_id=049f7276-ff37-48fc-909a-7f939eac8da3 basecall_model_version_id=dna_r10.4.1_e8.2_400bps_hac@v4.3.0 rc
1207	45d98792-7720-442b-b6c3-9122cf257bdf runid=0dfb5b492dc86ce99bf7c61c734eb364afcdb5c8 ch=92 start_time=2025-09-26T02:03:13.398161+00:00 flow_cell_id=AWX817 basecall_gpu=NVIDIA_Tegra_X2 protocol_group_id=ONT_trialEb_250925 sample_id=ONT_trail_250925 barcode=barcode24 barcode_alias=barcode24 parent_read_id=45d98792-7720-442b-b6c3-9122cf257bdf basecall_model_version_id=dna_r10.4.1_e8.2_400bps_hac@v4.3.0 rc
1207	284b689f-5372-4647-b8c5-98ade4bab2cd runid=0dfb5b492dc86ce99bf7c61c734eb364afcdb5c8 ch=39 start_time=2025-09-26T09:47:09.398161+00:00 flow_cell_id=AWX817 basecall_gpu=NVIDIA_Tegra_X2 protocol_group_id=ONT_trialEb_250925 sample_id=ONT_trail_250925 barcode=barcode22 barcode_alias=barcode22 parent_read_id=284b689f-5372-4647-b8c5-98ade4bab2cd basecall_model_version_id=dna_r10.4.1_e8.2_400bps_hac@v4.3.0
1207	f7f32027-5d45-4d3e-bf83-17ab95be1470 runid=0dfb5b492dc86ce99bf7c61c734eb364afcdb5c8 ch=49 start_time=2025-09-26T11:39:13.398161+00:00 flow_cell_id=AWX817 basecall_gpu=NVIDIA_Tegra_X2 protocol_group_id=ONT_trialEb_250925 sample_id=ONT_trail_250925 barcode=barcode22 barcode_alias=barcode22 parent_read_id=f7f32027-5d45-4d3e-bf83-17ab95be1470 basecall_model_version_id=dna_r10.4.1_e8.2_400bps_hac@v4.3.0 rc
1207	d783cc36-cbde-467d-a8d3-3db9c449edd5 runid=0dfb5b492dc86ce99bf7c61c734eb364afcdb5c8 ch=90 start_time=2025-09-25T16:19:17.398161+00:00 flow_cell_id=AWX817 basecall_gpu=NVIDIA_Tegra_X2 protocol_group_id=ONT_trialEb_250925 sample_id=ONT_trail_250925 barcode=barcode24 barcode_alias=barcode24 parent_read_id=d783cc36-cbde-467d-a8d3-3db9c449edd5 basecall_model_version_id=dna_r10.4.1_e8.2_400bps_hac@v4.3.0
1207	bddd1460-d7ab-48a2-90c9-028a9cd7f740 runid=0dfb5b492dc86ce99bf7c61c734eb364afcdb5c8 ch=85 start_time=2025-09-25T23:02:22.398161+00:00 flow_cell_id=AWX817 basecall_gpu=NVIDIA_Tegra_X2 protocol_group_id=ONT_trialEb_250925 sample_id=ONT_trail_250925 barcode=barcode22 barcode_alias=barcode22 parent_read_id=bddd1460-d7ab-48a2-90c9-028a9cd7f740 basecall_model_version_id=dna_r10.4.1_e8.2_400bps_hac@v4.3.0 rc
1207	45f47c9e-ac0b-4500-bf0c-2802939c2e55 runid=0dfb5b492dc86ce99bf7c61c734eb364afcdb5c8 ch=6 start_time=2025-09-25T16:25:32.398161+00:00 flow_cell_id=AWX817 basecall_gpu=NVIDIA_Tegra_X2 protocol_group_id=ONT_trialEb_250925 sample_id=ONT_trail_250925 barcode=barcode24 barcode_alias=barcode24 parent_read_id=45f47c9e-ac0b-4500-bf0c-2802939c2e55 basecall_model_version_id=dna_r10.4.1_e8.2_400bps_hac@v4.3.0
1207	94e2704d-5552-4a84-9763-60cb282aaa43 runid=0dfb5b492dc86ce99bf7c61c734eb364afcdb5c8 ch=43 start_time=2025-09-25T19:16:49.398161+00:00 flow_cell_id=AWX817 basecall_gpu=NVIDIA_Tegra_X2 protocol_group_id=ONT_trialEb_250925 sample_id=ONT_trail_250925 barcode=barcode22 barcode_alias=barcode22 parent_read_id=94e2704d-5552-4a84-9763-60cb282aaa43 basecall_model_version_id=dna_r10.4.1_e8.2_400bps_hac@v4.3.0
1207	b89a2d93-2fbc-4783-8cf1-7dc597731802 runid=0dfb5b492dc86ce99bf7c61c734eb364afcdb5c8 ch=43 start_time=2025-09-25T18:21:44.398161+00:00 flow_cell_id=AWX817 basecall_gpu=NVIDIA_Tegra_X2 protocol_group_id=ONT_trialEb_250925 sample_id=ONT_trail_250925 barcode=barcode13 barcode_alias=barcode13 parent_read_id=b89a2d93-2fbc-4783-8cf1-7dc597731802 basecall_model_version_id=dna_r10.4.1_e8.2_400bps_hac@v4.3.0 rc
1207	e990a15f-ad53-4b77-ba6b-efd4dee29930 runid=0dfb5b492dc86ce99bf7c61c734eb364afcdb5c8 ch=4 start_time=2025-09-25T23:13:46.398161+00:00 flow_cell_id=AWX817 basecall_gpu=NVIDIA_Tegra_X2 protocol_group_id=ONT_trialEb_250925 sample_id=ONT_trail_250925 barcode=barcode22 barcode_alias=barcode22 parent_read_id=e990a15f-ad53-4b77-ba6b-efd4dee29930 basecall_model_version_id=dna_r10.4.1_e8.2_400bps_hac@v4.3.0 rc
1207	87e29b24-d1ef-4fe7-a5f1-7ac358b8854d runid=0dfb5b492dc86ce99bf7c61c734eb364afcdb5c8 ch=110 start_time=2025-09-25T20:36:15.398161+00:00 flow_cell_id=AWX817 basecall_gpu=NVIDIA_Tegra_X2 protocol_group_id=ONT_trialEb_250925 sample_id=ONT_trail_250925 barcode=barcode22 barcode_alias=barcode22 parent_read_id=87e29b24-d1ef-4fe7-a5f1-7ac358b8854d basecall_model_version_id=dna_r10.4.1_e8.2_400bps_hac@v4.3.0 rc
1207	e3ea6e37-8361-4020-b1a4-73e31042995d runid=0dfb5b492dc86ce99bf7c61c734eb364afcdb5c8 ch=85 start_time=2025-09-25T17:28:58.398161+00:00 flow_cell_id=AWX817 basecall_gpu=NVIDIA_Tegra_X2 protocol_group_id=ONT_trialEb_250925 sample_id=ONT_trail_250925 barcode=barcode24 barcode_alias=barcode24 parent_read_id=e3ea6e37-8361-4020-b1a4-73e31042995d basecall_model_version_id=dna_r10.4.1_e8.2_400bps_hac@v4.3.0
1207	dc1e298c-a971-45b4-8e37-a67f5b6690b3 runid=0dfb5b492dc86ce99bf7c61c734eb364afcdb5c8 ch=5 start_time=2025-09-25T20:20:16.398161+00:00 flow_cell_id=AWX817 basecall_gpu=NVIDIA_Tegra_X2 protocol_group_id=ONT_trialEb_250925 sample_id=ONT_trail_250925 barcode=barcode23 barcode_alias=barcode23 parent_read_id=dc1e298c-a971-45b4-8e37-a67f5b6690b3 basecall_model_version_id=dna_r10.4.1_e8.2_400bps_hac@v4.3.0 rc
1207	257ed8e7-3052-4b3d-b497-84e8158aae23 runid=0dfb5b492dc86ce99bf7c61c734eb364afcdb5c8 ch=73 start_time=2025-09-25T17:43:00.398161+00:00 flow_cell_id=AWX817 basecall_gpu=NVIDIA_Tegra_X2 protocol_group_id=ONT_trialEb_250925 sample_id=ONT_trail_250925 barcode=barcode24 barcode_alias=barcode24 parent_read_id=257ed8e7-3052-4b3d-b497-84e8158aae23 basecall_model_version_id=dna_r10.4.1_e8.2_400bps_hac@v4.3.0 rc
1207	16267f57-6a0e-43a5-8ded-865cd11d16d3 runid=0dfb5b492dc86ce99bf7c61c734eb364afcdb5c8 ch=43 start_time=2025-09-25T20:35:31.398161+00:00 flow_cell_id=AWX817 basecall_gpu=NVIDIA_Tegra_X2 protocol_group_id=ONT_trialEb_250925 sample_id=ONT_trail_250925 barcode=barcode22 barcode_alias=barcode22 parent_read_id=16267f57-6a0e-43a5-8ded-865cd11d16d3 basecall_model_version_id=dna_r10.4.1_e8.2_400bps_hac@v4.3.0 rc
1207	16267f57-6a0e-43a5-8ded-865cd11d16d3 runid=0dfb5b492dc86ce99bf7c61c734eb364afcdb5c8 ch=43 start_time=2025-09-25T20:35:31.398161+00:00 flow_cell_id=AWX817 basecall_gpu=NVIDIA_Tegra_X2 protocol_group_id=ONT_trialEb_250925 sample_id=ONT_trail_250925 barcode=barcode22 barcode_alias=barcode22 parent_read_id=16267f57-6a0e-43a5-8ded-865cd11d16d3 basecall_model_version_id=dna_r10.4.1_e8.2_400bps_hac@v4.3.0 rc
1207	b7734e59-19f2-4b93-84c1-62947319d091 runid=0dfb5b492dc86ce99bf7c61c734eb364afcdb5c8 ch=77 start_time=2025-09-25T22:27:14.398161+00:00 flow_cell_id=AWX817 basecall_gpu=NVIDIA_Tegra_X2 protocol_group_id=ONT_trialEb_250925 sample_id=ONT_trail_250925 barcode=barcode22 barcode_alias=barcode22 parent_read_id=b7734e59-19f2-4b93-84c1-62947319d091 basecall_model_version_id=dna_r10.4.1_e8.2_400bps_hac@v4.3.0
1207	3a24a907-a5d3-4328-9e01-c6d21d63263c runid=0dfb5b492dc86ce99bf7c61c734eb364afcdb5c8 ch=85 start_time=2025-09-25T16:32:39.398161+00:00 flow_cell_id=AWX817 basecall_gpu=NVIDIA_Tegra_X2 protocol_group_id=ONT_trialEb_250925 sample_id=ONT_trail_250925 barcode=barcode22 barcode_alias=barcode22 parent_read_id=3a24a907-a5d3-4328-9e01-c6d21d63263c basecall_model_version_id=dna_r10.4.1_e8.2_400bps_hac@v4.3.0 rc
1207	25bc811e-4c36-457d-9a57-5cbb3d3fca26 runid=0dfb5b492dc86ce99bf7c61c734eb364afcdb5c8 ch=4 start_time=2025-09-25T17:09:05.398161+00:00 flow_cell_id=AWX817 basecall_gpu=NVIDIA_Tegra_X2 protocol_group_id=ONT_trialEb_250925 sample_id=ONT_trail_250925 barcode=barcode22 barcode_alias=barcode22 parent_read_id=0d5be04c-fd50-46c6-b905-d37df3bc4c98 basecall_model_version_id=dna_r10.4.1_e8.2_400bps_hac@v4.3.0 rc
1207	11f637b0-8fda-4332-9bd5-7a4418894440 runid=0dfb5b492dc86ce99bf7c61c734eb364afcdb5c8 ch=108 start_time=2025-09-25T17:32:13.398161+00:00 flow_cell_id=AWX817 basecall_gpu=NVIDIA_Tegra_X2 protocol_group_id=ONT_trialEb_250925 sample_id=ONT_trail_250925 barcode=barcode22 barcode_alias=barcode22 parent_read_id=d3e9b9a9-ab8c-4299-ab4a-e50650b20d1c basecall_model_version_id=dna_r10.4.1_e8.2_400bps_hac@v4.3.0 rc
1207	ff145591-d00e-4b9a-bbd3-a136f265fb3d runid=0dfb5b492dc86ce99bf7c61c734eb364afcdb5c8 ch=43 start_time=2025-09-25T18:09:56.398161+00:00 flow_cell_id=AWX817 basecall_gpu=NVIDIA_Tegra_X2 protocol_group_id=ONT_trialEb_250925 sample_id=ONT_trail_250925 barcode=barcode22 barcode_alias=barcode22 parent_read_id=ff145591-d00e-4b9a-bbd3-a136f265fb3d basecall_model_version_id=dna_r10.4.1_e8.2_400bps_hac@v4.3.0 rc
1207	e864fe05-9648-46fc-b400-77710f40cdda runid=0dfb5b492dc86ce99bf7c61c734eb364afcdb5c8 ch=92 start_time=2025-09-25T23:13:10.398161+00:00 flow_cell_id=AWX817 basecall_gpu=NVIDIA_Tegra_X2 protocol_group_id=ONT_trialEb_250925 sample_id=ONT_trail_250925 barcode=barcode24 barcode_alias=barcode24 parent_read_id=e864fe05-9648-46fc-b400-77710f40cdda basecall_model_version_id=dna_r10.4.1_e8.2_400bps_hac@v4.3.0 rc
1207	4f3174e6-ad5d-4476-ba9d-fd947537e42b runid=0dfb5b492dc86ce99bf7c61c734eb364afcdb5c8 ch=4 start_time=2025-09-26T04:41:39.398161+00:00 flow_cell_id=AWX817 basecall_gpu=NVIDIA_Tegra_X2 protocol_group_id=ONT_trialEb_250925 sample_id=ONT_trail_250925 barcode=barcode22 barcode_alias=barcode22 parent_read_id=4f3174e6-ad5d-4476-ba9d-fd947537e42b basecall_model_version_id=dna_r10.4.1_e8.2_400bps_hac@v4.3.0
1207	90180d84-3180-4005-b110-9a5945c4430a runid=0dfb5b492dc86ce99bf7c61c734eb364afcdb5c8 ch=43 start_time=2025-09-25T18:56:16.398161+00:00 flow_cell_id=AWX817 basecall_gpu=NVIDIA_Tegra_X2 protocol_group_id=ONT_trialEb_250925 sample_id=ONT_trail_250925 barcode=barcode24 barcode_alias=barcode24 parent_read_id=90180d84-3180-4005-b110-9a5945c4430a basecall_model_version_id=dna_r10.4.1_e8.2_400bps_hac@v4.3.0
1207	fb2ceeb1-6d46-4853-af46-633efff1cbb5 runid=0dfb5b492dc86ce99bf7c61c734eb364afcdb5c8 ch=56 start_time=2025-09-25T17:00:34.398161+00:00 flow_cell_id=AWX817 basecall_gpu=NVIDIA_Tegra_X2 protocol_group_id=ONT_trialEb_250925 sample_id=ONT_trail_250925 barcode=barcode22 barcode_alias=barcode22 parent_read_id=fb2ceeb1-6d46-4853-af46-633efff1cbb5 basecall_model_version_id=dna_r10.4.1_e8.2_400bps_hac@v4.3.0
1207	b17088e2-2ad5-48a3-b351-e33c4c567d3d runid=0dfb5b492dc86ce99bf7c61c734eb364afcdb5c8 ch=44 start_time=2025-09-25T18:05:15.398161+00:00 flow_cell_id=AWX817 basecall_gpu=NVIDIA_Tegra_X2 protocol_group_id=ONT_trialEb_250925 sample_id=ONT_trail_250925 barcode=barcode22 barcode_alias=barcode22 parent_read_id=b17088e2-2ad5-48a3-b351-e33c4c567d3d basecall_model_version_id=dna_r10.4.1_e8.2_400bps_hac@v4.3.0
1207	128ad2a1-a203-4ca9-af82-8b7c39fdfcc5 runid=0dfb5b492dc86ce99bf7c61c734eb364afcdb5c8 ch=57 start_time=2025-09-25T17:20:18.398161+00:00 flow_cell_id=AWX817 basecall_gpu=NVIDIA_Tegra_X2 protocol_group_id=ONT_trialEb_250925 sample_id=ONT_trail_250925 barcode=barcode22 barcode_alias=barcode22 parent_read_id=128ad2a1-a203-4ca9-af82-8b7c39fdfcc5 basecall_model_version_id=dna_r10.4.1_e8.2_400bps_hac@v4.3.0
1207	81b76547-58e0-41c5-b3c9-2186dca35544 runid=0dfb5b492dc86ce99bf7c61c734eb364afcdb5c8 ch=85 start_time=2025-09-25T21:16:33.398161+00:00 flow_cell_id=AWX817 basecall_gpu=NVIDIA_Tegra_X2 protocol_group_id=ONT_trialEb_250925 sample_id=ONT_trail_250925 barcode=barcode22 barcode_alias=barcode22 parent_read_id=81b76547-58e0-41c5-b3c9-2186dca35544 basecall_model_version_id=dna_r10.4.1_e8.2_400bps_hac@v4.3.0
1207	7790fe86-7941-49d0-b2f3-97e92685749a runid=0dfb5b492dc86ce99bf7c61c734eb364afcdb5c8 ch=49 start_time=2025-09-26T10:07:43.398161+00:00 flow_cell_id=AWX817 basecall_gpu=NVIDIA_Tegra_X2 protocol_group_id=ONT_trialEb_250925 sample_id=ONT_trail_250925 barcode=barcode22 barcode_alias=barcode22 parent_read_id=7790fe86-7941-49d0-b2f3-97e92685749a basecall_model_version_id=dna_r10.4.1_e8.2_400bps_hac@v4.3.0
1207	324e608c-3f04-41db-9eef-c5baebd6ac6f runid=0dfb5b492dc86ce99bf7c61c734eb364afcdb5c8 ch=85 start_time=2025-09-25T21:56:07.398161+00:00 flow_cell_id=AWX817 basecall_gpu=NVIDIA_Tegra_X2 protocol_group_id=ONT_trialEb_250925 sample_id=ONT_trail_250925 barcode=barcode24 barcode_alias=barcode24 parent_read_id=324e608c-3f04-41db-9eef-c5baebd6ac6f basecall_model_version_id=dna_r10.4.1_e8.2_400bps_hac@v4.3.0
1207	1601634b-ee22-4812-920c-8a729554d06c runid=0dfb5b492dc86ce99bf7c61c734eb364afcdb5c8 ch=41 start_time=2025-09-26T01:43:15.398161+00:00 flow_cell_id=AWX817 basecall_gpu=NVIDIA_Tegra_X2 protocol_group_id=ONT_trialEb_250925 sample_id=ONT_trail_250925 barcode=barcode22 barcode_alias=barcode22 parent_read_id=1601634b-ee22-4812-920c-8a729554d06c basecall_model_version_id=dna_r10.4.1_e8.2_400bps_hac@v4.3.0
1207	1601634b-ee22-4812-920c-8a729554d06c runid=0dfb5b492dc86ce99bf7c61c734eb364afcdb5c8 ch=41 start_time=2025-09-26T01:43:15.398161+00:00 flow_cell_id=AWX817 basecall_gpu=NVIDIA_Tegra_X2 protocol_group_id=ONT_trialEb_250925 sample_id=ONT_trail_250925 barcode=barcode22 barcode_alias=barcode22 parent_read_id=1601634b-ee22-4812-920c-8a729554d06c basecall_model_version_id=dna_r10.4.1_e8.2_400bps_hac@v4.3.0
1207	b0397b2d-43b2-47d9-a03b-e876e3a4aebd runid=0dfb5b492dc86ce99bf7c61c734eb364afcdb5c8 ch=77 start_time=2025-09-25T19:08:49.398161+00:00 flow_cell_id=AWX817 basecall_gpu=NVIDIA_Tegra_X2 protocol_group_id=ONT_trialEb_250925 sample_id=ONT_trail_250925 barcode=barcode23 barcode_alias=barcode23 parent_read_id=b0397b2d-43b2-47d9-a03b-e876e3a4aebd basecall_model_version_id=dna_r10.4.1_e8.2_400bps_hac@v4.3.0 rc
1207	10213cd9-4fd9-4fa0-910c-08c56890f57e runid=0dfb5b492dc86ce99bf7c61c734eb364afcdb5c8 ch=4 start_time=2025-09-26T04:00:43.398161+00:00 flow_cell_id=AWX817 basecall_gpu=NVIDIA_Tegra_X2 protocol_group_id=ONT_trialEb_250925 sample_id=ONT_trail_250925 barcode=barcode22 barcode_alias=barcode22 parent_read_id=10213cd9-4fd9-4fa0-910c-08c56890f57e basecall_model_version_id=dna_r10.4.1_e8.2_400bps_hac@v4.3.0
1207	70b90557-595b-43e6-a178-9fbf42aa51cc runid=0dfb5b492dc86ce99bf7c61c734eb364afcdb5c8 ch=20 start_time=2025-09-25T23:22:55.398161+00:00 flow_cell_id=AWX817 basecall_gpu=NVIDIA_Tegra_X2 protocol_group_id=ONT_trialEb_250925 sample_id=ONT_trail_250925 barcode=barcode23 barcode_alias=barcode23 parent_read_id=70b90557-595b-43e6-a178-9fbf42aa51cc basecall_model_version_id=dna_r10.4.1_e8.2_400bps_hac@v4.3.0
1207	e55f8a83-da2e-4de3-a97d-aba0b22ea410 runid=0dfb5b492dc86ce99bf7c61c734eb364afcdb5c8 ch=4 start_time=2025-09-26T00:09:18.398161+00:00 flow_cell_id=AWX817 basecall_gpu=NVIDIA_Tegra_X2 protocol_group_id=ONT_trialEb_250925 sample_id=ONT_trail_250925 barcode=barcode22 barcode_alias=barcode22 parent_read_id=e55f8a83-da2e-4de3-a97d-aba0b22ea410 basecall_model_version_id=dna_r10.4.1_e8.2_400bps_hac@v4.3.0
1207	c1aa1387-8963-4b66-9b67-98eb4940c3b1 runid=0dfb5b492dc86ce99bf7c61c734eb364afcdb5c8 ch=4 start_time=2025-09-26T06:02:32.398161+00:00 flow_cell_id=AWX817 basecall_gpu=NVIDIA_Tegra_X2 protocol_group_id=ONT_trialEb_250925 sample_id=ONT_trail_250925 barcode=barcode22 barcode_alias=barcode22 parent_read_id=c1aa1387-8963-4b66-9b67-98eb4940c3b1 basecall_model_version_id=dna_r10.4.1_e8.2_400bps_hac@v4.3.0
1207	1fc8e1d0-ad48-49b7-ba3f-b09122ef0c4c runid=0dfb5b492dc86ce99bf7c61c734eb364afcdb5c8 ch=79 start_time=2025-09-25T23:54:20.398161+00:00 flow_cell_id=AWX817 basecall_gpu=NVIDIA_Tegra_X2 protocol_group_id=ONT_trialEb_250925 sample_id=ONT_trail_250925 barcode=barcode22 barcode_alias=barcode22 parent_read_id=1fc8e1d0-ad48-49b7-ba3f-b09122ef0c4c basecall_model_version_id=dna_r10.4.1_e8.2_400bps_hac@v4.3.0 rc
1207	e2199d5f-c461-48fe-ab9c-ddf1363b4c7a runid=0dfb5b492dc86ce99bf7c61c734eb364afcdb5c8 ch=44 start_time=2025-09-26T05:11:59.398161+00:00 flow_cell_id=AWX817 basecall_gpu=NVIDIA_Tegra_X2 protocol_group_id=ONT_trialEb_250925 sample_id=ONT_trail_250925 barcode=barcode24 barcode_alias=barcode24 parent_read_id=e2199d5f-c461-48fe-ab9c-ddf1363b4c7a basecall_model_version_id=dna_r10.4.1_e8.2_400bps_hac@v4.3.0
1207	a16abfc1-93ee-4ace-b97f-04fea8f365e8 runid=0dfb5b492dc86ce99bf7c61c734eb364afcdb5c8 ch=80 start_time=2025-09-25T20:38:00.398161+00:00 flow_cell_id=AWX817 basecall_gpu=NVIDIA_Tegra_X2 protocol_group_id=ONT_trialEb_250925 sample_id=ONT_trail_250925 barcode=barcode24 barcode_alias=barcode24 parent_read_id=a16abfc1-93ee-4ace-b97f-04fea8f365e8 basecall_model_version_id=dna_r10.4.1_e8.2_400bps_hac@v4.3.0
1207	20a0fa94-0998-48db-a2d2-e91a254be4a3 runid=0dfb5b492dc86ce99bf7c61c734eb364afcdb5c8 ch=77 start_time=2025-09-25T21:38:13.398161+00:00 flow_cell_id=AWX817 basecall_gpu=NVIDIA_Tegra_X2 protocol_group_id=ONT_trialEb_250925 sample_id=ONT_trail_250925 barcode=barcode22 barcode_alias=barcode22 parent_read_id=20a0fa94-0998-48db-a2d2-e91a254be4a3 basecall_model_version_id=dna_r10.4.1_e8.2_400bps_hac@v4.3.0
1207	0c5d8e4f-dca1-4380-a260-fbe46ecf7b06 runid=0dfb5b492dc86ce99bf7c61c734eb364afcdb5c8 ch=80 start_time=2025-09-25T17:27:22.398161+00:00 flow_cell_id=AWX817 basecall_gpu=NVIDIA_Tegra_X2 protocol_group_id=ONT_trialEb_250925 sample_id=ONT_trail_250925 barcode=barcode22 barcode_alias=barcode22 parent_read_id=0c5d8e4f-dca1-4380-a260-fbe46ecf7b06 basecall_model_version_id=dna_r10.4.1_e8.2_400bps_hac@v4.3.0
1207	fc5d4fcb-2307-427d-bedd-28de4e6b771e runid=0dfb5b492dc86ce99bf7c61c734eb364afcdb5c8 ch=113 start_time=2025-09-25T16:10:58.398161+00:00 flow_cell_id=AWX817 basecall_gpu=NVIDIA_Tegra_X2 protocol_group_id=ONT_trialEb_250925 sample_id=ONT_trail_250925 barcode=barcode23 barcode_alias=barcode23 parent_read_id=fc5d4fcb-2307-427d-bedd-28de4e6b771e basecall_model_version_id=dna_r10.4.1_e8.2_400bps_hac@v4.3.0
1207	5dbb5ea4-46da-44d9-a17c-3c3327e91982 runid=0dfb5b492dc86ce99bf7c61c734eb364afcdb5c8 ch=85 start_time=2025-09-25T23:29:05.398161+00:00 flow_cell_id=AWX817 basecall_gpu=NVIDIA_Tegra_X2 protocol_group_id=ONT_trialEb_250925 sample_id=ONT_trail_250925 barcode=barcode22 barcode_alias=barcode22 parent_read_id=5dbb5ea4-46da-44d9-a17c-3c3327e91982 basecall_model_version_id=dna_r10.4.1_e8.2_400bps_hac@v4.3.0 rc
1207	355f6821-72f7-48a7-afa7-d85f171809a0 runid=0dfb5b492dc86ce99bf7c61c734eb364afcdb5c8 ch=85 start_time=2025-09-26T02:25:37.398161+00:00 flow_cell_id=AWX817 basecall_gpu=NVIDIA_Tegra_X2 protocol_group_id=ONT_trialEb_250925 sample_id=ONT_trail_250925 barcode=barcode24 barcode_alias=barcode24 parent_read_id=355f6821-72f7-48a7-afa7-d85f171809a0 basecall_model_version_id=dna_r10.4.1_e8.2_400bps_hac@v4.3.0
1398	ffc0c70d-5bb8-45bc-a81f-1a7a3e9e1154 runid=0dfb5b492dc86ce99bf7c61c734eb364afcdb5c8 ch=80 start_time=2025-09-25T20:40:13.398161+00:00 flow_cell_id=AWX817 basecall_gpu=NVIDIA_Tegra_X2 protocol_group_id=ONT_trialEb_250925 sample_id=ONT_trail_250925 barcode=barcode22 barcode_alias=barcode22 parent_read_id=5f49ddee-baaa-471a-a21a-ab3388338464 basecall_model_version_id=dna_r10.4.1_e8.2_400bps_hac@v4.3.0
1398	49a79a60-11a4-4f74-a323-0c5e27227f10 runid=0dfb5b492dc86ce99bf7c61c734eb364afcdb5c8 ch=20 start_time=2025-09-25T22:08:12.398161+00:00 flow_cell_id=AWX817 basecall_gpu=NVIDIA_Tegra_X2 protocol_group_id=ONT_trialEb_250925 sample_id=ONT_trail_250925 barcode=barcode23 barcode_alias=barcode23 parent_read_id=49a79a60-11a4-4f74-a323-0c5e27227f10 basecall_model_version_id=dna_r10.4.1_e8.2_400bps_hac@v4.3.0 rc
1398	ca81ae67-19b3-471a-99d1-db6c46c7723a runid=0dfb5b492dc86ce99bf7c61c734eb364afcdb5c8 ch=73 start_time=2025-09-25T21:28:26.398161+00:00 flow_cell_id=AWX817 basecall_gpu=NVIDIA_Tegra_X2 protocol_group_id=ONT_trialEb_250925 sample_id=ONT_trail_250925 barcode=barcode22 barcode_alias=barcode22 parent_read_id=ca81ae67-19b3-471a-99d1-db6c46c7723a basecall_model_version_id=dna_r10.4.1_e8.2_400bps_hac@v4.3.0
1398	b1e2a0f0-d05d-4691-a795-df87ee280514 runid=0dfb5b492dc86ce99bf7c61c734eb364afcdb5c8 ch=20 start_time=2025-09-26T06:27:55.398161+00:00 flow_cell_id=AWX817 basecall_gpu=NVIDIA_Tegra_X2 protocol_group_id=ONT_trialEb_250925 sample_id=ONT_trail_250925 barcode=barcode13 barcode_alias=barcode13 parent_read_id=b1e2a0f0-d05d-4691-a795-df87ee280514 basecall_model_version_id=dna_r10.4.1_e8.2_400bps_hac@v4.3.0 rc
1398	a03adb5d-1867-4c66-92f4-658d68fcead5 runid=0dfb5b492dc86ce99bf7c61c734eb364afcdb5c8 ch=4 start_time=2025-09-25T16:51:35.398161+00:00 flow_cell_id=AWX817 basecall_gpu=NVIDIA_Tegra_X2 protocol_group_id=ONT_trialEb_250925 sample_id=ONT_trail_250925 barcode=barcode22 barcode_alias=barcode22 parent_read_id=a03adb5d-1867-4c66-92f4-658d68fcead5 basecall_model_version_id=dna_r10.4.1_e8.2_400bps_hac@v4.3.0 rc
1398	a03adb5d-1867-4c66-92f4-658d68fcead5 runid=0dfb5b492dc86ce99bf7c61c734eb364afcdb5c8 ch=4 start_time=2025-09-25T16:51:35.398161+00:00 flow_cell_id=AWX817 basecall_gpu=NVIDIA_Tegra_X2 protocol_group_id=ONT_trialEb_250925 sample_id=ONT_trail_250925 barcode=barcode22 barcode_alias=barcode22 parent_read_id=a03adb5d-1867-4c66-92f4-658d68fcead5 basecall_model_version_id=dna_r10.4.1_e8.2_400bps_hac@v4.3.0 rc
1398	2749d518-3170-445d-8f9f-c5edcc3fd217 runid=0dfb5b492dc86ce99bf7c61c734eb364afcdb5c8 ch=105 start_time=2025-09-25T16:44:17.398161+00:00 flow_cell_id=AWX817 basecall_gpu=NVIDIA_Tegra_X2 protocol_group_id=ONT_trialEb_250925 sample_id=ONT_trail_250925 barcode=barcode22 barcode_alias=barcode22 parent_read_id=2749d518-3170-445d-8f9f-c5edcc3fd217 basecall_model_version_id=dna_r10.4.1_e8.2_400bps_hac@v4.3.0
1398	8b48f659-7645-4d37-a867-cd939b3a9416 runid=0dfb5b492dc86ce99bf7c61c734eb364afcdb5c8 ch=4 start_time=2025-09-25T22:18:41.398161+00:00 flow_cell_id=AWX817 basecall_gpu=NVIDIA_Tegra_X2 protocol_group_id=ONT_trialEb_250925 sample_id=ONT_trail_250925 barcode=barcode22 barcode_alias=barcode22 parent_read_id=8b48f659-7645-4d37-a867-cd939b3a9416 basecall_model_version_id=dna_r10.4.1_e8.2_400bps_hac@v4.3.0
1398	8b48f659-7645-4d37-a867-cd939b3a9416 runid=0dfb5b492dc86ce99bf7c61c734eb364afcdb5c8 ch=4 start_time=2025-09-25T22:18:41.398161+00:00 flow_cell_id=AWX817 basecall_gpu=NVIDIA_Tegra_X2 protocol_group_id=ONT_trialEb_250925 sample_id=ONT_trail_250925 barcode=barcode22 barcode_alias=barcode22 parent_read_id=8b48f659-7645-4d37-a867-cd939b3a9416 basecall_model_version_id=dna_r10.4.1_e8.2_400bps_hac@v4.3.0
1398	8d798899-10ee-4d5e-94a2-7809ea19732f runid=0dfb5b492dc86ce99bf7c61c734eb364afcdb5c8 ch=6 start_time=2025-09-25T17:41:10.398161+00:00 flow_cell_id=AWX817 basecall_gpu=NVIDIA_Tegra_X2 protocol_group_id=ONT_trialEb_250925 sample_id=ONT_trail_250925 barcode=barcode22 barcode_alias=barcode22 parent_read_id=8d798899-10ee-4d5e-94a2-7809ea19732f basecall_model_version_id=dna_r10.4.1_e8.2_400bps_hac@v4.3.0
1398	8d798899-10ee-4d5e-94a2-7809ea19732f runid=0dfb5b492dc86ce99bf7c61c734eb364afcdb5c8 ch=6 start_time=2025-09-25T17:41:10.398161+00:00 flow_cell_id=AWX817 basecall_gpu=NVIDIA_Tegra_X2 protocol_group_id=ONT_trialEb_250925 sample_id=ONT_trail_250925 barcode=barcode22 barcode_alias=barcode22 parent_read_id=8d798899-10ee-4d5e-94a2-7809ea19732f basecall_model_version_id=dna_r10.4.1_e8.2_400bps_hac@v4.3.0
1398	99ed35af-f0cc-45e7-a071-cc6e0f501aed runid=0dfb5b492dc86ce99bf7c61c734eb364afcdb5c8 ch=58 start_time=2025-09-25T19:28:10.398161+00:00 flow_cell_id=AWX817 basecall_gpu=NVIDIA_Tegra_X2 protocol_group_id=ONT_trialEb_250925 sample_id=ONT_trail_250925 barcode=barcode23 barcode_alias=barcode23 parent_read_id=99ed35af-f0cc-45e7-a071-cc6e0f501aed basecall_model_version_id=dna_r10.4.1_e8.2_400bps_hac@v4.3.0 rc
1398	361798be-e4c0-4b66-93bb-f90640dce091 runid=0dfb5b492dc86ce99bf7c61c734eb364afcdb5c8 ch=85 start_time=2025-09-25T18:16:53.398161+00:00 flow_cell_id=AWX817 basecall_gpu=NVIDIA_Tegra_X2 protocol_group_id=ONT_trialEb_250925 sample_id=ONT_trail_250925 barcode=barcode24 barcode_alias=barcode24 parent_read_id=361798be-e4c0-4b66-93bb-f90640dce091 basecall_model_version_id=dna_r10.4.1_e8.2_400bps_hac@v4.3.0
1398	2a8b2c02-7a22-4019-9aab-f904f821243c runid=0dfb5b492dc86ce99bf7c61c734eb364afcdb5c8 ch=39 start_time=2025-09-26T02:01:28.398161+00:00 flow_cell_id=AWX817 basecall_gpu=NVIDIA_Tegra_X2 protocol_group_id=ONT_trialEb_250925 sample_id=ONT_trail_250925 barcode=barcode22 barcode_alias=barcode22 parent_read_id=2a8b2c02-7a22-4019-9aab-f904f821243c basecall_model_version_id=dna_r10.4.1_e8.2_400bps_hac@v4.3.0
1398	a5444183-c05e-4b3c-8faf-80a6732d675b runid=0dfb5b492dc86ce99bf7c61c734eb364afcdb5c8 ch=85 start_time=2025-09-26T02:59:05.398161+00:00 flow_cell_id=AWX817 basecall_gpu=NVIDIA_Tegra_X2 protocol_group_id=ONT_trialEb_250925 sample_id=ONT_trail_250925 barcode=barcode23 barcode_alias=barcode23 parent_read_id=a5444183-c05e-4b3c-8faf-80a6732d675b basecall_model_version_id=dna_r10.4.1_e8.2_400bps_hac@v4.3.0
1398	ab15da48-5a57-46b5-9d79-f1dcd657cf0f runid=0dfb5b492dc86ce99bf7c61c734eb364afcdb5c8 ch=106 start_time=2025-09-25T18:33:26.398161+00:00 flow_cell_id=AWX817 basecall_gpu=NVIDIA_Tegra_X2 protocol_group_id=ONT_trialEb_250925 sample_id=ONT_trail_250925 barcode=barcode22 barcode_alias=barcode22 parent_read_id=539e35e3-f1ef-4f2b-ab97-f0fa1a557066 basecall_model_version_id=dna_r10.4.1_e8.2_400bps_hac@v4.3.0 rc
1398	95ef0f5b-34df-4529-a1c4-768f6cf570fa runid=0dfb5b492dc86ce99bf7c61c734eb364afcdb5c8 ch=5 start_time=2025-09-25T15:57:40.398161+00:00 flow_cell_id=AWX817 basecall_gpu=NVIDIA_Tegra_X2 protocol_group_id=ONT_trialEb_250925 sample_id=ONT_trail_250925 barcode=barcode23 barcode_alias=barcode23 parent_read_id=95ef0f5b-34df-4529-a1c4-768f6cf570fa basecall_model_version_id=dna_r10.4.1_e8.2_400bps_hac@v4.3.0
1398	5f940866-2650-4c32-8c99-0e6bbeb1ac99 runid=0dfb5b492dc86ce99bf7c61c734eb364afcdb5c8 ch=20 start_time=2025-09-26T05:34:34.398161+00:00 flow_cell_id=AWX817 basecall_gpu=NVIDIA_Tegra_X2 protocol_group_id=ONT_trialEb_250925 sample_id=ONT_trail_250925 barcode=barcode23 barcode_alias=barcode23 parent_read_id=5f940866-2650-4c32-8c99-0e6bbeb1ac99 basecall_model_version_id=dna_r10.4.1_e8.2_400bps_hac@v4.3.0
1398	a1fffc08-9040-40fc-a4db-e740df330a18 runid=0dfb5b492dc86ce99bf7c61c734eb364afcdb5c8 ch=5 start_time=2025-09-25T20:16:23.398161+00:00 flow_cell_id=AWX817 basecall_gpu=NVIDIA_Tegra_X2 protocol_group_id=ONT_trialEb_250925 sample_id=ONT_trail_250925 barcode=barcode22 barcode_alias=barcode22 parent_read_id=a1fffc08-9040-40fc-a4db-e740df330a18 basecall_model_version_id=dna_r10.4.1_e8.2_400bps_hac@v4.3.0 rc
1398	99797888-3dd0-4195-bc41-5a97923a847c runid=0dfb5b492dc86ce99bf7c61c734eb364afcdb5c8 ch=58 start_time=2025-09-25T19:59:01.398161+00:00 flow_cell_id=AWX817 basecall_gpu=NVIDIA_Tegra_X2 protocol_group_id=ONT_trialEb_250925 sample_id=ONT_trail_250925 barcode=barcode23 barcode_alias=barcode23 parent_read_id=99797888-3dd0-4195-bc41-5a97923a847c basecall_model_version_id=dna_r10.4.1_e8.2_400bps_hac@v4.3.0
1398	5b2b7d7c-e734-4605-aa6d-dd82ee2ce6b1 runid=0dfb5b492dc86ce99bf7c61c734eb364afcdb5c8 ch=73 start_time=2025-09-25T19:55:06.398161+00:00 flow_cell_id=AWX817 basecall_gpu=NVIDIA_Tegra_X2 protocol_group_id=ONT_trialEb_250925 sample_id=ONT_trail_250925 barcode=barcode23 barcode_alias=barcode23 parent_read_id=5b2b7d7c-e734-4605-aa6d-dd82ee2ce6b1 basecall_model_version_id=dna_r10.4.1_e8.2_400bps_hac@v4.3.0 rc
1398	6987f3d3-a519-4930-85e1-9d322cb5ecbf runid=0dfb5b492dc86ce99bf7c61c734eb364afcdb5c8 ch=4 start_time=2025-09-25T18:28:00.398161+00:00 flow_cell_id=AWX817 basecall_gpu=NVIDIA_Tegra_X2 protocol_group_id=ONT_trialEb_250925 sample_id=ONT_trail_250925 barcode=barcode22 barcode_alias=barcode22 parent_read_id=44271c81-722b-4b53-b18e-735f2b44b4ef basecall_model_version_id=dna_r10.4.1_e8.2_400bps_hac@v4.3.0
1398	cdcfeed7-7271-463b-888a-8fc93ddd8949 runid=0dfb5b492dc86ce99bf7c61c734eb364afcdb5c8 ch=10 start_time=2025-09-25T21:42:34.398161+00:00 flow_cell_id=AWX817 basecall_gpu=NVIDIA_Tegra_X2 protocol_group_id=ONT_trialEb_250925 sample_id=ONT_trail_250925 barcode=barcode22 barcode_alias=barcode22 parent_read_id=cdcfeed7-7271-463b-888a-8fc93ddd8949 basecall_model_version_id=dna_r10.4.1_e8.2_400bps_hac@v4.3.0 rc
1398	5f771673-97ff-4486-aca6-d8c96eb1c4ca runid=0dfb5b492dc86ce99bf7c61c734eb364afcdb5c8 ch=45 start_time=2025-09-25T16:24:18.398161+00:00 flow_cell_id=AWX817 basecall_gpu=NVIDIA_Tegra_X2 protocol_group_id=ONT_trialEb_250925 sample_id=ONT_trail_250925 barcode=barcode22 barcode_alias=barcode22 parent_read_id=5f771673-97ff-4486-aca6-d8c96eb1c4ca basecall_model_version_id=dna_r10.4.1_e8.2_400bps_hac@v4.3.0 rc
1398	32650d03-7a15-444a-99eb-dbcb2ecd157d runid=0dfb5b492dc86ce99bf7c61c734eb364afcdb5c8 ch=80 start_time=2025-09-25T19:39:43.398161+00:00 flow_cell_id=AWX817 basecall_gpu=NVIDIA_Tegra_X2 protocol_group_id=ONT_trialEb_250925 sample_id=ONT_trail_250925 barcode=barcode22 barcode_alias=barcode22 parent_read_id=32650d03-7a15-444a-99eb-dbcb2ecd157d basecall_model_version_id=dna_r10.4.1_e8.2_400bps_hac@v4.3.0
1398	fe014b7d-936d-46d9-b19f-d83d2e511bb4 runid=0dfb5b492dc86ce99bf7c61c734eb364afcdb5c8 ch=85 start_time=2025-09-26T03:06:22.398161+00:00 flow_cell_id=AWX817 basecall_gpu=NVIDIA_Tegra_X2 protocol_group_id=ONT_trialEb_250925 sample_id=ONT_trail_250925 barcode=barcode22 barcode_alias=barcode22 parent_read_id=fe014b7d-936d-46d9-b19f-d83d2e511bb4 basecall_model_version_id=dna_r10.4.1_e8.2_400bps_hac@v4.3.0
1398	93163e54-4ea8-4e3a-9ec6-cb8f83c707f6 runid=0dfb5b492dc86ce99bf7c61c734eb364afcdb5c8 ch=41 start_time=2025-09-25T16:59:09.398161+00:00 flow_cell_id=AWX817 basecall_gpu=NVIDIA_Tegra_X2 protocol_group_id=ONT_trialEb_250925 sample_id=ONT_trail_250925 barcode=barcode22 barcode_alias=barcode22 parent_read_id=93163e54-4ea8-4e3a-9ec6-cb8f83c707f6 basecall_model_version_id=dna_r10.4.1_e8.2_400bps_hac@v4.3.0
1398	fea741bd-4d30-434b-8640-b98d0f42483e runid=0dfb5b492dc86ce99bf7c61c734eb364afcdb5c8 ch=20 start_time=2025-09-26T11:35:44.398161+00:00 flow_cell_id=AWX817 basecall_gpu=NVIDIA_Tegra_X2 protocol_group_id=ONT_trialEb_250925 sample_id=ONT_trail_250925 barcode=barcode24 barcode_alias=barcode24 parent_read_id=fea741bd-4d30-434b-8640-b98d0f42483e basecall_model_version_id=dna_r10.4.1_e8.2_400bps_hac@v4.3.0 rc
1398	c3eb0b1a-818b-4d05-affe-6f87257d1bf2 runid=0dfb5b492dc86ce99bf7c61c734eb364afcdb5c8 ch=90 start_time=2025-09-25T17:34:47.398161+00:00 flow_cell_id=AWX817 basecall_gpu=NVIDIA_Tegra_X2 protocol_group_id=ONT_trialEb_250925 sample_id=ONT_trail_250925 barcode=barcode23 barcode_alias=barcode23 parent_read_id=c3eb0b1a-818b-4d05-affe-6f87257d1bf2 basecall_model_version_id=dna_r10.4.1_e8.2_400bps_hac@v4.3.0
1398	16559d4e-6e6b-4e31-a430-e2d8b2097015 runid=0dfb5b492dc86ce99bf7c61c734eb364afcdb5c8 ch=118 start_time=2025-09-26T00:57:28.398161+00:00 flow_cell_id=AWX817 basecall_gpu=NVIDIA_Tegra_X2 protocol_group_id=ONT_trialEb_250925 sample_id=ONT_trail_250925 barcode=barcode22 barcode_alias=barcode22 parent_read_id=16559d4e-6e6b-4e31-a430-e2d8b2097015 basecall_model_version_id=dna_r10.4.1_e8.2_400bps_hac@v4.3.0
1398	5fe7595d-39f7-4a8d-8256-b29958c8ee13 runid=0dfb5b492dc86ce99bf7c61c734eb364afcdb5c8 ch=80 start_time=2025-09-25T18:25:44.398161+00:00 flow_cell_id=AWX817 basecall_gpu=NVIDIA_Tegra_X2 protocol_group_id=ONT_trialEb_250925 sample_id=ONT_trail_250925 barcode=barcode23 barcode_alias=barcode23 parent_read_id=5fe7595d-39f7-4a8d-8256-b29958c8ee13 basecall_model_version_id=dna_r10.4.1_e8.2_400bps_hac@v4.3.0 rc
1398	9e4e3d99-61ba-4fbd-aed3-d924fb3ecd8e runid=0dfb5b492dc86ce99bf7c61c734eb364afcdb5c8 ch=44 start_time=2025-09-26T00:23:52.398161+00:00 flow_cell_id=AWX817 basecall_gpu=NVIDIA_Tegra_X2 protocol_group_id=ONT_trialEb_250925 sample_id=ONT_trail_250925 barcode=barcode22 barcode_alias=barcode22 parent_read_id=9e4e3d99-61ba-4fbd-aed3-d924fb3ecd8e basecall_model_version_id=dna_r10.4.1_e8.2_400bps_hac@v4.3.0
1398	8e583851-34dd-4b9a-afa0-5ab36d4fd00a runid=0dfb5b492dc86ce99bf7c61c734eb364afcdb5c8 ch=15 start_time=2025-09-25T18:24:45.398161+00:00 flow_cell_id=AWX817 basecall_gpu=NVIDIA_Tegra_X2 protocol_group_id=ONT_trialEb_250925 sample_id=ONT_trail_250925 barcode=barcode24 barcode_alias=barcode24 parent_read_id=8e583851-34dd-4b9a-afa0-5ab36d4fd00a basecall_model_version_id=dna_r10.4.1_e8.2_400bps_hac@v4.3.0
1398	2435f2ee-cd2f-4ca5-8179-fd5f9afd8df7 runid=0dfb5b492dc86ce99bf7c61c734eb364afcdb5c8 ch=91 start_time=2025-09-25T17:57:48.398161+00:00 flow_cell_id=AWX817 basecall_gpu=NVIDIA_Tegra_X2 protocol_group_id=ONT_trialEb_250925 sample_id=ONT_trail_250925 barcode=barcode24 barcode_alias=barcode24 parent_read_id=2435f2ee-cd2f-4ca5-8179-fd5f9afd8df7 basecall_model_version_id=dna_r10.4.1_e8.2_400bps_hac@v4.3.0 rc
1398	9ea64419-d2eb-4c94-97bd-1e8b039a26e7 runid=0dfb5b492dc86ce99bf7c61c734eb364afcdb5c8 ch=92 start_time=2025-09-26T02:34:59.398161+00:00 flow_cell_id=AWX817 basecall_gpu=NVIDIA_Tegra_X2 protocol_group_id=ONT_trialEb_250925 sample_id=ONT_trail_250925 barcode=barcode22 barcode_alias=barcode22 parent_read_id=9ea64419-d2eb-4c94-97bd-1e8b039a26e7 basecall_model_version_id=dna_r10.4.1_e8.2_400bps_hac@v4.3.0 rc
1398	23704247-f6bc-4948-adc4-b2bacce8aa03 runid=0dfb5b492dc86ce99bf7c61c734eb364afcdb5c8 ch=41 start_time=2025-09-25T18:15:07.398161+00:00 flow_cell_id=AWX817 basecall_gpu=NVIDIA_Tegra_X2 protocol_group_id=ONT_trialEb_250925 sample_id=ONT_trail_250925 barcode=barcode24 barcode_alias=barcode24 parent_read_id=23704247-f6bc-4948-adc4-b2bacce8aa03 basecall_model_version_id=dna_r10.4.1_e8.2_400bps_hac@v4.3.0
1398	45b47fb9-c00d-49a5-80cd-6aafeb5d8fdd runid=0dfb5b492dc86ce99bf7c61c734eb364afcdb5c8 ch=20 start_time=2025-09-26T07:08:21.398161+00:00 flow_cell_id=AWX817 basecall_gpu=NVIDIA_Tegra_X2 protocol_group_id=ONT_trialEb_250925 sample_id=ONT_trail_250925 barcode=barcode22 barcode_alias=barcode22 parent_read_id=45b47fb9-c00d-49a5-80cd-6aafeb5d8fdd basecall_model_version_id=dna_r10.4.1_e8.2_400bps_hac@v4.3.0
1398	1db694e4-044f-414b-b7fe-9072f1aed1c4 runid=0dfb5b492dc86ce99bf7c61c734eb364afcdb5c8 ch=4 start_time=2025-09-26T05:57:25.398161+00:00 flow_cell_id=AWX817 basecall_gpu=NVIDIA_Tegra_X2 protocol_group_id=ONT_trialEb_250925 sample_id=ONT_trail_250925 barcode=barcode22 barcode_alias=barcode22 parent_read_id=1db694e4-044f-414b-b7fe-9072f1aed1c4 basecall_model_version_id=dna_r10.4.1_e8.2_400bps_hac@v4.3.0
1398	4de9b8f9-0d8e-467c-9a95-cbc33a216052 runid=0dfb5b492dc86ce99bf7c61c734eb364afcdb5c8 ch=85 start_time=2025-09-25T21:52:10.398161+00:00 flow_cell_id=AWX817 basecall_gpu=NVIDIA_Tegra_X2 protocol_group_id=ONT_trialEb_250925 sample_id=ONT_trail_250925 barcode=barcode23 barcode_alias=barcode23 parent_read_id=c6ed0e0c-d4f9-4639-a442-fdb3827b1ef7 basecall_model_version_id=dna_r10.4.1_e8.2_400bps_hac@v4.3.0
1398	b1432e54-5464-4d9a-a510-d6ff000069f6 runid=0dfb5b492dc86ce99bf7c61c734eb364afcdb5c8 ch=106 start_time=2025-09-25T20:59:19.398161+00:00 flow_cell_id=AWX817 basecall_gpu=NVIDIA_Tegra_X2 protocol_group_id=ONT_trialEb_250925 sample_id=ONT_trail_250925 barcode=barcode22 barcode_alias=barcode22 parent_read_id=b1432e54-5464-4d9a-a510-d6ff000069f6 basecall_model_version_id=dna_r10.4.1_e8.2_400bps_hac@v4.3.0
1398	a152203f-5936-4598-820c-4074d97917bd runid=0dfb5b492dc86ce99bf7c61c734eb364afcdb5c8 ch=41 start_time=2025-09-25T20:01:16.398161+00:00 flow_cell_id=AWX817 basecall_gpu=NVIDIA_Tegra_X2 protocol_group_id=ONT_trialEb_250925 sample_id=ONT_trail_250925 barcode=barcode23 barcode_alias=barcode23 parent_read_id=a152203f-5936-4598-820c-4074d97917bd basecall_model_version_id=dna_r10.4.1_e8.2_400bps_hac@v4.3.0
1398	e2004180-40b3-4ea7-a251-a1cc93d7d517 runid=0dfb5b492dc86ce99bf7c61c734eb364afcdb5c8 ch=15 start_time=2025-09-25T18:32:31.398161+00:00 flow_cell_id=AWX817 basecall_gpu=NVIDIA_Tegra_X2 protocol_group_id=ONT_trialEb_250925 sample_id=ONT_trail_250925 barcode=barcode24 barcode_alias=barcode24 parent_read_id=e2004180-40b3-4ea7-a251-a1cc93d7d517 basecall_model_version_id=dna_r10.4.1_e8.2_400bps_hac@v4.3.0
1398	eb89f443-7152-46c7-bda9-6f3eab121481 runid=0dfb5b492dc86ce99bf7c61c734eb364afcdb5c8 ch=67 start_time=2025-09-26T09:49:08.398161+00:00 flow_cell_id=AWX817 basecall_gpu=NVIDIA_Tegra_X2 protocol_group_id=ONT_trialEb_250925 sample_id=ONT_trail_250925 barcode=barcode23 barcode_alias=barcode23 parent_read_id=eb89f443-7152-46c7-bda9-6f3eab121481 basecall_model_version_id=dna_r10.4.1_e8.2_400bps_hac@v4.3.0
1398	81afe191-311b-478b-953b-b6be1e8657c6 runid=0dfb5b492dc86ce99bf7c61c734eb364afcdb5c8 ch=42 start_time=2025-09-26T00:47:20.398161+00:00 flow_cell_id=AWX817 basecall_gpu=NVIDIA_Tegra_X2 protocol_group_id=ONT_trialEb_250925 sample_id=ONT_trail_250925 barcode=barcode22 barcode_alias=barcode22 parent_read_id=81afe191-311b-478b-953b-b6be1e8657c6 basecall_model_version_id=dna_r10.4.1_e8.2_400bps_hac@v4.3.0
1398	b3482d8e-6769-4d2e-a632-5b292a9ee84c runid=0dfb5b492dc86ce99bf7c61c734eb364afcdb5c8 ch=85 start_time=2025-09-25T18:44:38.398161+00:00 flow_cell_id=AWX817 basecall_gpu=NVIDIA_Tegra_X2 protocol_group_id=ONT_trialEb_250925 sample_id=ONT_trail_250925 barcode=barcode22 barcode_alias=barcode22 parent_read_id=b3482d8e-6769-4d2e-a632-5b292a9ee84c basecall_model_version_id=dna_r10.4.1_e8.2_400bps_hac@v4.3.0
1398	895a40c7-6f30-464a-861c-59fead98c38d runid=0dfb5b492dc86ce99bf7c61c734eb364afcdb5c8 ch=5 start_time=2025-09-25T17:48:54.398161+00:00 flow_cell_id=AWX817 basecall_gpu=NVIDIA_Tegra_X2 protocol_group_id=ONT_trialEb_250925 sample_id=ONT_trail_250925 barcode=barcode22 barcode_alias=barcode22 parent_read_id=895a40c7-6f30-464a-861c-59fead98c38d basecall_model_version_id=dna_r10.4.1_e8.2_400bps_hac@v4.3.0
1398	3dfa9bae-11ab-42d1-8c87-e2cb098c2bae runid=0dfb5b492dc86ce99bf7c61c734eb364afcdb5c8 ch=92 start_time=2025-09-25T21:17:48.398161+00:00 flow_cell_id=AWX817 basecall_gpu=NVIDIA_Tegra_X2 protocol_group_id=ONT_trialEb_250925 sample_id=ONT_trail_250925 barcode=barcode24 barcode_alias=barcode24 parent_read_id=3dfa9bae-11ab-42d1-8c87-e2cb098c2bae basecall_model_version_id=dna_r10.4.1_e8.2_400bps_hac@v4.3.0 rc
1398	5298c74d-8349-456b-a896-6cb2c287f152 runid=0dfb5b492dc86ce99bf7c61c734eb364afcdb5c8 ch=20 start_time=2025-09-25T23:28:52.398161+00:00 flow_cell_id=AWX817 basecall_gpu=NVIDIA_Tegra_X2 protocol_group_id=ONT_trialEb_250925 sample_id=ONT_trail_250925 barcode=barcode22 barcode_alias=barcode22 parent_read_id=5298c74d-8349-456b-a896-6cb2c287f152 basecall_model_version_id=dna_r10.4.1_e8.2_400bps_hac@v4.3.0 rc
1398	7de36d00-a256-4b01-bee2-c9dfbe5f4b98 runid=0dfb5b492dc86ce99bf7c61c734eb364afcdb5c8 ch=39 start_time=2025-09-26T11:47:35.398161+00:00 flow_cell_id=AWX817 basecall_gpu=NVIDIA_Tegra_X2 protocol_group_id=ONT_trialEb_250925 sample_id=ONT_trail_250925 barcode=barcode24 barcode_alias=barcode24 parent_read_id=7de36d00-a256-4b01-bee2-c9dfbe5f4b98 basecall_model_version_id=dna_r10.4.1_e8.2_400bps_hac@v4.3.0 rc
1398	1cce1e1a-9061-47a5-a904-76535b470076 runid=0dfb5b492dc86ce99bf7c61c734eb364afcdb5c8 ch=96 start_time=2025-09-26T01:54:03.398161+00:00 flow_cell_id=AWX817 basecall_gpu=NVIDIA_Tegra_X2 protocol_group_id=ONT_trialEb_250925 sample_id=ONT_trail_250925 barcode=barcode22 barcode_alias=barcode22 parent_read_id=1cce1e1a-9061-47a5-a904-76535b470076 basecall_model_version_id=dna_r10.4.1_e8.2_400bps_hac@v4.3.0
1398	a94752a5-53e5-4f52-bd5a-e03a6867b1f7 runid=0dfb5b492dc86ce99bf7c61c734eb364afcdb5c8 ch=10 start_time=2025-09-25T17:40:13.398161+00:00 flow_cell_id=AWX817 basecall_gpu=NVIDIA_Tegra_X2 protocol_group_id=ONT_trialEb_250925 sample_id=ONT_trail_250925 barcode=barcode23 barcode_alias=barcode23 parent_read_id=bba1d21e-bcd9-4108-a73d-7a74a2878649 basecall_model_version_id=dna_r10.4.1_e8.2_400bps_hac@v4.3.0
1398	577800f9-13eb-401e-a5ae-71b7280a20e6 runid=0dfb5b492dc86ce99bf7c61c734eb364afcdb5c8 ch=79 start_time=2025-09-25T23:59:25.398161+00:00 flow_cell_id=AWX817 basecall_gpu=NVIDIA_Tegra_X2 protocol_group_id=ONT_trialEb_250925 sample_id=ONT_trail_250925 barcode=barcode22 barcode_alias=barcode22 parent_read_id=577800f9-13eb-401e-a5ae-71b7280a20e6 basecall_model_version_id=dna_r10.4.1_e8.2_400bps_hac@v4.3.0 rc
1398	88c7efc9-7143-468f-98cf-cea5acdac1f5 runid=0dfb5b492dc86ce99bf7c61c734eb364afcdb5c8 ch=85 start_time=2025-09-26T03:47:37.398161+00:00 flow_cell_id=AWX817 basecall_gpu=NVIDIA_Tegra_X2 protocol_group_id=ONT_trialEb_250925 sample_id=ONT_trail_250925 barcode=barcode22 barcode_alias=barcode22 parent_read_id=88c7efc9-7143-468f-98cf-cea5acdac1f5 basecall_model_version_id=dna_r10.4.1_e8.2_400bps_hac@v4.3.0
1398	88c7efc9-7143-468f-98cf-cea5acdac1f5 runid=0dfb5b492dc86ce99bf7c61c734eb364afcdb5c8 ch=85 start_time=2025-09-26T03:47:37.398161+00:00 flow_cell_id=AWX817 basecall_gpu=NVIDIA_Tegra_X2 protocol_group_id=ONT_trialEb_250925 sample_id=ONT_trail_250925 barcode=barcode22 barcode_alias=barcode22 parent_read_id=88c7efc9-7143-468f-98cf-cea5acdac1f5 basecall_model_version_id=dna_r10.4.1_e8.2_400bps_hac@v4.3.0
1398	2a54761f-25c6-4b5e-a9f0-09bd264787b4 runid=0dfb5b492dc86ce99bf7c61c734eb364afcdb5c8 ch=41 start_time=2025-09-25T20:11:22.398161+00:00 flow_cell_id=AWX817 basecall_gpu=NVIDIA_Tegra_X2 protocol_group_id=ONT_trialEb_250925 sample_id=ONT_trail_250925 barcode=barcode23 barcode_alias=barcode23 parent_read_id=2a54761f-25c6-4b5e-a9f0-09bd264787b4 basecall_model_version_id=dna_r10.4.1_e8.2_400bps_hac@v4.3.0
1398	313104cb-335f-4a94-b42e-32cc17e53a98 runid=0dfb5b492dc86ce99bf7c61c734eb364afcdb5c8 ch=39 start_time=2025-09-25T18:12:39.398161+00:00 flow_cell_id=AWX817 basecall_gpu=NVIDIA_Tegra_X2 protocol_group_id=ONT_trialEb_250925 sample_id=ONT_trail_250925 barcode=barcode24 barcode_alias=barcode24 parent_read_id=313104cb-335f-4a94-b42e-32cc17e53a98 basecall_model_version_id=dna_r10.4.1_e8.2_400bps_hac@v4.3.0
1398	41102a09-5dba-4e12-a762-8ad3825953c7 runid=0dfb5b492dc86ce99bf7c61c734eb364afcdb5c8 ch=6 start_time=2025-09-25T17:58:55.398161+00:00 flow_cell_id=AWX817 basecall_gpu=NVIDIA_Tegra_X2 protocol_group_id=ONT_trialEb_250925 sample_id=ONT_trail_250925 barcode=barcode22 barcode_alias=barcode22 parent_read_id=8ce8b6da-b911-40b4-8756-5cd68a68b6ad basecall_model_version_id=dna_r10.4.1_e8.2_400bps_hac@v4.3.0
1398	ae1908c8-fe46-4554-9538-4f181cb6f3c5 runid=0dfb5b492dc86ce99bf7c61c734eb364afcdb5c8 ch=39 start_time=2025-09-26T12:28:18.398161+00:00 flow_cell_id=AWX817 basecall_gpu=NVIDIA_Tegra_X2 protocol_group_id=ONT_trialEb_250925 sample_id=ONT_trail_250925 barcode=barcode23 barcode_alias=barcode23 parent_read_id=ae1908c8-fe46-4554-9538-4f181cb6f3c5 basecall_model_version_id=dna_r10.4.1_e8.2_400bps_hac@v4.3.0
1398	dbe1ddae-bfa0-4180-9fc7-738bd9c21178 runid=0dfb5b492dc86ce99bf7c61c734eb364afcdb5c8 ch=118 start_time=2025-09-26T05:55:20.398161+00:00 flow_cell_id=AWX817 basecall_gpu=NVIDIA_Tegra_X2 protocol_group_id=ONT_trialEb_250925 sample_id=ONT_trail_250925 barcode=barcode22 barcode_alias=barcode22 parent_read_id=dbe1ddae-bfa0-4180-9fc7-738bd9c21178 basecall_model_version_id=dna_r10.4.1_e8.2_400bps_hac@v4.3.0 rc
1347	7eb6e632-47a2-4211-90aa-5936bb8a1710 runid=0dfb5b492dc86ce99bf7c61c734eb364afcdb5c8 ch=39 start_time=2025-09-25T21:46:50.398161+00:00 flow_cell_id=AWX817 basecall_gpu=NVIDIA_Tegra_X2 protocol_group_id=ONT_trialEb_250925 sample_id=ONT_trail_250925 barcode=barcode22 barcode_alias=barcode22 parent_read_id=7eb6e632-47a2-4211-90aa-5936bb8a1710 basecall_model_version_id=dna_r10.4.1_e8.2_400bps_hac@v4.3.0
