0	4169d382-a4a6-44a1-a636-5ceb0f6301c2 runid=0dfb5b492dc86ce99bf7c61c734eb364afcdb5c8 ch=44 start_time=2025-09-26T01:04:42.398161+00:00 flow_cell_id=AWX817 basecall_gpu=NVIDIA_Tegra_X2 protocol_group_id=ONT_trialEb_250925 sample_id=ONT_trail_250925 barcode=barcode22 barcode_alias=barcode22 parent_read_id=4169d382-a4a6-44a1-a636-5ceb0f6301c2 basecall_model_version_id=dna_r10.4.1_e8.2_400bps_hac@v4.3.0
0	4169d382-a4a6-44a1-a636-5ceb0f6301c2 runid=0dfb5b492dc86ce99bf7c61c734eb364afcdb5c8 ch=44 start_time=2025-09-26T01:04:42.398161+00:00 flow_cell_id=AWX817 basecall_gpu=NVIDIA_Tegra_X2 protocol_group_id=ONT_trialEb_250925 sample_id=ONT_trail_250925 barcode=barcode22 barcode_alias=barcode22 parent_read_id=4169d382-a4a6-44a1-a636-5ceb0f6301c2 basecall_model_version_id=dna_r10.4.1_e8.2_400bps_hac@v4.3.0
0	e67d3a08-3786-4450-9e5d-c9b25d970fdd runid=0dfb5b492dc86ce99bf7c61c734eb364afcdb5c8 ch=113 start_time=2025-09-25T16:07:15.398161+00:00 flow_cell_id=AWX817 basecall_gpu=NVIDIA_Tegra_X2 protocol_group_id=ONT_trialEb_250925 sample_id=ONT_trail_250925 barcode=barcode14 barcode_alias=barcode14 parent_read_id=e67d3a08-3786-4450-9e5d-c9b25d970fdd basecall_model_version_id=dna_r10.4.1_e8.2_400bps_hac@v4.3.0 rc
0	e67d3a08-3786-4450-9e5d-c9b25d970fdd runid=0dfb5b492dc86ce99bf7c61c734eb364afcdb5c8 ch=113 start_time=2025-09-25T16:07:15.398161+00:00 flow_cell_id=AWX817 basecall_gpu=NVIDIA_Tegra_X2 protocol_group_id=ONT_trialEb_250925 sample_id=ONT_trail_250925 barcode=barcode14 barcode_alias=barcode14 parent_read_id=e67d3a08-3786-4450-9e5d-c9b25d970fdd basecall_model_version_id=dna_r10.4.1_e8.2_400bps_hac@v4.3.0 rc
0	3d6fb339-bd0b-4d67-acbc-fb0735653a74 runid=0dfb5b492dc86ce99bf7c61c734eb364afcdb5c8 ch=58 start_time=2025-09-25T17:44:14.398161+00:00 flow_cell_id=AWX817 basecall_gpu=NVIDIA_Tegra_X2 protocol_group_id=ONT_trialEb_250925 sample_id=ONT_trail_250925 barcode=barcode22 barcode_alias=barcode22 parent_read_id=3d6fb339-bd0b-4d67-acbc-fb0735653a74 basecall_model_version_id=dna_r10.4.1_e8.2_400bps_hac@v4.3.0 rc
0	3d6fb339-bd0b-4d67-acbc-fb0735653a74 runid=0dfb5b492dc86ce99bf7c61c734eb364afcdb5c8 ch=58 start_time=2025-09-25T17:44:14.398161+00:00 flow_cell_id=AWX817 basecall_gpu=NVIDIA_Tegra_X2 protocol_group_id=ONT_trialEb_250925 sample_id=ONT_trail_250925 barcode=barcode22 barcode_alias=barcode22 parent_read_id=3d6fb339-bd0b-4d67-acbc-fb0735653a74 basecall_model_version_id=dna_r10.4.1_e8.2_400bps_hac@v4.3.0 rc
0	6971a5c4-03bc-4aae-818b-f26e5996247c runid=0dfb5b492dc86ce99bf7c61c734eb364afcdb5c8 ch=44 start_time=2025-09-25T17:06:56.398161+00:00 flow_cell_id=AWX817 basecall_gpu=NVIDIA_Tegra_X2 protocol_group_id=ONT_trialEb_250925 sample_id=ONT_trail_250925 barcode=barcode15 barcode_alias=barcode15 parent_read_id=6971a5c4-03bc-4aae-818b-f26e5996247c basecall_model_version_id=dna_r10.4.1_e8.2_400bps_hac@v4.3.0
0	88b27037-aa07-4d74-82aa-1e43342e8745 runid=0dfb5b492dc86ce99bf7c61c734eb364afcdb5c8 ch=23 start_time=2025-09-25T18:08:48.398161+00:00 flow_cell_id=AWX817 basecall_gpu=NVIDIA_Tegra_X2 protocol_group_id=ONT_trialEb_250925 sample_id=ONT_trail_250925 barcode=barcode23 barcode_alias=barcode23 parent_read_id=88b27037-aa07-4d74-82aa-1e43342e8745 basecall_model_version_id=dna_r10.4.1_e8.2_400bps_hac@v4.3.0 rc
0	9792d88c-5ce5-45ff-b975-55980c190273 runid=0dfb5b492dc86ce99bf7c61c734eb364afcdb5c8 ch=67 start_time=2025-09-26T07:11:51.398161+00:00 flow_cell_id=AWX817 basecall_gpu=NVIDIA_Tegra_X2 protocol_group_id=ONT_trialEb_250925 sample_id=ONT_trail_250925 barcode=barcode22 barcode_alias=barcode22 parent_read_id=9792d88c-5ce5-45ff-b975-55980c190273 basecall_model_version_id=dna_r10.4.1_e8.2_400bps_hac@v4.3.0 rc
0	9792d88c-5ce5-45ff-b975-55980c190273 runid=0dfb5b492dc86ce99bf7c61c734eb364afcdb5c8 ch=67 start_time=2025-09-26T07:11:51.398161+00:00 flow_cell_id=AWX817 basecall_gpu=NVIDIA_Tegra_X2 protocol_group_id=ONT_trialEb_250925 sample_id=ONT_trail_250925 barcode=barcode22 barcode_alias=barcode22 parent_read_id=9792d88c-5ce5-45ff-b975-55980c190273 basecall_model_version_id=dna_r10.4.1_e8.2_400bps_hac@v4.3.0 rc
0	647126ab-f6d8-4a2f-89f0-284ba7b7fb67 runid=0dfb5b492dc86ce99bf7c61c734eb364afcdb5c8 ch=4 start_time=2025-09-25T18:02:02.398161+00:00 flow_cell_id=AWX817 basecall_gpu=NVIDIA_Tegra_X2 protocol_group_id=ONT_trialEb_250925 sample_id=ONT_trail_250925 barcode=barcode22 barcode_alias=barcode22 parent_read_id=647126ab-f6d8-4a2f-89f0-284ba7b7fb67 basecall_model_version_id=dna_r10.4.1_e8.2_400bps_hac@v4.3.0 rc
0	647126ab-f6d8-4a2f-89f0-284ba7b7fb67 runid=0dfb5b492dc86ce99bf7c61c734eb364afcdb5c8 ch=4 start_time=2025-09-25T18:02:02.398161+00:00 flow_cell_id=AWX817 basecall_gpu=NVIDIA_Tegra_X2 protocol_group_id=ONT_trialEb_250925 sample_id=ONT_trail_250925 barcode=barcode22 barcode_alias=barcode22 parent_read_id=647126ab-f6d8-4a2f-89f0-284ba7b7fb67 basecall_model_version_id=dna_r10.4.1_e8.2_400bps_hac@v4.3.0 rc
0	eddc33ab-0907-4d87-a9d9-403cf7f1524c runid=0dfb5b492dc86ce99bf7c61c734eb364afcdb5c8 ch=20 start_time=2025-09-25T22:40:44.398161+00:00 flow_cell_id=AWX817 basecall_gpu=NVIDIA_Tegra_X2 protocol_group_id=ONT_trialEb_250925 sample_id=ONT_trail_250925 barcode=barcode22 barcode_alias=barcode22 parent_read_id=eddc33ab-0907-4d87-a9d9-403cf7f1524c basecall_model_version_id=dna_r10.4.1_e8.2_400bps_hac@v4.3.0 rc
0	eddc33ab-0907-4d87-a9d9-403cf7f1524c runid=0dfb5b492dc86ce99bf7c61c734eb364afcdb5c8 ch=20 start_time=2025-09-25T22:40:44.398161+00:00 flow_cell_id=AWX817 basecall_gpu=NVIDIA_Tegra_X2 protocol_group_id=ONT_trialEb_250925 sample_id=ONT_trail_250925 barcode=barcode22 barcode_alias=barcode22 parent_read_id=eddc33ab-0907-4d87-a9d9-403cf7f1524c basecall_model_version_id=dna_r10.4.1_e8.2_400bps_hac@v4.3.0 rc
0	3b4f43fb-c83f-40e4-b483-6d5bf3b13e00 runid=0dfb5b492dc86ce99bf7c61c734eb364afcdb5c8 ch=44 start_time=2025-09-26T01:28:04.398161+00:00 flow_cell_id=AWX817 basecall_gpu=NVIDIA_Tegra_X2 protocol_group_id=ONT_trialEb_250925 sample_id=ONT_trail_250925 barcode=barcode14 barcode_alias=barcode14 parent_read_id=3b4f43fb-c83f-40e4-b483-6d5bf3b13e00 basecall_model_version_id=dna_r10.4.1_e8.2_400bps_hac@v4.3.0 rc
0	3b4f43fb-c83f-40e4-b483-6d5bf3b13e00 runid=0dfb5b492dc86ce99bf7c61c734eb364afcdb5c8 ch=44 start_time=2025-09-26T01:28:04.398161+00:00 flow_cell_id=AWX817 basecall_gpu=NVIDIA_Tegra_X2 protocol_group_id=ONT_trialEb_250925 sample_id=ONT_trail_250925 barcode=barcode14 barcode_alias=barcode14 parent_read_id=3b4f43fb-c83f-40e4-b483-6d5bf3b13e00 basecall_model_version_id=dna_r10.4.1_e8.2_400bps_hac@v4.3.0 rc
0	f0bf1d4a-8696-4fdc-8ef6-ba99ae8d757f runid=0dfb5b492dc86ce99bf7c61c734eb364afcdb5c8 ch=58 start_time=2025-09-25T17:32:33.398161+00:00 flow_cell_id=AWX817 basecall_gpu=NVIDIA_Tegra_X2 protocol_group_id=ONT_trialEb_250925 sample_id=ONT_trail_250925 barcode=barcode15 barcode_alias=barcode15 parent_read_id=f0bf1d4a-8696-4fdc-8ef6-ba99ae8d757f basecall_model_version_id=dna_r10.4.1_e8.2_400bps_hac@v4.3.0 rc
0	4c329115-0259-4778-a9c5-a1aff581061f runid=0dfb5b492dc86ce99bf7c61c734eb364afcdb5c8 ch=56 start_time=2025-09-25T16:04:55.398161+00:00 flow_cell_id=AWX817 basecall_gpu=NVIDIA_Tegra_X2 protocol_group_id=ONT_trialEb_250925 sample_id=ONT_trail_250925 barcode=barcode22 barcode_alias=barcode22 parent_read_id=4c329115-0259-4778-a9c5-a1aff581061f basecall_model_version_id=dna_r10.4.1_e8.2_400bps_hac@v4.3.0 rc
0	4c329115-0259-4778-a9c5-a1aff581061f runid=0dfb5b492dc86ce99bf7c61c734eb364afcdb5c8 ch=56 start_time=2025-09-25T16:04:55.398161+00:00 flow_cell_id=AWX817 basecall_gpu=NVIDIA_Tegra_X2 protocol_group_id=ONT_trialEb_250925 sample_id=ONT_trail_250925 barcode=barcode22 barcode_alias=barcode22 parent_read_id=4c329115-0259-4778-a9c5-a1aff581061f basecall_model_version_id=dna_r10.4.1_e8.2_400bps_hac@v4.3.0 rc
0	148961f2-e2cd-4b9f-8f11-83415b715f80 runid=0dfb5b492dc86ce99bf7c61c734eb364afcdb5c8 ch=49 start_time=2025-09-26T09:33:32.398161+00:00 flow_cell_id=AWX817 basecall_gpu=NVIDIA_Tegra_X2 protocol_group_id=ONT_trialEb_250925 sample_id=ONT_trail_250925 barcode=barcode22 barcode_alias=barcode22 parent_read_id=148961f2-e2cd-4b9f-8f11-83415b715f80 basecall_model_version_id=dna_r10.4.1_e8.2_400bps_hac@v4.3.0 rc
0	148961f2-e2cd-4b9f-8f11-83415b715f80 runid=0dfb5b492dc86ce99bf7c61c734eb364afcdb5c8 ch=49 start_time=2025-09-26T09:33:32.398161+00:00 flow_cell_id=AWX817 basecall_gpu=NVIDIA_Tegra_X2 protocol_group_id=ONT_trialEb_250925 sample_id=ONT_trail_250925 barcode=barcode22 barcode_alias=barcode22 parent_read_id=148961f2-e2cd-4b9f-8f11-83415b715f80 basecall_model_version_id=dna_r10.4.1_e8.2_400bps_hac@v4.3.0 rc
0	60ff2c01-d449-4586-88aa-8e1108a20297 runid=0dfb5b492dc86ce99bf7c61c734eb364afcdb5c8 ch=20 start_time=2025-09-26T04:32:27.398161+00:00 flow_cell_id=AWX817 basecall_gpu=NVIDIA_Tegra_X2 protocol_group_id=ONT_trialEb_250925 sample_id=ONT_trail_250925 barcode=barcode15 barcode_alias=barcode15 parent_read_id=60ff2c01-d449-4586-88aa-8e1108a20297 basecall_model_version_id=dna_r10.4.1_e8.2_400bps_hac@v4.3.0 rc
0	bf6523bb-c0e7-4b98-8ee3-9e7779a97a5b runid=0dfb5b492dc86ce99bf7c61c734eb364afcdb5c8 ch=39 start_time=2025-09-25T17:53:50.398161+00:00 flow_cell_id=AWX817 basecall_gpu=NVIDIA_Tegra_X2 protocol_group_id=ONT_trialEb_250925 sample_id=ONT_trail_250925 barcode=barcode24 barcode_alias=barcode24 parent_read_id=bf6523bb-c0e7-4b98-8ee3-9e7779a97a5b basecall_model_version_id=dna_r10.4.1_e8.2_400bps_hac@v4.3.0 rc
0	afcc1e9f-13cd-4066-a0e2-a13fe2e8c7d5 runid=0dfb5b492dc86ce99bf7c61c734eb364afcdb5c8 ch=57 start_time=2025-09-25T17:10:04.398161+00:00 flow_cell_id=AWX817 basecall_gpu=NVIDIA_Tegra_X2 protocol_group_id=ONT_trialEb_250925 sample_id=ONT_trail_250925 barcode=barcode14 barcode_alias=barcode14 parent_read_id=bc60e583-5a51-40db-9d79-c6d974023901 basecall_model_version_id=dna_r10.4.1_e8.2_400bps_hac@v4.3.0 rc
0	afcc1e9f-13cd-4066-a0e2-a13fe2e8c7d5 runid=0dfb5b492dc86ce99bf7c61c734eb364afcdb5c8 ch=57 start_time=2025-09-25T17:10:04.398161+00:00 flow_cell_id=AWX817 basecall_gpu=NVIDIA_Tegra_X2 protocol_group_id=ONT_trialEb_250925 sample_id=ONT_trail_250925 barcode=barcode14 barcode_alias=barcode14 parent_read_id=bc60e583-5a51-40db-9d79-c6d974023901 basecall_model_version_id=dna_r10.4.1_e8.2_400bps_hac@v4.3.0 rc
0	bdf9c2b7-b282-4498-8311-7cd4afac0837 runid=0dfb5b492dc86ce99bf7c61c734eb364afcdb5c8 ch=20 start_time=2025-09-25T20:40:13.398161+00:00 flow_cell_id=AWX817 basecall_gpu=NVIDIA_Tegra_X2 protocol_group_id=ONT_trialEb_250925 sample_id=ONT_trail_250925 barcode=barcode23 barcode_alias=barcode23 parent_read_id=bdf9c2b7-b282-4498-8311-7cd4afac0837 basecall_model_version_id=dna_r10.4.1_e8.2_400bps_hac@v4.3.0 rc
0	aa10ee72-f064-4a55-a062-e24ce888c7cb runid=0dfb5b492dc86ce99bf7c61c734eb364afcdb5c8 ch=20 start_time=2025-09-26T08:23:24.398161+00:00 flow_cell_id=AWX817 basecall_gpu=NVIDIA_Tegra_X2 protocol_group_id=ONT_trialEb_250925 sample_id=ONT_trail_250925 barcode=barcode23 barcode_alias=barcode23 parent_read_id=aa10ee72-f064-4a55-a062-e24ce888c7cb basecall_model_version_id=dna_r10.4.1_e8.2_400bps_hac@v4.3.0 rc
0	71315bbf-9f3b-49bc-84ec-3cbe63a8d3ea runid=0dfb5b492dc86ce99bf7c61c734eb364afcdb5c8 ch=94 start_time=2025-09-25T16:14:00.398161+00:00 flow_cell_id=AWX817 basecall_gpu=NVIDIA_Tegra_X2 protocol_group_id=ONT_trialEb_250925 sample_id=ONT_trail_250925 barcode=barcode23 barcode_alias=barcode23 parent_read_id=71315bbf-9f3b-49bc-84ec-3cbe63a8d3ea basecall_model_version_id=dna_r10.4.1_e8.2_400bps_hac@v4.3.0 rc
0	0cd090bc-fb26-4f6c-8713-13bcfff224a4 runid=0dfb5b492dc86ce99bf7c61c734eb364afcdb5c8 ch=20 start_time=2025-09-26T02:55:41.398161+00:00 flow_cell_id=AWX817 basecall_gpu=NVIDIA_Tegra_X2 protocol_group_id=ONT_trialEb_250925 sample_id=ONT_trail_250925 barcode=barcode15 barcode_alias=barcode15 parent_read_id=0cd090bc-fb26-4f6c-8713-13bcfff224a4 basecall_model_version_id=dna_r10.4.1_e8.2_400bps_hac@v4.3.0
0	4fdfa042-2d1d-4b32-b363-099424cb6b27 runid=0dfb5b492dc86ce99bf7c61c734eb364afcdb5c8 ch=23 start_time=2025-09-25T18:21:41.398161+00:00 flow_cell_id=AWX817 basecall_gpu=NVIDIA_Tegra_X2 protocol_group_id=ONT_trialEb_250925 sample_id=ONT_trail_250925 barcode=barcode23 barcode_alias=barcode23 parent_read_id=4fdfa042-2d1d-4b32-b363-099424cb6b27 basecall_model_version_id=dna_r10.4.1_e8.2_400bps_hac@v4.3.0
0	c1755ea6-84b9-4db9-ac85-cc79b12a19ae runid=0dfb5b492dc86ce99bf7c61c734eb364afcdb5c8 ch=44 start_time=2025-09-25T16:54:20.398161+00:00 flow_cell_id=AWX817 basecall_gpu=NVIDIA_Tegra_X2 protocol_group_id=ONT_trialEb_250925 sample_id=ONT_trail_250925 barcode=barcode23 barcode_alias=barcode23 parent_read_id=c1755ea6-84b9-4db9-ac85-cc79b12a19ae basecall_model_version_id=dna_r10.4.1_e8.2_400bps_hac@v4.3.0 rc
0	c39eccdd-4ac9-4087-b1f3-9ead03a202d6 runid=0dfb5b492dc86ce99bf7c61c734eb364afcdb5c8 ch=58 start_time=2025-09-25T22:04:34.398161+00:00 flow_cell_id=AWX817 basecall_gpu=NVIDIA_Tegra_X2 protocol_group_id=ONT_trialEb_250925 sample_id=ONT_trail_250925 barcode=barcode24 barcode_alias=barcode24 parent_read_id=c39eccdd-4ac9-4087-b1f3-9ead03a202d6 basecall_model_version_id=dna_r10.4.1_e8.2_400bps_hac@v4.3.0 rc
0	f7828add-e803-4d89-9a85-a7e9f314eb69 runid=0dfb5b492dc86ce99bf7c61c734eb364afcdb5c8 ch=41 start_time=2025-09-25T23:33:33.398161+00:00 flow_cell_id=AWX817 basecall_gpu=NVIDIA_Tegra_X2 protocol_group_id=ONT_trialEb_250925 sample_id=ONT_trail_250925 barcode=barcode23 barcode_alias=barcode23 parent_read_id=f7828add-e803-4d89-9a85-a7e9f314eb69 basecall_model_version_id=dna_r10.4.1_e8.2_400bps_hac@v4.3.0 rc
0	5bbcd537-db19-4699-b4dc-04d8dd5734ce runid=0dfb5b492dc86ce99bf7c61c734eb364afcdb5c8 ch=15 start_time=2025-09-25T19:47:46.398161+00:00 flow_cell_id=AWX817 basecall_gpu=NVIDIA_Tegra_X2 protocol_group_id=ONT_trialEb_250925 sample_id=ONT_trail_250925 barcode=barcode15 barcode_alias=barcode15 parent_read_id=5bbcd537-db19-4699-b4dc-04d8dd5734ce basecall_model_version_id=dna_r10.4.1_e8.2_400bps_hac@v4.3.0 rc
0	bcfe7dd3-ae94-4b6d-a39e-0cf86848d466 runid=0dfb5b492dc86ce99bf7c61c734eb364afcdb5c8 ch=43 start_time=2025-09-25T20:22:30.398161+00:00 flow_cell_id=AWX817 basecall_gpu=NVIDIA_Tegra_X2 protocol_group_id=ONT_trialEb_250925 sample_id=ONT_trail_250925 barcode=barcode23 barcode_alias=barcode23 parent_read_id=bcfe7dd3-ae94-4b6d-a39e-0cf86848d466 basecall_model_version_id=dna_r10.4.1_e8.2_400bps_hac@v4.3.0 rc
0	cdbb73e5-f85d-4ad5-8be6-91ae23caceb3 runid=0dfb5b492dc86ce99bf7c61c734eb364afcdb5c8 ch=4 start_time=2025-09-25T17:41:42.398161+00:00 flow_cell_id=AWX817 basecall_gpu=NVIDIA_Tegra_X2 protocol_group_id=ONT_trialEb_250925 sample_id=ONT_trail_250925 barcode=barcode22 barcode_alias=barcode22 parent_read_id=cdbb73e5-f85d-4ad5-8be6-91ae23caceb3 basecall_model_version_id=dna_r10.4.1_e8.2_400bps_hac@v4.3.0 rc
0	cdbb73e5-f85d-4ad5-8be6-91ae23caceb3 runid=0dfb5b492dc86ce99bf7c61c734eb364afcdb5c8 ch=4 start_time=2025-09-25T17:41:42.398161+00:00 flow_cell_id=AWX817 basecall_gpu=NVIDIA_Tegra_X2 protocol_group_id=ONT_trialEb_250925 sample_id=ONT_trail_250925 barcode=barcode22 barcode_alias=barcode22 parent_read_id=cdbb73e5-f85d-4ad5-8be6-91ae23caceb3 basecall_model_version_id=dna_r10.4.1_e8.2_400bps_hac@v4.3.0 rc
0	f69cf30b-9442-40ec-a5b7-202fdbd82774 runid=0dfb5b492dc86ce99bf7c61c734eb364afcdb5c8 ch=110 start_time=2025-09-25T16:21:20.398161+00:00 flow_cell_id=AWX817 basecall_gpu=NVIDIA_Tegra_X2 protocol_group_id=ONT_trialEb_250925 sample_id=ONT_trail_250925 barcode=barcode23 barcode_alias=barcode23 parent_read_id=f69cf30b-9442-40ec-a5b7-202fdbd82774 basecall_model_version_id=dna_r10.4.1_e8.2_400bps_hac@v4.3.0 rc
0	5fa7034a-84c2-4108-9af4-e787f42b20e5 runid=0dfb5b492dc86ce99bf7c61c734eb364afcdb5c8 ch=44 start_time=2025-09-25T21:02:19.398161+00:00 flow_cell_id=AWX817 basecall_gpu=NVIDIA_Tegra_X2 protocol_group_id=ONT_trialEb_250925 sample_id=ONT_trail_250925 barcode=barcode22 barcode_alias=barcode22 parent_read_id=5fa7034a-84c2-4108-9af4-e787f42b20e5 basecall_model_version_id=dna_r10.4.1_e8.2_400bps_hac@v4.3.0
0	5fa7034a-84c2-4108-9af4-e787f42b20e5 runid=0dfb5b492dc86ce99bf7c61c734eb364afcdb5c8 ch=44 start_time=2025-09-25T21:02:19.398161+00:00 flow_cell_id=AWX817 basecall_gpu=NVIDIA_Tegra_X2 protocol_group_id=ONT_trialEb_250925 sample_id=ONT_trail_250925 barcode=barcode22 barcode_alias=barcode22 parent_read_id=5fa7034a-84c2-4108-9af4-e787f42b20e5 basecall_model_version_id=dna_r10.4.1_e8.2_400bps_hac@v4.3.0
0	a19948cd-73d7-485c-a30d-bda64b8fd3e7 runid=0dfb5b492dc86ce99bf7c61c734eb364afcdb5c8 ch=106 start_time=2025-09-25T17:01:40.398161+00:00 flow_cell_id=AWX817 basecall_gpu=NVIDIA_Tegra_X2 protocol_group_id=ONT_trialEb_250925 sample_id=ONT_trail_250925 barcode=barcode14 barcode_alias=barcode14 parent_read_id=a19948cd-73d7-485c-a30d-bda64b8fd3e7 basecall_model_version_id=dna_r10.4.1_e8.2_400bps_hac@v4.3.0 rc
0	a19948cd-73d7-485c-a30d-bda64b8fd3e7 runid=0dfb5b492dc86ce99bf7c61c734eb364afcdb5c8 ch=106 start_time=2025-09-25T17:01:40.398161+00:00 flow_cell_id=AWX817 basecall_gpu=NVIDIA_Tegra_X2 protocol_group_id=ONT_trialEb_250925 sample_id=ONT_trail_250925 barcode=barcode14 barcode_alias=barcode14 parent_read_id=a19948cd-73d7-485c-a30d-bda64b8fd3e7 basecall_model_version_id=dna_r10.4.1_e8.2_400bps_hac@v4.3.0 rc
0	11e99ada-1184-471e-a9b5-63421437881a runid=0dfb5b492dc86ce99bf7c61c734eb364afcdb5c8 ch=108 start_time=2025-09-25T16:07:34.398161+00:00 flow_cell_id=AWX817 basecall_gpu=NVIDIA_Tegra_X2 protocol_group_id=ONT_trialEb_250925 sample_id=ONT_trail_250925 barcode=barcode13 barcode_alias=barcode13 parent_read_id=11e99ada-1184-471e-a9b5-63421437881a basecall_model_version_id=dna_r10.4.1_e8.2_400bps_hac@v4.3.0 rc
0	298738d4-7c0b-4548-b06c-83209e7af241 runid=0dfb5b492dc86ce99bf7c61c734eb364afcdb5c8 ch=20 start_time=2025-09-25T22:48:36.398161+00:00 flow_cell_id=AWX817 basecall_gpu=NVIDIA_Tegra_X2 protocol_group_id=ONT_trialEb_250925 sample_id=ONT_trail_250925 barcode=barcode22 barcode_alias=barcode22 parent_read_id=298738d4-7c0b-4548-b06c-83209e7af241 basecall_model_version_id=dna_r10.4.1_e8.2_400bps_hac@v4.3.0
0	298738d4-7c0b-4548-b06c-83209e7af241 runid=0dfb5b492dc86ce99bf7c61c734eb364afcdb5c8 ch=20 start_time=2025-09-25T22:48:36.398161+00:00 flow_cell_id=AWX817 basecall_gpu=NVIDIA_Tegra_X2 protocol_group_id=ONT_trialEb_250925 sample_id=ONT_trail_250925 barcode=barcode22 barcode_alias=barcode22 parent_read_id=298738d4-7c0b-4548-b06c-83209e7af241 basecall_model_version_id=dna_r10.4.1_e8.2_400bps_hac@v4.3.0
0	87a01108-af7b-48cb-bd41-cfcca8048c06 runid=0dfb5b492dc86ce99bf7c61c734eb364afcdb5c8 ch=20 start_time=2025-09-25T20:50:23.398161+00:00 flow_cell_id=AWX817 basecall_gpu=NVIDIA_Tegra_X2 protocol_group_id=ONT_trialEb_250925 sample_id=ONT_trail_250925 barcode=barcode23 barcode_alias=barcode23 parent_read_id=87a01108-af7b-48cb-bd41-cfcca8048c06 basecall_model_version_id=dna_r10.4.1_e8.2_400bps_hac@v4.3.0 rc
0	04899f58-c8c1-47aa-91e7-29737ffa96e4 runid=0dfb5b492dc86ce99bf7c61c734eb364afcdb5c8 ch=73 start_time=2025-09-25T21:41:16.398161+00:00 flow_cell_id=AWX817 basecall_gpu=NVIDIA_Tegra_X2 protocol_group_id=ONT_trialEb_250925 sample_id=ONT_trail_250925 barcode=barcode22 barcode_alias=barcode22 parent_read_id=04899f58-c8c1-47aa-91e7-29737ffa96e4 basecall_model_version_id=dna_r10.4.1_e8.2_400bps_hac@v4.3.0 rc
0	04899f58-c8c1-47aa-91e7-29737ffa96e4 runid=0dfb5b492dc86ce99bf7c61c734eb364afcdb5c8 ch=73 start_time=2025-09-25T21:41:16.398161+00:00 flow_cell_id=AWX817 basecall_gpu=NVIDIA_Tegra_X2 protocol_group_id=ONT_trialEb_250925 sample_id=ONT_trail_250925 barcode=barcode22 barcode_alias=barcode22 parent_read_id=04899f58-c8c1-47aa-91e7-29737ffa96e4 basecall_model_version_id=dna_r10.4.1_e8.2_400bps_hac@v4.3.0 rc
0	29c7cd3d-f38f-4901-83ea-9f886efb250c runid=0dfb5b492dc86ce99bf7c61c734eb364afcdb5c8 ch=110 start_time=2025-09-25T20:51:44.398161+00:00 flow_cell_id=AWX817 basecall_gpu=NVIDIA_Tegra_X2 protocol_group_id=ONT_trialEb_250925 sample_id=ONT_trail_250925 barcode=barcode15 barcode_alias=barcode15 parent_read_id=29c7cd3d-f38f-4901-83ea-9f886efb250c basecall_model_version_id=dna_r10.4.1_e8.2_400bps_hac@v4.3.0 rc
0	a5d47a52-e276-475a-a3ae-4f20a9f87308 runid=0dfb5b492dc86ce99bf7c61c734eb364afcdb5c8 ch=44 start_time=2025-09-26T01:44:48.398161+00:00 flow_cell_id=AWX817 basecall_gpu=NVIDIA_Tegra_X2 protocol_group_id=ONT_trialEb_250925 sample_id=ONT_trail_250925 barcode=barcode14 barcode_alias=barcode14 parent_read_id=a5d47a52-e276-475a-a3ae-4f20a9f87308 basecall_model_version_id=dna_r10.4.1_e8.2_400bps_hac@v4.3.0 rc
0	a5d47a52-e276-475a-a3ae-4f20a9f87308 runid=0dfb5b492dc86ce99bf7c61c734eb364afcdb5c8 ch=44 start_time=2025-09-26T01:44:48.398161+00:00 flow_cell_id=AWX817 basecall_gpu=NVIDIA_Tegra_X2 protocol_group_id=ONT_trialEb_250925 sample_id=ONT_trail_250925 barcode=barcode14 barcode_alias=barcode14 parent_read_id=a5d47a52-e276-475a-a3ae-4f20a9f87308 basecall_model_version_id=dna_r10.4.1_e8.2_400bps_hac@v4.3.0 rc
0	1a98ddfb-338a-45bc-aae2-92d2e97e28d7 runid=0dfb5b492dc86ce99bf7c61c734eb364afcdb5c8 ch=58 start_time=2025-09-25T22:04:29.398161+00:00 flow_cell_id=AWX817 basecall_gpu=NVIDIA_Tegra_X2 protocol_group_id=ONT_trialEb_250925 sample_id=ONT_trail_250925 barcode=barcode22 barcode_alias=barcode22 parent_read_id=1a98ddfb-338a-45bc-aae2-92d2e97e28d7 basecall_model_version_id=dna_r10.4.1_e8.2_400bps_hac@v4.3.0
0	1a98ddfb-338a-45bc-aae2-92d2e97e28d7 runid=0dfb5b492dc86ce99bf7c61c734eb364afcdb5c8 ch=58 start_time=2025-09-25T22:04:29.398161+00:00 flow_cell_id=AWX817 basecall_gpu=NVIDIA_Tegra_X2 protocol_group_id=ONT_trialEb_250925 sample_id=ONT_trail_250925 barcode=barcode22 barcode_alias=barcode22 parent_read_id=1a98ddfb-338a-45bc-aae2-92d2e97e28d7 basecall_model_version_id=dna_r10.4.1_e8.2_400bps_hac@v4.3.0
0	50d391c3-f9e5-4cb3-82a6-9b011e6455ad runid=0dfb5b492dc86ce99bf7c61c734eb364afcdb5c8 ch=93 start_time=2025-09-25T19:24:12.398161+00:00 flow_cell_id=AWX817 basecall_gpu=NVIDIA_Tegra_X2 protocol_group_id=ONT_trialEb_250925 sample_id=ONT_trail_250925 barcode=barcode15 barcode_alias=barcode15 parent_read_id=50d391c3-f9e5-4cb3-82a6-9b011e6455ad basecall_model_version_id=dna_r10.4.1_e8.2_400bps_hac@v4.3.0
0	dce18da0-0e54-450e-821f-d732d52645fd runid=0dfb5b492dc86ce99bf7c61c734eb364afcdb5c8 ch=56 start_time=2025-09-25T16:55:03.398161+00:00 flow_cell_id=AWX817 basecall_gpu=NVIDIA_Tegra_X2 protocol_group_id=ONT_trialEb_250925 sample_id=ONT_trail_250925 barcode=barcode23 barcode_alias=barcode23 parent_read_id=dce18da0-0e54-450e-821f-d732d52645fd basecall_model_version_id=dna_r10.4.1_e8.2_400bps_hac@v4.3.0 rc
0	d50aed72-7a2f-4899-a4aa-a81a05c231d2 runid=0dfb5b492dc86ce99bf7c61c734eb364afcdb5c8 ch=44 start_time=2025-09-26T00:04:12.398161+00:00 flow_cell_id=AWX817 basecall_gpu=NVIDIA_Tegra_X2 protocol_group_id=ONT_trialEb_250925 sample_id=ONT_trail_250925 barcode=barcode23 barcode_alias=barcode23 parent_read_id=d50aed72-7a2f-4899-a4aa-a81a05c231d2 basecall_model_version_id=dna_r10.4.1_e8.2_400bps_hac@v4.3.0 rc
0	350054f3-e881-4fdf-b367-d9719a1f9ff9 runid=0dfb5b492dc86ce99bf7c61c734eb364afcdb5c8 ch=20 start_time=2025-09-25T17:55:02.398161+00:00 flow_cell_id=AWX817 basecall_gpu=NVIDIA_Tegra_X2 protocol_group_id=ONT_trialEb_250925 sample_id=ONT_trail_250925 barcode=barcode15 barcode_alias=barcode15 parent_read_id=350054f3-e881-4fdf-b367-d9719a1f9ff9 basecall_model_version_id=dna_r10.4.1_e8.2_400bps_hac@v4.3.0 rc
0	58f34c3d-738b-4908-88ab-ea6bc8e2df1c runid=0dfb5b492dc86ce99bf7c61c734eb364afcdb5c8 ch=44 start_time=2025-09-25T20:32:01.398161+00:00 flow_cell_id=AWX817 basecall_gpu=NVIDIA_Tegra_X2 protocol_group_id=ONT_trialEb_250925 sample_id=ONT_trail_250925 barcode=barcode15 barcode_alias=barcode15 parent_read_id=58f34c3d-738b-4908-88ab-ea6bc8e2df1c basecall_model_version_id=dna_r10.4.1_e8.2_400bps_hac@v4.3.0
0	012372fa-c649-4206-8297-072ac654b7a1 runid=0dfb5b492dc86ce99bf7c61c734eb364afcdb5c8 ch=56 start_time=2025-09-25T16:41:58.398161+00:00 flow_cell_id=AWX817 basecall_gpu=NVIDIA_Tegra_X2 protocol_group_id=ONT_trialEb_250925 sample_id=ONT_trail_250925 barcode=barcode22 barcode_alias=barcode22 parent_read_id=012372fa-c649-4206-8297-072ac654b7a1 basecall_model_version_id=dna_r10.4.1_e8.2_400bps_hac@v4.3.0 rc
0	012372fa-c649-4206-8297-072ac654b7a1 runid=0dfb5b492dc86ce99bf7c61c734eb364afcdb5c8 ch=56 start_time=2025-09-25T16:41:58.398161+00:00 flow_cell_id=AWX817 basecall_gpu=NVIDIA_Tegra_X2 protocol_group_id=ONT_trialEb_250925 sample_id=ONT_trail_250925 barcode=barcode22 barcode_alias=barcode22 parent_read_id=012372fa-c649-4206-8297-072ac654b7a1 basecall_model_version_id=dna_r10.4.1_e8.2_400bps_hac@v4.3.0 rc
0	09fb3ae2-95f6-4b7d-9db0-e7db201244f0 runid=0dfb5b492dc86ce99bf7c61c734eb364afcdb5c8 ch=44 start_time=2025-09-26T03:06:30.398161+00:00 flow_cell_id=AWX817 basecall_gpu=NVIDIA_Tegra_X2 protocol_group_id=ONT_trialEb_250925 sample_id=ONT_trail_250925 barcode=barcode23 barcode_alias=barcode23 parent_read_id=09fb3ae2-95f6-4b7d-9db0-e7db201244f0 basecall_model_version_id=dna_r10.4.1_e8.2_400bps_hac@v4.3.0 rc
0	c8c20f81-b025-4f90-93d9-21905faaf602 runid=0dfb5b492dc86ce99bf7c61c734eb364afcdb5c8 ch=49 start_time=2025-09-25T18:32:47.398161+00:00 flow_cell_id=AWX817 basecall_gpu=NVIDIA_Tegra_X2 protocol_group_id=ONT_trialEb_250925 sample_id=ONT_trail_250925 barcode=barcode15 barcode_alias=barcode15 parent_read_id=c8c20f81-b025-4f90-93d9-21905faaf602 basecall_model_version_id=dna_r10.4.1_e8.2_400bps_hac@v4.3.0 rc
0	20c07945-6504-47a3-ac60-ff0d1d4a2771 runid=0dfb5b492dc86ce99bf7c61c734eb364afcdb5c8 ch=49 start_time=2025-09-25T18:02:49.398161+00:00 flow_cell_id=AWX817 basecall_gpu=NVIDIA_Tegra_X2 protocol_group_id=ONT_trialEb_250925 sample_id=ONT_trail_250925 barcode=barcode24 barcode_alias=barcode24 parent_read_id=20c07945-6504-47a3-ac60-ff0d1d4a2771 basecall_model_version_id=dna_r10.4.1_e8.2_400bps_hac@v4.3.0
0	664de25f-d40c-4abd-b5be-89bac6f15161 runid=0dfb5b492dc86ce99bf7c61c734eb364afcdb5c8 ch=85 start_time=2025-09-25T20:54:42.398161+00:00 flow_cell_id=AWX817 basecall_gpu=NVIDIA_Tegra_X2 protocol_group_id=ONT_trialEb_250925 sample_id=ONT_trail_250925 barcode=barcode22 barcode_alias=barcode22 parent_read_id=664de25f-d40c-4abd-b5be-89bac6f15161 basecall_model_version_id=dna_r10.4.1_e8.2_400bps_hac@v4.3.0
0	664de25f-d40c-4abd-b5be-89bac6f15161 runid=0dfb5b492dc86ce99bf7c61c734eb364afcdb5c8 ch=85 start_time=2025-09-25T20:54:42.398161+00:00 flow_cell_id=AWX817 basecall_gpu=NVIDIA_Tegra_X2 protocol_group_id=ONT_trialEb_250925 sample_id=ONT_trail_250925 barcode=barcode22 barcode_alias=barcode22 parent_read_id=664de25f-d40c-4abd-b5be-89bac6f15161 basecall_model_version_id=dna_r10.4.1_e8.2_400bps_hac@v4.3.0
0	75fcd307-e557-4898-803a-2f3fe94c60fe runid=0dfb5b492dc86ce99bf7c61c734eb364afcdb5c8 ch=15 start_time=2025-09-25T19:32:26.398161+00:00 flow_cell_id=AWX817 basecall_gpu=NVIDIA_Tegra_X2 protocol_group_id=ONT_trialEb_250925 sample_id=ONT_trail_250925 barcode=barcode22 barcode_alias=barcode22 parent_read_id=75fcd307-e557-4898-803a-2f3fe94c60fe basecall_model_version_id=dna_r10.4.1_e8.2_400bps_hac@v4.3.0 rc
0	75fcd307-e557-4898-803a-2f3fe94c60fe runid=0dfb5b492dc86ce99bf7c61c734eb364afcdb5c8 ch=15 start_time=2025-09-25T19:32:26.398161+00:00 flow_cell_id=AWX817 basecall_gpu=NVIDIA_Tegra_X2 protocol_group_id=ONT_trialEb_250925 sample_id=ONT_trail_250925 barcode=barcode22 barcode_alias=barcode22 parent_read_id=75fcd307-e557-4898-803a-2f3fe94c60fe basecall_model_version_id=dna_r10.4.1_e8.2_400bps_hac@v4.3.0 rc
0	fca2b978-45bd-4fe8-80b1-0fa1e212b169 runid=0dfb5b492dc86ce99bf7c61c734eb364afcdb5c8 ch=4 start_time=2025-09-25T21:12:17.398161+00:00 flow_cell_id=AWX817 basecall_gpu=NVIDIA_Tegra_X2 protocol_group_id=ONT_trialEb_250925 sample_id=ONT_trail_250925 barcode=barcode23 barcode_alias=barcode23 parent_read_id=fca2b978-45bd-4fe8-80b1-0fa1e212b169 basecall_model_version_id=dna_r10.4.1_e8.2_400bps_hac@v4.3.0 rc
0	12c46c11-4c28-4b2a-b829-6a8777317f02 runid=0dfb5b492dc86ce99bf7c61c734eb364afcdb5c8 ch=44 start_time=2025-09-25T21:45:10.398161+00:00 flow_cell_id=AWX817 basecall_gpu=NVIDIA_Tegra_X2 protocol_group_id=ONT_trialEb_250925 sample_id=ONT_trail_250925 barcode=barcode14 barcode_alias=barcode14 parent_read_id=12c46c11-4c28-4b2a-b829-6a8777317f02 basecall_model_version_id=dna_r10.4.1_e8.2_400bps_hac@v4.3.0
0	12c46c11-4c28-4b2a-b829-6a8777317f02 runid=0dfb5b492dc86ce99bf7c61c734eb364afcdb5c8 ch=44 start_time=2025-09-25T21:45:10.398161+00:00 flow_cell_id=AWX817 basecall_gpu=NVIDIA_Tegra_X2 protocol_group_id=ONT_trialEb_250925 sample_id=ONT_trail_250925 barcode=barcode14 barcode_alias=barcode14 parent_read_id=12c46c11-4c28-4b2a-b829-6a8777317f02 basecall_model_version_id=dna_r10.4.1_e8.2_400bps_hac@v4.3.0
0	1d1b685d-bcf4-4a8b-94bf-7cbe2e0cc253 runid=0dfb5b492dc86ce99bf7c61c734eb364afcdb5c8 ch=80 start_time=2025-09-25T19:27:02.398161+00:00 flow_cell_id=AWX817 basecall_gpu=NVIDIA_Tegra_X2 protocol_group_id=ONT_trialEb_250925 sample_id=ONT_trail_250925 barcode=barcode15 barcode_alias=barcode15 parent_read_id=1d1b685d-bcf4-4a8b-94bf-7cbe2e0cc253 basecall_model_version_id=dna_r10.4.1_e8.2_400bps_hac@v4.3.0 rc
0	a6dff700-4f3a-4f7b-897d-88cf8d60fbbc runid=0dfb5b492dc86ce99bf7c61c734eb364afcdb5c8 ch=39 start_time=2025-09-25T21:34:30.398161+00:00 flow_cell_id=AWX817 basecall_gpu=NVIDIA_Tegra_X2 protocol_group_id=ONT_trialEb_250925 sample_id=ONT_trail_250925 barcode=barcode23 barcode_alias=barcode23 parent_read_id=a6dff700-4f3a-4f7b-897d-88cf8d60fbbc basecall_model_version_id=dna_r10.4.1_e8.2_400bps_hac@v4.3.0 rc
0	fc5772ee-7173-4ddb-bf07-5004a37f2627 runid=0dfb5b492dc86ce99bf7c61c734eb364afcdb5c8 ch=20 start_time=2025-09-25T22:48:39.398161+00:00 flow_cell_id=AWX817 basecall_gpu=NVIDIA_Tegra_X2 protocol_group_id=ONT_trialEb_250925 sample_id=ONT_trail_250925 barcode=barcode23 barcode_alias=barcode23 parent_read_id=fc5772ee-7173-4ddb-bf07-5004a37f2627 basecall_model_version_id=dna_r10.4.1_e8.2_400bps_hac@v4.3.0
0	42d420c4-78f2-4590-865e-da05c650290b runid=0dfb5b492dc86ce99bf7c61c734eb364afcdb5c8 ch=10 start_time=2025-09-26T01:11:47.398161+00:00 flow_cell_id=AWX817 basecall_gpu=NVIDIA_Tegra_X2 protocol_group_id=ONT_trialEb_250925 sample_id=ONT_trail_250925 barcode=barcode23 barcode_alias=barcode23 parent_read_id=42d420c4-78f2-4590-865e-da05c650290b basecall_model_version_id=dna_r10.4.1_e8.2_400bps_hac@v4.3.0 rc
0	96a48011-a2ed-452c-80a9-3eb1041db034 runid=0dfb5b492dc86ce99bf7c61c734eb364afcdb5c8 ch=20 start_time=2025-09-25T22:01:24.398161+00:00 flow_cell_id=AWX817 basecall_gpu=NVIDIA_Tegra_X2 protocol_group_id=ONT_trialEb_250925 sample_id=ONT_trail_250925 barcode=barcode22 barcode_alias=barcode22 parent_read_id=96a48011-a2ed-452c-80a9-3eb1041db034 basecall_model_version_id=dna_r10.4.1_e8.2_400bps_hac@v4.3.0 rc
0	96a48011-a2ed-452c-80a9-3eb1041db034 runid=0dfb5b492dc86ce99bf7c61c734eb364afcdb5c8 ch=20 start_time=2025-09-25T22:01:24.398161+00:00 flow_cell_id=AWX817 basecall_gpu=NVIDIA_Tegra_X2 protocol_group_id=ONT_trialEb_250925 sample_id=ONT_trail_250925 barcode=barcode22 barcode_alias=barcode22 parent_read_id=96a48011-a2ed-452c-80a9-3eb1041db034 basecall_model_version_id=dna_r10.4.1_e8.2_400bps_hac@v4.3.0 rc
0	d4ec5741-e1a0-42c2-aa2a-65227c60e6e4 runid=0dfb5b492dc86ce99bf7c61c734eb364afcdb5c8 ch=39 start_time=2025-09-26T02:10:51.398161+00:00 flow_cell_id=AWX817 basecall_gpu=NVIDIA_Tegra_X2 protocol_group_id=ONT_trialEb_250925 sample_id=ONT_trail_250925 barcode=barcode24 barcode_alias=barcode24 parent_read_id=d4ec5741-e1a0-42c2-aa2a-65227c60e6e4 basecall_model_version_id=dna_r10.4.1_e8.2_400bps_hac@v4.3.0 rc
0	1d27ddb9-8bf7-4601-83e2-c64962ecf5e4 runid=0dfb5b492dc86ce99bf7c61c734eb364afcdb5c8 ch=4 start_time=2025-09-25T21:41:22.398161+00:00 flow_cell_id=AWX817 basecall_gpu=NVIDIA_Tegra_X2 protocol_group_id=ONT_trialEb_250925 sample_id=ONT_trail_250925 barcode=barcode22 barcode_alias=barcode22 parent_read_id=8f8e8fed-f8aa-4a40-af85-c74f052abec3 basecall_model_version_id=dna_r10.4.1_e8.2_400bps_hac@v4.3.0 rc
0	1d27ddb9-8bf7-4601-83e2-c64962ecf5e4 runid=0dfb5b492dc86ce99bf7c61c734eb364afcdb5c8 ch=4 start_time=2025-09-25T21:41:22.398161+00:00 flow_cell_id=AWX817 basecall_gpu=NVIDIA_Tegra_X2 protocol_group_id=ONT_trialEb_250925 sample_id=ONT_trail_250925 barcode=barcode22 barcode_alias=barcode22 parent_read_id=8f8e8fed-f8aa-4a40-af85-c74f052abec3 basecall_model_version_id=dna_r10.4.1_e8.2_400bps_hac@v4.3.0 rc
0	4722e180-14e7-4aff-bf47-b3a8087423bc runid=0dfb5b492dc86ce99bf7c61c734eb364afcdb5c8 ch=4 start_time=2025-09-25T15:51:17.398161+00:00 flow_cell_id=AWX817 basecall_gpu=NVIDIA_Tegra_X2 protocol_group_id=ONT_trialEb_250925 sample_id=ONT_trail_250925 barcode=barcode24 barcode_alias=barcode24 parent_read_id=4722e180-14e7-4aff-bf47-b3a8087423bc basecall_model_version_id=dna_r10.4.1_e8.2_400bps_hac@v4.3.0 rc
0	701ecdc7-afe0-4321-aead-7cfbb153c50c runid=0dfb5b492dc86ce99bf7c61c734eb364afcdb5c8 ch=44 start_time=2025-09-26T05:41:35.398161+00:00 flow_cell_id=AWX817 basecall_gpu=NVIDIA_Tegra_X2 protocol_group_id=ONT_trialEb_250925 sample_id=ONT_trail_250925 barcode=barcode23 barcode_alias=barcode23 parent_read_id=701ecdc7-afe0-4321-aead-7cfbb153c50c basecall_model_version_id=dna_r10.4.1_e8.2_400bps_hac@v4.3.0 rc
0	41c0b2e9-4a37-49ce-83de-e0e7b541a734 runid=0dfb5b492dc86ce99bf7c61c734eb364afcdb5c8 ch=44 start_time=2025-09-26T00:00:14.398161+00:00 flow_cell_id=AWX817 basecall_gpu=NVIDIA_Tegra_X2 protocol_group_id=ONT_trialEb_250925 sample_id=ONT_trail_250925 barcode=barcode15 barcode_alias=barcode15 parent_read_id=41c0b2e9-4a37-49ce-83de-e0e7b541a734 basecall_model_version_id=dna_r10.4.1_e8.2_400bps_hac@v4.3.0 rc
0	5eca4e7e-21da-4964-823e-d3bdfbb44ce3 runid=0dfb5b492dc86ce99bf7c61c734eb364afcdb5c8 ch=20 start_time=2025-09-25T21:36:42.398161+00:00 flow_cell_id=AWX817 basecall_gpu=NVIDIA_Tegra_X2 protocol_group_id=ONT_trialEb_250925 sample_id=ONT_trail_250925 barcode=barcode24 barcode_alias=barcode24 parent_read_id=5eca4e7e-21da-4964-823e-d3bdfbb44ce3 basecall_model_version_id=dna_r10.4.1_e8.2_400bps_hac@v4.3.0 rc
0	5d25b8da-f07b-4a41-97d2-dc748a8a4672 runid=0dfb5b492dc86ce99bf7c61c734eb364afcdb5c8 ch=58 start_time=2025-09-25T22:06:42.398161+00:00 flow_cell_id=AWX817 basecall_gpu=NVIDIA_Tegra_X2 protocol_group_id=ONT_trialEb_250925 sample_id=ONT_trail_250925 barcode=barcode24 barcode_alias=barcode24 parent_read_id=5d25b8da-f07b-4a41-97d2-dc748a8a4672 basecall_model_version_id=dna_r10.4.1_e8.2_400bps_hac@v4.3.0 rc
0	f83c9bad-fae2-4b3e-9ea8-9acb86b6321a runid=0dfb5b492dc86ce99bf7c61c734eb364afcdb5c8 ch=43 start_time=2025-09-25T20:49:28.398161+00:00 flow_cell_id=AWX817 basecall_gpu=NVIDIA_Tegra_X2 protocol_group_id=ONT_trialEb_250925 sample_id=ONT_trail_250925 barcode=barcode24 barcode_alias=barcode24 parent_read_id=f83c9bad-fae2-4b3e-9ea8-9acb86b6321a basecall_model_version_id=dna_r10.4.1_e8.2_400bps_hac@v4.3.0
0	6dc1ce31-e186-4415-9ace-788467b42008 runid=0dfb5b492dc86ce99bf7c61c734eb364afcdb5c8 ch=80 start_time=2025-09-25T19:28:45.398161+00:00 flow_cell_id=AWX817 basecall_gpu=NVIDIA_Tegra_X2 protocol_group_id=ONT_trialEb_250925 sample_id=ONT_trail_250925 barcode=barcode15 barcode_alias=barcode15 parent_read_id=6dc1ce31-e186-4415-9ace-788467b42008 basecall_model_version_id=dna_r10.4.1_e8.2_400bps_hac@v4.3.0 rc
0	229b878e-327a-408b-9852-7577081a4989 runid=0dfb5b492dc86ce99bf7c61c734eb364afcdb5c8 ch=23 start_time=2025-09-25T19:48:45.398161+00:00 flow_cell_id=AWX817 basecall_gpu=NVIDIA_Tegra_X2 protocol_group_id=ONT_trialEb_250925 sample_id=ONT_trail_250925 barcode=barcode24 barcode_alias=barcode24 parent_read_id=229b878e-327a-408b-9852-7577081a4989 basecall_model_version_id=dna_r10.4.1_e8.2_400bps_hac@v4.3.0
0	16d46a4a-6a19-4c15-9e98-83ff7d34d7df runid=0dfb5b492dc86ce99bf7c61c734eb364afcdb5c8 ch=57 start_time=2025-09-25T17:50:37.398161+00:00 flow_cell_id=AWX817 basecall_gpu=NVIDIA_Tegra_X2 protocol_group_id=ONT_trialEb_250925 sample_id=ONT_trail_250925 barcode=barcode22 barcode_alias=barcode22 parent_read_id=16d46a4a-6a19-4c15-9e98-83ff7d34d7df basecall_model_version_id=dna_r10.4.1_e8.2_400bps_hac@v4.3.0 rc
0	16d46a4a-6a19-4c15-9e98-83ff7d34d7df runid=0dfb5b492dc86ce99bf7c61c734eb364afcdb5c8 ch=57 start_time=2025-09-25T17:50:37.398161+00:00 flow_cell_id=AWX817 basecall_gpu=NVIDIA_Tegra_X2 protocol_group_id=ONT_trialEb_250925 sample_id=ONT_trail_250925 barcode=barcode22 barcode_alias=barcode22 parent_read_id=16d46a4a-6a19-4c15-9e98-83ff7d34d7df basecall_model_version_id=dna_r10.4.1_e8.2_400bps_hac@v4.3.0 rc
0	b858fc33-3156-4a95-aaef-89570b0072b1 runid=0dfb5b492dc86ce99bf7c61c734eb364afcdb5c8 ch=41 start_time=2025-09-25T19:34:39.398161+00:00 flow_cell_id=AWX817 basecall_gpu=NVIDIA_Tegra_X2 protocol_group_id=ONT_trialEb_250925 sample_id=ONT_trail_250925 barcode=barcode22 barcode_alias=barcode22 parent_read_id=b858fc33-3156-4a95-aaef-89570b0072b1 basecall_model_version_id=dna_r10.4.1_e8.2_400bps_hac@v4.3.0 rc
0	b858fc33-3156-4a95-aaef-89570b0072b1 runid=0dfb5b492dc86ce99bf7c61c734eb364afcdb5c8 ch=41 start_time=2025-09-25T19:34:39.398161+00:00 flow_cell_id=AWX817 basecall_gpu=NVIDIA_Tegra_X2 protocol_group_id=ONT_trialEb_250925 sample_id=ONT_trail_250925 barcode=barcode22 barcode_alias=barcode22 parent_read_id=b858fc33-3156-4a95-aaef-89570b0072b1 basecall_model_version_id=dna_r10.4.1_e8.2_400bps_hac@v4.3.0 rc
0	e958b33f-52cd-4bd9-89ad-42594bdd0989 runid=0dfb5b492dc86ce99bf7c61c734eb364afcdb5c8 ch=4 start_time=2025-09-26T02:50:24.398161+00:00 flow_cell_id=AWX817 basecall_gpu=NVIDIA_Tegra_X2 protocol_group_id=ONT_trialEb_250925 sample_id=ONT_trail_250925 barcode=barcode22 barcode_alias=barcode22 parent_read_id=e958b33f-52cd-4bd9-89ad-42594bdd0989 basecall_model_version_id=dna_r10.4.1_e8.2_400bps_hac@v4.3.0 rc
0	e958b33f-52cd-4bd9-89ad-42594bdd0989 runid=0dfb5b492dc86ce99bf7c61c734eb364afcdb5c8 ch=4 start_time=2025-09-26T02:50:24.398161+00:00 flow_cell_id=AWX817 basecall_gpu=NVIDIA_Tegra_X2 protocol_group_id=ONT_trialEb_250925 sample_id=ONT_trail_250925 barcode=barcode22 barcode_alias=barcode22 parent_read_id=e958b33f-52cd-4bd9-89ad-42594bdd0989 basecall_model_version_id=dna_r10.4.1_e8.2_400bps_hac@v4.3.0 rc
0	35b4568e-6d97-411e-8260-80cf3fff3b62 runid=0dfb5b492dc86ce99bf7c61c734eb364afcdb5c8 ch=91 start_time=2025-09-25T18:43:12.398161+00:00 flow_cell_id=AWX817 basecall_gpu=NVIDIA_Tegra_X2 protocol_group_id=ONT_trialEb_250925 sample_id=ONT_trail_250925 barcode=barcode15 barcode_alias=barcode15 parent_read_id=35b4568e-6d97-411e-8260-80cf3fff3b62 basecall_model_version_id=dna_r10.4.1_e8.2_400bps_hac@v4.3.0 rc
0	81c43bbc-4ae2-4803-a88f-25f3fc08b1e1 runid=0dfb5b492dc86ce99bf7c61c734eb364afcdb5c8 ch=79 start_time=2025-09-25T18:35:12.398161+00:00 flow_cell_id=AWX817 basecall_gpu=NVIDIA_Tegra_X2 protocol_group_id=ONT_trialEb_250925 sample_id=ONT_trail_250925 barcode=barcode23 barcode_alias=barcode23 parent_read_id=81c43bbc-4ae2-4803-a88f-25f3fc08b1e1 basecall_model_version_id=dna_r10.4.1_e8.2_400bps_hac@v4.3.0 rc
0	82527afd-f43c-45e1-8cdf-281ea67248cf runid=0dfb5b492dc86ce99bf7c61c734eb364afcdb5c8 ch=4 start_time=2025-09-25T19:59:48.398161+00:00 flow_cell_id=AWX817 basecall_gpu=NVIDIA_Tegra_X2 protocol_group_id=ONT_trialEb_250925 sample_id=ONT_trail_250925 barcode=barcode22 barcode_alias=barcode22 parent_read_id=82527afd-f43c-45e1-8cdf-281ea67248cf basecall_model_version_id=dna_r10.4.1_e8.2_400bps_hac@v4.3.0
0	82527afd-f43c-45e1-8cdf-281ea67248cf runid=0dfb5b492dc86ce99bf7c61c734eb364afcdb5c8 ch=4 start_time=2025-09-25T19:59:48.398161+00:00 flow_cell_id=AWX817 basecall_gpu=NVIDIA_Tegra_X2 protocol_group_id=ONT_trialEb_250925 sample_id=ONT_trail_250925 barcode=barcode22 barcode_alias=barcode22 parent_read_id=82527afd-f43c-45e1-8cdf-281ea67248cf basecall_model_version_id=dna_r10.4.1_e8.2_400bps_hac@v4.3.0
0	8b5bf410-7795-4f73-aa17-80c35bc97e8e runid=0dfb5b492dc86ce99bf7c61c734eb364afcdb5c8 ch=110 start_time=2025-09-25T17:52:17.398161+00:00 flow_cell_id=AWX817 basecall_gpu=NVIDIA_Tegra_X2 protocol_group_id=ONT_trialEb_250925 sample_id=ONT_trail_250925 barcode=barcode22 barcode_alias=barcode22 parent_read_id=8b5bf410-7795-4f73-aa17-80c35bc97e8e basecall_model_version_id=dna_r10.4.1_e8.2_400bps_hac@v4.3.0
0	8b5bf410-7795-4f73-aa17-80c35bc97e8e runid=0dfb5b492dc86ce99bf7c61c734eb364afcdb5c8 ch=110 start_time=2025-09-25T17:52:17.398161+00:00 flow_cell_id=AWX817 basecall_gpu=NVIDIA_Tegra_X2 protocol_group_id=ONT_trialEb_250925 sample_id=ONT_trail_250925 barcode=barcode22 barcode_alias=barcode22 parent_read_id=8b5bf410-7795-4f73-aa17-80c35bc97e8e basecall_model_version_id=dna_r10.4.1_e8.2_400bps_hac@v4.3.0
0	955b9001-0a4e-4623-9021-bb502a25c0e8 runid=0dfb5b492dc86ce99bf7c61c734eb364afcdb5c8 ch=4 start_time=2025-09-26T01:42:04.398161+00:00 flow_cell_id=AWX817 basecall_gpu=NVIDIA_Tegra_X2 protocol_group_id=ONT_trialEb_250925 sample_id=ONT_trail_250925 barcode=barcode22 barcode_alias=barcode22 parent_read_id=955b9001-0a4e-4623-9021-bb502a25c0e8 basecall_model_version_id=dna_r10.4.1_e8.2_400bps_hac@v4.3.0 rc
0	955b9001-0a4e-4623-9021-bb502a25c0e8 runid=0dfb5b492dc86ce99bf7c61c734eb364afcdb5c8 ch=4 start_time=2025-09-26T01:42:04.398161+00:00 flow_cell_id=AWX817 basecall_gpu=NVIDIA_Tegra_X2 protocol_group_id=ONT_trialEb_250925 sample_id=ONT_trail_250925 barcode=barcode22 barcode_alias=barcode22 parent_read_id=955b9001-0a4e-4623-9021-bb502a25c0e8 basecall_model_version_id=dna_r10.4.1_e8.2_400bps_hac@v4.3.0 rc
0	1b769290-cfc0-43a5-92b1-5bdc2797fc17 runid=0dfb5b492dc86ce99bf7c61c734eb364afcdb5c8 ch=4 start_time=2025-09-26T01:40:23.398161+00:00 flow_cell_id=AWX817 basecall_gpu=NVIDIA_Tegra_X2 protocol_group_id=ONT_trialEb_250925 sample_id=ONT_trail_250925 barcode=barcode24 barcode_alias=barcode24 parent_read_id=1b769290-cfc0-43a5-92b1-5bdc2797fc17 basecall_model_version_id=dna_r10.4.1_e8.2_400bps_hac@v4.3.0 rc
0	9a8d25f1-c1d3-49d1-afe2-c30825878fed runid=0dfb5b492dc86ce99bf7c61c734eb364afcdb5c8 ch=49 start_time=2025-09-26T10:07:08.398161+00:00 flow_cell_id=AWX817 basecall_gpu=NVIDIA_Tegra_X2 protocol_group_id=ONT_trialEb_250925 sample_id=ONT_trail_250925 barcode=barcode14 barcode_alias=barcode14 parent_read_id=9a8d25f1-c1d3-49d1-afe2-c30825878fed basecall_model_version_id=dna_r10.4.1_e8.2_400bps_hac@v4.3.0
0	9a8d25f1-c1d3-49d1-afe2-c30825878fed runid=0dfb5b492dc86ce99bf7c61c734eb364afcdb5c8 ch=49 start_time=2025-09-26T10:07:08.398161+00:00 flow_cell_id=AWX817 basecall_gpu=NVIDIA_Tegra_X2 protocol_group_id=ONT_trialEb_250925 sample_id=ONT_trail_250925 barcode=barcode14 barcode_alias=barcode14 parent_read_id=9a8d25f1-c1d3-49d1-afe2-c30825878fed basecall_model_version_id=dna_r10.4.1_e8.2_400bps_hac@v4.3.0
0	aa31f10a-f2f5-4ab0-82ed-0e049ee54504 runid=0dfb5b492dc86ce99bf7c61c734eb364afcdb5c8 ch=110 start_time=2025-09-25T16:40:12.398161+00:00 flow_cell_id=AWX817 basecall_gpu=NVIDIA_Tegra_X2 protocol_group_id=ONT_trialEb_250925 sample_id=ONT_trail_250925 barcode=barcode15 barcode_alias=barcode15 parent_read_id=aa31f10a-f2f5-4ab0-82ed-0e049ee54504 basecall_model_version_id=dna_r10.4.1_e8.2_400bps_hac@v4.3.0
0	b3194c30-73e4-43fc-9b84-7685b949f59c runid=0dfb5b492dc86ce99bf7c61c734eb364afcdb5c8 ch=4 start_time=2025-09-26T07:40:36.398161+00:00 flow_cell_id=AWX817 basecall_gpu=NVIDIA_Tegra_X2 protocol_group_id=ONT_trialEb_250925 sample_id=ONT_trail_250925 barcode=barcode22 barcode_alias=barcode22 parent_read_id=b3194c30-73e4-43fc-9b84-7685b949f59c basecall_model_version_id=dna_r10.4.1_e8.2_400bps_hac@v4.3.0 rc
0	b3194c30-73e4-43fc-9b84-7685b949f59c runid=0dfb5b492dc86ce99bf7c61c734eb364afcdb5c8 ch=4 start_time=2025-09-26T07:40:36.398161+00:00 flow_cell_id=AWX817 basecall_gpu=NVIDIA_Tegra_X2 protocol_group_id=ONT_trialEb_250925 sample_id=ONT_trail_250925 barcode=barcode22 barcode_alias=barcode22 parent_read_id=b3194c30-73e4-43fc-9b84-7685b949f59c basecall_model_version_id=dna_r10.4.1_e8.2_400bps_hac@v4.3.0 rc
0	368882fe-224f-4842-9c62-e61c6ab35391 runid=0dfb5b492dc86ce99bf7c61c734eb364afcdb5c8 ch=4 start_time=2025-09-26T00:10:34.398161+00:00 flow_cell_id=AWX817 basecall_gpu=NVIDIA_Tegra_X2 protocol_group_id=ONT_trialEb_250925 sample_id=ONT_trail_250925 barcode=barcode23 barcode_alias=barcode23 parent_read_id=368882fe-224f-4842-9c62-e61c6ab35391 basecall_model_version_id=dna_r10.4.1_e8.2_400bps_hac@v4.3.0 rc
0	8e0ec17f-729c-4972-8d7c-55c26d596aa8 runid=0dfb5b492dc86ce99bf7c61c734eb364afcdb5c8 ch=73 start_time=2025-09-25T19:01:22.398161+00:00 flow_cell_id=AWX817 basecall_gpu=NVIDIA_Tegra_X2 protocol_group_id=ONT_trialEb_250925 sample_id=ONT_trail_250925 barcode=barcode22 barcode_alias=barcode22 parent_read_id=8e0ec17f-729c-4972-8d7c-55c26d596aa8 basecall_model_version_id=dna_r10.4.1_e8.2_400bps_hac@v4.3.0
0	8e0ec17f-729c-4972-8d7c-55c26d596aa8 runid=0dfb5b492dc86ce99bf7c61c734eb364afcdb5c8 ch=73 start_time=2025-09-25T19:01:22.398161+00:00 flow_cell_id=AWX817 basecall_gpu=NVIDIA_Tegra_X2 protocol_group_id=ONT_trialEb_250925 sample_id=ONT_trail_250925 barcode=barcode22 barcode_alias=barcode22 parent_read_id=8e0ec17f-729c-4972-8d7c-55c26d596aa8 basecall_model_version_id=dna_r10.4.1_e8.2_400bps_hac@v4.3.0
0	0ff457a2-6471-4845-9558-ab64f7f4c083 runid=0dfb5b492dc86ce99bf7c61c734eb364afcdb5c8 ch=44 start_time=2025-09-25T21:09:21.398161+00:00 flow_cell_id=AWX817 basecall_gpu=NVIDIA_Tegra_X2 protocol_group_id=ONT_trialEb_250925 sample_id=ONT_trail_250925 barcode=barcode22 barcode_alias=barcode22 parent_read_id=0ff457a2-6471-4845-9558-ab64f7f4c083 basecall_model_version_id=dna_r10.4.1_e8.2_400bps_hac@v4.3.0
0	0ff457a2-6471-4845-9558-ab64f7f4c083 runid=0dfb5b492dc86ce99bf7c61c734eb364afcdb5c8 ch=44 start_time=2025-09-25T21:09:21.398161+00:00 flow_cell_id=AWX817 basecall_gpu=NVIDIA_Tegra_X2 protocol_group_id=ONT_trialEb_250925 sample_id=ONT_trail_250925 barcode=barcode22 barcode_alias=barcode22 parent_read_id=0ff457a2-6471-4845-9558-ab64f7f4c083 basecall_model_version_id=dna_r10.4.1_e8.2_400bps_hac@v4.3.0
0	1655b5a9-0952-4175-90a9-ea0ca6de4fe1 runid=0dfb5b492dc86ce99bf7c61c734eb364afcdb5c8 ch=6 start_time=2025-09-25T16:32:00.398161+00:00 flow_cell_id=AWX817 basecall_gpu=NVIDIA_Tegra_X2 protocol_group_id=ONT_trialEb_250925 sample_id=ONT_trail_250925 barcode=barcode22 barcode_alias=barcode22 parent_read_id=1655b5a9-0952-4175-90a9-ea0ca6de4fe1 basecall_model_version_id=dna_r10.4.1_e8.2_400bps_hac@v4.3.0 rc
0	1655b5a9-0952-4175-90a9-ea0ca6de4fe1 runid=0dfb5b492dc86ce99bf7c61c734eb364afcdb5c8 ch=6 start_time=2025-09-25T16:32:00.398161+00:00 flow_cell_id=AWX817 basecall_gpu=NVIDIA_Tegra_X2 protocol_group_id=ONT_trialEb_250925 sample_id=ONT_trail_250925 barcode=barcode22 barcode_alias=barcode22 parent_read_id=1655b5a9-0952-4175-90a9-ea0ca6de4fe1 basecall_model_version_id=dna_r10.4.1_e8.2_400bps_hac@v4.3.0 rc
0	bd673f3e-d8e1-4eea-940c-238feae001f7 runid=0dfb5b492dc86ce99bf7c61c734eb364afcdb5c8 ch=91 start_time=2025-09-25T17:31:02.398161+00:00 flow_cell_id=AWX817 basecall_gpu=NVIDIA_Tegra_X2 protocol_group_id=ONT_trialEb_250925 sample_id=ONT_trail_250925 barcode=barcode22 barcode_alias=barcode22 parent_read_id=bd673f3e-d8e1-4eea-940c-238feae001f7 basecall_model_version_id=dna_r10.4.1_e8.2_400bps_hac@v4.3.0 rc
0	bd673f3e-d8e1-4eea-940c-238feae001f7 runid=0dfb5b492dc86ce99bf7c61c734eb364afcdb5c8 ch=91 start_time=2025-09-25T17:31:02.398161+00:00 flow_cell_id=AWX817 basecall_gpu=NVIDIA_Tegra_X2 protocol_group_id=ONT_trialEb_250925 sample_id=ONT_trail_250925 barcode=barcode22 barcode_alias=barcode22 parent_read_id=bd673f3e-d8e1-4eea-940c-238feae001f7 basecall_model_version_id=dna_r10.4.1_e8.2_400bps_hac@v4.3.0 rc
0	2969f633-ff61-41ca-9a49-a1ece0a4dec8 runid=0dfb5b492dc86ce99bf7c61c734eb364afcdb5c8 ch=44 start_time=2025-09-25T18:19:55.398161+00:00 flow_cell_id=AWX817 basecall_gpu=NVIDIA_Tegra_X2 protocol_group_id=ONT_trialEb_250925 sample_id=ONT_trail_250925 barcode=barcode23 barcode_alias=barcode23 parent_read_id=2969f633-ff61-41ca-9a49-a1ece0a4dec8 basecall_model_version_id=dna_r10.4.1_e8.2_400bps_hac@v4.3.0 rc
0	32baaf13-adf3-4526-9c43-0dfe10510383 runid=0dfb5b492dc86ce99bf7c61c734eb364afcdb5c8 ch=57 start_time=2025-09-25T17:01:15.398161+00:00 flow_cell_id=AWX817 basecall_gpu=NVIDIA_Tegra_X2 protocol_group_id=ONT_trialEb_250925 sample_id=ONT_trail_250925 barcode=barcode22 barcode_alias=barcode22 parent_read_id=32baaf13-adf3-4526-9c43-0dfe10510383 basecall_model_version_id=dna_r10.4.1_e8.2_400bps_hac@v4.3.0
0	32baaf13-adf3-4526-9c43-0dfe10510383 runid=0dfb5b492dc86ce99bf7c61c734eb364afcdb5c8 ch=57 start_time=2025-09-25T17:01:15.398161+00:00 flow_cell_id=AWX817 basecall_gpu=NVIDIA_Tegra_X2 protocol_group_id=ONT_trialEb_250925 sample_id=ONT_trail_250925 barcode=barcode22 barcode_alias=barcode22 parent_read_id=32baaf13-adf3-4526-9c43-0dfe10510383 basecall_model_version_id=dna_r10.4.1_e8.2_400bps_hac@v4.3.0
0	cb5a8b5c-37ab-462c-95ab-f8a5b143cc83 runid=0dfb5b492dc86ce99bf7c61c734eb364afcdb5c8 ch=20 start_time=2025-09-25T15:48:52.398161+00:00 flow_cell_id=AWX817 basecall_gpu=NVIDIA_Tegra_X2 protocol_group_id=ONT_trialEb_250925 sample_id=ONT_trail_250925 barcode=barcode14 barcode_alias=barcode14 parent_read_id=cb5a8b5c-37ab-462c-95ab-f8a5b143cc83 basecall_model_version_id=dna_r10.4.1_e8.2_400bps_hac@v4.3.0 rc
0	cb5a8b5c-37ab-462c-95ab-f8a5b143cc83 runid=0dfb5b492dc86ce99bf7c61c734eb364afcdb5c8 ch=20 start_time=2025-09-25T15:48:52.398161+00:00 flow_cell_id=AWX817 basecall_gpu=NVIDIA_Tegra_X2 protocol_group_id=ONT_trialEb_250925 sample_id=ONT_trail_250925 barcode=barcode14 barcode_alias=barcode14 parent_read_id=cb5a8b5c-37ab-462c-95ab-f8a5b143cc83 basecall_model_version_id=dna_r10.4.1_e8.2_400bps_hac@v4.3.0 rc
0	688a4ad6-6af5-48bd-bc05-73be3da61677 runid=0dfb5b492dc86ce99bf7c61c734eb364afcdb5c8 ch=44 start_time=2025-09-26T00:44:41.398161+00:00 flow_cell_id=AWX817 basecall_gpu=NVIDIA_Tegra_X2 protocol_group_id=ONT_trialEb_250925 sample_id=ONT_trail_250925 barcode=barcode23 barcode_alias=barcode23 parent_read_id=688a4ad6-6af5-48bd-bc05-73be3da61677 basecall_model_version_id=dna_r10.4.1_e8.2_400bps_hac@v4.3.0
0	be7fc712-c41b-45ce-a2be-21043058bb51 runid=0dfb5b492dc86ce99bf7c61c734eb364afcdb5c8 ch=49 start_time=2025-09-26T03:22:28.398161+00:00 flow_cell_id=AWX817 basecall_gpu=NVIDIA_Tegra_X2 protocol_group_id=ONT_trialEb_250925 sample_id=ONT_trail_250925 barcode=barcode14 barcode_alias=barcode14 parent_read_id=be7fc712-c41b-45ce-a2be-21043058bb51 basecall_model_version_id=dna_r10.4.1_e8.2_400bps_hac@v4.3.0
0	be7fc712-c41b-45ce-a2be-21043058bb51 runid=0dfb5b492dc86ce99bf7c61c734eb364afcdb5c8 ch=49 start_time=2025-09-26T03:22:28.398161+00:00 flow_cell_id=AWX817 basecall_gpu=NVIDIA_Tegra_X2 protocol_group_id=ONT_trialEb_250925 sample_id=ONT_trail_250925 barcode=barcode14 barcode_alias=barcode14 parent_read_id=be7fc712-c41b-45ce-a2be-21043058bb51 basecall_model_version_id=dna_r10.4.1_e8.2_400bps_hac@v4.3.0
0	39ccbfb6-d791-4da7-80bd-e0f9b6554a78 runid=0dfb5b492dc86ce99bf7c61c734eb364afcdb5c8 ch=57 start_time=2025-09-25T17:28:39.398161+00:00 flow_cell_id=AWX817 basecall_gpu=NVIDIA_Tegra_X2 protocol_group_id=ONT_trialEb_250925 sample_id=ONT_trail_250925 barcode=barcode15 barcode_alias=barcode15 parent_read_id=39ccbfb6-d791-4da7-80bd-e0f9b6554a78 basecall_model_version_id=dna_r10.4.1_e8.2_400bps_hac@v4.3.0
0	8978f671-d13d-4446-b7ad-37cd45cbb7e8 runid=0dfb5b492dc86ce99bf7c61c734eb364afcdb5c8 ch=39 start_time=2025-09-26T01:23:33.398161+00:00 flow_cell_id=AWX817 basecall_gpu=NVIDIA_Tegra_X2 protocol_group_id=ONT_trialEb_250925 sample_id=ONT_trail_250925 barcode=barcode15 barcode_alias=barcode15 parent_read_id=8978f671-d13d-4446-b7ad-37cd45cbb7e8 basecall_model_version_id=dna_r10.4.1_e8.2_400bps_hac@v4.3.0 rc
0	ab11ae6d-71e5-40c6-a643-57241695516e runid=0dfb5b492dc86ce99bf7c61c734eb364afcdb5c8 ch=85 start_time=2025-09-26T01:42:00.398161+00:00 flow_cell_id=AWX817 basecall_gpu=NVIDIA_Tegra_X2 protocol_group_id=ONT_trialEb_250925 sample_id=ONT_trail_250925 barcode=barcode22 barcode_alias=barcode22 parent_read_id=ab11ae6d-71e5-40c6-a643-57241695516e basecall_model_version_id=dna_r10.4.1_e8.2_400bps_hac@v4.3.0
0	ab11ae6d-71e5-40c6-a643-57241695516e runid=0dfb5b492dc86ce99bf7c61c734eb364afcdb5c8 ch=85 start_time=2025-09-26T01:42:00.398161+00:00 flow_cell_id=AWX817 basecall_gpu=NVIDIA_Tegra_X2 protocol_group_id=ONT_trialEb_250925 sample_id=ONT_trail_250925 barcode=barcode22 barcode_alias=barcode22 parent_read_id=ab11ae6d-71e5-40c6-a643-57241695516e basecall_model_version_id=dna_r10.4.1_e8.2_400bps_hac@v4.3.0
0	19ae7928-e3c2-4542-9b1f-4bbca54bbad9 runid=0dfb5b492dc86ce99bf7c61c734eb364afcdb5c8 ch=57 start_time=2025-09-25T17:10:25.398161+00:00 flow_cell_id=AWX817 basecall_gpu=NVIDIA_Tegra_X2 protocol_group_id=ONT_trialEb_250925 sample_id=ONT_trail_250925 barcode=barcode15 barcode_alias=barcode15 parent_read_id=19ae7928-e3c2-4542-9b1f-4bbca54bbad9 basecall_model_version_id=dna_r10.4.1_e8.2_400bps_hac@v4.3.0
0	243b3ee3-7fee-4088-a24b-50200fa33548 runid=0dfb5b492dc86ce99bf7c61c734eb364afcdb5c8 ch=20 start_time=2025-09-25T18:24:51.398161+00:00 flow_cell_id=AWX817 basecall_gpu=NVIDIA_Tegra_X2 protocol_group_id=ONT_trialEb_250925 sample_id=ONT_trail_250925 barcode=barcode22 barcode_alias=barcode22 parent_read_id=243b3ee3-7fee-4088-a24b-50200fa33548 basecall_model_version_id=dna_r10.4.1_e8.2_400bps_hac@v4.3.0 rc
0	243b3ee3-7fee-4088-a24b-50200fa33548 runid=0dfb5b492dc86ce99bf7c61c734eb364afcdb5c8 ch=20 start_time=2025-09-25T18:24:51.398161+00:00 flow_cell_id=AWX817 basecall_gpu=NVIDIA_Tegra_X2 protocol_group_id=ONT_trialEb_250925 sample_id=ONT_trail_250925 barcode=barcode22 barcode_alias=barcode22 parent_read_id=243b3ee3-7fee-4088-a24b-50200fa33548 basecall_model_version_id=dna_r10.4.1_e8.2_400bps_hac@v4.3.0 rc
0	f729d0e7-4375-4f36-a7a1-2e89764aa268 runid=0dfb5b492dc86ce99bf7c61c734eb364afcdb5c8 ch=113 start_time=2025-09-25T17:19:39.398161+00:00 flow_cell_id=AWX817 basecall_gpu=NVIDIA_Tegra_X2 protocol_group_id=ONT_trialEb_250925 sample_id=ONT_trail_250925 barcode=barcode22 barcode_alias=barcode22 parent_read_id=f729d0e7-4375-4f36-a7a1-2e89764aa268 basecall_model_version_id=dna_r10.4.1_e8.2_400bps_hac@v4.3.0
0	f729d0e7-4375-4f36-a7a1-2e89764aa268 runid=0dfb5b492dc86ce99bf7c61c734eb364afcdb5c8 ch=113 start_time=2025-09-25T17:19:39.398161+00:00 flow_cell_id=AWX817 basecall_gpu=NVIDIA_Tegra_X2 protocol_group_id=ONT_trialEb_250925 sample_id=ONT_trail_250925 barcode=barcode22 barcode_alias=barcode22 parent_read_id=f729d0e7-4375-4f36-a7a1-2e89764aa268 basecall_model_version_id=dna_r10.4.1_e8.2_400bps_hac@v4.3.0
0	ba763680-64bd-437b-b90b-ef210fe12702 runid=0dfb5b492dc86ce99bf7c61c734eb364afcdb5c8 ch=49 start_time=2025-09-25T17:30:17.398161+00:00 flow_cell_id=AWX817 basecall_gpu=NVIDIA_Tegra_X2 protocol_group_id=ONT_trialEb_250925 sample_id=ONT_trail_250925 barcode=barcode23 barcode_alias=barcode23 parent_read_id=ba763680-64bd-437b-b90b-ef210fe12702 basecall_model_version_id=dna_r10.4.1_e8.2_400bps_hac@v4.3.0 rc
0	27d46e23-bab5-4500-a30b-3e178d562121 runid=0dfb5b492dc86ce99bf7c61c734eb364afcdb5c8 ch=110 start_time=2025-09-25T21:52:31.398161+00:00 flow_cell_id=AWX817 basecall_gpu=NVIDIA_Tegra_X2 protocol_group_id=ONT_trialEb_250925 sample_id=ONT_trail_250925 barcode=barcode22 barcode_alias=barcode22 parent_read_id=27d46e23-bab5-4500-a30b-3e178d562121 basecall_model_version_id=dna_r10.4.1_e8.2_400bps_hac@v4.3.0 rc
0	27d46e23-bab5-4500-a30b-3e178d562121 runid=0dfb5b492dc86ce99bf7c61c734eb364afcdb5c8 ch=110 start_time=2025-09-25T21:52:31.398161+00:00 flow_cell_id=AWX817 basecall_gpu=NVIDIA_Tegra_X2 protocol_group_id=ONT_trialEb_250925 sample_id=ONT_trail_250925 barcode=barcode22 barcode_alias=barcode22 parent_read_id=27d46e23-bab5-4500-a30b-3e178d562121 basecall_model_version_id=dna_r10.4.1_e8.2_400bps_hac@v4.3.0 rc
0	26fce135-1f99-47a7-af98-80603ebb51b6 runid=0dfb5b492dc86ce99bf7c61c734eb364afcdb5c8 ch=94 start_time=2025-09-25T15:55:43.398161+00:00 flow_cell_id=AWX817 basecall_gpu=NVIDIA_Tegra_X2 protocol_group_id=ONT_trialEb_250925 sample_id=ONT_trail_250925 barcode=barcode22 barcode_alias=barcode22 parent_read_id=26fce135-1f99-47a7-af98-80603ebb51b6 basecall_model_version_id=dna_r10.4.1_e8.2_400bps_hac@v4.3.0 rc
0	26fce135-1f99-47a7-af98-80603ebb51b6 runid=0dfb5b492dc86ce99bf7c61c734eb364afcdb5c8 ch=94 start_time=2025-09-25T15:55:43.398161+00:00 flow_cell_id=AWX817 basecall_gpu=NVIDIA_Tegra_X2 protocol_group_id=ONT_trialEb_250925 sample_id=ONT_trail_250925 barcode=barcode22 barcode_alias=barcode22 parent_read_id=26fce135-1f99-47a7-af98-80603ebb51b6 basecall_model_version_id=dna_r10.4.1_e8.2_400bps_hac@v4.3.0 rc
0	8aa0b9b6-312b-44f5-9472-432b301c5370 runid=0dfb5b492dc86ce99bf7c61c734eb364afcdb5c8 ch=20 start_time=2025-09-25T17:53:46.398161+00:00 flow_cell_id=AWX817 basecall_gpu=NVIDIA_Tegra_X2 protocol_group_id=ONT_trialEb_250925 sample_id=ONT_trail_250925 barcode=barcode24 barcode_alias=barcode24 parent_read_id=8aa0b9b6-312b-44f5-9472-432b301c5370 basecall_model_version_id=dna_r10.4.1_e8.2_400bps_hac@v4.3.0
0	06c485b4-9cab-427b-92f3-87ea2f06d467 runid=0dfb5b492dc86ce99bf7c61c734eb364afcdb5c8 ch=49 start_time=2025-09-25T19:10:56.398161+00:00 flow_cell_id=AWX817 basecall_gpu=NVIDIA_Tegra_X2 protocol_group_id=ONT_trialEb_250925 sample_id=ONT_trail_250925 barcode=barcode22 barcode_alias=barcode22 parent_read_id=06c485b4-9cab-427b-92f3-87ea2f06d467 basecall_model_version_id=dna_r10.4.1_e8.2_400bps_hac@v4.3.0 rc
0	06c485b4-9cab-427b-92f3-87ea2f06d467 runid=0dfb5b492dc86ce99bf7c61c734eb364afcdb5c8 ch=49 start_time=2025-09-25T19:10:56.398161+00:00 flow_cell_id=AWX817 basecall_gpu=NVIDIA_Tegra_X2 protocol_group_id=ONT_trialEb_250925 sample_id=ONT_trail_250925 barcode=barcode22 barcode_alias=barcode22 parent_read_id=06c485b4-9cab-427b-92f3-87ea2f06d467 basecall_model_version_id=dna_r10.4.1_e8.2_400bps_hac@v4.3.0 rc
0	373e745c-8bbf-433e-982a-b1c72029c625 runid=0dfb5b492dc86ce99bf7c61c734eb364afcdb5c8 ch=20 start_time=2025-09-25T20:41:50.398161+00:00 flow_cell_id=AWX817 basecall_gpu=NVIDIA_Tegra_X2 protocol_group_id=ONT_trialEb_250925 sample_id=ONT_trail_250925 barcode=barcode22 barcode_alias=barcode22 parent_read_id=373e745c-8bbf-433e-982a-b1c72029c625 basecall_model_version_id=dna_r10.4.1_e8.2_400bps_hac@v4.3.0 rc
0	373e745c-8bbf-433e-982a-b1c72029c625 runid=0dfb5b492dc86ce99bf7c61c734eb364afcdb5c8 ch=20 start_time=2025-09-25T20:41:50.398161+00:00 flow_cell_id=AWX817 basecall_gpu=NVIDIA_Tegra_X2 protocol_group_id=ONT_trialEb_250925 sample_id=ONT_trail_250925 barcode=barcode22 barcode_alias=barcode22 parent_read_id=373e745c-8bbf-433e-982a-b1c72029c625 basecall_model_version_id=dna_r10.4.1_e8.2_400bps_hac@v4.3.0 rc
0	622de0f8-a424-4078-bffc-feffc8937119 runid=0dfb5b492dc86ce99bf7c61c734eb364afcdb5c8 ch=44 start_time=2025-09-26T02:16:53.398161+00:00 flow_cell_id=AWX817 basecall_gpu=NVIDIA_Tegra_X2 protocol_group_id=ONT_trialEb_250925 sample_id=ONT_trail_250925 barcode=barcode23 barcode_alias=barcode23 parent_read_id=622de0f8-a424-4078-bffc-feffc8937119 basecall_model_version_id=dna_r10.4.1_e8.2_400bps_hac@v4.3.0
0	0fbfae1c-8a87-4b7a-9766-a0d0e2402a3a runid=0dfb5b492dc86ce99bf7c61c734eb364afcdb5c8 ch=58 start_time=2025-09-25T17:26:22.398161+00:00 flow_cell_id=AWX817 basecall_gpu=NVIDIA_Tegra_X2 protocol_group_id=ONT_trialEb_250925 sample_id=ONT_trail_250925 barcode=barcode22 barcode_alias=barcode22 parent_read_id=0fbfae1c-8a87-4b7a-9766-a0d0e2402a3a basecall_model_version_id=dna_r10.4.1_e8.2_400bps_hac@v4.3.0 rc
0	0fbfae1c-8a87-4b7a-9766-a0d0e2402a3a runid=0dfb5b492dc86ce99bf7c61c734eb364afcdb5c8 ch=58 start_time=2025-09-25T17:26:22.398161+00:00 flow_cell_id=AWX817 basecall_gpu=NVIDIA_Tegra_X2 protocol_group_id=ONT_trialEb_250925 sample_id=ONT_trail_250925 barcode=barcode22 barcode_alias=barcode22 parent_read_id=0fbfae1c-8a87-4b7a-9766-a0d0e2402a3a basecall_model_version_id=dna_r10.4.1_e8.2_400bps_hac@v4.3.0 rc
0	4098aa62-b4d3-4fb3-81e9-8280194153d5 runid=0dfb5b492dc86ce99bf7c61c734eb364afcdb5c8 ch=20 start_time=2025-09-26T04:53:16.398161+00:00 flow_cell_id=AWX817 basecall_gpu=NVIDIA_Tegra_X2 protocol_group_id=ONT_trialEb_250925 sample_id=ONT_trail_250925 barcode=barcode14 barcode_alias=barcode14 parent_read_id=4098aa62-b4d3-4fb3-81e9-8280194153d5 basecall_model_version_id=dna_r10.4.1_e8.2_400bps_hac@v4.3.0
0	4098aa62-b4d3-4fb3-81e9-8280194153d5 runid=0dfb5b492dc86ce99bf7c61c734eb364afcdb5c8 ch=20 start_time=2025-09-26T04:53:16.398161+00:00 flow_cell_id=AWX817 basecall_gpu=NVIDIA_Tegra_X2 protocol_group_id=ONT_trialEb_250925 sample_id=ONT_trail_250925 barcode=barcode14 barcode_alias=barcode14 parent_read_id=4098aa62-b4d3-4fb3-81e9-8280194153d5 basecall_model_version_id=dna_r10.4.1_e8.2_400bps_hac@v4.3.0
0	c7610f26-dbf9-4eb9-9c22-36b72f55c836 runid=0dfb5b492dc86ce99bf7c61c734eb364afcdb5c8 ch=4 start_time=2025-09-25T21:48:16.398161+00:00 flow_cell_id=AWX817 basecall_gpu=NVIDIA_Tegra_X2 protocol_group_id=ONT_trialEb_250925 sample_id=ONT_trail_250925 barcode=barcode14 barcode_alias=barcode14 parent_read_id=c7610f26-dbf9-4eb9-9c22-36b72f55c836 basecall_model_version_id=dna_r10.4.1_e8.2_400bps_hac@v4.3.0 rc
0	c7610f26-dbf9-4eb9-9c22-36b72f55c836 runid=0dfb5b492dc86ce99bf7c61c734eb364afcdb5c8 ch=4 start_time=2025-09-25T21:48:16.398161+00:00 flow_cell_id=AWX817 basecall_gpu=NVIDIA_Tegra_X2 protocol_group_id=ONT_trialEb_250925 sample_id=ONT_trail_250925 barcode=barcode14 barcode_alias=barcode14 parent_read_id=c7610f26-dbf9-4eb9-9c22-36b72f55c836 basecall_model_version_id=dna_r10.4.1_e8.2_400bps_hac@v4.3.0 rc
0	f2e856fc-05a2-4935-b912-74f13c4680ba runid=0dfb5b492dc86ce99bf7c61c734eb364afcdb5c8 ch=110 start_time=2025-09-25T18:57:24.398161+00:00 flow_cell_id=AWX817 basecall_gpu=NVIDIA_Tegra_X2 protocol_group_id=ONT_trialEb_250925 sample_id=ONT_trail_250925 barcode=barcode23 barcode_alias=barcode23 parent_read_id=f2e856fc-05a2-4935-b912-74f13c4680ba basecall_model_version_id=dna_r10.4.1_e8.2_400bps_hac@v4.3.0
0	6e245d67-7d2b-46ca-b86c-74622cd9c367 runid=0dfb5b492dc86ce99bf7c61c734eb364afcdb5c8 ch=4 start_time=2025-09-26T02:05:03.398161+00:00 flow_cell_id=AWX817 basecall_gpu=NVIDIA_Tegra_X2 protocol_group_id=ONT_trialEb_250925 sample_id=ONT_trail_250925 barcode=barcode22 barcode_alias=barcode22 parent_read_id=6e245d67-7d2b-46ca-b86c-74622cd9c367 basecall_model_version_id=dna_r10.4.1_e8.2_400bps_hac@v4.3.0 rc
0	6e245d67-7d2b-46ca-b86c-74622cd9c367 runid=0dfb5b492dc86ce99bf7c61c734eb364afcdb5c8 ch=4 start_time=2025-09-26T02:05:03.398161+00:00 flow_cell_id=AWX817 basecall_gpu=NVIDIA_Tegra_X2 protocol_group_id=ONT_trialEb_250925 sample_id=ONT_trail_250925 barcode=barcode22 barcode_alias=barcode22 parent_read_id=6e245d67-7d2b-46ca-b86c-74622cd9c367 basecall_model_version_id=dna_r10.4.1_e8.2_400bps_hac@v4.3.0 rc
0	5efb5a9c-5c2d-4343-bd5a-f99042185678 runid=0dfb5b492dc86ce99bf7c61c734eb364afcdb5c8 ch=4 start_time=2025-09-26T04:33:00.398161+00:00 flow_cell_id=AWX817 basecall_gpu=NVIDIA_Tegra_X2 protocol_group_id=ONT_trialEb_250925 sample_id=ONT_trail_250925 barcode=barcode22 barcode_alias=barcode22 parent_read_id=5efb5a9c-5c2d-4343-bd5a-f99042185678 basecall_model_version_id=dna_r10.4.1_e8.2_400bps_hac@v4.3.0
0	5efb5a9c-5c2d-4343-bd5a-f99042185678 runid=0dfb5b492dc86ce99bf7c61c734eb364afcdb5c8 ch=4 start_time=2025-09-26T04:33:00.398161+00:00 flow_cell_id=AWX817 basecall_gpu=NVIDIA_Tegra_X2 protocol_group_id=ONT_trialEb_250925 sample_id=ONT_trail_250925 barcode=barcode22 barcode_alias=barcode22 parent_read_id=5efb5a9c-5c2d-4343-bd5a-f99042185678 basecall_model_version_id=dna_r10.4.1_e8.2_400bps_hac@v4.3.0
0	4528f6bb-12e9-4e7c-9447-3961135ccd9e runid=0dfb5b492dc86ce99bf7c61c734eb364afcdb5c8 ch=57 start_time=2025-09-25T17:22:56.398161+00:00 flow_cell_id=AWX817 basecall_gpu=NVIDIA_Tegra_X2 protocol_group_id=ONT_trialEb_250925 sample_id=ONT_trail_250925 barcode=barcode14 barcode_alias=barcode14 parent_read_id=4528f6bb-12e9-4e7c-9447-3961135ccd9e basecall_model_version_id=dna_r10.4.1_e8.2_400bps_hac@v4.3.0 rc
0	4528f6bb-12e9-4e7c-9447-3961135ccd9e runid=0dfb5b492dc86ce99bf7c61c734eb364afcdb5c8 ch=57 start_time=2025-09-25T17:22:56.398161+00:00 flow_cell_id=AWX817 basecall_gpu=NVIDIA_Tegra_X2 protocol_group_id=ONT_trialEb_250925 sample_id=ONT_trail_250925 barcode=barcode14 barcode_alias=barcode14 parent_read_id=4528f6bb-12e9-4e7c-9447-3961135ccd9e basecall_model_version_id=dna_r10.4.1_e8.2_400bps_hac@v4.3.0 rc
0	61939fa4-2f2a-4f3d-8e33-9a0615244628 runid=0dfb5b492dc86ce99bf7c61c734eb364afcdb5c8 ch=77 start_time=2025-09-25T20:50:54.398161+00:00 flow_cell_id=AWX817 basecall_gpu=NVIDIA_Tegra_X2 protocol_group_id=ONT_trialEb_250925 sample_id=ONT_trail_250925 barcode=barcode15 barcode_alias=barcode15 parent_read_id=61939fa4-2f2a-4f3d-8e33-9a0615244628 basecall_model_version_id=dna_r10.4.1_e8.2_400bps_hac@v4.3.0 rc
0	52b4c71a-8535-4354-820d-5c28b3d56c34 runid=0dfb5b492dc86ce99bf7c61c734eb364afcdb5c8 ch=94 start_time=2025-09-25T15:46:27.398161+00:00 flow_cell_id=AWX817 basecall_gpu=NVIDIA_Tegra_X2 protocol_group_id=ONT_trialEb_250925 sample_id=ONT_trail_250925 barcode=barcode22 barcode_alias=barcode22 parent_read_id=52b4c71a-8535-4354-820d-5c28b3d56c34 basecall_model_version_id=dna_r10.4.1_e8.2_400bps_hac@v4.3.0
0	52b4c71a-8535-4354-820d-5c28b3d56c34 runid=0dfb5b492dc86ce99bf7c61c734eb364afcdb5c8 ch=94 start_time=2025-09-25T15:46:27.398161+00:00 flow_cell_id=AWX817 basecall_gpu=NVIDIA_Tegra_X2 protocol_group_id=ONT_trialEb_250925 sample_id=ONT_trail_250925 barcode=barcode22 barcode_alias=barcode22 parent_read_id=52b4c71a-8535-4354-820d-5c28b3d56c34 basecall_model_version_id=dna_r10.4.1_e8.2_400bps_hac@v4.3.0
0	883e65c9-6748-4419-8750-c1e71448c2ed runid=0dfb5b492dc86ce99bf7c61c734eb364afcdb5c8 ch=44 start_time=2025-09-25T22:21:44.398161+00:00 flow_cell_id=AWX817 basecall_gpu=NVIDIA_Tegra_X2 protocol_group_id=ONT_trialEb_250925 sample_id=ONT_trail_250925 barcode=barcode15 barcode_alias=barcode15 parent_read_id=883e65c9-6748-4419-8750-c1e71448c2ed basecall_model_version_id=dna_r10.4.1_e8.2_400bps_hac@v4.3.0
0	b6d38e89-0fc7-43c2-ace4-5bfe84bb82ad runid=0dfb5b492dc86ce99bf7c61c734eb364afcdb5c8 ch=4 start_time=2025-09-26T03:53:30.398161+00:00 flow_cell_id=AWX817 basecall_gpu=NVIDIA_Tegra_X2 protocol_group_id=ONT_trialEb_250925 sample_id=ONT_trail_250925 barcode=barcode15 barcode_alias=barcode15 parent_read_id=b6d38e89-0fc7-43c2-ace4-5bfe84bb82ad basecall_model_version_id=dna_r10.4.1_e8.2_400bps_hac@v4.3.0 rc
0	a7634466-7556-49e1-ab79-77d1618440e2 runid=0dfb5b492dc86ce99bf7c61c734eb364afcdb5c8 ch=20 start_time=2025-09-25T19:09:52.398161+00:00 flow_cell_id=AWX817 basecall_gpu=NVIDIA_Tegra_X2 protocol_group_id=ONT_trialEb_250925 sample_id=ONT_trail_250925 barcode=barcode23 barcode_alias=barcode23 parent_read_id=a7634466-7556-49e1-ab79-77d1618440e2 basecall_model_version_id=dna_r10.4.1_e8.2_400bps_hac@v4.3.0
0	7abc4755-1c12-4a3e-845f-94525952b0cc runid=0dfb5b492dc86ce99bf7c61c734eb364afcdb5c8 ch=20 start_time=2025-09-26T03:05:54.398161+00:00 flow_cell_id=AWX817 basecall_gpu=NVIDIA_Tegra_X2 protocol_group_id=ONT_trialEb_250925 sample_id=ONT_trail_250925 barcode=barcode24 barcode_alias=barcode24 parent_read_id=7abc4755-1c12-4a3e-845f-94525952b0cc basecall_model_version_id=dna_r10.4.1_e8.2_400bps_hac@v4.3.0
0	cdb85e96-3ff1-4e37-bc07-14f3f68d201e runid=0dfb5b492dc86ce99bf7c61c734eb364afcdb5c8 ch=5 start_time=2025-09-25T19:58:09.398161+00:00 flow_cell_id=AWX817 basecall_gpu=NVIDIA_Tegra_X2 protocol_group_id=ONT_trialEb_250925 sample_id=ONT_trail_250925 barcode=barcode22 barcode_alias=barcode22 parent_read_id=cdb85e96-3ff1-4e37-bc07-14f3f68d201e basecall_model_version_id=dna_r10.4.1_e8.2_400bps_hac@v4.3.0 rc
0	cdb85e96-3ff1-4e37-bc07-14f3f68d201e runid=0dfb5b492dc86ce99bf7c61c734eb364afcdb5c8 ch=5 start_time=2025-09-25T19:58:09.398161+00:00 flow_cell_id=AWX817 basecall_gpu=NVIDIA_Tegra_X2 protocol_group_id=ONT_trialEb_250925 sample_id=ONT_trail_250925 barcode=barcode22 barcode_alias=barcode22 parent_read_id=cdb85e96-3ff1-4e37-bc07-14f3f68d201e basecall_model_version_id=dna_r10.4.1_e8.2_400bps_hac@v4.3.0 rc
0	3f720f3b-b3cd-4b0f-9a4e-4f6d895254ce runid=0dfb5b492dc86ce99bf7c61c734eb364afcdb5c8 ch=44 start_time=2025-09-26T02:10:19.398161+00:00 flow_cell_id=AWX817 basecall_gpu=NVIDIA_Tegra_X2 protocol_group_id=ONT_trialEb_250925 sample_id=ONT_trail_250925 barcode=barcode22 barcode_alias=barcode22 parent_read_id=3f720f3b-b3cd-4b0f-9a4e-4f6d895254ce basecall_model_version_id=dna_r10.4.1_e8.2_400bps_hac@v4.3.0
0	3f720f3b-b3cd-4b0f-9a4e-4f6d895254ce runid=0dfb5b492dc86ce99bf7c61c734eb364afcdb5c8 ch=44 start_time=2025-09-26T02:10:19.398161+00:00 flow_cell_id=AWX817 basecall_gpu=NVIDIA_Tegra_X2 protocol_group_id=ONT_trialEb_250925 sample_id=ONT_trail_250925 barcode=barcode22 barcode_alias=barcode22 parent_read_id=3f720f3b-b3cd-4b0f-9a4e-4f6d895254ce basecall_model_version_id=dna_r10.4.1_e8.2_400bps_hac@v4.3.0
0	4402fdde-745d-4954-8b96-9684ddcc904c runid=0dfb5b492dc86ce99bf7c61c734eb364afcdb5c8 ch=44 start_time=2025-09-25T23:16:13.398161+00:00 flow_cell_id=AWX817 basecall_gpu=NVIDIA_Tegra_X2 protocol_group_id=ONT_trialEb_250925 sample_id=ONT_trail_250925 barcode=barcode22 barcode_alias=barcode22 parent_read_id=4402fdde-745d-4954-8b96-9684ddcc904c basecall_model_version_id=dna_r10.4.1_e8.2_400bps_hac@v4.3.0
0	4402fdde-745d-4954-8b96-9684ddcc904c runid=0dfb5b492dc86ce99bf7c61c734eb364afcdb5c8 ch=44 start_time=2025-09-25T23:16:13.398161+00:00 flow_cell_id=AWX817 basecall_gpu=NVIDIA_Tegra_X2 protocol_group_id=ONT_trialEb_250925 sample_id=ONT_trail_250925 barcode=barcode22 barcode_alias=barcode22 parent_read_id=4402fdde-745d-4954-8b96-9684ddcc904c basecall_model_version_id=dna_r10.4.1_e8.2_400bps_hac@v4.3.0
0	e0b8c697-4eb4-4616-b7f2-1ffdeddadad6 runid=0dfb5b492dc86ce99bf7c61c734eb364afcdb5c8 ch=79 start_time=2025-09-25T17:46:36.398161+00:00 flow_cell_id=AWX817 basecall_gpu=NVIDIA_Tegra_X2 protocol_group_id=ONT_trialEb_250925 sample_id=ONT_trail_250925 barcode=barcode15 barcode_alias=barcode15 parent_read_id=e0b8c697-4eb4-4616-b7f2-1ffdeddadad6 basecall_model_version_id=dna_r10.4.1_e8.2_400bps_hac@v4.3.0 rc
0	abd40328-84a0-41da-b00b-e135734228b7 runid=0dfb5b492dc86ce99bf7c61c734eb364afcdb5c8 ch=44 start_time=2025-09-25T22:56:13.398161+00:00 flow_cell_id=AWX817 basecall_gpu=NVIDIA_Tegra_X2 protocol_group_id=ONT_trialEb_250925 sample_id=ONT_trail_250925 barcode=barcode23 barcode_alias=barcode23 parent_read_id=abd40328-84a0-41da-b00b-e135734228b7 basecall_model_version_id=dna_r10.4.1_e8.2_400bps_hac@v4.3.0 rc
0	ff5ab009-c9f2-4857-b3e1-92586d712145 runid=0dfb5b492dc86ce99bf7c61c734eb364afcdb5c8 ch=10 start_time=2025-09-25T16:54:21.398161+00:00 flow_cell_id=AWX817 basecall_gpu=NVIDIA_Tegra_X2 protocol_group_id=ONT_trialEb_250925 sample_id=ONT_trail_250925 barcode=barcode15 barcode_alias=barcode15 parent_read_id=ff5ab009-c9f2-4857-b3e1-92586d712145 basecall_model_version_id=dna_r10.4.1_e8.2_400bps_hac@v4.3.0 rc
0	4a349d87-e9f2-4ce8-859d-78e889193b35 runid=0dfb5b492dc86ce99bf7c61c734eb364afcdb5c8 ch=40 start_time=2025-09-25T18:20:06.398161+00:00 flow_cell_id=AWX817 basecall_gpu=NVIDIA_Tegra_X2 protocol_group_id=ONT_trialEb_250925 sample_id=ONT_trail_250925 barcode=barcode15 barcode_alias=barcode15 parent_read_id=4a349d87-e9f2-4ce8-859d-78e889193b35 basecall_model_version_id=dna_r10.4.1_e8.2_400bps_hac@v4.3.0 rc
0	5ea29b83-fef9-4ec0-be81-e16ab52b38c1 runid=0dfb5b492dc86ce99bf7c61c734eb364afcdb5c8 ch=23 start_time=2025-09-25T19:03:51.398161+00:00 flow_cell_id=AWX817 basecall_gpu=NVIDIA_Tegra_X2 protocol_group_id=ONT_trialEb_250925 sample_id=ONT_trail_250925 barcode=barcode15 barcode_alias=barcode15 parent_read_id=5ea29b83-fef9-4ec0-be81-e16ab52b38c1 basecall_model_version_id=dna_r10.4.1_e8.2_400bps_hac@v4.3.0 rc
0	e9d22fb5-f127-4f56-8d94-5c44109131f2 runid=0dfb5b492dc86ce99bf7c61c734eb364afcdb5c8 ch=49 start_time=2025-09-26T09:31:14.398161+00:00 flow_cell_id=AWX817 basecall_gpu=NVIDIA_Tegra_X2 protocol_group_id=ONT_trialEb_250925 sample_id=ONT_trail_250925 barcode=barcode24 barcode_alias=barcode24 parent_read_id=e9d22fb5-f127-4f56-8d94-5c44109131f2 basecall_model_version_id=dna_r10.4.1_e8.2_400bps_hac@v4.3.0
0	1dcac74e-d79e-48d0-ac6b-3101fbaca1f6 runid=0dfb5b492dc86ce99bf7c61c734eb364afcdb5c8 ch=4 start_time=2025-09-25T18:24:42.398161+00:00 flow_cell_id=AWX817 basecall_gpu=NVIDIA_Tegra_X2 protocol_group_id=ONT_trialEb_250925 sample_id=ONT_trail_250925 barcode=barcode22 barcode_alias=barcode22 parent_read_id=1dcac74e-d79e-48d0-ac6b-3101fbaca1f6 basecall_model_version_id=dna_r10.4.1_e8.2_400bps_hac@v4.3.0 rc
0	1dcac74e-d79e-48d0-ac6b-3101fbaca1f6 runid=0dfb5b492dc86ce99bf7c61c734eb364afcdb5c8 ch=4 start_time=2025-09-25T18:24:42.398161+00:00 flow_cell_id=AWX817 basecall_gpu=NVIDIA_Tegra_X2 protocol_group_id=ONT_trialEb_250925 sample_id=ONT_trail_250925 barcode=barcode22 barcode_alias=barcode22 parent_read_id=1dcac74e-d79e-48d0-ac6b-3101fbaca1f6 basecall_model_version_id=dna_r10.4.1_e8.2_400bps_hac@v4.3.0 rc
0	e51b3e83-3cdf-4e32-a2cb-8991a9ce3371 runid=0dfb5b492dc86ce99bf7c61c734eb364afcdb5c8 ch=113 start_time=2025-09-25T16:12:32.398161+00:00 flow_cell_id=AWX817 basecall_gpu=NVIDIA_Tegra_X2 protocol_group_id=ONT_trialEb_250925 sample_id=ONT_trail_250925 barcode=barcode14 barcode_alias=barcode14 parent_read_id=e51b3e83-3cdf-4e32-a2cb-8991a9ce3371 basecall_model_version_id=dna_r10.4.1_e8.2_400bps_hac@v4.3.0
0	e51b3e83-3cdf-4e32-a2cb-8991a9ce3371 runid=0dfb5b492dc86ce99bf7c61c734eb364afcdb5c8 ch=113 start_time=2025-09-25T16:12:32.398161+00:00 flow_cell_id=AWX817 basecall_gpu=NVIDIA_Tegra_X2 protocol_group_id=ONT_trialEb_250925 sample_id=ONT_trail_250925 barcode=barcode14 barcode_alias=barcode14 parent_read_id=e51b3e83-3cdf-4e32-a2cb-8991a9ce3371 basecall_model_version_id=dna_r10.4.1_e8.2_400bps_hac@v4.3.0
0	7f4a89f0-7c92-4e62-96bf-87be89a91aad runid=0dfb5b492dc86ce99bf7c61c734eb364afcdb5c8 ch=20 start_time=2025-09-26T04:24:45.398161+00:00 flow_cell_id=AWX817 basecall_gpu=NVIDIA_Tegra_X2 protocol_group_id=ONT_trialEb_250925 sample_id=ONT_trail_250925 barcode=barcode22 barcode_alias=barcode22 parent_read_id=7f4a89f0-7c92-4e62-96bf-87be89a91aad basecall_model_version_id=dna_r10.4.1_e8.2_400bps_hac@v4.3.0 rc
0	7f4a89f0-7c92-4e62-96bf-87be89a91aad runid=0dfb5b492dc86ce99bf7c61c734eb364afcdb5c8 ch=20 start_time=2025-09-26T04:24:45.398161+00:00 flow_cell_id=AWX817 basecall_gpu=NVIDIA_Tegra_X2 protocol_group_id=ONT_trialEb_250925 sample_id=ONT_trail_250925 barcode=barcode22 barcode_alias=barcode22 parent_read_id=7f4a89f0-7c92-4e62-96bf-87be89a91aad basecall_model_version_id=dna_r10.4.1_e8.2_400bps_hac@v4.3.0 rc
0	8741c55d-bb55-4bb3-bb26-c4dbbb54c527 runid=0dfb5b492dc86ce99bf7c61c734eb364afcdb5c8 ch=4 start_time=2025-09-26T01:11:08.398161+00:00 flow_cell_id=AWX817 basecall_gpu=NVIDIA_Tegra_X2 protocol_group_id=ONT_trialEb_250925 sample_id=ONT_trail_250925 barcode=barcode23 barcode_alias=barcode23 parent_read_id=8741c55d-bb55-4bb3-bb26-c4dbbb54c527 basecall_model_version_id=dna_r10.4.1_e8.2_400bps_hac@v4.3.0
0	bf1c281d-2f37-4fa6-a04f-72939d364fe8 runid=0dfb5b492dc86ce99bf7c61c734eb364afcdb5c8 ch=4 start_time=2025-09-26T02:19:25.398161+00:00 flow_cell_id=AWX817 basecall_gpu=NVIDIA_Tegra_X2 protocol_group_id=ONT_trialEb_250925 sample_id=ONT_trail_250925 barcode=barcode23 barcode_alias=barcode23 parent_read_id=bf1c281d-2f37-4fa6-a04f-72939d364fe8 basecall_model_version_id=dna_r10.4.1_e8.2_400bps_hac@v4.3.0 rc
0	b3c07625-40dc-40c9-adaa-4b6b0a94d1cc runid=0dfb5b492dc86ce99bf7c61c734eb364afcdb5c8 ch=80 start_time=2025-09-25T17:12:19.398161+00:00 flow_cell_id=AWX817 basecall_gpu=NVIDIA_Tegra_X2 protocol_group_id=ONT_trialEb_250925 sample_id=ONT_trail_250925 barcode=barcode22 barcode_alias=barcode22 parent_read_id=b3c07625-40dc-40c9-adaa-4b6b0a94d1cc basecall_model_version_id=dna_r10.4.1_e8.2_400bps_hac@v4.3.0 rc
0	b3c07625-40dc-40c9-adaa-4b6b0a94d1cc runid=0dfb5b492dc86ce99bf7c61c734eb364afcdb5c8 ch=80 start_time=2025-09-25T17:12:19.398161+00:00 flow_cell_id=AWX817 basecall_gpu=NVIDIA_Tegra_X2 protocol_group_id=ONT_trialEb_250925 sample_id=ONT_trail_250925 barcode=barcode22 barcode_alias=barcode22 parent_read_id=b3c07625-40dc-40c9-adaa-4b6b0a94d1cc basecall_model_version_id=dna_r10.4.1_e8.2_400bps_hac@v4.3.0 rc
0	4008013e-b362-4259-b56a-16f10c63d53d runid=0dfb5b492dc86ce99bf7c61c734eb364afcdb5c8 ch=4 start_time=2025-09-25T16:57:32.398161+00:00 flow_cell_id=AWX817 basecall_gpu=NVIDIA_Tegra_X2 protocol_group_id=ONT_trialEb_250925 sample_id=ONT_trail_250925 barcode=barcode24 barcode_alias=barcode24 parent_read_id=4008013e-b362-4259-b56a-16f10c63d53d basecall_model_version_id=dna_r10.4.1_e8.2_400bps_hac@v4.3.0
0	63e75af6-ac9c-41f4-8fda-0efaa9892f6b runid=0dfb5b492dc86ce99bf7c61c734eb364afcdb5c8 ch=10 start_time=2025-09-25T18:46:13.398161+00:00 flow_cell_id=AWX817 basecall_gpu=NVIDIA_Tegra_X2 protocol_group_id=ONT_trialEb_250925 sample_id=ONT_trail_250925 barcode=barcode24 barcode_alias=barcode24 parent_read_id=63e75af6-ac9c-41f4-8fda-0efaa9892f6b basecall_model_version_id=dna_r10.4.1_e8.2_400bps_hac@v4.3.0
0	51a49793-7906-43c3-8486-e16774406f47 runid=0dfb5b492dc86ce99bf7c61c734eb364afcdb5c8 ch=77 start_time=2025-09-26T01:29:00.398161+00:00 flow_cell_id=AWX817 basecall_gpu=NVIDIA_Tegra_X2 protocol_group_id=ONT_trialEb_250925 sample_id=ONT_trail_250925 barcode=barcode23 barcode_alias=barcode23 parent_read_id=51a49793-7906-43c3-8486-e16774406f47 basecall_model_version_id=dna_r10.4.1_e8.2_400bps_hac@v4.3.0 rc
0	618f8478-394c-4654-8186-805a2e177b1d runid=0dfb5b492dc86ce99bf7c61c734eb364afcdb5c8 ch=110 start_time=2025-09-25T20:00:04.398161+00:00 flow_cell_id=AWX817 basecall_gpu=NVIDIA_Tegra_X2 protocol_group_id=ONT_trialEb_250925 sample_id=ONT_trail_250925 barcode=barcode23 barcode_alias=barcode23 parent_read_id=618f8478-394c-4654-8186-805a2e177b1d basecall_model_version_id=dna_r10.4.1_e8.2_400bps_hac@v4.3.0 rc
0	80fe521b-12b1-4ea6-b936-b10b0aca20f4 runid=0dfb5b492dc86ce99bf7c61c734eb364afcdb5c8 ch=43 start_time=2025-09-25T17:38:18.398161+00:00 flow_cell_id=AWX817 basecall_gpu=NVIDIA_Tegra_X2 protocol_group_id=ONT_trialEb_250925 sample_id=ONT_trail_250925 barcode=barcode15 barcode_alias=barcode15 parent_read_id=80fe521b-12b1-4ea6-b936-b10b0aca20f4 basecall_model_version_id=dna_r10.4.1_e8.2_400bps_hac@v4.3.0 rc
0	dd52d7ea-b95c-4a12-a1c6-016653a1a010 runid=0dfb5b492dc86ce99bf7c61c734eb364afcdb5c8 ch=100 start_time=2025-09-25T22:53:39.398161+00:00 flow_cell_id=AWX817 basecall_gpu=NVIDIA_Tegra_X2 protocol_group_id=ONT_trialEb_250925 sample_id=ONT_trail_250925 barcode=barcode23 barcode_alias=barcode23 parent_read_id=dd52d7ea-b95c-4a12-a1c6-016653a1a010 basecall_model_version_id=dna_r10.4.1_e8.2_400bps_hac@v4.3.0 rc
0	32c797ae-6288-4aa1-a557-e5a46fa630f5 runid=0dfb5b492dc86ce99bf7c61c734eb364afcdb5c8 ch=49 start_time=2025-09-26T09:40:47.398161+00:00 flow_cell_id=AWX817 basecall_gpu=NVIDIA_Tegra_X2 protocol_group_id=ONT_trialEb_250925 sample_id=ONT_trail_250925 barcode=barcode22 barcode_alias=barcode22 parent_read_id=32c797ae-6288-4aa1-a557-e5a46fa630f5 basecall_model_version_id=dna_r10.4.1_e8.2_400bps_hac@v4.3.0 rc
0	32c797ae-6288-4aa1-a557-e5a46fa630f5 runid=0dfb5b492dc86ce99bf7c61c734eb364afcdb5c8 ch=49 start_time=2025-09-26T09:40:47.398161+00:00 flow_cell_id=AWX817 basecall_gpu=NVIDIA_Tegra_X2 protocol_group_id=ONT_trialEb_250925 sample_id=ONT_trail_250925 barcode=barcode22 barcode_alias=barcode22 parent_read_id=32c797ae-6288-4aa1-a557-e5a46fa630f5 basecall_model_version_id=dna_r10.4.1_e8.2_400bps_hac@v4.3.0 rc
0	7d7cef29-3f7c-415f-a78d-ec5398e9eda6 runid=0dfb5b492dc86ce99bf7c61c734eb364afcdb5c8 ch=41 start_time=2025-09-25T23:43:07.398161+00:00 flow_cell_id=AWX817 basecall_gpu=NVIDIA_Tegra_X2 protocol_group_id=ONT_trialEb_250925 sample_id=ONT_trail_250925 barcode=barcode23 barcode_alias=barcode23 parent_read_id=7d7cef29-3f7c-415f-a78d-ec5398e9eda6 basecall_model_version_id=dna_r10.4.1_e8.2_400bps_hac@v4.3.0 rc
0	f15b6ae6-7c43-4428-a7bb-64d7eabad037 runid=0dfb5b492dc86ce99bf7c61c734eb364afcdb5c8 ch=10 start_time=2025-09-25T19:34:22.398161+00:00 flow_cell_id=AWX817 basecall_gpu=NVIDIA_Tegra_X2 protocol_group_id=ONT_trialEb_250925 sample_id=ONT_trail_250925 barcode=barcode23 barcode_alias=barcode23 parent_read_id=f15b6ae6-7c43-4428-a7bb-64d7eabad037 basecall_model_version_id=dna_r10.4.1_e8.2_400bps_hac@v4.3.0 rc
0	fa272c3b-2e6d-4193-adec-f17fd16ec124 runid=0dfb5b492dc86ce99bf7c61c734eb364afcdb5c8 ch=110 start_time=2025-09-25T19:17:18.398161+00:00 flow_cell_id=AWX817 basecall_gpu=NVIDIA_Tegra_X2 protocol_group_id=ONT_trialEb_250925 sample_id=ONT_trail_250925 barcode=barcode24 barcode_alias=barcode24 parent_read_id=fa272c3b-2e6d-4193-adec-f17fd16ec124 basecall_model_version_id=dna_r10.4.1_e8.2_400bps_hac@v4.3.0 rc
0	69c79002-9a8d-4225-8e82-c0a5a4678dcf runid=0dfb5b492dc86ce99bf7c61c734eb364afcdb5c8 ch=41 start_time=2025-09-25T23:23:12.398161+00:00 flow_cell_id=AWX817 basecall_gpu=NVIDIA_Tegra_X2 protocol_group_id=ONT_trialEb_250925 sample_id=ONT_trail_250925 barcode=barcode22 barcode_alias=barcode22 parent_read_id=69c79002-9a8d-4225-8e82-c0a5a4678dcf basecall_model_version_id=dna_r10.4.1_e8.2_400bps_hac@v4.3.0 rc
0	69c79002-9a8d-4225-8e82-c0a5a4678dcf runid=0dfb5b492dc86ce99bf7c61c734eb364afcdb5c8 ch=41 start_time=2025-09-25T23:23:12.398161+00:00 flow_cell_id=AWX817 basecall_gpu=NVIDIA_Tegra_X2 protocol_group_id=ONT_trialEb_250925 sample_id=ONT_trail_250925 barcode=barcode22 barcode_alias=barcode22 parent_read_id=69c79002-9a8d-4225-8e82-c0a5a4678dcf basecall_model_version_id=dna_r10.4.1_e8.2_400bps_hac@v4.3.0 rc
0	c6e74935-ca63-4355-93e9-cbb071fb670f runid=0dfb5b492dc86ce99bf7c61c734eb364afcdb5c8 ch=113 start_time=2025-09-25T16:58:58.398161+00:00 flow_cell_id=AWX817 basecall_gpu=NVIDIA_Tegra_X2 protocol_group_id=ONT_trialEb_250925 sample_id=ONT_trail_250925 barcode=barcode22 barcode_alias=barcode22 parent_read_id=c6e74935-ca63-4355-93e9-cbb071fb670f basecall_model_version_id=dna_r10.4.1_e8.2_400bps_hac@v4.3.0
0	c6e74935-ca63-4355-93e9-cbb071fb670f runid=0dfb5b492dc86ce99bf7c61c734eb364afcdb5c8 ch=113 start_time=2025-09-25T16:58:58.398161+00:00 flow_cell_id=AWX817 basecall_gpu=NVIDIA_Tegra_X2 protocol_group_id=ONT_trialEb_250925 sample_id=ONT_trail_250925 barcode=barcode22 barcode_alias=barcode22 parent_read_id=c6e74935-ca63-4355-93e9-cbb071fb670f basecall_model_version_id=dna_r10.4.1_e8.2_400bps_hac@v4.3.0
0	33e97efc-bdaa-4b27-8907-aceacfa48e26 runid=0dfb5b492dc86ce99bf7c61c734eb364afcdb5c8 ch=20 start_time=2025-09-25T17:49:55.398161+00:00 flow_cell_id=AWX817 basecall_gpu=NVIDIA_Tegra_X2 protocol_group_id=ONT_trialEb_250925 sample_id=ONT_trail_250925 barcode=barcode15 barcode_alias=barcode15 parent_read_id=33e97efc-bdaa-4b27-8907-aceacfa48e26 basecall_model_version_id=dna_r10.4.1_e8.2_400bps_hac@v4.3.0 rc
0	b9b05fb9-d8e5-4c51-a949-e954e5a9d489 runid=0dfb5b492dc86ce99bf7c61c734eb364afcdb5c8 ch=44 start_time=2025-09-25T23:45:50.398161+00:00 flow_cell_id=AWX817 basecall_gpu=NVIDIA_Tegra_X2 protocol_group_id=ONT_trialEb_250925 sample_id=ONT_trail_250925 barcode=barcode15 barcode_alias=barcode15 parent_read_id=b9b05fb9-d8e5-4c51-a949-e954e5a9d489 basecall_model_version_id=dna_r10.4.1_e8.2_400bps_hac@v4.3.0 rc
0	cacd941a-3057-4222-b1d3-88673c026275 runid=0dfb5b492dc86ce99bf7c61c734eb364afcdb5c8 ch=41 start_time=2025-09-25T18:37:06.398161+00:00 flow_cell_id=AWX817 basecall_gpu=NVIDIA_Tegra_X2 protocol_group_id=ONT_trialEb_250925 sample_id=ONT_trail_250925 barcode=barcode24 barcode_alias=barcode24 parent_read_id=cacd941a-3057-4222-b1d3-88673c026275 basecall_model_version_id=dna_r10.4.1_e8.2_400bps_hac@v4.3.0
0	e972d5a4-ac9f-4a11-b4bd-d370dc2fccce runid=0dfb5b492dc86ce99bf7c61c734eb364afcdb5c8 ch=57 start_time=2025-09-25T16:22:05.398161+00:00 flow_cell_id=AWX817 basecall_gpu=NVIDIA_Tegra_X2 protocol_group_id=ONT_trialEb_250925 sample_id=ONT_trail_250925 barcode=barcode23 barcode_alias=barcode23 parent_read_id=e972d5a4-ac9f-4a11-b4bd-d370dc2fccce basecall_model_version_id=dna_r10.4.1_e8.2_400bps_hac@v4.3.0
0	11a151c4-07c4-49af-94e7-704259cbe822 runid=0dfb5b492dc86ce99bf7c61c734eb364afcdb5c8 ch=49 start_time=2025-09-25T18:58:06.398161+00:00 flow_cell_id=AWX817 basecall_gpu=NVIDIA_Tegra_X2 protocol_group_id=ONT_trialEb_250925 sample_id=ONT_trail_250925 barcode=barcode23 barcode_alias=barcode23 parent_read_id=11a151c4-07c4-49af-94e7-704259cbe822 basecall_model_version_id=dna_r10.4.1_e8.2_400bps_hac@v4.3.0 rc
0	4f8ed636-b991-470a-9621-f1e38f7f5596 runid=0dfb5b492dc86ce99bf7c61c734eb364afcdb5c8 ch=44 start_time=2025-09-25T15:55:08.398161+00:00 flow_cell_id=AWX817 basecall_gpu=NVIDIA_Tegra_X2 protocol_group_id=ONT_trialEb_250925 sample_id=ONT_trail_250925 barcode=barcode22 barcode_alias=barcode22 parent_read_id=4f8ed636-b991-470a-9621-f1e38f7f5596 basecall_model_version_id=dna_r10.4.1_e8.2_400bps_hac@v4.3.0 rc
0	4f8ed636-b991-470a-9621-f1e38f7f5596 runid=0dfb5b492dc86ce99bf7c61c734eb364afcdb5c8 ch=44 start_time=2025-09-25T15:55:08.398161+00:00 flow_cell_id=AWX817 basecall_gpu=NVIDIA_Tegra_X2 protocol_group_id=ONT_trialEb_250925 sample_id=ONT_trail_250925 barcode=barcode22 barcode_alias=barcode22 parent_read_id=4f8ed636-b991-470a-9621-f1e38f7f5596 basecall_model_version_id=dna_r10.4.1_e8.2_400bps_hac@v4.3.0 rc
0	9bbf61e5-84b5-4cd3-ba16-a2d366c2f995 runid=0dfb5b492dc86ce99bf7c61c734eb364afcdb5c8 ch=20 start_time=2025-09-25T16:01:43.398161+00:00 flow_cell_id=AWX817 basecall_gpu=NVIDIA_Tegra_X2 protocol_group_id=ONT_trialEb_250925 sample_id=ONT_trail_250925 barcode=barcode23 barcode_alias=barcode23 parent_read_id=9bbf61e5-84b5-4cd3-ba16-a2d366c2f995 basecall_model_version_id=dna_r10.4.1_e8.2_400bps_hac@v4.3.0
0	7375ce44-7bb8-4560-8418-a0581b1372d0 runid=0dfb5b492dc86ce99bf7c61c734eb364afcdb5c8 ch=92 start_time=2025-09-25T20:18:35.398161+00:00 flow_cell_id=AWX817 basecall_gpu=NVIDIA_Tegra_X2 protocol_group_id=ONT_trialEb_250925 sample_id=ONT_trail_250925 barcode=barcode24 barcode_alias=barcode24 parent_read_id=7375ce44-7bb8-4560-8418-a0581b1372d0 basecall_model_version_id=dna_r10.4.1_e8.2_400bps_hac@v4.3.0 rc
0	b5cae250-6efa-4b24-8ebb-37548d6f3e19 runid=0dfb5b492dc86ce99bf7c61c734eb364afcdb5c8 ch=85 start_time=2025-09-26T03:32:11.398161+00:00 flow_cell_id=AWX817 basecall_gpu=NVIDIA_Tegra_X2 protocol_group_id=ONT_trialEb_250925 sample_id=ONT_trail_250925 barcode=barcode22 barcode_alias=barcode22 parent_read_id=b5cae250-6efa-4b24-8ebb-37548d6f3e19 basecall_model_version_id=dna_r10.4.1_e8.2_400bps_hac@v4.3.0 rc
0	b5cae250-6efa-4b24-8ebb-37548d6f3e19 runid=0dfb5b492dc86ce99bf7c61c734eb364afcdb5c8 ch=85 start_time=2025-09-26T03:32:11.398161+00:00 flow_cell_id=AWX817 basecall_gpu=NVIDIA_Tegra_X2 protocol_group_id=ONT_trialEb_250925 sample_id=ONT_trail_250925 barcode=barcode22 barcode_alias=barcode22 parent_read_id=b5cae250-6efa-4b24-8ebb-37548d6f3e19 basecall_model_version_id=dna_r10.4.1_e8.2_400bps_hac@v4.3.0 rc
0	033d2a82-6ac4-4544-a093-d2856b7c9345 runid=0dfb5b492dc86ce99bf7c61c734eb364afcdb5c8 ch=82 start_time=2025-09-25T17:33:00.398161+00:00 flow_cell_id=AWX817 basecall_gpu=NVIDIA_Tegra_X2 protocol_group_id=ONT_trialEb_250925 sample_id=ONT_trail_250925 barcode=barcode23 barcode_alias=barcode23 parent_read_id=033d2a82-6ac4-4544-a093-d2856b7c9345 basecall_model_version_id=dna_r10.4.1_e8.2_400bps_hac@v4.3.0
0	518e2593-6446-4fcc-a261-2c9e9ef8a9a2 runid=0dfb5b492dc86ce99bf7c61c734eb364afcdb5c8 ch=4 start_time=2025-09-25T21:24:20.398161+00:00 flow_cell_id=AWX817 basecall_gpu=NVIDIA_Tegra_X2 protocol_group_id=ONT_trialEb_250925 sample_id=ONT_trail_250925 barcode=barcode24 barcode_alias=barcode24 parent_read_id=518e2593-6446-4fcc-a261-2c9e9ef8a9a2 basecall_model_version_id=dna_r10.4.1_e8.2_400bps_hac@v4.3.0 rc
224	0a56e60d-8685-44e0-9f5d-b0f19d875565 runid=0dfb5b492dc86ce99bf7c61c734eb364afcdb5c8 ch=110 start_time=2025-09-25T21:01:38.398161+00:00 flow_cell_id=AWX817 basecall_gpu=NVIDIA_Tegra_X2 protocol_group_id=ONT_trialEb_250925 sample_id=ONT_trail_250925 barcode=barcode23 barcode_alias=barcode23 parent_read_id=0a56e60d-8685-44e0-9f5d-b0f19d875565 basecall_model_version_id=dna_r10.4.1_e8.2_400bps_hac@v4.3.0 rc
224	5221eb80-f874-4bc1-97dc-69db5b7bb75a runid=0dfb5b492dc86ce99bf7c61c734eb364afcdb5c8 ch=106 start_time=2025-09-25T17:03:23.398161+00:00 flow_cell_id=AWX817 basecall_gpu=NVIDIA_Tegra_X2 protocol_group_id=ONT_trialEb_250925 sample_id=ONT_trail_250925 barcode=barcode14 barcode_alias=barcode14 parent_read_id=dc501c50-6654-40d5-b020-968d16678399 basecall_model_version_id=dna_r10.4.1_e8.2_400bps_hac@v4.3.0 rc
224	5221eb80-f874-4bc1-97dc-69db5b7bb75a runid=0dfb5b492dc86ce99bf7c61c734eb364afcdb5c8 ch=106 start_time=2025-09-25T17:03:23.398161+00:00 flow_cell_id=AWX817 basecall_gpu=NVIDIA_Tegra_X2 protocol_group_id=ONT_trialEb_250925 sample_id=ONT_trail_250925 barcode=barcode14 barcode_alias=barcode14 parent_read_id=dc501c50-6654-40d5-b020-968d16678399 basecall_model_version_id=dna_r10.4.1_e8.2_400bps_hac@v4.3.0 rc
224	8ac4f62c-3b63-43db-adfb-6f484017af65 runid=0dfb5b492dc86ce99bf7c61c734eb364afcdb5c8 ch=118 start_time=2025-09-25T21:14:40.398161+00:00 flow_cell_id=AWX817 basecall_gpu=NVIDIA_Tegra_X2 protocol_group_id=ONT_trialEb_250925 sample_id=ONT_trail_250925 barcode=barcode23 barcode_alias=barcode23 parent_read_id=e1357329-f2f8-4933-bfcb-8a77187fd32a basecall_model_version_id=dna_r10.4.1_e8.2_400bps_hac@v4.3.0 rc
224	30df13e4-9f7e-4edb-a2cd-569f39157ce6 runid=0dfb5b492dc86ce99bf7c61c734eb364afcdb5c8 ch=110 start_time=2025-09-25T18:18:01.398161+00:00 flow_cell_id=AWX817 basecall_gpu=NVIDIA_Tegra_X2 protocol_group_id=ONT_trialEb_250925 sample_id=ONT_trail_250925 barcode=barcode22 barcode_alias=barcode22 parent_read_id=30df13e4-9f7e-4edb-a2cd-569f39157ce6 basecall_model_version_id=dna_r10.4.1_e8.2_400bps_hac@v4.3.0
224	30df13e4-9f7e-4edb-a2cd-569f39157ce6 runid=0dfb5b492dc86ce99bf7c61c734eb364afcdb5c8 ch=110 start_time=2025-09-25T18:18:01.398161+00:00 flow_cell_id=AWX817 basecall_gpu=NVIDIA_Tegra_X2 protocol_group_id=ONT_trialEb_250925 sample_id=ONT_trail_250925 barcode=barcode22 barcode_alias=barcode22 parent_read_id=30df13e4-9f7e-4edb-a2cd-569f39157ce6 basecall_model_version_id=dna_r10.4.1_e8.2_400bps_hac@v4.3.0
224	a32e5a65-9700-4966-bcad-431751bcfaac runid=0dfb5b492dc86ce99bf7c61c734eb364afcdb5c8 ch=85 start_time=2025-09-25T18:00:57.398161+00:00 flow_cell_id=AWX817 basecall_gpu=NVIDIA_Tegra_X2 protocol_group_id=ONT_trialEb_250925 sample_id=ONT_trail_250925 barcode=barcode22 barcode_alias=barcode22 parent_read_id=a32e5a65-9700-4966-bcad-431751bcfaac basecall_model_version_id=dna_r10.4.1_e8.2_400bps_hac@v4.3.0
224	a32e5a65-9700-4966-bcad-431751bcfaac runid=0dfb5b492dc86ce99bf7c61c734eb364afcdb5c8 ch=85 start_time=2025-09-25T18:00:57.398161+00:00 flow_cell_id=AWX817 basecall_gpu=NVIDIA_Tegra_X2 protocol_group_id=ONT_trialEb_250925 sample_id=ONT_trail_250925 barcode=barcode22 barcode_alias=barcode22 parent_read_id=a32e5a65-9700-4966-bcad-431751bcfaac basecall_model_version_id=dna_r10.4.1_e8.2_400bps_hac@v4.3.0
224	b457ab9d-ba0a-4445-b4e2-0130e88131bd runid=0dfb5b492dc86ce99bf7c61c734eb364afcdb5c8 ch=4 start_time=2025-09-25T23:24:10.398161+00:00 flow_cell_id=AWX817 basecall_gpu=NVIDIA_Tegra_X2 protocol_group_id=ONT_trialEb_250925 sample_id=ONT_trail_250925 barcode=barcode24 barcode_alias=barcode24 parent_read_id=b457ab9d-ba0a-4445-b4e2-0130e88131bd basecall_model_version_id=dna_r10.4.1_e8.2_400bps_hac@v4.3.0 rc
224	49c60d4c-4551-4ef6-822d-d1401b8e3309 runid=0dfb5b492dc86ce99bf7c61c734eb364afcdb5c8 ch=4 start_time=2025-09-25T19:43:53.398161+00:00 flow_cell_id=AWX817 basecall_gpu=NVIDIA_Tegra_X2 protocol_group_id=ONT_trialEb_250925 sample_id=ONT_trail_250925 barcode=barcode22 barcode_alias=barcode22 parent_read_id=49c60d4c-4551-4ef6-822d-d1401b8e3309 basecall_model_version_id=dna_r10.4.1_e8.2_400bps_hac@v4.3.0 rc
224	49c60d4c-4551-4ef6-822d-d1401b8e3309 runid=0dfb5b492dc86ce99bf7c61c734eb364afcdb5c8 ch=4 start_time=2025-09-25T19:43:53.398161+00:00 flow_cell_id=AWX817 basecall_gpu=NVIDIA_Tegra_X2 protocol_group_id=ONT_trialEb_250925 sample_id=ONT_trail_250925 barcode=barcode22 barcode_alias=barcode22 parent_read_id=49c60d4c-4551-4ef6-822d-d1401b8e3309 basecall_model_version_id=dna_r10.4.1_e8.2_400bps_hac@v4.3.0 rc
224	d1b6a296-284b-4c83-b9d5-7d26f7d37de5 runid=0dfb5b492dc86ce99bf7c61c734eb364afcdb5c8 ch=79 start_time=2025-09-25T18:17:02.398161+00:00 flow_cell_id=AWX817 basecall_gpu=NVIDIA_Tegra_X2 protocol_group_id=ONT_trialEb_250925 sample_id=ONT_trail_250925 barcode=barcode23 barcode_alias=barcode23 parent_read_id=d1b6a296-284b-4c83-b9d5-7d26f7d37de5 basecall_model_version_id=dna_r10.4.1_e8.2_400bps_hac@v4.3.0 rc
224	38796b2c-29c8-4611-b8d3-a132387bc0b3 runid=0dfb5b492dc86ce99bf7c61c734eb364afcdb5c8 ch=4 start_time=2025-09-25T19:58:38.398161+00:00 flow_cell_id=AWX817 basecall_gpu=NVIDIA_Tegra_X2 protocol_group_id=ONT_trialEb_250925 sample_id=ONT_trail_250925 barcode=barcode23 barcode_alias=barcode23 parent_read_id=38796b2c-29c8-4611-b8d3-a132387bc0b3 basecall_model_version_id=dna_r10.4.1_e8.2_400bps_hac@v4.3.0
224	95ef6d91-22c1-456d-afb3-62d8c9fb46ac runid=0dfb5b492dc86ce99bf7c61c734eb364afcdb5c8 ch=20 start_time=2025-09-25T23:45:48.398161+00:00 flow_cell_id=AWX817 basecall_gpu=NVIDIA_Tegra_X2 protocol_group_id=ONT_trialEb_250925 sample_id=ONT_trail_250925 barcode=barcode22 barcode_alias=barcode22 parent_read_id=95ef6d91-22c1-456d-afb3-62d8c9fb46ac basecall_model_version_id=dna_r10.4.1_e8.2_400bps_hac@v4.3.0 rc
224	95ef6d91-22c1-456d-afb3-62d8c9fb46ac runid=0dfb5b492dc86ce99bf7c61c734eb364afcdb5c8 ch=20 start_time=2025-09-25T23:45:48.398161+00:00 flow_cell_id=AWX817 basecall_gpu=NVIDIA_Tegra_X2 protocol_group_id=ONT_trialEb_250925 sample_id=ONT_trail_250925 barcode=barcode22 barcode_alias=barcode22 parent_read_id=95ef6d91-22c1-456d-afb3-62d8c9fb46ac basecall_model_version_id=dna_r10.4.1_e8.2_400bps_hac@v4.3.0 rc
224	6573cc5c-a6d8-4dfd-9c0e-81d942996e08 runid=0dfb5b492dc86ce99bf7c61c734eb364afcdb5c8 ch=93 start_time=2025-09-25T15:52:25.398161+00:00 flow_cell_id=AWX817 basecall_gpu=NVIDIA_Tegra_X2 protocol_group_id=ONT_trialEb_250925 sample_id=ONT_trail_250925 barcode=barcode15 barcode_alias=barcode15 parent_read_id=6573cc5c-a6d8-4dfd-9c0e-81d942996e08 basecall_model_version_id=dna_r10.4.1_e8.2_400bps_hac@v4.3.0 rc
224	7870513d-bfbe-4b93-af79-7b3e75e628f6 runid=0dfb5b492dc86ce99bf7c61c734eb364afcdb5c8 ch=20 start_time=2025-09-26T08:09:04.398161+00:00 flow_cell_id=AWX817 basecall_gpu=NVIDIA_Tegra_X2 protocol_group_id=ONT_trialEb_250925 sample_id=ONT_trail_250925 barcode=barcode22 barcode_alias=barcode22 parent_read_id=7870513d-bfbe-4b93-af79-7b3e75e628f6 basecall_model_version_id=dna_r10.4.1_e8.2_400bps_hac@v4.3.0
224	7870513d-bfbe-4b93-af79-7b3e75e628f6 runid=0dfb5b492dc86ce99bf7c61c734eb364afcdb5c8 ch=20 start_time=2025-09-26T08:09:04.398161+00:00 flow_cell_id=AWX817 basecall_gpu=NVIDIA_Tegra_X2 protocol_group_id=ONT_trialEb_250925 sample_id=ONT_trail_250925 barcode=barcode22 barcode_alias=barcode22 parent_read_id=7870513d-bfbe-4b93-af79-7b3e75e628f6 basecall_model_version_id=dna_r10.4.1_e8.2_400bps_hac@v4.3.0
224	7a34435d-dc1a-4042-914c-639d5fa2cab4 runid=0dfb5b492dc86ce99bf7c61c734eb364afcdb5c8 ch=93 start_time=2025-09-25T19:26:00.398161+00:00 flow_cell_id=AWX817 basecall_gpu=NVIDIA_Tegra_X2 protocol_group_id=ONT_trialEb_250925 sample_id=ONT_trail_250925 barcode=barcode22 barcode_alias=barcode22 parent_read_id=7a34435d-dc1a-4042-914c-639d5fa2cab4 basecall_model_version_id=dna_r10.4.1_e8.2_400bps_hac@v4.3.0 rc
224	7a34435d-dc1a-4042-914c-639d5fa2cab4 runid=0dfb5b492dc86ce99bf7c61c734eb364afcdb5c8 ch=93 start_time=2025-09-25T19:26:00.398161+00:00 flow_cell_id=AWX817 basecall_gpu=NVIDIA_Tegra_X2 protocol_group_id=ONT_trialEb_250925 sample_id=ONT_trail_250925 barcode=barcode22 barcode_alias=barcode22 parent_read_id=7a34435d-dc1a-4042-914c-639d5fa2cab4 basecall_model_version_id=dna_r10.4.1_e8.2_400bps_hac@v4.3.0 rc
224	6faea6a0-e786-4c8d-8bcd-6f9b3126567d runid=0dfb5b492dc86ce99bf7c61c734eb364afcdb5c8 ch=106 start_time=2025-09-25T18:01:49.398161+00:00 flow_cell_id=AWX817 basecall_gpu=NVIDIA_Tegra_X2 protocol_group_id=ONT_trialEb_250925 sample_id=ONT_trail_250925 barcode=barcode23 barcode_alias=barcode23 parent_read_id=6faea6a0-e786-4c8d-8bcd-6f9b3126567d basecall_model_version_id=dna_r10.4.1_e8.2_400bps_hac@v4.3.0 rc
224	30e6bcd5-3f91-4dee-83d3-380f053186e5 runid=0dfb5b492dc86ce99bf7c61c734eb364afcdb5c8 ch=4 start_time=2025-09-25T21:16:43.398161+00:00 flow_cell_id=AWX817 basecall_gpu=NVIDIA_Tegra_X2 protocol_group_id=ONT_trialEb_250925 sample_id=ONT_trail_250925 barcode=barcode22 barcode_alias=barcode22 parent_read_id=30e6bcd5-3f91-4dee-83d3-380f053186e5 basecall_model_version_id=dna_r10.4.1_e8.2_400bps_hac@v4.3.0 rc
224	30e6bcd5-3f91-4dee-83d3-380f053186e5 runid=0dfb5b492dc86ce99bf7c61c734eb364afcdb5c8 ch=4 start_time=2025-09-25T21:16:43.398161+00:00 flow_cell_id=AWX817 basecall_gpu=NVIDIA_Tegra_X2 protocol_group_id=ONT_trialEb_250925 sample_id=ONT_trail_250925 barcode=barcode22 barcode_alias=barcode22 parent_read_id=30e6bcd5-3f91-4dee-83d3-380f053186e5 basecall_model_version_id=dna_r10.4.1_e8.2_400bps_hac@v4.3.0 rc
224	6c5a8549-232f-4e86-8ce6-103a761a2357 runid=0dfb5b492dc86ce99bf7c61c734eb364afcdb5c8 ch=77 start_time=2025-09-25T16:27:04.398161+00:00 flow_cell_id=AWX817 basecall_gpu=NVIDIA_Tegra_X2 protocol_group_id=ONT_trialEb_250925 sample_id=ONT_trail_250925 barcode=barcode24 barcode_alias=barcode24 parent_read_id=6c5a8549-232f-4e86-8ce6-103a761a2357 basecall_model_version_id=dna_r10.4.1_e8.2_400bps_hac@v4.3.0
224	43ad8d40-3dab-4504-a7e5-0ee6ca1cda13 runid=0dfb5b492dc86ce99bf7c61c734eb364afcdb5c8 ch=113 start_time=2025-09-25T15:54:14.398161+00:00 flow_cell_id=AWX817 basecall_gpu=NVIDIA_Tegra_X2 protocol_group_id=ONT_trialEb_250925 sample_id=ONT_trail_250925 barcode=barcode23 barcode_alias=barcode23 parent_read_id=43ad8d40-3dab-4504-a7e5-0ee6ca1cda13 basecall_model_version_id=dna_r10.4.1_e8.2_400bps_hac@v4.3.0 rc
224	b534d173-2f21-4e12-ba2b-3fb32d323b3f runid=0dfb5b492dc86ce99bf7c61c734eb364afcdb5c8 ch=4 start_time=2025-09-26T03:05:17.398161+00:00 flow_cell_id=AWX817 basecall_gpu=NVIDIA_Tegra_X2 protocol_group_id=ONT_trialEb_250925 sample_id=ONT_trail_250925 barcode=barcode14 barcode_alias=barcode14 parent_read_id=b534d173-2f21-4e12-ba2b-3fb32d323b3f basecall_model_version_id=dna_r10.4.1_e8.2_400bps_hac@v4.3.0 rc
224	b534d173-2f21-4e12-ba2b-3fb32d323b3f runid=0dfb5b492dc86ce99bf7c61c734eb364afcdb5c8 ch=4 start_time=2025-09-26T03:05:17.398161+00:00 flow_cell_id=AWX817 basecall_gpu=NVIDIA_Tegra_X2 protocol_group_id=ONT_trialEb_250925 sample_id=ONT_trail_250925 barcode=barcode14 barcode_alias=barcode14 parent_read_id=b534d173-2f21-4e12-ba2b-3fb32d323b3f basecall_model_version_id=dna_r10.4.1_e8.2_400bps_hac@v4.3.0 rc
224	1ac4ae06-2fc5-49e6-ad6e-792cdb0a7530 runid=0dfb5b492dc86ce99bf7c61c734eb364afcdb5c8 ch=44 start_time=2025-09-26T02:47:39.398161+00:00 flow_cell_id=AWX817 basecall_gpu=NVIDIA_Tegra_X2 protocol_group_id=ONT_trialEb_250925 sample_id=ONT_trail_250925 barcode=barcode22 barcode_alias=barcode22 parent_read_id=1ac4ae06-2fc5-49e6-ad6e-792cdb0a7530 basecall_model_version_id=dna_r10.4.1_e8.2_400bps_hac@v4.3.0
224	1ac4ae06-2fc5-49e6-ad6e-792cdb0a7530 runid=0dfb5b492dc86ce99bf7c61c734eb364afcdb5c8 ch=44 start_time=2025-09-26T02:47:39.398161+00:00 flow_cell_id=AWX817 basecall_gpu=NVIDIA_Tegra_X2 protocol_group_id=ONT_trialEb_250925 sample_id=ONT_trail_250925 barcode=barcode22 barcode_alias=barcode22 parent_read_id=1ac4ae06-2fc5-49e6-ad6e-792cdb0a7530 basecall_model_version_id=dna_r10.4.1_e8.2_400bps_hac@v4.3.0
224	8903f348-ffe4-4d0c-96bd-a216d9bc471c runid=0dfb5b492dc86ce99bf7c61c734eb364afcdb5c8 ch=106 start_time=2025-09-25T21:25:39.398161+00:00 flow_cell_id=AWX817 basecall_gpu=NVIDIA_Tegra_X2 protocol_group_id=ONT_trialEb_250925 sample_id=ONT_trail_250925 barcode=barcode24 barcode_alias=barcode24 parent_read_id=8903f348-ffe4-4d0c-96bd-a216d9bc471c basecall_model_version_id=dna_r10.4.1_e8.2_400bps_hac@v4.3.0 rc
224	a3314c8b-1866-40d3-87bd-260f2460fc75 runid=0dfb5b492dc86ce99bf7c61c734eb364afcdb5c8 ch=40 start_time=2025-09-25T19:08:21.398161+00:00 flow_cell_id=AWX817 basecall_gpu=NVIDIA_Tegra_X2 protocol_group_id=ONT_trialEb_250925 sample_id=ONT_trail_250925 barcode=barcode22 barcode_alias=barcode22 parent_read_id=a3314c8b-1866-40d3-87bd-260f2460fc75 basecall_model_version_id=dna_r10.4.1_e8.2_400bps_hac@v4.3.0 rc
224	a3314c8b-1866-40d3-87bd-260f2460fc75 runid=0dfb5b492dc86ce99bf7c61c734eb364afcdb5c8 ch=40 start_time=2025-09-25T19:08:21.398161+00:00 flow_cell_id=AWX817 basecall_gpu=NVIDIA_Tegra_X2 protocol_group_id=ONT_trialEb_250925 sample_id=ONT_trail_250925 barcode=barcode22 barcode_alias=barcode22 parent_read_id=a3314c8b-1866-40d3-87bd-260f2460fc75 basecall_model_version_id=dna_r10.4.1_e8.2_400bps_hac@v4.3.0 rc
224	1805a1b9-a006-4917-a553-9771a1cc1477 runid=0dfb5b492dc86ce99bf7c61c734eb364afcdb5c8 ch=100 start_time=2025-09-25T22:26:51.398161+00:00 flow_cell_id=AWX817 basecall_gpu=NVIDIA_Tegra_X2 protocol_group_id=ONT_trialEb_250925 sample_id=ONT_trail_250925 barcode=barcode22 barcode_alias=barcode22 parent_read_id=1805a1b9-a006-4917-a553-9771a1cc1477 basecall_model_version_id=dna_r10.4.1_e8.2_400bps_hac@v4.3.0 rc
224	1805a1b9-a006-4917-a553-9771a1cc1477 runid=0dfb5b492dc86ce99bf7c61c734eb364afcdb5c8 ch=100 start_time=2025-09-25T22:26:51.398161+00:00 flow_cell_id=AWX817 basecall_gpu=NVIDIA_Tegra_X2 protocol_group_id=ONT_trialEb_250925 sample_id=ONT_trail_250925 barcode=barcode22 barcode_alias=barcode22 parent_read_id=1805a1b9-a006-4917-a553-9771a1cc1477 basecall_model_version_id=dna_r10.4.1_e8.2_400bps_hac@v4.3.0 rc
224	25a8fff4-80c4-47cf-b5d1-e0134cbf3557 runid=0dfb5b492dc86ce99bf7c61c734eb364afcdb5c8 ch=110 start_time=2025-09-25T19:37:05.398161+00:00 flow_cell_id=AWX817 basecall_gpu=NVIDIA_Tegra_X2 protocol_group_id=ONT_trialEb_250925 sample_id=ONT_trail_250925 barcode=barcode24 barcode_alias=barcode24 parent_read_id=25a8fff4-80c4-47cf-b5d1-e0134cbf3557 basecall_model_version_id=dna_r10.4.1_e8.2_400bps_hac@v4.3.0 rc
224	d116827b-d1e4-41c6-aab2-bc251976a3e4 runid=0dfb5b492dc86ce99bf7c61c734eb364afcdb5c8 ch=77 start_time=2025-09-25T21:12:05.398161+00:00 flow_cell_id=AWX817 basecall_gpu=NVIDIA_Tegra_X2 protocol_group_id=ONT_trialEb_250925 sample_id=ONT_trail_250925 barcode=barcode15 barcode_alias=barcode15 parent_read_id=d116827b-d1e4-41c6-aab2-bc251976a3e4 basecall_model_version_id=dna_r10.4.1_e8.2_400bps_hac@v4.3.0 rc
224	90f05cd2-990b-4fea-a513-8f88ecd16c9c runid=0dfb5b492dc86ce99bf7c61c734eb364afcdb5c8 ch=96 start_time=2025-09-26T01:59:10.398161+00:00 flow_cell_id=AWX817 basecall_gpu=NVIDIA_Tegra_X2 protocol_group_id=ONT_trialEb_250925 sample_id=ONT_trail_250925 barcode=barcode22 barcode_alias=barcode22 parent_read_id=90f05cd2-990b-4fea-a513-8f88ecd16c9c basecall_model_version_id=dna_r10.4.1_e8.2_400bps_hac@v4.3.0 rc
224	90f05cd2-990b-4fea-a513-8f88ecd16c9c runid=0dfb5b492dc86ce99bf7c61c734eb364afcdb5c8 ch=96 start_time=2025-09-26T01:59:10.398161+00:00 flow_cell_id=AWX817 basecall_gpu=NVIDIA_Tegra_X2 protocol_group_id=ONT_trialEb_250925 sample_id=ONT_trail_250925 barcode=barcode22 barcode_alias=barcode22 parent_read_id=90f05cd2-990b-4fea-a513-8f88ecd16c9c basecall_model_version_id=dna_r10.4.1_e8.2_400bps_hac@v4.3.0 rc
224	89ade5d8-3762-4350-a4d4-513a164c2597 runid=0dfb5b492dc86ce99bf7c61c734eb364afcdb5c8 ch=77 start_time=2025-09-26T00:51:23.398161+00:00 flow_cell_id=AWX817 basecall_gpu=NVIDIA_Tegra_X2 protocol_group_id=ONT_trialEb_250925 sample_id=ONT_trail_250925 barcode=barcode22 barcode_alias=barcode22 parent_read_id=89ade5d8-3762-4350-a4d4-513a164c2597 basecall_model_version_id=dna_r10.4.1_e8.2_400bps_hac@v4.3.0 rc
224	89ade5d8-3762-4350-a4d4-513a164c2597 runid=0dfb5b492dc86ce99bf7c61c734eb364afcdb5c8 ch=77 start_time=2025-09-26T00:51:23.398161+00:00 flow_cell_id=AWX817 basecall_gpu=NVIDIA_Tegra_X2 protocol_group_id=ONT_trialEb_250925 sample_id=ONT_trail_250925 barcode=barcode22 barcode_alias=barcode22 parent_read_id=89ade5d8-3762-4350-a4d4-513a164c2597 basecall_model_version_id=dna_r10.4.1_e8.2_400bps_hac@v4.3.0 rc
224	c4bdbe49-e75e-4952-9830-9ce96e1c78d3 runid=0dfb5b492dc86ce99bf7c61c734eb364afcdb5c8 ch=79 start_time=2025-09-26T00:37:40.398161+00:00 flow_cell_id=AWX817 basecall_gpu=NVIDIA_Tegra_X2 protocol_group_id=ONT_trialEb_250925 sample_id=ONT_trail_250925 barcode=barcode22 barcode_alias=barcode22 parent_read_id=c4bdbe49-e75e-4952-9830-9ce96e1c78d3 basecall_model_version_id=dna_r10.4.1_e8.2_400bps_hac@v4.3.0
224	c4bdbe49-e75e-4952-9830-9ce96e1c78d3 runid=0dfb5b492dc86ce99bf7c61c734eb364afcdb5c8 ch=79 start_time=2025-09-26T00:37:40.398161+00:00 flow_cell_id=AWX817 basecall_gpu=NVIDIA_Tegra_X2 protocol_group_id=ONT_trialEb_250925 sample_id=ONT_trail_250925 barcode=barcode22 barcode_alias=barcode22 parent_read_id=c4bdbe49-e75e-4952-9830-9ce96e1c78d3 basecall_model_version_id=dna_r10.4.1_e8.2_400bps_hac@v4.3.0
224	9aa7a41d-39d8-417f-8a0d-9cd8165a1bc5 runid=0dfb5b492dc86ce99bf7c61c734eb364afcdb5c8 ch=20 start_time=2025-09-26T00:33:56.398161+00:00 flow_cell_id=AWX817 basecall_gpu=NVIDIA_Tegra_X2 protocol_group_id=ONT_trialEb_250925 sample_id=ONT_trail_250925 barcode=barcode15 barcode_alias=barcode15 parent_read_id=9aa7a41d-39d8-417f-8a0d-9cd8165a1bc5 basecall_model_version_id=dna_r10.4.1_e8.2_400bps_hac@v4.3.0
224	1add89f1-ff9a-40f4-816c-e142d61bb107 runid=0dfb5b492dc86ce99bf7c61c734eb364afcdb5c8 ch=93 start_time=2025-09-25T18:43:55.398161+00:00 flow_cell_id=AWX817 basecall_gpu=NVIDIA_Tegra_X2 protocol_group_id=ONT_trialEb_250925 sample_id=ONT_trail_250925 barcode=barcode14 barcode_alias=barcode14 parent_read_id=1add89f1-ff9a-40f4-816c-e142d61bb107 basecall_model_version_id=dna_r10.4.1_e8.2_400bps_hac@v4.3.0 rc
224	1add89f1-ff9a-40f4-816c-e142d61bb107 runid=0dfb5b492dc86ce99bf7c61c734eb364afcdb5c8 ch=93 start_time=2025-09-25T18:43:55.398161+00:00 flow_cell_id=AWX817 basecall_gpu=NVIDIA_Tegra_X2 protocol_group_id=ONT_trialEb_250925 sample_id=ONT_trail_250925 barcode=barcode14 barcode_alias=barcode14 parent_read_id=1add89f1-ff9a-40f4-816c-e142d61bb107 basecall_model_version_id=dna_r10.4.1_e8.2_400bps_hac@v4.3.0 rc
224	dd0d409e-1efc-46ae-a9d0-5cafd0433a01 runid=0dfb5b492dc86ce99bf7c61c734eb364afcdb5c8 ch=80 start_time=2025-09-25T17:08:07.398161+00:00 flow_cell_id=AWX817 basecall_gpu=NVIDIA_Tegra_X2 protocol_group_id=ONT_trialEb_250925 sample_id=ONT_trail_250925 barcode=barcode22 barcode_alias=barcode22 parent_read_id=bf4e46c1-2301-415d-a2a8-39a01df788e8 basecall_model_version_id=dna_r10.4.1_e8.2_400bps_hac@v4.3.0
224	dd0d409e-1efc-46ae-a9d0-5cafd0433a01 runid=0dfb5b492dc86ce99bf7c61c734eb364afcdb5c8 ch=80 start_time=2025-09-25T17:08:07.398161+00:00 flow_cell_id=AWX817 basecall_gpu=NVIDIA_Tegra_X2 protocol_group_id=ONT_trialEb_250925 sample_id=ONT_trail_250925 barcode=barcode22 barcode_alias=barcode22 parent_read_id=bf4e46c1-2301-415d-a2a8-39a01df788e8 basecall_model_version_id=dna_r10.4.1_e8.2_400bps_hac@v4.3.0
224	58f1ea27-7e1f-41f8-b34d-ee37238616c0 runid=0dfb5b492dc86ce99bf7c61c734eb364afcdb5c8 ch=113 start_time=2025-09-25T16:31:09.398161+00:00 flow_cell_id=AWX817 basecall_gpu=NVIDIA_Tegra_X2 protocol_group_id=ONT_trialEb_250925 sample_id=ONT_trail_250925 barcode=barcode15 barcode_alias=barcode15 parent_read_id=58f1ea27-7e1f-41f8-b34d-ee37238616c0 basecall_model_version_id=dna_r10.4.1_e8.2_400bps_hac@v4.3.0
224	8ad433ac-a17f-4e36-8a35-2c8b6e5d7a78 runid=0dfb5b492dc86ce99bf7c61c734eb364afcdb5c8 ch=41 start_time=2025-09-25T17:12:07.398161+00:00 flow_cell_id=AWX817 basecall_gpu=NVIDIA_Tegra_X2 protocol_group_id=ONT_trialEb_250925 sample_id=ONT_trail_250925 barcode=barcode15 barcode_alias=barcode15 parent_read_id=8ad433ac-a17f-4e36-8a35-2c8b6e5d7a78 basecall_model_version_id=dna_r10.4.1_e8.2_400bps_hac@v4.3.0 rc
224	a22fb8d2-6555-44dc-aa30-4b0bf640c813 runid=0dfb5b492dc86ce99bf7c61c734eb364afcdb5c8 ch=118 start_time=2025-09-26T03:08:57.398161+00:00 flow_cell_id=AWX817 basecall_gpu=NVIDIA_Tegra_X2 protocol_group_id=ONT_trialEb_250925 sample_id=ONT_trail_250925 barcode=barcode23 barcode_alias=barcode23 parent_read_id=a22fb8d2-6555-44dc-aa30-4b0bf640c813 basecall_model_version_id=dna_r10.4.1_e8.2_400bps_hac@v4.3.0 rc
224	8ac7f684-b4d6-4775-9952-08fcd7304f1c runid=0dfb5b492dc86ce99bf7c61c734eb364afcdb5c8 ch=4 start_time=2025-09-26T07:11:40.398161+00:00 flow_cell_id=AWX817 basecall_gpu=NVIDIA_Tegra_X2 protocol_group_id=ONT_trialEb_250925 sample_id=ONT_trail_250925 barcode=barcode15 barcode_alias=barcode15 parent_read_id=8ac7f684-b4d6-4775-9952-08fcd7304f1c basecall_model_version_id=dna_r10.4.1_e8.2_400bps_hac@v4.3.0 rc
224	a8137128-b5c3-4fd1-b21d-827270cf2a35 runid=0dfb5b492dc86ce99bf7c61c734eb364afcdb5c8 ch=4 start_time=2025-09-26T00:59:19.398161+00:00 flow_cell_id=AWX817 basecall_gpu=NVIDIA_Tegra_X2 protocol_group_id=ONT_trialEb_250925 sample_id=ONT_trail_250925 barcode=barcode22 barcode_alias=barcode22 parent_read_id=a8137128-b5c3-4fd1-b21d-827270cf2a35 basecall_model_version_id=dna_r10.4.1_e8.2_400bps_hac@v4.3.0
224	a8137128-b5c3-4fd1-b21d-827270cf2a35 runid=0dfb5b492dc86ce99bf7c61c734eb364afcdb5c8 ch=4 start_time=2025-09-26T00:59:19.398161+00:00 flow_cell_id=AWX817 basecall_gpu=NVIDIA_Tegra_X2 protocol_group_id=ONT_trialEb_250925 sample_id=ONT_trail_250925 barcode=barcode22 barcode_alias=barcode22 parent_read_id=a8137128-b5c3-4fd1-b21d-827270cf2a35 basecall_model_version_id=dna_r10.4.1_e8.2_400bps_hac@v4.3.0
224	ce977596-86d6-4e40-a42a-61f148ec2b7b runid=0dfb5b492dc86ce99bf7c61c734eb364afcdb5c8 ch=40 start_time=2025-09-25T18:30:05.398161+00:00 flow_cell_id=AWX817 basecall_gpu=NVIDIA_Tegra_X2 protocol_group_id=ONT_trialEb_250925 sample_id=ONT_trail_250925 barcode=barcode23 barcode_alias=barcode23 parent_read_id=ce977596-86d6-4e40-a42a-61f148ec2b7b basecall_model_version_id=dna_r10.4.1_e8.2_400bps_hac@v4.3.0
224	6e86fd8e-b619-4bc1-b87e-b53ab4e30d68 runid=0dfb5b492dc86ce99bf7c61c734eb364afcdb5c8 ch=77 start_time=2025-09-25T15:55:20.398161+00:00 flow_cell_id=AWX817 basecall_gpu=NVIDIA_Tegra_X2 protocol_group_id=ONT_trialEb_250925 sample_id=ONT_trail_250925 barcode=barcode24 barcode_alias=barcode24 parent_read_id=6e86fd8e-b619-4bc1-b87e-b53ab4e30d68 basecall_model_version_id=dna_r10.4.1_e8.2_400bps_hac@v4.3.0 rc
224	c912e744-d915-40bc-a682-15a73cc6823e runid=0dfb5b492dc86ce99bf7c61c734eb364afcdb5c8 ch=20 start_time=2025-09-25T20:15:41.398161+00:00 flow_cell_id=AWX817 basecall_gpu=NVIDIA_Tegra_X2 protocol_group_id=ONT_trialEb_250925 sample_id=ONT_trail_250925 barcode=barcode22 barcode_alias=barcode22 parent_read_id=c912e744-d915-40bc-a682-15a73cc6823e basecall_model_version_id=dna_r10.4.1_e8.2_400bps_hac@v4.3.0 rc
224	c912e744-d915-40bc-a682-15a73cc6823e runid=0dfb5b492dc86ce99bf7c61c734eb364afcdb5c8 ch=20 start_time=2025-09-25T20:15:41.398161+00:00 flow_cell_id=AWX817 basecall_gpu=NVIDIA_Tegra_X2 protocol_group_id=ONT_trialEb_250925 sample_id=ONT_trail_250925 barcode=barcode22 barcode_alias=barcode22 parent_read_id=c912e744-d915-40bc-a682-15a73cc6823e basecall_model_version_id=dna_r10.4.1_e8.2_400bps_hac@v4.3.0 rc
224	860d7260-78e6-4cd9-a0a3-26422b2abf03 runid=0dfb5b492dc86ce99bf7c61c734eb364afcdb5c8 ch=4 start_time=2025-09-25T17:55:08.398161+00:00 flow_cell_id=AWX817 basecall_gpu=NVIDIA_Tegra_X2 protocol_group_id=ONT_trialEb_250925 sample_id=ONT_trail_250925 barcode=barcode22 barcode_alias=barcode22 parent_read_id=860d7260-78e6-4cd9-a0a3-26422b2abf03 basecall_model_version_id=dna_r10.4.1_e8.2_400bps_hac@v4.3.0
224	860d7260-78e6-4cd9-a0a3-26422b2abf03 runid=0dfb5b492dc86ce99bf7c61c734eb364afcdb5c8 ch=4 start_time=2025-09-25T17:55:08.398161+00:00 flow_cell_id=AWX817 basecall_gpu=NVIDIA_Tegra_X2 protocol_group_id=ONT_trialEb_250925 sample_id=ONT_trail_250925 barcode=barcode22 barcode_alias=barcode22 parent_read_id=860d7260-78e6-4cd9-a0a3-26422b2abf03 basecall_model_version_id=dna_r10.4.1_e8.2_400bps_hac@v4.3.0
224	e6ddc2b0-98f4-48e2-aa22-90358879cc3a runid=0dfb5b492dc86ce99bf7c61c734eb364afcdb5c8 ch=29 start_time=2025-09-25T16:15:34.398161+00:00 flow_cell_id=AWX817 basecall_gpu=NVIDIA_Tegra_X2 protocol_group_id=ONT_trialEb_250925 sample_id=ONT_trail_250925 barcode=barcode22 barcode_alias=barcode22 parent_read_id=e6ddc2b0-98f4-48e2-aa22-90358879cc3a basecall_model_version_id=dna_r10.4.1_e8.2_400bps_hac@v4.3.0 rc
224	e6ddc2b0-98f4-48e2-aa22-90358879cc3a runid=0dfb5b492dc86ce99bf7c61c734eb364afcdb5c8 ch=29 start_time=2025-09-25T16:15:34.398161+00:00 flow_cell_id=AWX817 basecall_gpu=NVIDIA_Tegra_X2 protocol_group_id=ONT_trialEb_250925 sample_id=ONT_trail_250925 barcode=barcode22 barcode_alias=barcode22 parent_read_id=e6ddc2b0-98f4-48e2-aa22-90358879cc3a basecall_model_version_id=dna_r10.4.1_e8.2_400bps_hac@v4.3.0 rc
224	270e530e-d776-4f5b-b1f4-6f1133e64c26 runid=0dfb5b492dc86ce99bf7c61c734eb364afcdb5c8 ch=85 start_time=2025-09-26T03:36:37.398161+00:00 flow_cell_id=AWX817 basecall_gpu=NVIDIA_Tegra_X2 protocol_group_id=ONT_trialEb_250925 sample_id=ONT_trail_250925 barcode=barcode22 barcode_alias=barcode22 parent_read_id=270e530e-d776-4f5b-b1f4-6f1133e64c26 basecall_model_version_id=dna_r10.4.1_e8.2_400bps_hac@v4.3.0
224	270e530e-d776-4f5b-b1f4-6f1133e64c26 runid=0dfb5b492dc86ce99bf7c61c734eb364afcdb5c8 ch=85 start_time=2025-09-26T03:36:37.398161+00:00 flow_cell_id=AWX817 basecall_gpu=NVIDIA_Tegra_X2 protocol_group_id=ONT_trialEb_250925 sample_id=ONT_trail_250925 barcode=barcode22 barcode_alias=barcode22 parent_read_id=270e530e-d776-4f5b-b1f4-6f1133e64c26 basecall_model_version_id=dna_r10.4.1_e8.2_400bps_hac@v4.3.0
224	71612187-9456-43eb-aa81-210c282c1a6d runid=0dfb5b492dc86ce99bf7c61c734eb364afcdb5c8 ch=5 start_time=2025-09-25T21:44:05.398161+00:00 flow_cell_id=AWX817 basecall_gpu=NVIDIA_Tegra_X2 protocol_group_id=ONT_trialEb_250925 sample_id=ONT_trail_250925 barcode=barcode22 barcode_alias=barcode22 parent_read_id=71612187-9456-43eb-aa81-210c282c1a6d basecall_model_version_id=dna_r10.4.1_e8.2_400bps_hac@v4.3.0 rc
224	71612187-9456-43eb-aa81-210c282c1a6d runid=0dfb5b492dc86ce99bf7c61c734eb364afcdb5c8 ch=5 start_time=2025-09-25T21:44:05.398161+00:00 flow_cell_id=AWX817 basecall_gpu=NVIDIA_Tegra_X2 protocol_group_id=ONT_trialEb_250925 sample_id=ONT_trail_250925 barcode=barcode22 barcode_alias=barcode22 parent_read_id=71612187-9456-43eb-aa81-210c282c1a6d basecall_model_version_id=dna_r10.4.1_e8.2_400bps_hac@v4.3.0 rc
224	5cd1439d-2fa4-40f6-ab3a-e831d1d0a5ec runid=0dfb5b492dc86ce99bf7c61c734eb364afcdb5c8 ch=106 start_time=2025-09-25T17:55:27.398161+00:00 flow_cell_id=AWX817 basecall_gpu=NVIDIA_Tegra_X2 protocol_group_id=ONT_trialEb_250925 sample_id=ONT_trail_250925 barcode=barcode23 barcode_alias=barcode23 parent_read_id=5cd1439d-2fa4-40f6-ab3a-e831d1d0a5ec basecall_model_version_id=dna_r10.4.1_e8.2_400bps_hac@v4.3.0 rc
224	109938d0-b5b4-45da-9c85-24f21a9d769e runid=0dfb5b492dc86ce99bf7c61c734eb364afcdb5c8 ch=44 start_time=2025-09-25T18:42:48.398161+00:00 flow_cell_id=AWX817 basecall_gpu=NVIDIA_Tegra_X2 protocol_group_id=ONT_trialEb_250925 sample_id=ONT_trail_250925 barcode=barcode22 barcode_alias=barcode22 parent_read_id=109938d0-b5b4-45da-9c85-24f21a9d769e basecall_model_version_id=dna_r10.4.1_e8.2_400bps_hac@v4.3.0
224	109938d0-b5b4-45da-9c85-24f21a9d769e runid=0dfb5b492dc86ce99bf7c61c734eb364afcdb5c8 ch=44 start_time=2025-09-25T18:42:48.398161+00:00 flow_cell_id=AWX817 basecall_gpu=NVIDIA_Tegra_X2 protocol_group_id=ONT_trialEb_250925 sample_id=ONT_trail_250925 barcode=barcode22 barcode_alias=barcode22 parent_read_id=109938d0-b5b4-45da-9c85-24f21a9d769e basecall_model_version_id=dna_r10.4.1_e8.2_400bps_hac@v4.3.0
224	ffac20ab-8eba-4905-8d31-6ae7d3b1e829 runid=0dfb5b492dc86ce99bf7c61c734eb364afcdb5c8 ch=80 start_time=2025-09-25T19:44:05.398161+00:00 flow_cell_id=AWX817 basecall_gpu=NVIDIA_Tegra_X2 protocol_group_id=ONT_trialEb_250925 sample_id=ONT_trail_250925 barcode=barcode22 barcode_alias=barcode22 parent_read_id=ffac20ab-8eba-4905-8d31-6ae7d3b1e829 basecall_model_version_id=dna_r10.4.1_e8.2_400bps_hac@v4.3.0
224	ffac20ab-8eba-4905-8d31-6ae7d3b1e829 runid=0dfb5b492dc86ce99bf7c61c734eb364afcdb5c8 ch=80 start_time=2025-09-25T19:44:05.398161+00:00 flow_cell_id=AWX817 basecall_gpu=NVIDIA_Tegra_X2 protocol_group_id=ONT_trialEb_250925 sample_id=ONT_trail_250925 barcode=barcode22 barcode_alias=barcode22 parent_read_id=ffac20ab-8eba-4905-8d31-6ae7d3b1e829 basecall_model_version_id=dna_r10.4.1_e8.2_400bps_hac@v4.3.0
224	c8c33a8f-02f3-41ef-95d1-7697ebd92656 runid=0dfb5b492dc86ce99bf7c61c734eb364afcdb5c8 ch=5 start_time=2025-09-25T21:49:09.398161+00:00 flow_cell_id=AWX817 basecall_gpu=NVIDIA_Tegra_X2 protocol_group_id=ONT_trialEb_250925 sample_id=ONT_trail_250925 barcode=barcode23 barcode_alias=barcode23 parent_read_id=1b7fafbd-7d9d-49a2-95e1-d59cdabe2d5b basecall_model_version_id=dna_r10.4.1_e8.2_400bps_hac@v4.3.0 rc
224	31d16bae-ed41-47eb-b621-0de361d2bdea runid=0dfb5b492dc86ce99bf7c61c734eb364afcdb5c8 ch=43 start_time=2025-09-25T20:47:12.398161+00:00 flow_cell_id=AWX817 basecall_gpu=NVIDIA_Tegra_X2 protocol_group_id=ONT_trialEb_250925 sample_id=ONT_trail_250925 barcode=barcode22 barcode_alias=barcode22 parent_read_id=31d16bae-ed41-47eb-b621-0de361d2bdea basecall_model_version_id=dna_r10.4.1_e8.2_400bps_hac@v4.3.0
224	31d16bae-ed41-47eb-b621-0de361d2bdea runid=0dfb5b492dc86ce99bf7c61c734eb364afcdb5c8 ch=43 start_time=2025-09-25T20:47:12.398161+00:00 flow_cell_id=AWX817 basecall_gpu=NVIDIA_Tegra_X2 protocol_group_id=ONT_trialEb_250925 sample_id=ONT_trail_250925 barcode=barcode22 barcode_alias=barcode22 parent_read_id=31d16bae-ed41-47eb-b621-0de361d2bdea basecall_model_version_id=dna_r10.4.1_e8.2_400bps_hac@v4.3.0
224	17fe0d0e-231e-4f48-b72d-e5550601320a runid=0dfb5b492dc86ce99bf7c61c734eb364afcdb5c8 ch=85 start_time=2025-09-25T20:45:07.398161+00:00 flow_cell_id=AWX817 basecall_gpu=NVIDIA_Tegra_X2 protocol_group_id=ONT_trialEb_250925 sample_id=ONT_trail_250925 barcode=barcode22 barcode_alias=barcode22 parent_read_id=17fe0d0e-231e-4f48-b72d-e5550601320a basecall_model_version_id=dna_r10.4.1_e8.2_400bps_hac@v4.3.0
224	17fe0d0e-231e-4f48-b72d-e5550601320a runid=0dfb5b492dc86ce99bf7c61c734eb364afcdb5c8 ch=85 start_time=2025-09-25T20:45:07.398161+00:00 flow_cell_id=AWX817 basecall_gpu=NVIDIA_Tegra_X2 protocol_group_id=ONT_trialEb_250925 sample_id=ONT_trail_250925 barcode=barcode22 barcode_alias=barcode22 parent_read_id=17fe0d0e-231e-4f48-b72d-e5550601320a basecall_model_version_id=dna_r10.4.1_e8.2_400bps_hac@v4.3.0
224	a1553caf-d22c-4bec-a2f5-1994aefcf8a9 runid=0dfb5b492dc86ce99bf7c61c734eb364afcdb5c8 ch=73 start_time=2025-09-25T19:56:42.398161+00:00 flow_cell_id=AWX817 basecall_gpu=NVIDIA_Tegra_X2 protocol_group_id=ONT_trialEb_250925 sample_id=ONT_trail_250925 barcode=barcode22 barcode_alias=barcode22 parent_read_id=a1553caf-d22c-4bec-a2f5-1994aefcf8a9 basecall_model_version_id=dna_r10.4.1_e8.2_400bps_hac@v4.3.0
224	a1553caf-d22c-4bec-a2f5-1994aefcf8a9 runid=0dfb5b492dc86ce99bf7c61c734eb364afcdb5c8 ch=73 start_time=2025-09-25T19:56:42.398161+00:00 flow_cell_id=AWX817 basecall_gpu=NVIDIA_Tegra_X2 protocol_group_id=ONT_trialEb_250925 sample_id=ONT_trail_250925 barcode=barcode22 barcode_alias=barcode22 parent_read_id=a1553caf-d22c-4bec-a2f5-1994aefcf8a9 basecall_model_version_id=dna_r10.4.1_e8.2_400bps_hac@v4.3.0
224	b9842347-7026-4774-94f5-e688e7be38b7 runid=0dfb5b492dc86ce99bf7c61c734eb364afcdb5c8 ch=6 start_time=2025-09-25T17:38:48.398161+00:00 flow_cell_id=AWX817 basecall_gpu=NVIDIA_Tegra_X2 protocol_group_id=ONT_trialEb_250925 sample_id=ONT_trail_250925 barcode=barcode22 barcode_alias=barcode22 parent_read_id=b9842347-7026-4774-94f5-e688e7be38b7 basecall_model_version_id=dna_r10.4.1_e8.2_400bps_hac@v4.3.0
224	b9842347-7026-4774-94f5-e688e7be38b7 runid=0dfb5b492dc86ce99bf7c61c734eb364afcdb5c8 ch=6 start_time=2025-09-25T17:38:48.398161+00:00 flow_cell_id=AWX817 basecall_gpu=NVIDIA_Tegra_X2 protocol_group_id=ONT_trialEb_250925 sample_id=ONT_trail_250925 barcode=barcode22 barcode_alias=barcode22 parent_read_id=b9842347-7026-4774-94f5-e688e7be38b7 basecall_model_version_id=dna_r10.4.1_e8.2_400bps_hac@v4.3.0
224	44d187e8-e7b6-42d8-a5d5-5267fd42e5e9 runid=0dfb5b492dc86ce99bf7c61c734eb364afcdb5c8 ch=5 start_time=2025-09-25T21:02:30.398161+00:00 flow_cell_id=AWX817 basecall_gpu=NVIDIA_Tegra_X2 protocol_group_id=ONT_trialEb_250925 sample_id=ONT_trail_250925 barcode=barcode22 barcode_alias=barcode22 parent_read_id=44d187e8-e7b6-42d8-a5d5-5267fd42e5e9 basecall_model_version_id=dna_r10.4.1_e8.2_400bps_hac@v4.3.0
224	44d187e8-e7b6-42d8-a5d5-5267fd42e5e9 runid=0dfb5b492dc86ce99bf7c61c734eb364afcdb5c8 ch=5 start_time=2025-09-25T21:02:30.398161+00:00 flow_cell_id=AWX817 basecall_gpu=NVIDIA_Tegra_X2 protocol_group_id=ONT_trialEb_250925 sample_id=ONT_trail_250925 barcode=barcode22 barcode_alias=barcode22 parent_read_id=44d187e8-e7b6-42d8-a5d5-5267fd42e5e9 basecall_model_version_id=dna_r10.4.1_e8.2_400bps_hac@v4.3.0
224	6fb87df0-582c-4418-b611-b1d02cc5231c runid=0dfb5b492dc86ce99bf7c61c734eb364afcdb5c8 ch=4 start_time=2025-09-25T22:50:53.398161+00:00 flow_cell_id=AWX817 basecall_gpu=NVIDIA_Tegra_X2 protocol_group_id=ONT_trialEb_250925 sample_id=ONT_trail_250925 barcode=barcode23 barcode_alias=barcode23 parent_read_id=6fb87df0-582c-4418-b611-b1d02cc5231c basecall_model_version_id=dna_r10.4.1_e8.2_400bps_hac@v4.3.0
224	098a5ee2-15a5-42a8-a9c5-9c450d9a1560 runid=0dfb5b492dc86ce99bf7c61c734eb364afcdb5c8 ch=100 start_time=2025-09-25T22:25:55.398161+00:00 flow_cell_id=AWX817 basecall_gpu=NVIDIA_Tegra_X2 protocol_group_id=ONT_trialEb_250925 sample_id=ONT_trail_250925 barcode=barcode23 barcode_alias=barcode23 parent_read_id=098a5ee2-15a5-42a8-a9c5-9c450d9a1560 basecall_model_version_id=dna_r10.4.1_e8.2_400bps_hac@v4.3.0 rc
224	da9cf083-4933-47f3-95b9-66b3f4ae5bd2 runid=0dfb5b492dc86ce99bf7c61c734eb364afcdb5c8 ch=39 start_time=2025-09-25T21:20:15.398161+00:00 flow_cell_id=AWX817 basecall_gpu=NVIDIA_Tegra_X2 protocol_group_id=ONT_trialEb_250925 sample_id=ONT_trail_250925 barcode=barcode15 barcode_alias=barcode15 parent_read_id=da9cf083-4933-47f3-95b9-66b3f4ae5bd2 basecall_model_version_id=dna_r10.4.1_e8.2_400bps_hac@v4.3.0 rc
224	741f16e0-4569-40f3-ae4b-35562c5f67c4 runid=0dfb5b492dc86ce99bf7c61c734eb364afcdb5c8 ch=4 start_time=2025-09-26T01:53:22.398161+00:00 flow_cell_id=AWX817 basecall_gpu=NVIDIA_Tegra_X2 protocol_group_id=ONT_trialEb_250925 sample_id=ONT_trail_250925 barcode=barcode22 barcode_alias=barcode22 parent_read_id=741f16e0-4569-40f3-ae4b-35562c5f67c4 basecall_model_version_id=dna_r10.4.1_e8.2_400bps_hac@v4.3.0
224	741f16e0-4569-40f3-ae4b-35562c5f67c4 runid=0dfb5b492dc86ce99bf7c61c734eb364afcdb5c8 ch=4 start_time=2025-09-26T01:53:22.398161+00:00 flow_cell_id=AWX817 basecall_gpu=NVIDIA_Tegra_X2 protocol_group_id=ONT_trialEb_250925 sample_id=ONT_trail_250925 barcode=barcode22 barcode_alias=barcode22 parent_read_id=741f16e0-4569-40f3-ae4b-35562c5f67c4 basecall_model_version_id=dna_r10.4.1_e8.2_400bps_hac@v4.3.0
224	adc6bab0-4089-4461-ae75-2641e3849da9 runid=0dfb5b492dc86ce99bf7c61c734eb364afcdb5c8 ch=20 start_time=2025-09-26T04:34:54.398161+00:00 flow_cell_id=AWX817 basecall_gpu=NVIDIA_Tegra_X2 protocol_group_id=ONT_trialEb_250925 sample_id=ONT_trail_250925 barcode=barcode23 barcode_alias=barcode23 parent_read_id=03c226ef-98cc-4762-892a-0c758ed76edf basecall_model_version_id=dna_r10.4.1_e8.2_400bps_hac@v4.3.0 rc
224	5c82a10f-c768-4358-b02c-e489b073ac05 runid=0dfb5b492dc86ce99bf7c61c734eb364afcdb5c8 ch=92 start_time=2025-09-25T22:28:47.398161+00:00 flow_cell_id=AWX817 basecall_gpu=NVIDIA_Tegra_X2 protocol_group_id=ONT_trialEb_250925 sample_id=ONT_trail_250925 barcode=barcode23 barcode_alias=barcode23 parent_read_id=5c82a10f-c768-4358-b02c-e489b073ac05 basecall_model_version_id=dna_r10.4.1_e8.2_400bps_hac@v4.3.0 rc
224	eaf3e036-c1ae-47c4-826b-a95769edf3c2 runid=0dfb5b492dc86ce99bf7c61c734eb364afcdb5c8 ch=49 start_time=2025-09-26T12:22:06.398161+00:00 flow_cell_id=AWX817 basecall_gpu=NVIDIA_Tegra_X2 protocol_group_id=ONT_trialEb_250925 sample_id=ONT_trail_250925 barcode=barcode22 barcode_alias=barcode22 parent_read_id=eaf3e036-c1ae-47c4-826b-a95769edf3c2 basecall_model_version_id=dna_r10.4.1_e8.2_400bps_hac@v4.3.0
224	eaf3e036-c1ae-47c4-826b-a95769edf3c2 runid=0dfb5b492dc86ce99bf7c61c734eb364afcdb5c8 ch=49 start_time=2025-09-26T12:22:06.398161+00:00 flow_cell_id=AWX817 basecall_gpu=NVIDIA_Tegra_X2 protocol_group_id=ONT_trialEb_250925 sample_id=ONT_trail_250925 barcode=barcode22 barcode_alias=barcode22 parent_read_id=eaf3e036-c1ae-47c4-826b-a95769edf3c2 basecall_model_version_id=dna_r10.4.1_e8.2_400bps_hac@v4.3.0
224	92bbb386-7c20-46d8-be3b-9578568bfa0a runid=0dfb5b492dc86ce99bf7c61c734eb364afcdb5c8 ch=110 start_time=2025-09-25T16:55:22.398161+00:00 flow_cell_id=AWX817 basecall_gpu=NVIDIA_Tegra_X2 protocol_group_id=ONT_trialEb_250925 sample_id=ONT_trail_250925 barcode=barcode23 barcode_alias=barcode23 parent_read_id=92bbb386-7c20-46d8-be3b-9578568bfa0a basecall_model_version_id=dna_r10.4.1_e8.2_400bps_hac@v4.3.0 rc
224	65e1e380-7944-48e1-879e-1e05d571e3bb runid=0dfb5b492dc86ce99bf7c61c734eb364afcdb5c8 ch=49 start_time=2025-09-26T04:58:28.398161+00:00 flow_cell_id=AWX817 basecall_gpu=NVIDIA_Tegra_X2 protocol_group_id=ONT_trialEb_250925 sample_id=ONT_trail_250925 barcode=barcode24 barcode_alias=barcode24 parent_read_id=65e1e380-7944-48e1-879e-1e05d571e3bb basecall_model_version_id=dna_r10.4.1_e8.2_400bps_hac@v4.3.0
224	3cc5c636-5268-48c9-88a5-9f1e0f13940a runid=0dfb5b492dc86ce99bf7c61c734eb364afcdb5c8 ch=44 start_time=2025-09-26T00:30:02.398161+00:00 flow_cell_id=AWX817 basecall_gpu=NVIDIA_Tegra_X2 protocol_group_id=ONT_trialEb_250925 sample_id=ONT_trail_250925 barcode=barcode24 barcode_alias=barcode24 parent_read_id=3cc5c636-5268-48c9-88a5-9f1e0f13940a basecall_model_version_id=dna_r10.4.1_e8.2_400bps_hac@v4.3.0
224	105358cf-07d5-464c-8023-944733c74a6b runid=0dfb5b492dc86ce99bf7c61c734eb364afcdb5c8 ch=110 start_time=2025-09-25T18:40:06.398161+00:00 flow_cell_id=AWX817 basecall_gpu=NVIDIA_Tegra_X2 protocol_group_id=ONT_trialEb_250925 sample_id=ONT_trail_250925 barcode=barcode22 barcode_alias=barcode22 parent_read_id=936141b4-b849-460d-b81e-c0af14f7d32e basecall_model_version_id=dna_r10.4.1_e8.2_400bps_hac@v4.3.0
224	105358cf-07d5-464c-8023-944733c74a6b runid=0dfb5b492dc86ce99bf7c61c734eb364afcdb5c8 ch=110 start_time=2025-09-25T18:40:06.398161+00:00 flow_cell_id=AWX817 basecall_gpu=NVIDIA_Tegra_X2 protocol_group_id=ONT_trialEb_250925 sample_id=ONT_trail_250925 barcode=barcode22 barcode_alias=barcode22 parent_read_id=936141b4-b849-460d-b81e-c0af14f7d32e basecall_model_version_id=dna_r10.4.1_e8.2_400bps_hac@v4.3.0
224	5ca063fc-1d6c-490b-ae3b-9d02135c2094 runid=0dfb5b492dc86ce99bf7c61c734eb364afcdb5c8 ch=79 start_time=2025-09-25T22:35:18.398161+00:00 flow_cell_id=AWX817 basecall_gpu=NVIDIA_Tegra_X2 protocol_group_id=ONT_trialEb_250925 sample_id=ONT_trail_250925 barcode=barcode22 barcode_alias=barcode22 parent_read_id=5ca063fc-1d6c-490b-ae3b-9d02135c2094 basecall_model_version_id=dna_r10.4.1_e8.2_400bps_hac@v4.3.0 rc
224	5ca063fc-1d6c-490b-ae3b-9d02135c2094 runid=0dfb5b492dc86ce99bf7c61c734eb364afcdb5c8 ch=79 start_time=2025-09-25T22:35:18.398161+00:00 flow_cell_id=AWX817 basecall_gpu=NVIDIA_Tegra_X2 protocol_group_id=ONT_trialEb_250925 sample_id=ONT_trail_250925 barcode=barcode22 barcode_alias=barcode22 parent_read_id=5ca063fc-1d6c-490b-ae3b-9d02135c2094 basecall_model_version_id=dna_r10.4.1_e8.2_400bps_hac@v4.3.0 rc
224	e260bbb5-88d5-472d-af7f-1b3ffeecc6b3 runid=0dfb5b492dc86ce99bf7c61c734eb364afcdb5c8 ch=106 start_time=2025-09-25T18:35:16.398161+00:00 flow_cell_id=AWX817 basecall_gpu=NVIDIA_Tegra_X2 protocol_group_id=ONT_trialEb_250925 sample_id=ONT_trail_250925 barcode=barcode15 barcode_alias=barcode15 parent_read_id=e260bbb5-88d5-472d-af7f-1b3ffeecc6b3 basecall_model_version_id=dna_r10.4.1_e8.2_400bps_hac@v4.3.0 rc
224	ebcc7351-5fa2-4eb6-8787-f132e66729e0 runid=0dfb5b492dc86ce99bf7c61c734eb364afcdb5c8 ch=4 start_time=2025-09-26T01:02:33.398161+00:00 flow_cell_id=AWX817 basecall_gpu=NVIDIA_Tegra_X2 protocol_group_id=ONT_trialEb_250925 sample_id=ONT_trail_250925 barcode=barcode22 barcode_alias=barcode22 parent_read_id=ebcc7351-5fa2-4eb6-8787-f132e66729e0 basecall_model_version_id=dna_r10.4.1_e8.2_400bps_hac@v4.3.0
224	ebcc7351-5fa2-4eb6-8787-f132e66729e0 runid=0dfb5b492dc86ce99bf7c61c734eb364afcdb5c8 ch=4 start_time=2025-09-26T01:02:33.398161+00:00 flow_cell_id=AWX817 basecall_gpu=NVIDIA_Tegra_X2 protocol_group_id=ONT_trialEb_250925 sample_id=ONT_trail_250925 barcode=barcode22 barcode_alias=barcode22 parent_read_id=ebcc7351-5fa2-4eb6-8787-f132e66729e0 basecall_model_version_id=dna_r10.4.1_e8.2_400bps_hac@v4.3.0
224	eaaa9fb6-03bf-43b4-a1dd-49eefdcd9c8f runid=0dfb5b492dc86ce99bf7c61c734eb364afcdb5c8 ch=4 start_time=2025-09-26T05:59:27.398161+00:00 flow_cell_id=AWX817 basecall_gpu=NVIDIA_Tegra_X2 protocol_group_id=ONT_trialEb_250925 sample_id=ONT_trail_250925 barcode=barcode24 barcode_alias=barcode24 parent_read_id=eaaa9fb6-03bf-43b4-a1dd-49eefdcd9c8f basecall_model_version_id=dna_r10.4.1_e8.2_400bps_hac@v4.3.0
224	0c037b9d-e848-4ce5-84a2-275e190a923e runid=0dfb5b492dc86ce99bf7c61c734eb364afcdb5c8 ch=77 start_time=2025-09-25T19:29:15.398161+00:00 flow_cell_id=AWX817 basecall_gpu=NVIDIA_Tegra_X2 protocol_group_id=ONT_trialEb_250925 sample_id=ONT_trail_250925 barcode=barcode22 barcode_alias=barcode22 parent_read_id=0c037b9d-e848-4ce5-84a2-275e190a923e basecall_model_version_id=dna_r10.4.1_e8.2_400bps_hac@v4.3.0 rc
224	0c037b9d-e848-4ce5-84a2-275e190a923e runid=0dfb5b492dc86ce99bf7c61c734eb364afcdb5c8 ch=77 start_time=2025-09-25T19:29:15.398161+00:00 flow_cell_id=AWX817 basecall_gpu=NVIDIA_Tegra_X2 protocol_group_id=ONT_trialEb_250925 sample_id=ONT_trail_250925 barcode=barcode22 barcode_alias=barcode22 parent_read_id=0c037b9d-e848-4ce5-84a2-275e190a923e basecall_model_version_id=dna_r10.4.1_e8.2_400bps_hac@v4.3.0 rc
224	c2e42318-ae83-4d70-85d8-a9cd48647feb runid=0dfb5b492dc86ce99bf7c61c734eb364afcdb5c8 ch=110 start_time=2025-09-25T19:45:55.398161+00:00 flow_cell_id=AWX817 basecall_gpu=NVIDIA_Tegra_X2 protocol_group_id=ONT_trialEb_250925 sample_id=ONT_trail_250925 barcode=barcode15 barcode_alias=barcode15 parent_read_id=c2e42318-ae83-4d70-85d8-a9cd48647feb basecall_model_version_id=dna_r10.4.1_e8.2_400bps_hac@v4.3.0
224	45d305be-5d9c-4035-89a0-78bb8b3c2815 runid=0dfb5b492dc86ce99bf7c61c734eb364afcdb5c8 ch=79 start_time=2025-09-25T17:26:41.398161+00:00 flow_cell_id=AWX817 basecall_gpu=NVIDIA_Tegra_X2 protocol_group_id=ONT_trialEb_250925 sample_id=ONT_trail_250925 barcode=barcode23 barcode_alias=barcode23 parent_read_id=45d305be-5d9c-4035-89a0-78bb8b3c2815 basecall_model_version_id=dna_r10.4.1_e8.2_400bps_hac@v4.3.0
224	44b64ba2-fd61-411a-810e-92b01d7af189 runid=0dfb5b492dc86ce99bf7c61c734eb364afcdb5c8 ch=20 start_time=2025-09-25T23:50:13.398161+00:00 flow_cell_id=AWX817 basecall_gpu=NVIDIA_Tegra_X2 protocol_group_id=ONT_trialEb_250925 sample_id=ONT_trail_250925 barcode=barcode14 barcode_alias=barcode14 parent_read_id=44b64ba2-fd61-411a-810e-92b01d7af189 basecall_model_version_id=dna_r10.4.1_e8.2_400bps_hac@v4.3.0 rc
224	44b64ba2-fd61-411a-810e-92b01d7af189 runid=0dfb5b492dc86ce99bf7c61c734eb364afcdb5c8 ch=20 start_time=2025-09-25T23:50:13.398161+00:00 flow_cell_id=AWX817 basecall_gpu=NVIDIA_Tegra_X2 protocol_group_id=ONT_trialEb_250925 sample_id=ONT_trail_250925 barcode=barcode14 barcode_alias=barcode14 parent_read_id=44b64ba2-fd61-411a-810e-92b01d7af189 basecall_model_version_id=dna_r10.4.1_e8.2_400bps_hac@v4.3.0 rc
224	0f498c91-e370-48d5-9a54-c06109fbb6d1 runid=0dfb5b492dc86ce99bf7c61c734eb364afcdb5c8 ch=41 start_time=2025-09-25T19:11:26.398161+00:00 flow_cell_id=AWX817 basecall_gpu=NVIDIA_Tegra_X2 protocol_group_id=ONT_trialEb_250925 sample_id=ONT_trail_250925 barcode=barcode22 barcode_alias=barcode22 parent_read_id=0f498c91-e370-48d5-9a54-c06109fbb6d1 basecall_model_version_id=dna_r10.4.1_e8.2_400bps_hac@v4.3.0
224	0f498c91-e370-48d5-9a54-c06109fbb6d1 runid=0dfb5b492dc86ce99bf7c61c734eb364afcdb5c8 ch=41 start_time=2025-09-25T19:11:26.398161+00:00 flow_cell_id=AWX817 basecall_gpu=NVIDIA_Tegra_X2 protocol_group_id=ONT_trialEb_250925 sample_id=ONT_trail_250925 barcode=barcode22 barcode_alias=barcode22 parent_read_id=0f498c91-e370-48d5-9a54-c06109fbb6d1 basecall_model_version_id=dna_r10.4.1_e8.2_400bps_hac@v4.3.0
224	f5fef31b-8d46-4718-b5ca-77d9be5358c9 runid=0dfb5b492dc86ce99bf7c61c734eb364afcdb5c8 ch=79 start_time=2025-09-25T21:12:47.398161+00:00 flow_cell_id=AWX817 basecall_gpu=NVIDIA_Tegra_X2 protocol_group_id=ONT_trialEb_250925 sample_id=ONT_trail_250925 barcode=barcode14 barcode_alias=barcode14 parent_read_id=f5fef31b-8d46-4718-b5ca-77d9be5358c9 basecall_model_version_id=dna_r10.4.1_e8.2_400bps_hac@v4.3.0
224	f5fef31b-8d46-4718-b5ca-77d9be5358c9 runid=0dfb5b492dc86ce99bf7c61c734eb364afcdb5c8 ch=79 start_time=2025-09-25T21:12:47.398161+00:00 flow_cell_id=AWX817 basecall_gpu=NVIDIA_Tegra_X2 protocol_group_id=ONT_trialEb_250925 sample_id=ONT_trail_250925 barcode=barcode14 barcode_alias=barcode14 parent_read_id=f5fef31b-8d46-4718-b5ca-77d9be5358c9 basecall_model_version_id=dna_r10.4.1_e8.2_400bps_hac@v4.3.0
224	3249ad60-1c6f-42c9-b528-ef63b3259c2f runid=0dfb5b492dc86ce99bf7c61c734eb364afcdb5c8 ch=6 start_time=2025-09-25T17:53:40.398161+00:00 flow_cell_id=AWX817 basecall_gpu=NVIDIA_Tegra_X2 protocol_group_id=ONT_trialEb_250925 sample_id=ONT_trail_250925 barcode=barcode14 barcode_alias=barcode14 parent_read_id=3249ad60-1c6f-42c9-b528-ef63b3259c2f basecall_model_version_id=dna_r10.4.1_e8.2_400bps_hac@v4.3.0
224	3249ad60-1c6f-42c9-b528-ef63b3259c2f runid=0dfb5b492dc86ce99bf7c61c734eb364afcdb5c8 ch=6 start_time=2025-09-25T17:53:40.398161+00:00 flow_cell_id=AWX817 basecall_gpu=NVIDIA_Tegra_X2 protocol_group_id=ONT_trialEb_250925 sample_id=ONT_trail_250925 barcode=barcode14 barcode_alias=barcode14 parent_read_id=3249ad60-1c6f-42c9-b528-ef63b3259c2f basecall_model_version_id=dna_r10.4.1_e8.2_400bps_hac@v4.3.0
224	52a0f9e3-b540-4beb-ab10-a086127d0dc0 runid=0dfb5b492dc86ce99bf7c61c734eb364afcdb5c8 ch=43 start_time=2025-09-25T16:40:43.398161+00:00 flow_cell_id=AWX817 basecall_gpu=NVIDIA_Tegra_X2 protocol_group_id=ONT_trialEb_250925 sample_id=ONT_trail_250925 barcode=barcode15 barcode_alias=barcode15 parent_read_id=52a0f9e3-b540-4beb-ab10-a086127d0dc0 basecall_model_version_id=dna_r10.4.1_e8.2_400bps_hac@v4.3.0
224	a7cb0f23-09c5-4be6-a05b-fa928ecfd887 runid=0dfb5b492dc86ce99bf7c61c734eb364afcdb5c8 ch=5 start_time=2025-09-25T17:45:35.398161+00:00 flow_cell_id=AWX817 basecall_gpu=NVIDIA_Tegra_X2 protocol_group_id=ONT_trialEb_250925 sample_id=ONT_trail_250925 barcode=barcode15 barcode_alias=barcode15 parent_read_id=a7cb0f23-09c5-4be6-a05b-fa928ecfd887 basecall_model_version_id=dna_r10.4.1_e8.2_400bps_hac@v4.3.0
224	92174ee7-f6cd-430d-b54d-e30815981fd4 runid=0dfb5b492dc86ce99bf7c61c734eb364afcdb5c8 ch=44 start_time=2025-09-26T04:41:57.398161+00:00 flow_cell_id=AWX817 basecall_gpu=NVIDIA_Tegra_X2 protocol_group_id=ONT_trialEb_250925 sample_id=ONT_trail_250925 barcode=barcode24 barcode_alias=barcode24 parent_read_id=92174ee7-f6cd-430d-b54d-e30815981fd4 basecall_model_version_id=dna_r10.4.1_e8.2_400bps_hac@v4.3.0
224	e412dc54-cec7-4c96-8384-9b3e085cfc24 runid=0dfb5b492dc86ce99bf7c61c734eb364afcdb5c8 ch=41 start_time=2025-09-26T00:35:27.398161+00:00 flow_cell_id=AWX817 basecall_gpu=NVIDIA_Tegra_X2 protocol_group_id=ONT_trialEb_250925 sample_id=ONT_trail_250925 barcode=barcode14 barcode_alias=barcode14 parent_read_id=e412dc54-cec7-4c96-8384-9b3e085cfc24 basecall_model_version_id=dna_r10.4.1_e8.2_400bps_hac@v4.3.0 rc
224	e412dc54-cec7-4c96-8384-9b3e085cfc24 runid=0dfb5b492dc86ce99bf7c61c734eb364afcdb5c8 ch=41 start_time=2025-09-26T00:35:27.398161+00:00 flow_cell_id=AWX817 basecall_gpu=NVIDIA_Tegra_X2 protocol_group_id=ONT_trialEb_250925 sample_id=ONT_trail_250925 barcode=barcode14 barcode_alias=barcode14 parent_read_id=e412dc54-cec7-4c96-8384-9b3e085cfc24 basecall_model_version_id=dna_r10.4.1_e8.2_400bps_hac@v4.3.0 rc
224	cb83f70e-077e-41fc-9ddf-955b3050de4c runid=0dfb5b492dc86ce99bf7c61c734eb364afcdb5c8 ch=39 start_time=2025-09-26T09:42:28.398161+00:00 flow_cell_id=AWX817 basecall_gpu=NVIDIA_Tegra_X2 protocol_group_id=ONT_trialEb_250925 sample_id=ONT_trail_250925 barcode=barcode24 barcode_alias=barcode24 parent_read_id=cb83f70e-077e-41fc-9ddf-955b3050de4c basecall_model_version_id=dna_r10.4.1_e8.2_400bps_hac@v4.3.0
224	c6723612-615e-48c6-9341-cb65430d6ef9 runid=0dfb5b492dc86ce99bf7c61c734eb364afcdb5c8 ch=79 start_time=2025-09-25T23:43:33.398161+00:00 flow_cell_id=AWX817 basecall_gpu=NVIDIA_Tegra_X2 protocol_group_id=ONT_trialEb_250925 sample_id=ONT_trail_250925 barcode=barcode23 barcode_alias=barcode23 parent_read_id=c6723612-615e-48c6-9341-cb65430d6ef9 basecall_model_version_id=dna_r10.4.1_e8.2_400bps_hac@v4.3.0 rc
224	1ba068ae-7856-4968-b388-f29eb7b60577 runid=0dfb5b492dc86ce99bf7c61c734eb364afcdb5c8 ch=110 start_time=2025-09-25T18:19:15.398161+00:00 flow_cell_id=AWX817 basecall_gpu=NVIDIA_Tegra_X2 protocol_group_id=ONT_trialEb_250925 sample_id=ONT_trail_250925 barcode=barcode23 barcode_alias=barcode23 parent_read_id=1ba068ae-7856-4968-b388-f29eb7b60577 basecall_model_version_id=dna_r10.4.1_e8.2_400bps_hac@v4.3.0
224	e4f8ed71-c64b-4cd0-83b2-76d4c4eef186 runid=0dfb5b492dc86ce99bf7c61c734eb364afcdb5c8 ch=20 start_time=2025-09-26T06:12:14.398161+00:00 flow_cell_id=AWX817 basecall_gpu=NVIDIA_Tegra_X2 protocol_group_id=ONT_trialEb_250925 sample_id=ONT_trail_250925 barcode=barcode24 barcode_alias=barcode24 parent_read_id=e4f8ed71-c64b-4cd0-83b2-76d4c4eef186 basecall_model_version_id=dna_r10.4.1_e8.2_400bps_hac@v4.3.0
224	75e01de9-5b61-4a95-9866-e196a67923b3 runid=0dfb5b492dc86ce99bf7c61c734eb364afcdb5c8 ch=4 start_time=2025-09-25T16:40:23.398161+00:00 flow_cell_id=AWX817 basecall_gpu=NVIDIA_Tegra_X2 protocol_group_id=ONT_trialEb_250925 sample_id=ONT_trail_250925 barcode=barcode24 barcode_alias=barcode24 parent_read_id=75e01de9-5b61-4a95-9866-e196a67923b3 basecall_model_version_id=dna_r10.4.1_e8.2_400bps_hac@v4.3.0 rc
224	6c3a5d9b-176a-4c5f-ae2f-dcda44c2cfef runid=0dfb5b492dc86ce99bf7c61c734eb364afcdb5c8 ch=5 start_time=2025-09-25T21:25:11.398161+00:00 flow_cell_id=AWX817 basecall_gpu=NVIDIA_Tegra_X2 protocol_group_id=ONT_trialEb_250925 sample_id=ONT_trail_250925 barcode=barcode23 barcode_alias=barcode23 parent_read_id=6c3a5d9b-176a-4c5f-ae2f-dcda44c2cfef basecall_model_version_id=dna_r10.4.1_e8.2_400bps_hac@v4.3.0
224	d0ea7e71-a0bd-4241-a4e2-5659e2e10729 runid=0dfb5b492dc86ce99bf7c61c734eb364afcdb5c8 ch=94 start_time=2025-09-25T16:00:14.398161+00:00 flow_cell_id=AWX817 basecall_gpu=NVIDIA_Tegra_X2 protocol_group_id=ONT_trialEb_250925 sample_id=ONT_trail_250925 barcode=barcode15 barcode_alias=barcode15 parent_read_id=d0ea7e71-a0bd-4241-a4e2-5659e2e10729 basecall_model_version_id=dna_r10.4.1_e8.2_400bps_hac@v4.3.0 rc
224	0c02fce2-1fdb-48ba-9368-00ccafd5ec09 runid=0dfb5b492dc86ce99bf7c61c734eb364afcdb5c8 ch=6 start_time=2025-09-25T17:50:31.398161+00:00 flow_cell_id=AWX817 basecall_gpu=NVIDIA_Tegra_X2 protocol_group_id=ONT_trialEb_250925 sample_id=ONT_trail_250925 barcode=barcode15 barcode_alias=barcode15 parent_read_id=0c02fce2-1fdb-48ba-9368-00ccafd5ec09 basecall_model_version_id=dna_r10.4.1_e8.2_400bps_hac@v4.3.0
224	cd755e44-232a-4828-b8ef-484579eed147 runid=0dfb5b492dc86ce99bf7c61c734eb364afcdb5c8 ch=5 start_time=2025-09-25T17:57:04.398161+00:00 flow_cell_id=AWX817 basecall_gpu=NVIDIA_Tegra_X2 protocol_group_id=ONT_trialEb_250925 sample_id=ONT_trail_250925 barcode=barcode22 barcode_alias=barcode22 parent_read_id=cd755e44-232a-4828-b8ef-484579eed147 basecall_model_version_id=dna_r10.4.1_e8.2_400bps_hac@v4.3.0
224	cd755e44-232a-4828-b8ef-484579eed147 runid=0dfb5b492dc86ce99bf7c61c734eb364afcdb5c8 ch=5 start_time=2025-09-25T17:57:04.398161+00:00 flow_cell_id=AWX817 basecall_gpu=NVIDIA_Tegra_X2 protocol_group_id=ONT_trialEb_250925 sample_id=ONT_trail_250925 barcode=barcode22 barcode_alias=barcode22 parent_read_id=cd755e44-232a-4828-b8ef-484579eed147 basecall_model_version_id=dna_r10.4.1_e8.2_400bps_hac@v4.3.0
224	3cfb4f5b-6102-4421-b020-5d88cac75be6 runid=0dfb5b492dc86ce99bf7c61c734eb364afcdb5c8 ch=41 start_time=2025-09-25T21:19:40.398161+00:00 flow_cell_id=AWX817 basecall_gpu=NVIDIA_Tegra_X2 protocol_group_id=ONT_trialEb_250925 sample_id=ONT_trail_250925 barcode=barcode14 barcode_alias=barcode14 parent_read_id=3cfb4f5b-6102-4421-b020-5d88cac75be6 basecall_model_version_id=dna_r10.4.1_e8.2_400bps_hac@v4.3.0 rc
224	3cfb4f5b-6102-4421-b020-5d88cac75be6 runid=0dfb5b492dc86ce99bf7c61c734eb364afcdb5c8 ch=41 start_time=2025-09-25T21:19:40.398161+00:00 flow_cell_id=AWX817 basecall_gpu=NVIDIA_Tegra_X2 protocol_group_id=ONT_trialEb_250925 sample_id=ONT_trail_250925 barcode=barcode14 barcode_alias=barcode14 parent_read_id=3cfb4f5b-6102-4421-b020-5d88cac75be6 basecall_model_version_id=dna_r10.4.1_e8.2_400bps_hac@v4.3.0 rc
224	9b5d9ea5-f32e-4d9f-a34a-1d8294223807 runid=0dfb5b492dc86ce99bf7c61c734eb364afcdb5c8 ch=23 start_time=2025-09-25T19:31:06.398161+00:00 flow_cell_id=AWX817 basecall_gpu=NVIDIA_Tegra_X2 protocol_group_id=ONT_trialEb_250925 sample_id=ONT_trail_250925 barcode=barcode22 barcode_alias=barcode22 parent_read_id=9b5d9ea5-f32e-4d9f-a34a-1d8294223807 basecall_model_version_id=dna_r10.4.1_e8.2_400bps_hac@v4.3.0
224	9b5d9ea5-f32e-4d9f-a34a-1d8294223807 runid=0dfb5b492dc86ce99bf7c61c734eb364afcdb5c8 ch=23 start_time=2025-09-25T19:31:06.398161+00:00 flow_cell_id=AWX817 basecall_gpu=NVIDIA_Tegra_X2 protocol_group_id=ONT_trialEb_250925 sample_id=ONT_trail_250925 barcode=barcode22 barcode_alias=barcode22 parent_read_id=9b5d9ea5-f32e-4d9f-a34a-1d8294223807 basecall_model_version_id=dna_r10.4.1_e8.2_400bps_hac@v4.3.0
224	313257d9-7448-499c-8091-861de060fc1b runid=0dfb5b492dc86ce99bf7c61c734eb364afcdb5c8 ch=106 start_time=2025-09-25T20:17:14.398161+00:00 flow_cell_id=AWX817 basecall_gpu=NVIDIA_Tegra_X2 protocol_group_id=ONT_trialEb_250925 sample_id=ONT_trail_250925 barcode=barcode14 barcode_alias=barcode14 parent_read_id=313257d9-7448-499c-8091-861de060fc1b basecall_model_version_id=dna_r10.4.1_e8.2_400bps_hac@v4.3.0 rc
224	313257d9-7448-499c-8091-861de060fc1b runid=0dfb5b492dc86ce99bf7c61c734eb364afcdb5c8 ch=106 start_time=2025-09-25T20:17:14.398161+00:00 flow_cell_id=AWX817 basecall_gpu=NVIDIA_Tegra_X2 protocol_group_id=ONT_trialEb_250925 sample_id=ONT_trail_250925 barcode=barcode14 barcode_alias=barcode14 parent_read_id=313257d9-7448-499c-8091-861de060fc1b basecall_model_version_id=dna_r10.4.1_e8.2_400bps_hac@v4.3.0 rc
224	f57faf36-dc7f-4d34-812e-83fe1154f163 runid=0dfb5b492dc86ce99bf7c61c734eb364afcdb5c8 ch=4 start_time=2025-09-26T06:56:55.398161+00:00 flow_cell_id=AWX817 basecall_gpu=NVIDIA_Tegra_X2 protocol_group_id=ONT_trialEb_250925 sample_id=ONT_trail_250925 barcode=barcode22 barcode_alias=barcode22 parent_read_id=f57faf36-dc7f-4d34-812e-83fe1154f163 basecall_model_version_id=dna_r10.4.1_e8.2_400bps_hac@v4.3.0
224	f57faf36-dc7f-4d34-812e-83fe1154f163 runid=0dfb5b492dc86ce99bf7c61c734eb364afcdb5c8 ch=4 start_time=2025-09-26T06:56:55.398161+00:00 flow_cell_id=AWX817 basecall_gpu=NVIDIA_Tegra_X2 protocol_group_id=ONT_trialEb_250925 sample_id=ONT_trail_250925 barcode=barcode22 barcode_alias=barcode22 parent_read_id=f57faf36-dc7f-4d34-812e-83fe1154f163 basecall_model_version_id=dna_r10.4.1_e8.2_400bps_hac@v4.3.0
224	9b562e84-872d-48e5-a571-6dcec1df1b0a runid=0dfb5b492dc86ce99bf7c61c734eb364afcdb5c8 ch=20 start_time=2025-09-26T10:52:47.398161+00:00 flow_cell_id=AWX817 basecall_gpu=NVIDIA_Tegra_X2 protocol_group_id=ONT_trialEb_250925 sample_id=ONT_trail_250925 barcode=barcode24 barcode_alias=barcode24 parent_read_id=9b562e84-872d-48e5-a571-6dcec1df1b0a basecall_model_version_id=dna_r10.4.1_e8.2_400bps_hac@v4.3.0 rc
224	cb001540-734c-4d8a-a1e6-80384e86d839 runid=0dfb5b492dc86ce99bf7c61c734eb364afcdb5c8 ch=39 start_time=2025-09-26T02:08:45.398161+00:00 flow_cell_id=AWX817 basecall_gpu=NVIDIA_Tegra_X2 protocol_group_id=ONT_trialEb_250925 sample_id=ONT_trail_250925 barcode=barcode15 barcode_alias=barcode15 parent_read_id=cb001540-734c-4d8a-a1e6-80384e86d839 basecall_model_version_id=dna_r10.4.1_e8.2_400bps_hac@v4.3.0 rc
224	72777a9c-a727-4410-b174-d528e819290f runid=0dfb5b492dc86ce99bf7c61c734eb364afcdb5c8 ch=55 start_time=2025-09-25T17:28:01.398161+00:00 flow_cell_id=AWX817 basecall_gpu=NVIDIA_Tegra_X2 protocol_group_id=ONT_trialEb_250925 sample_id=ONT_trail_250925 barcode=barcode22 barcode_alias=barcode22 parent_read_id=72777a9c-a727-4410-b174-d528e819290f basecall_model_version_id=dna_r10.4.1_e8.2_400bps_hac@v4.3.0 rc
224	72777a9c-a727-4410-b174-d528e819290f runid=0dfb5b492dc86ce99bf7c61c734eb364afcdb5c8 ch=55 start_time=2025-09-25T17:28:01.398161+00:00 flow_cell_id=AWX817 basecall_gpu=NVIDIA_Tegra_X2 protocol_group_id=ONT_trialEb_250925 sample_id=ONT_trail_250925 barcode=barcode22 barcode_alias=barcode22 parent_read_id=72777a9c-a727-4410-b174-d528e819290f basecall_model_version_id=dna_r10.4.1_e8.2_400bps_hac@v4.3.0 rc
224	39a5b919-ed49-4d2c-b20c-8e7a8acc2ff6 runid=0dfb5b492dc86ce99bf7c61c734eb364afcdb5c8 ch=40 start_time=2025-09-25T19:29:03.398161+00:00 flow_cell_id=AWX817 basecall_gpu=NVIDIA_Tegra_X2 protocol_group_id=ONT_trialEb_250925 sample_id=ONT_trail_250925 barcode=barcode15 barcode_alias=barcode15 parent_read_id=8a2c85a2-b42c-4984-a3a4-26adeb0bacb8 basecall_model_version_id=dna_r10.4.1_e8.2_400bps_hac@v4.3.0 rc
224	1a6e768c-6879-408a-8c2d-b492b958a450 runid=0dfb5b492dc86ce99bf7c61c734eb364afcdb5c8 ch=67 start_time=2025-09-26T03:36:28.398161+00:00 flow_cell_id=AWX817 basecall_gpu=NVIDIA_Tegra_X2 protocol_group_id=ONT_trialEb_250925 sample_id=ONT_trail_250925 barcode=barcode22 barcode_alias=barcode22 parent_read_id=1a6e768c-6879-408a-8c2d-b492b958a450 basecall_model_version_id=dna_r10.4.1_e8.2_400bps_hac@v4.3.0
224	1a6e768c-6879-408a-8c2d-b492b958a450 runid=0dfb5b492dc86ce99bf7c61c734eb364afcdb5c8 ch=67 start_time=2025-09-26T03:36:28.398161+00:00 flow_cell_id=AWX817 basecall_gpu=NVIDIA_Tegra_X2 protocol_group_id=ONT_trialEb_250925 sample_id=ONT_trail_250925 barcode=barcode22 barcode_alias=barcode22 parent_read_id=1a6e768c-6879-408a-8c2d-b492b958a450 basecall_model_version_id=dna_r10.4.1_e8.2_400bps_hac@v4.3.0
224	a9bd57bc-6a1c-41d7-89f9-435dccc8fe9f runid=0dfb5b492dc86ce99bf7c61c734eb364afcdb5c8 ch=5 start_time=2025-09-25T18:33:33.398161+00:00 flow_cell_id=AWX817 basecall_gpu=NVIDIA_Tegra_X2 protocol_group_id=ONT_trialEb_250925 sample_id=ONT_trail_250925 barcode=barcode14 barcode_alias=barcode14 parent_read_id=a9bd57bc-6a1c-41d7-89f9-435dccc8fe9f basecall_model_version_id=dna_r10.4.1_e8.2_400bps_hac@v4.3.0 rc
224	a9bd57bc-6a1c-41d7-89f9-435dccc8fe9f runid=0dfb5b492dc86ce99bf7c61c734eb364afcdb5c8 ch=5 start_time=2025-09-25T18:33:33.398161+00:00 flow_cell_id=AWX817 basecall_gpu=NVIDIA_Tegra_X2 protocol_group_id=ONT_trialEb_250925 sample_id=ONT_trail_250925 barcode=barcode14 barcode_alias=barcode14 parent_read_id=a9bd57bc-6a1c-41d7-89f9-435dccc8fe9f basecall_model_version_id=dna_r10.4.1_e8.2_400bps_hac@v4.3.0 rc
224	8f29b6c0-ffba-420b-9c3d-27934f9fbf44 runid=0dfb5b492dc86ce99bf7c61c734eb364afcdb5c8 ch=20 start_time=2025-09-26T08:12:05.398161+00:00 flow_cell_id=AWX817 basecall_gpu=NVIDIA_Tegra_X2 protocol_group_id=ONT_trialEb_250925 sample_id=ONT_trail_250925 barcode=barcode23 barcode_alias=barcode23 parent_read_id=8f29b6c0-ffba-420b-9c3d-27934f9fbf44 basecall_model_version_id=dna_r10.4.1_e8.2_400bps_hac@v4.3.0
224	71c35ccb-c02b-4648-9eda-813d1eba3fb8 runid=0dfb5b492dc86ce99bf7c61c734eb364afcdb5c8 ch=58 start_time=2025-09-25T19:19:24.398161+00:00 flow_cell_id=AWX817 basecall_gpu=NVIDIA_Tegra_X2 protocol_group_id=ONT_trialEb_250925 sample_id=ONT_trail_250925 barcode=barcode22 barcode_alias=barcode22 parent_read_id=71c35ccb-c02b-4648-9eda-813d1eba3fb8 basecall_model_version_id=dna_r10.4.1_e8.2_400bps_hac@v4.3.0
224	71c35ccb-c02b-4648-9eda-813d1eba3fb8 runid=0dfb5b492dc86ce99bf7c61c734eb364afcdb5c8 ch=58 start_time=2025-09-25T19:19:24.398161+00:00 flow_cell_id=AWX817 basecall_gpu=NVIDIA_Tegra_X2 protocol_group_id=ONT_trialEb_250925 sample_id=ONT_trail_250925 barcode=barcode22 barcode_alias=barcode22 parent_read_id=71c35ccb-c02b-4648-9eda-813d1eba3fb8 basecall_model_version_id=dna_r10.4.1_e8.2_400bps_hac@v4.3.0
224	f9456bd0-485c-49a0-a672-0cc4e573ec94 runid=0dfb5b492dc86ce99bf7c61c734eb364afcdb5c8 ch=20 start_time=2025-09-26T05:23:57.398161+00:00 flow_cell_id=AWX817 basecall_gpu=NVIDIA_Tegra_X2 protocol_group_id=ONT_trialEb_250925 sample_id=ONT_trail_250925 barcode=barcode22 barcode_alias=barcode22 parent_read_id=f9456bd0-485c-49a0-a672-0cc4e573ec94 basecall_model_version_id=dna_r10.4.1_e8.2_400bps_hac@v4.3.0 rc
224	f9456bd0-485c-49a0-a672-0cc4e573ec94 runid=0dfb5b492dc86ce99bf7c61c734eb364afcdb5c8 ch=20 start_time=2025-09-26T05:23:57.398161+00:00 flow_cell_id=AWX817 basecall_gpu=NVIDIA_Tegra_X2 protocol_group_id=ONT_trialEb_250925 sample_id=ONT_trail_250925 barcode=barcode22 barcode_alias=barcode22 parent_read_id=f9456bd0-485c-49a0-a672-0cc4e573ec94 basecall_model_version_id=dna_r10.4.1_e8.2_400bps_hac@v4.3.0 rc
224	e6600553-3366-4f47-9ec7-f67ffea79219 runid=0dfb5b492dc86ce99bf7c61c734eb364afcdb5c8 ch=39 start_time=2025-09-26T10:40:14.398161+00:00 flow_cell_id=AWX817 basecall_gpu=NVIDIA_Tegra_X2 protocol_group_id=ONT_trialEb_250925 sample_id=ONT_trail_250925 barcode=barcode15 barcode_alias=barcode15 parent_read_id=e6600553-3366-4f47-9ec7-f67ffea79219 basecall_model_version_id=dna_r10.4.1_e8.2_400bps_hac@v4.3.0
224	fc9b1cd7-4db1-436e-aaf3-e6695311851a runid=0dfb5b492dc86ce99bf7c61c734eb364afcdb5c8 ch=80 start_time=2025-09-25T21:42:59.398161+00:00 flow_cell_id=AWX817 basecall_gpu=NVIDIA_Tegra_X2 protocol_group_id=ONT_trialEb_250925 sample_id=ONT_trail_250925 barcode=barcode22 barcode_alias=barcode22 parent_read_id=fc9b1cd7-4db1-436e-aaf3-e6695311851a basecall_model_version_id=dna_r10.4.1_e8.2_400bps_hac@v4.3.0
224	fc9b1cd7-4db1-436e-aaf3-e6695311851a runid=0dfb5b492dc86ce99bf7c61c734eb364afcdb5c8 ch=80 start_time=2025-09-25T21:42:59.398161+00:00 flow_cell_id=AWX817 basecall_gpu=NVIDIA_Tegra_X2 protocol_group_id=ONT_trialEb_250925 sample_id=ONT_trail_250925 barcode=barcode22 barcode_alias=barcode22 parent_read_id=fc9b1cd7-4db1-436e-aaf3-e6695311851a basecall_model_version_id=dna_r10.4.1_e8.2_400bps_hac@v4.3.0
224	6d8bbd7f-f319-4a6d-b4cb-526750f2a08b runid=0dfb5b492dc86ce99bf7c61c734eb364afcdb5c8 ch=44 start_time=2025-09-25T16:21:49.398161+00:00 flow_cell_id=AWX817 basecall_gpu=NVIDIA_Tegra_X2 protocol_group_id=ONT_trialEb_250925 sample_id=ONT_trail_250925 barcode=barcode15 barcode_alias=barcode15 parent_read_id=6d8bbd7f-f319-4a6d-b4cb-526750f2a08b basecall_model_version_id=dna_r10.4.1_e8.2_400bps_hac@v4.3.0
224	b297c0e5-6ae0-4139-90f3-9ec11d2b5563 runid=0dfb5b492dc86ce99bf7c61c734eb364afcdb5c8 ch=20 start_time=2025-09-25T18:22:41.398161+00:00 flow_cell_id=AWX817 basecall_gpu=NVIDIA_Tegra_X2 protocol_group_id=ONT_trialEb_250925 sample_id=ONT_trail_250925 barcode=barcode24 barcode_alias=barcode24 parent_read_id=b297c0e5-6ae0-4139-90f3-9ec11d2b5563 basecall_model_version_id=dna_r10.4.1_e8.2_400bps_hac@v4.3.0
224	4868a75c-f886-45e2-be20-401e1c1d1823 runid=0dfb5b492dc86ce99bf7c61c734eb364afcdb5c8 ch=18 start_time=2025-09-25T19:15:10.398161+00:00 flow_cell_id=AWX817 basecall_gpu=NVIDIA_Tegra_X2 protocol_group_id=ONT_trialEb_250925 sample_id=ONT_trail_250925 barcode=barcode24 barcode_alias=barcode24 parent_read_id=4868a75c-f886-45e2-be20-401e1c1d1823 basecall_model_version_id=dna_r10.4.1_e8.2_400bps_hac@v4.3.0
224	fa38d2cd-2a26-4d65-a84b-bb77fc7789e4 runid=0dfb5b492dc86ce99bf7c61c734eb364afcdb5c8 ch=118 start_time=2025-09-25T19:39:20.398161+00:00 flow_cell_id=AWX817 basecall_gpu=NVIDIA_Tegra_X2 protocol_group_id=ONT_trialEb_250925 sample_id=ONT_trail_250925 barcode=barcode22 barcode_alias=barcode22 parent_read_id=fa38d2cd-2a26-4d65-a84b-bb77fc7789e4 basecall_model_version_id=dna_r10.4.1_e8.2_400bps_hac@v4.3.0
224	fa38d2cd-2a26-4d65-a84b-bb77fc7789e4 runid=0dfb5b492dc86ce99bf7c61c734eb364afcdb5c8 ch=118 start_time=2025-09-25T19:39:20.398161+00:00 flow_cell_id=AWX817 basecall_gpu=NVIDIA_Tegra_X2 protocol_group_id=ONT_trialEb_250925 sample_id=ONT_trail_250925 barcode=barcode22 barcode_alias=barcode22 parent_read_id=fa38d2cd-2a26-4d65-a84b-bb77fc7789e4 basecall_model_version_id=dna_r10.4.1_e8.2_400bps_hac@v4.3.0
224	3e701928-4c0a-4c08-8111-42bd6a21cd23 runid=0dfb5b492dc86ce99bf7c61c734eb364afcdb5c8 ch=4 start_time=2025-09-26T07:06:47.398161+00:00 flow_cell_id=AWX817 basecall_gpu=NVIDIA_Tegra_X2 protocol_group_id=ONT_trialEb_250925 sample_id=ONT_trail_250925 barcode=barcode23 barcode_alias=barcode23 parent_read_id=3e701928-4c0a-4c08-8111-42bd6a21cd23 basecall_model_version_id=dna_r10.4.1_e8.2_400bps_hac@v4.3.0
224	48a8ff58-7ed9-4dae-95c6-018a29dfa0b8 runid=0dfb5b492dc86ce99bf7c61c734eb364afcdb5c8 ch=4 start_time=2025-09-26T04:28:03.398161+00:00 flow_cell_id=AWX817 basecall_gpu=NVIDIA_Tegra_X2 protocol_group_id=ONT_trialEb_250925 sample_id=ONT_trail_250925 barcode=barcode22 barcode_alias=barcode22 parent_read_id=48a8ff58-7ed9-4dae-95c6-018a29dfa0b8 basecall_model_version_id=dna_r10.4.1_e8.2_400bps_hac@v4.3.0
224	48a8ff58-7ed9-4dae-95c6-018a29dfa0b8 runid=0dfb5b492dc86ce99bf7c61c734eb364afcdb5c8 ch=4 start_time=2025-09-26T04:28:03.398161+00:00 flow_cell_id=AWX817 basecall_gpu=NVIDIA_Tegra_X2 protocol_group_id=ONT_trialEb_250925 sample_id=ONT_trail_250925 barcode=barcode22 barcode_alias=barcode22 parent_read_id=48a8ff58-7ed9-4dae-95c6-018a29dfa0b8 basecall_model_version_id=dna_r10.4.1_e8.2_400bps_hac@v4.3.0
224	691dcdb8-948c-4736-b049-056e0b38cee3 runid=0dfb5b492dc86ce99bf7c61c734eb364afcdb5c8 ch=79 start_time=2025-09-25T16:36:58.398161+00:00 flow_cell_id=AWX817 basecall_gpu=NVIDIA_Tegra_X2 protocol_group_id=ONT_trialEb_250925 sample_id=ONT_trail_250925 barcode=barcode22 barcode_alias=barcode22 parent_read_id=691dcdb8-948c-4736-b049-056e0b38cee3 basecall_model_version_id=dna_r10.4.1_e8.2_400bps_hac@v4.3.0
224	691dcdb8-948c-4736-b049-056e0b38cee3 runid=0dfb5b492dc86ce99bf7c61c734eb364afcdb5c8 ch=79 start_time=2025-09-25T16:36:58.398161+00:00 flow_cell_id=AWX817 basecall_gpu=NVIDIA_Tegra_X2 protocol_group_id=ONT_trialEb_250925 sample_id=ONT_trail_250925 barcode=barcode22 barcode_alias=barcode22 parent_read_id=691dcdb8-948c-4736-b049-056e0b38cee3 basecall_model_version_id=dna_r10.4.1_e8.2_400bps_hac@v4.3.0
224	28a93d20-3417-4cf7-b44c-9b5e5b892930 runid=0dfb5b492dc86ce99bf7c61c734eb364afcdb5c8 ch=20 start_time=2025-09-25T19:35:21.398161+00:00 flow_cell_id=AWX817 basecall_gpu=NVIDIA_Tegra_X2 protocol_group_id=ONT_trialEb_250925 sample_id=ONT_trail_250925 barcode=barcode22 barcode_alias=barcode22 parent_read_id=28a93d20-3417-4cf7-b44c-9b5e5b892930 basecall_model_version_id=dna_r10.4.1_e8.2_400bps_hac@v4.3.0
224	28a93d20-3417-4cf7-b44c-9b5e5b892930 runid=0dfb5b492dc86ce99bf7c61c734eb364afcdb5c8 ch=20 start_time=2025-09-25T19:35:21.398161+00:00 flow_cell_id=AWX817 basecall_gpu=NVIDIA_Tegra_X2 protocol_group_id=ONT_trialEb_250925 sample_id=ONT_trail_250925 barcode=barcode22 barcode_alias=barcode22 parent_read_id=28a93d20-3417-4cf7-b44c-9b5e5b892930 basecall_model_version_id=dna_r10.4.1_e8.2_400bps_hac@v4.3.0
224	1d75e7e4-7cc3-4983-8fa4-4a62eefd4fd6 runid=0dfb5b492dc86ce99bf7c61c734eb364afcdb5c8 ch=10 start_time=2025-09-26T00:09:55.398161+00:00 flow_cell_id=AWX817 basecall_gpu=NVIDIA_Tegra_X2 protocol_group_id=ONT_trialEb_250925 sample_id=ONT_trail_250925 barcode=barcode23 barcode_alias=barcode23 parent_read_id=1d75e7e4-7cc3-4983-8fa4-4a62eefd4fd6 basecall_model_version_id=dna_r10.4.1_e8.2_400bps_hac@v4.3.0 rc
224	4b2769a2-2c03-42ca-92e7-eaea5a62785b runid=0dfb5b492dc86ce99bf7c61c734eb364afcdb5c8 ch=106 start_time=2025-09-25T18:36:34.398161+00:00 flow_cell_id=AWX817 basecall_gpu=NVIDIA_Tegra_X2 protocol_group_id=ONT_trialEb_250925 sample_id=ONT_trail_250925 barcode=barcode14 barcode_alias=barcode14 parent_read_id=4b2769a2-2c03-42ca-92e7-eaea5a62785b basecall_model_version_id=dna_r10.4.1_e8.2_400bps_hac@v4.3.0
224	4b2769a2-2c03-42ca-92e7-eaea5a62785b runid=0dfb5b492dc86ce99bf7c61c734eb364afcdb5c8 ch=106 start_time=2025-09-25T18:36:34.398161+00:00 flow_cell_id=AWX817 basecall_gpu=NVIDIA_Tegra_X2 protocol_group_id=ONT_trialEb_250925 sample_id=ONT_trail_250925 barcode=barcode14 barcode_alias=barcode14 parent_read_id=4b2769a2-2c03-42ca-92e7-eaea5a62785b basecall_model_version_id=dna_r10.4.1_e8.2_400bps_hac@v4.3.0
224	199df563-c476-4e24-9a04-ddbea0533874 runid=0dfb5b492dc86ce99bf7c61c734eb364afcdb5c8 ch=5 start_time=2025-09-25T16:44:34.398161+00:00 flow_cell_id=AWX817 basecall_gpu=NVIDIA_Tegra_X2 protocol_group_id=ONT_trialEb_250925 sample_id=ONT_trail_250925 barcode=barcode22 barcode_alias=barcode22 parent_read_id=199df563-c476-4e24-9a04-ddbea0533874 basecall_model_version_id=dna_r10.4.1_e8.2_400bps_hac@v4.3.0
224	199df563-c476-4e24-9a04-ddbea0533874 runid=0dfb5b492dc86ce99bf7c61c734eb364afcdb5c8 ch=5 start_time=2025-09-25T16:44:34.398161+00:00 flow_cell_id=AWX817 basecall_gpu=NVIDIA_Tegra_X2 protocol_group_id=ONT_trialEb_250925 sample_id=ONT_trail_250925 barcode=barcode22 barcode_alias=barcode22 parent_read_id=199df563-c476-4e24-9a04-ddbea0533874 basecall_model_version_id=dna_r10.4.1_e8.2_400bps_hac@v4.3.0
224	498d24a8-ac79-4ccc-863c-d8edb91cd7cb runid=0dfb5b492dc86ce99bf7c61c734eb364afcdb5c8 ch=85 start_time=2025-09-26T05:18:19.398161+00:00 flow_cell_id=AWX817 basecall_gpu=NVIDIA_Tegra_X2 protocol_group_id=ONT_trialEb_250925 sample_id=ONT_trail_250925 barcode=barcode24 barcode_alias=barcode24 parent_read_id=498d24a8-ac79-4ccc-863c-d8edb91cd7cb basecall_model_version_id=dna_r10.4.1_e8.2_400bps_hac@v4.3.0 rc
224	d74a066e-d815-4bae-855f-29a6bb121363 runid=0dfb5b492dc86ce99bf7c61c734eb364afcdb5c8 ch=118 start_time=2025-09-26T03:23:44.398161+00:00 flow_cell_id=AWX817 basecall_gpu=NVIDIA_Tegra_X2 protocol_group_id=ONT_trialEb_250925 sample_id=ONT_trail_250925 barcode=barcode14 barcode_alias=barcode14 parent_read_id=d74a066e-d815-4bae-855f-29a6bb121363 basecall_model_version_id=dna_r10.4.1_e8.2_400bps_hac@v4.3.0 rc
224	d74a066e-d815-4bae-855f-29a6bb121363 runid=0dfb5b492dc86ce99bf7c61c734eb364afcdb5c8 ch=118 start_time=2025-09-26T03:23:44.398161+00:00 flow_cell_id=AWX817 basecall_gpu=NVIDIA_Tegra_X2 protocol_group_id=ONT_trialEb_250925 sample_id=ONT_trail_250925 barcode=barcode14 barcode_alias=barcode14 parent_read_id=d74a066e-d815-4bae-855f-29a6bb121363 basecall_model_version_id=dna_r10.4.1_e8.2_400bps_hac@v4.3.0 rc
224	3d98e83e-4045-4b6f-ad84-dfc7cbcedfb8 runid=0dfb5b492dc86ce99bf7c61c734eb364afcdb5c8 ch=85 start_time=2025-09-25T22:56:11.398161+00:00 flow_cell_id=AWX817 basecall_gpu=NVIDIA_Tegra_X2 protocol_group_id=ONT_trialEb_250925 sample_id=ONT_trail_250925 barcode=barcode22 barcode_alias=barcode22 parent_read_id=3d98e83e-4045-4b6f-ad84-dfc7cbcedfb8 basecall_model_version_id=dna_r10.4.1_e8.2_400bps_hac@v4.3.0
224	3d98e83e-4045-4b6f-ad84-dfc7cbcedfb8 runid=0dfb5b492dc86ce99bf7c61c734eb364afcdb5c8 ch=85 start_time=2025-09-25T22:56:11.398161+00:00 flow_cell_id=AWX817 basecall_gpu=NVIDIA_Tegra_X2 protocol_group_id=ONT_trialEb_250925 sample_id=ONT_trail_250925 barcode=barcode22 barcode_alias=barcode22 parent_read_id=3d98e83e-4045-4b6f-ad84-dfc7cbcedfb8 basecall_model_version_id=dna_r10.4.1_e8.2_400bps_hac@v4.3.0
224	f12dc5ad-e077-4477-8b0e-4a9d762489df runid=0dfb5b492dc86ce99bf7c61c734eb364afcdb5c8 ch=85 start_time=2025-09-25T22:21:30.398161+00:00 flow_cell_id=AWX817 basecall_gpu=NVIDIA_Tegra_X2 protocol_group_id=ONT_trialEb_250925 sample_id=ONT_trail_250925 barcode=barcode15 barcode_alias=barcode15 parent_read_id=f12dc5ad-e077-4477-8b0e-4a9d762489df basecall_model_version_id=dna_r10.4.1_e8.2_400bps_hac@v4.3.0
224	2c50a569-3e84-4778-a275-de35125aef3c runid=0dfb5b492dc86ce99bf7c61c734eb364afcdb5c8 ch=42 start_time=2025-09-26T00:10:10.398161+00:00 flow_cell_id=AWX817 basecall_gpu=NVIDIA_Tegra_X2 protocol_group_id=ONT_trialEb_250925 sample_id=ONT_trail_250925 barcode=barcode22 barcode_alias=barcode22 parent_read_id=2c50a569-3e84-4778-a275-de35125aef3c basecall_model_version_id=dna_r10.4.1_e8.2_400bps_hac@v4.3.0
224	2c50a569-3e84-4778-a275-de35125aef3c runid=0dfb5b492dc86ce99bf7c61c734eb364afcdb5c8 ch=42 start_time=2025-09-26T00:10:10.398161+00:00 flow_cell_id=AWX817 basecall_gpu=NVIDIA_Tegra_X2 protocol_group_id=ONT_trialEb_250925 sample_id=ONT_trail_250925 barcode=barcode22 barcode_alias=barcode22 parent_read_id=2c50a569-3e84-4778-a275-de35125aef3c basecall_model_version_id=dna_r10.4.1_e8.2_400bps_hac@v4.3.0
224	76eaf705-3288-483a-b11e-10e0911015ea runid=0dfb5b492dc86ce99bf7c61c734eb364afcdb5c8 ch=41 start_time=2025-09-25T18:25:41.398161+00:00 flow_cell_id=AWX817 basecall_gpu=NVIDIA_Tegra_X2 protocol_group_id=ONT_trialEb_250925 sample_id=ONT_trail_250925 barcode=barcode22 barcode_alias=barcode22 parent_read_id=76eaf705-3288-483a-b11e-10e0911015ea basecall_model_version_id=dna_r10.4.1_e8.2_400bps_hac@v4.3.0 rc
224	76eaf705-3288-483a-b11e-10e0911015ea runid=0dfb5b492dc86ce99bf7c61c734eb364afcdb5c8 ch=41 start_time=2025-09-25T18:25:41.398161+00:00 flow_cell_id=AWX817 basecall_gpu=NVIDIA_Tegra_X2 protocol_group_id=ONT_trialEb_250925 sample_id=ONT_trail_250925 barcode=barcode22 barcode_alias=barcode22 parent_read_id=76eaf705-3288-483a-b11e-10e0911015ea basecall_model_version_id=dna_r10.4.1_e8.2_400bps_hac@v4.3.0 rc
224	c1629e01-a311-4656-8871-5200c6460b02 runid=0dfb5b492dc86ce99bf7c61c734eb364afcdb5c8 ch=82 start_time=2025-09-25T17:32:01.398161+00:00 flow_cell_id=AWX817 basecall_gpu=NVIDIA_Tegra_X2 protocol_group_id=ONT_trialEb_250925 sample_id=ONT_trail_250925 barcode=barcode23 barcode_alias=barcode23 parent_read_id=c1629e01-a311-4656-8871-5200c6460b02 basecall_model_version_id=dna_r10.4.1_e8.2_400bps_hac@v4.3.0
224	377c0ae2-1308-462a-ad7f-37002cc25d90 runid=0dfb5b492dc86ce99bf7c61c734eb364afcdb5c8 ch=4 start_time=2025-09-25T17:25:23.398161+00:00 flow_cell_id=AWX817 basecall_gpu=NVIDIA_Tegra_X2 protocol_group_id=ONT_trialEb_250925 sample_id=ONT_trail_250925 barcode=barcode15 barcode_alias=barcode15 parent_read_id=377c0ae2-1308-462a-ad7f-37002cc25d90 basecall_model_version_id=dna_r10.4.1_e8.2_400bps_hac@v4.3.0
224	3db210a3-af58-4b8c-9b01-ccc6c5b6bdd1 runid=0dfb5b492dc86ce99bf7c61c734eb364afcdb5c8 ch=106 start_time=2025-09-25T19:10:12.398161+00:00 flow_cell_id=AWX817 basecall_gpu=NVIDIA_Tegra_X2 protocol_group_id=ONT_trialEb_250925 sample_id=ONT_trail_250925 barcode=barcode22 barcode_alias=barcode22 parent_read_id=3db210a3-af58-4b8c-9b01-ccc6c5b6bdd1 basecall_model_version_id=dna_r10.4.1_e8.2_400bps_hac@v4.3.0 rc
224	3db210a3-af58-4b8c-9b01-ccc6c5b6bdd1 runid=0dfb5b492dc86ce99bf7c61c734eb364afcdb5c8 ch=106 start_time=2025-09-25T19:10:12.398161+00:00 flow_cell_id=AWX817 basecall_gpu=NVIDIA_Tegra_X2 protocol_group_id=ONT_trialEb_250925 sample_id=ONT_trail_250925 barcode=barcode22 barcode_alias=barcode22 parent_read_id=3db210a3-af58-4b8c-9b01-ccc6c5b6bdd1 basecall_model_version_id=dna_r10.4.1_e8.2_400bps_hac@v4.3.0 rc
417	505d4757-7d61-4290-b663-60e660bdd2b2 runid=0dfb5b492dc86ce99bf7c61c734eb364afcdb5c8 ch=20 start_time=2025-09-26T04:54:19.398161+00:00 flow_cell_id=AWX817 basecall_gpu=NVIDIA_Tegra_X2 protocol_group_id=ONT_trialEb_250925 sample_id=ONT_trail_250925 barcode=barcode22 barcode_alias=barcode22 parent_read_id=505d4757-7d61-4290-b663-60e660bdd2b2 basecall_model_version_id=dna_r10.4.1_e8.2_400bps_hac@v4.3.0
417	505d4757-7d61-4290-b663-60e660bdd2b2 runid=0dfb5b492dc86ce99bf7c61c734eb364afcdb5c8 ch=20 start_time=2025-09-26T04:54:19.398161+00:00 flow_cell_id=AWX817 basecall_gpu=NVIDIA_Tegra_X2 protocol_group_id=ONT_trialEb_250925 sample_id=ONT_trail_250925 barcode=barcode22 barcode_alias=barcode22 parent_read_id=505d4757-7d61-4290-b663-60e660bdd2b2 basecall_model_version_id=dna_r10.4.1_e8.2_400bps_hac@v4.3.0
417	463549e6-f186-40d6-8ac1-9bcbffcfc5c6 runid=0dfb5b492dc86ce99bf7c61c734eb364afcdb5c8 ch=77 start_time=2025-09-25T21:10:05.398161+00:00 flow_cell_id=AWX817 basecall_gpu=NVIDIA_Tegra_X2 protocol_group_id=ONT_trialEb_250925 sample_id=ONT_trail_250925 barcode=barcode23 barcode_alias=barcode23 parent_read_id=463549e6-f186-40d6-8ac1-9bcbffcfc5c6 basecall_model_version_id=dna_r10.4.1_e8.2_400bps_hac@v4.3.0 rc
417	a2c6d8ef-2974-41a9-9368-df05689a3cfb runid=0dfb5b492dc86ce99bf7c61c734eb364afcdb5c8 ch=96 start_time=2025-09-26T02:07:17.398161+00:00 flow_cell_id=AWX817 basecall_gpu=NVIDIA_Tegra_X2 protocol_group_id=ONT_trialEb_250925 sample_id=ONT_trail_250925 barcode=barcode23 barcode_alias=barcode23 parent_read_id=a2c6d8ef-2974-41a9-9368-df05689a3cfb basecall_model_version_id=dna_r10.4.1_e8.2_400bps_hac@v4.3.0 rc
417	9cdcefd5-f74f-4bc3-b4c9-e0da394790f3 runid=0dfb5b492dc86ce99bf7c61c734eb364afcdb5c8 ch=73 start_time=2025-09-25T19:07:46.398161+00:00 flow_cell_id=AWX817 basecall_gpu=NVIDIA_Tegra_X2 protocol_group_id=ONT_trialEb_250925 sample_id=ONT_trail_250925 barcode=barcode22 barcode_alias=barcode22 parent_read_id=9cdcefd5-f74f-4bc3-b4c9-e0da394790f3 basecall_model_version_id=dna_r10.4.1_e8.2_400bps_hac@v4.3.0 rc
417	9cdcefd5-f74f-4bc3-b4c9-e0da394790f3 runid=0dfb5b492dc86ce99bf7c61c734eb364afcdb5c8 ch=73 start_time=2025-09-25T19:07:46.398161+00:00 flow_cell_id=AWX817 basecall_gpu=NVIDIA_Tegra_X2 protocol_group_id=ONT_trialEb_250925 sample_id=ONT_trail_250925 barcode=barcode22 barcode_alias=barcode22 parent_read_id=9cdcefd5-f74f-4bc3-b4c9-e0da394790f3 basecall_model_version_id=dna_r10.4.1_e8.2_400bps_hac@v4.3.0 rc
417	18493520-54a0-4bd0-8a90-c7b6a1ddbed4 runid=0dfb5b492dc86ce99bf7c61c734eb364afcdb5c8 ch=110 start_time=2025-09-25T19:27:08.398161+00:00 flow_cell_id=AWX817 basecall_gpu=NVIDIA_Tegra_X2 protocol_group_id=ONT_trialEb_250925 sample_id=ONT_trail_250925 barcode=barcode22 barcode_alias=barcode22 parent_read_id=18493520-54a0-4bd0-8a90-c7b6a1ddbed4 basecall_model_version_id=dna_r10.4.1_e8.2_400bps_hac@v4.3.0 rc
417	18493520-54a0-4bd0-8a90-c7b6a1ddbed4 runid=0dfb5b492dc86ce99bf7c61c734eb364afcdb5c8 ch=110 start_time=2025-09-25T19:27:08.398161+00:00 flow_cell_id=AWX817 basecall_gpu=NVIDIA_Tegra_X2 protocol_group_id=ONT_trialEb_250925 sample_id=ONT_trail_250925 barcode=barcode22 barcode_alias=barcode22 parent_read_id=18493520-54a0-4bd0-8a90-c7b6a1ddbed4 basecall_model_version_id=dna_r10.4.1_e8.2_400bps_hac@v4.3.0 rc
417	c0554c62-7055-4ebe-b6ee-122e3ca88603 runid=0dfb5b492dc86ce99bf7c61c734eb364afcdb5c8 ch=44 start_time=2025-09-25T16:07:10.398161+00:00 flow_cell_id=AWX817 basecall_gpu=NVIDIA_Tegra_X2 protocol_group_id=ONT_trialEb_250925 sample_id=ONT_trail_250925 barcode=barcode23 barcode_alias=barcode23 parent_read_id=c0554c62-7055-4ebe-b6ee-122e3ca88603 basecall_model_version_id=dna_r10.4.1_e8.2_400bps_hac@v4.3.0
417	98534b35-bffc-4857-a4ba-0635ccdb4a4f runid=0dfb5b492dc86ce99bf7c61c734eb364afcdb5c8 ch=79 start_time=2025-09-25T17:46:39.398161+00:00 flow_cell_id=AWX817 basecall_gpu=NVIDIA_Tegra_X2 protocol_group_id=ONT_trialEb_250925 sample_id=ONT_trail_250925 barcode=barcode22 barcode_alias=barcode22 parent_read_id=98534b35-bffc-4857-a4ba-0635ccdb4a4f basecall_model_version_id=dna_r10.4.1_e8.2_400bps_hac@v4.3.0
417	98534b35-bffc-4857-a4ba-0635ccdb4a4f runid=0dfb5b492dc86ce99bf7c61c734eb364afcdb5c8 ch=79 start_time=2025-09-25T17:46:39.398161+00:00 flow_cell_id=AWX817 basecall_gpu=NVIDIA_Tegra_X2 protocol_group_id=ONT_trialEb_250925 sample_id=ONT_trail_250925 barcode=barcode22 barcode_alias=barcode22 parent_read_id=98534b35-bffc-4857-a4ba-0635ccdb4a4f basecall_model_version_id=dna_r10.4.1_e8.2_400bps_hac@v4.3.0
417	f526f421-2a2f-42db-a11c-89740b8b5856 runid=0dfb5b492dc86ce99bf7c61c734eb364afcdb5c8 ch=4 start_time=2025-09-26T05:26:56.398161+00:00 flow_cell_id=AWX817 basecall_gpu=NVIDIA_Tegra_X2 protocol_group_id=ONT_trialEb_250925 sample_id=ONT_trail_250925 barcode=barcode22 barcode_alias=barcode22 parent_read_id=f526f421-2a2f-42db-a11c-89740b8b5856 basecall_model_version_id=dna_r10.4.1_e8.2_400bps_hac@v4.3.0
417	f526f421-2a2f-42db-a11c-89740b8b5856 runid=0dfb5b492dc86ce99bf7c61c734eb364afcdb5c8 ch=4 start_time=2025-09-26T05:26:56.398161+00:00 flow_cell_id=AWX817 basecall_gpu=NVIDIA_Tegra_X2 protocol_group_id=ONT_trialEb_250925 sample_id=ONT_trail_250925 barcode=barcode22 barcode_alias=barcode22 parent_read_id=f526f421-2a2f-42db-a11c-89740b8b5856 basecall_model_version_id=dna_r10.4.1_e8.2_400bps_hac@v4.3.0
268	213a52c5-d9a8-48d1-bce2-6650d8aeda17 runid=0dfb5b492dc86ce99bf7c61c734eb364afcdb5c8 ch=73 start_time=2025-09-25T21:07:33.398161+00:00 flow_cell_id=AWX817 basecall_gpu=NVIDIA_Tegra_X2 protocol_group_id=ONT_trialEb_250925 sample_id=ONT_trail_250925 barcode=barcode22 barcode_alias=barcode22 parent_read_id=213a52c5-d9a8-48d1-bce2-6650d8aeda17 basecall_model_version_id=dna_r10.4.1_e8.2_400bps_hac@v4.3.0
268	213a52c5-d9a8-48d1-bce2-6650d8aeda17 runid=0dfb5b492dc86ce99bf7c61c734eb364afcdb5c8 ch=73 start_time=2025-09-25T21:07:33.398161+00:00 flow_cell_id=AWX817 basecall_gpu=NVIDIA_Tegra_X2 protocol_group_id=ONT_trialEb_250925 sample_id=ONT_trail_250925 barcode=barcode22 barcode_alias=barcode22 parent_read_id=213a52c5-d9a8-48d1-bce2-6650d8aeda17 basecall_model_version_id=dna_r10.4.1_e8.2_400bps_hac@v4.3.0
268	6212a17b-5a7d-499e-a0bc-b01f6db08cb0 runid=0dfb5b492dc86ce99bf7c61c734eb364afcdb5c8 ch=118 start_time=2025-09-26T02:09:49.398161+00:00 flow_cell_id=AWX817 basecall_gpu=NVIDIA_Tegra_X2 protocol_group_id=ONT_trialEb_250925 sample_id=ONT_trail_250925 barcode=barcode22 barcode_alias=barcode22 parent_read_id=6212a17b-5a7d-499e-a0bc-b01f6db08cb0 basecall_model_version_id=dna_r10.4.1_e8.2_400bps_hac@v4.3.0
268	6212a17b-5a7d-499e-a0bc-b01f6db08cb0 runid=0dfb5b492dc86ce99bf7c61c734eb364afcdb5c8 ch=118 start_time=2025-09-26T02:09:49.398161+00:00 flow_cell_id=AWX817 basecall_gpu=NVIDIA_Tegra_X2 protocol_group_id=ONT_trialEb_250925 sample_id=ONT_trail_250925 barcode=barcode22 barcode_alias=barcode22 parent_read_id=6212a17b-5a7d-499e-a0bc-b01f6db08cb0 basecall_model_version_id=dna_r10.4.1_e8.2_400bps_hac@v4.3.0
268	8a990ec0-d0c8-4dcd-bffd-c61ce69a8df4 runid=0dfb5b492dc86ce99bf7c61c734eb364afcdb5c8 ch=4 start_time=2025-09-25T20:44:57.398161+00:00 flow_cell_id=AWX817 basecall_gpu=NVIDIA_Tegra_X2 protocol_group_id=ONT_trialEb_250925 sample_id=ONT_trail_250925 barcode=barcode22 barcode_alias=barcode22 parent_read_id=8a990ec0-d0c8-4dcd-bffd-c61ce69a8df4 basecall_model_version_id=dna_r10.4.1_e8.2_400bps_hac@v4.3.0 rc
268	8a990ec0-d0c8-4dcd-bffd-c61ce69a8df4 runid=0dfb5b492dc86ce99bf7c61c734eb364afcdb5c8 ch=4 start_time=2025-09-25T20:44:57.398161+00:00 flow_cell_id=AWX817 basecall_gpu=NVIDIA_Tegra_X2 protocol_group_id=ONT_trialEb_250925 sample_id=ONT_trail_250925 barcode=barcode22 barcode_alias=barcode22 parent_read_id=8a990ec0-d0c8-4dcd-bffd-c61ce69a8df4 basecall_model_version_id=dna_r10.4.1_e8.2_400bps_hac@v4.3.0 rc
268	3aa7f2de-b88d-47e0-99cf-aae94d0238e7 runid=0dfb5b492dc86ce99bf7c61c734eb364afcdb5c8 ch=44 start_time=2025-09-26T03:33:34.398161+00:00 flow_cell_id=AWX817 basecall_gpu=NVIDIA_Tegra_X2 protocol_group_id=ONT_trialEb_250925 sample_id=ONT_trail_250925 barcode=barcode22 barcode_alias=barcode22 parent_read_id=3aa7f2de-b88d-47e0-99cf-aae94d0238e7 basecall_model_version_id=dna_r10.4.1_e8.2_400bps_hac@v4.3.0
268	3aa7f2de-b88d-47e0-99cf-aae94d0238e7 runid=0dfb5b492dc86ce99bf7c61c734eb364afcdb5c8 ch=44 start_time=2025-09-26T03:33:34.398161+00:00 flow_cell_id=AWX817 basecall_gpu=NVIDIA_Tegra_X2 protocol_group_id=ONT_trialEb_250925 sample_id=ONT_trail_250925 barcode=barcode22 barcode_alias=barcode22 parent_read_id=3aa7f2de-b88d-47e0-99cf-aae94d0238e7 basecall_model_version_id=dna_r10.4.1_e8.2_400bps_hac@v4.3.0
453	33ce2f66-90e2-4b10-a366-f715cc5ebfb7 runid=0dfb5b492dc86ce99bf7c61c734eb364afcdb5c8 ch=108 start_time=2025-09-25T16:16:15.398161+00:00 flow_cell_id=AWX817 basecall_gpu=NVIDIA_Tegra_X2 protocol_group_id=ONT_trialEb_250925 sample_id=ONT_trail_250925 barcode=barcode22 barcode_alias=barcode22 parent_read_id=33ce2f66-90e2-4b10-a366-f715cc5ebfb7 basecall_model_version_id=dna_r10.4.1_e8.2_400bps_hac@v4.3.0 rc
453	33ce2f66-90e2-4b10-a366-f715cc5ebfb7 runid=0dfb5b492dc86ce99bf7c61c734eb364afcdb5c8 ch=108 start_time=2025-09-25T16:16:15.398161+00:00 flow_cell_id=AWX817 basecall_gpu=NVIDIA_Tegra_X2 protocol_group_id=ONT_trialEb_250925 sample_id=ONT_trail_250925 barcode=barcode22 barcode_alias=barcode22 parent_read_id=33ce2f66-90e2-4b10-a366-f715cc5ebfb7 basecall_model_version_id=dna_r10.4.1_e8.2_400bps_hac@v4.3.0 rc
453	cc3278a9-8017-4cec-8e51-0adc8b6fd25c runid=0dfb5b492dc86ce99bf7c61c734eb364afcdb5c8 ch=5 start_time=2025-09-25T23:51:13.398161+00:00 flow_cell_id=AWX817 basecall_gpu=NVIDIA_Tegra_X2 protocol_group_id=ONT_trialEb_250925 sample_id=ONT_trail_250925 barcode=barcode22 barcode_alias=barcode22 parent_read_id=cc3278a9-8017-4cec-8e51-0adc8b6fd25c basecall_model_version_id=dna_r10.4.1_e8.2_400bps_hac@v4.3.0 rc
453	cc3278a9-8017-4cec-8e51-0adc8b6fd25c runid=0dfb5b492dc86ce99bf7c61c734eb364afcdb5c8 ch=5 start_time=2025-09-25T23:51:13.398161+00:00 flow_cell_id=AWX817 basecall_gpu=NVIDIA_Tegra_X2 protocol_group_id=ONT_trialEb_250925 sample_id=ONT_trail_250925 barcode=barcode22 barcode_alias=barcode22 parent_read_id=cc3278a9-8017-4cec-8e51-0adc8b6fd25c basecall_model_version_id=dna_r10.4.1_e8.2_400bps_hac@v4.3.0 rc
453	039f30e0-6531-46ab-8c79-08985f9c4c2b runid=0dfb5b492dc86ce99bf7c61c734eb364afcdb5c8 ch=79 start_time=2025-09-25T16:08:19.398161+00:00 flow_cell_id=AWX817 basecall_gpu=NVIDIA_Tegra_X2 protocol_group_id=ONT_trialEb_250925 sample_id=ONT_trail_250925 barcode=barcode22 barcode_alias=barcode22 parent_read_id=039f30e0-6531-46ab-8c79-08985f9c4c2b basecall_model_version_id=dna_r10.4.1_e8.2_400bps_hac@v4.3.0 rc
453	039f30e0-6531-46ab-8c79-08985f9c4c2b runid=0dfb5b492dc86ce99bf7c61c734eb364afcdb5c8 ch=79 start_time=2025-09-25T16:08:19.398161+00:00 flow_cell_id=AWX817 basecall_gpu=NVIDIA_Tegra_X2 protocol_group_id=ONT_trialEb_250925 sample_id=ONT_trail_250925 barcode=barcode22 barcode_alias=barcode22 parent_read_id=039f30e0-6531-46ab-8c79-08985f9c4c2b basecall_model_version_id=dna_r10.4.1_e8.2_400bps_hac@v4.3.0 rc
453	85541e2c-32f7-4fe1-8b3a-23db8941b201 runid=0dfb5b492dc86ce99bf7c61c734eb364afcdb5c8 ch=73 start_time=2025-09-25T18:21:31.398161+00:00 flow_cell_id=AWX817 basecall_gpu=NVIDIA_Tegra_X2 protocol_group_id=ONT_trialEb_250925 sample_id=ONT_trail_250925 barcode=barcode22 barcode_alias=barcode22 parent_read_id=85541e2c-32f7-4fe1-8b3a-23db8941b201 basecall_model_version_id=dna_r10.4.1_e8.2_400bps_hac@v4.3.0 rc
453	85541e2c-32f7-4fe1-8b3a-23db8941b201 runid=0dfb5b492dc86ce99bf7c61c734eb364afcdb5c8 ch=73 start_time=2025-09-25T18:21:31.398161+00:00 flow_cell_id=AWX817 basecall_gpu=NVIDIA_Tegra_X2 protocol_group_id=ONT_trialEb_250925 sample_id=ONT_trail_250925 barcode=barcode22 barcode_alias=barcode22 parent_read_id=85541e2c-32f7-4fe1-8b3a-23db8941b201 basecall_model_version_id=dna_r10.4.1_e8.2_400bps_hac@v4.3.0 rc
31	aeba5a62-8dbb-4d53-bb02-4c72af6b309d runid=0dfb5b492dc86ce99bf7c61c734eb364afcdb5c8 ch=44 start_time=2025-09-26T02:06:41.398161+00:00 flow_cell_id=AWX817 basecall_gpu=NVIDIA_Tegra_X2 protocol_group_id=ONT_trialEb_250925 sample_id=ONT_trail_250925 barcode=barcode22 barcode_alias=barcode22 parent_read_id=aeba5a62-8dbb-4d53-bb02-4c72af6b309d basecall_model_version_id=dna_r10.4.1_e8.2_400bps_hac@v4.3.0 rc
31	aeba5a62-8dbb-4d53-bb02-4c72af6b309d runid=0dfb5b492dc86ce99bf7c61c734eb364afcdb5c8 ch=44 start_time=2025-09-26T02:06:41.398161+00:00 flow_cell_id=AWX817 basecall_gpu=NVIDIA_Tegra_X2 protocol_group_id=ONT_trialEb_250925 sample_id=ONT_trail_250925 barcode=barcode22 barcode_alias=barcode22 parent_read_id=aeba5a62-8dbb-4d53-bb02-4c72af6b309d basecall_model_version_id=dna_r10.4.1_e8.2_400bps_hac@v4.3.0 rc
31	bd12a509-04a7-4eb4-9645-03f0d4caac3b runid=0dfb5b492dc86ce99bf7c61c734eb364afcdb5c8 ch=4 start_time=2025-09-25T21:20:26.398161+00:00 flow_cell_id=AWX817 basecall_gpu=NVIDIA_Tegra_X2 protocol_group_id=ONT_trialEb_250925 sample_id=ONT_trail_250925 barcode=barcode22 barcode_alias=barcode22 parent_read_id=bd12a509-04a7-4eb4-9645-03f0d4caac3b basecall_model_version_id=dna_r10.4.1_e8.2_400bps_hac@v4.3.0 rc
31	bd12a509-04a7-4eb4-9645-03f0d4caac3b runid=0dfb5b492dc86ce99bf7c61c734eb364afcdb5c8 ch=4 start_time=2025-09-25T21:20:26.398161+00:00 flow_cell_id=AWX817 basecall_gpu=NVIDIA_Tegra_X2 protocol_group_id=ONT_trialEb_250925 sample_id=ONT_trail_250925 barcode=barcode22 barcode_alias=barcode22 parent_read_id=bd12a509-04a7-4eb4-9645-03f0d4caac3b basecall_model_version_id=dna_r10.4.1_e8.2_400bps_hac@v4.3.0 rc
31	0a65d4de-ddf7-4657-bc70-3deec7d2eb77 runid=0dfb5b492dc86ce99bf7c61c734eb364afcdb5c8 ch=58 start_time=2025-09-25T20:55:40.398161+00:00 flow_cell_id=AWX817 basecall_gpu=NVIDIA_Tegra_X2 protocol_group_id=ONT_trialEb_250925 sample_id=ONT_trail_250925 barcode=barcode22 barcode_alias=barcode22 parent_read_id=0a65d4de-ddf7-4657-bc70-3deec7d2eb77 basecall_model_version_id=dna_r10.4.1_e8.2_400bps_hac@v4.3.0 rc
31	0a65d4de-ddf7-4657-bc70-3deec7d2eb77 runid=0dfb5b492dc86ce99bf7c61c734eb364afcdb5c8 ch=58 start_time=2025-09-25T20:55:40.398161+00:00 flow_cell_id=AWX817 basecall_gpu=NVIDIA_Tegra_X2 protocol_group_id=ONT_trialEb_250925 sample_id=ONT_trail_250925 barcode=barcode22 barcode_alias=barcode22 parent_read_id=0a65d4de-ddf7-4657-bc70-3deec7d2eb77 basecall_model_version_id=dna_r10.4.1_e8.2_400bps_hac@v4.3.0 rc
235	7acc80b2-4908-4e7b-a600-c2bcb16e3d58 runid=0dfb5b492dc86ce99bf7c61c734eb364afcdb5c8 ch=73 start_time=2025-09-25T20:51:21.398161+00:00 flow_cell_id=AWX817 basecall_gpu=NVIDIA_Tegra_X2 protocol_group_id=ONT_trialEb_250925 sample_id=ONT_trail_250925 barcode=barcode22 barcode_alias=barcode22 parent_read_id=7acc80b2-4908-4e7b-a600-c2bcb16e3d58 basecall_model_version_id=dna_r10.4.1_e8.2_400bps_hac@v4.3.0
235	7acc80b2-4908-4e7b-a600-c2bcb16e3d58 runid=0dfb5b492dc86ce99bf7c61c734eb364afcdb5c8 ch=73 start_time=2025-09-25T20:51:21.398161+00:00 flow_cell_id=AWX817 basecall_gpu=NVIDIA_Tegra_X2 protocol_group_id=ONT_trialEb_250925 sample_id=ONT_trail_250925 barcode=barcode22 barcode_alias=barcode22 parent_read_id=7acc80b2-4908-4e7b-a600-c2bcb16e3d58 basecall_model_version_id=dna_r10.4.1_e8.2_400bps_hac@v4.3.0
235	0b22b31c-03ca-4674-b683-b87bcb330292 runid=0dfb5b492dc86ce99bf7c61c734eb364afcdb5c8 ch=85 start_time=2025-09-26T01:18:57.398161+00:00 flow_cell_id=AWX817 basecall_gpu=NVIDIA_Tegra_X2 protocol_group_id=ONT_trialEb_250925 sample_id=ONT_trail_250925 barcode=barcode23 barcode_alias=barcode23 parent_read_id=0b22b31c-03ca-4674-b683-b87bcb330292 basecall_model_version_id=dna_r10.4.1_e8.2_400bps_hac@v4.3.0
235	f87a4454-fa48-4b70-b8c5-ef237595feb0 runid=0dfb5b492dc86ce99bf7c61c734eb364afcdb5c8 ch=40 start_time=2025-09-25T16:24:59.398161+00:00 flow_cell_id=AWX817 basecall_gpu=NVIDIA_Tegra_X2 protocol_group_id=ONT_trialEb_250925 sample_id=ONT_trail_250925 barcode=barcode14 barcode_alias=barcode14 parent_read_id=f87a4454-fa48-4b70-b8c5-ef237595feb0 basecall_model_version_id=dna_r10.4.1_e8.2_400bps_hac@v4.3.0
235	f87a4454-fa48-4b70-b8c5-ef237595feb0 runid=0dfb5b492dc86ce99bf7c61c734eb364afcdb5c8 ch=40 start_time=2025-09-25T16:24:59.398161+00:00 flow_cell_id=AWX817 basecall_gpu=NVIDIA_Tegra_X2 protocol_group_id=ONT_trialEb_250925 sample_id=ONT_trail_250925 barcode=barcode14 barcode_alias=barcode14 parent_read_id=f87a4454-fa48-4b70-b8c5-ef237595feb0 basecall_model_version_id=dna_r10.4.1_e8.2_400bps_hac@v4.3.0
400	25cb16ac-99d6-4d1d-ba08-6f5a5f62ca51 runid=0dfb5b492dc86ce99bf7c61c734eb364afcdb5c8 ch=43 start_time=2025-09-25T18:00:55.398161+00:00 flow_cell_id=AWX817 basecall_gpu=NVIDIA_Tegra_X2 protocol_group_id=ONT_trialEb_250925 sample_id=ONT_trail_250925 barcode=barcode14 barcode_alias=barcode14 parent_read_id=25cb16ac-99d6-4d1d-ba08-6f5a5f62ca51 basecall_model_version_id=dna_r10.4.1_e8.2_400bps_hac@v4.3.0
400	25cb16ac-99d6-4d1d-ba08-6f5a5f62ca51 runid=0dfb5b492dc86ce99bf7c61c734eb364afcdb5c8 ch=43 start_time=2025-09-25T18:00:55.398161+00:00 flow_cell_id=AWX817 basecall_gpu=NVIDIA_Tegra_X2 protocol_group_id=ONT_trialEb_250925 sample_id=ONT_trail_250925 barcode=barcode14 barcode_alias=barcode14 parent_read_id=25cb16ac-99d6-4d1d-ba08-6f5a5f62ca51 basecall_model_version_id=dna_r10.4.1_e8.2_400bps_hac@v4.3.0
400	1d5b5516-a930-44d4-8b1f-e3ca67b1735f runid=0dfb5b492dc86ce99bf7c61c734eb364afcdb5c8 ch=49 start_time=2025-09-26T11:58:15.398161+00:00 flow_cell_id=AWX817 basecall_gpu=NVIDIA_Tegra_X2 protocol_group_id=ONT_trialEb_250925 sample_id=ONT_trail_250925 barcode=barcode22 barcode_alias=barcode22 parent_read_id=1d5b5516-a930-44d4-8b1f-e3ca67b1735f basecall_model_version_id=dna_r10.4.1_e8.2_400bps_hac@v4.3.0 rc
400	1d5b5516-a930-44d4-8b1f-e3ca67b1735f runid=0dfb5b492dc86ce99bf7c61c734eb364afcdb5c8 ch=49 start_time=2025-09-26T11:58:15.398161+00:00 flow_cell_id=AWX817 basecall_gpu=NVIDIA_Tegra_X2 protocol_group_id=ONT_trialEb_250925 sample_id=ONT_trail_250925 barcode=barcode22 barcode_alias=barcode22 parent_read_id=1d5b5516-a930-44d4-8b1f-e3ca67b1735f basecall_model_version_id=dna_r10.4.1_e8.2_400bps_hac@v4.3.0 rc
309	7b2845d5-adcb-4da9-b114-fe563f35ec65 runid=0dfb5b492dc86ce99bf7c61c734eb364afcdb5c8 ch=44 start_time=2025-09-26T01:56:50.398161+00:00 flow_cell_id=AWX817 basecall_gpu=NVIDIA_Tegra_X2 protocol_group_id=ONT_trialEb_250925 sample_id=ONT_trail_250925 barcode=barcode23 barcode_alias=barcode23 parent_read_id=7b2845d5-adcb-4da9-b114-fe563f35ec65 basecall_model_version_id=dna_r10.4.1_e8.2_400bps_hac@v4.3.0 rc
309	29b75b2c-486e-42bd-ac04-763ca70a0a47 runid=0dfb5b492dc86ce99bf7c61c734eb364afcdb5c8 ch=20 start_time=2025-09-25T17:44:54.398161+00:00 flow_cell_id=AWX817 basecall_gpu=NVIDIA_Tegra_X2 protocol_group_id=ONT_trialEb_250925 sample_id=ONT_trail_250925 barcode=barcode15 barcode_alias=barcode15 parent_read_id=29b75b2c-486e-42bd-ac04-763ca70a0a47 basecall_model_version_id=dna_r10.4.1_e8.2_400bps_hac@v4.3.0
309	3ac8fda5-3e4c-49f2-a8a3-74c8682b6da6 runid=0dfb5b492dc86ce99bf7c61c734eb364afcdb5c8 ch=91 start_time=2025-09-25T18:37:45.398161+00:00 flow_cell_id=AWX817 basecall_gpu=NVIDIA_Tegra_X2 protocol_group_id=ONT_trialEb_250925 sample_id=ONT_trail_250925 barcode=barcode15 barcode_alias=barcode15 parent_read_id=3ac8fda5-3e4c-49f2-a8a3-74c8682b6da6 basecall_model_version_id=dna_r10.4.1_e8.2_400bps_hac@v4.3.0 rc
33	2cf0233b-59b1-4a20-abd6-ba033d6dcbed runid=0dfb5b492dc86ce99bf7c61c734eb364afcdb5c8 ch=44 start_time=2025-09-25T16:11:38.398161+00:00 flow_cell_id=AWX817 basecall_gpu=NVIDIA_Tegra_X2 protocol_group_id=ONT_trialEb_250925 sample_id=ONT_trail_250925 barcode=barcode22 barcode_alias=barcode22 parent_read_id=2cf0233b-59b1-4a20-abd6-ba033d6dcbed basecall_model_version_id=dna_r10.4.1_e8.2_400bps_hac@v4.3.0 rc
33	2cf0233b-59b1-4a20-abd6-ba033d6dcbed runid=0dfb5b492dc86ce99bf7c61c734eb364afcdb5c8 ch=44 start_time=2025-09-25T16:11:38.398161+00:00 flow_cell_id=AWX817 basecall_gpu=NVIDIA_Tegra_X2 protocol_group_id=ONT_trialEb_250925 sample_id=ONT_trail_250925 barcode=barcode22 barcode_alias=barcode22 parent_read_id=2cf0233b-59b1-4a20-abd6-ba033d6dcbed basecall_model_version_id=dna_r10.4.1_e8.2_400bps_hac@v4.3.0 rc
41	ae10bb48-c223-42c9-a4c8-fb89786c77b7 runid=0dfb5b492dc86ce99bf7c61c734eb364afcdb5c8 ch=39 start_time=2025-09-26T00:45:18.398161+00:00 flow_cell_id=AWX817 basecall_gpu=NVIDIA_Tegra_X2 protocol_group_id=ONT_trialEb_250925 sample_id=ONT_trail_250925 barcode=barcode22 barcode_alias=barcode22 parent_read_id=ae10bb48-c223-42c9-a4c8-fb89786c77b7 basecall_model_version_id=dna_r10.4.1_e8.2_400bps_hac@v4.3.0 rc
41	ae10bb48-c223-42c9-a4c8-fb89786c77b7 runid=0dfb5b492dc86ce99bf7c61c734eb364afcdb5c8 ch=39 start_time=2025-09-26T00:45:18.398161+00:00 flow_cell_id=AWX817 basecall_gpu=NVIDIA_Tegra_X2 protocol_group_id=ONT_trialEb_250925 sample_id=ONT_trail_250925 barcode=barcode22 barcode_alias=barcode22 parent_read_id=ae10bb48-c223-42c9-a4c8-fb89786c77b7 basecall_model_version_id=dna_r10.4.1_e8.2_400bps_hac@v4.3.0 rc
341	a5301364-d8b4-44ba-8d71-f6d1f9a3e66b runid=0dfb5b492dc86ce99bf7c61c734eb364afcdb5c8 ch=73 start_time=2025-09-25T18:36:37.398161+00:00 flow_cell_id=AWX817 basecall_gpu=NVIDIA_Tegra_X2 protocol_group_id=ONT_trialEb_250925 sample_id=ONT_trail_250925 barcode=barcode23 barcode_alias=barcode23 parent_read_id=a5301364-d8b4-44ba-8d71-f6d1f9a3e66b basecall_model_version_id=dna_r10.4.1_e8.2_400bps_hac@v4.3.0 rc
341	4ec0b5db-20da-4ffd-912c-7c2028de8299 runid=0dfb5b492dc86ce99bf7c61c734eb364afcdb5c8 ch=57 start_time=2025-09-25T17:03:54.398161+00:00 flow_cell_id=AWX817 basecall_gpu=NVIDIA_Tegra_X2 protocol_group_id=ONT_trialEb_250925 sample_id=ONT_trail_250925 barcode=barcode23 barcode_alias=barcode23 parent_read_id=4ec0b5db-20da-4ffd-912c-7c2028de8299 basecall_model_version_id=dna_r10.4.1_e8.2_400bps_hac@v4.3.0
385	497aaed2-89df-4ec9-9f42-0b2674c2160f runid=0dfb5b492dc86ce99bf7c61c734eb364afcdb5c8 ch=4 start_time=2025-09-26T05:14:01.398161+00:00 flow_cell_id=AWX817 basecall_gpu=NVIDIA_Tegra_X2 protocol_group_id=ONT_trialEb_250925 sample_id=ONT_trail_250925 barcode=barcode22 barcode_alias=barcode22 parent_read_id=497aaed2-89df-4ec9-9f42-0b2674c2160f basecall_model_version_id=dna_r10.4.1_e8.2_400bps_hac@v4.3.0 rc
385	497aaed2-89df-4ec9-9f42-0b2674c2160f runid=0dfb5b492dc86ce99bf7c61c734eb364afcdb5c8 ch=4 start_time=2025-09-26T05:14:01.398161+00:00 flow_cell_id=AWX817 basecall_gpu=NVIDIA_Tegra_X2 protocol_group_id=ONT_trialEb_250925 sample_id=ONT_trail_250925 barcode=barcode22 barcode_alias=barcode22 parent_read_id=497aaed2-89df-4ec9-9f42-0b2674c2160f basecall_model_version_id=dna_r10.4.1_e8.2_400bps_hac@v4.3.0 rc
407	26f7c78c-69dd-4db1-9f61-e3a7f8b05862 runid=0dfb5b492dc86ce99bf7c61c734eb364afcdb5c8 ch=15 start_time=2025-09-25T19:38:12.398161+00:00 flow_cell_id=AWX817 basecall_gpu=NVIDIA_Tegra_X2 protocol_group_id=ONT_trialEb_250925 sample_id=ONT_trail_250925 barcode=barcode22 barcode_alias=barcode22 parent_read_id=26f7c78c-69dd-4db1-9f61-e3a7f8b05862 basecall_model_version_id=dna_r10.4.1_e8.2_400bps_hac@v4.3.0
407	26f7c78c-69dd-4db1-9f61-e3a7f8b05862 runid=0dfb5b492dc86ce99bf7c61c734eb364afcdb5c8 ch=15 start_time=2025-09-25T19:38:12.398161+00:00 flow_cell_id=AWX817 basecall_gpu=NVIDIA_Tegra_X2 protocol_group_id=ONT_trialEb_250925 sample_id=ONT_trail_250925 barcode=barcode22 barcode_alias=barcode22 parent_read_id=26f7c78c-69dd-4db1-9f61-e3a7f8b05862 basecall_model_version_id=dna_r10.4.1_e8.2_400bps_hac@v4.3.0
420	57a652b9-e257-4999-9c38-fe1edde7e3f0 runid=0dfb5b492dc86ce99bf7c61c734eb364afcdb5c8 ch=40 start_time=2025-09-25T17:21:42.398161+00:00 flow_cell_id=AWX817 basecall_gpu=NVIDIA_Tegra_X2 protocol_group_id=ONT_trialEb_250925 sample_id=ONT_trail_250925 barcode=barcode22 barcode_alias=barcode22 parent_read_id=57a652b9-e257-4999-9c38-fe1edde7e3f0 basecall_model_version_id=dna_r10.4.1_e8.2_400bps_hac@v4.3.0 rc
420	57a652b9-e257-4999-9c38-fe1edde7e3f0 runid=0dfb5b492dc86ce99bf7c61c734eb364afcdb5c8 ch=40 start_time=2025-09-25T17:21:42.398161+00:00 flow_cell_id=AWX817 basecall_gpu=NVIDIA_Tegra_X2 protocol_group_id=ONT_trialEb_250925 sample_id=ONT_trail_250925 barcode=barcode22 barcode_alias=barcode22 parent_read_id=57a652b9-e257-4999-9c38-fe1edde7e3f0 basecall_model_version_id=dna_r10.4.1_e8.2_400bps_hac@v4.3.0 rc
424	f90d8a2d-2b65-4cb1-8992-7f71ad3781ff runid=0dfb5b492dc86ce99bf7c61c734eb364afcdb5c8 ch=20 start_time=2025-09-25T16:39:07.398161+00:00 flow_cell_id=AWX817 basecall_gpu=NVIDIA_Tegra_X2 protocol_group_id=ONT_trialEb_250925 sample_id=ONT_trail_250925 barcode=barcode14 barcode_alias=barcode14 parent_read_id=f90d8a2d-2b65-4cb1-8992-7f71ad3781ff basecall_model_version_id=dna_r10.4.1_e8.2_400bps_hac@v4.3.0
424	f90d8a2d-2b65-4cb1-8992-7f71ad3781ff runid=0dfb5b492dc86ce99bf7c61c734eb364afcdb5c8 ch=20 start_time=2025-09-25T16:39:07.398161+00:00 flow_cell_id=AWX817 basecall_gpu=NVIDIA_Tegra_X2 protocol_group_id=ONT_trialEb_250925 sample_id=ONT_trail_250925 barcode=barcode14 barcode_alias=barcode14 parent_read_id=f90d8a2d-2b65-4cb1-8992-7f71ad3781ff basecall_model_version_id=dna_r10.4.1_e8.2_400bps_hac@v4.3.0
447	7be03c12-ee36-4c06-89e4-38b6bd3eede4 runid=0dfb5b492dc86ce99bf7c61c734eb364afcdb5c8 ch=40 start_time=2025-09-25T20:07:05.398161+00:00 flow_cell_id=AWX817 basecall_gpu=NVIDIA_Tegra_X2 protocol_group_id=ONT_trialEb_250925 sample_id=ONT_trail_250925 barcode=barcode14 barcode_alias=barcode14 parent_read_id=7be03c12-ee36-4c06-89e4-38b6bd3eede4 basecall_model_version_id=dna_r10.4.1_e8.2_400bps_hac@v4.3.0
447	7be03c12-ee36-4c06-89e4-38b6bd3eede4 runid=0dfb5b492dc86ce99bf7c61c734eb364afcdb5c8 ch=40 start_time=2025-09-25T20:07:05.398161+00:00 flow_cell_id=AWX817 basecall_gpu=NVIDIA_Tegra_X2 protocol_group_id=ONT_trialEb_250925 sample_id=ONT_trail_250925 barcode=barcode14 barcode_alias=barcode14 parent_read_id=7be03c12-ee36-4c06-89e4-38b6bd3eede4 basecall_model_version_id=dna_r10.4.1_e8.2_400bps_hac@v4.3.0
457	bb60ea2b-b188-4ea2-bc4d-86c94cade28e runid=0dfb5b492dc86ce99bf7c61c734eb364afcdb5c8 ch=110 start_time=2025-09-25T19:23:04.398161+00:00 flow_cell_id=AWX817 basecall_gpu=NVIDIA_Tegra_X2 protocol_group_id=ONT_trialEb_250925 sample_id=ONT_trail_250925 barcode=barcode22 barcode_alias=barcode22 parent_read_id=bb60ea2b-b188-4ea2-bc4d-86c94cade28e basecall_model_version_id=dna_r10.4.1_e8.2_400bps_hac@v4.3.0 rc
457	bb60ea2b-b188-4ea2-bc4d-86c94cade28e runid=0dfb5b492dc86ce99bf7c61c734eb364afcdb5c8 ch=110 start_time=2025-09-25T19:23:04.398161+00:00 flow_cell_id=AWX817 basecall_gpu=NVIDIA_Tegra_X2 protocol_group_id=ONT_trialEb_250925 sample_id=ONT_trail_250925 barcode=barcode22 barcode_alias=barcode22 parent_read_id=bb60ea2b-b188-4ea2-bc4d-86c94cade28e basecall_model_version_id=dna_r10.4.1_e8.2_400bps_hac@v4.3.0 rc
464	52d45f71-861e-4829-93b0-550849902101 runid=0dfb5b492dc86ce99bf7c61c734eb364afcdb5c8 ch=85 start_time=2025-09-26T00:00:50.398161+00:00 flow_cell_id=AWX817 basecall_gpu=NVIDIA_Tegra_X2 protocol_group_id=ONT_trialEb_250925 sample_id=ONT_trail_250925 barcode=barcode22 barcode_alias=barcode22 parent_read_id=52d45f71-861e-4829-93b0-550849902101 basecall_model_version_id=dna_r10.4.1_e8.2_400bps_hac@v4.3.0
464	52d45f71-861e-4829-93b0-550849902101 runid=0dfb5b492dc86ce99bf7c61c734eb364afcdb5c8 ch=85 start_time=2025-09-26T00:00:50.398161+00:00 flow_cell_id=AWX817 basecall_gpu=NVIDIA_Tegra_X2 protocol_group_id=ONT_trialEb_250925 sample_id=ONT_trail_250925 barcode=barcode22 barcode_alias=barcode22 parent_read_id=52d45f71-861e-4829-93b0-550849902101 basecall_model_version_id=dna_r10.4.1_e8.2_400bps_hac@v4.3.0
375	6ead1e0f-b0f6-4e9f-96f7-030e06819d80 runid=0dfb5b492dc86ce99bf7c61c734eb364afcdb5c8 ch=110 start_time=2025-09-25T16:15:13.398161+00:00 flow_cell_id=AWX817 basecall_gpu=NVIDIA_Tegra_X2 protocol_group_id=ONT_trialEb_250925 sample_id=ONT_trail_250925 barcode=barcode15 barcode_alias=barcode15 parent_read_id=6ead1e0f-b0f6-4e9f-96f7-030e06819d80 basecall_model_version_id=dna_r10.4.1_e8.2_400bps_hac@v4.3.0 rc
387	a8ab08c3-9df3-44d0-a078-876ae9a0e6c6 runid=0dfb5b492dc86ce99bf7c61c734eb364afcdb5c8 ch=110 start_time=2025-09-25T19:16:02.398161+00:00 flow_cell_id=AWX817 basecall_gpu=NVIDIA_Tegra_X2 protocol_group_id=ONT_trialEb_250925 sample_id=ONT_trail_250925 barcode=barcode24 barcode_alias=barcode24 parent_read_id=a8ab08c3-9df3-44d0-a078-876ae9a0e6c6 basecall_model_version_id=dna_r10.4.1_e8.2_400bps_hac@v4.3.0 rc
403	2e5bff77-eb4f-4ce3-8be8-9a74de99d145 runid=0dfb5b492dc86ce99bf7c61c734eb364afcdb5c8 ch=41 start_time=2025-09-26T01:28:06.398161+00:00 flow_cell_id=AWX817 basecall_gpu=NVIDIA_Tegra_X2 protocol_group_id=ONT_trialEb_250925 sample_id=ONT_trail_250925 barcode=barcode23 barcode_alias=barcode23 parent_read_id=2e5bff77-eb4f-4ce3-8be8-9a74de99d145 basecall_model_version_id=dna_r10.4.1_e8.2_400bps_hac@v4.3.0
440	8de96dc9-0ea9-4204-ab00-058afcf48274 runid=0dfb5b492dc86ce99bf7c61c734eb364afcdb5c8 ch=93 start_time=2025-09-25T18:58:00.398161+00:00 flow_cell_id=AWX817 basecall_gpu=NVIDIA_Tegra_X2 protocol_group_id=ONT_trialEb_250925 sample_id=ONT_trail_250925 barcode=barcode15 barcode_alias=barcode15 parent_read_id=8de96dc9-0ea9-4204-ab00-058afcf48274 basecall_model_version_id=dna_r10.4.1_e8.2_400bps_hac@v4.3.0 rc
459	2a3fa47b-3d96-41be-9a02-cb237c3c5a3b runid=0dfb5b492dc86ce99bf7c61c734eb364afcdb5c8 ch=67 start_time=2025-09-25T16:04:14.398161+00:00 flow_cell_id=AWX817 basecall_gpu=NVIDIA_Tegra_X2 protocol_group_id=ONT_trialEb_250925 sample_id=ONT_trail_250925 barcode=barcode13 barcode_alias=barcode13 parent_read_id=2a3fa47b-3d96-41be-9a02-cb237c3c5a3b basecall_model_version_id=dna_r10.4.1_e8.2_400bps_hac@v4.3.0 rc
470	b08b942b-a5e6-4299-a1a3-fab9569f2184 runid=0dfb5b492dc86ce99bf7c61c734eb364afcdb5c8 ch=43 start_time=2025-09-25T19:16:15.398161+00:00 flow_cell_id=AWX817 basecall_gpu=NVIDIA_Tegra_X2 protocol_group_id=ONT_trialEb_250925 sample_id=ONT_trail_250925 barcode=barcode13 barcode_alias=barcode13 parent_read_id=b08b942b-a5e6-4299-a1a3-fab9569f2184 basecall_model_version_id=dna_r10.4.1_e8.2_400bps_hac@v4.3.0 rc
471	a8a32f72-477e-488b-836c-b31afffbe518 runid=0dfb5b492dc86ce99bf7c61c734eb364afcdb5c8 ch=80 start_time=2025-09-25T21:35:53.398161+00:00 flow_cell_id=AWX817 basecall_gpu=NVIDIA_Tegra_X2 protocol_group_id=ONT_trialEb_250925 sample_id=ONT_trail_250925 barcode=barcode23 barcode_alias=barcode23 parent_read_id=a8a32f72-477e-488b-836c-b31afffbe518 basecall_model_version_id=dna_r10.4.1_e8.2_400bps_hac@v4.3.0 rc
472	079396a5-5538-473a-bdf5-1101b02be0e9 runid=0dfb5b492dc86ce99bf7c61c734eb364afcdb5c8 ch=41 start_time=2025-09-25T18:07:38.398161+00:00 flow_cell_id=AWX817 basecall_gpu=NVIDIA_Tegra_X2 protocol_group_id=ONT_trialEb_250925 sample_id=ONT_trail_250925 barcode=barcode23 barcode_alias=barcode23 parent_read_id=079396a5-5538-473a-bdf5-1101b02be0e9 basecall_model_version_id=dna_r10.4.1_e8.2_400bps_hac@v4.3.0
473	74e28547-7866-4106-b140-7bedd15a6a64 runid=0dfb5b492dc86ce99bf7c61c734eb364afcdb5c8 ch=67 start_time=2025-09-26T06:44:04.398161+00:00 flow_cell_id=AWX817 basecall_gpu=NVIDIA_Tegra_X2 protocol_group_id=ONT_trialEb_250925 sample_id=ONT_trail_250925 barcode=barcode24 barcode_alias=barcode24 parent_read_id=74e28547-7866-4106-b140-7bedd15a6a64 basecall_model_version_id=dna_r10.4.1_e8.2_400bps_hac@v4.3.0 rc
