45684	41460415-2cae-4aeb-98b5-242b4c87e61f	qs:f:24.7036	ch:i:411	st:Z:2026-07-15T18:31:46.019000+00:00	RG:Z:a40d6b40-d3ad-4fe7-8245-9c92f794f831_dna_r10.4.1_e8.2_400bps_sup@v5.2.0	DS:Z:gpu:NVIDIA GeForce RTX 4070 SUPER	PU:Z:FBG39641	DT:Z:2026-07-15T14:17:26.508000+00:00	tm:Z:adapter,primer
45684	dac1d123-0a16-486e-880a-7644f9798a22	qs:f:17.0241	ch:i:66	st:Z:2026-07-15T22:58:50.291000+00:00	RG:Z:a40d6b40-d3ad-4fe7-8245-9c92f794f831_dna_r10.4.1_e8.2_400bps_sup@v5.2.0	DS:Z:gpu:NVIDIA GeForce RTX 4070 SUPER	PU:Z:FBG39641	DT:Z:2026-07-15T14:17:26.508000+00:00	tm:Z:adapter,primer rc
45684	82152ad1-2896-4d06-b8e3-839398eafea2	qs:f:24.9941	ch:i:381	st:Z:2026-07-15T21:20:43.270000+00:00	RG:Z:a40d6b40-d3ad-4fe7-8245-9c92f794f831_dna_r10.4.1_e8.2_400bps_sup@v5.2.0	DS:Z:gpu:NVIDIA GeForce RTX 4070 SUPER	PU:Z:FBG39641	DT:Z:2026-07-15T14:17:26.508000+00:00	tm:Z:none rc
45684	00370e6c-8e2c-44d5-8475-d055b3bb88d2	qs:f:29.9749	ch:i:204	st:Z:2026-07-15T18:22:58.393000+00:00	RG:Z:a40d6b40-d3ad-4fe7-8245-9c92f794f831_dna_r10.4.1_e8.2_400bps_sup@v5.2.0	DS:Z:gpu:NVIDIA GeForce RTX 4070 SUPER	PU:Z:FBG39641	DT:Z:2026-07-15T14:17:26.508000+00:00	tm:Z:adapter,primer rc
45684	38c4b68f-41f9-4465-a910-86fed4b39023	qs:f:30.2926	ch:i:386	st:Z:2026-07-15T17:27:42.277000+00:00	RG:Z:a40d6b40-d3ad-4fe7-8245-9c92f794f831_dna_r10.4.1_e8.2_400bps_sup@v5.2.0	DS:Z:gpu:NVIDIA GeForce RTX 4070 SUPER	PU:Z:FBG39641	DT:Z:2026-07-15T14:17:26.508000+00:00	tm:Z:none rc
45684	6f02c7e5-3560-4d3f-ba62-f4add0acc9fa	qs:f:20.3	ch:i:68	st:Z:2026-07-15T23:41:18.900000+00:00	RG:Z:a40d6b40-d3ad-4fe7-8245-9c92f794f831_dna_r10.4.1_e8.2_400bps_sup@v5.2.0	DS:Z:gpu:NVIDIA GeForce RTX 4070 SUPER	PU:Z:FBG39641	DT:Z:2026-07-15T14:17:26.508000+00:00	tm:Z:none rc
45684	47fa67f9-b61a-4288-b3a3-7ccc8ec2356e	qs:f:23.8346	ch:i:460	st:Z:2026-07-15T19:26:41.949000+00:00	RG:Z:a40d6b40-d3ad-4fe7-8245-9c92f794f831_dna_r10.4.1_e8.2_400bps_sup@v5.2.0	DS:Z:gpu:NVIDIA GeForce RTX 4070 SUPER	PU:Z:FBG39641	DT:Z:2026-07-15T14:17:26.508000+00:00	tm:Z:adapter,primer
45684	0f6816dc-ddb3-41dc-8d6c-a0fe7df8526e	qs:f:25.8608	ch:i:149	st:Z:2026-07-16T01:24:52.614000+00:00	RG:Z:a40d6b40-d3ad-4fe7-8245-9c92f794f831_dna_r10.4.1_e8.2_400bps_sup@v5.2.0	DS:Z:gpu:NVIDIA GeForce RTX 4070 SUPER	PU:Z:FBG39641	DT:Z:2026-07-15T14:17:26.508000+00:00	tm:Z:none
45684	63d22b24-507b-41e5-9dc2-e67699e866eb	qs:f:14.8503	ch:i:503	st:Z:2026-07-15T19:27:42.604000+00:00	RG:Z:a40d6b40-d3ad-4fe7-8245-9c92f794f831_dna_r10.4.1_e8.2_400bps_sup@v5.2.0	DS:Z:gpu:NVIDIA GeForce RTX 4070 SUPER	PU:Z:FBG39641	DT:Z:2026-07-15T14:17:26.508000+00:00	tm:Z:adapter,primer
45684	bc18d233-1d66-409a-87b3-29dac8bf7242	qs:f:32.7398	ch:i:469	st:Z:2026-07-15T21:17:05.453000+00:00	RG:Z:a40d6b40-d3ad-4fe7-8245-9c92f794f831_dna_r10.4.1_e8.2_400bps_sup@v5.2.0	DS:Z:gpu:NVIDIA GeForce RTX 4070 SUPER	PU:Z:FBG39641	DT:Z:2026-07-15T14:17:26.508000+00:00	tm:Z:adapter,primer rc
45684	45e0c36e-53d9-4783-b4ea-e57e245f258a	qs:f:18.5627	ch:i:48	st:Z:2026-07-15T22:46:11.629000+00:00	RG:Z:a40d6b40-d3ad-4fe7-8245-9c92f794f831_dna_r10.4.1_e8.2_400bps_sup@v5.2.0	DS:Z:gpu:NVIDIA GeForce RTX 4070 SUPER	PU:Z:FBG39641	DT:Z:2026-07-15T14:17:26.508000+00:00	tm:Z:adapter,primer rc
45684	9974cc12-fec1-487c-ac99-90801cb6aad1	qs:f:30.0382	ch:i:344	st:Z:2026-07-15T14:53:50.926000+00:00	RG:Z:a40d6b40-d3ad-4fe7-8245-9c92f794f831_dna_r10.4.1_e8.2_400bps_sup@v5.2.0	DS:Z:gpu:NVIDIA GeForce RTX 4070 SUPER	PU:Z:FBG39641	DT:Z:2026-07-15T14:17:26.508000+00:00	tm:Z:adapter,primer rc
45684	0c727f2e-5546-4589-9d4b-58bf2f6ad36b	qs:f:18.4755	ch:i:66	st:Z:2026-07-15T16:15:03.577000+00:00	RG:Z:a40d6b40-d3ad-4fe7-8245-9c92f794f831_dna_r10.4.1_e8.2_400bps_sup@v5.2.0	DS:Z:gpu:NVIDIA GeForce RTX 4070 SUPER	PU:Z:FBG39641	DT:Z:2026-07-15T14:17:26.508000+00:00	tm:Z:adapter,primer
45684	42f5027e-51b7-4460-999f-56071ea6c070	qs:f:24.1688	ch:i:212	st:Z:2026-07-15T19:19:05.606000+00:00	RG:Z:a40d6b40-d3ad-4fe7-8245-9c92f794f831_dna_r10.4.1_e8.2_400bps_sup@v5.2.0	DS:Z:gpu:NVIDIA GeForce RTX 4070 SUPER	PU:Z:FBG39641	DT:Z:2026-07-15T14:17:26.508000+00:00	tm:Z:none rc
45684	2a963795-24b5-4817-bd41-55d6276d4044	qs:f:21.692	ch:i:188	st:Z:2026-07-16T00:04:35.878000+00:00	RG:Z:a40d6b40-d3ad-4fe7-8245-9c92f794f831_dna_r10.4.1_e8.2_400bps_sup@v5.2.0	DS:Z:gpu:NVIDIA GeForce RTX 4070 SUPER	PU:Z:FBG39641	DT:Z:2026-07-15T14:17:26.508000+00:00	tm:Z:adapter,primer rc
45684	291e75f4-4976-47ad-8a49-5f9f48c148c7	qs:f:24.9669	ch:i:209	st:Z:2026-07-15T19:53:29.738000+00:00	RG:Z:a40d6b40-d3ad-4fe7-8245-9c92f794f831_dna_r10.4.1_e8.2_400bps_sup@v5.2.0	DS:Z:gpu:NVIDIA GeForce RTX 4070 SUPER	PU:Z:FBG39641	DT:Z:2026-07-15T14:17:26.508000+00:00	tm:Z:adapter,primer rc
45684	b52033b3-6990-442d-a5a0-7ff2a2b41bae	qs:f:21.532	ch:i:439	st:Z:2026-07-15T20:16:02.824000+00:00	RG:Z:a40d6b40-d3ad-4fe7-8245-9c92f794f831_dna_r10.4.1_e8.2_400bps_sup@v5.2.0	DS:Z:gpu:NVIDIA GeForce RTX 4070 SUPER	PU:Z:FBG39641	DT:Z:2026-07-15T14:17:26.508000+00:00	tm:Z:adapter,primer rc
45684	cdfa0298-a327-4818-8afc-60a2131d7bab	qs:f:19.2239	ch:i:381	st:Z:2026-07-15T23:39:49.257000+00:00	RG:Z:a40d6b40-d3ad-4fe7-8245-9c92f794f831_dna_r10.4.1_e8.2_400bps_sup@v5.2.0	DS:Z:gpu:NVIDIA GeForce RTX 4070 SUPER	PU:Z:FBG39641	DT:Z:2026-07-15T14:17:26.508000+00:00	tm:Z:none
45684	e9502a62-e840-4c9a-a3cb-e36db50bce99	qs:f:24.6877	ch:i:241	st:Z:2026-07-15T14:57:05.275000+00:00	RG:Z:a40d6b40-d3ad-4fe7-8245-9c92f794f831_dna_r10.4.1_e8.2_400bps_sup@v5.2.0	DS:Z:gpu:NVIDIA GeForce RTX 4070 SUPER	PU:Z:FBG39641	DT:Z:2026-07-15T14:17:26.508000+00:00	tm:Z:adapter,primer
45684	d3029745-1177-4470-8226-026b941ceab9	qs:f:31.7968	ch:i:436	st:Z:2026-07-15T22:03:12.000000+00:00	RG:Z:a40d6b40-d3ad-4fe7-8245-9c92f794f831_dna_r10.4.1_e8.2_400bps_sup@v5.2.0	DS:Z:gpu:NVIDIA GeForce RTX 4070 SUPER	PU:Z:FBG39641	DT:Z:2026-07-15T14:17:26.508000+00:00	tm:Z:adapter,primer
45684	c4b9609c-e59a-4d24-8309-e1bf1acb9873	qs:f:30.6333	ch:i:277	st:Z:2026-07-15T23:10:30.554000+00:00	RG:Z:a40d6b40-d3ad-4fe7-8245-9c92f794f831_dna_r10.4.1_e8.2_400bps_sup@v5.2.0	DS:Z:gpu:NVIDIA GeForce RTX 4070 SUPER	PU:Z:FBG39641	DT:Z:2026-07-15T14:17:26.508000+00:00	tm:Z:adapter,primer rc
45684	3e57377f-cc63-4570-97a2-41fe00208cc3	qs:f:14.1886	ch:i:84	st:Z:2026-07-15T17:51:32.431000+00:00	RG:Z:a40d6b40-d3ad-4fe7-8245-9c92f794f831_dna_r10.4.1_e8.2_400bps_sup@v5.2.0	DS:Z:gpu:NVIDIA GeForce RTX 4070 SUPER	PU:Z:FBG39641	DT:Z:2026-07-15T14:17:26.508000+00:00	tm:Z:adapter,primer
45684	e6c71b3a-14ca-4d8d-a8bf-692c5782c164	qs:f:32.4367	ch:i:455	st:Z:2026-07-16T02:13:24.212000+00:00	RG:Z:a40d6b40-d3ad-4fe7-8245-9c92f794f831_dna_r10.4.1_e8.2_400bps_sup@v5.2.0	DS:Z:gpu:NVIDIA GeForce RTX 4070 SUPER	PU:Z:FBG39641	DT:Z:2026-07-15T14:17:26.508000+00:00	tm:Z:adapter,primer
45684	ed546515-0114-41cf-b7b8-c87fc84b9d5d	qs:f:29.456	ch:i:329	st:Z:2026-07-15T17:18:44.405000+00:00	RG:Z:a40d6b40-d3ad-4fe7-8245-9c92f794f831_dna_r10.4.1_e8.2_400bps_sup@v5.2.0	DS:Z:gpu:NVIDIA GeForce RTX 4070 SUPER	PU:Z:FBG39641	DT:Z:2026-07-15T14:17:26.508000+00:00	tm:Z:none rc
45684	62b65a86-7056-4101-9e04-2c750749dd41	qs:f:27.9189	ch:i:317	st:Z:2026-07-15T19:30:16.693000+00:00	RG:Z:a40d6b40-d3ad-4fe7-8245-9c92f794f831_dna_r10.4.1_e8.2_400bps_sup@v5.2.0	DS:Z:gpu:NVIDIA GeForce RTX 4070 SUPER	PU:Z:FBG39641	DT:Z:2026-07-15T14:17:26.508000+00:00	tm:Z:adapter,primer rc
45684	11cd055e-25b1-4c98-8684-f165cc765dd4	qs:f:19.6993	ch:i:196	st:Z:2026-07-15T14:42:17.756000+00:00	RG:Z:a40d6b40-d3ad-4fe7-8245-9c92f794f831_dna_r10.4.1_e8.2_400bps_sup@v5.2.0	DS:Z:gpu:NVIDIA GeForce RTX 4070 SUPER	PU:Z:FBG39641	DT:Z:2026-07-15T14:17:26.508000+00:00	tm:Z:none rc
45684	ae7d4d7c-3e3f-4273-8ccc-e4fee3dd0287	qs:f:15.2728	ch:i:397	st:Z:2026-07-15T16:06:43.192000+00:00	RG:Z:a40d6b40-d3ad-4fe7-8245-9c92f794f831_dna_r10.4.1_e8.2_400bps_sup@v5.2.0	DS:Z:gpu:NVIDIA GeForce RTX 4070 SUPER	PU:Z:FBG39641	DT:Z:2026-07-15T14:17:26.508000+00:00	tm:Z:adapter,primer
45684	481e94d0-2669-4a5d-a347-de5f9a17c923	qs:f:23.4828	ch:i:324	st:Z:2026-07-15T15:19:03.309000+00:00	RG:Z:a40d6b40-d3ad-4fe7-8245-9c92f794f831_dna_r10.4.1_e8.2_400bps_sup@v5.2.0	DS:Z:gpu:NVIDIA GeForce RTX 4070 SUPER	PU:Z:FBG39641	DT:Z:2026-07-15T14:17:26.508000+00:00	tm:Z:adapter,primer rc
45684	ea37a775-40e5-4313-b775-8c756e253090	qs:f:23.3207	ch:i:130	st:Z:2026-07-15T23:56:12.661000+00:00	RG:Z:a40d6b40-d3ad-4fe7-8245-9c92f794f831_dna_r10.4.1_e8.2_400bps_sup@v5.2.0	DS:Z:gpu:NVIDIA GeForce RTX 4070 SUPER	PU:Z:FBG39641	DT:Z:2026-07-15T14:17:26.508000+00:00	tm:Z:adapter,primer
45684	f5b4e8f2-4abd-4165-bdfe-a4b55b6e0754	qs:f:17.7262	ch:i:216	st:Z:2026-07-15T19:46:36.735000+00:00	RG:Z:a40d6b40-d3ad-4fe7-8245-9c92f794f831_dna_r10.4.1_e8.2_400bps_sup@v5.2.0	DS:Z:gpu:NVIDIA GeForce RTX 4070 SUPER	PU:Z:FBG39641	DT:Z:2026-07-15T14:17:26.508000+00:00	tm:Z:none rc
45684	a3e0ca58-3789-48b4-b154-3e7e3914b9d9	qs:f:21.4063	ch:i:468	st:Z:2026-07-15T18:16:55.128000+00:00	RG:Z:a40d6b40-d3ad-4fe7-8245-9c92f794f831_dna_r10.4.1_e8.2_400bps_sup@v5.2.0	DS:Z:gpu:NVIDIA GeForce RTX 4070 SUPER	PU:Z:FBG39641	DT:Z:2026-07-15T14:17:26.508000+00:00	tm:Z:adapter,primer
45684	272c8de4-b470-42ef-b649-3904c65f565e	qs:f:21.811	ch:i:446	st:Z:2026-07-15T23:21:11.558000+00:00	RG:Z:a40d6b40-d3ad-4fe7-8245-9c92f794f831_dna_r10.4.1_e8.2_400bps_sup@v5.2.0	DS:Z:gpu:NVIDIA GeForce RTX 4070 SUPER	PU:Z:FBG39641	DT:Z:2026-07-15T14:17:26.508000+00:00	tm:Z:none rc
45684	dd881b5e-1d3f-49a7-b673-e04fee3721ed	qs:f:32.5056	ch:i:466	st:Z:2026-07-15T23:55:24.082000+00:00	RG:Z:a40d6b40-d3ad-4fe7-8245-9c92f794f831_dna_r10.4.1_e8.2_400bps_sup@v5.2.0	DS:Z:gpu:NVIDIA GeForce RTX 4070 SUPER	PU:Z:FBG39641	DT:Z:2026-07-15T14:17:26.508000+00:00	tm:Z:adapter,primer
45684	2b64807a-f84b-4deb-bbfd-ca142bdc8ef7	qs:f:16.7035	ch:i:450	st:Z:2026-07-15T14:43:40.954000+00:00	RG:Z:a40d6b40-d3ad-4fe7-8245-9c92f794f831_dna_r10.4.1_e8.2_400bps_sup@v5.2.0	DS:Z:gpu:NVIDIA GeForce RTX 4070 SUPER	PU:Z:FBG39641	DT:Z:2026-07-15T14:17:26.508000+00:00	tm:Z:adapter,primer rc
45684	78415802-72ba-436a-8d06-c5a368b0f300	qs:f:15.3929	ch:i:346	st:Z:2026-07-16T00:31:29.998000+00:00	RG:Z:a40d6b40-d3ad-4fe7-8245-9c92f794f831_dna_r10.4.1_e8.2_400bps_sup@v5.2.0	DS:Z:gpu:NVIDIA GeForce RTX 4070 SUPER	PU:Z:FBG39641	DT:Z:2026-07-15T14:17:26.508000+00:00	tm:Z:adapter,primer rc
45684	69092daf-6f6e-42eb-ba46-415a92b523d3	qs:f:26.2906	ch:i:220	st:Z:2026-07-15T15:20:58.430000+00:00	RG:Z:a40d6b40-d3ad-4fe7-8245-9c92f794f831_dna_r10.4.1_e8.2_400bps_sup@v5.2.0	DS:Z:gpu:NVIDIA GeForce RTX 4070 SUPER	PU:Z:FBG39641	DT:Z:2026-07-15T14:17:26.508000+00:00	tm:Z:adapter,primer rc
45684	e9ae0ec7-2e82-488e-bf54-c22676538d1b	qs:f:21.675	ch:i:413	st:Z:2026-07-15T16:14:57.702000+00:00	RG:Z:a40d6b40-d3ad-4fe7-8245-9c92f794f831_dna_r10.4.1_e8.2_400bps_sup@v5.2.0	DS:Z:gpu:NVIDIA GeForce RTX 4070 SUPER	PU:Z:FBG39641	DT:Z:2026-07-15T14:17:26.508000+00:00	tm:Z:none rc
45684	4791be61-1b70-437d-a0f2-ecd71e4feab3	qs:f:16.6856	ch:i:419	st:Z:2026-07-16T01:40:42.300000+00:00	RG:Z:a40d6b40-d3ad-4fe7-8245-9c92f794f831_dna_r10.4.1_e8.2_400bps_sup@v5.2.0	DS:Z:gpu:NVIDIA GeForce RTX 4070 SUPER	PU:Z:FBG39641	DT:Z:2026-07-15T14:17:26.508000+00:00	tm:Z:none
45684	508a1535-fb56-46c6-bb9d-f4716837b12b	qs:f:31.9179	ch:i:148	st:Z:2026-07-15T19:45:22.297000+00:00	RG:Z:a40d6b40-d3ad-4fe7-8245-9c92f794f831_dna_r10.4.1_e8.2_400bps_sup@v5.2.0	DS:Z:gpu:NVIDIA GeForce RTX 4070 SUPER	PU:Z:FBG39641	DT:Z:2026-07-15T14:17:26.508000+00:00	tm:Z:none rc
45684	90facbf8-5998-4b01-8300-e1a91703d54e	qs:f:18.5634	ch:i:370	st:Z:2026-07-15T23:53:55.555000+00:00	RG:Z:a40d6b40-d3ad-4fe7-8245-9c92f794f831_dna_r10.4.1_e8.2_400bps_sup@v5.2.0	DS:Z:gpu:NVIDIA GeForce RTX 4070 SUPER	PU:Z:FBG39641	DT:Z:2026-07-15T14:17:26.508000+00:00	tm:Z:adapter,primer rc
45684	c016a9fe-7005-4b27-96c4-89654f8a7eb7	qs:f:14.5893	ch:i:91	st:Z:2026-07-16T01:17:53.532000+00:00	RG:Z:a40d6b40-d3ad-4fe7-8245-9c92f794f831_dna_r10.4.1_e8.2_400bps_sup@v5.2.0	DS:Z:gpu:NVIDIA GeForce RTX 4070 SUPER	PU:Z:FBG39641	DT:Z:2026-07-15T14:17:26.508000+00:00	tm:Z:adapter,primer
45684	d52e5467-e37b-4946-9e7a-960c62ab6098	qs:f:22.6651	ch:i:78	st:Z:2026-07-15T18:38:37.195000+00:00	RG:Z:a40d6b40-d3ad-4fe7-8245-9c92f794f831_dna_r10.4.1_e8.2_400bps_sup@v5.2.0	DS:Z:gpu:NVIDIA GeForce RTX 4070 SUPER	PU:Z:FBG39641	DT:Z:2026-07-15T14:17:26.508000+00:00	tm:Z:none rc
45684	1e883ccc-6854-461d-9c2c-30c0fc938c52	qs:f:19.6781	ch:i:388	st:Z:2026-07-16T02:05:53.530000+00:00	RG:Z:a40d6b40-d3ad-4fe7-8245-9c92f794f831_dna_r10.4.1_e8.2_400bps_sup@v5.2.0	DS:Z:gpu:NVIDIA GeForce RTX 4070 SUPER	PU:Z:FBG39641	DT:Z:2026-07-15T14:17:26.508000+00:00	tm:Z:adapter,primer
45684	2536f1c0-7d36-42ba-8a47-81a0a8d466ec	qs:f:14.8548	ch:i:390	st:Z:2026-07-15T17:06:51.658000+00:00	RG:Z:a40d6b40-d3ad-4fe7-8245-9c92f794f831_dna_r10.4.1_e8.2_400bps_sup@v5.2.0	DS:Z:gpu:NVIDIA GeForce RTX 4070 SUPER	PU:Z:FBG39641	DT:Z:2026-07-15T14:17:26.508000+00:00	tm:Z:none
45684	a24b124e-8bfa-47f2-a4fb-0065d4c693cf	qs:f:31.2941	ch:i:398	st:Z:2026-07-15T20:37:55.973000+00:00	RG:Z:a40d6b40-d3ad-4fe7-8245-9c92f794f831_dna_r10.4.1_e8.2_400bps_sup@v5.2.0	DS:Z:gpu:NVIDIA GeForce RTX 4070 SUPER	PU:Z:FBG39641	DT:Z:2026-07-15T14:17:26.508000+00:00	tm:Z:adapter,primer
45684	be6f3275-c1f6-4066-a215-491983393a0e	qs:f:15.4762	ch:i:33	st:Z:2026-07-15T16:28:20.327000+00:00	RG:Z:a40d6b40-d3ad-4fe7-8245-9c92f794f831_dna_r10.4.1_e8.2_400bps_sup@v5.2.0	DS:Z:gpu:NVIDIA GeForce RTX 4070 SUPER	PU:Z:FBG39641	DT:Z:2026-07-15T14:17:26.508000+00:00	tm:Z:adapter,primer
45684	4523680c-93be-4d19-aba8-95154cf7fc35	qs:f:27.7152	ch:i:191	st:Z:2026-07-15T19:23:27.183000+00:00	RG:Z:a40d6b40-d3ad-4fe7-8245-9c92f794f831_dna_r10.4.1_e8.2_400bps_sup@v5.2.0	DS:Z:gpu:NVIDIA GeForce RTX 4070 SUPER	PU:Z:FBG39641	DT:Z:2026-07-15T14:17:26.508000+00:00	tm:Z:none
45684	91d014ed-88b7-46d3-a71e-5f47a6b9cf0a	qs:f:16.1132	ch:i:509	st:Z:2026-07-15T23:44:53.122000+00:00	RG:Z:a40d6b40-d3ad-4fe7-8245-9c92f794f831_dna_r10.4.1_e8.2_400bps_sup@v5.2.0	DS:Z:gpu:NVIDIA GeForce RTX 4070 SUPER	PU:Z:FBG39641	DT:Z:2026-07-15T14:17:26.508000+00:00	tm:Z:none
45684	738b50fc-8caa-4cca-b6bc-d7a70489bd56	qs:f:15.217	ch:i:140	st:Z:2026-07-15T16:44:01.491000+00:00	RG:Z:a40d6b40-d3ad-4fe7-8245-9c92f794f831_dna_r10.4.1_e8.2_400bps_sup@v5.2.0	DS:Z:gpu:NVIDIA GeForce RTX 4070 SUPER	PU:Z:FBG39641	DT:Z:2026-07-15T14:17:26.508000+00:00	tm:Z:adapter,primer
45684	e9834ab2-1a02-4ab6-b212-d8de461dc813	qs:f:30.2131	ch:i:482	st:Z:2026-07-15T17:48:51.074000+00:00	RG:Z:a40d6b40-d3ad-4fe7-8245-9c92f794f831_dna_r10.4.1_e8.2_400bps_sup@v5.2.0	DS:Z:gpu:NVIDIA GeForce RTX 4070 SUPER	PU:Z:FBG39641	DT:Z:2026-07-15T14:17:26.508000+00:00	tm:Z:adapter,primer
45684	b1f528ff-97d7-4c9a-a66c-d44f65115e80	qs:f:20.3979	ch:i:322	st:Z:2026-07-15T23:35:24.801000+00:00	RG:Z:a40d6b40-d3ad-4fe7-8245-9c92f794f831_dna_r10.4.1_e8.2_400bps_sup@v5.2.0	DS:Z:gpu:NVIDIA GeForce RTX 4070 SUPER	PU:Z:FBG39641	DT:Z:2026-07-15T14:17:26.508000+00:00	tm:Z:none rc
45684	3396e1a9-b687-4734-88f2-5af6786e4e2d	qs:f:28.3056	ch:i:196	st:Z:2026-07-15T17:19:27.626000+00:00	RG:Z:a40d6b40-d3ad-4fe7-8245-9c92f794f831_dna_r10.4.1_e8.2_400bps_sup@v5.2.0	DS:Z:gpu:NVIDIA GeForce RTX 4070 SUPER	PU:Z:FBG39641	DT:Z:2026-07-15T14:17:26.508000+00:00	tm:Z:adapter,primer
45684	5fee6120-294e-42d3-9a83-d968070a17e6	qs:f:24.1402	ch:i:449	st:Z:2026-07-15T14:50:04.816000+00:00	RG:Z:a40d6b40-d3ad-4fe7-8245-9c92f794f831_dna_r10.4.1_e8.2_400bps_sup@v5.2.0	DS:Z:gpu:NVIDIA GeForce RTX 4070 SUPER	PU:Z:FBG39641	DT:Z:2026-07-15T14:17:26.508000+00:00	tm:Z:adapter,primer rc
45684	ebb5a524-51a7-462a-b30b-9d4b9686ed21	qs:f:10.8824	ch:i:254	st:Z:2026-07-15T15:24:32.802000+00:00	RG:Z:a40d6b40-d3ad-4fe7-8245-9c92f794f831_dna_r10.4.1_e8.2_400bps_sup@v5.2.0	DS:Z:gpu:NVIDIA GeForce RTX 4070 SUPER	PU:Z:FBG39641	DT:Z:2026-07-15T14:17:26.508000+00:00	tm:Z:adapter,primer rc
45684	21651b64-8659-4cb2-a03c-3d9fe9687065	qs:f:16.1299	ch:i:155	st:Z:2026-07-15T18:23:22.869000+00:00	RG:Z:a40d6b40-d3ad-4fe7-8245-9c92f794f831_dna_r10.4.1_e8.2_400bps_sup@v5.2.0	DS:Z:gpu:NVIDIA GeForce RTX 4070 SUPER	PU:Z:FBG39641	DT:Z:2026-07-15T14:17:26.508000+00:00	tm:Z:adapter,primer
45684	13913bb1-1ecb-40ce-bc74-c302fd98c029	qs:f:17.7838	ch:i:462	st:Z:2026-07-15T15:35:29.835000+00:00	RG:Z:a40d6b40-d3ad-4fe7-8245-9c92f794f831_dna_r10.4.1_e8.2_400bps_sup@v5.2.0	DS:Z:gpu:NVIDIA GeForce RTX 4070 SUPER	PU:Z:FBG39641	DT:Z:2026-07-15T14:17:26.508000+00:00	tm:Z:adapter,primer
45684	cad4f9c4-70e0-4799-a607-a7d460406832	qs:f:25.8362	ch:i:389	st:Z:2026-07-15T17:43:03.832000+00:00	RG:Z:a40d6b40-d3ad-4fe7-8245-9c92f794f831_dna_r10.4.1_e8.2_400bps_sup@v5.2.0	DS:Z:gpu:NVIDIA GeForce RTX 4070 SUPER	PU:Z:FBG39641	DT:Z:2026-07-15T14:17:26.508000+00:00	tm:Z:none rc
6721	0a7e2bb1-20d9-4258-8526-83346cc0dce9	qs:f:24.4998	ch:i:336	st:Z:2026-07-15T17:46:03.863000+00:00	RG:Z:a40d6b40-d3ad-4fe7-8245-9c92f794f831_dna_r10.4.1_e8.2_400bps_sup@v5.2.0	DS:Z:gpu:NVIDIA GeForce RTX 4070 SUPER	PU:Z:FBG39641	DT:Z:2026-07-15T14:17:26.508000+00:00	tm:Z:adapter,primer
6721	7b040af3-6a15-4832-80f9-c577a099f7fb	qs:f:14.9504	ch:i:352	st:Z:2026-07-15T19:23:09.552000+00:00	RG:Z:a40d6b40-d3ad-4fe7-8245-9c92f794f831_dna_r10.4.1_e8.2_400bps_sup@v5.2.0	DS:Z:gpu:NVIDIA GeForce RTX 4070 SUPER	PU:Z:FBG39641	DT:Z:2026-07-15T14:17:26.508000+00:00	tm:Z:none rc
6721	492894c6-9315-4fb3-9ef9-69b9af2e95df	qs:f:14.7824	ch:i:126	st:Z:2026-07-15T20:38:01.689000+00:00	RG:Z:a40d6b40-d3ad-4fe7-8245-9c92f794f831_dna_r10.4.1_e8.2_400bps_sup@v5.2.0	DS:Z:gpu:NVIDIA GeForce RTX 4070 SUPER	PU:Z:FBG39641	DT:Z:2026-07-15T14:17:26.508000+00:00	tm:Z:none
6721	1379e2fe-a325-4e73-96db-1c0d51e8a922	qs:f:16.2708	ch:i:386	st:Z:2026-07-15T16:03:38.737000+00:00	RG:Z:a40d6b40-d3ad-4fe7-8245-9c92f794f831_dna_r10.4.1_e8.2_400bps_sup@v5.2.0	DS:Z:gpu:NVIDIA GeForce RTX 4070 SUPER	PU:Z:FBG39641	DT:Z:2026-07-15T14:17:26.508000+00:00	tm:Z:adapter,primer rc
6721	f96b22f0-3dc1-4118-8358-500ff8841c2d	qs:f:18.3664	ch:i:72	st:Z:2026-07-15T23:22:37.834000+00:00	RG:Z:a40d6b40-d3ad-4fe7-8245-9c92f794f831_dna_r10.4.1_e8.2_400bps_sup@v5.2.0	DS:Z:gpu:NVIDIA GeForce RTX 4070 SUPER	PU:Z:FBG39641	DT:Z:2026-07-15T14:17:26.508000+00:00	tm:Z:adapter,primer rc
6721	69a6b3da-85bc-4337-a6b2-4a9745a56bdb	qs:f:13.2758	ch:i:419	st:Z:2026-07-15T18:51:05.237000+00:00	RG:Z:a40d6b40-d3ad-4fe7-8245-9c92f794f831_dna_r10.4.1_e8.2_400bps_sup@v5.2.0	DS:Z:gpu:NVIDIA GeForce RTX 4070 SUPER	PU:Z:FBG39641	DT:Z:2026-07-15T14:17:26.508000+00:00	tm:Z:adapter,primer rc
6721	88099216-ce13-44ca-9d46-7c443683319d	qs:f:18.6609	ch:i:141	st:Z:2026-07-15T18:01:34.977000+00:00	RG:Z:a40d6b40-d3ad-4fe7-8245-9c92f794f831_dna_r10.4.1_e8.2_400bps_sup@v5.2.0	DS:Z:gpu:NVIDIA GeForce RTX 4070 SUPER	PU:Z:FBG39641	DT:Z:2026-07-15T14:17:26.508000+00:00	tm:Z:adapter,primer rc
6721	4d5b778b-3c29-4993-be4c-0886cf48fe55	qs:f:29.7081	ch:i:471	st:Z:2026-07-15T22:58:10.214000+00:00	RG:Z:a40d6b40-d3ad-4fe7-8245-9c92f794f831_dna_r10.4.1_e8.2_400bps_sup@v5.2.0	DS:Z:gpu:NVIDIA GeForce RTX 4070 SUPER	PU:Z:FBG39641	DT:Z:2026-07-15T14:17:26.508000+00:00	tm:Z:adapter,primer
6721	c35d8a32-340b-4868-b32b-8589354ee8c9	qs:f:22.2251	ch:i:141	st:Z:2026-07-15T15:46:12.662000+00:00	RG:Z:a40d6b40-d3ad-4fe7-8245-9c92f794f831_dna_r10.4.1_e8.2_400bps_sup@v5.2.0	DS:Z:gpu:NVIDIA GeForce RTX 4070 SUPER	PU:Z:FBG39641	DT:Z:2026-07-15T14:17:26.508000+00:00	tm:Z:none rc
6721	f1f03f5f-ec5e-4314-90fb-3f7f4635bab1	qs:f:29.2721	ch:i:40	st:Z:2026-07-15T19:07:40.180000+00:00	RG:Z:a40d6b40-d3ad-4fe7-8245-9c92f794f831_dna_r10.4.1_e8.2_400bps_sup@v5.2.0	DS:Z:gpu:NVIDIA GeForce RTX 4070 SUPER	PU:Z:FBG39641	DT:Z:2026-07-15T14:17:26.508000+00:00	tm:Z:adapter,primer rc
6721	14309093-ce89-4aeb-ad0b-5d4cdc2dec80	qs:f:12.7876	ch:i:381	st:Z:2026-07-15T20:31:56.744000+00:00	RG:Z:a40d6b40-d3ad-4fe7-8245-9c92f794f831_dna_r10.4.1_e8.2_400bps_sup@v5.2.0	DS:Z:gpu:NVIDIA GeForce RTX 4070 SUPER	PU:Z:FBG39641	DT:Z:2026-07-15T14:17:26.508000+00:00	tm:Z:none rc
6721	b5cc4e0f-e9e8-4274-9a52-479a29ee79dd	qs:f:15.2116	ch:i:406	st:Z:2026-07-15T23:10:25.914000+00:00	RG:Z:a40d6b40-d3ad-4fe7-8245-9c92f794f831_dna_r10.4.1_e8.2_400bps_sup@v5.2.0	DS:Z:gpu:NVIDIA GeForce RTX 4070 SUPER	PU:Z:FBG39641	DT:Z:2026-07-15T14:17:26.508000+00:00	tm:Z:adapter,primer rc
6721	2c36022f-0391-4657-b922-190d6ae04388	qs:f:25.6786	ch:i:154	st:Z:2026-07-15T23:48:01.796000+00:00	RG:Z:a40d6b40-d3ad-4fe7-8245-9c92f794f831_dna_r10.4.1_e8.2_400bps_sup@v5.2.0	DS:Z:gpu:NVIDIA GeForce RTX 4070 SUPER	PU:Z:FBG39641	DT:Z:2026-07-15T14:17:26.508000+00:00	tm:Z:adapter,primer rc
6721	de93b7c0-6a49-45e2-9aae-022751a6ccb9	qs:f:20.7258	ch:i:204	st:Z:2026-07-15T21:12:48.212000+00:00	RG:Z:a40d6b40-d3ad-4fe7-8245-9c92f794f831_dna_r10.4.1_e8.2_400bps_sup@v5.2.0	DS:Z:gpu:NVIDIA GeForce RTX 4070 SUPER	PU:Z:FBG39641	DT:Z:2026-07-15T14:17:26.508000+00:00	tm:Z:adapter,primer
6721	efed53b4-0fb8-44b8-8bde-18b867b79395	qs:f:20.6847	ch:i:82	st:Z:2026-07-15T20:02:12.959000+00:00	RG:Z:a40d6b40-d3ad-4fe7-8245-9c92f794f831_dna_r10.4.1_e8.2_400bps_sup@v5.2.0	DS:Z:gpu:NVIDIA GeForce RTX 4070 SUPER	PU:Z:FBG39641	DT:Z:2026-07-15T14:17:26.508000+00:00	tm:Z:adapter,primer rc
6721	461ec2b9-8054-4e88-ba1f-556b9d369d47	qs:f:21.1264	ch:i:66	st:Z:2026-07-15T21:06:12.647000+00:00	RG:Z:a40d6b40-d3ad-4fe7-8245-9c92f794f831_dna_r10.4.1_e8.2_400bps_sup@v5.2.0	DS:Z:gpu:NVIDIA GeForce RTX 4070 SUPER	PU:Z:FBG39641	DT:Z:2026-07-15T14:17:26.508000+00:00	tm:Z:adapter,primer
6721	bc1cad26-0ce1-4d27-8932-e6b020ffa348	qs:f:22.7482	ch:i:86	st:Z:2026-07-15T16:13:28.929000+00:00	RG:Z:a40d6b40-d3ad-4fe7-8245-9c92f794f831_dna_r10.4.1_e8.2_400bps_sup@v5.2.0	DS:Z:gpu:NVIDIA GeForce RTX 4070 SUPER	PU:Z:FBG39641	DT:Z:2026-07-15T14:17:26.508000+00:00	tm:Z:adapter,primer rc
6721	4e84f643-dc81-4803-9931-29cab659abeb	qs:f:21.9571	ch:i:179	st:Z:2026-07-15T18:55:57.333000+00:00	RG:Z:a40d6b40-d3ad-4fe7-8245-9c92f794f831_dna_r10.4.1_e8.2_400bps_sup@v5.2.0	DS:Z:gpu:NVIDIA GeForce RTX 4070 SUPER	PU:Z:FBG39641	DT:Z:2026-07-15T14:17:26.508000+00:00	tm:Z:adapter,primer rc
6721	e4d23585-bc96-49eb-ba8a-a1dd06c34865	qs:f:18.4991	ch:i:277	st:Z:2026-07-16T00:21:09.196000+00:00	RG:Z:a40d6b40-d3ad-4fe7-8245-9c92f794f831_dna_r10.4.1_e8.2_400bps_sup@v5.2.0	DS:Z:gpu:NVIDIA GeForce RTX 4070 SUPER	PU:Z:FBG39641	DT:Z:2026-07-15T14:17:26.508000+00:00	tm:Z:none
6721	0f822567-03eb-4acf-b2a4-630dc22f00b0	qs:f:25.7529	ch:i:222	st:Z:2026-07-15T22:56:06.820000+00:00	RG:Z:a40d6b40-d3ad-4fe7-8245-9c92f794f831_dna_r10.4.1_e8.2_400bps_sup@v5.2.0	DS:Z:gpu:NVIDIA GeForce RTX 4070 SUPER	PU:Z:FBG39641	DT:Z:2026-07-15T14:17:26.508000+00:00	tm:Z:none rc
6721	78861c0a-fb06-4bc4-b37b-2e821601cafb	qs:f:28.7043	ch:i:371	st:Z:2026-07-15T16:59:23.438000+00:00	RG:Z:a40d6b40-d3ad-4fe7-8245-9c92f794f831_dna_r10.4.1_e8.2_400bps_sup@v5.2.0	DS:Z:gpu:NVIDIA GeForce RTX 4070 SUPER	PU:Z:FBG39641	DT:Z:2026-07-15T14:17:26.508000+00:00	tm:Z:adapter,primer rc
6721	8a02ce82-5ec3-4277-ba3b-839a5f72ee92	qs:f:19.2671	ch:i:28	st:Z:2026-07-15T16:25:20.425000+00:00	RG:Z:a40d6b40-d3ad-4fe7-8245-9c92f794f831_dna_r10.4.1_e8.2_400bps_sup@v5.2.0	DS:Z:gpu:NVIDIA GeForce RTX 4070 SUPER	PU:Z:FBG39641	DT:Z:2026-07-15T14:17:26.508000+00:00	tm:Z:none rc
6721	68c7e9aa-c0bc-4d9b-81cd-cce118bf716a	qs:f:20.685	ch:i:99	st:Z:2026-07-15T16:39:50.220000+00:00	RG:Z:a40d6b40-d3ad-4fe7-8245-9c92f794f831_dna_r10.4.1_e8.2_400bps_sup@v5.2.0	DS:Z:gpu:NVIDIA GeForce RTX 4070 SUPER	PU:Z:FBG39641	DT:Z:2026-07-15T14:17:26.508000+00:00	tm:Z:adapter,primer rc
6721	5d561aa4-188f-4d02-92f1-871c5a4e4a56	qs:f:16.6345	ch:i:341	st:Z:2026-07-15T15:09:01.571000+00:00	RG:Z:a40d6b40-d3ad-4fe7-8245-9c92f794f831_dna_r10.4.1_e8.2_400bps_sup@v5.2.0	DS:Z:gpu:NVIDIA GeForce RTX 4070 SUPER	PU:Z:FBG39641	DT:Z:2026-07-15T14:17:26.508000+00:00	tm:Z:adapter,primer
6721	b10cef41-2258-4d82-b311-9ca04fbc09dc	qs:f:16.0082	ch:i:197	st:Z:2026-07-15T22:05:57.551000+00:00	RG:Z:a40d6b40-d3ad-4fe7-8245-9c92f794f831_dna_r10.4.1_e8.2_400bps_sup@v5.2.0	DS:Z:gpu:NVIDIA GeForce RTX 4070 SUPER	PU:Z:FBG39641	DT:Z:2026-07-15T14:17:26.508000+00:00	tm:Z:adapter,primer rc
6721	1fc7f102-e1ec-4082-9800-47d1a4df8660	qs:f:17.3673	ch:i:223	st:Z:2026-07-16T00:24:50.998000+00:00	RG:Z:a40d6b40-d3ad-4fe7-8245-9c92f794f831_dna_r10.4.1_e8.2_400bps_sup@v5.2.0	DS:Z:gpu:NVIDIA GeForce RTX 4070 SUPER	PU:Z:FBG39641	DT:Z:2026-07-15T14:17:26.508000+00:00	tm:Z:adapter,primer rc
6721	cbdce04f-798c-4338-ae31-9711817c78ee	qs:f:17.4973	ch:i:397	st:Z:2026-07-15T19:02:27.811000+00:00	RG:Z:a40d6b40-d3ad-4fe7-8245-9c92f794f831_dna_r10.4.1_e8.2_400bps_sup@v5.2.0	DS:Z:gpu:NVIDIA GeForce RTX 4070 SUPER	PU:Z:FBG39641	DT:Z:2026-07-15T14:17:26.508000+00:00	tm:Z:none
6721	0fff76bc-b49b-4e52-8834-ff9b5c428f1b	qs:f:15.4941	ch:i:86	st:Z:2026-07-16T01:03:07.755000+00:00	RG:Z:a40d6b40-d3ad-4fe7-8245-9c92f794f831_dna_r10.4.1_e8.2_400bps_sup@v5.2.0	DS:Z:gpu:NVIDIA GeForce RTX 4070 SUPER	PU:Z:FBG39641	DT:Z:2026-07-15T14:17:26.508000+00:00	tm:Z:adapter,primer rc
6721	60b18a4e-b67f-4c73-960f-707881ffecd9	qs:f:22.1577	ch:i:380	st:Z:2026-07-15T19:48:00.435000+00:00	RG:Z:a40d6b40-d3ad-4fe7-8245-9c92f794f831_dna_r10.4.1_e8.2_400bps_sup@v5.2.0	DS:Z:gpu:NVIDIA GeForce RTX 4070 SUPER	PU:Z:FBG39641	DT:Z:2026-07-15T14:17:26.508000+00:00	tm:Z:none
6721	ba9a975e-f65b-41f6-8d52-bd81bda4ee17	qs:f:18.7169	ch:i:145	st:Z:2026-07-15T16:18:37.382000+00:00	RG:Z:a40d6b40-d3ad-4fe7-8245-9c92f794f831_dna_r10.4.1_e8.2_400bps_sup@v5.2.0	DS:Z:gpu:NVIDIA GeForce RTX 4070 SUPER	PU:Z:FBG39641	DT:Z:2026-07-15T14:17:26.508000+00:00	tm:Z:none rc
6721	fb113797-b951-427a-85e5-fa2893c1acee	qs:f:16.4008	ch:i:419	st:Z:2026-07-15T18:37:23.981000+00:00	RG:Z:a40d6b40-d3ad-4fe7-8245-9c92f794f831_dna_r10.4.1_e8.2_400bps_sup@v5.2.0	DS:Z:gpu:NVIDIA GeForce RTX 4070 SUPER	PU:Z:FBG39641	DT:Z:2026-07-15T14:17:26.508000+00:00	tm:Z:adapter,primer rc
6721	1f8c5e6b-52d7-4dab-89ba-0c10661ebafa	qs:f:15.2429	ch:i:125	st:Z:2026-07-15T18:42:34.719000+00:00	RG:Z:a40d6b40-d3ad-4fe7-8245-9c92f794f831_dna_r10.4.1_e8.2_400bps_sup@v5.2.0	DS:Z:gpu:NVIDIA GeForce RTX 4070 SUPER	PU:Z:FBG39641	DT:Z:2026-07-15T14:17:26.508000+00:00	tm:Z:adapter,primer rc
6721	2ba4b965-b9b5-416b-8028-bc5236463aa6	qs:f:18.9808	ch:i:248	st:Z:2026-07-15T15:18:53.717000+00:00	RG:Z:a40d6b40-d3ad-4fe7-8245-9c92f794f831_dna_r10.4.1_e8.2_400bps_sup@v5.2.0	DS:Z:gpu:NVIDIA GeForce RTX 4070 SUPER	PU:Z:FBG39641	DT:Z:2026-07-15T14:17:26.508000+00:00	tm:Z:adapter,primer
6721	dc9ca400-e858-43dc-97ee-b3bef094445d	qs:f:28.6736	ch:i:331	st:Z:2026-07-15T20:28:25.754000+00:00	RG:Z:a40d6b40-d3ad-4fe7-8245-9c92f794f831_dna_r10.4.1_e8.2_400bps_sup@v5.2.0	DS:Z:gpu:NVIDIA GeForce RTX 4070 SUPER	PU:Z:FBG39641	DT:Z:2026-07-15T14:17:26.508000+00:00	tm:Z:adapter,primer rc
6721	ce6074cb-9063-4b8e-8c0d-19c4c29710b2	qs:f:18.2569	ch:i:339	st:Z:2026-07-15T23:00:30.738000+00:00	RG:Z:a40d6b40-d3ad-4fe7-8245-9c92f794f831_dna_r10.4.1_e8.2_400bps_sup@v5.2.0	DS:Z:gpu:NVIDIA GeForce RTX 4070 SUPER	PU:Z:FBG39641	DT:Z:2026-07-15T14:17:26.508000+00:00	tm:Z:adapter,primer rc
6721	07a99450-9bab-45eb-b908-9f2845650088	qs:f:16.7486	ch:i:276	st:Z:2026-07-15T21:25:45.291000+00:00	RG:Z:a40d6b40-d3ad-4fe7-8245-9c92f794f831_dna_r10.4.1_e8.2_400bps_sup@v5.2.0	DS:Z:gpu:NVIDIA GeForce RTX 4070 SUPER	PU:Z:FBG39641	DT:Z:2026-07-15T14:17:26.508000+00:00	tm:Z:adapter,primer rc
6721	91bd5384-2eff-4b92-981a-c27bc52fddc8	qs:f:15.2625	ch:i:268	st:Z:2026-07-15T21:32:46.643000+00:00	RG:Z:a40d6b40-d3ad-4fe7-8245-9c92f794f831_dna_r10.4.1_e8.2_400bps_sup@v5.2.0	DS:Z:gpu:NVIDIA GeForce RTX 4070 SUPER	PU:Z:FBG39641	DT:Z:2026-07-15T14:17:26.508000+00:00	tm:Z:adapter,primer
6721	b2402bde-846f-4d3f-b2dd-883704b62ee2	qs:f:16.1675	ch:i:297	st:Z:2026-07-16T00:38:29.651000+00:00	RG:Z:a40d6b40-d3ad-4fe7-8245-9c92f794f831_dna_r10.4.1_e8.2_400bps_sup@v5.2.0	DS:Z:gpu:NVIDIA GeForce RTX 4070 SUPER	PU:Z:FBG39641	DT:Z:2026-07-15T14:17:26.508000+00:00	tm:Z:adapter,primer
97760	f0b0d606-f7d3-487e-87cb-d0dfcf6bec98	qs:f:23.8491	ch:i:438	st:Z:2026-07-15T18:42:30.824000+00:00	RG:Z:a40d6b40-d3ad-4fe7-8245-9c92f794f831_dna_r10.4.1_e8.2_400bps_sup@v5.2.0	DS:Z:gpu:NVIDIA GeForce RTX 4070 SUPER	PU:Z:FBG39641	DT:Z:2026-07-15T14:17:26.508000+00:00	tm:Z:adapter,primer rc
97760	04b287c8-e8b2-4c52-a5e8-a8e5e44c5c48	qs:f:27.5868	ch:i:392	st:Z:2026-07-15T22:04:38.366000+00:00	RG:Z:a40d6b40-d3ad-4fe7-8245-9c92f794f831_dna_r10.4.1_e8.2_400bps_sup@v5.2.0	DS:Z:gpu:NVIDIA GeForce RTX 4070 SUPER	PU:Z:FBG39641	DT:Z:2026-07-15T14:17:26.508000+00:00	tm:Z:adapter,primer
97760	03111ccc-84c1-45bf-a546-3765105adfd0	qs:f:15.9311	ch:i:451	st:Z:2026-07-15T16:46:28.198000+00:00	RG:Z:a40d6b40-d3ad-4fe7-8245-9c92f794f831_dna_r10.4.1_e8.2_400bps_sup@v5.2.0	DS:Z:gpu:NVIDIA GeForce RTX 4070 SUPER	PU:Z:FBG39641	DT:Z:2026-07-15T14:17:26.508000+00:00	tm:Z:adapter,primer rc
97760	fd22544c-78c9-444e-9078-be2aea71fb5d	qs:f:27.6301	ch:i:84	st:Z:2026-07-16T00:37:43.472000+00:00	RG:Z:a40d6b40-d3ad-4fe7-8245-9c92f794f831_dna_r10.4.1_e8.2_400bps_sup@v5.2.0	DS:Z:gpu:NVIDIA GeForce RTX 4070 SUPER	PU:Z:FBG39641	DT:Z:2026-07-15T14:17:26.508000+00:00	tm:Z:none rc
97760	74333256-77c1-4d22-9427-63a3216b73df	qs:f:10.3235	ch:i:204	st:Z:2026-07-15T23:04:43.645000+00:00	RG:Z:a40d6b40-d3ad-4fe7-8245-9c92f794f831_dna_r10.4.1_e8.2_400bps_sup@v5.2.0	DS:Z:gpu:NVIDIA GeForce RTX 4070 SUPER	PU:Z:FBG39641	DT:Z:2026-07-15T14:17:26.508000+00:00	tm:Z:adapter,primer
97760	7699e6a1-4c9b-40ec-bd38-e682358f69bd	qs:f:21.4533	ch:i:15	st:Z:2026-07-16T00:07:59.663000+00:00	RG:Z:a40d6b40-d3ad-4fe7-8245-9c92f794f831_dna_r10.4.1_e8.2_400bps_sup@v5.2.0	DS:Z:gpu:NVIDIA GeForce RTX 4070 SUPER	PU:Z:FBG39641	DT:Z:2026-07-15T14:17:26.508000+00:00	tm:Z:none rc
97760	59e39143-2513-40f1-ade2-9ea3b69dda93	qs:f:19.433	ch:i:115	st:Z:2026-07-15T16:21:51.108000+00:00	RG:Z:a40d6b40-d3ad-4fe7-8245-9c92f794f831_dna_r10.4.1_e8.2_400bps_sup@v5.2.0	DS:Z:gpu:NVIDIA GeForce RTX 4070 SUPER	PU:Z:FBG39641	DT:Z:2026-07-15T14:17:26.508000+00:00	tm:Z:none rc
97760	8ee74269-b8a5-4c65-9b14-df48f7fd033e	qs:f:27.2681	ch:i:341	st:Z:2026-07-16T00:56:19.407000+00:00	RG:Z:a40d6b40-d3ad-4fe7-8245-9c92f794f831_dna_r10.4.1_e8.2_400bps_sup@v5.2.0	DS:Z:gpu:NVIDIA GeForce RTX 4070 SUPER	PU:Z:FBG39641	DT:Z:2026-07-15T14:17:26.508000+00:00	tm:Z:adapter,primer
97760	9851706c-cd66-4e53-a3a0-66ef16d89f37	qs:f:23.6878	ch:i:209	st:Z:2026-07-15T22:02:19.248000+00:00	RG:Z:a40d6b40-d3ad-4fe7-8245-9c92f794f831_dna_r10.4.1_e8.2_400bps_sup@v5.2.0	DS:Z:gpu:NVIDIA GeForce RTX 4070 SUPER	PU:Z:FBG39641	DT:Z:2026-07-15T14:17:26.508000+00:00	tm:Z:none rc
97760	b5bfa711-d5e8-43bd-bd83-5b6ed8f4415e	qs:f:18.4131	ch:i:450	st:Z:2026-07-15T15:54:13.616000+00:00	RG:Z:a40d6b40-d3ad-4fe7-8245-9c92f794f831_dna_r10.4.1_e8.2_400bps_sup@v5.2.0	DS:Z:gpu:NVIDIA GeForce RTX 4070 SUPER	PU:Z:FBG39641	DT:Z:2026-07-15T14:17:26.508000+00:00	tm:Z:none rc
97760	88c15eab-d3ff-444b-8f92-9c4efb6433ca	qs:f:23.1722	ch:i:91	st:Z:2026-07-15T14:43:16.408000+00:00	RG:Z:a40d6b40-d3ad-4fe7-8245-9c92f794f831_dna_r10.4.1_e8.2_400bps_sup@v5.2.0	DS:Z:gpu:NVIDIA GeForce RTX 4070 SUPER	PU:Z:FBG39641	DT:Z:2026-07-15T14:17:26.508000+00:00	tm:Z:adapter,primer
97760	81a349ea-2026-4dc3-8a1d-77e620699276	qs:f:15.1773	ch:i:99	st:Z:2026-07-15T16:57:40.876000+00:00	RG:Z:a40d6b40-d3ad-4fe7-8245-9c92f794f831_dna_r10.4.1_e8.2_400bps_sup@v5.2.0	DS:Z:gpu:NVIDIA GeForce RTX 4070 SUPER	PU:Z:FBG39641	DT:Z:2026-07-15T14:17:26.508000+00:00	tm:Z:adapter,primer rc
97760	de48c8a6-3e79-402f-ab6b-51432217489e	qs:f:26.0645	ch:i:241	st:Z:2026-07-15T21:42:15.867000+00:00	RG:Z:a40d6b40-d3ad-4fe7-8245-9c92f794f831_dna_r10.4.1_e8.2_400bps_sup@v5.2.0	DS:Z:gpu:NVIDIA GeForce RTX 4070 SUPER	PU:Z:FBG39641	DT:Z:2026-07-15T14:17:26.508000+00:00	tm:Z:adapter,primer rc
97760	ed03628a-4a37-423c-90f8-9fca8024b8ad	qs:f:29.754	ch:i:76	st:Z:2026-07-15T21:36:30.294000+00:00	RG:Z:a40d6b40-d3ad-4fe7-8245-9c92f794f831_dna_r10.4.1_e8.2_400bps_sup@v5.2.0	DS:Z:gpu:NVIDIA GeForce RTX 4070 SUPER	PU:Z:FBG39641	DT:Z:2026-07-15T14:17:26.508000+00:00	tm:Z:adapter,primer
97760	d16df036-44ee-4f04-9b4f-3f8154620880	qs:f:18.9675	ch:i:50	st:Z:2026-07-15T14:40:24.417000+00:00	RG:Z:a40d6b40-d3ad-4fe7-8245-9c92f794f831_dna_r10.4.1_e8.2_400bps_sup@v5.2.0	DS:Z:gpu:NVIDIA GeForce RTX 4070 SUPER	PU:Z:FBG39641	DT:Z:2026-07-15T14:17:26.508000+00:00	tm:Z:adapter,primer
97760	4df01ada-0530-4872-871c-1dd7661e9c21	qs:f:23.6511	ch:i:75	st:Z:2026-07-15T23:13:58.284000+00:00	RG:Z:a40d6b40-d3ad-4fe7-8245-9c92f794f831_dna_r10.4.1_e8.2_400bps_sup@v5.2.0	DS:Z:gpu:NVIDIA GeForce RTX 4070 SUPER	PU:Z:FBG39641	DT:Z:2026-07-15T14:17:26.508000+00:00	tm:Z:adapter,primer rc
97760	d6a207d7-0dcd-45e6-a5b7-f732f1d14819	qs:f:16.0799	ch:i:167	st:Z:2026-07-15T15:02:39.924000+00:00	RG:Z:a40d6b40-d3ad-4fe7-8245-9c92f794f831_dna_r10.4.1_e8.2_400bps_sup@v5.2.0	DS:Z:gpu:NVIDIA GeForce RTX 4070 SUPER	PU:Z:FBG39641	DT:Z:2026-07-15T14:17:26.508000+00:00	tm:Z:adapter,primer
97760	df6166da-a220-43c0-94d1-575d91419446	qs:f:21.0427	ch:i:106	st:Z:2026-07-15T21:08:58.208000+00:00	RG:Z:a40d6b40-d3ad-4fe7-8245-9c92f794f831_dna_r10.4.1_e8.2_400bps_sup@v5.2.0	DS:Z:gpu:NVIDIA GeForce RTX 4070 SUPER	PU:Z:FBG39641	DT:Z:2026-07-15T14:17:26.508000+00:00	tm:Z:adapter,primer rc
97760	847557b9-cac6-453b-b2ba-fb844565c3bc	qs:f:16.3609	ch:i:132	st:Z:2026-07-15T15:00:52.673000+00:00	RG:Z:a40d6b40-d3ad-4fe7-8245-9c92f794f831_dna_r10.4.1_e8.2_400bps_sup@v5.2.0	DS:Z:gpu:NVIDIA GeForce RTX 4070 SUPER	PU:Z:FBG39641	DT:Z:2026-07-15T14:17:26.508000+00:00	tm:Z:adapter,primer
97760	9c44d662-d989-4c2d-8be6-071a740d6c87	qs:f:19.4187	ch:i:454	st:Z:2026-07-16T01:24:14.359000+00:00	RG:Z:a40d6b40-d3ad-4fe7-8245-9c92f794f831_dna_r10.4.1_e8.2_400bps_sup@v5.2.0	DS:Z:gpu:NVIDIA GeForce RTX 4070 SUPER	PU:Z:FBG39641	DT:Z:2026-07-15T14:17:26.508000+00:00	tm:Z:adapter,primer
97760	f9eba320-9683-4f0a-9231-2aeed98747ae	qs:f:27.1779	ch:i:374	st:Z:2026-07-15T15:23:08.746000+00:00	RG:Z:a40d6b40-d3ad-4fe7-8245-9c92f794f831_dna_r10.4.1_e8.2_400bps_sup@v5.2.0	DS:Z:gpu:NVIDIA GeForce RTX 4070 SUPER	PU:Z:FBG39641	DT:Z:2026-07-15T14:17:26.508000+00:00	tm:Z:adapter,primer
97760	6b8837b1-83aa-445c-ab51-434e9feb7a96	qs:f:15.7778	ch:i:427	st:Z:2026-07-16T01:45:18.338000+00:00	RG:Z:a40d6b40-d3ad-4fe7-8245-9c92f794f831_dna_r10.4.1_e8.2_400bps_sup@v5.2.0	DS:Z:gpu:NVIDIA GeForce RTX 4070 SUPER	PU:Z:FBG39641	DT:Z:2026-07-15T14:17:26.508000+00:00	tm:Z:adapter,primer
97760	430905c1-ef09-41ca-b4e2-d8d07b8ed215	qs:f:14.2654	ch:i:86	st:Z:2026-07-16T02:11:31.260000+00:00	RG:Z:a40d6b40-d3ad-4fe7-8245-9c92f794f831_dna_r10.4.1_e8.2_400bps_sup@v5.2.0	DS:Z:gpu:NVIDIA GeForce RTX 4070 SUPER	PU:Z:FBG39641	DT:Z:2026-07-15T14:17:26.508000+00:00	tm:Z:adapter,primer rc
97760	548df0ff-72a6-4a72-9bed-26160424a874	qs:f:26.5433	ch:i:387	st:Z:2026-07-15T17:07:40.896000+00:00	RG:Z:a40d6b40-d3ad-4fe7-8245-9c92f794f831_dna_r10.4.1_e8.2_400bps_sup@v5.2.0	DS:Z:gpu:NVIDIA GeForce RTX 4070 SUPER	PU:Z:FBG39641	DT:Z:2026-07-15T14:17:26.508000+00:00	tm:Z:adapter,primer rc
97760	6972fb94-4394-4f7c-ad2c-5fa8fc0d55e9	qs:f:25.2347	ch:i:140	st:Z:2026-07-15T16:23:51.363000+00:00	RG:Z:a40d6b40-d3ad-4fe7-8245-9c92f794f831_dna_r10.4.1_e8.2_400bps_sup@v5.2.0	DS:Z:gpu:NVIDIA GeForce RTX 4070 SUPER	PU:Z:FBG39641	DT:Z:2026-07-15T14:17:26.508000+00:00	tm:Z:none
97760	713f8da2-db13-419e-8ef0-c31b44f6a5ed	qs:f:11.2903	ch:i:277	st:Z:2026-07-15T19:21:25.490000+00:00	RG:Z:a40d6b40-d3ad-4fe7-8245-9c92f794f831_dna_r10.4.1_e8.2_400bps_sup@v5.2.0	DS:Z:gpu:NVIDIA GeForce RTX 4070 SUPER	PU:Z:FBG39641	DT:Z:2026-07-15T14:17:26.508000+00:00	tm:Z:none
97760	fb00cb35-4136-4ab3-8092-cd56cb3706c9	qs:f:22.7126	ch:i:468	st:Z:2026-07-15T22:01:56.253000+00:00	RG:Z:a40d6b40-d3ad-4fe7-8245-9c92f794f831_dna_r10.4.1_e8.2_400bps_sup@v5.2.0	DS:Z:gpu:NVIDIA GeForce RTX 4070 SUPER	PU:Z:FBG39641	DT:Z:2026-07-15T14:17:26.508000+00:00	tm:Z:adapter,primer rc
97760	5c5faa94-18bf-4321-af33-13bca9d4ae78	qs:f:19.3805	ch:i:196	st:Z:2026-07-15T18:10:01.919000+00:00	RG:Z:a40d6b40-d3ad-4fe7-8245-9c92f794f831_dna_r10.4.1_e8.2_400bps_sup@v5.2.0	DS:Z:gpu:NVIDIA GeForce RTX 4070 SUPER	PU:Z:FBG39641	DT:Z:2026-07-15T14:17:26.508000+00:00	tm:Z:adapter,primer rc
97760	56736541-541b-40fe-ad1d-ee1ba4f97295	qs:f:18.7864	ch:i:319	st:Z:2026-07-16T00:51:50.756000+00:00	RG:Z:a40d6b40-d3ad-4fe7-8245-9c92f794f831_dna_r10.4.1_e8.2_400bps_sup@v5.2.0	DS:Z:gpu:NVIDIA GeForce RTX 4070 SUPER	PU:Z:FBG39641	DT:Z:2026-07-15T14:17:26.508000+00:00	tm:Z:none
97760	744c1c47-c9d7-4c8a-b8ef-d777a4d91f73	qs:f:14.7059	ch:i:422	st:Z:2026-07-16T00:54:10.249000+00:00	RG:Z:a40d6b40-d3ad-4fe7-8245-9c92f794f831_dna_r10.4.1_e8.2_400bps_sup@v5.2.0	DS:Z:gpu:NVIDIA GeForce RTX 4070 SUPER	PU:Z:FBG39641	DT:Z:2026-07-15T14:17:26.508000+00:00	tm:Z:none
97760	f68c77b0-b1cd-42ce-9140-23e6ae8e3aa3	qs:f:17.3592	ch:i:244	st:Z:2026-07-15T18:04:00.334000+00:00	RG:Z:a40d6b40-d3ad-4fe7-8245-9c92f794f831_dna_r10.4.1_e8.2_400bps_sup@v5.2.0	DS:Z:gpu:NVIDIA GeForce RTX 4070 SUPER	PU:Z:FBG39641	DT:Z:2026-07-15T14:17:26.508000+00:00	tm:Z:adapter,primer rc
97760	256c697d-08f5-4fd6-bc34-a932297a347d	qs:f:23.8264	ch:i:155	st:Z:2026-07-15T16:36:38.723000+00:00	RG:Z:a40d6b40-d3ad-4fe7-8245-9c92f794f831_dna_r10.4.1_e8.2_400bps_sup@v5.2.0	DS:Z:gpu:NVIDIA GeForce RTX 4070 SUPER	PU:Z:FBG39641	DT:Z:2026-07-15T14:17:26.508000+00:00	tm:Z:none rc
97760	ac40c5ff-c1bd-4433-b208-a366c24cddac	qs:f:13.9321	ch:i:411	st:Z:2026-07-15T23:34:10.583000+00:00	RG:Z:a40d6b40-d3ad-4fe7-8245-9c92f794f831_dna_r10.4.1_e8.2_400bps_sup@v5.2.0	DS:Z:gpu:NVIDIA GeForce RTX 4070 SUPER	PU:Z:FBG39641	DT:Z:2026-07-15T14:17:26.508000+00:00	tm:Z:none rc
97760	5028d225-3d43-483d-8293-12da3fa8aeef	qs:f:26.4898	ch:i:360	st:Z:2026-07-16T00:42:52.548000+00:00	RG:Z:a40d6b40-d3ad-4fe7-8245-9c92f794f831_dna_r10.4.1_e8.2_400bps_sup@v5.2.0	DS:Z:gpu:NVIDIA GeForce RTX 4070 SUPER	PU:Z:FBG39641	DT:Z:2026-07-15T14:17:26.508000+00:00	tm:Z:adapter,primer rc
97760	c7467b0d-b924-46e7-8993-324526798590	qs:f:14.9555	ch:i:147	st:Z:2026-07-15T14:32:34.845000+00:00	RG:Z:a40d6b40-d3ad-4fe7-8245-9c92f794f831_dna_r10.4.1_e8.2_400bps_sup@v5.2.0	DS:Z:gpu:NVIDIA GeForce RTX 4070 SUPER	PU:Z:FBG39641	DT:Z:2026-07-15T14:17:26.508000+00:00	tm:Z:adapter,primer rc
97760	925f2f68-5f17-4d3b-8cd3-4c4d6835e17d	qs:f:22.1559	ch:i:152	st:Z:2026-07-15T15:04:43.811000+00:00	RG:Z:a40d6b40-d3ad-4fe7-8245-9c92f794f831_dna_r10.4.1_e8.2_400bps_sup@v5.2.0	DS:Z:gpu:NVIDIA GeForce RTX 4070 SUPER	PU:Z:FBG39641	DT:Z:2026-07-15T14:17:26.508000+00:00	tm:Z:none
50967	92416977-af97-4379-b753-e67c2434e236	qs:f:26.728	ch:i:132	st:Z:2026-07-15T23:20:35.688000+00:00	RG:Z:a40d6b40-d3ad-4fe7-8245-9c92f794f831_dna_r10.4.1_e8.2_400bps_sup@v5.2.0	DS:Z:gpu:NVIDIA GeForce RTX 4070 SUPER	PU:Z:FBG39641	DT:Z:2026-07-15T14:17:26.508000+00:00	tm:Z:none rc
50967	19144ef3-5df1-47fa-8477-0dc8326b8ac1	qs:f:22.1429	ch:i:387	st:Z:2026-07-15T19:16:06.886000+00:00	RG:Z:a40d6b40-d3ad-4fe7-8245-9c92f794f831_dna_r10.4.1_e8.2_400bps_sup@v5.2.0	DS:Z:gpu:NVIDIA GeForce RTX 4070 SUPER	PU:Z:FBG39641	DT:Z:2026-07-15T14:17:26.508000+00:00	tm:Z:adapter,primer rc
50967	3f2e1438-69a5-47a8-80ed-b539f0c84053	qs:f:25.1641	ch:i:322	st:Z:2026-07-15T19:23:49.692000+00:00	RG:Z:a40d6b40-d3ad-4fe7-8245-9c92f794f831_dna_r10.4.1_e8.2_400bps_sup@v5.2.0	DS:Z:gpu:NVIDIA GeForce RTX 4070 SUPER	PU:Z:FBG39641	DT:Z:2026-07-15T14:17:26.508000+00:00	tm:Z:adapter,primer rc
50967	be36ceca-5de0-4ee1-b9f7-ce70b3d3a58c	qs:f:27.5376	ch:i:397	st:Z:2026-07-15T15:34:11.172000+00:00	RG:Z:a40d6b40-d3ad-4fe7-8245-9c92f794f831_dna_r10.4.1_e8.2_400bps_sup@v5.2.0	DS:Z:gpu:NVIDIA GeForce RTX 4070 SUPER	PU:Z:FBG39641	DT:Z:2026-07-15T14:17:26.508000+00:00	tm:Z:adapter,primer rc
50967	7a7fbcda-8571-4ec4-a03f-8c5908d9a2ed	qs:f:26.3704	ch:i:235	st:Z:2026-07-15T16:13:50.320000+00:00	RG:Z:a40d6b40-d3ad-4fe7-8245-9c92f794f831_dna_r10.4.1_e8.2_400bps_sup@v5.2.0	DS:Z:gpu:NVIDIA GeForce RTX 4070 SUPER	PU:Z:FBG39641	DT:Z:2026-07-15T14:17:26.508000+00:00	tm:Z:adapter,primer rc
50967	6b4b164b-f92f-408a-a67a-f22a94db650c	qs:f:32.0668	ch:i:459	st:Z:2026-07-15T19:57:25.445000+00:00	RG:Z:a40d6b40-d3ad-4fe7-8245-9c92f794f831_dna_r10.4.1_e8.2_400bps_sup@v5.2.0	DS:Z:gpu:NVIDIA GeForce RTX 4070 SUPER	PU:Z:FBG39641	DT:Z:2026-07-15T14:17:26.508000+00:00	tm:Z:none rc
50967	613cce55-1916-4330-9e46-b47a285e438a	qs:f:19.9491	ch:i:162	st:Z:2026-07-16T00:52:26.931000+00:00	RG:Z:a40d6b40-d3ad-4fe7-8245-9c92f794f831_dna_r10.4.1_e8.2_400bps_sup@v5.2.0	DS:Z:gpu:NVIDIA GeForce RTX 4070 SUPER	PU:Z:FBG39641	DT:Z:2026-07-15T14:17:26.508000+00:00	tm:Z:adapter,primer rc
50967	f6c245a4-a5f8-4eda-92a7-3bc42e2babc7	qs:f:26.5016	ch:i:311	st:Z:2026-07-15T16:26:40.423000+00:00	RG:Z:a40d6b40-d3ad-4fe7-8245-9c92f794f831_dna_r10.4.1_e8.2_400bps_sup@v5.2.0	DS:Z:gpu:NVIDIA GeForce RTX 4070 SUPER	PU:Z:FBG39641	DT:Z:2026-07-15T14:17:26.508000+00:00	tm:Z:adapter,primer rc
50967	6226a9a9-6062-41ef-9794-996273316e70	qs:f:26.2609	ch:i:328	st:Z:2026-07-15T16:19:33.263000+00:00	RG:Z:a40d6b40-d3ad-4fe7-8245-9c92f794f831_dna_r10.4.1_e8.2_400bps_sup@v5.2.0	DS:Z:gpu:NVIDIA GeForce RTX 4070 SUPER	PU:Z:FBG39641	DT:Z:2026-07-15T14:17:26.508000+00:00	tm:Z:adapter,primer rc
50967	715690eb-e2ad-4d67-bebc-b1270c2649bd	qs:f:15.8041	ch:i:462	st:Z:2026-07-15T18:33:47.483000+00:00	RG:Z:a40d6b40-d3ad-4fe7-8245-9c92f794f831_dna_r10.4.1_e8.2_400bps_sup@v5.2.0	DS:Z:gpu:NVIDIA GeForce RTX 4070 SUPER	PU:Z:FBG39641	DT:Z:2026-07-15T14:17:26.508000+00:00	tm:Z:none
50967	ce7f573c-f7c9-4638-9124-9518c6fea6f2	qs:f:26.9332	ch:i:474	st:Z:2026-07-16T01:42:33.937000+00:00	RG:Z:a40d6b40-d3ad-4fe7-8245-9c92f794f831_dna_r10.4.1_e8.2_400bps_sup@v5.2.0	DS:Z:gpu:NVIDIA GeForce RTX 4070 SUPER	PU:Z:FBG39641	DT:Z:2026-07-15T14:17:26.508000+00:00	tm:Z:adapter,primer
50967	80b0cca7-7e15-4573-8a70-b78d86886f52	qs:f:29.9478	ch:i:460	st:Z:2026-07-15T17:54:07.309000+00:00	RG:Z:a40d6b40-d3ad-4fe7-8245-9c92f794f831_dna_r10.4.1_e8.2_400bps_sup@v5.2.0	DS:Z:gpu:NVIDIA GeForce RTX 4070 SUPER	PU:Z:FBG39641	DT:Z:2026-07-15T14:17:26.508000+00:00	tm:Z:adapter,primer rc
50967	7ff4f5e1-d737-46fc-8aed-8894fa99105a	qs:f:29.5583	ch:i:198	st:Z:2026-07-16T01:00:48.410000+00:00	RG:Z:a40d6b40-d3ad-4fe7-8245-9c92f794f831_dna_r10.4.1_e8.2_400bps_sup@v5.2.0	DS:Z:gpu:NVIDIA GeForce RTX 4070 SUPER	PU:Z:FBG39641	DT:Z:2026-07-15T14:17:26.508000+00:00	tm:Z:adapter,primer rc
50967	48c74bcb-c5e5-4877-a306-78a18299222c	qs:f:19.9349	ch:i:461	st:Z:2026-07-15T15:44:48.751000+00:00	RG:Z:a40d6b40-d3ad-4fe7-8245-9c92f794f831_dna_r10.4.1_e8.2_400bps_sup@v5.2.0	DS:Z:gpu:NVIDIA GeForce RTX 4070 SUPER	PU:Z:FBG39641	DT:Z:2026-07-15T14:17:26.508000+00:00	tm:Z:adapter,primer rc
50967	f9d18cdb-f02f-49cc-9738-47371d31e315	qs:f:30.9815	ch:i:336	st:Z:2026-07-15T19:40:24.894000+00:00	RG:Z:a40d6b40-d3ad-4fe7-8245-9c92f794f831_dna_r10.4.1_e8.2_400bps_sup@v5.2.0	DS:Z:gpu:NVIDIA GeForce RTX 4070 SUPER	PU:Z:FBG39641	DT:Z:2026-07-15T14:17:26.508000+00:00	tm:Z:none
50967	f2b9a5ae-e3f1-4297-9720-2e6df6e3d9ae	qs:f:24.1368	ch:i:477	st:Z:2026-07-15T16:07:56.547000+00:00	RG:Z:a40d6b40-d3ad-4fe7-8245-9c92f794f831_dna_r10.4.1_e8.2_400bps_sup@v5.2.0	DS:Z:gpu:NVIDIA GeForce RTX 4070 SUPER	PU:Z:FBG39641	DT:Z:2026-07-15T14:17:26.508000+00:00	tm:Z:adapter,primer
50967	2891d0ee-5c03-45e3-994f-14d79b975069	qs:f:19.5214	ch:i:222	st:Z:2026-07-15T17:58:50.309000+00:00	RG:Z:a40d6b40-d3ad-4fe7-8245-9c92f794f831_dna_r10.4.1_e8.2_400bps_sup@v5.2.0	DS:Z:gpu:NVIDIA GeForce RTX 4070 SUPER	PU:Z:FBG39641	DT:Z:2026-07-15T14:17:26.508000+00:00	tm:Z:adapter,primer rc
50967	00059602-4d72-40ea-b6b5-121a583e8eaf	qs:f:23.477	ch:i:336	st:Z:2026-07-15T14:25:53.689000+00:00	RG:Z:a40d6b40-d3ad-4fe7-8245-9c92f794f831_dna_r10.4.1_e8.2_400bps_sup@v5.2.0	DS:Z:gpu:NVIDIA GeForce RTX 4070 SUPER	PU:Z:FBG39641	DT:Z:2026-07-15T14:17:26.508000+00:00	tm:Z:none rc
50967	f9144290-1fd5-4629-82d4-dc22d8164bf0	qs:f:24.7451	ch:i:178	st:Z:2026-07-15T15:47:36.217000+00:00	RG:Z:a40d6b40-d3ad-4fe7-8245-9c92f794f831_dna_r10.4.1_e8.2_400bps_sup@v5.2.0	DS:Z:gpu:NVIDIA GeForce RTX 4070 SUPER	PU:Z:FBG39641	DT:Z:2026-07-15T14:17:26.508000+00:00	tm:Z:adapter,primer
50967	149c43bb-1118-43c0-91e4-8ad2db1b9c83	qs:f:27.484	ch:i:274	st:Z:2026-07-15T21:02:22.213000+00:00	RG:Z:a40d6b40-d3ad-4fe7-8245-9c92f794f831_dna_r10.4.1_e8.2_400bps_sup@v5.2.0	DS:Z:gpu:NVIDIA GeForce RTX 4070 SUPER	PU:Z:FBG39641	DT:Z:2026-07-15T14:17:26.508000+00:00	tm:Z:adapter,primer rc
50967	7e9e9a08-ce5e-442e-9589-fe758560ff0c	qs:f:23.3078	ch:i:20	st:Z:2026-07-16T00:25:34.212000+00:00	RG:Z:a40d6b40-d3ad-4fe7-8245-9c92f794f831_dna_r10.4.1_e8.2_400bps_sup@v5.2.0	DS:Z:gpu:NVIDIA GeForce RTX 4070 SUPER	PU:Z:FBG39641	DT:Z:2026-07-15T14:17:26.508000+00:00	tm:Z:none
50967	ccb21b37-4185-4aec-8919-73e7ba407019	qs:f:26.4656	ch:i:191	st:Z:2026-07-16T01:11:21.039000+00:00	RG:Z:a40d6b40-d3ad-4fe7-8245-9c92f794f831_dna_r10.4.1_e8.2_400bps_sup@v5.2.0	DS:Z:gpu:NVIDIA GeForce RTX 4070 SUPER	PU:Z:FBG39641	DT:Z:2026-07-15T14:17:26.508000+00:00	tm:Z:none rc
50967	f8ed545b-cb77-46a5-9842-fb32c973b913	qs:f:22.3859	ch:i:209	st:Z:2026-07-15T19:37:22.263000+00:00	RG:Z:a40d6b40-d3ad-4fe7-8245-9c92f794f831_dna_r10.4.1_e8.2_400bps_sup@v5.2.0	DS:Z:gpu:NVIDIA GeForce RTX 4070 SUPER	PU:Z:FBG39641	DT:Z:2026-07-15T14:17:26.508000+00:00	tm:Z:adapter,primer
50967	069b9990-20d7-4e20-a397-3f11513aa378	qs:f:15.1527	ch:i:452	st:Z:2026-07-15T21:43:21.324000+00:00	RG:Z:a40d6b40-d3ad-4fe7-8245-9c92f794f831_dna_r10.4.1_e8.2_400bps_sup@v5.2.0	DS:Z:gpu:NVIDIA GeForce RTX 4070 SUPER	PU:Z:FBG39641	DT:Z:2026-07-15T14:17:26.508000+00:00	tm:Z:none
50967	95544429-c9a8-4ebf-909a-637bdaf43232	qs:f:23.6349	ch:i:436	st:Z:2026-07-15T18:34:47.353000+00:00	RG:Z:a40d6b40-d3ad-4fe7-8245-9c92f794f831_dna_r10.4.1_e8.2_400bps_sup@v5.2.0	DS:Z:gpu:NVIDIA GeForce RTX 4070 SUPER	PU:Z:FBG39641	DT:Z:2026-07-15T14:17:26.508000+00:00	tm:Z:adapter,primer rc
50967	b1c6bd5b-9c12-4953-ad36-42e502bfa8ad	qs:f:22.98	ch:i:336	st:Z:2026-07-15T17:55:16.077000+00:00	RG:Z:a40d6b40-d3ad-4fe7-8245-9c92f794f831_dna_r10.4.1_e8.2_400bps_sup@v5.2.0	DS:Z:gpu:NVIDIA GeForce RTX 4070 SUPER	PU:Z:FBG39641	DT:Z:2026-07-15T14:17:26.508000+00:00	tm:Z:none rc
50967	77baf5e2-1126-4688-81c6-a33b9c2bb97e	qs:f:20.1288	ch:i:388	st:Z:2026-07-15T20:14:23.846000+00:00	RG:Z:a40d6b40-d3ad-4fe7-8245-9c92f794f831_dna_r10.4.1_e8.2_400bps_sup@v5.2.0	DS:Z:gpu:NVIDIA GeForce RTX 4070 SUPER	PU:Z:FBG39641	DT:Z:2026-07-15T14:17:26.508000+00:00	tm:Z:adapter,primer
50967	2e0ccf65-7e19-4820-aa93-68902749c176	qs:f:21.3395	ch:i:296	st:Z:2026-07-15T14:39:56.244000+00:00	RG:Z:a40d6b40-d3ad-4fe7-8245-9c92f794f831_dna_r10.4.1_e8.2_400bps_sup@v5.2.0	DS:Z:gpu:NVIDIA GeForce RTX 4070 SUPER	PU:Z:FBG39641	DT:Z:2026-07-15T14:17:26.508000+00:00	tm:Z:adapter,primer
50967	2557f00e-795c-4408-9d28-e12d6385272e	qs:f:21.1261	ch:i:185	st:Z:2026-07-15T17:09:48.860000+00:00	RG:Z:a40d6b40-d3ad-4fe7-8245-9c92f794f831_dna_r10.4.1_e8.2_400bps_sup@v5.2.0	DS:Z:gpu:NVIDIA GeForce RTX 4070 SUPER	PU:Z:FBG39641	DT:Z:2026-07-15T14:17:26.508000+00:00	tm:Z:adapter,primer
50967	391b75ad-85d4-408b-af33-7d9ba1c75233	qs:f:27.6435	ch:i:127	st:Z:2026-07-15T14:38:56.543000+00:00	RG:Z:a40d6b40-d3ad-4fe7-8245-9c92f794f831_dna_r10.4.1_e8.2_400bps_sup@v5.2.0	DS:Z:gpu:NVIDIA GeForce RTX 4070 SUPER	PU:Z:FBG39641	DT:Z:2026-07-15T14:17:26.508000+00:00	tm:Z:none
50967	fe230e4b-93a5-4c65-9ddb-8299015082a4	qs:f:24.3003	ch:i:355	st:Z:2026-07-15T17:50:48.627000+00:00	RG:Z:a40d6b40-d3ad-4fe7-8245-9c92f794f831_dna_r10.4.1_e8.2_400bps_sup@v5.2.0	DS:Z:gpu:NVIDIA GeForce RTX 4070 SUPER	PU:Z:FBG39641	DT:Z:2026-07-15T14:17:26.508000+00:00	tm:Z:adapter,primer rc
50967	00831bf8-9004-46e4-8165-b94f50936180	qs:f:14.749	ch:i:112	st:Z:2026-07-15T17:05:09.124000+00:00	RG:Z:a40d6b40-d3ad-4fe7-8245-9c92f794f831_dna_r10.4.1_e8.2_400bps_sup@v5.2.0	DS:Z:gpu:NVIDIA GeForce RTX 4070 SUPER	PU:Z:FBG39641	DT:Z:2026-07-15T14:17:26.508000+00:00	tm:Z:adapter,primer
50967	7fb5c591-6ae9-4be4-a2d6-682e1fea0b2b	qs:f:17.9012	ch:i:180	st:Z:2026-07-15T17:25:33.421000+00:00	RG:Z:a40d6b40-d3ad-4fe7-8245-9c92f794f831_dna_r10.4.1_e8.2_400bps_sup@v5.2.0	DS:Z:gpu:NVIDIA GeForce RTX 4070 SUPER	PU:Z:FBG39641	DT:Z:2026-07-15T14:17:26.508000+00:00	tm:Z:none
50967	aa8cdbc4-9849-4a7e-a350-6bb88f23f81e	qs:f:17.1892	ch:i:174	st:Z:2026-07-15T23:34:17.401000+00:00	RG:Z:a40d6b40-d3ad-4fe7-8245-9c92f794f831_dna_r10.4.1_e8.2_400bps_sup@v5.2.0	DS:Z:gpu:NVIDIA GeForce RTX 4070 SUPER	PU:Z:FBG39641	DT:Z:2026-07-15T14:17:26.508000+00:00	tm:Z:none
50967	559a49ab-f8f0-4d38-87ba-7110a9d156fd	qs:f:24.2128	ch:i:76	st:Z:2026-07-15T21:12:56.780000+00:00	RG:Z:a40d6b40-d3ad-4fe7-8245-9c92f794f831_dna_r10.4.1_e8.2_400bps_sup@v5.2.0	DS:Z:gpu:NVIDIA GeForce RTX 4070 SUPER	PU:Z:FBG39641	DT:Z:2026-07-15T14:17:26.508000+00:00	tm:Z:adapter,primer
317102	dfd8a693-b9ad-4a84-bc96-3be5e77c9c1b	qs:f:15.8098	ch:i:174	st:Z:2026-07-15T22:45:51.857000+00:00	RG:Z:a40d6b40-d3ad-4fe7-8245-9c92f794f831_dna_r10.4.1_e8.2_400bps_sup@v5.2.0	DS:Z:gpu:NVIDIA GeForce RTX 4070 SUPER	PU:Z:FBG39641	DT:Z:2026-07-15T14:17:26.508000+00:00	tm:Z:none
317102	681da1f4-eeda-44ae-87ad-784e6737266a	qs:f:17.6184	ch:i:468	st:Z:2026-07-15T22:17:08.490000+00:00	RG:Z:a40d6b40-d3ad-4fe7-8245-9c92f794f831_dna_r10.4.1_e8.2_400bps_sup@v5.2.0	DS:Z:gpu:NVIDIA GeForce RTX 4070 SUPER	PU:Z:FBG39641	DT:Z:2026-07-15T14:17:26.508000+00:00	tm:Z:adapter,primer rc
317102	95122986-34c7-4174-8bd1-337a3bd13f73	qs:f:13.7503	ch:i:401	st:Z:2026-07-15T19:58:05.414000+00:00	RG:Z:a40d6b40-d3ad-4fe7-8245-9c92f794f831_dna_r10.4.1_e8.2_400bps_sup@v5.2.0	DS:Z:gpu:NVIDIA GeForce RTX 4070 SUPER	PU:Z:FBG39641	DT:Z:2026-07-15T14:17:26.508000+00:00	tm:Z:adapter,primer
317102	9cc58814-6730-4cbc-9130-e5d0dad11f02	qs:f:14.2992	ch:i:409	st:Z:2026-07-16T00:35:58.366000+00:00	RG:Z:a40d6b40-d3ad-4fe7-8245-9c92f794f831_dna_r10.4.1_e8.2_400bps_sup@v5.2.0	DS:Z:gpu:NVIDIA GeForce RTX 4070 SUPER	PU:Z:FBG39641	DT:Z:2026-07-15T14:17:26.508000+00:00	tm:Z:none rc
317102	60210a74-cc8d-4bca-a3bc-90447743fe67	qs:f:15.3662	ch:i:457	st:Z:2026-07-16T00:26:22.029000+00:00	RG:Z:a40d6b40-d3ad-4fe7-8245-9c92f794f831_dna_r10.4.1_e8.2_400bps_sup@v5.2.0	DS:Z:gpu:NVIDIA GeForce RTX 4070 SUPER	PU:Z:FBG39641	DT:Z:2026-07-15T14:17:26.508000+00:00	tm:Z:adapter,primer rc
317102	bc912d58-3615-4abc-80a0-0063a5858f83	qs:f:18.333	ch:i:401	st:Z:2026-07-15T20:14:51.473000+00:00	RG:Z:a40d6b40-d3ad-4fe7-8245-9c92f794f831_dna_r10.4.1_e8.2_400bps_sup@v5.2.0	DS:Z:gpu:NVIDIA GeForce RTX 4070 SUPER	PU:Z:FBG39641	DT:Z:2026-07-15T14:17:26.508000+00:00	tm:Z:adapter,primer rc
317102	9a58ce00-8bf2-4825-8ac0-dc2461406aab	qs:f:14.6777	ch:i:407	st:Z:2026-07-15T23:15:10.245000+00:00	RG:Z:a40d6b40-d3ad-4fe7-8245-9c92f794f831_dna_r10.4.1_e8.2_400bps_sup@v5.2.0	DS:Z:gpu:NVIDIA GeForce RTX 4070 SUPER	PU:Z:FBG39641	DT:Z:2026-07-15T14:17:26.508000+00:00	tm:Z:adapter,primer rc
317102	e102cd38-51c9-418b-8fe0-c87246946cba	qs:f:10.901	ch:i:327	st:Z:2026-07-15T16:30:27.678000+00:00	RG:Z:a40d6b40-d3ad-4fe7-8245-9c92f794f831_dna_r10.4.1_e8.2_400bps_sup@v5.2.0	DS:Z:gpu:NVIDIA GeForce RTX 4070 SUPER	PU:Z:FBG39641	DT:Z:2026-07-15T14:17:26.508000+00:00	tm:Z:none rc
317102	c6bbb33c-9148-4d17-ad62-db3ed2f1a34b	qs:f:16.0304	ch:i:160	st:Z:2026-07-15T15:52:44.296000+00:00	RG:Z:a40d6b40-d3ad-4fe7-8245-9c92f794f831_dna_r10.4.1_e8.2_400bps_sup@v5.2.0	DS:Z:gpu:NVIDIA GeForce RTX 4070 SUPER	PU:Z:FBG39641	DT:Z:2026-07-15T14:17:26.508000+00:00	tm:Z:adapter,primer rc
317102	883d6da6-f766-4480-b50f-4ef8472aecf9	qs:f:15.1353	ch:i:34	st:Z:2026-07-15T16:54:22.577000+00:00	RG:Z:a40d6b40-d3ad-4fe7-8245-9c92f794f831_dna_r10.4.1_e8.2_400bps_sup@v5.2.0	DS:Z:gpu:NVIDIA GeForce RTX 4070 SUPER	PU:Z:FBG39641	DT:Z:2026-07-15T14:17:26.508000+00:00	tm:Z:adapter,primer
317102	b2954b77-efab-4775-a86b-d185e36bba4f	qs:f:13.5801	ch:i:406	st:Z:2026-07-15T16:10:54.278000+00:00	RG:Z:a40d6b40-d3ad-4fe7-8245-9c92f794f831_dna_r10.4.1_e8.2_400bps_sup@v5.2.0	DS:Z:gpu:NVIDIA GeForce RTX 4070 SUPER	PU:Z:FBG39641	DT:Z:2026-07-15T14:17:26.508000+00:00	tm:Z:adapter,primer rc
317102	d67ab534-55f2-4fbd-ac32-07d27dfd7e61	qs:f:14.0837	ch:i:66	st:Z:2026-07-15T18:07:20.121000+00:00	RG:Z:a40d6b40-d3ad-4fe7-8245-9c92f794f831_dna_r10.4.1_e8.2_400bps_sup@v5.2.0	DS:Z:gpu:NVIDIA GeForce RTX 4070 SUPER	PU:Z:FBG39641	DT:Z:2026-07-15T14:17:26.508000+00:00	tm:Z:adapter,primer rc
317102	c714454a-dc61-4157-8b2c-06eec6459c2d	qs:f:12.5466	ch:i:154	st:Z:2026-07-15T17:20:57.116000+00:00	RG:Z:a40d6b40-d3ad-4fe7-8245-9c92f794f831_dna_r10.4.1_e8.2_400bps_sup@v5.2.0	DS:Z:gpu:NVIDIA GeForce RTX 4070 SUPER	PU:Z:FBG39641	DT:Z:2026-07-15T14:17:26.508000+00:00	tm:Z:none
317102	b6123413-26ad-4d4c-b4a2-9df7438277f6	qs:f:16.3714	ch:i:17	st:Z:2026-07-15T20:34:19.441000+00:00	RG:Z:a40d6b40-d3ad-4fe7-8245-9c92f794f831_dna_r10.4.1_e8.2_400bps_sup@v5.2.0	DS:Z:gpu:NVIDIA GeForce RTX 4070 SUPER	PU:Z:FBG39641	DT:Z:2026-07-15T14:17:26.508000+00:00	tm:Z:adapter,primer
317102	3bbdd319-4a10-4db4-bd75-cc7707806b05	qs:f:16.1416	ch:i:341	st:Z:2026-07-16T01:21:09.956000+00:00	RG:Z:a40d6b40-d3ad-4fe7-8245-9c92f794f831_dna_r10.4.1_e8.2_400bps_sup@v5.2.0	DS:Z:gpu:NVIDIA GeForce RTX 4070 SUPER	PU:Z:FBG39641	DT:Z:2026-07-15T14:17:26.508000+00:00	tm:Z:adapter,primer
317102	6410c130-9074-4524-b82c-f7865bea1b9d	qs:f:14.377	ch:i:223	st:Z:2026-07-15T21:24:51.273000+00:00	RG:Z:a40d6b40-d3ad-4fe7-8245-9c92f794f831_dna_r10.4.1_e8.2_400bps_sup@v5.2.0	DS:Z:gpu:NVIDIA GeForce RTX 4070 SUPER	PU:Z:FBG39641	DT:Z:2026-07-15T14:17:26.508000+00:00	tm:Z:adapter,primer
317102	414e5fd2-b740-4b15-ba9c-01b48d7e1c34	qs:f:11.8919	ch:i:7	st:Z:2026-07-16T00:07:36.663000+00:00	RG:Z:a40d6b40-d3ad-4fe7-8245-9c92f794f831_dna_r10.4.1_e8.2_400bps_sup@v5.2.0	DS:Z:gpu:NVIDIA GeForce RTX 4070 SUPER	PU:Z:FBG39641	DT:Z:2026-07-15T14:17:26.508000+00:00	tm:Z:none
317102	19b05ad7-33c8-45bf-ba19-1b8dee03089d	qs:f:14.0213	ch:i:351	st:Z:2026-07-15T21:24:38.152000+00:00	RG:Z:a40d6b40-d3ad-4fe7-8245-9c92f794f831_dna_r10.4.1_e8.2_400bps_sup@v5.2.0	DS:Z:gpu:NVIDIA GeForce RTX 4070 SUPER	PU:Z:FBG39641	DT:Z:2026-07-15T14:17:26.508000+00:00	tm:Z:adapter,primer rc
317102	dfe3693a-75c5-4894-a562-3f6ae9462dc6	qs:f:14.4527	ch:i:174	st:Z:2026-07-15T20:44:00.853000+00:00	RG:Z:a40d6b40-d3ad-4fe7-8245-9c92f794f831_dna_r10.4.1_e8.2_400bps_sup@v5.2.0	DS:Z:gpu:NVIDIA GeForce RTX 4070 SUPER	PU:Z:FBG39641	DT:Z:2026-07-15T14:17:26.508000+00:00	tm:Z:adapter,primer rc
317102	3f29493d-4dfd-446d-80f9-be0caefe75a1	qs:f:13.3243	ch:i:143	st:Z:2026-07-15T16:26:55.830000+00:00	RG:Z:a40d6b40-d3ad-4fe7-8245-9c92f794f831_dna_r10.4.1_e8.2_400bps_sup@v5.2.0	DS:Z:gpu:NVIDIA GeForce RTX 4070 SUPER	PU:Z:FBG39641	DT:Z:2026-07-15T14:17:26.508000+00:00	tm:Z:adapter,primer rc
317102	598f5f6a-46b2-410e-bac8-5ab694d002ec	qs:f:13.2399	ch:i:21	st:Z:2026-07-15T21:22:37.919000+00:00	RG:Z:a40d6b40-d3ad-4fe7-8245-9c92f794f831_dna_r10.4.1_e8.2_400bps_sup@v5.2.0	DS:Z:gpu:NVIDIA GeForce RTX 4070 SUPER	PU:Z:FBG39641	DT:Z:2026-07-15T14:17:26.508000+00:00	tm:Z:none
317102	41d3f5cd-1bc6-4488-b3f4-5e15a4cc7cfa	qs:f:15.0369	ch:i:334	st:Z:2026-07-15T14:57:57.610000+00:00	RG:Z:a40d6b40-d3ad-4fe7-8245-9c92f794f831_dna_r10.4.1_e8.2_400bps_sup@v5.2.0	DS:Z:gpu:NVIDIA GeForce RTX 4070 SUPER	PU:Z:FBG39641	DT:Z:2026-07-15T14:17:26.508000+00:00	tm:Z:adapter,primer
317102	38468c5c-fed6-44bc-aaac-0358971eb6fd	qs:f:12.6217	ch:i:271	st:Z:2026-07-15T19:45:19.573000+00:00	RG:Z:a40d6b40-d3ad-4fe7-8245-9c92f794f831_dna_r10.4.1_e8.2_400bps_sup@v5.2.0	DS:Z:gpu:NVIDIA GeForce RTX 4070 SUPER	PU:Z:FBG39641	DT:Z:2026-07-15T14:17:26.508000+00:00	tm:Z:adapter,primer
317102	ce19ab15-a755-4968-87ff-8e45c122a488	qs:f:13.4803	ch:i:481	st:Z:2026-07-16T01:49:50.378000+00:00	RG:Z:a40d6b40-d3ad-4fe7-8245-9c92f794f831_dna_r10.4.1_e8.2_400bps_sup@v5.2.0	DS:Z:gpu:NVIDIA GeForce RTX 4070 SUPER	PU:Z:FBG39641	DT:Z:2026-07-15T14:17:26.508000+00:00	tm:Z:adapter,primer
317102	cb8a02ac-ef69-4d99-aaa9-596d8fe27566	qs:f:12.5301	ch:i:300	st:Z:2026-07-15T20:38:38.107000+00:00	RG:Z:a40d6b40-d3ad-4fe7-8245-9c92f794f831_dna_r10.4.1_e8.2_400bps_sup@v5.2.0	DS:Z:gpu:NVIDIA GeForce RTX 4070 SUPER	PU:Z:FBG39641	DT:Z:2026-07-15T14:17:26.508000+00:00	tm:Z:adapter,primer
317102	f96f07f4-9ce1-4449-aea6-3946a54e52dd	qs:f:13.0461	ch:i:190	st:Z:2026-07-15T16:26:15.626000+00:00	RG:Z:a40d6b40-d3ad-4fe7-8245-9c92f794f831_dna_r10.4.1_e8.2_400bps_sup@v5.2.0	DS:Z:gpu:NVIDIA GeForce RTX 4070 SUPER	PU:Z:FBG39641	DT:Z:2026-07-15T14:17:26.508000+00:00	tm:Z:adapter,primer rc
317102	5a762625-3031-4595-a546-4718be6c0691	qs:f:13.1965	ch:i:236	st:Z:2026-07-15T21:30:46.742000+00:00	RG:Z:a40d6b40-d3ad-4fe7-8245-9c92f794f831_dna_r10.4.1_e8.2_400bps_sup@v5.2.0	DS:Z:gpu:NVIDIA GeForce RTX 4070 SUPER	PU:Z:FBG39641	DT:Z:2026-07-15T14:17:26.508000+00:00	tm:Z:adapter,primer rc
317102	b7c938b4-3f7c-4b79-98f1-19eb0f68524c	qs:f:13.7612	ch:i:382	st:Z:2026-07-16T02:03:00.075000+00:00	RG:Z:a40d6b40-d3ad-4fe7-8245-9c92f794f831_dna_r10.4.1_e8.2_400bps_sup@v5.2.0	DS:Z:gpu:NVIDIA GeForce RTX 4070 SUPER	PU:Z:FBG39641	DT:Z:2026-07-15T14:17:26.508000+00:00	tm:Z:adapter,primer rc
317102	04b0b92a-dd0c-4da3-ad60-88e984a250ac	qs:f:9.22851	ch:i:9	st:Z:2026-07-15T16:11:02.069000+00:00	RG:Z:a40d6b40-d3ad-4fe7-8245-9c92f794f831_dna_r10.4.1_e8.2_400bps_sup@v5.2.0	DS:Z:gpu:NVIDIA GeForce RTX 4070 SUPER	PU:Z:FBG39641	DT:Z:2026-07-15T14:17:26.508000+00:00	tm:Z:adapter,primer rc
317102	2e41053e-995a-458c-a9a1-b0d8691e5980	qs:f:12.1347	ch:i:190	st:Z:2026-07-15T16:29:41.141000+00:00	RG:Z:a40d6b40-d3ad-4fe7-8245-9c92f794f831_dna_r10.4.1_e8.2_400bps_sup@v5.2.0	DS:Z:gpu:NVIDIA GeForce RTX 4070 SUPER	PU:Z:FBG39641	DT:Z:2026-07-15T14:17:26.508000+00:00	tm:Z:adapter,primer
317102	1f070edd-f721-4e29-8b41-1686d25ff6cb	qs:f:13.5665	ch:i:159	st:Z:2026-07-15T16:06:56.377000+00:00	RG:Z:a40d6b40-d3ad-4fe7-8245-9c92f794f831_dna_r10.4.1_e8.2_400bps_sup@v5.2.0	DS:Z:gpu:NVIDIA GeForce RTX 4070 SUPER	PU:Z:FBG39641	DT:Z:2026-07-15T14:17:26.508000+00:00	tm:Z:adapter,primer rc
317102	4b25a99b-607c-41df-9839-1c24eb799d60	qs:f:10.779	ch:i:337	st:Z:2026-07-15T14:57:31.194000+00:00	RG:Z:a40d6b40-d3ad-4fe7-8245-9c92f794f831_dna_r10.4.1_e8.2_400bps_sup@v5.2.0	DS:Z:gpu:NVIDIA GeForce RTX 4070 SUPER	PU:Z:FBG39641	DT:Z:2026-07-15T14:17:26.508000+00:00	tm:Z:adapter,primer rc
317102	4b76b6c8-6fdb-4103-8624-e449d55ada46	qs:f:9.54426	ch:i:217	st:Z:2026-07-15T19:28:14.324000+00:00	RG:Z:a40d6b40-d3ad-4fe7-8245-9c92f794f831_dna_r10.4.1_e8.2_400bps_sup@v5.2.0	DS:Z:gpu:NVIDIA GeForce RTX 4070 SUPER	PU:Z:FBG39641	DT:Z:2026-07-15T14:17:26.508000+00:00	tm:Z:adapter,primer rc
317102	f0a60a41-8b98-47fa-9363-96cf9350c26f	qs:f:8.0452	ch:i:96	st:Z:2026-07-16T00:46:34.133000+00:00	RG:Z:a40d6b40-d3ad-4fe7-8245-9c92f794f831_dna_r10.4.1_e8.2_400bps_sup@v5.2.0	DS:Z:gpu:NVIDIA GeForce RTX 4070 SUPER	PU:Z:FBG39641	DT:Z:2026-07-15T14:17:26.508000+00:00	tm:Z:adapter,primer
317102	40aebaf6-f058-48dc-8319-ecd72d478b57	qs:f:8.59387	ch:i:443	st:Z:2026-07-16T01:07:12.620000+00:00	RG:Z:a40d6b40-d3ad-4fe7-8245-9c92f794f831_dna_r10.4.1_e8.2_400bps_sup@v5.2.0	DS:Z:gpu:NVIDIA GeForce RTX 4070 SUPER	PU:Z:FBG39641	DT:Z:2026-07-15T14:17:26.508000+00:00	tm:Z:adapter,primer rc
191236	2cf7ab18-2801-4560-82c6-0ebd19fd2b31	qs:f:19.8779	ch:i:165	st:Z:2026-07-15T14:43:11.214000+00:00	RG:Z:a40d6b40-d3ad-4fe7-8245-9c92f794f831_dna_r10.4.1_e8.2_400bps_sup@v5.2.0	DS:Z:gpu:NVIDIA GeForce RTX 4070 SUPER	PU:Z:FBG39641	DT:Z:2026-07-15T14:17:26.508000+00:00	tm:Z:adapter,primer
191236	050380a6-a75d-41eb-a281-3aa560693100	qs:f:21.92	ch:i:456	st:Z:2026-07-15T14:51:30.766000+00:00	RG:Z:a40d6b40-d3ad-4fe7-8245-9c92f794f831_dna_r10.4.1_e8.2_400bps_sup@v5.2.0	DS:Z:gpu:NVIDIA GeForce RTX 4070 SUPER	PU:Z:FBG39641	DT:Z:2026-07-15T14:17:26.508000+00:00	tm:Z:adapter,primer
191236	96267c07-fcbe-4514-8e74-f3c39b061074	qs:f:14.667	ch:i:223	st:Z:2026-07-15T15:24:48.245000+00:00	RG:Z:a40d6b40-d3ad-4fe7-8245-9c92f794f831_dna_r10.4.1_e8.2_400bps_sup@v5.2.0	DS:Z:gpu:NVIDIA GeForce RTX 4070 SUPER	PU:Z:FBG39641	DT:Z:2026-07-15T14:17:26.508000+00:00	tm:Z:adapter,primer
191236	034fcb56-35c3-42de-9526-8a46cc800f86	qs:f:20.4668	ch:i:46	st:Z:2026-07-15T18:40:23.429000+00:00	RG:Z:a40d6b40-d3ad-4fe7-8245-9c92f794f831_dna_r10.4.1_e8.2_400bps_sup@v5.2.0	DS:Z:gpu:NVIDIA GeForce RTX 4070 SUPER	PU:Z:FBG39641	DT:Z:2026-07-15T14:17:26.508000+00:00	tm:Z:none
191236	659f0769-3a8f-4df7-87bd-ceca1f8274e9	qs:f:14.1393	ch:i:76	st:Z:2026-07-15T17:00:13.687000+00:00	RG:Z:a40d6b40-d3ad-4fe7-8245-9c92f794f831_dna_r10.4.1_e8.2_400bps_sup@v5.2.0	DS:Z:gpu:NVIDIA GeForce RTX 4070 SUPER	PU:Z:FBG39641	DT:Z:2026-07-15T14:17:26.508000+00:00	tm:Z:none
191236	e33b3bd2-a56f-43c6-81c2-a6ce7e65be4f	qs:f:19.4725	ch:i:420	st:Z:2026-07-15T14:44:42.779000+00:00	RG:Z:a40d6b40-d3ad-4fe7-8245-9c92f794f831_dna_r10.4.1_e8.2_400bps_sup@v5.2.0	DS:Z:gpu:NVIDIA GeForce RTX 4070 SUPER	PU:Z:FBG39641	DT:Z:2026-07-15T14:17:26.508000+00:00	tm:Z:adapter,primer
191236	23e66ee6-a98e-4c15-84a7-7cd56600afab	qs:f:17.0495	ch:i:443	st:Z:2026-07-15T16:53:19.012000+00:00	RG:Z:a40d6b40-d3ad-4fe7-8245-9c92f794f831_dna_r10.4.1_e8.2_400bps_sup@v5.2.0	DS:Z:gpu:NVIDIA GeForce RTX 4070 SUPER	PU:Z:FBG39641	DT:Z:2026-07-15T14:17:26.508000+00:00	tm:Z:adapter,primer rc
191236	7275ee99-c446-4ee4-a192-a22356791831	qs:f:14.3887	ch:i:413	st:Z:2026-07-15T23:33:13.515000+00:00	RG:Z:a40d6b40-d3ad-4fe7-8245-9c92f794f831_dna_r10.4.1_e8.2_400bps_sup@v5.2.0	DS:Z:gpu:NVIDIA GeForce RTX 4070 SUPER	PU:Z:FBG39641	DT:Z:2026-07-15T14:17:26.508000+00:00	tm:Z:adapter,primer
191236	3b63a58b-24b2-4b0a-9d1c-1ad3757677d6	qs:f:18.6758	ch:i:226	st:Z:2026-07-15T18:40:07.689000+00:00	RG:Z:a40d6b40-d3ad-4fe7-8245-9c92f794f831_dna_r10.4.1_e8.2_400bps_sup@v5.2.0	DS:Z:gpu:NVIDIA GeForce RTX 4070 SUPER	PU:Z:FBG39641	DT:Z:2026-07-15T14:17:26.508000+00:00	tm:Z:adapter,primer rc
191236	e6223635-c567-4a96-93e9-47a71840c782	qs:f:21.1	ch:i:156	st:Z:2026-07-15T21:55:52.724000+00:00	RG:Z:a40d6b40-d3ad-4fe7-8245-9c92f794f831_dna_r10.4.1_e8.2_400bps_sup@v5.2.0	DS:Z:gpu:NVIDIA GeForce RTX 4070 SUPER	PU:Z:FBG39641	DT:Z:2026-07-15T14:17:26.508000+00:00	tm:Z:none
191236	105556f7-2e18-41a2-b598-20632bab704f	qs:f:20.3531	ch:i:106	st:Z:2026-07-16T00:50:00.047000+00:00	RG:Z:a40d6b40-d3ad-4fe7-8245-9c92f794f831_dna_r10.4.1_e8.2_400bps_sup@v5.2.0	DS:Z:gpu:NVIDIA GeForce RTX 4070 SUPER	PU:Z:FBG39641	DT:Z:2026-07-15T14:17:26.508000+00:00	tm:Z:adapter,primer rc
191236	cb7d2681-bab2-4274-9c3e-29d8f93b5f7b	qs:f:15.2802	ch:i:242	st:Z:2026-07-15T21:02:25.641000+00:00	RG:Z:a40d6b40-d3ad-4fe7-8245-9c92f794f831_dna_r10.4.1_e8.2_400bps_sup@v5.2.0	DS:Z:gpu:NVIDIA GeForce RTX 4070 SUPER	PU:Z:FBG39641	DT:Z:2026-07-15T14:17:26.508000+00:00	tm:Z:adapter,primer
191236	ba704a1b-8511-4584-8e22-c27f57aae3d1	qs:f:15.3213	ch:i:192	st:Z:2026-07-15T23:48:37.418000+00:00	RG:Z:a40d6b40-d3ad-4fe7-8245-9c92f794f831_dna_r10.4.1_e8.2_400bps_sup@v5.2.0	DS:Z:gpu:NVIDIA GeForce RTX 4070 SUPER	PU:Z:FBG39641	DT:Z:2026-07-15T14:17:26.508000+00:00	tm:Z:none
191236	df8dd3c4-a20e-4327-8100-f668b44911e3	qs:f:21.1824	ch:i:507	st:Z:2026-07-15T19:32:38.372000+00:00	RG:Z:a40d6b40-d3ad-4fe7-8245-9c92f794f831_dna_r10.4.1_e8.2_400bps_sup@v5.2.0	DS:Z:gpu:NVIDIA GeForce RTX 4070 SUPER	PU:Z:FBG39641	DT:Z:2026-07-15T14:17:26.508000+00:00	tm:Z:adapter,primer rc
191236	d2ada745-56bf-4daa-a923-7deba4c7a78d	qs:f:11.6589	ch:i:167	st:Z:2026-07-15T15:05:59.733000+00:00	RG:Z:a40d6b40-d3ad-4fe7-8245-9c92f794f831_dna_r10.4.1_e8.2_400bps_sup@v5.2.0	DS:Z:gpu:NVIDIA GeForce RTX 4070 SUPER	PU:Z:FBG39641	DT:Z:2026-07-15T14:17:26.508000+00:00	tm:Z:adapter,primer rc
191236	ed581c44-20a5-4f14-bf07-8ac9fa1ef88c	qs:f:21.6006	ch:i:179	st:Z:2026-07-15T18:03:05.516000+00:00	RG:Z:a40d6b40-d3ad-4fe7-8245-9c92f794f831_dna_r10.4.1_e8.2_400bps_sup@v5.2.0	DS:Z:gpu:NVIDIA GeForce RTX 4070 SUPER	PU:Z:FBG39641	DT:Z:2026-07-15T14:17:26.508000+00:00	tm:Z:adapter,primer
191236	4cfbd410-91e3-47c6-9282-a9a5e9aed8c9	qs:f:29.1514	ch:i:296	st:Z:2026-07-15T18:44:16.762000+00:00	RG:Z:a40d6b40-d3ad-4fe7-8245-9c92f794f831_dna_r10.4.1_e8.2_400bps_sup@v5.2.0	DS:Z:gpu:NVIDIA GeForce RTX 4070 SUPER	PU:Z:FBG39641	DT:Z:2026-07-15T14:17:26.508000+00:00	tm:Z:adapter,primer rc
191236	97838f5a-8bd6-4415-8c2e-16bdf491718b	qs:f:27.9949	ch:i:224	st:Z:2026-07-16T01:23:08.997000+00:00	RG:Z:a40d6b40-d3ad-4fe7-8245-9c92f794f831_dna_r10.4.1_e8.2_400bps_sup@v5.2.0	DS:Z:gpu:NVIDIA GeForce RTX 4070 SUPER	PU:Z:FBG39641	DT:Z:2026-07-15T14:17:26.508000+00:00	tm:Z:adapter,primer
191236	cd4593b4-71eb-4abb-bba0-11d25dcaa389	qs:f:20.8354	ch:i:413	st:Z:2026-07-16T01:16:19.260000+00:00	RG:Z:a40d6b40-d3ad-4fe7-8245-9c92f794f831_dna_r10.4.1_e8.2_400bps_sup@v5.2.0	DS:Z:gpu:NVIDIA GeForce RTX 4070 SUPER	PU:Z:FBG39641	DT:Z:2026-07-15T14:17:26.508000+00:00	tm:Z:none rc
191236	9ac26519-1e07-416b-81e9-fd7292b41c2c	qs:f:18.7112	ch:i:284	st:Z:2026-07-15T16:54:37.604000+00:00	RG:Z:a40d6b40-d3ad-4fe7-8245-9c92f794f831_dna_r10.4.1_e8.2_400bps_sup@v5.2.0	DS:Z:gpu:NVIDIA GeForce RTX 4070 SUPER	PU:Z:FBG39641	DT:Z:2026-07-15T14:17:26.508000+00:00	tm:Z:adapter,primer rc
191236	b88be986-81ec-414d-a266-3ede3758f9a7	qs:f:18.772	ch:i:75	st:Z:2026-07-15T15:40:17.989000+00:00	RG:Z:a40d6b40-d3ad-4fe7-8245-9c92f794f831_dna_r10.4.1_e8.2_400bps_sup@v5.2.0	DS:Z:gpu:NVIDIA GeForce RTX 4070 SUPER	PU:Z:FBG39641	DT:Z:2026-07-15T14:17:26.508000+00:00	tm:Z:none
191236	efb53676-8ed0-4046-a83b-a90bf6e21da1	qs:f:18.338	ch:i:413	st:Z:2026-07-15T19:07:38.941000+00:00	RG:Z:a40d6b40-d3ad-4fe7-8245-9c92f794f831_dna_r10.4.1_e8.2_400bps_sup@v5.2.0	DS:Z:gpu:NVIDIA GeForce RTX 4070 SUPER	PU:Z:FBG39641	DT:Z:2026-07-15T14:17:26.508000+00:00	tm:Z:adapter,primer rc
191236	ff76c1e1-3718-43dc-a9fe-6ab0739d6dce	qs:f:21.7501	ch:i:249	st:Z:2026-07-15T16:15:35.205000+00:00	RG:Z:a40d6b40-d3ad-4fe7-8245-9c92f794f831_dna_r10.4.1_e8.2_400bps_sup@v5.2.0	DS:Z:gpu:NVIDIA GeForce RTX 4070 SUPER	PU:Z:FBG39641	DT:Z:2026-07-15T14:17:26.508000+00:00	tm:Z:adapter,primer
191236	999ea32d-9d79-44b2-bdb8-82e8aaef6877	qs:f:23.4024	ch:i:283	st:Z:2026-07-15T19:02:21.893000+00:00	RG:Z:a40d6b40-d3ad-4fe7-8245-9c92f794f831_dna_r10.4.1_e8.2_400bps_sup@v5.2.0	DS:Z:gpu:NVIDIA GeForce RTX 4070 SUPER	PU:Z:FBG39641	DT:Z:2026-07-15T14:17:26.508000+00:00	tm:Z:adapter,primer rc
191236	2f235295-2524-40ea-a655-6d42924e28e6	qs:f:17.1233	ch:i:84	st:Z:2026-07-16T01:08:48.670000+00:00	RG:Z:a40d6b40-d3ad-4fe7-8245-9c92f794f831_dna_r10.4.1_e8.2_400bps_sup@v5.2.0	DS:Z:gpu:NVIDIA GeForce RTX 4070 SUPER	PU:Z:FBG39641	DT:Z:2026-07-15T14:17:26.508000+00:00	tm:Z:none rc
191236	aa22d3c7-407e-473e-8048-3fa6f3e45f21	qs:f:21.7227	ch:i:351	st:Z:2026-07-15T19:06:04.183000+00:00	RG:Z:a40d6b40-d3ad-4fe7-8245-9c92f794f831_dna_r10.4.1_e8.2_400bps_sup@v5.2.0	DS:Z:gpu:NVIDIA GeForce RTX 4070 SUPER	PU:Z:FBG39641	DT:Z:2026-07-15T14:17:26.508000+00:00	tm:Z:adapter,primer
191236	f59f9cce-4371-403b-bb3c-c466205a84b1	qs:f:20.6207	ch:i:116	st:Z:2026-07-15T15:52:18.571000+00:00	RG:Z:a40d6b40-d3ad-4fe7-8245-9c92f794f831_dna_r10.4.1_e8.2_400bps_sup@v5.2.0	DS:Z:gpu:NVIDIA GeForce RTX 4070 SUPER	PU:Z:FBG39641	DT:Z:2026-07-15T14:17:26.508000+00:00	tm:Z:adapter,primer rc
191236	94f71287-389b-472c-9275-440ef908054e	qs:f:15.662	ch:i:154	st:Z:2026-07-15T19:49:10.713000+00:00	RG:Z:a40d6b40-d3ad-4fe7-8245-9c92f794f831_dna_r10.4.1_e8.2_400bps_sup@v5.2.0	DS:Z:gpu:NVIDIA GeForce RTX 4070 SUPER	PU:Z:FBG39641	DT:Z:2026-07-15T14:17:26.508000+00:00	tm:Z:adapter,primer rc
191236	4b6a8a58-40fe-438b-b71c-96fe4319cf53	qs:f:24.3053	ch:i:223	st:Z:2026-07-15T16:06:56.547000+00:00	RG:Z:a40d6b40-d3ad-4fe7-8245-9c92f794f831_dna_r10.4.1_e8.2_400bps_sup@v5.2.0	DS:Z:gpu:NVIDIA GeForce RTX 4070 SUPER	PU:Z:FBG39641	DT:Z:2026-07-15T14:17:26.508000+00:00	tm:Z:adapter,primer rc
191236	2305daa4-c6bb-4a96-a1fa-b8610ee59b48	qs:f:22.1304	ch:i:33	st:Z:2026-07-15T23:48:44.042000+00:00	RG:Z:a40d6b40-d3ad-4fe7-8245-9c92f794f831_dna_r10.4.1_e8.2_400bps_sup@v5.2.0	DS:Z:gpu:NVIDIA GeForce RTX 4070 SUPER	PU:Z:FBG39641	DT:Z:2026-07-15T14:17:26.508000+00:00	tm:Z:adapter,primer rc
191236	295312c3-99bc-49d1-bbc3-549fb4ad42c1	qs:f:20.4763	ch:i:394	st:Z:2026-07-15T15:44:35.294000+00:00	RG:Z:a40d6b40-d3ad-4fe7-8245-9c92f794f831_dna_r10.4.1_e8.2_400bps_sup@v5.2.0	DS:Z:gpu:NVIDIA GeForce RTX 4070 SUPER	PU:Z:FBG39641	DT:Z:2026-07-15T14:17:26.508000+00:00	tm:Z:adapter,primer
191236	f7a4d05e-6128-43fa-a35b-ef32a19cd42c	qs:f:18.6992	ch:i:167	st:Z:2026-07-15T21:47:08.071000+00:00	RG:Z:a40d6b40-d3ad-4fe7-8245-9c92f794f831_dna_r10.4.1_e8.2_400bps_sup@v5.2.0	DS:Z:gpu:NVIDIA GeForce RTX 4070 SUPER	PU:Z:FBG39641	DT:Z:2026-07-15T14:17:26.508000+00:00	tm:Z:adapter,primer rc
191236	0f3c60e1-99b6-43cf-810f-3f3e4a18bc7d	qs:f:19.365	ch:i:106	st:Z:2026-07-15T14:49:14.101000+00:00	RG:Z:a40d6b40-d3ad-4fe7-8245-9c92f794f831_dna_r10.4.1_e8.2_400bps_sup@v5.2.0	DS:Z:gpu:NVIDIA GeForce RTX 4070 SUPER	PU:Z:FBG39641	DT:Z:2026-07-15T14:17:26.508000+00:00	tm:Z:adapter,primer rc
137897	9b64a46f-b35b-4d34-95e1-a69cfd94eb01	qs:f:16.4865	ch:i:82	st:Z:2026-07-15T23:45:11.460000+00:00	RG:Z:a40d6b40-d3ad-4fe7-8245-9c92f794f831_dna_r10.4.1_e8.2_400bps_sup@v5.2.0	DS:Z:gpu:NVIDIA GeForce RTX 4070 SUPER	PU:Z:FBG39641	DT:Z:2026-07-15T14:17:26.508000+00:00	tm:Z:adapter,primer
137897	e0318fff-c81c-410a-b996-da6cdf39812e	qs:f:13.4443	ch:i:40	st:Z:2026-07-16T01:41:21.584000+00:00	RG:Z:a40d6b40-d3ad-4fe7-8245-9c92f794f831_dna_r10.4.1_e8.2_400bps_sup@v5.2.0	DS:Z:gpu:NVIDIA GeForce RTX 4070 SUPER	PU:Z:FBG39641	DT:Z:2026-07-15T14:17:26.508000+00:00	tm:Z:adapter,primer rc
137897	90aa42eb-8af1-4225-9baf-c5bb6256db3a	qs:f:23.6936	ch:i:473	st:Z:2026-07-15T19:16:09.149000+00:00	RG:Z:a40d6b40-d3ad-4fe7-8245-9c92f794f831_dna_r10.4.1_e8.2_400bps_sup@v5.2.0	DS:Z:gpu:NVIDIA GeForce RTX 4070 SUPER	PU:Z:FBG39641	DT:Z:2026-07-15T14:17:26.508000+00:00	tm:Z:adapter,primer rc
137897	ef5edd5a-727b-4239-9c76-fad9dcbdebe8	qs:f:27.206	ch:i:17	st:Z:2026-07-15T23:41:56.924000+00:00	RG:Z:a40d6b40-d3ad-4fe7-8245-9c92f794f831_dna_r10.4.1_e8.2_400bps_sup@v5.2.0	DS:Z:gpu:NVIDIA GeForce RTX 4070 SUPER	PU:Z:FBG39641	DT:Z:2026-07-15T14:17:26.508000+00:00	tm:Z:adapter,primer rc
137897	8479cab2-ee5a-4d79-bd04-b8f932bbe90f	qs:f:19.2384	ch:i:381	st:Z:2026-07-15T23:09:27.926000+00:00	RG:Z:a40d6b40-d3ad-4fe7-8245-9c92f794f831_dna_r10.4.1_e8.2_400bps_sup@v5.2.0	DS:Z:gpu:NVIDIA GeForce RTX 4070 SUPER	PU:Z:FBG39641	DT:Z:2026-07-15T14:17:26.508000+00:00	tm:Z:adapter,primer
137897	92604e79-bf7b-4c45-9232-392793222354	qs:f:13.2758	ch:i:475	st:Z:2026-07-15T20:08:43.490000+00:00	RG:Z:a40d6b40-d3ad-4fe7-8245-9c92f794f831_dna_r10.4.1_e8.2_400bps_sup@v5.2.0	DS:Z:gpu:NVIDIA GeForce RTX 4070 SUPER	PU:Z:FBG39641	DT:Z:2026-07-15T14:17:26.508000+00:00	tm:Z:adapter,primer
137897	6ccd0497-9674-4327-a8d0-1bd397838201	qs:f:17.8433	ch:i:275	st:Z:2026-07-15T20:12:40.571000+00:00	RG:Z:a40d6b40-d3ad-4fe7-8245-9c92f794f831_dna_r10.4.1_e8.2_400bps_sup@v5.2.0	DS:Z:gpu:NVIDIA GeForce RTX 4070 SUPER	PU:Z:FBG39641	DT:Z:2026-07-15T14:17:26.508000+00:00	tm:Z:adapter,primer rc
137897	4ee7a6f7-2fe3-41ec-865d-0dedb68989e5	qs:f:16.7735	ch:i:87	st:Z:2026-07-15T18:39:02.184000+00:00	RG:Z:a40d6b40-d3ad-4fe7-8245-9c92f794f831_dna_r10.4.1_e8.2_400bps_sup@v5.2.0	DS:Z:gpu:NVIDIA GeForce RTX 4070 SUPER	PU:Z:FBG39641	DT:Z:2026-07-15T14:17:26.508000+00:00	tm:Z:none
137897	d18aa24d-7b99-4310-b869-7cdb094ce439	qs:f:23.6328	ch:i:290	st:Z:2026-07-15T22:17:59.853000+00:00	RG:Z:a40d6b40-d3ad-4fe7-8245-9c92f794f831_dna_r10.4.1_e8.2_400bps_sup@v5.2.0	DS:Z:gpu:NVIDIA GeForce RTX 4070 SUPER	PU:Z:FBG39641	DT:Z:2026-07-15T14:17:26.508000+00:00	tm:Z:adapter,primer
137897	3dee9c55-8a5e-4900-96e1-67983be609c9	qs:f:24.6214	ch:i:210	st:Z:2026-07-16T01:31:38.103000+00:00	RG:Z:a40d6b40-d3ad-4fe7-8245-9c92f794f831_dna_r10.4.1_e8.2_400bps_sup@v5.2.0	DS:Z:gpu:NVIDIA GeForce RTX 4070 SUPER	PU:Z:FBG39641	DT:Z:2026-07-15T14:17:26.508000+00:00	tm:Z:adapter,primer
137897	b03a134d-388d-4ef4-86f9-1946c7d8c38a	qs:f:22.116	ch:i:145	st:Z:2026-07-15T17:11:17.414000+00:00	RG:Z:a40d6b40-d3ad-4fe7-8245-9c92f794f831_dna_r10.4.1_e8.2_400bps_sup@v5.2.0	DS:Z:gpu:NVIDIA GeForce RTX 4070 SUPER	PU:Z:FBG39641	DT:Z:2026-07-15T14:17:26.508000+00:00	tm:Z:adapter,primer rc
137897	3c7c176e-c3ae-43ce-9a3a-c54c289f03bd	qs:f:15.2224	ch:i:502	st:Z:2026-07-16T01:19:09.298000+00:00	RG:Z:a40d6b40-d3ad-4fe7-8245-9c92f794f831_dna_r10.4.1_e8.2_400bps_sup@v5.2.0	DS:Z:gpu:NVIDIA GeForce RTX 4070 SUPER	PU:Z:FBG39641	DT:Z:2026-07-15T14:17:26.508000+00:00	tm:Z:none rc
137897	360e6992-25c5-469c-a164-2bfa71c56251	qs:f:20.5231	ch:i:391	st:Z:2026-07-15T14:30:35.981000+00:00	RG:Z:a40d6b40-d3ad-4fe7-8245-9c92f794f831_dna_r10.4.1_e8.2_400bps_sup@v5.2.0	DS:Z:gpu:NVIDIA GeForce RTX 4070 SUPER	PU:Z:FBG39641	DT:Z:2026-07-15T14:17:26.508000+00:00	tm:Z:adapter,primer
137897	4b6bb457-55bd-4564-858b-0d639087f0d3	qs:f:20.6083	ch:i:275	st:Z:2026-07-15T15:47:06.814000+00:00	RG:Z:a40d6b40-d3ad-4fe7-8245-9c92f794f831_dna_r10.4.1_e8.2_400bps_sup@v5.2.0	DS:Z:gpu:NVIDIA GeForce RTX 4070 SUPER	PU:Z:FBG39641	DT:Z:2026-07-15T14:17:26.508000+00:00	tm:Z:adapter,primer rc
137897	40fbb60a-d982-4b5e-a056-8c452039b59e	qs:f:14.8198	ch:i:457	st:Z:2026-07-15T21:55:51.186000+00:00	RG:Z:a40d6b40-d3ad-4fe7-8245-9c92f794f831_dna_r10.4.1_e8.2_400bps_sup@v5.2.0	DS:Z:gpu:NVIDIA GeForce RTX 4070 SUPER	PU:Z:FBG39641	DT:Z:2026-07-15T14:17:26.508000+00:00	tm:Z:adapter,primer
137897	ebcef180-f447-47de-9a41-4fac9081ab3b	qs:f:17.9826	ch:i:308	st:Z:2026-07-15T20:10:50.912000+00:00	RG:Z:a40d6b40-d3ad-4fe7-8245-9c92f794f831_dna_r10.4.1_e8.2_400bps_sup@v5.2.0	DS:Z:gpu:NVIDIA GeForce RTX 4070 SUPER	PU:Z:FBG39641	DT:Z:2026-07-15T14:17:26.508000+00:00	tm:Z:adapter,primer
137897	1d666654-2957-472c-b043-20870d845f7e	qs:f:19.8952	ch:i:422	st:Z:2026-07-15T15:09:26.640000+00:00	RG:Z:a40d6b40-d3ad-4fe7-8245-9c92f794f831_dna_r10.4.1_e8.2_400bps_sup@v5.2.0	DS:Z:gpu:NVIDIA GeForce RTX 4070 SUPER	PU:Z:FBG39641	DT:Z:2026-07-15T14:17:26.508000+00:00	tm:Z:adapter,primer rc
137897	e84dcc27-7c9a-4af7-9ac4-da3caa473f0b	qs:f:22.9452	ch:i:346	st:Z:2026-07-15T20:17:55.427000+00:00	RG:Z:a40d6b40-d3ad-4fe7-8245-9c92f794f831_dna_r10.4.1_e8.2_400bps_sup@v5.2.0	DS:Z:gpu:NVIDIA GeForce RTX 4070 SUPER	PU:Z:FBG39641	DT:Z:2026-07-15T14:17:26.508000+00:00	tm:Z:adapter,primer rc
137897	13385a53-3e9a-4fc8-acdd-869c1e250736	qs:f:13.6216	ch:i:34	st:Z:2026-07-15T20:37:58.834000+00:00	RG:Z:a40d6b40-d3ad-4fe7-8245-9c92f794f831_dna_r10.4.1_e8.2_400bps_sup@v5.2.0	DS:Z:gpu:NVIDIA GeForce RTX 4070 SUPER	PU:Z:FBG39641	DT:Z:2026-07-15T14:17:26.508000+00:00	tm:Z:adapter,primer rc
137897	4805add1-eade-4092-913d-39bb3abf0601	qs:f:19.2773	ch:i:327	st:Z:2026-07-15T21:38:36.908000+00:00	RG:Z:a40d6b40-d3ad-4fe7-8245-9c92f794f831_dna_r10.4.1_e8.2_400bps_sup@v5.2.0	DS:Z:gpu:NVIDIA GeForce RTX 4070 SUPER	PU:Z:FBG39641	DT:Z:2026-07-15T14:17:26.508000+00:00	tm:Z:adapter,primer
137897	c054dffb-2493-42ef-9d39-97dfd7f8b0a5	qs:f:23.0739	ch:i:242	st:Z:2026-07-15T16:13:52.634000+00:00	RG:Z:a40d6b40-d3ad-4fe7-8245-9c92f794f831_dna_r10.4.1_e8.2_400bps_sup@v5.2.0	DS:Z:gpu:NVIDIA GeForce RTX 4070 SUPER	PU:Z:FBG39641	DT:Z:2026-07-15T14:17:26.508000+00:00	tm:Z:adapter,primer
137897	6e5e5ee5-095a-45a3-9c59-8f8a7b7a5624	qs:f:13.1793	ch:i:509	st:Z:2026-07-15T20:35:45.475000+00:00	RG:Z:a40d6b40-d3ad-4fe7-8245-9c92f794f831_dna_r10.4.1_e8.2_400bps_sup@v5.2.0	DS:Z:gpu:NVIDIA GeForce RTX 4070 SUPER	PU:Z:FBG39641	DT:Z:2026-07-15T14:17:26.508000+00:00	tm:Z:adapter,primer rc
137897	6bdd34d0-8d8a-4198-8f8a-729682f29e1b	qs:f:14.1656	ch:i:277	st:Z:2026-07-15T15:52:34.829000+00:00	RG:Z:a40d6b40-d3ad-4fe7-8245-9c92f794f831_dna_r10.4.1_e8.2_400bps_sup@v5.2.0	DS:Z:gpu:NVIDIA GeForce RTX 4070 SUPER	PU:Z:FBG39641	DT:Z:2026-07-15T14:17:26.508000+00:00	tm:Z:adapter,primer rc
137897	9ebd8a84-5bca-4e07-b0a9-e0fa5c1dd20b	qs:f:22.5033	ch:i:324	st:Z:2026-07-15T15:49:49.068000+00:00	RG:Z:a40d6b40-d3ad-4fe7-8245-9c92f794f831_dna_r10.4.1_e8.2_400bps_sup@v5.2.0	DS:Z:gpu:NVIDIA GeForce RTX 4070 SUPER	PU:Z:FBG39641	DT:Z:2026-07-15T14:17:26.508000+00:00	tm:Z:adapter,primer rc
137897	78855f2b-838f-4de3-8935-e09028e9450f	qs:f:17.3435	ch:i:202	st:Z:2026-07-15T22:11:10.749000+00:00	RG:Z:a40d6b40-d3ad-4fe7-8245-9c92f794f831_dna_r10.4.1_e8.2_400bps_sup@v5.2.0	DS:Z:gpu:NVIDIA GeForce RTX 4070 SUPER	PU:Z:FBG39641	DT:Z:2026-07-15T14:17:26.508000+00:00	tm:Z:none rc
137897	699549c3-196b-4443-aac2-17dcef231ecf	qs:f:9.75971	ch:i:183	st:Z:2026-07-15T16:07:33.328000+00:00	RG:Z:a40d6b40-d3ad-4fe7-8245-9c92f794f831_dna_r10.4.1_e8.2_400bps_sup@v5.2.0	DS:Z:gpu:NVIDIA GeForce RTX 4070 SUPER	PU:Z:FBG39641	DT:Z:2026-07-15T14:17:26.508000+00:00	tm:Z:adapter,primer
137897	8c01b0f8-1308-40cd-928c-6bd949c899b2	qs:f:20.8713	ch:i:17	st:Z:2026-07-16T01:06:04.792000+00:00	RG:Z:a40d6b40-d3ad-4fe7-8245-9c92f794f831_dna_r10.4.1_e8.2_400bps_sup@v5.2.0	DS:Z:gpu:NVIDIA GeForce RTX 4070 SUPER	PU:Z:FBG39641	DT:Z:2026-07-15T14:17:26.508000+00:00	tm:Z:none rc
137897	72cdeba0-07e4-4acf-bd54-83c511d81916	qs:f:24.1373	ch:i:356	st:Z:2026-07-15T23:38:34.161000+00:00	RG:Z:a40d6b40-d3ad-4fe7-8245-9c92f794f831_dna_r10.4.1_e8.2_400bps_sup@v5.2.0	DS:Z:gpu:NVIDIA GeForce RTX 4070 SUPER	PU:Z:FBG39641	DT:Z:2026-07-15T14:17:26.508000+00:00	tm:Z:adapter,primer rc
137897	6d7b307d-a6f3-4642-a64f-8bfff27824c9	qs:f:20.896	ch:i:504	st:Z:2026-07-15T18:17:12.386000+00:00	RG:Z:a40d6b40-d3ad-4fe7-8245-9c92f794f831_dna_r10.4.1_e8.2_400bps_sup@v5.2.0	DS:Z:gpu:NVIDIA GeForce RTX 4070 SUPER	PU:Z:FBG39641	DT:Z:2026-07-15T14:17:26.508000+00:00	tm:Z:adapter,primer rc
137897	a5daba32-7332-48d7-90fd-35dc0fc33c59	qs:f:15.2567	ch:i:59	st:Z:2026-07-15T20:09:47.732000+00:00	RG:Z:a40d6b40-d3ad-4fe7-8245-9c92f794f831_dna_r10.4.1_e8.2_400bps_sup@v5.2.0	DS:Z:gpu:NVIDIA GeForce RTX 4070 SUPER	PU:Z:FBG39641	DT:Z:2026-07-15T14:17:26.508000+00:00	tm:Z:adapter,primer rc
137897	a1d6b22c-8e8c-4c7f-8737-d5ffd96d6724	qs:f:18.9069	ch:i:343	st:Z:2026-07-15T18:14:59.291000+00:00	RG:Z:a40d6b40-d3ad-4fe7-8245-9c92f794f831_dna_r10.4.1_e8.2_400bps_sup@v5.2.0	DS:Z:gpu:NVIDIA GeForce RTX 4070 SUPER	PU:Z:FBG39641	DT:Z:2026-07-15T14:17:26.508000+00:00	tm:Z:adapter,primer
137897	665cd85b-87a0-4276-87dc-4d8c5f63c574	qs:f:16.6844	ch:i:242	st:Z:2026-07-15T16:07:41.661000+00:00	RG:Z:a40d6b40-d3ad-4fe7-8245-9c92f794f831_dna_r10.4.1_e8.2_400bps_sup@v5.2.0	DS:Z:gpu:NVIDIA GeForce RTX 4070 SUPER	PU:Z:FBG39641	DT:Z:2026-07-15T14:17:26.508000+00:00	tm:Z:adapter,primer rc
191078	e3bac634-8235-402e-88d5-dd408609b7e4	qs:f:14.163	ch:i:192	st:Z:2026-07-15T15:37:42.580000+00:00	RG:Z:a40d6b40-d3ad-4fe7-8245-9c92f794f831_dna_r10.4.1_e8.2_400bps_sup@v5.2.0	DS:Z:gpu:NVIDIA GeForce RTX 4070 SUPER	PU:Z:FBG39641	DT:Z:2026-07-15T14:17:26.508000+00:00	tm:Z:adapter,primer rc
191078	bad0935c-de64-4e3f-926b-7f3cc59e3745	qs:f:23.2533	ch:i:383	st:Z:2026-07-15T18:03:02.203000+00:00	RG:Z:a40d6b40-d3ad-4fe7-8245-9c92f794f831_dna_r10.4.1_e8.2_400bps_sup@v5.2.0	DS:Z:gpu:NVIDIA GeForce RTX 4070 SUPER	PU:Z:FBG39641	DT:Z:2026-07-15T14:17:26.508000+00:00	tm:Z:none
191078	de80540d-3af1-4582-8d5a-4d4dbdd345b4	qs:f:21.5553	ch:i:3	st:Z:2026-07-15T16:49:05.536000+00:00	RG:Z:a40d6b40-d3ad-4fe7-8245-9c92f794f831_dna_r10.4.1_e8.2_400bps_sup@v5.2.0	DS:Z:gpu:NVIDIA GeForce RTX 4070 SUPER	PU:Z:FBG39641	DT:Z:2026-07-15T14:17:26.508000+00:00	tm:Z:none
191078	3e054bf4-bb1d-4b21-be2a-e2d2fbea523d	qs:f:19.9459	ch:i:370	st:Z:2026-07-15T20:52:23.847000+00:00	RG:Z:a40d6b40-d3ad-4fe7-8245-9c92f794f831_dna_r10.4.1_e8.2_400bps_sup@v5.2.0	DS:Z:gpu:NVIDIA GeForce RTX 4070 SUPER	PU:Z:FBG39641	DT:Z:2026-07-15T14:17:26.508000+00:00	tm:Z:adapter,primer rc
191078	ce839d9b-3f06-4881-a29b-8c1e4b3231f4	qs:f:21.108	ch:i:3	st:Z:2026-07-15T21:06:00.107000+00:00	RG:Z:a40d6b40-d3ad-4fe7-8245-9c92f794f831_dna_r10.4.1_e8.2_400bps_sup@v5.2.0	DS:Z:gpu:NVIDIA GeForce RTX 4070 SUPER	PU:Z:FBG39641	DT:Z:2026-07-15T14:17:26.508000+00:00	tm:Z:adapter,primer
191078	c96e4374-5feb-4874-a91f-cdf2704a4adb	qs:f:16.8436	ch:i:63	st:Z:2026-07-15T18:39:39.759000+00:00	RG:Z:a40d6b40-d3ad-4fe7-8245-9c92f794f831_dna_r10.4.1_e8.2_400bps_sup@v5.2.0	DS:Z:gpu:NVIDIA GeForce RTX 4070 SUPER	PU:Z:FBG39641	DT:Z:2026-07-15T14:17:26.508000+00:00	tm:Z:adapter,primer
191078	0d25b3ae-2a78-45e6-8142-d038ce398553	qs:f:15.4002	ch:i:402	st:Z:2026-07-15T21:31:14.097000+00:00	RG:Z:a40d6b40-d3ad-4fe7-8245-9c92f794f831_dna_r10.4.1_e8.2_400bps_sup@v5.2.0	DS:Z:gpu:NVIDIA GeForce RTX 4070 SUPER	PU:Z:FBG39641	DT:Z:2026-07-15T14:17:26.508000+00:00	tm:Z:adapter,primer
191078	b133365d-9f2e-45f9-abbd-49ed4d199618	qs:f:15.5824	ch:i:56	st:Z:2026-07-16T02:12:07.047000+00:00	RG:Z:a40d6b40-d3ad-4fe7-8245-9c92f794f831_dna_r10.4.1_e8.2_400bps_sup@v5.2.0	DS:Z:gpu:NVIDIA GeForce RTX 4070 SUPER	PU:Z:FBG39641	DT:Z:2026-07-15T14:17:26.508000+00:00	tm:Z:none rc
191078	0c1b081f-132c-4965-ba5d-42a435befe5d	qs:f:16.1927	ch:i:255	st:Z:2026-07-15T23:10:09.342000+00:00	RG:Z:a40d6b40-d3ad-4fe7-8245-9c92f794f831_dna_r10.4.1_e8.2_400bps_sup@v5.2.0	DS:Z:gpu:NVIDIA GeForce RTX 4070 SUPER	PU:Z:FBG39641	DT:Z:2026-07-15T14:17:26.508000+00:00	tm:Z:adapter,primer
191078	94a19f80-0412-474d-b1e3-f9668321514a	qs:f:19.2704	ch:i:317	st:Z:2026-07-15T15:48:18.370000+00:00	RG:Z:a40d6b40-d3ad-4fe7-8245-9c92f794f831_dna_r10.4.1_e8.2_400bps_sup@v5.2.0	DS:Z:gpu:NVIDIA GeForce RTX 4070 SUPER	PU:Z:FBG39641	DT:Z:2026-07-15T14:17:26.508000+00:00	tm:Z:none rc
191078	234f8182-efc5-4d42-9479-5ea1571d5d14	qs:f:22.0651	ch:i:328	st:Z:2026-07-16T01:28:28.551000+00:00	RG:Z:a40d6b40-d3ad-4fe7-8245-9c92f794f831_dna_r10.4.1_e8.2_400bps_sup@v5.2.0	DS:Z:gpu:NVIDIA GeForce RTX 4070 SUPER	PU:Z:FBG39641	DT:Z:2026-07-15T14:17:26.508000+00:00	tm:Z:adapter,primer rc
191078	201505db-7947-4f97-9291-3c1c5577bc69	qs:f:20.1666	ch:i:221	st:Z:2026-07-15T18:24:36.385000+00:00	RG:Z:a40d6b40-d3ad-4fe7-8245-9c92f794f831_dna_r10.4.1_e8.2_400bps_sup@v5.2.0	DS:Z:gpu:NVIDIA GeForce RTX 4070 SUPER	PU:Z:FBG39641	DT:Z:2026-07-15T14:17:26.508000+00:00	tm:Z:none rc
191078	4d5d436b-31d8-4c29-a7cc-6f336ecb756d	qs:f:23.8482	ch:i:474	st:Z:2026-07-15T17:19:58.191000+00:00	RG:Z:a40d6b40-d3ad-4fe7-8245-9c92f794f831_dna_r10.4.1_e8.2_400bps_sup@v5.2.0	DS:Z:gpu:NVIDIA GeForce RTX 4070 SUPER	PU:Z:FBG39641	DT:Z:2026-07-15T14:17:26.508000+00:00	tm:Z:adapter,primer rc
191078	ee56e83b-f567-48b8-bf64-4f2b4c33d630	qs:f:19.5497	ch:i:65	st:Z:2026-07-15T17:49:49.718000+00:00	RG:Z:a40d6b40-d3ad-4fe7-8245-9c92f794f831_dna_r10.4.1_e8.2_400bps_sup@v5.2.0	DS:Z:gpu:NVIDIA GeForce RTX 4070 SUPER	PU:Z:FBG39641	DT:Z:2026-07-15T14:17:26.508000+00:00	tm:Z:adapter,primer rc
191078	cf101955-e526-41a1-99d6-83bad076e4aa	qs:f:14.412	ch:i:271	st:Z:2026-07-15T19:18:08.463000+00:00	RG:Z:a40d6b40-d3ad-4fe7-8245-9c92f794f831_dna_r10.4.1_e8.2_400bps_sup@v5.2.0	DS:Z:gpu:NVIDIA GeForce RTX 4070 SUPER	PU:Z:FBG39641	DT:Z:2026-07-15T14:17:26.508000+00:00	tm:Z:adapter,primer rc
191078	644bd582-924c-4a79-9dfc-0fde663bbf72	qs:f:16.8774	ch:i:344	st:Z:2026-07-16T00:08:43.942000+00:00	RG:Z:a40d6b40-d3ad-4fe7-8245-9c92f794f831_dna_r10.4.1_e8.2_400bps_sup@v5.2.0	DS:Z:gpu:NVIDIA GeForce RTX 4070 SUPER	PU:Z:FBG39641	DT:Z:2026-07-15T14:17:26.508000+00:00	tm:Z:none
191078	7cb289a0-a0bf-4e4f-92c7-3bf409cd8cfa	qs:f:18.837	ch:i:407	st:Z:2026-07-15T18:49:42.622000+00:00	RG:Z:a40d6b40-d3ad-4fe7-8245-9c92f794f831_dna_r10.4.1_e8.2_400bps_sup@v5.2.0	DS:Z:gpu:NVIDIA GeForce RTX 4070 SUPER	PU:Z:FBG39641	DT:Z:2026-07-15T14:17:26.508000+00:00	tm:Z:none
191078	73fee825-baad-4cb2-9429-f0d8e911c674	qs:f:22.938	ch:i:336	st:Z:2026-07-15T23:01:38.863000+00:00	RG:Z:a40d6b40-d3ad-4fe7-8245-9c92f794f831_dna_r10.4.1_e8.2_400bps_sup@v5.2.0	DS:Z:gpu:NVIDIA GeForce RTX 4070 SUPER	PU:Z:FBG39641	DT:Z:2026-07-15T14:17:26.508000+00:00	tm:Z:adapter,primer rc
191078	0e7a55fc-0f46-4674-aec7-6cf22a936432	qs:f:23.0329	ch:i:456	st:Z:2026-07-15T18:20:48.862000+00:00	RG:Z:a40d6b40-d3ad-4fe7-8245-9c92f794f831_dna_r10.4.1_e8.2_400bps_sup@v5.2.0	DS:Z:gpu:NVIDIA GeForce RTX 4070 SUPER	PU:Z:FBG39641	DT:Z:2026-07-15T14:17:26.508000+00:00	tm:Z:none
191078	d60c8919-bf3c-4602-9b8b-3db05d87b010	qs:f:20.6009	ch:i:105	st:Z:2026-07-15T20:54:09.424000+00:00	RG:Z:a40d6b40-d3ad-4fe7-8245-9c92f794f831_dna_r10.4.1_e8.2_400bps_sup@v5.2.0	DS:Z:gpu:NVIDIA GeForce RTX 4070 SUPER	PU:Z:FBG39641	DT:Z:2026-07-15T14:17:26.508000+00:00	tm:Z:adapter,primer rc
191078	4da269fd-b0ca-446c-9853-3a7355d51009	qs:f:15.7674	ch:i:153	st:Z:2026-07-15T20:58:36.595000+00:00	RG:Z:a40d6b40-d3ad-4fe7-8245-9c92f794f831_dna_r10.4.1_e8.2_400bps_sup@v5.2.0	DS:Z:gpu:NVIDIA GeForce RTX 4070 SUPER	PU:Z:FBG39641	DT:Z:2026-07-15T14:17:26.508000+00:00	tm:Z:none
191078	aaf57875-8d76-4c97-8a2e-ee0ce4f8a4d5	qs:f:13.9157	ch:i:155	st:Z:2026-07-15T17:16:38.750000+00:00	RG:Z:a40d6b40-d3ad-4fe7-8245-9c92f794f831_dna_r10.4.1_e8.2_400bps_sup@v5.2.0	DS:Z:gpu:NVIDIA GeForce RTX 4070 SUPER	PU:Z:FBG39641	DT:Z:2026-07-15T14:17:26.508000+00:00	tm:Z:none rc
191078	2b1aa308-c048-4299-b7e5-9e4b86bcaa6d	qs:f:22.5904	ch:i:443	st:Z:2026-07-15T18:29:01.831000+00:00	RG:Z:a40d6b40-d3ad-4fe7-8245-9c92f794f831_dna_r10.4.1_e8.2_400bps_sup@v5.2.0	DS:Z:gpu:NVIDIA GeForce RTX 4070 SUPER	PU:Z:FBG39641	DT:Z:2026-07-15T14:17:26.508000+00:00	tm:Z:adapter,primer
191078	51fe7652-e353-41ea-9229-985cbc892687	qs:f:22.6007	ch:i:170	st:Z:2026-07-15T23:57:08.146000+00:00	RG:Z:a40d6b40-d3ad-4fe7-8245-9c92f794f831_dna_r10.4.1_e8.2_400bps_sup@v5.2.0	DS:Z:gpu:NVIDIA GeForce RTX 4070 SUPER	PU:Z:FBG39641	DT:Z:2026-07-15T14:17:26.508000+00:00	tm:Z:adapter,primer rc
191078	5e757bb9-cc3e-4699-a24c-d13c98667a0d	qs:f:21.3379	ch:i:125	st:Z:2026-07-15T17:15:58.082000+00:00	RG:Z:a40d6b40-d3ad-4fe7-8245-9c92f794f831_dna_r10.4.1_e8.2_400bps_sup@v5.2.0	DS:Z:gpu:NVIDIA GeForce RTX 4070 SUPER	PU:Z:FBG39641	DT:Z:2026-07-15T14:17:26.508000+00:00	tm:Z:adapter,primer rc
191078	98667d37-7a0c-4ad3-9bbf-5a36993c3e0c	qs:f:19.8115	ch:i:392	st:Z:2026-07-15T15:08:36.707000+00:00	RG:Z:a40d6b40-d3ad-4fe7-8245-9c92f794f831_dna_r10.4.1_e8.2_400bps_sup@v5.2.0	DS:Z:gpu:NVIDIA GeForce RTX 4070 SUPER	PU:Z:FBG39641	DT:Z:2026-07-15T14:17:26.508000+00:00	tm:Z:adapter,primer rc
191078	839aa8ec-c3d3-4582-b356-93dcd393559f	qs:f:20.7948	ch:i:226	st:Z:2026-07-15T18:31:47.898000+00:00	RG:Z:a40d6b40-d3ad-4fe7-8245-9c92f794f831_dna_r10.4.1_e8.2_400bps_sup@v5.2.0	DS:Z:gpu:NVIDIA GeForce RTX 4070 SUPER	PU:Z:FBG39641	DT:Z:2026-07-15T14:17:26.508000+00:00	tm:Z:none rc
191078	d5423c13-fe20-4d8f-b935-4b3a7a340178	qs:f:21.1509	ch:i:475	st:Z:2026-07-15T19:51:34.581000+00:00	RG:Z:a40d6b40-d3ad-4fe7-8245-9c92f794f831_dna_r10.4.1_e8.2_400bps_sup@v5.2.0	DS:Z:gpu:NVIDIA GeForce RTX 4070 SUPER	PU:Z:FBG39641	DT:Z:2026-07-15T14:17:26.508000+00:00	tm:Z:adapter,primer rc
191078	c9fa1040-599c-406a-af79-d2fd8414d832	qs:f:24.2885	ch:i:45	st:Z:2026-07-15T17:04:34.505000+00:00	RG:Z:a40d6b40-d3ad-4fe7-8245-9c92f794f831_dna_r10.4.1_e8.2_400bps_sup@v5.2.0	DS:Z:gpu:NVIDIA GeForce RTX 4070 SUPER	PU:Z:FBG39641	DT:Z:2026-07-15T14:17:26.508000+00:00	tm:Z:adapter,primer rc
191078	6551ba31-c203-439b-ac00-53a0debdb928	qs:f:16.956	ch:i:344	st:Z:2026-07-15T17:03:10.625000+00:00	RG:Z:a40d6b40-d3ad-4fe7-8245-9c92f794f831_dna_r10.4.1_e8.2_400bps_sup@v5.2.0	DS:Z:gpu:NVIDIA GeForce RTX 4070 SUPER	PU:Z:FBG39641	DT:Z:2026-07-15T14:17:26.508000+00:00	tm:Z:none
191078	960413f1-29fd-4b55-9bbc-e274717f1136	qs:f:16.5717	ch:i:277	st:Z:2026-07-15T20:33:07.206000+00:00	RG:Z:a40d6b40-d3ad-4fe7-8245-9c92f794f831_dna_r10.4.1_e8.2_400bps_sup@v5.2.0	DS:Z:gpu:NVIDIA GeForce RTX 4070 SUPER	PU:Z:FBG39641	DT:Z:2026-07-15T14:17:26.508000+00:00	tm:Z:adapter,primer
96263	f8f91371-268c-450d-ab0b-d35ac805b916	qs:f:14.7663	ch:i:40	st:Z:2026-07-15T14:35:48.476000+00:00	RG:Z:a40d6b40-d3ad-4fe7-8245-9c92f794f831_dna_r10.4.1_e8.2_400bps_sup@v5.2.0	DS:Z:gpu:NVIDIA GeForce RTX 4070 SUPER	PU:Z:FBG39641	DT:Z:2026-07-15T14:17:26.508000+00:00	tm:Z:adapter,primer
96263	1096ea06-a639-4ea8-9468-8180f8913c13	qs:f:26.3942	ch:i:360	st:Z:2026-07-15T16:35:24.236000+00:00	RG:Z:a40d6b40-d3ad-4fe7-8245-9c92f794f831_dna_r10.4.1_e8.2_400bps_sup@v5.2.0	DS:Z:gpu:NVIDIA GeForce RTX 4070 SUPER	PU:Z:FBG39641	DT:Z:2026-07-15T14:17:26.508000+00:00	tm:Z:adapter,primer
96263	fa20ad2e-bd3c-4020-8360-bb53e955394a	qs:f:15.2196	ch:i:118	st:Z:2026-07-15T14:28:58.096000+00:00	RG:Z:a40d6b40-d3ad-4fe7-8245-9c92f794f831_dna_r10.4.1_e8.2_400bps_sup@v5.2.0	DS:Z:gpu:NVIDIA GeForce RTX 4070 SUPER	PU:Z:FBG39641	DT:Z:2026-07-15T14:17:26.508000+00:00	tm:Z:none
96263	a142331f-bf41-4d92-847b-cdaf616bb0cf	qs:f:21.5497	ch:i:133	st:Z:2026-07-15T21:54:12.207000+00:00	RG:Z:a40d6b40-d3ad-4fe7-8245-9c92f794f831_dna_r10.4.1_e8.2_400bps_sup@v5.2.0	DS:Z:gpu:NVIDIA GeForce RTX 4070 SUPER	PU:Z:FBG39641	DT:Z:2026-07-15T14:17:26.508000+00:00	tm:Z:none rc
96263	016cdef2-c121-4305-93de-bff66472d559	qs:f:27.4117	ch:i:201	st:Z:2026-07-16T00:22:33.094000+00:00	RG:Z:a40d6b40-d3ad-4fe7-8245-9c92f794f831_dna_r10.4.1_e8.2_400bps_sup@v5.2.0	DS:Z:gpu:NVIDIA GeForce RTX 4070 SUPER	PU:Z:FBG39641	DT:Z:2026-07-15T14:17:26.508000+00:00	tm:Z:adapter,primer rc
96263	3c2a670f-a161-49cb-bcc7-4f394015f4b3	qs:f:12.2954	ch:i:392	st:Z:2026-07-15T18:39:35.120000+00:00	RG:Z:a40d6b40-d3ad-4fe7-8245-9c92f794f831_dna_r10.4.1_e8.2_400bps_sup@v5.2.0	DS:Z:gpu:NVIDIA GeForce RTX 4070 SUPER	PU:Z:FBG39641	DT:Z:2026-07-15T14:17:26.508000+00:00	tm:Z:adapter,primer rc
96263	03a0f541-155a-421a-bd32-088fc8e7fd8f	qs:f:24.4667	ch:i:311	st:Z:2026-07-15T16:27:16.663000+00:00	RG:Z:a40d6b40-d3ad-4fe7-8245-9c92f794f831_dna_r10.4.1_e8.2_400bps_sup@v5.2.0	DS:Z:gpu:NVIDIA GeForce RTX 4070 SUPER	PU:Z:FBG39641	DT:Z:2026-07-15T14:17:26.508000+00:00	tm:Z:adapter,primer rc
96263	8eb1211c-3f79-4f64-b79a-06ef8b96bd74	qs:f:16.7921	ch:i:263	st:Z:2026-07-15T22:13:38.196000+00:00	RG:Z:a40d6b40-d3ad-4fe7-8245-9c92f794f831_dna_r10.4.1_e8.2_400bps_sup@v5.2.0	DS:Z:gpu:NVIDIA GeForce RTX 4070 SUPER	PU:Z:FBG39641	DT:Z:2026-07-15T14:17:26.508000+00:00	tm:Z:adapter,primer
96263	d9a195b2-022d-438e-8a33-ab6bf03bd904	qs:f:25.6325	ch:i:364	st:Z:2026-07-15T16:18:36.985000+00:00	RG:Z:a40d6b40-d3ad-4fe7-8245-9c92f794f831_dna_r10.4.1_e8.2_400bps_sup@v5.2.0	DS:Z:gpu:NVIDIA GeForce RTX 4070 SUPER	PU:Z:FBG39641	DT:Z:2026-07-15T14:17:26.508000+00:00	tm:Z:adapter,primer rc
96263	d0faae1a-a08e-43bb-9e9f-064147440213	qs:f:18.5718	ch:i:237	st:Z:2026-07-15T17:47:40.054000+00:00	RG:Z:a40d6b40-d3ad-4fe7-8245-9c92f794f831_dna_r10.4.1_e8.2_400bps_sup@v5.2.0	DS:Z:gpu:NVIDIA GeForce RTX 4070 SUPER	PU:Z:FBG39641	DT:Z:2026-07-15T14:17:26.508000+00:00	tm:Z:adapter,primer rc
96263	3c55ca26-0daf-4ca0-aebc-8a903d3bd118	qs:f:21.1761	ch:i:412	st:Z:2026-07-15T16:26:55.528000+00:00	RG:Z:a40d6b40-d3ad-4fe7-8245-9c92f794f831_dna_r10.4.1_e8.2_400bps_sup@v5.2.0	DS:Z:gpu:NVIDIA GeForce RTX 4070 SUPER	PU:Z:FBG39641	DT:Z:2026-07-15T14:17:26.508000+00:00	tm:Z:adapter,primer rc
96263	a09a3157-64ef-44ca-88a8-cca060c6dc34	qs:f:22.956	ch:i:466	st:Z:2026-07-15T23:28:43.865000+00:00	RG:Z:a40d6b40-d3ad-4fe7-8245-9c92f794f831_dna_r10.4.1_e8.2_400bps_sup@v5.2.0	DS:Z:gpu:NVIDIA GeForce RTX 4070 SUPER	PU:Z:FBG39641	DT:Z:2026-07-15T14:17:26.508000+00:00	tm:Z:adapter,primer
96263	542ac362-6c47-4c66-b228-bdd36769b6f5	qs:f:13.9592	ch:i:370	st:Z:2026-07-15T16:29:23.875000+00:00	RG:Z:a40d6b40-d3ad-4fe7-8245-9c92f794f831_dna_r10.4.1_e8.2_400bps_sup@v5.2.0	DS:Z:gpu:NVIDIA GeForce RTX 4070 SUPER	PU:Z:FBG39641	DT:Z:2026-07-15T14:17:26.508000+00:00	tm:Z:none rc
96263	2190361a-7503-42a1-adac-bfd055ee9ae4	qs:f:14.9144	ch:i:491	st:Z:2026-07-15T19:48:54.554000+00:00	RG:Z:a40d6b40-d3ad-4fe7-8245-9c92f794f831_dna_r10.4.1_e8.2_400bps_sup@v5.2.0	DS:Z:gpu:NVIDIA GeForce RTX 4070 SUPER	PU:Z:FBG39641	DT:Z:2026-07-15T14:17:26.508000+00:00	tm:Z:adapter,primer rc
96263	51791acf-5272-498f-a043-be0f0a662fae	qs:f:12.4541	ch:i:31	st:Z:2026-07-15T16:26:04.520000+00:00	RG:Z:a40d6b40-d3ad-4fe7-8245-9c92f794f831_dna_r10.4.1_e8.2_400bps_sup@v5.2.0	DS:Z:gpu:NVIDIA GeForce RTX 4070 SUPER	PU:Z:FBG39641	DT:Z:2026-07-15T14:17:26.508000+00:00	tm:Z:adapter,primer
96263	ff7ce3dc-9f3d-4f8a-b725-4b72b66e0904	qs:f:21.8285	ch:i:390	st:Z:2026-07-15T14:28:09.262000+00:00	RG:Z:a40d6b40-d3ad-4fe7-8245-9c92f794f831_dna_r10.4.1_e8.2_400bps_sup@v5.2.0	DS:Z:gpu:NVIDIA GeForce RTX 4070 SUPER	PU:Z:FBG39641	DT:Z:2026-07-15T14:17:26.508000+00:00	tm:Z:adapter,primer rc
96263	596f0cfd-091d-4836-89c1-e5b38731e1d3	qs:f:23.8278	ch:i:45	st:Z:2026-07-15T23:22:46.854000+00:00	RG:Z:a40d6b40-d3ad-4fe7-8245-9c92f794f831_dna_r10.4.1_e8.2_400bps_sup@v5.2.0	DS:Z:gpu:NVIDIA GeForce RTX 4070 SUPER	PU:Z:FBG39641	DT:Z:2026-07-15T14:17:26.508000+00:00	tm:Z:adapter,primer
96263	239782ab-9433-46f7-b37a-ff16783a5826	qs:f:14.4707	ch:i:152	st:Z:2026-07-15T16:39:13.830000+00:00	RG:Z:a40d6b40-d3ad-4fe7-8245-9c92f794f831_dna_r10.4.1_e8.2_400bps_sup@v5.2.0	DS:Z:gpu:NVIDIA GeForce RTX 4070 SUPER	PU:Z:FBG39641	DT:Z:2026-07-15T14:17:26.508000+00:00	tm:Z:none rc
96263	835710ff-69d1-4188-838b-38792c9057b1	qs:f:28.1985	ch:i:87	st:Z:2026-07-15T23:02:23.024000+00:00	RG:Z:a40d6b40-d3ad-4fe7-8245-9c92f794f831_dna_r10.4.1_e8.2_400bps_sup@v5.2.0	DS:Z:gpu:NVIDIA GeForce RTX 4070 SUPER	PU:Z:FBG39641	DT:Z:2026-07-15T14:17:26.508000+00:00	tm:Z:none
96263	f615ab85-2c2e-4af2-aea8-53fef59a3803	qs:f:20.0511	ch:i:346	st:Z:2026-07-15T19:51:11.894000+00:00	RG:Z:a40d6b40-d3ad-4fe7-8245-9c92f794f831_dna_r10.4.1_e8.2_400bps_sup@v5.2.0	DS:Z:gpu:NVIDIA GeForce RTX 4070 SUPER	PU:Z:FBG39641	DT:Z:2026-07-15T14:17:26.508000+00:00	tm:Z:adapter,primer rc
96263	1943487d-0482-4c1e-850f-ab5c5c0ac6ae	qs:f:25.0162	ch:i:93	st:Z:2026-07-15T14:34:17.491000+00:00	RG:Z:a40d6b40-d3ad-4fe7-8245-9c92f794f831_dna_r10.4.1_e8.2_400bps_sup@v5.2.0	DS:Z:gpu:NVIDIA GeForce RTX 4070 SUPER	PU:Z:FBG39641	DT:Z:2026-07-15T14:17:26.508000+00:00	tm:Z:adapter,primer
96263	f5d040dc-fa20-4822-9ead-219ddf3dcd0e	qs:f:19.438	ch:i:298	st:Z:2026-07-15T23:47:45.124000+00:00	RG:Z:a40d6b40-d3ad-4fe7-8245-9c92f794f831_dna_r10.4.1_e8.2_400bps_sup@v5.2.0	DS:Z:gpu:NVIDIA GeForce RTX 4070 SUPER	PU:Z:FBG39641	DT:Z:2026-07-15T14:17:26.508000+00:00	tm:Z:adapter,primer
96263	33b74383-6849-4b89-9d96-26166ae9e75b	qs:f:28.3454	ch:i:291	st:Z:2026-07-15T14:58:38.904000+00:00	RG:Z:a40d6b40-d3ad-4fe7-8245-9c92f794f831_dna_r10.4.1_e8.2_400bps_sup@v5.2.0	DS:Z:gpu:NVIDIA GeForce RTX 4070 SUPER	PU:Z:FBG39641	DT:Z:2026-07-15T14:17:26.508000+00:00	tm:Z:none
96263	9481f38a-88bb-464d-b457-72efe731bc03	qs:f:14.911	ch:i:463	st:Z:2026-07-15T19:39:57.429000+00:00	RG:Z:a40d6b40-d3ad-4fe7-8245-9c92f794f831_dna_r10.4.1_e8.2_400bps_sup@v5.2.0	DS:Z:gpu:NVIDIA GeForce RTX 4070 SUPER	PU:Z:FBG39641	DT:Z:2026-07-15T14:17:26.508000+00:00	tm:Z:adapter,primer rc
96263	2f68c2fb-444c-4258-9930-42fec195fa43	qs:f:20.6748	ch:i:167	st:Z:2026-07-15T15:19:00.263000+00:00	RG:Z:a40d6b40-d3ad-4fe7-8245-9c92f794f831_dna_r10.4.1_e8.2_400bps_sup@v5.2.0	DS:Z:gpu:NVIDIA GeForce RTX 4070 SUPER	PU:Z:FBG39641	DT:Z:2026-07-15T14:17:26.508000+00:00	tm:Z:adapter,primer
96263	2e5092d3-8067-4538-b100-435d72a6bd37	qs:f:14.6255	ch:i:364	st:Z:2026-07-15T18:58:58.780000+00:00	RG:Z:a40d6b40-d3ad-4fe7-8245-9c92f794f831_dna_r10.4.1_e8.2_400bps_sup@v5.2.0	DS:Z:gpu:NVIDIA GeForce RTX 4070 SUPER	PU:Z:FBG39641	DT:Z:2026-07-15T14:17:26.508000+00:00	tm:Z:adapter,primer
96263	fcff0fb1-c8d5-4737-89f1-5db5ab4e292b	qs:f:24.6953	ch:i:190	st:Z:2026-07-15T21:56:14.626000+00:00	RG:Z:a40d6b40-d3ad-4fe7-8245-9c92f794f831_dna_r10.4.1_e8.2_400bps_sup@v5.2.0	DS:Z:gpu:NVIDIA GeForce RTX 4070 SUPER	PU:Z:FBG39641	DT:Z:2026-07-15T14:17:26.508000+00:00	tm:Z:adapter,primer rc
96263	f882576f-65db-4398-9c2f-de96a78e4237	qs:f:20.9874	ch:i:335	st:Z:2026-07-15T17:41:33.962000+00:00	RG:Z:a40d6b40-d3ad-4fe7-8245-9c92f794f831_dna_r10.4.1_e8.2_400bps_sup@v5.2.0	DS:Z:gpu:NVIDIA GeForce RTX 4070 SUPER	PU:Z:FBG39641	DT:Z:2026-07-15T14:17:26.508000+00:00	tm:Z:none rc
46042	b35873d2-a1ed-4d4e-b3e2-d24a4b1e4671	qs:f:23.8102	ch:i:504	st:Z:2026-07-15T21:18:12.344000+00:00	RG:Z:a40d6b40-d3ad-4fe7-8245-9c92f794f831_dna_r10.4.1_e8.2_400bps_sup@v5.2.0	DS:Z:gpu:NVIDIA GeForce RTX 4070 SUPER	PU:Z:FBG39641	DT:Z:2026-07-15T14:17:26.508000+00:00	tm:Z:adapter,primer rc
46042	dd3bb030-0993-47ef-a9a1-aa8e631a839d	qs:f:16.8018	ch:i:149	st:Z:2026-07-15T20:33:56.016000+00:00	RG:Z:a40d6b40-d3ad-4fe7-8245-9c92f794f831_dna_r10.4.1_e8.2_400bps_sup@v5.2.0	DS:Z:gpu:NVIDIA GeForce RTX 4070 SUPER	PU:Z:FBG39641	DT:Z:2026-07-15T14:17:26.508000+00:00	tm:Z:none
46042	0b350bab-43a7-42c9-a059-fca00ead573a	qs:f:21.2191	ch:i:18	st:Z:2026-07-16T02:12:40.321000+00:00	RG:Z:a40d6b40-d3ad-4fe7-8245-9c92f794f831_dna_r10.4.1_e8.2_400bps_sup@v5.2.0	DS:Z:gpu:NVIDIA GeForce RTX 4070 SUPER	PU:Z:FBG39641	DT:Z:2026-07-15T14:17:26.508000+00:00	tm:Z:adapter,primer rc
46042	de130d82-0198-4cf9-8088-3ac06a2ee785	qs:f:14.8661	ch:i:84	st:Z:2026-07-15T18:58:33.502000+00:00	RG:Z:a40d6b40-d3ad-4fe7-8245-9c92f794f831_dna_r10.4.1_e8.2_400bps_sup@v5.2.0	DS:Z:gpu:NVIDIA GeForce RTX 4070 SUPER	PU:Z:FBG39641	DT:Z:2026-07-15T14:17:26.508000+00:00	tm:Z:none rc
46042	82077a20-657e-4dec-a915-fe37677e40f5	qs:f:13.9948	ch:i:7	st:Z:2026-07-15T18:06:51.086000+00:00	RG:Z:a40d6b40-d3ad-4fe7-8245-9c92f794f831_dna_r10.4.1_e8.2_400bps_sup@v5.2.0	DS:Z:gpu:NVIDIA GeForce RTX 4070 SUPER	PU:Z:FBG39641	DT:Z:2026-07-15T14:17:26.508000+00:00	tm:Z:adapter,primer rc
46042	2460492b-f6de-41da-b20f-80b1edd41698	qs:f:15.9476	ch:i:132	st:Z:2026-07-15T17:54:16.427000+00:00	RG:Z:a40d6b40-d3ad-4fe7-8245-9c92f794f831_dna_r10.4.1_e8.2_400bps_sup@v5.2.0	DS:Z:gpu:NVIDIA GeForce RTX 4070 SUPER	PU:Z:FBG39641	DT:Z:2026-07-15T14:17:26.508000+00:00	tm:Z:adapter,primer rc
46042	61e647c0-3619-4bc6-b076-938dd399b28b	qs:f:22.2743	ch:i:202	st:Z:2026-07-15T15:47:08.547000+00:00	RG:Z:a40d6b40-d3ad-4fe7-8245-9c92f794f831_dna_r10.4.1_e8.2_400bps_sup@v5.2.0	DS:Z:gpu:NVIDIA GeForce RTX 4070 SUPER	PU:Z:FBG39641	DT:Z:2026-07-15T14:17:26.508000+00:00	tm:Z:adapter,primer
46042	2a7875f5-131c-44dc-8bb2-fedff4fbed8e	qs:f:16.3045	ch:i:210	st:Z:2026-07-15T22:35:25.272000+00:00	RG:Z:a40d6b40-d3ad-4fe7-8245-9c92f794f831_dna_r10.4.1_e8.2_400bps_sup@v5.2.0	DS:Z:gpu:NVIDIA GeForce RTX 4070 SUPER	PU:Z:FBG39641	DT:Z:2026-07-15T14:17:26.508000+00:00	tm:Z:none rc
46042	b43e56e5-fa51-465c-89e0-906a739d55a6	qs:f:17.4833	ch:i:153	st:Z:2026-07-15T22:37:22.661000+00:00	RG:Z:a40d6b40-d3ad-4fe7-8245-9c92f794f831_dna_r10.4.1_e8.2_400bps_sup@v5.2.0	DS:Z:gpu:NVIDIA GeForce RTX 4070 SUPER	PU:Z:FBG39641	DT:Z:2026-07-15T14:17:26.508000+00:00	tm:Z:adapter,primer rc
46042	e662fefa-d330-4ff6-9d5e-158801bc326a	qs:f:23.0484	ch:i:394	st:Z:2026-07-15T17:29:55.198000+00:00	RG:Z:a40d6b40-d3ad-4fe7-8245-9c92f794f831_dna_r10.4.1_e8.2_400bps_sup@v5.2.0	DS:Z:gpu:NVIDIA GeForce RTX 4070 SUPER	PU:Z:FBG39641	DT:Z:2026-07-15T14:17:26.508000+00:00	tm:Z:adapter,primer rc
46042	f406989b-a0ea-4739-9368-399c569d0fb0	qs:f:26.224	ch:i:267	st:Z:2026-07-15T22:44:23.172000+00:00	RG:Z:a40d6b40-d3ad-4fe7-8245-9c92f794f831_dna_r10.4.1_e8.2_400bps_sup@v5.2.0	DS:Z:gpu:NVIDIA GeForce RTX 4070 SUPER	PU:Z:FBG39641	DT:Z:2026-07-15T14:17:26.508000+00:00	tm:Z:none rc
46042	6b470150-dfff-4245-b3da-635357532ddf	qs:f:19.9283	ch:i:242	st:Z:2026-07-15T15:09:37.769000+00:00	RG:Z:a40d6b40-d3ad-4fe7-8245-9c92f794f831_dna_r10.4.1_e8.2_400bps_sup@v5.2.0	DS:Z:gpu:NVIDIA GeForce RTX 4070 SUPER	PU:Z:FBG39641	DT:Z:2026-07-15T14:17:26.508000+00:00	tm:Z:none rc
46042	e4936ffa-8d1f-42ed-932d-285f3e45e1e7	qs:f:17.4429	ch:i:99	st:Z:2026-07-15T17:13:01.258000+00:00	RG:Z:a40d6b40-d3ad-4fe7-8245-9c92f794f831_dna_r10.4.1_e8.2_400bps_sup@v5.2.0	DS:Z:gpu:NVIDIA GeForce RTX 4070 SUPER	PU:Z:FBG39641	DT:Z:2026-07-15T14:17:26.508000+00:00	tm:Z:adapter,primer
46042	13f34c05-94f5-47ba-9f29-56673c7f3159	qs:f:16.118	ch:i:149	st:Z:2026-07-15T21:17:21.673000+00:00	RG:Z:a40d6b40-d3ad-4fe7-8245-9c92f794f831_dna_r10.4.1_e8.2_400bps_sup@v5.2.0	DS:Z:gpu:NVIDIA GeForce RTX 4070 SUPER	PU:Z:FBG39641	DT:Z:2026-07-15T14:17:26.508000+00:00	tm:Z:none rc
46042	92c745bd-7628-413a-a437-4d1ec5a67db1	qs:f:15.2314	ch:i:491	st:Z:2026-07-15T15:49:30.818000+00:00	RG:Z:a40d6b40-d3ad-4fe7-8245-9c92f794f831_dna_r10.4.1_e8.2_400bps_sup@v5.2.0	DS:Z:gpu:NVIDIA GeForce RTX 4070 SUPER	PU:Z:FBG39641	DT:Z:2026-07-15T14:17:26.508000+00:00	tm:Z:adapter,primer
46042	935ad620-5a08-4dac-a6cd-482b59f8fe5f	qs:f:22.5056	ch:i:258	st:Z:2026-07-15T23:01:11.627000+00:00	RG:Z:a40d6b40-d3ad-4fe7-8245-9c92f794f831_dna_r10.4.1_e8.2_400bps_sup@v5.2.0	DS:Z:gpu:NVIDIA GeForce RTX 4070 SUPER	PU:Z:FBG39641	DT:Z:2026-07-15T14:17:26.508000+00:00	tm:Z:none
46042	c1743a1f-3822-4108-8314-76c9eb938f52	qs:f:14.4563	ch:i:78	st:Z:2026-07-15T14:58:31.315000+00:00	RG:Z:a40d6b40-d3ad-4fe7-8245-9c92f794f831_dna_r10.4.1_e8.2_400bps_sup@v5.2.0	DS:Z:gpu:NVIDIA GeForce RTX 4070 SUPER	PU:Z:FBG39641	DT:Z:2026-07-15T14:17:26.508000+00:00	tm:Z:adapter,primer rc
46042	3d23650d-dc21-4d52-80b7-be1a9bd71c54	qs:f:25.2498	ch:i:454	st:Z:2026-07-15T21:06:51.437000+00:00	RG:Z:a40d6b40-d3ad-4fe7-8245-9c92f794f831_dna_r10.4.1_e8.2_400bps_sup@v5.2.0	DS:Z:gpu:NVIDIA GeForce RTX 4070 SUPER	PU:Z:FBG39641	DT:Z:2026-07-15T14:17:26.508000+00:00	tm:Z:adapter,primer rc
46042	27941e56-557a-49e0-afe7-ff2a38bf230d	qs:f:19.5536	ch:i:74	st:Z:2026-07-15T15:02:22.860000+00:00	RG:Z:a40d6b40-d3ad-4fe7-8245-9c92f794f831_dna_r10.4.1_e8.2_400bps_sup@v5.2.0	DS:Z:gpu:NVIDIA GeForce RTX 4070 SUPER	PU:Z:FBG39641	DT:Z:2026-07-15T14:17:26.508000+00:00	tm:Z:adapter,primer rc
46042	cf4af37e-a87d-49e8-b601-53636827e60b	qs:f:20.0003	ch:i:408	st:Z:2026-07-16T01:22:51.010000+00:00	RG:Z:a40d6b40-d3ad-4fe7-8245-9c92f794f831_dna_r10.4.1_e8.2_400bps_sup@v5.2.0	DS:Z:gpu:NVIDIA GeForce RTX 4070 SUPER	PU:Z:FBG39641	DT:Z:2026-07-15T14:17:26.508000+00:00	tm:Z:adapter,primer
46042	65e5dc63-1e9c-446c-91ad-1f8ef9b5d8ae	qs:f:26.5543	ch:i:311	st:Z:2026-07-15T16:53:54.789000+00:00	RG:Z:a40d6b40-d3ad-4fe7-8245-9c92f794f831_dna_r10.4.1_e8.2_400bps_sup@v5.2.0	DS:Z:gpu:NVIDIA GeForce RTX 4070 SUPER	PU:Z:FBG39641	DT:Z:2026-07-15T14:17:26.508000+00:00	tm:Z:adapter,primer rc
46042	4e5cc5ec-4d7e-4f00-85c5-068f6590922f	qs:f:26.1353	ch:i:210	st:Z:2026-07-15T23:00:10.853000+00:00	RG:Z:a40d6b40-d3ad-4fe7-8245-9c92f794f831_dna_r10.4.1_e8.2_400bps_sup@v5.2.0	DS:Z:gpu:NVIDIA GeForce RTX 4070 SUPER	PU:Z:FBG39641	DT:Z:2026-07-15T14:17:26.508000+00:00	tm:Z:adapter,primer rc
46042	61b54f89-093d-4222-9adb-73c0022c1928	qs:f:16.5807	ch:i:377	st:Z:2026-07-15T16:39:42.350000+00:00	RG:Z:a40d6b40-d3ad-4fe7-8245-9c92f794f831_dna_r10.4.1_e8.2_400bps_sup@v5.2.0	DS:Z:gpu:NVIDIA GeForce RTX 4070 SUPER	PU:Z:FBG39641	DT:Z:2026-07-15T14:17:26.508000+00:00	tm:Z:none rc
46042	2df85f16-7a24-4df5-8c50-ce8b197a0bce	qs:f:26.1061	ch:i:504	st:Z:2026-07-15T18:17:45.497000+00:00	RG:Z:a40d6b40-d3ad-4fe7-8245-9c92f794f831_dna_r10.4.1_e8.2_400bps_sup@v5.2.0	DS:Z:gpu:NVIDIA GeForce RTX 4070 SUPER	PU:Z:FBG39641	DT:Z:2026-07-15T14:17:26.508000+00:00	tm:Z:adapter,primer rc
46042	61ca6b25-e4b4-4a5c-8bb2-be6808255d6d	qs:f:25.5978	ch:i:76	st:Z:2026-07-15T22:31:51.264000+00:00	RG:Z:a40d6b40-d3ad-4fe7-8245-9c92f794f831_dna_r10.4.1_e8.2_400bps_sup@v5.2.0	DS:Z:gpu:NVIDIA GeForce RTX 4070 SUPER	PU:Z:FBG39641	DT:Z:2026-07-15T14:17:26.508000+00:00	tm:Z:adapter,primer rc
141790	751bf716-e017-4bed-819b-a99b57eae153	qs:f:16.2066	ch:i:284	st:Z:2026-07-15T20:11:50.674000+00:00	RG:Z:a40d6b40-d3ad-4fe7-8245-9c92f794f831_dna_r10.4.1_e8.2_400bps_sup@v5.2.0	DS:Z:gpu:NVIDIA GeForce RTX 4070 SUPER	PU:Z:FBG39641	DT:Z:2026-07-15T14:17:26.508000+00:00	tm:Z:adapter,primer
141790	6bb1db16-3078-4956-861f-9bd913a0cd85	qs:f:20.6967	ch:i:77	st:Z:2026-07-15T17:09:06.304000+00:00	RG:Z:a40d6b40-d3ad-4fe7-8245-9c92f794f831_dna_r10.4.1_e8.2_400bps_sup@v5.2.0	DS:Z:gpu:NVIDIA GeForce RTX 4070 SUPER	PU:Z:FBG39641	DT:Z:2026-07-15T14:17:26.508000+00:00	tm:Z:none
141790	938ce0e4-7465-41cb-b214-28c70c21b6e3	qs:f:22.4351	ch:i:365	st:Z:2026-07-15T15:20:41.974000+00:00	RG:Z:a40d6b40-d3ad-4fe7-8245-9c92f794f831_dna_r10.4.1_e8.2_400bps_sup@v5.2.0	DS:Z:gpu:NVIDIA GeForce RTX 4070 SUPER	PU:Z:FBG39641	DT:Z:2026-07-15T14:17:26.508000+00:00	tm:Z:adapter,primer rc
141790	a0e600ac-b669-4801-a290-ad13b22f1b53	qs:f:20.2003	ch:i:228	st:Z:2026-07-15T14:58:38.642000+00:00	RG:Z:a40d6b40-d3ad-4fe7-8245-9c92f794f831_dna_r10.4.1_e8.2_400bps_sup@v5.2.0	DS:Z:gpu:NVIDIA GeForce RTX 4070 SUPER	PU:Z:FBG39641	DT:Z:2026-07-15T14:17:26.508000+00:00	tm:Z:adapter,primer
141790	1655c6e3-6c7b-4951-b8db-c556a3476c9b	qs:f:19.6119	ch:i:15	st:Z:2026-07-15T16:03:13.504000+00:00	RG:Z:a40d6b40-d3ad-4fe7-8245-9c92f794f831_dna_r10.4.1_e8.2_400bps_sup@v5.2.0	DS:Z:gpu:NVIDIA GeForce RTX 4070 SUPER	PU:Z:FBG39641	DT:Z:2026-07-15T14:17:26.508000+00:00	tm:Z:none rc
141790	80275aad-dd78-4821-99c0-920bc91fd2fd	qs:f:23.2227	ch:i:208	st:Z:2026-07-15T16:20:21.558000+00:00	RG:Z:a40d6b40-d3ad-4fe7-8245-9c92f794f831_dna_r10.4.1_e8.2_400bps_sup@v5.2.0	DS:Z:gpu:NVIDIA GeForce RTX 4070 SUPER	PU:Z:FBG39641	DT:Z:2026-07-15T14:17:26.508000+00:00	tm:Z:adapter,primer
141790	36385ff1-8990-4f2d-933d-6e1f81b467e2	qs:f:21.693	ch:i:429	st:Z:2026-07-16T01:01:08.999000+00:00	RG:Z:a40d6b40-d3ad-4fe7-8245-9c92f794f831_dna_r10.4.1_e8.2_400bps_sup@v5.2.0	DS:Z:gpu:NVIDIA GeForce RTX 4070 SUPER	PU:Z:FBG39641	DT:Z:2026-07-15T14:17:26.508000+00:00	tm:Z:adapter,primer
141790	34c41e26-a45c-48cd-a928-89f41e489a4a	qs:f:22.8575	ch:i:334	st:Z:2026-07-15T21:30:18.735000+00:00	RG:Z:a40d6b40-d3ad-4fe7-8245-9c92f794f831_dna_r10.4.1_e8.2_400bps_sup@v5.2.0	DS:Z:gpu:NVIDIA GeForce RTX 4070 SUPER	PU:Z:FBG39641	DT:Z:2026-07-15T14:17:26.508000+00:00	tm:Z:adapter,primer
141790	6dbc99fa-7906-4b5f-8df2-8a1366cf11b5	qs:f:22.5286	ch:i:412	st:Z:2026-07-16T01:31:29.230000+00:00	RG:Z:a40d6b40-d3ad-4fe7-8245-9c92f794f831_dna_r10.4.1_e8.2_400bps_sup@v5.2.0	DS:Z:gpu:NVIDIA GeForce RTX 4070 SUPER	PU:Z:FBG39641	DT:Z:2026-07-15T14:17:26.508000+00:00	tm:Z:none
141790	a0bb0783-feeb-4423-b62e-3b1ffb3026f1	qs:f:20.2056	ch:i:452	st:Z:2026-07-15T23:55:26.189000+00:00	RG:Z:a40d6b40-d3ad-4fe7-8245-9c92f794f831_dna_r10.4.1_e8.2_400bps_sup@v5.2.0	DS:Z:gpu:NVIDIA GeForce RTX 4070 SUPER	PU:Z:FBG39641	DT:Z:2026-07-15T14:17:26.508000+00:00	tm:Z:adapter,primer rc
141790	2fdec8fb-3dab-4988-972f-b160b2b37c33	qs:f:19.9108	ch:i:51	st:Z:2026-07-16T00:33:21.922000+00:00	RG:Z:a40d6b40-d3ad-4fe7-8245-9c92f794f831_dna_r10.4.1_e8.2_400bps_sup@v5.2.0	DS:Z:gpu:NVIDIA GeForce RTX 4070 SUPER	PU:Z:FBG39641	DT:Z:2026-07-15T14:17:26.508000+00:00	tm:Z:adapter,primer rc
141790	6691eba9-62f0-46f2-8749-a602baf8816b	qs:f:25.2483	ch:i:56	st:Z:2026-07-15T16:35:05.849000+00:00	RG:Z:a40d6b40-d3ad-4fe7-8245-9c92f794f831_dna_r10.4.1_e8.2_400bps_sup@v5.2.0	DS:Z:gpu:NVIDIA GeForce RTX 4070 SUPER	PU:Z:FBG39641	DT:Z:2026-07-15T14:17:26.508000+00:00	tm:Z:adapter,primer
141790	2543f1aa-b877-4ace-871a-de53d1ddda69	qs:f:14.1102	ch:i:85	st:Z:2026-07-15T18:21:13.658000+00:00	RG:Z:a40d6b40-d3ad-4fe7-8245-9c92f794f831_dna_r10.4.1_e8.2_400bps_sup@v5.2.0	DS:Z:gpu:NVIDIA GeForce RTX 4070 SUPER	PU:Z:FBG39641	DT:Z:2026-07-15T14:17:26.508000+00:00	tm:Z:adapter,primer
141790	b722925c-dfcc-40c3-ba5a-b342d070c497	qs:f:20.5693	ch:i:378	st:Z:2026-07-15T19:37:49.919000+00:00	RG:Z:a40d6b40-d3ad-4fe7-8245-9c92f794f831_dna_r10.4.1_e8.2_400bps_sup@v5.2.0	DS:Z:gpu:NVIDIA GeForce RTX 4070 SUPER	PU:Z:FBG39641	DT:Z:2026-07-15T14:17:26.508000+00:00	tm:Z:adapter,primer
141790	bade30db-422c-4d49-b5ac-34ede5f83888	qs:f:24.164	ch:i:412	st:Z:2026-07-15T16:10:30.089000+00:00	RG:Z:a40d6b40-d3ad-4fe7-8245-9c92f794f831_dna_r10.4.1_e8.2_400bps_sup@v5.2.0	DS:Z:gpu:NVIDIA GeForce RTX 4070 SUPER	PU:Z:FBG39641	DT:Z:2026-07-15T14:17:26.508000+00:00	tm:Z:none
141790	daf792d9-1fc2-4924-8913-25165a834b62	qs:f:23.1059	ch:i:277	st:Z:2026-07-15T23:48:17.118000+00:00	RG:Z:a40d6b40-d3ad-4fe7-8245-9c92f794f831_dna_r10.4.1_e8.2_400bps_sup@v5.2.0	DS:Z:gpu:NVIDIA GeForce RTX 4070 SUPER	PU:Z:FBG39641	DT:Z:2026-07-15T14:17:26.508000+00:00	tm:Z:adapter,primer rc
141790	b7ea073e-e43a-45ef-9f95-60abb938f20f	qs:f:13.5084	ch:i:107	st:Z:2026-07-16T00:17:27.121000+00:00	RG:Z:a40d6b40-d3ad-4fe7-8245-9c92f794f831_dna_r10.4.1_e8.2_400bps_sup@v5.2.0	DS:Z:gpu:NVIDIA GeForce RTX 4070 SUPER	PU:Z:FBG39641	DT:Z:2026-07-15T14:17:26.508000+00:00	tm:Z:adapter,primer
141790	e6e5a8d4-57af-4200-8ed3-0329b2f7ff78	qs:f:23.0873	ch:i:421	st:Z:2026-07-16T00:40:32.713000+00:00	RG:Z:a40d6b40-d3ad-4fe7-8245-9c92f794f831_dna_r10.4.1_e8.2_400bps_sup@v5.2.0	DS:Z:gpu:NVIDIA GeForce RTX 4070 SUPER	PU:Z:FBG39641	DT:Z:2026-07-15T14:17:26.508000+00:00	tm:Z:none rc
141790	41ff2abb-8778-4f8a-8069-b2fb7d92ac1e	qs:f:16.1037	ch:i:412	st:Z:2026-07-15T16:50:00.915000+00:00	RG:Z:a40d6b40-d3ad-4fe7-8245-9c92f794f831_dna_r10.4.1_e8.2_400bps_sup@v5.2.0	DS:Z:gpu:NVIDIA GeForce RTX 4070 SUPER	PU:Z:FBG39641	DT:Z:2026-07-15T14:17:26.508000+00:00	tm:Z:none
141790	17498722-dd60-4714-8577-a55102f07634	qs:f:22.6814	ch:i:398	st:Z:2026-07-15T21:37:58.345000+00:00	RG:Z:a40d6b40-d3ad-4fe7-8245-9c92f794f831_dna_r10.4.1_e8.2_400bps_sup@v5.2.0	DS:Z:gpu:NVIDIA GeForce RTX 4070 SUPER	PU:Z:FBG39641	DT:Z:2026-07-15T14:17:26.508000+00:00	tm:Z:adapter,primer
141790	d40a2017-5bd4-4ff7-936f-6f8dcf407044	qs:f:15.3757	ch:i:502	st:Z:2026-07-15T20:42:02.233000+00:00	RG:Z:a40d6b40-d3ad-4fe7-8245-9c92f794f831_dna_r10.4.1_e8.2_400bps_sup@v5.2.0	DS:Z:gpu:NVIDIA GeForce RTX 4070 SUPER	PU:Z:FBG39641	DT:Z:2026-07-15T14:17:26.508000+00:00	tm:Z:adapter,primer rc
141790	a907f66d-3737-4c33-8b28-7837c48b12af	qs:f:22.5531	ch:i:133	st:Z:2026-07-15T18:02:40.821000+00:00	RG:Z:a40d6b40-d3ad-4fe7-8245-9c92f794f831_dna_r10.4.1_e8.2_400bps_sup@v5.2.0	DS:Z:gpu:NVIDIA GeForce RTX 4070 SUPER	PU:Z:FBG39641	DT:Z:2026-07-15T14:17:26.508000+00:00	tm:Z:none
141790	2caebe70-1760-4b44-8cc0-3ec089a7ad5b	qs:f:22.113	ch:i:312	st:Z:2026-07-15T19:36:07.892000+00:00	RG:Z:a40d6b40-d3ad-4fe7-8245-9c92f794f831_dna_r10.4.1_e8.2_400bps_sup@v5.2.0	DS:Z:gpu:NVIDIA GeForce RTX 4070 SUPER	PU:Z:FBG39641	DT:Z:2026-07-15T14:17:26.508000+00:00	tm:Z:none rc
141790	001846aa-5914-4643-a51c-3a44822650f9	qs:f:16.1808	ch:i:223	st:Z:2026-07-15T16:37:23.446000+00:00	RG:Z:a40d6b40-d3ad-4fe7-8245-9c92f794f831_dna_r10.4.1_e8.2_400bps_sup@v5.2.0	DS:Z:gpu:NVIDIA GeForce RTX 4070 SUPER	PU:Z:FBG39641	DT:Z:2026-07-15T14:17:26.508000+00:00	tm:Z:none
235981	a5330cc2-e862-4a61-a082-eb2a4e0ec7b9	qs:f:21.6252	ch:i:94	st:Z:2026-07-15T16:36:28.652000+00:00	RG:Z:a40d6b40-d3ad-4fe7-8245-9c92f794f831_dna_r10.4.1_e8.2_400bps_sup@v5.2.0	DS:Z:gpu:NVIDIA GeForce RTX 4070 SUPER	PU:Z:FBG39641	DT:Z:2026-07-15T14:17:26.508000+00:00	tm:Z:none
235981	c47ced93-38ce-45ef-812a-d94e8e940acc	qs:f:16.2158	ch:i:63	st:Z:2026-07-15T20:14:52.896000+00:00	RG:Z:a40d6b40-d3ad-4fe7-8245-9c92f794f831_dna_r10.4.1_e8.2_400bps_sup@v5.2.0	DS:Z:gpu:NVIDIA GeForce RTX 4070 SUPER	PU:Z:FBG39641	DT:Z:2026-07-15T14:17:26.508000+00:00	tm:Z:none rc
235981	571e4d0d-3dfc-4e63-b84a-363a047b8a4d	qs:f:17.9298	ch:i:179	st:Z:2026-07-15T16:30:41.640000+00:00	RG:Z:a40d6b40-d3ad-4fe7-8245-9c92f794f831_dna_r10.4.1_e8.2_400bps_sup@v5.2.0	DS:Z:gpu:NVIDIA GeForce RTX 4070 SUPER	PU:Z:FBG39641	DT:Z:2026-07-15T14:17:26.508000+00:00	tm:Z:adapter,primer rc
235981	2e559bd2-99a9-4c4d-9afd-213705d7789a	qs:f:19.5867	ch:i:18	st:Z:2026-07-15T14:56:10.013000+00:00	RG:Z:a40d6b40-d3ad-4fe7-8245-9c92f794f831_dna_r10.4.1_e8.2_400bps_sup@v5.2.0	DS:Z:gpu:NVIDIA GeForce RTX 4070 SUPER	PU:Z:FBG39641	DT:Z:2026-07-15T14:17:26.508000+00:00	tm:Z:adapter,primer rc
235981	ba988ea5-73eb-4b36-9482-29f7b3c55198	qs:f:18.7803	ch:i:510	st:Z:2026-07-15T17:49:11.635000+00:00	RG:Z:a40d6b40-d3ad-4fe7-8245-9c92f794f831_dna_r10.4.1_e8.2_400bps_sup@v5.2.0	DS:Z:gpu:NVIDIA GeForce RTX 4070 SUPER	PU:Z:FBG39641	DT:Z:2026-07-15T14:17:26.508000+00:00	tm:Z:adapter,primer rc
235981	243ebbc1-8795-4410-bb8b-8326922613a5	qs:f:16.078	ch:i:226	st:Z:2026-07-16T02:02:25.217000+00:00	RG:Z:a40d6b40-d3ad-4fe7-8245-9c92f794f831_dna_r10.4.1_e8.2_400bps_sup@v5.2.0	DS:Z:gpu:NVIDIA GeForce RTX 4070 SUPER	PU:Z:FBG39641	DT:Z:2026-07-15T14:17:26.508000+00:00	tm:Z:adapter,primer rc
235981	9e1e1240-a7a4-4955-b07a-761453f47804	qs:f:20.2426	ch:i:179	st:Z:2026-07-15T18:06:04.651000+00:00	RG:Z:a40d6b40-d3ad-4fe7-8245-9c92f794f831_dna_r10.4.1_e8.2_400bps_sup@v5.2.0	DS:Z:gpu:NVIDIA GeForce RTX 4070 SUPER	PU:Z:FBG39641	DT:Z:2026-07-15T14:17:26.508000+00:00	tm:Z:adapter,primer
235981	ecb947b6-9618-44c5-9a43-50d0dc3573e6	qs:f:17.197	ch:i:51	st:Z:2026-07-16T01:29:18.492000+00:00	RG:Z:a40d6b40-d3ad-4fe7-8245-9c92f794f831_dna_r10.4.1_e8.2_400bps_sup@v5.2.0	DS:Z:gpu:NVIDIA GeForce RTX 4070 SUPER	PU:Z:FBG39641	DT:Z:2026-07-15T14:17:26.508000+00:00	tm:Z:adapter,primer rc
235981	1ad3492d-cfe5-4490-b65a-2e761904f2d0	qs:f:14.7143	ch:i:198	st:Z:2026-07-15T16:56:06.287000+00:00	RG:Z:a40d6b40-d3ad-4fe7-8245-9c92f794f831_dna_r10.4.1_e8.2_400bps_sup@v5.2.0	DS:Z:gpu:NVIDIA GeForce RTX 4070 SUPER	PU:Z:FBG39641	DT:Z:2026-07-15T14:17:26.508000+00:00	tm:Z:none rc
235981	d1ed8856-b087-4956-a267-b75cdc8fbc8a	qs:f:18.0047	ch:i:220	st:Z:2026-07-15T15:32:24.771000+00:00	RG:Z:a40d6b40-d3ad-4fe7-8245-9c92f794f831_dna_r10.4.1_e8.2_400bps_sup@v5.2.0	DS:Z:gpu:NVIDIA GeForce RTX 4070 SUPER	PU:Z:FBG39641	DT:Z:2026-07-15T14:17:26.508000+00:00	tm:Z:adapter,primer rc
235981	b0da4a2c-ddd3-4580-a97c-b108051b57b3	qs:f:20.133	ch:i:335	st:Z:2026-07-15T16:34:07.871000+00:00	RG:Z:a40d6b40-d3ad-4fe7-8245-9c92f794f831_dna_r10.4.1_e8.2_400bps_sup@v5.2.0	DS:Z:gpu:NVIDIA GeForce RTX 4070 SUPER	PU:Z:FBG39641	DT:Z:2026-07-15T14:17:26.508000+00:00	tm:Z:adapter,primer
235981	36cd2546-d4c5-40a9-8fb7-9291892642e0	qs:f:14.3004	ch:i:94	st:Z:2026-07-15T17:26:47.161000+00:00	RG:Z:a40d6b40-d3ad-4fe7-8245-9c92f794f831_dna_r10.4.1_e8.2_400bps_sup@v5.2.0	DS:Z:gpu:NVIDIA GeForce RTX 4070 SUPER	PU:Z:FBG39641	DT:Z:2026-07-15T14:17:26.508000+00:00	tm:Z:adapter,primer
235981	63f7a90c-7570-42a2-b75f-e5d005fb49f2	qs:f:18.8669	ch:i:421	st:Z:2026-07-15T20:01:32.105000+00:00	RG:Z:a40d6b40-d3ad-4fe7-8245-9c92f794f831_dna_r10.4.1_e8.2_400bps_sup@v5.2.0	DS:Z:gpu:NVIDIA GeForce RTX 4070 SUPER	PU:Z:FBG39641	DT:Z:2026-07-15T14:17:26.508000+00:00	tm:Z:adapter,primer
235981	4838fb06-4483-4ae5-bdb8-c2f16b5b539a	qs:f:16.5926	ch:i:197	st:Z:2026-07-15T18:19:23.524000+00:00	RG:Z:a40d6b40-d3ad-4fe7-8245-9c92f794f831_dna_r10.4.1_e8.2_400bps_sup@v5.2.0	DS:Z:gpu:NVIDIA GeForce RTX 4070 SUPER	PU:Z:FBG39641	DT:Z:2026-07-15T14:17:26.508000+00:00	tm:Z:adapter,primer
235981	93e74b34-9872-48a7-a3c9-40ac04a0b2d2	qs:f:18.8014	ch:i:243	st:Z:2026-07-15T19:17:38.126000+00:00	RG:Z:a40d6b40-d3ad-4fe7-8245-9c92f794f831_dna_r10.4.1_e8.2_400bps_sup@v5.2.0	DS:Z:gpu:NVIDIA GeForce RTX 4070 SUPER	PU:Z:FBG39641	DT:Z:2026-07-15T14:17:26.508000+00:00	tm:Z:none rc
235981	63bcd8ac-a2a1-4fd3-b88a-df2d9ed2e38c	qs:f:20.5424	ch:i:394	st:Z:2026-07-15T17:26:04.924000+00:00	RG:Z:a40d6b40-d3ad-4fe7-8245-9c92f794f831_dna_r10.4.1_e8.2_400bps_sup@v5.2.0	DS:Z:gpu:NVIDIA GeForce RTX 4070 SUPER	PU:Z:FBG39641	DT:Z:2026-07-15T14:17:26.508000+00:00	tm:Z:none
235981	9da19e97-9099-4cbb-8cb6-ff055cd2ee1a	qs:f:19.9049	ch:i:87	st:Z:2026-07-15T19:46:33.567000+00:00	RG:Z:a40d6b40-d3ad-4fe7-8245-9c92f794f831_dna_r10.4.1_e8.2_400bps_sup@v5.2.0	DS:Z:gpu:NVIDIA GeForce RTX 4070 SUPER	PU:Z:FBG39641	DT:Z:2026-07-15T14:17:26.508000+00:00	tm:Z:adapter,primer
235981	2596f5b0-0036-4835-ad83-7c43799edb41	qs:f:20.4642	ch:i:143	st:Z:2026-07-15T18:15:47.426000+00:00	RG:Z:a40d6b40-d3ad-4fe7-8245-9c92f794f831_dna_r10.4.1_e8.2_400bps_sup@v5.2.0	DS:Z:gpu:NVIDIA GeForce RTX 4070 SUPER	PU:Z:FBG39641	DT:Z:2026-07-15T14:17:26.508000+00:00	tm:Z:adapter,primer rc
235981	a9c4d1ad-80f0-412e-8628-7fa4bf3100d4	qs:f:17.2692	ch:i:421	st:Z:2026-07-15T14:43:03.543000+00:00	RG:Z:a40d6b40-d3ad-4fe7-8245-9c92f794f831_dna_r10.4.1_e8.2_400bps_sup@v5.2.0	DS:Z:gpu:NVIDIA GeForce RTX 4070 SUPER	PU:Z:FBG39641	DT:Z:2026-07-15T14:17:26.508000+00:00	tm:Z:adapter,primer rc
235981	f3561b78-7b6a-4250-be85-94a492ea1bba	qs:f:17.2387	ch:i:364	st:Z:2026-07-15T16:18:38.702000+00:00	RG:Z:a40d6b40-d3ad-4fe7-8245-9c92f794f831_dna_r10.4.1_e8.2_400bps_sup@v5.2.0	DS:Z:gpu:NVIDIA GeForce RTX 4070 SUPER	PU:Z:FBG39641	DT:Z:2026-07-15T14:17:26.508000+00:00	tm:Z:adapter,primer
235981	090f8cd5-c896-43fd-9619-ca3fcd7504e3	qs:f:19.4135	ch:i:34	st:Z:2026-07-16T01:45:26.190000+00:00	RG:Z:a40d6b40-d3ad-4fe7-8245-9c92f794f831_dna_r10.4.1_e8.2_400bps_sup@v5.2.0	DS:Z:gpu:NVIDIA GeForce RTX 4070 SUPER	PU:Z:FBG39641	DT:Z:2026-07-15T14:17:26.508000+00:00	tm:Z:adapter,primer rc
235981	93773727-245e-41aa-87a5-ce8896c3661e	qs:f:15.3025	ch:i:331	st:Z:2026-07-15T23:10:12.373000+00:00	RG:Z:a40d6b40-d3ad-4fe7-8245-9c92f794f831_dna_r10.4.1_e8.2_400bps_sup@v5.2.0	DS:Z:gpu:NVIDIA GeForce RTX 4070 SUPER	PU:Z:FBG39641	DT:Z:2026-07-15T14:17:26.508000+00:00	tm:Z:adapter,primer rc
235981	1e3dc331-b9cb-4b49-8abc-89b9b56159b2	qs:f:14.1109	ch:i:300	st:Z:2026-07-15T20:22:34.260000+00:00	RG:Z:a40d6b40-d3ad-4fe7-8245-9c92f794f831_dna_r10.4.1_e8.2_400bps_sup@v5.2.0	DS:Z:gpu:NVIDIA GeForce RTX 4070 SUPER	PU:Z:FBG39641	DT:Z:2026-07-15T14:17:26.508000+00:00	tm:Z:adapter,primer rc
235981	9dca589d-778d-49d4-8beb-cb17feafd570	qs:f:18.7873	ch:i:235	st:Z:2026-07-15T22:29:45.162000+00:00	RG:Z:a40d6b40-d3ad-4fe7-8245-9c92f794f831_dna_r10.4.1_e8.2_400bps_sup@v5.2.0	DS:Z:gpu:NVIDIA GeForce RTX 4070 SUPER	PU:Z:FBG39641	DT:Z:2026-07-15T14:17:26.508000+00:00	tm:Z:adapter,primer rc
280263	20501da6-ada2-422a-b35b-91710f665305	qs:f:19.0694	ch:i:217	st:Z:2026-07-15T16:57:39.605000+00:00	RG:Z:a40d6b40-d3ad-4fe7-8245-9c92f794f831_dna_r10.4.1_e8.2_400bps_sup@v5.2.0	DS:Z:gpu:NVIDIA GeForce RTX 4070 SUPER	PU:Z:FBG39641	DT:Z:2026-07-15T14:17:26.508000+00:00	tm:Z:adapter,primer rc
280263	051941ac-a0c1-4073-ba24-e905497fe8bc	qs:f:21.4737	ch:i:120	st:Z:2026-07-15T19:28:15.526000+00:00	RG:Z:a40d6b40-d3ad-4fe7-8245-9c92f794f831_dna_r10.4.1_e8.2_400bps_sup@v5.2.0	DS:Z:gpu:NVIDIA GeForce RTX 4070 SUPER	PU:Z:FBG39641	DT:Z:2026-07-15T14:17:26.508000+00:00	tm:Z:adapter,primer rc
280263	39fc31df-e38d-4029-a18f-38f57f0f1db6	qs:f:14.2582	ch:i:197	st:Z:2026-07-15T17:25:26.732000+00:00	RG:Z:a40d6b40-d3ad-4fe7-8245-9c92f794f831_dna_r10.4.1_e8.2_400bps_sup@v5.2.0	DS:Z:gpu:NVIDIA GeForce RTX 4070 SUPER	PU:Z:FBG39641	DT:Z:2026-07-15T14:17:26.508000+00:00	tm:Z:adapter,primer
280263	4f851219-8ecb-4331-8e03-912f11b0b27f	qs:f:15.4713	ch:i:59	st:Z:2026-07-15T16:31:47.083000+00:00	RG:Z:a40d6b40-d3ad-4fe7-8245-9c92f794f831_dna_r10.4.1_e8.2_400bps_sup@v5.2.0	DS:Z:gpu:NVIDIA GeForce RTX 4070 SUPER	PU:Z:FBG39641	DT:Z:2026-07-15T14:17:26.508000+00:00	tm:Z:adapter,primer
280263	85ef662c-166a-4850-8fd9-5afd1dc30555	qs:f:17.7634	ch:i:350	st:Z:2026-07-15T23:55:43.537000+00:00	RG:Z:a40d6b40-d3ad-4fe7-8245-9c92f794f831_dna_r10.4.1_e8.2_400bps_sup@v5.2.0	DS:Z:gpu:NVIDIA GeForce RTX 4070 SUPER	PU:Z:FBG39641	DT:Z:2026-07-15T14:17:26.508000+00:00	tm:Z:adapter,primer
280263	347a4437-f277-4b23-93a5-d87fda4910b9	qs:f:19.3124	ch:i:205	st:Z:2026-07-15T14:45:37.270000+00:00	RG:Z:a40d6b40-d3ad-4fe7-8245-9c92f794f831_dna_r10.4.1_e8.2_400bps_sup@v5.2.0	DS:Z:gpu:NVIDIA GeForce RTX 4070 SUPER	PU:Z:FBG39641	DT:Z:2026-07-15T14:17:26.508000+00:00	tm:Z:adapter,primer
280263	fe78f4ca-ce2a-4c73-91d2-5b16f1a0f719	qs:f:13.6038	ch:i:189	st:Z:2026-07-15T15:14:57.079000+00:00	RG:Z:a40d6b40-d3ad-4fe7-8245-9c92f794f831_dna_r10.4.1_e8.2_400bps_sup@v5.2.0	DS:Z:gpu:NVIDIA GeForce RTX 4070 SUPER	PU:Z:FBG39641	DT:Z:2026-07-15T14:17:26.508000+00:00	tm:Z:adapter,primer
280263	508bd7c0-c729-43a9-9e27-a9f3dcdad5d5	qs:f:16.8523	ch:i:295	st:Z:2026-07-16T00:55:22.333000+00:00	RG:Z:a40d6b40-d3ad-4fe7-8245-9c92f794f831_dna_r10.4.1_e8.2_400bps_sup@v5.2.0	DS:Z:gpu:NVIDIA GeForce RTX 4070 SUPER	PU:Z:FBG39641	DT:Z:2026-07-15T14:17:26.508000+00:00	tm:Z:adapter,primer rc
280263	732d0542-1e65-4fcf-85d6-86bcc854fe86	qs:f:14.8213	ch:i:449	st:Z:2026-07-15T20:51:41.156000+00:00	RG:Z:a40d6b40-d3ad-4fe7-8245-9c92f794f831_dna_r10.4.1_e8.2_400bps_sup@v5.2.0	DS:Z:gpu:NVIDIA GeForce RTX 4070 SUPER	PU:Z:FBG39641	DT:Z:2026-07-15T14:17:26.508000+00:00	tm:Z:none
280263	64823550-a846-4d99-879b-5629a6286592	qs:f:17.6535	ch:i:314	st:Z:2026-07-15T15:28:26.202000+00:00	RG:Z:a40d6b40-d3ad-4fe7-8245-9c92f794f831_dna_r10.4.1_e8.2_400bps_sup@v5.2.0	DS:Z:gpu:NVIDIA GeForce RTX 4070 SUPER	PU:Z:FBG39641	DT:Z:2026-07-15T14:17:26.508000+00:00	tm:Z:adapter,primer rc
280263	a3e08ad3-baa7-4f1e-ac5c-f8b328ccacf2	qs:f:16.683	ch:i:57	st:Z:2026-07-15T16:03:30.544000+00:00	RG:Z:a40d6b40-d3ad-4fe7-8245-9c92f794f831_dna_r10.4.1_e8.2_400bps_sup@v5.2.0	DS:Z:gpu:NVIDIA GeForce RTX 4070 SUPER	PU:Z:FBG39641	DT:Z:2026-07-15T14:17:26.508000+00:00	tm:Z:adapter,primer rc
280263	79318641-4d7a-42e3-bec7-8bc345c2fd70	qs:f:19.4062	ch:i:192	st:Z:2026-07-15T21:53:33.947000+00:00	RG:Z:a40d6b40-d3ad-4fe7-8245-9c92f794f831_dna_r10.4.1_e8.2_400bps_sup@v5.2.0	DS:Z:gpu:NVIDIA GeForce RTX 4070 SUPER	PU:Z:FBG39641	DT:Z:2026-07-15T14:17:26.508000+00:00	tm:Z:none rc
280263	a56be7a9-889f-4e8e-a463-fb60b8d28a79	qs:f:18.9994	ch:i:210	st:Z:2026-07-16T00:15:42.561000+00:00	RG:Z:a40d6b40-d3ad-4fe7-8245-9c92f794f831_dna_r10.4.1_e8.2_400bps_sup@v5.2.0	DS:Z:gpu:NVIDIA GeForce RTX 4070 SUPER	PU:Z:FBG39641	DT:Z:2026-07-15T14:17:26.508000+00:00	tm:Z:adapter,primer
280263	91f40972-fcbb-44a8-bc50-5367fdae689c	qs:f:15.416	ch:i:300	st:Z:2026-07-15T16:04:41.024000+00:00	RG:Z:a40d6b40-d3ad-4fe7-8245-9c92f794f831_dna_r10.4.1_e8.2_400bps_sup@v5.2.0	DS:Z:gpu:NVIDIA GeForce RTX 4070 SUPER	PU:Z:FBG39641	DT:Z:2026-07-15T14:17:26.508000+00:00	tm:Z:adapter,primer rc
280263	fa08a10d-68ef-4265-92f0-5a2636fa765c	qs:f:16.2787	ch:i:130	st:Z:2026-07-15T18:15:06.287000+00:00	RG:Z:a40d6b40-d3ad-4fe7-8245-9c92f794f831_dna_r10.4.1_e8.2_400bps_sup@v5.2.0	DS:Z:gpu:NVIDIA GeForce RTX 4070 SUPER	PU:Z:FBG39641	DT:Z:2026-07-15T14:17:26.508000+00:00	tm:Z:adapter,primer
280263	f629ace7-9ae8-4b52-afec-3ee465998f67	qs:f:14.3788	ch:i:495	st:Z:2026-07-15T14:35:02.326000+00:00	RG:Z:a40d6b40-d3ad-4fe7-8245-9c92f794f831_dna_r10.4.1_e8.2_400bps_sup@v5.2.0	DS:Z:gpu:NVIDIA GeForce RTX 4070 SUPER	PU:Z:FBG39641	DT:Z:2026-07-15T14:17:26.508000+00:00	tm:Z:none
280263	675be777-e6ed-4a76-98de-9648701080d7	qs:f:14.6937	ch:i:82	st:Z:2026-07-15T23:54:01.547000+00:00	RG:Z:a40d6b40-d3ad-4fe7-8245-9c92f794f831_dna_r10.4.1_e8.2_400bps_sup@v5.2.0	DS:Z:gpu:NVIDIA GeForce RTX 4070 SUPER	PU:Z:FBG39641	DT:Z:2026-07-15T14:17:26.508000+00:00	tm:Z:adapter,primer
280263	bb3b4bd3-befc-4195-bbf6-3061a4a6e6cb	qs:f:15.0741	ch:i:393	st:Z:2026-07-15T20:59:15.336000+00:00	RG:Z:a40d6b40-d3ad-4fe7-8245-9c92f794f831_dna_r10.4.1_e8.2_400bps_sup@v5.2.0	DS:Z:gpu:NVIDIA GeForce RTX 4070 SUPER	PU:Z:FBG39641	DT:Z:2026-07-15T14:17:26.508000+00:00	tm:Z:adapter,primer rc
280263	98fb1bae-1c3b-426f-8706-40718031e080	qs:f:11.9614	ch:i:170	st:Z:2026-07-15T17:03:06.434000+00:00	RG:Z:a40d6b40-d3ad-4fe7-8245-9c92f794f831_dna_r10.4.1_e8.2_400bps_sup@v5.2.0	DS:Z:gpu:NVIDIA GeForce RTX 4070 SUPER	PU:Z:FBG39641	DT:Z:2026-07-15T14:17:26.508000+00:00	tm:Z:adapter,primer
280263	60e3ab02-4da0-4538-a8b6-e52d1dccdd70	qs:f:18.1476	ch:i:194	st:Z:2026-07-15T15:02:15.643000+00:00	RG:Z:a40d6b40-d3ad-4fe7-8245-9c92f794f831_dna_r10.4.1_e8.2_400bps_sup@v5.2.0	DS:Z:gpu:NVIDIA GeForce RTX 4070 SUPER	PU:Z:FBG39641	DT:Z:2026-07-15T14:17:26.508000+00:00	tm:Z:adapter,primer
280263	124fb1c1-5a7e-4d22-9c92-8458826d6032	qs:f:16.8905	ch:i:133	st:Z:2026-07-15T16:18:45.225000+00:00	RG:Z:a40d6b40-d3ad-4fe7-8245-9c92f794f831_dna_r10.4.1_e8.2_400bps_sup@v5.2.0	DS:Z:gpu:NVIDIA GeForce RTX 4070 SUPER	PU:Z:FBG39641	DT:Z:2026-07-15T14:17:26.508000+00:00	tm:Z:none
280263	72f5c36c-c509-40ef-aea4-eb5f87381ce8	qs:f:17.9893	ch:i:229	st:Z:2026-07-15T23:15:47.293000+00:00	RG:Z:a40d6b40-d3ad-4fe7-8245-9c92f794f831_dna_r10.4.1_e8.2_400bps_sup@v5.2.0	DS:Z:gpu:NVIDIA GeForce RTX 4070 SUPER	PU:Z:FBG39641	DT:Z:2026-07-15T14:17:26.508000+00:00	tm:Z:adapter,primer
280263	b0d55708-bff2-430e-8cb9-a5c6ac9e7ce9	qs:f:13.8676	ch:i:451	st:Z:2026-07-15T23:01:21.275000+00:00	RG:Z:a40d6b40-d3ad-4fe7-8245-9c92f794f831_dna_r10.4.1_e8.2_400bps_sup@v5.2.0	DS:Z:gpu:NVIDIA GeForce RTX 4070 SUPER	PU:Z:FBG39641	DT:Z:2026-07-15T14:17:26.508000+00:00	tm:Z:adapter,primer rc
280263	d83fecc5-b1d1-4d91-a01e-1beee4857690	qs:f:17.385	ch:i:185	st:Z:2026-07-15T23:34:30.001000+00:00	RG:Z:a40d6b40-d3ad-4fe7-8245-9c92f794f831_dna_r10.4.1_e8.2_400bps_sup@v5.2.0	DS:Z:gpu:NVIDIA GeForce RTX 4070 SUPER	PU:Z:FBG39641	DT:Z:2026-07-15T14:17:26.508000+00:00	tm:Z:adapter,primer rc
146450	8d238711-bcd7-4800-8278-10021b410060	qs:f:24.3586	ch:i:379	st:Z:2026-07-15T15:26:27.806000+00:00	RG:Z:a40d6b40-d3ad-4fe7-8245-9c92f794f831_dna_r10.4.1_e8.2_400bps_sup@v5.2.0	DS:Z:gpu:NVIDIA GeForce RTX 4070 SUPER	PU:Z:FBG39641	DT:Z:2026-07-15T14:17:26.508000+00:00	tm:Z:adapter,primer
146450	8a13d9e2-33cb-4d9a-b081-5032336c48b7	qs:f:18.8985	ch:i:19	st:Z:2026-07-15T15:45:06.963000+00:00	RG:Z:a40d6b40-d3ad-4fe7-8245-9c92f794f831_dna_r10.4.1_e8.2_400bps_sup@v5.2.0	DS:Z:gpu:NVIDIA GeForce RTX 4070 SUPER	PU:Z:FBG39641	DT:Z:2026-07-15T14:17:26.508000+00:00	tm:Z:adapter,primer rc
146450	11a89329-fc33-4b2e-8452-9cf7f9ca54a0	qs:f:26.1665	ch:i:236	st:Z:2026-07-15T14:46:26.880000+00:00	RG:Z:a40d6b40-d3ad-4fe7-8245-9c92f794f831_dna_r10.4.1_e8.2_400bps_sup@v5.2.0	DS:Z:gpu:NVIDIA GeForce RTX 4070 SUPER	PU:Z:FBG39641	DT:Z:2026-07-15T14:17:26.508000+00:00	tm:Z:none
146450	e6f4ac11-dfbb-4160-bd5a-1984b1e0be00	qs:f:22.1369	ch:i:201	st:Z:2026-07-15T15:31:46.136000+00:00	RG:Z:a40d6b40-d3ad-4fe7-8245-9c92f794f831_dna_r10.4.1_e8.2_400bps_sup@v5.2.0	DS:Z:gpu:NVIDIA GeForce RTX 4070 SUPER	PU:Z:FBG39641	DT:Z:2026-07-15T14:17:26.508000+00:00	tm:Z:adapter,primer rc
146450	19090f99-a450-48b6-8bae-e9fa275ac2d6	qs:f:13.3367	ch:i:78	st:Z:2026-07-16T00:42:54.282000+00:00	RG:Z:a40d6b40-d3ad-4fe7-8245-9c92f794f831_dna_r10.4.1_e8.2_400bps_sup@v5.2.0	DS:Z:gpu:NVIDIA GeForce RTX 4070 SUPER	PU:Z:FBG39641	DT:Z:2026-07-15T14:17:26.508000+00:00	tm:Z:none rc
146450	cc323fa1-4376-4732-aeef-da86fd28f974	qs:f:12.6675	ch:i:192	st:Z:2026-07-15T17:39:09.983000+00:00	RG:Z:a40d6b40-d3ad-4fe7-8245-9c92f794f831_dna_r10.4.1_e8.2_400bps_sup@v5.2.0	DS:Z:gpu:NVIDIA GeForce RTX 4070 SUPER	PU:Z:FBG39641	DT:Z:2026-07-15T14:17:26.508000+00:00	tm:Z:adapter,primer rc
146450	5cb7f3a6-2961-4ab2-9578-26ba3cb2c274	qs:f:16.7434	ch:i:204	st:Z:2026-07-16T01:23:56.617000+00:00	RG:Z:a40d6b40-d3ad-4fe7-8245-9c92f794f831_dna_r10.4.1_e8.2_400bps_sup@v5.2.0	DS:Z:gpu:NVIDIA GeForce RTX 4070 SUPER	PU:Z:FBG39641	DT:Z:2026-07-15T14:17:26.508000+00:00	tm:Z:adapter,primer
146450	ce331790-8f98-42b7-afd6-572e615ecf03	qs:f:19.8445	ch:i:112	st:Z:2026-07-15T22:39:12.211000+00:00	RG:Z:a40d6b40-d3ad-4fe7-8245-9c92f794f831_dna_r10.4.1_e8.2_400bps_sup@v5.2.0	DS:Z:gpu:NVIDIA GeForce RTX 4070 SUPER	PU:Z:FBG39641	DT:Z:2026-07-15T14:17:26.508000+00:00	tm:Z:none
146450	d5e7aa61-43ca-4359-9055-18fa2dbb6b75	qs:f:19.9525	ch:i:394	st:Z:2026-07-15T19:44:05.214000+00:00	RG:Z:a40d6b40-d3ad-4fe7-8245-9c92f794f831_dna_r10.4.1_e8.2_400bps_sup@v5.2.0	DS:Z:gpu:NVIDIA GeForce RTX 4070 SUPER	PU:Z:FBG39641	DT:Z:2026-07-15T14:17:26.508000+00:00	tm:Z:adapter,primer rc
146450	a6c2a77c-e5b0-4c6b-a5d1-cf8d98fe6ab9	qs:f:23.4053	ch:i:65	st:Z:2026-07-15T16:06:35.697000+00:00	RG:Z:a40d6b40-d3ad-4fe7-8245-9c92f794f831_dna_r10.4.1_e8.2_400bps_sup@v5.2.0	DS:Z:gpu:NVIDIA GeForce RTX 4070 SUPER	PU:Z:FBG39641	DT:Z:2026-07-15T14:17:26.508000+00:00	tm:Z:adapter,primer rc
146450	73de1b96-7ae6-48ae-96c9-216fc347222f	qs:f:20.839	ch:i:383	st:Z:2026-07-15T21:02:54.122000+00:00	RG:Z:a40d6b40-d3ad-4fe7-8245-9c92f794f831_dna_r10.4.1_e8.2_400bps_sup@v5.2.0	DS:Z:gpu:NVIDIA GeForce RTX 4070 SUPER	PU:Z:FBG39641	DT:Z:2026-07-15T14:17:26.508000+00:00	tm:Z:adapter,primer
146450	08a66cb9-23ed-4b48-8c9e-1f601b54b341	qs:f:22.5092	ch:i:7	st:Z:2026-07-15T14:51:08.922000+00:00	RG:Z:a40d6b40-d3ad-4fe7-8245-9c92f794f831_dna_r10.4.1_e8.2_400bps_sup@v5.2.0	DS:Z:gpu:NVIDIA GeForce RTX 4070 SUPER	PU:Z:FBG39641	DT:Z:2026-07-15T14:17:26.508000+00:00	tm:Z:adapter,primer rc
146450	f0a57836-29a0-44f7-aa5f-7655ff56461a	qs:f:16.9737	ch:i:474	st:Z:2026-07-15T19:59:03.337000+00:00	RG:Z:a40d6b40-d3ad-4fe7-8245-9c92f794f831_dna_r10.4.1_e8.2_400bps_sup@v5.2.0	DS:Z:gpu:NVIDIA GeForce RTX 4070 SUPER	PU:Z:FBG39641	DT:Z:2026-07-15T14:17:26.508000+00:00	tm:Z:none rc
146450	58c2dd53-782f-42d9-877f-f59f5424ed0b	qs:f:22.9893	ch:i:318	st:Z:2026-07-15T15:38:51.493000+00:00	RG:Z:a40d6b40-d3ad-4fe7-8245-9c92f794f831_dna_r10.4.1_e8.2_400bps_sup@v5.2.0	DS:Z:gpu:NVIDIA GeForce RTX 4070 SUPER	PU:Z:FBG39641	DT:Z:2026-07-15T14:17:26.508000+00:00	tm:Z:adapter,primer
146450	5c81bcda-9ef3-4b1f-9111-fd0b6496d630	qs:f:22.7021	ch:i:236	st:Z:2026-07-15T14:51:15.500000+00:00	RG:Z:a40d6b40-d3ad-4fe7-8245-9c92f794f831_dna_r10.4.1_e8.2_400bps_sup@v5.2.0	DS:Z:gpu:NVIDIA GeForce RTX 4070 SUPER	PU:Z:FBG39641	DT:Z:2026-07-15T14:17:26.508000+00:00	tm:Z:adapter,primer
146450	e4f0a6c0-f816-4fcb-b571-f873e20986e4	qs:f:24.9844	ch:i:45	st:Z:2026-07-16T01:26:05.168000+00:00	RG:Z:a40d6b40-d3ad-4fe7-8245-9c92f794f831_dna_r10.4.1_e8.2_400bps_sup@v5.2.0	DS:Z:gpu:NVIDIA GeForce RTX 4070 SUPER	PU:Z:FBG39641	DT:Z:2026-07-15T14:17:26.508000+00:00	tm:Z:none
146450	e19a03b3-c63b-4525-8f1f-c1e2b34dc933	qs:f:24.4662	ch:i:460	st:Z:2026-07-15T22:58:02.104000+00:00	RG:Z:a40d6b40-d3ad-4fe7-8245-9c92f794f831_dna_r10.4.1_e8.2_400bps_sup@v5.2.0	DS:Z:gpu:NVIDIA GeForce RTX 4070 SUPER	PU:Z:FBG39641	DT:Z:2026-07-15T14:17:26.508000+00:00	tm:Z:adapter,primer
146450	56f982ec-ae8f-401e-9ddd-caf162e1dd68	qs:f:17.2469	ch:i:320	st:Z:2026-07-15T14:49:25.045000+00:00	RG:Z:a40d6b40-d3ad-4fe7-8245-9c92f794f831_dna_r10.4.1_e8.2_400bps_sup@v5.2.0	DS:Z:gpu:NVIDIA GeForce RTX 4070 SUPER	PU:Z:FBG39641	DT:Z:2026-07-15T14:17:26.508000+00:00	tm:Z:adapter,primer
146450	725131b9-b61e-402b-83a1-2f1358183abb	qs:f:24.5834	ch:i:28	st:Z:2026-07-15T15:17:52.987000+00:00	RG:Z:a40d6b40-d3ad-4fe7-8245-9c92f794f831_dna_r10.4.1_e8.2_400bps_sup@v5.2.0	DS:Z:gpu:NVIDIA GeForce RTX 4070 SUPER	PU:Z:FBG39641	DT:Z:2026-07-15T14:17:26.508000+00:00	tm:Z:adapter,primer
146450	b825fc33-f1d6-44d2-b595-8e2376691acf	qs:f:23.9721	ch:i:222	st:Z:2026-07-15T17:07:54.132000+00:00	RG:Z:a40d6b40-d3ad-4fe7-8245-9c92f794f831_dna_r10.4.1_e8.2_400bps_sup@v5.2.0	DS:Z:gpu:NVIDIA GeForce RTX 4070 SUPER	PU:Z:FBG39641	DT:Z:2026-07-15T14:17:26.508000+00:00	tm:Z:none
146450	fbb69557-14e7-41cf-a62d-08ce30c6f423	qs:f:23.7241	ch:i:481	st:Z:2026-07-16T01:40:32.542000+00:00	RG:Z:a40d6b40-d3ad-4fe7-8245-9c92f794f831_dna_r10.4.1_e8.2_400bps_sup@v5.2.0	DS:Z:gpu:NVIDIA GeForce RTX 4070 SUPER	PU:Z:FBG39641	DT:Z:2026-07-15T14:17:26.508000+00:00	tm:Z:adapter,primer rc
146450	42915f51-426d-49b2-8f06-844531ba687e	qs:f:24.1038	ch:i:360	st:Z:2026-07-15T19:22:34.421000+00:00	RG:Z:a40d6b40-d3ad-4fe7-8245-9c92f794f831_dna_r10.4.1_e8.2_400bps_sup@v5.2.0	DS:Z:gpu:NVIDIA GeForce RTX 4070 SUPER	PU:Z:FBG39641	DT:Z:2026-07-15T14:17:26.508000+00:00	tm:Z:adapter,primer
146450	4499cb85-ebd0-4e25-80a0-07c9323a1b6f	qs:f:23.1044	ch:i:380	st:Z:2026-07-15T16:54:43.427000+00:00	RG:Z:a40d6b40-d3ad-4fe7-8245-9c92f794f831_dna_r10.4.1_e8.2_400bps_sup@v5.2.0	DS:Z:gpu:NVIDIA GeForce RTX 4070 SUPER	PU:Z:FBG39641	DT:Z:2026-07-15T14:17:26.508000+00:00	tm:Z:adapter,primer
279820	96fe2ef9-f67a-4bb2-846f-2c2c88f2828e	qs:f:18.5637	ch:i:156	st:Z:2026-07-15T16:44:25.398000+00:00	RG:Z:a40d6b40-d3ad-4fe7-8245-9c92f794f831_dna_r10.4.1_e8.2_400bps_sup@v5.2.0	DS:Z:gpu:NVIDIA GeForce RTX 4070 SUPER	PU:Z:FBG39641	DT:Z:2026-07-15T14:17:26.508000+00:00	tm:Z:adapter,primer
279820	942c57af-3b82-4064-9a71-1b0ae201cfd7	qs:f:19.0218	ch:i:40	st:Z:2026-07-15T16:23:10.102000+00:00	RG:Z:a40d6b40-d3ad-4fe7-8245-9c92f794f831_dna_r10.4.1_e8.2_400bps_sup@v5.2.0	DS:Z:gpu:NVIDIA GeForce RTX 4070 SUPER	PU:Z:FBG39641	DT:Z:2026-07-15T14:17:26.508000+00:00	tm:Z:adapter,primer rc
279820	08d0769c-b46f-4ed7-9848-2e0e086bd24f	qs:f:20.6388	ch:i:318	st:Z:2026-07-15T17:43:08.705000+00:00	RG:Z:a40d6b40-d3ad-4fe7-8245-9c92f794f831_dna_r10.4.1_e8.2_400bps_sup@v5.2.0	DS:Z:gpu:NVIDIA GeForce RTX 4070 SUPER	PU:Z:FBG39641	DT:Z:2026-07-15T14:17:26.508000+00:00	tm:Z:adapter,primer
279820	4e98e264-0e7a-475e-9781-9f14f2d9c3df	qs:f:16.444	ch:i:502	st:Z:2026-07-15T17:41:36.457000+00:00	RG:Z:a40d6b40-d3ad-4fe7-8245-9c92f794f831_dna_r10.4.1_e8.2_400bps_sup@v5.2.0	DS:Z:gpu:NVIDIA GeForce RTX 4070 SUPER	PU:Z:FBG39641	DT:Z:2026-07-15T14:17:26.508000+00:00	tm:Z:adapter,primer rc
279820	481825d6-a885-4f66-b75c-969024aea7d4	qs:f:11.2227	ch:i:405	st:Z:2026-07-16T00:08:55.699000+00:00	RG:Z:a40d6b40-d3ad-4fe7-8245-9c92f794f831_dna_r10.4.1_e8.2_400bps_sup@v5.2.0	DS:Z:gpu:NVIDIA GeForce RTX 4070 SUPER	PU:Z:FBG39641	DT:Z:2026-07-15T14:17:26.508000+00:00	tm:Z:none rc
279820	cf75cd0e-6483-4a80-96bd-d129a4fb2668	qs:f:15.9162	ch:i:185	st:Z:2026-07-15T20:01:12.971000+00:00	RG:Z:a40d6b40-d3ad-4fe7-8245-9c92f794f831_dna_r10.4.1_e8.2_400bps_sup@v5.2.0	DS:Z:gpu:NVIDIA GeForce RTX 4070 SUPER	PU:Z:FBG39641	DT:Z:2026-07-15T14:17:26.508000+00:00	tm:Z:adapter,primer rc
279820	14d1ec70-130d-4bb9-ae25-b3dfceef1864	qs:f:16.2517	ch:i:365	st:Z:2026-07-15T15:47:09.452000+00:00	RG:Z:a40d6b40-d3ad-4fe7-8245-9c92f794f831_dna_r10.4.1_e8.2_400bps_sup@v5.2.0	DS:Z:gpu:NVIDIA GeForce RTX 4070 SUPER	PU:Z:FBG39641	DT:Z:2026-07-15T14:17:26.508000+00:00	tm:Z:adapter,primer rc
279820	8bae6357-13e5-46c3-b4c9-5a36056e17f5	qs:f:17.8036	ch:i:277	st:Z:2026-07-15T22:45:51.925000+00:00	RG:Z:a40d6b40-d3ad-4fe7-8245-9c92f794f831_dna_r10.4.1_e8.2_400bps_sup@v5.2.0	DS:Z:gpu:NVIDIA GeForce RTX 4070 SUPER	PU:Z:FBG39641	DT:Z:2026-07-15T14:17:26.508000+00:00	tm:Z:adapter,primer
279820	3cf57b14-5bab-458a-809e-be10e964c6eb	qs:f:18.5862	ch:i:468	st:Z:2026-07-15T16:46:33.657000+00:00	RG:Z:a40d6b40-d3ad-4fe7-8245-9c92f794f831_dna_r10.4.1_e8.2_400bps_sup@v5.2.0	DS:Z:gpu:NVIDIA GeForce RTX 4070 SUPER	PU:Z:FBG39641	DT:Z:2026-07-15T14:17:26.508000+00:00	tm:Z:none rc
279820	8e155b86-5a25-4cf1-a008-f99b21616047	qs:f:16.3303	ch:i:387	st:Z:2026-07-15T21:14:19.054000+00:00	RG:Z:a40d6b40-d3ad-4fe7-8245-9c92f794f831_dna_r10.4.1_e8.2_400bps_sup@v5.2.0	DS:Z:gpu:NVIDIA GeForce RTX 4070 SUPER	PU:Z:FBG39641	DT:Z:2026-07-15T14:17:26.508000+00:00	tm:Z:none rc
279820	5d5880c5-0f31-4e91-8f63-9b3f8b34ad1e	qs:f:20.0847	ch:i:421	st:Z:2026-07-15T21:25:12.253000+00:00	RG:Z:a40d6b40-d3ad-4fe7-8245-9c92f794f831_dna_r10.4.1_e8.2_400bps_sup@v5.2.0	DS:Z:gpu:NVIDIA GeForce RTX 4070 SUPER	PU:Z:FBG39641	DT:Z:2026-07-15T14:17:26.508000+00:00	tm:Z:none
279820	0263bccd-b997-4c4d-b977-734b0ff12930	qs:f:15.4925	ch:i:298	st:Z:2026-07-15T18:46:33.618000+00:00	RG:Z:a40d6b40-d3ad-4fe7-8245-9c92f794f831_dna_r10.4.1_e8.2_400bps_sup@v5.2.0	DS:Z:gpu:NVIDIA GeForce RTX 4070 SUPER	PU:Z:FBG39641	DT:Z:2026-07-15T14:17:26.508000+00:00	tm:Z:adapter,primer
279820	3442b84f-f41d-4fde-92a2-c359f45ebbf3	qs:f:14.6519	ch:i:65	st:Z:2026-07-15T14:37:51.238000+00:00	RG:Z:a40d6b40-d3ad-4fe7-8245-9c92f794f831_dna_r10.4.1_e8.2_400bps_sup@v5.2.0	DS:Z:gpu:NVIDIA GeForce RTX 4070 SUPER	PU:Z:FBG39641	DT:Z:2026-07-15T14:17:26.508000+00:00	tm:Z:adapter,primer
279820	15b540b6-3e21-4526-b6cd-84dd1f65d8c8	qs:f:17.7152	ch:i:421	st:Z:2026-07-15T22:00:04.966000+00:00	RG:Z:a40d6b40-d3ad-4fe7-8245-9c92f794f831_dna_r10.4.1_e8.2_400bps_sup@v5.2.0	DS:Z:gpu:NVIDIA GeForce RTX 4070 SUPER	PU:Z:FBG39641	DT:Z:2026-07-15T14:17:26.508000+00:00	tm:Z:adapter,primer
279820	354c9ac5-ae09-467a-a4f7-1c940b9f104e	qs:f:15.3988	ch:i:168	st:Z:2026-07-15T21:05:57.282000+00:00	RG:Z:a40d6b40-d3ad-4fe7-8245-9c92f794f831_dna_r10.4.1_e8.2_400bps_sup@v5.2.0	DS:Z:gpu:NVIDIA GeForce RTX 4070 SUPER	PU:Z:FBG39641	DT:Z:2026-07-15T14:17:26.508000+00:00	tm:Z:adapter,primer rc
279820	70b7a0cc-d8d8-42d5-b06c-42c3c67dc25f	qs:f:18.3194	ch:i:82	st:Z:2026-07-15T18:20:14.433000+00:00	RG:Z:a40d6b40-d3ad-4fe7-8245-9c92f794f831_dna_r10.4.1_e8.2_400bps_sup@v5.2.0	DS:Z:gpu:NVIDIA GeForce RTX 4070 SUPER	PU:Z:FBG39641	DT:Z:2026-07-15T14:17:26.508000+00:00	tm:Z:adapter,primer rc
279820	aa6faa8a-f631-41b7-95b1-cfd5be2739e5	qs:f:19.0641	ch:i:312	st:Z:2026-07-16T01:53:18.764000+00:00	RG:Z:a40d6b40-d3ad-4fe7-8245-9c92f794f831_dna_r10.4.1_e8.2_400bps_sup@v5.2.0	DS:Z:gpu:NVIDIA GeForce RTX 4070 SUPER	PU:Z:FBG39641	DT:Z:2026-07-15T14:17:26.508000+00:00	tm:Z:adapter,primer rc
279820	17645392-052c-4934-9175-c6ab5fb3fa6f	qs:f:19.5222	ch:i:361	st:Z:2026-07-15T14:39:49.332000+00:00	RG:Z:a40d6b40-d3ad-4fe7-8245-9c92f794f831_dna_r10.4.1_e8.2_400bps_sup@v5.2.0	DS:Z:gpu:NVIDIA GeForce RTX 4070 SUPER	PU:Z:FBG39641	DT:Z:2026-07-15T14:17:26.508000+00:00	tm:Z:adapter,primer rc
279820	88e7a684-ca77-46e9-8e8f-3827f42ad5a8	qs:f:17.4873	ch:i:277	st:Z:2026-07-15T23:01:33.766000+00:00	RG:Z:a40d6b40-d3ad-4fe7-8245-9c92f794f831_dna_r10.4.1_e8.2_400bps_sup@v5.2.0	DS:Z:gpu:NVIDIA GeForce RTX 4070 SUPER	PU:Z:FBG39641	DT:Z:2026-07-15T14:17:26.508000+00:00	tm:Z:adapter,primer rc
279820	d5933848-43eb-45ad-a974-8ffe1fb8e329	qs:f:17.0482	ch:i:66	st:Z:2026-07-15T22:33:32.466000+00:00	RG:Z:a40d6b40-d3ad-4fe7-8245-9c92f794f831_dna_r10.4.1_e8.2_400bps_sup@v5.2.0	DS:Z:gpu:NVIDIA GeForce RTX 4070 SUPER	PU:Z:FBG39641	DT:Z:2026-07-15T14:17:26.508000+00:00	tm:Z:adapter,primer rc
279820	f5b0aec2-6b12-4b70-988e-8795b691884d	qs:f:13.9494	ch:i:190	st:Z:2026-07-15T17:07:15.543000+00:00	RG:Z:a40d6b40-d3ad-4fe7-8245-9c92f794f831_dna_r10.4.1_e8.2_400bps_sup@v5.2.0	DS:Z:gpu:NVIDIA GeForce RTX 4070 SUPER	PU:Z:FBG39641	DT:Z:2026-07-15T14:17:26.508000+00:00	tm:Z:none
279820	ccb98879-d81a-477b-a6ed-59d910fd8959	qs:f:18.5353	ch:i:87	st:Z:2026-07-15T23:39:01.182000+00:00	RG:Z:a40d6b40-d3ad-4fe7-8245-9c92f794f831_dna_r10.4.1_e8.2_400bps_sup@v5.2.0	DS:Z:gpu:NVIDIA GeForce RTX 4070 SUPER	PU:Z:FBG39641	DT:Z:2026-07-15T14:17:26.508000+00:00	tm:Z:adapter,primer
279820	1ccb8a48-1798-44d4-86ea-4bccdf55dab3	qs:f:17.942	ch:i:212	st:Z:2026-07-15T15:22:33.121000+00:00	RG:Z:a40d6b40-d3ad-4fe7-8245-9c92f794f831_dna_r10.4.1_e8.2_400bps_sup@v5.2.0	DS:Z:gpu:NVIDIA GeForce RTX 4070 SUPER	PU:Z:FBG39641	DT:Z:2026-07-15T14:17:26.508000+00:00	tm:Z:none
280776	86647594-2dd9-4469-bdb0-51ffe504d1af	qs:f:20.4156	ch:i:212	st:Z:2026-07-16T01:46:50.868000+00:00	RG:Z:a40d6b40-d3ad-4fe7-8245-9c92f794f831_dna_r10.4.1_e8.2_400bps_sup@v5.2.0	DS:Z:gpu:NVIDIA GeForce RTX 4070 SUPER	PU:Z:FBG39641	DT:Z:2026-07-15T14:17:26.508000+00:00	tm:Z:adapter,primer rc
280776	df3ffc6e-c4e8-49ac-998f-7990d4782f21	qs:f:18.2504	ch:i:473	st:Z:2026-07-15T17:45:03.907000+00:00	RG:Z:a40d6b40-d3ad-4fe7-8245-9c92f794f831_dna_r10.4.1_e8.2_400bps_sup@v5.2.0	DS:Z:gpu:NVIDIA GeForce RTX 4070 SUPER	PU:Z:FBG39641	DT:Z:2026-07-15T14:17:26.508000+00:00	tm:Z:adapter,primer
280776	629bb106-2692-4aec-bdb8-075234a7c560	qs:f:20.5005	ch:i:374	st:Z:2026-07-15T15:39:50.507000+00:00	RG:Z:a40d6b40-d3ad-4fe7-8245-9c92f794f831_dna_r10.4.1_e8.2_400bps_sup@v5.2.0	DS:Z:gpu:NVIDIA GeForce RTX 4070 SUPER	PU:Z:FBG39641	DT:Z:2026-07-15T14:17:26.508000+00:00	tm:Z:none
280776	825cc64f-ca0f-4ae6-bf0b-0ba75899af70	qs:f:15.4351	ch:i:283	st:Z:2026-07-15T21:56:33.954000+00:00	RG:Z:a40d6b40-d3ad-4fe7-8245-9c92f794f831_dna_r10.4.1_e8.2_400bps_sup@v5.2.0	DS:Z:gpu:NVIDIA GeForce RTX 4070 SUPER	PU:Z:FBG39641	DT:Z:2026-07-15T14:17:26.508000+00:00	tm:Z:adapter,primer
280776	f81ec834-c7d3-4cfd-b5ab-c3551d26059b	qs:f:18.4166	ch:i:473	st:Z:2026-07-15T22:04:10.011000+00:00	RG:Z:a40d6b40-d3ad-4fe7-8245-9c92f794f831_dna_r10.4.1_e8.2_400bps_sup@v5.2.0	DS:Z:gpu:NVIDIA GeForce RTX 4070 SUPER	PU:Z:FBG39641	DT:Z:2026-07-15T14:17:26.508000+00:00	tm:Z:adapter,primer rc
280776	2e12499a-b140-487b-9d1d-9f1ac7c06f3e	qs:f:15.7877	ch:i:469	st:Z:2026-07-15T22:59:05.172000+00:00	RG:Z:a40d6b40-d3ad-4fe7-8245-9c92f794f831_dna_r10.4.1_e8.2_400bps_sup@v5.2.0	DS:Z:gpu:NVIDIA GeForce RTX 4070 SUPER	PU:Z:FBG39641	DT:Z:2026-07-15T14:17:26.508000+00:00	tm:Z:adapter,primer rc
280776	18a26396-d1e9-4881-ace0-7ec87b0bdc16	qs:f:17.6435	ch:i:223	st:Z:2026-07-15T16:45:04.970000+00:00	RG:Z:a40d6b40-d3ad-4fe7-8245-9c92f794f831_dna_r10.4.1_e8.2_400bps_sup@v5.2.0	DS:Z:gpu:NVIDIA GeForce RTX 4070 SUPER	PU:Z:FBG39641	DT:Z:2026-07-15T14:17:26.508000+00:00	tm:Z:none
280776	6e673090-a8d9-42c8-8d68-f03646d8b543	qs:f:18.3572	ch:i:140	st:Z:2026-07-16T01:45:20.027000+00:00	RG:Z:a40d6b40-d3ad-4fe7-8245-9c92f794f831_dna_r10.4.1_e8.2_400bps_sup@v5.2.0	DS:Z:gpu:NVIDIA GeForce RTX 4070 SUPER	PU:Z:FBG39641	DT:Z:2026-07-15T14:17:26.508000+00:00	tm:Z:none
280776	81cfff91-67a1-4fef-b92f-5b160b07a4ad	qs:f:14.7167	ch:i:46	st:Z:2026-07-15T20:57:44.074000+00:00	RG:Z:a40d6b40-d3ad-4fe7-8245-9c92f794f831_dna_r10.4.1_e8.2_400bps_sup@v5.2.0	DS:Z:gpu:NVIDIA GeForce RTX 4070 SUPER	PU:Z:FBG39641	DT:Z:2026-07-15T14:17:26.508000+00:00	tm:Z:adapter,primer rc
280776	f60bc678-b82e-42d1-81a6-2de41253f36b	qs:f:15.583	ch:i:400	st:Z:2026-07-15T14:57:35.053000+00:00	RG:Z:a40d6b40-d3ad-4fe7-8245-9c92f794f831_dna_r10.4.1_e8.2_400bps_sup@v5.2.0	DS:Z:gpu:NVIDIA GeForce RTX 4070 SUPER	PU:Z:FBG39641	DT:Z:2026-07-15T14:17:26.508000+00:00	tm:Z:adapter,primer
280776	af7469df-8d2e-4f9a-b982-ff331617a934	qs:f:13.5271	ch:i:491	st:Z:2026-07-15T20:21:50.316000+00:00	RG:Z:a40d6b40-d3ad-4fe7-8245-9c92f794f831_dna_r10.4.1_e8.2_400bps_sup@v5.2.0	DS:Z:gpu:NVIDIA GeForce RTX 4070 SUPER	PU:Z:FBG39641	DT:Z:2026-07-15T14:17:26.508000+00:00	tm:Z:none
280776	2a269698-112b-4290-addd-c512699535c4	qs:f:12.5773	ch:i:504	st:Z:2026-07-15T17:06:02.308000+00:00	RG:Z:a40d6b40-d3ad-4fe7-8245-9c92f794f831_dna_r10.4.1_e8.2_400bps_sup@v5.2.0	DS:Z:gpu:NVIDIA GeForce RTX 4070 SUPER	PU:Z:FBG39641	DT:Z:2026-07-15T14:17:26.508000+00:00	tm:Z:none rc
280776	6e1b3c72-5cc6-4243-9c1f-1e95e825a821	qs:f:17.2514	ch:i:281	st:Z:2026-07-15T16:48:59.708000+00:00	RG:Z:a40d6b40-d3ad-4fe7-8245-9c92f794f831_dna_r10.4.1_e8.2_400bps_sup@v5.2.0	DS:Z:gpu:NVIDIA GeForce RTX 4070 SUPER	PU:Z:FBG39641	DT:Z:2026-07-15T14:17:26.508000+00:00	tm:Z:adapter,primer
280776	713553cc-b852-4ee6-85d8-67dbf33de1eb	qs:f:16.0487	ch:i:491	st:Z:2026-07-15T19:26:03.193000+00:00	RG:Z:a40d6b40-d3ad-4fe7-8245-9c92f794f831_dna_r10.4.1_e8.2_400bps_sup@v5.2.0	DS:Z:gpu:NVIDIA GeForce RTX 4070 SUPER	PU:Z:FBG39641	DT:Z:2026-07-15T14:17:26.508000+00:00	tm:Z:adapter,primer rc
280776	73160de6-ac2d-4ed4-9fc4-5e9b46ee97e8	qs:f:15.6133	ch:i:224	st:Z:2026-07-16T01:29:45.088000+00:00	RG:Z:a40d6b40-d3ad-4fe7-8245-9c92f794f831_dna_r10.4.1_e8.2_400bps_sup@v5.2.0	DS:Z:gpu:NVIDIA GeForce RTX 4070 SUPER	PU:Z:FBG39641	DT:Z:2026-07-15T14:17:26.508000+00:00	tm:Z:adapter,primer
280776	b8c20764-b684-48c7-b712-8f7a1923da6e	qs:f:17.1862	ch:i:80	st:Z:2026-07-16T02:05:39.921000+00:00	RG:Z:a40d6b40-d3ad-4fe7-8245-9c92f794f831_dna_r10.4.1_e8.2_400bps_sup@v5.2.0	DS:Z:gpu:NVIDIA GeForce RTX 4070 SUPER	PU:Z:FBG39641	DT:Z:2026-07-15T14:17:26.508000+00:00	tm:Z:adapter,primer rc
280776	e6555433-227c-4c31-8d4d-52f659cacec9	qs:f:18.9362	ch:i:436	st:Z:2026-07-15T23:44:38.013000+00:00	RG:Z:a40d6b40-d3ad-4fe7-8245-9c92f794f831_dna_r10.4.1_e8.2_400bps_sup@v5.2.0	DS:Z:gpu:NVIDIA GeForce RTX 4070 SUPER	PU:Z:FBG39641	DT:Z:2026-07-15T14:17:26.508000+00:00	tm:Z:adapter,primer rc
280776	e8788b80-c202-4fc0-a2ea-7b0f6da5e318	qs:f:20.8163	ch:i:45	st:Z:2026-07-15T19:27:50.727000+00:00	RG:Z:a40d6b40-d3ad-4fe7-8245-9c92f794f831_dna_r10.4.1_e8.2_400bps_sup@v5.2.0	DS:Z:gpu:NVIDIA GeForce RTX 4070 SUPER	PU:Z:FBG39641	DT:Z:2026-07-15T14:17:26.508000+00:00	tm:Z:adapter,primer
280776	f552e979-fa4b-4b07-a161-4d8461d14840	qs:f:15.0502	ch:i:455	st:Z:2026-07-15T14:46:49.274000+00:00	RG:Z:a40d6b40-d3ad-4fe7-8245-9c92f794f831_dna_r10.4.1_e8.2_400bps_sup@v5.2.0	DS:Z:gpu:NVIDIA GeForce RTX 4070 SUPER	PU:Z:FBG39641	DT:Z:2026-07-15T14:17:26.508000+00:00	tm:Z:adapter,primer rc
280776	6be2de9a-4918-4faa-add2-fa8c1e000aea	qs:f:14.7526	ch:i:263	st:Z:2026-07-15T21:35:37.332000+00:00	RG:Z:a40d6b40-d3ad-4fe7-8245-9c92f794f831_dna_r10.4.1_e8.2_400bps_sup@v5.2.0	DS:Z:gpu:NVIDIA GeForce RTX 4070 SUPER	PU:Z:FBG39641	DT:Z:2026-07-15T14:17:26.508000+00:00	tm:Z:adapter,primer rc
280776	e9184d7d-fa2f-4f58-880c-b95eccf0e7d1	qs:f:16.8098	ch:i:402	st:Z:2026-07-15T22:13:30.676000+00:00	RG:Z:a40d6b40-d3ad-4fe7-8245-9c92f794f831_dna_r10.4.1_e8.2_400bps_sup@v5.2.0	DS:Z:gpu:NVIDIA GeForce RTX 4070 SUPER	PU:Z:FBG39641	DT:Z:2026-07-15T14:17:26.508000+00:00	tm:Z:adapter,primer
280776	aa603076-2f32-41eb-8956-3bf39301922f	qs:f:18.2711	ch:i:73	st:Z:2026-07-16T01:41:40.199000+00:00	RG:Z:a40d6b40-d3ad-4fe7-8245-9c92f794f831_dna_r10.4.1_e8.2_400bps_sup@v5.2.0	DS:Z:gpu:NVIDIA GeForce RTX 4070 SUPER	PU:Z:FBG39641	DT:Z:2026-07-15T14:17:26.508000+00:00	tm:Z:adapter,primer rc
280776	2e820298-e6dc-4dfa-936b-11c0d7af5a14	qs:f:17.0588	ch:i:263	st:Z:2026-07-16T01:26:51.784000+00:00	RG:Z:a40d6b40-d3ad-4fe7-8245-9c92f794f831_dna_r10.4.1_e8.2_400bps_sup@v5.2.0	DS:Z:gpu:NVIDIA GeForce RTX 4070 SUPER	PU:Z:FBG39641	DT:Z:2026-07-15T14:17:26.508000+00:00	tm:Z:adapter,primer
7	b3869c38-60e6-42ee-bba2-a166305c4696	qs:f:20.3852	ch:i:84	st:Z:2026-07-15T21:58:39.263000+00:00	RG:Z:a40d6b40-d3ad-4fe7-8245-9c92f794f831_dna_r10.4.1_e8.2_400bps_sup@v5.2.0	DS:Z:gpu:NVIDIA GeForce RTX 4070 SUPER	PU:Z:FBG39641	DT:Z:2026-07-15T14:17:26.508000+00:00	tm:Z:adapter,primer rc
7	26472852-daf7-4f98-8c83-1ffabfe18d61	qs:f:16.6847	ch:i:401	st:Z:2026-07-15T22:08:35.439000+00:00	RG:Z:a40d6b40-d3ad-4fe7-8245-9c92f794f831_dna_r10.4.1_e8.2_400bps_sup@v5.2.0	DS:Z:gpu:NVIDIA GeForce RTX 4070 SUPER	PU:Z:FBG39641	DT:Z:2026-07-15T14:17:26.508000+00:00	tm:Z:adapter,primer rc
7	1e77fc2a-bddf-41ce-a8cc-159c1b7ca1a9	qs:f:31.2947	ch:i:197	st:Z:2026-07-15T18:28:33.259000+00:00	RG:Z:a40d6b40-d3ad-4fe7-8245-9c92f794f831_dna_r10.4.1_e8.2_400bps_sup@v5.2.0	DS:Z:gpu:NVIDIA GeForce RTX 4070 SUPER	PU:Z:FBG39641	DT:Z:2026-07-15T14:17:26.508000+00:00	tm:Z:adapter,primer
7	5bbdb15b-e2ab-4253-8360-1e3ec3dd9f4d	qs:f:27.6501	ch:i:350	st:Z:2026-07-15T20:53:21.799000+00:00	RG:Z:a40d6b40-d3ad-4fe7-8245-9c92f794f831_dna_r10.4.1_e8.2_400bps_sup@v5.2.0	DS:Z:gpu:NVIDIA GeForce RTX 4070 SUPER	PU:Z:FBG39641	DT:Z:2026-07-15T14:17:26.508000+00:00	tm:Z:adapter,primer rc
7	ed1e4487-3d1d-4b14-848c-aff6054d6c83	qs:f:21.6381	ch:i:423	st:Z:2026-07-15T15:06:27.193000+00:00	RG:Z:a40d6b40-d3ad-4fe7-8245-9c92f794f831_dna_r10.4.1_e8.2_400bps_sup@v5.2.0	DS:Z:gpu:NVIDIA GeForce RTX 4070 SUPER	PU:Z:FBG39641	DT:Z:2026-07-15T14:17:26.508000+00:00	tm:Z:adapter,primer
7	810ba1f9-880c-4a3e-a2bf-16512842d6cf	qs:f:19.8794	ch:i:136	st:Z:2026-07-15T22:08:48.503000+00:00	RG:Z:a40d6b40-d3ad-4fe7-8245-9c92f794f831_dna_r10.4.1_e8.2_400bps_sup@v5.2.0	DS:Z:gpu:NVIDIA GeForce RTX 4070 SUPER	PU:Z:FBG39641	DT:Z:2026-07-15T14:17:26.508000+00:00	tm:Z:adapter,primer rc
7	89ba2523-f04e-4da8-9023-2ecaea294b25	qs:f:25.497	ch:i:244	st:Z:2026-07-15T21:57:55.653000+00:00	RG:Z:a40d6b40-d3ad-4fe7-8245-9c92f794f831_dna_r10.4.1_e8.2_400bps_sup@v5.2.0	DS:Z:gpu:NVIDIA GeForce RTX 4070 SUPER	PU:Z:FBG39641	DT:Z:2026-07-15T14:17:26.508000+00:00	tm:Z:adapter,primer
7	c4645030-9b9b-47cf-8b59-df4bc0fa56e8	qs:f:18.7695	ch:i:336	st:Z:2026-07-15T17:58:12.301000+00:00	RG:Z:a40d6b40-d3ad-4fe7-8245-9c92f794f831_dna_r10.4.1_e8.2_400bps_sup@v5.2.0	DS:Z:gpu:NVIDIA GeForce RTX 4070 SUPER	PU:Z:FBG39641	DT:Z:2026-07-15T14:17:26.508000+00:00	tm:Z:adapter,primer
7	556e3574-58bf-47d2-bab4-4f9c0be75cc9	qs:f:26.0768	ch:i:414	st:Z:2026-07-15T17:43:50.670000+00:00	RG:Z:a40d6b40-d3ad-4fe7-8245-9c92f794f831_dna_r10.4.1_e8.2_400bps_sup@v5.2.0	DS:Z:gpu:NVIDIA GeForce RTX 4070 SUPER	PU:Z:FBG39641	DT:Z:2026-07-15T14:17:26.508000+00:00	tm:Z:adapter,primer
7	533e42ae-bf58-4e7b-b967-e033a8db5521	qs:f:20.3709	ch:i:495	st:Z:2026-07-15T20:15:38.802000+00:00	RG:Z:a40d6b40-d3ad-4fe7-8245-9c92f794f831_dna_r10.4.1_e8.2_400bps_sup@v5.2.0	DS:Z:gpu:NVIDIA GeForce RTX 4070 SUPER	PU:Z:FBG39641	DT:Z:2026-07-15T14:17:26.508000+00:00	tm:Z:none
7	72889f16-b07c-47ff-ab73-24cd4fc95a0e	qs:f:16.0106	ch:i:68	st:Z:2026-07-15T20:27:41.591000+00:00	RG:Z:a40d6b40-d3ad-4fe7-8245-9c92f794f831_dna_r10.4.1_e8.2_400bps_sup@v5.2.0	DS:Z:gpu:NVIDIA GeForce RTX 4070 SUPER	PU:Z:FBG39641	DT:Z:2026-07-15T14:17:26.508000+00:00	tm:Z:none
7	8ebec880-34e7-4ee5-b09d-c099aca5a11b	qs:f:24.2607	ch:i:474	st:Z:2026-07-15T18:42:15.454000+00:00	RG:Z:a40d6b40-d3ad-4fe7-8245-9c92f794f831_dna_r10.4.1_e8.2_400bps_sup@v5.2.0	DS:Z:gpu:NVIDIA GeForce RTX 4070 SUPER	PU:Z:FBG39641	DT:Z:2026-07-15T14:17:26.508000+00:00	tm:Z:adapter,primer
7	45914049-2681-4062-b074-ad4eb246ae4b	qs:f:20.0738	ch:i:276	st:Z:2026-07-16T00:07:58.037000+00:00	RG:Z:a40d6b40-d3ad-4fe7-8245-9c92f794f831_dna_r10.4.1_e8.2_400bps_sup@v5.2.0	DS:Z:gpu:NVIDIA GeForce RTX 4070 SUPER	PU:Z:FBG39641	DT:Z:2026-07-15T14:17:26.508000+00:00	tm:Z:adapter,primer rc
7	4b16e3f3-e6c5-4d3e-8e4c-e78d151c2d50	qs:f:15.272	ch:i:180	st:Z:2026-07-15T18:18:42.159000+00:00	RG:Z:a40d6b40-d3ad-4fe7-8245-9c92f794f831_dna_r10.4.1_e8.2_400bps_sup@v5.2.0	DS:Z:gpu:NVIDIA GeForce RTX 4070 SUPER	PU:Z:FBG39641	DT:Z:2026-07-15T14:17:26.508000+00:00	tm:Z:adapter,primer
7	04c49e69-f5c2-4fba-a1fa-c0242283fe5d	qs:f:30.0718	ch:i:244	st:Z:2026-07-15T18:08:56.390000+00:00	RG:Z:a40d6b40-d3ad-4fe7-8245-9c92f794f831_dna_r10.4.1_e8.2_400bps_sup@v5.2.0	DS:Z:gpu:NVIDIA GeForce RTX 4070 SUPER	PU:Z:FBG39641	DT:Z:2026-07-15T14:17:26.508000+00:00	tm:Z:adapter,primer
7	ac729932-a07e-4caf-a57e-06e38f9fca08	qs:f:36.5175	ch:i:74	st:Z:2026-07-15T17:48:50.990000+00:00	RG:Z:a40d6b40-d3ad-4fe7-8245-9c92f794f831_dna_r10.4.1_e8.2_400bps_sup@v5.2.0	DS:Z:gpu:NVIDIA GeForce RTX 4070 SUPER	PU:Z:FBG39641	DT:Z:2026-07-15T14:17:26.508000+00:00	tm:Z:adapter,primer
7	04a0d3c5-6572-4366-b5e5-ce3293c414de	qs:f:37.7627	ch:i:419	st:Z:2026-07-15T17:04:19.176000+00:00	RG:Z:a40d6b40-d3ad-4fe7-8245-9c92f794f831_dna_r10.4.1_e8.2_400bps_sup@v5.2.0	DS:Z:gpu:NVIDIA GeForce RTX 4070 SUPER	PU:Z:FBG39641	DT:Z:2026-07-15T14:17:26.508000+00:00	tm:Z:adapter,primer rc
7	e3464c4e-337f-4a26-a895-d965e06c4d3b	qs:f:20.7269	ch:i:167	st:Z:2026-07-16T01:07:18.169000+00:00	RG:Z:a40d6b40-d3ad-4fe7-8245-9c92f794f831_dna_r10.4.1_e8.2_400bps_sup@v5.2.0	DS:Z:gpu:NVIDIA GeForce RTX 4070 SUPER	PU:Z:FBG39641	DT:Z:2026-07-15T14:17:26.508000+00:00	tm:Z:adapter,primer rc
7	040985bb-5f48-4762-b524-de997efa3749	qs:f:19.4427	ch:i:308	st:Z:2026-07-15T18:54:16.193000+00:00	RG:Z:a40d6b40-d3ad-4fe7-8245-9c92f794f831_dna_r10.4.1_e8.2_400bps_sup@v5.2.0	DS:Z:gpu:NVIDIA GeForce RTX 4070 SUPER	PU:Z:FBG39641	DT:Z:2026-07-15T14:17:26.508000+00:00	tm:Z:adapter,primer rc
7	02351959-4cc1-4c27-b622-ecb173419944	qs:f:17.1023	ch:i:397	st:Z:2026-07-15T20:57:02.256000+00:00	RG:Z:a40d6b40-d3ad-4fe7-8245-9c92f794f831_dna_r10.4.1_e8.2_400bps_sup@v5.2.0	DS:Z:gpu:NVIDIA GeForce RTX 4070 SUPER	PU:Z:FBG39641	DT:Z:2026-07-15T14:17:26.508000+00:00	tm:Z:adapter,primer
7	cd1b0a0b-ee73-4aea-b8dd-8a12d01af917	qs:f:30.1311	ch:i:254	st:Z:2026-07-15T14:29:19.407000+00:00	RG:Z:a40d6b40-d3ad-4fe7-8245-9c92f794f831_dna_r10.4.1_e8.2_400bps_sup@v5.2.0	DS:Z:gpu:NVIDIA GeForce RTX 4070 SUPER	PU:Z:FBG39641	DT:Z:2026-07-15T14:17:26.508000+00:00	tm:Z:adapter,primer rc
7	41177455-eecb-49b8-9b15-1e5db910fb51	qs:f:19.9775	ch:i:316	st:Z:2026-07-15T20:30:01.370000+00:00	RG:Z:a40d6b40-d3ad-4fe7-8245-9c92f794f831_dna_r10.4.1_e8.2_400bps_sup@v5.2.0	DS:Z:gpu:NVIDIA GeForce RTX 4070 SUPER	PU:Z:FBG39641	DT:Z:2026-07-15T14:17:26.508000+00:00	tm:Z:none
97606	384ac16f-c493-4792-bebd-4ecec11b943e	qs:f:20.79	ch:i:65	st:Z:2026-07-15T21:01:29.106000+00:00	RG:Z:a40d6b40-d3ad-4fe7-8245-9c92f794f831_dna_r10.4.1_e8.2_400bps_sup@v5.2.0	DS:Z:gpu:NVIDIA GeForce RTX 4070 SUPER	PU:Z:FBG39641	DT:Z:2026-07-15T14:17:26.508000+00:00	tm:Z:adapter,primer
97606	d04168bb-5459-48b7-8b4a-6a1f8a573bfe	qs:f:15.4825	ch:i:160	st:Z:2026-07-15T17:46:16.054000+00:00	RG:Z:a40d6b40-d3ad-4fe7-8245-9c92f794f831_dna_r10.4.1_e8.2_400bps_sup@v5.2.0	DS:Z:gpu:NVIDIA GeForce RTX 4070 SUPER	PU:Z:FBG39641	DT:Z:2026-07-15T14:17:26.508000+00:00	tm:Z:adapter,primer rc
97606	13ac2462-19d2-4f19-a6f7-534a44e7fb65	qs:f:22.0146	ch:i:40	st:Z:2026-07-15T18:55:21.540000+00:00	RG:Z:a40d6b40-d3ad-4fe7-8245-9c92f794f831_dna_r10.4.1_e8.2_400bps_sup@v5.2.0	DS:Z:gpu:NVIDIA GeForce RTX 4070 SUPER	PU:Z:FBG39641	DT:Z:2026-07-15T14:17:26.508000+00:00	tm:Z:adapter,primer
97606	68bf9bf4-fe5d-4b37-9c27-b16f8e41b428	qs:f:12.1782	ch:i:224	st:Z:2026-07-15T23:54:01.509000+00:00	RG:Z:a40d6b40-d3ad-4fe7-8245-9c92f794f831_dna_r10.4.1_e8.2_400bps_sup@v5.2.0	DS:Z:gpu:NVIDIA GeForce RTX 4070 SUPER	PU:Z:FBG39641	DT:Z:2026-07-15T14:17:26.508000+00:00	tm:Z:adapter,primer rc
97606	0b92d9d6-b9a1-499f-8741-eb95cbcd415b	qs:f:20.5841	ch:i:156	st:Z:2026-07-15T23:41:53.214000+00:00	RG:Z:a40d6b40-d3ad-4fe7-8245-9c92f794f831_dna_r10.4.1_e8.2_400bps_sup@v5.2.0	DS:Z:gpu:NVIDIA GeForce RTX 4070 SUPER	PU:Z:FBG39641	DT:Z:2026-07-15T14:17:26.508000+00:00	tm:Z:adapter,primer rc
97606	809e4fda-d7e7-41d5-a50c-de5c7a569c3b	qs:f:26.2023	ch:i:17	st:Z:2026-07-15T21:05:39.979000+00:00	RG:Z:a40d6b40-d3ad-4fe7-8245-9c92f794f831_dna_r10.4.1_e8.2_400bps_sup@v5.2.0	DS:Z:gpu:NVIDIA GeForce RTX 4070 SUPER	PU:Z:FBG39641	DT:Z:2026-07-15T14:17:26.508000+00:00	tm:Z:none
97606	5f1b00f8-3278-4ad3-a5fa-a3b2e85dad6e	qs:f:24.4539	ch:i:329	st:Z:2026-07-15T19:17:31.112000+00:00	RG:Z:a40d6b40-d3ad-4fe7-8245-9c92f794f831_dna_r10.4.1_e8.2_400bps_sup@v5.2.0	DS:Z:gpu:NVIDIA GeForce RTX 4070 SUPER	PU:Z:FBG39641	DT:Z:2026-07-15T14:17:26.508000+00:00	tm:Z:adapter,primer rc
97606	052284e1-a119-4a2e-818e-da47ea1f29bf	qs:f:23.1786	ch:i:68	st:Z:2026-07-15T19:53:26.937000+00:00	RG:Z:a40d6b40-d3ad-4fe7-8245-9c92f794f831_dna_r10.4.1_e8.2_400bps_sup@v5.2.0	DS:Z:gpu:NVIDIA GeForce RTX 4070 SUPER	PU:Z:FBG39641	DT:Z:2026-07-15T14:17:26.508000+00:00	tm:Z:adapter,primer rc
97606	92f4583c-96a1-4496-98e9-31cb3d261a50	qs:f:16.6563	ch:i:398	st:Z:2026-07-15T18:31:09.539000+00:00	RG:Z:a40d6b40-d3ad-4fe7-8245-9c92f794f831_dna_r10.4.1_e8.2_400bps_sup@v5.2.0	DS:Z:gpu:NVIDIA GeForce RTX 4070 SUPER	PU:Z:FBG39641	DT:Z:2026-07-15T14:17:26.508000+00:00	tm:Z:none rc
97606	e355f859-8904-4a5b-9801-17942126d894	qs:f:20.1139	ch:i:243	st:Z:2026-07-15T16:56:35.988000+00:00	RG:Z:a40d6b40-d3ad-4fe7-8245-9c92f794f831_dna_r10.4.1_e8.2_400bps_sup@v5.2.0	DS:Z:gpu:NVIDIA GeForce RTX 4070 SUPER	PU:Z:FBG39641	DT:Z:2026-07-15T14:17:26.508000+00:00	tm:Z:none rc
97606	e1f75d68-f900-4f29-8772-df0bcb902573	qs:f:19.1071	ch:i:497	st:Z:2026-07-15T14:34:42.600000+00:00	RG:Z:a40d6b40-d3ad-4fe7-8245-9c92f794f831_dna_r10.4.1_e8.2_400bps_sup@v5.2.0	DS:Z:gpu:NVIDIA GeForce RTX 4070 SUPER	PU:Z:FBG39641	DT:Z:2026-07-15T14:17:26.508000+00:00	tm:Z:adapter,primer rc
97606	28082f3a-0193-4689-9a3c-4d4bf5dfdc73	qs:f:24.0014	ch:i:74	st:Z:2026-07-15T19:06:43.588000+00:00	RG:Z:a40d6b40-d3ad-4fe7-8245-9c92f794f831_dna_r10.4.1_e8.2_400bps_sup@v5.2.0	DS:Z:gpu:NVIDIA GeForce RTX 4070 SUPER	PU:Z:FBG39641	DT:Z:2026-07-15T14:17:26.508000+00:00	tm:Z:adapter,primer rc
97606	50e1391c-8ecb-4b92-abe1-266db2b17445	qs:f:17.8801	ch:i:283	st:Z:2026-07-15T23:55:56.369000+00:00	RG:Z:a40d6b40-d3ad-4fe7-8245-9c92f794f831_dna_r10.4.1_e8.2_400bps_sup@v5.2.0	DS:Z:gpu:NVIDIA GeForce RTX 4070 SUPER	PU:Z:FBG39641	DT:Z:2026-07-15T14:17:26.508000+00:00	tm:Z:adapter,primer rc
97606	def885d0-189b-4d77-aa2a-cfc246256d2b	qs:f:17.6452	ch:i:180	st:Z:2026-07-16T01:33:14.492000+00:00	RG:Z:a40d6b40-d3ad-4fe7-8245-9c92f794f831_dna_r10.4.1_e8.2_400bps_sup@v5.2.0	DS:Z:gpu:NVIDIA GeForce RTX 4070 SUPER	PU:Z:FBG39641	DT:Z:2026-07-15T14:17:26.508000+00:00	tm:Z:adapter,primer rc
97606	d20a5018-9b84-42b4-9daa-c8dc0aab40d2	qs:f:18.4788	ch:i:254	st:Z:2026-07-15T14:43:18.788000+00:00	RG:Z:a40d6b40-d3ad-4fe7-8245-9c92f794f831_dna_r10.4.1_e8.2_400bps_sup@v5.2.0	DS:Z:gpu:NVIDIA GeForce RTX 4070 SUPER	PU:Z:FBG39641	DT:Z:2026-07-15T14:17:26.508000+00:00	tm:Z:adapter,primer rc
97606	f7110634-efad-4972-850b-3a58f0388533	qs:f:22.3346	ch:i:244	st:Z:2026-07-15T18:16:59.404000+00:00	RG:Z:a40d6b40-d3ad-4fe7-8245-9c92f794f831_dna_r10.4.1_e8.2_400bps_sup@v5.2.0	DS:Z:gpu:NVIDIA GeForce RTX 4070 SUPER	PU:Z:FBG39641	DT:Z:2026-07-15T14:17:26.508000+00:00	tm:Z:adapter,primer rc
97606	83a675bb-6804-4570-9f7b-3ba1d9b0fcb4	qs:f:18.4342	ch:i:451	st:Z:2026-07-15T15:34:16.053000+00:00	RG:Z:a40d6b40-d3ad-4fe7-8245-9c92f794f831_dna_r10.4.1_e8.2_400bps_sup@v5.2.0	DS:Z:gpu:NVIDIA GeForce RTX 4070 SUPER	PU:Z:FBG39641	DT:Z:2026-07-15T14:17:26.508000+00:00	tm:Z:adapter,primer rc
97606	1c5bba60-fe68-4eec-9c93-6e6f3a3dfb2f	qs:f:30.7964	ch:i:230	st:Z:2026-07-15T20:00:08.081000+00:00	RG:Z:a40d6b40-d3ad-4fe7-8245-9c92f794f831_dna_r10.4.1_e8.2_400bps_sup@v5.2.0	DS:Z:gpu:NVIDIA GeForce RTX 4070 SUPER	PU:Z:FBG39641	DT:Z:2026-07-15T14:17:26.508000+00:00	tm:Z:adapter,primer rc
97606	9b1eac83-78f6-4d07-8238-43c2c9eb3f0c	qs:f:15.7053	ch:i:440	st:Z:2026-07-15T17:16:10.722000+00:00	RG:Z:a40d6b40-d3ad-4fe7-8245-9c92f794f831_dna_r10.4.1_e8.2_400bps_sup@v5.2.0	DS:Z:gpu:NVIDIA GeForce RTX 4070 SUPER	PU:Z:FBG39641	DT:Z:2026-07-15T14:17:26.508000+00:00	tm:Z:adapter,primer rc
97606	4bd39fe5-a60f-495f-b79c-5113441cf843	qs:f:25.7515	ch:i:469	st:Z:2026-07-15T21:22:09.444000+00:00	RG:Z:a40d6b40-d3ad-4fe7-8245-9c92f794f831_dna_r10.4.1_e8.2_400bps_sup@v5.2.0	DS:Z:gpu:NVIDIA GeForce RTX 4070 SUPER	PU:Z:FBG39641	DT:Z:2026-07-15T14:17:26.508000+00:00	tm:Z:adapter,primer rc
97606	8bb07426-59f3-49c9-868f-c04859a37f7e	qs:f:24.2102	ch:i:134	st:Z:2026-07-15T18:08:28.870000+00:00	RG:Z:a40d6b40-d3ad-4fe7-8245-9c92f794f831_dna_r10.4.1_e8.2_400bps_sup@v5.2.0	DS:Z:gpu:NVIDIA GeForce RTX 4070 SUPER	PU:Z:FBG39641	DT:Z:2026-07-15T14:17:26.508000+00:00	tm:Z:adapter,primer rc
97606	46dc98c7-6c96-4d75-b3f6-0d7545224468	qs:f:17.877	ch:i:398	st:Z:2026-07-15T18:53:54.917000+00:00	RG:Z:a40d6b40-d3ad-4fe7-8245-9c92f794f831_dna_r10.4.1_e8.2_400bps_sup@v5.2.0	DS:Z:gpu:NVIDIA GeForce RTX 4070 SUPER	PU:Z:FBG39641	DT:Z:2026-07-15T14:17:26.508000+00:00	tm:Z:adapter,primer
232587	a0c2f2e8-7b75-4999-b93d-747ddb5295a2	qs:f:14.5165	ch:i:183	st:Z:2026-07-15T15:23:05.758000+00:00	RG:Z:a40d6b40-d3ad-4fe7-8245-9c92f794f831_dna_r10.4.1_e8.2_400bps_sup@v5.2.0	DS:Z:gpu:NVIDIA GeForce RTX 4070 SUPER	PU:Z:FBG39641	DT:Z:2026-07-15T14:17:26.508000+00:00	tm:Z:adapter,primer
232587	52757526-709b-4338-999d-0edc6ef74c9a	qs:f:13.5455	ch:i:293	st:Z:2026-07-15T21:06:31.966000+00:00	RG:Z:a40d6b40-d3ad-4fe7-8245-9c92f794f831_dna_r10.4.1_e8.2_400bps_sup@v5.2.0	DS:Z:gpu:NVIDIA GeForce RTX 4070 SUPER	PU:Z:FBG39641	DT:Z:2026-07-15T14:17:26.508000+00:00	tm:Z:adapter,primer rc
232587	4b7de69a-22de-4e72-8725-cf40ec68a424	qs:f:19.2267	ch:i:242	st:Z:2026-07-15T16:46:16.532000+00:00	RG:Z:a40d6b40-d3ad-4fe7-8245-9c92f794f831_dna_r10.4.1_e8.2_400bps_sup@v5.2.0	DS:Z:gpu:NVIDIA GeForce RTX 4070 SUPER	PU:Z:FBG39641	DT:Z:2026-07-15T14:17:26.508000+00:00	tm:Z:adapter,primer rc
232587	e840fd74-e984-49ef-ace2-21c04ee31203	qs:f:14.0946	ch:i:224	st:Z:2026-07-15T16:05:12.743000+00:00	RG:Z:a40d6b40-d3ad-4fe7-8245-9c92f794f831_dna_r10.4.1_e8.2_400bps_sup@v5.2.0	DS:Z:gpu:NVIDIA GeForce RTX 4070 SUPER	PU:Z:FBG39641	DT:Z:2026-07-15T14:17:26.508000+00:00	tm:Z:adapter,primer rc
232587	8fc57c13-9eec-4961-8de9-798989dbde30	qs:f:19.5801	ch:i:19	st:Z:2026-07-15T18:11:00.763000+00:00	RG:Z:a40d6b40-d3ad-4fe7-8245-9c92f794f831_dna_r10.4.1_e8.2_400bps_sup@v5.2.0	DS:Z:gpu:NVIDIA GeForce RTX 4070 SUPER	PU:Z:FBG39641	DT:Z:2026-07-15T14:17:26.508000+00:00	tm:Z:adapter,primer rc
232587	af75c119-5937-4cef-9700-bc8050182954	qs:f:18.304	ch:i:477	st:Z:2026-07-15T18:05:27.183000+00:00	RG:Z:a40d6b40-d3ad-4fe7-8245-9c92f794f831_dna_r10.4.1_e8.2_400bps_sup@v5.2.0	DS:Z:gpu:NVIDIA GeForce RTX 4070 SUPER	PU:Z:FBG39641	DT:Z:2026-07-15T14:17:26.508000+00:00	tm:Z:adapter,primer
232587	615366a6-fbc9-44be-b4c4-832701b10fd6	qs:f:17.419	ch:i:110	st:Z:2026-07-15T15:24:20.907000+00:00	RG:Z:a40d6b40-d3ad-4fe7-8245-9c92f794f831_dna_r10.4.1_e8.2_400bps_sup@v5.2.0	DS:Z:gpu:NVIDIA GeForce RTX 4070 SUPER	PU:Z:FBG39641	DT:Z:2026-07-15T14:17:26.508000+00:00	tm:Z:adapter,primer
232587	7d15db74-980e-49a1-8b73-0e9c83c5ea0f	qs:f:21.0767	ch:i:140	st:Z:2026-07-15T16:58:24.373000+00:00	RG:Z:a40d6b40-d3ad-4fe7-8245-9c92f794f831_dna_r10.4.1_e8.2_400bps_sup@v5.2.0	DS:Z:gpu:NVIDIA GeForce RTX 4070 SUPER	PU:Z:FBG39641	DT:Z:2026-07-15T14:17:26.508000+00:00	tm:Z:adapter,primer rc
232587	e7afa032-b6c5-4f5e-aa1f-268f8220188c	qs:f:18.6584	ch:i:154	st:Z:2026-07-15T17:01:12.020000+00:00	RG:Z:a40d6b40-d3ad-4fe7-8245-9c92f794f831_dna_r10.4.1_e8.2_400bps_sup@v5.2.0	DS:Z:gpu:NVIDIA GeForce RTX 4070 SUPER	PU:Z:FBG39641	DT:Z:2026-07-15T14:17:26.508000+00:00	tm:Z:adapter,primer
232587	1a605ef1-4e8a-4e89-bacf-8c12a15629c0	qs:f:16.3425	ch:i:110	st:Z:2026-07-15T18:19:19.687000+00:00	RG:Z:a40d6b40-d3ad-4fe7-8245-9c92f794f831_dna_r10.4.1_e8.2_400bps_sup@v5.2.0	DS:Z:gpu:NVIDIA GeForce RTX 4070 SUPER	PU:Z:FBG39641	DT:Z:2026-07-15T14:17:26.508000+00:00	tm:Z:adapter,primer
232587	3e558118-5786-4358-ba77-b8237e66ae7b	qs:f:19.7083	ch:i:249	st:Z:2026-07-15T15:33:55.562000+00:00	RG:Z:a40d6b40-d3ad-4fe7-8245-9c92f794f831_dna_r10.4.1_e8.2_400bps_sup@v5.2.0	DS:Z:gpu:NVIDIA GeForce RTX 4070 SUPER	PU:Z:FBG39641	DT:Z:2026-07-15T14:17:26.508000+00:00	tm:Z:adapter,primer
232587	f7f018ed-773d-42a0-87fc-520c576a417b	qs:f:14.1855	ch:i:196	st:Z:2026-07-15T16:40:55.419000+00:00	RG:Z:a40d6b40-d3ad-4fe7-8245-9c92f794f831_dna_r10.4.1_e8.2_400bps_sup@v5.2.0	DS:Z:gpu:NVIDIA GeForce RTX 4070 SUPER	PU:Z:FBG39641	DT:Z:2026-07-15T14:17:26.508000+00:00	tm:Z:none rc
232587	56e407d8-e64f-4db8-89b0-360af0261785	qs:f:19.1857	ch:i:73	st:Z:2026-07-15T21:32:05.487000+00:00	RG:Z:a40d6b40-d3ad-4fe7-8245-9c92f794f831_dna_r10.4.1_e8.2_400bps_sup@v5.2.0	DS:Z:gpu:NVIDIA GeForce RTX 4070 SUPER	PU:Z:FBG39641	DT:Z:2026-07-15T14:17:26.508000+00:00	tm:Z:adapter,primer rc
232587	05c3912f-329e-4cd6-b4ac-89e9e5812fda	qs:f:20.2165	ch:i:451	st:Z:2026-07-15T19:58:42.516000+00:00	RG:Z:a40d6b40-d3ad-4fe7-8245-9c92f794f831_dna_r10.4.1_e8.2_400bps_sup@v5.2.0	DS:Z:gpu:NVIDIA GeForce RTX 4070 SUPER	PU:Z:FBG39641	DT:Z:2026-07-15T14:17:26.508000+00:00	tm:Z:adapter,primer rc
232587	425b7a1f-a003-4c7a-9c5c-cfc78bcc14f0	qs:f:18.7065	ch:i:27	st:Z:2026-07-15T17:38:08.776000+00:00	RG:Z:a40d6b40-d3ad-4fe7-8245-9c92f794f831_dna_r10.4.1_e8.2_400bps_sup@v5.2.0	DS:Z:gpu:NVIDIA GeForce RTX 4070 SUPER	PU:Z:FBG39641	DT:Z:2026-07-15T14:17:26.508000+00:00	tm:Z:adapter,primer
232587	db32fa91-8b1c-40ae-a19c-717d9f0c1e4c	qs:f:16.3609	ch:i:345	st:Z:2026-07-15T16:39:57.681000+00:00	RG:Z:a40d6b40-d3ad-4fe7-8245-9c92f794f831_dna_r10.4.1_e8.2_400bps_sup@v5.2.0	DS:Z:gpu:NVIDIA GeForce RTX 4070 SUPER	PU:Z:FBG39641	DT:Z:2026-07-15T14:17:26.508000+00:00	tm:Z:adapter,primer rc
232587	b1f39c06-7d28-4935-a018-18a866f52d6a	qs:f:15.2136	ch:i:427	st:Z:2026-07-15T23:07:11.620000+00:00	RG:Z:a40d6b40-d3ad-4fe7-8245-9c92f794f831_dna_r10.4.1_e8.2_400bps_sup@v5.2.0	DS:Z:gpu:NVIDIA GeForce RTX 4070 SUPER	PU:Z:FBG39641	DT:Z:2026-07-15T14:17:26.508000+00:00	tm:Z:adapter,primer rc
232587	92c5a7e2-e925-4d1b-a019-679daf2b013f	qs:f:18.5559	ch:i:402	st:Z:2026-07-15T21:00:58.105000+00:00	RG:Z:a40d6b40-d3ad-4fe7-8245-9c92f794f831_dna_r10.4.1_e8.2_400bps_sup@v5.2.0	DS:Z:gpu:NVIDIA GeForce RTX 4070 SUPER	PU:Z:FBG39641	DT:Z:2026-07-15T14:17:26.508000+00:00	tm:Z:adapter,primer rc
232587	7789ff69-193e-41aa-8f84-5b7f6c54f95f	qs:f:19.1967	ch:i:326	st:Z:2026-07-15T16:01:46.209000+00:00	RG:Z:a40d6b40-d3ad-4fe7-8245-9c92f794f831_dna_r10.4.1_e8.2_400bps_sup@v5.2.0	DS:Z:gpu:NVIDIA GeForce RTX 4070 SUPER	PU:Z:FBG39641	DT:Z:2026-07-15T14:17:26.508000+00:00	tm:Z:adapter,primer
232587	17ed638a-8966-41f2-b2ab-1a8c3d15b520	qs:f:19.1915	ch:i:249	st:Z:2026-07-15T16:35:06.239000+00:00	RG:Z:a40d6b40-d3ad-4fe7-8245-9c92f794f831_dna_r10.4.1_e8.2_400bps_sup@v5.2.0	DS:Z:gpu:NVIDIA GeForce RTX 4070 SUPER	PU:Z:FBG39641	DT:Z:2026-07-15T14:17:26.508000+00:00	tm:Z:adapter,primer
232587	7927cec5-16bf-40e9-9e6e-809bb5a392f3	qs:f:16.2521	ch:i:214	st:Z:2026-07-15T23:05:16.984000+00:00	RG:Z:a40d6b40-d3ad-4fe7-8245-9c92f794f831_dna_r10.4.1_e8.2_400bps_sup@v5.2.0	DS:Z:gpu:NVIDIA GeForce RTX 4070 SUPER	PU:Z:FBG39641	DT:Z:2026-07-15T14:17:26.508000+00:00	tm:Z:adapter,primer
232587	95302bbb-4eb7-4041-8b27-3dc0a651ce64	qs:f:15.2132	ch:i:224	st:Z:2026-07-15T15:03:28.023000+00:00	RG:Z:a40d6b40-d3ad-4fe7-8245-9c92f794f831_dna_r10.4.1_e8.2_400bps_sup@v5.2.0	DS:Z:gpu:NVIDIA GeForce RTX 4070 SUPER	PU:Z:FBG39641	DT:Z:2026-07-15T14:17:26.508000+00:00	tm:Z:none
238445	01b8d79c-fdc3-4aa1-a3b9-bc9688fdaa34	qs:f:19.5893	ch:i:450	st:Z:2026-07-15T18:08:38.567000+00:00	RG:Z:a40d6b40-d3ad-4fe7-8245-9c92f794f831_dna_r10.4.1_e8.2_400bps_sup@v5.2.0	DS:Z:gpu:NVIDIA GeForce RTX 4070 SUPER	PU:Z:FBG39641	DT:Z:2026-07-15T14:17:26.508000+00:00	tm:Z:adapter,primer
238445	10310ac1-dad0-41c8-a962-3c3450117eb5	qs:f:12.5211	ch:i:3	st:Z:2026-07-16T00:20:27.884000+00:00	RG:Z:a40d6b40-d3ad-4fe7-8245-9c92f794f831_dna_r10.4.1_e8.2_400bps_sup@v5.2.0	DS:Z:gpu:NVIDIA GeForce RTX 4070 SUPER	PU:Z:FBG39641	DT:Z:2026-07-15T14:17:26.508000+00:00	tm:Z:none
238445	5fbf9530-6d13-4bf0-ac0f-498fd90a57a5	qs:f:22.5654	ch:i:381	st:Z:2026-07-15T18:55:20.684000+00:00	RG:Z:a40d6b40-d3ad-4fe7-8245-9c92f794f831_dna_r10.4.1_e8.2_400bps_sup@v5.2.0	DS:Z:gpu:NVIDIA GeForce RTX 4070 SUPER	PU:Z:FBG39641	DT:Z:2026-07-15T14:17:26.508000+00:00	tm:Z:adapter,primer
238445	fe2909cc-2b39-44a1-a728-d69a920885aa	qs:f:14.3889	ch:i:154	st:Z:2026-07-15T17:04:55.192000+00:00	RG:Z:a40d6b40-d3ad-4fe7-8245-9c92f794f831_dna_r10.4.1_e8.2_400bps_sup@v5.2.0	DS:Z:gpu:NVIDIA GeForce RTX 4070 SUPER	PU:Z:FBG39641	DT:Z:2026-07-15T14:17:26.508000+00:00	tm:Z:adapter,primer rc
238445	6f87842c-2b7e-49f5-817c-533d64e2d687	qs:f:18.2874	ch:i:196	st:Z:2026-07-15T16:34:32.364000+00:00	RG:Z:a40d6b40-d3ad-4fe7-8245-9c92f794f831_dna_r10.4.1_e8.2_400bps_sup@v5.2.0	DS:Z:gpu:NVIDIA GeForce RTX 4070 SUPER	PU:Z:FBG39641	DT:Z:2026-07-15T14:17:26.508000+00:00	tm:Z:none
238445	e41d70a8-3cbf-4130-80b4-726fb553f1bd	qs:f:15.5471	ch:i:413	st:Z:2026-07-16T00:29:43.664000+00:00	RG:Z:a40d6b40-d3ad-4fe7-8245-9c92f794f831_dna_r10.4.1_e8.2_400bps_sup@v5.2.0	DS:Z:gpu:NVIDIA GeForce RTX 4070 SUPER	PU:Z:FBG39641	DT:Z:2026-07-15T14:17:26.508000+00:00	tm:Z:none
238445	0bf4e26a-20ee-46d5-8971-f2088959b274	qs:f:20.8865	ch:i:241	st:Z:2026-07-15T23:11:03.399000+00:00	RG:Z:a40d6b40-d3ad-4fe7-8245-9c92f794f831_dna_r10.4.1_e8.2_400bps_sup@v5.2.0	DS:Z:gpu:NVIDIA GeForce RTX 4070 SUPER	PU:Z:FBG39641	DT:Z:2026-07-15T14:17:26.508000+00:00	tm:Z:adapter,primer rc
238445	71288432-abcf-40b6-ad55-a98953305736	qs:f:18.6303	ch:i:63	st:Z:2026-07-15T17:30:52.159000+00:00	RG:Z:a40d6b40-d3ad-4fe7-8245-9c92f794f831_dna_r10.4.1_e8.2_400bps_sup@v5.2.0	DS:Z:gpu:NVIDIA GeForce RTX 4070 SUPER	PU:Z:FBG39641	DT:Z:2026-07-15T14:17:26.508000+00:00	tm:Z:adapter,primer rc
238445	ecec1a19-ebab-48ce-bb3d-0980d2aa21fb	qs:f:21.5671	ch:i:244	st:Z:2026-07-16T00:03:59.235000+00:00	RG:Z:a40d6b40-d3ad-4fe7-8245-9c92f794f831_dna_r10.4.1_e8.2_400bps_sup@v5.2.0	DS:Z:gpu:NVIDIA GeForce RTX 4070 SUPER	PU:Z:FBG39641	DT:Z:2026-07-15T14:17:26.508000+00:00	tm:Z:none rc
238445	2745922c-45fc-456e-b763-6751fddb82c2	qs:f:13.8064	ch:i:223	st:Z:2026-07-15T20:27:05.284000+00:00	RG:Z:a40d6b40-d3ad-4fe7-8245-9c92f794f831_dna_r10.4.1_e8.2_400bps_sup@v5.2.0	DS:Z:gpu:NVIDIA GeForce RTX 4070 SUPER	PU:Z:FBG39641	DT:Z:2026-07-15T14:17:26.508000+00:00	tm:Z:none rc
238445	9f3c39d7-7a03-4e96-984e-1d29849df1a5	qs:f:19.252	ch:i:241	st:Z:2026-07-15T22:35:14.027000+00:00	RG:Z:a40d6b40-d3ad-4fe7-8245-9c92f794f831_dna_r10.4.1_e8.2_400bps_sup@v5.2.0	DS:Z:gpu:NVIDIA GeForce RTX 4070 SUPER	PU:Z:FBG39641	DT:Z:2026-07-15T14:17:26.508000+00:00	tm:Z:adapter,primer
238445	7a28487f-cafe-44c2-95b3-e46fd4d11e5e	qs:f:15.9011	ch:i:93	st:Z:2026-07-15T18:08:55.543000+00:00	RG:Z:a40d6b40-d3ad-4fe7-8245-9c92f794f831_dna_r10.4.1_e8.2_400bps_sup@v5.2.0	DS:Z:gpu:NVIDIA GeForce RTX 4070 SUPER	PU:Z:FBG39641	DT:Z:2026-07-15T14:17:26.508000+00:00	tm:Z:adapter,primer
238445	0b41127c-9981-4684-9f32-21c75dd6cc26	qs:f:15.8739	ch:i:317	st:Z:2026-07-15T19:24:24.432000+00:00	RG:Z:a40d6b40-d3ad-4fe7-8245-9c92f794f831_dna_r10.4.1_e8.2_400bps_sup@v5.2.0	DS:Z:gpu:NVIDIA GeForce RTX 4070 SUPER	PU:Z:FBG39641	DT:Z:2026-07-15T14:17:26.508000+00:00	tm:Z:adapter,primer rc
238445	3df16a54-fde1-4c3d-98c6-ffbc3cdbe830	qs:f:20.4077	ch:i:388	st:Z:2026-07-15T15:48:52.273000+00:00	RG:Z:a40d6b40-d3ad-4fe7-8245-9c92f794f831_dna_r10.4.1_e8.2_400bps_sup@v5.2.0	DS:Z:gpu:NVIDIA GeForce RTX 4070 SUPER	PU:Z:FBG39641	DT:Z:2026-07-15T14:17:26.508000+00:00	tm:Z:adapter,primer
238445	a55ea464-122a-42ef-bf9c-1834f1cedeba	qs:f:19.6342	ch:i:381	st:Z:2026-07-15T18:10:50.638000+00:00	RG:Z:a40d6b40-d3ad-4fe7-8245-9c92f794f831_dna_r10.4.1_e8.2_400bps_sup@v5.2.0	DS:Z:gpu:NVIDIA GeForce RTX 4070 SUPER	PU:Z:FBG39641	DT:Z:2026-07-15T14:17:26.508000+00:00	tm:Z:none
238445	5a1c9945-43ea-4906-97bb-082649cdcffa	qs:f:16.077	ch:i:149	st:Z:2026-07-15T15:37:08.880000+00:00	RG:Z:a40d6b40-d3ad-4fe7-8245-9c92f794f831_dna_r10.4.1_e8.2_400bps_sup@v5.2.0	DS:Z:gpu:NVIDIA GeForce RTX 4070 SUPER	PU:Z:FBG39641	DT:Z:2026-07-15T14:17:26.508000+00:00	tm:Z:none
238445	54b19f0c-0c29-44ce-8dc3-330f57d8c6af	qs:f:17.7183	ch:i:326	st:Z:2026-07-15T16:27:03.046000+00:00	RG:Z:a40d6b40-d3ad-4fe7-8245-9c92f794f831_dna_r10.4.1_e8.2_400bps_sup@v5.2.0	DS:Z:gpu:NVIDIA GeForce RTX 4070 SUPER	PU:Z:FBG39641	DT:Z:2026-07-15T14:17:26.508000+00:00	tm:Z:adapter,primer rc
238445	c147bb30-d374-4569-bc4d-5785b42d69e7	qs:f:19.3005	ch:i:226	st:Z:2026-07-15T17:27:55.930000+00:00	RG:Z:a40d6b40-d3ad-4fe7-8245-9c92f794f831_dna_r10.4.1_e8.2_400bps_sup@v5.2.0	DS:Z:gpu:NVIDIA GeForce RTX 4070 SUPER	PU:Z:FBG39641	DT:Z:2026-07-15T14:17:26.508000+00:00	tm:Z:adapter,primer
238445	6623f1e9-96de-4009-99d4-e7a4628c36ee	qs:f:10.792	ch:i:155	st:Z:2026-07-15T15:46:20.443000+00:00	RG:Z:a40d6b40-d3ad-4fe7-8245-9c92f794f831_dna_r10.4.1_e8.2_400bps_sup@v5.2.0	DS:Z:gpu:NVIDIA GeForce RTX 4070 SUPER	PU:Z:FBG39641	DT:Z:2026-07-15T14:17:26.508000+00:00	tm:Z:none rc
238445	b1b09ff8-8540-4254-915f-26aa44bdf7e4	qs:f:19.7958	ch:i:469	st:Z:2026-07-15T19:32:58.290000+00:00	RG:Z:a40d6b40-d3ad-4fe7-8245-9c92f794f831_dna_r10.4.1_e8.2_400bps_sup@v5.2.0	DS:Z:gpu:NVIDIA GeForce RTX 4070 SUPER	PU:Z:FBG39641	DT:Z:2026-07-15T14:17:26.508000+00:00	tm:Z:adapter,primer rc
238445	973b0f41-8be4-4aa0-86cb-dcca689b3840	qs:f:13.7992	ch:i:222	st:Z:2026-07-15T21:18:45.409000+00:00	RG:Z:a40d6b40-d3ad-4fe7-8245-9c92f794f831_dna_r10.4.1_e8.2_400bps_sup@v5.2.0	DS:Z:gpu:NVIDIA GeForce RTX 4070 SUPER	PU:Z:FBG39641	DT:Z:2026-07-15T14:17:26.508000+00:00	tm:Z:none
238445	235286e5-12d2-4914-b0dd-a757e924e45f	qs:f:17.2418	ch:i:443	st:Z:2026-07-15T21:58:36.950000+00:00	RG:Z:a40d6b40-d3ad-4fe7-8245-9c92f794f831_dna_r10.4.1_e8.2_400bps_sup@v5.2.0	DS:Z:gpu:NVIDIA GeForce RTX 4070 SUPER	PU:Z:FBG39641	DT:Z:2026-07-15T14:17:26.508000+00:00	tm:Z:adapter,primer
192895	8f6c39aa-fe74-4feb-9d43-4bf89cca0c17	qs:f:22.7969	ch:i:413	st:Z:2026-07-15T16:40:28.032000+00:00	RG:Z:a40d6b40-d3ad-4fe7-8245-9c92f794f831_dna_r10.4.1_e8.2_400bps_sup@v5.2.0	DS:Z:gpu:NVIDIA GeForce RTX 4070 SUPER	PU:Z:FBG39641	DT:Z:2026-07-15T14:17:26.508000+00:00	tm:Z:adapter,primer
192895	1d4e5040-51d2-4542-863d-366e449245f7	qs:f:18.5728	ch:i:466	st:Z:2026-07-15T18:33:28.393000+00:00	RG:Z:a40d6b40-d3ad-4fe7-8245-9c92f794f831_dna_r10.4.1_e8.2_400bps_sup@v5.2.0	DS:Z:gpu:NVIDIA GeForce RTX 4070 SUPER	PU:Z:FBG39641	DT:Z:2026-07-15T14:17:26.508000+00:00	tm:Z:adapter,primer rc
192895	5c25cf13-a237-4b90-a0bc-934a5342a373	qs:f:15.3559	ch:i:381	st:Z:2026-07-15T15:15:25.920000+00:00	RG:Z:a40d6b40-d3ad-4fe7-8245-9c92f794f831_dna_r10.4.1_e8.2_400bps_sup@v5.2.0	DS:Z:gpu:NVIDIA GeForce RTX 4070 SUPER	PU:Z:FBG39641	DT:Z:2026-07-15T14:17:26.508000+00:00	tm:Z:adapter,primer rc
192895	82b86dd6-77ec-417b-8cd6-8217c7df7871	qs:f:20.6907	ch:i:192	st:Z:2026-07-16T01:52:00.063000+00:00	RG:Z:a40d6b40-d3ad-4fe7-8245-9c92f794f831_dna_r10.4.1_e8.2_400bps_sup@v5.2.0	DS:Z:gpu:NVIDIA GeForce RTX 4070 SUPER	PU:Z:FBG39641	DT:Z:2026-07-15T14:17:26.508000+00:00	tm:Z:adapter,primer
192895	51583091-fd74-41a7-8f9e-08a63c47352b	qs:f:21.3935	ch:i:284	st:Z:2026-07-15T16:15:50.991000+00:00	RG:Z:a40d6b40-d3ad-4fe7-8245-9c92f794f831_dna_r10.4.1_e8.2_400bps_sup@v5.2.0	DS:Z:gpu:NVIDIA GeForce RTX 4070 SUPER	PU:Z:FBG39641	DT:Z:2026-07-15T14:17:26.508000+00:00	tm:Z:none rc
192895	6631c987-6a40-4a8f-a0b2-a3264469309b	qs:f:20.4863	ch:i:386	st:Z:2026-07-15T16:34:05.472000+00:00	RG:Z:a40d6b40-d3ad-4fe7-8245-9c92f794f831_dna_r10.4.1_e8.2_400bps_sup@v5.2.0	DS:Z:gpu:NVIDIA GeForce RTX 4070 SUPER	PU:Z:FBG39641	DT:Z:2026-07-15T14:17:26.508000+00:00	tm:Z:adapter,primer rc
192895	12e526cb-9d96-4f0e-bf1a-810515b411a9	qs:f:19.9345	ch:i:413	st:Z:2026-07-16T01:05:03.919000+00:00	RG:Z:a40d6b40-d3ad-4fe7-8245-9c92f794f831_dna_r10.4.1_e8.2_400bps_sup@v5.2.0	DS:Z:gpu:NVIDIA GeForce RTX 4070 SUPER	PU:Z:FBG39641	DT:Z:2026-07-15T14:17:26.508000+00:00	tm:Z:adapter,primer
192895	8bcc6340-82dd-44a3-852a-edaf0567532b	qs:f:16.9473	ch:i:63	st:Z:2026-07-15T19:54:45.071000+00:00	RG:Z:a40d6b40-d3ad-4fe7-8245-9c92f794f831_dna_r10.4.1_e8.2_400bps_sup@v5.2.0	DS:Z:gpu:NVIDIA GeForce RTX 4070 SUPER	PU:Z:FBG39641	DT:Z:2026-07-15T14:17:26.508000+00:00	tm:Z:adapter,primer
192895	a95a3cab-9f1b-478b-a839-ed4669464add	qs:f:19.4262	ch:i:26	st:Z:2026-07-15T14:38:08.876000+00:00	RG:Z:a40d6b40-d3ad-4fe7-8245-9c92f794f831_dna_r10.4.1_e8.2_400bps_sup@v5.2.0	DS:Z:gpu:NVIDIA GeForce RTX 4070 SUPER	PU:Z:FBG39641	DT:Z:2026-07-15T14:17:26.508000+00:00	tm:Z:adapter,primer
192895	f8f60a20-d095-446b-9bd6-11b1894bd7e1	qs:f:16.3698	ch:i:452	st:Z:2026-07-15T15:15:40.182000+00:00	RG:Z:a40d6b40-d3ad-4fe7-8245-9c92f794f831_dna_r10.4.1_e8.2_400bps_sup@v5.2.0	DS:Z:gpu:NVIDIA GeForce RTX 4070 SUPER	PU:Z:FBG39641	DT:Z:2026-07-15T14:17:26.508000+00:00	tm:Z:adapter,primer
192895	01bb0d99-d699-4074-90a8-13544591006c	qs:f:18.9019	ch:i:412	st:Z:2026-07-16T00:34:56.886000+00:00	RG:Z:a40d6b40-d3ad-4fe7-8245-9c92f794f831_dna_r10.4.1_e8.2_400bps_sup@v5.2.0	DS:Z:gpu:NVIDIA GeForce RTX 4070 SUPER	PU:Z:FBG39641	DT:Z:2026-07-15T14:17:26.508000+00:00	tm:Z:adapter,primer rc
192895	d229df6b-bc05-4ac0-b9b0-004f9d68ce60	qs:f:18.5489	ch:i:145	st:Z:2026-07-15T15:32:32.432000+00:00	RG:Z:a40d6b40-d3ad-4fe7-8245-9c92f794f831_dna_r10.4.1_e8.2_400bps_sup@v5.2.0	DS:Z:gpu:NVIDIA GeForce RTX 4070 SUPER	PU:Z:FBG39641	DT:Z:2026-07-15T14:17:26.508000+00:00	tm:Z:adapter,primer
192895	23f462ae-1562-4b34-90ac-60f64e3b9351	qs:f:18.0385	ch:i:345	st:Z:2026-07-15T16:08:14.355000+00:00	RG:Z:a40d6b40-d3ad-4fe7-8245-9c92f794f831_dna_r10.4.1_e8.2_400bps_sup@v5.2.0	DS:Z:gpu:NVIDIA GeForce RTX 4070 SUPER	PU:Z:FBG39641	DT:Z:2026-07-15T14:17:26.508000+00:00	tm:Z:adapter,primer rc
192895	52741625-d448-44b8-b53f-4a6d8d098a18	qs:f:20.9939	ch:i:85	st:Z:2026-07-15T19:34:03.738000+00:00	RG:Z:a40d6b40-d3ad-4fe7-8245-9c92f794f831_dna_r10.4.1_e8.2_400bps_sup@v5.2.0	DS:Z:gpu:NVIDIA GeForce RTX 4070 SUPER	PU:Z:FBG39641	DT:Z:2026-07-15T14:17:26.508000+00:00	tm:Z:none
192895	7e32c0a7-fd73-4749-8365-1314783d72f6	qs:f:14.4823	ch:i:66	st:Z:2026-07-15T17:10:52.810000+00:00	RG:Z:a40d6b40-d3ad-4fe7-8245-9c92f794f831_dna_r10.4.1_e8.2_400bps_sup@v5.2.0	DS:Z:gpu:NVIDIA GeForce RTX 4070 SUPER	PU:Z:FBG39641	DT:Z:2026-07-15T14:17:26.508000+00:00	tm:Z:adapter,primer
192895	d83de059-1a25-4d0d-91ae-f5b3427b6842	qs:f:14.296	ch:i:375	st:Z:2026-07-15T16:40:13.228000+00:00	RG:Z:a40d6b40-d3ad-4fe7-8245-9c92f794f831_dna_r10.4.1_e8.2_400bps_sup@v5.2.0	DS:Z:gpu:NVIDIA GeForce RTX 4070 SUPER	PU:Z:FBG39641	DT:Z:2026-07-15T14:17:26.508000+00:00	tm:Z:none
192895	70f72134-b3cf-4494-a477-0e9a0307cd1e	qs:f:19.5636	ch:i:364	st:Z:2026-07-15T17:11:12.953000+00:00	RG:Z:a40d6b40-d3ad-4fe7-8245-9c92f794f831_dna_r10.4.1_e8.2_400bps_sup@v5.2.0	DS:Z:gpu:NVIDIA GeForce RTX 4070 SUPER	PU:Z:FBG39641	DT:Z:2026-07-15T14:17:26.508000+00:00	tm:Z:adapter,primer
192895	ac05977b-6ce5-414b-8e29-4067ad24d9ff	qs:f:19.4831	ch:i:510	st:Z:2026-07-15T14:25:55.656000+00:00	RG:Z:a40d6b40-d3ad-4fe7-8245-9c92f794f831_dna_r10.4.1_e8.2_400bps_sup@v5.2.0	DS:Z:gpu:NVIDIA GeForce RTX 4070 SUPER	PU:Z:FBG39641	DT:Z:2026-07-15T14:17:26.508000+00:00	tm:Z:adapter,primer
192895	d807836b-5ecc-4b4e-a12e-f9c87f699f28	qs:f:20.6259	ch:i:414	st:Z:2026-07-15T22:53:49.015000+00:00	RG:Z:a40d6b40-d3ad-4fe7-8245-9c92f794f831_dna_r10.4.1_e8.2_400bps_sup@v5.2.0	DS:Z:gpu:NVIDIA GeForce RTX 4070 SUPER	PU:Z:FBG39641	DT:Z:2026-07-15T14:17:26.508000+00:00	tm:Z:adapter,primer
3627	7f7b19cc-77a1-4582-b9de-9802b7b9c5b6	qs:f:18.4899	ch:i:413	st:Z:2026-07-16T00:27:10.997000+00:00	RG:Z:a40d6b40-d3ad-4fe7-8245-9c92f794f831_dna_r10.4.1_e8.2_400bps_sup@v5.2.0	DS:Z:gpu:NVIDIA GeForce RTX 4070 SUPER	PU:Z:FBG39641	DT:Z:2026-07-15T14:17:26.508000+00:00	tm:Z:adapter,primer
3627	9a70970a-9c0d-463b-9fda-d48a0b42c4ae	qs:f:23.2219	ch:i:343	st:Z:2026-07-15T17:09:57.972000+00:00	RG:Z:a40d6b40-d3ad-4fe7-8245-9c92f794f831_dna_r10.4.1_e8.2_400bps_sup@v5.2.0	DS:Z:gpu:NVIDIA GeForce RTX 4070 SUPER	PU:Z:FBG39641	DT:Z:2026-07-15T14:17:26.508000+00:00	tm:Z:adapter,primer
3627	a1778d22-46e5-4643-adce-aca592787d1d	qs:f:34.2844	ch:i:241	st:Z:2026-07-15T20:54:29.596000+00:00	RG:Z:a40d6b40-d3ad-4fe7-8245-9c92f794f831_dna_r10.4.1_e8.2_400bps_sup@v5.2.0	DS:Z:gpu:NVIDIA GeForce RTX 4070 SUPER	PU:Z:FBG39641	DT:Z:2026-07-15T14:17:26.508000+00:00	tm:Z:adapter,primer
3627	319956f8-c452-4945-a251-dbc09b4e9ba6	qs:f:21.133	ch:i:143	st:Z:2026-07-15T18:36:31.376000+00:00	RG:Z:a40d6b40-d3ad-4fe7-8245-9c92f794f831_dna_r10.4.1_e8.2_400bps_sup@v5.2.0	DS:Z:gpu:NVIDIA GeForce RTX 4070 SUPER	PU:Z:FBG39641	DT:Z:2026-07-15T14:17:26.508000+00:00	tm:Z:adapter,primer
3627	f3437441-6a7c-4118-bcbb-4d47a9ea2c2c	qs:f:27.2474	ch:i:284	st:Z:2026-07-15T17:55:41.290000+00:00	RG:Z:a40d6b40-d3ad-4fe7-8245-9c92f794f831_dna_r10.4.1_e8.2_400bps_sup@v5.2.0	DS:Z:gpu:NVIDIA GeForce RTX 4070 SUPER	PU:Z:FBG39641	DT:Z:2026-07-15T14:17:26.508000+00:00	tm:Z:adapter,primer
3627	f5c13c28-40c8-4334-ae3b-09500476f0bc	qs:f:37.2158	ch:i:394	st:Z:2026-07-15T19:45:08.031000+00:00	RG:Z:a40d6b40-d3ad-4fe7-8245-9c92f794f831_dna_r10.4.1_e8.2_400bps_sup@v5.2.0	DS:Z:gpu:NVIDIA GeForce RTX 4070 SUPER	PU:Z:FBG39641	DT:Z:2026-07-15T14:17:26.508000+00:00	tm:Z:none
3627	c0e16891-2692-47d9-964a-462daa01f038	qs:f:20.8459	ch:i:404	st:Z:2026-07-15T15:22:32.568000+00:00	RG:Z:a40d6b40-d3ad-4fe7-8245-9c92f794f831_dna_r10.4.1_e8.2_400bps_sup@v5.2.0	DS:Z:gpu:NVIDIA GeForce RTX 4070 SUPER	PU:Z:FBG39641	DT:Z:2026-07-15T14:17:26.508000+00:00	tm:Z:adapter,primer
3627	c275fb95-529a-41a4-99f8-484db9de72c5	qs:f:25.9522	ch:i:116	st:Z:2026-07-15T17:53:01.522000+00:00	RG:Z:a40d6b40-d3ad-4fe7-8245-9c92f794f831_dna_r10.4.1_e8.2_400bps_sup@v5.2.0	DS:Z:gpu:NVIDIA GeForce RTX 4070 SUPER	PU:Z:FBG39641	DT:Z:2026-07-15T14:17:26.508000+00:00	tm:Z:adapter,primer rc
3627	3324658f-9274-4389-b2b5-ab3d83ac17e8	qs:f:23.1911	ch:i:452	st:Z:2026-07-16T00:56:54.991000+00:00	RG:Z:a40d6b40-d3ad-4fe7-8245-9c92f794f831_dna_r10.4.1_e8.2_400bps_sup@v5.2.0	DS:Z:gpu:NVIDIA GeForce RTX 4070 SUPER	PU:Z:FBG39641	DT:Z:2026-07-15T14:17:26.508000+00:00	tm:Z:adapter,primer
3627	bc65e0f1-6b16-4b7a-b36d-4cb506d39a96	qs:f:35.3148	ch:i:229	st:Z:2026-07-15T19:16:00.629000+00:00	RG:Z:a40d6b40-d3ad-4fe7-8245-9c92f794f831_dna_r10.4.1_e8.2_400bps_sup@v5.2.0	DS:Z:gpu:NVIDIA GeForce RTX 4070 SUPER	PU:Z:FBG39641	DT:Z:2026-07-15T14:17:26.508000+00:00	tm:Z:adapter,primer
3627	165938bc-4039-46c2-9fb2-ba0cdaaa892b	qs:f:18.0364	ch:i:110	st:Z:2026-07-15T16:02:23.502000+00:00	RG:Z:a40d6b40-d3ad-4fe7-8245-9c92f794f831_dna_r10.4.1_e8.2_400bps_sup@v5.2.0	DS:Z:gpu:NVIDIA GeForce RTX 4070 SUPER	PU:Z:FBG39641	DT:Z:2026-07-15T14:17:26.508000+00:00	tm:Z:adapter,primer
3627	d8a27b19-59d8-42e6-8104-772fff3b0832	qs:f:20.2608	ch:i:153	st:Z:2026-07-15T19:51:44.521000+00:00	RG:Z:a40d6b40-d3ad-4fe7-8245-9c92f794f831_dna_r10.4.1_e8.2_400bps_sup@v5.2.0	DS:Z:gpu:NVIDIA GeForce RTX 4070 SUPER	PU:Z:FBG39641	DT:Z:2026-07-15T14:17:26.508000+00:00	tm:Z:adapter,primer rc
3627	6b5b9a57-aec8-44f0-a733-851450508304	qs:f:25.933	ch:i:411	st:Z:2026-07-15T21:17:56.078000+00:00	RG:Z:a40d6b40-d3ad-4fe7-8245-9c92f794f831_dna_r10.4.1_e8.2_400bps_sup@v5.2.0	DS:Z:gpu:NVIDIA GeForce RTX 4070 SUPER	PU:Z:FBG39641	DT:Z:2026-07-15T14:17:26.508000+00:00	tm:Z:none rc
3627	ec7e0757-cc33-4bee-9453-a70e94250016	qs:f:12.7755	ch:i:15	st:Z:2026-07-15T17:19:51.309000+00:00	RG:Z:a40d6b40-d3ad-4fe7-8245-9c92f794f831_dna_r10.4.1_e8.2_400bps_sup@v5.2.0	DS:Z:gpu:NVIDIA GeForce RTX 4070 SUPER	PU:Z:FBG39641	DT:Z:2026-07-15T14:17:26.508000+00:00	tm:Z:adapter,primer rc
3627	4eff754e-a308-4760-927f-9cec0608de73	qs:f:14.8827	ch:i:510	st:Z:2026-07-15T17:09:57.599000+00:00	RG:Z:a40d6b40-d3ad-4fe7-8245-9c92f794f831_dna_r10.4.1_e8.2_400bps_sup@v5.2.0	DS:Z:gpu:NVIDIA GeForce RTX 4070 SUPER	PU:Z:FBG39641	DT:Z:2026-07-15T14:17:26.508000+00:00	tm:Z:adapter,primer rc
3627	eccd8870-7891-4798-a118-cf6d20db8e22	qs:f:20.4204	ch:i:18	st:Z:2026-07-15T16:53:24.460000+00:00	RG:Z:a40d6b40-d3ad-4fe7-8245-9c92f794f831_dna_r10.4.1_e8.2_400bps_sup@v5.2.0	DS:Z:gpu:NVIDIA GeForce RTX 4070 SUPER	PU:Z:FBG39641	DT:Z:2026-07-15T14:17:26.508000+00:00	tm:Z:adapter,primer
3627	bbe991f8-4ac2-4545-b92b-8f343f012fda	qs:f:16.5735	ch:i:285	st:Z:2026-07-15T16:48:27.369000+00:00	RG:Z:a40d6b40-d3ad-4fe7-8245-9c92f794f831_dna_r10.4.1_e8.2_400bps_sup@v5.2.0	DS:Z:gpu:NVIDIA GeForce RTX 4070 SUPER	PU:Z:FBG39641	DT:Z:2026-07-15T14:17:26.508000+00:00	tm:Z:adapter,primer
3627	bfa0ff4b-11f5-44ad-ad0b-67a556b3ceaa	qs:f:20.5849	ch:i:296	st:Z:2026-07-15T22:30:11.713000+00:00	RG:Z:a40d6b40-d3ad-4fe7-8245-9c92f794f831_dna_r10.4.1_e8.2_400bps_sup@v5.2.0	DS:Z:gpu:NVIDIA GeForce RTX 4070 SUPER	PU:Z:FBG39641	DT:Z:2026-07-15T14:17:26.508000+00:00	tm:Z:none rc
193273	50742d31-9efe-47a5-ba15-7929380413b0	qs:f:22.4325	ch:i:347	st:Z:2026-07-15T20:00:23.346000+00:00	RG:Z:a40d6b40-d3ad-4fe7-8245-9c92f794f831_dna_r10.4.1_e8.2_400bps_sup@v5.2.0	DS:Z:gpu:NVIDIA GeForce RTX 4070 SUPER	PU:Z:FBG39641	DT:Z:2026-07-15T14:17:26.508000+00:00	tm:Z:none
193273	9026d73e-cc11-4c0f-8c46-51358f1189c3	qs:f:24.2236	ch:i:446	st:Z:2026-07-15T15:15:25.283000+00:00	RG:Z:a40d6b40-d3ad-4fe7-8245-9c92f794f831_dna_r10.4.1_e8.2_400bps_sup@v5.2.0	DS:Z:gpu:NVIDIA GeForce RTX 4070 SUPER	PU:Z:FBG39641	DT:Z:2026-07-15T14:17:26.508000+00:00	tm:Z:adapter,primer rc
193273	1675c0d6-4ec4-4bb8-9c01-4a41969a1da2	qs:f:20.2303	ch:i:22	st:Z:2026-07-16T01:56:44.371000+00:00	RG:Z:a40d6b40-d3ad-4fe7-8245-9c92f794f831_dna_r10.4.1_e8.2_400bps_sup@v5.2.0	DS:Z:gpu:NVIDIA GeForce RTX 4070 SUPER	PU:Z:FBG39641	DT:Z:2026-07-15T14:17:26.508000+00:00	tm:Z:adapter,primer rc
193273	e388de55-d120-45a2-9be4-46b7b1b93c28	qs:f:21.1895	ch:i:191	st:Z:2026-07-15T16:13:41.210000+00:00	RG:Z:a40d6b40-d3ad-4fe7-8245-9c92f794f831_dna_r10.4.1_e8.2_400bps_sup@v5.2.0	DS:Z:gpu:NVIDIA GeForce RTX 4070 SUPER	PU:Z:FBG39641	DT:Z:2026-07-15T14:17:26.508000+00:00	tm:Z:adapter,primer
193273	4ae95ca2-1acb-459c-a51b-b8c4fead5718	qs:f:20.4813	ch:i:222	st:Z:2026-07-15T21:18:22.165000+00:00	RG:Z:a40d6b40-d3ad-4fe7-8245-9c92f794f831_dna_r10.4.1_e8.2_400bps_sup@v5.2.0	DS:Z:gpu:NVIDIA GeForce RTX 4070 SUPER	PU:Z:FBG39641	DT:Z:2026-07-15T14:17:26.508000+00:00	tm:Z:adapter,primer
193273	cbddd2a6-8c69-4150-97cd-933341db9ae1	qs:f:13.5474	ch:i:312	st:Z:2026-07-16T02:03:22.715000+00:00	RG:Z:a40d6b40-d3ad-4fe7-8245-9c92f794f831_dna_r10.4.1_e8.2_400bps_sup@v5.2.0	DS:Z:gpu:NVIDIA GeForce RTX 4070 SUPER	PU:Z:FBG39641	DT:Z:2026-07-15T14:17:26.508000+00:00	tm:Z:adapter,primer rc
193273	197c3f82-e894-490b-8b3c-a6bf1ea1b538	qs:f:23.8742	ch:i:21	st:Z:2026-07-15T14:58:23.973000+00:00	RG:Z:a40d6b40-d3ad-4fe7-8245-9c92f794f831_dna_r10.4.1_e8.2_400bps_sup@v5.2.0	DS:Z:gpu:NVIDIA GeForce RTX 4070 SUPER	PU:Z:FBG39641	DT:Z:2026-07-15T14:17:26.508000+00:00	tm:Z:adapter,primer
193273	a6fc334c-8605-423a-ab71-be3cd3b3eb9b	qs:f:15.7135	ch:i:404	st:Z:2026-07-15T20:12:41.712000+00:00	RG:Z:a40d6b40-d3ad-4fe7-8245-9c92f794f831_dna_r10.4.1_e8.2_400bps_sup@v5.2.0	DS:Z:gpu:NVIDIA GeForce RTX 4070 SUPER	PU:Z:FBG39641	DT:Z:2026-07-15T14:17:26.508000+00:00	tm:Z:adapter,primer
193273	a5573dfd-b253-48a9-8718-f24c9bc4580e	qs:f:20.398	ch:i:281	st:Z:2026-07-15T21:19:58.990000+00:00	RG:Z:a40d6b40-d3ad-4fe7-8245-9c92f794f831_dna_r10.4.1_e8.2_400bps_sup@v5.2.0	DS:Z:gpu:NVIDIA GeForce RTX 4070 SUPER	PU:Z:FBG39641	DT:Z:2026-07-15T14:17:26.508000+00:00	tm:Z:adapter,primer rc
193273	ecafbace-5428-40c1-961b-c80829fe5197	qs:f:22.9032	ch:i:422	st:Z:2026-07-15T15:21:12.842000+00:00	RG:Z:a40d6b40-d3ad-4fe7-8245-9c92f794f831_dna_r10.4.1_e8.2_400bps_sup@v5.2.0	DS:Z:gpu:NVIDIA GeForce RTX 4070 SUPER	PU:Z:FBG39641	DT:Z:2026-07-15T14:17:26.508000+00:00	tm:Z:adapter,primer rc
193273	3799640d-3151-4dc7-9a67-d667a3b65647	qs:f:17.6283	ch:i:491	st:Z:2026-07-15T23:36:36.948000+00:00	RG:Z:a40d6b40-d3ad-4fe7-8245-9c92f794f831_dna_r10.4.1_e8.2_400bps_sup@v5.2.0	DS:Z:gpu:NVIDIA GeForce RTX 4070 SUPER	PU:Z:FBG39641	DT:Z:2026-07-15T14:17:26.508000+00:00	tm:Z:adapter,primer rc
193273	ad313997-33d0-4818-8d1b-6a8f477e7e61	qs:f:17.8889	ch:i:296	st:Z:2026-07-15T17:56:12.490000+00:00	RG:Z:a40d6b40-d3ad-4fe7-8245-9c92f794f831_dna_r10.4.1_e8.2_400bps_sup@v5.2.0	DS:Z:gpu:NVIDIA GeForce RTX 4070 SUPER	PU:Z:FBG39641	DT:Z:2026-07-15T14:17:26.508000+00:00	tm:Z:adapter,primer rc
193273	d01a64ea-708a-42aa-bd83-d14ea6948b98	qs:f:21.3622	ch:i:268	st:Z:2026-07-15T21:06:36.256000+00:00	RG:Z:a40d6b40-d3ad-4fe7-8245-9c92f794f831_dna_r10.4.1_e8.2_400bps_sup@v5.2.0	DS:Z:gpu:NVIDIA GeForce RTX 4070 SUPER	PU:Z:FBG39641	DT:Z:2026-07-15T14:17:26.508000+00:00	tm:Z:adapter,primer
193273	10e9e943-ea19-4a64-a1c5-023471c4b16a	qs:f:19.0581	ch:i:446	st:Z:2026-07-15T16:19:21.846000+00:00	RG:Z:a40d6b40-d3ad-4fe7-8245-9c92f794f831_dna_r10.4.1_e8.2_400bps_sup@v5.2.0	DS:Z:gpu:NVIDIA GeForce RTX 4070 SUPER	PU:Z:FBG39641	DT:Z:2026-07-15T14:17:26.508000+00:00	tm:Z:none rc
193273	44bee946-b9db-4492-a2b5-f63cd9bef9d9	qs:f:21.9432	ch:i:130	st:Z:2026-07-15T22:43:53.540000+00:00	RG:Z:a40d6b40-d3ad-4fe7-8245-9c92f794f831_dna_r10.4.1_e8.2_400bps_sup@v5.2.0	DS:Z:gpu:NVIDIA GeForce RTX 4070 SUPER	PU:Z:FBG39641	DT:Z:2026-07-15T14:17:26.508000+00:00	tm:Z:adapter,primer rc
193273	50ed6446-db82-4b92-bd0f-184fc01a7538	qs:f:17.5752	ch:i:308	st:Z:2026-07-15T23:54:32.197000+00:00	RG:Z:a40d6b40-d3ad-4fe7-8245-9c92f794f831_dna_r10.4.1_e8.2_400bps_sup@v5.2.0	DS:Z:gpu:NVIDIA GeForce RTX 4070 SUPER	PU:Z:FBG39641	DT:Z:2026-07-15T14:17:26.508000+00:00	tm:Z:adapter,primer
193273	c7912b48-5b7b-4770-9764-8265008946aa	qs:f:8.43023	ch:i:212	st:Z:2026-07-15T20:54:33.171000+00:00	RG:Z:a40d6b40-d3ad-4fe7-8245-9c92f794f831_dna_r10.4.1_e8.2_400bps_sup@v5.2.0	DS:Z:gpu:NVIDIA GeForce RTX 4070 SUPER	PU:Z:FBG39641	DT:Z:2026-07-15T14:17:26.508000+00:00	tm:Z:none rc
193273	57fa4648-48ba-422f-91d5-b54e74043bce	qs:f:19.3428	ch:i:192	st:Z:2026-07-15T21:46:17.631000+00:00	RG:Z:a40d6b40-d3ad-4fe7-8245-9c92f794f831_dna_r10.4.1_e8.2_400bps_sup@v5.2.0	DS:Z:gpu:NVIDIA GeForce RTX 4070 SUPER	PU:Z:FBG39641	DT:Z:2026-07-15T14:17:26.508000+00:00	tm:Z:adapter,primer
283559	e4a9e8b2-6e83-48e7-a05c-6485765489fe	qs:f:19.697	ch:i:241	st:Z:2026-07-15T21:04:47.981000+00:00	RG:Z:a40d6b40-d3ad-4fe7-8245-9c92f794f831_dna_r10.4.1_e8.2_400bps_sup@v5.2.0	DS:Z:gpu:NVIDIA GeForce RTX 4070 SUPER	PU:Z:FBG39641	DT:Z:2026-07-15T14:17:26.508000+00:00	tm:Z:adapter,primer rc
283559	e6abd7e6-4409-42b6-abe0-ffe048a6c049	qs:f:19.0089	ch:i:195	st:Z:2026-07-15T16:29:05.416000+00:00	RG:Z:a40d6b40-d3ad-4fe7-8245-9c92f794f831_dna_r10.4.1_e8.2_400bps_sup@v5.2.0	DS:Z:gpu:NVIDIA GeForce RTX 4070 SUPER	PU:Z:FBG39641	DT:Z:2026-07-15T14:17:26.508000+00:00	tm:Z:adapter,primer
283559	cda632b1-9c9f-404c-9539-ca89f7299d9f	qs:f:12.2454	ch:i:263	st:Z:2026-07-16T02:12:20.043000+00:00	RG:Z:a40d6b40-d3ad-4fe7-8245-9c92f794f831_dna_r10.4.1_e8.2_400bps_sup@v5.2.0	DS:Z:gpu:NVIDIA GeForce RTX 4070 SUPER	PU:Z:FBG39641	DT:Z:2026-07-15T14:17:26.508000+00:00	tm:Z:adapter,primer rc
283559	e160163c-b701-4e27-81d6-375106ee2fbf	qs:f:14.2216	ch:i:343	st:Z:2026-07-15T19:06:38.161000+00:00	RG:Z:a40d6b40-d3ad-4fe7-8245-9c92f794f831_dna_r10.4.1_e8.2_400bps_sup@v5.2.0	DS:Z:gpu:NVIDIA GeForce RTX 4070 SUPER	PU:Z:FBG39641	DT:Z:2026-07-15T14:17:26.508000+00:00	tm:Z:none
283559	df425f70-2d82-4148-8c01-0a36744d9520	qs:f:17.7196	ch:i:122	st:Z:2026-07-15T15:01:33.144000+00:00	RG:Z:a40d6b40-d3ad-4fe7-8245-9c92f794f831_dna_r10.4.1_e8.2_400bps_sup@v5.2.0	DS:Z:gpu:NVIDIA GeForce RTX 4070 SUPER	PU:Z:FBG39641	DT:Z:2026-07-15T14:17:26.508000+00:00	tm:Z:adapter,primer rc
283559	f2b8db72-544f-4d6e-9ad2-b37eaa81fa66	qs:f:14.8065	ch:i:389	st:Z:2026-07-15T15:26:14.362000+00:00	RG:Z:a40d6b40-d3ad-4fe7-8245-9c92f794f831_dna_r10.4.1_e8.2_400bps_sup@v5.2.0	DS:Z:gpu:NVIDIA GeForce RTX 4070 SUPER	PU:Z:FBG39641	DT:Z:2026-07-15T14:17:26.508000+00:00	tm:Z:none
283559	1f945d56-6afa-4fe2-b52a-862b48840c6f	qs:f:15.1599	ch:i:155	st:Z:2026-07-15T16:54:08.570000+00:00	RG:Z:a40d6b40-d3ad-4fe7-8245-9c92f794f831_dna_r10.4.1_e8.2_400bps_sup@v5.2.0	DS:Z:gpu:NVIDIA GeForce RTX 4070 SUPER	PU:Z:FBG39641	DT:Z:2026-07-15T14:17:26.508000+00:00	tm:Z:none
283559	60d05919-1617-4d81-b607-3ef87d74b230	qs:f:15.8992	ch:i:126	st:Z:2026-07-15T23:18:13.467000+00:00	RG:Z:a40d6b40-d3ad-4fe7-8245-9c92f794f831_dna_r10.4.1_e8.2_400bps_sup@v5.2.0	DS:Z:gpu:NVIDIA GeForce RTX 4070 SUPER	PU:Z:FBG39641	DT:Z:2026-07-15T14:17:26.508000+00:00	tm:Z:adapter,primer
283559	3a04f3c1-935f-4cc7-99ec-dd61862d03c3	qs:f:13.2166	ch:i:343	st:Z:2026-07-15T23:44:27.478000+00:00	RG:Z:a40d6b40-d3ad-4fe7-8245-9c92f794f831_dna_r10.4.1_e8.2_400bps_sup@v5.2.0	DS:Z:gpu:NVIDIA GeForce RTX 4070 SUPER	PU:Z:FBG39641	DT:Z:2026-07-15T14:17:26.508000+00:00	tm:Z:none rc
283559	34caefef-7a29-4092-93ad-3b9a4f6c73e6	qs:f:15.1475	ch:i:112	st:Z:2026-07-15T15:12:04.450000+00:00	RG:Z:a40d6b40-d3ad-4fe7-8245-9c92f794f831_dna_r10.4.1_e8.2_400bps_sup@v5.2.0	DS:Z:gpu:NVIDIA GeForce RTX 4070 SUPER	PU:Z:FBG39641	DT:Z:2026-07-15T14:17:26.508000+00:00	tm:Z:none
283559	6b381cba-503d-438a-ab42-6aa02bbd7d84	qs:f:15.0662	ch:i:424	st:Z:2026-07-16T00:09:04.106000+00:00	RG:Z:a40d6b40-d3ad-4fe7-8245-9c92f794f831_dna_r10.4.1_e8.2_400bps_sup@v5.2.0	DS:Z:gpu:NVIDIA GeForce RTX 4070 SUPER	PU:Z:FBG39641	DT:Z:2026-07-15T14:17:26.508000+00:00	tm:Z:adapter,primer
283559	36027e6a-d3f9-46ce-ab20-0d61d5b0626c	qs:f:16.8996	ch:i:192	st:Z:2026-07-15T18:00:24.559000+00:00	RG:Z:a40d6b40-d3ad-4fe7-8245-9c92f794f831_dna_r10.4.1_e8.2_400bps_sup@v5.2.0	DS:Z:gpu:NVIDIA GeForce RTX 4070 SUPER	PU:Z:FBG39641	DT:Z:2026-07-15T14:17:26.508000+00:00	tm:Z:none
283559	3977515a-c210-4424-91e5-b0ae61259443	qs:f:15.605	ch:i:335	st:Z:2026-07-15T22:08:32.795000+00:00	RG:Z:a40d6b40-d3ad-4fe7-8245-9c92f794f831_dna_r10.4.1_e8.2_400bps_sup@v5.2.0	DS:Z:gpu:NVIDIA GeForce RTX 4070 SUPER	PU:Z:FBG39641	DT:Z:2026-07-15T14:17:26.508000+00:00	tm:Z:none rc
283559	df2c553b-876f-4644-b01f-57997121c80c	qs:f:14.9139	ch:i:74	st:Z:2026-07-15T21:04:57.783000+00:00	RG:Z:a40d6b40-d3ad-4fe7-8245-9c92f794f831_dna_r10.4.1_e8.2_400bps_sup@v5.2.0	DS:Z:gpu:NVIDIA GeForce RTX 4070 SUPER	PU:Z:FBG39641	DT:Z:2026-07-15T14:17:26.508000+00:00	tm:Z:adapter,primer rc
283559	b55f13f7-702a-4c68-bfaf-a8c610edc9de	qs:f:12.123	ch:i:63	st:Z:2026-07-15T16:53:35.442000+00:00	RG:Z:a40d6b40-d3ad-4fe7-8245-9c92f794f831_dna_r10.4.1_e8.2_400bps_sup@v5.2.0	DS:Z:gpu:NVIDIA GeForce RTX 4070 SUPER	PU:Z:FBG39641	DT:Z:2026-07-15T14:17:26.508000+00:00	tm:Z:adapter,primer rc
283559	12adfe38-3f55-4073-be04-fcb80c42bbcc	qs:f:20.2814	ch:i:179	st:Z:2026-07-15T21:39:36.525000+00:00	RG:Z:a40d6b40-d3ad-4fe7-8245-9c92f794f831_dna_r10.4.1_e8.2_400bps_sup@v5.2.0	DS:Z:gpu:NVIDIA GeForce RTX 4070 SUPER	PU:Z:FBG39641	DT:Z:2026-07-15T14:17:26.508000+00:00	tm:Z:adapter,primer rc
283559	865c4b8a-0034-4dee-a485-3ae73e2e1005	qs:f:8.45941	ch:i:21	st:Z:2026-07-15T15:27:00.631000+00:00	RG:Z:a40d6b40-d3ad-4fe7-8245-9c92f794f831_dna_r10.4.1_e8.2_400bps_sup@v5.2.0	DS:Z:gpu:NVIDIA GeForce RTX 4070 SUPER	PU:Z:FBG39641	DT:Z:2026-07-15T14:17:26.508000+00:00	tm:Z:none rc
283559	d7cff589-b4ef-4a5f-a69d-6ade43aa3aeb	qs:f:15.3564	ch:i:59	st:Z:2026-07-15T15:09:25.503000+00:00	RG:Z:a40d6b40-d3ad-4fe7-8245-9c92f794f831_dna_r10.4.1_e8.2_400bps_sup@v5.2.0	DS:Z:gpu:NVIDIA GeForce RTX 4070 SUPER	PU:Z:FBG39641	DT:Z:2026-07-15T14:17:26.508000+00:00	tm:Z:adapter,primer rc
317166	0c19f10a-efe1-4ea2-93c4-1dd278862fa2	qs:f:14.771	ch:i:344	st:Z:2026-07-16T00:32:15.832000+00:00	RG:Z:a40d6b40-d3ad-4fe7-8245-9c92f794f831_dna_r10.4.1_e8.2_400bps_sup@v5.2.0	DS:Z:gpu:NVIDIA GeForce RTX 4070 SUPER	PU:Z:FBG39641	DT:Z:2026-07-15T14:17:26.508000+00:00	tm:Z:adapter,primer
317166	e671fc52-2e66-4742-9e9c-5e35683beb45	qs:f:13.2379	ch:i:390	st:Z:2026-07-15T22:12:12.637000+00:00	RG:Z:a40d6b40-d3ad-4fe7-8245-9c92f794f831_dna_r10.4.1_e8.2_400bps_sup@v5.2.0	DS:Z:gpu:NVIDIA GeForce RTX 4070 SUPER	PU:Z:FBG39641	DT:Z:2026-07-15T14:17:26.508000+00:00	tm:Z:adapter,primer
317166	2e576616-a275-4263-98e8-489fce704d37	qs:f:13.7141	ch:i:236	st:Z:2026-07-16T00:17:39.794000+00:00	RG:Z:a40d6b40-d3ad-4fe7-8245-9c92f794f831_dna_r10.4.1_e8.2_400bps_sup@v5.2.0	DS:Z:gpu:NVIDIA GeForce RTX 4070 SUPER	PU:Z:FBG39641	DT:Z:2026-07-15T14:17:26.508000+00:00	tm:Z:adapter,primer
317166	4cadba4f-03a2-477a-9196-861a26079c05	qs:f:13.6773	ch:i:279	st:Z:2026-07-15T14:34:26.740000+00:00	RG:Z:a40d6b40-d3ad-4fe7-8245-9c92f794f831_dna_r10.4.1_e8.2_400bps_sup@v5.2.0	DS:Z:gpu:NVIDIA GeForce RTX 4070 SUPER	PU:Z:FBG39641	DT:Z:2026-07-15T14:17:26.508000+00:00	tm:Z:adapter,primer rc
317166	2b75e017-04d0-4bdc-9fc4-49bad8a7b597	qs:f:13.1294	ch:i:258	st:Z:2026-07-16T01:51:42.970000+00:00	RG:Z:a40d6b40-d3ad-4fe7-8245-9c92f794f831_dna_r10.4.1_e8.2_400bps_sup@v5.2.0	DS:Z:gpu:NVIDIA GeForce RTX 4070 SUPER	PU:Z:FBG39641	DT:Z:2026-07-15T14:17:26.508000+00:00	tm:Z:adapter,primer rc
317166	ac0e3953-0a8e-4e38-808c-411764fd0b9d	qs:f:16.7047	ch:i:408	st:Z:2026-07-15T21:19:30.270000+00:00	RG:Z:a40d6b40-d3ad-4fe7-8245-9c92f794f831_dna_r10.4.1_e8.2_400bps_sup@v5.2.0	DS:Z:gpu:NVIDIA GeForce RTX 4070 SUPER	PU:Z:FBG39641	DT:Z:2026-07-15T14:17:26.508000+00:00	tm:Z:adapter,primer
317166	4b687040-5f24-4a2b-9f2a-4caac2ca20ad	qs:f:16.009	ch:i:183	st:Z:2026-07-15T14:42:55.024000+00:00	RG:Z:a40d6b40-d3ad-4fe7-8245-9c92f794f831_dna_r10.4.1_e8.2_400bps_sup@v5.2.0	DS:Z:gpu:NVIDIA GeForce RTX 4070 SUPER	PU:Z:FBG39641	DT:Z:2026-07-15T14:17:26.508000+00:00	tm:Z:adapter,primer
317166	fbb9f1a1-1c3d-4045-b70c-684447d5ed41	qs:f:14.7518	ch:i:195	st:Z:2026-07-15T15:22:34.506000+00:00	RG:Z:a40d6b40-d3ad-4fe7-8245-9c92f794f831_dna_r10.4.1_e8.2_400bps_sup@v5.2.0	DS:Z:gpu:NVIDIA GeForce RTX 4070 SUPER	PU:Z:FBG39641	DT:Z:2026-07-15T14:17:26.508000+00:00	tm:Z:adapter,primer
317166	7425cdcb-ee69-4d97-a275-48f35538b92e	qs:f:16.1791	ch:i:48	st:Z:2026-07-15T17:40:21.777000+00:00	RG:Z:a40d6b40-d3ad-4fe7-8245-9c92f794f831_dna_r10.4.1_e8.2_400bps_sup@v5.2.0	DS:Z:gpu:NVIDIA GeForce RTX 4070 SUPER	PU:Z:FBG39641	DT:Z:2026-07-15T14:17:26.508000+00:00	tm:Z:adapter,primer
317166	7cef84cb-46f0-4aa6-aed2-de9edc38d2de	qs:f:16.0206	ch:i:393	st:Z:2026-07-15T21:01:39.557000+00:00	RG:Z:a40d6b40-d3ad-4fe7-8245-9c92f794f831_dna_r10.4.1_e8.2_400bps_sup@v5.2.0	DS:Z:gpu:NVIDIA GeForce RTX 4070 SUPER	PU:Z:FBG39641	DT:Z:2026-07-15T14:17:26.508000+00:00	tm:Z:adapter,primer
317166	2f046f65-236c-468c-ba91-c665edc6dfaa	qs:f:16.2739	ch:i:126	st:Z:2026-07-16T00:53:56.846000+00:00	RG:Z:a40d6b40-d3ad-4fe7-8245-9c92f794f831_dna_r10.4.1_e8.2_400bps_sup@v5.2.0	DS:Z:gpu:NVIDIA GeForce RTX 4070 SUPER	PU:Z:FBG39641	DT:Z:2026-07-15T14:17:26.508000+00:00	tm:Z:adapter,primer rc
317166	177886f2-6b6e-481e-b151-036e2da8c61a	qs:f:13.302	ch:i:470	st:Z:2026-07-15T17:00:35.647000+00:00	RG:Z:a40d6b40-d3ad-4fe7-8245-9c92f794f831_dna_r10.4.1_e8.2_400bps_sup@v5.2.0	DS:Z:gpu:NVIDIA GeForce RTX 4070 SUPER	PU:Z:FBG39641	DT:Z:2026-07-15T14:17:26.508000+00:00	tm:Z:adapter,primer
317166	4c4f22d2-e856-4c7e-85b7-7bad49d72126	qs:f:15.1989	ch:i:101	st:Z:2026-07-15T14:56:56.603000+00:00	RG:Z:a40d6b40-d3ad-4fe7-8245-9c92f794f831_dna_r10.4.1_e8.2_400bps_sup@v5.2.0	DS:Z:gpu:NVIDIA GeForce RTX 4070 SUPER	PU:Z:FBG39641	DT:Z:2026-07-15T14:17:26.508000+00:00	tm:Z:adapter,primer
317166	400d728b-5202-4189-a563-79cc11fcc93f	qs:f:13.3313	ch:i:405	st:Z:2026-07-15T23:21:03.082000+00:00	RG:Z:a40d6b40-d3ad-4fe7-8245-9c92f794f831_dna_r10.4.1_e8.2_400bps_sup@v5.2.0	DS:Z:gpu:NVIDIA GeForce RTX 4070 SUPER	PU:Z:FBG39641	DT:Z:2026-07-15T14:17:26.508000+00:00	tm:Z:none rc
317166	13e505ff-7ed5-46e8-87a0-a0de9d4d6e5c	qs:f:15.6827	ch:i:229	st:Z:2026-07-15T23:30:14.901000+00:00	RG:Z:a40d6b40-d3ad-4fe7-8245-9c92f794f831_dna_r10.4.1_e8.2_400bps_sup@v5.2.0	DS:Z:gpu:NVIDIA GeForce RTX 4070 SUPER	PU:Z:FBG39641	DT:Z:2026-07-15T14:17:26.508000+00:00	tm:Z:adapter,primer
317166	08db6810-e1cc-4056-8893-c472e64ddde8	qs:f:11.1906	ch:i:129	st:Z:2026-07-15T19:26:52.458000+00:00	RG:Z:a40d6b40-d3ad-4fe7-8245-9c92f794f831_dna_r10.4.1_e8.2_400bps_sup@v5.2.0	DS:Z:gpu:NVIDIA GeForce RTX 4070 SUPER	PU:Z:FBG39641	DT:Z:2026-07-15T14:17:26.508000+00:00	tm:Z:none
317166	8bd025a9-2f42-4acb-a240-7b5ee8fb4d60	qs:f:10.2326	ch:i:19	st:Z:2026-07-16T00:43:12.501000+00:00	RG:Z:a40d6b40-d3ad-4fe7-8245-9c92f794f831_dna_r10.4.1_e8.2_400bps_sup@v5.2.0	DS:Z:gpu:NVIDIA GeForce RTX 4070 SUPER	PU:Z:FBG39641	DT:Z:2026-07-15T14:17:26.508000+00:00	tm:Z:adapter,primer
144581	b88f0760-8808-4071-96e7-5f334f6dd2fe	qs:f:22.4753	ch:i:352	st:Z:2026-07-15T20:33:07.659000+00:00	RG:Z:a40d6b40-d3ad-4fe7-8245-9c92f794f831_dna_r10.4.1_e8.2_400bps_sup@v5.2.0	DS:Z:gpu:NVIDIA GeForce RTX 4070 SUPER	PU:Z:FBG39641	DT:Z:2026-07-15T14:17:26.508000+00:00	tm:Z:adapter,primer rc
144581	fb32f619-3ac8-45ba-8b3a-13c62c5935ab	qs:f:23.16	ch:i:429	st:Z:2026-07-15T19:56:50.006000+00:00	RG:Z:a40d6b40-d3ad-4fe7-8245-9c92f794f831_dna_r10.4.1_e8.2_400bps_sup@v5.2.0	DS:Z:gpu:NVIDIA GeForce RTX 4070 SUPER	PU:Z:FBG39641	DT:Z:2026-07-15T14:17:26.508000+00:00	tm:Z:adapter,primer rc
144581	e9e6f1e2-3cbc-4734-9916-6293bd2f2695	qs:f:14.7589	ch:i:402	st:Z:2026-07-15T15:46:19.826000+00:00	RG:Z:a40d6b40-d3ad-4fe7-8245-9c92f794f831_dna_r10.4.1_e8.2_400bps_sup@v5.2.0	DS:Z:gpu:NVIDIA GeForce RTX 4070 SUPER	PU:Z:FBG39641	DT:Z:2026-07-15T14:17:26.508000+00:00	tm:Z:adapter,primer rc
144581	2afcf4c2-aa44-4c11-99f5-b045430ba10d	qs:f:24.142	ch:i:77	st:Z:2026-07-15T17:39:00.548000+00:00	RG:Z:a40d6b40-d3ad-4fe7-8245-9c92f794f831_dna_r10.4.1_e8.2_400bps_sup@v5.2.0	DS:Z:gpu:NVIDIA GeForce RTX 4070 SUPER	PU:Z:FBG39641	DT:Z:2026-07-15T14:17:26.508000+00:00	tm:Z:adapter,primer rc
144581	fa0b6fe2-a0d2-49e4-b156-5dc7b7d5fc57	qs:f:20.2786	ch:i:136	st:Z:2026-07-15T15:00:35.268000+00:00	RG:Z:a40d6b40-d3ad-4fe7-8245-9c92f794f831_dna_r10.4.1_e8.2_400bps_sup@v5.2.0	DS:Z:gpu:NVIDIA GeForce RTX 4070 SUPER	PU:Z:FBG39641	DT:Z:2026-07-15T14:17:26.508000+00:00	tm:Z:adapter,primer
144581	1de13035-ba62-4e0d-b367-0d9ec1ab4237	qs:f:21.4319	ch:i:330	st:Z:2026-07-15T14:37:25.984000+00:00	RG:Z:a40d6b40-d3ad-4fe7-8245-9c92f794f831_dna_r10.4.1_e8.2_400bps_sup@v5.2.0	DS:Z:gpu:NVIDIA GeForce RTX 4070 SUPER	PU:Z:FBG39641	DT:Z:2026-07-15T14:17:26.508000+00:00	tm:Z:adapter,primer rc
144581	7bd91df5-9f08-4932-b901-705f3c060162	qs:f:16.5326	ch:i:148	st:Z:2026-07-15T17:47:36.442000+00:00	RG:Z:a40d6b40-d3ad-4fe7-8245-9c92f794f831_dna_r10.4.1_e8.2_400bps_sup@v5.2.0	DS:Z:gpu:NVIDIA GeForce RTX 4070 SUPER	PU:Z:FBG39641	DT:Z:2026-07-15T14:17:26.508000+00:00	tm:Z:none rc
144581	3e39d6b6-b47a-4d76-8455-edc736b3237d	qs:f:24.6402	ch:i:17	st:Z:2026-07-15T21:14:13.932000+00:00	RG:Z:a40d6b40-d3ad-4fe7-8245-9c92f794f831_dna_r10.4.1_e8.2_400bps_sup@v5.2.0	DS:Z:gpu:NVIDIA GeForce RTX 4070 SUPER	PU:Z:FBG39641	DT:Z:2026-07-15T14:17:26.508000+00:00	tm:Z:adapter,primer rc
144581	217905a6-c6e7-4440-9e77-3843082106ff	qs:f:13.0856	ch:i:275	st:Z:2026-07-15T20:34:25.414000+00:00	RG:Z:a40d6b40-d3ad-4fe7-8245-9c92f794f831_dna_r10.4.1_e8.2_400bps_sup@v5.2.0	DS:Z:gpu:NVIDIA GeForce RTX 4070 SUPER	PU:Z:FBG39641	DT:Z:2026-07-15T14:17:26.508000+00:00	tm:Z:adapter,primer rc
144581	f6d9903b-21d4-4ec0-9386-323b92916325	qs:f:14.8908	ch:i:455	st:Z:2026-07-15T15:33:23.490000+00:00	RG:Z:a40d6b40-d3ad-4fe7-8245-9c92f794f831_dna_r10.4.1_e8.2_400bps_sup@v5.2.0	DS:Z:gpu:NVIDIA GeForce RTX 4070 SUPER	PU:Z:FBG39641	DT:Z:2026-07-15T14:17:26.508000+00:00	tm:Z:none
144581	5d5c4b6a-0271-4ab2-b2fe-14a14b61329d	qs:f:25.7444	ch:i:336	st:Z:2026-07-16T01:51:00.265000+00:00	RG:Z:a40d6b40-d3ad-4fe7-8245-9c92f794f831_dna_r10.4.1_e8.2_400bps_sup@v5.2.0	DS:Z:gpu:NVIDIA GeForce RTX 4070 SUPER	PU:Z:FBG39641	DT:Z:2026-07-15T14:17:26.508000+00:00	tm:Z:adapter,primer
144581	d3e70f35-a0b0-4b0e-af81-d950f929a2ee	qs:f:17.0874	ch:i:271	st:Z:2026-07-15T18:51:29.314000+00:00	RG:Z:a40d6b40-d3ad-4fe7-8245-9c92f794f831_dna_r10.4.1_e8.2_400bps_sup@v5.2.0	DS:Z:gpu:NVIDIA GeForce RTX 4070 SUPER	PU:Z:FBG39641	DT:Z:2026-07-15T14:17:26.508000+00:00	tm:Z:adapter,primer rc
144581	598d2e07-31a6-45ed-867a-5d4fb4beb3e4	qs:f:12.6502	ch:i:401	st:Z:2026-07-15T17:00:31.403000+00:00	RG:Z:a40d6b40-d3ad-4fe7-8245-9c92f794f831_dna_r10.4.1_e8.2_400bps_sup@v5.2.0	DS:Z:gpu:NVIDIA GeForce RTX 4070 SUPER	PU:Z:FBG39641	DT:Z:2026-07-15T14:17:26.508000+00:00	tm:Z:adapter,primer rc
144581	85e87384-590b-47ec-a82a-910f7853d78d	qs:f:21.7428	ch:i:209	st:Z:2026-07-15T16:26:04.229000+00:00	RG:Z:a40d6b40-d3ad-4fe7-8245-9c92f794f831_dna_r10.4.1_e8.2_400bps_sup@v5.2.0	DS:Z:gpu:NVIDIA GeForce RTX 4070 SUPER	PU:Z:FBG39641	DT:Z:2026-07-15T14:17:26.508000+00:00	tm:Z:adapter,primer rc
144581	31680455-83e1-4c76-9f09-a452d3818ea3	qs:f:17.0561	ch:i:510	st:Z:2026-07-15T18:42:53.395000+00:00	RG:Z:a40d6b40-d3ad-4fe7-8245-9c92f794f831_dna_r10.4.1_e8.2_400bps_sup@v5.2.0	DS:Z:gpu:NVIDIA GeForce RTX 4070 SUPER	PU:Z:FBG39641	DT:Z:2026-07-15T14:17:26.508000+00:00	tm:Z:adapter,primer rc
144581	7f3698ec-2704-490d-8a44-2f50778c002e	qs:f:20.4365	ch:i:33	st:Z:2026-07-15T20:38:25.999000+00:00	RG:Z:a40d6b40-d3ad-4fe7-8245-9c92f794f831_dna_r10.4.1_e8.2_400bps_sup@v5.2.0	DS:Z:gpu:NVIDIA GeForce RTX 4070 SUPER	PU:Z:FBG39641	DT:Z:2026-07-15T14:17:26.508000+00:00	tm:Z:adapter,primer rc
318539	ef2f34da-f4b9-4fda-aad7-1cf2bd2807d7	qs:f:17.0452	ch:i:120	st:Z:2026-07-15T21:23:56.361000+00:00	RG:Z:a40d6b40-d3ad-4fe7-8245-9c92f794f831_dna_r10.4.1_e8.2_400bps_sup@v5.2.0	DS:Z:gpu:NVIDIA GeForce RTX 4070 SUPER	PU:Z:FBG39641	DT:Z:2026-07-15T14:17:26.508000+00:00	tm:Z:adapter,primer
318539	189399ec-10a9-4c38-82d0-e4ee378d8dcf	qs:f:15.0595	ch:i:74	st:Z:2026-07-15T16:49:45.073000+00:00	RG:Z:a40d6b40-d3ad-4fe7-8245-9c92f794f831_dna_r10.4.1_e8.2_400bps_sup@v5.2.0	DS:Z:gpu:NVIDIA GeForce RTX 4070 SUPER	PU:Z:FBG39641	DT:Z:2026-07-15T14:17:26.508000+00:00	tm:Z:adapter,primer
318539	7f9c9d25-fe3e-4943-8ad8-79b2fa7166d3	qs:f:16.2094	ch:i:223	st:Z:2026-07-15T23:21:27.888000+00:00	RG:Z:a40d6b40-d3ad-4fe7-8245-9c92f794f831_dna_r10.4.1_e8.2_400bps_sup@v5.2.0	DS:Z:gpu:NVIDIA GeForce RTX 4070 SUPER	PU:Z:FBG39641	DT:Z:2026-07-15T14:17:26.508000+00:00	tm:Z:adapter,primer
318539	1e1cd0ec-a901-46e9-9670-c969292bb1f0	qs:f:15.9716	ch:i:33	st:Z:2026-07-15T16:18:55.409000+00:00	RG:Z:a40d6b40-d3ad-4fe7-8245-9c92f794f831_dna_r10.4.1_e8.2_400bps_sup@v5.2.0	DS:Z:gpu:NVIDIA GeForce RTX 4070 SUPER	PU:Z:FBG39641	DT:Z:2026-07-15T14:17:26.508000+00:00	tm:Z:adapter,primer
318539	e641172a-9ea6-4fa9-89f4-a24fd9c8d4b5	qs:f:14.0837	ch:i:359	st:Z:2026-07-15T19:46:16.444000+00:00	RG:Z:a40d6b40-d3ad-4fe7-8245-9c92f794f831_dna_r10.4.1_e8.2_400bps_sup@v5.2.0	DS:Z:gpu:NVIDIA GeForce RTX 4070 SUPER	PU:Z:FBG39641	DT:Z:2026-07-15T14:17:26.508000+00:00	tm:Z:adapter,primer
318539	7656213d-8e9b-4619-b4f3-e0d8bb1a7e80	qs:f:15.6349	ch:i:167	st:Z:2026-07-15T19:07:12.561000+00:00	RG:Z:a40d6b40-d3ad-4fe7-8245-9c92f794f831_dna_r10.4.1_e8.2_400bps_sup@v5.2.0	DS:Z:gpu:NVIDIA GeForce RTX 4070 SUPER	PU:Z:FBG39641	DT:Z:2026-07-15T14:17:26.508000+00:00	tm:Z:adapter,primer
318539	af80e067-fcbd-4f45-9e77-fff12c731ce9	qs:f:15.6252	ch:i:130	st:Z:2026-07-15T19:56:12.845000+00:00	RG:Z:a40d6b40-d3ad-4fe7-8245-9c92f794f831_dna_r10.4.1_e8.2_400bps_sup@v5.2.0	DS:Z:gpu:NVIDIA GeForce RTX 4070 SUPER	PU:Z:FBG39641	DT:Z:2026-07-15T14:17:26.508000+00:00	tm:Z:adapter,primer
318539	ab535070-f6d4-407c-95c7-575da43d5f47	qs:f:15.5014	ch:i:173	st:Z:2026-07-15T16:28:02.367000+00:00	RG:Z:a40d6b40-d3ad-4fe7-8245-9c92f794f831_dna_r10.4.1_e8.2_400bps_sup@v5.2.0	DS:Z:gpu:NVIDIA GeForce RTX 4070 SUPER	PU:Z:FBG39641	DT:Z:2026-07-15T14:17:26.508000+00:00	tm:Z:adapter,primer
318539	3e6b64cf-e2d8-46bb-994d-ccf83e330d51	qs:f:12.2889	ch:i:160	st:Z:2026-07-15T16:32:26.856000+00:00	RG:Z:a40d6b40-d3ad-4fe7-8245-9c92f794f831_dna_r10.4.1_e8.2_400bps_sup@v5.2.0	DS:Z:gpu:NVIDIA GeForce RTX 4070 SUPER	PU:Z:FBG39641	DT:Z:2026-07-15T14:17:26.508000+00:00	tm:Z:none
318539	7e61729a-4f24-48c7-9348-a715cc3b111e	qs:f:16.9228	ch:i:203	st:Z:2026-07-15T14:44:05.310000+00:00	RG:Z:a40d6b40-d3ad-4fe7-8245-9c92f794f831_dna_r10.4.1_e8.2_400bps_sup@v5.2.0	DS:Z:gpu:NVIDIA GeForce RTX 4070 SUPER	PU:Z:FBG39641	DT:Z:2026-07-15T14:17:26.508000+00:00	tm:Z:adapter,primer
318539	696094d6-8b93-4b7b-98df-37892b6525b1	qs:f:15.2306	ch:i:154	st:Z:2026-07-15T17:31:33.699000+00:00	RG:Z:a40d6b40-d3ad-4fe7-8245-9c92f794f831_dna_r10.4.1_e8.2_400bps_sup@v5.2.0	DS:Z:gpu:NVIDIA GeForce RTX 4070 SUPER	PU:Z:FBG39641	DT:Z:2026-07-15T14:17:26.508000+00:00	tm:Z:adapter,primer
318539	3e9d77b7-5940-4e82-af22-0e13d379ba17	qs:f:14.095	ch:i:468	st:Z:2026-07-15T18:57:16.409000+00:00	RG:Z:a40d6b40-d3ad-4fe7-8245-9c92f794f831_dna_r10.4.1_e8.2_400bps_sup@v5.2.0	DS:Z:gpu:NVIDIA GeForce RTX 4070 SUPER	PU:Z:FBG39641	DT:Z:2026-07-15T14:17:26.508000+00:00	tm:Z:adapter,primer rc
318539	32f4e31c-104a-45f2-93d5-f18e3f33de62	qs:f:12.6394	ch:i:504	st:Z:2026-07-15T16:19:26.229000+00:00	RG:Z:a40d6b40-d3ad-4fe7-8245-9c92f794f831_dna_r10.4.1_e8.2_400bps_sup@v5.2.0	DS:Z:gpu:NVIDIA GeForce RTX 4070 SUPER	PU:Z:FBG39641	DT:Z:2026-07-15T14:17:26.508000+00:00	tm:Z:adapter,primer
318539	0400cba6-c7de-4b15-a50c-54c028208801	qs:f:15.0446	ch:i:156	st:Z:2026-07-15T22:28:40.647000+00:00	RG:Z:a40d6b40-d3ad-4fe7-8245-9c92f794f831_dna_r10.4.1_e8.2_400bps_sup@v5.2.0	DS:Z:gpu:NVIDIA GeForce RTX 4070 SUPER	PU:Z:FBG39641	DT:Z:2026-07-15T14:17:26.508000+00:00	tm:Z:adapter,primer rc
318539	f64005f2-6478-4282-8efc-7e1244923fc3	qs:f:10.4204	ch:i:167	st:Z:2026-07-16T01:52:15.996000+00:00	RG:Z:a40d6b40-d3ad-4fe7-8245-9c92f794f831_dna_r10.4.1_e8.2_400bps_sup@v5.2.0	DS:Z:gpu:NVIDIA GeForce RTX 4070 SUPER	PU:Z:FBG39641	DT:Z:2026-07-15T14:17:26.508000+00:00	tm:Z:adapter,primer rc
318539	e14e910c-7b9d-474b-8e8a-f986919bd5ca	qs:f:14.8801	ch:i:359	st:Z:2026-07-15T17:55:27.092000+00:00	RG:Z:a40d6b40-d3ad-4fe7-8245-9c92f794f831_dna_r10.4.1_e8.2_400bps_sup@v5.2.0	DS:Z:gpu:NVIDIA GeForce RTX 4070 SUPER	PU:Z:FBG39641	DT:Z:2026-07-15T14:17:26.508000+00:00	tm:Z:adapter,primer
286756	87e3b3c3-f1aa-4a1b-8a11-c829ca04bb0f	qs:f:14.7468	ch:i:455	st:Z:2026-07-15T20:15:04.595000+00:00	RG:Z:a40d6b40-d3ad-4fe7-8245-9c92f794f831_dna_r10.4.1_e8.2_400bps_sup@v5.2.0	DS:Z:gpu:NVIDIA GeForce RTX 4070 SUPER	PU:Z:FBG39641	DT:Z:2026-07-15T14:17:26.508000+00:00	tm:Z:none
286756	d7bd428a-5233-4715-9cc3-6fbc0202b5d6	qs:f:17.7433	ch:i:168	st:Z:2026-07-15T17:47:48.744000+00:00	RG:Z:a40d6b40-d3ad-4fe7-8245-9c92f794f831_dna_r10.4.1_e8.2_400bps_sup@v5.2.0	DS:Z:gpu:NVIDIA GeForce RTX 4070 SUPER	PU:Z:FBG39641	DT:Z:2026-07-15T14:17:26.508000+00:00	tm:Z:adapter,primer
286756	b58ffb8d-e3e8-49a8-88d5-4a7adff4ca51	qs:f:18.0681	ch:i:305	st:Z:2026-07-15T17:58:26.012000+00:00	RG:Z:a40d6b40-d3ad-4fe7-8245-9c92f794f831_dna_r10.4.1_e8.2_400bps_sup@v5.2.0	DS:Z:gpu:NVIDIA GeForce RTX 4070 SUPER	PU:Z:FBG39641	DT:Z:2026-07-15T14:17:26.508000+00:00	tm:Z:adapter,primer
286756	e5263f84-e55c-4a9f-9221-120bc9f669f3	qs:f:14.759	ch:i:452	st:Z:2026-07-15T19:21:03.171000+00:00	RG:Z:a40d6b40-d3ad-4fe7-8245-9c92f794f831_dna_r10.4.1_e8.2_400bps_sup@v5.2.0	DS:Z:gpu:NVIDIA GeForce RTX 4070 SUPER	PU:Z:FBG39641	DT:Z:2026-07-15T14:17:26.508000+00:00	tm:Z:none rc
286756	62bf0e95-0d52-46e0-b22c-93bbfc43cd2e	qs:f:16.398	ch:i:180	st:Z:2026-07-15T18:56:22.941000+00:00	RG:Z:a40d6b40-d3ad-4fe7-8245-9c92f794f831_dna_r10.4.1_e8.2_400bps_sup@v5.2.0	DS:Z:gpu:NVIDIA GeForce RTX 4070 SUPER	PU:Z:FBG39641	DT:Z:2026-07-15T14:17:26.508000+00:00	tm:Z:none
286756	83eaf403-caff-4538-b5a8-699d21a8de0d	qs:f:13.994	ch:i:280	st:Z:2026-07-15T18:15:01.304000+00:00	RG:Z:a40d6b40-d3ad-4fe7-8245-9c92f794f831_dna_r10.4.1_e8.2_400bps_sup@v5.2.0	DS:Z:gpu:NVIDIA GeForce RTX 4070 SUPER	PU:Z:FBG39641	DT:Z:2026-07-15T14:17:26.508000+00:00	tm:Z:none rc
286756	30e470a1-d8a3-44c5-9401-e655dd824078	qs:f:17.9807	ch:i:66	st:Z:2026-07-16T01:01:11.101000+00:00	RG:Z:a40d6b40-d3ad-4fe7-8245-9c92f794f831_dna_r10.4.1_e8.2_400bps_sup@v5.2.0	DS:Z:gpu:NVIDIA GeForce RTX 4070 SUPER	PU:Z:FBG39641	DT:Z:2026-07-15T14:17:26.508000+00:00	tm:Z:adapter,primer rc
286756	2ec69c54-e427-4a59-8b26-cfb68bbedf9f	qs:f:17.3203	ch:i:192	st:Z:2026-07-16T01:07:23.229000+00:00	RG:Z:a40d6b40-d3ad-4fe7-8245-9c92f794f831_dna_r10.4.1_e8.2_400bps_sup@v5.2.0	DS:Z:gpu:NVIDIA GeForce RTX 4070 SUPER	PU:Z:FBG39641	DT:Z:2026-07-15T14:17:26.508000+00:00	tm:Z:adapter,primer rc
286756	21866837-1d42-4e11-8fa6-75e454c074e7	qs:f:13.871	ch:i:224	st:Z:2026-07-15T19:29:11.353000+00:00	RG:Z:a40d6b40-d3ad-4fe7-8245-9c92f794f831_dna_r10.4.1_e8.2_400bps_sup@v5.2.0	DS:Z:gpu:NVIDIA GeForce RTX 4070 SUPER	PU:Z:FBG39641	DT:Z:2026-07-15T14:17:26.508000+00:00	tm:Z:adapter,primer
286756	7ff03460-6431-45b4-8c4b-0555a5f27299	qs:f:15.3814	ch:i:223	st:Z:2026-07-15T17:58:45.701000+00:00	RG:Z:a40d6b40-d3ad-4fe7-8245-9c92f794f831_dna_r10.4.1_e8.2_400bps_sup@v5.2.0	DS:Z:gpu:NVIDIA GeForce RTX 4070 SUPER	PU:Z:FBG39641	DT:Z:2026-07-15T14:17:26.508000+00:00	tm:Z:adapter,primer rc
286756	7e2e63be-2881-4013-9c1c-2b8c7cc3e013	qs:f:17.9123	ch:i:275	st:Z:2026-07-16T02:08:16.838000+00:00	RG:Z:a40d6b40-d3ad-4fe7-8245-9c92f794f831_dna_r10.4.1_e8.2_400bps_sup@v5.2.0	DS:Z:gpu:NVIDIA GeForce RTX 4070 SUPER	PU:Z:FBG39641	DT:Z:2026-07-15T14:17:26.508000+00:00	tm:Z:adapter,primer rc
286756	7e6c656c-13d2-4a3e-a9a4-8d61258f8b8f	qs:f:19.0689	ch:i:40	st:Z:2026-07-15T21:39:52.744000+00:00	RG:Z:a40d6b40-d3ad-4fe7-8245-9c92f794f831_dna_r10.4.1_e8.2_400bps_sup@v5.2.0	DS:Z:gpu:NVIDIA GeForce RTX 4070 SUPER	PU:Z:FBG39641	DT:Z:2026-07-15T14:17:26.508000+00:00	tm:Z:adapter,primer rc
286756	2ec4223e-0896-4cf3-8c0b-349be29655e7	qs:f:22.0661	ch:i:223	st:Z:2026-07-15T16:30:00.699000+00:00	RG:Z:a40d6b40-d3ad-4fe7-8245-9c92f794f831_dna_r10.4.1_e8.2_400bps_sup@v5.2.0	DS:Z:gpu:NVIDIA GeForce RTX 4070 SUPER	PU:Z:FBG39641	DT:Z:2026-07-15T14:17:26.508000+00:00	tm:Z:adapter,primer
286756	471c6bb2-a775-47b0-ba12-465ae05f8334	qs:f:19.8015	ch:i:173	st:Z:2026-07-15T17:47:05.025000+00:00	RG:Z:a40d6b40-d3ad-4fe7-8245-9c92f794f831_dna_r10.4.1_e8.2_400bps_sup@v5.2.0	DS:Z:gpu:NVIDIA GeForce RTX 4070 SUPER	PU:Z:FBG39641	DT:Z:2026-07-15T14:17:26.508000+00:00	tm:Z:adapter,primer rc
286756	c3215f0c-7e2d-4cc3-93d9-efcb14566421	qs:f:16.0525	ch:i:147	st:Z:2026-07-15T21:04:25.315000+00:00	RG:Z:a40d6b40-d3ad-4fe7-8245-9c92f794f831_dna_r10.4.1_e8.2_400bps_sup@v5.2.0	DS:Z:gpu:NVIDIA GeForce RTX 4070 SUPER	PU:Z:FBG39641	DT:Z:2026-07-15T14:17:26.508000+00:00	tm:Z:adapter,primer
192809	653301aa-d9a1-48c6-a38b-4d6569f50fdc	qs:f:23.4115	ch:i:129	st:Z:2026-07-15T14:42:46.935000+00:00	RG:Z:a40d6b40-d3ad-4fe7-8245-9c92f794f831_dna_r10.4.1_e8.2_400bps_sup@v5.2.0	DS:Z:gpu:NVIDIA GeForce RTX 4070 SUPER	PU:Z:FBG39641	DT:Z:2026-07-15T14:17:26.508000+00:00	tm:Z:adapter,primer
192809	6646dd56-e614-4af5-9aa8-63a4f396a3cb	qs:f:23.1278	ch:i:203	st:Z:2026-07-16T02:12:39.616000+00:00	RG:Z:a40d6b40-d3ad-4fe7-8245-9c92f794f831_dna_r10.4.1_e8.2_400bps_sup@v5.2.0	DS:Z:gpu:NVIDIA GeForce RTX 4070 SUPER	PU:Z:FBG39641	DT:Z:2026-07-15T14:17:26.508000+00:00	tm:Z:adapter,primer
192809	516d0c98-d402-4b01-9173-4464e70f6294	qs:f:19.526	ch:i:450	st:Z:2026-07-15T14:39:37.816000+00:00	RG:Z:a40d6b40-d3ad-4fe7-8245-9c92f794f831_dna_r10.4.1_e8.2_400bps_sup@v5.2.0	DS:Z:gpu:NVIDIA GeForce RTX 4070 SUPER	PU:Z:FBG39641	DT:Z:2026-07-15T14:17:26.508000+00:00	tm:Z:none
192809	33b04d81-2cce-49eb-92d7-a85678be7cde	qs:f:21.2533	ch:i:306	st:Z:2026-07-15T20:21:19.490000+00:00	RG:Z:a40d6b40-d3ad-4fe7-8245-9c92f794f831_dna_r10.4.1_e8.2_400bps_sup@v5.2.0	DS:Z:gpu:NVIDIA GeForce RTX 4070 SUPER	PU:Z:FBG39641	DT:Z:2026-07-15T14:17:26.508000+00:00	tm:Z:adapter,primer rc
192809	6552699d-21d7-4c5e-81e5-d5b50c918300	qs:f:13.0005	ch:i:202	st:Z:2026-07-15T14:27:15.978000+00:00	RG:Z:a40d6b40-d3ad-4fe7-8245-9c92f794f831_dna_r10.4.1_e8.2_400bps_sup@v5.2.0	DS:Z:gpu:NVIDIA GeForce RTX 4070 SUPER	PU:Z:FBG39641	DT:Z:2026-07-15T14:17:26.508000+00:00	tm:Z:adapter,primer rc
192809	a1e7b086-8b10-4626-821b-64cb0fdabe2a	qs:f:20.4974	ch:i:179	st:Z:2026-07-15T16:40:32.586000+00:00	RG:Z:a40d6b40-d3ad-4fe7-8245-9c92f794f831_dna_r10.4.1_e8.2_400bps_sup@v5.2.0	DS:Z:gpu:NVIDIA GeForce RTX 4070 SUPER	PU:Z:FBG39641	DT:Z:2026-07-15T14:17:26.508000+00:00	tm:Z:adapter,primer rc
192809	000e892d-2cb5-4c18-9242-a57e2d24d06e	qs:f:13.6239	ch:i:151	st:Z:2026-07-15T15:10:45.023000+00:00	RG:Z:a40d6b40-d3ad-4fe7-8245-9c92f794f831_dna_r10.4.1_e8.2_400bps_sup@v5.2.0	DS:Z:gpu:NVIDIA GeForce RTX 4070 SUPER	PU:Z:FBG39641	DT:Z:2026-07-15T14:17:26.508000+00:00	tm:Z:adapter,primer rc
192809	1958d548-5bbb-4315-b58f-acab3fe8e0dd	qs:f:15.7108	ch:i:421	st:Z:2026-07-16T00:18:09.932000+00:00	RG:Z:a40d6b40-d3ad-4fe7-8245-9c92f794f831_dna_r10.4.1_e8.2_400bps_sup@v5.2.0	DS:Z:gpu:NVIDIA GeForce RTX 4070 SUPER	PU:Z:FBG39641	DT:Z:2026-07-15T14:17:26.508000+00:00	tm:Z:none
192809	d2156d1a-8fae-4bb7-bc8c-bc3e8431f5ad	qs:f:20.2446	ch:i:107	st:Z:2026-07-15T21:28:33.194000+00:00	RG:Z:a40d6b40-d3ad-4fe7-8245-9c92f794f831_dna_r10.4.1_e8.2_400bps_sup@v5.2.0	DS:Z:gpu:NVIDIA GeForce RTX 4070 SUPER	PU:Z:FBG39641	DT:Z:2026-07-15T14:17:26.508000+00:00	tm:Z:adapter,primer
192809	4afa4630-dd18-46c1-a9cb-437c9cd77f3e	qs:f:17.7553	ch:i:235	st:Z:2026-07-15T14:29:39.189000+00:00	RG:Z:a40d6b40-d3ad-4fe7-8245-9c92f794f831_dna_r10.4.1_e8.2_400bps_sup@v5.2.0	DS:Z:gpu:NVIDIA GeForce RTX 4070 SUPER	PU:Z:FBG39641	DT:Z:2026-07-15T14:17:26.508000+00:00	tm:Z:adapter,primer
192809	b520bf8b-2701-4e3d-8808-1f74c84e6b99	qs:f:15.2986	ch:i:388	st:Z:2026-07-15T18:42:07.408000+00:00	RG:Z:a40d6b40-d3ad-4fe7-8245-9c92f794f831_dna_r10.4.1_e8.2_400bps_sup@v5.2.0	DS:Z:gpu:NVIDIA GeForce RTX 4070 SUPER	PU:Z:FBG39641	DT:Z:2026-07-15T14:17:26.508000+00:00	tm:Z:adapter,primer
192809	c160a832-1058-4017-b836-a36079702948	qs:f:13.9117	ch:i:429	st:Z:2026-07-15T22:00:19.556000+00:00	RG:Z:a40d6b40-d3ad-4fe7-8245-9c92f794f831_dna_r10.4.1_e8.2_400bps_sup@v5.2.0	DS:Z:gpu:NVIDIA GeForce RTX 4070 SUPER	PU:Z:FBG39641	DT:Z:2026-07-15T14:17:26.508000+00:00	tm:Z:none
192809	20872f39-6c2c-49aa-923a-4c54435f5d38	qs:f:14.2335	ch:i:66	st:Z:2026-07-15T17:30:29.517000+00:00	RG:Z:a40d6b40-d3ad-4fe7-8245-9c92f794f831_dna_r10.4.1_e8.2_400bps_sup@v5.2.0	DS:Z:gpu:NVIDIA GeForce RTX 4070 SUPER	PU:Z:FBG39641	DT:Z:2026-07-15T14:17:26.508000+00:00	tm:Z:adapter,primer rc
192809	0e95ccbb-bd3a-460e-8134-4759ee7132e3	qs:f:14.5507	ch:i:422	st:Z:2026-07-16T01:04:10.851000+00:00	RG:Z:a40d6b40-d3ad-4fe7-8245-9c92f794f831_dna_r10.4.1_e8.2_400bps_sup@v5.2.0	DS:Z:gpu:NVIDIA GeForce RTX 4070 SUPER	PU:Z:FBG39641	DT:Z:2026-07-15T14:17:26.508000+00:00	tm:Z:none rc
95814	4fe2ac02-3819-47b9-824e-6db89dadaa82	qs:f:14.1467	ch:i:401	st:Z:2026-07-15T23:11:39.065000+00:00	RG:Z:a40d6b40-d3ad-4fe7-8245-9c92f794f831_dna_r10.4.1_e8.2_400bps_sup@v5.2.0	DS:Z:gpu:NVIDIA GeForce RTX 4070 SUPER	PU:Z:FBG39641	DT:Z:2026-07-15T14:17:26.508000+00:00	tm:Z:adapter,primer
95814	3f7a1a6d-1a64-4098-84cb-f3def5560538	qs:f:22.5262	ch:i:451	st:Z:2026-07-15T23:24:24.822000+00:00	RG:Z:a40d6b40-d3ad-4fe7-8245-9c92f794f831_dna_r10.4.1_e8.2_400bps_sup@v5.2.0	DS:Z:gpu:NVIDIA GeForce RTX 4070 SUPER	PU:Z:FBG39641	DT:Z:2026-07-15T14:17:26.508000+00:00	tm:Z:adapter,primer rc
95814	5e1a3d3b-af77-4428-955f-52621625f21c	qs:f:27.4439	ch:i:136	st:Z:2026-07-16T00:57:29.466000+00:00	RG:Z:a40d6b40-d3ad-4fe7-8245-9c92f794f831_dna_r10.4.1_e8.2_400bps_sup@v5.2.0	DS:Z:gpu:NVIDIA GeForce RTX 4070 SUPER	PU:Z:FBG39641	DT:Z:2026-07-15T14:17:26.508000+00:00	tm:Z:none rc
95814	be301807-12b7-4e1c-a492-e4555fee4661	qs:f:18.9975	ch:i:261	st:Z:2026-07-16T01:07:03.208000+00:00	RG:Z:a40d6b40-d3ad-4fe7-8245-9c92f794f831_dna_r10.4.1_e8.2_400bps_sup@v5.2.0	DS:Z:gpu:NVIDIA GeForce RTX 4070 SUPER	PU:Z:FBG39641	DT:Z:2026-07-15T14:17:26.508000+00:00	tm:Z:adapter,primer
95814	0f2ed4a2-01c9-4053-b088-4f329f86a8ce	qs:f:26.3166	ch:i:359	st:Z:2026-07-15T18:30:42.247000+00:00	RG:Z:a40d6b40-d3ad-4fe7-8245-9c92f794f831_dna_r10.4.1_e8.2_400bps_sup@v5.2.0	DS:Z:gpu:NVIDIA GeForce RTX 4070 SUPER	PU:Z:FBG39641	DT:Z:2026-07-15T14:17:26.508000+00:00	tm:Z:adapter,primer
95814	ed1e254a-a27d-485a-a7a4-972eea2414d2	qs:f:20.895	ch:i:120	st:Z:2026-07-15T17:23:28.916000+00:00	RG:Z:a40d6b40-d3ad-4fe7-8245-9c92f794f831_dna_r10.4.1_e8.2_400bps_sup@v5.2.0	DS:Z:gpu:NVIDIA GeForce RTX 4070 SUPER	PU:Z:FBG39641	DT:Z:2026-07-15T14:17:26.508000+00:00	tm:Z:adapter,primer rc
95814	3d5a2caf-9a99-45b2-b39a-58466416973d	qs:f:20.2424	ch:i:149	st:Z:2026-07-15T17:46:23.130000+00:00	RG:Z:a40d6b40-d3ad-4fe7-8245-9c92f794f831_dna_r10.4.1_e8.2_400bps_sup@v5.2.0	DS:Z:gpu:NVIDIA GeForce RTX 4070 SUPER	PU:Z:FBG39641	DT:Z:2026-07-15T14:17:26.508000+00:00	tm:Z:adapter,primer rc
95814	bd82c1db-4607-44f9-af77-a2bf6d4b020f	qs:f:13.306	ch:i:222	st:Z:2026-07-15T19:14:45.889000+00:00	RG:Z:a40d6b40-d3ad-4fe7-8245-9c92f794f831_dna_r10.4.1_e8.2_400bps_sup@v5.2.0	DS:Z:gpu:NVIDIA GeForce RTX 4070 SUPER	PU:Z:FBG39641	DT:Z:2026-07-15T14:17:26.508000+00:00	tm:Z:adapter,primer
95814	9a238f32-42ec-4985-890f-7c798621d087	qs:f:15.8574	ch:i:466	st:Z:2026-07-15T17:58:41.655000+00:00	RG:Z:a40d6b40-d3ad-4fe7-8245-9c92f794f831_dna_r10.4.1_e8.2_400bps_sup@v5.2.0	DS:Z:gpu:NVIDIA GeForce RTX 4070 SUPER	PU:Z:FBG39641	DT:Z:2026-07-15T14:17:26.508000+00:00	tm:Z:none rc
95814	2f5963f0-81cb-4172-8ab7-35675b5d15c2	qs:f:14.7171	ch:i:502	st:Z:2026-07-16T00:28:40.849000+00:00	RG:Z:a40d6b40-d3ad-4fe7-8245-9c92f794f831_dna_r10.4.1_e8.2_400bps_sup@v5.2.0	DS:Z:gpu:NVIDIA GeForce RTX 4070 SUPER	PU:Z:FBG39641	DT:Z:2026-07-15T14:17:26.508000+00:00	tm:Z:adapter,primer
95814	fa847fbd-9c2b-4483-91d7-5f4897aa171f	qs:f:21.7142	ch:i:386	st:Z:2026-07-16T01:58:46.634000+00:00	RG:Z:a40d6b40-d3ad-4fe7-8245-9c92f794f831_dna_r10.4.1_e8.2_400bps_sup@v5.2.0	DS:Z:gpu:NVIDIA GeForce RTX 4070 SUPER	PU:Z:FBG39641	DT:Z:2026-07-15T14:17:26.508000+00:00	tm:Z:adapter,primer
95814	34185bca-8299-4963-81da-56431ada6b25	qs:f:18.4963	ch:i:330	st:Z:2026-07-15T17:17:38.844000+00:00	RG:Z:a40d6b40-d3ad-4fe7-8245-9c92f794f831_dna_r10.4.1_e8.2_400bps_sup@v5.2.0	DS:Z:gpu:NVIDIA GeForce RTX 4070 SUPER	PU:Z:FBG39641	DT:Z:2026-07-15T14:17:26.508000+00:00	tm:Z:adapter,primer rc
95814	830ea3cd-b7c6-4adf-ae50-10b755873792	qs:f:20.8165	ch:i:51	st:Z:2026-07-16T00:42:16.902000+00:00	RG:Z:a40d6b40-d3ad-4fe7-8245-9c92f794f831_dna_r10.4.1_e8.2_400bps_sup@v5.2.0	DS:Z:gpu:NVIDIA GeForce RTX 4070 SUPER	PU:Z:FBG39641	DT:Z:2026-07-15T14:17:26.508000+00:00	tm:Z:adapter,primer rc
37182	e87821ec-5857-4ae8-b208-e1fb0fb25856	qs:f:32.2534	ch:i:79	st:Z:2026-07-15T18:34:03.873000+00:00	RG:Z:a40d6b40-d3ad-4fe7-8245-9c92f794f831_dna_r10.4.1_e8.2_400bps_sup@v5.2.0	DS:Z:gpu:NVIDIA GeForce RTX 4070 SUPER	PU:Z:FBG39641	DT:Z:2026-07-15T14:17:26.508000+00:00	tm:Z:adapter,primer rc
37182	4ada0e7f-37b6-4520-9f5f-3020af32b5e9	qs:f:29.1639	ch:i:117	st:Z:2026-07-15T22:01:47.499000+00:00	RG:Z:a40d6b40-d3ad-4fe7-8245-9c92f794f831_dna_r10.4.1_e8.2_400bps_sup@v5.2.0	DS:Z:gpu:NVIDIA GeForce RTX 4070 SUPER	PU:Z:FBG39641	DT:Z:2026-07-15T14:17:26.508000+00:00	tm:Z:adapter,primer rc
37182	5bb99fc3-87c0-40a9-bcf0-dfe585732a3b	qs:f:16.7416	ch:i:123	st:Z:2026-07-15T21:04:59.571000+00:00	RG:Z:a40d6b40-d3ad-4fe7-8245-9c92f794f831_dna_r10.4.1_e8.2_400bps_sup@v5.2.0	DS:Z:gpu:NVIDIA GeForce RTX 4070 SUPER	PU:Z:FBG39641	DT:Z:2026-07-15T14:17:26.508000+00:00	tm:Z:adapter,primer
37182	618c0b16-ca3c-4e4d-90da-61b034429101	qs:f:20.7782	ch:i:48	st:Z:2026-07-15T15:38:39.995000+00:00	RG:Z:a40d6b40-d3ad-4fe7-8245-9c92f794f831_dna_r10.4.1_e8.2_400bps_sup@v5.2.0	DS:Z:gpu:NVIDIA GeForce RTX 4070 SUPER	PU:Z:FBG39641	DT:Z:2026-07-15T14:17:26.508000+00:00	tm:Z:none rc
37182	274313e7-decf-4a6f-87cc-ced216fd6534	qs:f:21.9059	ch:i:344	st:Z:2026-07-15T15:24:23.032000+00:00	RG:Z:a40d6b40-d3ad-4fe7-8245-9c92f794f831_dna_r10.4.1_e8.2_400bps_sup@v5.2.0	DS:Z:gpu:NVIDIA GeForce RTX 4070 SUPER	PU:Z:FBG39641	DT:Z:2026-07-15T14:17:26.508000+00:00	tm:Z:adapter,primer rc
37182	58ee46a0-243d-4b30-8eb2-dcd3577cf281	qs:f:30.8527	ch:i:79	st:Z:2026-07-15T21:04:45.375000+00:00	RG:Z:a40d6b40-d3ad-4fe7-8245-9c92f794f831_dna_r10.4.1_e8.2_400bps_sup@v5.2.0	DS:Z:gpu:NVIDIA GeForce RTX 4070 SUPER	PU:Z:FBG39641	DT:Z:2026-07-15T14:17:26.508000+00:00	tm:Z:none rc
37182	613a728e-5f5e-4100-b163-8bf28bbeb24c	qs:f:18.3381	ch:i:462	st:Z:2026-07-15T20:27:14.229000+00:00	RG:Z:a40d6b40-d3ad-4fe7-8245-9c92f794f831_dna_r10.4.1_e8.2_400bps_sup@v5.2.0	DS:Z:gpu:NVIDIA GeForce RTX 4070 SUPER	PU:Z:FBG39641	DT:Z:2026-07-15T14:17:26.508000+00:00	tm:Z:adapter,primer
37182	39cb35ec-82d0-4e8c-863b-264351944fdf	qs:f:24.7668	ch:i:350	st:Z:2026-07-16T00:24:20.073000+00:00	RG:Z:a40d6b40-d3ad-4fe7-8245-9c92f794f831_dna_r10.4.1_e8.2_400bps_sup@v5.2.0	DS:Z:gpu:NVIDIA GeForce RTX 4070 SUPER	PU:Z:FBG39641	DT:Z:2026-07-15T14:17:26.508000+00:00	tm:Z:none rc
37182	df5c6d46-1801-4cc0-90b5-8b1159762b7f	qs:f:24.0399	ch:i:454	st:Z:2026-07-15T20:53:02.906000+00:00	RG:Z:a40d6b40-d3ad-4fe7-8245-9c92f794f831_dna_r10.4.1_e8.2_400bps_sup@v5.2.0	DS:Z:gpu:NVIDIA GeForce RTX 4070 SUPER	PU:Z:FBG39641	DT:Z:2026-07-15T14:17:26.508000+00:00	tm:Z:adapter,primer
37182	e6a34705-8ceb-4c2e-8805-ea1603f16e41	qs:f:17.2177	ch:i:391	st:Z:2026-07-16T00:05:32.433000+00:00	RG:Z:a40d6b40-d3ad-4fe7-8245-9c92f794f831_dna_r10.4.1_e8.2_400bps_sup@v5.2.0	DS:Z:gpu:NVIDIA GeForce RTX 4070 SUPER	PU:Z:FBG39641	DT:Z:2026-07-15T14:17:26.508000+00:00	tm:Z:adapter,primer
37182	a2df64b7-8d99-403f-a15a-3e5f48b87039	qs:f:22.7652	ch:i:408	st:Z:2026-07-15T21:34:53.980000+00:00	RG:Z:a40d6b40-d3ad-4fe7-8245-9c92f794f831_dna_r10.4.1_e8.2_400bps_sup@v5.2.0	DS:Z:gpu:NVIDIA GeForce RTX 4070 SUPER	PU:Z:FBG39641	DT:Z:2026-07-15T14:17:26.508000+00:00	tm:Z:adapter,primer
235382	2eda5cd2-f649-4f85-b872-903e39909863	qs:f:18.875	ch:i:446	st:Z:2026-07-15T15:01:23.385000+00:00	RG:Z:a40d6b40-d3ad-4fe7-8245-9c92f794f831_dna_r10.4.1_e8.2_400bps_sup@v5.2.0	DS:Z:gpu:NVIDIA GeForce RTX 4070 SUPER	PU:Z:FBG39641	DT:Z:2026-07-15T14:17:26.508000+00:00	tm:Z:adapter,primer rc
235382	da403f9e-1e2d-4e31-9bb0-4d1750244437	qs:f:20.4634	ch:i:422	st:Z:2026-07-15T21:27:05.906000+00:00	RG:Z:a40d6b40-d3ad-4fe7-8245-9c92f794f831_dna_r10.4.1_e8.2_400bps_sup@v5.2.0	DS:Z:gpu:NVIDIA GeForce RTX 4070 SUPER	PU:Z:FBG39641	DT:Z:2026-07-15T14:17:26.508000+00:00	tm:Z:adapter,primer
235382	36a84e26-7495-4628-8353-5562d254050b	qs:f:20.2921	ch:i:191	st:Z:2026-07-15T17:16:38.175000+00:00	RG:Z:a40d6b40-d3ad-4fe7-8245-9c92f794f831_dna_r10.4.1_e8.2_400bps_sup@v5.2.0	DS:Z:gpu:NVIDIA GeForce RTX 4070 SUPER	PU:Z:FBG39641	DT:Z:2026-07-15T14:17:26.508000+00:00	tm:Z:adapter,primer
235382	df46dcaa-2a43-4bdc-8215-8b01c3450d09	qs:f:19.4147	ch:i:59	st:Z:2026-07-16T01:55:54.183000+00:00	RG:Z:a40d6b40-d3ad-4fe7-8245-9c92f794f831_dna_r10.4.1_e8.2_400bps_sup@v5.2.0	DS:Z:gpu:NVIDIA GeForce RTX 4070 SUPER	PU:Z:FBG39641	DT:Z:2026-07-15T14:17:26.508000+00:00	tm:Z:adapter,primer
235382	e4eb6bce-88b8-48d6-bab5-e19df37b09d7	qs:f:16.289	ch:i:344	st:Z:2026-07-15T15:15:52.822000+00:00	RG:Z:a40d6b40-d3ad-4fe7-8245-9c92f794f831_dna_r10.4.1_e8.2_400bps_sup@v5.2.0	DS:Z:gpu:NVIDIA GeForce RTX 4070 SUPER	PU:Z:FBG39641	DT:Z:2026-07-15T14:17:26.508000+00:00	tm:Z:adapter,primer
235382	91e9cd93-d3c4-428a-a540-9b43e57f25f0	qs:f:18.4431	ch:i:110	st:Z:2026-07-15T19:55:46.099000+00:00	RG:Z:a40d6b40-d3ad-4fe7-8245-9c92f794f831_dna_r10.4.1_e8.2_400bps_sup@v5.2.0	DS:Z:gpu:NVIDIA GeForce RTX 4070 SUPER	PU:Z:FBG39641	DT:Z:2026-07-15T14:17:26.508000+00:00	tm:Z:none rc
235382	b16384ba-ac96-4cfa-b8ff-3ec9e2be2efc	qs:f:14.479	ch:i:156	st:Z:2026-07-15T15:39:09.702000+00:00	RG:Z:a40d6b40-d3ad-4fe7-8245-9c92f794f831_dna_r10.4.1_e8.2_400bps_sup@v5.2.0	DS:Z:gpu:NVIDIA GeForce RTX 4070 SUPER	PU:Z:FBG39641	DT:Z:2026-07-15T14:17:26.508000+00:00	tm:Z:adapter,primer
235382	235c0e54-2dc0-444f-b12e-379c0b9859ac	qs:f:16.2703	ch:i:68	st:Z:2026-07-15T18:06:55.440000+00:00	RG:Z:a40d6b40-d3ad-4fe7-8245-9c92f794f831_dna_r10.4.1_e8.2_400bps_sup@v5.2.0	DS:Z:gpu:NVIDIA GeForce RTX 4070 SUPER	PU:Z:FBG39641	DT:Z:2026-07-15T14:17:26.508000+00:00	tm:Z:adapter,primer
235382	412b28c0-bd83-4f3a-b642-e3ecbad934f3	qs:f:13.3923	ch:i:318	st:Z:2026-07-15T18:26:36.852000+00:00	RG:Z:a40d6b40-d3ad-4fe7-8245-9c92f794f831_dna_r10.4.1_e8.2_400bps_sup@v5.2.0	DS:Z:gpu:NVIDIA GeForce RTX 4070 SUPER	PU:Z:FBG39641	DT:Z:2026-07-15T14:17:26.508000+00:00	tm:Z:adapter,primer
235382	31d9a773-0ebf-4b43-9160-added73121b6	qs:f:19.0716	ch:i:316	st:Z:2026-07-16T02:09:18.025000+00:00	RG:Z:a40d6b40-d3ad-4fe7-8245-9c92f794f831_dna_r10.4.1_e8.2_400bps_sup@v5.2.0	DS:Z:gpu:NVIDIA GeForce RTX 4070 SUPER	PU:Z:FBG39641	DT:Z:2026-07-15T14:17:26.508000+00:00	tm:Z:adapter,primer
235382	2c451cc3-0c6d-45f4-a5e9-095c0bfdfcd8	qs:f:14.4825	ch:i:509	st:Z:2026-07-15T17:17:34.809000+00:00	RG:Z:a40d6b40-d3ad-4fe7-8245-9c92f794f831_dna_r10.4.1_e8.2_400bps_sup@v5.2.0	DS:Z:gpu:NVIDIA GeForce RTX 4070 SUPER	PU:Z:FBG39641	DT:Z:2026-07-15T14:17:26.508000+00:00	tm:Z:none rc
319297	cee43c5d-b595-472e-b388-2b9649b10a43	qs:f:16.768	ch:i:263	st:Z:2026-07-15T15:17:40.598000+00:00	RG:Z:a40d6b40-d3ad-4fe7-8245-9c92f794f831_dna_r10.4.1_e8.2_400bps_sup@v5.2.0	DS:Z:gpu:NVIDIA GeForce RTX 4070 SUPER	PU:Z:FBG39641	DT:Z:2026-07-15T14:17:26.508000+00:00	tm:Z:adapter,primer rc
319297	89f7f685-a5dc-4730-b6d0-b7383001dc70	qs:f:16.3277	ch:i:351	st:Z:2026-07-15T20:59:41.252000+00:00	RG:Z:a40d6b40-d3ad-4fe7-8245-9c92f794f831_dna_r10.4.1_e8.2_400bps_sup@v5.2.0	DS:Z:gpu:NVIDIA GeForce RTX 4070 SUPER	PU:Z:FBG39641	DT:Z:2026-07-15T14:17:26.508000+00:00	tm:Z:adapter,primer
319297	489c184b-bc71-41ba-b03a-308365daa261	qs:f:11.7261	ch:i:148	st:Z:2026-07-15T20:55:04.428000+00:00	RG:Z:a40d6b40-d3ad-4fe7-8245-9c92f794f831_dna_r10.4.1_e8.2_400bps_sup@v5.2.0	DS:Z:gpu:NVIDIA GeForce RTX 4070 SUPER	PU:Z:FBG39641	DT:Z:2026-07-15T14:17:26.508000+00:00	tm:Z:adapter,primer
319297	c4531896-c730-4fa4-9a15-fd6547a679ec	qs:f:16.3706	ch:i:269	st:Z:2026-07-16T00:07:02.149000+00:00	RG:Z:a40d6b40-d3ad-4fe7-8245-9c92f794f831_dna_r10.4.1_e8.2_400bps_sup@v5.2.0	DS:Z:gpu:NVIDIA GeForce RTX 4070 SUPER	PU:Z:FBG39641	DT:Z:2026-07-15T14:17:26.508000+00:00	tm:Z:adapter,primer
319297	3f95c180-93aa-4da2-98c0-f2f5f79e7bbd	qs:f:14.1096	ch:i:75	st:Z:2026-07-15T20:00:02.125000+00:00	RG:Z:a40d6b40-d3ad-4fe7-8245-9c92f794f831_dna_r10.4.1_e8.2_400bps_sup@v5.2.0	DS:Z:gpu:NVIDIA GeForce RTX 4070 SUPER	PU:Z:FBG39641	DT:Z:2026-07-15T14:17:26.508000+00:00	tm:Z:adapter,primer rc
319297	5ec24065-aff7-44ad-89b5-1059eacad5dd	qs:f:13.0318	ch:i:255	st:Z:2026-07-15T14:28:35.889000+00:00	RG:Z:a40d6b40-d3ad-4fe7-8245-9c92f794f831_dna_r10.4.1_e8.2_400bps_sup@v5.2.0	DS:Z:gpu:NVIDIA GeForce RTX 4070 SUPER	PU:Z:FBG39641	DT:Z:2026-07-15T14:17:26.508000+00:00	tm:Z:adapter,primer rc
319297	206aec9d-ac0b-4fd6-8217-8503c2d20037	qs:f:11.3182	ch:i:305	st:Z:2026-07-16T00:31:14.132000+00:00	RG:Z:a40d6b40-d3ad-4fe7-8245-9c92f794f831_dna_r10.4.1_e8.2_400bps_sup@v5.2.0	DS:Z:gpu:NVIDIA GeForce RTX 4070 SUPER	PU:Z:FBG39641	DT:Z:2026-07-15T14:17:26.508000+00:00	tm:Z:adapter,primer rc
319297	a74a1dad-2b1b-4b4d-b9fe-dd972e658289	qs:f:12.8927	ch:i:99	st:Z:2026-07-15T15:10:23.572000+00:00	RG:Z:a40d6b40-d3ad-4fe7-8245-9c92f794f831_dna_r10.4.1_e8.2_400bps_sup@v5.2.0	DS:Z:gpu:NVIDIA GeForce RTX 4070 SUPER	PU:Z:FBG39641	DT:Z:2026-07-15T14:17:26.508000+00:00	tm:Z:adapter,primer rc
319297	8c6a0a87-d178-4ec4-9a41-09133df82867	qs:f:14.5993	ch:i:134	st:Z:2026-07-15T15:26:41.458000+00:00	RG:Z:a40d6b40-d3ad-4fe7-8245-9c92f794f831_dna_r10.4.1_e8.2_400bps_sup@v5.2.0	DS:Z:gpu:NVIDIA GeForce RTX 4070 SUPER	PU:Z:FBG39641	DT:Z:2026-07-15T14:17:26.508000+00:00	tm:Z:adapter,primer
319297	2060fe58-9671-4a47-9062-8b3242091eae	qs:f:9.15004	ch:i:6	st:Z:2026-07-15T17:08:26.924000+00:00	RG:Z:a40d6b40-d3ad-4fe7-8245-9c92f794f831_dna_r10.4.1_e8.2_400bps_sup@v5.2.0	DS:Z:gpu:NVIDIA GeForce RTX 4070 SUPER	PU:Z:FBG39641	DT:Z:2026-07-15T14:17:26.508000+00:00	tm:Z:none
319297	a98f5eaf-c340-4cc4-a542-d21260727fab	qs:f:12.623	ch:i:443	st:Z:2026-07-15T17:00:49.041000+00:00	RG:Z:a40d6b40-d3ad-4fe7-8245-9c92f794f831_dna_r10.4.1_e8.2_400bps_sup@v5.2.0	DS:Z:gpu:NVIDIA GeForce RTX 4070 SUPER	PU:Z:FBG39641	DT:Z:2026-07-15T14:17:26.508000+00:00	tm:Z:adapter,primer
3064	38a02dbc-fb24-4a05-8287-63c90299c841	qs:f:17.3258	ch:i:275	st:Z:2026-07-15T23:53:53.221000+00:00	RG:Z:a40d6b40-d3ad-4fe7-8245-9c92f794f831_dna_r10.4.1_e8.2_400bps_sup@v5.2.0	DS:Z:gpu:NVIDIA GeForce RTX 4070 SUPER	PU:Z:FBG39641	DT:Z:2026-07-15T14:17:26.508000+00:00	tm:Z:none
3064	4eb5dfba-74f1-4c62-8a80-52c3297cd70f	qs:f:31.2095	ch:i:134	st:Z:2026-07-15T23:30:46.102000+00:00	RG:Z:a40d6b40-d3ad-4fe7-8245-9c92f794f831_dna_r10.4.1_e8.2_400bps_sup@v5.2.0	DS:Z:gpu:NVIDIA GeForce RTX 4070 SUPER	PU:Z:FBG39641	DT:Z:2026-07-15T14:17:26.508000+00:00	tm:Z:adapter,primer rc
3064	f134decc-655e-411e-bc69-48a9fbb87375	qs:f:21.2946	ch:i:455	st:Z:2026-07-15T22:57:23.137000+00:00	RG:Z:a40d6b40-d3ad-4fe7-8245-9c92f794f831_dna_r10.4.1_e8.2_400bps_sup@v5.2.0	DS:Z:gpu:NVIDIA GeForce RTX 4070 SUPER	PU:Z:FBG39641	DT:Z:2026-07-15T14:17:26.508000+00:00	tm:Z:adapter,primer rc
3064	d4b3aa6f-4fda-4180-991a-d921cc84290c	qs:f:20.8555	ch:i:364	st:Z:2026-07-15T17:58:17.870000+00:00	RG:Z:a40d6b40-d3ad-4fe7-8245-9c92f794f831_dna_r10.4.1_e8.2_400bps_sup@v5.2.0	DS:Z:gpu:NVIDIA GeForce RTX 4070 SUPER	PU:Z:FBG39641	DT:Z:2026-07-15T14:17:26.508000+00:00	tm:Z:adapter,primer rc
3064	cfd7b29a-5954-4c7c-b6e1-049e04e4a4c3	qs:f:15.9593	ch:i:502	st:Z:2026-07-15T19:32:32.877000+00:00	RG:Z:a40d6b40-d3ad-4fe7-8245-9c92f794f831_dna_r10.4.1_e8.2_400bps_sup@v5.2.0	DS:Z:gpu:NVIDIA GeForce RTX 4070 SUPER	PU:Z:FBG39641	DT:Z:2026-07-15T14:17:26.508000+00:00	tm:Z:adapter,primer rc
3064	a0623a47-4b0b-4fa2-865e-636bd82d66d9	qs:f:26.9564	ch:i:302	st:Z:2026-07-16T00:28:33.660000+00:00	RG:Z:a40d6b40-d3ad-4fe7-8245-9c92f794f831_dna_r10.4.1_e8.2_400bps_sup@v5.2.0	DS:Z:gpu:NVIDIA GeForce RTX 4070 SUPER	PU:Z:FBG39641	DT:Z:2026-07-15T14:17:26.508000+00:00	tm:Z:adapter,primer rc
3064	4c3815cb-70fc-4f16-bcdc-0fd29288c195	qs:f:19.4902	ch:i:195	st:Z:2026-07-15T18:44:33.982000+00:00	RG:Z:a40d6b40-d3ad-4fe7-8245-9c92f794f831_dna_r10.4.1_e8.2_400bps_sup@v5.2.0	DS:Z:gpu:NVIDIA GeForce RTX 4070 SUPER	PU:Z:FBG39641	DT:Z:2026-07-15T14:17:26.508000+00:00	tm:Z:adapter,primer
3064	4dc391d7-8958-4337-b632-434b99768eff	qs:f:24.6189	ch:i:63	st:Z:2026-07-15T21:27:32.222000+00:00	RG:Z:a40d6b40-d3ad-4fe7-8245-9c92f794f831_dna_r10.4.1_e8.2_400bps_sup@v5.2.0	DS:Z:gpu:NVIDIA GeForce RTX 4070 SUPER	PU:Z:FBG39641	DT:Z:2026-07-15T14:17:26.508000+00:00	tm:Z:none rc
3064	e0ece837-ede6-4ee5-b54e-1068943c7bcf	qs:f:20.1297	ch:i:15	st:Z:2026-07-15T23:37:33.204000+00:00	RG:Z:a40d6b40-d3ad-4fe7-8245-9c92f794f831_dna_r10.4.1_e8.2_400bps_sup@v5.2.0	DS:Z:gpu:NVIDIA GeForce RTX 4070 SUPER	PU:Z:FBG39641	DT:Z:2026-07-15T14:17:26.508000+00:00	tm:Z:none
3064	3db254a5-4a1f-4abd-a5b5-593ac0f9ca32	qs:f:18.7476	ch:i:110	st:Z:2026-07-15T22:02:56.446000+00:00	RG:Z:a40d6b40-d3ad-4fe7-8245-9c92f794f831_dna_r10.4.1_e8.2_400bps_sup@v5.2.0	DS:Z:gpu:NVIDIA GeForce RTX 4070 SUPER	PU:Z:FBG39641	DT:Z:2026-07-15T14:17:26.508000+00:00	tm:Z:none
236536	bb1508f1-1662-4f88-9ac2-9bbbf4e8da5c	qs:f:20.9984	ch:i:383	st:Z:2026-07-15T17:40:44.279000+00:00	RG:Z:a40d6b40-d3ad-4fe7-8245-9c92f794f831_dna_r10.4.1_e8.2_400bps_sup@v5.2.0	DS:Z:gpu:NVIDIA GeForce RTX 4070 SUPER	PU:Z:FBG39641	DT:Z:2026-07-15T14:17:26.508000+00:00	tm:Z:adapter,primer rc
236536	7dafec37-8368-4bba-a8c7-d006d3d7cea6	qs:f:20.7039	ch:i:371	st:Z:2026-07-15T15:04:57.394000+00:00	RG:Z:a40d6b40-d3ad-4fe7-8245-9c92f794f831_dna_r10.4.1_e8.2_400bps_sup@v5.2.0	DS:Z:gpu:NVIDIA GeForce RTX 4070 SUPER	PU:Z:FBG39641	DT:Z:2026-07-15T14:17:26.508000+00:00	tm:Z:adapter,primer rc
236536	ce8dd544-f3e7-46c5-8755-9af7c4978caf	qs:f:16.8311	ch:i:223	st:Z:2026-07-15T18:48:02.823000+00:00	RG:Z:a40d6b40-d3ad-4fe7-8245-9c92f794f831_dna_r10.4.1_e8.2_400bps_sup@v5.2.0	DS:Z:gpu:NVIDIA GeForce RTX 4070 SUPER	PU:Z:FBG39641	DT:Z:2026-07-15T14:17:26.508000+00:00	tm:Z:adapter,primer
236536	ba3edaa5-6931-4958-b994-93d63865ff5d	qs:f:14.4748	ch:i:237	st:Z:2026-07-15T23:56:11.691000+00:00	RG:Z:a40d6b40-d3ad-4fe7-8245-9c92f794f831_dna_r10.4.1_e8.2_400bps_sup@v5.2.0	DS:Z:gpu:NVIDIA GeForce RTX 4070 SUPER	PU:Z:FBG39641	DT:Z:2026-07-15T14:17:26.508000+00:00	tm:Z:adapter,primer rc
236536	e93c5645-3b22-448d-a41a-dbee604eaea8	qs:f:18.1747	ch:i:237	st:Z:2026-07-16T00:49:43.892000+00:00	RG:Z:a40d6b40-d3ad-4fe7-8245-9c92f794f831_dna_r10.4.1_e8.2_400bps_sup@v5.2.0	DS:Z:gpu:NVIDIA GeForce RTX 4070 SUPER	PU:Z:FBG39641	DT:Z:2026-07-15T14:17:26.508000+00:00	tm:Z:adapter,primer
236536	fb69dfe1-6354-4a2a-9f95-441f119935a3	qs:f:16.2248	ch:i:122	st:Z:2026-07-15T14:29:33.805000+00:00	RG:Z:a40d6b40-d3ad-4fe7-8245-9c92f794f831_dna_r10.4.1_e8.2_400bps_sup@v5.2.0	DS:Z:gpu:NVIDIA GeForce RTX 4070 SUPER	PU:Z:FBG39641	DT:Z:2026-07-15T14:17:26.508000+00:00	tm:Z:adapter,primer
236536	3a304cfb-6793-48f1-9860-495b714752ff	qs:f:22.334	ch:i:293	st:Z:2026-07-15T20:29:05.086000+00:00	RG:Z:a40d6b40-d3ad-4fe7-8245-9c92f794f831_dna_r10.4.1_e8.2_400bps_sup@v5.2.0	DS:Z:gpu:NVIDIA GeForce RTX 4070 SUPER	PU:Z:FBG39641	DT:Z:2026-07-15T14:17:26.508000+00:00	tm:Z:adapter,primer
236536	803826cd-7313-4776-9387-48f997397998	qs:f:21.8278	ch:i:427	st:Z:2026-07-15T16:45:55.347000+00:00	RG:Z:a40d6b40-d3ad-4fe7-8245-9c92f794f831_dna_r10.4.1_e8.2_400bps_sup@v5.2.0	DS:Z:gpu:NVIDIA GeForce RTX 4070 SUPER	PU:Z:FBG39641	DT:Z:2026-07-15T14:17:26.508000+00:00	tm:Z:none
236536	32cfc414-8172-49ef-b3d2-dfb28565afe8	qs:f:17.5283	ch:i:503	st:Z:2026-07-16T01:30:40.814000+00:00	RG:Z:a40d6b40-d3ad-4fe7-8245-9c92f794f831_dna_r10.4.1_e8.2_400bps_sup@v5.2.0	DS:Z:gpu:NVIDIA GeForce RTX 4070 SUPER	PU:Z:FBG39641	DT:Z:2026-07-15T14:17:26.508000+00:00	tm:Z:adapter,primer
236536	2be33804-47a1-47de-8065-c93dd11745be	qs:f:18.1095	ch:i:302	st:Z:2026-07-15T17:30:26.698000+00:00	RG:Z:a40d6b40-d3ad-4fe7-8245-9c92f794f831_dna_r10.4.1_e8.2_400bps_sup@v5.2.0	DS:Z:gpu:NVIDIA GeForce RTX 4070 SUPER	PU:Z:FBG39641	DT:Z:2026-07-15T14:17:26.508000+00:00	tm:Z:adapter,primer rc
139502	97698512-9de2-4284-adad-ffa0551fbd4f	qs:f:17.1761	ch:i:350	st:Z:2026-07-15T17:02:33.376000+00:00	RG:Z:a40d6b40-d3ad-4fe7-8245-9c92f794f831_dna_r10.4.1_e8.2_400bps_sup@v5.2.0	DS:Z:gpu:NVIDIA GeForce RTX 4070 SUPER	PU:Z:FBG39641	DT:Z:2026-07-15T14:17:26.508000+00:00	tm:Z:adapter,primer
139502	fd6b8cf1-1021-4810-8eee-dafc8e0eca86	qs:f:14.8773	ch:i:326	st:Z:2026-07-15T18:24:10.194000+00:00	RG:Z:a40d6b40-d3ad-4fe7-8245-9c92f794f831_dna_r10.4.1_e8.2_400bps_sup@v5.2.0	DS:Z:gpu:NVIDIA GeForce RTX 4070 SUPER	PU:Z:FBG39641	DT:Z:2026-07-15T14:17:26.508000+00:00	tm:Z:adapter,primer rc
139502	6bd653c3-d1d0-420e-bcec-6340ab33040c	qs:f:20.2248	ch:i:45	st:Z:2026-07-15T20:21:40.223000+00:00	RG:Z:a40d6b40-d3ad-4fe7-8245-9c92f794f831_dna_r10.4.1_e8.2_400bps_sup@v5.2.0	DS:Z:gpu:NVIDIA GeForce RTX 4070 SUPER	PU:Z:FBG39641	DT:Z:2026-07-15T14:17:26.508000+00:00	tm:Z:adapter,primer
139502	7fa5bf57-183b-474e-9d1f-99e6ee0d468b	qs:f:26.4655	ch:i:295	st:Z:2026-07-16T01:05:33.006000+00:00	RG:Z:a40d6b40-d3ad-4fe7-8245-9c92f794f831_dna_r10.4.1_e8.2_400bps_sup@v5.2.0	DS:Z:gpu:NVIDIA GeForce RTX 4070 SUPER	PU:Z:FBG39641	DT:Z:2026-07-15T14:17:26.508000+00:00	tm:Z:adapter,primer
139502	e38c4fa7-62cc-4f14-bdf3-d9a2c772a03f	qs:f:24.6488	ch:i:327	st:Z:2026-07-16T02:06:26.576000+00:00	RG:Z:a40d6b40-d3ad-4fe7-8245-9c92f794f831_dna_r10.4.1_e8.2_400bps_sup@v5.2.0	DS:Z:gpu:NVIDIA GeForce RTX 4070 SUPER	PU:Z:FBG39641	DT:Z:2026-07-15T14:17:26.508000+00:00	tm:Z:adapter,primer rc
139502	c6f9c593-829c-4cb0-9194-313c26b9db33	qs:f:25.1451	ch:i:63	st:Z:2026-07-15T16:11:34.457000+00:00	RG:Z:a40d6b40-d3ad-4fe7-8245-9c92f794f831_dna_r10.4.1_e8.2_400bps_sup@v5.2.0	DS:Z:gpu:NVIDIA GeForce RTX 4070 SUPER	PU:Z:FBG39641	DT:Z:2026-07-15T14:17:26.508000+00:00	tm:Z:adapter,primer
139502	b9886708-a8fb-4e73-981c-9cb439ea42f5	qs:f:15.4673	ch:i:148	st:Z:2026-07-15T15:20:29.491000+00:00	RG:Z:a40d6b40-d3ad-4fe7-8245-9c92f794f831_dna_r10.4.1_e8.2_400bps_sup@v5.2.0	DS:Z:gpu:NVIDIA GeForce RTX 4070 SUPER	PU:Z:FBG39641	DT:Z:2026-07-15T14:17:26.508000+00:00	tm:Z:adapter,primer
139502	dcdd5630-a7b8-4bbc-a769-d6d9815f132b	qs:f:20.0147	ch:i:291	st:Z:2026-07-15T18:26:44.381000+00:00	RG:Z:a40d6b40-d3ad-4fe7-8245-9c92f794f831_dna_r10.4.1_e8.2_400bps_sup@v5.2.0	DS:Z:gpu:NVIDIA GeForce RTX 4070 SUPER	PU:Z:FBG39641	DT:Z:2026-07-15T14:17:26.508000+00:00	tm:Z:none rc
139502	52434bdc-c38d-4ced-bc9c-e12a0a8d3be5	qs:f:19.9588	ch:i:31	st:Z:2026-07-16T00:20:52.660000+00:00	RG:Z:a40d6b40-d3ad-4fe7-8245-9c92f794f831_dna_r10.4.1_e8.2_400bps_sup@v5.2.0	DS:Z:gpu:NVIDIA GeForce RTX 4070 SUPER	PU:Z:FBG39641	DT:Z:2026-07-15T14:17:26.508000+00:00	tm:Z:adapter,primer rc
317411	7821dedb-18c1-4998-a1c7-ceee1db45212	qs:f:16.9557	ch:i:145	st:Z:2026-07-15T20:03:15.786000+00:00	RG:Z:a40d6b40-d3ad-4fe7-8245-9c92f794f831_dna_r10.4.1_e8.2_400bps_sup@v5.2.0	DS:Z:gpu:NVIDIA GeForce RTX 4070 SUPER	PU:Z:FBG39641	DT:Z:2026-07-15T14:17:26.508000+00:00	tm:Z:adapter,primer
317411	0b7e52ea-4c26-4ba4-90d0-3a418c8fa6c2	qs:f:18.6526	ch:i:359	st:Z:2026-07-15T23:29:37.251000+00:00	RG:Z:a40d6b40-d3ad-4fe7-8245-9c92f794f831_dna_r10.4.1_e8.2_400bps_sup@v5.2.0	DS:Z:gpu:NVIDIA GeForce RTX 4070 SUPER	PU:Z:FBG39641	DT:Z:2026-07-15T14:17:26.508000+00:00	tm:Z:adapter,primer rc
317411	a557f5d7-bb08-492b-94c3-93ee720561a8	qs:f:14.9556	ch:i:47	st:Z:2026-07-15T21:19:10.281000+00:00	RG:Z:a40d6b40-d3ad-4fe7-8245-9c92f794f831_dna_r10.4.1_e8.2_400bps_sup@v5.2.0	DS:Z:gpu:NVIDIA GeForce RTX 4070 SUPER	PU:Z:FBG39641	DT:Z:2026-07-15T14:17:26.508000+00:00	tm:Z:none
317411	7f451c01-e40d-46b1-b183-4d53d85c3718	qs:f:13.6898	ch:i:45	st:Z:2026-07-15T19:01:04.601000+00:00	RG:Z:a40d6b40-d3ad-4fe7-8245-9c92f794f831_dna_r10.4.1_e8.2_400bps_sup@v5.2.0	DS:Z:gpu:NVIDIA GeForce RTX 4070 SUPER	PU:Z:FBG39641	DT:Z:2026-07-15T14:17:26.508000+00:00	tm:Z:adapter,primer rc
317411	bdb0318e-c0dc-441c-827b-86881bd3c5ad	qs:f:16.4892	ch:i:33	st:Z:2026-07-15T18:17:27.780000+00:00	RG:Z:a40d6b40-d3ad-4fe7-8245-9c92f794f831_dna_r10.4.1_e8.2_400bps_sup@v5.2.0	DS:Z:gpu:NVIDIA GeForce RTX 4070 SUPER	PU:Z:FBG39641	DT:Z:2026-07-15T14:17:26.508000+00:00	tm:Z:none
317411	c62e3bb6-387a-4425-b8ec-db53c1c551e2	qs:f:14.8162	ch:i:4	st:Z:2026-07-15T15:27:19.910000+00:00	RG:Z:a40d6b40-d3ad-4fe7-8245-9c92f794f831_dna_r10.4.1_e8.2_400bps_sup@v5.2.0	DS:Z:gpu:NVIDIA GeForce RTX 4070 SUPER	PU:Z:FBG39641	DT:Z:2026-07-15T14:17:26.508000+00:00	tm:Z:adapter,primer rc
317411	842793a4-3839-45c0-8609-1a39a1a633dc	qs:f:11.7761	ch:i:63	st:Z:2026-07-15T23:49:04.461000+00:00	RG:Z:a40d6b40-d3ad-4fe7-8245-9c92f794f831_dna_r10.4.1_e8.2_400bps_sup@v5.2.0	DS:Z:gpu:NVIDIA GeForce RTX 4070 SUPER	PU:Z:FBG39641	DT:Z:2026-07-15T14:17:26.508000+00:00	tm:Z:none
317411	2c9c0c3f-9c73-40bc-aada-4f0bef701cd1	qs:f:12.1878	ch:i:82	st:Z:2026-07-15T16:21:40.135000+00:00	RG:Z:a40d6b40-d3ad-4fe7-8245-9c92f794f831_dna_r10.4.1_e8.2_400bps_sup@v5.2.0	DS:Z:gpu:NVIDIA GeForce RTX 4070 SUPER	PU:Z:FBG39641	DT:Z:2026-07-15T14:17:26.508000+00:00	tm:Z:adapter,primer
317411	7c6d789f-b2e3-4be7-9fa7-00eadb071a04	qs:f:10.2846	ch:i:293	st:Z:2026-07-15T18:48:26.701000+00:00	RG:Z:a40d6b40-d3ad-4fe7-8245-9c92f794f831_dna_r10.4.1_e8.2_400bps_sup@v5.2.0	DS:Z:gpu:NVIDIA GeForce RTX 4070 SUPER	PU:Z:FBG39641	DT:Z:2026-07-15T14:17:26.508000+00:00	tm:Z:adapter,primer
95157	62a8a158-e92f-4d80-8688-16b7c4346c02	qs:f:21.454	ch:i:159	st:Z:2026-07-15T15:05:34.321000+00:00	RG:Z:a40d6b40-d3ad-4fe7-8245-9c92f794f831_dna_r10.4.1_e8.2_400bps_sup@v5.2.0	DS:Z:gpu:NVIDIA GeForce RTX 4070 SUPER	PU:Z:FBG39641	DT:Z:2026-07-15T14:17:26.508000+00:00	tm:Z:adapter,primer
95157	ac2fecde-72ba-4d66-8f85-9624f50d6cc4	qs:f:21.0769	ch:i:26	st:Z:2026-07-15T15:34:40.557000+00:00	RG:Z:a40d6b40-d3ad-4fe7-8245-9c92f794f831_dna_r10.4.1_e8.2_400bps_sup@v5.2.0	DS:Z:gpu:NVIDIA GeForce RTX 4070 SUPER	PU:Z:FBG39641	DT:Z:2026-07-15T14:17:26.508000+00:00	tm:Z:adapter,primer rc
95157	ed6ec044-49ad-4524-8357-e59e90fa31a9	qs:f:20.9742	ch:i:458	st:Z:2026-07-15T17:00:59.684000+00:00	RG:Z:a40d6b40-d3ad-4fe7-8245-9c92f794f831_dna_r10.4.1_e8.2_400bps_sup@v5.2.0	DS:Z:gpu:NVIDIA GeForce RTX 4070 SUPER	PU:Z:FBG39641	DT:Z:2026-07-15T14:17:26.508000+00:00	tm:Z:adapter,primer
95157	f0f4148a-e441-4ccb-9622-d9502feba490	qs:f:17.6374	ch:i:268	st:Z:2026-07-16T00:30:42.599000+00:00	RG:Z:a40d6b40-d3ad-4fe7-8245-9c92f794f831_dna_r10.4.1_e8.2_400bps_sup@v5.2.0	DS:Z:gpu:NVIDIA GeForce RTX 4070 SUPER	PU:Z:FBG39641	DT:Z:2026-07-15T14:17:26.508000+00:00	tm:Z:none
95157	ab6e4dac-0a48-4818-8cf7-77e20eaca14e	qs:f:14.8718	ch:i:94	st:Z:2026-07-15T16:13:21.015000+00:00	RG:Z:a40d6b40-d3ad-4fe7-8245-9c92f794f831_dna_r10.4.1_e8.2_400bps_sup@v5.2.0	DS:Z:gpu:NVIDIA GeForce RTX 4070 SUPER	PU:Z:FBG39641	DT:Z:2026-07-15T14:17:26.508000+00:00	tm:Z:none
95157	c5b427dd-5f13-47f6-8e6e-9c03c1e42f91	qs:f:22.145	ch:i:86	st:Z:2026-07-15T18:26:48.841000+00:00	RG:Z:a40d6b40-d3ad-4fe7-8245-9c92f794f831_dna_r10.4.1_e8.2_400bps_sup@v5.2.0	DS:Z:gpu:NVIDIA GeForce RTX 4070 SUPER	PU:Z:FBG39641	DT:Z:2026-07-15T14:17:26.508000+00:00	tm:Z:adapter,primer
95157	3cb43a74-0a06-4da1-b9e9-3d1595f20ffb	qs:f:25.1979	ch:i:310	st:Z:2026-07-15T19:31:52.137000+00:00	RG:Z:a40d6b40-d3ad-4fe7-8245-9c92f794f831_dna_r10.4.1_e8.2_400bps_sup@v5.2.0	DS:Z:gpu:NVIDIA GeForce RTX 4070 SUPER	PU:Z:FBG39641	DT:Z:2026-07-15T14:17:26.508000+00:00	tm:Z:adapter,primer
95157	64ab0128-5219-4be0-b2b7-c9343df3ee3b	qs:f:21.1172	ch:i:457	st:Z:2026-07-15T14:56:14.648000+00:00	RG:Z:a40d6b40-d3ad-4fe7-8245-9c92f794f831_dna_r10.4.1_e8.2_400bps_sup@v5.2.0	DS:Z:gpu:NVIDIA GeForce RTX 4070 SUPER	PU:Z:FBG39641	DT:Z:2026-07-15T14:17:26.508000+00:00	tm:Z:adapter,primer
137424	d20323a7-91f8-4ada-8b6b-517e488b131a	qs:f:20.1207	ch:i:237	st:Z:2026-07-15T16:04:10.511000+00:00	RG:Z:a40d6b40-d3ad-4fe7-8245-9c92f794f831_dna_r10.4.1_e8.2_400bps_sup@v5.2.0	DS:Z:gpu:NVIDIA GeForce RTX 4070 SUPER	PU:Z:FBG39641	DT:Z:2026-07-15T14:17:26.508000+00:00	tm:Z:adapter,primer
137424	18830472-c437-4443-b014-c196f33645c5	qs:f:17.1652	ch:i:86	st:Z:2026-07-15T16:17:32.519000+00:00	RG:Z:a40d6b40-d3ad-4fe7-8245-9c92f794f831_dna_r10.4.1_e8.2_400bps_sup@v5.2.0	DS:Z:gpu:NVIDIA GeForce RTX 4070 SUPER	PU:Z:FBG39641	DT:Z:2026-07-15T14:17:26.508000+00:00	tm:Z:adapter,primer
137424	d05dbc0b-8df5-4f5d-b7f8-f25881e88e81	qs:f:16.7645	ch:i:36	st:Z:2026-07-15T17:41:16.604000+00:00	RG:Z:a40d6b40-d3ad-4fe7-8245-9c92f794f831_dna_r10.4.1_e8.2_400bps_sup@v5.2.0	DS:Z:gpu:NVIDIA GeForce RTX 4070 SUPER	PU:Z:FBG39641	DT:Z:2026-07-15T14:17:26.508000+00:00	tm:Z:adapter,primer rc
137424	8754d8ac-b401-4db5-815d-e70dc7d33f34	qs:f:29.813	ch:i:289	st:Z:2026-07-15T16:43:16.388000+00:00	RG:Z:a40d6b40-d3ad-4fe7-8245-9c92f794f831_dna_r10.4.1_e8.2_400bps_sup@v5.2.0	DS:Z:gpu:NVIDIA GeForce RTX 4070 SUPER	PU:Z:FBG39641	DT:Z:2026-07-15T14:17:26.508000+00:00	tm:Z:adapter,primer rc
137424	97ef1c7e-a7ea-4565-a314-04d194f388e6	qs:f:15.8831	ch:i:456	st:Z:2026-07-15T15:05:46.006000+00:00	RG:Z:a40d6b40-d3ad-4fe7-8245-9c92f794f831_dna_r10.4.1_e8.2_400bps_sup@v5.2.0	DS:Z:gpu:NVIDIA GeForce RTX 4070 SUPER	PU:Z:FBG39641	DT:Z:2026-07-15T14:17:26.508000+00:00	tm:Z:adapter,primer
137424	71733616-28c1-47e6-925e-050af9e85ece	qs:f:18.4549	ch:i:345	st:Z:2026-07-15T16:08:57.911000+00:00	RG:Z:a40d6b40-d3ad-4fe7-8245-9c92f794f831_dna_r10.4.1_e8.2_400bps_sup@v5.2.0	DS:Z:gpu:NVIDIA GeForce RTX 4070 SUPER	PU:Z:FBG39641	DT:Z:2026-07-15T14:17:26.508000+00:00	tm:Z:adapter,primer rc
137424	bd1bcaf0-55b1-4f07-8a29-e1cade9abbd9	qs:f:14.9292	ch:i:280	st:Z:2026-07-15T18:29:52.055000+00:00	RG:Z:a40d6b40-d3ad-4fe7-8245-9c92f794f831_dna_r10.4.1_e8.2_400bps_sup@v5.2.0	DS:Z:gpu:NVIDIA GeForce RTX 4070 SUPER	PU:Z:FBG39641	DT:Z:2026-07-15T14:17:26.508000+00:00	tm:Z:none rc
137424	49e72dbc-f09c-495a-9a57-9a4d58ab42d3	qs:f:18.6272	ch:i:491	st:Z:2026-07-15T17:38:23.256000+00:00	RG:Z:a40d6b40-d3ad-4fe7-8245-9c92f794f831_dna_r10.4.1_e8.2_400bps_sup@v5.2.0	DS:Z:gpu:NVIDIA GeForce RTX 4070 SUPER	PU:Z:FBG39641	DT:Z:2026-07-15T14:17:26.508000+00:00	tm:Z:adapter,primer rc
242028	d567b829-292b-4ea9-bb53-e44356510be7	qs:f:15.2669	ch:i:154	st:Z:2026-07-15T16:18:52.514000+00:00	RG:Z:a40d6b40-d3ad-4fe7-8245-9c92f794f831_dna_r10.4.1_e8.2_400bps_sup@v5.2.0	DS:Z:gpu:NVIDIA GeForce RTX 4070 SUPER	PU:Z:FBG39641	DT:Z:2026-07-15T14:17:26.508000+00:00	tm:Z:adapter,primer
242028	5a760302-4f47-4889-a139-aab94fd1d9a6	qs:f:20.591	ch:i:147	st:Z:2026-07-15T16:14:00.135000+00:00	RG:Z:a40d6b40-d3ad-4fe7-8245-9c92f794f831_dna_r10.4.1_e8.2_400bps_sup@v5.2.0	DS:Z:gpu:NVIDIA GeForce RTX 4070 SUPER	PU:Z:FBG39641	DT:Z:2026-07-15T14:17:26.508000+00:00	tm:Z:adapter,primer
242028	114faaf5-bb28-497e-82c6-544db4f635d4	qs:f:16.7208	ch:i:86	st:Z:2026-07-16T00:56:32.163000+00:00	RG:Z:a40d6b40-d3ad-4fe7-8245-9c92f794f831_dna_r10.4.1_e8.2_400bps_sup@v5.2.0	DS:Z:gpu:NVIDIA GeForce RTX 4070 SUPER	PU:Z:FBG39641	DT:Z:2026-07-15T14:17:26.508000+00:00	tm:Z:none
242028	7cf7263b-3a22-422d-91fb-3e85d817d75b	qs:f:16.421	ch:i:365	st:Z:2026-07-15T20:24:16.915000+00:00	RG:Z:a40d6b40-d3ad-4fe7-8245-9c92f794f831_dna_r10.4.1_e8.2_400bps_sup@v5.2.0	DS:Z:gpu:NVIDIA GeForce RTX 4070 SUPER	PU:Z:FBG39641	DT:Z:2026-07-15T14:17:26.508000+00:00	tm:Z:adapter,primer rc
242028	dcf46ec0-ff0b-47d8-9266-ef6ae5f31fde	qs:f:14.5658	ch:i:395	st:Z:2026-07-15T15:38:28.690000+00:00	RG:Z:a40d6b40-d3ad-4fe7-8245-9c92f794f831_dna_r10.4.1_e8.2_400bps_sup@v5.2.0	DS:Z:gpu:NVIDIA GeForce RTX 4070 SUPER	PU:Z:FBG39641	DT:Z:2026-07-15T14:17:26.508000+00:00	tm:Z:none rc
242028	1e307295-017e-454b-848e-5b1cd0263bc3	qs:f:20.9513	ch:i:267	st:Z:2026-07-15T19:36:42.129000+00:00	RG:Z:a40d6b40-d3ad-4fe7-8245-9c92f794f831_dna_r10.4.1_e8.2_400bps_sup@v5.2.0	DS:Z:gpu:NVIDIA GeForce RTX 4070 SUPER	PU:Z:FBG39641	DT:Z:2026-07-15T14:17:26.508000+00:00	tm:Z:none rc
242028	a7bb64fc-a492-4349-9451-c43c0ffc16f1	qs:f:20.0796	ch:i:409	st:Z:2026-07-16T00:21:38.631000+00:00	RG:Z:a40d6b40-d3ad-4fe7-8245-9c92f794f831_dna_r10.4.1_e8.2_400bps_sup@v5.2.0	DS:Z:gpu:NVIDIA GeForce RTX 4070 SUPER	PU:Z:FBG39641	DT:Z:2026-07-15T14:17:26.508000+00:00	tm:Z:adapter,primer rc
242028	e1ce148d-29e3-4bf1-a18e-099d741c792d	qs:f:17.3385	ch:i:404	st:Z:2026-07-15T17:39:44.983000+00:00	RG:Z:a40d6b40-d3ad-4fe7-8245-9c92f794f831_dna_r10.4.1_e8.2_400bps_sup@v5.2.0	DS:Z:gpu:NVIDIA GeForce RTX 4070 SUPER	PU:Z:FBG39641	DT:Z:2026-07-15T14:17:26.508000+00:00	tm:Z:adapter,primer rc
104309	892f9442-1754-4e89-a8ac-9b52f61145f8	qs:f:16.7757	ch:i:222	st:Z:2026-07-15T21:02:52.970000+00:00	RG:Z:a40d6b40-d3ad-4fe7-8245-9c92f794f831_dna_r10.4.1_e8.2_400bps_sup@v5.2.0	DS:Z:gpu:NVIDIA GeForce RTX 4070 SUPER	PU:Z:FBG39641	DT:Z:2026-07-15T14:17:26.508000+00:00	tm:Z:adapter,primer
104309	ac678875-89d1-4044-a3cd-9b4bc19f3761	qs:f:18.4247	ch:i:408	st:Z:2026-07-15T21:57:53.448000+00:00	RG:Z:a40d6b40-d3ad-4fe7-8245-9c92f794f831_dna_r10.4.1_e8.2_400bps_sup@v5.2.0	DS:Z:gpu:NVIDIA GeForce RTX 4070 SUPER	PU:Z:FBG39641	DT:Z:2026-07-15T14:17:26.508000+00:00	tm:Z:adapter,primer
104309	413fda27-836c-4b1d-80a7-ad9c7accfc32	qs:f:29.4915	ch:i:318	st:Z:2026-07-16T01:19:13.322000+00:00	RG:Z:a40d6b40-d3ad-4fe7-8245-9c92f794f831_dna_r10.4.1_e8.2_400bps_sup@v5.2.0	DS:Z:gpu:NVIDIA GeForce RTX 4070 SUPER	PU:Z:FBG39641	DT:Z:2026-07-15T14:17:26.508000+00:00	tm:Z:none rc
104309	78e59395-cbcb-4076-8163-ac6a5267a674	qs:f:25.3175	ch:i:48	st:Z:2026-07-15T20:10:18.486000+00:00	RG:Z:a40d6b40-d3ad-4fe7-8245-9c92f794f831_dna_r10.4.1_e8.2_400bps_sup@v5.2.0	DS:Z:gpu:NVIDIA GeForce RTX 4070 SUPER	PU:Z:FBG39641	DT:Z:2026-07-15T14:17:26.508000+00:00	tm:Z:adapter,primer
104309	a2ed60b2-092a-4418-9e7c-cd08c0636f66	qs:f:18.9072	ch:i:107	st:Z:2026-07-16T00:42:03.613000+00:00	RG:Z:a40d6b40-d3ad-4fe7-8245-9c92f794f831_dna_r10.4.1_e8.2_400bps_sup@v5.2.0	DS:Z:gpu:NVIDIA GeForce RTX 4070 SUPER	PU:Z:FBG39641	DT:Z:2026-07-15T14:17:26.508000+00:00	tm:Z:none rc
104309	73b832ef-e108-4112-8a11-9b57925902c2	qs:f:24.6251	ch:i:408	st:Z:2026-07-15T18:59:48.964000+00:00	RG:Z:a40d6b40-d3ad-4fe7-8245-9c92f794f831_dna_r10.4.1_e8.2_400bps_sup@v5.2.0	DS:Z:gpu:NVIDIA GeForce RTX 4070 SUPER	PU:Z:FBG39641	DT:Z:2026-07-15T14:17:26.508000+00:00	tm:Z:adapter,primer
104309	9df3f593-bf4a-447d-85e0-536369fbc862	qs:f:23.0054	ch:i:31	st:Z:2026-07-15T18:00:52.303000+00:00	RG:Z:a40d6b40-d3ad-4fe7-8245-9c92f794f831_dna_r10.4.1_e8.2_400bps_sup@v5.2.0	DS:Z:gpu:NVIDIA GeForce RTX 4070 SUPER	PU:Z:FBG39641	DT:Z:2026-07-15T14:17:26.508000+00:00	tm:Z:adapter,primer
1364	38015ad8-6adf-4e37-9d5c-f6c3ef491430	qs:f:28.3625	ch:i:3	st:Z:2026-07-15T23:34:50.980000+00:00	RG:Z:a40d6b40-d3ad-4fe7-8245-9c92f794f831_dna_r10.4.1_e8.2_400bps_sup@v5.2.0	DS:Z:gpu:NVIDIA GeForce RTX 4070 SUPER	PU:Z:FBG39641	DT:Z:2026-07-15T14:17:26.508000+00:00	tm:Z:adapter,primer
1364	03272839-9379-4872-9b55-c79edbda0995	qs:f:14.1259	ch:i:29	st:Z:2026-07-15T15:46:28.387000+00:00	RG:Z:a40d6b40-d3ad-4fe7-8245-9c92f794f831_dna_r10.4.1_e8.2_400bps_sup@v5.2.0	DS:Z:gpu:NVIDIA GeForce RTX 4070 SUPER	PU:Z:FBG39641	DT:Z:2026-07-15T14:17:26.508000+00:00	tm:Z:none rc
1364	98316f48-5e33-4da0-80b8-89d5ee533143	qs:f:20.4958	ch:i:181	st:Z:2026-07-15T22:42:31.674000+00:00	RG:Z:a40d6b40-d3ad-4fe7-8245-9c92f794f831_dna_r10.4.1_e8.2_400bps_sup@v5.2.0	DS:Z:gpu:NVIDIA GeForce RTX 4070 SUPER	PU:Z:FBG39641	DT:Z:2026-07-15T14:17:26.508000+00:00	tm:Z:adapter,primer
1364	c884aad7-9222-4d13-8716-89a1ff4d939a	qs:f:13.2874	ch:i:201	st:Z:2026-07-15T20:54:40.942000+00:00	RG:Z:a40d6b40-d3ad-4fe7-8245-9c92f794f831_dna_r10.4.1_e8.2_400bps_sup@v5.2.0	DS:Z:gpu:NVIDIA GeForce RTX 4070 SUPER	PU:Z:FBG39641	DT:Z:2026-07-15T14:17:26.508000+00:00	tm:Z:adapter,primer rc
1364	68ba96df-fdea-4775-98f0-76b7a7a978f4	qs:f:20.6064	ch:i:137	st:Z:2026-07-15T19:18:08.710000+00:00	RG:Z:a40d6b40-d3ad-4fe7-8245-9c92f794f831_dna_r10.4.1_e8.2_400bps_sup@v5.2.0	DS:Z:gpu:NVIDIA GeForce RTX 4070 SUPER	PU:Z:FBG39641	DT:Z:2026-07-15T14:17:26.508000+00:00	tm:Z:adapter,primer
137798	70dda1f1-39a7-45c9-84da-47bc2834d75f	qs:f:18.3473	ch:i:147	st:Z:2026-07-15T21:27:56.231000+00:00	RG:Z:a40d6b40-d3ad-4fe7-8245-9c92f794f831_dna_r10.4.1_e8.2_400bps_sup@v5.2.0	DS:Z:gpu:NVIDIA GeForce RTX 4070 SUPER	PU:Z:FBG39641	DT:Z:2026-07-15T14:17:26.508000+00:00	tm:Z:none rc
137798	3d3c2caa-310b-4280-a026-b6c6a2f32199	qs:f:19.8188	ch:i:261	st:Z:2026-07-16T01:24:20.780000+00:00	RG:Z:a40d6b40-d3ad-4fe7-8245-9c92f794f831_dna_r10.4.1_e8.2_400bps_sup@v5.2.0	DS:Z:gpu:NVIDIA GeForce RTX 4070 SUPER	PU:Z:FBG39641	DT:Z:2026-07-15T14:17:26.508000+00:00	tm:Z:adapter,primer
137798	1403fa35-8c18-4664-acdb-90a2a4b31501	qs:f:17.3992	ch:i:438	st:Z:2026-07-15T22:05:08.699000+00:00	RG:Z:a40d6b40-d3ad-4fe7-8245-9c92f794f831_dna_r10.4.1_e8.2_400bps_sup@v5.2.0	DS:Z:gpu:NVIDIA GeForce RTX 4070 SUPER	PU:Z:FBG39641	DT:Z:2026-07-15T14:17:26.508000+00:00	tm:Z:adapter,primer
137798	7fdf4577-0587-421d-8451-5e1795aea6d7	qs:f:18.3916	ch:i:145	st:Z:2026-07-15T23:25:50.244000+00:00	RG:Z:a40d6b40-d3ad-4fe7-8245-9c92f794f831_dna_r10.4.1_e8.2_400bps_sup@v5.2.0	DS:Z:gpu:NVIDIA GeForce RTX 4070 SUPER	PU:Z:FBG39641	DT:Z:2026-07-15T14:17:26.508000+00:00	tm:Z:adapter,primer rc
137798	8cccc868-5fc6-4efa-b788-3a213f9490f9	qs:f:20.3028	ch:i:161	st:Z:2026-07-15T15:02:30.241000+00:00	RG:Z:a40d6b40-d3ad-4fe7-8245-9c92f794f831_dna_r10.4.1_e8.2_400bps_sup@v5.2.0	DS:Z:gpu:NVIDIA GeForce RTX 4070 SUPER	PU:Z:FBG39641	DT:Z:2026-07-15T14:17:26.508000+00:00	tm:Z:adapter,primer
236875	87c87b06-470c-4eeb-baff-a147285ac73c	qs:f:20.5779	ch:i:343	st:Z:2026-07-15T22:46:55.082000+00:00	RG:Z:a40d6b40-d3ad-4fe7-8245-9c92f794f831_dna_r10.4.1_e8.2_400bps_sup@v5.2.0	DS:Z:gpu:NVIDIA GeForce RTX 4070 SUPER	PU:Z:FBG39641	DT:Z:2026-07-15T14:17:26.508000+00:00	tm:Z:none rc
236875	2f64287f-c16d-4616-805f-c0053b90c213	qs:f:13.6199	ch:i:306	st:Z:2026-07-16T00:33:45.948000+00:00	RG:Z:a40d6b40-d3ad-4fe7-8245-9c92f794f831_dna_r10.4.1_e8.2_400bps_sup@v5.2.0	DS:Z:gpu:NVIDIA GeForce RTX 4070 SUPER	PU:Z:FBG39641	DT:Z:2026-07-15T14:17:26.508000+00:00	tm:Z:adapter,primer rc
236875	69f40935-58e3-4186-91b8-b9ea5a2f530e	qs:f:20.0464	ch:i:168	st:Z:2026-07-15T23:55:57.767000+00:00	RG:Z:a40d6b40-d3ad-4fe7-8245-9c92f794f831_dna_r10.4.1_e8.2_400bps_sup@v5.2.0	DS:Z:gpu:NVIDIA GeForce RTX 4070 SUPER	PU:Z:FBG39641	DT:Z:2026-07-15T14:17:26.508000+00:00	tm:Z:none
236875	6e3fe9b5-69bd-456b-940a-5e00d17108dd	qs:f:16.7664	ch:i:33	st:Z:2026-07-15T16:12:22.366000+00:00	RG:Z:a40d6b40-d3ad-4fe7-8245-9c92f794f831_dna_r10.4.1_e8.2_400bps_sup@v5.2.0	DS:Z:gpu:NVIDIA GeForce RTX 4070 SUPER	PU:Z:FBG39641	DT:Z:2026-07-15T14:17:26.508000+00:00	tm:Z:adapter,primer
236875	170c87b1-08d3-4ed0-8f30-4b77b89b5962	qs:f:21.6161	ch:i:202	st:Z:2026-07-15T23:26:51.345000+00:00	RG:Z:a40d6b40-d3ad-4fe7-8245-9c92f794f831_dna_r10.4.1_e8.2_400bps_sup@v5.2.0	DS:Z:gpu:NVIDIA GeForce RTX 4070 SUPER	PU:Z:FBG39641	DT:Z:2026-07-15T14:17:26.508000+00:00	tm:Z:adapter,primer rc
284412	09a35234-5fb3-4552-be1a-bb3535d80704	qs:f:18.9906	ch:i:210	st:Z:2026-07-15T20:41:18.750000+00:00	RG:Z:a40d6b40-d3ad-4fe7-8245-9c92f794f831_dna_r10.4.1_e8.2_400bps_sup@v5.2.0	DS:Z:gpu:NVIDIA GeForce RTX 4070 SUPER	PU:Z:FBG39641	DT:Z:2026-07-15T14:17:26.508000+00:00	tm:Z:adapter,primer rc
284412	5b876019-1297-4b99-9c75-31a4e5bcbc11	qs:f:15.7451	ch:i:320	st:Z:2026-07-15T15:03:54.441000+00:00	RG:Z:a40d6b40-d3ad-4fe7-8245-9c92f794f831_dna_r10.4.1_e8.2_400bps_sup@v5.2.0	DS:Z:gpu:NVIDIA GeForce RTX 4070 SUPER	PU:Z:FBG39641	DT:Z:2026-07-15T14:17:26.508000+00:00	tm:Z:adapter,primer
284412	4c7bb492-7ed5-4847-bc10-10691b5d0150	qs:f:13.1533	ch:i:209	st:Z:2026-07-15T23:46:51.032000+00:00	RG:Z:a40d6b40-d3ad-4fe7-8245-9c92f794f831_dna_r10.4.1_e8.2_400bps_sup@v5.2.0	DS:Z:gpu:NVIDIA GeForce RTX 4070 SUPER	PU:Z:FBG39641	DT:Z:2026-07-15T14:17:26.508000+00:00	tm:Z:none rc
284412	5c8668fe-7d46-41b6-9aec-68ddabdc9432	qs:f:17.5264	ch:i:443	st:Z:2026-07-15T20:56:10.643000+00:00	RG:Z:a40d6b40-d3ad-4fe7-8245-9c92f794f831_dna_r10.4.1_e8.2_400bps_sup@v5.2.0	DS:Z:gpu:NVIDIA GeForce RTX 4070 SUPER	PU:Z:FBG39641	DT:Z:2026-07-15T14:17:26.508000+00:00	tm:Z:adapter,primer rc
284412	fdd5c436-c063-40f3-a6c9-81312cc6dc96	qs:f:19.4639	ch:i:293	st:Z:2026-07-15T16:33:54.012000+00:00	RG:Z:a40d6b40-d3ad-4fe7-8245-9c92f794f831_dna_r10.4.1_e8.2_400bps_sup@v5.2.0	DS:Z:gpu:NVIDIA GeForce RTX 4070 SUPER	PU:Z:FBG39641	DT:Z:2026-07-15T14:17:26.508000+00:00	tm:Z:adapter,primer rc
14898	97b4bd4d-1516-4328-8b75-8d1ab4619829	qs:f:24.0761	ch:i:127	st:Z:2026-07-15T23:09:20.729000+00:00	RG:Z:a40d6b40-d3ad-4fe7-8245-9c92f794f831_dna_r10.4.1_e8.2_400bps_sup@v5.2.0	DS:Z:gpu:NVIDIA GeForce RTX 4070 SUPER	PU:Z:FBG39641	DT:Z:2026-07-15T14:17:26.508000+00:00	tm:Z:none rc
14898	72be501d-2dc4-412a-8b14-3a65e6778ec7	qs:f:18.926	ch:i:424	st:Z:2026-07-15T16:26:39.707000+00:00	RG:Z:a40d6b40-d3ad-4fe7-8245-9c92f794f831_dna_r10.4.1_e8.2_400bps_sup@v5.2.0	DS:Z:gpu:NVIDIA GeForce RTX 4070 SUPER	PU:Z:FBG39641	DT:Z:2026-07-15T14:17:26.508000+00:00	tm:Z:adapter,primer rc
14898	a1b24243-7535-4819-868b-1d371ba30fe7	qs:f:22.3386	ch:i:386	st:Z:2026-07-15T16:54:35.549000+00:00	RG:Z:a40d6b40-d3ad-4fe7-8245-9c92f794f831_dna_r10.4.1_e8.2_400bps_sup@v5.2.0	DS:Z:gpu:NVIDIA GeForce RTX 4070 SUPER	PU:Z:FBG39641	DT:Z:2026-07-15T14:17:26.508000+00:00	tm:Z:adapter,primer rc
14898	c94fe25a-cd0e-4aa0-a101-c142a5faee4d	qs:f:23.6727	ch:i:165	st:Z:2026-07-16T01:23:03.831000+00:00	RG:Z:a40d6b40-d3ad-4fe7-8245-9c92f794f831_dna_r10.4.1_e8.2_400bps_sup@v5.2.0	DS:Z:gpu:NVIDIA GeForce RTX 4070 SUPER	PU:Z:FBG39641	DT:Z:2026-07-15T14:17:26.508000+00:00	tm:Z:adapter,primer rc
27093	80500756-45da-4f73-9924-658faf1ff461	qs:f:28.5593	ch:i:410	st:Z:2026-07-15T19:29:40.298000+00:00	RG:Z:a40d6b40-d3ad-4fe7-8245-9c92f794f831_dna_r10.4.1_e8.2_400bps_sup@v5.2.0	DS:Z:gpu:NVIDIA GeForce RTX 4070 SUPER	PU:Z:FBG39641	DT:Z:2026-07-15T14:17:26.508000+00:00	tm:Z:none
27093	e2020ca4-8cc5-4358-bf2e-c2f9616b7685	qs:f:35.1487	ch:i:438	st:Z:2026-07-15T16:46:33.589000+00:00	RG:Z:a40d6b40-d3ad-4fe7-8245-9c92f794f831_dna_r10.4.1_e8.2_400bps_sup@v5.2.0	DS:Z:gpu:NVIDIA GeForce RTX 4070 SUPER	PU:Z:FBG39641	DT:Z:2026-07-15T14:17:26.508000+00:00	tm:Z:adapter,primer rc
27093	73049019-8831-4197-9418-a3262c551ffb	qs:f:17.8695	ch:i:394	st:Z:2026-07-15T20:41:13.556000+00:00	RG:Z:a40d6b40-d3ad-4fe7-8245-9c92f794f831_dna_r10.4.1_e8.2_400bps_sup@v5.2.0	DS:Z:gpu:NVIDIA GeForce RTX 4070 SUPER	PU:Z:FBG39641	DT:Z:2026-07-15T14:17:26.508000+00:00	tm:Z:adapter,primer rc
27093	8c82236a-b566-4f67-a0d7-07d587afe27f	qs:f:17.9636	ch:i:387	st:Z:2026-07-15T14:50:17.300000+00:00	RG:Z:a40d6b40-d3ad-4fe7-8245-9c92f794f831_dna_r10.4.1_e8.2_400bps_sup@v5.2.0	DS:Z:gpu:NVIDIA GeForce RTX 4070 SUPER	PU:Z:FBG39641	DT:Z:2026-07-15T14:17:26.508000+00:00	tm:Z:adapter,primer rc
233031	e7816c09-8e43-439b-96b2-7bc6677a0738	qs:f:21.1263	ch:i:365	st:Z:2026-07-15T17:57:52.449000+00:00	RG:Z:a40d6b40-d3ad-4fe7-8245-9c92f794f831_dna_r10.4.1_e8.2_400bps_sup@v5.2.0	DS:Z:gpu:NVIDIA GeForce RTX 4070 SUPER	PU:Z:FBG39641	DT:Z:2026-07-15T14:17:26.508000+00:00	tm:Z:adapter,primer
233031	36e5d8ae-2801-4e1f-9e30-9cb538cdcc53	qs:f:17.9916	ch:i:217	st:Z:2026-07-16T01:23:03.603000+00:00	RG:Z:a40d6b40-d3ad-4fe7-8245-9c92f794f831_dna_r10.4.1_e8.2_400bps_sup@v5.2.0	DS:Z:gpu:NVIDIA GeForce RTX 4070 SUPER	PU:Z:FBG39641	DT:Z:2026-07-15T14:17:26.508000+00:00	tm:Z:adapter,primer
233031	bb31cd04-3e6a-4f26-b873-40f66e2eeaff	qs:f:18.3511	ch:i:331	st:Z:2026-07-16T01:55:27.265000+00:00	RG:Z:a40d6b40-d3ad-4fe7-8245-9c92f794f831_dna_r10.4.1_e8.2_400bps_sup@v5.2.0	DS:Z:gpu:NVIDIA GeForce RTX 4070 SUPER	PU:Z:FBG39641	DT:Z:2026-07-15T14:17:26.508000+00:00	tm:Z:adapter,primer rc
233031	da96fcbc-d04f-4420-bcaa-1351c47d67fa	qs:f:19.4521	ch:i:363	st:Z:2026-07-15T16:15:10.085000+00:00	RG:Z:a40d6b40-d3ad-4fe7-8245-9c92f794f831_dna_r10.4.1_e8.2_400bps_sup@v5.2.0	DS:Z:gpu:NVIDIA GeForce RTX 4070 SUPER	PU:Z:FBG39641	DT:Z:2026-07-15T14:17:26.508000+00:00	tm:Z:adapter,primer rc
246039	dd079d0f-4c42-450b-89fe-7a9c1c3e6346	qs:f:15.0145	ch:i:139	st:Z:2026-07-15T16:43:01.998000+00:00	RG:Z:a40d6b40-d3ad-4fe7-8245-9c92f794f831_dna_r10.4.1_e8.2_400bps_sup@v5.2.0	DS:Z:gpu:NVIDIA GeForce RTX 4070 SUPER	PU:Z:FBG39641	DT:Z:2026-07-15T14:17:26.508000+00:00	tm:Z:adapter,primer
246039	b5037a33-cfad-4f0d-9ecd-8e9f24a1d876	qs:f:20.7379	ch:i:123	st:Z:2026-07-15T18:14:54.325000+00:00	RG:Z:a40d6b40-d3ad-4fe7-8245-9c92f794f831_dna_r10.4.1_e8.2_400bps_sup@v5.2.0	DS:Z:gpu:NVIDIA GeForce RTX 4070 SUPER	PU:Z:FBG39641	DT:Z:2026-07-15T14:17:26.508000+00:00	tm:Z:adapter,primer
246039	7bcd1062-ea36-4efd-b646-d4c022c07e1e	qs:f:17.467	ch:i:412	st:Z:2026-07-15T14:33:13.141000+00:00	RG:Z:a40d6b40-d3ad-4fe7-8245-9c92f794f831_dna_r10.4.1_e8.2_400bps_sup@v5.2.0	DS:Z:gpu:NVIDIA GeForce RTX 4070 SUPER	PU:Z:FBG39641	DT:Z:2026-07-15T14:17:26.508000+00:00	tm:Z:adapter,primer
246039	3177eb7b-0804-45b4-9be1-a724afc0c47f	qs:f:20.3158	ch:i:401	st:Z:2026-07-16T01:55:16.056000+00:00	RG:Z:a40d6b40-d3ad-4fe7-8245-9c92f794f831_dna_r10.4.1_e8.2_400bps_sup@v5.2.0	DS:Z:gpu:NVIDIA GeForce RTX 4070 SUPER	PU:Z:FBG39641	DT:Z:2026-07-15T14:17:26.508000+00:00	tm:Z:adapter,primer rc
324984	20d47ebe-3caa-4e0f-b36d-f35a63e9d46b	qs:f:17.58	ch:i:19	st:Z:2026-07-15T17:02:20.805000+00:00	RG:Z:a40d6b40-d3ad-4fe7-8245-9c92f794f831_dna_r10.4.1_e8.2_400bps_sup@v5.2.0	DS:Z:gpu:NVIDIA GeForce RTX 4070 SUPER	PU:Z:FBG39641	DT:Z:2026-07-15T14:17:26.508000+00:00	tm:Z:adapter,primer
324984	3a6d2086-cbad-4870-ac2b-c159b91ace54	qs:f:13.6572	ch:i:134	st:Z:2026-07-15T22:15:55.648000+00:00	RG:Z:a40d6b40-d3ad-4fe7-8245-9c92f794f831_dna_r10.4.1_e8.2_400bps_sup@v5.2.0	DS:Z:gpu:NVIDIA GeForce RTX 4070 SUPER	PU:Z:FBG39641	DT:Z:2026-07-15T14:17:26.508000+00:00	tm:Z:adapter,primer
324984	14260f5b-6338-45f9-9144-0a801c459493	qs:f:13.344	ch:i:154	st:Z:2026-07-15T18:33:44.158000+00:00	RG:Z:a40d6b40-d3ad-4fe7-8245-9c92f794f831_dna_r10.4.1_e8.2_400bps_sup@v5.2.0	DS:Z:gpu:NVIDIA GeForce RTX 4070 SUPER	PU:Z:FBG39641	DT:Z:2026-07-15T14:17:26.508000+00:00	tm:Z:none rc
324984	0335f060-cf1a-4473-a573-bcd8fd7d4275	qs:f:12.094	ch:i:366	st:Z:2026-07-15T18:57:46.604000+00:00	RG:Z:a40d6b40-d3ad-4fe7-8245-9c92f794f831_dna_r10.4.1_e8.2_400bps_sup@v5.2.0	DS:Z:gpu:NVIDIA GeForce RTX 4070 SUPER	PU:Z:FBG39641	DT:Z:2026-07-15T14:17:26.508000+00:00	tm:Z:adapter,primer
81239	6d8d41db-9eb5-45a1-9c3c-ca7a7257bd34	qs:f:16.6002	ch:i:427	st:Z:2026-07-15T16:30:06.427000+00:00	RG:Z:a40d6b40-d3ad-4fe7-8245-9c92f794f831_dna_r10.4.1_e8.2_400bps_sup@v5.2.0	DS:Z:gpu:NVIDIA GeForce RTX 4070 SUPER	PU:Z:FBG39641	DT:Z:2026-07-15T14:17:26.508000+00:00	tm:Z:none rc
81239	4afc83df-eb86-4ed7-8a4c-1f9a95c595b9	qs:f:26.3121	ch:i:220	st:Z:2026-07-15T15:29:59.106000+00:00	RG:Z:a40d6b40-d3ad-4fe7-8245-9c92f794f831_dna_r10.4.1_e8.2_400bps_sup@v5.2.0	DS:Z:gpu:NVIDIA GeForce RTX 4070 SUPER	PU:Z:FBG39641	DT:Z:2026-07-15T14:17:26.508000+00:00	tm:Z:none
81239	a3a71781-7019-4652-aa24-c923e5a15c7f	qs:f:34.0783	ch:i:165	st:Z:2026-07-16T00:57:34.054000+00:00	RG:Z:a40d6b40-d3ad-4fe7-8245-9c92f794f831_dna_r10.4.1_e8.2_400bps_sup@v5.2.0	DS:Z:gpu:NVIDIA GeForce RTX 4070 SUPER	PU:Z:FBG39641	DT:Z:2026-07-15T14:17:26.508000+00:00	tm:Z:adapter,primer rc
114534	074323d3-25f5-4509-b1c1-5cc77cee91e1	qs:f:24.2147	ch:i:197	st:Z:2026-07-15T22:57:42.715000+00:00	RG:Z:a40d6b40-d3ad-4fe7-8245-9c92f794f831_dna_r10.4.1_e8.2_400bps_sup@v5.2.0	DS:Z:gpu:NVIDIA GeForce RTX 4070 SUPER	PU:Z:FBG39641	DT:Z:2026-07-15T14:17:26.508000+00:00	tm:Z:adapter,primer rc
114534	4c0427ed-48fa-41ea-9d32-6fb7efcb9644	qs:f:17.5696	ch:i:123	st:Z:2026-07-15T21:16:43.354000+00:00	RG:Z:a40d6b40-d3ad-4fe7-8245-9c92f794f831_dna_r10.4.1_e8.2_400bps_sup@v5.2.0	DS:Z:gpu:NVIDIA GeForce RTX 4070 SUPER	PU:Z:FBG39641	DT:Z:2026-07-15T14:17:26.508000+00:00	tm:Z:adapter,primer
114534	f1e6e6ac-dec3-41b1-b6c3-67158b2e7c8d	qs:f:18.9042	ch:i:296	st:Z:2026-07-16T01:15:20.042000+00:00	RG:Z:a40d6b40-d3ad-4fe7-8245-9c92f794f831_dna_r10.4.1_e8.2_400bps_sup@v5.2.0	DS:Z:gpu:NVIDIA GeForce RTX 4070 SUPER	PU:Z:FBG39641	DT:Z:2026-07-15T14:17:26.508000+00:00	tm:Z:none rc
118135	5b453b6f-7937-4098-8300-fad0830324fc	qs:f:24.8002	ch:i:203	st:Z:2026-07-15T19:18:52.702000+00:00	RG:Z:a40d6b40-d3ad-4fe7-8245-9c92f794f831_dna_r10.4.1_e8.2_400bps_sup@v5.2.0	DS:Z:gpu:NVIDIA GeForce RTX 4070 SUPER	PU:Z:FBG39641	DT:Z:2026-07-15T14:17:26.508000+00:00	tm:Z:adapter,primer rc
118135	35adef7d-2c64-4c73-94f8-8eae8d160e0c	qs:f:21.613	ch:i:267	st:Z:2026-07-15T20:19:36.787000+00:00	RG:Z:a40d6b40-d3ad-4fe7-8245-9c92f794f831_dna_r10.4.1_e8.2_400bps_sup@v5.2.0	DS:Z:gpu:NVIDIA GeForce RTX 4070 SUPER	PU:Z:FBG39641	DT:Z:2026-07-15T14:17:26.508000+00:00	tm:Z:adapter,primer rc
118135	3caff032-92f3-4198-afdc-a59afb21f6ca	qs:f:23.4832	ch:i:91	st:Z:2026-07-16T00:24:52.357000+00:00	RG:Z:a40d6b40-d3ad-4fe7-8245-9c92f794f831_dna_r10.4.1_e8.2_400bps_sup@v5.2.0	DS:Z:gpu:NVIDIA GeForce RTX 4070 SUPER	PU:Z:FBG39641	DT:Z:2026-07-15T14:17:26.508000+00:00	tm:Z:none
215194	e360a96f-6778-4a87-82e0-3fd207b2f9ba	qs:f:22.2875	ch:i:71	st:Z:2026-07-15T23:39:32.946000+00:00	RG:Z:a40d6b40-d3ad-4fe7-8245-9c92f794f831_dna_r10.4.1_e8.2_400bps_sup@v5.2.0	DS:Z:gpu:NVIDIA GeForce RTX 4070 SUPER	PU:Z:FBG39641	DT:Z:2026-07-15T14:17:26.508000+00:00	tm:Z:none
215194	21732258-5673-4174-8f95-eeb12c405856	qs:f:15.0468	ch:i:148	st:Z:2026-07-15T21:05:17.132000+00:00	RG:Z:a40d6b40-d3ad-4fe7-8245-9c92f794f831_dna_r10.4.1_e8.2_400bps_sup@v5.2.0	DS:Z:gpu:NVIDIA GeForce RTX 4070 SUPER	PU:Z:FBG39641	DT:Z:2026-07-15T14:17:26.508000+00:00	tm:Z:adapter,primer
215194	af2f4aec-a979-43ed-a1a6-ce0065d28572	qs:f:21.7399	ch:i:408	st:Z:2026-07-15T18:27:01.551000+00:00	RG:Z:a40d6b40-d3ad-4fe7-8245-9c92f794f831_dna_r10.4.1_e8.2_400bps_sup@v5.2.0	DS:Z:gpu:NVIDIA GeForce RTX 4070 SUPER	PU:Z:FBG39641	DT:Z:2026-07-15T14:17:26.508000+00:00	tm:Z:adapter,primer rc
236895	80ee166d-b7e2-40cd-b397-5e81a73766b4	qs:f:14.1972	ch:i:20	st:Z:2026-07-15T15:06:42.444000+00:00	RG:Z:a40d6b40-d3ad-4fe7-8245-9c92f794f831_dna_r10.4.1_e8.2_400bps_sup@v5.2.0	DS:Z:gpu:NVIDIA GeForce RTX 4070 SUPER	PU:Z:FBG39641	DT:Z:2026-07-15T14:17:26.508000+00:00	tm:Z:adapter,primer rc
236895	9a52a1c0-cab2-445b-b223-2dafa7f7d139	qs:f:17.3531	ch:i:300	st:Z:2026-07-15T23:27:01.803000+00:00	RG:Z:a40d6b40-d3ad-4fe7-8245-9c92f794f831_dna_r10.4.1_e8.2_400bps_sup@v5.2.0	DS:Z:gpu:NVIDIA GeForce RTX 4070 SUPER	PU:Z:FBG39641	DT:Z:2026-07-15T14:17:26.508000+00:00	tm:Z:adapter,primer
236895	dcf5c94c-93b6-4d02-b438-dec081901fbe	qs:f:20.349	ch:i:453	st:Z:2026-07-15T16:44:19.746000+00:00	RG:Z:a40d6b40-d3ad-4fe7-8245-9c92f794f831_dna_r10.4.1_e8.2_400bps_sup@v5.2.0	DS:Z:gpu:NVIDIA GeForce RTX 4070 SUPER	PU:Z:FBG39641	DT:Z:2026-07-15T14:17:26.508000+00:00	tm:Z:adapter,primer rc
244458	7a3e1733-a8e3-4afa-b429-909cf42a4480	qs:f:16.6625	ch:i:427	st:Z:2026-07-15T19:17:33.613000+00:00	RG:Z:a40d6b40-d3ad-4fe7-8245-9c92f794f831_dna_r10.4.1_e8.2_400bps_sup@v5.2.0	DS:Z:gpu:NVIDIA GeForce RTX 4070 SUPER	PU:Z:FBG39641	DT:Z:2026-07-15T14:17:26.508000+00:00	tm:Z:adapter,primer rc
244458	02d97a11-9925-4881-a989-bf59d35be554	qs:f:17.827	ch:i:241	st:Z:2026-07-15T20:28:07.043000+00:00	RG:Z:a40d6b40-d3ad-4fe7-8245-9c92f794f831_dna_r10.4.1_e8.2_400bps_sup@v5.2.0	DS:Z:gpu:NVIDIA GeForce RTX 4070 SUPER	PU:Z:FBG39641	DT:Z:2026-07-15T14:17:26.508000+00:00	tm:Z:adapter,primer
244458	39bf784a-daad-4c94-b03b-2d35755023fe	qs:f:16.3744	ch:i:167	st:Z:2026-07-15T18:51:54.257000+00:00	RG:Z:a40d6b40-d3ad-4fe7-8245-9c92f794f831_dna_r10.4.1_e8.2_400bps_sup@v5.2.0	DS:Z:gpu:NVIDIA GeForce RTX 4070 SUPER	PU:Z:FBG39641	DT:Z:2026-07-15T14:17:26.508000+00:00	tm:Z:adapter,primer
284482	1f16b485-baa4-406d-af8b-b0e752d0d70a	qs:f:17.8196	ch:i:132	st:Z:2026-07-16T01:47:14.253000+00:00	RG:Z:a40d6b40-d3ad-4fe7-8245-9c92f794f831_dna_r10.4.1_e8.2_400bps_sup@v5.2.0	DS:Z:gpu:NVIDIA GeForce RTX 4070 SUPER	PU:Z:FBG39641	DT:Z:2026-07-15T14:17:26.508000+00:00	tm:Z:adapter,primer
284482	a96c2bfb-ad5f-48c7-a6b9-41e11f432728	qs:f:15.4707	ch:i:156	st:Z:2026-07-15T23:37:24.483000+00:00	RG:Z:a40d6b40-d3ad-4fe7-8245-9c92f794f831_dna_r10.4.1_e8.2_400bps_sup@v5.2.0	DS:Z:gpu:NVIDIA GeForce RTX 4070 SUPER	PU:Z:FBG39641	DT:Z:2026-07-15T14:17:26.508000+00:00	tm:Z:adapter,primer
284482	7086f92a-5795-4d33-ad5a-1fc9d013c178	qs:f:18.2898	ch:i:390	st:Z:2026-07-15T21:30:10.196000+00:00	RG:Z:a40d6b40-d3ad-4fe7-8245-9c92f794f831_dna_r10.4.1_e8.2_400bps_sup@v5.2.0	DS:Z:gpu:NVIDIA GeForce RTX 4070 SUPER	PU:Z:FBG39641	DT:Z:2026-07-15T14:17:26.508000+00:00	tm:Z:none
320226	21dab488-f1b4-4b8b-8f13-9a93543a51f6	qs:f:12.8853	ch:i:399	st:Z:2026-07-15T18:20:46.012000+00:00	RG:Z:a40d6b40-d3ad-4fe7-8245-9c92f794f831_dna_r10.4.1_e8.2_400bps_sup@v5.2.0	DS:Z:gpu:NVIDIA GeForce RTX 4070 SUPER	PU:Z:FBG39641	DT:Z:2026-07-15T14:17:26.508000+00:00	tm:Z:none
320226	54c5d6fe-6c07-4147-8b5f-6886b2cdd24b	qs:f:13.7254	ch:i:47	st:Z:2026-07-15T15:41:54.190000+00:00	RG:Z:a40d6b40-d3ad-4fe7-8245-9c92f794f831_dna_r10.4.1_e8.2_400bps_sup@v5.2.0	DS:Z:gpu:NVIDIA GeForce RTX 4070 SUPER	PU:Z:FBG39641	DT:Z:2026-07-15T14:17:26.508000+00:00	tm:Z:none
320226	aebebbdc-8cf8-4a7c-a04f-e517642994d0	qs:f:14.5133	ch:i:125	st:Z:2026-07-15T18:48:36.658000+00:00	RG:Z:a40d6b40-d3ad-4fe7-8245-9c92f794f831_dna_r10.4.1_e8.2_400bps_sup@v5.2.0	DS:Z:gpu:NVIDIA GeForce RTX 4070 SUPER	PU:Z:FBG39641	DT:Z:2026-07-15T14:17:26.508000+00:00	tm:Z:adapter,primer
323140	3c20d394-3bd6-470a-9b05-e3edcdad19cc	qs:f:14.0716	ch:i:105	st:Z:2026-07-15T18:23:45.245000+00:00	RG:Z:a40d6b40-d3ad-4fe7-8245-9c92f794f831_dna_r10.4.1_e8.2_400bps_sup@v5.2.0	DS:Z:gpu:NVIDIA GeForce RTX 4070 SUPER	PU:Z:FBG39641	DT:Z:2026-07-15T14:17:26.508000+00:00	tm:Z:adapter,primer
323140	7b5efa70-fb26-404e-896e-8bd8ac7babab	qs:f:15.7336	ch:i:183	st:Z:2026-07-15T14:32:40.955000+00:00	RG:Z:a40d6b40-d3ad-4fe7-8245-9c92f794f831_dna_r10.4.1_e8.2_400bps_sup@v5.2.0	DS:Z:gpu:NVIDIA GeForce RTX 4070 SUPER	PU:Z:FBG39641	DT:Z:2026-07-15T14:17:26.508000+00:00	tm:Z:adapter,primer rc
323140	7a5defd3-0359-4cb3-863b-61245d6f8aa0	qs:f:15.1427	ch:i:148	st:Z:2026-07-15T15:08:30.809000+00:00	RG:Z:a40d6b40-d3ad-4fe7-8245-9c92f794f831_dna_r10.4.1_e8.2_400bps_sup@v5.2.0	DS:Z:gpu:NVIDIA GeForce RTX 4070 SUPER	PU:Z:FBG39641	DT:Z:2026-07-15T14:17:26.508000+00:00	tm:Z:adapter,primer rc
354302	bbb00426-098e-49ef-8e09-e6e823ef8fe4	qs:f:12.9348	ch:i:217	st:Z:2026-07-15T20:06:19.480000+00:00	RG:Z:a40d6b40-d3ad-4fe7-8245-9c92f794f831_dna_r10.4.1_e8.2_400bps_sup@v5.2.0	DS:Z:gpu:NVIDIA GeForce RTX 4070 SUPER	PU:Z:FBG39641	DT:Z:2026-07-15T14:17:26.508000+00:00	tm:Z:adapter,primer
354302	85258434-23ee-476e-a6af-04c488703d12	qs:f:11.0493	ch:i:207	st:Z:2026-07-15T23:00:20.623000+00:00	RG:Z:a40d6b40-d3ad-4fe7-8245-9c92f794f831_dna_r10.4.1_e8.2_400bps_sup@v5.2.0	DS:Z:gpu:NVIDIA GeForce RTX 4070 SUPER	PU:Z:FBG39641	DT:Z:2026-07-15T14:17:26.508000+00:00	tm:Z:none
354302	adcf027b-f0e1-4697-b6ed-556bf82a1c3f	qs:f:10.5594	ch:i:328	st:Z:2026-07-15T15:46:58.692000+00:00	RG:Z:a40d6b40-d3ad-4fe7-8245-9c92f794f831_dna_r10.4.1_e8.2_400bps_sup@v5.2.0	DS:Z:gpu:NVIDIA GeForce RTX 4070 SUPER	PU:Z:FBG39641	DT:Z:2026-07-15T14:17:26.508000+00:00	tm:Z:adapter,primer
2808	611f6114-3bee-4984-ae7c-b40b6125379e	qs:f:29.0923	ch:i:454	st:Z:2026-07-15T16:41:07.120000+00:00	RG:Z:a40d6b40-d3ad-4fe7-8245-9c92f794f831_dna_r10.4.1_e8.2_400bps_sup@v5.2.0	DS:Z:gpu:NVIDIA GeForce RTX 4070 SUPER	PU:Z:FBG39641	DT:Z:2026-07-15T14:17:26.508000+00:00	tm:Z:adapter,primer rc
2808	3d526b3d-1e04-43f1-9b17-91c5aa1d07c7	qs:f:27.2306	ch:i:181	st:Z:2026-07-15T15:01:23.603000+00:00	RG:Z:a40d6b40-d3ad-4fe7-8245-9c92f794f831_dna_r10.4.1_e8.2_400bps_sup@v5.2.0	DS:Z:gpu:NVIDIA GeForce RTX 4070 SUPER	PU:Z:FBG39641	DT:Z:2026-07-15T14:17:26.508000+00:00	tm:Z:adapter,primer
13068	ad8e348a-b846-4797-b47d-320ab110a920	qs:f:14.7416	ch:i:180	st:Z:2026-07-15T17:13:55.219000+00:00	RG:Z:a40d6b40-d3ad-4fe7-8245-9c92f794f831_dna_r10.4.1_e8.2_400bps_sup@v5.2.0	DS:Z:gpu:NVIDIA GeForce RTX 4070 SUPER	PU:Z:FBG39641	DT:Z:2026-07-15T14:17:26.508000+00:00	tm:Z:none rc
13068	28875b1c-8414-4a6b-a158-fb4586a23697	qs:f:21.6428	ch:i:207	st:Z:2026-07-15T18:21:19.577000+00:00	RG:Z:a40d6b40-d3ad-4fe7-8245-9c92f794f831_dna_r10.4.1_e8.2_400bps_sup@v5.2.0	DS:Z:gpu:NVIDIA GeForce RTX 4070 SUPER	PU:Z:FBG39641	DT:Z:2026-07-15T14:17:26.508000+00:00	tm:Z:adapter,primer rc
21126	5c9653b1-6e90-45ad-9f6e-5f929142cf49	qs:f:26.0203	ch:i:336	st:Z:2026-07-15T18:45:03.880000+00:00	RG:Z:a40d6b40-d3ad-4fe7-8245-9c92f794f831_dna_r10.4.1_e8.2_400bps_sup@v5.2.0	DS:Z:gpu:NVIDIA GeForce RTX 4070 SUPER	PU:Z:FBG39641	DT:Z:2026-07-15T14:17:26.508000+00:00	tm:Z:adapter,primer
21126	b26b0ba4-4952-450c-bd7d-ecc39d8dfa6c	qs:f:18.1346	ch:i:36	st:Z:2026-07-15T16:46:59.323000+00:00	RG:Z:a40d6b40-d3ad-4fe7-8245-9c92f794f831_dna_r10.4.1_e8.2_400bps_sup@v5.2.0	DS:Z:gpu:NVIDIA GeForce RTX 4070 SUPER	PU:Z:FBG39641	DT:Z:2026-07-15T14:17:26.508000+00:00	tm:Z:adapter,primer rc
55650	b5279acb-aaf4-42b5-858c-1b0f00f545cd	qs:f:22.4394	ch:i:65	st:Z:2026-07-15T18:59:02.596000+00:00	RG:Z:a40d6b40-d3ad-4fe7-8245-9c92f794f831_dna_r10.4.1_e8.2_400bps_sup@v5.2.0	DS:Z:gpu:NVIDIA GeForce RTX 4070 SUPER	PU:Z:FBG39641	DT:Z:2026-07-15T14:17:26.508000+00:00	tm:Z:adapter,primer
55650	90ba0374-3e80-487b-9788-3a8e4cc154d2	qs:f:28.9036	ch:i:448	st:Z:2026-07-16T02:08:19.960000+00:00	RG:Z:a40d6b40-d3ad-4fe7-8245-9c92f794f831_dna_r10.4.1_e8.2_400bps_sup@v5.2.0	DS:Z:gpu:NVIDIA GeForce RTX 4070 SUPER	PU:Z:FBG39641	DT:Z:2026-07-15T14:17:26.508000+00:00	tm:Z:adapter,primer rc
112560	a60fb77d-5c6c-4f4c-92d5-eaffea5358a9	qs:f:23.2122	ch:i:319	st:Z:2026-07-16T00:33:55.582000+00:00	RG:Z:a40d6b40-d3ad-4fe7-8245-9c92f794f831_dna_r10.4.1_e8.2_400bps_sup@v5.2.0	DS:Z:gpu:NVIDIA GeForce RTX 4070 SUPER	PU:Z:FBG39641	DT:Z:2026-07-15T14:17:26.508000+00:00	tm:Z:none rc
112560	d06f827d-6417-44c3-84a3-1d8abbacfd01	qs:f:22.6271	ch:i:351	st:Z:2026-07-15T23:51:26.070000+00:00	RG:Z:a40d6b40-d3ad-4fe7-8245-9c92f794f831_dna_r10.4.1_e8.2_400bps_sup@v5.2.0	DS:Z:gpu:NVIDIA GeForce RTX 4070 SUPER	PU:Z:FBG39641	DT:Z:2026-07-15T14:17:26.508000+00:00	tm:Z:adapter,primer
137764	e50dcaee-d4a5-4191-9b87-82e76c35334c	qs:f:22.2776	ch:i:18	st:Z:2026-07-15T20:21:20.536000+00:00	RG:Z:a40d6b40-d3ad-4fe7-8245-9c92f794f831_dna_r10.4.1_e8.2_400bps_sup@v5.2.0	DS:Z:gpu:NVIDIA GeForce RTX 4070 SUPER	PU:Z:FBG39641	DT:Z:2026-07-15T14:17:26.508000+00:00	tm:Z:adapter,primer rc
137764	40c9b42d-5d41-45fd-994d-e89d4d544a4e	qs:f:21.6358	ch:i:402	st:Z:2026-07-15T22:28:39.847000+00:00	RG:Z:a40d6b40-d3ad-4fe7-8245-9c92f794f831_dna_r10.4.1_e8.2_400bps_sup@v5.2.0	DS:Z:gpu:NVIDIA GeForce RTX 4070 SUPER	PU:Z:FBG39641	DT:Z:2026-07-15T14:17:26.508000+00:00	tm:Z:adapter,primer
149948	e52280af-942a-4296-919f-31874131bbed	qs:f:27.2295	ch:i:466	st:Z:2026-07-15T15:22:45.855000+00:00	RG:Z:a40d6b40-d3ad-4fe7-8245-9c92f794f831_dna_r10.4.1_e8.2_400bps_sup@v5.2.0	DS:Z:gpu:NVIDIA GeForce RTX 4070 SUPER	PU:Z:FBG39641	DT:Z:2026-07-15T14:17:26.508000+00:00	tm:Z:adapter,primer
149948	86ed6116-c1a5-4959-b6ca-8d188a85649f	qs:f:15.5482	ch:i:106	st:Z:2026-07-16T00:34:55.586000+00:00	RG:Z:a40d6b40-d3ad-4fe7-8245-9c92f794f831_dna_r10.4.1_e8.2_400bps_sup@v5.2.0	DS:Z:gpu:NVIDIA GeForce RTX 4070 SUPER	PU:Z:FBG39641	DT:Z:2026-07-15T14:17:26.508000+00:00	tm:Z:adapter,primer
150856	ed8b9ac7-9684-4768-b73f-05114505ea69	qs:f:23.8949	ch:i:63	st:Z:2026-07-15T18:35:58.280000+00:00	RG:Z:a40d6b40-d3ad-4fe7-8245-9c92f794f831_dna_r10.4.1_e8.2_400bps_sup@v5.2.0	DS:Z:gpu:NVIDIA GeForce RTX 4070 SUPER	PU:Z:FBG39641	DT:Z:2026-07-15T14:17:26.508000+00:00	tm:Z:adapter,primer rc
150856	fe737461-9227-46ac-a736-68b8ae2601e4	qs:f:15.6754	ch:i:276	st:Z:2026-07-16T01:00:49.296000+00:00	RG:Z:a40d6b40-d3ad-4fe7-8245-9c92f794f831_dna_r10.4.1_e8.2_400bps_sup@v5.2.0	DS:Z:gpu:NVIDIA GeForce RTX 4070 SUPER	PU:Z:FBG39641	DT:Z:2026-07-15T14:17:26.508000+00:00	tm:Z:none rc
208174	f80a5572-66ae-47d4-a2d4-e60f009c6d4b	qs:f:15.191	ch:i:339	st:Z:2026-07-15T17:41:08.707000+00:00	RG:Z:a40d6b40-d3ad-4fe7-8245-9c92f794f831_dna_r10.4.1_e8.2_400bps_sup@v5.2.0	DS:Z:gpu:NVIDIA GeForce RTX 4070 SUPER	PU:Z:FBG39641	DT:Z:2026-07-15T14:17:26.508000+00:00	tm:Z:adapter,primer
208174	1f57182a-82c4-4d10-9242-f8a09ce6c460	qs:f:21.0494	ch:i:226	st:Z:2026-07-15T18:04:09.683000+00:00	RG:Z:a40d6b40-d3ad-4fe7-8245-9c92f794f831_dna_r10.4.1_e8.2_400bps_sup@v5.2.0	DS:Z:gpu:NVIDIA GeForce RTX 4070 SUPER	PU:Z:FBG39641	DT:Z:2026-07-15T14:17:26.508000+00:00	tm:Z:adapter,primer rc
251985	42344e34-9cf8-496b-bc62-a914026d67ed	qs:f:21.0216	ch:i:466	st:Z:2026-07-16T00:22:33.906000+00:00	RG:Z:a40d6b40-d3ad-4fe7-8245-9c92f794f831_dna_r10.4.1_e8.2_400bps_sup@v5.2.0	DS:Z:gpu:NVIDIA GeForce RTX 4070 SUPER	PU:Z:FBG39641	DT:Z:2026-07-15T14:17:26.508000+00:00	tm:Z:adapter,primer rc
251985	f2678d14-15ca-48e2-955d-dd91943fef67	qs:f:20.8861	ch:i:31	st:Z:2026-07-15T14:32:17.693000+00:00	RG:Z:a40d6b40-d3ad-4fe7-8245-9c92f794f831_dna_r10.4.1_e8.2_400bps_sup@v5.2.0	DS:Z:gpu:NVIDIA GeForce RTX 4070 SUPER	PU:Z:FBG39641	DT:Z:2026-07-15T14:17:26.508000+00:00	tm:Z:adapter,primer rc
262703	1a54d857-d559-43d7-8d8f-736ae6576650	qs:f:17.8973	ch:i:277	st:Z:2026-07-15T23:07:36.219000+00:00	RG:Z:a40d6b40-d3ad-4fe7-8245-9c92f794f831_dna_r10.4.1_e8.2_400bps_sup@v5.2.0	DS:Z:gpu:NVIDIA GeForce RTX 4070 SUPER	PU:Z:FBG39641	DT:Z:2026-07-15T14:17:26.508000+00:00	tm:Z:adapter,primer
262703	94e0a471-02ff-4647-b40a-58716e743c67	qs:f:15.4552	ch:i:190	st:Z:2026-07-15T18:49:30.147000+00:00	RG:Z:a40d6b40-d3ad-4fe7-8245-9c92f794f831_dna_r10.4.1_e8.2_400bps_sup@v5.2.0	DS:Z:gpu:NVIDIA GeForce RTX 4070 SUPER	PU:Z:FBG39641	DT:Z:2026-07-15T14:17:26.508000+00:00	tm:Z:adapter,primer rc
279982	230eaecf-5efb-4c51-b04b-47a4c33c87d4	qs:f:15.6328	ch:i:421	st:Z:2026-07-15T20:13:22.663000+00:00	RG:Z:a40d6b40-d3ad-4fe7-8245-9c92f794f831_dna_r10.4.1_e8.2_400bps_sup@v5.2.0	DS:Z:gpu:NVIDIA GeForce RTX 4070 SUPER	PU:Z:FBG39641	DT:Z:2026-07-15T14:17:26.508000+00:00	tm:Z:adapter,primer
279982	8e5addc3-e05b-4d0d-86d5-6a24f83a2e7f	qs:f:17.0811	ch:i:117	st:Z:2026-07-15T14:56:23.523000+00:00	RG:Z:a40d6b40-d3ad-4fe7-8245-9c92f794f831_dna_r10.4.1_e8.2_400bps_sup@v5.2.0	DS:Z:gpu:NVIDIA GeForce RTX 4070 SUPER	PU:Z:FBG39641	DT:Z:2026-07-15T14:17:26.508000+00:00	tm:Z:adapter,primer rc
293422	afcac330-adc5-468d-a341-bcf6237253fe	qs:f:17.831	ch:i:236	st:Z:2026-07-15T23:44:21.180000+00:00	RG:Z:a40d6b40-d3ad-4fe7-8245-9c92f794f831_dna_r10.4.1_e8.2_400bps_sup@v5.2.0	DS:Z:gpu:NVIDIA GeForce RTX 4070 SUPER	PU:Z:FBG39641	DT:Z:2026-07-15T14:17:26.508000+00:00	tm:Z:adapter,primer rc
293422	9908aae1-8d52-4e21-a002-01c26f9876b3	qs:f:18.8853	ch:i:337	st:Z:2026-07-15T15:44:29.498000+00:00	RG:Z:a40d6b40-d3ad-4fe7-8245-9c92f794f831_dna_r10.4.1_e8.2_400bps_sup@v5.2.0	DS:Z:gpu:NVIDIA GeForce RTX 4070 SUPER	PU:Z:FBG39641	DT:Z:2026-07-15T14:17:26.508000+00:00	tm:Z:adapter,primer rc
300527	226ef7fa-b019-4877-bfc8-fe80550cc3b6	qs:f:19.7661	ch:i:47	st:Z:2026-07-15T19:39:05.438000+00:00	RG:Z:a40d6b40-d3ad-4fe7-8245-9c92f794f831_dna_r10.4.1_e8.2_400bps_sup@v5.2.0	DS:Z:gpu:NVIDIA GeForce RTX 4070 SUPER	PU:Z:FBG39641	DT:Z:2026-07-15T14:17:26.508000+00:00	tm:Z:none
300527	cc030e27-62e9-493e-a916-ac007007d04c	qs:f:18.21	ch:i:46	st:Z:2026-07-15T18:22:22.140000+00:00	RG:Z:a40d6b40-d3ad-4fe7-8245-9c92f794f831_dna_r10.4.1_e8.2_400bps_sup@v5.2.0	DS:Z:gpu:NVIDIA GeForce RTX 4070 SUPER	PU:Z:FBG39641	DT:Z:2026-07-15T14:17:26.508000+00:00	tm:Z:adapter,primer rc
315179	4cab5633-c98b-4739-afd9-002d60e968ef	qs:f:13.4786	ch:i:217	st:Z:2026-07-16T00:41:17.359000+00:00	RG:Z:a40d6b40-d3ad-4fe7-8245-9c92f794f831_dna_r10.4.1_e8.2_400bps_sup@v5.2.0	DS:Z:gpu:NVIDIA GeForce RTX 4070 SUPER	PU:Z:FBG39641	DT:Z:2026-07-15T14:17:26.508000+00:00	tm:Z:adapter,primer
315179	f6a0d55c-3258-4c9d-811e-064d9e072fa9	qs:f:16.1852	ch:i:230	st:Z:2026-07-15T21:40:22.972000+00:00	RG:Z:a40d6b40-d3ad-4fe7-8245-9c92f794f831_dna_r10.4.1_e8.2_400bps_sup@v5.2.0	DS:Z:gpu:NVIDIA GeForce RTX 4070 SUPER	PU:Z:FBG39641	DT:Z:2026-07-15T14:17:26.508000+00:00	tm:Z:adapter,primer
318034	73af74ef-61a1-46de-a80c-3516867e9170	qs:f:13.6085	ch:i:4	st:Z:2026-07-15T16:05:54.208000+00:00	RG:Z:a40d6b40-d3ad-4fe7-8245-9c92f794f831_dna_r10.4.1_e8.2_400bps_sup@v5.2.0	DS:Z:gpu:NVIDIA GeForce RTX 4070 SUPER	PU:Z:FBG39641	DT:Z:2026-07-15T14:17:26.508000+00:00	tm:Z:none
318034	054bf22b-5290-42ca-96d4-d25999262066	qs:f:11.3091	ch:i:227	st:Z:2026-07-15T17:44:32.213000+00:00	RG:Z:a40d6b40-d3ad-4fe7-8245-9c92f794f831_dna_r10.4.1_e8.2_400bps_sup@v5.2.0	DS:Z:gpu:NVIDIA GeForce RTX 4070 SUPER	PU:Z:FBG39641	DT:Z:2026-07-15T14:17:26.508000+00:00	tm:Z:none
750	588015f3-d147-4543-a8aa-3bb97343acc3	qs:f:19.2881	ch:i:411	st:Z:2026-07-15T20:36:13.852000+00:00	RG:Z:a40d6b40-d3ad-4fe7-8245-9c92f794f831_dna_r10.4.1_e8.2_400bps_sup@v5.2.0	DS:Z:gpu:NVIDIA GeForce RTX 4070 SUPER	PU:Z:FBG39641	DT:Z:2026-07-15T14:17:26.508000+00:00	tm:Z:adapter,primer
949	8e04ef75-edd2-472c-8226-12692e504ba6	qs:f:23.3119	ch:i:3	st:Z:2026-07-15T15:20:09.936000+00:00	RG:Z:a40d6b40-d3ad-4fe7-8245-9c92f794f831_dna_r10.4.1_e8.2_400bps_sup@v5.2.0	DS:Z:gpu:NVIDIA GeForce RTX 4070 SUPER	PU:Z:FBG39641	DT:Z:2026-07-15T14:17:26.508000+00:00	tm:Z:adapter,primer
1187	672ba73f-7621-45b0-b9cf-4ba6ffcd79ce	qs:f:26.5878	ch:i:71	st:Z:2026-07-16T00:34:04.496000+00:00	RG:Z:a40d6b40-d3ad-4fe7-8245-9c92f794f831_dna_r10.4.1_e8.2_400bps_sup@v5.2.0	DS:Z:gpu:NVIDIA GeForce RTX 4070 SUPER	PU:Z:FBG39641	DT:Z:2026-07-15T14:17:26.508000+00:00	tm:Z:none
3551	328c2ce5-4156-4882-8bec-9f8ad02f1e37	qs:f:25.0393	ch:i:45	st:Z:2026-07-15T17:15:44.629000+00:00	RG:Z:a40d6b40-d3ad-4fe7-8245-9c92f794f831_dna_r10.4.1_e8.2_400bps_sup@v5.2.0	DS:Z:gpu:NVIDIA GeForce RTX 4070 SUPER	PU:Z:FBG39641	DT:Z:2026-07-15T14:17:26.508000+00:00	tm:Z:adapter,primer rc
21307	f35e9548-c14b-46bc-a636-9489be432053	qs:f:17.508	ch:i:460	st:Z:2026-07-15T16:23:17.196000+00:00	RG:Z:a40d6b40-d3ad-4fe7-8245-9c92f794f831_dna_r10.4.1_e8.2_400bps_sup@v5.2.0	DS:Z:gpu:NVIDIA GeForce RTX 4070 SUPER	PU:Z:FBG39641	DT:Z:2026-07-15T14:17:26.508000+00:00	tm:Z:adapter,primer
27993	beeee3c2-e8bd-4cee-8e77-8f7bf7ec4de6	qs:f:22.9251	ch:i:465	st:Z:2026-07-15T17:04:58.810000+00:00	RG:Z:a40d6b40-d3ad-4fe7-8245-9c92f794f831_dna_r10.4.1_e8.2_400bps_sup@v5.2.0	DS:Z:gpu:NVIDIA GeForce RTX 4070 SUPER	PU:Z:FBG39641	DT:Z:2026-07-15T14:17:26.508000+00:00	tm:Z:adapter,primer
51941	52065c8a-84f4-48b9-b819-f78144702918	qs:f:31.2253	ch:i:391	st:Z:2026-07-15T17:57:36.249000+00:00	RG:Z:a40d6b40-d3ad-4fe7-8245-9c92f794f831_dna_r10.4.1_e8.2_400bps_sup@v5.2.0	DS:Z:gpu:NVIDIA GeForce RTX 4070 SUPER	PU:Z:FBG39641	DT:Z:2026-07-15T14:17:26.508000+00:00	tm:Z:adapter,primer rc
52959	27836425-756f-4b95-b5a2-43d2bceeb000	qs:f:17.0786	ch:i:357	st:Z:2026-07-15T20:41:38.735000+00:00	RG:Z:a40d6b40-d3ad-4fe7-8245-9c92f794f831_dna_r10.4.1_e8.2_400bps_sup@v5.2.0	DS:Z:gpu:NVIDIA GeForce RTX 4070 SUPER	PU:Z:FBG39641	DT:Z:2026-07-15T14:17:26.508000+00:00	tm:Z:none
77780	8ade83cb-06e0-45bf-b5c3-ffa6d793e075	qs:f:28.8134	ch:i:254	st:Z:2026-07-15T14:37:14.922000+00:00	RG:Z:a40d6b40-d3ad-4fe7-8245-9c92f794f831_dna_r10.4.1_e8.2_400bps_sup@v5.2.0	DS:Z:gpu:NVIDIA GeForce RTX 4070 SUPER	PU:Z:FBG39641	DT:Z:2026-07-15T14:17:26.508000+00:00	tm:Z:adapter,primer rc
89623	af73f0e3-94d8-4dc1-8808-1e7211e5991f	qs:f:18.9532	ch:i:112	st:Z:2026-07-15T15:47:54.299000+00:00	RG:Z:a40d6b40-d3ad-4fe7-8245-9c92f794f831_dna_r10.4.1_e8.2_400bps_sup@v5.2.0	DS:Z:gpu:NVIDIA GeForce RTX 4070 SUPER	PU:Z:FBG39641	DT:Z:2026-07-15T14:17:26.508000+00:00	tm:Z:none rc
98052	70365151-0c30-48b2-a5d3-7dff2807fd5e	qs:f:19.4048	ch:i:456	st:Z:2026-07-15T22:02:05.825000+00:00	RG:Z:a40d6b40-d3ad-4fe7-8245-9c92f794f831_dna_r10.4.1_e8.2_400bps_sup@v5.2.0	DS:Z:gpu:NVIDIA GeForce RTX 4070 SUPER	PU:Z:FBG39641	DT:Z:2026-07-15T14:17:26.508000+00:00	tm:Z:adapter,primer
125955	865ff9d7-d45f-44e0-975d-9879173ded2c	qs:f:25.1476	ch:i:326	st:Z:2026-07-15T17:12:40.017000+00:00	RG:Z:a40d6b40-d3ad-4fe7-8245-9c92f794f831_dna_r10.4.1_e8.2_400bps_sup@v5.2.0	DS:Z:gpu:NVIDIA GeForce RTX 4070 SUPER	PU:Z:FBG39641	DT:Z:2026-07-15T14:17:26.508000+00:00	tm:Z:none rc
134309	96f01288-76f1-43a6-a52c-2759101076eb	qs:f:20.912	ch:i:230	st:Z:2026-07-16T01:51:34.693000+00:00	RG:Z:a40d6b40-d3ad-4fe7-8245-9c92f794f831_dna_r10.4.1_e8.2_400bps_sup@v5.2.0	DS:Z:gpu:NVIDIA GeForce RTX 4070 SUPER	PU:Z:FBG39641	DT:Z:2026-07-15T14:17:26.508000+00:00	tm:Z:adapter,primer
134647	b125515a-e4a6-41d4-8a2c-d1b204e0dc27	qs:f:14.7132	ch:i:339	st:Z:2026-07-16T00:28:40.419000+00:00	RG:Z:a40d6b40-d3ad-4fe7-8245-9c92f794f831_dna_r10.4.1_e8.2_400bps_sup@v5.2.0	DS:Z:gpu:NVIDIA GeForce RTX 4070 SUPER	PU:Z:FBG39641	DT:Z:2026-07-15T14:17:26.508000+00:00	tm:Z:adapter,primer rc
147107	385e835b-cd14-40fb-9541-8d4df063ad98	qs:f:19.8968	ch:i:7	st:Z:2026-07-16T00:10:38.497000+00:00	RG:Z:a40d6b40-d3ad-4fe7-8245-9c92f794f831_dna_r10.4.1_e8.2_400bps_sup@v5.2.0	DS:Z:gpu:NVIDIA GeForce RTX 4070 SUPER	PU:Z:FBG39641	DT:Z:2026-07-15T14:17:26.508000+00:00	tm:Z:none rc
165157	18310e89-7d42-4969-80fc-529fe2c5ac92	qs:f:24.0198	ch:i:429	st:Z:2026-07-15T15:04:58.129000+00:00	RG:Z:a40d6b40-d3ad-4fe7-8245-9c92f794f831_dna_r10.4.1_e8.2_400bps_sup@v5.2.0	DS:Z:gpu:NVIDIA GeForce RTX 4070 SUPER	PU:Z:FBG39641	DT:Z:2026-07-15T14:17:26.508000+00:00	tm:Z:adapter,primer rc
178789	346d9d37-2adf-4225-a8ee-c1db0ba4497e	qs:f:15.4804	ch:i:401	st:Z:2026-07-16T02:02:02.652000+00:00	RG:Z:a40d6b40-d3ad-4fe7-8245-9c92f794f831_dna_r10.4.1_e8.2_400bps_sup@v5.2.0	DS:Z:gpu:NVIDIA GeForce RTX 4070 SUPER	PU:Z:FBG39641	DT:Z:2026-07-15T14:17:26.508000+00:00	tm:Z:adapter,primer
194720	3420fe89-1c7c-4858-8b58-80e9b1ba7ade	qs:f:19.5472	ch:i:66	st:Z:2026-07-16T00:30:39.353000+00:00	RG:Z:a40d6b40-d3ad-4fe7-8245-9c92f794f831_dna_r10.4.1_e8.2_400bps_sup@v5.2.0	DS:Z:gpu:NVIDIA GeForce RTX 4070 SUPER	PU:Z:FBG39641	DT:Z:2026-07-15T14:17:26.508000+00:00	tm:Z:adapter,primer
201869	02801322-cb05-4dc9-b150-df01047a9b90	qs:f:23.1705	ch:i:328	st:Z:2026-07-15T22:41:31.887000+00:00	RG:Z:a40d6b40-d3ad-4fe7-8245-9c92f794f831_dna_r10.4.1_e8.2_400bps_sup@v5.2.0	DS:Z:gpu:NVIDIA GeForce RTX 4070 SUPER	PU:Z:FBG39641	DT:Z:2026-07-15T14:17:26.508000+00:00	tm:Z:none
210087	095020a4-1231-40e5-94d6-1b4ab07271a3	qs:f:18.7963	ch:i:455	st:Z:2026-07-15T15:45:43.720000+00:00	RG:Z:a40d6b40-d3ad-4fe7-8245-9c92f794f831_dna_r10.4.1_e8.2_400bps_sup@v5.2.0	DS:Z:gpu:NVIDIA GeForce RTX 4070 SUPER	PU:Z:FBG39641	DT:Z:2026-07-15T14:17:26.508000+00:00	tm:Z:adapter,primer
210122	69a703cf-130a-4e66-9a52-e51f2058570a	qs:f:21.0016	ch:i:392	st:Z:2026-07-15T18:20:25.137000+00:00	RG:Z:a40d6b40-d3ad-4fe7-8245-9c92f794f831_dna_r10.4.1_e8.2_400bps_sup@v5.2.0	DS:Z:gpu:NVIDIA GeForce RTX 4070 SUPER	PU:Z:FBG39641	DT:Z:2026-07-15T14:17:26.508000+00:00	tm:Z:adapter,primer rc
218597	0518d46f-b46e-42d0-9e2a-e0366ca10eb9	qs:f:20.3099	ch:i:142	st:Z:2026-07-15T15:24:06.208000+00:00	RG:Z:a40d6b40-d3ad-4fe7-8245-9c92f794f831_dna_r10.4.1_e8.2_400bps_sup@v5.2.0	DS:Z:gpu:NVIDIA GeForce RTX 4070 SUPER	PU:Z:FBG39641	DT:Z:2026-07-15T14:17:26.508000+00:00	tm:Z:none rc
230190	957760a0-6981-4458-858b-1ffc6cfdc79c	qs:f:22.859	ch:i:156	st:Z:2026-07-15T16:22:32.291000+00:00	RG:Z:a40d6b40-d3ad-4fe7-8245-9c92f794f831_dna_r10.4.1_e8.2_400bps_sup@v5.2.0	DS:Z:gpu:NVIDIA GeForce RTX 4070 SUPER	PU:Z:FBG39641	DT:Z:2026-07-15T14:17:26.508000+00:00	tm:Z:none rc
237591	df86016a-aa5b-40dd-89a3-17b092736aee	qs:f:16.2953	ch:i:82	st:Z:2026-07-15T18:49:47.082000+00:00	RG:Z:a40d6b40-d3ad-4fe7-8245-9c92f794f831_dna_r10.4.1_e8.2_400bps_sup@v5.2.0	DS:Z:gpu:NVIDIA GeForce RTX 4070 SUPER	PU:Z:FBG39641	DT:Z:2026-07-15T14:17:26.508000+00:00	tm:Z:adapter,primer rc
242622	abb5f4bb-3605-4141-a6a4-2621436a5869	qs:f:20.9173	ch:i:475	st:Z:2026-07-15T18:15:24.329000+00:00	RG:Z:a40d6b40-d3ad-4fe7-8245-9c92f794f831_dna_r10.4.1_e8.2_400bps_sup@v5.2.0	DS:Z:gpu:NVIDIA GeForce RTX 4070 SUPER	PU:Z:FBG39641	DT:Z:2026-07-15T14:17:26.508000+00:00	tm:Z:none
247367	43d51636-be6f-460a-b80f-41f1ddf45d0c	qs:f:21.1676	ch:i:204	st:Z:2026-07-15T18:50:11.078000+00:00	RG:Z:a40d6b40-d3ad-4fe7-8245-9c92f794f831_dna_r10.4.1_e8.2_400bps_sup@v5.2.0	DS:Z:gpu:NVIDIA GeForce RTX 4070 SUPER	PU:Z:FBG39641	DT:Z:2026-07-15T14:17:26.508000+00:00	tm:Z:adapter,primer rc
256186	cefd8d58-c2bd-44ca-a211-3772d785bea4	qs:f:17.469	ch:i:326	st:Z:2026-07-15T17:39:09.741000+00:00	RG:Z:a40d6b40-d3ad-4fe7-8245-9c92f794f831_dna_r10.4.1_e8.2_400bps_sup@v5.2.0	DS:Z:gpu:NVIDIA GeForce RTX 4070 SUPER	PU:Z:FBG39641	DT:Z:2026-07-15T14:17:26.508000+00:00	tm:Z:adapter,primer rc
257801	94862a1e-b0f6-42e2-aa6a-84c23b0f04ef	qs:f:13.5742	ch:i:477	st:Z:2026-07-16T01:23:16.343000+00:00	RG:Z:a40d6b40-d3ad-4fe7-8245-9c92f794f831_dna_r10.4.1_e8.2_400bps_sup@v5.2.0	DS:Z:gpu:NVIDIA GeForce RTX 4070 SUPER	PU:Z:FBG39641	DT:Z:2026-07-15T14:17:26.508000+00:00	tm:Z:none
273167	bf6ff48e-7ed7-4ff5-98e6-c6c5ba5ae777	qs:f:18.2644	ch:i:281	st:Z:2026-07-15T15:06:57.469000+00:00	RG:Z:a40d6b40-d3ad-4fe7-8245-9c92f794f831_dna_r10.4.1_e8.2_400bps_sup@v5.2.0	DS:Z:gpu:NVIDIA GeForce RTX 4070 SUPER	PU:Z:FBG39641	DT:Z:2026-07-15T14:17:26.508000+00:00	tm:Z:adapter,primer rc
281550	72fecc72-d739-4a37-a7db-54ad35561f27	qs:f:13.9201	ch:i:288	st:Z:2026-07-15T18:23:16.230000+00:00	RG:Z:a40d6b40-d3ad-4fe7-8245-9c92f794f831_dna_r10.4.1_e8.2_400bps_sup@v5.2.0	DS:Z:gpu:NVIDIA GeForce RTX 4070 SUPER	PU:Z:FBG39641	DT:Z:2026-07-15T14:17:26.508000+00:00	tm:Z:adapter,primer
293948	0a77c2f3-e2ca-42c9-bc9e-8bc29e1e26b0	qs:f:17.3394	ch:i:469	st:Z:2026-07-16T01:32:31.992000+00:00	RG:Z:a40d6b40-d3ad-4fe7-8245-9c92f794f831_dna_r10.4.1_e8.2_400bps_sup@v5.2.0	DS:Z:gpu:NVIDIA GeForce RTX 4070 SUPER	PU:Z:FBG39641	DT:Z:2026-07-15T14:17:26.508000+00:00	tm:Z:none
303746	6fbfa511-1454-473a-af5c-7114732518c4	qs:f:19.1627	ch:i:311	st:Z:2026-07-15T14:52:23.317000+00:00	RG:Z:a40d6b40-d3ad-4fe7-8245-9c92f794f831_dna_r10.4.1_e8.2_400bps_sup@v5.2.0	DS:Z:gpu:NVIDIA GeForce RTX 4070 SUPER	PU:Z:FBG39641	DT:Z:2026-07-15T14:17:26.508000+00:00	tm:Z:adapter,primer
308420	dbcd6eeb-454b-449d-82d3-2dc76eedb2ef	qs:f:14.9627	ch:i:388	st:Z:2026-07-15T21:32:19.192000+00:00	RG:Z:a40d6b40-d3ad-4fe7-8245-9c92f794f831_dna_r10.4.1_e8.2_400bps_sup@v5.2.0	DS:Z:gpu:NVIDIA GeForce RTX 4070 SUPER	PU:Z:FBG39641	DT:Z:2026-07-15T14:17:26.508000+00:00	tm:Z:adapter,primer
310460	e887eb00-0148-4481-9995-4ef5da35fe8a	qs:f:13.3419	ch:i:341	st:Z:2026-07-15T21:51:21.974000+00:00	RG:Z:a40d6b40-d3ad-4fe7-8245-9c92f794f831_dna_r10.4.1_e8.2_400bps_sup@v5.2.0	DS:Z:gpu:NVIDIA GeForce RTX 4070 SUPER	PU:Z:FBG39641	DT:Z:2026-07-15T14:17:26.508000+00:00	tm:Z:adapter,primer
312249	708fae17-33e5-4264-bf8a-34941b52ad78	qs:f:15.7274	ch:i:59	st:Z:2026-07-15T14:54:16.461000+00:00	RG:Z:a40d6b40-d3ad-4fe7-8245-9c92f794f831_dna_r10.4.1_e8.2_400bps_sup@v5.2.0	DS:Z:gpu:NVIDIA GeForce RTX 4070 SUPER	PU:Z:FBG39641	DT:Z:2026-07-15T14:17:26.508000+00:00	tm:Z:adapter,primer
312532	0ae4086d-834f-4f5f-8148-2d1b0a67b6ed	qs:f:18.6778	ch:i:463	st:Z:2026-07-16T01:56:11.536000+00:00	RG:Z:a40d6b40-d3ad-4fe7-8245-9c92f794f831_dna_r10.4.1_e8.2_400bps_sup@v5.2.0	DS:Z:gpu:NVIDIA GeForce RTX 4070 SUPER	PU:Z:FBG39641	DT:Z:2026-07-15T14:17:26.508000+00:00	tm:Z:adapter,primer rc
320411	999c2c11-27b4-419f-b10f-227a3d5f305a	qs:f:13.9327	ch:i:295	st:Z:2026-07-15T22:15:04.329000+00:00	RG:Z:a40d6b40-d3ad-4fe7-8245-9c92f794f831_dna_r10.4.1_e8.2_400bps_sup@v5.2.0	DS:Z:gpu:NVIDIA GeForce RTX 4070 SUPER	PU:Z:FBG39641	DT:Z:2026-07-15T14:17:26.508000+00:00	tm:Z:adapter,primer
320736	0ca44efc-b59b-4bd5-b8a5-bee13196bbf6	qs:f:16.6432	ch:i:236	st:Z:2026-07-16T00:07:04.352000+00:00	RG:Z:a40d6b40-d3ad-4fe7-8245-9c92f794f831_dna_r10.4.1_e8.2_400bps_sup@v5.2.0	DS:Z:gpu:NVIDIA GeForce RTX 4070 SUPER	PU:Z:FBG39641	DT:Z:2026-07-15T14:17:26.508000+00:00	tm:Z:adapter,primer
324467	07a190d6-351d-4029-83da-d73bd0d4c23d	qs:f:15.0497	ch:i:509	st:Z:2026-07-16T00:42:30.986000+00:00	RG:Z:a40d6b40-d3ad-4fe7-8245-9c92f794f831_dna_r10.4.1_e8.2_400bps_sup@v5.2.0	DS:Z:gpu:NVIDIA GeForce RTX 4070 SUPER	PU:Z:FBG39641	DT:Z:2026-07-15T14:17:26.508000+00:00	tm:Z:none rc
328013	2bf0825f-6a87-4b52-935f-6a2af55d86b8	qs:f:16.6411	ch:i:382	st:Z:2026-07-16T02:11:28.228000+00:00	RG:Z:a40d6b40-d3ad-4fe7-8245-9c92f794f831_dna_r10.4.1_e8.2_400bps_sup@v5.2.0	DS:Z:gpu:NVIDIA GeForce RTX 4070 SUPER	PU:Z:FBG39641	DT:Z:2026-07-15T14:17:26.508000+00:00	tm:Z:adapter,primer
328017	aca62a6d-0fad-4fd8-a56c-6bf1d424571a	qs:f:13.5465	ch:i:380	st:Z:2026-07-15T19:22:54.670000+00:00	RG:Z:a40d6b40-d3ad-4fe7-8245-9c92f794f831_dna_r10.4.1_e8.2_400bps_sup@v5.2.0	DS:Z:gpu:NVIDIA GeForce RTX 4070 SUPER	PU:Z:FBG39641	DT:Z:2026-07-15T14:17:26.508000+00:00	tm:Z:adapter,primer rc
330096	3844e438-961e-4f6b-91c5-7904a0be939b	qs:f:15.9576	ch:i:267	st:Z:2026-07-15T16:52:44.020000+00:00	RG:Z:a40d6b40-d3ad-4fe7-8245-9c92f794f831_dna_r10.4.1_e8.2_400bps_sup@v5.2.0	DS:Z:gpu:NVIDIA GeForce RTX 4070 SUPER	PU:Z:FBG39641	DT:Z:2026-07-15T14:17:26.508000+00:00	tm:Z:none
331881	7a9edf63-e9f1-40e6-94f6-725db86aea05	qs:f:14.3796	ch:i:82	st:Z:2026-07-15T21:33:50.464000+00:00	RG:Z:a40d6b40-d3ad-4fe7-8245-9c92f794f831_dna_r10.4.1_e8.2_400bps_sup@v5.2.0	DS:Z:gpu:NVIDIA GeForce RTX 4070 SUPER	PU:Z:FBG39641	DT:Z:2026-07-15T14:17:26.508000+00:00	tm:Z:adapter,primer
334620	eb5a96f9-7604-4cf5-9d39-009eb9e9e656	qs:f:15.2888	ch:i:382	st:Z:2026-07-16T01:49:56.431000+00:00	RG:Z:a40d6b40-d3ad-4fe7-8245-9c92f794f831_dna_r10.4.1_e8.2_400bps_sup@v5.2.0	DS:Z:gpu:NVIDIA GeForce RTX 4070 SUPER	PU:Z:FBG39641	DT:Z:2026-07-15T14:17:26.508000+00:00	tm:Z:adapter,primer rc
341177	2ff493a4-8fc3-4adb-b2e6-c5520f99188f	qs:f:13.6193	ch:i:255	st:Z:2026-07-15T23:40:58.538000+00:00	RG:Z:a40d6b40-d3ad-4fe7-8245-9c92f794f831_dna_r10.4.1_e8.2_400bps_sup@v5.2.0	DS:Z:gpu:NVIDIA GeForce RTX 4070 SUPER	PU:Z:FBG39641	DT:Z:2026-07-15T14:17:26.508000+00:00	tm:Z:adapter,primer rc
341218	d0955681-59c0-4131-b527-53f56b0acad0	qs:f:13.0867	ch:i:129	st:Z:2026-07-15T19:16:49.932000+00:00	RG:Z:a40d6b40-d3ad-4fe7-8245-9c92f794f831_dna_r10.4.1_e8.2_400bps_sup@v5.2.0	DS:Z:gpu:NVIDIA GeForce RTX 4070 SUPER	PU:Z:FBG39641	DT:Z:2026-07-15T14:17:26.508000+00:00	tm:Z:none
342708	01257fc3-8780-438d-8e3a-65d7891bcc94	qs:f:15.2102	ch:i:30	st:Z:2026-07-15T23:41:29.201000+00:00	RG:Z:a40d6b40-d3ad-4fe7-8245-9c92f794f831_dna_r10.4.1_e8.2_400bps_sup@v5.2.0	DS:Z:gpu:NVIDIA GeForce RTX 4070 SUPER	PU:Z:FBG39641	DT:Z:2026-07-15T14:17:26.508000+00:00	tm:Z:adapter,primer
346725	3a9cd99e-8519-4640-9dc5-57fdb589811c	qs:f:12.2697	ch:i:152	st:Z:2026-07-15T19:30:35.906000+00:00	RG:Z:a40d6b40-d3ad-4fe7-8245-9c92f794f831_dna_r10.4.1_e8.2_400bps_sup@v5.2.0	DS:Z:gpu:NVIDIA GeForce RTX 4070 SUPER	PU:Z:FBG39641	DT:Z:2026-07-15T14:17:26.508000+00:00	tm:Z:none rc
347171	fd51212e-0156-4e32-a367-387f54dd31ca	qs:f:14.0545	ch:i:209	st:Z:2026-07-15T14:50:41.138000+00:00	RG:Z:a40d6b40-d3ad-4fe7-8245-9c92f794f831_dna_r10.4.1_e8.2_400bps_sup@v5.2.0	DS:Z:gpu:NVIDIA GeForce RTX 4070 SUPER	PU:Z:FBG39641	DT:Z:2026-07-15T14:17:26.508000+00:00	tm:Z:adapter,primer
350087	27510e64-9284-4360-ae4f-f3b85fc23eaa	qs:f:15.4667	ch:i:82	st:Z:2026-07-15T23:22:47.427000+00:00	RG:Z:a40d6b40-d3ad-4fe7-8245-9c92f794f831_dna_r10.4.1_e8.2_400bps_sup@v5.2.0	DS:Z:gpu:NVIDIA GeForce RTX 4070 SUPER	PU:Z:FBG39641	DT:Z:2026-07-15T14:17:26.508000+00:00	tm:Z:adapter,primer rc
350979	8be5c9c9-636f-40bb-a264-189c5f47c049	qs:f:13.5806	ch:i:263	st:Z:2026-07-15T17:44:16.561000+00:00	RG:Z:a40d6b40-d3ad-4fe7-8245-9c92f794f831_dna_r10.4.1_e8.2_400bps_sup@v5.2.0	DS:Z:gpu:NVIDIA GeForce RTX 4070 SUPER	PU:Z:FBG39641	DT:Z:2026-07-15T14:17:26.508000+00:00	tm:Z:adapter,primer rc
351247	15e1d0b2-f900-4105-97e8-3a32169082e1	qs:f:12.7303	ch:i:174	st:Z:2026-07-15T20:43:17.048000+00:00	RG:Z:a40d6b40-d3ad-4fe7-8245-9c92f794f831_dna_r10.4.1_e8.2_400bps_sup@v5.2.0	DS:Z:gpu:NVIDIA GeForce RTX 4070 SUPER	PU:Z:FBG39641	DT:Z:2026-07-15T14:17:26.508000+00:00	tm:Z:none
352574	47a67f49-bfee-4afb-9a9a-40e3a8774c4d	qs:f:13.4099	ch:i:173	st:Z:2026-07-15T16:17:39.715000+00:00	RG:Z:a40d6b40-d3ad-4fe7-8245-9c92f794f831_dna_r10.4.1_e8.2_400bps_sup@v5.2.0	DS:Z:gpu:NVIDIA GeForce RTX 4070 SUPER	PU:Z:FBG39641	DT:Z:2026-07-15T14:17:26.508000+00:00	tm:Z:none
