2624	096bbb57-02cb-4239-8d45-e56be09732f3 runid=0dfb5b492dc86ce99bf7c61c734eb364afcdb5c8 ch=20 start_time=2025-09-25T23:38:06.398161+00:00 flow_cell_id=AWX817 basecall_gpu=NVIDIA_Tegra_X2 protocol_group_id=ONT_trialEb_250925 sample_id=ONT_trail_250925 barcode=barcode13 barcode_alias=barcode13 parent_read_id=096bbb57-02cb-4239-8d45-e56be09732f3 basecall_model_version_id=dna_r10.4.1_e8.2_400bps_hac@v4.3.0 rc
2624	af138a4d-f2fe-4c37-925c-eaef418782d7 runid=0dfb5b492dc86ce99bf7c61c734eb364afcdb5c8 ch=10 start_time=2025-09-25T16:56:35.398161+00:00 flow_cell_id=AWX817 basecall_gpu=NVIDIA_Tegra_X2 protocol_group_id=ONT_trialEb_250925 sample_id=ONT_trail_250925 barcode=barcode14 barcode_alias=barcode14 parent_read_id=af138a4d-f2fe-4c37-925c-eaef418782d7 basecall_model_version_id=dna_r10.4.1_e8.2_400bps_hac@v4.3.0
2624	70f1c6f8-7312-4604-bcc3-36731410e995 runid=0dfb5b492dc86ce99bf7c61c734eb364afcdb5c8 ch=4 start_time=2025-09-26T07:11:07.398161+00:00 flow_cell_id=AWX817 basecall_gpu=NVIDIA_Tegra_X2 protocol_group_id=ONT_trialEb_250925 sample_id=ONT_trail_250925 barcode=barcode22 barcode_alias=barcode22 parent_read_id=70f1c6f8-7312-4604-bcc3-36731410e995 basecall_model_version_id=dna_r10.4.1_e8.2_400bps_hac@v4.3.0
2624	23aa8339-0c5f-429e-95b1-a96dbb778cd4 runid=0dfb5b492dc86ce99bf7c61c734eb364afcdb5c8 ch=93 start_time=2025-09-25T19:05:13.398161+00:00 flow_cell_id=AWX817 basecall_gpu=NVIDIA_Tegra_X2 protocol_group_id=ONT_trialEb_250925 sample_id=ONT_trail_250925 barcode=barcode22 barcode_alias=barcode22 parent_read_id=23aa8339-0c5f-429e-95b1-a96dbb778cd4 basecall_model_version_id=dna_r10.4.1_e8.2_400bps_hac@v4.3.0
2624	c9de7475-4853-4fd6-a538-730652c9a311 runid=0dfb5b492dc86ce99bf7c61c734eb364afcdb5c8 ch=44 start_time=2025-09-25T18:56:18.398161+00:00 flow_cell_id=AWX817 basecall_gpu=NVIDIA_Tegra_X2 protocol_group_id=ONT_trialEb_250925 sample_id=ONT_trail_250925 barcode=barcode24 barcode_alias=barcode24 parent_read_id=c9de7475-4853-4fd6-a538-730652c9a311 basecall_model_version_id=dna_r10.4.1_e8.2_400bps_hac@v4.3.0 rc
2624	98e0000f-312b-497a-bf3f-49d701f323c6 runid=0dfb5b492dc86ce99bf7c61c734eb364afcdb5c8 ch=110 start_time=2025-09-25T15:47:24.398161+00:00 flow_cell_id=AWX817 basecall_gpu=NVIDIA_Tegra_X2 protocol_group_id=ONT_trialEb_250925 sample_id=ONT_trail_250925 barcode=barcode22 barcode_alias=barcode22 parent_read_id=98e0000f-312b-497a-bf3f-49d701f323c6 basecall_model_version_id=dna_r10.4.1_e8.2_400bps_hac@v4.3.0 rc
2624	7ccd463a-b412-4e55-af75-94bc22a1cc75 runid=0dfb5b492dc86ce99bf7c61c734eb364afcdb5c8 ch=43 start_time=2025-09-25T18:27:22.398161+00:00 flow_cell_id=AWX817 basecall_gpu=NVIDIA_Tegra_X2 protocol_group_id=ONT_trialEb_250925 sample_id=ONT_trail_250925 barcode=barcode22 barcode_alias=barcode22 parent_read_id=7ccd463a-b412-4e55-af75-94bc22a1cc75 basecall_model_version_id=dna_r10.4.1_e8.2_400bps_hac@v4.3.0 rc
2624	5dab8443-5733-4f68-a73e-075ccd275fb1 runid=0dfb5b492dc86ce99bf7c61c734eb364afcdb5c8 ch=20 start_time=2025-09-26T04:46:47.398161+00:00 flow_cell_id=AWX817 basecall_gpu=NVIDIA_Tegra_X2 protocol_group_id=ONT_trialEb_250925 sample_id=ONT_trail_250925 barcode=barcode23 barcode_alias=barcode23 parent_read_id=5dab8443-5733-4f68-a73e-075ccd275fb1 basecall_model_version_id=dna_r10.4.1_e8.2_400bps_hac@v4.3.0
2624	70cd737a-2cf3-40cf-adc2-56ee04c4f79a runid=0dfb5b492dc86ce99bf7c61c734eb364afcdb5c8 ch=49 start_time=2025-09-25T19:03:26.398161+00:00 flow_cell_id=AWX817 basecall_gpu=NVIDIA_Tegra_X2 protocol_group_id=ONT_trialEb_250925 sample_id=ONT_trail_250925 barcode=barcode15 barcode_alias=barcode15 parent_read_id=70cd737a-2cf3-40cf-adc2-56ee04c4f79a basecall_model_version_id=dna_r10.4.1_e8.2_400bps_hac@v4.3.0 rc
2624	84ca909c-2dd3-46a5-99f9-b957f5139be5 runid=0dfb5b492dc86ce99bf7c61c734eb364afcdb5c8 ch=41 start_time=2025-09-26T02:45:37.398161+00:00 flow_cell_id=AWX817 basecall_gpu=NVIDIA_Tegra_X2 protocol_group_id=ONT_trialEb_250925 sample_id=ONT_trail_250925 barcode=barcode22 barcode_alias=barcode22 parent_read_id=84ca909c-2dd3-46a5-99f9-b957f5139be5 basecall_model_version_id=dna_r10.4.1_e8.2_400bps_hac@v4.3.0 rc
2624	b467341e-bde1-4890-a579-166203c4c235 runid=0dfb5b492dc86ce99bf7c61c734eb364afcdb5c8 ch=4 start_time=2025-09-25T18:48:00.398161+00:00 flow_cell_id=AWX817 basecall_gpu=NVIDIA_Tegra_X2 protocol_group_id=ONT_trialEb_250925 sample_id=ONT_trail_250925 barcode=barcode15 barcode_alias=barcode15 parent_read_id=b467341e-bde1-4890-a579-166203c4c235 basecall_model_version_id=dna_r10.4.1_e8.2_400bps_hac@v4.3.0
2624	fe2a7836-f3ce-4415-91cc-cd16d1249e99 runid=0dfb5b492dc86ce99bf7c61c734eb364afcdb5c8 ch=44 start_time=2025-09-25T21:04:27.398161+00:00 flow_cell_id=AWX817 basecall_gpu=NVIDIA_Tegra_X2 protocol_group_id=ONT_trialEb_250925 sample_id=ONT_trail_250925 barcode=barcode15 barcode_alias=barcode15 parent_read_id=fe2a7836-f3ce-4415-91cc-cd16d1249e99 basecall_model_version_id=dna_r10.4.1_e8.2_400bps_hac@v4.3.0
2624	f73716bc-2428-44c4-b2a0-84ea40ce134b runid=0dfb5b492dc86ce99bf7c61c734eb364afcdb5c8 ch=77 start_time=2025-09-25T22:49:47.398161+00:00 flow_cell_id=AWX817 basecall_gpu=NVIDIA_Tegra_X2 protocol_group_id=ONT_trialEb_250925 sample_id=ONT_trail_250925 barcode=barcode13 barcode_alias=barcode13 parent_read_id=f73716bc-2428-44c4-b2a0-84ea40ce134b basecall_model_version_id=dna_r10.4.1_e8.2_400bps_hac@v4.3.0 rc
2624	8e3c7989-e906-423e-8ff1-526beebde587 runid=0dfb5b492dc86ce99bf7c61c734eb364afcdb5c8 ch=110 start_time=2025-09-25T18:08:43.398161+00:00 flow_cell_id=AWX817 basecall_gpu=NVIDIA_Tegra_X2 protocol_group_id=ONT_trialEb_250925 sample_id=ONT_trail_250925 barcode=barcode24 barcode_alias=barcode24 parent_read_id=8e3c7989-e906-423e-8ff1-526beebde587 basecall_model_version_id=dna_r10.4.1_e8.2_400bps_hac@v4.3.0
2624	48bc9746-69f0-46de-84e8-ec8c96f5307a runid=0dfb5b492dc86ce99bf7c61c734eb364afcdb5c8 ch=77 start_time=2025-09-25T19:07:03.398161+00:00 flow_cell_id=AWX817 basecall_gpu=NVIDIA_Tegra_X2 protocol_group_id=ONT_trialEb_250925 sample_id=ONT_trail_250925 barcode=barcode22 barcode_alias=barcode22 parent_read_id=48bc9746-69f0-46de-84e8-ec8c96f5307a basecall_model_version_id=dna_r10.4.1_e8.2_400bps_hac@v4.3.0 rc
2624	cfe25e81-8793-4de5-9643-ddd414d49eba runid=0dfb5b492dc86ce99bf7c61c734eb364afcdb5c8 ch=4 start_time=2025-09-25T18:42:57.398161+00:00 flow_cell_id=AWX817 basecall_gpu=NVIDIA_Tegra_X2 protocol_group_id=ONT_trialEb_250925 sample_id=ONT_trail_250925 barcode=barcode15 barcode_alias=barcode15 parent_read_id=cfe25e81-8793-4de5-9643-ddd414d49eba basecall_model_version_id=dna_r10.4.1_e8.2_400bps_hac@v4.3.0
2624	69773b2e-8d78-4507-9c73-2d4a65f881f2 runid=0dfb5b492dc86ce99bf7c61c734eb364afcdb5c8 ch=20 start_time=2025-09-26T07:57:46.398161+00:00 flow_cell_id=AWX817 basecall_gpu=NVIDIA_Tegra_X2 protocol_group_id=ONT_trialEb_250925 sample_id=ONT_trail_250925 barcode=barcode23 barcode_alias=barcode23 parent_read_id=b0633077-22cd-428d-8387-cc8511be5ac1 basecall_model_version_id=dna_r10.4.1_e8.2_400bps_hac@v4.3.0 rc
2624	d64de262-cced-40ab-b00e-66a8934c69bc runid=0dfb5b492dc86ce99bf7c61c734eb364afcdb5c8 ch=4 start_time=2025-09-25T19:17:00.398161+00:00 flow_cell_id=AWX817 basecall_gpu=NVIDIA_Tegra_X2 protocol_group_id=ONT_trialEb_250925 sample_id=ONT_trail_250925 barcode=barcode15 barcode_alias=barcode15 parent_read_id=d64de262-cced-40ab-b00e-66a8934c69bc basecall_model_version_id=dna_r10.4.1_e8.2_400bps_hac@v4.3.0
2624	4a78c849-76ee-41c1-8c11-0c0b93a95730 runid=0dfb5b492dc86ce99bf7c61c734eb364afcdb5c8 ch=6 start_time=2025-09-25T16:50:44.398161+00:00 flow_cell_id=AWX817 basecall_gpu=NVIDIA_Tegra_X2 protocol_group_id=ONT_trialEb_250925 sample_id=ONT_trail_250925 barcode=barcode14 barcode_alias=barcode14 parent_read_id=4a78c849-76ee-41c1-8c11-0c0b93a95730 basecall_model_version_id=dna_r10.4.1_e8.2_400bps_hac@v4.3.0
2624	4327edc2-ac83-419e-9464-f522f35b6809 runid=0dfb5b492dc86ce99bf7c61c734eb364afcdb5c8 ch=85 start_time=2025-09-25T17:52:49.398161+00:00 flow_cell_id=AWX817 basecall_gpu=NVIDIA_Tegra_X2 protocol_group_id=ONT_trialEb_250925 sample_id=ONT_trail_250925 barcode=barcode13 barcode_alias=barcode13 parent_read_id=4327edc2-ac83-419e-9464-f522f35b6809 basecall_model_version_id=dna_r10.4.1_e8.2_400bps_hac@v4.3.0
2624	29d8ef86-c109-44f8-a1a0-b2bef11da52e runid=0dfb5b492dc86ce99bf7c61c734eb364afcdb5c8 ch=40 start_time=2025-09-25T20:30:24.398161+00:00 flow_cell_id=AWX817 basecall_gpu=NVIDIA_Tegra_X2 protocol_group_id=ONT_trialEb_250925 sample_id=ONT_trail_250925 barcode=barcode22 barcode_alias=barcode22 parent_read_id=29d8ef86-c109-44f8-a1a0-b2bef11da52e basecall_model_version_id=dna_r10.4.1_e8.2_400bps_hac@v4.3.0
2624	689677f2-c7f3-46ff-b30f-069e59e56d2d runid=0dfb5b492dc86ce99bf7c61c734eb364afcdb5c8 ch=20 start_time=2025-09-26T00:03:04.398161+00:00 flow_cell_id=AWX817 basecall_gpu=NVIDIA_Tegra_X2 protocol_group_id=ONT_trialEb_250925 sample_id=ONT_trail_250925 barcode=barcode13 barcode_alias=barcode13 parent_read_id=689677f2-c7f3-46ff-b30f-069e59e56d2d basecall_model_version_id=dna_r10.4.1_e8.2_400bps_hac@v4.3.0 rc
2624	54ab8206-3580-4aa9-9d1e-219a435d715f runid=0dfb5b492dc86ce99bf7c61c734eb364afcdb5c8 ch=85 start_time=2025-09-25T20:50:00.398161+00:00 flow_cell_id=AWX817 basecall_gpu=NVIDIA_Tegra_X2 protocol_group_id=ONT_trialEb_250925 sample_id=ONT_trail_250925 barcode=barcode23 barcode_alias=barcode23 parent_read_id=54ab8206-3580-4aa9-9d1e-219a435d715f basecall_model_version_id=dna_r10.4.1_e8.2_400bps_hac@v4.3.0 rc
2624	0223c5da-8a84-4e42-95d3-436a992e3eae runid=0dfb5b492dc86ce99bf7c61c734eb364afcdb5c8 ch=43 start_time=2025-09-25T18:42:08.398161+00:00 flow_cell_id=AWX817 basecall_gpu=NVIDIA_Tegra_X2 protocol_group_id=ONT_trialEb_250925 sample_id=ONT_trail_250925 barcode=barcode13 barcode_alias=barcode13 parent_read_id=0223c5da-8a84-4e42-95d3-436a992e3eae basecall_model_version_id=dna_r10.4.1_e8.2_400bps_hac@v4.3.0
2624	4618dd18-92c6-4027-ba98-ba0c4efd0d55 runid=0dfb5b492dc86ce99bf7c61c734eb364afcdb5c8 ch=20 start_time=2025-09-25T22:57:06.398161+00:00 flow_cell_id=AWX817 basecall_gpu=NVIDIA_Tegra_X2 protocol_group_id=ONT_trialEb_250925 sample_id=ONT_trail_250925 barcode=barcode13 barcode_alias=barcode13 parent_read_id=4618dd18-92c6-4027-ba98-ba0c4efd0d55 basecall_model_version_id=dna_r10.4.1_e8.2_400bps_hac@v4.3.0 rc
2624	9fee6fe3-399b-4100-b6e9-761fa22be521 runid=0dfb5b492dc86ce99bf7c61c734eb364afcdb5c8 ch=118 start_time=2025-09-26T04:59:22.398161+00:00 flow_cell_id=AWX817 basecall_gpu=NVIDIA_Tegra_X2 protocol_group_id=ONT_trialEb_250925 sample_id=ONT_trail_250925 barcode=barcode22 barcode_alias=barcode22 parent_read_id=9fee6fe3-399b-4100-b6e9-761fa22be521 basecall_model_version_id=dna_r10.4.1_e8.2_400bps_hac@v4.3.0 rc
2624	b1afe248-49bb-4eaf-9d61-93c022096d75 runid=0dfb5b492dc86ce99bf7c61c734eb364afcdb5c8 ch=20 start_time=2025-09-25T17:21:19.398161+00:00 flow_cell_id=AWX817 basecall_gpu=NVIDIA_Tegra_X2 protocol_group_id=ONT_trialEb_250925 sample_id=ONT_trail_250925 barcode=barcode13 barcode_alias=barcode13 parent_read_id=b1afe248-49bb-4eaf-9d61-93c022096d75 basecall_model_version_id=dna_r10.4.1_e8.2_400bps_hac@v4.3.0 rc
2624	dae806af-dc9f-4de2-b6e5-b728e2b2785a runid=0dfb5b492dc86ce99bf7c61c734eb364afcdb5c8 ch=110 start_time=2025-09-25T19:17:44.398161+00:00 flow_cell_id=AWX817 basecall_gpu=NVIDIA_Tegra_X2 protocol_group_id=ONT_trialEb_250925 sample_id=ONT_trail_250925 barcode=barcode22 barcode_alias=barcode22 parent_read_id=dae806af-dc9f-4de2-b6e5-b728e2b2785a basecall_model_version_id=dna_r10.4.1_e8.2_400bps_hac@v4.3.0
2624	81a519b5-315c-4ef8-9419-32e817944e76 runid=0dfb5b492dc86ce99bf7c61c734eb364afcdb5c8 ch=108 start_time=2025-09-25T16:49:22.398161+00:00 flow_cell_id=AWX817 basecall_gpu=NVIDIA_Tegra_X2 protocol_group_id=ONT_trialEb_250925 sample_id=ONT_trail_250925 barcode=barcode14 barcode_alias=barcode14 parent_read_id=81a519b5-315c-4ef8-9419-32e817944e76 basecall_model_version_id=dna_r10.4.1_e8.2_400bps_hac@v4.3.0
2624	33edf7ac-6b08-40f7-9c94-ff96b8d43544 runid=0dfb5b492dc86ce99bf7c61c734eb364afcdb5c8 ch=39 start_time=2025-09-25T21:21:39.398161+00:00 flow_cell_id=AWX817 basecall_gpu=NVIDIA_Tegra_X2 protocol_group_id=ONT_trialEb_250925 sample_id=ONT_trail_250925 barcode=barcode14 barcode_alias=barcode14 parent_read_id=33edf7ac-6b08-40f7-9c94-ff96b8d43544 basecall_model_version_id=dna_r10.4.1_e8.2_400bps_hac@v4.3.0 rc
2624	befd5887-1ea8-4ca8-9a27-8926aa20d4c1 runid=0dfb5b492dc86ce99bf7c61c734eb364afcdb5c8 ch=6 start_time=2025-09-25T17:24:30.398161+00:00 flow_cell_id=AWX817 basecall_gpu=NVIDIA_Tegra_X2 protocol_group_id=ONT_trialEb_250925 sample_id=ONT_trail_250925 barcode=barcode14 barcode_alias=barcode14 parent_read_id=befd5887-1ea8-4ca8-9a27-8926aa20d4c1 basecall_model_version_id=dna_r10.4.1_e8.2_400bps_hac@v4.3.0 rc
2624	1a13a99b-3506-45ea-9434-2e8ad3f9555c runid=0dfb5b492dc86ce99bf7c61c734eb364afcdb5c8 ch=20 start_time=2025-09-26T07:13:28.398161+00:00 flow_cell_id=AWX817 basecall_gpu=NVIDIA_Tegra_X2 protocol_group_id=ONT_trialEb_250925 sample_id=ONT_trail_250925 barcode=barcode13 barcode_alias=barcode13 parent_read_id=1a13a99b-3506-45ea-9434-2e8ad3f9555c basecall_model_version_id=dna_r10.4.1_e8.2_400bps_hac@v4.3.0 rc
2624	a7d321e9-0e12-44ab-9ef6-f4bb5912f392 runid=0dfb5b492dc86ce99bf7c61c734eb364afcdb5c8 ch=91 start_time=2025-09-25T17:24:03.398161+00:00 flow_cell_id=AWX817 basecall_gpu=NVIDIA_Tegra_X2 protocol_group_id=ONT_trialEb_250925 sample_id=ONT_trail_250925 barcode=barcode24 barcode_alias=barcode24 parent_read_id=a7d321e9-0e12-44ab-9ef6-f4bb5912f392 basecall_model_version_id=dna_r10.4.1_e8.2_400bps_hac@v4.3.0
2624	8b3a52e5-6e44-4cce-9041-2e7f7f358600 runid=0dfb5b492dc86ce99bf7c61c734eb364afcdb5c8 ch=94 start_time=2025-09-25T17:00:04.398161+00:00 flow_cell_id=AWX817 basecall_gpu=NVIDIA_Tegra_X2 protocol_group_id=ONT_trialEb_250925 sample_id=ONT_trail_250925 barcode=barcode22 barcode_alias=barcode22 parent_read_id=8b3a52e5-6e44-4cce-9041-2e7f7f358600 basecall_model_version_id=dna_r10.4.1_e8.2_400bps_hac@v4.3.0
2624	310fb79e-74f8-4ee7-8fd0-bc941e5704b9 runid=0dfb5b492dc86ce99bf7c61c734eb364afcdb5c8 ch=39 start_time=2025-09-25T19:18:36.398161+00:00 flow_cell_id=AWX817 basecall_gpu=NVIDIA_Tegra_X2 protocol_group_id=ONT_trialEb_250925 sample_id=ONT_trail_250925 barcode=barcode15 barcode_alias=barcode15 parent_read_id=310fb79e-74f8-4ee7-8fd0-bc941e5704b9 basecall_model_version_id=dna_r10.4.1_e8.2_400bps_hac@v4.3.0 rc
2624	4ae1d1fc-9b6e-411f-aa6e-c42bc7db39f5 runid=0dfb5b492dc86ce99bf7c61c734eb364afcdb5c8 ch=44 start_time=2025-09-25T22:56:49.398161+00:00 flow_cell_id=AWX817 basecall_gpu=NVIDIA_Tegra_X2 protocol_group_id=ONT_trialEb_250925 sample_id=ONT_trail_250925 barcode=barcode14 barcode_alias=barcode14 parent_read_id=4ae1d1fc-9b6e-411f-aa6e-c42bc7db39f5 basecall_model_version_id=dna_r10.4.1_e8.2_400bps_hac@v4.3.0 rc
2624	9f5d35b6-902f-47d2-8f57-42204469df82 runid=0dfb5b492dc86ce99bf7c61c734eb364afcdb5c8 ch=94 start_time=2025-09-25T17:08:44.398161+00:00 flow_cell_id=AWX817 basecall_gpu=NVIDIA_Tegra_X2 protocol_group_id=ONT_trialEb_250925 sample_id=ONT_trail_250925 barcode=barcode22 barcode_alias=barcode22 parent_read_id=9f5d35b6-902f-47d2-8f57-42204469df82 basecall_model_version_id=dna_r10.4.1_e8.2_400bps_hac@v4.3.0 rc
2624	a8a90b61-f609-4ebf-825a-ee6cf46b3a25 runid=0dfb5b492dc86ce99bf7c61c734eb364afcdb5c8 ch=73 start_time=2025-09-25T19:34:44.398161+00:00 flow_cell_id=AWX817 basecall_gpu=NVIDIA_Tegra_X2 protocol_group_id=ONT_trialEb_250925 sample_id=ONT_trail_250925 barcode=barcode13 barcode_alias=barcode13 parent_read_id=4036de3c-962e-42c9-ac1c-a2cbbbe8ffca basecall_model_version_id=dna_r10.4.1_e8.2_400bps_hac@v4.3.0
2624	d8c33716-97cb-481f-948a-4c0f33097536 runid=0dfb5b492dc86ce99bf7c61c734eb364afcdb5c8 ch=43 start_time=2025-09-25T20:07:39.398161+00:00 flow_cell_id=AWX817 basecall_gpu=NVIDIA_Tegra_X2 protocol_group_id=ONT_trialEb_250925 sample_id=ONT_trail_250925 barcode=barcode15 barcode_alias=barcode15 parent_read_id=d8c33716-97cb-481f-948a-4c0f33097536 basecall_model_version_id=dna_r10.4.1_e8.2_400bps_hac@v4.3.0
2624	bafcdfc4-c3a5-44f4-8bee-08877ba9c837 runid=0dfb5b492dc86ce99bf7c61c734eb364afcdb5c8 ch=106 start_time=2025-09-25T16:12:11.398161+00:00 flow_cell_id=AWX817 basecall_gpu=NVIDIA_Tegra_X2 protocol_group_id=ONT_trialEb_250925 sample_id=ONT_trail_250925 barcode=barcode22 barcode_alias=barcode22 parent_read_id=bafcdfc4-c3a5-44f4-8bee-08877ba9c837 basecall_model_version_id=dna_r10.4.1_e8.2_400bps_hac@v4.3.0 rc
2624	69be53bb-fdff-4722-a55d-2fd5c8f17e9e runid=0dfb5b492dc86ce99bf7c61c734eb364afcdb5c8 ch=106 start_time=2025-09-25T16:32:01.398161+00:00 flow_cell_id=AWX817 basecall_gpu=NVIDIA_Tegra_X2 protocol_group_id=ONT_trialEb_250925 sample_id=ONT_trail_250925 barcode=barcode24 barcode_alias=barcode24 parent_read_id=69be53bb-fdff-4722-a55d-2fd5c8f17e9e basecall_model_version_id=dna_r10.4.1_e8.2_400bps_hac@v4.3.0 rc
2624	a937a281-55d5-4710-b1df-65aee92fb08e runid=0dfb5b492dc86ce99bf7c61c734eb364afcdb5c8 ch=73 start_time=2025-09-25T19:29:58.398161+00:00 flow_cell_id=AWX817 basecall_gpu=NVIDIA_Tegra_X2 protocol_group_id=ONT_trialEb_250925 sample_id=ONT_trail_250925 barcode=barcode13 barcode_alias=barcode13 parent_read_id=a937a281-55d5-4710-b1df-65aee92fb08e basecall_model_version_id=dna_r10.4.1_e8.2_400bps_hac@v4.3.0
2624	b98881c7-e5e8-4fb5-8a14-cd5d4480e30c runid=0dfb5b492dc86ce99bf7c61c734eb364afcdb5c8 ch=85 start_time=2025-09-26T05:31:27.398161+00:00 flow_cell_id=AWX817 basecall_gpu=NVIDIA_Tegra_X2 protocol_group_id=ONT_trialEb_250925 sample_id=ONT_trail_250925 barcode=barcode22 barcode_alias=barcode22 parent_read_id=b98881c7-e5e8-4fb5-8a14-cd5d4480e30c basecall_model_version_id=dna_r10.4.1_e8.2_400bps_hac@v4.3.0 rc
2624	42d42d89-576a-420e-aa4e-d8ff17d22fd9 runid=0dfb5b492dc86ce99bf7c61c734eb364afcdb5c8 ch=41 start_time=2025-09-25T16:20:33.398161+00:00 flow_cell_id=AWX817 basecall_gpu=NVIDIA_Tegra_X2 protocol_group_id=ONT_trialEb_250925 sample_id=ONT_trail_250925 barcode=barcode23 barcode_alias=barcode23 parent_read_id=42d42d89-576a-420e-aa4e-d8ff17d22fd9 basecall_model_version_id=dna_r10.4.1_e8.2_400bps_hac@v4.3.0
2624	34435953-d467-4d8b-adcd-9d52ae4b5777 runid=0dfb5b492dc86ce99bf7c61c734eb364afcdb5c8 ch=39 start_time=2025-09-26T00:20:56.398161+00:00 flow_cell_id=AWX817 basecall_gpu=NVIDIA_Tegra_X2 protocol_group_id=ONT_trialEb_250925 sample_id=ONT_trail_250925 barcode=barcode22 barcode_alias=barcode22 parent_read_id=34435953-d467-4d8b-adcd-9d52ae4b5777 basecall_model_version_id=dna_r10.4.1_e8.2_400bps_hac@v4.3.0 rc
2624	0e030e02-299b-4bcb-b080-2525ba6d1a77 runid=0dfb5b492dc86ce99bf7c61c734eb364afcdb5c8 ch=44 start_time=2025-09-26T03:29:29.398161+00:00 flow_cell_id=AWX817 basecall_gpu=NVIDIA_Tegra_X2 protocol_group_id=ONT_trialEb_250925 sample_id=ONT_trail_250925 barcode=barcode14 barcode_alias=barcode14 parent_read_id=0e030e02-299b-4bcb-b080-2525ba6d1a77 basecall_model_version_id=dna_r10.4.1_e8.2_400bps_hac@v4.3.0
2624	22f8a234-a0b2-40db-8880-66a972666808 runid=0dfb5b492dc86ce99bf7c61c734eb364afcdb5c8 ch=41 start_time=2025-09-25T16:51:52.398161+00:00 flow_cell_id=AWX817 basecall_gpu=NVIDIA_Tegra_X2 protocol_group_id=ONT_trialEb_250925 sample_id=ONT_trail_250925 barcode=barcode15 barcode_alias=barcode15 parent_read_id=22f8a234-a0b2-40db-8880-66a972666808 basecall_model_version_id=dna_r10.4.1_e8.2_400bps_hac@v4.3.0 rc
2624	734f76d2-3fe1-418f-a5d9-f7ed3b123acb runid=0dfb5b492dc86ce99bf7c61c734eb364afcdb5c8 ch=15 start_time=2025-09-25T18:09:05.398161+00:00 flow_cell_id=AWX817 basecall_gpu=NVIDIA_Tegra_X2 protocol_group_id=ONT_trialEb_250925 sample_id=ONT_trail_250925 barcode=barcode24 barcode_alias=barcode24 parent_read_id=1b50eea4-e39b-4467-aea2-3ad528690ac1 basecall_model_version_id=dna_r10.4.1_e8.2_400bps_hac@v4.3.0
2624	38b1dcfd-a2c9-4530-a45f-8c70cbd850b2 runid=0dfb5b492dc86ce99bf7c61c734eb364afcdb5c8 ch=41 start_time=2025-09-25T16:06:58.398161+00:00 flow_cell_id=AWX817 basecall_gpu=NVIDIA_Tegra_X2 protocol_group_id=ONT_trialEb_250925 sample_id=ONT_trail_250925 barcode=barcode22 barcode_alias=barcode22 parent_read_id=38b1dcfd-a2c9-4530-a45f-8c70cbd850b2 basecall_model_version_id=dna_r10.4.1_e8.2_400bps_hac@v4.3.0
2624	1c9031de-c381-4cf1-88eb-aeb19fd9bc1f runid=0dfb5b492dc86ce99bf7c61c734eb364afcdb5c8 ch=23 start_time=2025-09-25T18:24:43.398161+00:00 flow_cell_id=AWX817 basecall_gpu=NVIDIA_Tegra_X2 protocol_group_id=ONT_trialEb_250925 sample_id=ONT_trail_250925 barcode=barcode13 barcode_alias=barcode13 parent_read_id=1c9031de-c381-4cf1-88eb-aeb19fd9bc1f basecall_model_version_id=dna_r10.4.1_e8.2_400bps_hac@v4.3.0 rc
2624	f99f3121-81dd-4a60-a1c1-796885ad6837 runid=0dfb5b492dc86ce99bf7c61c734eb364afcdb5c8 ch=106 start_time=2025-09-25T18:56:33.398161+00:00 flow_cell_id=AWX817 basecall_gpu=NVIDIA_Tegra_X2 protocol_group_id=ONT_trialEb_250925 sample_id=ONT_trail_250925 barcode=barcode13 barcode_alias=barcode13 parent_read_id=f99f3121-81dd-4a60-a1c1-796885ad6837 basecall_model_version_id=dna_r10.4.1_e8.2_400bps_hac@v4.3.0
2624	f6c6e222-982f-4411-bc41-3048d0709d52 runid=0dfb5b492dc86ce99bf7c61c734eb364afcdb5c8 ch=85 start_time=2025-09-25T17:04:42.398161+00:00 flow_cell_id=AWX817 basecall_gpu=NVIDIA_Tegra_X2 protocol_group_id=ONT_trialEb_250925 sample_id=ONT_trail_250925 barcode=barcode22 barcode_alias=barcode22 parent_read_id=f6c6e222-982f-4411-bc41-3048d0709d52 basecall_model_version_id=dna_r10.4.1_e8.2_400bps_hac@v4.3.0 rc
2624	05ab8148-96e5-4fd8-a3e3-80054b44fb4c runid=0dfb5b492dc86ce99bf7c61c734eb364afcdb5c8 ch=20 start_time=2025-09-26T07:32:33.398161+00:00 flow_cell_id=AWX817 basecall_gpu=NVIDIA_Tegra_X2 protocol_group_id=ONT_trialEb_250925 sample_id=ONT_trail_250925 barcode=barcode14 barcode_alias=barcode14 parent_read_id=05ab8148-96e5-4fd8-a3e3-80054b44fb4c basecall_model_version_id=dna_r10.4.1_e8.2_400bps_hac@v4.3.0 rc
2624	6e0159b1-f486-4e2c-8fc6-0310964a1f31 runid=0dfb5b492dc86ce99bf7c61c734eb364afcdb5c8 ch=85 start_time=2025-09-25T18:00:30.398161+00:00 flow_cell_id=AWX817 basecall_gpu=NVIDIA_Tegra_X2 protocol_group_id=ONT_trialEb_250925 sample_id=ONT_trail_250925 barcode=barcode14 barcode_alias=barcode14 parent_read_id=6e0159b1-f486-4e2c-8fc6-0310964a1f31 basecall_model_version_id=dna_r10.4.1_e8.2_400bps_hac@v4.3.0 rc
2624	01eb6080-72e0-4dd4-aeba-6953f957dffd runid=0dfb5b492dc86ce99bf7c61c734eb364afcdb5c8 ch=49 start_time=2025-09-26T11:10:47.398161+00:00 flow_cell_id=AWX817 basecall_gpu=NVIDIA_Tegra_X2 protocol_group_id=ONT_trialEb_250925 sample_id=ONT_trail_250925 barcode=barcode13 barcode_alias=barcode13 parent_read_id=01eb6080-72e0-4dd4-aeba-6953f957dffd basecall_model_version_id=dna_r10.4.1_e8.2_400bps_hac@v4.3.0
2624	fb347485-8811-4c4e-919b-e456c9153387 runid=0dfb5b492dc86ce99bf7c61c734eb364afcdb5c8 ch=55 start_time=2025-09-25T18:14:16.398161+00:00 flow_cell_id=AWX817 basecall_gpu=NVIDIA_Tegra_X2 protocol_group_id=ONT_trialEb_250925 sample_id=ONT_trail_250925 barcode=barcode14 barcode_alias=barcode14 parent_read_id=fb347485-8811-4c4e-919b-e456c9153387 basecall_model_version_id=dna_r10.4.1_e8.2_400bps_hac@v4.3.0 rc
2624	23f71932-f0af-4ca6-9557-ecc29b43aeb2 runid=0dfb5b492dc86ce99bf7c61c734eb364afcdb5c8 ch=77 start_time=2025-09-25T22:57:53.398161+00:00 flow_cell_id=AWX817 basecall_gpu=NVIDIA_Tegra_X2 protocol_group_id=ONT_trialEb_250925 sample_id=ONT_trail_250925 barcode=barcode13 barcode_alias=barcode13 parent_read_id=23f71932-f0af-4ca6-9557-ecc29b43aeb2 basecall_model_version_id=dna_r10.4.1_e8.2_400bps_hac@v4.3.0 rc
2624	1de08a0a-2e0f-45f6-ac0f-9f3ce2b27c6d runid=0dfb5b492dc86ce99bf7c61c734eb364afcdb5c8 ch=41 start_time=2025-09-26T00:46:19.398161+00:00 flow_cell_id=AWX817 basecall_gpu=NVIDIA_Tegra_X2 protocol_group_id=ONT_trialEb_250925 sample_id=ONT_trail_250925 barcode=barcode13 barcode_alias=barcode13 parent_read_id=1de08a0a-2e0f-45f6-ac0f-9f3ce2b27c6d basecall_model_version_id=dna_r10.4.1_e8.2_400bps_hac@v4.3.0 rc
2624	661c99c1-c9fd-4676-9164-b12d0fcc0206 runid=0dfb5b492dc86ce99bf7c61c734eb364afcdb5c8 ch=20 start_time=2025-09-25T18:30:03.398161+00:00 flow_cell_id=AWX817 basecall_gpu=NVIDIA_Tegra_X2 protocol_group_id=ONT_trialEb_250925 sample_id=ONT_trail_250925 barcode=barcode15 barcode_alias=barcode15 parent_read_id=661c99c1-c9fd-4676-9164-b12d0fcc0206 basecall_model_version_id=dna_r10.4.1_e8.2_400bps_hac@v4.3.0 rc
2624	115faeea-c02c-4e8d-bf4f-e32b60d9de31 runid=0dfb5b492dc86ce99bf7c61c734eb364afcdb5c8 ch=5 start_time=2025-09-25T18:00:55.398161+00:00 flow_cell_id=AWX817 basecall_gpu=NVIDIA_Tegra_X2 protocol_group_id=ONT_trialEb_250925 sample_id=ONT_trail_250925 barcode=barcode22 barcode_alias=barcode22 parent_read_id=115faeea-c02c-4e8d-bf4f-e32b60d9de31 basecall_model_version_id=dna_r10.4.1_e8.2_400bps_hac@v4.3.0 rc
2624	817b94ce-c958-437a-a05d-1ce8c78e4b5e runid=0dfb5b492dc86ce99bf7c61c734eb364afcdb5c8 ch=58 start_time=2025-09-25T21:07:55.398161+00:00 flow_cell_id=AWX817 basecall_gpu=NVIDIA_Tegra_X2 protocol_group_id=ONT_trialEb_250925 sample_id=ONT_trail_250925 barcode=barcode13 barcode_alias=barcode13 parent_read_id=817b94ce-c958-437a-a05d-1ce8c78e4b5e basecall_model_version_id=dna_r10.4.1_e8.2_400bps_hac@v4.3.0 rc
2624	5f27efde-93a1-4d00-a0ca-5ff12b7c33cc runid=0dfb5b492dc86ce99bf7c61c734eb364afcdb5c8 ch=4 start_time=2025-09-26T06:16:10.398161+00:00 flow_cell_id=AWX817 basecall_gpu=NVIDIA_Tegra_X2 protocol_group_id=ONT_trialEb_250925 sample_id=ONT_trail_250925 barcode=barcode13 barcode_alias=barcode13 parent_read_id=5f27efde-93a1-4d00-a0ca-5ff12b7c33cc basecall_model_version_id=dna_r10.4.1_e8.2_400bps_hac@v4.3.0 rc
2624	1a3ce91c-a5da-42ec-9038-35369a65ccd1 runid=0dfb5b492dc86ce99bf7c61c734eb364afcdb5c8 ch=85 start_time=2025-09-25T18:11:12.398161+00:00 flow_cell_id=AWX817 basecall_gpu=NVIDIA_Tegra_X2 protocol_group_id=ONT_trialEb_250925 sample_id=ONT_trail_250925 barcode=barcode13 barcode_alias=barcode13 parent_read_id=1a3ce91c-a5da-42ec-9038-35369a65ccd1 basecall_model_version_id=dna_r10.4.1_e8.2_400bps_hac@v4.3.0 rc
2624	8901f2b0-6e42-4f6b-b15f-222af44f23b6 runid=0dfb5b492dc86ce99bf7c61c734eb364afcdb5c8 ch=73 start_time=2025-09-25T19:06:13.398161+00:00 flow_cell_id=AWX817 basecall_gpu=NVIDIA_Tegra_X2 protocol_group_id=ONT_trialEb_250925 sample_id=ONT_trail_250925 barcode=barcode13 barcode_alias=barcode13 parent_read_id=8901f2b0-6e42-4f6b-b15f-222af44f23b6 basecall_model_version_id=dna_r10.4.1_e8.2_400bps_hac@v4.3.0
2624	9cc9dc92-0e57-4865-a25e-ff8a6cd61432 runid=0dfb5b492dc86ce99bf7c61c734eb364afcdb5c8 ch=4 start_time=2025-09-26T06:31:26.398161+00:00 flow_cell_id=AWX817 basecall_gpu=NVIDIA_Tegra_X2 protocol_group_id=ONT_trialEb_250925 sample_id=ONT_trail_250925 barcode=barcode15 barcode_alias=barcode15 parent_read_id=9cc9dc92-0e57-4865-a25e-ff8a6cd61432 basecall_model_version_id=dna_r10.4.1_e8.2_400bps_hac@v4.3.0 rc
2624	f40d4db2-61dc-40c0-b25a-6ceed2007792 runid=0dfb5b492dc86ce99bf7c61c734eb364afcdb5c8 ch=105 start_time=2025-09-25T16:12:45.398161+00:00 flow_cell_id=AWX817 basecall_gpu=NVIDIA_Tegra_X2 protocol_group_id=ONT_trialEb_250925 sample_id=ONT_trail_250925 barcode=barcode22 barcode_alias=barcode22 parent_read_id=f40d4db2-61dc-40c0-b25a-6ceed2007792 basecall_model_version_id=dna_r10.4.1_e8.2_400bps_hac@v4.3.0 rc
2624	34e537e6-11bf-4812-950d-92fd16e510a2 runid=0dfb5b492dc86ce99bf7c61c734eb364afcdb5c8 ch=44 start_time=2025-09-26T01:54:28.398161+00:00 flow_cell_id=AWX817 basecall_gpu=NVIDIA_Tegra_X2 protocol_group_id=ONT_trialEb_250925 sample_id=ONT_trail_250925 barcode=barcode13 barcode_alias=barcode13 parent_read_id=34e537e6-11bf-4812-950d-92fd16e510a2 basecall_model_version_id=dna_r10.4.1_e8.2_400bps_hac@v4.3.0
2624	c678696d-3d64-4d5a-9ca4-5a905017facf runid=0dfb5b492dc86ce99bf7c61c734eb364afcdb5c8 ch=20 start_time=2025-09-25T16:53:19.398161+00:00 flow_cell_id=AWX817 basecall_gpu=NVIDIA_Tegra_X2 protocol_group_id=ONT_trialEb_250925 sample_id=ONT_trail_250925 barcode=barcode14 barcode_alias=barcode14 parent_read_id=c678696d-3d64-4d5a-9ca4-5a905017facf basecall_model_version_id=dna_r10.4.1_e8.2_400bps_hac@v4.3.0 rc
2624	bbd9263d-49c8-4f30-a5aa-0df38d8659f0 runid=0dfb5b492dc86ce99bf7c61c734eb364afcdb5c8 ch=106 start_time=2025-09-25T18:39:40.398161+00:00 flow_cell_id=AWX817 basecall_gpu=NVIDIA_Tegra_X2 protocol_group_id=ONT_trialEb_250925 sample_id=ONT_trail_250925 barcode=barcode13 barcode_alias=barcode13 parent_read_id=bbd9263d-49c8-4f30-a5aa-0df38d8659f0 basecall_model_version_id=dna_r10.4.1_e8.2_400bps_hac@v4.3.0 rc
2624	f8652493-6843-4f45-a376-6386fc00dab1 runid=0dfb5b492dc86ce99bf7c61c734eb364afcdb5c8 ch=4 start_time=2025-09-25T20:32:05.398161+00:00 flow_cell_id=AWX817 basecall_gpu=NVIDIA_Tegra_X2 protocol_group_id=ONT_trialEb_250925 sample_id=ONT_trail_250925 barcode=barcode23 barcode_alias=barcode23 parent_read_id=f8652493-6843-4f45-a376-6386fc00dab1 basecall_model_version_id=dna_r10.4.1_e8.2_400bps_hac@v4.3.0 rc
2624	27c2ea44-895c-483b-b579-9c69abdb79e3 runid=0dfb5b492dc86ce99bf7c61c734eb364afcdb5c8 ch=43 start_time=2025-09-25T16:38:25.398161+00:00 flow_cell_id=AWX817 basecall_gpu=NVIDIA_Tegra_X2 protocol_group_id=ONT_trialEb_250925 sample_id=ONT_trail_250925 barcode=barcode22 barcode_alias=barcode22 parent_read_id=27c2ea44-895c-483b-b579-9c69abdb79e3 basecall_model_version_id=dna_r10.4.1_e8.2_400bps_hac@v4.3.0
2624	edbd0b12-be63-491d-98ae-ad0e82648f0d runid=0dfb5b492dc86ce99bf7c61c734eb364afcdb5c8 ch=49 start_time=2025-09-25T18:29:13.398161+00:00 flow_cell_id=AWX817 basecall_gpu=NVIDIA_Tegra_X2 protocol_group_id=ONT_trialEb_250925 sample_id=ONT_trail_250925 barcode=barcode13 barcode_alias=barcode13 parent_read_id=edbd0b12-be63-491d-98ae-ad0e82648f0d basecall_model_version_id=dna_r10.4.1_e8.2_400bps_hac@v4.3.0 rc
2624	c63b1bbb-1fbc-4585-b8d3-064a479ca35e runid=0dfb5b492dc86ce99bf7c61c734eb364afcdb5c8 ch=43 start_time=2025-09-25T16:54:19.398161+00:00 flow_cell_id=AWX817 basecall_gpu=NVIDIA_Tegra_X2 protocol_group_id=ONT_trialEb_250925 sample_id=ONT_trail_250925 barcode=barcode22 barcode_alias=barcode22 parent_read_id=c63b1bbb-1fbc-4585-b8d3-064a479ca35e basecall_model_version_id=dna_r10.4.1_e8.2_400bps_hac@v4.3.0
2624	39ad6a4e-b46d-43b6-9936-ecbf2e816b1a runid=0dfb5b492dc86ce99bf7c61c734eb364afcdb5c8 ch=20 start_time=2025-09-25T21:49:06.398161+00:00 flow_cell_id=AWX817 basecall_gpu=NVIDIA_Tegra_X2 protocol_group_id=ONT_trialEb_250925 sample_id=ONT_trail_250925 barcode=barcode13 barcode_alias=barcode13 parent_read_id=39ad6a4e-b46d-43b6-9936-ecbf2e816b1a basecall_model_version_id=dna_r10.4.1_e8.2_400bps_hac@v4.3.0 rc
2624	e3b06e33-ea56-4bac-9386-8bd2019580f5 runid=0dfb5b492dc86ce99bf7c61c734eb364afcdb5c8 ch=85 start_time=2025-09-25T21:29:22.398161+00:00 flow_cell_id=AWX817 basecall_gpu=NVIDIA_Tegra_X2 protocol_group_id=ONT_trialEb_250925 sample_id=ONT_trail_250925 barcode=barcode22 barcode_alias=barcode22 parent_read_id=e3b06e33-ea56-4bac-9386-8bd2019580f5 basecall_model_version_id=dna_r10.4.1_e8.2_400bps_hac@v4.3.0 rc
2624	8876cd07-b9ac-435c-b5c7-8c2eb6952bf6 runid=0dfb5b492dc86ce99bf7c61c734eb364afcdb5c8 ch=42 start_time=2025-09-25T19:51:40.398161+00:00 flow_cell_id=AWX817 basecall_gpu=NVIDIA_Tegra_X2 protocol_group_id=ONT_trialEb_250925 sample_id=ONT_trail_250925 barcode=barcode22 barcode_alias=barcode22 parent_read_id=8876cd07-b9ac-435c-b5c7-8c2eb6952bf6 basecall_model_version_id=dna_r10.4.1_e8.2_400bps_hac@v4.3.0 rc
2624	a5bd4539-4e6a-420a-a7a6-31e35b3c6fb6 runid=0dfb5b492dc86ce99bf7c61c734eb364afcdb5c8 ch=80 start_time=2025-09-25T19:04:41.398161+00:00 flow_cell_id=AWX817 basecall_gpu=NVIDIA_Tegra_X2 protocol_group_id=ONT_trialEb_250925 sample_id=ONT_trail_250925 barcode=barcode14 barcode_alias=barcode14 parent_read_id=a5bd4539-4e6a-420a-a7a6-31e35b3c6fb6 basecall_model_version_id=dna_r10.4.1_e8.2_400bps_hac@v4.3.0 rc
2624	81c83236-70a2-4052-abdd-cebd32254c86 runid=0dfb5b492dc86ce99bf7c61c734eb364afcdb5c8 ch=41 start_time=2025-09-25T22:51:58.398161+00:00 flow_cell_id=AWX817 basecall_gpu=NVIDIA_Tegra_X2 protocol_group_id=ONT_trialEb_250925 sample_id=ONT_trail_250925 barcode=barcode13 barcode_alias=barcode13 parent_read_id=81c83236-70a2-4052-abdd-cebd32254c86 basecall_model_version_id=dna_r10.4.1_e8.2_400bps_hac@v4.3.0 rc
2624	b40a7ef2-7982-4ef7-84f4-81fb6f98c30c runid=0dfb5b492dc86ce99bf7c61c734eb364afcdb5c8 ch=20 start_time=2025-09-26T06:51:09.398161+00:00 flow_cell_id=AWX817 basecall_gpu=NVIDIA_Tegra_X2 protocol_group_id=ONT_trialEb_250925 sample_id=ONT_trail_250925 barcode=barcode13 barcode_alias=barcode13 parent_read_id=b40a7ef2-7982-4ef7-84f4-81fb6f98c30c basecall_model_version_id=dna_r10.4.1_e8.2_400bps_hac@v4.3.0 rc
2624	41dac088-bb84-43ef-9187-622d1a585f39 runid=0dfb5b492dc86ce99bf7c61c734eb364afcdb5c8 ch=106 start_time=2025-09-25T21:05:40.398161+00:00 flow_cell_id=AWX817 basecall_gpu=NVIDIA_Tegra_X2 protocol_group_id=ONT_trialEb_250925 sample_id=ONT_trail_250925 barcode=barcode14 barcode_alias=barcode14 parent_read_id=41dac088-bb84-43ef-9187-622d1a585f39 basecall_model_version_id=dna_r10.4.1_e8.2_400bps_hac@v4.3.0
2624	5f03bae4-6137-4183-9e56-e374810512fb runid=0dfb5b492dc86ce99bf7c61c734eb364afcdb5c8 ch=4 start_time=2025-09-25T18:47:18.398161+00:00 flow_cell_id=AWX817 basecall_gpu=NVIDIA_Tegra_X2 protocol_group_id=ONT_trialEb_250925 sample_id=ONT_trail_250925 barcode=barcode13 barcode_alias=barcode13 parent_read_id=21eb62fa-bb56-4ba7-8e3a-a654c15d760c basecall_model_version_id=dna_r10.4.1_e8.2_400bps_hac@v4.3.0 rc
2624	f76d054f-d7e8-44a7-8fdc-c6926059c6b3 runid=0dfb5b492dc86ce99bf7c61c734eb364afcdb5c8 ch=39 start_time=2025-09-25T17:48:18.398161+00:00 flow_cell_id=AWX817 basecall_gpu=NVIDIA_Tegra_X2 protocol_group_id=ONT_trialEb_250925 sample_id=ONT_trail_250925 barcode=barcode14 barcode_alias=barcode14 parent_read_id=f76d054f-d7e8-44a7-8fdc-c6926059c6b3 basecall_model_version_id=dna_r10.4.1_e8.2_400bps_hac@v4.3.0
2624	9e73a17d-b281-47de-be4a-f8994c5aeeee runid=0dfb5b492dc86ce99bf7c61c734eb364afcdb5c8 ch=39 start_time=2025-09-26T09:21:17.398161+00:00 flow_cell_id=AWX817 basecall_gpu=NVIDIA_Tegra_X2 protocol_group_id=ONT_trialEb_250925 sample_id=ONT_trail_250925 barcode=barcode14 barcode_alias=barcode14 parent_read_id=9e73a17d-b281-47de-be4a-f8994c5aeeee basecall_model_version_id=dna_r10.4.1_e8.2_400bps_hac@v4.3.0
2624	3283cade-96ae-4173-a271-6a4f28dfa0a5 runid=0dfb5b492dc86ce99bf7c61c734eb364afcdb5c8 ch=77 start_time=2025-09-25T21:01:56.398161+00:00 flow_cell_id=AWX817 basecall_gpu=NVIDIA_Tegra_X2 protocol_group_id=ONT_trialEb_250925 sample_id=ONT_trail_250925 barcode=barcode14 barcode_alias=barcode14 parent_read_id=3283cade-96ae-4173-a271-6a4f28dfa0a5 basecall_model_version_id=dna_r10.4.1_e8.2_400bps_hac@v4.3.0 rc
2624	20335656-5269-4fa6-89d8-074eb65537c2 runid=0dfb5b492dc86ce99bf7c61c734eb364afcdb5c8 ch=41 start_time=2025-09-26T00:21:27.398161+00:00 flow_cell_id=AWX817 basecall_gpu=NVIDIA_Tegra_X2 protocol_group_id=ONT_trialEb_250925 sample_id=ONT_trail_250925 barcode=barcode14 barcode_alias=barcode14 parent_read_id=20335656-5269-4fa6-89d8-074eb65537c2 basecall_model_version_id=dna_r10.4.1_e8.2_400bps_hac@v4.3.0
2624	0f6fd1fe-a837-40f9-bdc2-04362de24e00 runid=0dfb5b492dc86ce99bf7c61c734eb364afcdb5c8 ch=4 start_time=2025-09-25T21:09:26.398161+00:00 flow_cell_id=AWX817 basecall_gpu=NVIDIA_Tegra_X2 protocol_group_id=ONT_trialEb_250925 sample_id=ONT_trail_250925 barcode=barcode23 barcode_alias=barcode23 parent_read_id=0f6fd1fe-a837-40f9-bdc2-04362de24e00 basecall_model_version_id=dna_r10.4.1_e8.2_400bps_hac@v4.3.0
2624	6b8479cd-d8e4-41da-a2d7-e4747f832cf0 runid=0dfb5b492dc86ce99bf7c61c734eb364afcdb5c8 ch=6 start_time=2025-09-25T17:05:37.398161+00:00 flow_cell_id=AWX817 basecall_gpu=NVIDIA_Tegra_X2 protocol_group_id=ONT_trialEb_250925 sample_id=ONT_trail_250925 barcode=barcode14 barcode_alias=barcode14 parent_read_id=6b8479cd-d8e4-41da-a2d7-e4747f832cf0 basecall_model_version_id=dna_r10.4.1_e8.2_400bps_hac@v4.3.0 rc
2624	15025085-a690-468a-bfaf-7d7159f359ce runid=0dfb5b492dc86ce99bf7c61c734eb364afcdb5c8 ch=94 start_time=2025-09-25T17:41:18.398161+00:00 flow_cell_id=AWX817 basecall_gpu=NVIDIA_Tegra_X2 protocol_group_id=ONT_trialEb_250925 sample_id=ONT_trail_250925 barcode=barcode22 barcode_alias=barcode22 parent_read_id=15025085-a690-468a-bfaf-7d7159f359ce basecall_model_version_id=dna_r10.4.1_e8.2_400bps_hac@v4.3.0
2624	baa709c1-d88f-4b12-ad1d-9c1dbd45fc38 runid=0dfb5b492dc86ce99bf7c61c734eb364afcdb5c8 ch=4 start_time=2025-09-25T18:22:26.398161+00:00 flow_cell_id=AWX817 basecall_gpu=NVIDIA_Tegra_X2 protocol_group_id=ONT_trialEb_250925 sample_id=ONT_trail_250925 barcode=barcode15 barcode_alias=barcode15 parent_read_id=baa709c1-d88f-4b12-ad1d-9c1dbd45fc38 basecall_model_version_id=dna_r10.4.1_e8.2_400bps_hac@v4.3.0 rc
2624	1781acd9-f034-4816-82c2-2b67e368a130 runid=0dfb5b492dc86ce99bf7c61c734eb364afcdb5c8 ch=20 start_time=2025-09-26T06:48:54.398161+00:00 flow_cell_id=AWX817 basecall_gpu=NVIDIA_Tegra_X2 protocol_group_id=ONT_trialEb_250925 sample_id=ONT_trail_250925 barcode=barcode14 barcode_alias=barcode14 parent_read_id=1781acd9-f034-4816-82c2-2b67e368a130 basecall_model_version_id=dna_r10.4.1_e8.2_400bps_hac@v4.3.0 rc
2624	908cb5b6-fefa-4fbd-9e48-acd097198415 runid=0dfb5b492dc86ce99bf7c61c734eb364afcdb5c8 ch=43 start_time=2025-09-25T18:54:10.398161+00:00 flow_cell_id=AWX817 basecall_gpu=NVIDIA_Tegra_X2 protocol_group_id=ONT_trialEb_250925 sample_id=ONT_trail_250925 barcode=barcode22 barcode_alias=barcode22 parent_read_id=908cb5b6-fefa-4fbd-9e48-acd097198415 basecall_model_version_id=dna_r10.4.1_e8.2_400bps_hac@v4.3.0
2624	6d95167b-c7d1-4c3f-8f21-e6d3366b0512 runid=0dfb5b492dc86ce99bf7c61c734eb364afcdb5c8 ch=106 start_time=2025-09-25T16:25:19.398161+00:00 flow_cell_id=AWX817 basecall_gpu=NVIDIA_Tegra_X2 protocol_group_id=ONT_trialEb_250925 sample_id=ONT_trail_250925 barcode=barcode22 barcode_alias=barcode22 parent_read_id=6d95167b-c7d1-4c3f-8f21-e6d3366b0512 basecall_model_version_id=dna_r10.4.1_e8.2_400bps_hac@v4.3.0 rc
2624	980fb750-5ffe-4a89-9f11-2fcc519adbd2 runid=0dfb5b492dc86ce99bf7c61c734eb364afcdb5c8 ch=39 start_time=2025-09-26T01:37:30.398161+00:00 flow_cell_id=AWX817 basecall_gpu=NVIDIA_Tegra_X2 protocol_group_id=ONT_trialEb_250925 sample_id=ONT_trail_250925 barcode=barcode22 barcode_alias=barcode22 parent_read_id=980fb750-5ffe-4a89-9f11-2fcc519adbd2 basecall_model_version_id=dna_r10.4.1_e8.2_400bps_hac@v4.3.0 rc
2624	cce7fbe9-541e-49dc-844b-072a46a23b44 runid=0dfb5b492dc86ce99bf7c61c734eb364afcdb5c8 ch=92 start_time=2025-09-26T00:24:13.398161+00:00 flow_cell_id=AWX817 basecall_gpu=NVIDIA_Tegra_X2 protocol_group_id=ONT_trialEb_250925 sample_id=ONT_trail_250925 barcode=barcode22 barcode_alias=barcode22 parent_read_id=cce7fbe9-541e-49dc-844b-072a46a23b44 basecall_model_version_id=dna_r10.4.1_e8.2_400bps_hac@v4.3.0 rc
2624	1fe99f1f-d658-4ba2-b9ef-ed10bad0c261 runid=0dfb5b492dc86ce99bf7c61c734eb364afcdb5c8 ch=106 start_time=2025-09-25T16:12:31.398161+00:00 flow_cell_id=AWX817 basecall_gpu=NVIDIA_Tegra_X2 protocol_group_id=ONT_trialEb_250925 sample_id=ONT_trail_250925 barcode=barcode24 barcode_alias=barcode24 parent_read_id=1fe99f1f-d658-4ba2-b9ef-ed10bad0c261 basecall_model_version_id=dna_r10.4.1_e8.2_400bps_hac@v4.3.0 rc
2624	9a3d52e0-2039-48e7-8986-d805f9a7c805 runid=0dfb5b492dc86ce99bf7c61c734eb364afcdb5c8 ch=85 start_time=2025-09-25T16:20:15.398161+00:00 flow_cell_id=AWX817 basecall_gpu=NVIDIA_Tegra_X2 protocol_group_id=ONT_trialEb_250925 sample_id=ONT_trail_250925 barcode=barcode24 barcode_alias=barcode24 parent_read_id=9a3d52e0-2039-48e7-8986-d805f9a7c805 basecall_model_version_id=dna_r10.4.1_e8.2_400bps_hac@v4.3.0
2624	01b55ebb-e35d-40d9-8f29-ec3c0547279d runid=0dfb5b492dc86ce99bf7c61c734eb364afcdb5c8 ch=79 start_time=2025-09-25T17:49:51.398161+00:00 flow_cell_id=AWX817 basecall_gpu=NVIDIA_Tegra_X2 protocol_group_id=ONT_trialEb_250925 sample_id=ONT_trail_250925 barcode=barcode24 barcode_alias=barcode24 parent_read_id=01b55ebb-e35d-40d9-8f29-ec3c0547279d basecall_model_version_id=dna_r10.4.1_e8.2_400bps_hac@v4.3.0 rc
2624	691cf0e1-88b0-433e-80df-d868d5b00234 runid=0dfb5b492dc86ce99bf7c61c734eb364afcdb5c8 ch=85 start_time=2025-09-25T17:55:04.398161+00:00 flow_cell_id=AWX817 basecall_gpu=NVIDIA_Tegra_X2 protocol_group_id=ONT_trialEb_250925 sample_id=ONT_trail_250925 barcode=barcode13 barcode_alias=barcode13 parent_read_id=691cf0e1-88b0-433e-80df-d868d5b00234 basecall_model_version_id=dna_r10.4.1_e8.2_400bps_hac@v4.3.0 rc
2624	21046932-766a-4888-8bca-237cf5a24ab2 runid=0dfb5b492dc86ce99bf7c61c734eb364afcdb5c8 ch=106 start_time=2025-09-25T16:55:28.398161+00:00 flow_cell_id=AWX817 basecall_gpu=NVIDIA_Tegra_X2 protocol_group_id=ONT_trialEb_250925 sample_id=ONT_trail_250925 barcode=barcode22 barcode_alias=barcode22 parent_read_id=21046932-766a-4888-8bca-237cf5a24ab2 basecall_model_version_id=dna_r10.4.1_e8.2_400bps_hac@v4.3.0 rc
2624	3a1a5989-68e0-4c24-9a39-3c1f482522e8 runid=0dfb5b492dc86ce99bf7c61c734eb364afcdb5c8 ch=23 start_time=2025-09-25T18:11:28.398161+00:00 flow_cell_id=AWX817 basecall_gpu=NVIDIA_Tegra_X2 protocol_group_id=ONT_trialEb_250925 sample_id=ONT_trail_250925 barcode=barcode14 barcode_alias=barcode14 parent_read_id=3a1a5989-68e0-4c24-9a39-3c1f482522e8 basecall_model_version_id=dna_r10.4.1_e8.2_400bps_hac@v4.3.0 rc
2624	595ffadb-7ba8-488a-93c4-14a3eb2538c0 runid=0dfb5b492dc86ce99bf7c61c734eb364afcdb5c8 ch=58 start_time=2025-09-25T18:00:23.398161+00:00 flow_cell_id=AWX817 basecall_gpu=NVIDIA_Tegra_X2 protocol_group_id=ONT_trialEb_250925 sample_id=ONT_trail_250925 barcode=barcode14 barcode_alias=barcode14 parent_read_id=595ffadb-7ba8-488a-93c4-14a3eb2538c0 basecall_model_version_id=dna_r10.4.1_e8.2_400bps_hac@v4.3.0 rc
2624	6de31e56-5198-4131-92e6-1ecb7e4ff09d runid=0dfb5b492dc86ce99bf7c61c734eb364afcdb5c8 ch=96 start_time=2025-09-26T01:44:28.398161+00:00 flow_cell_id=AWX817 basecall_gpu=NVIDIA_Tegra_X2 protocol_group_id=ONT_trialEb_250925 sample_id=ONT_trail_250925 barcode=barcode22 barcode_alias=barcode22 parent_read_id=6de31e56-5198-4131-92e6-1ecb7e4ff09d basecall_model_version_id=dna_r10.4.1_e8.2_400bps_hac@v4.3.0 rc
2624	7585f92c-03fc-49f3-bc1e-fa532c555f7c runid=0dfb5b492dc86ce99bf7c61c734eb364afcdb5c8 ch=100 start_time=2025-09-25T22:15:10.398161+00:00 flow_cell_id=AWX817 basecall_gpu=NVIDIA_Tegra_X2 protocol_group_id=ONT_trialEb_250925 sample_id=ONT_trail_250925 barcode=barcode15 barcode_alias=barcode15 parent_read_id=7585f92c-03fc-49f3-bc1e-fa532c555f7c basecall_model_version_id=dna_r10.4.1_e8.2_400bps_hac@v4.3.0 rc
2624	4e2d4e97-9225-42a0-b861-67e84c7ee696 runid=0dfb5b492dc86ce99bf7c61c734eb364afcdb5c8 ch=73 start_time=2025-09-25T17:49:08.398161+00:00 flow_cell_id=AWX817 basecall_gpu=NVIDIA_Tegra_X2 protocol_group_id=ONT_trialEb_250925 sample_id=ONT_trail_250925 barcode=barcode22 barcode_alias=barcode22 parent_read_id=4e2d4e97-9225-42a0-b861-67e84c7ee696 basecall_model_version_id=dna_r10.4.1_e8.2_400bps_hac@v4.3.0 rc
2624	5c65c084-88bc-45c2-ab66-947fb02bfe56 runid=0dfb5b492dc86ce99bf7c61c734eb364afcdb5c8 ch=49 start_time=2025-09-26T11:43:47.398161+00:00 flow_cell_id=AWX817 basecall_gpu=NVIDIA_Tegra_X2 protocol_group_id=ONT_trialEb_250925 sample_id=ONT_trail_250925 barcode=barcode22 barcode_alias=barcode22 parent_read_id=5c65c084-88bc-45c2-ab66-947fb02bfe56 basecall_model_version_id=dna_r10.4.1_e8.2_400bps_hac@v4.3.0
2624	d9580047-3be5-40f4-99ce-e68d63205c49 runid=0dfb5b492dc86ce99bf7c61c734eb364afcdb5c8 ch=85 start_time=2025-09-26T03:47:23.398161+00:00 flow_cell_id=AWX817 basecall_gpu=NVIDIA_Tegra_X2 protocol_group_id=ONT_trialEb_250925 sample_id=ONT_trail_250925 barcode=barcode14 barcode_alias=barcode14 parent_read_id=d9580047-3be5-40f4-99ce-e68d63205c49 basecall_model_version_id=dna_r10.4.1_e8.2_400bps_hac@v4.3.0 rc
2624	6f90f2d9-7002-4699-b8a3-2ce80b32d213 runid=0dfb5b492dc86ce99bf7c61c734eb364afcdb5c8 ch=5 start_time=2025-09-25T16:50:08.398161+00:00 flow_cell_id=AWX817 basecall_gpu=NVIDIA_Tegra_X2 protocol_group_id=ONT_trialEb_250925 sample_id=ONT_trail_250925 barcode=barcode13 barcode_alias=barcode13 parent_read_id=6f90f2d9-7002-4699-b8a3-2ce80b32d213 basecall_model_version_id=dna_r10.4.1_e8.2_400bps_hac@v4.3.0 rc
2624	27cf08c3-6e79-4070-b839-a5c3cb01908e runid=0dfb5b492dc86ce99bf7c61c734eb364afcdb5c8 ch=85 start_time=2025-09-25T21:10:07.398161+00:00 flow_cell_id=AWX817 basecall_gpu=NVIDIA_Tegra_X2 protocol_group_id=ONT_trialEb_250925 sample_id=ONT_trail_250925 barcode=barcode22 barcode_alias=barcode22 parent_read_id=27cf08c3-6e79-4070-b839-a5c3cb01908e basecall_model_version_id=dna_r10.4.1_e8.2_400bps_hac@v4.3.0
2624	dd37c035-2e7f-401c-bf1c-6388be4660f9 runid=0dfb5b492dc86ce99bf7c61c734eb364afcdb5c8 ch=77 start_time=2025-09-25T21:28:45.398161+00:00 flow_cell_id=AWX817 basecall_gpu=NVIDIA_Tegra_X2 protocol_group_id=ONT_trialEb_250925 sample_id=ONT_trail_250925 barcode=barcode22 barcode_alias=barcode22 parent_read_id=dd37c035-2e7f-401c-bf1c-6388be4660f9 basecall_model_version_id=dna_r10.4.1_e8.2_400bps_hac@v4.3.0
2624	bd07e6a7-765d-4100-806b-cc0043c94949 runid=0dfb5b492dc86ce99bf7c61c734eb364afcdb5c8 ch=4 start_time=2025-09-25T20:21:32.398161+00:00 flow_cell_id=AWX817 basecall_gpu=NVIDIA_Tegra_X2 protocol_group_id=ONT_trialEb_250925 sample_id=ONT_trail_250925 barcode=barcode14 barcode_alias=barcode14 parent_read_id=bd07e6a7-765d-4100-806b-cc0043c94949 basecall_model_version_id=dna_r10.4.1_e8.2_400bps_hac@v4.3.0 rc
2624	83e149c8-173a-427c-b2b1-d42b893c177a runid=0dfb5b492dc86ce99bf7c61c734eb364afcdb5c8 ch=85 start_time=2025-09-26T05:31:26.398161+00:00 flow_cell_id=AWX817 basecall_gpu=NVIDIA_Tegra_X2 protocol_group_id=ONT_trialEb_250925 sample_id=ONT_trail_250925 barcode=barcode15 barcode_alias=barcode15 parent_read_id=83e149c8-173a-427c-b2b1-d42b893c177a basecall_model_version_id=dna_r10.4.1_e8.2_400bps_hac@v4.3.0 rc
2624	a41f2483-7760-46f7-9acb-0a9a638423ad runid=0dfb5b492dc86ce99bf7c61c734eb364afcdb5c8 ch=110 start_time=2025-09-25T19:11:49.398161+00:00 flow_cell_id=AWX817 basecall_gpu=NVIDIA_Tegra_X2 protocol_group_id=ONT_trialEb_250925 sample_id=ONT_trail_250925 barcode=barcode14 barcode_alias=barcode14 parent_read_id=a41f2483-7760-46f7-9acb-0a9a638423ad basecall_model_version_id=dna_r10.4.1_e8.2_400bps_hac@v4.3.0 rc
2624	6750f362-e87b-417f-9972-41d200d629f1 runid=0dfb5b492dc86ce99bf7c61c734eb364afcdb5c8 ch=15 start_time=2025-09-25T17:58:44.398161+00:00 flow_cell_id=AWX817 basecall_gpu=NVIDIA_Tegra_X2 protocol_group_id=ONT_trialEb_250925 sample_id=ONT_trail_250925 barcode=barcode15 barcode_alias=barcode15 parent_read_id=6750f362-e87b-417f-9972-41d200d629f1 basecall_model_version_id=dna_r10.4.1_e8.2_400bps_hac@v4.3.0
2624	7ee3c8db-1cdf-45a6-ae56-abc4b3093151 runid=0dfb5b492dc86ce99bf7c61c734eb364afcdb5c8 ch=49 start_time=2025-09-26T07:37:43.398161+00:00 flow_cell_id=AWX817 basecall_gpu=NVIDIA_Tegra_X2 protocol_group_id=ONT_trialEb_250925 sample_id=ONT_trail_250925 barcode=barcode22 barcode_alias=barcode22 parent_read_id=7ee3c8db-1cdf-45a6-ae56-abc4b3093151 basecall_model_version_id=dna_r10.4.1_e8.2_400bps_hac@v4.3.0
2624	d75641b2-d66d-447f-8ba4-a9ead22ffea4 runid=0dfb5b492dc86ce99bf7c61c734eb364afcdb5c8 ch=41 start_time=2025-09-25T19:07:27.398161+00:00 flow_cell_id=AWX817 basecall_gpu=NVIDIA_Tegra_X2 protocol_group_id=ONT_trialEb_250925 sample_id=ONT_trail_250925 barcode=barcode13 barcode_alias=barcode13 parent_read_id=d75641b2-d66d-447f-8ba4-a9ead22ffea4 basecall_model_version_id=dna_r10.4.1_e8.2_400bps_hac@v4.3.0 rc
2624	06f7a1bf-83e0-4141-9bae-13d428411208 runid=0dfb5b492dc86ce99bf7c61c734eb364afcdb5c8 ch=79 start_time=2025-09-25T23:28:47.398161+00:00 flow_cell_id=AWX817 basecall_gpu=NVIDIA_Tegra_X2 protocol_group_id=ONT_trialEb_250925 sample_id=ONT_trail_250925 barcode=barcode22 barcode_alias=barcode22 parent_read_id=06f7a1bf-83e0-4141-9bae-13d428411208 basecall_model_version_id=dna_r10.4.1_e8.2_400bps_hac@v4.3.0 rc
2624	b1a1bebf-9bbd-4918-b489-13fe54567c3a runid=0dfb5b492dc86ce99bf7c61c734eb364afcdb5c8 ch=110 start_time=2025-09-25T19:54:49.398161+00:00 flow_cell_id=AWX817 basecall_gpu=NVIDIA_Tegra_X2 protocol_group_id=ONT_trialEb_250925 sample_id=ONT_trail_250925 barcode=barcode22 barcode_alias=barcode22 parent_read_id=b1a1bebf-9bbd-4918-b489-13fe54567c3a basecall_model_version_id=dna_r10.4.1_e8.2_400bps_hac@v4.3.0 rc
2624	502de529-9a9d-4f0d-94e2-4445d14b4f28 runid=0dfb5b492dc86ce99bf7c61c734eb364afcdb5c8 ch=44 start_time=2025-09-26T02:09:29.398161+00:00 flow_cell_id=AWX817 basecall_gpu=NVIDIA_Tegra_X2 protocol_group_id=ONT_trialEb_250925 sample_id=ONT_trail_250925 barcode=barcode14 barcode_alias=barcode14 parent_read_id=502de529-9a9d-4f0d-94e2-4445d14b4f28 basecall_model_version_id=dna_r10.4.1_e8.2_400bps_hac@v4.3.0 rc
2624	eacb4b4d-7af5-4a4b-8fb1-85f58987d2a8 runid=0dfb5b492dc86ce99bf7c61c734eb364afcdb5c8 ch=106 start_time=2025-09-25T16:17:04.398161+00:00 flow_cell_id=AWX817 basecall_gpu=NVIDIA_Tegra_X2 protocol_group_id=ONT_trialEb_250925 sample_id=ONT_trail_250925 barcode=barcode14 barcode_alias=barcode14 parent_read_id=eacb4b4d-7af5-4a4b-8fb1-85f58987d2a8 basecall_model_version_id=dna_r10.4.1_e8.2_400bps_hac@v4.3.0 rc
2624	94ff1515-2723-44d2-9643-7faecda55a49 runid=0dfb5b492dc86ce99bf7c61c734eb364afcdb5c8 ch=4 start_time=2025-09-25T23:59:01.398161+00:00 flow_cell_id=AWX817 basecall_gpu=NVIDIA_Tegra_X2 protocol_group_id=ONT_trialEb_250925 sample_id=ONT_trail_250925 barcode=barcode13 barcode_alias=barcode13 parent_read_id=770ce979-dde7-45f2-a161-421877f3c237 basecall_model_version_id=dna_r10.4.1_e8.2_400bps_hac@v4.3.0 rc
2624	ae76e80e-0fe6-4cbc-a6b4-dfe7747e87e4 runid=0dfb5b492dc86ce99bf7c61c734eb364afcdb5c8 ch=110 start_time=2025-09-25T17:29:09.398161+00:00 flow_cell_id=AWX817 basecall_gpu=NVIDIA_Tegra_X2 protocol_group_id=ONT_trialEb_250925 sample_id=ONT_trail_250925 barcode=barcode22 barcode_alias=barcode22 parent_read_id=ae76e80e-0fe6-4cbc-a6b4-dfe7747e87e4 basecall_model_version_id=dna_r10.4.1_e8.2_400bps_hac@v4.3.0 rc
2624	6408162f-de75-4209-b399-3319d1dd82c9 runid=0dfb5b492dc86ce99bf7c61c734eb364afcdb5c8 ch=49 start_time=2025-09-26T12:22:13.398161+00:00 flow_cell_id=AWX817 basecall_gpu=NVIDIA_Tegra_X2 protocol_group_id=ONT_trialEb_250925 sample_id=ONT_trail_250925 barcode=barcode23 barcode_alias=barcode23 parent_read_id=6408162f-de75-4209-b399-3319d1dd82c9 basecall_model_version_id=dna_r10.4.1_e8.2_400bps_hac@v4.3.0 rc
2624	68e39e6b-b6b8-4753-8c09-0fb93db404c7 runid=0dfb5b492dc86ce99bf7c61c734eb364afcdb5c8 ch=85 start_time=2025-09-25T16:49:42.398161+00:00 flow_cell_id=AWX817 basecall_gpu=NVIDIA_Tegra_X2 protocol_group_id=ONT_trialEb_250925 sample_id=ONT_trail_250925 barcode=barcode14 barcode_alias=barcode14 parent_read_id=68e39e6b-b6b8-4753-8c09-0fb93db404c7 basecall_model_version_id=dna_r10.4.1_e8.2_400bps_hac@v4.3.0
2624	45ce5a39-f498-414d-a539-222f700c77f2 runid=0dfb5b492dc86ce99bf7c61c734eb364afcdb5c8 ch=85 start_time=2025-09-25T17:09:55.398161+00:00 flow_cell_id=AWX817 basecall_gpu=NVIDIA_Tegra_X2 protocol_group_id=ONT_trialEb_250925 sample_id=ONT_trail_250925 barcode=barcode14 barcode_alias=barcode14 parent_read_id=45ce5a39-f498-414d-a539-222f700c77f2 basecall_model_version_id=dna_r10.4.1_e8.2_400bps_hac@v4.3.0
2624	c812db90-be45-47ee-9c9d-ef199c11754e runid=0dfb5b492dc86ce99bf7c61c734eb364afcdb5c8 ch=4 start_time=2025-09-25T16:12:30.398161+00:00 flow_cell_id=AWX817 basecall_gpu=NVIDIA_Tegra_X2 protocol_group_id=ONT_trialEb_250925 sample_id=ONT_trail_250925 barcode=barcode14 barcode_alias=barcode14 parent_read_id=c812db90-be45-47ee-9c9d-ef199c11754e basecall_model_version_id=dna_r10.4.1_e8.2_400bps_hac@v4.3.0
2624	895d9b3a-d1f5-482f-b8c2-ed018f2accf6 runid=0dfb5b492dc86ce99bf7c61c734eb364afcdb5c8 ch=92 start_time=2025-09-25T23:47:23.398161+00:00 flow_cell_id=AWX817 basecall_gpu=NVIDIA_Tegra_X2 protocol_group_id=ONT_trialEb_250925 sample_id=ONT_trail_250925 barcode=barcode24 barcode_alias=barcode24 parent_read_id=895d9b3a-d1f5-482f-b8c2-ed018f2accf6 basecall_model_version_id=dna_r10.4.1_e8.2_400bps_hac@v4.3.0 rc
2624	c194b24b-95f2-4ba4-a566-9aba7086025a runid=0dfb5b492dc86ce99bf7c61c734eb364afcdb5c8 ch=42 start_time=2025-09-25T21:11:48.398161+00:00 flow_cell_id=AWX817 basecall_gpu=NVIDIA_Tegra_X2 protocol_group_id=ONT_trialEb_250925 sample_id=ONT_trail_250925 barcode=barcode24 barcode_alias=barcode24 parent_read_id=c194b24b-95f2-4ba4-a566-9aba7086025a basecall_model_version_id=dna_r10.4.1_e8.2_400bps_hac@v4.3.0 rc
2624	08ea042c-0b4a-40c1-af20-4af6f9b99c98 runid=0dfb5b492dc86ce99bf7c61c734eb364afcdb5c8 ch=118 start_time=2025-09-25T19:41:21.398161+00:00 flow_cell_id=AWX817 basecall_gpu=NVIDIA_Tegra_X2 protocol_group_id=ONT_trialEb_250925 sample_id=ONT_trail_250925 barcode=barcode24 barcode_alias=barcode24 parent_read_id=08ea042c-0b4a-40c1-af20-4af6f9b99c98 basecall_model_version_id=dna_r10.4.1_e8.2_400bps_hac@v4.3.0
2624	14fd2f75-b6c1-446e-a75f-d61edc556392 runid=0dfb5b492dc86ce99bf7c61c734eb364afcdb5c8 ch=96 start_time=2025-09-26T02:12:22.398161+00:00 flow_cell_id=AWX817 basecall_gpu=NVIDIA_Tegra_X2 protocol_group_id=ONT_trialEb_250925 sample_id=ONT_trail_250925 barcode=barcode22 barcode_alias=barcode22 parent_read_id=14fd2f75-b6c1-446e-a75f-d61edc556392 basecall_model_version_id=dna_r10.4.1_e8.2_400bps_hac@v4.3.0 rc
2624	196c2fae-35d8-40bf-8177-dc5114a1d3ad runid=0dfb5b492dc86ce99bf7c61c734eb364afcdb5c8 ch=77 start_time=2025-09-25T22:27:50.398161+00:00 flow_cell_id=AWX817 basecall_gpu=NVIDIA_Tegra_X2 protocol_group_id=ONT_trialEb_250925 sample_id=ONT_trail_250925 barcode=barcode23 barcode_alias=barcode23 parent_read_id=196c2fae-35d8-40bf-8177-dc5114a1d3ad basecall_model_version_id=dna_r10.4.1_e8.2_400bps_hac@v4.3.0 rc
2624	02ae7cea-2c97-4d80-97e2-c5713686285c runid=0dfb5b492dc86ce99bf7c61c734eb364afcdb5c8 ch=73 start_time=2025-09-25T21:35:04.398161+00:00 flow_cell_id=AWX817 basecall_gpu=NVIDIA_Tegra_X2 protocol_group_id=ONT_trialEb_250925 sample_id=ONT_trail_250925 barcode=barcode13 barcode_alias=barcode13 parent_read_id=02ae7cea-2c97-4d80-97e2-c5713686285c basecall_model_version_id=dna_r10.4.1_e8.2_400bps_hac@v4.3.0 rc
2624	052e9221-3774-4896-ad18-57faf84ec827 runid=0dfb5b492dc86ce99bf7c61c734eb364afcdb5c8 ch=85 start_time=2025-09-25T18:15:02.398161+00:00 flow_cell_id=AWX817 basecall_gpu=NVIDIA_Tegra_X2 protocol_group_id=ONT_trialEb_250925 sample_id=ONT_trail_250925 barcode=barcode24 barcode_alias=barcode24 parent_read_id=052e9221-3774-4896-ad18-57faf84ec827 basecall_model_version_id=dna_r10.4.1_e8.2_400bps_hac@v4.3.0 rc
2624	0019ecfa-4f50-45f5-a980-210c189a5834 runid=0dfb5b492dc86ce99bf7c61c734eb364afcdb5c8 ch=80 start_time=2025-09-25T18:01:05.398161+00:00 flow_cell_id=AWX817 basecall_gpu=NVIDIA_Tegra_X2 protocol_group_id=ONT_trialEb_250925 sample_id=ONT_trail_250925 barcode=barcode24 barcode_alias=barcode24 parent_read_id=0019ecfa-4f50-45f5-a980-210c189a5834 basecall_model_version_id=dna_r10.4.1_e8.2_400bps_hac@v4.3.0 rc
2624	d4831bec-b343-40d0-8fbd-c53229f40567 runid=0dfb5b492dc86ce99bf7c61c734eb364afcdb5c8 ch=118 start_time=2025-09-25T18:41:03.398161+00:00 flow_cell_id=AWX817 basecall_gpu=NVIDIA_Tegra_X2 protocol_group_id=ONT_trialEb_250925 sample_id=ONT_trail_250925 barcode=barcode13 barcode_alias=barcode13 parent_read_id=daa69b94-8705-4a61-86ef-5e140aeb0676 basecall_model_version_id=dna_r10.4.1_e8.2_400bps_hac@v4.3.0
2624	e21c8001-c2ee-4ed6-9e8b-e3c14086a3cd runid=0dfb5b492dc86ce99bf7c61c734eb364afcdb5c8 ch=85 start_time=2025-09-26T03:24:54.398161+00:00 flow_cell_id=AWX817 basecall_gpu=NVIDIA_Tegra_X2 protocol_group_id=ONT_trialEb_250925 sample_id=ONT_trail_250925 barcode=barcode14 barcode_alias=barcode14 parent_read_id=e21c8001-c2ee-4ed6-9e8b-e3c14086a3cd basecall_model_version_id=dna_r10.4.1_e8.2_400bps_hac@v4.3.0
2624	a8681e5c-87ec-403b-a358-dd5b2643b3f4 runid=0dfb5b492dc86ce99bf7c61c734eb364afcdb5c8 ch=41 start_time=2025-09-25T17:11:59.398161+00:00 flow_cell_id=AWX817 basecall_gpu=NVIDIA_Tegra_X2 protocol_group_id=ONT_trialEb_250925 sample_id=ONT_trail_250925 barcode=barcode14 barcode_alias=barcode14 parent_read_id=a8681e5c-87ec-403b-a358-dd5b2643b3f4 basecall_model_version_id=dna_r10.4.1_e8.2_400bps_hac@v4.3.0
2624	2c9d498e-0524-4813-aafe-2b0866eb21fd runid=0dfb5b492dc86ce99bf7c61c734eb364afcdb5c8 ch=106 start_time=2025-09-25T17:31:02.398161+00:00 flow_cell_id=AWX817 basecall_gpu=NVIDIA_Tegra_X2 protocol_group_id=ONT_trialEb_250925 sample_id=ONT_trail_250925 barcode=barcode22 barcode_alias=barcode22 parent_read_id=2c9d498e-0524-4813-aafe-2b0866eb21fd basecall_model_version_id=dna_r10.4.1_e8.2_400bps_hac@v4.3.0 rc
2624	e58db130-daef-4adc-a545-57b840c69c1e runid=0dfb5b492dc86ce99bf7c61c734eb364afcdb5c8 ch=49 start_time=2025-09-25T18:13:47.398161+00:00 flow_cell_id=AWX817 basecall_gpu=NVIDIA_Tegra_X2 protocol_group_id=ONT_trialEb_250925 sample_id=ONT_trail_250925 barcode=barcode14 barcode_alias=barcode14 parent_read_id=e58db130-daef-4adc-a545-57b840c69c1e basecall_model_version_id=dna_r10.4.1_e8.2_400bps_hac@v4.3.0
2624	7567f0d1-7afd-4a96-8b40-50ba634ea8d6 runid=0dfb5b492dc86ce99bf7c61c734eb364afcdb5c8 ch=118 start_time=2025-09-25T19:02:28.398161+00:00 flow_cell_id=AWX817 basecall_gpu=NVIDIA_Tegra_X2 protocol_group_id=ONT_trialEb_250925 sample_id=ONT_trail_250925 barcode=barcode14 barcode_alias=barcode14 parent_read_id=7567f0d1-7afd-4a96-8b40-50ba634ea8d6 basecall_model_version_id=dna_r10.4.1_e8.2_400bps_hac@v4.3.0 rc
2624	d20dc283-33d0-43c0-bf59-1fcd6d25bfdc runid=0dfb5b492dc86ce99bf7c61c734eb364afcdb5c8 ch=92 start_time=2025-09-26T01:53:23.398161+00:00 flow_cell_id=AWX817 basecall_gpu=NVIDIA_Tegra_X2 protocol_group_id=ONT_trialEb_250925 sample_id=ONT_trail_250925 barcode=barcode24 barcode_alias=barcode24 parent_read_id=d20dc283-33d0-43c0-bf59-1fcd6d25bfdc basecall_model_version_id=dna_r10.4.1_e8.2_400bps_hac@v4.3.0
2624	696f539d-bf34-4817-a743-d983e2e10dea runid=0dfb5b492dc86ce99bf7c61c734eb364afcdb5c8 ch=93 start_time=2025-09-25T18:00:46.398161+00:00 flow_cell_id=AWX817 basecall_gpu=NVIDIA_Tegra_X2 protocol_group_id=ONT_trialEb_250925 sample_id=ONT_trail_250925 barcode=barcode23 barcode_alias=barcode23 parent_read_id=696f539d-bf34-4817-a743-d983e2e10dea basecall_model_version_id=dna_r10.4.1_e8.2_400bps_hac@v4.3.0 rc
2624	204da9e6-5d1e-4010-a355-7d4c7c9d305b runid=0dfb5b492dc86ce99bf7c61c734eb364afcdb5c8 ch=43 start_time=2025-09-25T16:50:21.398161+00:00 flow_cell_id=AWX817 basecall_gpu=NVIDIA_Tegra_X2 protocol_group_id=ONT_trialEb_250925 sample_id=ONT_trail_250925 barcode=barcode13 barcode_alias=barcode13 parent_read_id=204da9e6-5d1e-4010-a355-7d4c7c9d305b basecall_model_version_id=dna_r10.4.1_e8.2_400bps_hac@v4.3.0 rc
2624	3a0e3636-3f33-4e92-84ce-e4615855992a runid=0dfb5b492dc86ce99bf7c61c734eb364afcdb5c8 ch=93 start_time=2025-09-25T16:46:49.398161+00:00 flow_cell_id=AWX817 basecall_gpu=NVIDIA_Tegra_X2 protocol_group_id=ONT_trialEb_250925 sample_id=ONT_trail_250925 barcode=barcode14 barcode_alias=barcode14 parent_read_id=3a0e3636-3f33-4e92-84ce-e4615855992a basecall_model_version_id=dna_r10.4.1_e8.2_400bps_hac@v4.3.0 rc
2624	1f65e535-84e1-4813-a90f-46f1e2160bf5 runid=0dfb5b492dc86ce99bf7c61c734eb364afcdb5c8 ch=43 start_time=2025-09-25T20:12:41.398161+00:00 flow_cell_id=AWX817 basecall_gpu=NVIDIA_Tegra_X2 protocol_group_id=ONT_trialEb_250925 sample_id=ONT_trail_250925 barcode=barcode15 barcode_alias=barcode15 parent_read_id=1f65e535-84e1-4813-a90f-46f1e2160bf5 basecall_model_version_id=dna_r10.4.1_e8.2_400bps_hac@v4.3.0
2624	6b2863b0-4f30-407f-9b3b-546ebcd75791 runid=0dfb5b492dc86ce99bf7c61c734eb364afcdb5c8 ch=79 start_time=2025-09-25T15:47:36.398161+00:00 flow_cell_id=AWX817 basecall_gpu=NVIDIA_Tegra_X2 protocol_group_id=ONT_trialEb_250925 sample_id=ONT_trail_250925 barcode=barcode14 barcode_alias=barcode14 parent_read_id=6b2863b0-4f30-407f-9b3b-546ebcd75791 basecall_model_version_id=dna_r10.4.1_e8.2_400bps_hac@v4.3.0 rc
2624	ac3c8ee0-c142-418e-9d08-d4df97b42b93 runid=0dfb5b492dc86ce99bf7c61c734eb364afcdb5c8 ch=85 start_time=2025-09-25T18:08:20.398161+00:00 flow_cell_id=AWX817 basecall_gpu=NVIDIA_Tegra_X2 protocol_group_id=ONT_trialEb_250925 sample_id=ONT_trail_250925 barcode=barcode24 barcode_alias=barcode24 parent_read_id=ac3c8ee0-c142-418e-9d08-d4df97b42b93 basecall_model_version_id=dna_r10.4.1_e8.2_400bps_hac@v4.3.0 rc
2624	e29b6854-46a1-4b85-bd87-107f8f33ae89 runid=0dfb5b492dc86ce99bf7c61c734eb364afcdb5c8 ch=79 start_time=2025-09-25T21:07:05.398161+00:00 flow_cell_id=AWX817 basecall_gpu=NVIDIA_Tegra_X2 protocol_group_id=ONT_trialEb_250925 sample_id=ONT_trail_250925 barcode=barcode14 barcode_alias=barcode14 parent_read_id=e29b6854-46a1-4b85-bd87-107f8f33ae89 basecall_model_version_id=dna_r10.4.1_e8.2_400bps_hac@v4.3.0 rc
2624	8fe24662-1de2-414e-9d5c-c5c6d59902c9 runid=0dfb5b492dc86ce99bf7c61c734eb364afcdb5c8 ch=20 start_time=2025-09-26T07:06:16.398161+00:00 flow_cell_id=AWX817 basecall_gpu=NVIDIA_Tegra_X2 protocol_group_id=ONT_trialEb_250925 sample_id=ONT_trail_250925 barcode=barcode14 barcode_alias=barcode14 parent_read_id=8fe24662-1de2-414e-9d5c-c5c6d59902c9 basecall_model_version_id=dna_r10.4.1_e8.2_400bps_hac@v4.3.0 rc
2624	ae1ae5c2-79f5-48bd-a715-d7389e692050 runid=0dfb5b492dc86ce99bf7c61c734eb364afcdb5c8 ch=80 start_time=2025-09-25T21:09:00.398161+00:00 flow_cell_id=AWX817 basecall_gpu=NVIDIA_Tegra_X2 protocol_group_id=ONT_trialEb_250925 sample_id=ONT_trail_250925 barcode=barcode24 barcode_alias=barcode24 parent_read_id=ae1ae5c2-79f5-48bd-a715-d7389e692050 basecall_model_version_id=dna_r10.4.1_e8.2_400bps_hac@v4.3.0 rc
2624	02012854-0c49-4fd6-86f1-fec7661ca080 runid=0dfb5b492dc86ce99bf7c61c734eb364afcdb5c8 ch=5 start_time=2025-09-25T16:49:49.398161+00:00 flow_cell_id=AWX817 basecall_gpu=NVIDIA_Tegra_X2 protocol_group_id=ONT_trialEb_250925 sample_id=ONT_trail_250925 barcode=barcode24 barcode_alias=barcode24 parent_read_id=9cd9aae7-5ec3-4d86-a9de-da4466087784 basecall_model_version_id=dna_r10.4.1_e8.2_400bps_hac@v4.3.0
2624	318b847f-7671-4dc3-825f-6db1f3c25bb4 runid=0dfb5b492dc86ce99bf7c61c734eb364afcdb5c8 ch=41 start_time=2025-09-25T21:14:15.398161+00:00 flow_cell_id=AWX817 basecall_gpu=NVIDIA_Tegra_X2 protocol_group_id=ONT_trialEb_250925 sample_id=ONT_trail_250925 barcode=barcode13 barcode_alias=barcode13 parent_read_id=318b847f-7671-4dc3-825f-6db1f3c25bb4 basecall_model_version_id=dna_r10.4.1_e8.2_400bps_hac@v4.3.0
2624	382ddcd0-69e7-4532-be06-eb84d737c208 runid=0dfb5b492dc86ce99bf7c61c734eb364afcdb5c8 ch=106 start_time=2025-09-25T17:52:03.398161+00:00 flow_cell_id=AWX817 basecall_gpu=NVIDIA_Tegra_X2 protocol_group_id=ONT_trialEb_250925 sample_id=ONT_trail_250925 barcode=barcode15 barcode_alias=barcode15 parent_read_id=382ddcd0-69e7-4532-be06-eb84d737c208 basecall_model_version_id=dna_r10.4.1_e8.2_400bps_hac@v4.3.0 rc
2624	7541881a-3e27-4ff3-9ce7-02005e60dc5c runid=0dfb5b492dc86ce99bf7c61c734eb364afcdb5c8 ch=10 start_time=2025-09-25T22:17:54.398161+00:00 flow_cell_id=AWX817 basecall_gpu=NVIDIA_Tegra_X2 protocol_group_id=ONT_trialEb_250925 sample_id=ONT_trail_250925 barcode=barcode14 barcode_alias=barcode14 parent_read_id=7541881a-3e27-4ff3-9ce7-02005e60dc5c basecall_model_version_id=dna_r10.4.1_e8.2_400bps_hac@v4.3.0
2624	2c8fd8e2-0ccd-431b-a2b1-40230cba1bdd runid=0dfb5b492dc86ce99bf7c61c734eb364afcdb5c8 ch=49 start_time=2025-09-26T03:39:16.398161+00:00 flow_cell_id=AWX817 basecall_gpu=NVIDIA_Tegra_X2 protocol_group_id=ONT_trialEb_250925 sample_id=ONT_trail_250925 barcode=barcode22 barcode_alias=barcode22 parent_read_id=2c8fd8e2-0ccd-431b-a2b1-40230cba1bdd basecall_model_version_id=dna_r10.4.1_e8.2_400bps_hac@v4.3.0 rc
2624	04fbf2ce-01bf-41c9-9585-0c23aafa8062 runid=0dfb5b492dc86ce99bf7c61c734eb364afcdb5c8 ch=85 start_time=2025-09-25T16:25:39.398161+00:00 flow_cell_id=AWX817 basecall_gpu=NVIDIA_Tegra_X2 protocol_group_id=ONT_trialEb_250925 sample_id=ONT_trail_250925 barcode=barcode22 barcode_alias=barcode22 parent_read_id=04fbf2ce-01bf-41c9-9585-0c23aafa8062 basecall_model_version_id=dna_r10.4.1_e8.2_400bps_hac@v4.3.0
2624	7b95391c-9ab8-4efa-82eb-def4548e01db runid=0dfb5b492dc86ce99bf7c61c734eb364afcdb5c8 ch=118 start_time=2025-09-26T01:52:35.398161+00:00 flow_cell_id=AWX817 basecall_gpu=NVIDIA_Tegra_X2 protocol_group_id=ONT_trialEb_250925 sample_id=ONT_trail_250925 barcode=barcode24 barcode_alias=barcode24 parent_read_id=7b95391c-9ab8-4efa-82eb-def4548e01db basecall_model_version_id=dna_r10.4.1_e8.2_400bps_hac@v4.3.0 rc
2624	0bdf1c49-dc03-4749-881f-6cbb3ed81269 runid=0dfb5b492dc86ce99bf7c61c734eb364afcdb5c8 ch=77 start_time=2025-09-25T15:48:54.398161+00:00 flow_cell_id=AWX817 basecall_gpu=NVIDIA_Tegra_X2 protocol_group_id=ONT_trialEb_250925 sample_id=ONT_trail_250925 barcode=barcode24 barcode_alias=barcode24 parent_read_id=0bdf1c49-dc03-4749-881f-6cbb3ed81269 basecall_model_version_id=dna_r10.4.1_e8.2_400bps_hac@v4.3.0 rc
2624	3934ce84-4225-46ba-9871-90556282c6a3 runid=0dfb5b492dc86ce99bf7c61c734eb364afcdb5c8 ch=79 start_time=2025-09-25T21:09:34.398161+00:00 flow_cell_id=AWX817 basecall_gpu=NVIDIA_Tegra_X2 protocol_group_id=ONT_trialEb_250925 sample_id=ONT_trail_250925 barcode=barcode22 barcode_alias=barcode22 parent_read_id=3934ce84-4225-46ba-9871-90556282c6a3 basecall_model_version_id=dna_r10.4.1_e8.2_400bps_hac@v4.3.0 rc
2624	cc4d2c5b-80f1-498e-8503-98e2c6c116d8 runid=0dfb5b492dc86ce99bf7c61c734eb364afcdb5c8 ch=85 start_time=2025-09-25T16:34:51.398161+00:00 flow_cell_id=AWX817 basecall_gpu=NVIDIA_Tegra_X2 protocol_group_id=ONT_trialEb_250925 sample_id=ONT_trail_250925 barcode=barcode23 barcode_alias=barcode23 parent_read_id=cc4d2c5b-80f1-498e-8503-98e2c6c116d8 basecall_model_version_id=dna_r10.4.1_e8.2_400bps_hac@v4.3.0 rc
2624	33a9a410-69ea-434b-b50e-3505bdaa82a4 runid=0dfb5b492dc86ce99bf7c61c734eb364afcdb5c8 ch=44 start_time=2025-09-25T23:44:24.398161+00:00 flow_cell_id=AWX817 basecall_gpu=NVIDIA_Tegra_X2 protocol_group_id=ONT_trialEb_250925 sample_id=ONT_trail_250925 barcode=barcode14 barcode_alias=barcode14 parent_read_id=33a9a410-69ea-434b-b50e-3505bdaa82a4 basecall_model_version_id=dna_r10.4.1_e8.2_400bps_hac@v4.3.0
2624	43a63b81-7666-4c30-b13e-c3d3fe39c033 runid=0dfb5b492dc86ce99bf7c61c734eb364afcdb5c8 ch=20 start_time=2025-09-26T07:44:08.398161+00:00 flow_cell_id=AWX817 basecall_gpu=NVIDIA_Tegra_X2 protocol_group_id=ONT_trialEb_250925 sample_id=ONT_trail_250925 barcode=barcode13 barcode_alias=barcode13 parent_read_id=43a63b81-7666-4c30-b13e-c3d3fe39c033 basecall_model_version_id=dna_r10.4.1_e8.2_400bps_hac@v4.3.0 rc
2624	c1c5f8ed-5a85-4acb-9392-ee2e16541858 runid=0dfb5b492dc86ce99bf7c61c734eb364afcdb5c8 ch=20 start_time=2025-09-26T10:50:13.398161+00:00 flow_cell_id=AWX817 basecall_gpu=NVIDIA_Tegra_X2 protocol_group_id=ONT_trialEb_250925 sample_id=ONT_trail_250925 barcode=barcode13 barcode_alias=barcode13 parent_read_id=c1c5f8ed-5a85-4acb-9392-ee2e16541858 basecall_model_version_id=dna_r10.4.1_e8.2_400bps_hac@v4.3.0
2624	bfab6c21-4010-429a-9daa-5d34405f1967 runid=0dfb5b492dc86ce99bf7c61c734eb364afcdb5c8 ch=92 start_time=2025-09-25T21:52:46.398161+00:00 flow_cell_id=AWX817 basecall_gpu=NVIDIA_Tegra_X2 protocol_group_id=ONT_trialEb_250925 sample_id=ONT_trail_250925 barcode=barcode24 barcode_alias=barcode24 parent_read_id=bfab6c21-4010-429a-9daa-5d34405f1967 basecall_model_version_id=dna_r10.4.1_e8.2_400bps_hac@v4.3.0 rc
2624	f3c74231-4083-4583-9cd7-ef48f6dbb357 runid=0dfb5b492dc86ce99bf7c61c734eb364afcdb5c8 ch=118 start_time=2025-09-26T04:23:03.398161+00:00 flow_cell_id=AWX817 basecall_gpu=NVIDIA_Tegra_X2 protocol_group_id=ONT_trialEb_250925 sample_id=ONT_trail_250925 barcode=barcode15 barcode_alias=barcode15 parent_read_id=f3c74231-4083-4583-9cd7-ef48f6dbb357 basecall_model_version_id=dna_r10.4.1_e8.2_400bps_hac@v4.3.0
2624	2efafcbe-4509-4069-9d40-9ccb80eccf64 runid=0dfb5b492dc86ce99bf7c61c734eb364afcdb5c8 ch=44 start_time=2025-09-25T23:21:14.398161+00:00 flow_cell_id=AWX817 basecall_gpu=NVIDIA_Tegra_X2 protocol_group_id=ONT_trialEb_250925 sample_id=ONT_trail_250925 barcode=barcode13 barcode_alias=barcode13 parent_read_id=2efafcbe-4509-4069-9d40-9ccb80eccf64 basecall_model_version_id=dna_r10.4.1_e8.2_400bps_hac@v4.3.0
2624	36e60334-ca0d-4d1b-91ce-b466685c3558 runid=0dfb5b492dc86ce99bf7c61c734eb364afcdb5c8 ch=41 start_time=2025-09-25T17:58:05.398161+00:00 flow_cell_id=AWX817 basecall_gpu=NVIDIA_Tegra_X2 protocol_group_id=ONT_trialEb_250925 sample_id=ONT_trail_250925 barcode=barcode14 barcode_alias=barcode14 parent_read_id=36e60334-ca0d-4d1b-91ce-b466685c3558 basecall_model_version_id=dna_r10.4.1_e8.2_400bps_hac@v4.3.0 rc
2624	4353dc2f-9da3-4c2e-af31-02835335606a runid=0dfb5b492dc86ce99bf7c61c734eb364afcdb5c8 ch=39 start_time=2025-09-25T20:04:53.398161+00:00 flow_cell_id=AWX817 basecall_gpu=NVIDIA_Tegra_X2 protocol_group_id=ONT_trialEb_250925 sample_id=ONT_trail_250925 barcode=barcode14 barcode_alias=barcode14 parent_read_id=4353dc2f-9da3-4c2e-af31-02835335606a basecall_model_version_id=dna_r10.4.1_e8.2_400bps_hac@v4.3.0
2624	9ba2b0ec-1424-444c-acbc-6aa8adbf682e runid=0dfb5b492dc86ce99bf7c61c734eb364afcdb5c8 ch=5 start_time=2025-09-25T16:39:53.398161+00:00 flow_cell_id=AWX817 basecall_gpu=NVIDIA_Tegra_X2 protocol_group_id=ONT_trialEb_250925 sample_id=ONT_trail_250925 barcode=barcode22 barcode_alias=barcode22 parent_read_id=9ba2b0ec-1424-444c-acbc-6aa8adbf682e basecall_model_version_id=dna_r10.4.1_e8.2_400bps_hac@v4.3.0 rc
2624	51a4a020-6a56-4daa-b562-e6863b224e97 runid=0dfb5b492dc86ce99bf7c61c734eb364afcdb5c8 ch=41 start_time=2025-09-25T16:41:44.398161+00:00 flow_cell_id=AWX817 basecall_gpu=NVIDIA_Tegra_X2 protocol_group_id=ONT_trialEb_250925 sample_id=ONT_trail_250925 barcode=barcode14 barcode_alias=barcode14 parent_read_id=51a4a020-6a56-4daa-b562-e6863b224e97 basecall_model_version_id=dna_r10.4.1_e8.2_400bps_hac@v4.3.0 rc
2624	e638bd93-9ef7-48e1-9865-634c8a8f55d9 runid=0dfb5b492dc86ce99bf7c61c734eb364afcdb5c8 ch=118 start_time=2025-09-25T16:51:18.398161+00:00 flow_cell_id=AWX817 basecall_gpu=NVIDIA_Tegra_X2 protocol_group_id=ONT_trialEb_250925 sample_id=ONT_trail_250925 barcode=barcode13 barcode_alias=barcode13 parent_read_id=e638bd93-9ef7-48e1-9865-634c8a8f55d9 basecall_model_version_id=dna_r10.4.1_e8.2_400bps_hac@v4.3.0
2624	c2fc126d-008e-42e7-9b29-26fd1195ba38 runid=0dfb5b492dc86ce99bf7c61c734eb364afcdb5c8 ch=80 start_time=2025-09-25T17:44:27.398161+00:00 flow_cell_id=AWX817 basecall_gpu=NVIDIA_Tegra_X2 protocol_group_id=ONT_trialEb_250925 sample_id=ONT_trail_250925 barcode=barcode14 barcode_alias=barcode14 parent_read_id=c2fc126d-008e-42e7-9b29-26fd1195ba38 basecall_model_version_id=dna_r10.4.1_e8.2_400bps_hac@v4.3.0
2624	317df9be-1de7-4e9a-af53-623269a5c23c runid=0dfb5b492dc86ce99bf7c61c734eb364afcdb5c8 ch=85 start_time=2025-09-26T05:19:01.398161+00:00 flow_cell_id=AWX817 basecall_gpu=NVIDIA_Tegra_X2 protocol_group_id=ONT_trialEb_250925 sample_id=ONT_trail_250925 barcode=barcode14 barcode_alias=barcode14 parent_read_id=317df9be-1de7-4e9a-af53-623269a5c23c basecall_model_version_id=dna_r10.4.1_e8.2_400bps_hac@v4.3.0 rc
2624	6f2d9040-83c8-497f-9a3c-9fb6346b5e67 runid=0dfb5b492dc86ce99bf7c61c734eb364afcdb5c8 ch=49 start_time=2025-09-25T18:57:56.398161+00:00 flow_cell_id=AWX817 basecall_gpu=NVIDIA_Tegra_X2 protocol_group_id=ONT_trialEb_250925 sample_id=ONT_trail_250925 barcode=barcode22 barcode_alias=barcode22 parent_read_id=6f2d9040-83c8-497f-9a3c-9fb6346b5e67 basecall_model_version_id=dna_r10.4.1_e8.2_400bps_hac@v4.3.0
2624	ab10a55d-cd89-483d-ab67-59ec8e88d23e runid=0dfb5b492dc86ce99bf7c61c734eb364afcdb5c8 ch=4 start_time=2025-09-26T06:51:04.398161+00:00 flow_cell_id=AWX817 basecall_gpu=NVIDIA_Tegra_X2 protocol_group_id=ONT_trialEb_250925 sample_id=ONT_trail_250925 barcode=barcode24 barcode_alias=barcode24 parent_read_id=ab10a55d-cd89-483d-ab67-59ec8e88d23e basecall_model_version_id=dna_r10.4.1_e8.2_400bps_hac@v4.3.0
2624	7b0162ff-df12-4baf-bbc4-144cf810f537 runid=0dfb5b492dc86ce99bf7c61c734eb364afcdb5c8 ch=85 start_time=2025-09-26T00:46:29.398161+00:00 flow_cell_id=AWX817 basecall_gpu=NVIDIA_Tegra_X2 protocol_group_id=ONT_trialEb_250925 sample_id=ONT_trail_250925 barcode=barcode14 barcode_alias=barcode14 parent_read_id=7b0162ff-df12-4baf-bbc4-144cf810f537 basecall_model_version_id=dna_r10.4.1_e8.2_400bps_hac@v4.3.0 rc
2624	d5f502ea-ebe2-4044-ba09-b61c8aee873d runid=0dfb5b492dc86ce99bf7c61c734eb364afcdb5c8 ch=67 start_time=2025-09-26T00:28:39.398161+00:00 flow_cell_id=AWX817 basecall_gpu=NVIDIA_Tegra_X2 protocol_group_id=ONT_trialEb_250925 sample_id=ONT_trail_250925 barcode=barcode13 barcode_alias=barcode13 parent_read_id=d5f502ea-ebe2-4044-ba09-b61c8aee873d basecall_model_version_id=dna_r10.4.1_e8.2_400bps_hac@v4.3.0 rc
2624	64597505-60c0-40a3-bb3a-250f06b068bb runid=0dfb5b492dc86ce99bf7c61c734eb364afcdb5c8 ch=79 start_time=2025-09-25T19:05:24.398161+00:00 flow_cell_id=AWX817 basecall_gpu=NVIDIA_Tegra_X2 protocol_group_id=ONT_trialEb_250925 sample_id=ONT_trail_250925 barcode=barcode13 barcode_alias=barcode13 parent_read_id=64597505-60c0-40a3-bb3a-250f06b068bb basecall_model_version_id=dna_r10.4.1_e8.2_400bps_hac@v4.3.0 rc
2624	5cff45dc-96e8-4f00-918c-5bd82cf9540b runid=0dfb5b492dc86ce99bf7c61c734eb364afcdb5c8 ch=96 start_time=2025-09-26T02:11:47.398161+00:00 flow_cell_id=AWX817 basecall_gpu=NVIDIA_Tegra_X2 protocol_group_id=ONT_trialEb_250925 sample_id=ONT_trail_250925 barcode=barcode14 barcode_alias=barcode14 parent_read_id=5cff45dc-96e8-4f00-918c-5bd82cf9540b basecall_model_version_id=dna_r10.4.1_e8.2_400bps_hac@v4.3.0 rc
2624	3a4cab88-5cc1-439f-b030-f73e34bc1295 runid=0dfb5b492dc86ce99bf7c61c734eb364afcdb5c8 ch=10 start_time=2025-09-25T16:32:56.398161+00:00 flow_cell_id=AWX817 basecall_gpu=NVIDIA_Tegra_X2 protocol_group_id=ONT_trialEb_250925 sample_id=ONT_trail_250925 barcode=barcode15 barcode_alias=barcode15 parent_read_id=3a4cab88-5cc1-439f-b030-f73e34bc1295 basecall_model_version_id=dna_r10.4.1_e8.2_400bps_hac@v4.3.0 rc
2624	9c9aaec8-8487-4d55-b3ff-c47cfa30f342 runid=0dfb5b492dc86ce99bf7c61c734eb364afcdb5c8 ch=41 start_time=2025-09-26T02:36:26.398161+00:00 flow_cell_id=AWX817 basecall_gpu=NVIDIA_Tegra_X2 protocol_group_id=ONT_trialEb_250925 sample_id=ONT_trail_250925 barcode=barcode24 barcode_alias=barcode24 parent_read_id=9c9aaec8-8487-4d55-b3ff-c47cfa30f342 basecall_model_version_id=dna_r10.4.1_e8.2_400bps_hac@v4.3.0 rc
2624	af2fb853-8014-443d-b529-751b49350029 runid=0dfb5b492dc86ce99bf7c61c734eb364afcdb5c8 ch=77 start_time=2025-09-25T21:39:38.398161+00:00 flow_cell_id=AWX817 basecall_gpu=NVIDIA_Tegra_X2 protocol_group_id=ONT_trialEb_250925 sample_id=ONT_trail_250925 barcode=barcode13 barcode_alias=barcode13 parent_read_id=af2fb853-8014-443d-b529-751b49350029 basecall_model_version_id=dna_r10.4.1_e8.2_400bps_hac@v4.3.0
2624	91fe4ac8-79f6-4049-ac86-2d8564821c3c runid=0dfb5b492dc86ce99bf7c61c734eb364afcdb5c8 ch=77 start_time=2025-09-25T23:19:05.398161+00:00 flow_cell_id=AWX817 basecall_gpu=NVIDIA_Tegra_X2 protocol_group_id=ONT_trialEb_250925 sample_id=ONT_trail_250925 barcode=barcode13 barcode_alias=barcode13 parent_read_id=91fe4ac8-79f6-4049-ac86-2d8564821c3c basecall_model_version_id=dna_r10.4.1_e8.2_400bps_hac@v4.3.0 rc
2624	578267e1-4502-4c95-b652-75b694472846 runid=0dfb5b492dc86ce99bf7c61c734eb364afcdb5c8 ch=110 start_time=2025-09-25T21:00:58.398161+00:00 flow_cell_id=AWX817 basecall_gpu=NVIDIA_Tegra_X2 protocol_group_id=ONT_trialEb_250925 sample_id=ONT_trail_250925 barcode=barcode24 barcode_alias=barcode24 parent_read_id=578267e1-4502-4c95-b652-75b694472846 basecall_model_version_id=dna_r10.4.1_e8.2_400bps_hac@v4.3.0 rc
2624	6be2abc9-089b-49c3-9aea-60c9ea984a22 runid=0dfb5b492dc86ce99bf7c61c734eb364afcdb5c8 ch=5 start_time=2025-09-25T22:09:48.398161+00:00 flow_cell_id=AWX817 basecall_gpu=NVIDIA_Tegra_X2 protocol_group_id=ONT_trialEb_250925 sample_id=ONT_trail_250925 barcode=barcode22 barcode_alias=barcode22 parent_read_id=6be2abc9-089b-49c3-9aea-60c9ea984a22 basecall_model_version_id=dna_r10.4.1_e8.2_400bps_hac@v4.3.0
2624	9dbb0ee8-09b0-4a63-8c68-195a3f051baa runid=0dfb5b492dc86ce99bf7c61c734eb364afcdb5c8 ch=4 start_time=2025-09-25T15:57:39.398161+00:00 flow_cell_id=AWX817 basecall_gpu=NVIDIA_Tegra_X2 protocol_group_id=ONT_trialEb_250925 sample_id=ONT_trail_250925 barcode=barcode24 barcode_alias=barcode24 parent_read_id=9dbb0ee8-09b0-4a63-8c68-195a3f051baa basecall_model_version_id=dna_r10.4.1_e8.2_400bps_hac@v4.3.0 rc
2624	20ac1d71-955a-446d-badb-81202ae730e0 runid=0dfb5b492dc86ce99bf7c61c734eb364afcdb5c8 ch=90 start_time=2025-09-25T17:53:31.398161+00:00 flow_cell_id=AWX817 basecall_gpu=NVIDIA_Tegra_X2 protocol_group_id=ONT_trialEb_250925 sample_id=ONT_trail_250925 barcode=barcode22 barcode_alias=barcode22 parent_read_id=20ac1d71-955a-446d-badb-81202ae730e0 basecall_model_version_id=dna_r10.4.1_e8.2_400bps_hac@v4.3.0
2624	8d7d024f-9bbf-4514-85e6-1d009de2477e runid=0dfb5b492dc86ce99bf7c61c734eb364afcdb5c8 ch=5 start_time=2025-09-25T23:03:49.398161+00:00 flow_cell_id=AWX817 basecall_gpu=NVIDIA_Tegra_X2 protocol_group_id=ONT_trialEb_250925 sample_id=ONT_trail_250925 barcode=barcode13 barcode_alias=barcode13 parent_read_id=8d7d024f-9bbf-4514-85e6-1d009de2477e basecall_model_version_id=dna_r10.4.1_e8.2_400bps_hac@v4.3.0
2624	148a5d28-f0b8-4d2c-b1c6-bb9adae288c5 runid=0dfb5b492dc86ce99bf7c61c734eb364afcdb5c8 ch=44 start_time=2025-09-26T05:44:11.398161+00:00 flow_cell_id=AWX817 basecall_gpu=NVIDIA_Tegra_X2 protocol_group_id=ONT_trialEb_250925 sample_id=ONT_trail_250925 barcode=barcode14 barcode_alias=barcode14 parent_read_id=148a5d28-f0b8-4d2c-b1c6-bb9adae288c5 basecall_model_version_id=dna_r10.4.1_e8.2_400bps_hac@v4.3.0
2624	c309793b-89ab-4f3c-9a8c-55b3806a0ca1 runid=0dfb5b492dc86ce99bf7c61c734eb364afcdb5c8 ch=79 start_time=2025-09-26T00:55:39.398161+00:00 flow_cell_id=AWX817 basecall_gpu=NVIDIA_Tegra_X2 protocol_group_id=ONT_trialEb_250925 sample_id=ONT_trail_250925 barcode=barcode14 barcode_alias=barcode14 parent_read_id=c309793b-89ab-4f3c-9a8c-55b3806a0ca1 basecall_model_version_id=dna_r10.4.1_e8.2_400bps_hac@v4.3.0 rc
2624	80337039-b357-475b-a2eb-9951d0b5f7f8 runid=0dfb5b492dc86ce99bf7c61c734eb364afcdb5c8 ch=85 start_time=2025-09-25T22:34:25.398161+00:00 flow_cell_id=AWX817 basecall_gpu=NVIDIA_Tegra_X2 protocol_group_id=ONT_trialEb_250925 sample_id=ONT_trail_250925 barcode=barcode23 barcode_alias=barcode23 parent_read_id=80337039-b357-475b-a2eb-9951d0b5f7f8 basecall_model_version_id=dna_r10.4.1_e8.2_400bps_hac@v4.3.0
2624	6c3404c1-f17e-4e6e-81a5-63ac6b8b4040 runid=0dfb5b492dc86ce99bf7c61c734eb364afcdb5c8 ch=6 start_time=2025-09-25T18:06:14.398161+00:00 flow_cell_id=AWX817 basecall_gpu=NVIDIA_Tegra_X2 protocol_group_id=ONT_trialEb_250925 sample_id=ONT_trail_250925 barcode=barcode22 barcode_alias=barcode22 parent_read_id=62d52da3-bb13-4d6a-a849-193bc198e1ed basecall_model_version_id=dna_r10.4.1_e8.2_400bps_hac@v4.3.0 rc
2624	341c3b38-7d67-4165-ab7f-31a1b1c0da4b runid=0dfb5b492dc86ce99bf7c61c734eb364afcdb5c8 ch=79 start_time=2025-09-25T19:45:50.398161+00:00 flow_cell_id=AWX817 basecall_gpu=NVIDIA_Tegra_X2 protocol_group_id=ONT_trialEb_250925 sample_id=ONT_trail_250925 barcode=barcode24 barcode_alias=barcode24 parent_read_id=341c3b38-7d67-4165-ab7f-31a1b1c0da4b basecall_model_version_id=dna_r10.4.1_e8.2_400bps_hac@v4.3.0
2624	ee32f69b-e7cd-4702-8031-2df0e67fa4b4 runid=0dfb5b492dc86ce99bf7c61c734eb364afcdb5c8 ch=118 start_time=2025-09-25T23:40:52.398161+00:00 flow_cell_id=AWX817 basecall_gpu=NVIDIA_Tegra_X2 protocol_group_id=ONT_trialEb_250925 sample_id=ONT_trail_250925 barcode=barcode22 barcode_alias=barcode22 parent_read_id=ee32f69b-e7cd-4702-8031-2df0e67fa4b4 basecall_model_version_id=dna_r10.4.1_e8.2_400bps_hac@v4.3.0 rc
2624	232c9fd4-8678-4baa-b232-07eb921c8f90 runid=0dfb5b492dc86ce99bf7c61c734eb364afcdb5c8 ch=92 start_time=2025-09-25T21:20:41.398161+00:00 flow_cell_id=AWX817 basecall_gpu=NVIDIA_Tegra_X2 protocol_group_id=ONT_trialEb_250925 sample_id=ONT_trail_250925 barcode=barcode13 barcode_alias=barcode13 parent_read_id=232c9fd4-8678-4baa-b232-07eb921c8f90 basecall_model_version_id=dna_r10.4.1_e8.2_400bps_hac@v4.3.0 rc
2624	1a2f505a-a778-45eb-83f0-fabc8ce42fd4 runid=0dfb5b492dc86ce99bf7c61c734eb364afcdb5c8 ch=39 start_time=2025-09-25T19:21:13.398161+00:00 flow_cell_id=AWX817 basecall_gpu=NVIDIA_Tegra_X2 protocol_group_id=ONT_trialEb_250925 sample_id=ONT_trail_250925 barcode=barcode22 barcode_alias=barcode22 parent_read_id=1a2f505a-a778-45eb-83f0-fabc8ce42fd4 basecall_model_version_id=dna_r10.4.1_e8.2_400bps_hac@v4.3.0
2624	d35bb0ef-ef0d-4b6c-bcdb-0a653b3a698b runid=0dfb5b492dc86ce99bf7c61c734eb364afcdb5c8 ch=41 start_time=2025-09-26T01:34:57.398161+00:00 flow_cell_id=AWX817 basecall_gpu=NVIDIA_Tegra_X2 protocol_group_id=ONT_trialEb_250925 sample_id=ONT_trail_250925 barcode=barcode14 barcode_alias=barcode14 parent_read_id=d35bb0ef-ef0d-4b6c-bcdb-0a653b3a698b basecall_model_version_id=dna_r10.4.1_e8.2_400bps_hac@v4.3.0
2624	7bb38a7f-7bdc-4873-9d20-5d32a24f6c5e runid=0dfb5b492dc86ce99bf7c61c734eb364afcdb5c8 ch=85 start_time=2025-09-26T02:52:09.398161+00:00 flow_cell_id=AWX817 basecall_gpu=NVIDIA_Tegra_X2 protocol_group_id=ONT_trialEb_250925 sample_id=ONT_trail_250925 barcode=barcode22 barcode_alias=barcode22 parent_read_id=7bb38a7f-7bdc-4873-9d20-5d32a24f6c5e basecall_model_version_id=dna_r10.4.1_e8.2_400bps_hac@v4.3.0 rc
2624	2378c216-5556-44af-a58a-4024ff6890e5 runid=0dfb5b492dc86ce99bf7c61c734eb364afcdb5c8 ch=5 start_time=2025-09-25T17:20:55.398161+00:00 flow_cell_id=AWX817 basecall_gpu=NVIDIA_Tegra_X2 protocol_group_id=ONT_trialEb_250925 sample_id=ONT_trail_250925 barcode=barcode14 barcode_alias=barcode14 parent_read_id=2378c216-5556-44af-a58a-4024ff6890e5 basecall_model_version_id=dna_r10.4.1_e8.2_400bps_hac@v4.3.0 rc
2624	93579df3-f368-4bb5-aeba-72584888d28f runid=0dfb5b492dc86ce99bf7c61c734eb364afcdb5c8 ch=106 start_time=2025-09-25T18:59:39.398161+00:00 flow_cell_id=AWX817 basecall_gpu=NVIDIA_Tegra_X2 protocol_group_id=ONT_trialEb_250925 sample_id=ONT_trail_250925 barcode=barcode14 barcode_alias=barcode14 parent_read_id=93579df3-f368-4bb5-aeba-72584888d28f basecall_model_version_id=dna_r10.4.1_e8.2_400bps_hac@v4.3.0
2624	490bd108-432f-4ac9-a25d-892d3445b716 runid=0dfb5b492dc86ce99bf7c61c734eb364afcdb5c8 ch=49 start_time=2025-09-26T09:04:59.398161+00:00 flow_cell_id=AWX817 basecall_gpu=NVIDIA_Tegra_X2 protocol_group_id=ONT_trialEb_250925 sample_id=ONT_trail_250925 barcode=barcode14 barcode_alias=barcode14 parent_read_id=490bd108-432f-4ac9-a25d-892d3445b716 basecall_model_version_id=dna_r10.4.1_e8.2_400bps_hac@v4.3.0 rc
2624	746d1478-37b6-4d35-a601-4b0d2e8b87f6 runid=0dfb5b492dc86ce99bf7c61c734eb364afcdb5c8 ch=40 start_time=2025-09-25T16:57:29.398161+00:00 flow_cell_id=AWX817 basecall_gpu=NVIDIA_Tegra_X2 protocol_group_id=ONT_trialEb_250925 sample_id=ONT_trail_250925 barcode=barcode23 barcode_alias=barcode23 parent_read_id=746d1478-37b6-4d35-a601-4b0d2e8b87f6 basecall_model_version_id=dna_r10.4.1_e8.2_400bps_hac@v4.3.0
2624	1f862d6c-7986-468e-8257-72ce7bfd4f76 runid=0dfb5b492dc86ce99bf7c61c734eb364afcdb5c8 ch=85 start_time=2025-09-26T03:18:25.398161+00:00 flow_cell_id=AWX817 basecall_gpu=NVIDIA_Tegra_X2 protocol_group_id=ONT_trialEb_250925 sample_id=ONT_trail_250925 barcode=barcode13 barcode_alias=barcode13 parent_read_id=1f862d6c-7986-468e-8257-72ce7bfd4f76 basecall_model_version_id=dna_r10.4.1_e8.2_400bps_hac@v4.3.0 rc
2624	cc332167-69c2-414a-99ea-9bbc683de3e7 runid=0dfb5b492dc86ce99bf7c61c734eb364afcdb5c8 ch=73 start_time=2025-09-25T21:29:35.398161+00:00 flow_cell_id=AWX817 basecall_gpu=NVIDIA_Tegra_X2 protocol_group_id=ONT_trialEb_250925 sample_id=ONT_trail_250925 barcode=barcode13 barcode_alias=barcode13 parent_read_id=cc332167-69c2-414a-99ea-9bbc683de3e7 basecall_model_version_id=dna_r10.4.1_e8.2_400bps_hac@v4.3.0 rc
2624	bec03d48-7a5d-4ecf-ae5c-916a53511d04 runid=0dfb5b492dc86ce99bf7c61c734eb364afcdb5c8 ch=58 start_time=2025-09-25T19:10:12.398161+00:00 flow_cell_id=AWX817 basecall_gpu=NVIDIA_Tegra_X2 protocol_group_id=ONT_trialEb_250925 sample_id=ONT_trail_250925 barcode=barcode13 barcode_alias=barcode13 parent_read_id=bec03d48-7a5d-4ecf-ae5c-916a53511d04 basecall_model_version_id=dna_r10.4.1_e8.2_400bps_hac@v4.3.0
2624	23135152-ff96-407a-94c3-f5b889d87482 runid=0dfb5b492dc86ce99bf7c61c734eb364afcdb5c8 ch=73 start_time=2025-09-25T19:17:05.398161+00:00 flow_cell_id=AWX817 basecall_gpu=NVIDIA_Tegra_X2 protocol_group_id=ONT_trialEb_250925 sample_id=ONT_trail_250925 barcode=barcode22 barcode_alias=barcode22 parent_read_id=23135152-ff96-407a-94c3-f5b889d87482 basecall_model_version_id=dna_r10.4.1_e8.2_400bps_hac@v4.3.0
2624	ccf1a085-8da6-4323-92f6-a7074d3f86ba runid=0dfb5b492dc86ce99bf7c61c734eb364afcdb5c8 ch=39 start_time=2025-09-25T18:23:31.398161+00:00 flow_cell_id=AWX817 basecall_gpu=NVIDIA_Tegra_X2 protocol_group_id=ONT_trialEb_250925 sample_id=ONT_trail_250925 barcode=barcode23 barcode_alias=barcode23 parent_read_id=00d9ad8f-925c-4a0f-a659-7c8f88a220f5 basecall_model_version_id=dna_r10.4.1_e8.2_400bps_hac@v4.3.0 rc
2624	bc185271-3cb9-4fe9-bf59-9c0dc5ab9dfd runid=0dfb5b492dc86ce99bf7c61c734eb364afcdb5c8 ch=20 start_time=2025-09-25T22:15:58.398161+00:00 flow_cell_id=AWX817 basecall_gpu=NVIDIA_Tegra_X2 protocol_group_id=ONT_trialEb_250925 sample_id=ONT_trail_250925 barcode=barcode22 barcode_alias=barcode22 parent_read_id=bc185271-3cb9-4fe9-bf59-9c0dc5ab9dfd basecall_model_version_id=dna_r10.4.1_e8.2_400bps_hac@v4.3.0 rc
2624	a503dfa7-fc1e-4788-bc18-aa4d0d5d35f9 runid=0dfb5b492dc86ce99bf7c61c734eb364afcdb5c8 ch=77 start_time=2025-09-26T00:44:45.398161+00:00 flow_cell_id=AWX817 basecall_gpu=NVIDIA_Tegra_X2 protocol_group_id=ONT_trialEb_250925 sample_id=ONT_trail_250925 barcode=barcode14 barcode_alias=barcode14 parent_read_id=a503dfa7-fc1e-4788-bc18-aa4d0d5d35f9 basecall_model_version_id=dna_r10.4.1_e8.2_400bps_hac@v4.3.0 rc
2624	18176366-957b-4eb1-9726-3c269bc8d294 runid=0dfb5b492dc86ce99bf7c61c734eb364afcdb5c8 ch=79 start_time=2025-09-26T00:05:58.398161+00:00 flow_cell_id=AWX817 basecall_gpu=NVIDIA_Tegra_X2 protocol_group_id=ONT_trialEb_250925 sample_id=ONT_trail_250925 barcode=barcode23 barcode_alias=barcode23 parent_read_id=18176366-957b-4eb1-9726-3c269bc8d294 basecall_model_version_id=dna_r10.4.1_e8.2_400bps_hac@v4.3.0 rc
2624	3f763f7b-2683-4dda-b59a-868340259040 runid=0dfb5b492dc86ce99bf7c61c734eb364afcdb5c8 ch=10 start_time=2025-09-26T02:26:27.398161+00:00 flow_cell_id=AWX817 basecall_gpu=NVIDIA_Tegra_X2 protocol_group_id=ONT_trialEb_250925 sample_id=ONT_trail_250925 barcode=barcode14 barcode_alias=barcode14 parent_read_id=3f763f7b-2683-4dda-b59a-868340259040 basecall_model_version_id=dna_r10.4.1_e8.2_400bps_hac@v4.3.0 rc
2624	dadee2dd-fe77-4560-ac40-b310a02d212e runid=0dfb5b492dc86ce99bf7c61c734eb364afcdb5c8 ch=44 start_time=2025-09-26T05:17:53.398161+00:00 flow_cell_id=AWX817 basecall_gpu=NVIDIA_Tegra_X2 protocol_group_id=ONT_trialEb_250925 sample_id=ONT_trail_250925 barcode=barcode22 barcode_alias=barcode22 parent_read_id=dadee2dd-fe77-4560-ac40-b310a02d212e basecall_model_version_id=dna_r10.4.1_e8.2_400bps_hac@v4.3.0
2624	2f55cec3-f356-4553-b031-86c7eaf35285 runid=0dfb5b492dc86ce99bf7c61c734eb364afcdb5c8 ch=92 start_time=2025-09-25T22:49:09.398161+00:00 flow_cell_id=AWX817 basecall_gpu=NVIDIA_Tegra_X2 protocol_group_id=ONT_trialEb_250925 sample_id=ONT_trail_250925 barcode=barcode23 barcode_alias=barcode23 parent_read_id=2f55cec3-f356-4553-b031-86c7eaf35285 basecall_model_version_id=dna_r10.4.1_e8.2_400bps_hac@v4.3.0 rc
2624	c7fc6945-1d51-409b-a9f7-4884b9767993 runid=0dfb5b492dc86ce99bf7c61c734eb364afcdb5c8 ch=85 start_time=2025-09-26T05:39:11.398161+00:00 flow_cell_id=AWX817 basecall_gpu=NVIDIA_Tegra_X2 protocol_group_id=ONT_trialEb_250925 sample_id=ONT_trail_250925 barcode=barcode24 barcode_alias=barcode24 parent_read_id=c7fc6945-1d51-409b-a9f7-4884b9767993 basecall_model_version_id=dna_r10.4.1_e8.2_400bps_hac@v4.3.0
2624	ac5132c5-6388-4a9c-b807-6e8aa4f4a4f5 runid=0dfb5b492dc86ce99bf7c61c734eb364afcdb5c8 ch=85 start_time=2025-09-25T20:59:27.398161+00:00 flow_cell_id=AWX817 basecall_gpu=NVIDIA_Tegra_X2 protocol_group_id=ONT_trialEb_250925 sample_id=ONT_trail_250925 barcode=barcode13 barcode_alias=barcode13 parent_read_id=ac5132c5-6388-4a9c-b807-6e8aa4f4a4f5 basecall_model_version_id=dna_r10.4.1_e8.2_400bps_hac@v4.3.0
2624	2381796b-375f-46df-b096-5b155eb7f8b2 runid=0dfb5b492dc86ce99bf7c61c734eb364afcdb5c8 ch=77 start_time=2025-09-25T21:46:47.398161+00:00 flow_cell_id=AWX817 basecall_gpu=NVIDIA_Tegra_X2 protocol_group_id=ONT_trialEb_250925 sample_id=ONT_trail_250925 barcode=barcode13 barcode_alias=barcode13 parent_read_id=2381796b-375f-46df-b096-5b155eb7f8b2 basecall_model_version_id=dna_r10.4.1_e8.2_400bps_hac@v4.3.0 rc
2624	15d101e6-ef18-4ffa-a433-8ad1ea6f7adc runid=0dfb5b492dc86ce99bf7c61c734eb364afcdb5c8 ch=58 start_time=2025-09-25T21:47:43.398161+00:00 flow_cell_id=AWX817 basecall_gpu=NVIDIA_Tegra_X2 protocol_group_id=ONT_trialEb_250925 sample_id=ONT_trail_250925 barcode=barcode15 barcode_alias=barcode15 parent_read_id=15d101e6-ef18-4ffa-a433-8ad1ea6f7adc basecall_model_version_id=dna_r10.4.1_e8.2_400bps_hac@v4.3.0 rc
2624	21bfd70d-27b3-4535-bf2d-68ce9295b99a runid=0dfb5b492dc86ce99bf7c61c734eb364afcdb5c8 ch=67 start_time=2025-09-25T23:47:58.398161+00:00 flow_cell_id=AWX817 basecall_gpu=NVIDIA_Tegra_X2 protocol_group_id=ONT_trialEb_250925 sample_id=ONT_trail_250925 barcode=barcode22 barcode_alias=barcode22 parent_read_id=21bfd70d-27b3-4535-bf2d-68ce9295b99a basecall_model_version_id=dna_r10.4.1_e8.2_400bps_hac@v4.3.0 rc
2624	594259a3-27d2-417b-9d8c-a455abd3b40b runid=0dfb5b492dc86ce99bf7c61c734eb364afcdb5c8 ch=118 start_time=2025-09-26T01:04:19.398161+00:00 flow_cell_id=AWX817 basecall_gpu=NVIDIA_Tegra_X2 protocol_group_id=ONT_trialEb_250925 sample_id=ONT_trail_250925 barcode=barcode13 barcode_alias=barcode13 parent_read_id=594259a3-27d2-417b-9d8c-a455abd3b40b basecall_model_version_id=dna_r10.4.1_e8.2_400bps_hac@v4.3.0 rc
2624	9b2663f1-a824-4ee6-977d-41ce1bdcb3c2 runid=0dfb5b492dc86ce99bf7c61c734eb364afcdb5c8 ch=77 start_time=2025-09-25T22:31:42.398161+00:00 flow_cell_id=AWX817 basecall_gpu=NVIDIA_Tegra_X2 protocol_group_id=ONT_trialEb_250925 sample_id=ONT_trail_250925 barcode=barcode24 barcode_alias=barcode24 parent_read_id=9b2663f1-a824-4ee6-977d-41ce1bdcb3c2 basecall_model_version_id=dna_r10.4.1_e8.2_400bps_hac@v4.3.0 rc
2624	e2ee6dd2-8072-4a37-b988-8896d8a3bba3 runid=0dfb5b492dc86ce99bf7c61c734eb364afcdb5c8 ch=41 start_time=2025-09-25T21:41:00.398161+00:00 flow_cell_id=AWX817 basecall_gpu=NVIDIA_Tegra_X2 protocol_group_id=ONT_trialEb_250925 sample_id=ONT_trail_250925 barcode=barcode22 barcode_alias=barcode22 parent_read_id=e2ee6dd2-8072-4a37-b988-8896d8a3bba3 basecall_model_version_id=dna_r10.4.1_e8.2_400bps_hac@v4.3.0
2624	1bd95d31-9864-4717-ab79-4f5264a6359e runid=0dfb5b492dc86ce99bf7c61c734eb364afcdb5c8 ch=43 start_time=2025-09-25T16:40:37.398161+00:00 flow_cell_id=AWX817 basecall_gpu=NVIDIA_Tegra_X2 protocol_group_id=ONT_trialEb_250925 sample_id=ONT_trail_250925 barcode=barcode22 barcode_alias=barcode22 parent_read_id=1bd95d31-9864-4717-ab79-4f5264a6359e basecall_model_version_id=dna_r10.4.1_e8.2_400bps_hac@v4.3.0
2624	9a833dcb-e5e1-4047-b346-841aa7450a1a runid=0dfb5b492dc86ce99bf7c61c734eb364afcdb5c8 ch=23 start_time=2025-09-25T19:07:59.398161+00:00 flow_cell_id=AWX817 basecall_gpu=NVIDIA_Tegra_X2 protocol_group_id=ONT_trialEb_250925 sample_id=ONT_trail_250925 barcode=barcode13 barcode_alias=barcode13 parent_read_id=9a833dcb-e5e1-4047-b346-841aa7450a1a basecall_model_version_id=dna_r10.4.1_e8.2_400bps_hac@v4.3.0 rc
2624	ba902a86-86e4-4a10-9987-4e0700937115 runid=0dfb5b492dc86ce99bf7c61c734eb364afcdb5c8 ch=41 start_time=2025-09-25T22:45:51.398161+00:00 flow_cell_id=AWX817 basecall_gpu=NVIDIA_Tegra_X2 protocol_group_id=ONT_trialEb_250925 sample_id=ONT_trail_250925 barcode=barcode13 barcode_alias=barcode13 parent_read_id=ba902a86-86e4-4a10-9987-4e0700937115 basecall_model_version_id=dna_r10.4.1_e8.2_400bps_hac@v4.3.0 rc
2624	09804c3d-00d4-4f0d-a8f8-c1a88e460c79 runid=0dfb5b492dc86ce99bf7c61c734eb364afcdb5c8 ch=81 start_time=2025-09-26T03:43:01.398161+00:00 flow_cell_id=AWX817 basecall_gpu=NVIDIA_Tegra_X2 protocol_group_id=ONT_trialEb_250925 sample_id=ONT_trail_250925 barcode=barcode13 barcode_alias=barcode13 parent_read_id=09804c3d-00d4-4f0d-a8f8-c1a88e460c79 basecall_model_version_id=dna_r10.4.1_e8.2_400bps_hac@v4.3.0 rc
2624	6c0f47ec-1eed-4921-bfab-cb67dd1b9d95 runid=0dfb5b492dc86ce99bf7c61c734eb364afcdb5c8 ch=43 start_time=2025-09-25T16:53:31.398161+00:00 flow_cell_id=AWX817 basecall_gpu=NVIDIA_Tegra_X2 protocol_group_id=ONT_trialEb_250925 sample_id=ONT_trail_250925 barcode=barcode23 barcode_alias=barcode23 parent_read_id=6c0f47ec-1eed-4921-bfab-cb67dd1b9d95 basecall_model_version_id=dna_r10.4.1_e8.2_400bps_hac@v4.3.0 rc
2624	e0df4d58-c1ee-4c3c-8d15-64c761e3beb5 runid=0dfb5b492dc86ce99bf7c61c734eb364afcdb5c8 ch=49 start_time=2025-09-26T10:38:06.398161+00:00 flow_cell_id=AWX817 basecall_gpu=NVIDIA_Tegra_X2 protocol_group_id=ONT_trialEb_250925 sample_id=ONT_trail_250925 barcode=barcode22 barcode_alias=barcode22 parent_read_id=e0df4d58-c1ee-4c3c-8d15-64c761e3beb5 basecall_model_version_id=dna_r10.4.1_e8.2_400bps_hac@v4.3.0 rc
2624	cbf657eb-8f55-41f3-9266-fb42b9d91037 runid=0dfb5b492dc86ce99bf7c61c734eb364afcdb5c8 ch=44 start_time=2025-09-25T22:49:09.398161+00:00 flow_cell_id=AWX817 basecall_gpu=NVIDIA_Tegra_X2 protocol_group_id=ONT_trialEb_250925 sample_id=ONT_trail_250925 barcode=barcode13 barcode_alias=barcode13 parent_read_id=cbf657eb-8f55-41f3-9266-fb42b9d91037 basecall_model_version_id=dna_r10.4.1_e8.2_400bps_hac@v4.3.0
2624	d82ce31a-8eda-4dc9-b078-329129472c7d runid=0dfb5b492dc86ce99bf7c61c734eb364afcdb5c8 ch=41 start_time=2025-09-25T16:16:13.398161+00:00 flow_cell_id=AWX817 basecall_gpu=NVIDIA_Tegra_X2 protocol_group_id=ONT_trialEb_250925 sample_id=ONT_trail_250925 barcode=barcode23 barcode_alias=barcode23 parent_read_id=d82ce31a-8eda-4dc9-b078-329129472c7d basecall_model_version_id=dna_r10.4.1_e8.2_400bps_hac@v4.3.0 rc
2624	72a922c9-161d-4846-bb31-8e9dc33db429 runid=0dfb5b492dc86ce99bf7c61c734eb364afcdb5c8 ch=77 start_time=2025-09-26T01:03:11.398161+00:00 flow_cell_id=AWX817 basecall_gpu=NVIDIA_Tegra_X2 protocol_group_id=ONT_trialEb_250925 sample_id=ONT_trail_250925 barcode=barcode13 barcode_alias=barcode13 parent_read_id=72a922c9-161d-4846-bb31-8e9dc33db429 basecall_model_version_id=dna_r10.4.1_e8.2_400bps_hac@v4.3.0
2624	086f7962-dbf2-4074-b38a-c4972078740d runid=0dfb5b492dc86ce99bf7c61c734eb364afcdb5c8 ch=55 start_time=2025-09-25T17:44:10.398161+00:00 flow_cell_id=AWX817 basecall_gpu=NVIDIA_Tegra_X2 protocol_group_id=ONT_trialEb_250925 sample_id=ONT_trail_250925 barcode=barcode23 barcode_alias=barcode23 parent_read_id=086f7962-dbf2-4074-b38a-c4972078740d basecall_model_version_id=dna_r10.4.1_e8.2_400bps_hac@v4.3.0
2624	c6c4cdb3-4d41-4c3a-a806-02ca3589234b runid=0dfb5b492dc86ce99bf7c61c734eb364afcdb5c8 ch=85 start_time=2025-09-26T02:42:30.398161+00:00 flow_cell_id=AWX817 basecall_gpu=NVIDIA_Tegra_X2 protocol_group_id=ONT_trialEb_250925 sample_id=ONT_trail_250925 barcode=barcode23 barcode_alias=barcode23 parent_read_id=c6c4cdb3-4d41-4c3a-a806-02ca3589234b basecall_model_version_id=dna_r10.4.1_e8.2_400bps_hac@v4.3.0 rc
2624	3dcbe1c2-941c-48a5-b660-6ce91e3a45b3 runid=0dfb5b492dc86ce99bf7c61c734eb364afcdb5c8 ch=118 start_time=2025-09-25T19:43:50.398161+00:00 flow_cell_id=AWX817 basecall_gpu=NVIDIA_Tegra_X2 protocol_group_id=ONT_trialEb_250925 sample_id=ONT_trail_250925 barcode=barcode13 barcode_alias=barcode13 parent_read_id=3dcbe1c2-941c-48a5-b660-6ce91e3a45b3 basecall_model_version_id=dna_r10.4.1_e8.2_400bps_hac@v4.3.0
2624	ea90e9e0-b943-4623-a28d-07e2959c9de9 runid=0dfb5b492dc86ce99bf7c61c734eb364afcdb5c8 ch=85 start_time=2025-09-25T18:27:41.398161+00:00 flow_cell_id=AWX817 basecall_gpu=NVIDIA_Tegra_X2 protocol_group_id=ONT_trialEb_250925 sample_id=ONT_trail_250925 barcode=barcode22 barcode_alias=barcode22 parent_read_id=ea90e9e0-b943-4623-a28d-07e2959c9de9 basecall_model_version_id=dna_r10.4.1_e8.2_400bps_hac@v4.3.0 rc
2624	0dfd2c6a-f4a0-4e23-92ff-3be9873f642f runid=0dfb5b492dc86ce99bf7c61c734eb364afcdb5c8 ch=92 start_time=2025-09-25T19:50:19.398161+00:00 flow_cell_id=AWX817 basecall_gpu=NVIDIA_Tegra_X2 protocol_group_id=ONT_trialEb_250925 sample_id=ONT_trail_250925 barcode=barcode13 barcode_alias=barcode13 parent_read_id=0dfd2c6a-f4a0-4e23-92ff-3be9873f642f basecall_model_version_id=dna_r10.4.1_e8.2_400bps_hac@v4.3.0
2624	8723fd68-36a3-4064-8176-cba4f6b2a2d8 runid=0dfb5b492dc86ce99bf7c61c734eb364afcdb5c8 ch=55 start_time=2025-09-25T17:37:17.398161+00:00 flow_cell_id=AWX817 basecall_gpu=NVIDIA_Tegra_X2 protocol_group_id=ONT_trialEb_250925 sample_id=ONT_trail_250925 barcode=barcode15 barcode_alias=barcode15 parent_read_id=8723fd68-36a3-4064-8176-cba4f6b2a2d8 basecall_model_version_id=dna_r10.4.1_e8.2_400bps_hac@v4.3.0
2624	da400845-1d54-4a0d-825e-5270f3fd22b6 runid=0dfb5b492dc86ce99bf7c61c734eb364afcdb5c8 ch=39 start_time=2025-09-26T11:46:39.398161+00:00 flow_cell_id=AWX817 basecall_gpu=NVIDIA_Tegra_X2 protocol_group_id=ONT_trialEb_250925 sample_id=ONT_trail_250925 barcode=barcode14 barcode_alias=barcode14 parent_read_id=da400845-1d54-4a0d-825e-5270f3fd22b6 basecall_model_version_id=dna_r10.4.1_e8.2_400bps_hac@v4.3.0 rc
2624	b8ce0e08-9040-4830-be64-70abce544e7e runid=0dfb5b492dc86ce99bf7c61c734eb364afcdb5c8 ch=85 start_time=2025-09-26T03:07:48.398161+00:00 flow_cell_id=AWX817 basecall_gpu=NVIDIA_Tegra_X2 protocol_group_id=ONT_trialEb_250925 sample_id=ONT_trail_250925 barcode=barcode13 barcode_alias=barcode13 parent_read_id=b8ce0e08-9040-4830-be64-70abce544e7e basecall_model_version_id=dna_r10.4.1_e8.2_400bps_hac@v4.3.0 rc
2624	f0e5af4b-3a9f-4156-ba51-0ba069bd0e17 runid=0dfb5b492dc86ce99bf7c61c734eb364afcdb5c8 ch=20 start_time=2025-09-26T03:22:59.398161+00:00 flow_cell_id=AWX817 basecall_gpu=NVIDIA_Tegra_X2 protocol_group_id=ONT_trialEb_250925 sample_id=ONT_trail_250925 barcode=barcode13 barcode_alias=barcode13 parent_read_id=f0e5af4b-3a9f-4156-ba51-0ba069bd0e17 basecall_model_version_id=dna_r10.4.1_e8.2_400bps_hac@v4.3.0 rc
2624	36404f1a-99c1-4ea1-9cd4-f877d5acd741 runid=0dfb5b492dc86ce99bf7c61c734eb364afcdb5c8 ch=55 start_time=2025-09-25T15:53:23.398161+00:00 flow_cell_id=AWX817 basecall_gpu=NVIDIA_Tegra_X2 protocol_group_id=ONT_trialEb_250925 sample_id=ONT_trail_250925 barcode=barcode22 barcode_alias=barcode22 parent_read_id=36404f1a-99c1-4ea1-9cd4-f877d5acd741 basecall_model_version_id=dna_r10.4.1_e8.2_400bps_hac@v4.3.0 rc
2624	a8640a9b-8be4-47bc-b736-286f8462e34a runid=0dfb5b492dc86ce99bf7c61c734eb364afcdb5c8 ch=23 start_time=2025-09-25T19:59:16.398161+00:00 flow_cell_id=AWX817 basecall_gpu=NVIDIA_Tegra_X2 protocol_group_id=ONT_trialEb_250925 sample_id=ONT_trail_250925 barcode=barcode22 barcode_alias=barcode22 parent_read_id=c2448e50-a435-4e21-b383-0814d7d674a4 basecall_model_version_id=dna_r10.4.1_e8.2_400bps_hac@v4.3.0 rc
2624	26c37aec-3ebe-4158-b68b-c2d5cdf9884d runid=0dfb5b492dc86ce99bf7c61c734eb364afcdb5c8 ch=6 start_time=2025-09-25T17:56:54.398161+00:00 flow_cell_id=AWX817 basecall_gpu=NVIDIA_Tegra_X2 protocol_group_id=ONT_trialEb_250925 sample_id=ONT_trail_250925 barcode=barcode13 barcode_alias=barcode13 parent_read_id=26c37aec-3ebe-4158-b68b-c2d5cdf9884d basecall_model_version_id=dna_r10.4.1_e8.2_400bps_hac@v4.3.0 rc
2624	0612c1cb-bb72-4c3a-9c9c-6e590677eb90 runid=0dfb5b492dc86ce99bf7c61c734eb364afcdb5c8 ch=90 start_time=2025-09-25T20:07:33.398161+00:00 flow_cell_id=AWX817 basecall_gpu=NVIDIA_Tegra_X2 protocol_group_id=ONT_trialEb_250925 sample_id=ONT_trail_250925 barcode=barcode15 barcode_alias=barcode15 parent_read_id=0612c1cb-bb72-4c3a-9c9c-6e590677eb90 basecall_model_version_id=dna_r10.4.1_e8.2_400bps_hac@v4.3.0 rc
2624	9cb1ee5a-ecb6-452f-9607-9181fd299d5b runid=0dfb5b492dc86ce99bf7c61c734eb364afcdb5c8 ch=67 start_time=2025-09-26T08:29:54.398161+00:00 flow_cell_id=AWX817 basecall_gpu=NVIDIA_Tegra_X2 protocol_group_id=ONT_trialEb_250925 sample_id=ONT_trail_250925 barcode=barcode22 barcode_alias=barcode22 parent_read_id=9cb1ee5a-ecb6-452f-9607-9181fd299d5b basecall_model_version_id=dna_r10.4.1_e8.2_400bps_hac@v4.3.0 rc
2624	e883429d-d94f-4b34-b404-04a3adf5ba4a runid=0dfb5b492dc86ce99bf7c61c734eb364afcdb5c8 ch=55 start_time=2025-09-25T17:36:25.398161+00:00 flow_cell_id=AWX817 basecall_gpu=NVIDIA_Tegra_X2 protocol_group_id=ONT_trialEb_250925 sample_id=ONT_trail_250925 barcode=barcode23 barcode_alias=barcode23 parent_read_id=e883429d-d94f-4b34-b404-04a3adf5ba4a basecall_model_version_id=dna_r10.4.1_e8.2_400bps_hac@v4.3.0
2624	8257da6a-e423-4561-960b-4073c9efa8b6 runid=0dfb5b492dc86ce99bf7c61c734eb364afcdb5c8 ch=20 start_time=2025-09-25T23:45:57.398161+00:00 flow_cell_id=AWX817 basecall_gpu=NVIDIA_Tegra_X2 protocol_group_id=ONT_trialEb_250925 sample_id=ONT_trail_250925 barcode=barcode24 barcode_alias=barcode24 parent_read_id=8257da6a-e423-4561-960b-4073c9efa8b6 basecall_model_version_id=dna_r10.4.1_e8.2_400bps_hac@v4.3.0
2624	4e4dae7c-5676-479c-831a-2fb2a252a4a0 runid=0dfb5b492dc86ce99bf7c61c734eb364afcdb5c8 ch=4 start_time=2025-09-26T05:39:44.398161+00:00 flow_cell_id=AWX817 basecall_gpu=NVIDIA_Tegra_X2 protocol_group_id=ONT_trialEb_250925 sample_id=ONT_trail_250925 barcode=barcode22 barcode_alias=barcode22 parent_read_id=4e4dae7c-5676-479c-831a-2fb2a252a4a0 basecall_model_version_id=dna_r10.4.1_e8.2_400bps_hac@v4.3.0 rc
2624	0bcddc08-fba4-4d08-ac72-558f567c2ae3 runid=0dfb5b492dc86ce99bf7c61c734eb364afcdb5c8 ch=20 start_time=2025-09-26T10:42:09.398161+00:00 flow_cell_id=AWX817 basecall_gpu=NVIDIA_Tegra_X2 protocol_group_id=ONT_trialEb_250925 sample_id=ONT_trail_250925 barcode=barcode14 barcode_alias=barcode14 parent_read_id=0bcddc08-fba4-4d08-ac72-558f567c2ae3 basecall_model_version_id=dna_r10.4.1_e8.2_400bps_hac@v4.3.0
2624	8d373cf2-6651-4cc6-bfb3-adc9bb387701 runid=0dfb5b492dc86ce99bf7c61c734eb364afcdb5c8 ch=20 start_time=2025-09-25T23:37:20.398161+00:00 flow_cell_id=AWX817 basecall_gpu=NVIDIA_Tegra_X2 protocol_group_id=ONT_trialEb_250925 sample_id=ONT_trail_250925 barcode=barcode22 barcode_alias=barcode22 parent_read_id=8d373cf2-6651-4cc6-bfb3-adc9bb387701 basecall_model_version_id=dna_r10.4.1_e8.2_400bps_hac@v4.3.0 rc
2624	2a891c64-5f9b-446f-932e-176dfa884f26 runid=0dfb5b492dc86ce99bf7c61c734eb364afcdb5c8 ch=58 start_time=2025-09-25T20:50:59.398161+00:00 flow_cell_id=AWX817 basecall_gpu=NVIDIA_Tegra_X2 protocol_group_id=ONT_trialEb_250925 sample_id=ONT_trail_250925 barcode=barcode13 barcode_alias=barcode13 parent_read_id=2a891c64-5f9b-446f-932e-176dfa884f26 basecall_model_version_id=dna_r10.4.1_e8.2_400bps_hac@v4.3.0
2	df97e721-5e28-45fb-9fe1-ed9fa144fd68 runid=0dfb5b492dc86ce99bf7c61c734eb364afcdb5c8 ch=58 start_time=2025-09-25T18:08:27.398161+00:00 flow_cell_id=AWX817 basecall_gpu=NVIDIA_Tegra_X2 protocol_group_id=ONT_trialEb_250925 sample_id=ONT_trail_250925 barcode=barcode14 barcode_alias=barcode14 parent_read_id=df97e721-5e28-45fb-9fe1-ed9fa144fd68 basecall_model_version_id=dna_r10.4.1_e8.2_400bps_hac@v4.3.0 rc
2	1d6a51b6-a43b-479d-b834-eed29bdaeb2a runid=0dfb5b492dc86ce99bf7c61c734eb364afcdb5c8 ch=79 start_time=2025-09-25T21:52:24.398161+00:00 flow_cell_id=AWX817 basecall_gpu=NVIDIA_Tegra_X2 protocol_group_id=ONT_trialEb_250925 sample_id=ONT_trail_250925 barcode=barcode23 barcode_alias=barcode23 parent_read_id=1d6a51b6-a43b-479d-b834-eed29bdaeb2a basecall_model_version_id=dna_r10.4.1_e8.2_400bps_hac@v4.3.0
2	0e7a600f-9356-441c-ad5c-4bff9f19bf7b runid=0dfb5b492dc86ce99bf7c61c734eb364afcdb5c8 ch=15 start_time=2025-09-25T18:00:57.398161+00:00 flow_cell_id=AWX817 basecall_gpu=NVIDIA_Tegra_X2 protocol_group_id=ONT_trialEb_250925 sample_id=ONT_trail_250925 barcode=barcode23 barcode_alias=barcode23 parent_read_id=0e7a600f-9356-441c-ad5c-4bff9f19bf7b basecall_model_version_id=dna_r10.4.1_e8.2_400bps_hac@v4.3.0 rc
2	045634b7-fbcd-40c8-ba2c-6cb402572d14 runid=0dfb5b492dc86ce99bf7c61c734eb364afcdb5c8 ch=56 start_time=2025-09-25T17:12:17.398161+00:00 flow_cell_id=AWX817 basecall_gpu=NVIDIA_Tegra_X2 protocol_group_id=ONT_trialEb_250925 sample_id=ONT_trail_250925 barcode=barcode13 barcode_alias=barcode13 parent_read_id=045634b7-fbcd-40c8-ba2c-6cb402572d14 basecall_model_version_id=dna_r10.4.1_e8.2_400bps_hac@v4.3.0
2	3390a345-a9ec-4975-9ee5-34750af2b747 runid=0dfb5b492dc86ce99bf7c61c734eb364afcdb5c8 ch=93 start_time=2025-09-25T17:00:38.398161+00:00 flow_cell_id=AWX817 basecall_gpu=NVIDIA_Tegra_X2 protocol_group_id=ONT_trialEb_250925 sample_id=ONT_trail_250925 barcode=barcode14 barcode_alias=barcode14 parent_read_id=410cd47d-266f-4186-bb17-5d380252110f basecall_model_version_id=dna_r10.4.1_e8.2_400bps_hac@v4.3.0 rc
2	aa0bca74-9839-4aee-8827-85c5dce88ebe runid=0dfb5b492dc86ce99bf7c61c734eb364afcdb5c8 ch=108 start_time=2025-09-25T16:18:17.398161+00:00 flow_cell_id=AWX817 basecall_gpu=NVIDIA_Tegra_X2 protocol_group_id=ONT_trialEb_250925 sample_id=ONT_trail_250925 barcode=barcode14 barcode_alias=barcode14 parent_read_id=aa0bca74-9839-4aee-8827-85c5dce88ebe basecall_model_version_id=dna_r10.4.1_e8.2_400bps_hac@v4.3.0
2	5f546647-5eaa-41f3-bb24-029e286e3c00 runid=0dfb5b492dc86ce99bf7c61c734eb364afcdb5c8 ch=110 start_time=2025-09-25T17:47:28.398161+00:00 flow_cell_id=AWX817 basecall_gpu=NVIDIA_Tegra_X2 protocol_group_id=ONT_trialEb_250925 sample_id=ONT_trail_250925 barcode=barcode13 barcode_alias=barcode13 parent_read_id=5f546647-5eaa-41f3-bb24-029e286e3c00 basecall_model_version_id=dna_r10.4.1_e8.2_400bps_hac@v4.3.0
2	55a82e47-2b91-496b-839d-fc40982ce893 runid=0dfb5b492dc86ce99bf7c61c734eb364afcdb5c8 ch=80 start_time=2025-09-25T19:45:49.398161+00:00 flow_cell_id=AWX817 basecall_gpu=NVIDIA_Tegra_X2 protocol_group_id=ONT_trialEb_250925 sample_id=ONT_trail_250925 barcode=barcode22 barcode_alias=barcode22 parent_read_id=55a82e47-2b91-496b-839d-fc40982ce893 basecall_model_version_id=dna_r10.4.1_e8.2_400bps_hac@v4.3.0 rc
2	773d8487-7bd0-49b7-acc3-ebff9a5133b7 runid=0dfb5b492dc86ce99bf7c61c734eb364afcdb5c8 ch=110 start_time=2025-09-25T17:24:48.398161+00:00 flow_cell_id=AWX817 basecall_gpu=NVIDIA_Tegra_X2 protocol_group_id=ONT_trialEb_250925 sample_id=ONT_trail_250925 barcode=barcode14 barcode_alias=barcode14 parent_read_id=773d8487-7bd0-49b7-acc3-ebff9a5133b7 basecall_model_version_id=dna_r10.4.1_e8.2_400bps_hac@v4.3.0 rc
2	30e3f93e-9a3d-4c78-9a8c-30ea8b3ae70b runid=0dfb5b492dc86ce99bf7c61c734eb364afcdb5c8 ch=49 start_time=2025-09-25T18:38:18.398161+00:00 flow_cell_id=AWX817 basecall_gpu=NVIDIA_Tegra_X2 protocol_group_id=ONT_trialEb_250925 sample_id=ONT_trail_250925 barcode=barcode13 barcode_alias=barcode13 parent_read_id=30e3f93e-9a3d-4c78-9a8c-30ea8b3ae70b basecall_model_version_id=dna_r10.4.1_e8.2_400bps_hac@v4.3.0 rc
2	3a21b912-5873-4152-bb43-2dfbdc9d5243 runid=0dfb5b492dc86ce99bf7c61c734eb364afcdb5c8 ch=41 start_time=2025-09-25T22:54:08.398161+00:00 flow_cell_id=AWX817 basecall_gpu=NVIDIA_Tegra_X2 protocol_group_id=ONT_trialEb_250925 sample_id=ONT_trail_250925 barcode=barcode23 barcode_alias=barcode23 parent_read_id=3a21b912-5873-4152-bb43-2dfbdc9d5243 basecall_model_version_id=dna_r10.4.1_e8.2_400bps_hac@v4.3.0
2	977d5a23-2986-48fd-b495-6b7204e8fdcd runid=0dfb5b492dc86ce99bf7c61c734eb364afcdb5c8 ch=58 start_time=2025-09-25T17:26:24.398161+00:00 flow_cell_id=AWX817 basecall_gpu=NVIDIA_Tegra_X2 protocol_group_id=ONT_trialEb_250925 sample_id=ONT_trail_250925 barcode=barcode22 barcode_alias=barcode22 parent_read_id=977d5a23-2986-48fd-b495-6b7204e8fdcd basecall_model_version_id=dna_r10.4.1_e8.2_400bps_hac@v4.3.0 rc
2	b8c71f87-fe47-45a9-9738-f79bb5e47bad runid=0dfb5b492dc86ce99bf7c61c734eb364afcdb5c8 ch=44 start_time=2025-09-26T04:20:14.398161+00:00 flow_cell_id=AWX817 basecall_gpu=NVIDIA_Tegra_X2 protocol_group_id=ONT_trialEb_250925 sample_id=ONT_trail_250925 barcode=barcode24 barcode_alias=barcode24 parent_read_id=b8c71f87-fe47-45a9-9738-f79bb5e47bad basecall_model_version_id=dna_r10.4.1_e8.2_400bps_hac@v4.3.0
2	1c3e8c9d-0637-4541-9763-0693a1b0efb9 runid=0dfb5b492dc86ce99bf7c61c734eb364afcdb5c8 ch=49 start_time=2025-09-25T17:19:12.398161+00:00 flow_cell_id=AWX817 basecall_gpu=NVIDIA_Tegra_X2 protocol_group_id=ONT_trialEb_250925 sample_id=ONT_trail_250925 barcode=barcode13 barcode_alias=barcode13 parent_read_id=1c3e8c9d-0637-4541-9763-0693a1b0efb9 basecall_model_version_id=dna_r10.4.1_e8.2_400bps_hac@v4.3.0 rc
2	a3561eee-2593-46fb-aa2a-b0c001dde77d runid=0dfb5b492dc86ce99bf7c61c734eb364afcdb5c8 ch=4 start_time=2025-09-26T05:53:13.398161+00:00 flow_cell_id=AWX817 basecall_gpu=NVIDIA_Tegra_X2 protocol_group_id=ONT_trialEb_250925 sample_id=ONT_trail_250925 barcode=barcode22 barcode_alias=barcode22 parent_read_id=a3561eee-2593-46fb-aa2a-b0c001dde77d basecall_model_version_id=dna_r10.4.1_e8.2_400bps_hac@v4.3.0 rc
2	2af9daa5-84f8-456f-80fb-960dae378742 runid=0dfb5b492dc86ce99bf7c61c734eb364afcdb5c8 ch=44 start_time=2025-09-26T04:37:48.398161+00:00 flow_cell_id=AWX817 basecall_gpu=NVIDIA_Tegra_X2 protocol_group_id=ONT_trialEb_250925 sample_id=ONT_trail_250925 barcode=barcode22 barcode_alias=barcode22 parent_read_id=2af9daa5-84f8-456f-80fb-960dae378742 basecall_model_version_id=dna_r10.4.1_e8.2_400bps_hac@v4.3.0 rc
2	add99fac-9d1d-4a4c-bbeb-30141fa6ec4b runid=0dfb5b492dc86ce99bf7c61c734eb364afcdb5c8 ch=58 start_time=2025-09-25T17:40:34.398161+00:00 flow_cell_id=AWX817 basecall_gpu=NVIDIA_Tegra_X2 protocol_group_id=ONT_trialEb_250925 sample_id=ONT_trail_250925 barcode=barcode13 barcode_alias=barcode13 parent_read_id=add99fac-9d1d-4a4c-bbeb-30141fa6ec4b basecall_model_version_id=dna_r10.4.1_e8.2_400bps_hac@v4.3.0 rc
2	526d554a-57cf-4c5c-af65-fbd84e24598d runid=0dfb5b492dc86ce99bf7c61c734eb364afcdb5c8 ch=108 start_time=2025-09-25T17:22:31.398161+00:00 flow_cell_id=AWX817 basecall_gpu=NVIDIA_Tegra_X2 protocol_group_id=ONT_trialEb_250925 sample_id=ONT_trail_250925 barcode=barcode14 barcode_alias=barcode14 parent_read_id=526d554a-57cf-4c5c-af65-fbd84e24598d basecall_model_version_id=dna_r10.4.1_e8.2_400bps_hac@v4.3.0
2	e26ac09e-124b-4949-b7dc-ea746d1adb32 runid=0dfb5b492dc86ce99bf7c61c734eb364afcdb5c8 ch=44 start_time=2025-09-26T03:33:38.398161+00:00 flow_cell_id=AWX817 basecall_gpu=NVIDIA_Tegra_X2 protocol_group_id=ONT_trialEb_250925 sample_id=ONT_trail_250925 barcode=barcode14 barcode_alias=barcode14 parent_read_id=e26ac09e-124b-4949-b7dc-ea746d1adb32 basecall_model_version_id=dna_r10.4.1_e8.2_400bps_hac@v4.3.0 rc
2	aec69bd8-781d-4dcf-abd3-157e35089396 runid=0dfb5b492dc86ce99bf7c61c734eb364afcdb5c8 ch=4 start_time=2025-09-26T00:37:15.398161+00:00 flow_cell_id=AWX817 basecall_gpu=NVIDIA_Tegra_X2 protocol_group_id=ONT_trialEb_250925 sample_id=ONT_trail_250925 barcode=barcode22 barcode_alias=barcode22 parent_read_id=aec69bd8-781d-4dcf-abd3-157e35089396 basecall_model_version_id=dna_r10.4.1_e8.2_400bps_hac@v4.3.0 rc
2	b51dedff-fc13-4439-b1e9-2c6422d4d82f runid=0dfb5b492dc86ce99bf7c61c734eb364afcdb5c8 ch=23 start_time=2025-09-25T18:13:54.398161+00:00 flow_cell_id=AWX817 basecall_gpu=NVIDIA_Tegra_X2 protocol_group_id=ONT_trialEb_250925 sample_id=ONT_trail_250925 barcode=barcode14 barcode_alias=barcode14 parent_read_id=c8bfa29b-0cb3-46d6-bf85-dc0604ee208b basecall_model_version_id=dna_r10.4.1_e8.2_400bps_hac@v4.3.0
2	f6bed25d-dde7-435b-923c-8ffdb860bcbb runid=0dfb5b492dc86ce99bf7c61c734eb364afcdb5c8 ch=4 start_time=2025-09-25T15:49:52.398161+00:00 flow_cell_id=AWX817 basecall_gpu=NVIDIA_Tegra_X2 protocol_group_id=ONT_trialEb_250925 sample_id=ONT_trail_250925 barcode=barcode14 barcode_alias=barcode14 parent_read_id=f6bed25d-dde7-435b-923c-8ffdb860bcbb basecall_model_version_id=dna_r10.4.1_e8.2_400bps_hac@v4.3.0 rc
2	821686db-824d-403f-ab42-2145d5cf6d38 runid=0dfb5b492dc86ce99bf7c61c734eb364afcdb5c8 ch=44 start_time=2025-09-26T02:47:32.398161+00:00 flow_cell_id=AWX817 basecall_gpu=NVIDIA_Tegra_X2 protocol_group_id=ONT_trialEb_250925 sample_id=ONT_trail_250925 barcode=barcode23 barcode_alias=barcode23 parent_read_id=821686db-824d-403f-ab42-2145d5cf6d38 basecall_model_version_id=dna_r10.4.1_e8.2_400bps_hac@v4.3.0
2	c02d400f-e35f-41f2-bcae-f59c42bec217 runid=0dfb5b492dc86ce99bf7c61c734eb364afcdb5c8 ch=58 start_time=2025-09-25T22:41:23.398161+00:00 flow_cell_id=AWX817 basecall_gpu=NVIDIA_Tegra_X2 protocol_group_id=ONT_trialEb_250925 sample_id=ONT_trail_250925 barcode=barcode22 barcode_alias=barcode22 parent_read_id=c02d400f-e35f-41f2-bcae-f59c42bec217 basecall_model_version_id=dna_r10.4.1_e8.2_400bps_hac@v4.3.0
2	f7b2291e-cd62-4086-8443-097c5bd94ad6 runid=0dfb5b492dc86ce99bf7c61c734eb364afcdb5c8 ch=15 start_time=2025-09-25T19:23:29.398161+00:00 flow_cell_id=AWX817 basecall_gpu=NVIDIA_Tegra_X2 protocol_group_id=ONT_trialEb_250925 sample_id=ONT_trail_250925 barcode=barcode14 barcode_alias=barcode14 parent_read_id=f7b2291e-cd62-4086-8443-097c5bd94ad6 basecall_model_version_id=dna_r10.4.1_e8.2_400bps_hac@v4.3.0
2	0f6ddad6-1e3b-44c3-9637-807ae1eb2695 runid=0dfb5b492dc86ce99bf7c61c734eb364afcdb5c8 ch=43 start_time=2025-09-25T20:14:56.398161+00:00 flow_cell_id=AWX817 basecall_gpu=NVIDIA_Tegra_X2 protocol_group_id=ONT_trialEb_250925 sample_id=ONT_trail_250925 barcode=barcode22 barcode_alias=barcode22 parent_read_id=0f6ddad6-1e3b-44c3-9637-807ae1eb2695 basecall_model_version_id=dna_r10.4.1_e8.2_400bps_hac@v4.3.0 rc
2	4f88b6ea-1435-4de1-863b-1835c3bad910 runid=0dfb5b492dc86ce99bf7c61c734eb364afcdb5c8 ch=44 start_time=2025-09-25T22:13:00.398161+00:00 flow_cell_id=AWX817 basecall_gpu=NVIDIA_Tegra_X2 protocol_group_id=ONT_trialEb_250925 sample_id=ONT_trail_250925 barcode=barcode15 barcode_alias=barcode15 parent_read_id=4f88b6ea-1435-4de1-863b-1835c3bad910 basecall_model_version_id=dna_r10.4.1_e8.2_400bps_hac@v4.3.0 rc
2	d0523e13-a86a-4ab5-aec2-1311ea4d09e1 runid=0dfb5b492dc86ce99bf7c61c734eb364afcdb5c8 ch=57 start_time=2025-09-25T17:58:10.398161+00:00 flow_cell_id=AWX817 basecall_gpu=NVIDIA_Tegra_X2 protocol_group_id=ONT_trialEb_250925 sample_id=ONT_trail_250925 barcode=barcode22 barcode_alias=barcode22 parent_read_id=d0523e13-a86a-4ab5-aec2-1311ea4d09e1 basecall_model_version_id=dna_r10.4.1_e8.2_400bps_hac@v4.3.0 rc
2	a61b46b6-4373-4f23-96c7-c96667be8667 runid=0dfb5b492dc86ce99bf7c61c734eb364afcdb5c8 ch=40 start_time=2025-09-25T19:23:03.398161+00:00 flow_cell_id=AWX817 basecall_gpu=NVIDIA_Tegra_X2 protocol_group_id=ONT_trialEb_250925 sample_id=ONT_trail_250925 barcode=barcode24 barcode_alias=barcode24 parent_read_id=a61b46b6-4373-4f23-96c7-c96667be8667 basecall_model_version_id=dna_r10.4.1_e8.2_400bps_hac@v4.3.0 rc
2	ee5df121-cdb3-4ee8-b654-080987f472aa runid=0dfb5b492dc86ce99bf7c61c734eb364afcdb5c8 ch=44 start_time=2025-09-25T23:23:20.398161+00:00 flow_cell_id=AWX817 basecall_gpu=NVIDIA_Tegra_X2 protocol_group_id=ONT_trialEb_250925 sample_id=ONT_trail_250925 barcode=barcode13 barcode_alias=barcode13 parent_read_id=ee5df121-cdb3-4ee8-b654-080987f472aa basecall_model_version_id=dna_r10.4.1_e8.2_400bps_hac@v4.3.0
2	97afc67f-791e-4330-a698-3598b6113218 runid=0dfb5b492dc86ce99bf7c61c734eb364afcdb5c8 ch=39 start_time=2025-09-25T18:29:14.398161+00:00 flow_cell_id=AWX817 basecall_gpu=NVIDIA_Tegra_X2 protocol_group_id=ONT_trialEb_250925 sample_id=ONT_trail_250925 barcode=barcode22 barcode_alias=barcode22 parent_read_id=97afc67f-791e-4330-a698-3598b6113218 basecall_model_version_id=dna_r10.4.1_e8.2_400bps_hac@v4.3.0 rc
2	95c8ff94-c194-46ef-9115-d015affe2f4b runid=0dfb5b492dc86ce99bf7c61c734eb364afcdb5c8 ch=56 start_time=2025-09-25T18:35:52.398161+00:00 flow_cell_id=AWX817 basecall_gpu=NVIDIA_Tegra_X2 protocol_group_id=ONT_trialEb_250925 sample_id=ONT_trail_250925 barcode=barcode24 barcode_alias=barcode24 parent_read_id=95c8ff94-c194-46ef-9115-d015affe2f4b basecall_model_version_id=dna_r10.4.1_e8.2_400bps_hac@v4.3.0
2	38972b3c-5e64-48b2-bfcf-41fa4992fcce runid=0dfb5b492dc86ce99bf7c61c734eb364afcdb5c8 ch=108 start_time=2025-09-25T17:04:30.398161+00:00 flow_cell_id=AWX817 basecall_gpu=NVIDIA_Tegra_X2 protocol_group_id=ONT_trialEb_250925 sample_id=ONT_trail_250925 barcode=barcode13 barcode_alias=barcode13 parent_read_id=38972b3c-5e64-48b2-bfcf-41fa4992fcce basecall_model_version_id=dna_r10.4.1_e8.2_400bps_hac@v4.3.0 rc
2	f723fb45-b8fa-4ab2-90bf-c901e4b973f4 runid=0dfb5b492dc86ce99bf7c61c734eb364afcdb5c8 ch=4 start_time=2025-09-25T18:28:20.398161+00:00 flow_cell_id=AWX817 basecall_gpu=NVIDIA_Tegra_X2 protocol_group_id=ONT_trialEb_250925 sample_id=ONT_trail_250925 barcode=barcode24 barcode_alias=barcode24 parent_read_id=013bfbb7-6e14-4285-9741-d85c10168cf2 basecall_model_version_id=dna_r10.4.1_e8.2_400bps_hac@v4.3.0 rc
2	5f07d67e-ef29-4d1f-ae83-06f793f3c371 runid=0dfb5b492dc86ce99bf7c61c734eb364afcdb5c8 ch=44 start_time=2025-09-26T00:24:19.398161+00:00 flow_cell_id=AWX817 basecall_gpu=NVIDIA_Tegra_X2 protocol_group_id=ONT_trialEb_250925 sample_id=ONT_trail_250925 barcode=barcode14 barcode_alias=barcode14 parent_read_id=5f07d67e-ef29-4d1f-ae83-06f793f3c371 basecall_model_version_id=dna_r10.4.1_e8.2_400bps_hac@v4.3.0 rc
2	8841dca2-213f-4275-b32a-4cea3a7792ee runid=0dfb5b492dc86ce99bf7c61c734eb364afcdb5c8 ch=44 start_time=2025-09-25T21:20:34.398161+00:00 flow_cell_id=AWX817 basecall_gpu=NVIDIA_Tegra_X2 protocol_group_id=ONT_trialEb_250925 sample_id=ONT_trail_250925 barcode=barcode14 barcode_alias=barcode14 parent_read_id=8841dca2-213f-4275-b32a-4cea3a7792ee basecall_model_version_id=dna_r10.4.1_e8.2_400bps_hac@v4.3.0 rc
2	50c32372-4d66-478d-a8a1-77f41f74c4de runid=0dfb5b492dc86ce99bf7c61c734eb364afcdb5c8 ch=44 start_time=2025-09-26T01:15:42.398161+00:00 flow_cell_id=AWX817 basecall_gpu=NVIDIA_Tegra_X2 protocol_group_id=ONT_trialEb_250925 sample_id=ONT_trail_250925 barcode=barcode22 barcode_alias=barcode22 parent_read_id=50c32372-4d66-478d-a8a1-77f41f74c4de basecall_model_version_id=dna_r10.4.1_e8.2_400bps_hac@v4.3.0 rc
2	25c1b57f-0076-4ea8-aaf9-d8de75623aab runid=0dfb5b492dc86ce99bf7c61c734eb364afcdb5c8 ch=44 start_time=2025-09-25T23:08:42.398161+00:00 flow_cell_id=AWX817 basecall_gpu=NVIDIA_Tegra_X2 protocol_group_id=ONT_trialEb_250925 sample_id=ONT_trail_250925 barcode=barcode23 barcode_alias=barcode23 parent_read_id=25c1b57f-0076-4ea8-aaf9-d8de75623aab basecall_model_version_id=dna_r10.4.1_e8.2_400bps_hac@v4.3.0
2	60a6138a-b6d2-48f5-b9fd-7b03a0fcccb7 runid=0dfb5b492dc86ce99bf7c61c734eb364afcdb5c8 ch=113 start_time=2025-09-25T16:40:24.398161+00:00 flow_cell_id=AWX817 basecall_gpu=NVIDIA_Tegra_X2 protocol_group_id=ONT_trialEb_250925 sample_id=ONT_trail_250925 barcode=barcode23 barcode_alias=barcode23 parent_read_id=60a6138a-b6d2-48f5-b9fd-7b03a0fcccb7 basecall_model_version_id=dna_r10.4.1_e8.2_400bps_hac@v4.3.0
2	a6deac0e-0c44-4c8c-978d-cd9bf5d35487 runid=0dfb5b492dc86ce99bf7c61c734eb364afcdb5c8 ch=20 start_time=2025-09-25T22:49:13.398161+00:00 flow_cell_id=AWX817 basecall_gpu=NVIDIA_Tegra_X2 protocol_group_id=ONT_trialEb_250925 sample_id=ONT_trail_250925 barcode=barcode22 barcode_alias=barcode22 parent_read_id=a6deac0e-0c44-4c8c-978d-cd9bf5d35487 basecall_model_version_id=dna_r10.4.1_e8.2_400bps_hac@v4.3.0
2	4a72bc4c-e74f-4694-be52-46a9b736f7dd runid=0dfb5b492dc86ce99bf7c61c734eb364afcdb5c8 ch=20 start_time=2025-09-26T04:59:59.398161+00:00 flow_cell_id=AWX817 basecall_gpu=NVIDIA_Tegra_X2 protocol_group_id=ONT_trialEb_250925 sample_id=ONT_trail_250925 barcode=barcode14 barcode_alias=barcode14 parent_read_id=4a72bc4c-e74f-4694-be52-46a9b736f7dd basecall_model_version_id=dna_r10.4.1_e8.2_400bps_hac@v4.3.0
2	3cf238fd-98d5-430b-b24e-cbe6f18a08f9 runid=0dfb5b492dc86ce99bf7c61c734eb364afcdb5c8 ch=58 start_time=2025-09-25T17:40:30.398161+00:00 flow_cell_id=AWX817 basecall_gpu=NVIDIA_Tegra_X2 protocol_group_id=ONT_trialEb_250925 sample_id=ONT_trail_250925 barcode=barcode15 barcode_alias=barcode15 parent_read_id=3cf238fd-98d5-430b-b24e-cbe6f18a08f9 basecall_model_version_id=dna_r10.4.1_e8.2_400bps_hac@v4.3.0
2	aee98b35-1366-4b77-bb86-0d527e71c3c4 runid=0dfb5b492dc86ce99bf7c61c734eb364afcdb5c8 ch=43 start_time=2025-09-25T15:46:18.398161+00:00 flow_cell_id=AWX817 basecall_gpu=NVIDIA_Tegra_X2 protocol_group_id=ONT_trialEb_250925 sample_id=ONT_trail_250925 barcode=barcode22 barcode_alias=barcode22 parent_read_id=aee98b35-1366-4b77-bb86-0d527e71c3c4 basecall_model_version_id=dna_r10.4.1_e8.2_400bps_hac@v4.3.0 rc
2	67939d62-da16-4238-b9c6-52099c161090 runid=0dfb5b492dc86ce99bf7c61c734eb364afcdb5c8 ch=56 start_time=2025-09-25T17:41:23.398161+00:00 flow_cell_id=AWX817 basecall_gpu=NVIDIA_Tegra_X2 protocol_group_id=ONT_trialEb_250925 sample_id=ONT_trail_250925 barcode=barcode14 barcode_alias=barcode14 parent_read_id=67939d62-da16-4238-b9c6-52099c161090 basecall_model_version_id=dna_r10.4.1_e8.2_400bps_hac@v4.3.0 rc
2	507ce120-f050-44d8-a101-996d585d0c4f runid=0dfb5b492dc86ce99bf7c61c734eb364afcdb5c8 ch=110 start_time=2025-09-25T19:01:02.398161+00:00 flow_cell_id=AWX817 basecall_gpu=NVIDIA_Tegra_X2 protocol_group_id=ONT_trialEb_250925 sample_id=ONT_trail_250925 barcode=barcode14 barcode_alias=barcode14 parent_read_id=507ce120-f050-44d8-a101-996d585d0c4f basecall_model_version_id=dna_r10.4.1_e8.2_400bps_hac@v4.3.0 rc
2	a50d8567-db54-4719-8997-00b0f073b582 runid=0dfb5b492dc86ce99bf7c61c734eb364afcdb5c8 ch=4 start_time=2025-09-25T20:41:49.398161+00:00 flow_cell_id=AWX817 basecall_gpu=NVIDIA_Tegra_X2 protocol_group_id=ONT_trialEb_250925 sample_id=ONT_trail_250925 barcode=barcode14 barcode_alias=barcode14 parent_read_id=a50d8567-db54-4719-8997-00b0f073b582 basecall_model_version_id=dna_r10.4.1_e8.2_400bps_hac@v4.3.0
2	10c01e15-736b-4d74-9480-58fa88f01789 runid=0dfb5b492dc86ce99bf7c61c734eb364afcdb5c8 ch=20 start_time=2025-09-25T19:05:15.398161+00:00 flow_cell_id=AWX817 basecall_gpu=NVIDIA_Tegra_X2 protocol_group_id=ONT_trialEb_250925 sample_id=ONT_trail_250925 barcode=barcode24 barcode_alias=barcode24 parent_read_id=10c01e15-736b-4d74-9480-58fa88f01789 basecall_model_version_id=dna_r10.4.1_e8.2_400bps_hac@v4.3.0 rc
2	f8e2ac3b-0522-4c44-bcad-fa972f5bb74f runid=0dfb5b492dc86ce99bf7c61c734eb364afcdb5c8 ch=110 start_time=2025-09-25T22:11:39.398161+00:00 flow_cell_id=AWX817 basecall_gpu=NVIDIA_Tegra_X2 protocol_group_id=ONT_trialEb_250925 sample_id=ONT_trail_250925 barcode=barcode14 barcode_alias=barcode14 parent_read_id=f8e2ac3b-0522-4c44-bcad-fa972f5bb74f basecall_model_version_id=dna_r10.4.1_e8.2_400bps_hac@v4.3.0
2	bdc1a457-b7bd-49b5-872f-63b64980a01d runid=0dfb5b492dc86ce99bf7c61c734eb364afcdb5c8 ch=15 start_time=2025-09-25T19:34:51.398161+00:00 flow_cell_id=AWX817 basecall_gpu=NVIDIA_Tegra_X2 protocol_group_id=ONT_trialEb_250925 sample_id=ONT_trail_250925 barcode=barcode22 barcode_alias=barcode22 parent_read_id=37c33007-54c6-4654-b704-d5e54260382d basecall_model_version_id=dna_r10.4.1_e8.2_400bps_hac@v4.3.0 rc
2	35b62193-05d6-4f13-a109-32c88482f768 runid=0dfb5b492dc86ce99bf7c61c734eb364afcdb5c8 ch=58 start_time=2025-09-25T17:48:49.398161+00:00 flow_cell_id=AWX817 basecall_gpu=NVIDIA_Tegra_X2 protocol_group_id=ONT_trialEb_250925 sample_id=ONT_trail_250925 barcode=barcode14 barcode_alias=barcode14 parent_read_id=35b62193-05d6-4f13-a109-32c88482f768 basecall_model_version_id=dna_r10.4.1_e8.2_400bps_hac@v4.3.0 rc
2	d5f4e0c2-63aa-491b-a5ba-66cb38586e16 runid=0dfb5b492dc86ce99bf7c61c734eb364afcdb5c8 ch=40 start_time=2025-09-25T17:31:23.398161+00:00 flow_cell_id=AWX817 basecall_gpu=NVIDIA_Tegra_X2 protocol_group_id=ONT_trialEb_250925 sample_id=ONT_trail_250925 barcode=barcode14 barcode_alias=barcode14 parent_read_id=d5f4e0c2-63aa-491b-a5ba-66cb38586e16 basecall_model_version_id=dna_r10.4.1_e8.2_400bps_hac@v4.3.0
2	70da3924-839a-42d1-9a28-d5b78bd02866 runid=0dfb5b492dc86ce99bf7c61c734eb364afcdb5c8 ch=44 start_time=2025-09-25T18:18:52.398161+00:00 flow_cell_id=AWX817 basecall_gpu=NVIDIA_Tegra_X2 protocol_group_id=ONT_trialEb_250925 sample_id=ONT_trail_250925 barcode=barcode13 barcode_alias=barcode13 parent_read_id=70da3924-839a-42d1-9a28-d5b78bd02866 basecall_model_version_id=dna_r10.4.1_e8.2_400bps_hac@v4.3.0 rc
2	ae1e3c28-2be3-47aa-980e-63f5c8add48c runid=0dfb5b492dc86ce99bf7c61c734eb364afcdb5c8 ch=57 start_time=2025-09-25T15:52:59.398161+00:00 flow_cell_id=AWX817 basecall_gpu=NVIDIA_Tegra_X2 protocol_group_id=ONT_trialEb_250925 sample_id=ONT_trail_250925 barcode=barcode22 barcode_alias=barcode22 parent_read_id=ae1e3c28-2be3-47aa-980e-63f5c8add48c basecall_model_version_id=dna_r10.4.1_e8.2_400bps_hac@v4.3.0
2	7cbbd9f1-61af-4d65-8f79-24cc87110095 runid=0dfb5b492dc86ce99bf7c61c734eb364afcdb5c8 ch=44 start_time=2025-09-25T22:10:39.398161+00:00 flow_cell_id=AWX817 basecall_gpu=NVIDIA_Tegra_X2 protocol_group_id=ONT_trialEb_250925 sample_id=ONT_trail_250925 barcode=barcode24 barcode_alias=barcode24 parent_read_id=7cbbd9f1-61af-4d65-8f79-24cc87110095 basecall_model_version_id=dna_r10.4.1_e8.2_400bps_hac@v4.3.0
2	6f9eb47d-8795-42ab-b667-745c2bae71cf runid=0dfb5b492dc86ce99bf7c61c734eb364afcdb5c8 ch=39 start_time=2025-09-25T17:20:04.398161+00:00 flow_cell_id=AWX817 basecall_gpu=NVIDIA_Tegra_X2 protocol_group_id=ONT_trialEb_250925 sample_id=ONT_trail_250925 barcode=barcode14 barcode_alias=barcode14 parent_read_id=6f9eb47d-8795-42ab-b667-745c2bae71cf basecall_model_version_id=dna_r10.4.1_e8.2_400bps_hac@v4.3.0
2	acd722b0-e957-4d3d-bad7-3d932d871b55 runid=0dfb5b492dc86ce99bf7c61c734eb364afcdb5c8 ch=4 start_time=2025-09-25T19:56:30.398161+00:00 flow_cell_id=AWX817 basecall_gpu=NVIDIA_Tegra_X2 protocol_group_id=ONT_trialEb_250925 sample_id=ONT_trail_250925 barcode=barcode13 barcode_alias=barcode13 parent_read_id=07d67bc8-c314-4fcc-ab5e-9c4534f40c09 basecall_model_version_id=dna_r10.4.1_e8.2_400bps_hac@v4.3.0
2	551d17a9-8058-4c37-b695-2c24a650f290 runid=0dfb5b492dc86ce99bf7c61c734eb364afcdb5c8 ch=110 start_time=2025-09-25T20:16:08.398161+00:00 flow_cell_id=AWX817 basecall_gpu=NVIDIA_Tegra_X2 protocol_group_id=ONT_trialEb_250925 sample_id=ONT_trail_250925 barcode=barcode22 barcode_alias=barcode22 parent_read_id=551d17a9-8058-4c37-b695-2c24a650f290 basecall_model_version_id=dna_r10.4.1_e8.2_400bps_hac@v4.3.0 rc
2	c1fe3b51-f778-41c3-a3cc-80a428980f44 runid=0dfb5b492dc86ce99bf7c61c734eb364afcdb5c8 ch=113 start_time=2025-09-25T15:58:35.398161+00:00 flow_cell_id=AWX817 basecall_gpu=NVIDIA_Tegra_X2 protocol_group_id=ONT_trialEb_250925 sample_id=ONT_trail_250925 barcode=barcode13 barcode_alias=barcode13 parent_read_id=c1fe3b51-f778-41c3-a3cc-80a428980f44 basecall_model_version_id=dna_r10.4.1_e8.2_400bps_hac@v4.3.0
2	20821d9f-c5af-4df4-a8ba-1d8b2abe1a99 runid=0dfb5b492dc86ce99bf7c61c734eb364afcdb5c8 ch=108 start_time=2025-09-25T15:55:11.398161+00:00 flow_cell_id=AWX817 basecall_gpu=NVIDIA_Tegra_X2 protocol_group_id=ONT_trialEb_250925 sample_id=ONT_trail_250925 barcode=barcode13 barcode_alias=barcode13 parent_read_id=20821d9f-c5af-4df4-a8ba-1d8b2abe1a99 basecall_model_version_id=dna_r10.4.1_e8.2_400bps_hac@v4.3.0
2	311f568c-8f6c-4e68-aa4f-042d4ee02949 runid=0dfb5b492dc86ce99bf7c61c734eb364afcdb5c8 ch=15 start_time=2025-09-25T18:30:53.398161+00:00 flow_cell_id=AWX817 basecall_gpu=NVIDIA_Tegra_X2 protocol_group_id=ONT_trialEb_250925 sample_id=ONT_trail_250925 barcode=barcode24 barcode_alias=barcode24 parent_read_id=311f568c-8f6c-4e68-aa4f-042d4ee02949 basecall_model_version_id=dna_r10.4.1_e8.2_400bps_hac@v4.3.0
2	fd624078-24c3-4f14-aa8a-4bc0b8880628 runid=0dfb5b492dc86ce99bf7c61c734eb364afcdb5c8 ch=44 start_time=2025-09-25T21:16:31.398161+00:00 flow_cell_id=AWX817 basecall_gpu=NVIDIA_Tegra_X2 protocol_group_id=ONT_trialEb_250925 sample_id=ONT_trail_250925 barcode=barcode22 barcode_alias=barcode22 parent_read_id=fd624078-24c3-4f14-aa8a-4bc0b8880628 basecall_model_version_id=dna_r10.4.1_e8.2_400bps_hac@v4.3.0 rc
2	25a077f0-5b41-46eb-9caf-24164274d2a6 runid=0dfb5b492dc86ce99bf7c61c734eb364afcdb5c8 ch=4 start_time=2025-09-25T20:15:46.398161+00:00 flow_cell_id=AWX817 basecall_gpu=NVIDIA_Tegra_X2 protocol_group_id=ONT_trialEb_250925 sample_id=ONT_trail_250925 barcode=barcode13 barcode_alias=barcode13 parent_read_id=25a077f0-5b41-46eb-9caf-24164274d2a6 basecall_model_version_id=dna_r10.4.1_e8.2_400bps_hac@v4.3.0 rc
2	2204625c-9b70-4e18-9738-c114bcf8f8ef runid=0dfb5b492dc86ce99bf7c61c734eb364afcdb5c8 ch=58 start_time=2025-09-25T17:55:37.398161+00:00 flow_cell_id=AWX817 basecall_gpu=NVIDIA_Tegra_X2 protocol_group_id=ONT_trialEb_250925 sample_id=ONT_trail_250925 barcode=barcode13 barcode_alias=barcode13 parent_read_id=18ad1941-9ddc-459d-b20c-6c897d21423d basecall_model_version_id=dna_r10.4.1_e8.2_400bps_hac@v4.3.0
2	996ba2a6-7221-43cf-a93e-de636fd8b06b runid=0dfb5b492dc86ce99bf7c61c734eb364afcdb5c8 ch=44 start_time=2025-09-26T04:57:53.398161+00:00 flow_cell_id=AWX817 basecall_gpu=NVIDIA_Tegra_X2 protocol_group_id=ONT_trialEb_250925 sample_id=ONT_trail_250925 barcode=barcode13 barcode_alias=barcode13 parent_read_id=996ba2a6-7221-43cf-a93e-de636fd8b06b basecall_model_version_id=dna_r10.4.1_e8.2_400bps_hac@v4.3.0 rc
2	d1fafb89-8d40-4706-bfe5-e14b93fde218 runid=0dfb5b492dc86ce99bf7c61c734eb364afcdb5c8 ch=44 start_time=2025-09-25T18:31:10.398161+00:00 flow_cell_id=AWX817 basecall_gpu=NVIDIA_Tegra_X2 protocol_group_id=ONT_trialEb_250925 sample_id=ONT_trail_250925 barcode=barcode14 barcode_alias=barcode14 parent_read_id=d1fafb89-8d40-4706-bfe5-e14b93fde218 basecall_model_version_id=dna_r10.4.1_e8.2_400bps_hac@v4.3.0
2	a83c3456-2171-43aa-afae-00efa9639963 runid=0dfb5b492dc86ce99bf7c61c734eb364afcdb5c8 ch=110 start_time=2025-09-25T19:56:50.398161+00:00 flow_cell_id=AWX817 basecall_gpu=NVIDIA_Tegra_X2 protocol_group_id=ONT_trialEb_250925 sample_id=ONT_trail_250925 barcode=barcode14 barcode_alias=barcode14 parent_read_id=a83c3456-2171-43aa-afae-00efa9639963 basecall_model_version_id=dna_r10.4.1_e8.2_400bps_hac@v4.3.0
2	0d72fa92-97d8-46f9-bbd1-8b7f8a4b7742 runid=0dfb5b492dc86ce99bf7c61c734eb364afcdb5c8 ch=93 start_time=2025-09-25T15:49:02.398161+00:00 flow_cell_id=AWX817 basecall_gpu=NVIDIA_Tegra_X2 protocol_group_id=ONT_trialEb_250925 sample_id=ONT_trail_250925 barcode=barcode22 barcode_alias=barcode22 parent_read_id=0d72fa92-97d8-46f9-bbd1-8b7f8a4b7742 basecall_model_version_id=dna_r10.4.1_e8.2_400bps_hac@v4.3.0 rc
2	8180b564-c14b-4e7c-a12a-22caad623074 runid=0dfb5b492dc86ce99bf7c61c734eb364afcdb5c8 ch=4 start_time=2025-09-25T21:14:21.398161+00:00 flow_cell_id=AWX817 basecall_gpu=NVIDIA_Tegra_X2 protocol_group_id=ONT_trialEb_250925 sample_id=ONT_trail_250925 barcode=barcode22 barcode_alias=barcode22 parent_read_id=8180b564-c14b-4e7c-a12a-22caad623074 basecall_model_version_id=dna_r10.4.1_e8.2_400bps_hac@v4.3.0
2	521647b7-deeb-401d-bb3d-88e96e043024 runid=0dfb5b492dc86ce99bf7c61c734eb364afcdb5c8 ch=23 start_time=2025-09-25T17:45:15.398161+00:00 flow_cell_id=AWX817 basecall_gpu=NVIDIA_Tegra_X2 protocol_group_id=ONT_trialEb_250925 sample_id=ONT_trail_250925 barcode=barcode13 barcode_alias=barcode13 parent_read_id=521647b7-deeb-401d-bb3d-88e96e043024 basecall_model_version_id=dna_r10.4.1_e8.2_400bps_hac@v4.3.0 rc
2	c7144b1f-41b5-44b2-a9e8-2addaace134c runid=0dfb5b492dc86ce99bf7c61c734eb364afcdb5c8 ch=41 start_time=2025-09-25T20:47:13.398161+00:00 flow_cell_id=AWX817 basecall_gpu=NVIDIA_Tegra_X2 protocol_group_id=ONT_trialEb_250925 sample_id=ONT_trail_250925 barcode=barcode22 barcode_alias=barcode22 parent_read_id=a61611bd-ffe0-4d36-a62c-bf46def9f011 basecall_model_version_id=dna_r10.4.1_e8.2_400bps_hac@v4.3.0 rc
2	0eb5121e-d556-4cd7-a04b-e2bea4161165 runid=0dfb5b492dc86ce99bf7c61c734eb364afcdb5c8 ch=15 start_time=2025-09-25T19:12:12.398161+00:00 flow_cell_id=AWX817 basecall_gpu=NVIDIA_Tegra_X2 protocol_group_id=ONT_trialEb_250925 sample_id=ONT_trail_250925 barcode=barcode22 barcode_alias=barcode22 parent_read_id=0eb5121e-d556-4cd7-a04b-e2bea4161165 basecall_model_version_id=dna_r10.4.1_e8.2_400bps_hac@v4.3.0
2	582d5ecc-5c2a-40e2-988c-d8a176a4983c runid=0dfb5b492dc86ce99bf7c61c734eb364afcdb5c8 ch=49 start_time=2025-09-25T19:04:07.398161+00:00 flow_cell_id=AWX817 basecall_gpu=NVIDIA_Tegra_X2 protocol_group_id=ONT_trialEb_250925 sample_id=ONT_trail_250925 barcode=barcode22 barcode_alias=barcode22 parent_read_id=582d5ecc-5c2a-40e2-988c-d8a176a4983c basecall_model_version_id=dna_r10.4.1_e8.2_400bps_hac@v4.3.0
2	b3b4b8c8-ff85-41fc-b3b0-7cda8b4e1e5c runid=0dfb5b492dc86ce99bf7c61c734eb364afcdb5c8 ch=44 start_time=2025-09-25T16:17:13.398161+00:00 flow_cell_id=AWX817 basecall_gpu=NVIDIA_Tegra_X2 protocol_group_id=ONT_trialEb_250925 sample_id=ONT_trail_250925 barcode=barcode22 barcode_alias=barcode22 parent_read_id=b3b4b8c8-ff85-41fc-b3b0-7cda8b4e1e5c basecall_model_version_id=dna_r10.4.1_e8.2_400bps_hac@v4.3.0 rc
2	6f4451c0-1d2a-4f34-8c20-7a69f64f54a2 runid=0dfb5b492dc86ce99bf7c61c734eb364afcdb5c8 ch=58 start_time=2025-09-25T17:39:40.398161+00:00 flow_cell_id=AWX817 basecall_gpu=NVIDIA_Tegra_X2 protocol_group_id=ONT_trialEb_250925 sample_id=ONT_trail_250925 barcode=barcode24 barcode_alias=barcode24 parent_read_id=35428dbe-c141-41e1-b76d-a4a430668888 basecall_model_version_id=dna_r10.4.1_e8.2_400bps_hac@v4.3.0
2	e4a19b49-8a34-4a2c-a235-f79c8ac86da1 runid=0dfb5b492dc86ce99bf7c61c734eb364afcdb5c8 ch=58 start_time=2025-09-25T22:35:11.398161+00:00 flow_cell_id=AWX817 basecall_gpu=NVIDIA_Tegra_X2 protocol_group_id=ONT_trialEb_250925 sample_id=ONT_trail_250925 barcode=barcode14 barcode_alias=barcode14 parent_read_id=e4a19b49-8a34-4a2c-a235-f79c8ac86da1 basecall_model_version_id=dna_r10.4.1_e8.2_400bps_hac@v4.3.0
2	e4a19b49-8a34-4a2c-a235-f79c8ac86da1 runid=0dfb5b492dc86ce99bf7c61c734eb364afcdb5c8 ch=58 start_time=2025-09-25T22:35:11.398161+00:00 flow_cell_id=AWX817 basecall_gpu=NVIDIA_Tegra_X2 protocol_group_id=ONT_trialEb_250925 sample_id=ONT_trail_250925 barcode=barcode14 barcode_alias=barcode14 parent_read_id=e4a19b49-8a34-4a2c-a235-f79c8ac86da1 basecall_model_version_id=dna_r10.4.1_e8.2_400bps_hac@v4.3.0
2	da2a7884-979f-4004-8331-106da5978eeb runid=0dfb5b492dc86ce99bf7c61c734eb364afcdb5c8 ch=20 start_time=2025-09-26T04:42:43.398161+00:00 flow_cell_id=AWX817 basecall_gpu=NVIDIA_Tegra_X2 protocol_group_id=ONT_trialEb_250925 sample_id=ONT_trail_250925 barcode=barcode13 barcode_alias=barcode13 parent_read_id=da2a7884-979f-4004-8331-106da5978eeb basecall_model_version_id=dna_r10.4.1_e8.2_400bps_hac@v4.3.0
2	a0555574-d5fe-4cc6-927f-7f829a653680 runid=0dfb5b492dc86ce99bf7c61c734eb364afcdb5c8 ch=4 start_time=2025-09-26T05:45:59.398161+00:00 flow_cell_id=AWX817 basecall_gpu=NVIDIA_Tegra_X2 protocol_group_id=ONT_trialEb_250925 sample_id=ONT_trail_250925 barcode=barcode24 barcode_alias=barcode24 parent_read_id=a0555574-d5fe-4cc6-927f-7f829a653680 basecall_model_version_id=dna_r10.4.1_e8.2_400bps_hac@v4.3.0 rc
2	e3c7b693-9c71-4931-bfc0-ef7b2065ba11 runid=0dfb5b492dc86ce99bf7c61c734eb364afcdb5c8 ch=44 start_time=2025-09-26T03:49:52.398161+00:00 flow_cell_id=AWX817 basecall_gpu=NVIDIA_Tegra_X2 protocol_group_id=ONT_trialEb_250925 sample_id=ONT_trail_250925 barcode=barcode23 barcode_alias=barcode23 parent_read_id=e3c7b693-9c71-4931-bfc0-ef7b2065ba11 basecall_model_version_id=dna_r10.4.1_e8.2_400bps_hac@v4.3.0 rc
2	68649097-2e7f-490b-932f-58c0c59c9c5d runid=0dfb5b492dc86ce99bf7c61c734eb364afcdb5c8 ch=44 start_time=2025-09-25T23:54:37.398161+00:00 flow_cell_id=AWX817 basecall_gpu=NVIDIA_Tegra_X2 protocol_group_id=ONT_trialEb_250925 sample_id=ONT_trail_250925 barcode=barcode22 barcode_alias=barcode22 parent_read_id=68649097-2e7f-490b-932f-58c0c59c9c5d basecall_model_version_id=dna_r10.4.1_e8.2_400bps_hac@v4.3.0 rc
2	99378fbd-2f34-40ea-aff9-401d34175fc7 runid=0dfb5b492dc86ce99bf7c61c734eb364afcdb5c8 ch=4 start_time=2025-09-25T20:16:05.398161+00:00 flow_cell_id=AWX817 basecall_gpu=NVIDIA_Tegra_X2 protocol_group_id=ONT_trialEb_250925 sample_id=ONT_trail_250925 barcode=barcode22 barcode_alias=barcode22 parent_read_id=99378fbd-2f34-40ea-aff9-401d34175fc7 basecall_model_version_id=dna_r10.4.1_e8.2_400bps_hac@v4.3.0
2	8dd5121a-db17-4467-94f9-98775a73862d runid=0dfb5b492dc86ce99bf7c61c734eb364afcdb5c8 ch=44 start_time=2025-09-26T01:34:59.398161+00:00 flow_cell_id=AWX817 basecall_gpu=NVIDIA_Tegra_X2 protocol_group_id=ONT_trialEb_250925 sample_id=ONT_trail_250925 barcode=barcode15 barcode_alias=barcode15 parent_read_id=8dd5121a-db17-4467-94f9-98775a73862d basecall_model_version_id=dna_r10.4.1_e8.2_400bps_hac@v4.3.0 rc
2	b58f661f-bbea-4f55-937e-8467acbfa122 runid=0dfb5b492dc86ce99bf7c61c734eb364afcdb5c8 ch=44 start_time=2025-09-26T05:18:04.398161+00:00 flow_cell_id=AWX817 basecall_gpu=NVIDIA_Tegra_X2 protocol_group_id=ONT_trialEb_250925 sample_id=ONT_trail_250925 barcode=barcode22 barcode_alias=barcode22 parent_read_id=b58f661f-bbea-4f55-937e-8467acbfa122 basecall_model_version_id=dna_r10.4.1_e8.2_400bps_hac@v4.3.0
2	ac422187-6ae1-4f4e-9ea5-c2ad09241ac9 runid=0dfb5b492dc86ce99bf7c61c734eb364afcdb5c8 ch=44 start_time=2025-09-26T05:33:26.398161+00:00 flow_cell_id=AWX817 basecall_gpu=NVIDIA_Tegra_X2 protocol_group_id=ONT_trialEb_250925 sample_id=ONT_trail_250925 barcode=barcode23 barcode_alias=barcode23 parent_read_id=ac422187-6ae1-4f4e-9ea5-c2ad09241ac9 basecall_model_version_id=dna_r10.4.1_e8.2_400bps_hac@v4.3.0 rc
2	f5543d06-7202-49b2-8119-52c4464e5e91 runid=0dfb5b492dc86ce99bf7c61c734eb364afcdb5c8 ch=80 start_time=2025-09-25T17:41:52.398161+00:00 flow_cell_id=AWX817 basecall_gpu=NVIDIA_Tegra_X2 protocol_group_id=ONT_trialEb_250925 sample_id=ONT_trail_250925 barcode=barcode22 barcode_alias=barcode22 parent_read_id=f5543d06-7202-49b2-8119-52c4464e5e91 basecall_model_version_id=dna_r10.4.1_e8.2_400bps_hac@v4.3.0 rc
2	87e071a8-460e-478b-9089-84e1a160a588 runid=0dfb5b492dc86ce99bf7c61c734eb364afcdb5c8 ch=20 start_time=2025-09-26T06:55:17.398161+00:00 flow_cell_id=AWX817 basecall_gpu=NVIDIA_Tegra_X2 protocol_group_id=ONT_trialEb_250925 sample_id=ONT_trail_250925 barcode=barcode13 barcode_alias=barcode13 parent_read_id=87e071a8-460e-478b-9089-84e1a160a588 basecall_model_version_id=dna_r10.4.1_e8.2_400bps_hac@v4.3.0
2	72601305-76eb-43c9-9b9a-e1ac35d438ac runid=0dfb5b492dc86ce99bf7c61c734eb364afcdb5c8 ch=44 start_time=2025-09-26T00:07:23.398161+00:00 flow_cell_id=AWX817 basecall_gpu=NVIDIA_Tegra_X2 protocol_group_id=ONT_trialEb_250925 sample_id=ONT_trail_250925 barcode=barcode23 barcode_alias=barcode23 parent_read_id=72601305-76eb-43c9-9b9a-e1ac35d438ac basecall_model_version_id=dna_r10.4.1_e8.2_400bps_hac@v4.3.0
2	99597514-8cfe-4740-9c51-15593a693a4b runid=0dfb5b492dc86ce99bf7c61c734eb364afcdb5c8 ch=44 start_time=2025-09-26T05:30:00.398161+00:00 flow_cell_id=AWX817 basecall_gpu=NVIDIA_Tegra_X2 protocol_group_id=ONT_trialEb_250925 sample_id=ONT_trail_250925 barcode=barcode24 barcode_alias=barcode24 parent_read_id=99597514-8cfe-4740-9c51-15593a693a4b basecall_model_version_id=dna_r10.4.1_e8.2_400bps_hac@v4.3.0 rc
2	1b4b478e-0684-40c5-8902-68d6428aab7e runid=0dfb5b492dc86ce99bf7c61c734eb364afcdb5c8 ch=41 start_time=2025-09-26T01:42:44.398161+00:00 flow_cell_id=AWX817 basecall_gpu=NVIDIA_Tegra_X2 protocol_group_id=ONT_trialEb_250925 sample_id=ONT_trail_250925 barcode=barcode13 barcode_alias=barcode13 parent_read_id=1b4b478e-0684-40c5-8902-68d6428aab7e basecall_model_version_id=dna_r10.4.1_e8.2_400bps_hac@v4.3.0
2	71339d40-318e-4451-8112-644081146c82 runid=0dfb5b492dc86ce99bf7c61c734eb364afcdb5c8 ch=4 start_time=2025-09-26T04:06:39.398161+00:00 flow_cell_id=AWX817 basecall_gpu=NVIDIA_Tegra_X2 protocol_group_id=ONT_trialEb_250925 sample_id=ONT_trail_250925 barcode=barcode15 barcode_alias=barcode15 parent_read_id=71339d40-318e-4451-8112-644081146c82 basecall_model_version_id=dna_r10.4.1_e8.2_400bps_hac@v4.3.0
2	8f41f290-afdd-44e9-9c10-b6f092e21e1f runid=0dfb5b492dc86ce99bf7c61c734eb364afcdb5c8 ch=4 start_time=2025-09-25T22:26:44.398161+00:00 flow_cell_id=AWX817 basecall_gpu=NVIDIA_Tegra_X2 protocol_group_id=ONT_trialEb_250925 sample_id=ONT_trail_250925 barcode=barcode14 barcode_alias=barcode14 parent_read_id=8f41f290-afdd-44e9-9c10-b6f092e21e1f basecall_model_version_id=dna_r10.4.1_e8.2_400bps_hac@v4.3.0
2	1ed5181b-c9f5-457c-995c-4c983299a110 runid=0dfb5b492dc86ce99bf7c61c734eb364afcdb5c8 ch=58 start_time=2025-09-25T22:04:44.398161+00:00 flow_cell_id=AWX817 basecall_gpu=NVIDIA_Tegra_X2 protocol_group_id=ONT_trialEb_250925 sample_id=ONT_trail_250925 barcode=barcode22 barcode_alias=barcode22 parent_read_id=1ed5181b-c9f5-457c-995c-4c983299a110 basecall_model_version_id=dna_r10.4.1_e8.2_400bps_hac@v4.3.0 rc
2	c8d69d99-e762-4537-b427-1b159836d84c runid=0dfb5b492dc86ce99bf7c61c734eb364afcdb5c8 ch=44 start_time=2025-09-25T18:41:10.398161+00:00 flow_cell_id=AWX817 basecall_gpu=NVIDIA_Tegra_X2 protocol_group_id=ONT_trialEb_250925 sample_id=ONT_trail_250925 barcode=barcode14 barcode_alias=barcode14 parent_read_id=c8d69d99-e762-4537-b427-1b159836d84c basecall_model_version_id=dna_r10.4.1_e8.2_400bps_hac@v4.3.0
2	2b7f0b23-2a96-44a3-99a1-af86293119aa runid=0dfb5b492dc86ce99bf7c61c734eb364afcdb5c8 ch=110 start_time=2025-09-25T20:48:09.398161+00:00 flow_cell_id=AWX817 basecall_gpu=NVIDIA_Tegra_X2 protocol_group_id=ONT_trialEb_250925 sample_id=ONT_trail_250925 barcode=barcode24 barcode_alias=barcode24 parent_read_id=2b7f0b23-2a96-44a3-99a1-af86293119aa basecall_model_version_id=dna_r10.4.1_e8.2_400bps_hac@v4.3.0 rc
2	902fd72b-404f-4e6f-a570-3e120bf5f7af runid=0dfb5b492dc86ce99bf7c61c734eb364afcdb5c8 ch=44 start_time=2025-09-26T04:12:33.398161+00:00 flow_cell_id=AWX817 basecall_gpu=NVIDIA_Tegra_X2 protocol_group_id=ONT_trialEb_250925 sample_id=ONT_trail_250925 barcode=barcode13 barcode_alias=barcode13 parent_read_id=902fd72b-404f-4e6f-a570-3e120bf5f7af basecall_model_version_id=dna_r10.4.1_e8.2_400bps_hac@v4.3.0 rc
2	38f200ac-446f-4ef4-91d3-5dbc3009b267 runid=0dfb5b492dc86ce99bf7c61c734eb364afcdb5c8 ch=39 start_time=2025-09-25T17:44:46.398161+00:00 flow_cell_id=AWX817 basecall_gpu=NVIDIA_Tegra_X2 protocol_group_id=ONT_trialEb_250925 sample_id=ONT_trail_250925 barcode=barcode23 barcode_alias=barcode23 parent_read_id=38f200ac-446f-4ef4-91d3-5dbc3009b267 basecall_model_version_id=dna_r10.4.1_e8.2_400bps_hac@v4.3.0 rc
2	7ac4f890-9951-43e5-bc29-3fefb1908f2d runid=0dfb5b492dc86ce99bf7c61c734eb364afcdb5c8 ch=4 start_time=2025-09-25T20:22:00.398161+00:00 flow_cell_id=AWX817 basecall_gpu=NVIDIA_Tegra_X2 protocol_group_id=ONT_trialEb_250925 sample_id=ONT_trail_250925 barcode=barcode22 barcode_alias=barcode22 parent_read_id=7ac4f890-9951-43e5-bc29-3fefb1908f2d basecall_model_version_id=dna_r10.4.1_e8.2_400bps_hac@v4.3.0
2	2f3e7a58-c115-4dd1-ae07-f8eb37b57533 runid=0dfb5b492dc86ce99bf7c61c734eb364afcdb5c8 ch=4 start_time=2025-09-26T07:52:15.398161+00:00 flow_cell_id=AWX817 basecall_gpu=NVIDIA_Tegra_X2 protocol_group_id=ONT_trialEb_250925 sample_id=ONT_trail_250925 barcode=barcode22 barcode_alias=barcode22 parent_read_id=8b869c3e-eaae-440f-a0f1-f75d8dbd66fc basecall_model_version_id=dna_r10.4.1_e8.2_400bps_hac@v4.3.0
2	d25c0048-04a9-4e3a-8799-daa73ead6dd6 runid=0dfb5b492dc86ce99bf7c61c734eb364afcdb5c8 ch=44 start_time=2025-09-25T20:47:26.398161+00:00 flow_cell_id=AWX817 basecall_gpu=NVIDIA_Tegra_X2 protocol_group_id=ONT_trialEb_250925 sample_id=ONT_trail_250925 barcode=barcode14 barcode_alias=barcode14 parent_read_id=d25c0048-04a9-4e3a-8799-daa73ead6dd6 basecall_model_version_id=dna_r10.4.1_e8.2_400bps_hac@v4.3.0 rc
2	cb99fbec-d098-48b4-acad-6d1cf8665d68 runid=0dfb5b492dc86ce99bf7c61c734eb364afcdb5c8 ch=15 start_time=2025-09-25T18:24:22.398161+00:00 flow_cell_id=AWX817 basecall_gpu=NVIDIA_Tegra_X2 protocol_group_id=ONT_trialEb_250925 sample_id=ONT_trail_250925 barcode=barcode22 barcode_alias=barcode22 parent_read_id=cb99fbec-d098-48b4-acad-6d1cf8665d68 basecall_model_version_id=dna_r10.4.1_e8.2_400bps_hac@v4.3.0 rc
2	cb99fbec-d098-48b4-acad-6d1cf8665d68 runid=0dfb5b492dc86ce99bf7c61c734eb364afcdb5c8 ch=15 start_time=2025-09-25T18:24:22.398161+00:00 flow_cell_id=AWX817 basecall_gpu=NVIDIA_Tegra_X2 protocol_group_id=ONT_trialEb_250925 sample_id=ONT_trail_250925 barcode=barcode22 barcode_alias=barcode22 parent_read_id=cb99fbec-d098-48b4-acad-6d1cf8665d68 basecall_model_version_id=dna_r10.4.1_e8.2_400bps_hac@v4.3.0 rc
2	1a425338-eac9-4242-a38d-250713fa7233 runid=0dfb5b492dc86ce99bf7c61c734eb364afcdb5c8 ch=15 start_time=2025-09-25T17:26:47.398161+00:00 flow_cell_id=AWX817 basecall_gpu=NVIDIA_Tegra_X2 protocol_group_id=ONT_trialEb_250925 sample_id=ONT_trail_250925 barcode=barcode14 barcode_alias=barcode14 parent_read_id=1a425338-eac9-4242-a38d-250713fa7233 basecall_model_version_id=dna_r10.4.1_e8.2_400bps_hac@v4.3.0
2	47522d4e-2113-43dd-a666-ecdfb96d96f6 runid=0dfb5b492dc86ce99bf7c61c734eb364afcdb5c8 ch=23 start_time=2025-09-25T17:53:04.398161+00:00 flow_cell_id=AWX817 basecall_gpu=NVIDIA_Tegra_X2 protocol_group_id=ONT_trialEb_250925 sample_id=ONT_trail_250925 barcode=barcode15 barcode_alias=barcode15 parent_read_id=47522d4e-2113-43dd-a666-ecdfb96d96f6 basecall_model_version_id=dna_r10.4.1_e8.2_400bps_hac@v4.3.0 rc
2	d74726a9-523a-4e75-863a-fc20209cdb59 runid=0dfb5b492dc86ce99bf7c61c734eb364afcdb5c8 ch=44 start_time=2025-09-25T22:37:43.398161+00:00 flow_cell_id=AWX817 basecall_gpu=NVIDIA_Tegra_X2 protocol_group_id=ONT_trialEb_250925 sample_id=ONT_trail_250925 barcode=barcode22 barcode_alias=barcode22 parent_read_id=d74726a9-523a-4e75-863a-fc20209cdb59 basecall_model_version_id=dna_r10.4.1_e8.2_400bps_hac@v4.3.0 rc
2	63767cef-7ca6-41ba-9ab0-837cc02cc064 runid=0dfb5b492dc86ce99bf7c61c734eb364afcdb5c8 ch=79 start_time=2025-09-25T16:14:30.398161+00:00 flow_cell_id=AWX817 basecall_gpu=NVIDIA_Tegra_X2 protocol_group_id=ONT_trialEb_250925 sample_id=ONT_trail_250925 barcode=barcode24 barcode_alias=barcode24 parent_read_id=63767cef-7ca6-41ba-9ab0-837cc02cc064 basecall_model_version_id=dna_r10.4.1_e8.2_400bps_hac@v4.3.0 rc
2	45a517aa-370c-44b6-9fc5-789fbfd5f1e0 runid=0dfb5b492dc86ce99bf7c61c734eb364afcdb5c8 ch=44 start_time=2025-09-25T18:45:28.398161+00:00 flow_cell_id=AWX817 basecall_gpu=NVIDIA_Tegra_X2 protocol_group_id=ONT_trialEb_250925 sample_id=ONT_trail_250925 barcode=barcode14 barcode_alias=barcode14 parent_read_id=45a517aa-370c-44b6-9fc5-789fbfd5f1e0 basecall_model_version_id=dna_r10.4.1_e8.2_400bps_hac@v4.3.0 rc
2	12e886fa-c492-4c9b-b1a0-31dc5629f1c1 runid=0dfb5b492dc86ce99bf7c61c734eb364afcdb5c8 ch=4 start_time=2025-09-25T23:47:40.398161+00:00 flow_cell_id=AWX817 basecall_gpu=NVIDIA_Tegra_X2 protocol_group_id=ONT_trialEb_250925 sample_id=ONT_trail_250925 barcode=barcode14 barcode_alias=barcode14 parent_read_id=12e886fa-c492-4c9b-b1a0-31dc5629f1c1 basecall_model_version_id=dna_r10.4.1_e8.2_400bps_hac@v4.3.0
2	96b96310-95d3-4da4-950b-11959500822e runid=0dfb5b492dc86ce99bf7c61c734eb364afcdb5c8 ch=44 start_time=2025-09-26T05:03:14.398161+00:00 flow_cell_id=AWX817 basecall_gpu=NVIDIA_Tegra_X2 protocol_group_id=ONT_trialEb_250925 sample_id=ONT_trail_250925 barcode=barcode13 barcode_alias=barcode13 parent_read_id=96b96310-95d3-4da4-950b-11959500822e basecall_model_version_id=dna_r10.4.1_e8.2_400bps_hac@v4.3.0 rc
2	376ce533-8226-4187-8c6a-84ae8177b12f runid=0dfb5b492dc86ce99bf7c61c734eb364afcdb5c8 ch=108 start_time=2025-09-25T16:24:20.398161+00:00 flow_cell_id=AWX817 basecall_gpu=NVIDIA_Tegra_X2 protocol_group_id=ONT_trialEb_250925 sample_id=ONT_trail_250925 barcode=barcode23 barcode_alias=barcode23 parent_read_id=376ce533-8226-4187-8c6a-84ae8177b12f basecall_model_version_id=dna_r10.4.1_e8.2_400bps_hac@v4.3.0 rc
2	f4ed2a5f-aa0c-42d8-98aa-cf2e529ac58c runid=0dfb5b492dc86ce99bf7c61c734eb364afcdb5c8 ch=73 start_time=2025-09-25T19:56:16.398161+00:00 flow_cell_id=AWX817 basecall_gpu=NVIDIA_Tegra_X2 protocol_group_id=ONT_trialEb_250925 sample_id=ONT_trail_250925 barcode=barcode15 barcode_alias=barcode15 parent_read_id=f4ed2a5f-aa0c-42d8-98aa-cf2e529ac58c basecall_model_version_id=dna_r10.4.1_e8.2_400bps_hac@v4.3.0
2	6c5690c7-69b6-4fa5-a181-b406c1175643 runid=0dfb5b492dc86ce99bf7c61c734eb364afcdb5c8 ch=77 start_time=2025-09-25T23:23:04.398161+00:00 flow_cell_id=AWX817 basecall_gpu=NVIDIA_Tegra_X2 protocol_group_id=ONT_trialEb_250925 sample_id=ONT_trail_250925 barcode=barcode22 barcode_alias=barcode22 parent_read_id=6c5690c7-69b6-4fa5-a181-b406c1175643 basecall_model_version_id=dna_r10.4.1_e8.2_400bps_hac@v4.3.0
2	2fc19e7a-80e5-4a60-aa67-ddde3f3957b2 runid=0dfb5b492dc86ce99bf7c61c734eb364afcdb5c8 ch=6 start_time=2025-09-25T18:21:53.398161+00:00 flow_cell_id=AWX817 basecall_gpu=NVIDIA_Tegra_X2 protocol_group_id=ONT_trialEb_250925 sample_id=ONT_trail_250925 barcode=barcode22 barcode_alias=barcode22 parent_read_id=2fc19e7a-80e5-4a60-aa67-ddde3f3957b2 basecall_model_version_id=dna_r10.4.1_e8.2_400bps_hac@v4.3.0 rc
2	2fc19e7a-80e5-4a60-aa67-ddde3f3957b2 runid=0dfb5b492dc86ce99bf7c61c734eb364afcdb5c8 ch=6 start_time=2025-09-25T18:21:53.398161+00:00 flow_cell_id=AWX817 basecall_gpu=NVIDIA_Tegra_X2 protocol_group_id=ONT_trialEb_250925 sample_id=ONT_trail_250925 barcode=barcode22 barcode_alias=barcode22 parent_read_id=2fc19e7a-80e5-4a60-aa67-ddde3f3957b2 basecall_model_version_id=dna_r10.4.1_e8.2_400bps_hac@v4.3.0 rc
2	aa264101-7bfe-4ee8-8cce-4a2b84fe9a37 runid=0dfb5b492dc86ce99bf7c61c734eb364afcdb5c8 ch=4 start_time=2025-09-25T18:24:44.398161+00:00 flow_cell_id=AWX817 basecall_gpu=NVIDIA_Tegra_X2 protocol_group_id=ONT_trialEb_250925 sample_id=ONT_trail_250925 barcode=barcode24 barcode_alias=barcode24 parent_read_id=aa264101-7bfe-4ee8-8cce-4a2b84fe9a37 basecall_model_version_id=dna_r10.4.1_e8.2_400bps_hac@v4.3.0 rc
2	4f584618-ccf9-4c24-b357-587061e2bab9 runid=0dfb5b492dc86ce99bf7c61c734eb364afcdb5c8 ch=110 start_time=2025-09-25T21:07:30.398161+00:00 flow_cell_id=AWX817 basecall_gpu=NVIDIA_Tegra_X2 protocol_group_id=ONT_trialEb_250925 sample_id=ONT_trail_250925 barcode=barcode14 barcode_alias=barcode14 parent_read_id=4f584618-ccf9-4c24-b357-587061e2bab9 basecall_model_version_id=dna_r10.4.1_e8.2_400bps_hac@v4.3.0
2	97523510-5844-450e-a49a-003ce982c1a9 runid=0dfb5b492dc86ce99bf7c61c734eb364afcdb5c8 ch=79 start_time=2025-09-25T18:17:14.398161+00:00 flow_cell_id=AWX817 basecall_gpu=NVIDIA_Tegra_X2 protocol_group_id=ONT_trialEb_250925 sample_id=ONT_trail_250925 barcode=barcode24 barcode_alias=barcode24 parent_read_id=97523510-5844-450e-a49a-003ce982c1a9 basecall_model_version_id=dna_r10.4.1_e8.2_400bps_hac@v4.3.0 rc
2	7642b6b4-d4a9-4bac-89dd-f4587475b12f runid=0dfb5b492dc86ce99bf7c61c734eb364afcdb5c8 ch=40 start_time=2025-09-25T16:03:26.398161+00:00 flow_cell_id=AWX817 basecall_gpu=NVIDIA_Tegra_X2 protocol_group_id=ONT_trialEb_250925 sample_id=ONT_trail_250925 barcode=barcode24 barcode_alias=barcode24 parent_read_id=7642b6b4-d4a9-4bac-89dd-f4587475b12f basecall_model_version_id=dna_r10.4.1_e8.2_400bps_hac@v4.3.0 rc
2	8e2fca27-5f0c-43b4-bd3a-7f9ed22f4729 runid=0dfb5b492dc86ce99bf7c61c734eb364afcdb5c8 ch=40 start_time=2025-09-25T16:40:04.398161+00:00 flow_cell_id=AWX817 basecall_gpu=NVIDIA_Tegra_X2 protocol_group_id=ONT_trialEb_250925 sample_id=ONT_trail_250925 barcode=barcode22 barcode_alias=barcode22 parent_read_id=8e2fca27-5f0c-43b4-bd3a-7f9ed22f4729 basecall_model_version_id=dna_r10.4.1_e8.2_400bps_hac@v4.3.0 rc
2	e2601fec-084e-4d4a-9604-623dc3472b1a runid=0dfb5b492dc86ce99bf7c61c734eb364afcdb5c8 ch=79 start_time=2025-09-25T21:30:56.398161+00:00 flow_cell_id=AWX817 basecall_gpu=NVIDIA_Tegra_X2 protocol_group_id=ONT_trialEb_250925 sample_id=ONT_trail_250925 barcode=barcode22 barcode_alias=barcode22 parent_read_id=e2601fec-084e-4d4a-9604-623dc3472b1a basecall_model_version_id=dna_r10.4.1_e8.2_400bps_hac@v4.3.0 rc
2	13ee73e1-0d54-495b-8dec-ea10178e30b1 runid=0dfb5b492dc86ce99bf7c61c734eb364afcdb5c8 ch=49 start_time=2025-09-25T19:00:06.398161+00:00 flow_cell_id=AWX817 basecall_gpu=NVIDIA_Tegra_X2 protocol_group_id=ONT_trialEb_250925 sample_id=ONT_trail_250925 barcode=barcode14 barcode_alias=barcode14 parent_read_id=13ee73e1-0d54-495b-8dec-ea10178e30b1 basecall_model_version_id=dna_r10.4.1_e8.2_400bps_hac@v4.3.0 rc
2	257de939-6731-4296-9c8b-1e5331092fad runid=0dfb5b492dc86ce99bf7c61c734eb364afcdb5c8 ch=110 start_time=2025-09-25T19:19:35.398161+00:00 flow_cell_id=AWX817 basecall_gpu=NVIDIA_Tegra_X2 protocol_group_id=ONT_trialEb_250925 sample_id=ONT_trail_250925 barcode=barcode22 barcode_alias=barcode22 parent_read_id=257de939-6731-4296-9c8b-1e5331092fad basecall_model_version_id=dna_r10.4.1_e8.2_400bps_hac@v4.3.0
2	8a50279d-081d-4902-8cd3-dbbe0454bda3 runid=0dfb5b492dc86ce99bf7c61c734eb364afcdb5c8 ch=20 start_time=2025-09-25T22:38:44.398161+00:00 flow_cell_id=AWX817 basecall_gpu=NVIDIA_Tegra_X2 protocol_group_id=ONT_trialEb_250925 sample_id=ONT_trail_250925 barcode=barcode22 barcode_alias=barcode22 parent_read_id=8a50279d-081d-4902-8cd3-dbbe0454bda3 basecall_model_version_id=dna_r10.4.1_e8.2_400bps_hac@v4.3.0
2	18c475dc-d280-4576-8231-cde4c8aa6c65 runid=0dfb5b492dc86ce99bf7c61c734eb364afcdb5c8 ch=58 start_time=2025-09-25T18:09:07.398161+00:00 flow_cell_id=AWX817 basecall_gpu=NVIDIA_Tegra_X2 protocol_group_id=ONT_trialEb_250925 sample_id=ONT_trail_250925 barcode=barcode22 barcode_alias=barcode22 parent_read_id=18c475dc-d280-4576-8231-cde4c8aa6c65 basecall_model_version_id=dna_r10.4.1_e8.2_400bps_hac@v4.3.0
2	6f4345da-d8d5-4066-adef-f6106384efdc runid=0dfb5b492dc86ce99bf7c61c734eb364afcdb5c8 ch=44 start_time=2025-09-25T23:14:07.398161+00:00 flow_cell_id=AWX817 basecall_gpu=NVIDIA_Tegra_X2 protocol_group_id=ONT_trialEb_250925 sample_id=ONT_trail_250925 barcode=barcode15 barcode_alias=barcode15 parent_read_id=6f4345da-d8d5-4066-adef-f6106384efdc basecall_model_version_id=dna_r10.4.1_e8.2_400bps_hac@v4.3.0
2	ec00b70f-b581-4313-be54-5362407298c4 runid=0dfb5b492dc86ce99bf7c61c734eb364afcdb5c8 ch=44 start_time=2025-09-25T22:55:31.398161+00:00 flow_cell_id=AWX817 basecall_gpu=NVIDIA_Tegra_X2 protocol_group_id=ONT_trialEb_250925 sample_id=ONT_trail_250925 barcode=barcode24 barcode_alias=barcode24 parent_read_id=ec00b70f-b581-4313-be54-5362407298c4 basecall_model_version_id=dna_r10.4.1_e8.2_400bps_hac@v4.3.0
2	55d7e39d-25d9-47d3-90ac-f405a98cf999 runid=0dfb5b492dc86ce99bf7c61c734eb364afcdb5c8 ch=58 start_time=2025-09-25T17:26:08.398161+00:00 flow_cell_id=AWX817 basecall_gpu=NVIDIA_Tegra_X2 protocol_group_id=ONT_trialEb_250925 sample_id=ONT_trail_250925 barcode=barcode13 barcode_alias=barcode13 parent_read_id=55d7e39d-25d9-47d3-90ac-f405a98cf999 basecall_model_version_id=dna_r10.4.1_e8.2_400bps_hac@v4.3.0 rc
2	efd2029c-0bc3-461d-828f-ff1c637699da runid=0dfb5b492dc86ce99bf7c61c734eb364afcdb5c8 ch=41 start_time=2025-09-25T19:52:34.398161+00:00 flow_cell_id=AWX817 basecall_gpu=NVIDIA_Tegra_X2 protocol_group_id=ONT_trialEb_250925 sample_id=ONT_trail_250925 barcode=barcode24 barcode_alias=barcode24 parent_read_id=efd2029c-0bc3-461d-828f-ff1c637699da basecall_model_version_id=dna_r10.4.1_e8.2_400bps_hac@v4.3.0 rc
2	e58c6b62-f592-48c7-9531-a64a4feeed62 runid=0dfb5b492dc86ce99bf7c61c734eb364afcdb5c8 ch=20 start_time=2025-09-25T21:07:24.398161+00:00 flow_cell_id=AWX817 basecall_gpu=NVIDIA_Tegra_X2 protocol_group_id=ONT_trialEb_250925 sample_id=ONT_trail_250925 barcode=barcode22 barcode_alias=barcode22 parent_read_id=e58c6b62-f592-48c7-9531-a64a4feeed62 basecall_model_version_id=dna_r10.4.1_e8.2_400bps_hac@v4.3.0
2	66f49932-4736-48d9-9a98-2266239af48d runid=0dfb5b492dc86ce99bf7c61c734eb364afcdb5c8 ch=58 start_time=2025-09-25T19:27:37.398161+00:00 flow_cell_id=AWX817 basecall_gpu=NVIDIA_Tegra_X2 protocol_group_id=ONT_trialEb_250925 sample_id=ONT_trail_250925 barcode=barcode14 barcode_alias=barcode14 parent_read_id=66f49932-4736-48d9-9a98-2266239af48d basecall_model_version_id=dna_r10.4.1_e8.2_400bps_hac@v4.3.0
2	57a91db7-8e10-4253-9572-55d87871c234 runid=0dfb5b492dc86ce99bf7c61c734eb364afcdb5c8 ch=20 start_time=2025-09-25T22:03:44.398161+00:00 flow_cell_id=AWX817 basecall_gpu=NVIDIA_Tegra_X2 protocol_group_id=ONT_trialEb_250925 sample_id=ONT_trail_250925 barcode=barcode23 barcode_alias=barcode23 parent_read_id=57a91db7-8e10-4253-9572-55d87871c234 basecall_model_version_id=dna_r10.4.1_e8.2_400bps_hac@v4.3.0 rc
2	5aa51f1d-a525-446d-aa67-b981d62c6683 runid=0dfb5b492dc86ce99bf7c61c734eb364afcdb5c8 ch=85 start_time=2025-09-25T19:14:01.398161+00:00 flow_cell_id=AWX817 basecall_gpu=NVIDIA_Tegra_X2 protocol_group_id=ONT_trialEb_250925 sample_id=ONT_trail_250925 barcode=barcode22 barcode_alias=barcode22 parent_read_id=5aa51f1d-a525-446d-aa67-b981d62c6683 basecall_model_version_id=dna_r10.4.1_e8.2_400bps_hac@v4.3.0 rc
2	e3001f54-36e4-478b-b453-b418796708f4 runid=0dfb5b492dc86ce99bf7c61c734eb364afcdb5c8 ch=118 start_time=2025-09-26T01:21:32.398161+00:00 flow_cell_id=AWX817 basecall_gpu=NVIDIA_Tegra_X2 protocol_group_id=ONT_trialEb_250925 sample_id=ONT_trail_250925 barcode=barcode22 barcode_alias=barcode22 parent_read_id=e3001f54-36e4-478b-b453-b418796708f4 basecall_model_version_id=dna_r10.4.1_e8.2_400bps_hac@v4.3.0
2	c093ab2d-bb57-4ba2-9951-27494c25bbdc runid=0dfb5b492dc86ce99bf7c61c734eb364afcdb5c8 ch=57 start_time=2025-09-25T17:10:15.398161+00:00 flow_cell_id=AWX817 basecall_gpu=NVIDIA_Tegra_X2 protocol_group_id=ONT_trialEb_250925 sample_id=ONT_trail_250925 barcode=barcode15 barcode_alias=barcode15 parent_read_id=c093ab2d-bb57-4ba2-9951-27494c25bbdc basecall_model_version_id=dna_r10.4.1_e8.2_400bps_hac@v4.3.0 rc
2	b6089d96-b2ae-4f39-89fe-172204cc5808 runid=0dfb5b492dc86ce99bf7c61c734eb364afcdb5c8 ch=20 start_time=2025-09-25T23:10:24.398161+00:00 flow_cell_id=AWX817 basecall_gpu=NVIDIA_Tegra_X2 protocol_group_id=ONT_trialEb_250925 sample_id=ONT_trail_250925 barcode=barcode22 barcode_alias=barcode22 parent_read_id=b6089d96-b2ae-4f39-89fe-172204cc5808 basecall_model_version_id=dna_r10.4.1_e8.2_400bps_hac@v4.3.0 rc
2	723cc3b6-699e-4f2a-af09-af9a097d3a3f runid=0dfb5b492dc86ce99bf7c61c734eb364afcdb5c8 ch=56 start_time=2025-09-25T15:59:57.398161+00:00 flow_cell_id=AWX817 basecall_gpu=NVIDIA_Tegra_X2 protocol_group_id=ONT_trialEb_250925 sample_id=ONT_trail_250925 barcode=barcode15 barcode_alias=barcode15 parent_read_id=723cc3b6-699e-4f2a-af09-af9a097d3a3f basecall_model_version_id=dna_r10.4.1_e8.2_400bps_hac@v4.3.0 rc
2	d8a2ebd5-4431-4dd5-b9cd-4f3e30f741c8 runid=0dfb5b492dc86ce99bf7c61c734eb364afcdb5c8 ch=4 start_time=2025-09-26T03:05:29.398161+00:00 flow_cell_id=AWX817 basecall_gpu=NVIDIA_Tegra_X2 protocol_group_id=ONT_trialEb_250925 sample_id=ONT_trail_250925 barcode=barcode13 barcode_alias=barcode13 parent_read_id=d8a2ebd5-4431-4dd5-b9cd-4f3e30f741c8 basecall_model_version_id=dna_r10.4.1_e8.2_400bps_hac@v4.3.0 rc
2	ec412f07-5e1f-43ec-b3a6-10e03b8b5c71 runid=0dfb5b492dc86ce99bf7c61c734eb364afcdb5c8 ch=110 start_time=2025-09-25T19:28:06.398161+00:00 flow_cell_id=AWX817 basecall_gpu=NVIDIA_Tegra_X2 protocol_group_id=ONT_trialEb_250925 sample_id=ONT_trail_250925 barcode=barcode23 barcode_alias=barcode23 parent_read_id=ec412f07-5e1f-43ec-b3a6-10e03b8b5c71 basecall_model_version_id=dna_r10.4.1_e8.2_400bps_hac@v4.3.0 rc
2	4a15fb77-ef66-40b3-acc9-9057d810fd32 runid=0dfb5b492dc86ce99bf7c61c734eb364afcdb5c8 ch=20 start_time=2025-09-26T04:28:26.398161+00:00 flow_cell_id=AWX817 basecall_gpu=NVIDIA_Tegra_X2 protocol_group_id=ONT_trialEb_250925 sample_id=ONT_trail_250925 barcode=barcode14 barcode_alias=barcode14 parent_read_id=4a15fb77-ef66-40b3-acc9-9057d810fd32 basecall_model_version_id=dna_r10.4.1_e8.2_400bps_hac@v4.3.0
2	b96b4113-31d8-474f-b2bb-eba34689afb2 runid=0dfb5b492dc86ce99bf7c61c734eb364afcdb5c8 ch=79 start_time=2025-09-25T16:14:54.398161+00:00 flow_cell_id=AWX817 basecall_gpu=NVIDIA_Tegra_X2 protocol_group_id=ONT_trialEb_250925 sample_id=ONT_trail_250925 barcode=barcode14 barcode_alias=barcode14 parent_read_id=b96b4113-31d8-474f-b2bb-eba34689afb2 basecall_model_version_id=dna_r10.4.1_e8.2_400bps_hac@v4.3.0 rc
2	8437fa71-058e-4b7c-ac12-b27f6219c5db runid=0dfb5b492dc86ce99bf7c61c734eb364afcdb5c8 ch=44 start_time=2025-09-26T01:50:29.398161+00:00 flow_cell_id=AWX817 basecall_gpu=NVIDIA_Tegra_X2 protocol_group_id=ONT_trialEb_250925 sample_id=ONT_trail_250925 barcode=barcode22 barcode_alias=barcode22 parent_read_id=8437fa71-058e-4b7c-ac12-b27f6219c5db basecall_model_version_id=dna_r10.4.1_e8.2_400bps_hac@v4.3.0 rc
2	db998c95-6191-4d97-9e7c-5e3711db22dd runid=0dfb5b492dc86ce99bf7c61c734eb364afcdb5c8 ch=23 start_time=2025-09-25T18:19:43.398161+00:00 flow_cell_id=AWX817 basecall_gpu=NVIDIA_Tegra_X2 protocol_group_id=ONT_trialEb_250925 sample_id=ONT_trail_250925 barcode=barcode24 barcode_alias=barcode24 parent_read_id=db998c95-6191-4d97-9e7c-5e3711db22dd basecall_model_version_id=dna_r10.4.1_e8.2_400bps_hac@v4.3.0 rc
2	0f49374f-d21b-4715-9b74-247f98d1deae runid=0dfb5b492dc86ce99bf7c61c734eb364afcdb5c8 ch=4 start_time=2025-09-25T20:04:52.398161+00:00 flow_cell_id=AWX817 basecall_gpu=NVIDIA_Tegra_X2 protocol_group_id=ONT_trialEb_250925 sample_id=ONT_trail_250925 barcode=barcode22 barcode_alias=barcode22 parent_read_id=5bb12177-ca9c-4d27-b89c-5c0223376242 basecall_model_version_id=dna_r10.4.1_e8.2_400bps_hac@v4.3.0 rc
2	71d8fb4a-23bf-47c9-8280-d240a5663ac0 runid=0dfb5b492dc86ce99bf7c61c734eb364afcdb5c8 ch=110 start_time=2025-09-25T17:02:29.398161+00:00 flow_cell_id=AWX817 basecall_gpu=NVIDIA_Tegra_X2 protocol_group_id=ONT_trialEb_250925 sample_id=ONT_trail_250925 barcode=barcode13 barcode_alias=barcode13 parent_read_id=71d8fb4a-23bf-47c9-8280-d240a5663ac0 basecall_model_version_id=dna_r10.4.1_e8.2_400bps_hac@v4.3.0
2	3070209e-7df7-46fe-8152-4984a7e53035 runid=0dfb5b492dc86ce99bf7c61c734eb364afcdb5c8 ch=106 start_time=2025-09-25T16:19:30.398161+00:00 flow_cell_id=AWX817 basecall_gpu=NVIDIA_Tegra_X2 protocol_group_id=ONT_trialEb_250925 sample_id=ONT_trail_250925 barcode=barcode22 barcode_alias=barcode22 parent_read_id=3070209e-7df7-46fe-8152-4984a7e53035 basecall_model_version_id=dna_r10.4.1_e8.2_400bps_hac@v4.3.0
2	80d86b5d-55a3-46f9-bf53-e419adace96d runid=0dfb5b492dc86ce99bf7c61c734eb364afcdb5c8 ch=44 start_time=2025-09-25T18:47:59.398161+00:00 flow_cell_id=AWX817 basecall_gpu=NVIDIA_Tegra_X2 protocol_group_id=ONT_trialEb_250925 sample_id=ONT_trail_250925 barcode=barcode22 barcode_alias=barcode22 parent_read_id=80d86b5d-55a3-46f9-bf53-e419adace96d basecall_model_version_id=dna_r10.4.1_e8.2_400bps_hac@v4.3.0
2	d6aa36ad-7ae4-4a8a-bc9c-d723894f2fdf runid=0dfb5b492dc86ce99bf7c61c734eb364afcdb5c8 ch=4 start_time=2025-09-25T17:29:33.398161+00:00 flow_cell_id=AWX817 basecall_gpu=NVIDIA_Tegra_X2 protocol_group_id=ONT_trialEb_250925 sample_id=ONT_trail_250925 barcode=barcode22 barcode_alias=barcode22 parent_read_id=d6aa36ad-7ae4-4a8a-bc9c-d723894f2fdf basecall_model_version_id=dna_r10.4.1_e8.2_400bps_hac@v4.3.0 rc
2	249cd694-e59d-4ace-920e-de4e9aa89ed8 runid=0dfb5b492dc86ce99bf7c61c734eb364afcdb5c8 ch=40 start_time=2025-09-25T19:44:51.398161+00:00 flow_cell_id=AWX817 basecall_gpu=NVIDIA_Tegra_X2 protocol_group_id=ONT_trialEb_250925 sample_id=ONT_trail_250925 barcode=barcode14 barcode_alias=barcode14 parent_read_id=249cd694-e59d-4ace-920e-de4e9aa89ed8 basecall_model_version_id=dna_r10.4.1_e8.2_400bps_hac@v4.3.0 rc
2	623a3669-f3d8-4fa7-9539-1be1cfe8560b runid=0dfb5b492dc86ce99bf7c61c734eb364afcdb5c8 ch=20 start_time=2025-09-25T18:57:32.398161+00:00 flow_cell_id=AWX817 basecall_gpu=NVIDIA_Tegra_X2 protocol_group_id=ONT_trialEb_250925 sample_id=ONT_trail_250925 barcode=barcode13 barcode_alias=barcode13 parent_read_id=623a3669-f3d8-4fa7-9539-1be1cfe8560b basecall_model_version_id=dna_r10.4.1_e8.2_400bps_hac@v4.3.0 rc
2	db6c76d9-d2b3-411c-8f33-f6b64532a398 runid=0dfb5b492dc86ce99bf7c61c734eb364afcdb5c8 ch=110 start_time=2025-09-25T16:09:52.398161+00:00 flow_cell_id=AWX817 basecall_gpu=NVIDIA_Tegra_X2 protocol_group_id=ONT_trialEb_250925 sample_id=ONT_trail_250925 barcode=barcode14 barcode_alias=barcode14 parent_read_id=db6c76d9-d2b3-411c-8f33-f6b64532a398 basecall_model_version_id=dna_r10.4.1_e8.2_400bps_hac@v4.3.0
2	185f658a-fbab-421e-bedf-154a54536c10 runid=0dfb5b492dc86ce99bf7c61c734eb364afcdb5c8 ch=80 start_time=2025-09-25T21:41:00.398161+00:00 flow_cell_id=AWX817 basecall_gpu=NVIDIA_Tegra_X2 protocol_group_id=ONT_trialEb_250925 sample_id=ONT_trail_250925 barcode=barcode22 barcode_alias=barcode22 parent_read_id=185f658a-fbab-421e-bedf-154a54536c10 basecall_model_version_id=dna_r10.4.1_e8.2_400bps_hac@v4.3.0
2	8bdb3f2e-d498-4ec4-8a8f-5caa7d5c0f3c runid=0dfb5b492dc86ce99bf7c61c734eb364afcdb5c8 ch=73 start_time=2025-09-25T18:03:22.398161+00:00 flow_cell_id=AWX817 basecall_gpu=NVIDIA_Tegra_X2 protocol_group_id=ONT_trialEb_250925 sample_id=ONT_trail_250925 barcode=barcode13 barcode_alias=barcode13 parent_read_id=8bdb3f2e-d498-4ec4-8a8f-5caa7d5c0f3c basecall_model_version_id=dna_r10.4.1_e8.2_400bps_hac@v4.3.0
2	e4ba566b-6eb6-4e0d-98c4-6cea89747806 runid=0dfb5b492dc86ce99bf7c61c734eb364afcdb5c8 ch=94 start_time=2025-09-25T17:26:34.398161+00:00 flow_cell_id=AWX817 basecall_gpu=NVIDIA_Tegra_X2 protocol_group_id=ONT_trialEb_250925 sample_id=ONT_trail_250925 barcode=barcode13 barcode_alias=barcode13 parent_read_id=e4ba566b-6eb6-4e0d-98c4-6cea89747806 basecall_model_version_id=dna_r10.4.1_e8.2_400bps_hac@v4.3.0
2	8d52215f-e7d0-471a-94c1-a303d2f16f5d runid=0dfb5b492dc86ce99bf7c61c734eb364afcdb5c8 ch=4 start_time=2025-09-25T16:55:03.398161+00:00 flow_cell_id=AWX817 basecall_gpu=NVIDIA_Tegra_X2 protocol_group_id=ONT_trialEb_250925 sample_id=ONT_trail_250925 barcode=barcode22 barcode_alias=barcode22 parent_read_id=8d52215f-e7d0-471a-94c1-a303d2f16f5d basecall_model_version_id=dna_r10.4.1_e8.2_400bps_hac@v4.3.0
2	ab044b2d-2754-40f6-8da4-a422818a06dc runid=0dfb5b492dc86ce99bf7c61c734eb364afcdb5c8 ch=43 start_time=2025-09-25T19:09:19.398161+00:00 flow_cell_id=AWX817 basecall_gpu=NVIDIA_Tegra_X2 protocol_group_id=ONT_trialEb_250925 sample_id=ONT_trail_250925 barcode=barcode24 barcode_alias=barcode24 parent_read_id=ab044b2d-2754-40f6-8da4-a422818a06dc basecall_model_version_id=dna_r10.4.1_e8.2_400bps_hac@v4.3.0 rc
2	88c24c6a-0202-44c8-a474-05bdebe6f307 runid=0dfb5b492dc86ce99bf7c61c734eb364afcdb5c8 ch=90 start_time=2025-09-25T17:14:15.398161+00:00 flow_cell_id=AWX817 basecall_gpu=NVIDIA_Tegra_X2 protocol_group_id=ONT_trialEb_250925 sample_id=ONT_trail_250925 barcode=barcode15 barcode_alias=barcode15 parent_read_id=88c24c6a-0202-44c8-a474-05bdebe6f307 basecall_model_version_id=dna_r10.4.1_e8.2_400bps_hac@v4.3.0 rc
2	fdd87af7-ab08-4151-ae64-b0db6d21263d runid=0dfb5b492dc86ce99bf7c61c734eb364afcdb5c8 ch=39 start_time=2025-09-25T17:43:41.398161+00:00 flow_cell_id=AWX817 basecall_gpu=NVIDIA_Tegra_X2 protocol_group_id=ONT_trialEb_250925 sample_id=ONT_trail_250925 barcode=barcode22 barcode_alias=barcode22 parent_read_id=fdd87af7-ab08-4151-ae64-b0db6d21263d basecall_model_version_id=dna_r10.4.1_e8.2_400bps_hac@v4.3.0 rc
2	18219860-0c7e-4cd5-9f5d-33ff68e6b9fa runid=0dfb5b492dc86ce99bf7c61c734eb364afcdb5c8 ch=106 start_time=2025-09-25T21:27:40.398161+00:00 flow_cell_id=AWX817 basecall_gpu=NVIDIA_Tegra_X2 protocol_group_id=ONT_trialEb_250925 sample_id=ONT_trail_250925 barcode=barcode22 barcode_alias=barcode22 parent_read_id=18219860-0c7e-4cd5-9f5d-33ff68e6b9fa basecall_model_version_id=dna_r10.4.1_e8.2_400bps_hac@v4.3.0
2	5a7be4c9-ed8c-4cd6-b5ba-146fe06baf17 runid=0dfb5b492dc86ce99bf7c61c734eb364afcdb5c8 ch=80 start_time=2025-09-25T20:36:44.398161+00:00 flow_cell_id=AWX817 basecall_gpu=NVIDIA_Tegra_X2 protocol_group_id=ONT_trialEb_250925 sample_id=ONT_trail_250925 barcode=barcode22 barcode_alias=barcode22 parent_read_id=5a7be4c9-ed8c-4cd6-b5ba-146fe06baf17 basecall_model_version_id=dna_r10.4.1_e8.2_400bps_hac@v4.3.0 rc
2	5d616b74-1e4a-4545-832f-b9d7e31b775e runid=0dfb5b492dc86ce99bf7c61c734eb364afcdb5c8 ch=82 start_time=2025-09-25T17:22:22.398161+00:00 flow_cell_id=AWX817 basecall_gpu=NVIDIA_Tegra_X2 protocol_group_id=ONT_trialEb_250925 sample_id=ONT_trail_250925 barcode=barcode23 barcode_alias=barcode23 parent_read_id=5d616b74-1e4a-4545-832f-b9d7e31b775e basecall_model_version_id=dna_r10.4.1_e8.2_400bps_hac@v4.3.0 rc
2	4912e639-ae45-4b47-84bb-cccdb38f6142 runid=0dfb5b492dc86ce99bf7c61c734eb364afcdb5c8 ch=91 start_time=2025-09-25T18:01:53.398161+00:00 flow_cell_id=AWX817 basecall_gpu=NVIDIA_Tegra_X2 protocol_group_id=ONT_trialEb_250925 sample_id=ONT_trail_250925 barcode=barcode13 barcode_alias=barcode13 parent_read_id=4912e639-ae45-4b47-84bb-cccdb38f6142 basecall_model_version_id=dna_r10.4.1_e8.2_400bps_hac@v4.3.0 rc
2	7c195922-f6f4-4851-b77d-396acd3d7c6b runid=0dfb5b492dc86ce99bf7c61c734eb364afcdb5c8 ch=113 start_time=2025-09-25T16:20:55.398161+00:00 flow_cell_id=AWX817 basecall_gpu=NVIDIA_Tegra_X2 protocol_group_id=ONT_trialEb_250925 sample_id=ONT_trail_250925 barcode=barcode23 barcode_alias=barcode23 parent_read_id=7c195922-f6f4-4851-b77d-396acd3d7c6b basecall_model_version_id=dna_r10.4.1_e8.2_400bps_hac@v4.3.0 rc
2	bb8fbccf-6c86-4978-b50b-8e86ecafa6d8 runid=0dfb5b492dc86ce99bf7c61c734eb364afcdb5c8 ch=44 start_time=2025-09-26T03:22:24.398161+00:00 flow_cell_id=AWX817 basecall_gpu=NVIDIA_Tegra_X2 protocol_group_id=ONT_trialEb_250925 sample_id=ONT_trail_250925 barcode=barcode14 barcode_alias=barcode14 parent_read_id=bb8fbccf-6c86-4978-b50b-8e86ecafa6d8 basecall_model_version_id=dna_r10.4.1_e8.2_400bps_hac@v4.3.0 rc
2	e1a1fea5-719e-4b1f-b497-6b3abed06966 runid=0dfb5b492dc86ce99bf7c61c734eb364afcdb5c8 ch=94 start_time=2025-09-25T18:09:29.398161+00:00 flow_cell_id=AWX817 basecall_gpu=NVIDIA_Tegra_X2 protocol_group_id=ONT_trialEb_250925 sample_id=ONT_trail_250925 barcode=barcode13 barcode_alias=barcode13 parent_read_id=e1a1fea5-719e-4b1f-b497-6b3abed06966 basecall_model_version_id=dna_r10.4.1_e8.2_400bps_hac@v4.3.0
2	df7f8004-0330-4f53-a280-37fa013ef42e runid=0dfb5b492dc86ce99bf7c61c734eb364afcdb5c8 ch=6 start_time=2025-09-25T16:34:34.398161+00:00 flow_cell_id=AWX817 basecall_gpu=NVIDIA_Tegra_X2 protocol_group_id=ONT_trialEb_250925 sample_id=ONT_trail_250925 barcode=barcode22 barcode_alias=barcode22 parent_read_id=df7f8004-0330-4f53-a280-37fa013ef42e basecall_model_version_id=dna_r10.4.1_e8.2_400bps_hac@v4.3.0 rc
2	40851207-697f-40d6-9837-6fd05779e2c6 runid=0dfb5b492dc86ce99bf7c61c734eb364afcdb5c8 ch=92 start_time=2025-09-25T22:26:42.398161+00:00 flow_cell_id=AWX817 basecall_gpu=NVIDIA_Tegra_X2 protocol_group_id=ONT_trialEb_250925 sample_id=ONT_trail_250925 barcode=barcode14 barcode_alias=barcode14 parent_read_id=40851207-697f-40d6-9837-6fd05779e2c6 basecall_model_version_id=dna_r10.4.1_e8.2_400bps_hac@v4.3.0
2	43a47363-4c28-4bf0-acec-78cce022c9b0 runid=0dfb5b492dc86ce99bf7c61c734eb364afcdb5c8 ch=5 start_time=2025-09-25T22:21:43.398161+00:00 flow_cell_id=AWX817 basecall_gpu=NVIDIA_Tegra_X2 protocol_group_id=ONT_trialEb_250925 sample_id=ONT_trail_250925 barcode=barcode22 barcode_alias=barcode22 parent_read_id=43a47363-4c28-4bf0-acec-78cce022c9b0 basecall_model_version_id=dna_r10.4.1_e8.2_400bps_hac@v4.3.0 rc
2	82d4f414-8e54-44e2-b1f6-ab1df8b84b96 runid=0dfb5b492dc86ce99bf7c61c734eb364afcdb5c8 ch=20 start_time=2025-09-25T22:48:32.398161+00:00 flow_cell_id=AWX817 basecall_gpu=NVIDIA_Tegra_X2 protocol_group_id=ONT_trialEb_250925 sample_id=ONT_trail_250925 barcode=barcode22 barcode_alias=barcode22 parent_read_id=82d4f414-8e54-44e2-b1f6-ab1df8b84b96 basecall_model_version_id=dna_r10.4.1_e8.2_400bps_hac@v4.3.0 rc
2	d93de13f-c2c2-4f93-9be9-173383c6494a runid=0dfb5b492dc86ce99bf7c61c734eb364afcdb5c8 ch=77 start_time=2025-09-25T22:58:08.398161+00:00 flow_cell_id=AWX817 basecall_gpu=NVIDIA_Tegra_X2 protocol_group_id=ONT_trialEb_250925 sample_id=ONT_trail_250925 barcode=barcode22 barcode_alias=barcode22 parent_read_id=d93de13f-c2c2-4f93-9be9-173383c6494a basecall_model_version_id=dna_r10.4.1_e8.2_400bps_hac@v4.3.0 rc
2	771e5ca7-b3e3-4619-89f9-9aca9b40637d runid=0dfb5b492dc86ce99bf7c61c734eb364afcdb5c8 ch=4 start_time=2025-09-26T02:07:55.398161+00:00 flow_cell_id=AWX817 basecall_gpu=NVIDIA_Tegra_X2 protocol_group_id=ONT_trialEb_250925 sample_id=ONT_trail_250925 barcode=barcode14 barcode_alias=barcode14 parent_read_id=771e5ca7-b3e3-4619-89f9-9aca9b40637d basecall_model_version_id=dna_r10.4.1_e8.2_400bps_hac@v4.3.0 rc
2	98baed22-30c1-4e40-8b37-6fcd6e3b334f runid=0dfb5b492dc86ce99bf7c61c734eb364afcdb5c8 ch=40 start_time=2025-09-25T18:06:26.398161+00:00 flow_cell_id=AWX817 basecall_gpu=NVIDIA_Tegra_X2 protocol_group_id=ONT_trialEb_250925 sample_id=ONT_trail_250925 barcode=barcode13 barcode_alias=barcode13 parent_read_id=7a86f16b-d814-4cda-ba1c-98631637eba2 basecall_model_version_id=dna_r10.4.1_e8.2_400bps_hac@v4.3.0 rc
2	b19b5f6a-e4a8-47c5-a512-036bbbb6e9ac runid=0dfb5b492dc86ce99bf7c61c734eb364afcdb5c8 ch=58 start_time=2025-09-25T19:16:57.398161+00:00 flow_cell_id=AWX817 basecall_gpu=NVIDIA_Tegra_X2 protocol_group_id=ONT_trialEb_250925 sample_id=ONT_trail_250925 barcode=barcode22 barcode_alias=barcode22 parent_read_id=b19b5f6a-e4a8-47c5-a512-036bbbb6e9ac basecall_model_version_id=dna_r10.4.1_e8.2_400bps_hac@v4.3.0
2	b19b5f6a-e4a8-47c5-a512-036bbbb6e9ac runid=0dfb5b492dc86ce99bf7c61c734eb364afcdb5c8 ch=58 start_time=2025-09-25T19:16:57.398161+00:00 flow_cell_id=AWX817 basecall_gpu=NVIDIA_Tegra_X2 protocol_group_id=ONT_trialEb_250925 sample_id=ONT_trail_250925 barcode=barcode22 barcode_alias=barcode22 parent_read_id=b19b5f6a-e4a8-47c5-a512-036bbbb6e9ac basecall_model_version_id=dna_r10.4.1_e8.2_400bps_hac@v4.3.0
2	d7c2da10-3826-4d52-a02e-607b705dcbb3 runid=0dfb5b492dc86ce99bf7c61c734eb364afcdb5c8 ch=40 start_time=2025-09-25T16:10:43.398161+00:00 flow_cell_id=AWX817 basecall_gpu=NVIDIA_Tegra_X2 protocol_group_id=ONT_trialEb_250925 sample_id=ONT_trail_250925 barcode=barcode14 barcode_alias=barcode14 parent_read_id=d7c2da10-3826-4d52-a02e-607b705dcbb3 basecall_model_version_id=dna_r10.4.1_e8.2_400bps_hac@v4.3.0 rc
2	5b5d6b1e-0acc-4c96-8949-e5fc7ce4b60a runid=0dfb5b492dc86ce99bf7c61c734eb364afcdb5c8 ch=113 start_time=2025-09-25T16:13:02.398161+00:00 flow_cell_id=AWX817 basecall_gpu=NVIDIA_Tegra_X2 protocol_group_id=ONT_trialEb_250925 sample_id=ONT_trail_250925 barcode=barcode13 barcode_alias=barcode13 parent_read_id=5b5d6b1e-0acc-4c96-8949-e5fc7ce4b60a basecall_model_version_id=dna_r10.4.1_e8.2_400bps_hac@v4.3.0 rc
2	d49ba9de-d75f-46ba-a129-43957098646c runid=0dfb5b492dc86ce99bf7c61c734eb364afcdb5c8 ch=4 start_time=2025-09-26T06:19:24.398161+00:00 flow_cell_id=AWX817 basecall_gpu=NVIDIA_Tegra_X2 protocol_group_id=ONT_trialEb_250925 sample_id=ONT_trail_250925 barcode=barcode14 barcode_alias=barcode14 parent_read_id=d49ba9de-d75f-46ba-a129-43957098646c basecall_model_version_id=dna_r10.4.1_e8.2_400bps_hac@v4.3.0
2	c3ac14d9-21b5-4478-8de6-74c45b3664a9 runid=0dfb5b492dc86ce99bf7c61c734eb364afcdb5c8 ch=57 start_time=2025-09-25T16:29:22.398161+00:00 flow_cell_id=AWX817 basecall_gpu=NVIDIA_Tegra_X2 protocol_group_id=ONT_trialEb_250925 sample_id=ONT_trail_250925 barcode=barcode22 barcode_alias=barcode22 parent_read_id=c3ac14d9-21b5-4478-8de6-74c45b3664a9 basecall_model_version_id=dna_r10.4.1_e8.2_400bps_hac@v4.3.0 rc
2	6fb8ab03-7222-4021-8a76-e9c672744d0a runid=0dfb5b492dc86ce99bf7c61c734eb364afcdb5c8 ch=79 start_time=2025-09-25T16:25:38.398161+00:00 flow_cell_id=AWX817 basecall_gpu=NVIDIA_Tegra_X2 protocol_group_id=ONT_trialEb_250925 sample_id=ONT_trail_250925 barcode=barcode13 barcode_alias=barcode13 parent_read_id=6fb8ab03-7222-4021-8a76-e9c672744d0a basecall_model_version_id=dna_r10.4.1_e8.2_400bps_hac@v4.3.0 rc
2	be9889c9-7394-4879-ad19-a3f27ad0fcf1 runid=0dfb5b492dc86ce99bf7c61c734eb364afcdb5c8 ch=20 start_time=2025-09-26T06:51:36.398161+00:00 flow_cell_id=AWX817 basecall_gpu=NVIDIA_Tegra_X2 protocol_group_id=ONT_trialEb_250925 sample_id=ONT_trail_250925 barcode=barcode22 barcode_alias=barcode22 parent_read_id=be9889c9-7394-4879-ad19-a3f27ad0fcf1 basecall_model_version_id=dna_r10.4.1_e8.2_400bps_hac@v4.3.0 rc
2	59c54d58-c826-41f4-94b2-980f35b3f79a runid=0dfb5b492dc86ce99bf7c61c734eb364afcdb5c8 ch=58 start_time=2025-09-25T18:18:11.398161+00:00 flow_cell_id=AWX817 basecall_gpu=NVIDIA_Tegra_X2 protocol_group_id=ONT_trialEb_250925 sample_id=ONT_trail_250925 barcode=barcode22 barcode_alias=barcode22 parent_read_id=59c54d58-c826-41f4-94b2-980f35b3f79a basecall_model_version_id=dna_r10.4.1_e8.2_400bps_hac@v4.3.0 rc
2	e41d0f11-85a7-4c5c-bec0-f9e480a549a4 runid=0dfb5b492dc86ce99bf7c61c734eb364afcdb5c8 ch=4 start_time=2025-09-25T16:37:17.398161+00:00 flow_cell_id=AWX817 basecall_gpu=NVIDIA_Tegra_X2 protocol_group_id=ONT_trialEb_250925 sample_id=ONT_trail_250925 barcode=barcode14 barcode_alias=barcode14 parent_read_id=e41d0f11-85a7-4c5c-bec0-f9e480a549a4 basecall_model_version_id=dna_r10.4.1_e8.2_400bps_hac@v4.3.0 rc
2	e41d0f11-85a7-4c5c-bec0-f9e480a549a4 runid=0dfb5b492dc86ce99bf7c61c734eb364afcdb5c8 ch=4 start_time=2025-09-25T16:37:17.398161+00:00 flow_cell_id=AWX817 basecall_gpu=NVIDIA_Tegra_X2 protocol_group_id=ONT_trialEb_250925 sample_id=ONT_trail_250925 barcode=barcode14 barcode_alias=barcode14 parent_read_id=e41d0f11-85a7-4c5c-bec0-f9e480a549a4 basecall_model_version_id=dna_r10.4.1_e8.2_400bps_hac@v4.3.0 rc
2	3132619e-e23f-4fa6-8384-408027ad2cc2 runid=0dfb5b492dc86ce99bf7c61c734eb364afcdb5c8 ch=4 start_time=2025-09-26T03:09:40.398161+00:00 flow_cell_id=AWX817 basecall_gpu=NVIDIA_Tegra_X2 protocol_group_id=ONT_trialEb_250925 sample_id=ONT_trail_250925 barcode=barcode14 barcode_alias=barcode14 parent_read_id=3132619e-e23f-4fa6-8384-408027ad2cc2 basecall_model_version_id=dna_r10.4.1_e8.2_400bps_hac@v4.3.0 rc
2	f14a40ba-0d5a-4dc7-9081-88eb395d1b13 runid=0dfb5b492dc86ce99bf7c61c734eb364afcdb5c8 ch=110 start_time=2025-09-25T16:41:53.398161+00:00 flow_cell_id=AWX817 basecall_gpu=NVIDIA_Tegra_X2 protocol_group_id=ONT_trialEb_250925 sample_id=ONT_trail_250925 barcode=barcode13 barcode_alias=barcode13 parent_read_id=f14a40ba-0d5a-4dc7-9081-88eb395d1b13 basecall_model_version_id=dna_r10.4.1_e8.2_400bps_hac@v4.3.0 rc
2	21235656-b7e0-4801-a97c-49dc682e3b52 runid=0dfb5b492dc86ce99bf7c61c734eb364afcdb5c8 ch=44 start_time=2025-09-25T23:26:47.398161+00:00 flow_cell_id=AWX817 basecall_gpu=NVIDIA_Tegra_X2 protocol_group_id=ONT_trialEb_250925 sample_id=ONT_trail_250925 barcode=barcode23 barcode_alias=barcode23 parent_read_id=21235656-b7e0-4801-a97c-49dc682e3b52 basecall_model_version_id=dna_r10.4.1_e8.2_400bps_hac@v4.3.0 rc
2	d252e3e5-8b76-4b3a-af37-281dc4b62d55 runid=0dfb5b492dc86ce99bf7c61c734eb364afcdb5c8 ch=58 start_time=2025-09-25T17:45:23.398161+00:00 flow_cell_id=AWX817 basecall_gpu=NVIDIA_Tegra_X2 protocol_group_id=ONT_trialEb_250925 sample_id=ONT_trail_250925 barcode=barcode14 barcode_alias=barcode14 parent_read_id=d252e3e5-8b76-4b3a-af37-281dc4b62d55 basecall_model_version_id=dna_r10.4.1_e8.2_400bps_hac@v4.3.0
2	508ba779-b6c3-490e-bad1-66b0352ca9df runid=0dfb5b492dc86ce99bf7c61c734eb364afcdb5c8 ch=4 start_time=2025-09-26T01:26:14.398161+00:00 flow_cell_id=AWX817 basecall_gpu=NVIDIA_Tegra_X2 protocol_group_id=ONT_trialEb_250925 sample_id=ONT_trail_250925 barcode=barcode13 barcode_alias=barcode13 parent_read_id=0c04917f-c39b-4dc3-8ad9-6d3d6a82026f basecall_model_version_id=dna_r10.4.1_e8.2_400bps_hac@v4.3.0 rc
2	370afc8c-f148-4f00-b09c-2b880b50fccd runid=0dfb5b492dc86ce99bf7c61c734eb364afcdb5c8 ch=108 start_time=2025-09-25T16:40:39.398161+00:00 flow_cell_id=AWX817 basecall_gpu=NVIDIA_Tegra_X2 protocol_group_id=ONT_trialEb_250925 sample_id=ONT_trail_250925 barcode=barcode14 barcode_alias=barcode14 parent_read_id=370afc8c-f148-4f00-b09c-2b880b50fccd basecall_model_version_id=dna_r10.4.1_e8.2_400bps_hac@v4.3.0
2	3878ef18-43f4-4af0-a36c-adff5d748263 runid=0dfb5b492dc86ce99bf7c61c734eb364afcdb5c8 ch=4 start_time=2025-09-25T18:23:38.398161+00:00 flow_cell_id=AWX817 basecall_gpu=NVIDIA_Tegra_X2 protocol_group_id=ONT_trialEb_250925 sample_id=ONT_trail_250925 barcode=barcode22 barcode_alias=barcode22 parent_read_id=3878ef18-43f4-4af0-a36c-adff5d748263 basecall_model_version_id=dna_r10.4.1_e8.2_400bps_hac@v4.3.0 rc
2	8534282a-d029-4f7d-9721-ccd5537007c7 runid=0dfb5b492dc86ce99bf7c61c734eb364afcdb5c8 ch=20 start_time=2025-09-25T20:55:33.398161+00:00 flow_cell_id=AWX817 basecall_gpu=NVIDIA_Tegra_X2 protocol_group_id=ONT_trialEb_250925 sample_id=ONT_trail_250925 barcode=barcode23 barcode_alias=barcode23 parent_read_id=8534282a-d029-4f7d-9721-ccd5537007c7 basecall_model_version_id=dna_r10.4.1_e8.2_400bps_hac@v4.3.0 rc
2	5015fe5b-3a93-4517-9776-89cad55f3bb5 runid=0dfb5b492dc86ce99bf7c61c734eb364afcdb5c8 ch=106 start_time=2025-09-25T17:00:35.398161+00:00 flow_cell_id=AWX817 basecall_gpu=NVIDIA_Tegra_X2 protocol_group_id=ONT_trialEb_250925 sample_id=ONT_trail_250925 barcode=barcode22 barcode_alias=barcode22 parent_read_id=5015fe5b-3a93-4517-9776-89cad55f3bb5 basecall_model_version_id=dna_r10.4.1_e8.2_400bps_hac@v4.3.0
2	787f7563-eea0-43cf-b8a5-598b14624949 runid=0dfb5b492dc86ce99bf7c61c734eb364afcdb5c8 ch=57 start_time=2025-09-25T16:22:08.398161+00:00 flow_cell_id=AWX817 basecall_gpu=NVIDIA_Tegra_X2 protocol_group_id=ONT_trialEb_250925 sample_id=ONT_trail_250925 barcode=barcode22 barcode_alias=barcode22 parent_read_id=787f7563-eea0-43cf-b8a5-598b14624949 basecall_model_version_id=dna_r10.4.1_e8.2_400bps_hac@v4.3.0 rc
2	2204c0a6-127c-4fb0-a858-01b8c03f7c46 runid=0dfb5b492dc86ce99bf7c61c734eb364afcdb5c8 ch=4 start_time=2025-09-25T23:53:16.398161+00:00 flow_cell_id=AWX817 basecall_gpu=NVIDIA_Tegra_X2 protocol_group_id=ONT_trialEb_250925 sample_id=ONT_trail_250925 barcode=barcode14 barcode_alias=barcode14 parent_read_id=2204c0a6-127c-4fb0-a858-01b8c03f7c46 basecall_model_version_id=dna_r10.4.1_e8.2_400bps_hac@v4.3.0
2	33f0a21c-bab6-4250-baa2-69c8895e0e3d runid=0dfb5b492dc86ce99bf7c61c734eb364afcdb5c8 ch=91 start_time=2025-09-25T17:30:12.398161+00:00 flow_cell_id=AWX817 basecall_gpu=NVIDIA_Tegra_X2 protocol_group_id=ONT_trialEb_250925 sample_id=ONT_trail_250925 barcode=barcode13 barcode_alias=barcode13 parent_read_id=33f0a21c-bab6-4250-baa2-69c8895e0e3d basecall_model_version_id=dna_r10.4.1_e8.2_400bps_hac@v4.3.0 rc
2	29feb11d-ae62-4958-92c6-1ef8251ad463 runid=0dfb5b492dc86ce99bf7c61c734eb364afcdb5c8 ch=110 start_time=2025-09-25T19:39:44.398161+00:00 flow_cell_id=AWX817 basecall_gpu=NVIDIA_Tegra_X2 protocol_group_id=ONT_trialEb_250925 sample_id=ONT_trail_250925 barcode=barcode22 barcode_alias=barcode22 parent_read_id=29feb11d-ae62-4958-92c6-1ef8251ad463 basecall_model_version_id=dna_r10.4.1_e8.2_400bps_hac@v4.3.0
2	7bb72921-7804-4fb7-a669-a1ae4a93def7 runid=0dfb5b492dc86ce99bf7c61c734eb364afcdb5c8 ch=94 start_time=2025-09-25T17:29:47.398161+00:00 flow_cell_id=AWX817 basecall_gpu=NVIDIA_Tegra_X2 protocol_group_id=ONT_trialEb_250925 sample_id=ONT_trail_250925 barcode=barcode15 barcode_alias=barcode15 parent_read_id=7bb72921-7804-4fb7-a669-a1ae4a93def7 basecall_model_version_id=dna_r10.4.1_e8.2_400bps_hac@v4.3.0 rc
2	f929de55-8b33-4e62-8970-31b4926d8f38 runid=0dfb5b492dc86ce99bf7c61c734eb364afcdb5c8 ch=23 start_time=2025-09-25T19:06:48.398161+00:00 flow_cell_id=AWX817 basecall_gpu=NVIDIA_Tegra_X2 protocol_group_id=ONT_trialEb_250925 sample_id=ONT_trail_250925 barcode=barcode13 barcode_alias=barcode13 parent_read_id=f929de55-8b33-4e62-8970-31b4926d8f38 basecall_model_version_id=dna_r10.4.1_e8.2_400bps_hac@v4.3.0 rc
2	fda56a0a-ac55-459a-806a-6a4939f8f035 runid=0dfb5b492dc86ce99bf7c61c734eb364afcdb5c8 ch=20 start_time=2025-09-25T21:15:22.398161+00:00 flow_cell_id=AWX817 basecall_gpu=NVIDIA_Tegra_X2 protocol_group_id=ONT_trialEb_250925 sample_id=ONT_trail_250925 barcode=barcode14 barcode_alias=barcode14 parent_read_id=fda56a0a-ac55-459a-806a-6a4939f8f035 basecall_model_version_id=dna_r10.4.1_e8.2_400bps_hac@v4.3.0
2	2d696708-ede0-4cc7-a0e0-6469a5e919fa runid=0dfb5b492dc86ce99bf7c61c734eb364afcdb5c8 ch=44 start_time=2025-09-25T22:37:11.398161+00:00 flow_cell_id=AWX817 basecall_gpu=NVIDIA_Tegra_X2 protocol_group_id=ONT_trialEb_250925 sample_id=ONT_trail_250925 barcode=barcode22 barcode_alias=barcode22 parent_read_id=2d696708-ede0-4cc7-a0e0-6469a5e919fa basecall_model_version_id=dna_r10.4.1_e8.2_400bps_hac@v4.3.0 rc
2	2d696708-ede0-4cc7-a0e0-6469a5e919fa runid=0dfb5b492dc86ce99bf7c61c734eb364afcdb5c8 ch=44 start_time=2025-09-25T22:37:11.398161+00:00 flow_cell_id=AWX817 basecall_gpu=NVIDIA_Tegra_X2 protocol_group_id=ONT_trialEb_250925 sample_id=ONT_trail_250925 barcode=barcode22 barcode_alias=barcode22 parent_read_id=2d696708-ede0-4cc7-a0e0-6469a5e919fa basecall_model_version_id=dna_r10.4.1_e8.2_400bps_hac@v4.3.0 rc
2	924c0f6b-d77b-45ba-b956-f603cb60537d runid=0dfb5b492dc86ce99bf7c61c734eb364afcdb5c8 ch=73 start_time=2025-09-25T20:55:21.398161+00:00 flow_cell_id=AWX817 basecall_gpu=NVIDIA_Tegra_X2 protocol_group_id=ONT_trialEb_250925 sample_id=ONT_trail_250925 barcode=barcode13 barcode_alias=barcode13 parent_read_id=8cf7a855-47d2-428c-bd57-6c38ab21cda4 basecall_model_version_id=dna_r10.4.1_e8.2_400bps_hac@v4.3.0 rc
2	efd3a284-020d-4966-93c8-c67399a51f14 runid=0dfb5b492dc86ce99bf7c61c734eb364afcdb5c8 ch=40 start_time=2025-09-25T15:59:43.398161+00:00 flow_cell_id=AWX817 basecall_gpu=NVIDIA_Tegra_X2 protocol_group_id=ONT_trialEb_250925 sample_id=ONT_trail_250925 barcode=barcode22 barcode_alias=barcode22 parent_read_id=efd3a284-020d-4966-93c8-c67399a51f14 basecall_model_version_id=dna_r10.4.1_e8.2_400bps_hac@v4.3.0
2	6b8a8e9b-2c8a-4b96-a0d7-4b408fa3ed58 runid=0dfb5b492dc86ce99bf7c61c734eb364afcdb5c8 ch=4 start_time=2025-09-25T20:49:21.398161+00:00 flow_cell_id=AWX817 basecall_gpu=NVIDIA_Tegra_X2 protocol_group_id=ONT_trialEb_250925 sample_id=ONT_trail_250925 barcode=barcode13 barcode_alias=barcode13 parent_read_id=6b8a8e9b-2c8a-4b96-a0d7-4b408fa3ed58 basecall_model_version_id=dna_r10.4.1_e8.2_400bps_hac@v4.3.0
2	fb056b36-c882-4596-ac51-e73ff271c954 runid=0dfb5b492dc86ce99bf7c61c734eb364afcdb5c8 ch=41 start_time=2025-09-25T22:24:24.398161+00:00 flow_cell_id=AWX817 basecall_gpu=NVIDIA_Tegra_X2 protocol_group_id=ONT_trialEb_250925 sample_id=ONT_trail_250925 barcode=barcode14 barcode_alias=barcode14 parent_read_id=fb056b36-c882-4596-ac51-e73ff271c954 basecall_model_version_id=dna_r10.4.1_e8.2_400bps_hac@v4.3.0
2	e3b3648b-9ed4-41bb-a7ec-fc395c548aeb runid=0dfb5b492dc86ce99bf7c61c734eb364afcdb5c8 ch=4 start_time=2025-09-25T16:37:28.398161+00:00 flow_cell_id=AWX817 basecall_gpu=NVIDIA_Tegra_X2 protocol_group_id=ONT_trialEb_250925 sample_id=ONT_trail_250925 barcode=barcode13 barcode_alias=barcode13 parent_read_id=e3b3648b-9ed4-41bb-a7ec-fc395c548aeb basecall_model_version_id=dna_r10.4.1_e8.2_400bps_hac@v4.3.0 rc
2	abfe038f-e21e-41da-9a7d-03beb225706b runid=0dfb5b492dc86ce99bf7c61c734eb364afcdb5c8 ch=106 start_time=2025-09-25T20:19:55.398161+00:00 flow_cell_id=AWX817 basecall_gpu=NVIDIA_Tegra_X2 protocol_group_id=ONT_trialEb_250925 sample_id=ONT_trail_250925 barcode=barcode13 barcode_alias=barcode13 parent_read_id=abfe038f-e21e-41da-9a7d-03beb225706b basecall_model_version_id=dna_r10.4.1_e8.2_400bps_hac@v4.3.0
2	0a0214df-f3eb-4f4f-9cef-23dd6d164f3d runid=0dfb5b492dc86ce99bf7c61c734eb364afcdb5c8 ch=110 start_time=2025-09-25T19:28:56.398161+00:00 flow_cell_id=AWX817 basecall_gpu=NVIDIA_Tegra_X2 protocol_group_id=ONT_trialEb_250925 sample_id=ONT_trail_250925 barcode=barcode13 barcode_alias=barcode13 parent_read_id=0a0214df-f3eb-4f4f-9cef-23dd6d164f3d basecall_model_version_id=dna_r10.4.1_e8.2_400bps_hac@v4.3.0 rc
2	82d254e0-bceb-42ee-aaca-9196c7883ed5 runid=0dfb5b492dc86ce99bf7c61c734eb364afcdb5c8 ch=4 start_time=2025-09-26T06:28:16.398161+00:00 flow_cell_id=AWX817 basecall_gpu=NVIDIA_Tegra_X2 protocol_group_id=ONT_trialEb_250925 sample_id=ONT_trail_250925 barcode=barcode14 barcode_alias=barcode14 parent_read_id=82d254e0-bceb-42ee-aaca-9196c7883ed5 basecall_model_version_id=dna_r10.4.1_e8.2_400bps_hac@v4.3.0
2	0f7cdb03-e3e9-4991-ae0a-8d0cdf88d8ee runid=0dfb5b492dc86ce99bf7c61c734eb364afcdb5c8 ch=40 start_time=2025-09-25T15:46:10.398161+00:00 flow_cell_id=AWX817 basecall_gpu=NVIDIA_Tegra_X2 protocol_group_id=ONT_trialEb_250925 sample_id=ONT_trail_250925 barcode=barcode14 barcode_alias=barcode14 parent_read_id=0f7cdb03-e3e9-4991-ae0a-8d0cdf88d8ee basecall_model_version_id=dna_r10.4.1_e8.2_400bps_hac@v4.3.0
2	0f7cdb03-e3e9-4991-ae0a-8d0cdf88d8ee runid=0dfb5b492dc86ce99bf7c61c734eb364afcdb5c8 ch=40 start_time=2025-09-25T15:46:10.398161+00:00 flow_cell_id=AWX817 basecall_gpu=NVIDIA_Tegra_X2 protocol_group_id=ONT_trialEb_250925 sample_id=ONT_trail_250925 barcode=barcode14 barcode_alias=barcode14 parent_read_id=0f7cdb03-e3e9-4991-ae0a-8d0cdf88d8ee basecall_model_version_id=dna_r10.4.1_e8.2_400bps_hac@v4.3.0
2	d77296e3-fb27-4d76-bf07-f9759ecc37d1 runid=0dfb5b492dc86ce99bf7c61c734eb364afcdb5c8 ch=40 start_time=2025-09-25T16:07:09.398161+00:00 flow_cell_id=AWX817 basecall_gpu=NVIDIA_Tegra_X2 protocol_group_id=ONT_trialEb_250925 sample_id=ONT_trail_250925 barcode=barcode14 barcode_alias=barcode14 parent_read_id=d77296e3-fb27-4d76-bf07-f9759ecc37d1 basecall_model_version_id=dna_r10.4.1_e8.2_400bps_hac@v4.3.0 rc
2	e953d940-c10f-460e-a416-4c3dd3f3393c runid=0dfb5b492dc86ce99bf7c61c734eb364afcdb5c8 ch=20 start_time=2025-09-26T02:49:08.398161+00:00 flow_cell_id=AWX817 basecall_gpu=NVIDIA_Tegra_X2 protocol_group_id=ONT_trialEb_250925 sample_id=ONT_trail_250925 barcode=barcode15 barcode_alias=barcode15 parent_read_id=e953d940-c10f-460e-a416-4c3dd3f3393c basecall_model_version_id=dna_r10.4.1_e8.2_400bps_hac@v4.3.0
2	433be690-37f0-443d-8e3e-0604270d5452 runid=0dfb5b492dc86ce99bf7c61c734eb364afcdb5c8 ch=79 start_time=2025-09-25T18:38:22.398161+00:00 flow_cell_id=AWX817 basecall_gpu=NVIDIA_Tegra_X2 protocol_group_id=ONT_trialEb_250925 sample_id=ONT_trail_250925 barcode=barcode22 barcode_alias=barcode22 parent_read_id=433be690-37f0-443d-8e3e-0604270d5452 basecall_model_version_id=dna_r10.4.1_e8.2_400bps_hac@v4.3.0 rc
2	3730f241-a8d1-496b-8036-16347c18fc4c runid=0dfb5b492dc86ce99bf7c61c734eb364afcdb5c8 ch=5 start_time=2025-09-25T20:21:18.398161+00:00 flow_cell_id=AWX817 basecall_gpu=NVIDIA_Tegra_X2 protocol_group_id=ONT_trialEb_250925 sample_id=ONT_trail_250925 barcode=barcode24 barcode_alias=barcode24 parent_read_id=3730f241-a8d1-496b-8036-16347c18fc4c basecall_model_version_id=dna_r10.4.1_e8.2_400bps_hac@v4.3.0 rc
2	083398a9-aaac-471a-b934-36dcfd2e763e runid=0dfb5b492dc86ce99bf7c61c734eb364afcdb5c8 ch=44 start_time=2025-09-26T00:20:35.398161+00:00 flow_cell_id=AWX817 basecall_gpu=NVIDIA_Tegra_X2 protocol_group_id=ONT_trialEb_250925 sample_id=ONT_trail_250925 barcode=barcode22 barcode_alias=barcode22 parent_read_id=083398a9-aaac-471a-b934-36dcfd2e763e basecall_model_version_id=dna_r10.4.1_e8.2_400bps_hac@v4.3.0 rc
2	d01048f1-d5de-44ad-8f39-d43e4bbc07a5 runid=0dfb5b492dc86ce99bf7c61c734eb364afcdb5c8 ch=67 start_time=2025-09-26T08:27:31.398161+00:00 flow_cell_id=AWX817 basecall_gpu=NVIDIA_Tegra_X2 protocol_group_id=ONT_trialEb_250925 sample_id=ONT_trail_250925 barcode=barcode24 barcode_alias=barcode24 parent_read_id=d01048f1-d5de-44ad-8f39-d43e4bbc07a5 basecall_model_version_id=dna_r10.4.1_e8.2_400bps_hac@v4.3.0 rc
2	4a0c89e7-d175-45af-aadf-af59aaf833b7 runid=0dfb5b492dc86ce99bf7c61c734eb364afcdb5c8 ch=44 start_time=2025-09-26T02:57:36.398161+00:00 flow_cell_id=AWX817 basecall_gpu=NVIDIA_Tegra_X2 protocol_group_id=ONT_trialEb_250925 sample_id=ONT_trail_250925 barcode=barcode14 barcode_alias=barcode14 parent_read_id=4a0c89e7-d175-45af-aadf-af59aaf833b7 basecall_model_version_id=dna_r10.4.1_e8.2_400bps_hac@v4.3.0
2	d212c84d-a1f8-45c8-819e-0e0055f1bba8 runid=0dfb5b492dc86ce99bf7c61c734eb364afcdb5c8 ch=49 start_time=2025-09-26T06:26:06.398161+00:00 flow_cell_id=AWX817 basecall_gpu=NVIDIA_Tegra_X2 protocol_group_id=ONT_trialEb_250925 sample_id=ONT_trail_250925 barcode=barcode15 barcode_alias=barcode15 parent_read_id=d212c84d-a1f8-45c8-819e-0e0055f1bba8 basecall_model_version_id=dna_r10.4.1_e8.2_400bps_hac@v4.3.0 rc
2	00e3c0d6-f053-4160-94c4-e003284dd2ef runid=0dfb5b492dc86ce99bf7c61c734eb364afcdb5c8 ch=4 start_time=2025-09-25T19:42:02.398161+00:00 flow_cell_id=AWX817 basecall_gpu=NVIDIA_Tegra_X2 protocol_group_id=ONT_trialEb_250925 sample_id=ONT_trail_250925 barcode=barcode13 barcode_alias=barcode13 parent_read_id=00e3c0d6-f053-4160-94c4-e003284dd2ef basecall_model_version_id=dna_r10.4.1_e8.2_400bps_hac@v4.3.0 rc
2	9a6efc0a-143d-4581-a5d0-29b89f561ea4 runid=0dfb5b492dc86ce99bf7c61c734eb364afcdb5c8 ch=20 start_time=2025-09-25T16:22:03.398161+00:00 flow_cell_id=AWX817 basecall_gpu=NVIDIA_Tegra_X2 protocol_group_id=ONT_trialEb_250925 sample_id=ONT_trail_250925 barcode=barcode13 barcode_alias=barcode13 parent_read_id=9a6efc0a-143d-4581-a5d0-29b89f561ea4 basecall_model_version_id=dna_r10.4.1_e8.2_400bps_hac@v4.3.0
2	5ad26c67-0d23-4e6b-bb55-0f7cca386fac runid=0dfb5b492dc86ce99bf7c61c734eb364afcdb5c8 ch=20 start_time=2025-09-25T17:27:31.398161+00:00 flow_cell_id=AWX817 basecall_gpu=NVIDIA_Tegra_X2 protocol_group_id=ONT_trialEb_250925 sample_id=ONT_trail_250925 barcode=barcode24 barcode_alias=barcode24 parent_read_id=5ad26c67-0d23-4e6b-bb55-0f7cca386fac basecall_model_version_id=dna_r10.4.1_e8.2_400bps_hac@v4.3.0
2	18ad298b-6086-4cff-ad7f-ef7948f6bccf runid=0dfb5b492dc86ce99bf7c61c734eb364afcdb5c8 ch=94 start_time=2025-09-25T16:46:35.398161+00:00 flow_cell_id=AWX817 basecall_gpu=NVIDIA_Tegra_X2 protocol_group_id=ONT_trialEb_250925 sample_id=ONT_trail_250925 barcode=barcode13 barcode_alias=barcode13 parent_read_id=18ad298b-6086-4cff-ad7f-ef7948f6bccf basecall_model_version_id=dna_r10.4.1_e8.2_400bps_hac@v4.3.0
2	e164b977-0d9d-4b1a-84d1-899589372354 runid=0dfb5b492dc86ce99bf7c61c734eb364afcdb5c8 ch=79 start_time=2025-09-25T23:59:42.398161+00:00 flow_cell_id=AWX817 basecall_gpu=NVIDIA_Tegra_X2 protocol_group_id=ONT_trialEb_250925 sample_id=ONT_trail_250925 barcode=barcode24 barcode_alias=barcode24 parent_read_id=e164b977-0d9d-4b1a-84d1-899589372354 basecall_model_version_id=dna_r10.4.1_e8.2_400bps_hac@v4.3.0
2	6d2862cb-b879-435c-9c60-d5837f2e8346 runid=0dfb5b492dc86ce99bf7c61c734eb364afcdb5c8 ch=20 start_time=2025-09-26T06:47:40.398161+00:00 flow_cell_id=AWX817 basecall_gpu=NVIDIA_Tegra_X2 protocol_group_id=ONT_trialEb_250925 sample_id=ONT_trail_250925 barcode=barcode15 barcode_alias=barcode15 parent_read_id=6d2862cb-b879-435c-9c60-d5837f2e8346 basecall_model_version_id=dna_r10.4.1_e8.2_400bps_hac@v4.3.0
2	0d4a2708-463e-4bdb-8788-0355c825066b runid=0dfb5b492dc86ce99bf7c61c734eb364afcdb5c8 ch=41 start_time=2025-09-25T20:39:31.398161+00:00 flow_cell_id=AWX817 basecall_gpu=NVIDIA_Tegra_X2 protocol_group_id=ONT_trialEb_250925 sample_id=ONT_trail_250925 barcode=barcode23 barcode_alias=barcode23 parent_read_id=0d4a2708-463e-4bdb-8788-0355c825066b basecall_model_version_id=dna_r10.4.1_e8.2_400bps_hac@v4.3.0
2	024e3364-541e-48ae-b0f9-2f0bb7f51fd4 runid=0dfb5b492dc86ce99bf7c61c734eb364afcdb5c8 ch=5 start_time=2025-09-25T23:22:05.398161+00:00 flow_cell_id=AWX817 basecall_gpu=NVIDIA_Tegra_X2 protocol_group_id=ONT_trialEb_250925 sample_id=ONT_trail_250925 barcode=barcode13 barcode_alias=barcode13 parent_read_id=024e3364-541e-48ae-b0f9-2f0bb7f51fd4 basecall_model_version_id=dna_r10.4.1_e8.2_400bps_hac@v4.3.0 rc
2	83ed136b-db78-47f8-b734-5bbea72bc81d runid=0dfb5b492dc86ce99bf7c61c734eb364afcdb5c8 ch=79 start_time=2025-09-25T15:53:23.398161+00:00 flow_cell_id=AWX817 basecall_gpu=NVIDIA_Tegra_X2 protocol_group_id=ONT_trialEb_250925 sample_id=ONT_trail_250925 barcode=barcode14 barcode_alias=barcode14 parent_read_id=83ed136b-db78-47f8-b734-5bbea72bc81d basecall_model_version_id=dna_r10.4.1_e8.2_400bps_hac@v4.3.0 rc
2	e044c7e6-34c2-469c-95d3-12f141bd78d2 runid=0dfb5b492dc86ce99bf7c61c734eb364afcdb5c8 ch=110 start_time=2025-09-25T22:06:30.398161+00:00 flow_cell_id=AWX817 basecall_gpu=NVIDIA_Tegra_X2 protocol_group_id=ONT_trialEb_250925 sample_id=ONT_trail_250925 barcode=barcode24 barcode_alias=barcode24 parent_read_id=e044c7e6-34c2-469c-95d3-12f141bd78d2 basecall_model_version_id=dna_r10.4.1_e8.2_400bps_hac@v4.3.0 rc
2	61171906-1793-4176-a267-d6c79fc049d1 runid=0dfb5b492dc86ce99bf7c61c734eb364afcdb5c8 ch=110 start_time=2025-09-25T16:53:04.398161+00:00 flow_cell_id=AWX817 basecall_gpu=NVIDIA_Tegra_X2 protocol_group_id=ONT_trialEb_250925 sample_id=ONT_trail_250925 barcode=barcode22 barcode_alias=barcode22 parent_read_id=61171906-1793-4176-a267-d6c79fc049d1 basecall_model_version_id=dna_r10.4.1_e8.2_400bps_hac@v4.3.0
2	15fb900a-4b66-4f99-bea1-5ff3d81ce0bd runid=0dfb5b492dc86ce99bf7c61c734eb364afcdb5c8 ch=20 start_time=2025-09-26T06:27:56.398161+00:00 flow_cell_id=AWX817 basecall_gpu=NVIDIA_Tegra_X2 protocol_group_id=ONT_trialEb_250925 sample_id=ONT_trail_250925 barcode=barcode13 barcode_alias=barcode13 parent_read_id=15fb900a-4b66-4f99-bea1-5ff3d81ce0bd basecall_model_version_id=dna_r10.4.1_e8.2_400bps_hac@v4.3.0
2	66b4557c-c241-41a9-928a-f4cbb56c5cd0 runid=0dfb5b492dc86ce99bf7c61c734eb364afcdb5c8 ch=94 start_time=2025-09-25T16:51:57.398161+00:00 flow_cell_id=AWX817 basecall_gpu=NVIDIA_Tegra_X2 protocol_group_id=ONT_trialEb_250925 sample_id=ONT_trail_250925 barcode=barcode23 barcode_alias=barcode23 parent_read_id=66b4557c-c241-41a9-928a-f4cbb56c5cd0 basecall_model_version_id=dna_r10.4.1_e8.2_400bps_hac@v4.3.0
2	4f01e9e2-eda8-4fde-b4a0-67780cb3f052 runid=0dfb5b492dc86ce99bf7c61c734eb364afcdb5c8 ch=4 start_time=2025-09-26T00:46:45.398161+00:00 flow_cell_id=AWX817 basecall_gpu=NVIDIA_Tegra_X2 protocol_group_id=ONT_trialEb_250925 sample_id=ONT_trail_250925 barcode=barcode14 barcode_alias=barcode14 parent_read_id=4f01e9e2-eda8-4fde-b4a0-67780cb3f052 basecall_model_version_id=dna_r10.4.1_e8.2_400bps_hac@v4.3.0 rc
2	b9d9b953-a1cf-4b97-bb6f-b129d9728ffa runid=0dfb5b492dc86ce99bf7c61c734eb364afcdb5c8 ch=4 start_time=2025-09-25T23:07:31.398161+00:00 flow_cell_id=AWX817 basecall_gpu=NVIDIA_Tegra_X2 protocol_group_id=ONT_trialEb_250925 sample_id=ONT_trail_250925 barcode=barcode14 barcode_alias=barcode14 parent_read_id=b9d9b953-a1cf-4b97-bb6f-b129d9728ffa basecall_model_version_id=dna_r10.4.1_e8.2_400bps_hac@v4.3.0 rc
2	a1926b66-286a-4a7d-8222-e449364f4169 runid=0dfb5b492dc86ce99bf7c61c734eb364afcdb5c8 ch=20 start_time=2025-09-26T05:37:10.398161+00:00 flow_cell_id=AWX817 basecall_gpu=NVIDIA_Tegra_X2 protocol_group_id=ONT_trialEb_250925 sample_id=ONT_trail_250925 barcode=barcode15 barcode_alias=barcode15 parent_read_id=a1926b66-286a-4a7d-8222-e449364f4169 basecall_model_version_id=dna_r10.4.1_e8.2_400bps_hac@v4.3.0
2	e0ee9d1b-d7ea-4b44-ac62-ff1e5bc016b0 runid=0dfb5b492dc86ce99bf7c61c734eb364afcdb5c8 ch=77 start_time=2025-09-25T21:16:25.398161+00:00 flow_cell_id=AWX817 basecall_gpu=NVIDIA_Tegra_X2 protocol_group_id=ONT_trialEb_250925 sample_id=ONT_trail_250925 barcode=barcode14 barcode_alias=barcode14 parent_read_id=e0ee9d1b-d7ea-4b44-ac62-ff1e5bc016b0 basecall_model_version_id=dna_r10.4.1_e8.2_400bps_hac@v4.3.0
2	637baac9-5a2e-4424-a418-95c0d02e2d10 runid=0dfb5b492dc86ce99bf7c61c734eb364afcdb5c8 ch=44 start_time=2025-09-25T18:36:46.398161+00:00 flow_cell_id=AWX817 basecall_gpu=NVIDIA_Tegra_X2 protocol_group_id=ONT_trialEb_250925 sample_id=ONT_trail_250925 barcode=barcode23 barcode_alias=barcode23 parent_read_id=637baac9-5a2e-4424-a418-95c0d02e2d10 basecall_model_version_id=dna_r10.4.1_e8.2_400bps_hac@v4.3.0 rc
2	6b630160-cb0f-4b42-9490-2e3022a1aba0 runid=0dfb5b492dc86ce99bf7c61c734eb364afcdb5c8 ch=44 start_time=2025-09-25T21:21:58.398161+00:00 flow_cell_id=AWX817 basecall_gpu=NVIDIA_Tegra_X2 protocol_group_id=ONT_trialEb_250925 sample_id=ONT_trail_250925 barcode=barcode22 barcode_alias=barcode22 parent_read_id=6b630160-cb0f-4b42-9490-2e3022a1aba0 basecall_model_version_id=dna_r10.4.1_e8.2_400bps_hac@v4.3.0 rc
2	6c9cf900-1d71-4b44-9d88-dcb667590e70 runid=0dfb5b492dc86ce99bf7c61c734eb364afcdb5c8 ch=42 start_time=2025-09-26T04:40:45.398161+00:00 flow_cell_id=AWX817 basecall_gpu=NVIDIA_Tegra_X2 protocol_group_id=ONT_trialEb_250925 sample_id=ONT_trail_250925 barcode=barcode22 barcode_alias=barcode22 parent_read_id=6c9cf900-1d71-4b44-9d88-dcb667590e70 basecall_model_version_id=dna_r10.4.1_e8.2_400bps_hac@v4.3.0
2	7dfc34e6-cf2b-40de-b842-6f6e4e929ab7 runid=0dfb5b492dc86ce99bf7c61c734eb364afcdb5c8 ch=44 start_time=2025-09-26T02:17:21.398161+00:00 flow_cell_id=AWX817 basecall_gpu=NVIDIA_Tegra_X2 protocol_group_id=ONT_trialEb_250925 sample_id=ONT_trail_250925 barcode=barcode24 barcode_alias=barcode24 parent_read_id=ad9606e3-ce9b-40e7-99e9-8dc599a50ce8 basecall_model_version_id=dna_r10.4.1_e8.2_400bps_hac@v4.3.0
2	4dae2ca6-2877-43c4-befe-6f989ecac9e1 runid=0dfb5b492dc86ce99bf7c61c734eb364afcdb5c8 ch=57 start_time=2025-09-25T17:30:28.398161+00:00 flow_cell_id=AWX817 basecall_gpu=NVIDIA_Tegra_X2 protocol_group_id=ONT_trialEb_250925 sample_id=ONT_trail_250925 barcode=barcode15 barcode_alias=barcode15 parent_read_id=4dae2ca6-2877-43c4-befe-6f989ecac9e1 basecall_model_version_id=dna_r10.4.1_e8.2_400bps_hac@v4.3.0 rc
2	572539ba-35fe-4f29-929d-58f98821fbbf runid=0dfb5b492dc86ce99bf7c61c734eb364afcdb5c8 ch=15 start_time=2025-09-25T18:22:36.398161+00:00 flow_cell_id=AWX817 basecall_gpu=NVIDIA_Tegra_X2 protocol_group_id=ONT_trialEb_250925 sample_id=ONT_trail_250925 barcode=barcode24 barcode_alias=barcode24 parent_read_id=572539ba-35fe-4f29-929d-58f98821fbbf basecall_model_version_id=dna_r10.4.1_e8.2_400bps_hac@v4.3.0 rc
2	757aaad6-ed9a-4cac-b88b-19918b3044eb runid=0dfb5b492dc86ce99bf7c61c734eb364afcdb5c8 ch=79 start_time=2025-09-25T17:06:31.398161+00:00 flow_cell_id=AWX817 basecall_gpu=NVIDIA_Tegra_X2 protocol_group_id=ONT_trialEb_250925 sample_id=ONT_trail_250925 barcode=barcode14 barcode_alias=barcode14 parent_read_id=757aaad6-ed9a-4cac-b88b-19918b3044eb basecall_model_version_id=dna_r10.4.1_e8.2_400bps_hac@v4.3.0 rc
2	2b958f99-ed22-463a-8303-753a3e11577d runid=0dfb5b492dc86ce99bf7c61c734eb364afcdb5c8 ch=93 start_time=2025-09-25T17:23:56.398161+00:00 flow_cell_id=AWX817 basecall_gpu=NVIDIA_Tegra_X2 protocol_group_id=ONT_trialEb_250925 sample_id=ONT_trail_250925 barcode=barcode22 barcode_alias=barcode22 parent_read_id=2b958f99-ed22-463a-8303-753a3e11577d basecall_model_version_id=dna_r10.4.1_e8.2_400bps_hac@v4.3.0
2	0c74abc1-c3a6-4595-bfef-fd426bd1fe78 runid=0dfb5b492dc86ce99bf7c61c734eb364afcdb5c8 ch=118 start_time=2025-09-26T03:31:48.398161+00:00 flow_cell_id=AWX817 basecall_gpu=NVIDIA_Tegra_X2 protocol_group_id=ONT_trialEb_250925 sample_id=ONT_trail_250925 barcode=barcode22 barcode_alias=barcode22 parent_read_id=0c74abc1-c3a6-4595-bfef-fd426bd1fe78 basecall_model_version_id=dna_r10.4.1_e8.2_400bps_hac@v4.3.0 rc
2	b3716d2c-3607-4adb-b464-77729bfe72dd runid=0dfb5b492dc86ce99bf7c61c734eb364afcdb5c8 ch=20 start_time=2025-09-25T16:14:38.398161+00:00 flow_cell_id=AWX817 basecall_gpu=NVIDIA_Tegra_X2 protocol_group_id=ONT_trialEb_250925 sample_id=ONT_trail_250925 barcode=barcode14 barcode_alias=barcode14 parent_read_id=b3716d2c-3607-4adb-b464-77729bfe72dd basecall_model_version_id=dna_r10.4.1_e8.2_400bps_hac@v4.3.0
2	b3716d2c-3607-4adb-b464-77729bfe72dd runid=0dfb5b492dc86ce99bf7c61c734eb364afcdb5c8 ch=20 start_time=2025-09-25T16:14:38.398161+00:00 flow_cell_id=AWX817 basecall_gpu=NVIDIA_Tegra_X2 protocol_group_id=ONT_trialEb_250925 sample_id=ONT_trail_250925 barcode=barcode14 barcode_alias=barcode14 parent_read_id=b3716d2c-3607-4adb-b464-77729bfe72dd basecall_model_version_id=dna_r10.4.1_e8.2_400bps_hac@v4.3.0
2	98a8f6aa-4166-4e8e-af4b-6a9e726981e5 runid=0dfb5b492dc86ce99bf7c61c734eb364afcdb5c8 ch=43 start_time=2025-09-25T17:27:12.398161+00:00 flow_cell_id=AWX817 basecall_gpu=NVIDIA_Tegra_X2 protocol_group_id=ONT_trialEb_250925 sample_id=ONT_trail_250925 barcode=barcode13 barcode_alias=barcode13 parent_read_id=98a8f6aa-4166-4e8e-af4b-6a9e726981e5 basecall_model_version_id=dna_r10.4.1_e8.2_400bps_hac@v4.3.0 rc
2	b12228c9-4484-42fd-bac3-338194110044 runid=0dfb5b492dc86ce99bf7c61c734eb364afcdb5c8 ch=6 start_time=2025-09-25T15:51:29.398161+00:00 flow_cell_id=AWX817 basecall_gpu=NVIDIA_Tegra_X2 protocol_group_id=ONT_trialEb_250925 sample_id=ONT_trail_250925 barcode=barcode24 barcode_alias=barcode24 parent_read_id=b12228c9-4484-42fd-bac3-338194110044 basecall_model_version_id=dna_r10.4.1_e8.2_400bps_hac@v4.3.0 rc
2	01c7efe4-6e2c-4422-860e-5e0becb1b7d7 runid=0dfb5b492dc86ce99bf7c61c734eb364afcdb5c8 ch=57 start_time=2025-09-25T16:03:25.398161+00:00 flow_cell_id=AWX817 basecall_gpu=NVIDIA_Tegra_X2 protocol_group_id=ONT_trialEb_250925 sample_id=ONT_trail_250925 barcode=barcode24 barcode_alias=barcode24 parent_read_id=01c7efe4-6e2c-4422-860e-5e0becb1b7d7 basecall_model_version_id=dna_r10.4.1_e8.2_400bps_hac@v4.3.0 rc
1456	118a9d27-366f-44d7-ae80-9733a91580d9 runid=0dfb5b492dc86ce99bf7c61c734eb364afcdb5c8 ch=39 start_time=2025-09-25T19:57:51.398161+00:00 flow_cell_id=AWX817 basecall_gpu=NVIDIA_Tegra_X2 protocol_group_id=ONT_trialEb_250925 sample_id=ONT_trail_250925 barcode=barcode23 barcode_alias=barcode23 parent_read_id=118a9d27-366f-44d7-ae80-9733a91580d9 basecall_model_version_id=dna_r10.4.1_e8.2_400bps_hac@v4.3.0 rc
1456	0985718c-9308-4ee0-baf2-a38c32dfba8b runid=0dfb5b492dc86ce99bf7c61c734eb364afcdb5c8 ch=20 start_time=2025-09-26T03:12:11.398161+00:00 flow_cell_id=AWX817 basecall_gpu=NVIDIA_Tegra_X2 protocol_group_id=ONT_trialEb_250925 sample_id=ONT_trail_250925 barcode=barcode14 barcode_alias=barcode14 parent_read_id=0985718c-9308-4ee0-baf2-a38c32dfba8b basecall_model_version_id=dna_r10.4.1_e8.2_400bps_hac@v4.3.0 rc
5319	12432e5f-7db3-4f88-b550-ef2c929fa340 runid=0dfb5b492dc86ce99bf7c61c734eb364afcdb5c8 ch=96 start_time=2025-09-26T02:08:59.398161+00:00 flow_cell_id=AWX817 basecall_gpu=NVIDIA_Tegra_X2 protocol_group_id=ONT_trialEb_250925 sample_id=ONT_trail_250925 barcode=barcode14 barcode_alias=barcode14 parent_read_id=12432e5f-7db3-4f88-b550-ef2c929fa340 basecall_model_version_id=dna_r10.4.1_e8.2_400bps_hac@v4.3.0 rc
