329752	d63f284f-3402-4dd7-aab9-e9aa597f9c47	qs:f:16.0489	ch:i:127	st:Z:2026-07-16T00:42:41.829000+00:00	RG:Z:a40d6b40-d3ad-4fe7-8245-9c92f794f831_dna_r10.4.1_e8.2_400bps_sup@v5.2.0	DS:Z:gpu:NVIDIA GeForce RTX 4070 SUPER	PU:Z:FBG39641	DT:Z:2026-07-15T14:17:26.508000+00:00	tm:Z:none
329752	d024a9ee-bfbe-4fdf-8fd8-782b86426339	qs:f:22.925	ch:i:297	st:Z:2026-07-15T15:13:45.533000+00:00	RG:Z:a40d6b40-d3ad-4fe7-8245-9c92f794f831_dna_r10.4.1_e8.2_400bps_sup@v5.2.0	DS:Z:gpu:NVIDIA GeForce RTX 4070 SUPER	PU:Z:FBG39641	DT:Z:2026-07-15T14:17:26.508000+00:00	tm:Z:adapter,primer rc
329752	9e14f252-a6cb-4f87-9c23-bedc3d727e71	qs:f:14.6204	ch:i:455	st:Z:2026-07-15T22:43:44.592000+00:00	RG:Z:a40d6b40-d3ad-4fe7-8245-9c92f794f831_dna_r10.4.1_e8.2_400bps_sup@v5.2.0	DS:Z:gpu:NVIDIA GeForce RTX 4070 SUPER	PU:Z:FBG39641	DT:Z:2026-07-15T14:17:26.508000+00:00	tm:Z:none rc
329752	fc7c93e4-72da-43a1-b594-1345f6485e03	qs:f:16.2106	ch:i:355	st:Z:2026-07-15T18:22:12.190000+00:00	RG:Z:a40d6b40-d3ad-4fe7-8245-9c92f794f831_dna_r10.4.1_e8.2_400bps_sup@v5.2.0	DS:Z:gpu:NVIDIA GeForce RTX 4070 SUPER	PU:Z:FBG39641	DT:Z:2026-07-15T14:17:26.508000+00:00	tm:Z:adapter,primer
329752	9e6b002c-e88c-41f9-8002-0e2b9ad2238d	qs:f:26.6401	ch:i:328	st:Z:2026-07-15T19:27:34.902000+00:00	RG:Z:a40d6b40-d3ad-4fe7-8245-9c92f794f831_dna_r10.4.1_e8.2_400bps_sup@v5.2.0	DS:Z:gpu:NVIDIA GeForce RTX 4070 SUPER	PU:Z:FBG39641	DT:Z:2026-07-15T14:17:26.508000+00:00	tm:Z:adapter,primer
329752	74eddcd9-7412-431d-9eff-5a7482e2ca54	qs:f:22.2642	ch:i:196	st:Z:2026-07-15T16:56:10.034000+00:00	RG:Z:a40d6b40-d3ad-4fe7-8245-9c92f794f831_dna_r10.4.1_e8.2_400bps_sup@v5.2.0	DS:Z:gpu:NVIDIA GeForce RTX 4070 SUPER	PU:Z:FBG39641	DT:Z:2026-07-15T14:17:26.508000+00:00	tm:Z:none rc
329752	8617f80d-8890-427f-b67a-10914cb0677a	qs:f:20.5502	ch:i:207	st:Z:2026-07-15T19:15:12.413000+00:00	RG:Z:a40d6b40-d3ad-4fe7-8245-9c92f794f831_dna_r10.4.1_e8.2_400bps_sup@v5.2.0	DS:Z:gpu:NVIDIA GeForce RTX 4070 SUPER	PU:Z:FBG39641	DT:Z:2026-07-15T14:17:26.508000+00:00	tm:Z:none
329752	0adcb0c8-6f22-42e1-bd11-44650e5c3391	qs:f:20.5614	ch:i:474	st:Z:2026-07-15T14:56:49.088000+00:00	RG:Z:a40d6b40-d3ad-4fe7-8245-9c92f794f831_dna_r10.4.1_e8.2_400bps_sup@v5.2.0	DS:Z:gpu:NVIDIA GeForce RTX 4070 SUPER	PU:Z:FBG39641	DT:Z:2026-07-15T14:17:26.508000+00:00	tm:Z:adapter,primer
329752	7cedee6b-c656-483a-9ceb-5a6f934b70ee	qs:f:22.7831	ch:i:98	st:Z:2026-07-15T14:26:45.165000+00:00	RG:Z:a40d6b40-d3ad-4fe7-8245-9c92f794f831_dna_r10.4.1_e8.2_400bps_sup@v5.2.0	DS:Z:gpu:NVIDIA GeForce RTX 4070 SUPER	PU:Z:FBG39641	DT:Z:2026-07-15T14:17:26.508000+00:00	tm:Z:adapter,primer rc
329752	03d82d76-b8dc-43b7-aaae-9248f330de96	qs:f:17.1529	ch:i:133	st:Z:2026-07-15T21:37:04.893000+00:00	RG:Z:a40d6b40-d3ad-4fe7-8245-9c92f794f831_dna_r10.4.1_e8.2_400bps_sup@v5.2.0	DS:Z:gpu:NVIDIA GeForce RTX 4070 SUPER	PU:Z:FBG39641	DT:Z:2026-07-15T14:17:26.508000+00:00	tm:Z:adapter,primer rc
329752	3fd8b049-5cfe-4166-8db0-d9a547518aed	qs:f:20.988	ch:i:72	st:Z:2026-07-15T14:56:00.327000+00:00	RG:Z:a40d6b40-d3ad-4fe7-8245-9c92f794f831_dna_r10.4.1_e8.2_400bps_sup@v5.2.0	DS:Z:gpu:NVIDIA GeForce RTX 4070 SUPER	PU:Z:FBG39641	DT:Z:2026-07-15T14:17:26.508000+00:00	tm:Z:adapter,primer rc
329752	98a7a682-4e6e-45bb-a93e-64e2bcf98d65	qs:f:20.8906	ch:i:209	st:Z:2026-07-15T19:05:24.533000+00:00	RG:Z:a40d6b40-d3ad-4fe7-8245-9c92f794f831_dna_r10.4.1_e8.2_400bps_sup@v5.2.0	DS:Z:gpu:NVIDIA GeForce RTX 4070 SUPER	PU:Z:FBG39641	DT:Z:2026-07-15T14:17:26.508000+00:00	tm:Z:adapter,primer rc
329752	09e8c269-c270-4246-9a7e-f5cf018af3b0	qs:f:18.9684	ch:i:377	st:Z:2026-07-15T19:26:32.598000+00:00	RG:Z:a40d6b40-d3ad-4fe7-8245-9c92f794f831_dna_r10.4.1_e8.2_400bps_sup@v5.2.0	DS:Z:gpu:NVIDIA GeForce RTX 4070 SUPER	PU:Z:FBG39641	DT:Z:2026-07-15T14:17:26.508000+00:00	tm:Z:adapter,primer rc
329752	3e33e11a-6636-43a0-be91-8eab0dc21a60	qs:f:23.7026	ch:i:347	st:Z:2026-07-15T19:40:54.492000+00:00	RG:Z:a40d6b40-d3ad-4fe7-8245-9c92f794f831_dna_r10.4.1_e8.2_400bps_sup@v5.2.0	DS:Z:gpu:NVIDIA GeForce RTX 4070 SUPER	PU:Z:FBG39641	DT:Z:2026-07-15T14:17:26.508000+00:00	tm:Z:none
329752	742c658b-18a2-473b-ba06-59b2d1e5bbe6	qs:f:15.5312	ch:i:223	st:Z:2026-07-15T21:04:20.161000+00:00	RG:Z:a40d6b40-d3ad-4fe7-8245-9c92f794f831_dna_r10.4.1_e8.2_400bps_sup@v5.2.0	DS:Z:gpu:NVIDIA GeForce RTX 4070 SUPER	PU:Z:FBG39641	DT:Z:2026-07-15T14:17:26.508000+00:00	tm:Z:adapter,primer
329752	284406eb-9b63-429c-92f4-1295c52df39b	qs:f:20.8233	ch:i:105	st:Z:2026-07-15T17:15:36.750000+00:00	RG:Z:a40d6b40-d3ad-4fe7-8245-9c92f794f831_dna_r10.4.1_e8.2_400bps_sup@v5.2.0	DS:Z:gpu:NVIDIA GeForce RTX 4070 SUPER	PU:Z:FBG39641	DT:Z:2026-07-15T14:17:26.508000+00:00	tm:Z:adapter,primer
329752	d3084b0f-a3a3-4474-ab21-c1d2c8884a56	qs:f:18.4701	ch:i:216	st:Z:2026-07-15T16:01:48.283000+00:00	RG:Z:a40d6b40-d3ad-4fe7-8245-9c92f794f831_dna_r10.4.1_e8.2_400bps_sup@v5.2.0	DS:Z:gpu:NVIDIA GeForce RTX 4070 SUPER	PU:Z:FBG39641	DT:Z:2026-07-15T14:17:26.508000+00:00	tm:Z:adapter,primer rc
329752	42304e29-4a5f-4ad7-95ee-a77f06f0c180	qs:f:23.7057	ch:i:19	st:Z:2026-07-15T23:07:38.273000+00:00	RG:Z:a40d6b40-d3ad-4fe7-8245-9c92f794f831_dna_r10.4.1_e8.2_400bps_sup@v5.2.0	DS:Z:gpu:NVIDIA GeForce RTX 4070 SUPER	PU:Z:FBG39641	DT:Z:2026-07-15T14:17:26.508000+00:00	tm:Z:adapter,primer rc
329752	99513234-8e00-4b76-953c-4017e8dceef3	qs:f:14.2665	ch:i:344	st:Z:2026-07-16T01:25:31.312000+00:00	RG:Z:a40d6b40-d3ad-4fe7-8245-9c92f794f831_dna_r10.4.1_e8.2_400bps_sup@v5.2.0	DS:Z:gpu:NVIDIA GeForce RTX 4070 SUPER	PU:Z:FBG39641	DT:Z:2026-07-15T14:17:26.508000+00:00	tm:Z:adapter,primer
329752	092aba7c-125d-4837-b510-ac6270db42a6	qs:f:22.35	ch:i:296	st:Z:2026-07-16T00:15:46.328000+00:00	RG:Z:a40d6b40-d3ad-4fe7-8245-9c92f794f831_dna_r10.4.1_e8.2_400bps_sup@v5.2.0	DS:Z:gpu:NVIDIA GeForce RTX 4070 SUPER	PU:Z:FBG39641	DT:Z:2026-07-15T14:17:26.508000+00:00	tm:Z:adapter,primer rc
329752	90d5f777-f256-4825-a345-a5016c1a87eb	qs:f:14.1221	ch:i:33	st:Z:2026-07-15T18:42:35.951000+00:00	RG:Z:a40d6b40-d3ad-4fe7-8245-9c92f794f831_dna_r10.4.1_e8.2_400bps_sup@v5.2.0	DS:Z:gpu:NVIDIA GeForce RTX 4070 SUPER	PU:Z:FBG39641	DT:Z:2026-07-15T14:17:26.508000+00:00	tm:Z:none rc
329752	77a39ad1-5852-4c57-87fe-6879082da01a	qs:f:19.9062	ch:i:411	st:Z:2026-07-15T18:08:28.704000+00:00	RG:Z:a40d6b40-d3ad-4fe7-8245-9c92f794f831_dna_r10.4.1_e8.2_400bps_sup@v5.2.0	DS:Z:gpu:NVIDIA GeForce RTX 4070 SUPER	PU:Z:FBG39641	DT:Z:2026-07-15T14:17:26.508000+00:00	tm:Z:adapter,primer
329752	6eefd2db-7870-4c53-a9a5-5b3cf7ade6af	qs:f:16.4332	ch:i:398	st:Z:2026-07-16T00:07:50.132000+00:00	RG:Z:a40d6b40-d3ad-4fe7-8245-9c92f794f831_dna_r10.4.1_e8.2_400bps_sup@v5.2.0	DS:Z:gpu:NVIDIA GeForce RTX 4070 SUPER	PU:Z:FBG39641	DT:Z:2026-07-15T14:17:26.508000+00:00	tm:Z:none
329752	f630c507-5881-4255-955f-9f17f186db17	qs:f:22.752	ch:i:370	st:Z:2026-07-16T02:02:15.720000+00:00	RG:Z:a40d6b40-d3ad-4fe7-8245-9c92f794f831_dna_r10.4.1_e8.2_400bps_sup@v5.2.0	DS:Z:gpu:NVIDIA GeForce RTX 4070 SUPER	PU:Z:FBG39641	DT:Z:2026-07-15T14:17:26.508000+00:00	tm:Z:adapter,primer
329752	61317efe-1a40-40de-9270-18c2a3c0b9bd	qs:f:22.373	ch:i:374	st:Z:2026-07-15T14:50:18.972000+00:00	RG:Z:a40d6b40-d3ad-4fe7-8245-9c92f794f831_dna_r10.4.1_e8.2_400bps_sup@v5.2.0	DS:Z:gpu:NVIDIA GeForce RTX 4070 SUPER	PU:Z:FBG39641	DT:Z:2026-07-15T14:17:26.508000+00:00	tm:Z:adapter,primer rc
329752	a21e3ac6-5c82-456d-bff4-d3a0146622bf	qs:f:24.2535	ch:i:181	st:Z:2026-07-15T23:23:27.029000+00:00	RG:Z:a40d6b40-d3ad-4fe7-8245-9c92f794f831_dna_r10.4.1_e8.2_400bps_sup@v5.2.0	DS:Z:gpu:NVIDIA GeForce RTX 4070 SUPER	PU:Z:FBG39641	DT:Z:2026-07-15T14:17:26.508000+00:00	tm:Z:none
329752	3d4731d3-ed1b-4f22-b5d6-2de584f03ce5	qs:f:18.075	ch:i:429	st:Z:2026-07-16T01:05:36.238000+00:00	RG:Z:a40d6b40-d3ad-4fe7-8245-9c92f794f831_dna_r10.4.1_e8.2_400bps_sup@v5.2.0	DS:Z:gpu:NVIDIA GeForce RTX 4070 SUPER	PU:Z:FBG39641	DT:Z:2026-07-15T14:17:26.508000+00:00	tm:Z:adapter,primer
329752	ac67ade6-6ff1-41bf-b04f-0bb554ef60df	qs:f:19.4212	ch:i:364	st:Z:2026-07-15T18:42:39.579000+00:00	RG:Z:a40d6b40-d3ad-4fe7-8245-9c92f794f831_dna_r10.4.1_e8.2_400bps_sup@v5.2.0	DS:Z:gpu:NVIDIA GeForce RTX 4070 SUPER	PU:Z:FBG39641	DT:Z:2026-07-15T14:17:26.508000+00:00	tm:Z:none
329752	ac731b56-7f8d-4112-84c8-ec9962b35905	qs:f:14.0974	ch:i:157	st:Z:2026-07-15T16:48:31.480000+00:00	RG:Z:a40d6b40-d3ad-4fe7-8245-9c92f794f831_dna_r10.4.1_e8.2_400bps_sup@v5.2.0	DS:Z:gpu:NVIDIA GeForce RTX 4070 SUPER	PU:Z:FBG39641	DT:Z:2026-07-15T14:17:26.508000+00:00	tm:Z:adapter,primer
329752	91fd08d4-ac43-48c7-9a00-a4dfd5ad27ce	qs:f:18.346	ch:i:221	st:Z:2026-07-15T23:22:35.751000+00:00	RG:Z:a40d6b40-d3ad-4fe7-8245-9c92f794f831_dna_r10.4.1_e8.2_400bps_sup@v5.2.0	DS:Z:gpu:NVIDIA GeForce RTX 4070 SUPER	PU:Z:FBG39641	DT:Z:2026-07-15T14:17:26.508000+00:00	tm:Z:none
329752	6b6cca89-a76e-4d64-82d5-c0490f494c06	qs:f:24.0242	ch:i:438	st:Z:2026-07-15T18:29:26.077000+00:00	RG:Z:a40d6b40-d3ad-4fe7-8245-9c92f794f831_dna_r10.4.1_e8.2_400bps_sup@v5.2.0	DS:Z:gpu:NVIDIA GeForce RTX 4070 SUPER	PU:Z:FBG39641	DT:Z:2026-07-15T14:17:26.508000+00:00	tm:Z:none
329752	fe6d33e2-8f55-4262-aaf6-189b0ec7e076	qs:f:16.7881	ch:i:18	st:Z:2026-07-15T16:03:51.948000+00:00	RG:Z:a40d6b40-d3ad-4fe7-8245-9c92f794f831_dna_r10.4.1_e8.2_400bps_sup@v5.2.0	DS:Z:gpu:NVIDIA GeForce RTX 4070 SUPER	PU:Z:FBG39641	DT:Z:2026-07-15T14:17:26.508000+00:00	tm:Z:adapter,primer rc
329752	7bfdb9d2-8aa8-46f6-a8fb-17dfd323ced0	qs:f:23.4612	ch:i:120	st:Z:2026-07-15T16:11:04.875000+00:00	RG:Z:a40d6b40-d3ad-4fe7-8245-9c92f794f831_dna_r10.4.1_e8.2_400bps_sup@v5.2.0	DS:Z:gpu:NVIDIA GeForce RTX 4070 SUPER	PU:Z:FBG39641	DT:Z:2026-07-15T14:17:26.508000+00:00	tm:Z:adapter,primer
329752	24645273-5cbd-4d8f-8621-31798e488493	qs:f:17.5246	ch:i:327	st:Z:2026-07-15T16:25:41.689000+00:00	RG:Z:a40d6b40-d3ad-4fe7-8245-9c92f794f831_dna_r10.4.1_e8.2_400bps_sup@v5.2.0	DS:Z:gpu:NVIDIA GeForce RTX 4070 SUPER	PU:Z:FBG39641	DT:Z:2026-07-15T14:17:26.508000+00:00	tm:Z:adapter,primer rc
329752	06de151f-d3c3-4daa-8975-dab051be8565	qs:f:23.9986	ch:i:503	st:Z:2026-07-15T16:59:34.752000+00:00	RG:Z:a40d6b40-d3ad-4fe7-8245-9c92f794f831_dna_r10.4.1_e8.2_400bps_sup@v5.2.0	DS:Z:gpu:NVIDIA GeForce RTX 4070 SUPER	PU:Z:FBG39641	DT:Z:2026-07-15T14:17:26.508000+00:00	tm:Z:adapter,primer rc
329752	7bafad76-016e-4dbf-a922-b111efe7ae17	qs:f:17.8569	ch:i:374	st:Z:2026-07-15T20:25:39.894000+00:00	RG:Z:a40d6b40-d3ad-4fe7-8245-9c92f794f831_dna_r10.4.1_e8.2_400bps_sup@v5.2.0	DS:Z:gpu:NVIDIA GeForce RTX 4070 SUPER	PU:Z:FBG39641	DT:Z:2026-07-15T14:17:26.508000+00:00	tm:Z:adapter,primer
329752	a6a628fa-3f1d-463c-bafb-03e5c6b8dfcb	qs:f:23.3904	ch:i:419	st:Z:2026-07-15T14:27:23.244000+00:00	RG:Z:a40d6b40-d3ad-4fe7-8245-9c92f794f831_dna_r10.4.1_e8.2_400bps_sup@v5.2.0	DS:Z:gpu:NVIDIA GeForce RTX 4070 SUPER	PU:Z:FBG39641	DT:Z:2026-07-15T14:17:26.508000+00:00	tm:Z:none rc
329752	28a73606-cd1b-48e0-b98a-dba4bb98d35e	qs:f:11.625	ch:i:407	st:Z:2026-07-15T19:06:06.412000+00:00	RG:Z:a40d6b40-d3ad-4fe7-8245-9c92f794f831_dna_r10.4.1_e8.2_400bps_sup@v5.2.0	DS:Z:gpu:NVIDIA GeForce RTX 4070 SUPER	PU:Z:FBG39641	DT:Z:2026-07-15T14:17:26.508000+00:00	tm:Z:adapter,primer
329752	0e4f9026-fccd-4393-b280-945ad10e9e8c	qs:f:19.167	ch:i:39	st:Z:2026-07-15T22:00:32.084000+00:00	RG:Z:a40d6b40-d3ad-4fe7-8245-9c92f794f831_dna_r10.4.1_e8.2_400bps_sup@v5.2.0	DS:Z:gpu:NVIDIA GeForce RTX 4070 SUPER	PU:Z:FBG39641	DT:Z:2026-07-15T14:17:26.508000+00:00	tm:Z:none
329752	84a86ebf-afc5-4878-b2fd-8b98c8c186f7	qs:f:24.9559	ch:i:123	st:Z:2026-07-15T15:06:48.383000+00:00	RG:Z:a40d6b40-d3ad-4fe7-8245-9c92f794f831_dna_r10.4.1_e8.2_400bps_sup@v5.2.0	DS:Z:gpu:NVIDIA GeForce RTX 4070 SUPER	PU:Z:FBG39641	DT:Z:2026-07-15T14:17:26.508000+00:00	tm:Z:adapter,primer
329752	7e5ca911-27f7-4d09-98cd-a33fc05fdca4	qs:f:20.4495	ch:i:181	st:Z:2026-07-15T16:05:47.610000+00:00	RG:Z:a40d6b40-d3ad-4fe7-8245-9c92f794f831_dna_r10.4.1_e8.2_400bps_sup@v5.2.0	DS:Z:gpu:NVIDIA GeForce RTX 4070 SUPER	PU:Z:FBG39641	DT:Z:2026-07-15T14:17:26.508000+00:00	tm:Z:adapter,primer rc
329752	833ee4cc-4100-4328-bdf2-9544154d9753	qs:f:15.3663	ch:i:352	st:Z:2026-07-15T23:55:29.098000+00:00	RG:Z:a40d6b40-d3ad-4fe7-8245-9c92f794f831_dna_r10.4.1_e8.2_400bps_sup@v5.2.0	DS:Z:gpu:NVIDIA GeForce RTX 4070 SUPER	PU:Z:FBG39641	DT:Z:2026-07-15T14:17:26.508000+00:00	tm:Z:none
329752	03237c5e-3eab-41b6-aa36-01323b16e701	qs:f:19.2271	ch:i:322	st:Z:2026-07-15T21:00:53.345000+00:00	RG:Z:a40d6b40-d3ad-4fe7-8245-9c92f794f831_dna_r10.4.1_e8.2_400bps_sup@v5.2.0	DS:Z:gpu:NVIDIA GeForce RTX 4070 SUPER	PU:Z:FBG39641	DT:Z:2026-07-15T14:17:26.508000+00:00	tm:Z:adapter,primer
329752	013b5bfc-d6a6-482b-992e-de7e37f53a5f	qs:f:25.0542	ch:i:79	st:Z:2026-07-15T16:53:08.151000+00:00	RG:Z:a40d6b40-d3ad-4fe7-8245-9c92f794f831_dna_r10.4.1_e8.2_400bps_sup@v5.2.0	DS:Z:gpu:NVIDIA GeForce RTX 4070 SUPER	PU:Z:FBG39641	DT:Z:2026-07-15T14:17:26.508000+00:00	tm:Z:adapter,primer
329752	f3672265-6d1e-4d4d-8b76-0476d83da0fd	qs:f:21.2475	ch:i:71	st:Z:2026-07-15T23:24:51.913000+00:00	RG:Z:a40d6b40-d3ad-4fe7-8245-9c92f794f831_dna_r10.4.1_e8.2_400bps_sup@v5.2.0	DS:Z:gpu:NVIDIA GeForce RTX 4070 SUPER	PU:Z:FBG39641	DT:Z:2026-07-15T14:17:26.508000+00:00	tm:Z:adapter,primer
329752	ce34545a-5cc2-4b92-87a2-4b644c83b8d7	qs:f:18.7287	ch:i:346	st:Z:2026-07-16T00:26:18.313000+00:00	RG:Z:a40d6b40-d3ad-4fe7-8245-9c92f794f831_dna_r10.4.1_e8.2_400bps_sup@v5.2.0	DS:Z:gpu:NVIDIA GeForce RTX 4070 SUPER	PU:Z:FBG39641	DT:Z:2026-07-15T14:17:26.508000+00:00	tm:Z:adapter,primer rc
329752	d25758d7-7c34-47a5-89d3-02d6df531ffc	qs:f:23.3301	ch:i:99	st:Z:2026-07-15T16:20:34.773000+00:00	RG:Z:a40d6b40-d3ad-4fe7-8245-9c92f794f831_dna_r10.4.1_e8.2_400bps_sup@v5.2.0	DS:Z:gpu:NVIDIA GeForce RTX 4070 SUPER	PU:Z:FBG39641	DT:Z:2026-07-15T14:17:26.508000+00:00	tm:Z:adapter,primer
329752	326d47e8-1329-4b99-804c-cb1e43872619	qs:f:16.5938	ch:i:350	st:Z:2026-07-16T00:40:38.945000+00:00	RG:Z:a40d6b40-d3ad-4fe7-8245-9c92f794f831_dna_r10.4.1_e8.2_400bps_sup@v5.2.0	DS:Z:gpu:NVIDIA GeForce RTX 4070 SUPER	PU:Z:FBG39641	DT:Z:2026-07-15T14:17:26.508000+00:00	tm:Z:adapter,primer rc
329752	81c92533-a450-4fc9-be4f-29c6119c9265	qs:f:15.6154	ch:i:471	st:Z:2026-07-15T15:53:15.633000+00:00	RG:Z:a40d6b40-d3ad-4fe7-8245-9c92f794f831_dna_r10.4.1_e8.2_400bps_sup@v5.2.0	DS:Z:gpu:NVIDIA GeForce RTX 4070 SUPER	PU:Z:FBG39641	DT:Z:2026-07-15T14:17:26.508000+00:00	tm:Z:adapter,primer
329752	ff392fda-3c86-40ef-80e1-afdf21249450	qs:f:16.5194	ch:i:141	st:Z:2026-07-15T16:42:58.916000+00:00	RG:Z:a40d6b40-d3ad-4fe7-8245-9c92f794f831_dna_r10.4.1_e8.2_400bps_sup@v5.2.0	DS:Z:gpu:NVIDIA GeForce RTX 4070 SUPER	PU:Z:FBG39641	DT:Z:2026-07-15T14:17:26.508000+00:00	tm:Z:adapter,primer
329752	494b2657-70de-45cd-81ad-4fe37c0f732e	qs:f:23.044	ch:i:370	st:Z:2026-07-16T02:12:37.748000+00:00	RG:Z:a40d6b40-d3ad-4fe7-8245-9c92f794f831_dna_r10.4.1_e8.2_400bps_sup@v5.2.0	DS:Z:gpu:NVIDIA GeForce RTX 4070 SUPER	PU:Z:FBG39641	DT:Z:2026-07-15T14:17:26.508000+00:00	tm:Z:adapter,primer rc
329752	56cb7091-5729-4a0d-95de-b03efb65ea7f	qs:f:23.8361	ch:i:217	st:Z:2026-07-15T21:47:48.297000+00:00	RG:Z:a40d6b40-d3ad-4fe7-8245-9c92f794f831_dna_r10.4.1_e8.2_400bps_sup@v5.2.0	DS:Z:gpu:NVIDIA GeForce RTX 4070 SUPER	PU:Z:FBG39641	DT:Z:2026-07-15T14:17:26.508000+00:00	tm:Z:adapter,primer
329752	d120dd89-3bb8-49e6-b548-0f5a3eb488c4	qs:f:19.732	ch:i:436	st:Z:2026-07-16T00:51:50.340000+00:00	RG:Z:a40d6b40-d3ad-4fe7-8245-9c92f794f831_dna_r10.4.1_e8.2_400bps_sup@v5.2.0	DS:Z:gpu:NVIDIA GeForce RTX 4070 SUPER	PU:Z:FBG39641	DT:Z:2026-07-15T14:17:26.508000+00:00	tm:Z:adapter,primer rc
329752	0893d55d-2a16-4292-8387-91cd8d995c19	qs:f:16.3935	ch:i:365	st:Z:2026-07-16T02:10:50.827000+00:00	RG:Z:a40d6b40-d3ad-4fe7-8245-9c92f794f831_dna_r10.4.1_e8.2_400bps_sup@v5.2.0	DS:Z:gpu:NVIDIA GeForce RTX 4070 SUPER	PU:Z:FBG39641	DT:Z:2026-07-15T14:17:26.508000+00:00	tm:Z:adapter,primer rc
329752	3e88d00a-12da-4f4d-841a-6084ebd58028	qs:f:14.8035	ch:i:147	st:Z:2026-07-15T22:28:56.215000+00:00	RG:Z:a40d6b40-d3ad-4fe7-8245-9c92f794f831_dna_r10.4.1_e8.2_400bps_sup@v5.2.0	DS:Z:gpu:NVIDIA GeForce RTX 4070 SUPER	PU:Z:FBG39641	DT:Z:2026-07-15T14:17:26.508000+00:00	tm:Z:none
329752	427f466f-4a81-4f3e-a81a-e2a2353dba8e	qs:f:16.5573	ch:i:40	st:Z:2026-07-15T19:05:41.739000+00:00	RG:Z:a40d6b40-d3ad-4fe7-8245-9c92f794f831_dna_r10.4.1_e8.2_400bps_sup@v5.2.0	DS:Z:gpu:NVIDIA GeForce RTX 4070 SUPER	PU:Z:FBG39641	DT:Z:2026-07-15T14:17:26.508000+00:00	tm:Z:adapter,primer rc
329752	55caf961-f088-4c1b-a4ae-95fd59d02638	qs:f:18.8455	ch:i:419	st:Z:2026-07-15T14:58:57.316000+00:00	RG:Z:a40d6b40-d3ad-4fe7-8245-9c92f794f831_dna_r10.4.1_e8.2_400bps_sup@v5.2.0	DS:Z:gpu:NVIDIA GeForce RTX 4070 SUPER	PU:Z:FBG39641	DT:Z:2026-07-15T14:17:26.508000+00:00	tm:Z:none rc
329752	68bb4331-0f07-44a1-9d8d-3cb7222c3975	qs:f:19.0716	ch:i:394	st:Z:2026-07-15T14:32:03.206000+00:00	RG:Z:a40d6b40-d3ad-4fe7-8245-9c92f794f831_dna_r10.4.1_e8.2_400bps_sup@v5.2.0	DS:Z:gpu:NVIDIA GeForce RTX 4070 SUPER	PU:Z:FBG39641	DT:Z:2026-07-15T14:17:26.508000+00:00	tm:Z:adapter,primer
329752	9257af05-1a5f-4972-a98a-744ce81b7ec0	qs:f:23.5587	ch:i:377	st:Z:2026-07-15T23:09:06.586000+00:00	RG:Z:a40d6b40-d3ad-4fe7-8245-9c92f794f831_dna_r10.4.1_e8.2_400bps_sup@v5.2.0	DS:Z:gpu:NVIDIA GeForce RTX 4070 SUPER	PU:Z:FBG39641	DT:Z:2026-07-15T14:17:26.508000+00:00	tm:Z:adapter,primer
329752	8ffad76c-afd9-4a8e-9863-2714a9a4e4fc	qs:f:23.5893	ch:i:19	st:Z:2026-07-15T16:25:57.067000+00:00	RG:Z:a40d6b40-d3ad-4fe7-8245-9c92f794f831_dna_r10.4.1_e8.2_400bps_sup@v5.2.0	DS:Z:gpu:NVIDIA GeForce RTX 4070 SUPER	PU:Z:FBG39641	DT:Z:2026-07-15T14:17:26.508000+00:00	tm:Z:adapter,primer
329752	84820d11-2617-42cf-9d68-3464c809a025	qs:f:18.9249	ch:i:322	st:Z:2026-07-15T23:42:58.746000+00:00	RG:Z:a40d6b40-d3ad-4fe7-8245-9c92f794f831_dna_r10.4.1_e8.2_400bps_sup@v5.2.0	DS:Z:gpu:NVIDIA GeForce RTX 4070 SUPER	PU:Z:FBG39641	DT:Z:2026-07-15T14:17:26.508000+00:00	tm:Z:adapter,primer
329752	44cc6d61-b4b3-4c4c-9d3a-a86c24dd11b7	qs:f:14.8334	ch:i:29	st:Z:2026-07-15T15:01:11.567000+00:00	RG:Z:a40d6b40-d3ad-4fe7-8245-9c92f794f831_dna_r10.4.1_e8.2_400bps_sup@v5.2.0	DS:Z:gpu:NVIDIA GeForce RTX 4070 SUPER	PU:Z:FBG39641	DT:Z:2026-07-15T14:17:26.508000+00:00	tm:Z:none
329752	94075978-463f-4414-819b-025bf516ccfc	qs:f:22.2449	ch:i:326	st:Z:2026-07-15T18:19:24.804000+00:00	RG:Z:a40d6b40-d3ad-4fe7-8245-9c92f794f831_dna_r10.4.1_e8.2_400bps_sup@v5.2.0	DS:Z:gpu:NVIDIA GeForce RTX 4070 SUPER	PU:Z:FBG39641	DT:Z:2026-07-15T14:17:26.508000+00:00	tm:Z:none
329752	7897f2ef-77ae-4446-95f3-46025eaa651d	qs:f:17.1157	ch:i:509	st:Z:2026-07-15T15:53:47.040000+00:00	RG:Z:a40d6b40-d3ad-4fe7-8245-9c92f794f831_dna_r10.4.1_e8.2_400bps_sup@v5.2.0	DS:Z:gpu:NVIDIA GeForce RTX 4070 SUPER	PU:Z:FBG39641	DT:Z:2026-07-15T14:17:26.508000+00:00	tm:Z:none
329752	f5b4521c-936c-44a1-acbd-68249997e272	qs:f:20.2403	ch:i:443	st:Z:2026-07-15T21:27:18.727000+00:00	RG:Z:a40d6b40-d3ad-4fe7-8245-9c92f794f831_dna_r10.4.1_e8.2_400bps_sup@v5.2.0	DS:Z:gpu:NVIDIA GeForce RTX 4070 SUPER	PU:Z:FBG39641	DT:Z:2026-07-15T14:17:26.508000+00:00	tm:Z:adapter,primer rc
329752	1a7236e7-0e72-4b6c-bf81-3ae72c47edc0	qs:f:20.6108	ch:i:258	st:Z:2026-07-15T23:28:46.761000+00:00	RG:Z:a40d6b40-d3ad-4fe7-8245-9c92f794f831_dna_r10.4.1_e8.2_400bps_sup@v5.2.0	DS:Z:gpu:NVIDIA GeForce RTX 4070 SUPER	PU:Z:FBG39641	DT:Z:2026-07-15T14:17:26.508000+00:00	tm:Z:none
329752	e1f19e2f-accc-4012-8994-c64d144063ea	qs:f:14.0181	ch:i:2	st:Z:2026-07-15T20:53:00.907000+00:00	RG:Z:a40d6b40-d3ad-4fe7-8245-9c92f794f831_dna_r10.4.1_e8.2_400bps_sup@v5.2.0	DS:Z:gpu:NVIDIA GeForce RTX 4070 SUPER	PU:Z:FBG39641	DT:Z:2026-07-15T14:17:26.508000+00:00	tm:Z:none rc
329752	51b23e34-96bc-471e-baac-dafccbec6a98	qs:f:20.8094	ch:i:454	st:Z:2026-07-15T22:58:45.173000+00:00	RG:Z:a40d6b40-d3ad-4fe7-8245-9c92f794f831_dna_r10.4.1_e8.2_400bps_sup@v5.2.0	DS:Z:gpu:NVIDIA GeForce RTX 4070 SUPER	PU:Z:FBG39641	DT:Z:2026-07-15T14:17:26.508000+00:00	tm:Z:adapter,primer rc
329752	6bf4064b-773e-4270-a5c3-64ad73fa9dd7	qs:f:16.1037	ch:i:485	st:Z:2026-07-15T17:19:17.803000+00:00	RG:Z:a40d6b40-d3ad-4fe7-8245-9c92f794f831_dna_r10.4.1_e8.2_400bps_sup@v5.2.0	DS:Z:gpu:NVIDIA GeForce RTX 4070 SUPER	PU:Z:FBG39641	DT:Z:2026-07-15T14:17:26.508000+00:00	tm:Z:adapter,primer
329752	57f97d39-9527-4e0a-b78c-3443c89f2c1e	qs:f:21.8766	ch:i:87	st:Z:2026-07-15T16:31:03.972000+00:00	RG:Z:a40d6b40-d3ad-4fe7-8245-9c92f794f831_dna_r10.4.1_e8.2_400bps_sup@v5.2.0	DS:Z:gpu:NVIDIA GeForce RTX 4070 SUPER	PU:Z:FBG39641	DT:Z:2026-07-15T14:17:26.508000+00:00	tm:Z:adapter,primer rc
329752	cbf84d70-b62b-465b-bb27-2bf7d198b53b	qs:f:22.3388	ch:i:452	st:Z:2026-07-15T16:16:56.072000+00:00	RG:Z:a40d6b40-d3ad-4fe7-8245-9c92f794f831_dna_r10.4.1_e8.2_400bps_sup@v5.2.0	DS:Z:gpu:NVIDIA GeForce RTX 4070 SUPER	PU:Z:FBG39641	DT:Z:2026-07-15T14:17:26.508000+00:00	tm:Z:adapter,primer
329752	533d2b0d-942e-4596-a236-67ee4eebee04	qs:f:19.7205	ch:i:502	st:Z:2026-07-16T01:16:13.222000+00:00	RG:Z:a40d6b40-d3ad-4fe7-8245-9c92f794f831_dna_r10.4.1_e8.2_400bps_sup@v5.2.0	DS:Z:gpu:NVIDIA GeForce RTX 4070 SUPER	PU:Z:FBG39641	DT:Z:2026-07-15T14:17:26.508000+00:00	tm:Z:adapter,primer
329752	0824a20e-dba6-48d1-ac2e-6efdd2d939ff	qs:f:13.626	ch:i:276	st:Z:2026-07-15T23:22:13.262000+00:00	RG:Z:a40d6b40-d3ad-4fe7-8245-9c92f794f831_dna_r10.4.1_e8.2_400bps_sup@v5.2.0	DS:Z:gpu:NVIDIA GeForce RTX 4070 SUPER	PU:Z:FBG39641	DT:Z:2026-07-15T14:17:26.508000+00:00	tm:Z:adapter,primer rc
329752	f76ba3ce-4c50-4ec7-bc76-fdc27a652dff	qs:f:21.9899	ch:i:207	st:Z:2026-07-15T22:47:58.479000+00:00	RG:Z:a40d6b40-d3ad-4fe7-8245-9c92f794f831_dna_r10.4.1_e8.2_400bps_sup@v5.2.0	DS:Z:gpu:NVIDIA GeForce RTX 4070 SUPER	PU:Z:FBG39641	DT:Z:2026-07-15T14:17:26.508000+00:00	tm:Z:none
329752	6e7a3273-5034-4175-9812-102082ffd733	qs:f:20.415	ch:i:468	st:Z:2026-07-15T14:54:39.600000+00:00	RG:Z:a40d6b40-d3ad-4fe7-8245-9c92f794f831_dna_r10.4.1_e8.2_400bps_sup@v5.2.0	DS:Z:gpu:NVIDIA GeForce RTX 4070 SUPER	PU:Z:FBG39641	DT:Z:2026-07-15T14:17:26.508000+00:00	tm:Z:adapter,primer
329752	9f62fc31-d09d-47e2-8b4a-81b2f5ec1c87	qs:f:12.7822	ch:i:421	st:Z:2026-07-16T01:16:05.567000+00:00	RG:Z:a40d6b40-d3ad-4fe7-8245-9c92f794f831_dna_r10.4.1_e8.2_400bps_sup@v5.2.0	DS:Z:gpu:NVIDIA GeForce RTX 4070 SUPER	PU:Z:FBG39641	DT:Z:2026-07-15T14:17:26.508000+00:00	tm:Z:adapter,primer
329752	4f07919d-ba46-4302-ae45-5c24c2bbbb3e	qs:f:19.9006	ch:i:145	st:Z:2026-07-15T14:26:21.398000+00:00	RG:Z:a40d6b40-d3ad-4fe7-8245-9c92f794f831_dna_r10.4.1_e8.2_400bps_sup@v5.2.0	DS:Z:gpu:NVIDIA GeForce RTX 4070 SUPER	PU:Z:FBG39641	DT:Z:2026-07-15T14:17:26.508000+00:00	tm:Z:adapter,primer
329752	0ade39d3-e3c0-4de1-8bb1-a6a676f5a1ad	qs:f:17.3963	ch:i:212	st:Z:2026-07-15T17:00:53.253000+00:00	RG:Z:a40d6b40-d3ad-4fe7-8245-9c92f794f831_dna_r10.4.1_e8.2_400bps_sup@v5.2.0	DS:Z:gpu:NVIDIA GeForce RTX 4070 SUPER	PU:Z:FBG39641	DT:Z:2026-07-15T14:17:26.508000+00:00	tm:Z:none
329752	0cf6af36-35ca-4f20-9663-d50f9e36bdaf	qs:f:16.0945	ch:i:214	st:Z:2026-07-15T23:55:35.393000+00:00	RG:Z:a40d6b40-d3ad-4fe7-8245-9c92f794f831_dna_r10.4.1_e8.2_400bps_sup@v5.2.0	DS:Z:gpu:NVIDIA GeForce RTX 4070 SUPER	PU:Z:FBG39641	DT:Z:2026-07-15T14:17:26.508000+00:00	tm:Z:adapter,primer
329752	0d90946b-d29b-46a3-b052-efe31461269d	qs:f:21.3829	ch:i:414	st:Z:2026-07-16T01:59:56.606000+00:00	RG:Z:a40d6b40-d3ad-4fe7-8245-9c92f794f831_dna_r10.4.1_e8.2_400bps_sup@v5.2.0	DS:Z:gpu:NVIDIA GeForce RTX 4070 SUPER	PU:Z:FBG39641	DT:Z:2026-07-15T14:17:26.508000+00:00	tm:Z:adapter,primer
329752	26401d95-d62c-4e7c-99b6-e633f76fb617	qs:f:22.9174	ch:i:40	st:Z:2026-07-16T00:35:39.865000+00:00	RG:Z:a40d6b40-d3ad-4fe7-8245-9c92f794f831_dna_r10.4.1_e8.2_400bps_sup@v5.2.0	DS:Z:gpu:NVIDIA GeForce RTX 4070 SUPER	PU:Z:FBG39641	DT:Z:2026-07-15T14:17:26.508000+00:00	tm:Z:none rc
329752	30cb3e4b-f8e5-4511-bb1b-75396e88b41f	qs:f:16.5284	ch:i:190	st:Z:2026-07-15T21:36:15.837000+00:00	RG:Z:a40d6b40-d3ad-4fe7-8245-9c92f794f831_dna_r10.4.1_e8.2_400bps_sup@v5.2.0	DS:Z:gpu:NVIDIA GeForce RTX 4070 SUPER	PU:Z:FBG39641	DT:Z:2026-07-15T14:17:26.508000+00:00	tm:Z:none
329752	ec4ea11e-ef27-4ae8-9cd7-72d9a0dfe2d5	qs:f:22.7886	ch:i:392	st:Z:2026-07-15T18:01:52.950000+00:00	RG:Z:a40d6b40-d3ad-4fe7-8245-9c92f794f831_dna_r10.4.1_e8.2_400bps_sup@v5.2.0	DS:Z:gpu:NVIDIA GeForce RTX 4070 SUPER	PU:Z:FBG39641	DT:Z:2026-07-15T14:17:26.508000+00:00	tm:Z:adapter,primer rc
329752	eb47ca45-d2c4-4d5d-b656-469a2e10845e	qs:f:15.6691	ch:i:350	st:Z:2026-07-15T18:40:48.486000+00:00	RG:Z:a40d6b40-d3ad-4fe7-8245-9c92f794f831_dna_r10.4.1_e8.2_400bps_sup@v5.2.0	DS:Z:gpu:NVIDIA GeForce RTX 4070 SUPER	PU:Z:FBG39641	DT:Z:2026-07-15T14:17:26.508000+00:00	tm:Z:adapter,primer
329752	5b3023d3-a4a6-4735-a407-4760ba34a593	qs:f:27.3849	ch:i:462	st:Z:2026-07-15T21:02:58.243000+00:00	RG:Z:a40d6b40-d3ad-4fe7-8245-9c92f794f831_dna_r10.4.1_e8.2_400bps_sup@v5.2.0	DS:Z:gpu:NVIDIA GeForce RTX 4070 SUPER	PU:Z:FBG39641	DT:Z:2026-07-15T14:17:26.508000+00:00	tm:Z:adapter,primer
329752	3875d2d1-c21a-436c-9ef7-30801b907e4c	qs:f:15.014	ch:i:276	st:Z:2026-07-15T16:06:19.648000+00:00	RG:Z:a40d6b40-d3ad-4fe7-8245-9c92f794f831_dna_r10.4.1_e8.2_400bps_sup@v5.2.0	DS:Z:gpu:NVIDIA GeForce RTX 4070 SUPER	PU:Z:FBG39641	DT:Z:2026-07-15T14:17:26.508000+00:00	tm:Z:adapter,primer
329752	63d42db7-c6d3-453d-b8f2-01bd3197f9d8	qs:f:12.9988	ch:i:137	st:Z:2026-07-15T15:32:01.002000+00:00	RG:Z:a40d6b40-d3ad-4fe7-8245-9c92f794f831_dna_r10.4.1_e8.2_400bps_sup@v5.2.0	DS:Z:gpu:NVIDIA GeForce RTX 4070 SUPER	PU:Z:FBG39641	DT:Z:2026-07-15T14:17:26.508000+00:00	tm:Z:adapter,primer rc
329752	2751fc77-fef8-4e7c-988a-ef239833b3c6	qs:f:18.3419	ch:i:378	st:Z:2026-07-15T20:53:57.210000+00:00	RG:Z:a40d6b40-d3ad-4fe7-8245-9c92f794f831_dna_r10.4.1_e8.2_400bps_sup@v5.2.0	DS:Z:gpu:NVIDIA GeForce RTX 4070 SUPER	PU:Z:FBG39641	DT:Z:2026-07-15T14:17:26.508000+00:00	tm:Z:adapter,primer rc
329752	d2d02c6a-b891-4fcc-9660-ac8f6a0052b5	qs:f:11.6	ch:i:180	st:Z:2026-07-15T15:08:22.436000+00:00	RG:Z:a40d6b40-d3ad-4fe7-8245-9c92f794f831_dna_r10.4.1_e8.2_400bps_sup@v5.2.0	DS:Z:gpu:NVIDIA GeForce RTX 4070 SUPER	PU:Z:FBG39641	DT:Z:2026-07-15T14:17:26.508000+00:00	tm:Z:none
329752	83841116-13db-437a-b91c-34d850560b44	qs:f:15.466	ch:i:105	st:Z:2026-07-16T01:48:46.174000+00:00	RG:Z:a40d6b40-d3ad-4fe7-8245-9c92f794f831_dna_r10.4.1_e8.2_400bps_sup@v5.2.0	DS:Z:gpu:NVIDIA GeForce RTX 4070 SUPER	PU:Z:FBG39641	DT:Z:2026-07-15T14:17:26.508000+00:00	tm:Z:adapter,primer
329752	735fba4f-aad1-45e9-a831-76cb8825da07	qs:f:16.6946	ch:i:296	st:Z:2026-07-16T01:06:43.875000+00:00	RG:Z:a40d6b40-d3ad-4fe7-8245-9c92f794f831_dna_r10.4.1_e8.2_400bps_sup@v5.2.0	DS:Z:gpu:NVIDIA GeForce RTX 4070 SUPER	PU:Z:FBG39641	DT:Z:2026-07-15T14:17:26.508000+00:00	tm:Z:none rc
329752	dbbf4c6e-f558-4d13-97a4-55b7ca3fb7cc	qs:f:20.4484	ch:i:285	st:Z:2026-07-15T16:06:31.300000+00:00	RG:Z:a40d6b40-d3ad-4fe7-8245-9c92f794f831_dna_r10.4.1_e8.2_400bps_sup@v5.2.0	DS:Z:gpu:NVIDIA GeForce RTX 4070 SUPER	PU:Z:FBG39641	DT:Z:2026-07-15T14:17:26.508000+00:00	tm:Z:adapter,primer
329752	98c23dde-ba63-487a-a049-02760d0da43c	qs:f:13.8718	ch:i:390	st:Z:2026-07-15T17:00:16.619000+00:00	RG:Z:a40d6b40-d3ad-4fe7-8245-9c92f794f831_dna_r10.4.1_e8.2_400bps_sup@v5.2.0	DS:Z:gpu:NVIDIA GeForce RTX 4070 SUPER	PU:Z:FBG39641	DT:Z:2026-07-15T14:17:26.508000+00:00	tm:Z:adapter,primer
329752	554aa4bd-c96f-4794-a54a-fe3f3483c93e	qs:f:21.2351	ch:i:172	st:Z:2026-07-15T20:40:42.241000+00:00	RG:Z:a40d6b40-d3ad-4fe7-8245-9c92f794f831_dna_r10.4.1_e8.2_400bps_sup@v5.2.0	DS:Z:gpu:NVIDIA GeForce RTX 4070 SUPER	PU:Z:FBG39641	DT:Z:2026-07-15T14:17:26.508000+00:00	tm:Z:adapter,primer
329752	77bd34ed-b2ef-4dd3-9067-73974033c56a	qs:f:14.0181	ch:i:413	st:Z:2026-07-15T20:27:55.931000+00:00	RG:Z:a40d6b40-d3ad-4fe7-8245-9c92f794f831_dna_r10.4.1_e8.2_400bps_sup@v5.2.0	DS:Z:gpu:NVIDIA GeForce RTX 4070 SUPER	PU:Z:FBG39641	DT:Z:2026-07-15T14:17:26.508000+00:00	tm:Z:adapter,primer rc
329752	c7a89889-3ab2-4476-8f61-249ba45d1f8a	qs:f:21.5612	ch:i:468	st:Z:2026-07-16T01:04:38.892000+00:00	RG:Z:a40d6b40-d3ad-4fe7-8245-9c92f794f831_dna_r10.4.1_e8.2_400bps_sup@v5.2.0	DS:Z:gpu:NVIDIA GeForce RTX 4070 SUPER	PU:Z:FBG39641	DT:Z:2026-07-15T14:17:26.508000+00:00	tm:Z:adapter,primer
329752	6283424d-c024-484e-b47a-b22074a3822d	qs:f:18.8409	ch:i:356	st:Z:2026-07-15T21:23:29.726000+00:00	RG:Z:a40d6b40-d3ad-4fe7-8245-9c92f794f831_dna_r10.4.1_e8.2_400bps_sup@v5.2.0	DS:Z:gpu:NVIDIA GeForce RTX 4070 SUPER	PU:Z:FBG39641	DT:Z:2026-07-15T14:17:26.508000+00:00	tm:Z:adapter,primer rc
329752	932a4676-0ab7-4d8a-bbd3-71d20ec9decf	qs:f:23.3118	ch:i:462	st:Z:2026-07-15T14:39:13.059000+00:00	RG:Z:a40d6b40-d3ad-4fe7-8245-9c92f794f831_dna_r10.4.1_e8.2_400bps_sup@v5.2.0	DS:Z:gpu:NVIDIA GeForce RTX 4070 SUPER	PU:Z:FBG39641	DT:Z:2026-07-15T14:17:26.508000+00:00	tm:Z:adapter,primer
329752	aaeb233b-c92e-4300-8b4b-811c0fa99c7d	qs:f:23.4129	ch:i:460	st:Z:2026-07-16T00:17:29.588000+00:00	RG:Z:a40d6b40-d3ad-4fe7-8245-9c92f794f831_dna_r10.4.1_e8.2_400bps_sup@v5.2.0	DS:Z:gpu:NVIDIA GeForce RTX 4070 SUPER	PU:Z:FBG39641	DT:Z:2026-07-15T14:17:26.508000+00:00	tm:Z:adapter,primer
329752	68c0111c-eb64-48ff-8fbf-f08dc9a3f212	qs:f:14.8736	ch:i:451	st:Z:2026-07-15T19:49:21.341000+00:00	RG:Z:a40d6b40-d3ad-4fe7-8245-9c92f794f831_dna_r10.4.1_e8.2_400bps_sup@v5.2.0	DS:Z:gpu:NVIDIA GeForce RTX 4070 SUPER	PU:Z:FBG39641	DT:Z:2026-07-15T14:17:26.508000+00:00	tm:Z:adapter,primer
329752	614ed0c1-4669-4ef1-b606-9d438e23a10e	qs:f:13.0125	ch:i:18	st:Z:2026-07-15T19:24:17.558000+00:00	RG:Z:a40d6b40-d3ad-4fe7-8245-9c92f794f831_dna_r10.4.1_e8.2_400bps_sup@v5.2.0	DS:Z:gpu:NVIDIA GeForce RTX 4070 SUPER	PU:Z:FBG39641	DT:Z:2026-07-15T14:17:26.508000+00:00	tm:Z:adapter,primer rc
329752	c042bf6d-7635-48d4-ac52-8ab080223e34	qs:f:15.3963	ch:i:380	st:Z:2026-07-15T20:24:31.441000+00:00	RG:Z:a40d6b40-d3ad-4fe7-8245-9c92f794f831_dna_r10.4.1_e8.2_400bps_sup@v5.2.0	DS:Z:gpu:NVIDIA GeForce RTX 4070 SUPER	PU:Z:FBG39641	DT:Z:2026-07-15T14:17:26.508000+00:00	tm:Z:none
329752	c62a8b7f-7a91-42bf-a3c5-3efdf248f2ce	qs:f:17.3866	ch:i:504	st:Z:2026-07-15T18:13:24.408000+00:00	RG:Z:a40d6b40-d3ad-4fe7-8245-9c92f794f831_dna_r10.4.1_e8.2_400bps_sup@v5.2.0	DS:Z:gpu:NVIDIA GeForce RTX 4070 SUPER	PU:Z:FBG39641	DT:Z:2026-07-15T14:17:26.508000+00:00	tm:Z:adapter,primer
329752	6399a961-f1c6-4f7b-9433-fbe29dbd4c23	qs:f:16.4289	ch:i:56	st:Z:2026-07-15T20:31:41.809000+00:00	RG:Z:a40d6b40-d3ad-4fe7-8245-9c92f794f831_dna_r10.4.1_e8.2_400bps_sup@v5.2.0	DS:Z:gpu:NVIDIA GeForce RTX 4070 SUPER	PU:Z:FBG39641	DT:Z:2026-07-15T14:17:26.508000+00:00	tm:Z:none
329752	b4de3cd2-4469-4849-9b75-6f3188e5f0bb	qs:f:17.9648	ch:i:138	st:Z:2026-07-15T17:52:03.657000+00:00	RG:Z:a40d6b40-d3ad-4fe7-8245-9c92f794f831_dna_r10.4.1_e8.2_400bps_sup@v5.2.0	DS:Z:gpu:NVIDIA GeForce RTX 4070 SUPER	PU:Z:FBG39641	DT:Z:2026-07-15T14:17:26.508000+00:00	tm:Z:adapter,primer
329752	8573c217-af63-4de2-8b6a-8a292758dcab	qs:f:16.029	ch:i:31	st:Z:2026-07-15T20:28:35.593000+00:00	RG:Z:a40d6b40-d3ad-4fe7-8245-9c92f794f831_dna_r10.4.1_e8.2_400bps_sup@v5.2.0	DS:Z:gpu:NVIDIA GeForce RTX 4070 SUPER	PU:Z:FBG39641	DT:Z:2026-07-15T14:17:26.508000+00:00	tm:Z:none
329752	66c4fd06-0da6-4d01-aa21-c09bdd138a27	qs:f:15.8856	ch:i:386	st:Z:2026-07-15T15:33:12.095000+00:00	RG:Z:a40d6b40-d3ad-4fe7-8245-9c92f794f831_dna_r10.4.1_e8.2_400bps_sup@v5.2.0	DS:Z:gpu:NVIDIA GeForce RTX 4070 SUPER	PU:Z:FBG39641	DT:Z:2026-07-15T14:17:26.508000+00:00	tm:Z:adapter,primer rc
329752	3455c3f7-d93a-4d5d-9c73-c5287a78351b	qs:f:21.1105	ch:i:59	st:Z:2026-07-15T14:31:06.386000+00:00	RG:Z:a40d6b40-d3ad-4fe7-8245-9c92f794f831_dna_r10.4.1_e8.2_400bps_sup@v5.2.0	DS:Z:gpu:NVIDIA GeForce RTX 4070 SUPER	PU:Z:FBG39641	DT:Z:2026-07-15T14:17:26.508000+00:00	tm:Z:adapter,primer
329752	5a13dba3-0713-433b-a68c-e4f1cb361731	qs:f:23.2925	ch:i:51	st:Z:2026-07-15T21:02:20.625000+00:00	RG:Z:a40d6b40-d3ad-4fe7-8245-9c92f794f831_dna_r10.4.1_e8.2_400bps_sup@v5.2.0	DS:Z:gpu:NVIDIA GeForce RTX 4070 SUPER	PU:Z:FBG39641	DT:Z:2026-07-15T14:17:26.508000+00:00	tm:Z:adapter,primer
329752	0a0e0f38-445f-405f-81df-38cab064ed8f	qs:f:20.1972	ch:i:172	st:Z:2026-07-15T19:03:12.575000+00:00	RG:Z:a40d6b40-d3ad-4fe7-8245-9c92f794f831_dna_r10.4.1_e8.2_400bps_sup@v5.2.0	DS:Z:gpu:NVIDIA GeForce RTX 4070 SUPER	PU:Z:FBG39641	DT:Z:2026-07-15T14:17:26.508000+00:00	tm:Z:adapter,primer
329752	89f3f4b7-2020-40e6-8178-6acf4d4e994a	qs:f:18.6589	ch:i:78	st:Z:2026-07-15T18:44:38.183000+00:00	RG:Z:a40d6b40-d3ad-4fe7-8245-9c92f794f831_dna_r10.4.1_e8.2_400bps_sup@v5.2.0	DS:Z:gpu:NVIDIA GeForce RTX 4070 SUPER	PU:Z:FBG39641	DT:Z:2026-07-15T14:17:26.508000+00:00	tm:Z:none
329752	f6df223f-5657-4a35-b792-d7399067003f	qs:f:23.7709	ch:i:460	st:Z:2026-07-15T14:40:37.397000+00:00	RG:Z:a40d6b40-d3ad-4fe7-8245-9c92f794f831_dna_r10.4.1_e8.2_400bps_sup@v5.2.0	DS:Z:gpu:NVIDIA GeForce RTX 4070 SUPER	PU:Z:FBG39641	DT:Z:2026-07-15T14:17:26.508000+00:00	tm:Z:adapter,primer
329752	d929cac0-fefa-4a0f-8d62-2745b4331aa2	qs:f:19.4088	ch:i:399	st:Z:2026-07-15T18:18:13.869000+00:00	RG:Z:a40d6b40-d3ad-4fe7-8245-9c92f794f831_dna_r10.4.1_e8.2_400bps_sup@v5.2.0	DS:Z:gpu:NVIDIA GeForce RTX 4070 SUPER	PU:Z:FBG39641	DT:Z:2026-07-15T14:17:26.508000+00:00	tm:Z:adapter,primer
329752	9ac8bac2-9779-47d0-a4f4-4ae152b73e20	qs:f:15.8111	ch:i:357	st:Z:2026-07-16T00:14:48.509000+00:00	RG:Z:a40d6b40-d3ad-4fe7-8245-9c92f794f831_dna_r10.4.1_e8.2_400bps_sup@v5.2.0	DS:Z:gpu:NVIDIA GeForce RTX 4070 SUPER	PU:Z:FBG39641	DT:Z:2026-07-15T14:17:26.508000+00:00	tm:Z:none
329752	782ee204-6f26-49ac-bd50-ff9a7a521364	qs:f:20.3304	ch:i:504	st:Z:2026-07-15T21:49:03.384000+00:00	RG:Z:a40d6b40-d3ad-4fe7-8245-9c92f794f831_dna_r10.4.1_e8.2_400bps_sup@v5.2.0	DS:Z:gpu:NVIDIA GeForce RTX 4070 SUPER	PU:Z:FBG39641	DT:Z:2026-07-15T14:17:26.508000+00:00	tm:Z:adapter,primer
329752	a9cd60e7-4a6b-4c07-9122-087ebc737fee	qs:f:16.7668	ch:i:457	st:Z:2026-07-15T15:41:07.937000+00:00	RG:Z:a40d6b40-d3ad-4fe7-8245-9c92f794f831_dna_r10.4.1_e8.2_400bps_sup@v5.2.0	DS:Z:gpu:NVIDIA GeForce RTX 4070 SUPER	PU:Z:FBG39641	DT:Z:2026-07-15T14:17:26.508000+00:00	tm:Z:adapter,primer
329752	c18b244b-0a96-41ab-975e-54a8fe52d73d	qs:f:21.8793	ch:i:136	st:Z:2026-07-15T18:44:25.674000+00:00	RG:Z:a40d6b40-d3ad-4fe7-8245-9c92f794f831_dna_r10.4.1_e8.2_400bps_sup@v5.2.0	DS:Z:gpu:NVIDIA GeForce RTX 4070 SUPER	PU:Z:FBG39641	DT:Z:2026-07-15T14:17:26.508000+00:00	tm:Z:none
329752	8aab5d96-9cb0-48e7-b55f-61fbc3ac6245	qs:f:20.7708	ch:i:197	st:Z:2026-07-15T16:26:47.273000+00:00	RG:Z:a40d6b40-d3ad-4fe7-8245-9c92f794f831_dna_r10.4.1_e8.2_400bps_sup@v5.2.0	DS:Z:gpu:NVIDIA GeForce RTX 4070 SUPER	PU:Z:FBG39641	DT:Z:2026-07-15T14:17:26.508000+00:00	tm:Z:adapter,primer
329752	7e4fca36-603b-4522-b6a4-35d91d668430	qs:f:19.1449	ch:i:424	st:Z:2026-07-15T15:47:51.096000+00:00	RG:Z:a40d6b40-d3ad-4fe7-8245-9c92f794f831_dna_r10.4.1_e8.2_400bps_sup@v5.2.0	DS:Z:gpu:NVIDIA GeForce RTX 4070 SUPER	PU:Z:FBG39641	DT:Z:2026-07-15T14:17:26.508000+00:00	tm:Z:adapter,primer
329752	2d2522b0-2e42-4e6c-a44d-6f0632bab823	qs:f:13.4192	ch:i:77	st:Z:2026-07-15T18:19:37.378000+00:00	RG:Z:a40d6b40-d3ad-4fe7-8245-9c92f794f831_dna_r10.4.1_e8.2_400bps_sup@v5.2.0	DS:Z:gpu:NVIDIA GeForce RTX 4070 SUPER	PU:Z:FBG39641	DT:Z:2026-07-15T14:17:26.508000+00:00	tm:Z:adapter,primer rc
329752	cb7352e0-6bee-45c2-b978-666a8994add9	qs:f:20.4393	ch:i:448	st:Z:2026-07-15T16:09:16.141000+00:00	RG:Z:a40d6b40-d3ad-4fe7-8245-9c92f794f831_dna_r10.4.1_e8.2_400bps_sup@v5.2.0	DS:Z:gpu:NVIDIA GeForce RTX 4070 SUPER	PU:Z:FBG39641	DT:Z:2026-07-15T14:17:26.508000+00:00	tm:Z:adapter,primer
329752	9eefcd55-c766-404d-932e-f264bb8fc567	qs:f:16.6346	ch:i:237	st:Z:2026-07-15T19:35:09.215000+00:00	RG:Z:a40d6b40-d3ad-4fe7-8245-9c92f794f831_dna_r10.4.1_e8.2_400bps_sup@v5.2.0	DS:Z:gpu:NVIDIA GeForce RTX 4070 SUPER	PU:Z:FBG39641	DT:Z:2026-07-15T14:17:26.508000+00:00	tm:Z:adapter,primer rc
329752	1151385e-6cf1-4cef-b1a9-f9af38f31a6d	qs:f:17.2788	ch:i:29	st:Z:2026-07-16T02:12:03.274000+00:00	RG:Z:a40d6b40-d3ad-4fe7-8245-9c92f794f831_dna_r10.4.1_e8.2_400bps_sup@v5.2.0	DS:Z:gpu:NVIDIA GeForce RTX 4070 SUPER	PU:Z:FBG39641	DT:Z:2026-07-15T14:17:26.508000+00:00	tm:Z:none
329752	718f09d4-dcce-4a25-a7b2-0bd6028cd05b	qs:f:15.5895	ch:i:350	st:Z:2026-07-15T19:33:38.897000+00:00	RG:Z:a40d6b40-d3ad-4fe7-8245-9c92f794f831_dna_r10.4.1_e8.2_400bps_sup@v5.2.0	DS:Z:gpu:NVIDIA GeForce RTX 4070 SUPER	PU:Z:FBG39641	DT:Z:2026-07-15T14:17:26.508000+00:00	tm:Z:adapter,primer rc
329752	d5e2b4e8-78f4-4b2e-9d28-6370718f04d6	qs:f:14.76	ch:i:463	st:Z:2026-07-15T23:04:38.983000+00:00	RG:Z:a40d6b40-d3ad-4fe7-8245-9c92f794f831_dna_r10.4.1_e8.2_400bps_sup@v5.2.0	DS:Z:gpu:NVIDIA GeForce RTX 4070 SUPER	PU:Z:FBG39641	DT:Z:2026-07-15T14:17:26.508000+00:00	tm:Z:none
329752	4e55943e-5087-49c5-8e8c-1ac596c4af31	qs:f:20.6653	ch:i:378	st:Z:2026-07-15T14:31:45.441000+00:00	RG:Z:a40d6b40-d3ad-4fe7-8245-9c92f794f831_dna_r10.4.1_e8.2_400bps_sup@v5.2.0	DS:Z:gpu:NVIDIA GeForce RTX 4070 SUPER	PU:Z:FBG39641	DT:Z:2026-07-15T14:17:26.508000+00:00	tm:Z:adapter,primer
329752	2a9afc6d-b6ed-4c1d-b798-a68ed2187eb3	qs:f:16.7895	ch:i:181	st:Z:2026-07-15T17:31:22.030000+00:00	RG:Z:a40d6b40-d3ad-4fe7-8245-9c92f794f831_dna_r10.4.1_e8.2_400bps_sup@v5.2.0	DS:Z:gpu:NVIDIA GeForce RTX 4070 SUPER	PU:Z:FBG39641	DT:Z:2026-07-15T14:17:26.508000+00:00	tm:Z:adapter,primer
329752	36878f2e-7b11-47bc-8f02-da1f2eaf9a7f	qs:f:22.7219	ch:i:252	st:Z:2026-07-15T23:47:27.837000+00:00	RG:Z:a40d6b40-d3ad-4fe7-8245-9c92f794f831_dna_r10.4.1_e8.2_400bps_sup@v5.2.0	DS:Z:gpu:NVIDIA GeForce RTX 4070 SUPER	PU:Z:FBG39641	DT:Z:2026-07-15T14:17:26.508000+00:00	tm:Z:none
329752	9d4402f8-caba-4eb3-b589-093d4790175d	qs:f:17.0509	ch:i:297	st:Z:2026-07-15T17:19:55.194000+00:00	RG:Z:a40d6b40-d3ad-4fe7-8245-9c92f794f831_dna_r10.4.1_e8.2_400bps_sup@v5.2.0	DS:Z:gpu:NVIDIA GeForce RTX 4070 SUPER	PU:Z:FBG39641	DT:Z:2026-07-15T14:17:26.508000+00:00	tm:Z:adapter,primer
329752	e0a45e7c-5df6-4c43-aeca-662c20121b23	qs:f:19.4201	ch:i:152	st:Z:2026-07-15T15:17:07.565000+00:00	RG:Z:a40d6b40-d3ad-4fe7-8245-9c92f794f831_dna_r10.4.1_e8.2_400bps_sup@v5.2.0	DS:Z:gpu:NVIDIA GeForce RTX 4070 SUPER	PU:Z:FBG39641	DT:Z:2026-07-15T14:17:26.508000+00:00	tm:Z:none rc
329752	041c0d9c-9411-4d22-9106-629bed16dac7	qs:f:16.9082	ch:i:360	st:Z:2026-07-16T01:00:26.851000+00:00	RG:Z:a40d6b40-d3ad-4fe7-8245-9c92f794f831_dna_r10.4.1_e8.2_400bps_sup@v5.2.0	DS:Z:gpu:NVIDIA GeForce RTX 4070 SUPER	PU:Z:FBG39641	DT:Z:2026-07-15T14:17:26.508000+00:00	tm:Z:adapter,primer
329752	667d4ff0-7f0e-4af4-b131-8d26aec5f3b6	qs:f:22.133	ch:i:404	st:Z:2026-07-15T16:38:15.585000+00:00	RG:Z:a40d6b40-d3ad-4fe7-8245-9c92f794f831_dna_r10.4.1_e8.2_400bps_sup@v5.2.0	DS:Z:gpu:NVIDIA GeForce RTX 4070 SUPER	PU:Z:FBG39641	DT:Z:2026-07-15T14:17:26.508000+00:00	tm:Z:adapter,primer
329752	00f06032-4599-46a4-be5f-637f3a977c70	qs:f:14.016	ch:i:91	st:Z:2026-07-15T15:08:10.116000+00:00	RG:Z:a40d6b40-d3ad-4fe7-8245-9c92f794f831_dna_r10.4.1_e8.2_400bps_sup@v5.2.0	DS:Z:gpu:NVIDIA GeForce RTX 4070 SUPER	PU:Z:FBG39641	DT:Z:2026-07-15T14:17:26.508000+00:00	tm:Z:none
329752	f94327ac-8b84-4c34-8d80-768075b261b2	qs:f:21.7452	ch:i:72	st:Z:2026-07-15T15:10:24.358000+00:00	RG:Z:a40d6b40-d3ad-4fe7-8245-9c92f794f831_dna_r10.4.1_e8.2_400bps_sup@v5.2.0	DS:Z:gpu:NVIDIA GeForce RTX 4070 SUPER	PU:Z:FBG39641	DT:Z:2026-07-15T14:17:26.508000+00:00	tm:Z:adapter,primer rc
329752	e2e8d957-5e65-448e-8751-01a62b92c97e	qs:f:20.5679	ch:i:242	st:Z:2026-07-15T20:07:31.611000+00:00	RG:Z:a40d6b40-d3ad-4fe7-8245-9c92f794f831_dna_r10.4.1_e8.2_400bps_sup@v5.2.0	DS:Z:gpu:NVIDIA GeForce RTX 4070 SUPER	PU:Z:FBG39641	DT:Z:2026-07-15T14:17:26.508000+00:00	tm:Z:adapter,primer
329752	aa531eb5-fca8-45ec-af44-0e13fbdf8ffa	qs:f:13.2955	ch:i:116	st:Z:2026-07-15T20:27:52.331000+00:00	RG:Z:a40d6b40-d3ad-4fe7-8245-9c92f794f831_dna_r10.4.1_e8.2_400bps_sup@v5.2.0	DS:Z:gpu:NVIDIA GeForce RTX 4070 SUPER	PU:Z:FBG39641	DT:Z:2026-07-15T14:17:26.508000+00:00	tm:Z:none rc
329752	a310359e-ae5b-441f-ba93-4496f2e49679	qs:f:18.6506	ch:i:154	st:Z:2026-07-15T17:53:43.587000+00:00	RG:Z:a40d6b40-d3ad-4fe7-8245-9c92f794f831_dna_r10.4.1_e8.2_400bps_sup@v5.2.0	DS:Z:gpu:NVIDIA GeForce RTX 4070 SUPER	PU:Z:FBG39641	DT:Z:2026-07-15T14:17:26.508000+00:00	tm:Z:none rc
329752	81384ffc-4a04-450d-bfab-2c04627b9e90	qs:f:19.3718	ch:i:378	st:Z:2026-07-15T22:47:33.258000+00:00	RG:Z:a40d6b40-d3ad-4fe7-8245-9c92f794f831_dna_r10.4.1_e8.2_400bps_sup@v5.2.0	DS:Z:gpu:NVIDIA GeForce RTX 4070 SUPER	PU:Z:FBG39641	DT:Z:2026-07-15T14:17:26.508000+00:00	tm:Z:adapter,primer rc
329752	dce8f250-17c8-4b1d-bb9f-6b59762da67b	qs:f:22.6611	ch:i:413	st:Z:2026-07-15T16:01:57.286000+00:00	RG:Z:a40d6b40-d3ad-4fe7-8245-9c92f794f831_dna_r10.4.1_e8.2_400bps_sup@v5.2.0	DS:Z:gpu:NVIDIA GeForce RTX 4070 SUPER	PU:Z:FBG39641	DT:Z:2026-07-15T14:17:26.508000+00:00	tm:Z:none rc
329752	e234e31b-aa33-4d60-9fb9-669aabfebb98	qs:f:20.2359	ch:i:381	st:Z:2026-07-15T16:33:08.146000+00:00	RG:Z:a40d6b40-d3ad-4fe7-8245-9c92f794f831_dna_r10.4.1_e8.2_400bps_sup@v5.2.0	DS:Z:gpu:NVIDIA GeForce RTX 4070 SUPER	PU:Z:FBG39641	DT:Z:2026-07-15T14:17:26.508000+00:00	tm:Z:adapter,primer
329752	9ab84f83-d5da-462d-8752-ca8b929779e9	qs:f:14.3095	ch:i:9	st:Z:2026-07-15T18:04:49.953000+00:00	RG:Z:a40d6b40-d3ad-4fe7-8245-9c92f794f831_dna_r10.4.1_e8.2_400bps_sup@v5.2.0	DS:Z:gpu:NVIDIA GeForce RTX 4070 SUPER	PU:Z:FBG39641	DT:Z:2026-07-15T14:17:26.508000+00:00	tm:Z:adapter,primer rc
329752	318bc940-db71-4c27-87b4-02b1fb8b77df	qs:f:19.0936	ch:i:268	st:Z:2026-07-16T01:03:14.792000+00:00	RG:Z:a40d6b40-d3ad-4fe7-8245-9c92f794f831_dna_r10.4.1_e8.2_400bps_sup@v5.2.0	DS:Z:gpu:NVIDIA GeForce RTX 4070 SUPER	PU:Z:FBG39641	DT:Z:2026-07-15T14:17:26.508000+00:00	tm:Z:none
329752	657600aa-5704-4a99-9542-40eb3906a996	qs:f:17.8033	ch:i:77	st:Z:2026-07-15T15:44:56.821000+00:00	RG:Z:a40d6b40-d3ad-4fe7-8245-9c92f794f831_dna_r10.4.1_e8.2_400bps_sup@v5.2.0	DS:Z:gpu:NVIDIA GeForce RTX 4070 SUPER	PU:Z:FBG39641	DT:Z:2026-07-15T14:17:26.508000+00:00	tm:Z:adapter,primer rc
329752	f627c1ab-0d1a-43ad-ae97-d5e7c0435822	qs:f:15.7917	ch:i:15	st:Z:2026-07-15T14:52:07.512000+00:00	RG:Z:a40d6b40-d3ad-4fe7-8245-9c92f794f831_dna_r10.4.1_e8.2_400bps_sup@v5.2.0	DS:Z:gpu:NVIDIA GeForce RTX 4070 SUPER	PU:Z:FBG39641	DT:Z:2026-07-15T14:17:26.508000+00:00	tm:Z:adapter,primer rc
329752	4a58da7d-baa4-4b90-b653-365c553c2d97	qs:f:19.6926	ch:i:202	st:Z:2026-07-15T23:55:25.347000+00:00	RG:Z:a40d6b40-d3ad-4fe7-8245-9c92f794f831_dna_r10.4.1_e8.2_400bps_sup@v5.2.0	DS:Z:gpu:NVIDIA GeForce RTX 4070 SUPER	PU:Z:FBG39641	DT:Z:2026-07-15T14:17:26.508000+00:00	tm:Z:adapter,primer rc
329752	a3e3b416-d1a4-4307-a932-130308b135d5	qs:f:22.4714	ch:i:145	st:Z:2026-07-16T02:11:29.452000+00:00	RG:Z:a40d6b40-d3ad-4fe7-8245-9c92f794f831_dna_r10.4.1_e8.2_400bps_sup@v5.2.0	DS:Z:gpu:NVIDIA GeForce RTX 4070 SUPER	PU:Z:FBG39641	DT:Z:2026-07-15T14:17:26.508000+00:00	tm:Z:adapter,primer
329752	2d242aee-7858-4032-af51-40922d181a97	qs:f:20.0912	ch:i:474	st:Z:2026-07-15T20:26:32.562000+00:00	RG:Z:a40d6b40-d3ad-4fe7-8245-9c92f794f831_dna_r10.4.1_e8.2_400bps_sup@v5.2.0	DS:Z:gpu:NVIDIA GeForce RTX 4070 SUPER	PU:Z:FBG39641	DT:Z:2026-07-15T14:17:26.508000+00:00	tm:Z:adapter,primer
329752	040c3907-713c-48ad-b665-00ed09201877	qs:f:14.6901	ch:i:209	st:Z:2026-07-15T16:46:08.337000+00:00	RG:Z:a40d6b40-d3ad-4fe7-8245-9c92f794f831_dna_r10.4.1_e8.2_400bps_sup@v5.2.0	DS:Z:gpu:NVIDIA GeForce RTX 4070 SUPER	PU:Z:FBG39641	DT:Z:2026-07-15T14:17:26.508000+00:00	tm:Z:adapter,primer
329752	f3c4edab-95e6-4953-965b-b16c9468ca83	qs:f:36.9023	ch:i:294	st:Z:2026-07-15T20:22:02.363000+00:00	RG:Z:a40d6b40-d3ad-4fe7-8245-9c92f794f831_dna_r10.4.1_e8.2_400bps_sup@v5.2.0	DS:Z:gpu:NVIDIA GeForce RTX 4070 SUPER	PU:Z:FBG39641	DT:Z:2026-07-15T14:17:26.508000+00:00	tm:Z:adapter,primer
329752	df493989-067c-4879-8e57-7da76615b500	qs:f:17.3662	ch:i:277	st:Z:2026-07-16T00:27:12.322000+00:00	RG:Z:a40d6b40-d3ad-4fe7-8245-9c92f794f831_dna_r10.4.1_e8.2_400bps_sup@v5.2.0	DS:Z:gpu:NVIDIA GeForce RTX 4070 SUPER	PU:Z:FBG39641	DT:Z:2026-07-15T14:17:26.508000+00:00	tm:Z:adapter,primer rc
329752	65b58a3d-fcc0-4d64-a891-b39db3684510	qs:f:16.7287	ch:i:350	st:Z:2026-07-16T00:29:00.140000+00:00	RG:Z:a40d6b40-d3ad-4fe7-8245-9c92f794f831_dna_r10.4.1_e8.2_400bps_sup@v5.2.0	DS:Z:gpu:NVIDIA GeForce RTX 4070 SUPER	PU:Z:FBG39641	DT:Z:2026-07-15T14:17:26.508000+00:00	tm:Z:none rc
329752	29e87904-0099-4fcc-aa2c-82f24c1e2a21	qs:f:17.0532	ch:i:254	st:Z:2026-07-15T19:22:38.404000+00:00	RG:Z:a40d6b40-d3ad-4fe7-8245-9c92f794f831_dna_r10.4.1_e8.2_400bps_sup@v5.2.0	DS:Z:gpu:NVIDIA GeForce RTX 4070 SUPER	PU:Z:FBG39641	DT:Z:2026-07-15T14:17:26.508000+00:00	tm:Z:adapter,primer
329752	859cb4f4-44f9-416e-88fc-2bfd9745c527	qs:f:17.6378	ch:i:154	st:Z:2026-07-15T21:32:41.051000+00:00	RG:Z:a40d6b40-d3ad-4fe7-8245-9c92f794f831_dna_r10.4.1_e8.2_400bps_sup@v5.2.0	DS:Z:gpu:NVIDIA GeForce RTX 4070 SUPER	PU:Z:FBG39641	DT:Z:2026-07-15T14:17:26.508000+00:00	tm:Z:adapter,primer
329752	7bfb7730-bb81-41de-b4b0-9fafb7feabdf	qs:f:14.4683	ch:i:397	st:Z:2026-07-15T17:08:33.570000+00:00	RG:Z:a40d6b40-d3ad-4fe7-8245-9c92f794f831_dna_r10.4.1_e8.2_400bps_sup@v5.2.0	DS:Z:gpu:NVIDIA GeForce RTX 4070 SUPER	PU:Z:FBG39641	DT:Z:2026-07-15T14:17:26.508000+00:00	tm:Z:adapter,primer rc
329752	f3800e0a-8c5e-4c49-b7e0-3c2f38a8ac1e	qs:f:17.0051	ch:i:53	st:Z:2026-07-16T00:07:36.739000+00:00	RG:Z:a40d6b40-d3ad-4fe7-8245-9c92f794f831_dna_r10.4.1_e8.2_400bps_sup@v5.2.0	DS:Z:gpu:NVIDIA GeForce RTX 4070 SUPER	PU:Z:FBG39641	DT:Z:2026-07-15T14:17:26.508000+00:00	tm:Z:adapter,primer
329752	5cc0137a-a3de-4d4e-8bf2-d22d5ab99a94	qs:f:20.1791	ch:i:283	st:Z:2026-07-15T23:05:29.899000+00:00	RG:Z:a40d6b40-d3ad-4fe7-8245-9c92f794f831_dna_r10.4.1_e8.2_400bps_sup@v5.2.0	DS:Z:gpu:NVIDIA GeForce RTX 4070 SUPER	PU:Z:FBG39641	DT:Z:2026-07-15T14:17:26.508000+00:00	tm:Z:adapter,primer
329752	87faa3d9-5d27-4596-bb61-bfaca57f9e9f	qs:f:17.7099	ch:i:336	st:Z:2026-07-15T16:34:41.377000+00:00	RG:Z:a40d6b40-d3ad-4fe7-8245-9c92f794f831_dna_r10.4.1_e8.2_400bps_sup@v5.2.0	DS:Z:gpu:NVIDIA GeForce RTX 4070 SUPER	PU:Z:FBG39641	DT:Z:2026-07-15T14:17:26.508000+00:00	tm:Z:none rc
329752	d44f22ff-28af-45ae-aedb-bc345ffa9d7f	qs:f:15.7387	ch:i:386	st:Z:2026-07-15T21:44:43.631000+00:00	RG:Z:a40d6b40-d3ad-4fe7-8245-9c92f794f831_dna_r10.4.1_e8.2_400bps_sup@v5.2.0	DS:Z:gpu:NVIDIA GeForce RTX 4070 SUPER	PU:Z:FBG39641	DT:Z:2026-07-15T14:17:26.508000+00:00	tm:Z:adapter,primer rc
329752	b784048f-0cbe-4535-990a-9f1d0eff87c1	qs:f:17.9672	ch:i:298	st:Z:2026-07-15T18:29:42.794000+00:00	RG:Z:a40d6b40-d3ad-4fe7-8245-9c92f794f831_dna_r10.4.1_e8.2_400bps_sup@v5.2.0	DS:Z:gpu:NVIDIA GeForce RTX 4070 SUPER	PU:Z:FBG39641	DT:Z:2026-07-15T14:17:26.508000+00:00	tm:Z:adapter,primer
329752	0b5f7d8f-fb49-499d-872a-d2cdc60fb31f	qs:f:21.7743	ch:i:40	st:Z:2026-07-15T14:51:43.353000+00:00	RG:Z:a40d6b40-d3ad-4fe7-8245-9c92f794f831_dna_r10.4.1_e8.2_400bps_sup@v5.2.0	DS:Z:gpu:NVIDIA GeForce RTX 4070 SUPER	PU:Z:FBG39641	DT:Z:2026-07-15T14:17:26.508000+00:00	tm:Z:adapter,primer
329752	2ed9856a-01d1-4045-9f09-8a87e63a30bf	qs:f:18.5422	ch:i:402	st:Z:2026-07-16T00:15:31.547000+00:00	RG:Z:a40d6b40-d3ad-4fe7-8245-9c92f794f831_dna_r10.4.1_e8.2_400bps_sup@v5.2.0	DS:Z:gpu:NVIDIA GeForce RTX 4070 SUPER	PU:Z:FBG39641	DT:Z:2026-07-15T14:17:26.508000+00:00	tm:Z:none rc
329752	b785d3da-fd1a-435d-bb10-8d0087e67763	qs:f:13.0404	ch:i:365	st:Z:2026-07-16T02:05:00.753000+00:00	RG:Z:a40d6b40-d3ad-4fe7-8245-9c92f794f831_dna_r10.4.1_e8.2_400bps_sup@v5.2.0	DS:Z:gpu:NVIDIA GeForce RTX 4070 SUPER	PU:Z:FBG39641	DT:Z:2026-07-15T14:17:26.508000+00:00	tm:Z:adapter,primer
329752	7065c314-983a-424c-8e1a-9fa9dc65774e	qs:f:16.4544	ch:i:419	st:Z:2026-07-15T19:25:33.024000+00:00	RG:Z:a40d6b40-d3ad-4fe7-8245-9c92f794f831_dna_r10.4.1_e8.2_400bps_sup@v5.2.0	DS:Z:gpu:NVIDIA GeForce RTX 4070 SUPER	PU:Z:FBG39641	DT:Z:2026-07-15T14:17:26.508000+00:00	tm:Z:adapter,primer
329752	1f76e2d6-8c83-49ef-93df-44b519356479	qs:f:14.1395	ch:i:243	st:Z:2026-07-15T22:43:31.464000+00:00	RG:Z:a40d6b40-d3ad-4fe7-8245-9c92f794f831_dna_r10.4.1_e8.2_400bps_sup@v5.2.0	DS:Z:gpu:NVIDIA GeForce RTX 4070 SUPER	PU:Z:FBG39641	DT:Z:2026-07-15T14:17:26.508000+00:00	tm:Z:none
329752	4e3f7582-d3ae-46f8-bae7-bd3d5d9b8a13	qs:f:17.3082	ch:i:65	st:Z:2026-07-15T22:07:47.671000+00:00	RG:Z:a40d6b40-d3ad-4fe7-8245-9c92f794f831_dna_r10.4.1_e8.2_400bps_sup@v5.2.0	DS:Z:gpu:NVIDIA GeForce RTX 4070 SUPER	PU:Z:FBG39641	DT:Z:2026-07-15T14:17:26.508000+00:00	tm:Z:adapter,primer rc
329752	4ef3aba6-bc37-4187-b83b-3bc0eb76aaf8	qs:f:15.5245	ch:i:382	st:Z:2026-07-15T23:42:01.920000+00:00	RG:Z:a40d6b40-d3ad-4fe7-8245-9c92f794f831_dna_r10.4.1_e8.2_400bps_sup@v5.2.0	DS:Z:gpu:NVIDIA GeForce RTX 4070 SUPER	PU:Z:FBG39641	DT:Z:2026-07-15T14:17:26.508000+00:00	tm:Z:adapter,primer rc
329752	2aa81186-9916-483a-966e-9711456d440b	qs:f:16.9002	ch:i:485	st:Z:2026-07-15T14:42:45.728000+00:00	RG:Z:a40d6b40-d3ad-4fe7-8245-9c92f794f831_dna_r10.4.1_e8.2_400bps_sup@v5.2.0	DS:Z:gpu:NVIDIA GeForce RTX 4070 SUPER	PU:Z:FBG39641	DT:Z:2026-07-15T14:17:26.508000+00:00	tm:Z:adapter,primer rc
329752	24880246-a220-4e68-a2a6-e51cd325c599	qs:f:25.0339	ch:i:59	st:Z:2026-07-15T19:48:37.713000+00:00	RG:Z:a40d6b40-d3ad-4fe7-8245-9c92f794f831_dna_r10.4.1_e8.2_400bps_sup@v5.2.0	DS:Z:gpu:NVIDIA GeForce RTX 4070 SUPER	PU:Z:FBG39641	DT:Z:2026-07-15T14:17:26.508000+00:00	tm:Z:adapter,primer
329752	67288cc8-c33e-44c5-b1c0-11575242cc99	qs:f:15.0568	ch:i:399	st:Z:2026-07-15T21:14:05.542000+00:00	RG:Z:a40d6b40-d3ad-4fe7-8245-9c92f794f831_dna_r10.4.1_e8.2_400bps_sup@v5.2.0	DS:Z:gpu:NVIDIA GeForce RTX 4070 SUPER	PU:Z:FBG39641	DT:Z:2026-07-15T14:17:26.508000+00:00	tm:Z:none rc
329752	8cff7614-23b0-4801-8a77-2ea365ea788d	qs:f:16.2036	ch:i:421	st:Z:2026-07-15T17:40:50.495000+00:00	RG:Z:a40d6b40-d3ad-4fe7-8245-9c92f794f831_dna_r10.4.1_e8.2_400bps_sup@v5.2.0	DS:Z:gpu:NVIDIA GeForce RTX 4070 SUPER	PU:Z:FBG39641	DT:Z:2026-07-15T14:17:26.508000+00:00	tm:Z:adapter,primer rc
329752	8ff5c76c-45d6-4067-910e-41ee9bb1598b	qs:f:15.5243	ch:i:204	st:Z:2026-07-15T19:31:10.812000+00:00	RG:Z:a40d6b40-d3ad-4fe7-8245-9c92f794f831_dna_r10.4.1_e8.2_400bps_sup@v5.2.0	DS:Z:gpu:NVIDIA GeForce RTX 4070 SUPER	PU:Z:FBG39641	DT:Z:2026-07-15T14:17:26.508000+00:00	tm:Z:adapter,primer rc
329752	0c1ada46-28bb-427e-a445-7ef4a0288ed9	qs:f:20.0382	ch:i:457	st:Z:2026-07-15T20:29:43.976000+00:00	RG:Z:a40d6b40-d3ad-4fe7-8245-9c92f794f831_dna_r10.4.1_e8.2_400bps_sup@v5.2.0	DS:Z:gpu:NVIDIA GeForce RTX 4070 SUPER	PU:Z:FBG39641	DT:Z:2026-07-15T14:17:26.508000+00:00	tm:Z:adapter,primer
329752	23d6617a-4b80-4a20-afb1-94265a70fda2	qs:f:20.4506	ch:i:147	st:Z:2026-07-15T16:42:09.790000+00:00	RG:Z:a40d6b40-d3ad-4fe7-8245-9c92f794f831_dna_r10.4.1_e8.2_400bps_sup@v5.2.0	DS:Z:gpu:NVIDIA GeForce RTX 4070 SUPER	PU:Z:FBG39641	DT:Z:2026-07-15T14:17:26.508000+00:00	tm:Z:none rc
329752	bf48d222-9bb6-4c49-8f4c-b2d416f6d2aa	qs:f:18.6299	ch:i:184	st:Z:2026-07-15T18:49:12.213000+00:00	RG:Z:a40d6b40-d3ad-4fe7-8245-9c92f794f831_dna_r10.4.1_e8.2_400bps_sup@v5.2.0	DS:Z:gpu:NVIDIA GeForce RTX 4070 SUPER	PU:Z:FBG39641	DT:Z:2026-07-15T14:17:26.508000+00:00	tm:Z:adapter,primer
329752	6eed14ac-0dd7-4f95-95e0-109ecb1bdcfc	qs:f:20.7347	ch:i:406	st:Z:2026-07-15T22:43:54.013000+00:00	RG:Z:a40d6b40-d3ad-4fe7-8245-9c92f794f831_dna_r10.4.1_e8.2_400bps_sup@v5.2.0	DS:Z:gpu:NVIDIA GeForce RTX 4070 SUPER	PU:Z:FBG39641	DT:Z:2026-07-15T14:17:26.508000+00:00	tm:Z:adapter,primer rc
329752	0adb713c-a347-470f-9c56-b5ea62c7739d	qs:f:20.1515	ch:i:295	st:Z:2026-07-16T00:56:12.537000+00:00	RG:Z:a40d6b40-d3ad-4fe7-8245-9c92f794f831_dna_r10.4.1_e8.2_400bps_sup@v5.2.0	DS:Z:gpu:NVIDIA GeForce RTX 4070 SUPER	PU:Z:FBG39641	DT:Z:2026-07-15T14:17:26.508000+00:00	tm:Z:adapter,primer
329752	bfe34645-cdfb-4b6c-ae86-2293c78f8a8d	qs:f:16.0183	ch:i:24	st:Z:2026-07-15T21:10:14.372000+00:00	RG:Z:a40d6b40-d3ad-4fe7-8245-9c92f794f831_dna_r10.4.1_e8.2_400bps_sup@v5.2.0	DS:Z:gpu:NVIDIA GeForce RTX 4070 SUPER	PU:Z:FBG39641	DT:Z:2026-07-15T14:17:26.508000+00:00	tm:Z:adapter,primer
329752	b1455f98-567f-497d-a9ac-8755ea549be3	qs:f:18.3516	ch:i:424	st:Z:2026-07-16T00:08:33.788000+00:00	RG:Z:a40d6b40-d3ad-4fe7-8245-9c92f794f831_dna_r10.4.1_e8.2_400bps_sup@v5.2.0	DS:Z:gpu:NVIDIA GeForce RTX 4070 SUPER	PU:Z:FBG39641	DT:Z:2026-07-15T14:17:26.508000+00:00	tm:Z:adapter,primer rc
329752	edb485cd-769e-43cd-9941-735cfd130e64	qs:f:19.8539	ch:i:469	st:Z:2026-07-15T23:11:09.929000+00:00	RG:Z:a40d6b40-d3ad-4fe7-8245-9c92f794f831_dna_r10.4.1_e8.2_400bps_sup@v5.2.0	DS:Z:gpu:NVIDIA GeForce RTX 4070 SUPER	PU:Z:FBG39641	DT:Z:2026-07-15T14:17:26.508000+00:00	tm:Z:adapter,primer
329752	7472170e-05ac-4245-9ddf-1ec9c4bcee55	qs:f:20.105	ch:i:289	st:Z:2026-07-15T18:13:22.382000+00:00	RG:Z:a40d6b40-d3ad-4fe7-8245-9c92f794f831_dna_r10.4.1_e8.2_400bps_sup@v5.2.0	DS:Z:gpu:NVIDIA GeForce RTX 4070 SUPER	PU:Z:FBG39641	DT:Z:2026-07-15T14:17:26.508000+00:00	tm:Z:adapter,primer
329752	6c3a601f-1f64-4048-80f4-1ae089a27f6a	qs:f:20.1321	ch:i:401	st:Z:2026-07-15T17:14:19.676000+00:00	RG:Z:a40d6b40-d3ad-4fe7-8245-9c92f794f831_dna_r10.4.1_e8.2_400bps_sup@v5.2.0	DS:Z:gpu:NVIDIA GeForce RTX 4070 SUPER	PU:Z:FBG39641	DT:Z:2026-07-15T14:17:26.508000+00:00	tm:Z:adapter,primer rc
329752	57b7beb4-2a62-40c5-a034-a959ba1ede33	qs:f:20.2418	ch:i:452	st:Z:2026-07-15T14:44:51.955000+00:00	RG:Z:a40d6b40-d3ad-4fe7-8245-9c92f794f831_dna_r10.4.1_e8.2_400bps_sup@v5.2.0	DS:Z:gpu:NVIDIA GeForce RTX 4070 SUPER	PU:Z:FBG39641	DT:Z:2026-07-15T14:17:26.508000+00:00	tm:Z:adapter,primer
329752	750966be-ee39-48ea-b230-35d63ab42770	qs:f:19.805	ch:i:222	st:Z:2026-07-16T02:08:35.933000+00:00	RG:Z:a40d6b40-d3ad-4fe7-8245-9c92f794f831_dna_r10.4.1_e8.2_400bps_sup@v5.2.0	DS:Z:gpu:NVIDIA GeForce RTX 4070 SUPER	PU:Z:FBG39641	DT:Z:2026-07-15T14:17:26.508000+00:00	tm:Z:none
329752	954f2cd4-65c8-4c88-adb3-2e7b3d07a90f	qs:f:14.8372	ch:i:452	st:Z:2026-07-15T16:31:00.549000+00:00	RG:Z:a40d6b40-d3ad-4fe7-8245-9c92f794f831_dna_r10.4.1_e8.2_400bps_sup@v5.2.0	DS:Z:gpu:NVIDIA GeForce RTX 4070 SUPER	PU:Z:FBG39641	DT:Z:2026-07-15T14:17:26.508000+00:00	tm:Z:none rc
329752	5b1a3211-50b7-4c74-8b73-fb436750535c	qs:f:12.8728	ch:i:147	st:Z:2026-07-15T19:54:37.967000+00:00	RG:Z:a40d6b40-d3ad-4fe7-8245-9c92f794f831_dna_r10.4.1_e8.2_400bps_sup@v5.2.0	DS:Z:gpu:NVIDIA GeForce RTX 4070 SUPER	PU:Z:FBG39641	DT:Z:2026-07-15T14:17:26.508000+00:00	tm:Z:adapter,primer
329752	ca4b5c2d-6f9d-48b2-955f-0871b8411adf	qs:f:17.643	ch:i:305	st:Z:2026-07-16T00:29:43.447000+00:00	RG:Z:a40d6b40-d3ad-4fe7-8245-9c92f794f831_dna_r10.4.1_e8.2_400bps_sup@v5.2.0	DS:Z:gpu:NVIDIA GeForce RTX 4070 SUPER	PU:Z:FBG39641	DT:Z:2026-07-15T14:17:26.508000+00:00	tm:Z:adapter,primer rc
329752	897761aa-4f58-4ad0-a361-9893e1cc235e	qs:f:18.8681	ch:i:133	st:Z:2026-07-15T15:01:27.895000+00:00	RG:Z:a40d6b40-d3ad-4fe7-8245-9c92f794f831_dna_r10.4.1_e8.2_400bps_sup@v5.2.0	DS:Z:gpu:NVIDIA GeForce RTX 4070 SUPER	PU:Z:FBG39641	DT:Z:2026-07-15T14:17:26.508000+00:00	tm:Z:adapter,primer rc
329752	23f1e1b7-5673-4be0-97b5-2a7cba0e8ff9	qs:f:19.8914	ch:i:39	st:Z:2026-07-15T23:35:02.446000+00:00	RG:Z:a40d6b40-d3ad-4fe7-8245-9c92f794f831_dna_r10.4.1_e8.2_400bps_sup@v5.2.0	DS:Z:gpu:NVIDIA GeForce RTX 4070 SUPER	PU:Z:FBG39641	DT:Z:2026-07-15T14:17:26.508000+00:00	tm:Z:adapter,primer rc
329752	64771468-1bd9-431d-bad7-91b6e7170321	qs:f:19.2286	ch:i:255	st:Z:2026-07-16T00:47:02.814000+00:00	RG:Z:a40d6b40-d3ad-4fe7-8245-9c92f794f831_dna_r10.4.1_e8.2_400bps_sup@v5.2.0	DS:Z:gpu:NVIDIA GeForce RTX 4070 SUPER	PU:Z:FBG39641	DT:Z:2026-07-15T14:17:26.508000+00:00	tm:Z:adapter,primer
329752	1b0ab605-2e99-4289-880c-ccb8bb50f79a	qs:f:14.5356	ch:i:235	st:Z:2026-07-16T01:40:34.643000+00:00	RG:Z:a40d6b40-d3ad-4fe7-8245-9c92f794f831_dna_r10.4.1_e8.2_400bps_sup@v5.2.0	DS:Z:gpu:NVIDIA GeForce RTX 4070 SUPER	PU:Z:FBG39641	DT:Z:2026-07-15T14:17:26.508000+00:00	tm:Z:adapter,primer
329752	17570ec2-f30f-435d-80b4-3baf38a959f2	qs:f:18.0295	ch:i:53	st:Z:2026-07-16T00:25:13.389000+00:00	RG:Z:a40d6b40-d3ad-4fe7-8245-9c92f794f831_dna_r10.4.1_e8.2_400bps_sup@v5.2.0	DS:Z:gpu:NVIDIA GeForce RTX 4070 SUPER	PU:Z:FBG39641	DT:Z:2026-07-15T14:17:26.508000+00:00	tm:Z:none
329752	9126526c-625d-4586-9a8a-d79340ae5efe	qs:f:19.4715	ch:i:237	st:Z:2026-07-15T16:19:55.252000+00:00	RG:Z:a40d6b40-d3ad-4fe7-8245-9c92f794f831_dna_r10.4.1_e8.2_400bps_sup@v5.2.0	DS:Z:gpu:NVIDIA GeForce RTX 4070 SUPER	PU:Z:FBG39641	DT:Z:2026-07-15T14:17:26.508000+00:00	tm:Z:none
329752	93f28952-bf1e-40cf-84cb-51294af8e6f8	qs:f:21.1524	ch:i:267	st:Z:2026-07-15T23:15:14.585000+00:00	RG:Z:a40d6b40-d3ad-4fe7-8245-9c92f794f831_dna_r10.4.1_e8.2_400bps_sup@v5.2.0	DS:Z:gpu:NVIDIA GeForce RTX 4070 SUPER	PU:Z:FBG39641	DT:Z:2026-07-15T14:17:26.508000+00:00	tm:Z:none
329752	558e32b9-4854-4e2b-a4c8-ee3c84b47779	qs:f:19.353	ch:i:17	st:Z:2026-07-16T00:09:19.183000+00:00	RG:Z:a40d6b40-d3ad-4fe7-8245-9c92f794f831_dna_r10.4.1_e8.2_400bps_sup@v5.2.0	DS:Z:gpu:NVIDIA GeForce RTX 4070 SUPER	PU:Z:FBG39641	DT:Z:2026-07-15T14:17:26.508000+00:00	tm:Z:adapter,primer
329752	bb1d2948-8565-4edf-bfb2-5596bdf82dfd	qs:f:20.8489	ch:i:393	st:Z:2026-07-15T14:52:45.032000+00:00	RG:Z:a40d6b40-d3ad-4fe7-8245-9c92f794f831_dna_r10.4.1_e8.2_400bps_sup@v5.2.0	DS:Z:gpu:NVIDIA GeForce RTX 4070 SUPER	PU:Z:FBG39641	DT:Z:2026-07-15T14:17:26.508000+00:00	tm:Z:adapter,primer rc
329752	51eece7d-0331-45c3-9ece-22280340cc87	qs:f:20.0715	ch:i:446	st:Z:2026-07-15T22:49:23.447000+00:00	RG:Z:a40d6b40-d3ad-4fe7-8245-9c92f794f831_dna_r10.4.1_e8.2_400bps_sup@v5.2.0	DS:Z:gpu:NVIDIA GeForce RTX 4070 SUPER	PU:Z:FBG39641	DT:Z:2026-07-15T14:17:26.508000+00:00	tm:Z:adapter,primer
329752	f6ac190d-84eb-4861-8ef0-1dfda21f7c7a	qs:f:19.4577	ch:i:360	st:Z:2026-07-15T20:00:20.553000+00:00	RG:Z:a40d6b40-d3ad-4fe7-8245-9c92f794f831_dna_r10.4.1_e8.2_400bps_sup@v5.2.0	DS:Z:gpu:NVIDIA GeForce RTX 4070 SUPER	PU:Z:FBG39641	DT:Z:2026-07-15T14:17:26.508000+00:00	tm:Z:adapter,primer rc
329752	abfb2c0d-a8b6-4a9e-838c-0f7eaad281c7	qs:f:12.9026	ch:i:214	st:Z:2026-07-15T16:42:43.712000+00:00	RG:Z:a40d6b40-d3ad-4fe7-8245-9c92f794f831_dna_r10.4.1_e8.2_400bps_sup@v5.2.0	DS:Z:gpu:NVIDIA GeForce RTX 4070 SUPER	PU:Z:FBG39641	DT:Z:2026-07-15T14:17:26.508000+00:00	tm:Z:adapter,primer
329752	cefc6818-8514-4b86-af9d-8540448ccad3	qs:f:20.2055	ch:i:443	st:Z:2026-07-15T21:32:31.856000+00:00	RG:Z:a40d6b40-d3ad-4fe7-8245-9c92f794f831_dna_r10.4.1_e8.2_400bps_sup@v5.2.0	DS:Z:gpu:NVIDIA GeForce RTX 4070 SUPER	PU:Z:FBG39641	DT:Z:2026-07-15T14:17:26.508000+00:00	tm:Z:adapter,primer rc
329752	75cacb25-2459-4ca1-8074-8564b18d0803	qs:f:21.6253	ch:i:174	st:Z:2026-07-15T17:30:43.016000+00:00	RG:Z:a40d6b40-d3ad-4fe7-8245-9c92f794f831_dna_r10.4.1_e8.2_400bps_sup@v5.2.0	DS:Z:gpu:NVIDIA GeForce RTX 4070 SUPER	PU:Z:FBG39641	DT:Z:2026-07-15T14:17:26.508000+00:00	tm:Z:none rc
329752	ff7c6b49-8a46-4b0a-839c-c05fa107a0d3	qs:f:15.09	ch:i:71	st:Z:2026-07-15T14:49:40.670000+00:00	RG:Z:a40d6b40-d3ad-4fe7-8245-9c92f794f831_dna_r10.4.1_e8.2_400bps_sup@v5.2.0	DS:Z:gpu:NVIDIA GeForce RTX 4070 SUPER	PU:Z:FBG39641	DT:Z:2026-07-15T14:17:26.508000+00:00	tm:Z:adapter,primer
329752	61ecf0d7-61de-4af0-8688-e696b9465cb6	qs:f:18.4039	ch:i:115	st:Z:2026-07-15T17:17:23.017000+00:00	RG:Z:a40d6b40-d3ad-4fe7-8245-9c92f794f831_dna_r10.4.1_e8.2_400bps_sup@v5.2.0	DS:Z:gpu:NVIDIA GeForce RTX 4070 SUPER	PU:Z:FBG39641	DT:Z:2026-07-15T14:17:26.508000+00:00	tm:Z:none rc
329752	071ca0a5-155b-42f9-be47-8160847c9530	qs:f:15.3896	ch:i:394	st:Z:2026-07-15T20:28:19.080000+00:00	RG:Z:a40d6b40-d3ad-4fe7-8245-9c92f794f831_dna_r10.4.1_e8.2_400bps_sup@v5.2.0	DS:Z:gpu:NVIDIA GeForce RTX 4070 SUPER	PU:Z:FBG39641	DT:Z:2026-07-15T14:17:26.508000+00:00	tm:Z:adapter,primer
329752	008ab1f9-e03f-4d2a-9717-ddb98759de97	qs:f:16.0839	ch:i:461	st:Z:2026-07-15T17:31:22.459000+00:00	RG:Z:a40d6b40-d3ad-4fe7-8245-9c92f794f831_dna_r10.4.1_e8.2_400bps_sup@v5.2.0	DS:Z:gpu:NVIDIA GeForce RTX 4070 SUPER	PU:Z:FBG39641	DT:Z:2026-07-15T14:17:26.508000+00:00	tm:Z:adapter,primer rc
329752	a5976640-053a-419a-92d0-f7d04eeb4870	qs:f:9.10793	ch:i:380	st:Z:2026-07-15T23:08:39.663000+00:00	RG:Z:a40d6b40-d3ad-4fe7-8245-9c92f794f831_dna_r10.4.1_e8.2_400bps_sup@v5.2.0	DS:Z:gpu:NVIDIA GeForce RTX 4070 SUPER	PU:Z:FBG39641	DT:Z:2026-07-15T14:17:26.508000+00:00	tm:Z:none
329752	7007b68d-0990-43ad-86e7-df830158ce82	qs:f:18.1578	ch:i:79	st:Z:2026-07-15T18:14:52.821000+00:00	RG:Z:a40d6b40-d3ad-4fe7-8245-9c92f794f831_dna_r10.4.1_e8.2_400bps_sup@v5.2.0	DS:Z:gpu:NVIDIA GeForce RTX 4070 SUPER	PU:Z:FBG39641	DT:Z:2026-07-15T14:17:26.508000+00:00	tm:Z:none
329752	83ad10c1-8bd2-470e-90bb-4dbb144117c0	qs:f:18.2505	ch:i:9	st:Z:2026-07-15T15:05:06.667000+00:00	RG:Z:a40d6b40-d3ad-4fe7-8245-9c92f794f831_dna_r10.4.1_e8.2_400bps_sup@v5.2.0	DS:Z:gpu:NVIDIA GeForce RTX 4070 SUPER	PU:Z:FBG39641	DT:Z:2026-07-15T14:17:26.508000+00:00	tm:Z:adapter,primer
329752	2ef9c28b-ff52-4064-9c42-dc290826c7df	qs:f:21.5029	ch:i:399	st:Z:2026-07-15T15:26:10.885000+00:00	RG:Z:a40d6b40-d3ad-4fe7-8245-9c92f794f831_dna_r10.4.1_e8.2_400bps_sup@v5.2.0	DS:Z:gpu:NVIDIA GeForce RTX 4070 SUPER	PU:Z:FBG39641	DT:Z:2026-07-15T14:17:26.508000+00:00	tm:Z:adapter,primer
329752	004a0e42-5dc0-4412-ac7a-8805794a925e	qs:f:17.3796	ch:i:289	st:Z:2026-07-15T16:18:34.471000+00:00	RG:Z:a40d6b40-d3ad-4fe7-8245-9c92f794f831_dna_r10.4.1_e8.2_400bps_sup@v5.2.0	DS:Z:gpu:NVIDIA GeForce RTX 4070 SUPER	PU:Z:FBG39641	DT:Z:2026-07-15T14:17:26.508000+00:00	tm:Z:adapter,primer rc
329752	21bd224b-6097-410e-a005-8b99529efdb3	qs:f:21.1088	ch:i:75	st:Z:2026-07-15T22:51:08.662000+00:00	RG:Z:a40d6b40-d3ad-4fe7-8245-9c92f794f831_dna_r10.4.1_e8.2_400bps_sup@v5.2.0	DS:Z:gpu:NVIDIA GeForce RTX 4070 SUPER	PU:Z:FBG39641	DT:Z:2026-07-15T14:17:26.508000+00:00	tm:Z:adapter,primer
329752	bb0679ce-c002-4648-aa17-32075b5c0e43	qs:f:17.1061	ch:i:197	st:Z:2026-07-15T17:02:16.326000+00:00	RG:Z:a40d6b40-d3ad-4fe7-8245-9c92f794f831_dna_r10.4.1_e8.2_400bps_sup@v5.2.0	DS:Z:gpu:NVIDIA GeForce RTX 4070 SUPER	PU:Z:FBG39641	DT:Z:2026-07-15T14:17:26.508000+00:00	tm:Z:adapter,primer rc
329752	ca0abbf8-f611-47b6-b81f-d415e64b6642	qs:f:17.4629	ch:i:126	st:Z:2026-07-16T01:02:39.879000+00:00	RG:Z:a40d6b40-d3ad-4fe7-8245-9c92f794f831_dna_r10.4.1_e8.2_400bps_sup@v5.2.0	DS:Z:gpu:NVIDIA GeForce RTX 4070 SUPER	PU:Z:FBG39641	DT:Z:2026-07-15T14:17:26.508000+00:00	tm:Z:none
329752	de658eb8-e618-4c5d-b674-714dc931bab8	qs:f:14.9122	ch:i:353	st:Z:2026-07-15T15:42:31.098000+00:00	RG:Z:a40d6b40-d3ad-4fe7-8245-9c92f794f831_dna_r10.4.1_e8.2_400bps_sup@v5.2.0	DS:Z:gpu:NVIDIA GeForce RTX 4070 SUPER	PU:Z:FBG39641	DT:Z:2026-07-15T14:17:26.508000+00:00	tm:Z:adapter,primer rc
329752	c8b14a2e-22aa-4a81-bab1-82968230a758	qs:f:18.1369	ch:i:223	st:Z:2026-07-15T18:36:22.149000+00:00	RG:Z:a40d6b40-d3ad-4fe7-8245-9c92f794f831_dna_r10.4.1_e8.2_400bps_sup@v5.2.0	DS:Z:gpu:NVIDIA GeForce RTX 4070 SUPER	PU:Z:FBG39641	DT:Z:2026-07-15T14:17:26.508000+00:00	tm:Z:adapter,primer
329752	f6b1d987-6c62-4a91-acb5-9710e057ea6b	qs:f:16.5599	ch:i:383	st:Z:2026-07-15T14:52:00.988000+00:00	RG:Z:a40d6b40-d3ad-4fe7-8245-9c92f794f831_dna_r10.4.1_e8.2_400bps_sup@v5.2.0	DS:Z:gpu:NVIDIA GeForce RTX 4070 SUPER	PU:Z:FBG39641	DT:Z:2026-07-15T14:17:26.508000+00:00	tm:Z:adapter,primer
329752	22d3229f-8af2-407b-a643-4d14c27f71b7	qs:f:18.7484	ch:i:401	st:Z:2026-07-15T23:30:25.449000+00:00	RG:Z:a40d6b40-d3ad-4fe7-8245-9c92f794f831_dna_r10.4.1_e8.2_400bps_sup@v5.2.0	DS:Z:gpu:NVIDIA GeForce RTX 4070 SUPER	PU:Z:FBG39641	DT:Z:2026-07-15T14:17:26.508000+00:00	tm:Z:adapter,primer rc
329752	90442533-654a-492f-ad84-47039d20d27b	qs:f:18.301	ch:i:46	st:Z:2026-07-15T18:44:26.309000+00:00	RG:Z:a40d6b40-d3ad-4fe7-8245-9c92f794f831_dna_r10.4.1_e8.2_400bps_sup@v5.2.0	DS:Z:gpu:NVIDIA GeForce RTX 4070 SUPER	PU:Z:FBG39641	DT:Z:2026-07-15T14:17:26.508000+00:00	tm:Z:none
329752	9f4f6222-a160-4162-8a7c-73de8f79010f	qs:f:12.5925	ch:i:56	st:Z:2026-07-15T23:40:55.360000+00:00	RG:Z:a40d6b40-d3ad-4fe7-8245-9c92f794f831_dna_r10.4.1_e8.2_400bps_sup@v5.2.0	DS:Z:gpu:NVIDIA GeForce RTX 4070 SUPER	PU:Z:FBG39641	DT:Z:2026-07-15T14:17:26.508000+00:00	tm:Z:adapter,primer rc
329752	ffc87a25-e20c-4983-b33a-3e21f0636ab9	qs:f:16.0217	ch:i:180	st:Z:2026-07-15T16:21:54.979000+00:00	RG:Z:a40d6b40-d3ad-4fe7-8245-9c92f794f831_dna_r10.4.1_e8.2_400bps_sup@v5.2.0	DS:Z:gpu:NVIDIA GeForce RTX 4070 SUPER	PU:Z:FBG39641	DT:Z:2026-07-15T14:17:26.508000+00:00	tm:Z:none rc
329752	a2090017-c781-43c9-ac8c-76da2da8ffb5	qs:f:19.2529	ch:i:212	st:Z:2026-07-15T21:37:57.757000+00:00	RG:Z:a40d6b40-d3ad-4fe7-8245-9c92f794f831_dna_r10.4.1_e8.2_400bps_sup@v5.2.0	DS:Z:gpu:NVIDIA GeForce RTX 4070 SUPER	PU:Z:FBG39641	DT:Z:2026-07-15T14:17:26.508000+00:00	tm:Z:none rc
329752	90c83219-1bdd-4cd1-9b23-8f24caf64359	qs:f:19.2856	ch:i:77	st:Z:2026-07-16T02:07:25.652000+00:00	RG:Z:a40d6b40-d3ad-4fe7-8245-9c92f794f831_dna_r10.4.1_e8.2_400bps_sup@v5.2.0	DS:Z:gpu:NVIDIA GeForce RTX 4070 SUPER	PU:Z:FBG39641	DT:Z:2026-07-15T14:17:26.508000+00:00	tm:Z:none
329752	55a0786d-7c3f-4df6-be3a-ca3014ffc85e	qs:f:16.4961	ch:i:137	st:Z:2026-07-15T14:42:40.563000+00:00	RG:Z:a40d6b40-d3ad-4fe7-8245-9c92f794f831_dna_r10.4.1_e8.2_400bps_sup@v5.2.0	DS:Z:gpu:NVIDIA GeForce RTX 4070 SUPER	PU:Z:FBG39641	DT:Z:2026-07-15T14:17:26.508000+00:00	tm:Z:adapter,primer
329752	e1295f5d-4d06-4e5a-9999-c0ed4d1dbfec	qs:f:18.2758	ch:i:93	st:Z:2026-07-15T17:38:47.066000+00:00	RG:Z:a40d6b40-d3ad-4fe7-8245-9c92f794f831_dna_r10.4.1_e8.2_400bps_sup@v5.2.0	DS:Z:gpu:NVIDIA GeForce RTX 4070 SUPER	PU:Z:FBG39641	DT:Z:2026-07-15T14:17:26.508000+00:00	tm:Z:adapter,primer
329752	73b75156-de8b-4482-b258-77602f6b2454	qs:f:19.7726	ch:i:276	st:Z:2026-07-15T22:02:31.732000+00:00	RG:Z:a40d6b40-d3ad-4fe7-8245-9c92f794f831_dna_r10.4.1_e8.2_400bps_sup@v5.2.0	DS:Z:gpu:NVIDIA GeForce RTX 4070 SUPER	PU:Z:FBG39641	DT:Z:2026-07-15T14:17:26.508000+00:00	tm:Z:adapter,primer
329752	f50f36f0-e096-4cd3-acf5-86ebdd563201	qs:f:13.0815	ch:i:322	st:Z:2026-07-15T19:20:37.946000+00:00	RG:Z:a40d6b40-d3ad-4fe7-8245-9c92f794f831_dna_r10.4.1_e8.2_400bps_sup@v5.2.0	DS:Z:gpu:NVIDIA GeForce RTX 4070 SUPER	PU:Z:FBG39641	DT:Z:2026-07-15T14:17:26.508000+00:00	tm:Z:adapter,primer rc
329752	acb4b06c-6c29-41e0-99ce-7a1b79eaa7e4	qs:f:18.7869	ch:i:157	st:Z:2026-07-15T15:27:33.136000+00:00	RG:Z:a40d6b40-d3ad-4fe7-8245-9c92f794f831_dna_r10.4.1_e8.2_400bps_sup@v5.2.0	DS:Z:gpu:NVIDIA GeForce RTX 4070 SUPER	PU:Z:FBG39641	DT:Z:2026-07-15T14:17:26.508000+00:00	tm:Z:adapter,primer
329752	2c90924c-7f8b-4b32-93a6-8412a962cc33	qs:f:19.2144	ch:i:378	st:Z:2026-07-15T17:08:21.799000+00:00	RG:Z:a40d6b40-d3ad-4fe7-8245-9c92f794f831_dna_r10.4.1_e8.2_400bps_sup@v5.2.0	DS:Z:gpu:NVIDIA GeForce RTX 4070 SUPER	PU:Z:FBG39641	DT:Z:2026-07-15T14:17:26.508000+00:00	tm:Z:adapter,primer rc
329752	9e486d71-4594-49ef-8a8e-d39ce9644e43	qs:f:18.1865	ch:i:344	st:Z:2026-07-16T00:42:24.518000+00:00	RG:Z:a40d6b40-d3ad-4fe7-8245-9c92f794f831_dna_r10.4.1_e8.2_400bps_sup@v5.2.0	DS:Z:gpu:NVIDIA GeForce RTX 4070 SUPER	PU:Z:FBG39641	DT:Z:2026-07-15T14:17:26.508000+00:00	tm:Z:adapter,primer rc
329752	1b92f4c9-7afc-482e-9486-cf484197cf61	qs:f:12.2945	ch:i:212	st:Z:2026-07-15T18:12:37.404000+00:00	RG:Z:a40d6b40-d3ad-4fe7-8245-9c92f794f831_dna_r10.4.1_e8.2_400bps_sup@v5.2.0	DS:Z:gpu:NVIDIA GeForce RTX 4070 SUPER	PU:Z:FBG39641	DT:Z:2026-07-15T14:17:26.508000+00:00	tm:Z:none
329752	fd5d539b-f5af-41a7-a926-11c7bbef8fa3	qs:f:15.3431	ch:i:87	st:Z:2026-07-15T18:25:48.320000+00:00	RG:Z:a40d6b40-d3ad-4fe7-8245-9c92f794f831_dna_r10.4.1_e8.2_400bps_sup@v5.2.0	DS:Z:gpu:NVIDIA GeForce RTX 4070 SUPER	PU:Z:FBG39641	DT:Z:2026-07-15T14:17:26.508000+00:00	tm:Z:adapter,primer rc
329752	8a9c0f99-bec9-4c45-920f-88bcaef9d17d	qs:f:19.09	ch:i:209	st:Z:2026-07-15T18:23:41.772000+00:00	RG:Z:a40d6b40-d3ad-4fe7-8245-9c92f794f831_dna_r10.4.1_e8.2_400bps_sup@v5.2.0	DS:Z:gpu:NVIDIA GeForce RTX 4070 SUPER	PU:Z:FBG39641	DT:Z:2026-07-15T14:17:26.508000+00:00	tm:Z:adapter,primer
329752	fe0945d6-58fc-4900-bbe5-9678875e3d5f	qs:f:8.77011	ch:i:276	st:Z:2026-07-15T17:18:38.820000+00:00	RG:Z:a40d6b40-d3ad-4fe7-8245-9c92f794f831_dna_r10.4.1_e8.2_400bps_sup@v5.2.0	DS:Z:gpu:NVIDIA GeForce RTX 4070 SUPER	PU:Z:FBG39641	DT:Z:2026-07-15T14:17:26.508000+00:00	tm:Z:none
329752	b408b83b-62e6-4cc0-ac36-8d6c55bb449a	qs:f:20.3582	ch:i:168	st:Z:2026-07-15T19:23:10.547000+00:00	RG:Z:a40d6b40-d3ad-4fe7-8245-9c92f794f831_dna_r10.4.1_e8.2_400bps_sup@v5.2.0	DS:Z:gpu:NVIDIA GeForce RTX 4070 SUPER	PU:Z:FBG39641	DT:Z:2026-07-15T14:17:26.508000+00:00	tm:Z:adapter,primer rc
329752	6a406be5-80cd-4cbc-bc82-732fa24ddacd	qs:f:20.8297	ch:i:504	st:Z:2026-07-15T17:07:13.380000+00:00	RG:Z:a40d6b40-d3ad-4fe7-8245-9c92f794f831_dna_r10.4.1_e8.2_400bps_sup@v5.2.0	DS:Z:gpu:NVIDIA GeForce RTX 4070 SUPER	PU:Z:FBG39641	DT:Z:2026-07-15T14:17:26.508000+00:00	tm:Z:none
329752	1a588778-9956-47d2-97bb-e37d2280a481	qs:f:17.5911	ch:i:18	st:Z:2026-07-15T23:13:04.484000+00:00	RG:Z:a40d6b40-d3ad-4fe7-8245-9c92f794f831_dna_r10.4.1_e8.2_400bps_sup@v5.2.0	DS:Z:gpu:NVIDIA GeForce RTX 4070 SUPER	PU:Z:FBG39641	DT:Z:2026-07-15T14:17:26.508000+00:00	tm:Z:adapter,primer
329752	43ade3ae-3b3e-42e9-ab47-0a408500d538	qs:f:16.023	ch:i:123	st:Z:2026-07-15T17:13:54.964000+00:00	RG:Z:a40d6b40-d3ad-4fe7-8245-9c92f794f831_dna_r10.4.1_e8.2_400bps_sup@v5.2.0	DS:Z:gpu:NVIDIA GeForce RTX 4070 SUPER	PU:Z:FBG39641	DT:Z:2026-07-15T14:17:26.508000+00:00	tm:Z:adapter,primer rc
329752	22b67a7f-c07c-4971-a62c-2c787bc769cf	qs:f:18.5956	ch:i:413	st:Z:2026-07-15T23:55:26.575000+00:00	RG:Z:a40d6b40-d3ad-4fe7-8245-9c92f794f831_dna_r10.4.1_e8.2_400bps_sup@v5.2.0	DS:Z:gpu:NVIDIA GeForce RTX 4070 SUPER	PU:Z:FBG39641	DT:Z:2026-07-15T14:17:26.508000+00:00	tm:Z:adapter,primer rc
329752	dc85b8a6-a79e-4fc7-80fb-105edfca2ca6	qs:f:20.2968	ch:i:353	st:Z:2026-07-15T15:07:27.305000+00:00	RG:Z:a40d6b40-d3ad-4fe7-8245-9c92f794f831_dna_r10.4.1_e8.2_400bps_sup@v5.2.0	DS:Z:gpu:NVIDIA GeForce RTX 4070 SUPER	PU:Z:FBG39641	DT:Z:2026-07-15T14:17:26.508000+00:00	tm:Z:adapter,primer rc
329752	1ed0e211-a4e5-4054-9a5c-9049dc7bf3a5	qs:f:17.1771	ch:i:217	st:Z:2026-07-15T19:39:26.217000+00:00	RG:Z:a40d6b40-d3ad-4fe7-8245-9c92f794f831_dna_r10.4.1_e8.2_400bps_sup@v5.2.0	DS:Z:gpu:NVIDIA GeForce RTX 4070 SUPER	PU:Z:FBG39641	DT:Z:2026-07-15T14:17:26.508000+00:00	tm:Z:adapter,primer rc
329752	fbc78cb6-ec86-431f-a81e-7586ea41d399	qs:f:18.2839	ch:i:345	st:Z:2026-07-15T22:47:30.480000+00:00	RG:Z:a40d6b40-d3ad-4fe7-8245-9c92f794f831_dna_r10.4.1_e8.2_400bps_sup@v5.2.0	DS:Z:gpu:NVIDIA GeForce RTX 4070 SUPER	PU:Z:FBG39641	DT:Z:2026-07-15T14:17:26.508000+00:00	tm:Z:adapter,primer
329752	8b64ff9d-70ae-4ce7-b5f6-aa74d90cdc64	qs:f:13.9711	ch:i:1	st:Z:2026-07-15T15:28:59.508000+00:00	RG:Z:a40d6b40-d3ad-4fe7-8245-9c92f794f831_dna_r10.4.1_e8.2_400bps_sup@v5.2.0	DS:Z:gpu:NVIDIA GeForce RTX 4070 SUPER	PU:Z:FBG39641	DT:Z:2026-07-15T14:17:26.508000+00:00	tm:Z:adapter,primer
329752	62d534e9-096f-4b74-b670-1d2b870c4bd0	qs:f:14.7686	ch:i:502	st:Z:2026-07-15T18:50:34.652000+00:00	RG:Z:a40d6b40-d3ad-4fe7-8245-9c92f794f831_dna_r10.4.1_e8.2_400bps_sup@v5.2.0	DS:Z:gpu:NVIDIA GeForce RTX 4070 SUPER	PU:Z:FBG39641	DT:Z:2026-07-15T14:17:26.508000+00:00	tm:Z:adapter,primer rc
329752	7708763d-74a8-40b7-87a0-2b5f777bb0a5	qs:f:16.1478	ch:i:217	st:Z:2026-07-15T18:38:06.810000+00:00	RG:Z:a40d6b40-d3ad-4fe7-8245-9c92f794f831_dna_r10.4.1_e8.2_400bps_sup@v5.2.0	DS:Z:gpu:NVIDIA GeForce RTX 4070 SUPER	PU:Z:FBG39641	DT:Z:2026-07-15T14:17:26.508000+00:00	tm:Z:adapter,primer
155685	a23da98c-4ccd-4eb4-86b1-52257bbf4aee	qs:f:27.3814	ch:i:394	st:Z:2026-07-15T16:14:53.258000+00:00	RG:Z:a40d6b40-d3ad-4fe7-8245-9c92f794f831_dna_r10.4.1_e8.2_400bps_sup@v5.2.0	DS:Z:gpu:NVIDIA GeForce RTX 4070 SUPER	PU:Z:FBG39641	DT:Z:2026-07-15T14:17:26.508000+00:00	tm:Z:adapter,primer
155685	9e7c41f7-597d-486f-b501-0fcfb4d688b4	qs:f:18.7492	ch:i:274	st:Z:2026-07-15T19:22:03.196000+00:00	RG:Z:a40d6b40-d3ad-4fe7-8245-9c92f794f831_dna_r10.4.1_e8.2_400bps_sup@v5.2.0	DS:Z:gpu:NVIDIA GeForce RTX 4070 SUPER	PU:Z:FBG39641	DT:Z:2026-07-15T14:17:26.508000+00:00	tm:Z:adapter,primer
155685	933aed9d-bc42-41fb-bfe8-4d262e98cc46	qs:f:24.0771	ch:i:346	st:Z:2026-07-15T15:45:09.501000+00:00	RG:Z:a40d6b40-d3ad-4fe7-8245-9c92f794f831_dna_r10.4.1_e8.2_400bps_sup@v5.2.0	DS:Z:gpu:NVIDIA GeForce RTX 4070 SUPER	PU:Z:FBG39641	DT:Z:2026-07-15T14:17:26.508000+00:00	tm:Z:adapter,primer
155685	31911f7f-1377-4c98-8a06-c1a22eeb5754	qs:f:17.228	ch:i:318	st:Z:2026-07-15T17:04:46.523000+00:00	RG:Z:a40d6b40-d3ad-4fe7-8245-9c92f794f831_dna_r10.4.1_e8.2_400bps_sup@v5.2.0	DS:Z:gpu:NVIDIA GeForce RTX 4070 SUPER	PU:Z:FBG39641	DT:Z:2026-07-15T14:17:26.508000+00:00	tm:Z:none
155685	59ff3d72-d8c8-401b-9166-32ff2a46b1ec	qs:f:25.0628	ch:i:346	st:Z:2026-07-15T15:24:11.201000+00:00	RG:Z:a40d6b40-d3ad-4fe7-8245-9c92f794f831_dna_r10.4.1_e8.2_400bps_sup@v5.2.0	DS:Z:gpu:NVIDIA GeForce RTX 4070 SUPER	PU:Z:FBG39641	DT:Z:2026-07-15T14:17:26.508000+00:00	tm:Z:adapter,primer
155685	757b2951-b1f7-4532-a1fb-39bc0784655e	qs:f:16.1939	ch:i:3	st:Z:2026-07-15T15:04:36.318000+00:00	RG:Z:a40d6b40-d3ad-4fe7-8245-9c92f794f831_dna_r10.4.1_e8.2_400bps_sup@v5.2.0	DS:Z:gpu:NVIDIA GeForce RTX 4070 SUPER	PU:Z:FBG39641	DT:Z:2026-07-15T14:17:26.508000+00:00	tm:Z:adapter,primer rc
155685	7d9e744a-e894-47a0-b419-cdde01ec57fe	qs:f:17.4134	ch:i:22	st:Z:2026-07-16T01:54:00.744000+00:00	RG:Z:a40d6b40-d3ad-4fe7-8245-9c92f794f831_dna_r10.4.1_e8.2_400bps_sup@v5.2.0	DS:Z:gpu:NVIDIA GeForce RTX 4070 SUPER	PU:Z:FBG39641	DT:Z:2026-07-15T14:17:26.508000+00:00	tm:Z:adapter,primer rc
155685	3bbb2437-6c4f-43f2-b5ff-f3cfc7693125	qs:f:15.4484	ch:i:204	st:Z:2026-07-15T21:33:56.583000+00:00	RG:Z:a40d6b40-d3ad-4fe7-8245-9c92f794f831_dna_r10.4.1_e8.2_400bps_sup@v5.2.0	DS:Z:gpu:NVIDIA GeForce RTX 4070 SUPER	PU:Z:FBG39641	DT:Z:2026-07-15T14:17:26.508000+00:00	tm:Z:adapter,primer rc
155685	8d36c4d7-d184-4ef3-908a-51c107caad69	qs:f:17.014	ch:i:85	st:Z:2026-07-15T18:36:10.964000+00:00	RG:Z:a40d6b40-d3ad-4fe7-8245-9c92f794f831_dna_r10.4.1_e8.2_400bps_sup@v5.2.0	DS:Z:gpu:NVIDIA GeForce RTX 4070 SUPER	PU:Z:FBG39641	DT:Z:2026-07-15T14:17:26.508000+00:00	tm:Z:adapter,primer
155685	e43958c7-4fa8-4069-af85-50fd398fe767	qs:f:17.6368	ch:i:127	st:Z:2026-07-15T23:07:25.420000+00:00	RG:Z:a40d6b40-d3ad-4fe7-8245-9c92f794f831_dna_r10.4.1_e8.2_400bps_sup@v5.2.0	DS:Z:gpu:NVIDIA GeForce RTX 4070 SUPER	PU:Z:FBG39641	DT:Z:2026-07-15T14:17:26.508000+00:00	tm:Z:none
155685	d9c564d2-8cea-43bd-8805-2fcd4b131a75	qs:f:26.4363	ch:i:344	st:Z:2026-07-15T17:05:13.930000+00:00	RG:Z:a40d6b40-d3ad-4fe7-8245-9c92f794f831_dna_r10.4.1_e8.2_400bps_sup@v5.2.0	DS:Z:gpu:NVIDIA GeForce RTX 4070 SUPER	PU:Z:FBG39641	DT:Z:2026-07-15T14:17:26.508000+00:00	tm:Z:adapter,primer
155685	11e3442c-a4ff-4935-8a6c-f4282e65aef6	qs:f:18.1181	ch:i:293	st:Z:2026-07-15T16:34:10.883000+00:00	RG:Z:a40d6b40-d3ad-4fe7-8245-9c92f794f831_dna_r10.4.1_e8.2_400bps_sup@v5.2.0	DS:Z:gpu:NVIDIA GeForce RTX 4070 SUPER	PU:Z:FBG39641	DT:Z:2026-07-15T14:17:26.508000+00:00	tm:Z:adapter,primer
155685	e245534d-5870-4514-8b15-951e3780c5ee	qs:f:16.7931	ch:i:117	st:Z:2026-07-15T15:23:36.276000+00:00	RG:Z:a40d6b40-d3ad-4fe7-8245-9c92f794f831_dna_r10.4.1_e8.2_400bps_sup@v5.2.0	DS:Z:gpu:NVIDIA GeForce RTX 4070 SUPER	PU:Z:FBG39641	DT:Z:2026-07-15T14:17:26.508000+00:00	tm:Z:adapter,primer
155685	5aaade04-bd14-47d4-b943-79eccb7888b3	qs:f:21.1436	ch:i:383	st:Z:2026-07-15T20:55:16.139000+00:00	RG:Z:a40d6b40-d3ad-4fe7-8245-9c92f794f831_dna_r10.4.1_e8.2_400bps_sup@v5.2.0	DS:Z:gpu:NVIDIA GeForce RTX 4070 SUPER	PU:Z:FBG39641	DT:Z:2026-07-15T14:17:26.508000+00:00	tm:Z:none rc
155685	1dc9c5fc-8278-42b3-af26-7f7cfeec4d0b	qs:f:17.722	ch:i:408	st:Z:2026-07-15T21:55:34.347000+00:00	RG:Z:a40d6b40-d3ad-4fe7-8245-9c92f794f831_dna_r10.4.1_e8.2_400bps_sup@v5.2.0	DS:Z:gpu:NVIDIA GeForce RTX 4070 SUPER	PU:Z:FBG39641	DT:Z:2026-07-15T14:17:26.508000+00:00	tm:Z:adapter,primer
155685	c491f33e-225b-4b63-884e-e81a101c5fea	qs:f:29.004	ch:i:115	st:Z:2026-07-16T01:31:59.173000+00:00	RG:Z:a40d6b40-d3ad-4fe7-8245-9c92f794f831_dna_r10.4.1_e8.2_400bps_sup@v5.2.0	DS:Z:gpu:NVIDIA GeForce RTX 4070 SUPER	PU:Z:FBG39641	DT:Z:2026-07-15T14:17:26.508000+00:00	tm:Z:none
155685	dc4e2692-704c-4e8e-bbc1-08b0e9509545	qs:f:27.6748	ch:i:491	st:Z:2026-07-15T18:30:57.566000+00:00	RG:Z:a40d6b40-d3ad-4fe7-8245-9c92f794f831_dna_r10.4.1_e8.2_400bps_sup@v5.2.0	DS:Z:gpu:NVIDIA GeForce RTX 4070 SUPER	PU:Z:FBG39641	DT:Z:2026-07-15T14:17:26.508000+00:00	tm:Z:adapter,primer rc
155685	b5a0dcbe-d33d-4735-b609-f2a21b38ed04	qs:f:24.3506	ch:i:408	st:Z:2026-07-15T15:26:12.291000+00:00	RG:Z:a40d6b40-d3ad-4fe7-8245-9c92f794f831_dna_r10.4.1_e8.2_400bps_sup@v5.2.0	DS:Z:gpu:NVIDIA GeForce RTX 4070 SUPER	PU:Z:FBG39641	DT:Z:2026-07-15T14:17:26.508000+00:00	tm:Z:adapter,primer
155685	66b78720-8a23-4079-9e4f-9b62150a1713	qs:f:26.1007	ch:i:148	st:Z:2026-07-15T20:24:53.722000+00:00	RG:Z:a40d6b40-d3ad-4fe7-8245-9c92f794f831_dna_r10.4.1_e8.2_400bps_sup@v5.2.0	DS:Z:gpu:NVIDIA GeForce RTX 4070 SUPER	PU:Z:FBG39641	DT:Z:2026-07-15T14:17:26.508000+00:00	tm:Z:adapter,primer
155685	a54376f5-23a3-4f0b-b936-bafc6d5b6c52	qs:f:15.0376	ch:i:280	st:Z:2026-07-15T14:39:11.204000+00:00	RG:Z:a40d6b40-d3ad-4fe7-8245-9c92f794f831_dna_r10.4.1_e8.2_400bps_sup@v5.2.0	DS:Z:gpu:NVIDIA GeForce RTX 4070 SUPER	PU:Z:FBG39641	DT:Z:2026-07-15T14:17:26.508000+00:00	tm:Z:adapter,primer rc
155685	c8130d47-7d77-4181-920d-98ad08d98ef2	qs:f:26.1497	ch:i:334	st:Z:2026-07-15T19:24:36.122000+00:00	RG:Z:a40d6b40-d3ad-4fe7-8245-9c92f794f831_dna_r10.4.1_e8.2_400bps_sup@v5.2.0	DS:Z:gpu:NVIDIA GeForce RTX 4070 SUPER	PU:Z:FBG39641	DT:Z:2026-07-15T14:17:26.508000+00:00	tm:Z:adapter,primer
155685	d7c6e33b-3e35-413f-ba75-52f08e7fee81	qs:f:13.8984	ch:i:336	st:Z:2026-07-15T15:27:31.082000+00:00	RG:Z:a40d6b40-d3ad-4fe7-8245-9c92f794f831_dna_r10.4.1_e8.2_400bps_sup@v5.2.0	DS:Z:gpu:NVIDIA GeForce RTX 4070 SUPER	PU:Z:FBG39641	DT:Z:2026-07-15T14:17:26.508000+00:00	tm:Z:adapter,primer rc
155685	e2af941d-2849-4aa9-9411-d7545215524d	qs:f:29.013	ch:i:106	st:Z:2026-07-15T21:00:38.845000+00:00	RG:Z:a40d6b40-d3ad-4fe7-8245-9c92f794f831_dna_r10.4.1_e8.2_400bps_sup@v5.2.0	DS:Z:gpu:NVIDIA GeForce RTX 4070 SUPER	PU:Z:FBG39641	DT:Z:2026-07-15T14:17:26.508000+00:00	tm:Z:adapter,primer
155685	9cd826cc-a90a-416a-8eab-635c35ef3cc8	qs:f:17.6422	ch:i:217	st:Z:2026-07-16T02:02:51.543000+00:00	RG:Z:a40d6b40-d3ad-4fe7-8245-9c92f794f831_dna_r10.4.1_e8.2_400bps_sup@v5.2.0	DS:Z:gpu:NVIDIA GeForce RTX 4070 SUPER	PU:Z:FBG39641	DT:Z:2026-07-15T14:17:26.508000+00:00	tm:Z:adapter,primer
155685	fbf7e892-6c8c-4ea2-ba43-989b73f3779e	qs:f:14.64	ch:i:329	st:Z:2026-07-15T15:42:52.888000+00:00	RG:Z:a40d6b40-d3ad-4fe7-8245-9c92f794f831_dna_r10.4.1_e8.2_400bps_sup@v5.2.0	DS:Z:gpu:NVIDIA GeForce RTX 4070 SUPER	PU:Z:FBG39641	DT:Z:2026-07-15T14:17:26.508000+00:00	tm:Z:none
155685	8a8c9dc2-93a5-4076-9dc1-7ae27ca681eb	qs:f:22.0823	ch:i:220	st:Z:2026-07-15T20:21:22.946000+00:00	RG:Z:a40d6b40-d3ad-4fe7-8245-9c92f794f831_dna_r10.4.1_e8.2_400bps_sup@v5.2.0	DS:Z:gpu:NVIDIA GeForce RTX 4070 SUPER	PU:Z:FBG39641	DT:Z:2026-07-15T14:17:26.508000+00:00	tm:Z:adapter,primer
155685	21596565-2d40-4fdf-97e9-886168e22b86	qs:f:24.4025	ch:i:254	st:Z:2026-07-15T17:50:16.401000+00:00	RG:Z:a40d6b40-d3ad-4fe7-8245-9c92f794f831_dna_r10.4.1_e8.2_400bps_sup@v5.2.0	DS:Z:gpu:NVIDIA GeForce RTX 4070 SUPER	PU:Z:FBG39641	DT:Z:2026-07-15T14:17:26.508000+00:00	tm:Z:adapter,primer
155685	8a54bb86-fc1c-479a-94e9-53907da43c8d	qs:f:18.5924	ch:i:460	st:Z:2026-07-15T18:15:47.271000+00:00	RG:Z:a40d6b40-d3ad-4fe7-8245-9c92f794f831_dna_r10.4.1_e8.2_400bps_sup@v5.2.0	DS:Z:gpu:NVIDIA GeForce RTX 4070 SUPER	PU:Z:FBG39641	DT:Z:2026-07-15T14:17:26.508000+00:00	tm:Z:adapter,primer
155685	a1e4cb51-0955-4244-8ba9-74f76f02a667	qs:f:14.9194	ch:i:31	st:Z:2026-07-15T22:40:13.437000+00:00	RG:Z:a40d6b40-d3ad-4fe7-8245-9c92f794f831_dna_r10.4.1_e8.2_400bps_sup@v5.2.0	DS:Z:gpu:NVIDIA GeForce RTX 4070 SUPER	PU:Z:FBG39641	DT:Z:2026-07-15T14:17:26.508000+00:00	tm:Z:none rc
155685	a897eccb-ebb9-4a32-abc0-0cd8f93fc43c	qs:f:16.6937	ch:i:276	st:Z:2026-07-15T21:43:50.901000+00:00	RG:Z:a40d6b40-d3ad-4fe7-8245-9c92f794f831_dna_r10.4.1_e8.2_400bps_sup@v5.2.0	DS:Z:gpu:NVIDIA GeForce RTX 4070 SUPER	PU:Z:FBG39641	DT:Z:2026-07-15T14:17:26.508000+00:00	tm:Z:adapter,primer rc
155685	298bb250-c107-4bb1-99c7-9286ed3b6f52	qs:f:18.1962	ch:i:212	st:Z:2026-07-15T17:38:29.491000+00:00	RG:Z:a40d6b40-d3ad-4fe7-8245-9c92f794f831_dna_r10.4.1_e8.2_400bps_sup@v5.2.0	DS:Z:gpu:NVIDIA GeForce RTX 4070 SUPER	PU:Z:FBG39641	DT:Z:2026-07-15T14:17:26.508000+00:00	tm:Z:adapter,primer rc
155685	6ba04667-72c6-4235-87bc-b0e7659f85c7	qs:f:23.623	ch:i:277	st:Z:2026-07-15T18:27:41.145000+00:00	RG:Z:a40d6b40-d3ad-4fe7-8245-9c92f794f831_dna_r10.4.1_e8.2_400bps_sup@v5.2.0	DS:Z:gpu:NVIDIA GeForce RTX 4070 SUPER	PU:Z:FBG39641	DT:Z:2026-07-15T14:17:26.508000+00:00	tm:Z:none rc
155685	a2e248ed-bd61-4d6c-ae5e-1a49da2c737c	qs:f:23.6259	ch:i:192	st:Z:2026-07-16T00:56:11.693000+00:00	RG:Z:a40d6b40-d3ad-4fe7-8245-9c92f794f831_dna_r10.4.1_e8.2_400bps_sup@v5.2.0	DS:Z:gpu:NVIDIA GeForce RTX 4070 SUPER	PU:Z:FBG39641	DT:Z:2026-07-15T14:17:26.508000+00:00	tm:Z:adapter,primer rc
155685	354e03c8-b6d8-40ff-a721-3c6ec2817fc5	qs:f:21.1952	ch:i:414	st:Z:2026-07-15T16:37:59.998000+00:00	RG:Z:a40d6b40-d3ad-4fe7-8245-9c92f794f831_dna_r10.4.1_e8.2_400bps_sup@v5.2.0	DS:Z:gpu:NVIDIA GeForce RTX 4070 SUPER	PU:Z:FBG39641	DT:Z:2026-07-15T14:17:26.508000+00:00	tm:Z:adapter,primer rc
155685	83646e35-7c93-4f8f-a5e0-c8ff1d7725fc	qs:f:16.4311	ch:i:9	st:Z:2026-07-15T17:10:26.941000+00:00	RG:Z:a40d6b40-d3ad-4fe7-8245-9c92f794f831_dna_r10.4.1_e8.2_400bps_sup@v5.2.0	DS:Z:gpu:NVIDIA GeForce RTX 4070 SUPER	PU:Z:FBG39641	DT:Z:2026-07-15T14:17:26.508000+00:00	tm:Z:adapter,primer rc
155685	b715d8de-814a-47de-8ef3-abb4c95b6a58	qs:f:14.008	ch:i:203	st:Z:2026-07-16T00:28:58.270000+00:00	RG:Z:a40d6b40-d3ad-4fe7-8245-9c92f794f831_dna_r10.4.1_e8.2_400bps_sup@v5.2.0	DS:Z:gpu:NVIDIA GeForce RTX 4070 SUPER	PU:Z:FBG39641	DT:Z:2026-07-15T14:17:26.508000+00:00	tm:Z:adapter,primer
155685	def76bef-36fc-4b73-9b4c-72196ca2c7f5	qs:f:15.4361	ch:i:74	st:Z:2026-07-15T15:12:57.260000+00:00	RG:Z:a40d6b40-d3ad-4fe7-8245-9c92f794f831_dna_r10.4.1_e8.2_400bps_sup@v5.2.0	DS:Z:gpu:NVIDIA GeForce RTX 4070 SUPER	PU:Z:FBG39641	DT:Z:2026-07-15T14:17:26.508000+00:00	tm:Z:adapter,primer
155685	2057cf7d-480f-4a29-be76-f30e673497d3	qs:f:18.7785	ch:i:393	st:Z:2026-07-15T20:54:02.241000+00:00	RG:Z:a40d6b40-d3ad-4fe7-8245-9c92f794f831_dna_r10.4.1_e8.2_400bps_sup@v5.2.0	DS:Z:gpu:NVIDIA GeForce RTX 4070 SUPER	PU:Z:FBG39641	DT:Z:2026-07-15T14:17:26.508000+00:00	tm:Z:adapter,primer rc
155685	d7080bad-af71-4493-9baf-024571210ef4	qs:f:16.0978	ch:i:406	st:Z:2026-07-15T19:16:21.392000+00:00	RG:Z:a40d6b40-d3ad-4fe7-8245-9c92f794f831_dna_r10.4.1_e8.2_400bps_sup@v5.2.0	DS:Z:gpu:NVIDIA GeForce RTX 4070 SUPER	PU:Z:FBG39641	DT:Z:2026-07-15T14:17:26.508000+00:00	tm:Z:adapter,primer
155685	ffe3c9c7-bd44-415e-b140-9902586e1eeb	qs:f:18.4983	ch:i:268	st:Z:2026-07-15T21:03:22.118000+00:00	RG:Z:a40d6b40-d3ad-4fe7-8245-9c92f794f831_dna_r10.4.1_e8.2_400bps_sup@v5.2.0	DS:Z:gpu:NVIDIA GeForce RTX 4070 SUPER	PU:Z:FBG39641	DT:Z:2026-07-15T14:17:26.508000+00:00	tm:Z:adapter,primer
155685	0b77191e-1174-4e5f-9670-8bad748f3db4	qs:f:28.8022	ch:i:229	st:Z:2026-07-15T15:44:04.186000+00:00	RG:Z:a40d6b40-d3ad-4fe7-8245-9c92f794f831_dna_r10.4.1_e8.2_400bps_sup@v5.2.0	DS:Z:gpu:NVIDIA GeForce RTX 4070 SUPER	PU:Z:FBG39641	DT:Z:2026-07-15T14:17:26.508000+00:00	tm:Z:adapter,primer
155685	f3e8bb82-d323-4512-8e7b-fb349d9f8c36	qs:f:19.2229	ch:i:334	st:Z:2026-07-15T20:03:46.318000+00:00	RG:Z:a40d6b40-d3ad-4fe7-8245-9c92f794f831_dna_r10.4.1_e8.2_400bps_sup@v5.2.0	DS:Z:gpu:NVIDIA GeForce RTX 4070 SUPER	PU:Z:FBG39641	DT:Z:2026-07-15T14:17:26.508000+00:00	tm:Z:adapter,primer rc
155685	d92ada0c-d24c-4a0e-aea0-ab03f61f6728	qs:f:21.353	ch:i:381	st:Z:2026-07-15T16:51:02.117000+00:00	RG:Z:a40d6b40-d3ad-4fe7-8245-9c92f794f831_dna_r10.4.1_e8.2_400bps_sup@v5.2.0	DS:Z:gpu:NVIDIA GeForce RTX 4070 SUPER	PU:Z:FBG39641	DT:Z:2026-07-15T14:17:26.508000+00:00	tm:Z:none rc
155685	a12ff36e-897e-4e96-ac4a-edb8c354b400	qs:f:14.2948	ch:i:140	st:Z:2026-07-15T20:24:20.587000+00:00	RG:Z:a40d6b40-d3ad-4fe7-8245-9c92f794f831_dna_r10.4.1_e8.2_400bps_sup@v5.2.0	DS:Z:gpu:NVIDIA GeForce RTX 4070 SUPER	PU:Z:FBG39641	DT:Z:2026-07-15T14:17:26.508000+00:00	tm:Z:adapter,primer
155685	b76674d3-4292-450c-a179-df31bad25ccc	qs:f:21.6575	ch:i:19	st:Z:2026-07-15T17:20:51.515000+00:00	RG:Z:a40d6b40-d3ad-4fe7-8245-9c92f794f831_dna_r10.4.1_e8.2_400bps_sup@v5.2.0	DS:Z:gpu:NVIDIA GeForce RTX 4070 SUPER	PU:Z:FBG39641	DT:Z:2026-07-15T14:17:26.508000+00:00	tm:Z:adapter,primer
155685	2337f678-e0cc-463f-a9d6-ef8dddb2d820	qs:f:23.6568	ch:i:308	st:Z:2026-07-15T20:26:26.657000+00:00	RG:Z:a40d6b40-d3ad-4fe7-8245-9c92f794f831_dna_r10.4.1_e8.2_400bps_sup@v5.2.0	DS:Z:gpu:NVIDIA GeForce RTX 4070 SUPER	PU:Z:FBG39641	DT:Z:2026-07-15T14:17:26.508000+00:00	tm:Z:none rc
155685	f6714b45-c21e-4b03-b45a-fd4310841d03	qs:f:26.4091	ch:i:456	st:Z:2026-07-15T22:41:40.307000+00:00	RG:Z:a40d6b40-d3ad-4fe7-8245-9c92f794f831_dna_r10.4.1_e8.2_400bps_sup@v5.2.0	DS:Z:gpu:NVIDIA GeForce RTX 4070 SUPER	PU:Z:FBG39641	DT:Z:2026-07-15T14:17:26.508000+00:00	tm:Z:adapter,primer
155685	28a97cec-c0d9-4431-8c98-59754b23db34	qs:f:17.6077	ch:i:335	st:Z:2026-07-16T01:00:16.426000+00:00	RG:Z:a40d6b40-d3ad-4fe7-8245-9c92f794f831_dna_r10.4.1_e8.2_400bps_sup@v5.2.0	DS:Z:gpu:NVIDIA GeForce RTX 4070 SUPER	PU:Z:FBG39641	DT:Z:2026-07-15T14:17:26.508000+00:00	tm:Z:none rc
155685	a77cdb39-3a2d-4015-add8-4ae9a4af4d0d	qs:f:19.1994	ch:i:335	st:Z:2026-07-16T00:08:07.499000+00:00	RG:Z:a40d6b40-d3ad-4fe7-8245-9c92f794f831_dna_r10.4.1_e8.2_400bps_sup@v5.2.0	DS:Z:gpu:NVIDIA GeForce RTX 4070 SUPER	PU:Z:FBG39641	DT:Z:2026-07-15T14:17:26.508000+00:00	tm:Z:none rc
155685	8c60c2cd-8d06-4a7f-b726-a9b2c550ca53	qs:f:21.7636	ch:i:402	st:Z:2026-07-15T19:55:30.519000+00:00	RG:Z:a40d6b40-d3ad-4fe7-8245-9c92f794f831_dna_r10.4.1_e8.2_400bps_sup@v5.2.0	DS:Z:gpu:NVIDIA GeForce RTX 4070 SUPER	PU:Z:FBG39641	DT:Z:2026-07-15T14:17:26.508000+00:00	tm:Z:adapter,primer rc
155685	7bb5afe3-41a7-4d57-bb96-e4e2aff92068	qs:f:13.6123	ch:i:72	st:Z:2026-07-16T00:57:28.574000+00:00	RG:Z:a40d6b40-d3ad-4fe7-8245-9c92f794f831_dna_r10.4.1_e8.2_400bps_sup@v5.2.0	DS:Z:gpu:NVIDIA GeForce RTX 4070 SUPER	PU:Z:FBG39641	DT:Z:2026-07-15T14:17:26.508000+00:00	tm:Z:adapter,primer rc
155685	5d579e3b-5289-40c4-9ef3-ebb2cc3872cf	qs:f:15.2933	ch:i:398	st:Z:2026-07-16T00:47:01.100000+00:00	RG:Z:a40d6b40-d3ad-4fe7-8245-9c92f794f831_dna_r10.4.1_e8.2_400bps_sup@v5.2.0	DS:Z:gpu:NVIDIA GeForce RTX 4070 SUPER	PU:Z:FBG39641	DT:Z:2026-07-15T14:17:26.508000+00:00	tm:Z:adapter,primer
155685	2b151cce-9006-40a4-a59a-df4d6b80c0e5	qs:f:12.4623	ch:i:221	st:Z:2026-07-15T16:16:36.693000+00:00	RG:Z:a40d6b40-d3ad-4fe7-8245-9c92f794f831_dna_r10.4.1_e8.2_400bps_sup@v5.2.0	DS:Z:gpu:NVIDIA GeForce RTX 4070 SUPER	PU:Z:FBG39641	DT:Z:2026-07-15T14:17:26.508000+00:00	tm:Z:adapter,primer
155685	70cfc815-b6ba-4a53-a48c-977b09a90a9c	qs:f:14.1142	ch:i:357	st:Z:2026-07-15T20:13:05.557000+00:00	RG:Z:a40d6b40-d3ad-4fe7-8245-9c92f794f831_dna_r10.4.1_e8.2_400bps_sup@v5.2.0	DS:Z:gpu:NVIDIA GeForce RTX 4070 SUPER	PU:Z:FBG39641	DT:Z:2026-07-15T14:17:26.508000+00:00	tm:Z:adapter,primer rc
155685	acdc0426-c8ee-4874-ab2e-a22e31330a73	qs:f:23.7812	ch:i:406	st:Z:2026-07-15T21:28:41.775000+00:00	RG:Z:a40d6b40-d3ad-4fe7-8245-9c92f794f831_dna_r10.4.1_e8.2_400bps_sup@v5.2.0	DS:Z:gpu:NVIDIA GeForce RTX 4070 SUPER	PU:Z:FBG39641	DT:Z:2026-07-15T14:17:26.508000+00:00	tm:Z:adapter,primer rc
155685	7f9179a1-b5e6-4dbf-84da-3be48371b464	qs:f:17.836	ch:i:222	st:Z:2026-07-15T21:55:25.701000+00:00	RG:Z:a40d6b40-d3ad-4fe7-8245-9c92f794f831_dna_r10.4.1_e8.2_400bps_sup@v5.2.0	DS:Z:gpu:NVIDIA GeForce RTX 4070 SUPER	PU:Z:FBG39641	DT:Z:2026-07-15T14:17:26.508000+00:00	tm:Z:none rc
155685	2efbc51b-e666-4503-a823-15ec9ce7a0b7	qs:f:15.8336	ch:i:407	st:Z:2026-07-15T18:28:41.357000+00:00	RG:Z:a40d6b40-d3ad-4fe7-8245-9c92f794f831_dna_r10.4.1_e8.2_400bps_sup@v5.2.0	DS:Z:gpu:NVIDIA GeForce RTX 4070 SUPER	PU:Z:FBG39641	DT:Z:2026-07-15T14:17:26.508000+00:00	tm:Z:adapter,primer rc
155685	02bd2809-b9d6-4ec6-8db2-7613f66987ba	qs:f:18.7675	ch:i:148	st:Z:2026-07-15T19:51:48.921000+00:00	RG:Z:a40d6b40-d3ad-4fe7-8245-9c92f794f831_dna_r10.4.1_e8.2_400bps_sup@v5.2.0	DS:Z:gpu:NVIDIA GeForce RTX 4070 SUPER	PU:Z:FBG39641	DT:Z:2026-07-15T14:17:26.508000+00:00	tm:Z:adapter,primer
155685	60e4c16b-3ab9-4eec-9a95-ad7cc7502b01	qs:f:16.7542	ch:i:330	st:Z:2026-07-15T15:44:35.341000+00:00	RG:Z:a40d6b40-d3ad-4fe7-8245-9c92f794f831_dna_r10.4.1_e8.2_400bps_sup@v5.2.0	DS:Z:gpu:NVIDIA GeForce RTX 4070 SUPER	PU:Z:FBG39641	DT:Z:2026-07-15T14:17:26.508000+00:00	tm:Z:adapter,primer
155685	92eda475-b32e-44af-909e-82276fc75acb	qs:f:22.4656	ch:i:414	st:Z:2026-07-15T16:58:08.700000+00:00	RG:Z:a40d6b40-d3ad-4fe7-8245-9c92f794f831_dna_r10.4.1_e8.2_400bps_sup@v5.2.0	DS:Z:gpu:NVIDIA GeForce RTX 4070 SUPER	PU:Z:FBG39641	DT:Z:2026-07-15T14:17:26.508000+00:00	tm:Z:none rc
155685	cac550d4-a3fc-41bb-b308-b8f76895ad28	qs:f:25.1979	ch:i:429	st:Z:2026-07-15T16:31:39.176000+00:00	RG:Z:a40d6b40-d3ad-4fe7-8245-9c92f794f831_dna_r10.4.1_e8.2_400bps_sup@v5.2.0	DS:Z:gpu:NVIDIA GeForce RTX 4070 SUPER	PU:Z:FBG39641	DT:Z:2026-07-15T14:17:26.508000+00:00	tm:Z:adapter,primer
155685	ea4d811f-b5c6-4418-b6af-fde475ac68da	qs:f:12.6093	ch:i:30	st:Z:2026-07-15T22:32:48.583000+00:00	RG:Z:a40d6b40-d3ad-4fe7-8245-9c92f794f831_dna_r10.4.1_e8.2_400bps_sup@v5.2.0	DS:Z:gpu:NVIDIA GeForce RTX 4070 SUPER	PU:Z:FBG39641	DT:Z:2026-07-15T14:17:26.508000+00:00	tm:Z:adapter,primer
155685	5ecbf18b-d3d2-4e38-a76a-acaa0ad6f9e6	qs:f:22.1428	ch:i:284	st:Z:2026-07-15T19:30:11.320000+00:00	RG:Z:a40d6b40-d3ad-4fe7-8245-9c92f794f831_dna_r10.4.1_e8.2_400bps_sup@v5.2.0	DS:Z:gpu:NVIDIA GeForce RTX 4070 SUPER	PU:Z:FBG39641	DT:Z:2026-07-15T14:17:26.508000+00:00	tm:Z:adapter,primer
155685	1e6e378e-8739-44ab-b7f4-7724a514cd8c	qs:f:26.3327	ch:i:383	st:Z:2026-07-15T19:07:50.125000+00:00	RG:Z:a40d6b40-d3ad-4fe7-8245-9c92f794f831_dna_r10.4.1_e8.2_400bps_sup@v5.2.0	DS:Z:gpu:NVIDIA GeForce RTX 4070 SUPER	PU:Z:FBG39641	DT:Z:2026-07-15T14:17:26.508000+00:00	tm:Z:none
155685	cf39fa60-0540-4eef-9738-4510ba9692b7	qs:f:16.1137	ch:i:436	st:Z:2026-07-15T17:18:54.580000+00:00	RG:Z:a40d6b40-d3ad-4fe7-8245-9c92f794f831_dna_r10.4.1_e8.2_400bps_sup@v5.2.0	DS:Z:gpu:NVIDIA GeForce RTX 4070 SUPER	PU:Z:FBG39641	DT:Z:2026-07-15T14:17:26.508000+00:00	tm:Z:adapter,primer
155685	bda77da4-6f45-4cb4-8a18-907075808263	qs:f:16.4925	ch:i:462	st:Z:2026-07-15T19:42:59.594000+00:00	RG:Z:a40d6b40-d3ad-4fe7-8245-9c92f794f831_dna_r10.4.1_e8.2_400bps_sup@v5.2.0	DS:Z:gpu:NVIDIA GeForce RTX 4070 SUPER	PU:Z:FBG39641	DT:Z:2026-07-15T14:17:26.508000+00:00	tm:Z:adapter,primer
155685	b53df2c5-5442-496a-9562-cd912502cf72	qs:f:18.2506	ch:i:31	st:Z:2026-07-15T21:02:45.288000+00:00	RG:Z:a40d6b40-d3ad-4fe7-8245-9c92f794f831_dna_r10.4.1_e8.2_400bps_sup@v5.2.0	DS:Z:gpu:NVIDIA GeForce RTX 4070 SUPER	PU:Z:FBG39641	DT:Z:2026-07-15T14:17:26.508000+00:00	tm:Z:adapter,primer
155685	c1263cb0-2212-4e1a-bba0-4ac2706b784f	qs:f:22.4858	ch:i:188	st:Z:2026-07-15T22:09:55.436000+00:00	RG:Z:a40d6b40-d3ad-4fe7-8245-9c92f794f831_dna_r10.4.1_e8.2_400bps_sup@v5.2.0	DS:Z:gpu:NVIDIA GeForce RTX 4070 SUPER	PU:Z:FBG39641	DT:Z:2026-07-15T14:17:26.508000+00:00	tm:Z:adapter,primer
155685	1f125c7a-89b8-4e17-82de-5a05c9ec583e	qs:f:29.4969	ch:i:393	st:Z:2026-07-15T14:55:20.479000+00:00	RG:Z:a40d6b40-d3ad-4fe7-8245-9c92f794f831_dna_r10.4.1_e8.2_400bps_sup@v5.2.0	DS:Z:gpu:NVIDIA GeForce RTX 4070 SUPER	PU:Z:FBG39641	DT:Z:2026-07-15T14:17:26.508000+00:00	tm:Z:adapter,primer
155685	c1c36364-4b63-4ce2-8b9d-8d9498c21681	qs:f:19.6277	ch:i:288	st:Z:2026-07-15T20:42:59.925000+00:00	RG:Z:a40d6b40-d3ad-4fe7-8245-9c92f794f831_dna_r10.4.1_e8.2_400bps_sup@v5.2.0	DS:Z:gpu:NVIDIA GeForce RTX 4070 SUPER	PU:Z:FBG39641	DT:Z:2026-07-15T14:17:26.508000+00:00	tm:Z:adapter,primer
155685	8c8804ab-aadb-4e22-b475-069908aadf4e	qs:f:18.4352	ch:i:90	st:Z:2026-07-15T14:30:20.768000+00:00	RG:Z:a40d6b40-d3ad-4fe7-8245-9c92f794f831_dna_r10.4.1_e8.2_400bps_sup@v5.2.0	DS:Z:gpu:NVIDIA GeForce RTX 4070 SUPER	PU:Z:FBG39641	DT:Z:2026-07-15T14:17:26.508000+00:00	tm:Z:adapter,primer
155685	2961388c-2ce1-4cd5-87da-6d34e16249fd	qs:f:15.7846	ch:i:398	st:Z:2026-07-15T22:30:02.023000+00:00	RG:Z:a40d6b40-d3ad-4fe7-8245-9c92f794f831_dna_r10.4.1_e8.2_400bps_sup@v5.2.0	DS:Z:gpu:NVIDIA GeForce RTX 4070 SUPER	PU:Z:FBG39641	DT:Z:2026-07-15T14:17:26.508000+00:00	tm:Z:none
155685	343226b9-3f74-486c-a90d-62c64bd29bcf	qs:f:22.2808	ch:i:302	st:Z:2026-07-15T21:15:16.895000+00:00	RG:Z:a40d6b40-d3ad-4fe7-8245-9c92f794f831_dna_r10.4.1_e8.2_400bps_sup@v5.2.0	DS:Z:gpu:NVIDIA GeForce RTX 4070 SUPER	PU:Z:FBG39641	DT:Z:2026-07-15T14:17:26.508000+00:00	tm:Z:adapter,primer
155685	e99c7a55-0786-4025-996b-c8ce677c3dc9	qs:f:22.8042	ch:i:178	st:Z:2026-07-15T16:23:57.828000+00:00	RG:Z:a40d6b40-d3ad-4fe7-8245-9c92f794f831_dna_r10.4.1_e8.2_400bps_sup@v5.2.0	DS:Z:gpu:NVIDIA GeForce RTX 4070 SUPER	PU:Z:FBG39641	DT:Z:2026-07-15T14:17:26.508000+00:00	tm:Z:adapter,primer
155685	0ceba6f2-5dfe-455c-a3e3-6a4defb0cc33	qs:f:19.3004	ch:i:105	st:Z:2026-07-15T16:50:04.320000+00:00	RG:Z:a40d6b40-d3ad-4fe7-8245-9c92f794f831_dna_r10.4.1_e8.2_400bps_sup@v5.2.0	DS:Z:gpu:NVIDIA GeForce RTX 4070 SUPER	PU:Z:FBG39641	DT:Z:2026-07-15T14:17:26.508000+00:00	tm:Z:adapter,primer rc
155685	0069b672-061d-4ef2-8edd-c53dfc07c658	qs:f:16.5393	ch:i:346	st:Z:2026-07-15T15:16:22.179000+00:00	RG:Z:a40d6b40-d3ad-4fe7-8245-9c92f794f831_dna_r10.4.1_e8.2_400bps_sup@v5.2.0	DS:Z:gpu:NVIDIA GeForce RTX 4070 SUPER	PU:Z:FBG39641	DT:Z:2026-07-15T14:17:26.508000+00:00	tm:Z:adapter,primer rc
155685	6d63f195-19cc-4843-a8f5-c512072bb69f	qs:f:17.687	ch:i:401	st:Z:2026-07-15T19:39:09.085000+00:00	RG:Z:a40d6b40-d3ad-4fe7-8245-9c92f794f831_dna_r10.4.1_e8.2_400bps_sup@v5.2.0	DS:Z:gpu:NVIDIA GeForce RTX 4070 SUPER	PU:Z:FBG39641	DT:Z:2026-07-15T14:17:26.508000+00:00	tm:Z:adapter,primer rc
155685	4f47d4d8-60ac-4ac4-bcb1-5f8012b622a3	qs:f:24.7916	ch:i:261	st:Z:2026-07-16T00:35:34.334000+00:00	RG:Z:a40d6b40-d3ad-4fe7-8245-9c92f794f831_dna_r10.4.1_e8.2_400bps_sup@v5.2.0	DS:Z:gpu:NVIDIA GeForce RTX 4070 SUPER	PU:Z:FBG39641	DT:Z:2026-07-15T14:17:26.508000+00:00	tm:Z:none
155685	a2d326a3-351a-4c90-b629-c45bd4298da2	qs:f:13.031	ch:i:357	st:Z:2026-07-16T00:35:55.024000+00:00	RG:Z:a40d6b40-d3ad-4fe7-8245-9c92f794f831_dna_r10.4.1_e8.2_400bps_sup@v5.2.0	DS:Z:gpu:NVIDIA GeForce RTX 4070 SUPER	PU:Z:FBG39641	DT:Z:2026-07-15T14:17:26.508000+00:00	tm:Z:adapter,primer
155685	09070af5-a5ec-4be7-8c58-be80dffcf91e	qs:f:24.7906	ch:i:106	st:Z:2026-07-15T14:30:32.074000+00:00	RG:Z:a40d6b40-d3ad-4fe7-8245-9c92f794f831_dna_r10.4.1_e8.2_400bps_sup@v5.2.0	DS:Z:gpu:NVIDIA GeForce RTX 4070 SUPER	PU:Z:FBG39641	DT:Z:2026-07-15T14:17:26.508000+00:00	tm:Z:adapter,primer rc
155685	03eae74f-0140-4452-b2c1-81a76d423f04	qs:f:20.6424	ch:i:451	st:Z:2026-07-16T01:10:55.165000+00:00	RG:Z:a40d6b40-d3ad-4fe7-8245-9c92f794f831_dna_r10.4.1_e8.2_400bps_sup@v5.2.0	DS:Z:gpu:NVIDIA GeForce RTX 4070 SUPER	PU:Z:FBG39641	DT:Z:2026-07-15T14:17:26.508000+00:00	tm:Z:adapter,primer
155685	aabded5b-3d55-4940-bbec-cf9e83f7494f	qs:f:23.9101	ch:i:142	st:Z:2026-07-15T14:34:13.566000+00:00	RG:Z:a40d6b40-d3ad-4fe7-8245-9c92f794f831_dna_r10.4.1_e8.2_400bps_sup@v5.2.0	DS:Z:gpu:NVIDIA GeForce RTX 4070 SUPER	PU:Z:FBG39641	DT:Z:2026-07-15T14:17:26.508000+00:00	tm:Z:adapter,primer
155685	14c2cd27-17a3-4386-8057-9ea9b34d9a70	qs:f:19.8736	ch:i:105	st:Z:2026-07-15T16:32:37.932000+00:00	RG:Z:a40d6b40-d3ad-4fe7-8245-9c92f794f831_dna_r10.4.1_e8.2_400bps_sup@v5.2.0	DS:Z:gpu:NVIDIA GeForce RTX 4070 SUPER	PU:Z:FBG39641	DT:Z:2026-07-15T14:17:26.508000+00:00	tm:Z:adapter,primer
155685	b9cffb61-4056-4539-8fa2-fde634a0bb26	qs:f:22.0097	ch:i:466	st:Z:2026-07-15T19:52:36.376000+00:00	RG:Z:a40d6b40-d3ad-4fe7-8245-9c92f794f831_dna_r10.4.1_e8.2_400bps_sup@v5.2.0	DS:Z:gpu:NVIDIA GeForce RTX 4070 SUPER	PU:Z:FBG39641	DT:Z:2026-07-15T14:17:26.508000+00:00	tm:Z:none
155685	de369605-5697-4b9e-b9da-3ba2f4c7621d	qs:f:24.9966	ch:i:212	st:Z:2026-07-15T17:11:41.192000+00:00	RG:Z:a40d6b40-d3ad-4fe7-8245-9c92f794f831_dna_r10.4.1_e8.2_400bps_sup@v5.2.0	DS:Z:gpu:NVIDIA GeForce RTX 4070 SUPER	PU:Z:FBG39641	DT:Z:2026-07-15T14:17:26.508000+00:00	tm:Z:adapter,primer
155685	1a6ffe94-adc5-4c48-a3c8-239e1f824fce	qs:f:27.8249	ch:i:326	st:Z:2026-07-15T22:49:03.463000+00:00	RG:Z:a40d6b40-d3ad-4fe7-8245-9c92f794f831_dna_r10.4.1_e8.2_400bps_sup@v5.2.0	DS:Z:gpu:NVIDIA GeForce RTX 4070 SUPER	PU:Z:FBG39641	DT:Z:2026-07-15T14:17:26.508000+00:00	tm:Z:adapter,primer
155685	e3efd324-a177-4a13-9213-8798f506450b	qs:f:20.8258	ch:i:198	st:Z:2026-07-15T14:25:30.696000+00:00	RG:Z:a40d6b40-d3ad-4fe7-8245-9c92f794f831_dna_r10.4.1_e8.2_400bps_sup@v5.2.0	DS:Z:gpu:NVIDIA GeForce RTX 4070 SUPER	PU:Z:FBG39641	DT:Z:2026-07-15T14:17:26.508000+00:00	tm:Z:adapter,primer
155685	764680fb-21d1-4ae4-ab09-1e37dec5b8e2	qs:f:16.9361	ch:i:75	st:Z:2026-07-16T00:05:50.006000+00:00	RG:Z:a40d6b40-d3ad-4fe7-8245-9c92f794f831_dna_r10.4.1_e8.2_400bps_sup@v5.2.0	DS:Z:gpu:NVIDIA GeForce RTX 4070 SUPER	PU:Z:FBG39641	DT:Z:2026-07-15T14:17:26.508000+00:00	tm:Z:adapter,primer
155685	ee794942-6667-4f49-960e-bc70f09daeff	qs:f:21.1007	ch:i:434	st:Z:2026-07-15T16:16:47.397000+00:00	RG:Z:a40d6b40-d3ad-4fe7-8245-9c92f794f831_dna_r10.4.1_e8.2_400bps_sup@v5.2.0	DS:Z:gpu:NVIDIA GeForce RTX 4070 SUPER	PU:Z:FBG39641	DT:Z:2026-07-15T14:17:26.508000+00:00	tm:Z:adapter,primer rc
155685	5f100d4a-7ae8-43ef-b400-4e4dcd05d1ed	qs:f:21.8993	ch:i:407	st:Z:2026-07-15T20:23:56.083000+00:00	RG:Z:a40d6b40-d3ad-4fe7-8245-9c92f794f831_dna_r10.4.1_e8.2_400bps_sup@v5.2.0	DS:Z:gpu:NVIDIA GeForce RTX 4070 SUPER	PU:Z:FBG39641	DT:Z:2026-07-15T14:17:26.508000+00:00	tm:Z:none
155685	29e445c2-de3a-4ebe-8f3b-64a262d7e7ef	qs:f:15.098	ch:i:230	st:Z:2026-07-15T19:50:38.661000+00:00	RG:Z:a40d6b40-d3ad-4fe7-8245-9c92f794f831_dna_r10.4.1_e8.2_400bps_sup@v5.2.0	DS:Z:gpu:NVIDIA GeForce RTX 4070 SUPER	PU:Z:FBG39641	DT:Z:2026-07-15T14:17:26.508000+00:00	tm:Z:adapter,primer rc
155685	25307bdb-b0d7-4175-b094-437d318d1fa3	qs:f:22.529	ch:i:24	st:Z:2026-07-15T15:41:14.140000+00:00	RG:Z:a40d6b40-d3ad-4fe7-8245-9c92f794f831_dna_r10.4.1_e8.2_400bps_sup@v5.2.0	DS:Z:gpu:NVIDIA GeForce RTX 4070 SUPER	PU:Z:FBG39641	DT:Z:2026-07-15T14:17:26.508000+00:00	tm:Z:adapter,primer
155685	64a9e4f1-b219-4aa3-89f0-0239d80ef71f	qs:f:15.122	ch:i:504	st:Z:2026-07-15T23:34:50.890000+00:00	RG:Z:a40d6b40-d3ad-4fe7-8245-9c92f794f831_dna_r10.4.1_e8.2_400bps_sup@v5.2.0	DS:Z:gpu:NVIDIA GeForce RTX 4070 SUPER	PU:Z:FBG39641	DT:Z:2026-07-15T14:17:26.508000+00:00	tm:Z:none
155685	e3ae0583-48ed-42bd-888e-bc76b2f72d1e	qs:f:20.3573	ch:i:71	st:Z:2026-07-15T17:39:28.994000+00:00	RG:Z:a40d6b40-d3ad-4fe7-8245-9c92f794f831_dna_r10.4.1_e8.2_400bps_sup@v5.2.0	DS:Z:gpu:NVIDIA GeForce RTX 4070 SUPER	PU:Z:FBG39641	DT:Z:2026-07-15T14:17:26.508000+00:00	tm:Z:adapter,primer
155685	524a30f9-5859-421c-8963-2379a2f05fe8	qs:f:14.8387	ch:i:224	st:Z:2026-07-15T17:08:11.418000+00:00	RG:Z:a40d6b40-d3ad-4fe7-8245-9c92f794f831_dna_r10.4.1_e8.2_400bps_sup@v5.2.0	DS:Z:gpu:NVIDIA GeForce RTX 4070 SUPER	PU:Z:FBG39641	DT:Z:2026-07-15T14:17:26.508000+00:00	tm:Z:none
155685	7b139f85-86a6-405a-945f-cbc3ab40814d	qs:f:18.3377	ch:i:365	st:Z:2026-07-15T18:24:26.108000+00:00	RG:Z:a40d6b40-d3ad-4fe7-8245-9c92f794f831_dna_r10.4.1_e8.2_400bps_sup@v5.2.0	DS:Z:gpu:NVIDIA GeForce RTX 4070 SUPER	PU:Z:FBG39641	DT:Z:2026-07-15T14:17:26.508000+00:00	tm:Z:adapter,primer rc
155685	58060517-7d47-486c-94cb-dbba59b1b43f	qs:f:12.7335	ch:i:261	st:Z:2026-07-16T01:23:51.484000+00:00	RG:Z:a40d6b40-d3ad-4fe7-8245-9c92f794f831_dna_r10.4.1_e8.2_400bps_sup@v5.2.0	DS:Z:gpu:NVIDIA GeForce RTX 4070 SUPER	PU:Z:FBG39641	DT:Z:2026-07-15T14:17:26.508000+00:00	tm:Z:adapter,primer
155685	fdab069e-b040-45a8-a4b7-ac9966e4e948	qs:f:25.1068	ch:i:116	st:Z:2026-07-15T15:36:21.013000+00:00	RG:Z:a40d6b40-d3ad-4fe7-8245-9c92f794f831_dna_r10.4.1_e8.2_400bps_sup@v5.2.0	DS:Z:gpu:NVIDIA GeForce RTX 4070 SUPER	PU:Z:FBG39641	DT:Z:2026-07-15T14:17:26.508000+00:00	tm:Z:adapter,primer
155685	7d683507-a70b-4cb1-bd75-a99f6752dd35	qs:f:17.9043	ch:i:196	st:Z:2026-07-15T14:34:49.959000+00:00	RG:Z:a40d6b40-d3ad-4fe7-8245-9c92f794f831_dna_r10.4.1_e8.2_400bps_sup@v5.2.0	DS:Z:gpu:NVIDIA GeForce RTX 4070 SUPER	PU:Z:FBG39641	DT:Z:2026-07-15T14:17:26.508000+00:00	tm:Z:adapter,primer rc
155685	e8cc29d0-8216-4618-85f0-759b220359bd	qs:f:20.3899	ch:i:140	st:Z:2026-07-16T01:42:29.016000+00:00	RG:Z:a40d6b40-d3ad-4fe7-8245-9c92f794f831_dna_r10.4.1_e8.2_400bps_sup@v5.2.0	DS:Z:gpu:NVIDIA GeForce RTX 4070 SUPER	PU:Z:FBG39641	DT:Z:2026-07-15T14:17:26.508000+00:00	tm:Z:adapter,primer
155685	916717d1-3473-4d7d-a6f6-30b28d54beae	qs:f:26.426	ch:i:438	st:Z:2026-07-15T14:36:07.822000+00:00	RG:Z:a40d6b40-d3ad-4fe7-8245-9c92f794f831_dna_r10.4.1_e8.2_400bps_sup@v5.2.0	DS:Z:gpu:NVIDIA GeForce RTX 4070 SUPER	PU:Z:FBG39641	DT:Z:2026-07-15T14:17:26.508000+00:00	tm:Z:adapter,primer rc
155685	3bceac7b-a973-49c8-a077-db160a4d177b	qs:f:22.0233	ch:i:216	st:Z:2026-07-15T19:34:48.427000+00:00	RG:Z:a40d6b40-d3ad-4fe7-8245-9c92f794f831_dna_r10.4.1_e8.2_400bps_sup@v5.2.0	DS:Z:gpu:NVIDIA GeForce RTX 4070 SUPER	PU:Z:FBG39641	DT:Z:2026-07-15T14:17:26.508000+00:00	tm:Z:adapter,primer
155685	54fc52d4-8496-4dd3-b6ea-89cbf47a8fdd	qs:f:22.8225	ch:i:356	st:Z:2026-07-15T19:27:08.643000+00:00	RG:Z:a40d6b40-d3ad-4fe7-8245-9c92f794f831_dna_r10.4.1_e8.2_400bps_sup@v5.2.0	DS:Z:gpu:NVIDIA GeForce RTX 4070 SUPER	PU:Z:FBG39641	DT:Z:2026-07-15T14:17:26.508000+00:00	tm:Z:adapter,primer rc
155685	b0dd60a6-4a37-42b8-b7dd-64b01e7119ff	qs:f:26.3592	ch:i:168	st:Z:2026-07-15T17:48:14.232000+00:00	RG:Z:a40d6b40-d3ad-4fe7-8245-9c92f794f831_dna_r10.4.1_e8.2_400bps_sup@v5.2.0	DS:Z:gpu:NVIDIA GeForce RTX 4070 SUPER	PU:Z:FBG39641	DT:Z:2026-07-15T14:17:26.508000+00:00	tm:Z:adapter,primer
155685	f90f7032-ad34-4423-8610-1508b0ecd029	qs:f:28.6343	ch:i:454	st:Z:2026-07-15T16:54:59.274000+00:00	RG:Z:a40d6b40-d3ad-4fe7-8245-9c92f794f831_dna_r10.4.1_e8.2_400bps_sup@v5.2.0	DS:Z:gpu:NVIDIA GeForce RTX 4070 SUPER	PU:Z:FBG39641	DT:Z:2026-07-15T14:17:26.508000+00:00	tm:Z:none
155685	2b5411b2-a0f9-4629-a7a2-a8683e6509c0	qs:f:21.537	ch:i:283	st:Z:2026-07-15T15:38:54.824000+00:00	RG:Z:a40d6b40-d3ad-4fe7-8245-9c92f794f831_dna_r10.4.1_e8.2_400bps_sup@v5.2.0	DS:Z:gpu:NVIDIA GeForce RTX 4070 SUPER	PU:Z:FBG39641	DT:Z:2026-07-15T14:17:26.508000+00:00	tm:Z:none rc
155685	6a48d687-41ac-48b7-889b-72e64b189839	qs:f:23.5958	ch:i:364	st:Z:2026-07-15T14:32:47.937000+00:00	RG:Z:a40d6b40-d3ad-4fe7-8245-9c92f794f831_dna_r10.4.1_e8.2_400bps_sup@v5.2.0	DS:Z:gpu:NVIDIA GeForce RTX 4070 SUPER	PU:Z:FBG39641	DT:Z:2026-07-15T14:17:26.508000+00:00	tm:Z:adapter,primer
155685	143a1428-4fa4-4407-ae91-b6d64f34b225	qs:f:19.7532	ch:i:455	st:Z:2026-07-15T21:46:43.769000+00:00	RG:Z:a40d6b40-d3ad-4fe7-8245-9c92f794f831_dna_r10.4.1_e8.2_400bps_sup@v5.2.0	DS:Z:gpu:NVIDIA GeForce RTX 4070 SUPER	PU:Z:FBG39641	DT:Z:2026-07-15T14:17:26.508000+00:00	tm:Z:adapter,primer
155685	acc2ecb0-18a4-4572-94fc-7028b141a561	qs:f:16.0358	ch:i:392	st:Z:2026-07-15T21:52:57.844000+00:00	RG:Z:a40d6b40-d3ad-4fe7-8245-9c92f794f831_dna_r10.4.1_e8.2_400bps_sup@v5.2.0	DS:Z:gpu:NVIDIA GeForce RTX 4070 SUPER	PU:Z:FBG39641	DT:Z:2026-07-15T14:17:26.508000+00:00	tm:Z:adapter,primer rc
155685	cad802ee-a78a-4e56-8aa0-1b028956658a	qs:f:15.7766	ch:i:110	st:Z:2026-07-16T01:04:47.129000+00:00	RG:Z:a40d6b40-d3ad-4fe7-8245-9c92f794f831_dna_r10.4.1_e8.2_400bps_sup@v5.2.0	DS:Z:gpu:NVIDIA GeForce RTX 4070 SUPER	PU:Z:FBG39641	DT:Z:2026-07-15T14:17:26.508000+00:00	tm:Z:none
155685	0adf7a4b-fb87-431a-a24f-ffd5948859a7	qs:f:25.8912	ch:i:223	st:Z:2026-07-15T22:13:33.876000+00:00	RG:Z:a40d6b40-d3ad-4fe7-8245-9c92f794f831_dna_r10.4.1_e8.2_400bps_sup@v5.2.0	DS:Z:gpu:NVIDIA GeForce RTX 4070 SUPER	PU:Z:FBG39641	DT:Z:2026-07-15T14:17:26.508000+00:00	tm:Z:adapter,primer rc
155685	d4472d92-2a29-45cb-a319-6d79256ced47	qs:f:14.0164	ch:i:221	st:Z:2026-07-15T18:44:30.048000+00:00	RG:Z:a40d6b40-d3ad-4fe7-8245-9c92f794f831_dna_r10.4.1_e8.2_400bps_sup@v5.2.0	DS:Z:gpu:NVIDIA GeForce RTX 4070 SUPER	PU:Z:FBG39641	DT:Z:2026-07-15T14:17:26.508000+00:00	tm:Z:none rc
155685	b7d52bba-150f-40d1-82a7-a3fa0e3ee217	qs:f:16.1396	ch:i:134	st:Z:2026-07-15T20:42:13.251000+00:00	RG:Z:a40d6b40-d3ad-4fe7-8245-9c92f794f831_dna_r10.4.1_e8.2_400bps_sup@v5.2.0	DS:Z:gpu:NVIDIA GeForce RTX 4070 SUPER	PU:Z:FBG39641	DT:Z:2026-07-15T14:17:26.508000+00:00	tm:Z:adapter,primer
155685	50802924-820d-4323-9c1a-23bd73f364ae	qs:f:20.8721	ch:i:198	st:Z:2026-07-15T19:49:17.651000+00:00	RG:Z:a40d6b40-d3ad-4fe7-8245-9c92f794f831_dna_r10.4.1_e8.2_400bps_sup@v5.2.0	DS:Z:gpu:NVIDIA GeForce RTX 4070 SUPER	PU:Z:FBG39641	DT:Z:2026-07-15T14:17:26.508000+00:00	tm:Z:adapter,primer
155685	2255eeba-8b11-49f6-ada5-163ae92535c5	qs:f:25.4233	ch:i:285	st:Z:2026-07-15T16:57:17.311000+00:00	RG:Z:a40d6b40-d3ad-4fe7-8245-9c92f794f831_dna_r10.4.1_e8.2_400bps_sup@v5.2.0	DS:Z:gpu:NVIDIA GeForce RTX 4070 SUPER	PU:Z:FBG39641	DT:Z:2026-07-15T14:17:26.508000+00:00	tm:Z:adapter,primer
155685	2377749d-26bb-4b3b-a855-8fe46257a48a	qs:f:25.6157	ch:i:134	st:Z:2026-07-15T19:48:38.968000+00:00	RG:Z:a40d6b40-d3ad-4fe7-8245-9c92f794f831_dna_r10.4.1_e8.2_400bps_sup@v5.2.0	DS:Z:gpu:NVIDIA GeForce RTX 4070 SUPER	PU:Z:FBG39641	DT:Z:2026-07-15T14:17:26.508000+00:00	tm:Z:none
155685	3fa34fba-ce75-4d28-95b3-4973e3f7d23b	qs:f:16.0535	ch:i:334	st:Z:2026-07-16T00:48:06.109000+00:00	RG:Z:a40d6b40-d3ad-4fe7-8245-9c92f794f831_dna_r10.4.1_e8.2_400bps_sup@v5.2.0	DS:Z:gpu:NVIDIA GeForce RTX 4070 SUPER	PU:Z:FBG39641	DT:Z:2026-07-15T14:17:26.508000+00:00	tm:Z:none
155685	bd51b5ce-c211-4234-ac91-f89cbf42801e	qs:f:18.6236	ch:i:474	st:Z:2026-07-15T14:48:51.722000+00:00	RG:Z:a40d6b40-d3ad-4fe7-8245-9c92f794f831_dna_r10.4.1_e8.2_400bps_sup@v5.2.0	DS:Z:gpu:NVIDIA GeForce RTX 4070 SUPER	PU:Z:FBG39641	DT:Z:2026-07-15T14:17:26.508000+00:00	tm:Z:adapter,primer
155685	aa31cb9e-87de-4799-ba82-4bc4fd56de6c	qs:f:13.6836	ch:i:449	st:Z:2026-07-15T21:44:41.613000+00:00	RG:Z:a40d6b40-d3ad-4fe7-8245-9c92f794f831_dna_r10.4.1_e8.2_400bps_sup@v5.2.0	DS:Z:gpu:NVIDIA GeForce RTX 4070 SUPER	PU:Z:FBG39641	DT:Z:2026-07-15T14:17:26.508000+00:00	tm:Z:adapter,primer rc
155685	cd68b8ef-863e-4118-8295-1d152f65f502	qs:f:18.068	ch:i:347	st:Z:2026-07-15T16:43:40.463000+00:00	RG:Z:a40d6b40-d3ad-4fe7-8245-9c92f794f831_dna_r10.4.1_e8.2_400bps_sup@v5.2.0	DS:Z:gpu:NVIDIA GeForce RTX 4070 SUPER	PU:Z:FBG39641	DT:Z:2026-07-15T14:17:26.508000+00:00	tm:Z:adapter,primer
155685	aba9ffeb-f32e-4b3a-9b04-16312a5cca0e	qs:f:23.4816	ch:i:148	st:Z:2026-07-15T15:50:05.575000+00:00	RG:Z:a40d6b40-d3ad-4fe7-8245-9c92f794f831_dna_r10.4.1_e8.2_400bps_sup@v5.2.0	DS:Z:gpu:NVIDIA GeForce RTX 4070 SUPER	PU:Z:FBG39641	DT:Z:2026-07-15T14:17:26.508000+00:00	tm:Z:none
155685	98d08903-d44d-418a-9d84-36cdc52d0893	qs:f:24.7995	ch:i:284	st:Z:2026-07-15T19:56:31.849000+00:00	RG:Z:a40d6b40-d3ad-4fe7-8245-9c92f794f831_dna_r10.4.1_e8.2_400bps_sup@v5.2.0	DS:Z:gpu:NVIDIA GeForce RTX 4070 SUPER	PU:Z:FBG39641	DT:Z:2026-07-15T14:17:26.508000+00:00	tm:Z:adapter,primer
155685	a057845a-f2ec-4b80-b3c3-0d3ddaa4bb64	qs:f:27.0744	ch:i:386	st:Z:2026-07-15T14:57:06.120000+00:00	RG:Z:a40d6b40-d3ad-4fe7-8245-9c92f794f831_dna_r10.4.1_e8.2_400bps_sup@v5.2.0	DS:Z:gpu:NVIDIA GeForce RTX 4070 SUPER	PU:Z:FBG39641	DT:Z:2026-07-15T14:17:26.508000+00:00	tm:Z:adapter,primer
155685	a48ce74f-3a2c-4ab4-88c2-29790b590519	qs:f:27.54	ch:i:255	st:Z:2026-07-15T21:32:08.552000+00:00	RG:Z:a40d6b40-d3ad-4fe7-8245-9c92f794f831_dna_r10.4.1_e8.2_400bps_sup@v5.2.0	DS:Z:gpu:NVIDIA GeForce RTX 4070 SUPER	PU:Z:FBG39641	DT:Z:2026-07-15T14:17:26.508000+00:00	tm:Z:none
155685	c8b8527f-efb6-4091-9cd5-46a100394cf4	qs:f:23.7502	ch:i:53	st:Z:2026-07-15T20:59:54.760000+00:00	RG:Z:a40d6b40-d3ad-4fe7-8245-9c92f794f831_dna_r10.4.1_e8.2_400bps_sup@v5.2.0	DS:Z:gpu:NVIDIA GeForce RTX 4070 SUPER	PU:Z:FBG39641	DT:Z:2026-07-15T14:17:26.508000+00:00	tm:Z:none rc
155685	6df4ddc4-0d3c-4cef-bbe1-79e381f85931	qs:f:21.1657	ch:i:401	st:Z:2026-07-16T00:18:28.518000+00:00	RG:Z:a40d6b40-d3ad-4fe7-8245-9c92f794f831_dna_r10.4.1_e8.2_400bps_sup@v5.2.0	DS:Z:gpu:NVIDIA GeForce RTX 4070 SUPER	PU:Z:FBG39641	DT:Z:2026-07-15T14:17:26.508000+00:00	tm:Z:adapter,primer
155685	92b59020-8778-412e-81cc-590383f1c3d6	qs:f:19.4955	ch:i:386	st:Z:2026-07-15T16:46:53.443000+00:00	RG:Z:a40d6b40-d3ad-4fe7-8245-9c92f794f831_dna_r10.4.1_e8.2_400bps_sup@v5.2.0	DS:Z:gpu:NVIDIA GeForce RTX 4070 SUPER	PU:Z:FBG39641	DT:Z:2026-07-15T14:17:26.508000+00:00	tm:Z:adapter,primer
155685	2fa9fb68-f766-443d-9f66-4a9c148ad32e	qs:f:14.6824	ch:i:116	st:Z:2026-07-15T18:23:42.691000+00:00	RG:Z:a40d6b40-d3ad-4fe7-8245-9c92f794f831_dna_r10.4.1_e8.2_400bps_sup@v5.2.0	DS:Z:gpu:NVIDIA GeForce RTX 4070 SUPER	PU:Z:FBG39641	DT:Z:2026-07-15T14:17:26.508000+00:00	tm:Z:adapter,primer
155685	8d85ab8f-0a65-4855-bf99-2b0ac4a853ff	qs:f:23.4508	ch:i:421	st:Z:2026-07-16T00:40:44.736000+00:00	RG:Z:a40d6b40-d3ad-4fe7-8245-9c92f794f831_dna_r10.4.1_e8.2_400bps_sup@v5.2.0	DS:Z:gpu:NVIDIA GeForce RTX 4070 SUPER	PU:Z:FBG39641	DT:Z:2026-07-15T14:17:26.508000+00:00	tm:Z:none
155685	11d0b752-1414-4e61-888c-014433681ab3	qs:f:22.3071	ch:i:108	st:Z:2026-07-15T21:49:03.547000+00:00	RG:Z:a40d6b40-d3ad-4fe7-8245-9c92f794f831_dna_r10.4.1_e8.2_400bps_sup@v5.2.0	DS:Z:gpu:NVIDIA GeForce RTX 4070 SUPER	PU:Z:FBG39641	DT:Z:2026-07-15T14:17:26.508000+00:00	tm:Z:none
155685	834d434a-2722-4386-aa8b-4b108092243e	qs:f:26.7861	ch:i:20	st:Z:2026-07-15T21:31:12.205000+00:00	RG:Z:a40d6b40-d3ad-4fe7-8245-9c92f794f831_dna_r10.4.1_e8.2_400bps_sup@v5.2.0	DS:Z:gpu:NVIDIA GeForce RTX 4070 SUPER	PU:Z:FBG39641	DT:Z:2026-07-15T14:17:26.508000+00:00	tm:Z:adapter,primer
155685	be38c5d5-59d5-48c5-b9b0-52d8f3980306	qs:f:17.2112	ch:i:406	st:Z:2026-07-15T21:38:25.734000+00:00	RG:Z:a40d6b40-d3ad-4fe7-8245-9c92f794f831_dna_r10.4.1_e8.2_400bps_sup@v5.2.0	DS:Z:gpu:NVIDIA GeForce RTX 4070 SUPER	PU:Z:FBG39641	DT:Z:2026-07-15T14:17:26.508000+00:00	tm:Z:none
155685	8ae06fb0-5f09-4181-914a-abe50b0e788c	qs:f:13.9722	ch:i:291	st:Z:2026-07-15T23:14:04.098000+00:00	RG:Z:a40d6b40-d3ad-4fe7-8245-9c92f794f831_dna_r10.4.1_e8.2_400bps_sup@v5.2.0	DS:Z:gpu:NVIDIA GeForce RTX 4070 SUPER	PU:Z:FBG39641	DT:Z:2026-07-15T14:17:26.508000+00:00	tm:Z:adapter,primer
155685	5f0e6de9-5fe9-4fce-97bd-fc6cf25964e5	qs:f:21.5095	ch:i:81	st:Z:2026-07-15T23:00:28.144000+00:00	RG:Z:a40d6b40-d3ad-4fe7-8245-9c92f794f831_dna_r10.4.1_e8.2_400bps_sup@v5.2.0	DS:Z:gpu:NVIDIA GeForce RTX 4070 SUPER	PU:Z:FBG39641	DT:Z:2026-07-15T14:17:26.508000+00:00	tm:Z:adapter,primer rc
155685	b44fae6e-8788-4edb-92bf-5bf1a8283cca	qs:f:25.2698	ch:i:316	st:Z:2026-07-15T21:14:18.025000+00:00	RG:Z:a40d6b40-d3ad-4fe7-8245-9c92f794f831_dna_r10.4.1_e8.2_400bps_sup@v5.2.0	DS:Z:gpu:NVIDIA GeForce RTX 4070 SUPER	PU:Z:FBG39641	DT:Z:2026-07-15T14:17:26.508000+00:00	tm:Z:adapter,primer
155685	9286b77b-cd3a-40ee-9845-460dd5483d97	qs:f:26.9925	ch:i:404	st:Z:2026-07-15T21:15:39.878000+00:00	RG:Z:a40d6b40-d3ad-4fe7-8245-9c92f794f831_dna_r10.4.1_e8.2_400bps_sup@v5.2.0	DS:Z:gpu:NVIDIA GeForce RTX 4070 SUPER	PU:Z:FBG39641	DT:Z:2026-07-15T14:17:26.508000+00:00	tm:Z:adapter,primer rc
155685	59b569ce-dd5a-475e-b8c5-d4c2ae1c5a0f	qs:f:17.5975	ch:i:153	st:Z:2026-07-15T23:07:52.378000+00:00	RG:Z:a40d6b40-d3ad-4fe7-8245-9c92f794f831_dna_r10.4.1_e8.2_400bps_sup@v5.2.0	DS:Z:gpu:NVIDIA GeForce RTX 4070 SUPER	PU:Z:FBG39641	DT:Z:2026-07-15T14:17:26.508000+00:00	tm:Z:adapter,primer rc
155685	d00c718c-480a-4a3f-98b8-80737351c85e	qs:f:14.6623	ch:i:400	st:Z:2026-07-15T15:26:52.881000+00:00	RG:Z:a40d6b40-d3ad-4fe7-8245-9c92f794f831_dna_r10.4.1_e8.2_400bps_sup@v5.2.0	DS:Z:gpu:NVIDIA GeForce RTX 4070 SUPER	PU:Z:FBG39641	DT:Z:2026-07-15T14:17:26.508000+00:00	tm:Z:adapter,primer
155685	b3eee72c-61ec-43be-b1f2-2bb310b3e849	qs:f:17.3638	ch:i:218	st:Z:2026-07-15T14:27:37.909000+00:00	RG:Z:a40d6b40-d3ad-4fe7-8245-9c92f794f831_dna_r10.4.1_e8.2_400bps_sup@v5.2.0	DS:Z:gpu:NVIDIA GeForce RTX 4070 SUPER	PU:Z:FBG39641	DT:Z:2026-07-15T14:17:26.508000+00:00	tm:Z:none
155685	768a65f8-7a4e-4b30-a892-e452c1a056e2	qs:f:16.4198	ch:i:374	st:Z:2026-07-15T17:18:22.059000+00:00	RG:Z:a40d6b40-d3ad-4fe7-8245-9c92f794f831_dna_r10.4.1_e8.2_400bps_sup@v5.2.0	DS:Z:gpu:NVIDIA GeForce RTX 4070 SUPER	PU:Z:FBG39641	DT:Z:2026-07-15T14:17:26.508000+00:00	tm:Z:adapter,primer rc
155685	217fec83-2661-4950-b99e-bc7c04eec171	qs:f:22.8666	ch:i:392	st:Z:2026-07-15T22:45:13.249000+00:00	RG:Z:a40d6b40-d3ad-4fe7-8245-9c92f794f831_dna_r10.4.1_e8.2_400bps_sup@v5.2.0	DS:Z:gpu:NVIDIA GeForce RTX 4070 SUPER	PU:Z:FBG39641	DT:Z:2026-07-15T14:17:26.508000+00:00	tm:Z:adapter,primer
155685	52a4c420-3c55-44f8-8ae0-ec3e68b2bc0e	qs:f:27.1386	ch:i:107	st:Z:2026-07-15T20:53:27.337000+00:00	RG:Z:a40d6b40-d3ad-4fe7-8245-9c92f794f831_dna_r10.4.1_e8.2_400bps_sup@v5.2.0	DS:Z:gpu:NVIDIA GeForce RTX 4070 SUPER	PU:Z:FBG39641	DT:Z:2026-07-15T14:17:26.508000+00:00	tm:Z:none
155685	9735645d-6192-4e7e-bb8e-163e720660f5	qs:f:23.2354	ch:i:45	st:Z:2026-07-16T01:49:02.805000+00:00	RG:Z:a40d6b40-d3ad-4fe7-8245-9c92f794f831_dna_r10.4.1_e8.2_400bps_sup@v5.2.0	DS:Z:gpu:NVIDIA GeForce RTX 4070 SUPER	PU:Z:FBG39641	DT:Z:2026-07-15T14:17:26.508000+00:00	tm:Z:adapter,primer
155685	eb3b555c-e914-4bfa-9a02-c5acad5b7f3d	qs:f:18.3635	ch:i:387	st:Z:2026-07-15T22:29:27.708000+00:00	RG:Z:a40d6b40-d3ad-4fe7-8245-9c92f794f831_dna_r10.4.1_e8.2_400bps_sup@v5.2.0	DS:Z:gpu:NVIDIA GeForce RTX 4070 SUPER	PU:Z:FBG39641	DT:Z:2026-07-15T14:17:26.508000+00:00	tm:Z:adapter,primer
155685	719c2609-9ec3-457b-9e9b-3f4750c45fa9	qs:f:22.0633	ch:i:31	st:Z:2026-07-15T21:32:04.486000+00:00	RG:Z:a40d6b40-d3ad-4fe7-8245-9c92f794f831_dna_r10.4.1_e8.2_400bps_sup@v5.2.0	DS:Z:gpu:NVIDIA GeForce RTX 4070 SUPER	PU:Z:FBG39641	DT:Z:2026-07-15T14:17:26.508000+00:00	tm:Z:none
155685	baa58c63-8794-4c7d-807c-55f84cb8cde2	qs:f:20.33	ch:i:392	st:Z:2026-07-15T18:39:31.641000+00:00	RG:Z:a40d6b40-d3ad-4fe7-8245-9c92f794f831_dna_r10.4.1_e8.2_400bps_sup@v5.2.0	DS:Z:gpu:NVIDIA GeForce RTX 4070 SUPER	PU:Z:FBG39641	DT:Z:2026-07-15T14:17:26.508000+00:00	tm:Z:adapter,primer
155685	ca01290e-3da0-46e8-9124-937f975bfff4	qs:f:27.2597	ch:i:411	st:Z:2026-07-15T23:38:14.702000+00:00	RG:Z:a40d6b40-d3ad-4fe7-8245-9c92f794f831_dna_r10.4.1_e8.2_400bps_sup@v5.2.0	DS:Z:gpu:NVIDIA GeForce RTX 4070 SUPER	PU:Z:FBG39641	DT:Z:2026-07-15T14:17:26.508000+00:00	tm:Z:adapter,primer
155685	e67f0032-038a-45f4-a04b-b7a49991fb24	qs:f:19.729	ch:i:46	st:Z:2026-07-15T21:08:03.981000+00:00	RG:Z:a40d6b40-d3ad-4fe7-8245-9c92f794f831_dna_r10.4.1_e8.2_400bps_sup@v5.2.0	DS:Z:gpu:NVIDIA GeForce RTX 4070 SUPER	PU:Z:FBG39641	DT:Z:2026-07-15T14:17:26.508000+00:00	tm:Z:none rc
155685	d3616c8c-301c-49f8-8ea9-a6d5048bb65b	qs:f:26.3563	ch:i:399	st:Z:2026-07-15T16:27:09.105000+00:00	RG:Z:a40d6b40-d3ad-4fe7-8245-9c92f794f831_dna_r10.4.1_e8.2_400bps_sup@v5.2.0	DS:Z:gpu:NVIDIA GeForce RTX 4070 SUPER	PU:Z:FBG39641	DT:Z:2026-07-15T14:17:26.508000+00:00	tm:Z:adapter,primer
155685	da8557c4-4be0-4ffe-ae92-42b716a3fa83	qs:f:29.5707	ch:i:474	st:Z:2026-07-15T17:54:45.843000+00:00	RG:Z:a40d6b40-d3ad-4fe7-8245-9c92f794f831_dna_r10.4.1_e8.2_400bps_sup@v5.2.0	DS:Z:gpu:NVIDIA GeForce RTX 4070 SUPER	PU:Z:FBG39641	DT:Z:2026-07-15T14:17:26.508000+00:00	tm:Z:adapter,primer
155685	f90fe7ef-f357-4527-b763-d8a932b55697	qs:f:27.793	ch:i:107	st:Z:2026-07-16T01:00:36.805000+00:00	RG:Z:a40d6b40-d3ad-4fe7-8245-9c92f794f831_dna_r10.4.1_e8.2_400bps_sup@v5.2.0	DS:Z:gpu:NVIDIA GeForce RTX 4070 SUPER	PU:Z:FBG39641	DT:Z:2026-07-15T14:17:26.508000+00:00	tm:Z:none
155685	6d2dddad-409a-4b51-93b3-fd4fc457046f	qs:f:21.3005	ch:i:158	st:Z:2026-07-15T16:23:31.219000+00:00	RG:Z:a40d6b40-d3ad-4fe7-8245-9c92f794f831_dna_r10.4.1_e8.2_400bps_sup@v5.2.0	DS:Z:gpu:NVIDIA GeForce RTX 4070 SUPER	PU:Z:FBG39641	DT:Z:2026-07-15T14:17:26.508000+00:00	tm:Z:adapter,primer
155685	8a1dd434-f95f-4d48-be0a-a8b314b301eb	qs:f:23.1182	ch:i:446	st:Z:2026-07-15T17:13:42.881000+00:00	RG:Z:a40d6b40-d3ad-4fe7-8245-9c92f794f831_dna_r10.4.1_e8.2_400bps_sup@v5.2.0	DS:Z:gpu:NVIDIA GeForce RTX 4070 SUPER	PU:Z:FBG39641	DT:Z:2026-07-15T14:17:26.508000+00:00	tm:Z:adapter,primer
155685	972f07fb-8f72-436d-99da-b2f4f739cf30	qs:f:17.9916	ch:i:428	st:Z:2026-07-15T20:53:55.627000+00:00	RG:Z:a40d6b40-d3ad-4fe7-8245-9c92f794f831_dna_r10.4.1_e8.2_400bps_sup@v5.2.0	DS:Z:gpu:NVIDIA GeForce RTX 4070 SUPER	PU:Z:FBG39641	DT:Z:2026-07-15T14:17:26.508000+00:00	tm:Z:adapter,primer rc
155685	751a98e5-9f8e-478e-a5d7-830e9e382038	qs:f:25.6496	ch:i:429	st:Z:2026-07-15T23:38:36.481000+00:00	RG:Z:a40d6b40-d3ad-4fe7-8245-9c92f794f831_dna_r10.4.1_e8.2_400bps_sup@v5.2.0	DS:Z:gpu:NVIDIA GeForce RTX 4070 SUPER	PU:Z:FBG39641	DT:Z:2026-07-15T14:17:26.508000+00:00	tm:Z:adapter,primer
155685	adfcc645-91bb-44fc-b7f5-15dc9c4960e9	qs:f:17.897	ch:i:215	st:Z:2026-07-15T14:31:18.176000+00:00	RG:Z:a40d6b40-d3ad-4fe7-8245-9c92f794f831_dna_r10.4.1_e8.2_400bps_sup@v5.2.0	DS:Z:gpu:NVIDIA GeForce RTX 4070 SUPER	PU:Z:FBG39641	DT:Z:2026-07-15T14:17:26.508000+00:00	tm:Z:none
155685	447e47da-1397-43fe-8db9-178cbaefeb97	qs:f:21.3731	ch:i:397	st:Z:2026-07-15T18:06:19.156000+00:00	RG:Z:a40d6b40-d3ad-4fe7-8245-9c92f794f831_dna_r10.4.1_e8.2_400bps_sup@v5.2.0	DS:Z:gpu:NVIDIA GeForce RTX 4070 SUPER	PU:Z:FBG39641	DT:Z:2026-07-15T14:17:26.508000+00:00	tm:Z:adapter,primer rc
155685	07087766-08aa-4ad8-8950-fed672a09da3	qs:f:16.0469	ch:i:230	st:Z:2026-07-15T16:43:35.530000+00:00	RG:Z:a40d6b40-d3ad-4fe7-8245-9c92f794f831_dna_r10.4.1_e8.2_400bps_sup@v5.2.0	DS:Z:gpu:NVIDIA GeForce RTX 4070 SUPER	PU:Z:FBG39641	DT:Z:2026-07-15T14:17:26.508000+00:00	tm:Z:none
155685	94d5c0ce-6177-40de-8b78-3229d8631ec1	qs:f:22.282	ch:i:341	st:Z:2026-07-15T21:51:20.148000+00:00	RG:Z:a40d6b40-d3ad-4fe7-8245-9c92f794f831_dna_r10.4.1_e8.2_400bps_sup@v5.2.0	DS:Z:gpu:NVIDIA GeForce RTX 4070 SUPER	PU:Z:FBG39641	DT:Z:2026-07-15T14:17:26.508000+00:00	tm:Z:none
155685	35a0f20a-d3f8-4563-a4e9-28ed75052e13	qs:f:21.4201	ch:i:172	st:Z:2026-07-15T20:22:01.434000+00:00	RG:Z:a40d6b40-d3ad-4fe7-8245-9c92f794f831_dna_r10.4.1_e8.2_400bps_sup@v5.2.0	DS:Z:gpu:NVIDIA GeForce RTX 4070 SUPER	PU:Z:FBG39641	DT:Z:2026-07-15T14:17:26.508000+00:00	tm:Z:adapter,primer
155685	4921a551-d42c-46a7-9c0e-c5b394c32fb4	qs:f:14.5158	ch:i:493	st:Z:2026-07-15T17:15:00.971000+00:00	RG:Z:a40d6b40-d3ad-4fe7-8245-9c92f794f831_dna_r10.4.1_e8.2_400bps_sup@v5.2.0	DS:Z:gpu:NVIDIA GeForce RTX 4070 SUPER	PU:Z:FBG39641	DT:Z:2026-07-15T14:17:26.508000+00:00	tm:Z:none rc
155685	f30f48f8-1536-429b-af81-1422451e7801	qs:f:17.6016	ch:i:454	st:Z:2026-07-15T18:34:54.777000+00:00	RG:Z:a40d6b40-d3ad-4fe7-8245-9c92f794f831_dna_r10.4.1_e8.2_400bps_sup@v5.2.0	DS:Z:gpu:NVIDIA GeForce RTX 4070 SUPER	PU:Z:FBG39641	DT:Z:2026-07-15T14:17:26.508000+00:00	tm:Z:adapter,primer
155685	a2c1c633-3b99-4208-95c8-aef9360cf85f	qs:f:13.7874	ch:i:329	st:Z:2026-07-16T00:36:58.839000+00:00	RG:Z:a40d6b40-d3ad-4fe7-8245-9c92f794f831_dna_r10.4.1_e8.2_400bps_sup@v5.2.0	DS:Z:gpu:NVIDIA GeForce RTX 4070 SUPER	PU:Z:FBG39641	DT:Z:2026-07-15T14:17:26.508000+00:00	tm:Z:adapter,primer
155685	ba2e41db-3ae8-4e20-b56a-41889bb9c82b	qs:f:22.7915	ch:i:344	st:Z:2026-07-15T21:27:39.647000+00:00	RG:Z:a40d6b40-d3ad-4fe7-8245-9c92f794f831_dna_r10.4.1_e8.2_400bps_sup@v5.2.0	DS:Z:gpu:NVIDIA GeForce RTX 4070 SUPER	PU:Z:FBG39641	DT:Z:2026-07-15T14:17:26.508000+00:00	tm:Z:none
155685	4b9cf03a-7805-43f4-99a1-a529b7c82db8	qs:f:25.948	ch:i:125	st:Z:2026-07-16T01:45:17.051000+00:00	RG:Z:a40d6b40-d3ad-4fe7-8245-9c92f794f831_dna_r10.4.1_e8.2_400bps_sup@v5.2.0	DS:Z:gpu:NVIDIA GeForce RTX 4070 SUPER	PU:Z:FBG39641	DT:Z:2026-07-15T14:17:26.508000+00:00	tm:Z:adapter,primer
155685	d3a85579-0a96-4e4a-a375-6e9777dc0688	qs:f:16.0909	ch:i:412	st:Z:2026-07-15T20:54:04.331000+00:00	RG:Z:a40d6b40-d3ad-4fe7-8245-9c92f794f831_dna_r10.4.1_e8.2_400bps_sup@v5.2.0	DS:Z:gpu:NVIDIA GeForce RTX 4070 SUPER	PU:Z:FBG39641	DT:Z:2026-07-15T14:17:26.508000+00:00	tm:Z:none
155685	23a2b97f-fd35-4d77-a89d-e3e2bef6b13f	qs:f:13.0822	ch:i:389	st:Z:2026-07-15T18:53:31.415000+00:00	RG:Z:a40d6b40-d3ad-4fe7-8245-9c92f794f831_dna_r10.4.1_e8.2_400bps_sup@v5.2.0	DS:Z:gpu:NVIDIA GeForce RTX 4070 SUPER	PU:Z:FBG39641	DT:Z:2026-07-15T14:17:26.508000+00:00	tm:Z:adapter,primer rc
155685	82ef2113-ff71-47f0-af00-8e8a145d1ab6	qs:f:27.5006	ch:i:71	st:Z:2026-07-15T20:58:49.513000+00:00	RG:Z:a40d6b40-d3ad-4fe7-8245-9c92f794f831_dna_r10.4.1_e8.2_400bps_sup@v5.2.0	DS:Z:gpu:NVIDIA GeForce RTX 4070 SUPER	PU:Z:FBG39641	DT:Z:2026-07-15T14:17:26.508000+00:00	tm:Z:none
155685	7da4a079-686b-4341-af87-6c343f5073a0	qs:f:14.3537	ch:i:310	st:Z:2026-07-15T20:25:10.406000+00:00	RG:Z:a40d6b40-d3ad-4fe7-8245-9c92f794f831_dna_r10.4.1_e8.2_400bps_sup@v5.2.0	DS:Z:gpu:NVIDIA GeForce RTX 4070 SUPER	PU:Z:FBG39641	DT:Z:2026-07-15T14:17:26.508000+00:00	tm:Z:adapter,primer
155685	ba29d22b-f68c-497a-bafb-96fdbca20f0b	qs:f:25.9154	ch:i:207	st:Z:2026-07-15T22:17:56.133000+00:00	RG:Z:a40d6b40-d3ad-4fe7-8245-9c92f794f831_dna_r10.4.1_e8.2_400bps_sup@v5.2.0	DS:Z:gpu:NVIDIA GeForce RTX 4070 SUPER	PU:Z:FBG39641	DT:Z:2026-07-15T14:17:26.508000+00:00	tm:Z:adapter,primer
155685	ed9706cc-41f6-44d4-821d-07bd18365fb0	qs:f:22.6007	ch:i:388	st:Z:2026-07-15T22:56:41.225000+00:00	RG:Z:a40d6b40-d3ad-4fe7-8245-9c92f794f831_dna_r10.4.1_e8.2_400bps_sup@v5.2.0	DS:Z:gpu:NVIDIA GeForce RTX 4070 SUPER	PU:Z:FBG39641	DT:Z:2026-07-15T14:17:26.508000+00:00	tm:Z:adapter,primer
155685	488e9121-9602-4a25-bc40-0bb3ccb7262d	qs:f:15.7848	ch:i:331	st:Z:2026-07-15T22:11:16.815000+00:00	RG:Z:a40d6b40-d3ad-4fe7-8245-9c92f794f831_dna_r10.4.1_e8.2_400bps_sup@v5.2.0	DS:Z:gpu:NVIDIA GeForce RTX 4070 SUPER	PU:Z:FBG39641	DT:Z:2026-07-15T14:17:26.508000+00:00	tm:Z:adapter,primer
155685	1c957588-db33-4ae0-bf65-1504a7c7d172	qs:f:13.636	ch:i:416	st:Z:2026-07-15T19:24:44.552000+00:00	RG:Z:a40d6b40-d3ad-4fe7-8245-9c92f794f831_dna_r10.4.1_e8.2_400bps_sup@v5.2.0	DS:Z:gpu:NVIDIA GeForce RTX 4070 SUPER	PU:Z:FBG39641	DT:Z:2026-07-15T14:17:26.508000+00:00	tm:Z:adapter,primer
155685	2a5dadb3-2d32-4132-a1e0-eacb06e44342	qs:f:17.8228	ch:i:130	st:Z:2026-07-15T14:55:17.132000+00:00	RG:Z:a40d6b40-d3ad-4fe7-8245-9c92f794f831_dna_r10.4.1_e8.2_400bps_sup@v5.2.0	DS:Z:gpu:NVIDIA GeForce RTX 4070 SUPER	PU:Z:FBG39641	DT:Z:2026-07-15T14:17:26.508000+00:00	tm:Z:adapter,primer
155685	eac36ea4-2f2a-4db9-a555-cf382e51e8cb	qs:f:20.9335	ch:i:463	st:Z:2026-07-15T23:00:22.471000+00:00	RG:Z:a40d6b40-d3ad-4fe7-8245-9c92f794f831_dna_r10.4.1_e8.2_400bps_sup@v5.2.0	DS:Z:gpu:NVIDIA GeForce RTX 4070 SUPER	PU:Z:FBG39641	DT:Z:2026-07-15T14:17:26.508000+00:00	tm:Z:none rc
155685	ff81cb13-992a-4738-a744-d4b9ed8fc1f4	qs:f:26.5086	ch:i:140	st:Z:2026-07-15T19:40:28.259000+00:00	RG:Z:a40d6b40-d3ad-4fe7-8245-9c92f794f831_dna_r10.4.1_e8.2_400bps_sup@v5.2.0	DS:Z:gpu:NVIDIA GeForce RTX 4070 SUPER	PU:Z:FBG39641	DT:Z:2026-07-15T14:17:26.508000+00:00	tm:Z:adapter,primer
155685	753c9e59-80aa-43cc-9a7b-64efbd8f5ac4	qs:f:24.4702	ch:i:125	st:Z:2026-07-15T18:15:30.435000+00:00	RG:Z:a40d6b40-d3ad-4fe7-8245-9c92f794f831_dna_r10.4.1_e8.2_400bps_sup@v5.2.0	DS:Z:gpu:NVIDIA GeForce RTX 4070 SUPER	PU:Z:FBG39641	DT:Z:2026-07-15T14:17:26.508000+00:00	tm:Z:adapter,primer
155685	a8d0a305-e3f8-43ec-8465-ea38db080126	qs:f:22.0606	ch:i:184	st:Z:2026-07-15T20:14:47.851000+00:00	RG:Z:a40d6b40-d3ad-4fe7-8245-9c92f794f831_dna_r10.4.1_e8.2_400bps_sup@v5.2.0	DS:Z:gpu:NVIDIA GeForce RTX 4070 SUPER	PU:Z:FBG39641	DT:Z:2026-07-15T14:17:26.508000+00:00	tm:Z:adapter,primer
155685	01a6a7a5-2e3a-4cd8-91f8-6f01dd5c1bdd	qs:f:23.5437	ch:i:334	st:Z:2026-07-15T18:37:17.741000+00:00	RG:Z:a40d6b40-d3ad-4fe7-8245-9c92f794f831_dna_r10.4.1_e8.2_400bps_sup@v5.2.0	DS:Z:gpu:NVIDIA GeForce RTX 4070 SUPER	PU:Z:FBG39641	DT:Z:2026-07-15T14:17:26.508000+00:00	tm:Z:adapter,primer
155685	89d1d9e6-c020-4a30-a39c-df66b4240017	qs:f:16.7781	ch:i:356	st:Z:2026-07-15T20:55:20.346000+00:00	RG:Z:a40d6b40-d3ad-4fe7-8245-9c92f794f831_dna_r10.4.1_e8.2_400bps_sup@v5.2.0	DS:Z:gpu:NVIDIA GeForce RTX 4070 SUPER	PU:Z:FBG39641	DT:Z:2026-07-15T14:17:26.508000+00:00	tm:Z:adapter,primer
155685	04b7724a-6afb-4169-a84e-263a0250cd5e	qs:f:23.1469	ch:i:209	st:Z:2026-07-15T15:52:51.300000+00:00	RG:Z:a40d6b40-d3ad-4fe7-8245-9c92f794f831_dna_r10.4.1_e8.2_400bps_sup@v5.2.0	DS:Z:gpu:NVIDIA GeForce RTX 4070 SUPER	PU:Z:FBG39641	DT:Z:2026-07-15T14:17:26.508000+00:00	tm:Z:adapter,primer rc
155685	91bdae9c-7e4e-4e54-a4b0-9017c1cf8336	qs:f:23.8525	ch:i:412	st:Z:2026-07-15T16:07:09.351000+00:00	RG:Z:a40d6b40-d3ad-4fe7-8245-9c92f794f831_dna_r10.4.1_e8.2_400bps_sup@v5.2.0	DS:Z:gpu:NVIDIA GeForce RTX 4070 SUPER	PU:Z:FBG39641	DT:Z:2026-07-15T14:17:26.508000+00:00	tm:Z:adapter,primer
155685	3ab62821-4379-488d-9cb6-9b761b1a9358	qs:f:16.9469	ch:i:421	st:Z:2026-07-15T17:50:33.947000+00:00	RG:Z:a40d6b40-d3ad-4fe7-8245-9c92f794f831_dna_r10.4.1_e8.2_400bps_sup@v5.2.0	DS:Z:gpu:NVIDIA GeForce RTX 4070 SUPER	PU:Z:FBG39641	DT:Z:2026-07-15T14:17:26.508000+00:00	tm:Z:adapter,primer
155685	ad269327-1ac3-4196-8a19-b0eb2467469c	qs:f:19.4146	ch:i:149	st:Z:2026-07-16T01:31:21.401000+00:00	RG:Z:a40d6b40-d3ad-4fe7-8245-9c92f794f831_dna_r10.4.1_e8.2_400bps_sup@v5.2.0	DS:Z:gpu:NVIDIA GeForce RTX 4070 SUPER	PU:Z:FBG39641	DT:Z:2026-07-15T14:17:26.508000+00:00	tm:Z:none rc
155685	bde116a0-743b-4a1d-b1d6-8b0441c51e35	qs:f:23.9709	ch:i:298	st:Z:2026-07-15T19:05:10.045000+00:00	RG:Z:a40d6b40-d3ad-4fe7-8245-9c92f794f831_dna_r10.4.1_e8.2_400bps_sup@v5.2.0	DS:Z:gpu:NVIDIA GeForce RTX 4070 SUPER	PU:Z:FBG39641	DT:Z:2026-07-15T14:17:26.508000+00:00	tm:Z:adapter,primer
155685	53aa4466-7b69-4a47-a781-bfddda52382c	qs:f:22.6345	ch:i:153	st:Z:2026-07-15T22:28:47.423000+00:00	RG:Z:a40d6b40-d3ad-4fe7-8245-9c92f794f831_dna_r10.4.1_e8.2_400bps_sup@v5.2.0	DS:Z:gpu:NVIDIA GeForce RTX 4070 SUPER	PU:Z:FBG39641	DT:Z:2026-07-15T14:17:26.508000+00:00	tm:Z:adapter,primer rc
155685	6051c798-3274-4390-82e5-3591035e4e35	qs:f:23.7275	ch:i:504	st:Z:2026-07-16T01:48:27.072000+00:00	RG:Z:a40d6b40-d3ad-4fe7-8245-9c92f794f831_dna_r10.4.1_e8.2_400bps_sup@v5.2.0	DS:Z:gpu:NVIDIA GeForce RTX 4070 SUPER	PU:Z:FBG39641	DT:Z:2026-07-15T14:17:26.508000+00:00	tm:Z:none
155685	3ad51171-d85a-42a4-b351-314c11c7bf63	qs:f:18.5331	ch:i:235	st:Z:2026-07-15T16:47:49.252000+00:00	RG:Z:a40d6b40-d3ad-4fe7-8245-9c92f794f831_dna_r10.4.1_e8.2_400bps_sup@v5.2.0	DS:Z:gpu:NVIDIA GeForce RTX 4070 SUPER	PU:Z:FBG39641	DT:Z:2026-07-15T14:17:26.508000+00:00	tm:Z:adapter,primer rc
155685	7f7f2b10-f832-4802-9940-2fa51e6aa154	qs:f:22.4861	ch:i:170	st:Z:2026-07-15T17:24:08.837000+00:00	RG:Z:a40d6b40-d3ad-4fe7-8245-9c92f794f831_dna_r10.4.1_e8.2_400bps_sup@v5.2.0	DS:Z:gpu:NVIDIA GeForce RTX 4070 SUPER	PU:Z:FBG39641	DT:Z:2026-07-15T14:17:26.508000+00:00	tm:Z:adapter,primer
155685	f2081116-174e-4c19-b335-a972a367bf6e	qs:f:24.6412	ch:i:346	st:Z:2026-07-15T18:44:48.574000+00:00	RG:Z:a40d6b40-d3ad-4fe7-8245-9c92f794f831_dna_r10.4.1_e8.2_400bps_sup@v5.2.0	DS:Z:gpu:NVIDIA GeForce RTX 4070 SUPER	PU:Z:FBG39641	DT:Z:2026-07-15T14:17:26.508000+00:00	tm:Z:adapter,primer
155685	f82d3669-6b86-42e6-b4f9-6e0e6d75e06a	qs:f:18.0261	ch:i:491	st:Z:2026-07-15T15:08:37.521000+00:00	RG:Z:a40d6b40-d3ad-4fe7-8245-9c92f794f831_dna_r10.4.1_e8.2_400bps_sup@v5.2.0	DS:Z:gpu:NVIDIA GeForce RTX 4070 SUPER	PU:Z:FBG39641	DT:Z:2026-07-15T14:17:26.508000+00:00	tm:Z:adapter,primer rc
155685	aa546ca7-3bb5-47ed-8cc5-4bbab2df639a	qs:f:22.3169	ch:i:168	st:Z:2026-07-16T01:51:17.426000+00:00	RG:Z:a40d6b40-d3ad-4fe7-8245-9c92f794f831_dna_r10.4.1_e8.2_400bps_sup@v5.2.0	DS:Z:gpu:NVIDIA GeForce RTX 4070 SUPER	PU:Z:FBG39641	DT:Z:2026-07-15T14:17:26.508000+00:00	tm:Z:adapter,primer
155685	b1587812-5f08-40e2-85ad-ca522779efb8	qs:f:17.6281	ch:i:345	st:Z:2026-07-15T14:38:03.867000+00:00	RG:Z:a40d6b40-d3ad-4fe7-8245-9c92f794f831_dna_r10.4.1_e8.2_400bps_sup@v5.2.0	DS:Z:gpu:NVIDIA GeForce RTX 4070 SUPER	PU:Z:FBG39641	DT:Z:2026-07-15T14:17:26.508000+00:00	tm:Z:adapter,primer rc
155685	3a9d08ac-a193-4228-b392-6308b327a3ce	qs:f:16.622	ch:i:31	st:Z:2026-07-15T18:12:24.138000+00:00	RG:Z:a40d6b40-d3ad-4fe7-8245-9c92f794f831_dna_r10.4.1_e8.2_400bps_sup@v5.2.0	DS:Z:gpu:NVIDIA GeForce RTX 4070 SUPER	PU:Z:FBG39641	DT:Z:2026-07-15T14:17:26.508000+00:00	tm:Z:adapter,primer
155685	da9b4cd2-c268-42dc-a6d7-66b7284c1884	qs:f:17.9823	ch:i:414	st:Z:2026-07-16T01:13:30.582000+00:00	RG:Z:a40d6b40-d3ad-4fe7-8245-9c92f794f831_dna_r10.4.1_e8.2_400bps_sup@v5.2.0	DS:Z:gpu:NVIDIA GeForce RTX 4070 SUPER	PU:Z:FBG39641	DT:Z:2026-07-15T14:17:26.508000+00:00	tm:Z:none
155685	c9645841-00b5-4ef4-9ad4-848a0490074b	qs:f:18.6096	ch:i:328	st:Z:2026-07-15T16:17:25.566000+00:00	RG:Z:a40d6b40-d3ad-4fe7-8245-9c92f794f831_dna_r10.4.1_e8.2_400bps_sup@v5.2.0	DS:Z:gpu:NVIDIA GeForce RTX 4070 SUPER	PU:Z:FBG39641	DT:Z:2026-07-15T14:17:26.508000+00:00	tm:Z:adapter,primer rc
155685	5a55afcf-0f7f-4a39-8c82-3109d263de7e	qs:f:13.0413	ch:i:77	st:Z:2026-07-15T15:00:51.646000+00:00	RG:Z:a40d6b40-d3ad-4fe7-8245-9c92f794f831_dna_r10.4.1_e8.2_400bps_sup@v5.2.0	DS:Z:gpu:NVIDIA GeForce RTX 4070 SUPER	PU:Z:FBG39641	DT:Z:2026-07-15T14:17:26.508000+00:00	tm:Z:adapter,primer
155685	d41418da-9763-46d7-b969-497d70f75720	qs:f:25.6023	ch:i:414	st:Z:2026-07-15T20:26:04.594000+00:00	RG:Z:a40d6b40-d3ad-4fe7-8245-9c92f794f831_dna_r10.4.1_e8.2_400bps_sup@v5.2.0	DS:Z:gpu:NVIDIA GeForce RTX 4070 SUPER	PU:Z:FBG39641	DT:Z:2026-07-15T14:17:26.508000+00:00	tm:Z:adapter,primer
155685	44b759e8-4ce3-4933-8664-6e8d8b0a3176	qs:f:16.673	ch:i:302	st:Z:2026-07-15T22:18:45.692000+00:00	RG:Z:a40d6b40-d3ad-4fe7-8245-9c92f794f831_dna_r10.4.1_e8.2_400bps_sup@v5.2.0	DS:Z:gpu:NVIDIA GeForce RTX 4070 SUPER	PU:Z:FBG39641	DT:Z:2026-07-15T14:17:26.508000+00:00	tm:Z:adapter,primer rc
155685	c8d9c277-376b-41e2-b4a0-f0ce24fd79c5	qs:f:19.2779	ch:i:74	st:Z:2026-07-15T18:21:00.201000+00:00	RG:Z:a40d6b40-d3ad-4fe7-8245-9c92f794f831_dna_r10.4.1_e8.2_400bps_sup@v5.2.0	DS:Z:gpu:NVIDIA GeForce RTX 4070 SUPER	PU:Z:FBG39641	DT:Z:2026-07-15T14:17:26.508000+00:00	tm:Z:adapter,primer rc
155685	1b208194-b59b-4a9a-9133-444cdf8a5037	qs:f:26.3743	ch:i:255	st:Z:2026-07-15T18:45:04.012000+00:00	RG:Z:a40d6b40-d3ad-4fe7-8245-9c92f794f831_dna_r10.4.1_e8.2_400bps_sup@v5.2.0	DS:Z:gpu:NVIDIA GeForce RTX 4070 SUPER	PU:Z:FBG39641	DT:Z:2026-07-15T14:17:26.508000+00:00	tm:Z:adapter,primer
155685	08964280-f07b-4892-9ef8-77a4375fff45	qs:f:20.2584	ch:i:359	st:Z:2026-07-15T15:11:35.873000+00:00	RG:Z:a40d6b40-d3ad-4fe7-8245-9c92f794f831_dna_r10.4.1_e8.2_400bps_sup@v5.2.0	DS:Z:gpu:NVIDIA GeForce RTX 4070 SUPER	PU:Z:FBG39641	DT:Z:2026-07-15T14:17:26.508000+00:00	tm:Z:adapter,primer
155685	865a428b-d960-40a2-ae5b-2fce30326e56	qs:f:14.7164	ch:i:374	st:Z:2026-07-15T14:43:37.318000+00:00	RG:Z:a40d6b40-d3ad-4fe7-8245-9c92f794f831_dna_r10.4.1_e8.2_400bps_sup@v5.2.0	DS:Z:gpu:NVIDIA GeForce RTX 4070 SUPER	PU:Z:FBG39641	DT:Z:2026-07-15T14:17:26.508000+00:00	tm:Z:none rc
155685	d40d2aa1-9d64-4101-bea5-8c70ce1457aa	qs:f:20.9393	ch:i:436	st:Z:2026-07-15T18:46:32.196000+00:00	RG:Z:a40d6b40-d3ad-4fe7-8245-9c92f794f831_dna_r10.4.1_e8.2_400bps_sup@v5.2.0	DS:Z:gpu:NVIDIA GeForce RTX 4070 SUPER	PU:Z:FBG39641	DT:Z:2026-07-15T14:17:26.508000+00:00	tm:Z:adapter,primer rc
155685	72811b6f-c7e6-4e14-adf9-e5b3f8e0b0cf	qs:f:15.4357	ch:i:127	st:Z:2026-07-15T22:48:57.441000+00:00	RG:Z:a40d6b40-d3ad-4fe7-8245-9c92f794f831_dna_r10.4.1_e8.2_400bps_sup@v5.2.0	DS:Z:gpu:NVIDIA GeForce RTX 4070 SUPER	PU:Z:FBG39641	DT:Z:2026-07-15T14:17:26.508000+00:00	tm:Z:none
155685	7aa5264f-4fce-41b6-b404-a3b73b9b7818	qs:f:23.8012	ch:i:391	st:Z:2026-07-15T16:24:46.595000+00:00	RG:Z:a40d6b40-d3ad-4fe7-8245-9c92f794f831_dna_r10.4.1_e8.2_400bps_sup@v5.2.0	DS:Z:gpu:NVIDIA GeForce RTX 4070 SUPER	PU:Z:FBG39641	DT:Z:2026-07-15T14:17:26.508000+00:00	tm:Z:none
155685	b2dc5098-6b43-4ddc-9d32-6a0154438d73	qs:f:16.2947	ch:i:297	st:Z:2026-07-15T22:11:32.736000+00:00	RG:Z:a40d6b40-d3ad-4fe7-8245-9c92f794f831_dna_r10.4.1_e8.2_400bps_sup@v5.2.0	DS:Z:gpu:NVIDIA GeForce RTX 4070 SUPER	PU:Z:FBG39641	DT:Z:2026-07-15T14:17:26.508000+00:00	tm:Z:none
155685	b3c77e48-e25b-4305-b32b-c857fab629fa	qs:f:23.0499	ch:i:421	st:Z:2026-07-15T16:04:09.753000+00:00	RG:Z:a40d6b40-d3ad-4fe7-8245-9c92f794f831_dna_r10.4.1_e8.2_400bps_sup@v5.2.0	DS:Z:gpu:NVIDIA GeForce RTX 4070 SUPER	PU:Z:FBG39641	DT:Z:2026-07-15T14:17:26.508000+00:00	tm:Z:adapter,primer
155685	47c80297-0d80-4762-9f44-66df5739cd99	qs:f:20.1885	ch:i:126	st:Z:2026-07-15T14:52:18.469000+00:00	RG:Z:a40d6b40-d3ad-4fe7-8245-9c92f794f831_dna_r10.4.1_e8.2_400bps_sup@v5.2.0	DS:Z:gpu:NVIDIA GeForce RTX 4070 SUPER	PU:Z:FBG39641	DT:Z:2026-07-15T14:17:26.508000+00:00	tm:Z:adapter,primer
155685	d70ae6fe-589d-4421-8bce-4cad37b4cc95	qs:f:24.5308	ch:i:462	st:Z:2026-07-15T16:47:10.764000+00:00	RG:Z:a40d6b40-d3ad-4fe7-8245-9c92f794f831_dna_r10.4.1_e8.2_400bps_sup@v5.2.0	DS:Z:gpu:NVIDIA GeForce RTX 4070 SUPER	PU:Z:FBG39641	DT:Z:2026-07-15T14:17:26.508000+00:00	tm:Z:adapter,primer rc
155685	c8cff476-0a7d-44bd-bea0-b07c0163fdaf	qs:f:15.6863	ch:i:153	st:Z:2026-07-16T01:59:26.459000+00:00	RG:Z:a40d6b40-d3ad-4fe7-8245-9c92f794f831_dna_r10.4.1_e8.2_400bps_sup@v5.2.0	DS:Z:gpu:NVIDIA GeForce RTX 4070 SUPER	PU:Z:FBG39641	DT:Z:2026-07-15T14:17:26.508000+00:00	tm:Z:adapter,primer rc
155685	311d5d54-30cb-45c5-9b1e-104ccf9b9c87	qs:f:11.6671	ch:i:344	st:Z:2026-07-15T14:49:05.888000+00:00	RG:Z:a40d6b40-d3ad-4fe7-8245-9c92f794f831_dna_r10.4.1_e8.2_400bps_sup@v5.2.0	DS:Z:gpu:NVIDIA GeForce RTX 4070 SUPER	PU:Z:FBG39641	DT:Z:2026-07-15T14:17:26.508000+00:00	tm:Z:adapter,primer
155685	d3d43e12-b054-412e-b48c-31770c501c8f	qs:f:24.7982	ch:i:395	st:Z:2026-07-15T17:00:02.387000+00:00	RG:Z:a40d6b40-d3ad-4fe7-8245-9c92f794f831_dna_r10.4.1_e8.2_400bps_sup@v5.2.0	DS:Z:gpu:NVIDIA GeForce RTX 4070 SUPER	PU:Z:FBG39641	DT:Z:2026-07-15T14:17:26.508000+00:00	tm:Z:adapter,primer rc
155685	9a87eb08-31f6-417e-868e-799096a6bd88	qs:f:20.0375	ch:i:108	st:Z:2026-07-15T18:18:35.548000+00:00	RG:Z:a40d6b40-d3ad-4fe7-8245-9c92f794f831_dna_r10.4.1_e8.2_400bps_sup@v5.2.0	DS:Z:gpu:NVIDIA GeForce RTX 4070 SUPER	PU:Z:FBG39641	DT:Z:2026-07-15T14:17:26.508000+00:00	tm:Z:none
155685	231e7d0c-edce-44a2-b395-89391db6f6f7	qs:f:18.1008	ch:i:150	st:Z:2026-07-15T14:27:48.492000+00:00	RG:Z:a40d6b40-d3ad-4fe7-8245-9c92f794f831_dna_r10.4.1_e8.2_400bps_sup@v5.2.0	DS:Z:gpu:NVIDIA GeForce RTX 4070 SUPER	PU:Z:FBG39641	DT:Z:2026-07-15T14:17:26.508000+00:00	tm:Z:adapter,primer
155685	4ddc2bbf-3feb-44d0-8b9f-7c758e9e566c	qs:f:14.3179	ch:i:296	st:Z:2026-07-15T22:57:55.853000+00:00	RG:Z:a40d6b40-d3ad-4fe7-8245-9c92f794f831_dna_r10.4.1_e8.2_400bps_sup@v5.2.0	DS:Z:gpu:NVIDIA GeForce RTX 4070 SUPER	PU:Z:FBG39641	DT:Z:2026-07-15T14:17:26.508000+00:00	tm:Z:none rc
155685	9622a8ff-8eb1-49e9-9cf3-aa3ffbdaa994	qs:f:24.152	ch:i:336	st:Z:2026-07-16T01:46:23.123000+00:00	RG:Z:a40d6b40-d3ad-4fe7-8245-9c92f794f831_dna_r10.4.1_e8.2_400bps_sup@v5.2.0	DS:Z:gpu:NVIDIA GeForce RTX 4070 SUPER	PU:Z:FBG39641	DT:Z:2026-07-15T14:17:26.508000+00:00	tm:Z:adapter,primer rc
155685	e665083d-3a32-41c5-a6c1-5f29846b8472	qs:f:17.6152	ch:i:59	st:Z:2026-07-15T23:39:02.542000+00:00	RG:Z:a40d6b40-d3ad-4fe7-8245-9c92f794f831_dna_r10.4.1_e8.2_400bps_sup@v5.2.0	DS:Z:gpu:NVIDIA GeForce RTX 4070 SUPER	PU:Z:FBG39641	DT:Z:2026-07-15T14:17:26.508000+00:00	tm:Z:adapter,primer rc
155685	b907e0aa-4086-44ea-a57e-8475bc07fe54	qs:f:19.6449	ch:i:290	st:Z:2026-07-15T21:48:39.621000+00:00	RG:Z:a40d6b40-d3ad-4fe7-8245-9c92f794f831_dna_r10.4.1_e8.2_400bps_sup@v5.2.0	DS:Z:gpu:NVIDIA GeForce RTX 4070 SUPER	PU:Z:FBG39641	DT:Z:2026-07-15T14:17:26.508000+00:00	tm:Z:adapter,primer
155685	abc44b37-3513-4953-833b-05fa8b3f6c5c	qs:f:13.5156	ch:i:359	st:Z:2026-07-16T01:55:19.059000+00:00	RG:Z:a40d6b40-d3ad-4fe7-8245-9c92f794f831_dna_r10.4.1_e8.2_400bps_sup@v5.2.0	DS:Z:gpu:NVIDIA GeForce RTX 4070 SUPER	PU:Z:FBG39641	DT:Z:2026-07-15T14:17:26.508000+00:00	tm:Z:adapter,primer rc
155685	6fe8263b-67fa-4d44-b8a4-9145b9ec952a	qs:f:23.7055	ch:i:454	st:Z:2026-07-15T20:14:43.128000+00:00	RG:Z:a40d6b40-d3ad-4fe7-8245-9c92f794f831_dna_r10.4.1_e8.2_400bps_sup@v5.2.0	DS:Z:gpu:NVIDIA GeForce RTX 4070 SUPER	PU:Z:FBG39641	DT:Z:2026-07-15T14:17:26.508000+00:00	tm:Z:adapter,primer rc
155685	583bf7e2-238a-41b9-8036-4281ecc52e65	qs:f:18.0226	ch:i:3	st:Z:2026-07-15T20:28:37.606000+00:00	RG:Z:a40d6b40-d3ad-4fe7-8245-9c92f794f831_dna_r10.4.1_e8.2_400bps_sup@v5.2.0	DS:Z:gpu:NVIDIA GeForce RTX 4070 SUPER	PU:Z:FBG39641	DT:Z:2026-07-15T14:17:26.508000+00:00	tm:Z:adapter,primer
155685	78a7caea-96ac-44d4-acba-453bd2db7217	qs:f:25.0945	ch:i:449	st:Z:2026-07-15T21:37:30.805000+00:00	RG:Z:a40d6b40-d3ad-4fe7-8245-9c92f794f831_dna_r10.4.1_e8.2_400bps_sup@v5.2.0	DS:Z:gpu:NVIDIA GeForce RTX 4070 SUPER	PU:Z:FBG39641	DT:Z:2026-07-15T14:17:26.508000+00:00	tm:Z:none
155685	e5ec9379-d28c-4cc6-adae-c3741c57db73	qs:f:15.8775	ch:i:212	st:Z:2026-07-16T00:55:44.715000+00:00	RG:Z:a40d6b40-d3ad-4fe7-8245-9c92f794f831_dna_r10.4.1_e8.2_400bps_sup@v5.2.0	DS:Z:gpu:NVIDIA GeForce RTX 4070 SUPER	PU:Z:FBG39641	DT:Z:2026-07-15T14:17:26.508000+00:00	tm:Z:adapter,primer rc
155685	a3db7a6b-c243-4e08-86e7-37a3b21b0bd9	qs:f:23.5742	ch:i:72	st:Z:2026-07-15T17:58:46.496000+00:00	RG:Z:a40d6b40-d3ad-4fe7-8245-9c92f794f831_dna_r10.4.1_e8.2_400bps_sup@v5.2.0	DS:Z:gpu:NVIDIA GeForce RTX 4070 SUPER	PU:Z:FBG39641	DT:Z:2026-07-15T14:17:26.508000+00:00	tm:Z:adapter,primer rc
155685	4b502cda-0d62-4e85-85b8-f2f40ad77c5b	qs:f:15.6993	ch:i:473	st:Z:2026-07-15T19:00:48.335000+00:00	RG:Z:a40d6b40-d3ad-4fe7-8245-9c92f794f831_dna_r10.4.1_e8.2_400bps_sup@v5.2.0	DS:Z:gpu:NVIDIA GeForce RTX 4070 SUPER	PU:Z:FBG39641	DT:Z:2026-07-15T14:17:26.508000+00:00	tm:Z:adapter,primer rc
155685	680aa096-51f3-4c9c-8c6c-04982d4c0a74	qs:f:23.8168	ch:i:359	st:Z:2026-07-15T20:06:28.547000+00:00	RG:Z:a40d6b40-d3ad-4fe7-8245-9c92f794f831_dna_r10.4.1_e8.2_400bps_sup@v5.2.0	DS:Z:gpu:NVIDIA GeForce RTX 4070 SUPER	PU:Z:FBG39641	DT:Z:2026-07-15T14:17:26.508000+00:00	tm:Z:none
155685	979f6587-0820-403b-a899-717adf4f11de	qs:f:23.8234	ch:i:224	st:Z:2026-07-15T22:34:04.824000+00:00	RG:Z:a40d6b40-d3ad-4fe7-8245-9c92f794f831_dna_r10.4.1_e8.2_400bps_sup@v5.2.0	DS:Z:gpu:NVIDIA GeForce RTX 4070 SUPER	PU:Z:FBG39641	DT:Z:2026-07-15T14:17:26.508000+00:00	tm:Z:none
155685	91e55187-f6fc-4171-8c86-a55ceaaf2e8e	qs:f:11.8393	ch:i:320	st:Z:2026-07-15T16:51:34.913000+00:00	RG:Z:a40d6b40-d3ad-4fe7-8245-9c92f794f831_dna_r10.4.1_e8.2_400bps_sup@v5.2.0	DS:Z:gpu:NVIDIA GeForce RTX 4070 SUPER	PU:Z:FBG39641	DT:Z:2026-07-15T14:17:26.508000+00:00	tm:Z:adapter,primer
155685	be412a3e-01f8-4342-b8c7-5ab0c2472184	qs:f:15.8859	ch:i:407	st:Z:2026-07-15T19:22:57.197000+00:00	RG:Z:a40d6b40-d3ad-4fe7-8245-9c92f794f831_dna_r10.4.1_e8.2_400bps_sup@v5.2.0	DS:Z:gpu:NVIDIA GeForce RTX 4070 SUPER	PU:Z:FBG39641	DT:Z:2026-07-15T14:17:26.508000+00:00	tm:Z:adapter,primer
155685	7c56997c-1916-49e8-b521-ac5a2cee35c2	qs:f:16.46	ch:i:152	st:Z:2026-07-15T16:40:30.677000+00:00	RG:Z:a40d6b40-d3ad-4fe7-8245-9c92f794f831_dna_r10.4.1_e8.2_400bps_sup@v5.2.0	DS:Z:gpu:NVIDIA GeForce RTX 4070 SUPER	PU:Z:FBG39641	DT:Z:2026-07-15T14:17:26.508000+00:00	tm:Z:adapter,primer
155685	9ad7a695-8fbd-47df-8db6-67c22423e173	qs:f:13.7688	ch:i:269	st:Z:2026-07-16T00:38:05.045000+00:00	RG:Z:a40d6b40-d3ad-4fe7-8245-9c92f794f831_dna_r10.4.1_e8.2_400bps_sup@v5.2.0	DS:Z:gpu:NVIDIA GeForce RTX 4070 SUPER	PU:Z:FBG39641	DT:Z:2026-07-15T14:17:26.508000+00:00	tm:Z:none
155685	6b914ef6-35f0-4680-a42d-4cb2818a27a1	qs:f:16.8482	ch:i:471	st:Z:2026-07-15T15:35:05.004000+00:00	RG:Z:a40d6b40-d3ad-4fe7-8245-9c92f794f831_dna_r10.4.1_e8.2_400bps_sup@v5.2.0	DS:Z:gpu:NVIDIA GeForce RTX 4070 SUPER	PU:Z:FBG39641	DT:Z:2026-07-15T14:17:26.508000+00:00	tm:Z:adapter,primer rc
155685	430edfe8-7563-4566-9608-6a23d8f824dd	qs:f:17.8237	ch:i:179	st:Z:2026-07-16T00:28:50.614000+00:00	RG:Z:a40d6b40-d3ad-4fe7-8245-9c92f794f831_dna_r10.4.1_e8.2_400bps_sup@v5.2.0	DS:Z:gpu:NVIDIA GeForce RTX 4070 SUPER	PU:Z:FBG39641	DT:Z:2026-07-15T14:17:26.508000+00:00	tm:Z:none rc
155685	d3266e0d-37ff-4899-90b7-bac324f8f70c	qs:f:17.1799	ch:i:108	st:Z:2026-07-15T21:31:23.082000+00:00	RG:Z:a40d6b40-d3ad-4fe7-8245-9c92f794f831_dna_r10.4.1_e8.2_400bps_sup@v5.2.0	DS:Z:gpu:NVIDIA GeForce RTX 4070 SUPER	PU:Z:FBG39641	DT:Z:2026-07-15T14:17:26.508000+00:00	tm:Z:none rc
155685	a28595a9-287d-49e3-ad5a-fd80bfd684de	qs:f:13.8576	ch:i:93	st:Z:2026-07-15T22:44:54.255000+00:00	RG:Z:a40d6b40-d3ad-4fe7-8245-9c92f794f831_dna_r10.4.1_e8.2_400bps_sup@v5.2.0	DS:Z:gpu:NVIDIA GeForce RTX 4070 SUPER	PU:Z:FBG39641	DT:Z:2026-07-15T14:17:26.508000+00:00	tm:Z:adapter,primer rc
155685	89cc7fbf-e69e-4435-bb04-d7bc2f332d40	qs:f:22.9157	ch:i:33	st:Z:2026-07-15T17:48:21.673000+00:00	RG:Z:a40d6b40-d3ad-4fe7-8245-9c92f794f831_dna_r10.4.1_e8.2_400bps_sup@v5.2.0	DS:Z:gpu:NVIDIA GeForce RTX 4070 SUPER	PU:Z:FBG39641	DT:Z:2026-07-15T14:17:26.508000+00:00	tm:Z:adapter,primer rc
155685	e305a2d2-918a-4f59-934d-2c6c8ba47c41	qs:f:16.8007	ch:i:331	st:Z:2026-07-15T15:29:17.461000+00:00	RG:Z:a40d6b40-d3ad-4fe7-8245-9c92f794f831_dna_r10.4.1_e8.2_400bps_sup@v5.2.0	DS:Z:gpu:NVIDIA GeForce RTX 4070 SUPER	PU:Z:FBG39641	DT:Z:2026-07-15T14:17:26.508000+00:00	tm:Z:none rc
155685	4b79f61e-4ba0-4276-a332-2a787c823768	qs:f:23.5783	ch:i:401	st:Z:2026-07-15T21:35:29.066000+00:00	RG:Z:a40d6b40-d3ad-4fe7-8245-9c92f794f831_dna_r10.4.1_e8.2_400bps_sup@v5.2.0	DS:Z:gpu:NVIDIA GeForce RTX 4070 SUPER	PU:Z:FBG39641	DT:Z:2026-07-15T14:17:26.508000+00:00	tm:Z:adapter,primer
155685	1d8c1d91-baea-44d4-af49-c9d590b92b87	qs:f:18.3244	ch:i:209	st:Z:2026-07-15T20:19:32.193000+00:00	RG:Z:a40d6b40-d3ad-4fe7-8245-9c92f794f831_dna_r10.4.1_e8.2_400bps_sup@v5.2.0	DS:Z:gpu:NVIDIA GeForce RTX 4070 SUPER	PU:Z:FBG39641	DT:Z:2026-07-15T14:17:26.508000+00:00	tm:Z:adapter,primer
155685	e0b354d6-9adc-4dbe-9d8f-006372040d19	qs:f:24.0674	ch:i:275	st:Z:2026-07-15T14:53:12.040000+00:00	RG:Z:a40d6b40-d3ad-4fe7-8245-9c92f794f831_dna_r10.4.1_e8.2_400bps_sup@v5.2.0	DS:Z:gpu:NVIDIA GeForce RTX 4070 SUPER	PU:Z:FBG39641	DT:Z:2026-07-15T14:17:26.508000+00:00	tm:Z:adapter,primer rc
479116	12d06b9a-5b78-4a80-b296-458a1658073d	qs:f:13.393	ch:i:94	st:Z:2026-07-15T17:14:33.626000+00:00	RG:Z:a40d6b40-d3ad-4fe7-8245-9c92f794f831_dna_r10.4.1_e8.2_400bps_sup@v5.2.0	DS:Z:gpu:NVIDIA GeForce RTX 4070 SUPER	PU:Z:FBG39641	DT:Z:2026-07-15T14:17:26.508000+00:00	tm:Z:none
479116	3163e856-5a23-4db3-a782-7b8be719f431	qs:f:20.2157	ch:i:137	st:Z:2026-07-15T15:48:55.720000+00:00	RG:Z:a40d6b40-d3ad-4fe7-8245-9c92f794f831_dna_r10.4.1_e8.2_400bps_sup@v5.2.0	DS:Z:gpu:NVIDIA GeForce RTX 4070 SUPER	PU:Z:FBG39641	DT:Z:2026-07-15T14:17:26.508000+00:00	tm:Z:adapter,primer
479116	ddba2dec-14d1-49c1-b8e2-89270c7c4961	qs:f:20.8473	ch:i:224	st:Z:2026-07-15T17:22:18.802000+00:00	RG:Z:a40d6b40-d3ad-4fe7-8245-9c92f794f831_dna_r10.4.1_e8.2_400bps_sup@v5.2.0	DS:Z:gpu:NVIDIA GeForce RTX 4070 SUPER	PU:Z:FBG39641	DT:Z:2026-07-15T14:17:26.508000+00:00	tm:Z:adapter,primer
479116	7b37a80e-d218-40c2-84e6-ca188850a076	qs:f:14.8867	ch:i:72	st:Z:2026-07-15T17:59:53.748000+00:00	RG:Z:a40d6b40-d3ad-4fe7-8245-9c92f794f831_dna_r10.4.1_e8.2_400bps_sup@v5.2.0	DS:Z:gpu:NVIDIA GeForce RTX 4070 SUPER	PU:Z:FBG39641	DT:Z:2026-07-15T14:17:26.508000+00:00	tm:Z:adapter,primer rc
479116	ec6bab7e-e165-4e8e-9d95-84a093d1c4da	qs:f:12.9188	ch:i:31	st:Z:2026-07-15T19:14:43.723000+00:00	RG:Z:a40d6b40-d3ad-4fe7-8245-9c92f794f831_dna_r10.4.1_e8.2_400bps_sup@v5.2.0	DS:Z:gpu:NVIDIA GeForce RTX 4070 SUPER	PU:Z:FBG39641	DT:Z:2026-07-15T14:17:26.508000+00:00	tm:Z:none
479116	9c6683e9-328c-4e4c-9aa8-e93dc5f91e89	qs:f:16.7042	ch:i:452	st:Z:2026-07-15T20:36:52.874000+00:00	RG:Z:a40d6b40-d3ad-4fe7-8245-9c92f794f831_dna_r10.4.1_e8.2_400bps_sup@v5.2.0	DS:Z:gpu:NVIDIA GeForce RTX 4070 SUPER	PU:Z:FBG39641	DT:Z:2026-07-15T14:17:26.508000+00:00	tm:Z:adapter,primer rc
479116	1c5ddb2e-afbb-482a-8a67-528ab3cec2dc	qs:f:21.7071	ch:i:350	st:Z:2026-07-16T01:10:50.196000+00:00	RG:Z:a40d6b40-d3ad-4fe7-8245-9c92f794f831_dna_r10.4.1_e8.2_400bps_sup@v5.2.0	DS:Z:gpu:NVIDIA GeForce RTX 4070 SUPER	PU:Z:FBG39641	DT:Z:2026-07-15T14:17:26.508000+00:00	tm:Z:adapter,primer
479116	e280cc98-8384-40a9-b9e6-120eb4cd70d8	qs:f:16.8259	ch:i:413	st:Z:2026-07-16T02:12:03.485000+00:00	RG:Z:a40d6b40-d3ad-4fe7-8245-9c92f794f831_dna_r10.4.1_e8.2_400bps_sup@v5.2.0	DS:Z:gpu:NVIDIA GeForce RTX 4070 SUPER	PU:Z:FBG39641	DT:Z:2026-07-15T14:17:26.508000+00:00	tm:Z:none
479116	de387fc2-838c-435c-96a4-4e1b18def7ec	qs:f:18.5578	ch:i:72	st:Z:2026-07-15T16:34:11.928000+00:00	RG:Z:a40d6b40-d3ad-4fe7-8245-9c92f794f831_dna_r10.4.1_e8.2_400bps_sup@v5.2.0	DS:Z:gpu:NVIDIA GeForce RTX 4070 SUPER	PU:Z:FBG39641	DT:Z:2026-07-15T14:17:26.508000+00:00	tm:Z:adapter,primer rc
479116	6da84676-34bc-4b86-8974-ab08c5e78d84	qs:f:17.6513	ch:i:481	st:Z:2026-07-15T15:53:00.567000+00:00	RG:Z:a40d6b40-d3ad-4fe7-8245-9c92f794f831_dna_r10.4.1_e8.2_400bps_sup@v5.2.0	DS:Z:gpu:NVIDIA GeForce RTX 4070 SUPER	PU:Z:FBG39641	DT:Z:2026-07-15T14:17:26.508000+00:00	tm:Z:adapter,primer
479116	b5da5f2d-f960-4c11-a100-8ecf635d8468	qs:f:17.0706	ch:i:452	st:Z:2026-07-15T18:30:34.449000+00:00	RG:Z:a40d6b40-d3ad-4fe7-8245-9c92f794f831_dna_r10.4.1_e8.2_400bps_sup@v5.2.0	DS:Z:gpu:NVIDIA GeForce RTX 4070 SUPER	PU:Z:FBG39641	DT:Z:2026-07-15T14:17:26.508000+00:00	tm:Z:adapter,primer rc
479116	a1bf71ea-241a-46fe-9d3d-d33afddb636b	qs:f:15.892	ch:i:9	st:Z:2026-07-15T18:40:52.246000+00:00	RG:Z:a40d6b40-d3ad-4fe7-8245-9c92f794f831_dna_r10.4.1_e8.2_400bps_sup@v5.2.0	DS:Z:gpu:NVIDIA GeForce RTX 4070 SUPER	PU:Z:FBG39641	DT:Z:2026-07-15T14:17:26.508000+00:00	tm:Z:adapter,primer rc
479116	c04960c9-1b52-47ed-8407-c54baa36bafb	qs:f:19.0218	ch:i:117	st:Z:2026-07-15T16:19:14.425000+00:00	RG:Z:a40d6b40-d3ad-4fe7-8245-9c92f794f831_dna_r10.4.1_e8.2_400bps_sup@v5.2.0	DS:Z:gpu:NVIDIA GeForce RTX 4070 SUPER	PU:Z:FBG39641	DT:Z:2026-07-15T14:17:26.508000+00:00	tm:Z:adapter,primer
479116	b4b5f8ed-a24d-482e-96e5-908a4b26d662	qs:f:19.1716	ch:i:308	st:Z:2026-07-15T19:42:15.641000+00:00	RG:Z:a40d6b40-d3ad-4fe7-8245-9c92f794f831_dna_r10.4.1_e8.2_400bps_sup@v5.2.0	DS:Z:gpu:NVIDIA GeForce RTX 4070 SUPER	PU:Z:FBG39641	DT:Z:2026-07-15T14:17:26.508000+00:00	tm:Z:adapter,primer
479116	1739effb-5e5e-43c0-b429-b540a9624d94	qs:f:19.5271	ch:i:107	st:Z:2026-07-16T00:54:54.505000+00:00	RG:Z:a40d6b40-d3ad-4fe7-8245-9c92f794f831_dna_r10.4.1_e8.2_400bps_sup@v5.2.0	DS:Z:gpu:NVIDIA GeForce RTX 4070 SUPER	PU:Z:FBG39641	DT:Z:2026-07-15T14:17:26.508000+00:00	tm:Z:adapter,primer
479116	772dfd42-0c73-42bb-bcf6-007d62f5481c	qs:f:16.3461	ch:i:184	st:Z:2026-07-15T23:54:03.833000+00:00	RG:Z:a40d6b40-d3ad-4fe7-8245-9c92f794f831_dna_r10.4.1_e8.2_400bps_sup@v5.2.0	DS:Z:gpu:NVIDIA GeForce RTX 4070 SUPER	PU:Z:FBG39641	DT:Z:2026-07-15T14:17:26.508000+00:00	tm:Z:none rc
479116	72532e17-7f47-4dee-9c29-81440550f643	qs:f:14.1155	ch:i:192	st:Z:2026-07-15T16:35:16.010000+00:00	RG:Z:a40d6b40-d3ad-4fe7-8245-9c92f794f831_dna_r10.4.1_e8.2_400bps_sup@v5.2.0	DS:Z:gpu:NVIDIA GeForce RTX 4070 SUPER	PU:Z:FBG39641	DT:Z:2026-07-15T14:17:26.508000+00:00	tm:Z:adapter,primer
479116	495e529e-3335-4e66-b03d-ecad90a91a94	qs:f:14.3338	ch:i:6	st:Z:2026-07-15T15:13:11.356000+00:00	RG:Z:a40d6b40-d3ad-4fe7-8245-9c92f794f831_dna_r10.4.1_e8.2_400bps_sup@v5.2.0	DS:Z:gpu:NVIDIA GeForce RTX 4070 SUPER	PU:Z:FBG39641	DT:Z:2026-07-15T14:17:26.508000+00:00	tm:Z:none
479116	2a8d305b-57d9-4601-8eff-7e7860a32158	qs:f:22.1838	ch:i:30	st:Z:2026-07-15T16:43:43.120000+00:00	RG:Z:a40d6b40-d3ad-4fe7-8245-9c92f794f831_dna_r10.4.1_e8.2_400bps_sup@v5.2.0	DS:Z:gpu:NVIDIA GeForce RTX 4070 SUPER	PU:Z:FBG39641	DT:Z:2026-07-15T14:17:26.508000+00:00	tm:Z:adapter,primer rc
479116	cb8a09fd-577f-475f-a000-de685bd720dd	qs:f:16.7345	ch:i:482	st:Z:2026-07-15T14:53:55.170000+00:00	RG:Z:a40d6b40-d3ad-4fe7-8245-9c92f794f831_dna_r10.4.1_e8.2_400bps_sup@v5.2.0	DS:Z:gpu:NVIDIA GeForce RTX 4070 SUPER	PU:Z:FBG39641	DT:Z:2026-07-15T14:17:26.508000+00:00	tm:Z:adapter,primer rc
479116	7522d038-aa04-4afb-b0af-74a278ac70ea	qs:f:14.1221	ch:i:221	st:Z:2026-07-15T22:32:23.658000+00:00	RG:Z:a40d6b40-d3ad-4fe7-8245-9c92f794f831_dna_r10.4.1_e8.2_400bps_sup@v5.2.0	DS:Z:gpu:NVIDIA GeForce RTX 4070 SUPER	PU:Z:FBG39641	DT:Z:2026-07-15T14:17:26.508000+00:00	tm:Z:none rc
479116	feea3ca7-008f-4793-892f-fae3df70c5af	qs:f:17.6943	ch:i:495	st:Z:2026-07-15T19:05:30.343000+00:00	RG:Z:a40d6b40-d3ad-4fe7-8245-9c92f794f831_dna_r10.4.1_e8.2_400bps_sup@v5.2.0	DS:Z:gpu:NVIDIA GeForce RTX 4070 SUPER	PU:Z:FBG39641	DT:Z:2026-07-15T14:17:26.508000+00:00	tm:Z:adapter,primer rc
479116	6de79b48-64f6-4ab9-a439-ca251df0f6f5	qs:f:14.0702	ch:i:414	st:Z:2026-07-15T16:54:12.406000+00:00	RG:Z:a40d6b40-d3ad-4fe7-8245-9c92f794f831_dna_r10.4.1_e8.2_400bps_sup@v5.2.0	DS:Z:gpu:NVIDIA GeForce RTX 4070 SUPER	PU:Z:FBG39641	DT:Z:2026-07-15T14:17:26.508000+00:00	tm:Z:none rc
479116	22375e92-4282-4e2f-a53b-77bf2a902a95	qs:f:18.3266	ch:i:305	st:Z:2026-07-15T19:46:50.444000+00:00	RG:Z:a40d6b40-d3ad-4fe7-8245-9c92f794f831_dna_r10.4.1_e8.2_400bps_sup@v5.2.0	DS:Z:gpu:NVIDIA GeForce RTX 4070 SUPER	PU:Z:FBG39641	DT:Z:2026-07-15T14:17:26.508000+00:00	tm:Z:adapter,primer
479116	6b999ea6-7b6a-4b1f-9bb1-c79e13d79c15	qs:f:18.4831	ch:i:214	st:Z:2026-07-15T21:38:43.432000+00:00	RG:Z:a40d6b40-d3ad-4fe7-8245-9c92f794f831_dna_r10.4.1_e8.2_400bps_sup@v5.2.0	DS:Z:gpu:NVIDIA GeForce RTX 4070 SUPER	PU:Z:FBG39641	DT:Z:2026-07-15T14:17:26.508000+00:00	tm:Z:none
479116	0ebf43dd-5620-4ea6-ac3d-516ee7233814	qs:f:14.8816	ch:i:191	st:Z:2026-07-16T00:42:24.446000+00:00	RG:Z:a40d6b40-d3ad-4fe7-8245-9c92f794f831_dna_r10.4.1_e8.2_400bps_sup@v5.2.0	DS:Z:gpu:NVIDIA GeForce RTX 4070 SUPER	PU:Z:FBG39641	DT:Z:2026-07-15T14:17:26.508000+00:00	tm:Z:adapter,primer rc
479116	80197f75-3f1c-42a3-9d3b-3c70e586dec9	qs:f:20.9387	ch:i:126	st:Z:2026-07-15T18:07:22.128000+00:00	RG:Z:a40d6b40-d3ad-4fe7-8245-9c92f794f831_dna_r10.4.1_e8.2_400bps_sup@v5.2.0	DS:Z:gpu:NVIDIA GeForce RTX 4070 SUPER	PU:Z:FBG39641	DT:Z:2026-07-15T14:17:26.508000+00:00	tm:Z:adapter,primer
479116	d05b0ec8-a339-4d0e-a024-38aef3609164	qs:f:17.7789	ch:i:297	st:Z:2026-07-15T17:00:08.594000+00:00	RG:Z:a40d6b40-d3ad-4fe7-8245-9c92f794f831_dna_r10.4.1_e8.2_400bps_sup@v5.2.0	DS:Z:gpu:NVIDIA GeForce RTX 4070 SUPER	PU:Z:FBG39641	DT:Z:2026-07-15T14:17:26.508000+00:00	tm:Z:adapter,primer rc
479116	71cf3f58-7f70-4688-9a08-e91b46737c1c	qs:f:16.2668	ch:i:212	st:Z:2026-07-15T18:02:38.764000+00:00	RG:Z:a40d6b40-d3ad-4fe7-8245-9c92f794f831_dna_r10.4.1_e8.2_400bps_sup@v5.2.0	DS:Z:gpu:NVIDIA GeForce RTX 4070 SUPER	PU:Z:FBG39641	DT:Z:2026-07-15T14:17:26.508000+00:00	tm:Z:adapter,primer rc
479116	68ab3185-e651-416f-b0d2-ec4c3521b2ed	qs:f:21.3864	ch:i:392	st:Z:2026-07-15T17:49:14.241000+00:00	RG:Z:a40d6b40-d3ad-4fe7-8245-9c92f794f831_dna_r10.4.1_e8.2_400bps_sup@v5.2.0	DS:Z:gpu:NVIDIA GeForce RTX 4070 SUPER	PU:Z:FBG39641	DT:Z:2026-07-15T14:17:26.508000+00:00	tm:Z:none
479116	3fd12b1a-75a2-4c72-b2f3-3480922751ee	qs:f:15.1572	ch:i:20	st:Z:2026-07-15T16:21:15.838000+00:00	RG:Z:a40d6b40-d3ad-4fe7-8245-9c92f794f831_dna_r10.4.1_e8.2_400bps_sup@v5.2.0	DS:Z:gpu:NVIDIA GeForce RTX 4070 SUPER	PU:Z:FBG39641	DT:Z:2026-07-15T14:17:26.508000+00:00	tm:Z:adapter,primer
479116	1df76a9d-9d3d-46c5-8437-2076bab9dab0	qs:f:17.6795	ch:i:510	st:Z:2026-07-15T16:03:59.255000+00:00	RG:Z:a40d6b40-d3ad-4fe7-8245-9c92f794f831_dna_r10.4.1_e8.2_400bps_sup@v5.2.0	DS:Z:gpu:NVIDIA GeForce RTX 4070 SUPER	PU:Z:FBG39641	DT:Z:2026-07-15T14:17:26.508000+00:00	tm:Z:adapter,primer rc
479116	60c10b3b-2b02-42c4-9be6-8956d9e7475c	qs:f:14.7871	ch:i:343	st:Z:2026-07-16T01:28:50.557000+00:00	RG:Z:a40d6b40-d3ad-4fe7-8245-9c92f794f831_dna_r10.4.1_e8.2_400bps_sup@v5.2.0	DS:Z:gpu:NVIDIA GeForce RTX 4070 SUPER	PU:Z:FBG39641	DT:Z:2026-07-15T14:17:26.508000+00:00	tm:Z:adapter,primer rc
479116	bf9b5ff5-1516-41be-82f1-e1aaa473b4e1	qs:f:12.9829	ch:i:199	st:Z:2026-07-15T15:26:24.026000+00:00	RG:Z:a40d6b40-d3ad-4fe7-8245-9c92f794f831_dna_r10.4.1_e8.2_400bps_sup@v5.2.0	DS:Z:gpu:NVIDIA GeForce RTX 4070 SUPER	PU:Z:FBG39641	DT:Z:2026-07-15T14:17:26.508000+00:00	tm:Z:none rc
479116	66ee37ff-a630-473c-b337-7619b9d65354	qs:f:16.4737	ch:i:196	st:Z:2026-07-15T19:19:41.670000+00:00	RG:Z:a40d6b40-d3ad-4fe7-8245-9c92f794f831_dna_r10.4.1_e8.2_400bps_sup@v5.2.0	DS:Z:gpu:NVIDIA GeForce RTX 4070 SUPER	PU:Z:FBG39641	DT:Z:2026-07-15T14:17:26.508000+00:00	tm:Z:none rc
479116	c123c422-f723-4c68-92d9-27f64b030cd2	qs:f:13.9124	ch:i:324	st:Z:2026-07-15T16:44:56.230000+00:00	RG:Z:a40d6b40-d3ad-4fe7-8245-9c92f794f831_dna_r10.4.1_e8.2_400bps_sup@v5.2.0	DS:Z:gpu:NVIDIA GeForce RTX 4070 SUPER	PU:Z:FBG39641	DT:Z:2026-07-15T14:17:26.508000+00:00	tm:Z:none rc
479116	344d3829-64a7-4f69-8817-e091bfa8bd52	qs:f:16.1161	ch:i:63	st:Z:2026-07-15T21:35:05.682000+00:00	RG:Z:a40d6b40-d3ad-4fe7-8245-9c92f794f831_dna_r10.4.1_e8.2_400bps_sup@v5.2.0	DS:Z:gpu:NVIDIA GeForce RTX 4070 SUPER	PU:Z:FBG39641	DT:Z:2026-07-15T14:17:26.508000+00:00	tm:Z:adapter,primer rc
479116	9e795491-2e46-4775-ba25-2c841efc470f	qs:f:12.1827	ch:i:263	st:Z:2026-07-15T21:38:05.980000+00:00	RG:Z:a40d6b40-d3ad-4fe7-8245-9c92f794f831_dna_r10.4.1_e8.2_400bps_sup@v5.2.0	DS:Z:gpu:NVIDIA GeForce RTX 4070 SUPER	PU:Z:FBG39641	DT:Z:2026-07-15T14:17:26.508000+00:00	tm:Z:adapter,primer rc
479116	4ecbca25-ea4b-4701-9982-1b5ac238edbc	qs:f:18.9639	ch:i:71	st:Z:2026-07-15T20:13:24.354000+00:00	RG:Z:a40d6b40-d3ad-4fe7-8245-9c92f794f831_dna_r10.4.1_e8.2_400bps_sup@v5.2.0	DS:Z:gpu:NVIDIA GeForce RTX 4070 SUPER	PU:Z:FBG39641	DT:Z:2026-07-15T14:17:26.508000+00:00	tm:Z:adapter,primer
479116	4f9d449e-e231-484b-bffb-f939d6d39296	qs:f:11.4729	ch:i:145	st:Z:2026-07-15T15:14:29.602000+00:00	RG:Z:a40d6b40-d3ad-4fe7-8245-9c92f794f831_dna_r10.4.1_e8.2_400bps_sup@v5.2.0	DS:Z:gpu:NVIDIA GeForce RTX 4070 SUPER	PU:Z:FBG39641	DT:Z:2026-07-15T14:17:26.508000+00:00	tm:Z:adapter,primer
479116	1d3d6de9-cd2b-4ca5-899e-ccb01e83ed6d	qs:f:17.9153	ch:i:105	st:Z:2026-07-15T23:26:52.982000+00:00	RG:Z:a40d6b40-d3ad-4fe7-8245-9c92f794f831_dna_r10.4.1_e8.2_400bps_sup@v5.2.0	DS:Z:gpu:NVIDIA GeForce RTX 4070 SUPER	PU:Z:FBG39641	DT:Z:2026-07-15T14:17:26.508000+00:00	tm:Z:adapter,primer rc
479116	16810aba-70f4-4a79-b1bf-32210b278deb	qs:f:18.0634	ch:i:462	st:Z:2026-07-15T17:53:50.324000+00:00	RG:Z:a40d6b40-d3ad-4fe7-8245-9c92f794f831_dna_r10.4.1_e8.2_400bps_sup@v5.2.0	DS:Z:gpu:NVIDIA GeForce RTX 4070 SUPER	PU:Z:FBG39641	DT:Z:2026-07-15T14:17:26.508000+00:00	tm:Z:adapter,primer
479116	2c7fa03d-cab7-40a7-9544-a389f29bf7a0	qs:f:16.614	ch:i:155	st:Z:2026-07-15T21:42:24.607000+00:00	RG:Z:a40d6b40-d3ad-4fe7-8245-9c92f794f831_dna_r10.4.1_e8.2_400bps_sup@v5.2.0	DS:Z:gpu:NVIDIA GeForce RTX 4070 SUPER	PU:Z:FBG39641	DT:Z:2026-07-15T14:17:26.508000+00:00	tm:Z:adapter,primer
479116	9ce69105-69f3-49ec-adb7-bedde11b813d	qs:f:15.2395	ch:i:184	st:Z:2026-07-15T17:59:22.767000+00:00	RG:Z:a40d6b40-d3ad-4fe7-8245-9c92f794f831_dna_r10.4.1_e8.2_400bps_sup@v5.2.0	DS:Z:gpu:NVIDIA GeForce RTX 4070 SUPER	PU:Z:FBG39641	DT:Z:2026-07-15T14:17:26.508000+00:00	tm:Z:none rc
479116	750492c9-3550-42e1-ab06-6a83ca5138e9	qs:f:15.9676	ch:i:457	st:Z:2026-07-16T00:17:31.416000+00:00	RG:Z:a40d6b40-d3ad-4fe7-8245-9c92f794f831_dna_r10.4.1_e8.2_400bps_sup@v5.2.0	DS:Z:gpu:NVIDIA GeForce RTX 4070 SUPER	PU:Z:FBG39641	DT:Z:2026-07-15T14:17:26.508000+00:00	tm:Z:none
479116	b55a74d9-b2d5-4a57-b62a-dc44346401ee	qs:f:26.4539	ch:i:78	st:Z:2026-07-15T18:10:09.965000+00:00	RG:Z:a40d6b40-d3ad-4fe7-8245-9c92f794f831_dna_r10.4.1_e8.2_400bps_sup@v5.2.0	DS:Z:gpu:NVIDIA GeForce RTX 4070 SUPER	PU:Z:FBG39641	DT:Z:2026-07-15T14:17:26.508000+00:00	tm:Z:adapter,primer rc
479116	b1df85cb-1f3b-46c2-ac9a-aa7c139f34a1	qs:f:16.5778	ch:i:115	st:Z:2026-07-15T16:10:04.626000+00:00	RG:Z:a40d6b40-d3ad-4fe7-8245-9c92f794f831_dna_r10.4.1_e8.2_400bps_sup@v5.2.0	DS:Z:gpu:NVIDIA GeForce RTX 4070 SUPER	PU:Z:FBG39641	DT:Z:2026-07-15T14:17:26.508000+00:00	tm:Z:none
479116	68f85c5a-c995-4be8-8109-02a016389bd9	qs:f:14.7159	ch:i:194	st:Z:2026-07-15T15:28:48.637000+00:00	RG:Z:a40d6b40-d3ad-4fe7-8245-9c92f794f831_dna_r10.4.1_e8.2_400bps_sup@v5.2.0	DS:Z:gpu:NVIDIA GeForce RTX 4070 SUPER	PU:Z:FBG39641	DT:Z:2026-07-15T14:17:26.508000+00:00	tm:Z:adapter,primer
479116	acf3f710-0a3d-4b54-bde1-56d4a5c98030	qs:f:17.9882	ch:i:261	st:Z:2026-07-15T16:55:35.079000+00:00	RG:Z:a40d6b40-d3ad-4fe7-8245-9c92f794f831_dna_r10.4.1_e8.2_400bps_sup@v5.2.0	DS:Z:gpu:NVIDIA GeForce RTX 4070 SUPER	PU:Z:FBG39641	DT:Z:2026-07-15T14:17:26.508000+00:00	tm:Z:adapter,primer
479116	782198e7-e477-45c3-8072-9264fb5ed9bc	qs:f:15.9002	ch:i:504	st:Z:2026-07-15T17:19:13.011000+00:00	RG:Z:a40d6b40-d3ad-4fe7-8245-9c92f794f831_dna_r10.4.1_e8.2_400bps_sup@v5.2.0	DS:Z:gpu:NVIDIA GeForce RTX 4070 SUPER	PU:Z:FBG39641	DT:Z:2026-07-15T14:17:26.508000+00:00	tm:Z:adapter,primer
479116	9b1214b1-4567-4177-b8fb-7bd3ef0f6b9d	qs:f:16.1519	ch:i:168	st:Z:2026-07-15T18:21:47.066000+00:00	RG:Z:a40d6b40-d3ad-4fe7-8245-9c92f794f831_dna_r10.4.1_e8.2_400bps_sup@v5.2.0	DS:Z:gpu:NVIDIA GeForce RTX 4070 SUPER	PU:Z:FBG39641	DT:Z:2026-07-15T14:17:26.508000+00:00	tm:Z:adapter,primer
479116	55581e12-6f60-4799-a401-80c9ccd055aa	qs:f:13.6744	ch:i:147	st:Z:2026-07-15T21:32:26.095000+00:00	RG:Z:a40d6b40-d3ad-4fe7-8245-9c92f794f831_dna_r10.4.1_e8.2_400bps_sup@v5.2.0	DS:Z:gpu:NVIDIA GeForce RTX 4070 SUPER	PU:Z:FBG39641	DT:Z:2026-07-15T14:17:26.508000+00:00	tm:Z:none rc
479116	239daf8e-def0-48c4-ba9b-a97dda24fd28	qs:f:19.8991	ch:i:343	st:Z:2026-07-15T23:47:51.600000+00:00	RG:Z:a40d6b40-d3ad-4fe7-8245-9c92f794f831_dna_r10.4.1_e8.2_400bps_sup@v5.2.0	DS:Z:gpu:NVIDIA GeForce RTX 4070 SUPER	PU:Z:FBG39641	DT:Z:2026-07-15T14:17:26.508000+00:00	tm:Z:adapter,primer
479116	c15a4d3c-2c95-4ceb-b077-0979bbee686c	qs:f:18.5428	ch:i:328	st:Z:2026-07-15T18:52:08.386000+00:00	RG:Z:a40d6b40-d3ad-4fe7-8245-9c92f794f831_dna_r10.4.1_e8.2_400bps_sup@v5.2.0	DS:Z:gpu:NVIDIA GeForce RTX 4070 SUPER	PU:Z:FBG39641	DT:Z:2026-07-15T14:17:26.508000+00:00	tm:Z:adapter,primer rc
479116	ec2db5fd-bd49-44e1-b18a-c700b2a0814f	qs:f:17.2566	ch:i:276	st:Z:2026-07-15T15:02:12.494000+00:00	RG:Z:a40d6b40-d3ad-4fe7-8245-9c92f794f831_dna_r10.4.1_e8.2_400bps_sup@v5.2.0	DS:Z:gpu:NVIDIA GeForce RTX 4070 SUPER	PU:Z:FBG39641	DT:Z:2026-07-15T14:17:26.508000+00:00	tm:Z:adapter,primer rc
479116	0020430e-fe51-4cec-8bc8-b67eb1e85eae	qs:f:11.4382	ch:i:221	st:Z:2026-07-15T16:29:10.185000+00:00	RG:Z:a40d6b40-d3ad-4fe7-8245-9c92f794f831_dna_r10.4.1_e8.2_400bps_sup@v5.2.0	DS:Z:gpu:NVIDIA GeForce RTX 4070 SUPER	PU:Z:FBG39641	DT:Z:2026-07-15T14:17:26.508000+00:00	tm:Z:none
479116	d9508c59-8aef-4435-937b-b585a529a300	qs:f:18.1853	ch:i:356	st:Z:2026-07-15T22:58:08.876000+00:00	RG:Z:a40d6b40-d3ad-4fe7-8245-9c92f794f831_dna_r10.4.1_e8.2_400bps_sup@v5.2.0	DS:Z:gpu:NVIDIA GeForce RTX 4070 SUPER	PU:Z:FBG39641	DT:Z:2026-07-15T14:17:26.508000+00:00	tm:Z:adapter,primer
479116	1aed0b1b-7bbc-4ae9-a964-b1721512aa4c	qs:f:16.3709	ch:i:138	st:Z:2026-07-15T18:17:12.001000+00:00	RG:Z:a40d6b40-d3ad-4fe7-8245-9c92f794f831_dna_r10.4.1_e8.2_400bps_sup@v5.2.0	DS:Z:gpu:NVIDIA GeForce RTX 4070 SUPER	PU:Z:FBG39641	DT:Z:2026-07-15T14:17:26.508000+00:00	tm:Z:adapter,primer
479116	2e140872-a436-4474-a9d5-a0d42583d377	qs:f:17.0169	ch:i:136	st:Z:2026-07-16T01:22:44.722000+00:00	RG:Z:a40d6b40-d3ad-4fe7-8245-9c92f794f831_dna_r10.4.1_e8.2_400bps_sup@v5.2.0	DS:Z:gpu:NVIDIA GeForce RTX 4070 SUPER	PU:Z:FBG39641	DT:Z:2026-07-15T14:17:26.508000+00:00	tm:Z:adapter,primer rc
479116	f9a9e2a9-e67c-46a5-8f0e-b3c3e3b51738	qs:f:16.0672	ch:i:460	st:Z:2026-07-15T14:35:36.638000+00:00	RG:Z:a40d6b40-d3ad-4fe7-8245-9c92f794f831_dna_r10.4.1_e8.2_400bps_sup@v5.2.0	DS:Z:gpu:NVIDIA GeForce RTX 4070 SUPER	PU:Z:FBG39641	DT:Z:2026-07-15T14:17:26.508000+00:00	tm:Z:adapter,primer rc
479116	d52ba280-487f-400c-b701-05d3344ba9d8	qs:f:16.4851	ch:i:192	st:Z:2026-07-15T15:22:37.188000+00:00	RG:Z:a40d6b40-d3ad-4fe7-8245-9c92f794f831_dna_r10.4.1_e8.2_400bps_sup@v5.2.0	DS:Z:gpu:NVIDIA GeForce RTX 4070 SUPER	PU:Z:FBG39641	DT:Z:2026-07-15T14:17:26.508000+00:00	tm:Z:adapter,primer
479116	61235de2-8e5e-454f-8c45-7d32de66defe	qs:f:13.6027	ch:i:27	st:Z:2026-07-15T18:02:21.608000+00:00	RG:Z:a40d6b40-d3ad-4fe7-8245-9c92f794f831_dna_r10.4.1_e8.2_400bps_sup@v5.2.0	DS:Z:gpu:NVIDIA GeForce RTX 4070 SUPER	PU:Z:FBG39641	DT:Z:2026-07-15T14:17:26.508000+00:00	tm:Z:none
479116	69fe230f-2f46-49cb-9a97-44329b2b60b8	qs:f:12.394	ch:i:224	st:Z:2026-07-15T15:13:01.626000+00:00	RG:Z:a40d6b40-d3ad-4fe7-8245-9c92f794f831_dna_r10.4.1_e8.2_400bps_sup@v5.2.0	DS:Z:gpu:NVIDIA GeForce RTX 4070 SUPER	PU:Z:FBG39641	DT:Z:2026-07-15T14:17:26.508000+00:00	tm:Z:adapter,primer rc
479116	60d6b8c2-6ee2-4ef4-ab64-f56c5c055bf3	qs:f:18.5911	ch:i:33	st:Z:2026-07-15T19:16:36.870000+00:00	RG:Z:a40d6b40-d3ad-4fe7-8245-9c92f794f831_dna_r10.4.1_e8.2_400bps_sup@v5.2.0	DS:Z:gpu:NVIDIA GeForce RTX 4070 SUPER	PU:Z:FBG39641	DT:Z:2026-07-15T14:17:26.508000+00:00	tm:Z:adapter,primer
479116	0f915b1b-afce-419e-be71-1994e139f7a9	qs:f:14.552	ch:i:269	st:Z:2026-07-15T15:05:41.252000+00:00	RG:Z:a40d6b40-d3ad-4fe7-8245-9c92f794f831_dna_r10.4.1_e8.2_400bps_sup@v5.2.0	DS:Z:gpu:NVIDIA GeForce RTX 4070 SUPER	PU:Z:FBG39641	DT:Z:2026-07-15T14:17:26.508000+00:00	tm:Z:none rc
479116	8649936a-1b09-49d6-be51-71b9c39c17b1	qs:f:14.4118	ch:i:289	st:Z:2026-07-16T00:46:16.512000+00:00	RG:Z:a40d6b40-d3ad-4fe7-8245-9c92f794f831_dna_r10.4.1_e8.2_400bps_sup@v5.2.0	DS:Z:gpu:NVIDIA GeForce RTX 4070 SUPER	PU:Z:FBG39641	DT:Z:2026-07-15T14:17:26.508000+00:00	tm:Z:adapter,primer rc
479116	377c857e-a57a-48e4-b7a3-ce20d92193bc	qs:f:17.4193	ch:i:456	st:Z:2026-07-16T01:32:37.995000+00:00	RG:Z:a40d6b40-d3ad-4fe7-8245-9c92f794f831_dna_r10.4.1_e8.2_400bps_sup@v5.2.0	DS:Z:gpu:NVIDIA GeForce RTX 4070 SUPER	PU:Z:FBG39641	DT:Z:2026-07-15T14:17:26.508000+00:00	tm:Z:adapter,primer rc
479116	97283f2e-d5bc-4db5-874b-964f89104c74	qs:f:18.3333	ch:i:457	st:Z:2026-07-15T20:05:30.423000+00:00	RG:Z:a40d6b40-d3ad-4fe7-8245-9c92f794f831_dna_r10.4.1_e8.2_400bps_sup@v5.2.0	DS:Z:gpu:NVIDIA GeForce RTX 4070 SUPER	PU:Z:FBG39641	DT:Z:2026-07-15T14:17:26.508000+00:00	tm:Z:adapter,primer rc
479116	ea6e2251-d65b-454f-b1af-bdd1c6f6fd4d	qs:f:17.0309	ch:i:504	st:Z:2026-07-15T15:24:41.641000+00:00	RG:Z:a40d6b40-d3ad-4fe7-8245-9c92f794f831_dna_r10.4.1_e8.2_400bps_sup@v5.2.0	DS:Z:gpu:NVIDIA GeForce RTX 4070 SUPER	PU:Z:FBG39641	DT:Z:2026-07-15T14:17:26.508000+00:00	tm:Z:adapter,primer rc
479116	0321a941-08b0-420e-a2a3-b01abcea11fe	qs:f:16.7523	ch:i:436	st:Z:2026-07-15T18:28:43.197000+00:00	RG:Z:a40d6b40-d3ad-4fe7-8245-9c92f794f831_dna_r10.4.1_e8.2_400bps_sup@v5.2.0	DS:Z:gpu:NVIDIA GeForce RTX 4070 SUPER	PU:Z:FBG39641	DT:Z:2026-07-15T14:17:26.508000+00:00	tm:Z:adapter,primer
479116	fa280229-8d80-4cc0-a030-1ec1f0818825	qs:f:16.5996	ch:i:254	st:Z:2026-07-15T16:44:25.466000+00:00	RG:Z:a40d6b40-d3ad-4fe7-8245-9c92f794f831_dna_r10.4.1_e8.2_400bps_sup@v5.2.0	DS:Z:gpu:NVIDIA GeForce RTX 4070 SUPER	PU:Z:FBG39641	DT:Z:2026-07-15T14:17:26.508000+00:00	tm:Z:adapter,primer rc
479116	38cb0873-1097-4379-8ec7-60561b99115d	qs:f:13.5744	ch:i:2	st:Z:2026-07-15T21:07:53.754000+00:00	RG:Z:a40d6b40-d3ad-4fe7-8245-9c92f794f831_dna_r10.4.1_e8.2_400bps_sup@v5.2.0	DS:Z:gpu:NVIDIA GeForce RTX 4070 SUPER	PU:Z:FBG39641	DT:Z:2026-07-15T14:17:26.508000+00:00	tm:Z:none
479116	415d7b4d-62e0-4820-a175-09b68bcf997d	qs:f:16.943	ch:i:421	st:Z:2026-07-15T23:54:37.998000+00:00	RG:Z:a40d6b40-d3ad-4fe7-8245-9c92f794f831_dna_r10.4.1_e8.2_400bps_sup@v5.2.0	DS:Z:gpu:NVIDIA GeForce RTX 4070 SUPER	PU:Z:FBG39641	DT:Z:2026-07-15T14:17:26.508000+00:00	tm:Z:adapter,primer
479116	aa2e7614-d098-40f0-b623-7566559761ae	qs:f:13.1668	ch:i:382	st:Z:2026-07-16T01:47:29.893000+00:00	RG:Z:a40d6b40-d3ad-4fe7-8245-9c92f794f831_dna_r10.4.1_e8.2_400bps_sup@v5.2.0	DS:Z:gpu:NVIDIA GeForce RTX 4070 SUPER	PU:Z:FBG39641	DT:Z:2026-07-15T14:17:26.508000+00:00	tm:Z:adapter,primer rc
479116	ebba0b0d-b5e8-423d-a993-85d78f114f7a	qs:f:15.9163	ch:i:157	st:Z:2026-07-15T14:47:09.294000+00:00	RG:Z:a40d6b40-d3ad-4fe7-8245-9c92f794f831_dna_r10.4.1_e8.2_400bps_sup@v5.2.0	DS:Z:gpu:NVIDIA GeForce RTX 4070 SUPER	PU:Z:FBG39641	DT:Z:2026-07-15T14:17:26.508000+00:00	tm:Z:adapter,primer
479116	b7c390d5-bd2f-4ef3-9ae8-e93e223a2b35	qs:f:18.0396	ch:i:235	st:Z:2026-07-15T15:01:39.980000+00:00	RG:Z:a40d6b40-d3ad-4fe7-8245-9c92f794f831_dna_r10.4.1_e8.2_400bps_sup@v5.2.0	DS:Z:gpu:NVIDIA GeForce RTX 4070 SUPER	PU:Z:FBG39641	DT:Z:2026-07-15T14:17:26.508000+00:00	tm:Z:adapter,primer
479116	57fbe1f5-91f4-46b3-af20-836d244380c9	qs:f:17.8316	ch:i:273	st:Z:2026-07-15T19:37:18.975000+00:00	RG:Z:a40d6b40-d3ad-4fe7-8245-9c92f794f831_dna_r10.4.1_e8.2_400bps_sup@v5.2.0	DS:Z:gpu:NVIDIA GeForce RTX 4070 SUPER	PU:Z:FBG39641	DT:Z:2026-07-15T14:17:26.508000+00:00	tm:Z:adapter,primer rc
479116	193e3e05-9faf-4298-9b79-b503c72cba2a	qs:f:19.7005	ch:i:145	st:Z:2026-07-15T19:27:29.949000+00:00	RG:Z:a40d6b40-d3ad-4fe7-8245-9c92f794f831_dna_r10.4.1_e8.2_400bps_sup@v5.2.0	DS:Z:gpu:NVIDIA GeForce RTX 4070 SUPER	PU:Z:FBG39641	DT:Z:2026-07-15T14:17:26.508000+00:00	tm:Z:adapter,primer
479116	f681bbc0-a44c-4db5-8469-e5cfae0cc2ab	qs:f:19.048	ch:i:130	st:Z:2026-07-15T16:55:47.403000+00:00	RG:Z:a40d6b40-d3ad-4fe7-8245-9c92f794f831_dna_r10.4.1_e8.2_400bps_sup@v5.2.0	DS:Z:gpu:NVIDIA GeForce RTX 4070 SUPER	PU:Z:FBG39641	DT:Z:2026-07-15T14:17:26.508000+00:00	tm:Z:adapter,primer
479116	e3d03ec6-deb3-4c08-b1d1-d4724f25f1c6	qs:f:11.3283	ch:i:269	st:Z:2026-07-15T21:39:41.852000+00:00	RG:Z:a40d6b40-d3ad-4fe7-8245-9c92f794f831_dna_r10.4.1_e8.2_400bps_sup@v5.2.0	DS:Z:gpu:NVIDIA GeForce RTX 4070 SUPER	PU:Z:FBG39641	DT:Z:2026-07-15T14:17:26.508000+00:00	tm:Z:none
479116	5cd3ce62-9b61-4cd6-a62c-74b6a1591eaa	qs:f:13.163	ch:i:351	st:Z:2026-07-15T20:20:45.277000+00:00	RG:Z:a40d6b40-d3ad-4fe7-8245-9c92f794f831_dna_r10.4.1_e8.2_400bps_sup@v5.2.0	DS:Z:gpu:NVIDIA GeForce RTX 4070 SUPER	PU:Z:FBG39641	DT:Z:2026-07-15T14:17:26.508000+00:00	tm:Z:adapter,primer
479116	42ea162c-dc40-47ad-87aa-9ae30fa60c7d	qs:f:19.8264	ch:i:143	st:Z:2026-07-15T14:42:19.801000+00:00	RG:Z:a40d6b40-d3ad-4fe7-8245-9c92f794f831_dna_r10.4.1_e8.2_400bps_sup@v5.2.0	DS:Z:gpu:NVIDIA GeForce RTX 4070 SUPER	PU:Z:FBG39641	DT:Z:2026-07-15T14:17:26.508000+00:00	tm:Z:adapter,primer rc
479116	890c0176-5fce-4587-9e01-9c0c2e89ed81	qs:f:14.7157	ch:i:117	st:Z:2026-07-15T20:00:40.747000+00:00	RG:Z:a40d6b40-d3ad-4fe7-8245-9c92f794f831_dna_r10.4.1_e8.2_400bps_sup@v5.2.0	DS:Z:gpu:NVIDIA GeForce RTX 4070 SUPER	PU:Z:FBG39641	DT:Z:2026-07-15T14:17:26.508000+00:00	tm:Z:adapter,primer
479116	676d2fa5-75f8-4156-9207-637c176fdfbe	qs:f:16.1888	ch:i:471	st:Z:2026-07-15T22:29:51.587000+00:00	RG:Z:a40d6b40-d3ad-4fe7-8245-9c92f794f831_dna_r10.4.1_e8.2_400bps_sup@v5.2.0	DS:Z:gpu:NVIDIA GeForce RTX 4070 SUPER	PU:Z:FBG39641	DT:Z:2026-07-15T14:17:26.508000+00:00	tm:Z:adapter,primer rc
479116	ad02f72f-329b-4036-b39b-f8f7dcbc5d55	qs:f:17.6316	ch:i:37	st:Z:2026-07-15T14:25:55.524000+00:00	RG:Z:a40d6b40-d3ad-4fe7-8245-9c92f794f831_dna_r10.4.1_e8.2_400bps_sup@v5.2.0	DS:Z:gpu:NVIDIA GeForce RTX 4070 SUPER	PU:Z:FBG39641	DT:Z:2026-07-15T14:17:26.508000+00:00	tm:Z:adapter,primer
479116	71aad406-57d6-46a3-a9b7-04abe146bfef	qs:f:19.1611	ch:i:212	st:Z:2026-07-16T00:42:55.611000+00:00	RG:Z:a40d6b40-d3ad-4fe7-8245-9c92f794f831_dna_r10.4.1_e8.2_400bps_sup@v5.2.0	DS:Z:gpu:NVIDIA GeForce RTX 4070 SUPER	PU:Z:FBG39641	DT:Z:2026-07-15T14:17:26.508000+00:00	tm:Z:none
479116	d4e0c7b3-126f-4aca-a621-be8d3c0b5003	qs:f:19.8734	ch:i:401	st:Z:2026-07-16T01:12:47.668000+00:00	RG:Z:a40d6b40-d3ad-4fe7-8245-9c92f794f831_dna_r10.4.1_e8.2_400bps_sup@v5.2.0	DS:Z:gpu:NVIDIA GeForce RTX 4070 SUPER	PU:Z:FBG39641	DT:Z:2026-07-15T14:17:26.508000+00:00	tm:Z:adapter,primer
479116	58d01fee-a07f-48f1-970d-247fbb572f32	qs:f:22.2274	ch:i:364	st:Z:2026-07-15T22:38:00.582000+00:00	RG:Z:a40d6b40-d3ad-4fe7-8245-9c92f794f831_dna_r10.4.1_e8.2_400bps_sup@v5.2.0	DS:Z:gpu:NVIDIA GeForce RTX 4070 SUPER	PU:Z:FBG39641	DT:Z:2026-07-15T14:17:26.508000+00:00	tm:Z:adapter,primer rc
479116	76a1c6b7-65d0-4891-8983-1313def1881b	qs:f:12.1786	ch:i:196	st:Z:2026-07-15T20:21:42.567000+00:00	RG:Z:a40d6b40-d3ad-4fe7-8245-9c92f794f831_dna_r10.4.1_e8.2_400bps_sup@v5.2.0	DS:Z:gpu:NVIDIA GeForce RTX 4070 SUPER	PU:Z:FBG39641	DT:Z:2026-07-15T14:17:26.508000+00:00	tm:Z:none
479116	e607afc0-a1be-4197-b7ab-ec7105c7132b	qs:f:20.6444	ch:i:393	st:Z:2026-07-15T22:11:38.101000+00:00	RG:Z:a40d6b40-d3ad-4fe7-8245-9c92f794f831_dna_r10.4.1_e8.2_400bps_sup@v5.2.0	DS:Z:gpu:NVIDIA GeForce RTX 4070 SUPER	PU:Z:FBG39641	DT:Z:2026-07-15T14:17:26.508000+00:00	tm:Z:adapter,primer rc
479116	ce9acf6c-1649-4342-9fe7-90e5b63bd2ea	qs:f:17.3816	ch:i:409	st:Z:2026-07-16T01:41:12.295000+00:00	RG:Z:a40d6b40-d3ad-4fe7-8245-9c92f794f831_dna_r10.4.1_e8.2_400bps_sup@v5.2.0	DS:Z:gpu:NVIDIA GeForce RTX 4070 SUPER	PU:Z:FBG39641	DT:Z:2026-07-15T14:17:26.508000+00:00	tm:Z:none rc
479116	389b6fa0-2a62-412e-a965-22cce0373dc0	qs:f:11.296	ch:i:132	st:Z:2026-07-15T14:55:52.786000+00:00	RG:Z:a40d6b40-d3ad-4fe7-8245-9c92f794f831_dna_r10.4.1_e8.2_400bps_sup@v5.2.0	DS:Z:gpu:NVIDIA GeForce RTX 4070 SUPER	PU:Z:FBG39641	DT:Z:2026-07-15T14:17:26.508000+00:00	tm:Z:none rc
479116	fd2c6b5d-108c-427c-b9cc-e5d4153b9754	qs:f:15.7439	ch:i:263	st:Z:2026-07-15T14:55:22.850000+00:00	RG:Z:a40d6b40-d3ad-4fe7-8245-9c92f794f831_dna_r10.4.1_e8.2_400bps_sup@v5.2.0	DS:Z:gpu:NVIDIA GeForce RTX 4070 SUPER	PU:Z:FBG39641	DT:Z:2026-07-15T14:17:26.508000+00:00	tm:Z:adapter,primer
479116	9efd37d3-438a-4d64-acb6-96c3920c3790	qs:f:17.3129	ch:i:39	st:Z:2026-07-15T15:14:26.228000+00:00	RG:Z:a40d6b40-d3ad-4fe7-8245-9c92f794f831_dna_r10.4.1_e8.2_400bps_sup@v5.2.0	DS:Z:gpu:NVIDIA GeForce RTX 4070 SUPER	PU:Z:FBG39641	DT:Z:2026-07-15T14:17:26.508000+00:00	tm:Z:adapter,primer
479116	4bb6a9f7-7528-4b7f-aa1f-00a441f4453b	qs:f:14.876	ch:i:126	st:Z:2026-07-15T22:07:37.302000+00:00	RG:Z:a40d6b40-d3ad-4fe7-8245-9c92f794f831_dna_r10.4.1_e8.2_400bps_sup@v5.2.0	DS:Z:gpu:NVIDIA GeForce RTX 4070 SUPER	PU:Z:FBG39641	DT:Z:2026-07-15T14:17:26.508000+00:00	tm:Z:adapter,primer
479116	55538a67-39b3-4fc8-8ac9-0a7311ff7382	qs:f:13.37	ch:i:339	st:Z:2026-07-15T16:13:26.996000+00:00	RG:Z:a40d6b40-d3ad-4fe7-8245-9c92f794f831_dna_r10.4.1_e8.2_400bps_sup@v5.2.0	DS:Z:gpu:NVIDIA GeForce RTX 4070 SUPER	PU:Z:FBG39641	DT:Z:2026-07-15T14:17:26.508000+00:00	tm:Z:adapter,primer rc
479116	62cf3d00-f9de-4a66-bc7e-33debce48361	qs:f:15.6268	ch:i:53	st:Z:2026-07-15T18:00:11.621000+00:00	RG:Z:a40d6b40-d3ad-4fe7-8245-9c92f794f831_dna_r10.4.1_e8.2_400bps_sup@v5.2.0	DS:Z:gpu:NVIDIA GeForce RTX 4070 SUPER	PU:Z:FBG39641	DT:Z:2026-07-15T14:17:26.508000+00:00	tm:Z:none
479116	b5b5d937-8516-4003-9622-f746447c5c60	qs:f:14.4181	ch:i:469	st:Z:2026-07-15T23:37:56.054000+00:00	RG:Z:a40d6b40-d3ad-4fe7-8245-9c92f794f831_dna_r10.4.1_e8.2_400bps_sup@v5.2.0	DS:Z:gpu:NVIDIA GeForce RTX 4070 SUPER	PU:Z:FBG39641	DT:Z:2026-07-15T14:17:26.508000+00:00	tm:Z:adapter,primer
479116	eaad3eec-1557-40c5-80fa-77f6e1c2f887	qs:f:12.8956	ch:i:453	st:Z:2026-07-15T19:16:34.904000+00:00	RG:Z:a40d6b40-d3ad-4fe7-8245-9c92f794f831_dna_r10.4.1_e8.2_400bps_sup@v5.2.0	DS:Z:gpu:NVIDIA GeForce RTX 4070 SUPER	PU:Z:FBG39641	DT:Z:2026-07-15T14:17:26.508000+00:00	tm:Z:none rc
479116	b51c4b7a-85c7-458d-b21f-3c839c4b0595	qs:f:14.2353	ch:i:237	st:Z:2026-07-15T16:04:06.590000+00:00	RG:Z:a40d6b40-d3ad-4fe7-8245-9c92f794f831_dna_r10.4.1_e8.2_400bps_sup@v5.2.0	DS:Z:gpu:NVIDIA GeForce RTX 4070 SUPER	PU:Z:FBG39641	DT:Z:2026-07-15T14:17:26.508000+00:00	tm:Z:none rc
479116	cdc526d6-1ff4-4751-a2e6-478d9a86b08e	qs:f:11.058	ch:i:129	st:Z:2026-07-16T01:14:51.156000+00:00	RG:Z:a40d6b40-d3ad-4fe7-8245-9c92f794f831_dna_r10.4.1_e8.2_400bps_sup@v5.2.0	DS:Z:gpu:NVIDIA GeForce RTX 4070 SUPER	PU:Z:FBG39641	DT:Z:2026-07-15T14:17:26.508000+00:00	tm:Z:adapter,primer rc
479116	efd4c6f2-2025-43fe-bbbe-09f882318fee	qs:f:15.7858	ch:i:19	st:Z:2026-07-15T17:11:21.497000+00:00	RG:Z:a40d6b40-d3ad-4fe7-8245-9c92f794f831_dna_r10.4.1_e8.2_400bps_sup@v5.2.0	DS:Z:gpu:NVIDIA GeForce RTX 4070 SUPER	PU:Z:FBG39641	DT:Z:2026-07-15T14:17:26.508000+00:00	tm:Z:adapter,primer
479116	9b76014e-8acf-4315-9ffe-ecf9a21477d8	qs:f:13.3325	ch:i:332	st:Z:2026-07-15T14:34:36.813000+00:00	RG:Z:a40d6b40-d3ad-4fe7-8245-9c92f794f831_dna_r10.4.1_e8.2_400bps_sup@v5.2.0	DS:Z:gpu:NVIDIA GeForce RTX 4070 SUPER	PU:Z:FBG39641	DT:Z:2026-07-15T14:17:26.508000+00:00	tm:Z:none rc
479116	3c9d4da1-1826-4e77-ae59-e258512bd82f	qs:f:17.4006	ch:i:371	st:Z:2026-07-15T17:06:45.414000+00:00	RG:Z:a40d6b40-d3ad-4fe7-8245-9c92f794f831_dna_r10.4.1_e8.2_400bps_sup@v5.2.0	DS:Z:gpu:NVIDIA GeForce RTX 4070 SUPER	PU:Z:FBG39641	DT:Z:2026-07-15T14:17:26.508000+00:00	tm:Z:adapter,primer rc
479116	5f75f31e-5615-4ee7-b4b7-c61a40dddac6	qs:f:14.2228	ch:i:495	st:Z:2026-07-15T19:08:02.524000+00:00	RG:Z:a40d6b40-d3ad-4fe7-8245-9c92f794f831_dna_r10.4.1_e8.2_400bps_sup@v5.2.0	DS:Z:gpu:NVIDIA GeForce RTX 4070 SUPER	PU:Z:FBG39641	DT:Z:2026-07-15T14:17:26.508000+00:00	tm:Z:adapter,primer rc
479116	f46b456d-34a1-41fe-8925-18cadb004c0a	qs:f:14.4579	ch:i:217	st:Z:2026-07-16T00:56:02.412000+00:00	RG:Z:a40d6b40-d3ad-4fe7-8245-9c92f794f831_dna_r10.4.1_e8.2_400bps_sup@v5.2.0	DS:Z:gpu:NVIDIA GeForce RTX 4070 SUPER	PU:Z:FBG39641	DT:Z:2026-07-15T14:17:26.508000+00:00	tm:Z:adapter,primer rc
479116	dabfdd06-586b-41bc-8fbf-dd93eef7133f	qs:f:16.971	ch:i:236	st:Z:2026-07-16T00:08:15.791000+00:00	RG:Z:a40d6b40-d3ad-4fe7-8245-9c92f794f831_dna_r10.4.1_e8.2_400bps_sup@v5.2.0	DS:Z:gpu:NVIDIA GeForce RTX 4070 SUPER	PU:Z:FBG39641	DT:Z:2026-07-15T14:17:26.508000+00:00	tm:Z:adapter,primer rc
479116	f55a33ed-d5c6-4aea-9435-7a996a79f053	qs:f:19.0721	ch:i:366	st:Z:2026-07-15T15:08:48.440000+00:00	RG:Z:a40d6b40-d3ad-4fe7-8245-9c92f794f831_dna_r10.4.1_e8.2_400bps_sup@v5.2.0	DS:Z:gpu:NVIDIA GeForce RTX 4070 SUPER	PU:Z:FBG39641	DT:Z:2026-07-15T14:17:26.508000+00:00	tm:Z:adapter,primer rc
479116	814cd30a-7f02-4ba3-9880-cc6a4f638231	qs:f:15.95	ch:i:314	st:Z:2026-07-15T23:35:38.378000+00:00	RG:Z:a40d6b40-d3ad-4fe7-8245-9c92f794f831_dna_r10.4.1_e8.2_400bps_sup@v5.2.0	DS:Z:gpu:NVIDIA GeForce RTX 4070 SUPER	PU:Z:FBG39641	DT:Z:2026-07-15T14:17:26.508000+00:00	tm:Z:adapter,primer rc
479116	a5e288dc-3829-46dc-bb5d-d57888475d16	qs:f:17.4093	ch:i:421	st:Z:2026-07-15T18:52:52.301000+00:00	RG:Z:a40d6b40-d3ad-4fe7-8245-9c92f794f831_dna_r10.4.1_e8.2_400bps_sup@v5.2.0	DS:Z:gpu:NVIDIA GeForce RTX 4070 SUPER	PU:Z:FBG39641	DT:Z:2026-07-15T14:17:26.508000+00:00	tm:Z:adapter,primer
479116	248a56b4-c834-431b-aa1a-cb0e4b2c3983	qs:f:15.8337	ch:i:507	st:Z:2026-07-15T20:03:39.699000+00:00	RG:Z:a40d6b40-d3ad-4fe7-8245-9c92f794f831_dna_r10.4.1_e8.2_400bps_sup@v5.2.0	DS:Z:gpu:NVIDIA GeForce RTX 4070 SUPER	PU:Z:FBG39641	DT:Z:2026-07-15T14:17:26.508000+00:00	tm:Z:adapter,primer rc
479116	7c32bda5-c71e-4407-bf93-2dc9c2ef94df	qs:f:18.4792	ch:i:68	st:Z:2026-07-15T17:39:32.782000+00:00	RG:Z:a40d6b40-d3ad-4fe7-8245-9c92f794f831_dna_r10.4.1_e8.2_400bps_sup@v5.2.0	DS:Z:gpu:NVIDIA GeForce RTX 4070 SUPER	PU:Z:FBG39641	DT:Z:2026-07-15T14:17:26.508000+00:00	tm:Z:adapter,primer
479116	99549e64-f5f0-475b-8ff3-78616a614549	qs:f:17.9644	ch:i:293	st:Z:2026-07-15T17:51:17.832000+00:00	RG:Z:a40d6b40-d3ad-4fe7-8245-9c92f794f831_dna_r10.4.1_e8.2_400bps_sup@v5.2.0	DS:Z:gpu:NVIDIA GeForce RTX 4070 SUPER	PU:Z:FBG39641	DT:Z:2026-07-15T14:17:26.508000+00:00	tm:Z:adapter,primer rc
479116	ff211214-6165-4331-bf15-ec309818276e	qs:f:16.8014	ch:i:20	st:Z:2026-07-15T19:00:40.545000+00:00	RG:Z:a40d6b40-d3ad-4fe7-8245-9c92f794f831_dna_r10.4.1_e8.2_400bps_sup@v5.2.0	DS:Z:gpu:NVIDIA GeForce RTX 4070 SUPER	PU:Z:FBG39641	DT:Z:2026-07-15T14:17:26.508000+00:00	tm:Z:none rc
479116	9a212b65-8560-4e6b-b319-391992cb4013	qs:f:14.7047	ch:i:504	st:Z:2026-07-15T15:08:25.407000+00:00	RG:Z:a40d6b40-d3ad-4fe7-8245-9c92f794f831_dna_r10.4.1_e8.2_400bps_sup@v5.2.0	DS:Z:gpu:NVIDIA GeForce RTX 4070 SUPER	PU:Z:FBG39641	DT:Z:2026-07-15T14:17:26.508000+00:00	tm:Z:adapter,primer rc
479116	f1936a97-f645-4d72-866a-2c230d8ef578	qs:f:17.9809	ch:i:378	st:Z:2026-07-15T19:21:42.558000+00:00	RG:Z:a40d6b40-d3ad-4fe7-8245-9c92f794f831_dna_r10.4.1_e8.2_400bps_sup@v5.2.0	DS:Z:gpu:NVIDIA GeForce RTX 4070 SUPER	PU:Z:FBG39641	DT:Z:2026-07-15T14:17:26.508000+00:00	tm:Z:adapter,primer
479116	f08ef9a8-a972-42fc-92f7-a00524f39dd8	qs:f:18.4862	ch:i:400	st:Z:2026-07-15T15:54:37.916000+00:00	RG:Z:a40d6b40-d3ad-4fe7-8245-9c92f794f831_dna_r10.4.1_e8.2_400bps_sup@v5.2.0	DS:Z:gpu:NVIDIA GeForce RTX 4070 SUPER	PU:Z:FBG39641	DT:Z:2026-07-15T14:17:26.508000+00:00	tm:Z:adapter,primer
479116	6fec3b08-779d-4318-b246-bbe699e4e1c7	qs:f:15.5294	ch:i:75	st:Z:2026-07-15T14:49:08.361000+00:00	RG:Z:a40d6b40-d3ad-4fe7-8245-9c92f794f831_dna_r10.4.1_e8.2_400bps_sup@v5.2.0	DS:Z:gpu:NVIDIA GeForce RTX 4070 SUPER	PU:Z:FBG39641	DT:Z:2026-07-15T14:17:26.508000+00:00	tm:Z:none
479116	ad28c330-0dcb-412c-9735-36f67db44cc5	qs:f:15.5067	ch:i:343	st:Z:2026-07-15T15:51:33.177000+00:00	RG:Z:a40d6b40-d3ad-4fe7-8245-9c92f794f831_dna_r10.4.1_e8.2_400bps_sup@v5.2.0	DS:Z:gpu:NVIDIA GeForce RTX 4070 SUPER	PU:Z:FBG39641	DT:Z:2026-07-15T14:17:26.508000+00:00	tm:Z:adapter,primer
479116	e2e0fb7b-aa4b-4909-84b5-842e1660d8ef	qs:f:15.4196	ch:i:167	st:Z:2026-07-15T18:56:41.395000+00:00	RG:Z:a40d6b40-d3ad-4fe7-8245-9c92f794f831_dna_r10.4.1_e8.2_400bps_sup@v5.2.0	DS:Z:gpu:NVIDIA GeForce RTX 4070 SUPER	PU:Z:FBG39641	DT:Z:2026-07-15T14:17:26.508000+00:00	tm:Z:adapter,primer
479116	1ff18a84-0f85-41ba-a7d0-6ebbc2bcc359	qs:f:18.7428	ch:i:263	st:Z:2026-07-16T00:34:46.903000+00:00	RG:Z:a40d6b40-d3ad-4fe7-8245-9c92f794f831_dna_r10.4.1_e8.2_400bps_sup@v5.2.0	DS:Z:gpu:NVIDIA GeForce RTX 4070 SUPER	PU:Z:FBG39641	DT:Z:2026-07-15T14:17:26.508000+00:00	tm:Z:adapter,primer
479116	ab12580d-6388-4e62-8182-89dd1cc1617d	qs:f:13.8283	ch:i:473	st:Z:2026-07-16T01:05:44.265000+00:00	RG:Z:a40d6b40-d3ad-4fe7-8245-9c92f794f831_dna_r10.4.1_e8.2_400bps_sup@v5.2.0	DS:Z:gpu:NVIDIA GeForce RTX 4070 SUPER	PU:Z:FBG39641	DT:Z:2026-07-15T14:17:26.508000+00:00	tm:Z:adapter,primer
479116	10d6c4e4-f286-41ac-803c-52214a5f5000	qs:f:11.4915	ch:i:85	st:Z:2026-07-15T19:50:33.503000+00:00	RG:Z:a40d6b40-d3ad-4fe7-8245-9c92f794f831_dna_r10.4.1_e8.2_400bps_sup@v5.2.0	DS:Z:gpu:NVIDIA GeForce RTX 4070 SUPER	PU:Z:FBG39641	DT:Z:2026-07-15T14:17:26.508000+00:00	tm:Z:adapter,primer rc
479116	996469e8-5966-45ae-b66e-cdfcf1e566e0	qs:f:15.8177	ch:i:252	st:Z:2026-07-15T18:11:05.996000+00:00	RG:Z:a40d6b40-d3ad-4fe7-8245-9c92f794f831_dna_r10.4.1_e8.2_400bps_sup@v5.2.0	DS:Z:gpu:NVIDIA GeForce RTX 4070 SUPER	PU:Z:FBG39641	DT:Z:2026-07-15T14:17:26.508000+00:00	tm:Z:adapter,primer rc
479116	eacc49b3-8959-42b2-93d9-2ed989fc4467	qs:f:18.3037	ch:i:402	st:Z:2026-07-15T20:59:07.386000+00:00	RG:Z:a40d6b40-d3ad-4fe7-8245-9c92f794f831_dna_r10.4.1_e8.2_400bps_sup@v5.2.0	DS:Z:gpu:NVIDIA GeForce RTX 4070 SUPER	PU:Z:FBG39641	DT:Z:2026-07-15T14:17:26.508000+00:00	tm:Z:adapter,primer
479116	e52f10de-ef50-45c6-93eb-68721156dc18	qs:f:16.3445	ch:i:19	st:Z:2026-07-15T14:31:11.197000+00:00	RG:Z:a40d6b40-d3ad-4fe7-8245-9c92f794f831_dna_r10.4.1_e8.2_400bps_sup@v5.2.0	DS:Z:gpu:NVIDIA GeForce RTX 4070 SUPER	PU:Z:FBG39641	DT:Z:2026-07-15T14:17:26.508000+00:00	tm:Z:adapter,primer rc
479116	c97b1270-6812-49f1-8592-ecf28767cf1c	qs:f:14.1061	ch:i:451	st:Z:2026-07-15T16:05:21.372000+00:00	RG:Z:a40d6b40-d3ad-4fe7-8245-9c92f794f831_dna_r10.4.1_e8.2_400bps_sup@v5.2.0	DS:Z:gpu:NVIDIA GeForce RTX 4070 SUPER	PU:Z:FBG39641	DT:Z:2026-07-15T14:17:26.508000+00:00	tm:Z:adapter,primer rc
479116	b61a399b-37b3-494e-bd17-a66565e65a7b	qs:f:15.008	ch:i:117	st:Z:2026-07-16T00:47:10.495000+00:00	RG:Z:a40d6b40-d3ad-4fe7-8245-9c92f794f831_dna_r10.4.1_e8.2_400bps_sup@v5.2.0	DS:Z:gpu:NVIDIA GeForce RTX 4070 SUPER	PU:Z:FBG39641	DT:Z:2026-07-15T14:17:26.508000+00:00	tm:Z:adapter,primer
479116	8a90109d-4550-4c50-a42e-d56aefad4959	qs:f:9.83072	ch:i:339	st:Z:2026-07-15T23:30:17.709000+00:00	RG:Z:a40d6b40-d3ad-4fe7-8245-9c92f794f831_dna_r10.4.1_e8.2_400bps_sup@v5.2.0	DS:Z:gpu:NVIDIA GeForce RTX 4070 SUPER	PU:Z:FBG39641	DT:Z:2026-07-15T14:17:26.508000+00:00	tm:Z:none
479116	c7eba2b3-9b38-4534-854e-4157cf6dbca2	qs:f:16.6874	ch:i:74	st:Z:2026-07-15T17:30:20.071000+00:00	RG:Z:a40d6b40-d3ad-4fe7-8245-9c92f794f831_dna_r10.4.1_e8.2_400bps_sup@v5.2.0	DS:Z:gpu:NVIDIA GeForce RTX 4070 SUPER	PU:Z:FBG39641	DT:Z:2026-07-15T14:17:26.508000+00:00	tm:Z:adapter,primer rc
479116	67488145-b2f8-4695-a381-ba2a790fd151	qs:f:12.4787	ch:i:331	st:Z:2026-07-15T21:52:30.854000+00:00	RG:Z:a40d6b40-d3ad-4fe7-8245-9c92f794f831_dna_r10.4.1_e8.2_400bps_sup@v5.2.0	DS:Z:gpu:NVIDIA GeForce RTX 4070 SUPER	PU:Z:FBG39641	DT:Z:2026-07-15T14:17:26.508000+00:00	tm:Z:adapter,primer
479116	2d030442-b1fe-4232-9909-66a2112feab1	qs:f:15.8183	ch:i:197	st:Z:2026-07-15T20:32:47.361000+00:00	RG:Z:a40d6b40-d3ad-4fe7-8245-9c92f794f831_dna_r10.4.1_e8.2_400bps_sup@v5.2.0	DS:Z:gpu:NVIDIA GeForce RTX 4070 SUPER	PU:Z:FBG39641	DT:Z:2026-07-15T14:17:26.508000+00:00	tm:Z:adapter,primer rc
479116	25c71079-23c3-4b39-acdc-acdd566cb216	qs:f:14.5529	ch:i:299	st:Z:2026-07-16T00:12:45.333000+00:00	RG:Z:a40d6b40-d3ad-4fe7-8245-9c92f794f831_dna_r10.4.1_e8.2_400bps_sup@v5.2.0	DS:Z:gpu:NVIDIA GeForce RTX 4070 SUPER	PU:Z:FBG39641	DT:Z:2026-07-15T14:17:26.508000+00:00	tm:Z:none rc
479116	4c06ccfd-dbdd-43a0-b9e5-8f5b95aa47d1	qs:f:16.4211	ch:i:203	st:Z:2026-07-16T00:46:15.209000+00:00	RG:Z:a40d6b40-d3ad-4fe7-8245-9c92f794f831_dna_r10.4.1_e8.2_400bps_sup@v5.2.0	DS:Z:gpu:NVIDIA GeForce RTX 4070 SUPER	PU:Z:FBG39641	DT:Z:2026-07-15T14:17:26.508000+00:00	tm:Z:adapter,primer rc
479116	dfbfebe5-6fab-472d-b237-33eb7740d756	qs:f:13.4054	ch:i:7	st:Z:2026-07-16T01:18:10.369000+00:00	RG:Z:a40d6b40-d3ad-4fe7-8245-9c92f794f831_dna_r10.4.1_e8.2_400bps_sup@v5.2.0	DS:Z:gpu:NVIDIA GeForce RTX 4070 SUPER	PU:Z:FBG39641	DT:Z:2026-07-15T14:17:26.508000+00:00	tm:Z:none
479116	9941271e-90e7-47b1-bff2-8bffbea91afc	qs:f:12.7033	ch:i:306	st:Z:2026-07-16T00:33:54.348000+00:00	RG:Z:a40d6b40-d3ad-4fe7-8245-9c92f794f831_dna_r10.4.1_e8.2_400bps_sup@v5.2.0	DS:Z:gpu:NVIDIA GeForce RTX 4070 SUPER	PU:Z:FBG39641	DT:Z:2026-07-15T14:17:26.508000+00:00	tm:Z:adapter,primer rc
479116	7e7dda7d-08c0-4142-8f7f-41368ee3e502	qs:f:12.2784	ch:i:21	st:Z:2026-07-15T20:07:16.826000+00:00	RG:Z:a40d6b40-d3ad-4fe7-8245-9c92f794f831_dna_r10.4.1_e8.2_400bps_sup@v5.2.0	DS:Z:gpu:NVIDIA GeForce RTX 4070 SUPER	PU:Z:FBG39641	DT:Z:2026-07-15T14:17:26.508000+00:00	tm:Z:none
479116	37c0ee1b-1634-42b5-a86f-3aed47f1bee3	qs:f:16.6916	ch:i:399	st:Z:2026-07-15T22:38:51.949000+00:00	RG:Z:a40d6b40-d3ad-4fe7-8245-9c92f794f831_dna_r10.4.1_e8.2_400bps_sup@v5.2.0	DS:Z:gpu:NVIDIA GeForce RTX 4070 SUPER	PU:Z:FBG39641	DT:Z:2026-07-15T14:17:26.508000+00:00	tm:Z:adapter,primer rc
479116	2fae5ce5-daea-4245-b4da-18ea946575d1	qs:f:13.2216	ch:i:17	st:Z:2026-07-16T00:16:12.258000+00:00	RG:Z:a40d6b40-d3ad-4fe7-8245-9c92f794f831_dna_r10.4.1_e8.2_400bps_sup@v5.2.0	DS:Z:gpu:NVIDIA GeForce RTX 4070 SUPER	PU:Z:FBG39641	DT:Z:2026-07-15T14:17:26.508000+00:00	tm:Z:none
479116	75d5af61-635d-48b5-86b0-4bd03c3a63be	qs:f:12.4238	ch:i:87	st:Z:2026-07-15T16:33:22.309000+00:00	RG:Z:a40d6b40-d3ad-4fe7-8245-9c92f794f831_dna_r10.4.1_e8.2_400bps_sup@v5.2.0	DS:Z:gpu:NVIDIA GeForce RTX 4070 SUPER	PU:Z:FBG39641	DT:Z:2026-07-15T14:17:26.508000+00:00	tm:Z:adapter,primer
479116	6316e033-f1b9-4b97-970a-13d2cfa132c0	qs:f:12.5192	ch:i:223	st:Z:2026-07-15T16:17:06.316000+00:00	RG:Z:a40d6b40-d3ad-4fe7-8245-9c92f794f831_dna_r10.4.1_e8.2_400bps_sup@v5.2.0	DS:Z:gpu:NVIDIA GeForce RTX 4070 SUPER	PU:Z:FBG39641	DT:Z:2026-07-15T14:17:26.508000+00:00	tm:Z:adapter,primer
479116	c4fb5fe6-40df-48ce-bf81-01f7a4c9b2fd	qs:f:15.6581	ch:i:318	st:Z:2026-07-15T14:33:30.554000+00:00	RG:Z:a40d6b40-d3ad-4fe7-8245-9c92f794f831_dna_r10.4.1_e8.2_400bps_sup@v5.2.0	DS:Z:gpu:NVIDIA GeForce RTX 4070 SUPER	PU:Z:FBG39641	DT:Z:2026-07-15T14:17:26.508000+00:00	tm:Z:none
479116	3204c64f-302d-4da8-947d-fbc5580b9357	qs:f:15.9621	ch:i:434	st:Z:2026-07-15T16:28:12.571000+00:00	RG:Z:a40d6b40-d3ad-4fe7-8245-9c92f794f831_dna_r10.4.1_e8.2_400bps_sup@v5.2.0	DS:Z:gpu:NVIDIA GeForce RTX 4070 SUPER	PU:Z:FBG39641	DT:Z:2026-07-15T14:17:26.508000+00:00	tm:Z:adapter,primer rc
479116	359563e5-ed07-4486-b656-496920a7831c	qs:f:16.1015	ch:i:393	st:Z:2026-07-16T01:09:49.179000+00:00	RG:Z:a40d6b40-d3ad-4fe7-8245-9c92f794f831_dna_r10.4.1_e8.2_400bps_sup@v5.2.0	DS:Z:gpu:NVIDIA GeForce RTX 4070 SUPER	PU:Z:FBG39641	DT:Z:2026-07-15T14:17:26.508000+00:00	tm:Z:adapter,primer rc
479116	be8f6c77-3ab1-4883-b01a-71b1f42551fe	qs:f:14.2822	ch:i:341	st:Z:2026-07-15T18:37:28.748000+00:00	RG:Z:a40d6b40-d3ad-4fe7-8245-9c92f794f831_dna_r10.4.1_e8.2_400bps_sup@v5.2.0	DS:Z:gpu:NVIDIA GeForce RTX 4070 SUPER	PU:Z:FBG39641	DT:Z:2026-07-15T14:17:26.508000+00:00	tm:Z:adapter,primer rc
479116	e7b17dcd-df10-4cfd-b53e-d02e41ed7046	qs:f:15.7388	ch:i:184	st:Z:2026-07-15T23:40:00.072000+00:00	RG:Z:a40d6b40-d3ad-4fe7-8245-9c92f794f831_dna_r10.4.1_e8.2_400bps_sup@v5.2.0	DS:Z:gpu:NVIDIA GeForce RTX 4070 SUPER	PU:Z:FBG39641	DT:Z:2026-07-15T14:17:26.508000+00:00	tm:Z:none
479116	d066dca4-f9ed-4d57-ae78-731ac188bb5d	qs:f:14.0906	ch:i:149	st:Z:2026-07-15T17:26:03.846000+00:00	RG:Z:a40d6b40-d3ad-4fe7-8245-9c92f794f831_dna_r10.4.1_e8.2_400bps_sup@v5.2.0	DS:Z:gpu:NVIDIA GeForce RTX 4070 SUPER	PU:Z:FBG39641	DT:Z:2026-07-15T14:17:26.508000+00:00	tm:Z:none rc
479116	a057badd-8b13-401b-8f52-a1c8126f8987	qs:f:15.686	ch:i:392	st:Z:2026-07-15T19:45:35.881000+00:00	RG:Z:a40d6b40-d3ad-4fe7-8245-9c92f794f831_dna_r10.4.1_e8.2_400bps_sup@v5.2.0	DS:Z:gpu:NVIDIA GeForce RTX 4070 SUPER	PU:Z:FBG39641	DT:Z:2026-07-15T14:17:26.508000+00:00	tm:Z:adapter,primer rc
479116	54fec447-3ae5-4de4-a604-1ab9c0f8fa3b	qs:f:15.2485	ch:i:20	st:Z:2026-07-15T18:40:45.000000+00:00	RG:Z:a40d6b40-d3ad-4fe7-8245-9c92f794f831_dna_r10.4.1_e8.2_400bps_sup@v5.2.0	DS:Z:gpu:NVIDIA GeForce RTX 4070 SUPER	PU:Z:FBG39641	DT:Z:2026-07-15T14:17:26.508000+00:00	tm:Z:adapter,primer
479116	42c41741-175e-4c51-8b7f-2cd89354c5f2	qs:f:16.055	ch:i:216	st:Z:2026-07-15T14:55:20.115000+00:00	RG:Z:a40d6b40-d3ad-4fe7-8245-9c92f794f831_dna_r10.4.1_e8.2_400bps_sup@v5.2.0	DS:Z:gpu:NVIDIA GeForce RTX 4070 SUPER	PU:Z:FBG39641	DT:Z:2026-07-15T14:17:26.508000+00:00	tm:Z:adapter,primer
479116	513cddff-bfaf-4b4a-95c8-b17579f249b2	qs:f:15.6332	ch:i:96	st:Z:2026-07-15T17:28:03.082000+00:00	RG:Z:a40d6b40-d3ad-4fe7-8245-9c92f794f831_dna_r10.4.1_e8.2_400bps_sup@v5.2.0	DS:Z:gpu:NVIDIA GeForce RTX 4070 SUPER	PU:Z:FBG39641	DT:Z:2026-07-15T14:17:26.508000+00:00	tm:Z:adapter,primer
479116	822a1a93-bc1e-41cd-ac3f-71028dfd18ad	qs:f:16.194	ch:i:3	st:Z:2026-07-15T18:43:09.770000+00:00	RG:Z:a40d6b40-d3ad-4fe7-8245-9c92f794f831_dna_r10.4.1_e8.2_400bps_sup@v5.2.0	DS:Z:gpu:NVIDIA GeForce RTX 4070 SUPER	PU:Z:FBG39641	DT:Z:2026-07-15T14:17:26.508000+00:00	tm:Z:adapter,primer rc
479116	2a4faff7-6f16-46f6-87a5-c482709ec27e	qs:f:14.6882	ch:i:317	st:Z:2026-07-15T22:40:13.554000+00:00	RG:Z:a40d6b40-d3ad-4fe7-8245-9c92f794f831_dna_r10.4.1_e8.2_400bps_sup@v5.2.0	DS:Z:gpu:NVIDIA GeForce RTX 4070 SUPER	PU:Z:FBG39641	DT:Z:2026-07-15T14:17:26.508000+00:00	tm:Z:adapter,primer rc
479116	d100a6eb-0a50-40c9-b1f1-1e0385a8e8de	qs:f:11.5775	ch:i:263	st:Z:2026-07-15T21:35:03.828000+00:00	RG:Z:a40d6b40-d3ad-4fe7-8245-9c92f794f831_dna_r10.4.1_e8.2_400bps_sup@v5.2.0	DS:Z:gpu:NVIDIA GeForce RTX 4070 SUPER	PU:Z:FBG39641	DT:Z:2026-07-15T14:17:26.508000+00:00	tm:Z:adapter,primer rc
479116	5eaa0914-e4f3-4191-80be-b90f64cf3fc3	qs:f:12.731	ch:i:382	st:Z:2026-07-15T21:40:02.074000+00:00	RG:Z:a40d6b40-d3ad-4fe7-8245-9c92f794f831_dna_r10.4.1_e8.2_400bps_sup@v5.2.0	DS:Z:gpu:NVIDIA GeForce RTX 4070 SUPER	PU:Z:FBG39641	DT:Z:2026-07-15T14:17:26.508000+00:00	tm:Z:adapter,primer
479116	0a7e4fec-794f-4706-9b7b-8b46cac2dfe7	qs:f:16.4613	ch:i:351	st:Z:2026-07-15T21:05:03.737000+00:00	RG:Z:a40d6b40-d3ad-4fe7-8245-9c92f794f831_dna_r10.4.1_e8.2_400bps_sup@v5.2.0	DS:Z:gpu:NVIDIA GeForce RTX 4070 SUPER	PU:Z:FBG39641	DT:Z:2026-07-15T14:17:26.508000+00:00	tm:Z:adapter,primer
479116	166c90cc-0957-46ab-860e-c307e052fcb4	qs:f:14.1878	ch:i:129	st:Z:2026-07-15T14:50:56.498000+00:00	RG:Z:a40d6b40-d3ad-4fe7-8245-9c92f794f831_dna_r10.4.1_e8.2_400bps_sup@v5.2.0	DS:Z:gpu:NVIDIA GeForce RTX 4070 SUPER	PU:Z:FBG39641	DT:Z:2026-07-15T14:17:26.508000+00:00	tm:Z:adapter,primer rc
479116	85b049d4-a7f3-470c-8d88-c3a504de8b15	qs:f:14.6976	ch:i:283	st:Z:2026-07-15T23:09:14.276000+00:00	RG:Z:a40d6b40-d3ad-4fe7-8245-9c92f794f831_dna_r10.4.1_e8.2_400bps_sup@v5.2.0	DS:Z:gpu:NVIDIA GeForce RTX 4070 SUPER	PU:Z:FBG39641	DT:Z:2026-07-15T14:17:26.508000+00:00	tm:Z:adapter,primer
479116	06dab800-d799-409d-87c0-05964feadb12	qs:f:16.6705	ch:i:59	st:Z:2026-07-15T15:26:22.899000+00:00	RG:Z:a40d6b40-d3ad-4fe7-8245-9c92f794f831_dna_r10.4.1_e8.2_400bps_sup@v5.2.0	DS:Z:gpu:NVIDIA GeForce RTX 4070 SUPER	PU:Z:FBG39641	DT:Z:2026-07-15T14:17:26.508000+00:00	tm:Z:adapter,primer rc
479116	c52198ea-5787-4f0b-ac78-cdddc32eaf5a	qs:f:11.9688	ch:i:300	st:Z:2026-07-15T19:39:31.934000+00:00	RG:Z:a40d6b40-d3ad-4fe7-8245-9c92f794f831_dna_r10.4.1_e8.2_400bps_sup@v5.2.0	DS:Z:gpu:NVIDIA GeForce RTX 4070 SUPER	PU:Z:FBG39641	DT:Z:2026-07-15T14:17:26.508000+00:00	tm:Z:none
479116	dee02c47-91b2-49b8-81b9-70ac352ac0f5	qs:f:16.4225	ch:i:82	st:Z:2026-07-15T16:30:31.100000+00:00	RG:Z:a40d6b40-d3ad-4fe7-8245-9c92f794f831_dna_r10.4.1_e8.2_400bps_sup@v5.2.0	DS:Z:gpu:NVIDIA GeForce RTX 4070 SUPER	PU:Z:FBG39641	DT:Z:2026-07-15T14:17:26.508000+00:00	tm:Z:adapter,primer
479116	69a879a7-0d64-4944-a1a2-f18f3ea7cfc6	qs:f:15.237	ch:i:405	st:Z:2026-07-15T22:18:05.438000+00:00	RG:Z:a40d6b40-d3ad-4fe7-8245-9c92f794f831_dna_r10.4.1_e8.2_400bps_sup@v5.2.0	DS:Z:gpu:NVIDIA GeForce RTX 4070 SUPER	PU:Z:FBG39641	DT:Z:2026-07-15T14:17:26.508000+00:00	tm:Z:adapter,primer rc
479116	e12c742f-3eee-42cf-ac9f-4f9deba361c6	qs:f:14.3776	ch:i:207	st:Z:2026-07-15T20:00:03.549000+00:00	RG:Z:a40d6b40-d3ad-4fe7-8245-9c92f794f831_dna_r10.4.1_e8.2_400bps_sup@v5.2.0	DS:Z:gpu:NVIDIA GeForce RTX 4070 SUPER	PU:Z:FBG39641	DT:Z:2026-07-15T14:17:26.508000+00:00	tm:Z:adapter,primer
479116	610691ab-553f-4c9d-8cfc-52dd9307f1b2	qs:f:13.7739	ch:i:172	st:Z:2026-07-15T21:05:27.954000+00:00	RG:Z:a40d6b40-d3ad-4fe7-8245-9c92f794f831_dna_r10.4.1_e8.2_400bps_sup@v5.2.0	DS:Z:gpu:NVIDIA GeForce RTX 4070 SUPER	PU:Z:FBG39641	DT:Z:2026-07-15T14:17:26.508000+00:00	tm:Z:adapter,primer
479116	302da84a-8bf1-4dc4-b13b-818b1a20755c	qs:f:14.1789	ch:i:179	st:Z:2026-07-16T00:43:45.329000+00:00	RG:Z:a40d6b40-d3ad-4fe7-8245-9c92f794f831_dna_r10.4.1_e8.2_400bps_sup@v5.2.0	DS:Z:gpu:NVIDIA GeForce RTX 4070 SUPER	PU:Z:FBG39641	DT:Z:2026-07-15T14:17:26.508000+00:00	tm:Z:none
479116	af4d0765-c2ef-465e-ac09-f072765e8d97	qs:f:15.8366	ch:i:48	st:Z:2026-07-16T02:08:34.652000+00:00	RG:Z:a40d6b40-d3ad-4fe7-8245-9c92f794f831_dna_r10.4.1_e8.2_400bps_sup@v5.2.0	DS:Z:gpu:NVIDIA GeForce RTX 4070 SUPER	PU:Z:FBG39641	DT:Z:2026-07-15T14:17:26.508000+00:00	tm:Z:adapter,primer
479116	8a61450a-1626-4f05-a89e-c6c2869d8e3b	qs:f:13.0231	ch:i:407	st:Z:2026-07-15T22:32:06.653000+00:00	RG:Z:a40d6b40-d3ad-4fe7-8245-9c92f794f831_dna_r10.4.1_e8.2_400bps_sup@v5.2.0	DS:Z:gpu:NVIDIA GeForce RTX 4070 SUPER	PU:Z:FBG39641	DT:Z:2026-07-15T14:17:26.508000+00:00	tm:Z:adapter,primer
479116	dd465eb0-2a64-4b9f-b94e-76666219e9b9	qs:f:14.6564	ch:i:421	st:Z:2026-07-15T23:32:10.169000+00:00	RG:Z:a40d6b40-d3ad-4fe7-8245-9c92f794f831_dna_r10.4.1_e8.2_400bps_sup@v5.2.0	DS:Z:gpu:NVIDIA GeForce RTX 4070 SUPER	PU:Z:FBG39641	DT:Z:2026-07-15T14:17:26.508000+00:00	tm:Z:none rc
479116	ccd0c0ec-d225-475d-a8f0-d5fde1e79366	qs:f:12.7886	ch:i:91	st:Z:2026-07-15T20:29:20.034000+00:00	RG:Z:a40d6b40-d3ad-4fe7-8245-9c92f794f831_dna_r10.4.1_e8.2_400bps_sup@v5.2.0	DS:Z:gpu:NVIDIA GeForce RTX 4070 SUPER	PU:Z:FBG39641	DT:Z:2026-07-15T14:17:26.508000+00:00	tm:Z:none rc
479116	ac6e49d8-22c3-42c9-84f9-d24515be352d	qs:f:15.5458	ch:i:362	st:Z:2026-07-15T14:27:01.352000+00:00	RG:Z:a40d6b40-d3ad-4fe7-8245-9c92f794f831_dna_r10.4.1_e8.2_400bps_sup@v5.2.0	DS:Z:gpu:NVIDIA GeForce RTX 4070 SUPER	PU:Z:FBG39641	DT:Z:2026-07-15T14:17:26.508000+00:00	tm:Z:none rc
479116	f9ba3247-a900-4197-b4bb-0f8b0b2781cd	qs:f:10.2027	ch:i:260	st:Z:2026-07-15T19:44:01.243000+00:00	RG:Z:a40d6b40-d3ad-4fe7-8245-9c92f794f831_dna_r10.4.1_e8.2_400bps_sup@v5.2.0	DS:Z:gpu:NVIDIA GeForce RTX 4070 SUPER	PU:Z:FBG39641	DT:Z:2026-07-15T14:17:26.508000+00:00	tm:Z:none
479116	4128d8c1-0bba-4451-8d17-5dfc9d419a30	qs:f:16.5331	ch:i:212	st:Z:2026-07-15T15:51:31.635000+00:00	RG:Z:a40d6b40-d3ad-4fe7-8245-9c92f794f831_dna_r10.4.1_e8.2_400bps_sup@v5.2.0	DS:Z:gpu:NVIDIA GeForce RTX 4070 SUPER	PU:Z:FBG39641	DT:Z:2026-07-15T14:17:26.508000+00:00	tm:Z:adapter,primer rc
479116	50f5a295-5799-4a2a-808a-727ef4d8c0df	qs:f:14.352	ch:i:493	st:Z:2026-07-15T15:09:10.254000+00:00	RG:Z:a40d6b40-d3ad-4fe7-8245-9c92f794f831_dna_r10.4.1_e8.2_400bps_sup@v5.2.0	DS:Z:gpu:NVIDIA GeForce RTX 4070 SUPER	PU:Z:FBG39641	DT:Z:2026-07-15T14:17:26.508000+00:00	tm:Z:adapter,primer
479116	84e13f09-4f8e-4321-ac0d-760e711ccf7d	qs:f:10.7086	ch:i:343	st:Z:2026-07-15T15:23:37.020000+00:00	RG:Z:a40d6b40-d3ad-4fe7-8245-9c92f794f831_dna_r10.4.1_e8.2_400bps_sup@v5.2.0	DS:Z:gpu:NVIDIA GeForce RTX 4070 SUPER	PU:Z:FBG39641	DT:Z:2026-07-15T14:17:26.508000+00:00	tm:Z:adapter,primer rc
479116	8dbc7edf-ca57-4710-bf7b-e68f6d49e693	qs:f:13.3906	ch:i:40	st:Z:2026-07-15T17:49:02.689000+00:00	RG:Z:a40d6b40-d3ad-4fe7-8245-9c92f794f831_dna_r10.4.1_e8.2_400bps_sup@v5.2.0	DS:Z:gpu:NVIDIA GeForce RTX 4070 SUPER	PU:Z:FBG39641	DT:Z:2026-07-15T14:17:26.508000+00:00	tm:Z:adapter,primer
479116	bf0cd8f5-0066-40d0-a7ea-b588bbe966e6	qs:f:15.8846	ch:i:468	st:Z:2026-07-15T15:52:36.781000+00:00	RG:Z:a40d6b40-d3ad-4fe7-8245-9c92f794f831_dna_r10.4.1_e8.2_400bps_sup@v5.2.0	DS:Z:gpu:NVIDIA GeForce RTX 4070 SUPER	PU:Z:FBG39641	DT:Z:2026-07-15T14:17:26.508000+00:00	tm:Z:adapter,primer rc
479116	5c65637a-716e-4fb7-9129-f2d8a4c0d43f	qs:f:14.6665	ch:i:129	st:Z:2026-07-15T16:33:26.320000+00:00	RG:Z:a40d6b40-d3ad-4fe7-8245-9c92f794f831_dna_r10.4.1_e8.2_400bps_sup@v5.2.0	DS:Z:gpu:NVIDIA GeForce RTX 4070 SUPER	PU:Z:FBG39641	DT:Z:2026-07-15T14:17:26.508000+00:00	tm:Z:adapter,primer rc
479116	065d336c-9a01-43c9-a6ef-008bd3f1b195	qs:f:11.1872	ch:i:21	st:Z:2026-07-15T22:08:41.340000+00:00	RG:Z:a40d6b40-d3ad-4fe7-8245-9c92f794f831_dna_r10.4.1_e8.2_400bps_sup@v5.2.0	DS:Z:gpu:NVIDIA GeForce RTX 4070 SUPER	PU:Z:FBG39641	DT:Z:2026-07-15T14:17:26.508000+00:00	tm:Z:none
479116	9eebd59d-d768-482b-b5d3-59a4c90c214d	qs:f:14.0637	ch:i:343	st:Z:2026-07-15T18:50:58.336000+00:00	RG:Z:a40d6b40-d3ad-4fe7-8245-9c92f794f831_dna_r10.4.1_e8.2_400bps_sup@v5.2.0	DS:Z:gpu:NVIDIA GeForce RTX 4070 SUPER	PU:Z:FBG39641	DT:Z:2026-07-15T14:17:26.508000+00:00	tm:Z:adapter,primer
479116	4f50b00b-bd6f-4966-8cce-1eb24017be45	qs:f:12.4623	ch:i:299	st:Z:2026-07-15T14:52:51.355000+00:00	RG:Z:a40d6b40-d3ad-4fe7-8245-9c92f794f831_dna_r10.4.1_e8.2_400bps_sup@v5.2.0	DS:Z:gpu:NVIDIA GeForce RTX 4070 SUPER	PU:Z:FBG39641	DT:Z:2026-07-15T14:17:26.508000+00:00	tm:Z:adapter,primer
479116	05204c97-586f-4bea-ae05-2c48825a2bcb	qs:f:13.5295	ch:i:116	st:Z:2026-07-15T23:48:12.801000+00:00	RG:Z:a40d6b40-d3ad-4fe7-8245-9c92f794f831_dna_r10.4.1_e8.2_400bps_sup@v5.2.0	DS:Z:gpu:NVIDIA GeForce RTX 4070 SUPER	PU:Z:FBG39641	DT:Z:2026-07-15T14:17:26.508000+00:00	tm:Z:adapter,primer rc
479116	8cea71ea-0eaf-48b7-95be-e966464e7802	qs:f:14.7377	ch:i:401	st:Z:2026-07-16T01:04:12.370000+00:00	RG:Z:a40d6b40-d3ad-4fe7-8245-9c92f794f831_dna_r10.4.1_e8.2_400bps_sup@v5.2.0	DS:Z:gpu:NVIDIA GeForce RTX 4070 SUPER	PU:Z:FBG39641	DT:Z:2026-07-15T14:17:26.508000+00:00	tm:Z:adapter,primer rc
479116	2ee62519-38ae-44b6-90fa-a2210a016234	qs:f:17.4422	ch:i:130	st:Z:2026-07-15T19:32:39.828000+00:00	RG:Z:a40d6b40-d3ad-4fe7-8245-9c92f794f831_dna_r10.4.1_e8.2_400bps_sup@v5.2.0	DS:Z:gpu:NVIDIA GeForce RTX 4070 SUPER	PU:Z:FBG39641	DT:Z:2026-07-15T14:17:26.508000+00:00	tm:Z:adapter,primer rc
479116	4585eb20-101d-4a7e-86ab-6d937797571d	qs:f:11.6083	ch:i:328	st:Z:2026-07-15T18:28:50.204000+00:00	RG:Z:a40d6b40-d3ad-4fe7-8245-9c92f794f831_dna_r10.4.1_e8.2_400bps_sup@v5.2.0	DS:Z:gpu:NVIDIA GeForce RTX 4070 SUPER	PU:Z:FBG39641	DT:Z:2026-07-15T14:17:26.508000+00:00	tm:Z:adapter,primer
479116	341cb1a3-9492-4c56-be9c-22453ea51daa	qs:f:13.8337	ch:i:18	st:Z:2026-07-15T22:34:26.407000+00:00	RG:Z:a40d6b40-d3ad-4fe7-8245-9c92f794f831_dna_r10.4.1_e8.2_400bps_sup@v5.2.0	DS:Z:gpu:NVIDIA GeForce RTX 4070 SUPER	PU:Z:FBG39641	DT:Z:2026-07-15T14:17:26.508000+00:00	tm:Z:adapter,primer rc
479116	e2dcf4d2-1f18-415d-9733-ce7edc6b23a8	qs:f:13.6922	ch:i:59	st:Z:2026-07-15T19:38:39.691000+00:00	RG:Z:a40d6b40-d3ad-4fe7-8245-9c92f794f831_dna_r10.4.1_e8.2_400bps_sup@v5.2.0	DS:Z:gpu:NVIDIA GeForce RTX 4070 SUPER	PU:Z:FBG39641	DT:Z:2026-07-15T14:17:26.508000+00:00	tm:Z:adapter,primer rc
479116	37c06ba0-d1ff-4c1b-abeb-294c9dc89069	qs:f:13.7651	ch:i:168	st:Z:2026-07-16T00:57:04.369000+00:00	RG:Z:a40d6b40-d3ad-4fe7-8245-9c92f794f831_dna_r10.4.1_e8.2_400bps_sup@v5.2.0	DS:Z:gpu:NVIDIA GeForce RTX 4070 SUPER	PU:Z:FBG39641	DT:Z:2026-07-15T14:17:26.508000+00:00	tm:Z:adapter,primer rc
479116	6f23f72f-2f1d-48eb-a86b-773a52ac0917	qs:f:12.9447	ch:i:181	st:Z:2026-07-16T01:49:49.900000+00:00	RG:Z:a40d6b40-d3ad-4fe7-8245-9c92f794f831_dna_r10.4.1_e8.2_400bps_sup@v5.2.0	DS:Z:gpu:NVIDIA GeForce RTX 4070 SUPER	PU:Z:FBG39641	DT:Z:2026-07-15T14:17:26.508000+00:00	tm:Z:none
479116	f791a112-11b2-403b-ad1a-439d2eec66eb	qs:f:13.1548	ch:i:328	st:Z:2026-07-15T18:56:43.317000+00:00	RG:Z:a40d6b40-d3ad-4fe7-8245-9c92f794f831_dna_r10.4.1_e8.2_400bps_sup@v5.2.0	DS:Z:gpu:NVIDIA GeForce RTX 4070 SUPER	PU:Z:FBG39641	DT:Z:2026-07-15T14:17:26.508000+00:00	tm:Z:adapter,primer rc
479116	727f6720-1f24-45b2-aaa7-e60497b94251	qs:f:12.8272	ch:i:36	st:Z:2026-07-15T14:59:00.742000+00:00	RG:Z:a40d6b40-d3ad-4fe7-8245-9c92f794f831_dna_r10.4.1_e8.2_400bps_sup@v5.2.0	DS:Z:gpu:NVIDIA GeForce RTX 4070 SUPER	PU:Z:FBG39641	DT:Z:2026-07-15T14:17:26.508000+00:00	tm:Z:adapter,primer rc
479116	4c46e072-6a67-401b-a0c1-2a147fccd413	qs:f:13.1219	ch:i:170	st:Z:2026-07-15T15:25:29.923000+00:00	RG:Z:a40d6b40-d3ad-4fe7-8245-9c92f794f831_dna_r10.4.1_e8.2_400bps_sup@v5.2.0	DS:Z:gpu:NVIDIA GeForce RTX 4070 SUPER	PU:Z:FBG39641	DT:Z:2026-07-15T14:17:26.508000+00:00	tm:Z:adapter,primer rc
479116	ace73b8e-14bd-4df5-91a4-dbd4cf025fc0	qs:f:11.4066	ch:i:271	st:Z:2026-07-15T15:07:31.056000+00:00	RG:Z:a40d6b40-d3ad-4fe7-8245-9c92f794f831_dna_r10.4.1_e8.2_400bps_sup@v5.2.0	DS:Z:gpu:NVIDIA GeForce RTX 4070 SUPER	PU:Z:FBG39641	DT:Z:2026-07-15T14:17:26.508000+00:00	tm:Z:adapter,primer
479116	5f78da85-ac57-4cd1-b665-82e804dafaf8	qs:f:12.9008	ch:i:173	st:Z:2026-07-15T16:39:17.840000+00:00	RG:Z:a40d6b40-d3ad-4fe7-8245-9c92f794f831_dna_r10.4.1_e8.2_400bps_sup@v5.2.0	DS:Z:gpu:NVIDIA GeForce RTX 4070 SUPER	PU:Z:FBG39641	DT:Z:2026-07-15T14:17:26.508000+00:00	tm:Z:none
479116	d198832b-e1ca-46d3-8693-f4c441c4de26	qs:f:14.4043	ch:i:140	st:Z:2026-07-16T00:47:31.828000+00:00	RG:Z:a40d6b40-d3ad-4fe7-8245-9c92f794f831_dna_r10.4.1_e8.2_400bps_sup@v5.2.0	DS:Z:gpu:NVIDIA GeForce RTX 4070 SUPER	PU:Z:FBG39641	DT:Z:2026-07-15T14:17:26.508000+00:00	tm:Z:adapter,primer
479116	09f630a8-4b0e-46d0-a195-ffaf1861d438	qs:f:11.4508	ch:i:386	st:Z:2026-07-15T16:48:21.937000+00:00	RG:Z:a40d6b40-d3ad-4fe7-8245-9c92f794f831_dna_r10.4.1_e8.2_400bps_sup@v5.2.0	DS:Z:gpu:NVIDIA GeForce RTX 4070 SUPER	PU:Z:FBG39641	DT:Z:2026-07-15T14:17:26.508000+00:00	tm:Z:adapter,primer rc
479116	1a1300e6-c839-40e3-8cf5-944d570ea206	qs:f:15.2303	ch:i:343	st:Z:2026-07-15T15:21:56.171000+00:00	RG:Z:a40d6b40-d3ad-4fe7-8245-9c92f794f831_dna_r10.4.1_e8.2_400bps_sup@v5.2.0	DS:Z:gpu:NVIDIA GeForce RTX 4070 SUPER	PU:Z:FBG39641	DT:Z:2026-07-15T14:17:26.508000+00:00	tm:Z:adapter,primer rc
479116	c07e80d1-f600-4ece-8bc7-4c7187204396	qs:f:10.6613	ch:i:386	st:Z:2026-07-15T23:30:45.957000+00:00	RG:Z:a40d6b40-d3ad-4fe7-8245-9c92f794f831_dna_r10.4.1_e8.2_400bps_sup@v5.2.0	DS:Z:gpu:NVIDIA GeForce RTX 4070 SUPER	PU:Z:FBG39641	DT:Z:2026-07-15T14:17:26.508000+00:00	tm:Z:adapter,primer rc
479116	395c6d32-dcc9-4084-8dc6-679f79b146c6	qs:f:13.1655	ch:i:155	st:Z:2026-07-15T22:51:28.264000+00:00	RG:Z:a40d6b40-d3ad-4fe7-8245-9c92f794f831_dna_r10.4.1_e8.2_400bps_sup@v5.2.0	DS:Z:gpu:NVIDIA GeForce RTX 4070 SUPER	PU:Z:FBG39641	DT:Z:2026-07-15T14:17:26.508000+00:00	tm:Z:adapter,primer rc
479116	058e7f4c-0e37-4f99-81c8-9e6305f97181	qs:f:11.3011	ch:i:345	st:Z:2026-07-15T17:45:35.759000+00:00	RG:Z:a40d6b40-d3ad-4fe7-8245-9c92f794f831_dna_r10.4.1_e8.2_400bps_sup@v5.2.0	DS:Z:gpu:NVIDIA GeForce RTX 4070 SUPER	PU:Z:FBG39641	DT:Z:2026-07-15T14:17:26.508000+00:00	tm:Z:adapter,primer rc
479116	5f71fc4b-054a-48c4-b3f2-23a9afcee944	qs:f:14.0348	ch:i:272	st:Z:2026-07-15T15:24:02.502000+00:00	RG:Z:a40d6b40-d3ad-4fe7-8245-9c92f794f831_dna_r10.4.1_e8.2_400bps_sup@v5.2.0	DS:Z:gpu:NVIDIA GeForce RTX 4070 SUPER	PU:Z:FBG39641	DT:Z:2026-07-15T14:17:26.508000+00:00	tm:Z:none rc
479116	36d261ba-9c46-4685-9d4a-dbfd841d1009	qs:f:12.431	ch:i:51	st:Z:2026-07-16T00:45:59.178000+00:00	RG:Z:a40d6b40-d3ad-4fe7-8245-9c92f794f831_dna_r10.4.1_e8.2_400bps_sup@v5.2.0	DS:Z:gpu:NVIDIA GeForce RTX 4070 SUPER	PU:Z:FBG39641	DT:Z:2026-07-15T14:17:26.508000+00:00	tm:Z:adapter,primer rc
479116	ba83786a-8ae7-4bb6-9cde-e2acfeadcbef	qs:f:12.778	ch:i:295	st:Z:2026-07-15T22:11:02.516000+00:00	RG:Z:a40d6b40-d3ad-4fe7-8245-9c92f794f831_dna_r10.4.1_e8.2_400bps_sup@v5.2.0	DS:Z:gpu:NVIDIA GeForce RTX 4070 SUPER	PU:Z:FBG39641	DT:Z:2026-07-15T14:17:26.508000+00:00	tm:Z:adapter,primer rc
479116	b2bdfd30-db64-422b-a773-a431870f4197	qs:f:12.149	ch:i:343	st:Z:2026-07-15T23:04:31.412000+00:00	RG:Z:a40d6b40-d3ad-4fe7-8245-9c92f794f831_dna_r10.4.1_e8.2_400bps_sup@v5.2.0	DS:Z:gpu:NVIDIA GeForce RTX 4070 SUPER	PU:Z:FBG39641	DT:Z:2026-07-15T14:17:26.508000+00:00	tm:Z:adapter,primer rc
479116	3f14c1f0-a7a3-4c6e-88f8-c1805f3f1457	qs:f:13.5016	ch:i:485	st:Z:2026-07-15T16:20:36.649000+00:00	RG:Z:a40d6b40-d3ad-4fe7-8245-9c92f794f831_dna_r10.4.1_e8.2_400bps_sup@v5.2.0	DS:Z:gpu:NVIDIA GeForce RTX 4070 SUPER	PU:Z:FBG39641	DT:Z:2026-07-15T14:17:26.508000+00:00	tm:Z:adapter,primer rc
479116	d797c9da-6f8e-4cde-befa-0e1121a99bf4	qs:f:13.4514	ch:i:132	st:Z:2026-07-16T01:03:17.614000+00:00	RG:Z:a40d6b40-d3ad-4fe7-8245-9c92f794f831_dna_r10.4.1_e8.2_400bps_sup@v5.2.0	DS:Z:gpu:NVIDIA GeForce RTX 4070 SUPER	PU:Z:FBG39641	DT:Z:2026-07-15T14:17:26.508000+00:00	tm:Z:adapter,primer rc
479116	fdc17799-fe32-4c18-aea3-828af584b9a9	qs:f:13.4735	ch:i:366	st:Z:2026-07-15T14:40:01.939000+00:00	RG:Z:a40d6b40-d3ad-4fe7-8245-9c92f794f831_dna_r10.4.1_e8.2_400bps_sup@v5.2.0	DS:Z:gpu:NVIDIA GeForce RTX 4070 SUPER	PU:Z:FBG39641	DT:Z:2026-07-15T14:17:26.508000+00:00	tm:Z:adapter,primer
479116	c2c5b98d-334f-483e-a64d-7dea79343172	qs:f:11.6535	ch:i:450	st:Z:2026-07-15T18:15:06.455000+00:00	RG:Z:a40d6b40-d3ad-4fe7-8245-9c92f794f831_dna_r10.4.1_e8.2_400bps_sup@v5.2.0	DS:Z:gpu:NVIDIA GeForce RTX 4070 SUPER	PU:Z:FBG39641	DT:Z:2026-07-15T14:17:26.508000+00:00	tm:Z:adapter,primer rc
479116	68dfe407-c9eb-45b5-95ad-6f0bbf2632c1	qs:f:13.1661	ch:i:409	st:Z:2026-07-15T23:27:43.307000+00:00	RG:Z:a40d6b40-d3ad-4fe7-8245-9c92f794f831_dna_r10.4.1_e8.2_400bps_sup@v5.2.0	DS:Z:gpu:NVIDIA GeForce RTX 4070 SUPER	PU:Z:FBG39641	DT:Z:2026-07-15T14:17:26.508000+00:00	tm:Z:none rc
479116	75fb15b4-3b14-43de-8ef2-4d5d478720ea	qs:f:13.5893	ch:i:172	st:Z:2026-07-15T16:02:09.764000+00:00	RG:Z:a40d6b40-d3ad-4fe7-8245-9c92f794f831_dna_r10.4.1_e8.2_400bps_sup@v5.2.0	DS:Z:gpu:NVIDIA GeForce RTX 4070 SUPER	PU:Z:FBG39641	DT:Z:2026-07-15T14:17:26.508000+00:00	tm:Z:adapter,primer rc
479116	e971da0e-ae09-4115-9975-57efebc2f766	qs:f:12.2481	ch:i:260	st:Z:2026-07-15T15:32:38.694000+00:00	RG:Z:a40d6b40-d3ad-4fe7-8245-9c92f794f831_dna_r10.4.1_e8.2_400bps_sup@v5.2.0	DS:Z:gpu:NVIDIA GeForce RTX 4070 SUPER	PU:Z:FBG39641	DT:Z:2026-07-15T14:17:26.508000+00:00	tm:Z:none
479116	2714c832-c0ae-4a3d-bdce-3d0f33584e39	qs:f:10.1603	ch:i:305	st:Z:2026-07-15T22:53:48.957000+00:00	RG:Z:a40d6b40-d3ad-4fe7-8245-9c92f794f831_dna_r10.4.1_e8.2_400bps_sup@v5.2.0	DS:Z:gpu:NVIDIA GeForce RTX 4070 SUPER	PU:Z:FBG39641	DT:Z:2026-07-15T14:17:26.508000+00:00	tm:Z:adapter,primer rc
479116	31a51ec5-cd4d-41f5-ac57-e1d721e58874	qs:f:10.6606	ch:i:448	st:Z:2026-07-16T01:02:50.045000+00:00	RG:Z:a40d6b40-d3ad-4fe7-8245-9c92f794f831_dna_r10.4.1_e8.2_400bps_sup@v5.2.0	DS:Z:gpu:NVIDIA GeForce RTX 4070 SUPER	PU:Z:FBG39641	DT:Z:2026-07-15T14:17:26.508000+00:00	tm:Z:adapter,primer
479116	1c77d4a7-3162-473b-bd9e-623e5f34ea34	qs:f:10.9161	ch:i:140	st:Z:2026-07-15T21:28:17.804000+00:00	RG:Z:a40d6b40-d3ad-4fe7-8245-9c92f794f831_dna_r10.4.1_e8.2_400bps_sup@v5.2.0	DS:Z:gpu:NVIDIA GeForce RTX 4070 SUPER	PU:Z:FBG39641	DT:Z:2026-07-15T14:17:26.508000+00:00	tm:Z:adapter,primer
479116	1cc77ed0-3ae7-4a1f-b2f1-528e76007982	qs:f:16.1999	ch:i:217	st:Z:2026-07-15T20:33:47.269000+00:00	RG:Z:a40d6b40-d3ad-4fe7-8245-9c92f794f831_dna_r10.4.1_e8.2_400bps_sup@v5.2.0	DS:Z:gpu:NVIDIA GeForce RTX 4070 SUPER	PU:Z:FBG39641	DT:Z:2026-07-15T14:17:26.508000+00:00	tm:Z:adapter,primer
479116	78a392fe-0028-4c8c-8c6d-08e4d42092cb	qs:f:13.0329	ch:i:190	st:Z:2026-07-15T16:46:10.705000+00:00	RG:Z:a40d6b40-d3ad-4fe7-8245-9c92f794f831_dna_r10.4.1_e8.2_400bps_sup@v5.2.0	DS:Z:gpu:NVIDIA GeForce RTX 4070 SUPER	PU:Z:FBG39641	DT:Z:2026-07-15T14:17:26.508000+00:00	tm:Z:adapter,primer rc
479116	b628636e-9cc4-4c9b-a40a-34b350d66737	qs:f:10.9366	ch:i:405	st:Z:2026-07-15T22:07:01.175000+00:00	RG:Z:a40d6b40-d3ad-4fe7-8245-9c92f794f831_dna_r10.4.1_e8.2_400bps_sup@v5.2.0	DS:Z:gpu:NVIDIA GeForce RTX 4070 SUPER	PU:Z:FBG39641	DT:Z:2026-07-15T14:17:26.508000+00:00	tm:Z:adapter,primer
479116	6ab6c2f7-5ffb-44f6-b8e8-18b758019988	qs:f:10.1018	ch:i:24	st:Z:2026-07-15T14:35:57.105000+00:00	RG:Z:a40d6b40-d3ad-4fe7-8245-9c92f794f831_dna_r10.4.1_e8.2_400bps_sup@v5.2.0	DS:Z:gpu:NVIDIA GeForce RTX 4070 SUPER	PU:Z:FBG39641	DT:Z:2026-07-15T14:17:26.508000+00:00	tm:Z:adapter,primer
479116	220dcbdf-4379-4f9a-8150-769e80646396	qs:f:9.56854	ch:i:299	st:Z:2026-07-15T15:27:32.828000+00:00	RG:Z:a40d6b40-d3ad-4fe7-8245-9c92f794f831_dna_r10.4.1_e8.2_400bps_sup@v5.2.0	DS:Z:gpu:NVIDIA GeForce RTX 4070 SUPER	PU:Z:FBG39641	DT:Z:2026-07-15T14:17:26.508000+00:00	tm:Z:none rc
479116	1a37b89e-3c30-4ca3-8345-146d44cdeeec	qs:f:9.89522	ch:i:260	st:Z:2026-07-15T19:48:51.814000+00:00	RG:Z:a40d6b40-d3ad-4fe7-8245-9c92f794f831_dna_r10.4.1_e8.2_400bps_sup@v5.2.0	DS:Z:gpu:NVIDIA GeForce RTX 4070 SUPER	PU:Z:FBG39641	DT:Z:2026-07-15T14:17:26.508000+00:00	tm:Z:adapter,primer
479116	ec19c500-fdba-4fbf-b5a3-c3b8612ada16	qs:f:11.3471	ch:i:341	st:Z:2026-07-15T17:04:06.562000+00:00	RG:Z:a40d6b40-d3ad-4fe7-8245-9c92f794f831_dna_r10.4.1_e8.2_400bps_sup@v5.2.0	DS:Z:gpu:NVIDIA GeForce RTX 4070 SUPER	PU:Z:FBG39641	DT:Z:2026-07-15T14:17:26.508000+00:00	tm:Z:adapter,primer rc
479116	a66a1dd8-ac8a-410b-b8c5-0ce202bdacf1	qs:f:11.4449	ch:i:502	st:Z:2026-07-16T01:19:26.198000+00:00	RG:Z:a40d6b40-d3ad-4fe7-8245-9c92f794f831_dna_r10.4.1_e8.2_400bps_sup@v5.2.0	DS:Z:gpu:NVIDIA GeForce RTX 4070 SUPER	PU:Z:FBG39641	DT:Z:2026-07-15T14:17:26.508000+00:00	tm:Z:none
479116	2e22475a-30f2-4b8e-b079-6dd515df57d4	qs:f:10.3699	ch:i:328	st:Z:2026-07-15T21:37:19.904000+00:00	RG:Z:a40d6b40-d3ad-4fe7-8245-9c92f794f831_dna_r10.4.1_e8.2_400bps_sup@v5.2.0	DS:Z:gpu:NVIDIA GeForce RTX 4070 SUPER	PU:Z:FBG39641	DT:Z:2026-07-15T14:17:26.508000+00:00	tm:Z:adapter,primer rc
479116	1c7cc717-a5e8-4693-b3cb-e7963ceeabb7	qs:f:10.8604	ch:i:96	st:Z:2026-07-15T22:16:16.504000+00:00	RG:Z:a40d6b40-d3ad-4fe7-8245-9c92f794f831_dna_r10.4.1_e8.2_400bps_sup@v5.2.0	DS:Z:gpu:NVIDIA GeForce RTX 4070 SUPER	PU:Z:FBG39641	DT:Z:2026-07-15T14:17:26.508000+00:00	tm:Z:adapter,primer rc
479116	e10f8bf2-d194-4557-9c88-9be7b633e581	qs:f:9.50299	ch:i:260	st:Z:2026-07-15T23:47:57.882000+00:00	RG:Z:a40d6b40-d3ad-4fe7-8245-9c92f794f831_dna_r10.4.1_e8.2_400bps_sup@v5.2.0	DS:Z:gpu:NVIDIA GeForce RTX 4070 SUPER	PU:Z:FBG39641	DT:Z:2026-07-15T14:17:26.508000+00:00	tm:Z:adapter,primer
479116	0b2e9d2c-8323-4177-8134-f0b55b485415	qs:f:8.3651	ch:i:323	st:Z:2026-07-15T19:54:14.259000+00:00	RG:Z:a40d6b40-d3ad-4fe7-8245-9c92f794f831_dna_r10.4.1_e8.2_400bps_sup@v5.2.0	DS:Z:gpu:NVIDIA GeForce RTX 4070 SUPER	PU:Z:FBG39641	DT:Z:2026-07-15T14:17:26.508000+00:00	tm:Z:adapter,primer
479116	15515ee9-ae88-4c23-8951-1ce89f2fd943	qs:f:9.48154	ch:i:6	st:Z:2026-07-15T20:24:38.401000+00:00	RG:Z:a40d6b40-d3ad-4fe7-8245-9c92f794f831_dna_r10.4.1_e8.2_400bps_sup@v5.2.0	DS:Z:gpu:NVIDIA GeForce RTX 4070 SUPER	PU:Z:FBG39641	DT:Z:2026-07-15T14:17:26.508000+00:00	tm:Z:none
479116	876b25cb-8b9b-4e30-bcd2-16d828e3f62b	qs:f:9.45864	ch:i:66	st:Z:2026-07-15T15:33:14.823000+00:00	RG:Z:a40d6b40-d3ad-4fe7-8245-9c92f794f831_dna_r10.4.1_e8.2_400bps_sup@v5.2.0	DS:Z:gpu:NVIDIA GeForce RTX 4070 SUPER	PU:Z:FBG39641	DT:Z:2026-07-15T14:17:26.508000+00:00	tm:Z:adapter,primer
479116	f316115e-0158-47a6-a1f3-29cf2ddaed2e	qs:f:8.84039	ch:i:144	st:Z:2026-07-15T18:44:56.441000+00:00	RG:Z:a40d6b40-d3ad-4fe7-8245-9c92f794f831_dna_r10.4.1_e8.2_400bps_sup@v5.2.0	DS:Z:gpu:NVIDIA GeForce RTX 4070 SUPER	PU:Z:FBG39641	DT:Z:2026-07-15T14:17:26.508000+00:00	tm:Z:none rc
479116	d2b839c3-83de-4d75-9b8f-98acff67f330	qs:f:8.06007	ch:i:463	st:Z:2026-07-15T17:42:32.731000+00:00	RG:Z:a40d6b40-d3ad-4fe7-8245-9c92f794f831_dna_r10.4.1_e8.2_400bps_sup@v5.2.0	DS:Z:gpu:NVIDIA GeForce RTX 4070 SUPER	PU:Z:FBG39641	DT:Z:2026-07-15T14:17:26.508000+00:00	tm:Z:adapter,primer
479116	f0ce377d-d6be-43fe-b7bc-f1a70354d314	qs:f:8.37135	ch:i:144	st:Z:2026-07-15T18:25:44.660000+00:00	RG:Z:a40d6b40-d3ad-4fe7-8245-9c92f794f831_dna_r10.4.1_e8.2_400bps_sup@v5.2.0	DS:Z:gpu:NVIDIA GeForce RTX 4070 SUPER	PU:Z:FBG39641	DT:Z:2026-07-15T14:17:26.508000+00:00	tm:Z:none rc
43518	aa6f6342-aed4-42c2-a27a-90ae4f8db940	qs:f:9.73314	ch:i:229	st:Z:2026-07-15T15:18:02.053000+00:00	RG:Z:a40d6b40-d3ad-4fe7-8245-9c92f794f831_dna_r10.4.1_e8.2_400bps_sup@v5.2.0	DS:Z:gpu:NVIDIA GeForce RTX 4070 SUPER	PU:Z:FBG39641	DT:Z:2026-07-15T14:17:26.508000+00:00	tm:Z:none
43518	080c032e-3581-4bc1-bd88-6c1a02e4a076	qs:f:18.6679	ch:i:345	st:Z:2026-07-15T18:46:59.560000+00:00	RG:Z:a40d6b40-d3ad-4fe7-8245-9c92f794f831_dna_r10.4.1_e8.2_400bps_sup@v5.2.0	DS:Z:gpu:NVIDIA GeForce RTX 4070 SUPER	PU:Z:FBG39641	DT:Z:2026-07-15T14:17:26.508000+00:00	tm:Z:none rc
43518	00e08953-839e-4804-9ef7-264e8403dae8	qs:f:15.8269	ch:i:108	st:Z:2026-07-15T15:09:37.575000+00:00	RG:Z:a40d6b40-d3ad-4fe7-8245-9c92f794f831_dna_r10.4.1_e8.2_400bps_sup@v5.2.0	DS:Z:gpu:NVIDIA GeForce RTX 4070 SUPER	PU:Z:FBG39641	DT:Z:2026-07-15T14:17:26.508000+00:00	tm:Z:none
43518	8061256d-463d-4934-8a66-1e2d06ae9ea7	qs:f:25.3878	ch:i:374	st:Z:2026-07-15T15:07:44.932000+00:00	RG:Z:a40d6b40-d3ad-4fe7-8245-9c92f794f831_dna_r10.4.1_e8.2_400bps_sup@v5.2.0	DS:Z:gpu:NVIDIA GeForce RTX 4070 SUPER	PU:Z:FBG39641	DT:Z:2026-07-15T14:17:26.508000+00:00	tm:Z:adapter,primer rc
43518	6462f9aa-4386-44de-8177-cd969d26f23a	qs:f:25.8709	ch:i:40	st:Z:2026-07-15T14:45:11.394000+00:00	RG:Z:a40d6b40-d3ad-4fe7-8245-9c92f794f831_dna_r10.4.1_e8.2_400bps_sup@v5.2.0	DS:Z:gpu:NVIDIA GeForce RTX 4070 SUPER	PU:Z:FBG39641	DT:Z:2026-07-15T14:17:26.508000+00:00	tm:Z:adapter,primer rc
43518	eabf6c52-a14e-4332-96af-60fb59211da4	qs:f:14.2973	ch:i:122	st:Z:2026-07-15T15:09:11.344000+00:00	RG:Z:a40d6b40-d3ad-4fe7-8245-9c92f794f831_dna_r10.4.1_e8.2_400bps_sup@v5.2.0	DS:Z:gpu:NVIDIA GeForce RTX 4070 SUPER	PU:Z:FBG39641	DT:Z:2026-07-15T14:17:26.508000+00:00	tm:Z:adapter,primer
43518	609266e2-971c-40b7-a943-6b86853e19ea	qs:f:23.4638	ch:i:294	st:Z:2026-07-15T16:36:19.075000+00:00	RG:Z:a40d6b40-d3ad-4fe7-8245-9c92f794f831_dna_r10.4.1_e8.2_400bps_sup@v5.2.0	DS:Z:gpu:NVIDIA GeForce RTX 4070 SUPER	PU:Z:FBG39641	DT:Z:2026-07-15T14:17:26.508000+00:00	tm:Z:adapter,primer
43518	19b44ce5-bdab-4406-8b78-fcc1b572afa8	qs:f:19.8504	ch:i:386	st:Z:2026-07-16T01:46:12.676000+00:00	RG:Z:a40d6b40-d3ad-4fe7-8245-9c92f794f831_dna_r10.4.1_e8.2_400bps_sup@v5.2.0	DS:Z:gpu:NVIDIA GeForce RTX 4070 SUPER	PU:Z:FBG39641	DT:Z:2026-07-15T14:17:26.508000+00:00	tm:Z:adapter,primer rc
43518	361526b5-9ec5-453d-8bd3-31b441f1cd65	qs:f:25.3622	ch:i:455	st:Z:2026-07-15T20:37:26.949000+00:00	RG:Z:a40d6b40-d3ad-4fe7-8245-9c92f794f831_dna_r10.4.1_e8.2_400bps_sup@v5.2.0	DS:Z:gpu:NVIDIA GeForce RTX 4070 SUPER	PU:Z:FBG39641	DT:Z:2026-07-15T14:17:26.508000+00:00	tm:Z:adapter,primer rc
43518	586ce47f-056f-4042-8f21-afc0c915db96	qs:f:27.8091	ch:i:147	st:Z:2026-07-15T19:07:11.610000+00:00	RG:Z:a40d6b40-d3ad-4fe7-8245-9c92f794f831_dna_r10.4.1_e8.2_400bps_sup@v5.2.0	DS:Z:gpu:NVIDIA GeForce RTX 4070 SUPER	PU:Z:FBG39641	DT:Z:2026-07-15T14:17:26.508000+00:00	tm:Z:adapter,primer rc
43518	4249cf7b-e07d-4b3d-af06-967f177103c7	qs:f:23.0084	ch:i:319	st:Z:2026-07-16T01:07:53.062000+00:00	RG:Z:a40d6b40-d3ad-4fe7-8245-9c92f794f831_dna_r10.4.1_e8.2_400bps_sup@v5.2.0	DS:Z:gpu:NVIDIA GeForce RTX 4070 SUPER	PU:Z:FBG39641	DT:Z:2026-07-15T14:17:26.508000+00:00	tm:Z:none rc
43518	fd4e8991-be06-4346-ad16-5f71bd421f84	qs:f:26.183	ch:i:123	st:Z:2026-07-15T19:03:32.759000+00:00	RG:Z:a40d6b40-d3ad-4fe7-8245-9c92f794f831_dna_r10.4.1_e8.2_400bps_sup@v5.2.0	DS:Z:gpu:NVIDIA GeForce RTX 4070 SUPER	PU:Z:FBG39641	DT:Z:2026-07-15T14:17:26.508000+00:00	tm:Z:adapter,primer rc
43518	59b9ba9a-4600-4c70-885e-e7570b13f321	qs:f:17.2125	ch:i:477	st:Z:2026-07-15T17:25:19.855000+00:00	RG:Z:a40d6b40-d3ad-4fe7-8245-9c92f794f831_dna_r10.4.1_e8.2_400bps_sup@v5.2.0	DS:Z:gpu:NVIDIA GeForce RTX 4070 SUPER	PU:Z:FBG39641	DT:Z:2026-07-15T14:17:26.508000+00:00	tm:Z:none rc
43518	7f33866b-7d29-4bd6-96f2-d3baed5c1721	qs:f:19.945	ch:i:159	st:Z:2026-07-15T19:16:55.672000+00:00	RG:Z:a40d6b40-d3ad-4fe7-8245-9c92f794f831_dna_r10.4.1_e8.2_400bps_sup@v5.2.0	DS:Z:gpu:NVIDIA GeForce RTX 4070 SUPER	PU:Z:FBG39641	DT:Z:2026-07-15T14:17:26.508000+00:00	tm:Z:none rc
43518	5cd98d34-f9da-4ba5-a509-dcb2146b1044	qs:f:21.5857	ch:i:184	st:Z:2026-07-15T21:58:52.528000+00:00	RG:Z:a40d6b40-d3ad-4fe7-8245-9c92f794f831_dna_r10.4.1_e8.2_400bps_sup@v5.2.0	DS:Z:gpu:NVIDIA GeForce RTX 4070 SUPER	PU:Z:FBG39641	DT:Z:2026-07-15T14:17:26.508000+00:00	tm:Z:adapter,primer rc
43518	c541f367-6488-4d4d-81fa-f7d66b354aa0	qs:f:25.2691	ch:i:127	st:Z:2026-07-15T14:31:55.884000+00:00	RG:Z:a40d6b40-d3ad-4fe7-8245-9c92f794f831_dna_r10.4.1_e8.2_400bps_sup@v5.2.0	DS:Z:gpu:NVIDIA GeForce RTX 4070 SUPER	PU:Z:FBG39641	DT:Z:2026-07-15T14:17:26.508000+00:00	tm:Z:none
43518	54759d1c-2810-4512-b7b9-65cb389b93a2	qs:f:19.1714	ch:i:451	st:Z:2026-07-15T18:28:03.835000+00:00	RG:Z:a40d6b40-d3ad-4fe7-8245-9c92f794f831_dna_r10.4.1_e8.2_400bps_sup@v5.2.0	DS:Z:gpu:NVIDIA GeForce RTX 4070 SUPER	PU:Z:FBG39641	DT:Z:2026-07-15T14:17:26.508000+00:00	tm:Z:none rc
43518	90b03720-5bd5-4394-9280-530d61c5fc70	qs:f:30.3373	ch:i:261	st:Z:2026-07-15T23:36:23.865000+00:00	RG:Z:a40d6b40-d3ad-4fe7-8245-9c92f794f831_dna_r10.4.1_e8.2_400bps_sup@v5.2.0	DS:Z:gpu:NVIDIA GeForce RTX 4070 SUPER	PU:Z:FBG39641	DT:Z:2026-07-15T14:17:26.508000+00:00	tm:Z:none rc
43518	62ce7d41-bf77-4d76-af53-8c8b72bf2361	qs:f:29.8354	ch:i:329	st:Z:2026-07-15T17:31:14.615000+00:00	RG:Z:a40d6b40-d3ad-4fe7-8245-9c92f794f831_dna_r10.4.1_e8.2_400bps_sup@v5.2.0	DS:Z:gpu:NVIDIA GeForce RTX 4070 SUPER	PU:Z:FBG39641	DT:Z:2026-07-15T14:17:26.508000+00:00	tm:Z:none rc
43518	43f7ad2f-d160-4703-9b62-9da60de239d4	qs:f:22.0293	ch:i:308	st:Z:2026-07-15T22:44:41.525000+00:00	RG:Z:a40d6b40-d3ad-4fe7-8245-9c92f794f831_dna_r10.4.1_e8.2_400bps_sup@v5.2.0	DS:Z:gpu:NVIDIA GeForce RTX 4070 SUPER	PU:Z:FBG39641	DT:Z:2026-07-15T14:17:26.508000+00:00	tm:Z:adapter,primer rc
43518	2bf848f6-420a-4231-b333-41af57708ea7	qs:f:15.5394	ch:i:242	st:Z:2026-07-15T15:53:53.167000+00:00	RG:Z:a40d6b40-d3ad-4fe7-8245-9c92f794f831_dna_r10.4.1_e8.2_400bps_sup@v5.2.0	DS:Z:gpu:NVIDIA GeForce RTX 4070 SUPER	PU:Z:FBG39641	DT:Z:2026-07-15T14:17:26.508000+00:00	tm:Z:none rc
43518	ba9287fa-6d65-40db-bdd0-4ac8b9bb62f3	qs:f:14.4685	ch:i:446	st:Z:2026-07-15T18:49:36.530000+00:00	RG:Z:a40d6b40-d3ad-4fe7-8245-9c92f794f831_dna_r10.4.1_e8.2_400bps_sup@v5.2.0	DS:Z:gpu:NVIDIA GeForce RTX 4070 SUPER	PU:Z:FBG39641	DT:Z:2026-07-15T14:17:26.508000+00:00	tm:Z:adapter,primer rc
43518	fb84519b-7edb-4a38-9ab0-e27ba1a44bc7	qs:f:35.244	ch:i:397	st:Z:2026-07-15T18:25:44.516000+00:00	RG:Z:a40d6b40-d3ad-4fe7-8245-9c92f794f831_dna_r10.4.1_e8.2_400bps_sup@v5.2.0	DS:Z:gpu:NVIDIA GeForce RTX 4070 SUPER	PU:Z:FBG39641	DT:Z:2026-07-15T14:17:26.508000+00:00	tm:Z:adapter,primer
43518	ddad1236-d6c0-4c96-b10b-c05a9b78e4ad	qs:f:18.7952	ch:i:399	st:Z:2026-07-15T20:57:16.100000+00:00	RG:Z:a40d6b40-d3ad-4fe7-8245-9c92f794f831_dna_r10.4.1_e8.2_400bps_sup@v5.2.0	DS:Z:gpu:NVIDIA GeForce RTX 4070 SUPER	PU:Z:FBG39641	DT:Z:2026-07-15T14:17:26.508000+00:00	tm:Z:adapter,primer rc
43518	26454234-2f58-4bc4-a363-3b858243aea5	qs:f:25.9663	ch:i:204	st:Z:2026-07-15T18:06:09.800000+00:00	RG:Z:a40d6b40-d3ad-4fe7-8245-9c92f794f831_dna_r10.4.1_e8.2_400bps_sup@v5.2.0	DS:Z:gpu:NVIDIA GeForce RTX 4070 SUPER	PU:Z:FBG39641	DT:Z:2026-07-15T14:17:26.508000+00:00	tm:Z:adapter,primer
43518	a7c26f62-a5b6-43c5-8636-57a4041d10f2	qs:f:26.4482	ch:i:198	st:Z:2026-07-15T22:53:14.980000+00:00	RG:Z:a40d6b40-d3ad-4fe7-8245-9c92f794f831_dna_r10.4.1_e8.2_400bps_sup@v5.2.0	DS:Z:gpu:NVIDIA GeForce RTX 4070 SUPER	PU:Z:FBG39641	DT:Z:2026-07-15T14:17:26.508000+00:00	tm:Z:none rc
43518	9192380b-d981-4337-89a5-21d840834dba	qs:f:33.1158	ch:i:123	st:Z:2026-07-15T17:50:04.353000+00:00	RG:Z:a40d6b40-d3ad-4fe7-8245-9c92f794f831_dna_r10.4.1_e8.2_400bps_sup@v5.2.0	DS:Z:gpu:NVIDIA GeForce RTX 4070 SUPER	PU:Z:FBG39641	DT:Z:2026-07-15T14:17:26.508000+00:00	tm:Z:adapter,primer
43518	962d2710-af6f-44c1-848c-8f621a6ed041	qs:f:29.5254	ch:i:438	st:Z:2026-07-15T23:34:00.317000+00:00	RG:Z:a40d6b40-d3ad-4fe7-8245-9c92f794f831_dna_r10.4.1_e8.2_400bps_sup@v5.2.0	DS:Z:gpu:NVIDIA GeForce RTX 4070 SUPER	PU:Z:FBG39641	DT:Z:2026-07-15T14:17:26.508000+00:00	tm:Z:none rc
43518	c641849b-5cc4-4174-9214-69469689db85	qs:f:21.9273	ch:i:258	st:Z:2026-07-15T23:05:27.121000+00:00	RG:Z:a40d6b40-d3ad-4fe7-8245-9c92f794f831_dna_r10.4.1_e8.2_400bps_sup@v5.2.0	DS:Z:gpu:NVIDIA GeForce RTX 4070 SUPER	PU:Z:FBG39641	DT:Z:2026-07-15T14:17:26.508000+00:00	tm:Z:adapter,primer
43518	c060cc37-07f6-48c8-bd85-09b933fea882	qs:f:13.4093	ch:i:427	st:Z:2026-07-15T16:22:24.247000+00:00	RG:Z:a40d6b40-d3ad-4fe7-8245-9c92f794f831_dna_r10.4.1_e8.2_400bps_sup@v5.2.0	DS:Z:gpu:NVIDIA GeForce RTX 4070 SUPER	PU:Z:FBG39641	DT:Z:2026-07-15T14:17:26.508000+00:00	tm:Z:none rc
43518	2aa726f2-2488-4577-9777-e6d94bbc9b65	qs:f:26.8241	ch:i:320	st:Z:2026-07-15T14:44:56.405000+00:00	RG:Z:a40d6b40-d3ad-4fe7-8245-9c92f794f831_dna_r10.4.1_e8.2_400bps_sup@v5.2.0	DS:Z:gpu:NVIDIA GeForce RTX 4070 SUPER	PU:Z:FBG39641	DT:Z:2026-07-15T14:17:26.508000+00:00	tm:Z:adapter,primer
43518	bffef556-42aa-4cba-acb2-268b2729786f	qs:f:22.4751	ch:i:68	st:Z:2026-07-15T18:36:31.114000+00:00	RG:Z:a40d6b40-d3ad-4fe7-8245-9c92f794f831_dna_r10.4.1_e8.2_400bps_sup@v5.2.0	DS:Z:gpu:NVIDIA GeForce RTX 4070 SUPER	PU:Z:FBG39641	DT:Z:2026-07-15T14:17:26.508000+00:00	tm:Z:adapter,primer
43518	62b66133-8afa-46c6-b746-e15d0489e6e5	qs:f:12.3098	ch:i:72	st:Z:2026-07-15T14:33:16.948000+00:00	RG:Z:a40d6b40-d3ad-4fe7-8245-9c92f794f831_dna_r10.4.1_e8.2_400bps_sup@v5.2.0	DS:Z:gpu:NVIDIA GeForce RTX 4070 SUPER	PU:Z:FBG39641	DT:Z:2026-07-15T14:17:26.508000+00:00	tm:Z:none
43518	41c266ab-7285-4f5c-9ff5-87c28bf59c0d	qs:f:36.5716	ch:i:45	st:Z:2026-07-16T00:49:20.489000+00:00	RG:Z:a40d6b40-d3ad-4fe7-8245-9c92f794f831_dna_r10.4.1_e8.2_400bps_sup@v5.2.0	DS:Z:gpu:NVIDIA GeForce RTX 4070 SUPER	PU:Z:FBG39641	DT:Z:2026-07-15T14:17:26.508000+00:00	tm:Z:adapter,primer
43518	f1dac1da-58dc-45ce-9304-d5d5095ff6e7	qs:f:14.1694	ch:i:217	st:Z:2026-07-15T22:19:22.543000+00:00	RG:Z:a40d6b40-d3ad-4fe7-8245-9c92f794f831_dna_r10.4.1_e8.2_400bps_sup@v5.2.0	DS:Z:gpu:NVIDIA GeForce RTX 4070 SUPER	PU:Z:FBG39641	DT:Z:2026-07-15T14:17:26.508000+00:00	tm:Z:none
43518	d0a700b0-348f-40b9-b200-1697c0884fc1	qs:f:19.7	ch:i:328	st:Z:2026-07-15T17:21:40.143000+00:00	RG:Z:a40d6b40-d3ad-4fe7-8245-9c92f794f831_dna_r10.4.1_e8.2_400bps_sup@v5.2.0	DS:Z:gpu:NVIDIA GeForce RTX 4070 SUPER	PU:Z:FBG39641	DT:Z:2026-07-15T14:17:26.508000+00:00	tm:Z:adapter,primer rc
43518	c16079aa-0147-4ae4-8114-f4cb965607a5	qs:f:21.8956	ch:i:401	st:Z:2026-07-16T00:30:03.343000+00:00	RG:Z:a40d6b40-d3ad-4fe7-8245-9c92f794f831_dna_r10.4.1_e8.2_400bps_sup@v5.2.0	DS:Z:gpu:NVIDIA GeForce RTX 4070 SUPER	PU:Z:FBG39641	DT:Z:2026-07-15T14:17:26.508000+00:00	tm:Z:adapter,primer rc
43518	2f5bee39-519d-4221-881f-f9dd8ff74adf	qs:f:24.5633	ch:i:203	st:Z:2026-07-15T20:10:09.220000+00:00	RG:Z:a40d6b40-d3ad-4fe7-8245-9c92f794f831_dna_r10.4.1_e8.2_400bps_sup@v5.2.0	DS:Z:gpu:NVIDIA GeForce RTX 4070 SUPER	PU:Z:FBG39641	DT:Z:2026-07-15T14:17:26.508000+00:00	tm:Z:adapter,primer
43518	f230f397-3c7a-40b5-a712-2da9fc878e69	qs:f:22.7203	ch:i:148	st:Z:2026-07-15T17:25:17.525000+00:00	RG:Z:a40d6b40-d3ad-4fe7-8245-9c92f794f831_dna_r10.4.1_e8.2_400bps_sup@v5.2.0	DS:Z:gpu:NVIDIA GeForce RTX 4070 SUPER	PU:Z:FBG39641	DT:Z:2026-07-15T14:17:26.508000+00:00	tm:Z:adapter,primer rc
43518	18061dc4-6c83-438c-9c80-300b9daa60d4	qs:f:20.0664	ch:i:414	st:Z:2026-07-15T15:43:17.240000+00:00	RG:Z:a40d6b40-d3ad-4fe7-8245-9c92f794f831_dna_r10.4.1_e8.2_400bps_sup@v5.2.0	DS:Z:gpu:NVIDIA GeForce RTX 4070 SUPER	PU:Z:FBG39641	DT:Z:2026-07-15T14:17:26.508000+00:00	tm:Z:adapter,primer
43518	c2805578-56d4-4504-9c3e-6bf823a1ef01	qs:f:22.9275	ch:i:179	st:Z:2026-07-16T00:17:51.885000+00:00	RG:Z:a40d6b40-d3ad-4fe7-8245-9c92f794f831_dna_r10.4.1_e8.2_400bps_sup@v5.2.0	DS:Z:gpu:NVIDIA GeForce RTX 4070 SUPER	PU:Z:FBG39641	DT:Z:2026-07-15T14:17:26.508000+00:00	tm:Z:none rc
43518	bbba4ea1-fb7a-4f27-905a-f9bf64ffca4d	qs:f:26.3842	ch:i:341	st:Z:2026-07-15T22:58:47.856000+00:00	RG:Z:a40d6b40-d3ad-4fe7-8245-9c92f794f831_dna_r10.4.1_e8.2_400bps_sup@v5.2.0	DS:Z:gpu:NVIDIA GeForce RTX 4070 SUPER	PU:Z:FBG39641	DT:Z:2026-07-15T14:17:26.508000+00:00	tm:Z:adapter,primer rc
43518	76fff2d1-6c7a-4cda-a3e1-905d53787b9b	qs:f:33.0098	ch:i:452	st:Z:2026-07-15T23:16:25.599000+00:00	RG:Z:a40d6b40-d3ad-4fe7-8245-9c92f794f831_dna_r10.4.1_e8.2_400bps_sup@v5.2.0	DS:Z:gpu:NVIDIA GeForce RTX 4070 SUPER	PU:Z:FBG39641	DT:Z:2026-07-15T14:17:26.508000+00:00	tm:Z:adapter,primer rc
43518	1d65efa7-0245-474f-bea2-aa9a43560de1	qs:f:27.5814	ch:i:216	st:Z:2026-07-15T14:28:33.490000+00:00	RG:Z:a40d6b40-d3ad-4fe7-8245-9c92f794f831_dna_r10.4.1_e8.2_400bps_sup@v5.2.0	DS:Z:gpu:NVIDIA GeForce RTX 4070 SUPER	PU:Z:FBG39641	DT:Z:2026-07-15T14:17:26.508000+00:00	tm:Z:adapter,primer rc
43518	064b5a8e-9e92-40c4-8cd6-ed4f3a75e074	qs:f:21.5714	ch:i:451	st:Z:2026-07-15T17:56:56.203000+00:00	RG:Z:a40d6b40-d3ad-4fe7-8245-9c92f794f831_dna_r10.4.1_e8.2_400bps_sup@v5.2.0	DS:Z:gpu:NVIDIA GeForce RTX 4070 SUPER	PU:Z:FBG39641	DT:Z:2026-07-15T14:17:26.508000+00:00	tm:Z:adapter,primer rc
43518	26a33c89-2b67-4f78-b84a-1a13a74039ba	qs:f:14.8298	ch:i:510	st:Z:2026-07-15T17:30:58.097000+00:00	RG:Z:a40d6b40-d3ad-4fe7-8245-9c92f794f831_dna_r10.4.1_e8.2_400bps_sup@v5.2.0	DS:Z:gpu:NVIDIA GeForce RTX 4070 SUPER	PU:Z:FBG39641	DT:Z:2026-07-15T14:17:26.508000+00:00	tm:Z:none rc
43518	9def74e4-0d18-4ac9-ba70-ee10c06cf31b	qs:f:24.4969	ch:i:115	st:Z:2026-07-15T16:45:50.572000+00:00	RG:Z:a40d6b40-d3ad-4fe7-8245-9c92f794f831_dna_r10.4.1_e8.2_400bps_sup@v5.2.0	DS:Z:gpu:NVIDIA GeForce RTX 4070 SUPER	PU:Z:FBG39641	DT:Z:2026-07-15T14:17:26.508000+00:00	tm:Z:adapter,primer
43518	e24f3675-d924-4946-8414-969992b29fe7	qs:f:13.7586	ch:i:120	st:Z:2026-07-16T00:31:57.222000+00:00	RG:Z:a40d6b40-d3ad-4fe7-8245-9c92f794f831_dna_r10.4.1_e8.2_400bps_sup@v5.2.0	DS:Z:gpu:NVIDIA GeForce RTX 4070 SUPER	PU:Z:FBG39641	DT:Z:2026-07-15T14:17:26.508000+00:00	tm:Z:none rc
43518	d891b938-faf9-4c14-bb01-0a3123ec8fcf	qs:f:18.7757	ch:i:117	st:Z:2026-07-15T14:53:59.080000+00:00	RG:Z:a40d6b40-d3ad-4fe7-8245-9c92f794f831_dna_r10.4.1_e8.2_400bps_sup@v5.2.0	DS:Z:gpu:NVIDIA GeForce RTX 4070 SUPER	PU:Z:FBG39641	DT:Z:2026-07-15T14:17:26.508000+00:00	tm:Z:adapter,primer
43518	39949dfd-e3cb-4817-ae63-47d9f73bbb73	qs:f:20.2593	ch:i:298	st:Z:2026-07-15T23:29:05.642000+00:00	RG:Z:a40d6b40-d3ad-4fe7-8245-9c92f794f831_dna_r10.4.1_e8.2_400bps_sup@v5.2.0	DS:Z:gpu:NVIDIA GeForce RTX 4070 SUPER	PU:Z:FBG39641	DT:Z:2026-07-15T14:17:26.508000+00:00	tm:Z:adapter,primer rc
43518	263c7ebf-fedc-431f-b204-c887ff9075bb	qs:f:15.0717	ch:i:386	st:Z:2026-07-15T17:30:10.293000+00:00	RG:Z:a40d6b40-d3ad-4fe7-8245-9c92f794f831_dna_r10.4.1_e8.2_400bps_sup@v5.2.0	DS:Z:gpu:NVIDIA GeForce RTX 4070 SUPER	PU:Z:FBG39641	DT:Z:2026-07-15T14:17:26.508000+00:00	tm:Z:adapter,primer rc
43518	2282fad3-4142-4666-a6a5-e42b91c92234	qs:f:23.8978	ch:i:125	st:Z:2026-07-15T19:24:57.534000+00:00	RG:Z:a40d6b40-d3ad-4fe7-8245-9c92f794f831_dna_r10.4.1_e8.2_400bps_sup@v5.2.0	DS:Z:gpu:NVIDIA GeForce RTX 4070 SUPER	PU:Z:FBG39641	DT:Z:2026-07-15T14:17:26.508000+00:00	tm:Z:adapter,primer rc
43518	00665d95-58be-41d2-8001-f4785defd2a0	qs:f:13.3416	ch:i:155	st:Z:2026-07-15T20:51:58.043000+00:00	RG:Z:a40d6b40-d3ad-4fe7-8245-9c92f794f831_dna_r10.4.1_e8.2_400bps_sup@v5.2.0	DS:Z:gpu:NVIDIA GeForce RTX 4070 SUPER	PU:Z:FBG39641	DT:Z:2026-07-15T14:17:26.508000+00:00	tm:Z:adapter,primer rc
43518	2cedb12b-b18a-4fc5-b042-2574cde5b776	qs:f:23.3545	ch:i:150	st:Z:2026-07-15T15:25:57.457000+00:00	RG:Z:a40d6b40-d3ad-4fe7-8245-9c92f794f831_dna_r10.4.1_e8.2_400bps_sup@v5.2.0	DS:Z:gpu:NVIDIA GeForce RTX 4070 SUPER	PU:Z:FBG39641	DT:Z:2026-07-15T14:17:26.508000+00:00	tm:Z:adapter,primer rc
43518	5c207671-6d1d-4296-b478-9c68b584feae	qs:f:25.5225	ch:i:140	st:Z:2026-07-15T17:24:28.701000+00:00	RG:Z:a40d6b40-d3ad-4fe7-8245-9c92f794f831_dna_r10.4.1_e8.2_400bps_sup@v5.2.0	DS:Z:gpu:NVIDIA GeForce RTX 4070 SUPER	PU:Z:FBG39641	DT:Z:2026-07-15T14:17:26.508000+00:00	tm:Z:adapter,primer rc
43518	f91c0611-0476-4250-a9ef-d9485516fe56	qs:f:26.6524	ch:i:106	st:Z:2026-07-15T14:51:34.870000+00:00	RG:Z:a40d6b40-d3ad-4fe7-8245-9c92f794f831_dna_r10.4.1_e8.2_400bps_sup@v5.2.0	DS:Z:gpu:NVIDIA GeForce RTX 4070 SUPER	PU:Z:FBG39641	DT:Z:2026-07-15T14:17:26.508000+00:00	tm:Z:adapter,primer
43518	60b9cade-ddd3-430b-825f-70da4f221f95	qs:f:30.7912	ch:i:32	st:Z:2026-07-15T14:36:16.428000+00:00	RG:Z:a40d6b40-d3ad-4fe7-8245-9c92f794f831_dna_r10.4.1_e8.2_400bps_sup@v5.2.0	DS:Z:gpu:NVIDIA GeForce RTX 4070 SUPER	PU:Z:FBG39641	DT:Z:2026-07-15T14:17:26.508000+00:00	tm:Z:adapter,primer rc
43518	92ec0374-a0e9-4b61-8831-b31dd1e18c2d	qs:f:20.3149	ch:i:280	st:Z:2026-07-15T15:44:08.518000+00:00	RG:Z:a40d6b40-d3ad-4fe7-8245-9c92f794f831_dna_r10.4.1_e8.2_400bps_sup@v5.2.0	DS:Z:gpu:NVIDIA GeForce RTX 4070 SUPER	PU:Z:FBG39641	DT:Z:2026-07-15T14:17:26.508000+00:00	tm:Z:adapter,primer
43518	2f3b7c9b-c545-4735-b1f7-3d19d288371e	qs:f:28.967	ch:i:283	st:Z:2026-07-15T18:43:38.937000+00:00	RG:Z:a40d6b40-d3ad-4fe7-8245-9c92f794f831_dna_r10.4.1_e8.2_400bps_sup@v5.2.0	DS:Z:gpu:NVIDIA GeForce RTX 4070 SUPER	PU:Z:FBG39641	DT:Z:2026-07-15T14:17:26.508000+00:00	tm:Z:adapter,primer rc
43518	04670c8e-6d4f-45b8-9aee-a27d1dc721bc	qs:f:22.1294	ch:i:178	st:Z:2026-07-16T02:04:09.801000+00:00	RG:Z:a40d6b40-d3ad-4fe7-8245-9c92f794f831_dna_r10.4.1_e8.2_400bps_sup@v5.2.0	DS:Z:gpu:NVIDIA GeForce RTX 4070 SUPER	PU:Z:FBG39641	DT:Z:2026-07-15T14:17:26.508000+00:00	tm:Z:adapter,primer rc
43518	4c280a40-49d3-4a6a-9706-67ca87dcc230	qs:f:19.2562	ch:i:485	st:Z:2026-07-15T18:10:40.416000+00:00	RG:Z:a40d6b40-d3ad-4fe7-8245-9c92f794f831_dna_r10.4.1_e8.2_400bps_sup@v5.2.0	DS:Z:gpu:NVIDIA GeForce RTX 4070 SUPER	PU:Z:FBG39641	DT:Z:2026-07-15T14:17:26.508000+00:00	tm:Z:adapter,primer rc
43518	a232ec7e-6a8a-4acc-a5c3-b923cd30aa46	qs:f:15.2757	ch:i:115	st:Z:2026-07-15T18:51:19.104000+00:00	RG:Z:a40d6b40-d3ad-4fe7-8245-9c92f794f831_dna_r10.4.1_e8.2_400bps_sup@v5.2.0	DS:Z:gpu:NVIDIA GeForce RTX 4070 SUPER	PU:Z:FBG39641	DT:Z:2026-07-15T14:17:26.508000+00:00	tm:Z:adapter,primer rc
43518	04075a82-86be-40eb-939e-6fc0e8470785	qs:f:15.1801	ch:i:191	st:Z:2026-07-16T00:21:10.596000+00:00	RG:Z:a40d6b40-d3ad-4fe7-8245-9c92f794f831_dna_r10.4.1_e8.2_400bps_sup@v5.2.0	DS:Z:gpu:NVIDIA GeForce RTX 4070 SUPER	PU:Z:FBG39641	DT:Z:2026-07-15T14:17:26.508000+00:00	tm:Z:adapter,primer
43518	3498f739-e7dd-4229-87d9-b449a6da9070	qs:f:22.8741	ch:i:87	st:Z:2026-07-15T19:06:36.447000+00:00	RG:Z:a40d6b40-d3ad-4fe7-8245-9c92f794f831_dna_r10.4.1_e8.2_400bps_sup@v5.2.0	DS:Z:gpu:NVIDIA GeForce RTX 4070 SUPER	PU:Z:FBG39641	DT:Z:2026-07-15T14:17:26.508000+00:00	tm:Z:adapter,primer
43518	e888936d-4b8b-4633-8b31-cbc05ae2e7d6	qs:f:21.9339	ch:i:45	st:Z:2026-07-16T00:03:47.687000+00:00	RG:Z:a40d6b40-d3ad-4fe7-8245-9c92f794f831_dna_r10.4.1_e8.2_400bps_sup@v5.2.0	DS:Z:gpu:NVIDIA GeForce RTX 4070 SUPER	PU:Z:FBG39641	DT:Z:2026-07-15T14:17:26.508000+00:00	tm:Z:adapter,primer rc
43518	0613d76f-dce0-4050-816e-5099fd136bd4	qs:f:16.966	ch:i:438	st:Z:2026-07-15T21:55:29.280000+00:00	RG:Z:a40d6b40-d3ad-4fe7-8245-9c92f794f831_dna_r10.4.1_e8.2_400bps_sup@v5.2.0	DS:Z:gpu:NVIDIA GeForce RTX 4070 SUPER	PU:Z:FBG39641	DT:Z:2026-07-15T14:17:26.508000+00:00	tm:Z:none
43518	1e33403c-9758-4899-9514-d8c0e50941fe	qs:f:14.8343	ch:i:117	st:Z:2026-07-15T16:40:10.315000+00:00	RG:Z:a40d6b40-d3ad-4fe7-8245-9c92f794f831_dna_r10.4.1_e8.2_400bps_sup@v5.2.0	DS:Z:gpu:NVIDIA GeForce RTX 4070 SUPER	PU:Z:FBG39641	DT:Z:2026-07-15T14:17:26.508000+00:00	tm:Z:adapter,primer
43518	2d80a5b5-45d5-43e4-92d4-684f55ba6c95	qs:f:21.6249	ch:i:297	st:Z:2026-07-15T18:48:37.194000+00:00	RG:Z:a40d6b40-d3ad-4fe7-8245-9c92f794f831_dna_r10.4.1_e8.2_400bps_sup@v5.2.0	DS:Z:gpu:NVIDIA GeForce RTX 4070 SUPER	PU:Z:FBG39641	DT:Z:2026-07-15T14:17:26.508000+00:00	tm:Z:adapter,primer rc
43518	fb903bc6-f6ff-4221-bd9b-278e0fef7f17	qs:f:13.0004	ch:i:475	st:Z:2026-07-16T00:20:45.224000+00:00	RG:Z:a40d6b40-d3ad-4fe7-8245-9c92f794f831_dna_r10.4.1_e8.2_400bps_sup@v5.2.0	DS:Z:gpu:NVIDIA GeForce RTX 4070 SUPER	PU:Z:FBG39641	DT:Z:2026-07-15T14:17:26.508000+00:00	tm:Z:none rc
43518	7b67b037-df2c-4d4b-9d7a-0612e80b1db3	qs:f:20.218	ch:i:78	st:Z:2026-07-15T18:48:46.756000+00:00	RG:Z:a40d6b40-d3ad-4fe7-8245-9c92f794f831_dna_r10.4.1_e8.2_400bps_sup@v5.2.0	DS:Z:gpu:NVIDIA GeForce RTX 4070 SUPER	PU:Z:FBG39641	DT:Z:2026-07-15T14:17:26.508000+00:00	tm:Z:none rc
43518	af237fed-3d1c-4fed-adcc-3b3664d2a091	qs:f:26.3421	ch:i:45	st:Z:2026-07-15T19:01:35.056000+00:00	RG:Z:a40d6b40-d3ad-4fe7-8245-9c92f794f831_dna_r10.4.1_e8.2_400bps_sup@v5.2.0	DS:Z:gpu:NVIDIA GeForce RTX 4070 SUPER	PU:Z:FBG39641	DT:Z:2026-07-15T14:17:26.508000+00:00	tm:Z:adapter,primer rc
43518	c6ee6979-dec4-4471-b9bc-7fb38092b06c	qs:f:32.3299	ch:i:412	st:Z:2026-07-15T15:37:22.749000+00:00	RG:Z:a40d6b40-d3ad-4fe7-8245-9c92f794f831_dna_r10.4.1_e8.2_400bps_sup@v5.2.0	DS:Z:gpu:NVIDIA GeForce RTX 4070 SUPER	PU:Z:FBG39641	DT:Z:2026-07-15T14:17:26.508000+00:00	tm:Z:adapter,primer
43518	a9346afb-859e-4c15-b139-177ba7e98642	qs:f:21.3135	ch:i:74	st:Z:2026-07-15T17:52:49.595000+00:00	RG:Z:a40d6b40-d3ad-4fe7-8245-9c92f794f831_dna_r10.4.1_e8.2_400bps_sup@v5.2.0	DS:Z:gpu:NVIDIA GeForce RTX 4070 SUPER	PU:Z:FBG39641	DT:Z:2026-07-15T14:17:26.508000+00:00	tm:Z:none rc
43518	e4169cdf-50df-4de4-8b2a-99a901f8a2db	qs:f:21.4136	ch:i:471	st:Z:2026-07-15T20:53:49.319000+00:00	RG:Z:a40d6b40-d3ad-4fe7-8245-9c92f794f831_dna_r10.4.1_e8.2_400bps_sup@v5.2.0	DS:Z:gpu:NVIDIA GeForce RTX 4070 SUPER	PU:Z:FBG39641	DT:Z:2026-07-15T14:17:26.508000+00:00	tm:Z:adapter,primer rc
43518	7f527091-16b5-4c3e-ac59-06385eeefb0b	qs:f:19.368	ch:i:344	st:Z:2026-07-16T01:01:02.739000+00:00	RG:Z:a40d6b40-d3ad-4fe7-8245-9c92f794f831_dna_r10.4.1_e8.2_400bps_sup@v5.2.0	DS:Z:gpu:NVIDIA GeForce RTX 4070 SUPER	PU:Z:FBG39641	DT:Z:2026-07-15T14:17:26.508000+00:00	tm:Z:adapter,primer
43518	a4d51677-c54c-40a7-98a4-4dee5acd3355	qs:f:24.9975	ch:i:410	st:Z:2026-07-15T18:08:44.568000+00:00	RG:Z:a40d6b40-d3ad-4fe7-8245-9c92f794f831_dna_r10.4.1_e8.2_400bps_sup@v5.2.0	DS:Z:gpu:NVIDIA GeForce RTX 4070 SUPER	PU:Z:FBG39641	DT:Z:2026-07-15T14:17:26.508000+00:00	tm:Z:none rc
43518	c0427e84-4f0e-4f84-b324-14f8e9c34382	qs:f:24.7248	ch:i:157	st:Z:2026-07-15T16:31:29.351000+00:00	RG:Z:a40d6b40-d3ad-4fe7-8245-9c92f794f831_dna_r10.4.1_e8.2_400bps_sup@v5.2.0	DS:Z:gpu:NVIDIA GeForce RTX 4070 SUPER	PU:Z:FBG39641	DT:Z:2026-07-15T14:17:26.508000+00:00	tm:Z:adapter,primer rc
43518	a0f58908-9953-4a08-a9ca-d7399476ab58	qs:f:12.7921	ch:i:224	st:Z:2026-07-15T20:51:59.412000+00:00	RG:Z:a40d6b40-d3ad-4fe7-8245-9c92f794f831_dna_r10.4.1_e8.2_400bps_sup@v5.2.0	DS:Z:gpu:NVIDIA GeForce RTX 4070 SUPER	PU:Z:FBG39641	DT:Z:2026-07-15T14:17:26.508000+00:00	tm:Z:none
43518	db4784e9-67b8-46ca-b22d-af09a375eeea	qs:f:24.5237	ch:i:242	st:Z:2026-07-15T15:24:22.541000+00:00	RG:Z:a40d6b40-d3ad-4fe7-8245-9c92f794f831_dna_r10.4.1_e8.2_400bps_sup@v5.2.0	DS:Z:gpu:NVIDIA GeForce RTX 4070 SUPER	PU:Z:FBG39641	DT:Z:2026-07-15T14:17:26.508000+00:00	tm:Z:adapter,primer
43518	70a10318-b053-40d5-a729-cd6c47c79913	qs:f:20.5468	ch:i:446	st:Z:2026-07-15T20:05:32.486000+00:00	RG:Z:a40d6b40-d3ad-4fe7-8245-9c92f794f831_dna_r10.4.1_e8.2_400bps_sup@v5.2.0	DS:Z:gpu:NVIDIA GeForce RTX 4070 SUPER	PU:Z:FBG39641	DT:Z:2026-07-15T14:17:26.508000+00:00	tm:Z:adapter,primer rc
43518	ec7887bd-5c1b-430e-aff0-91439862ffdb	qs:f:23.3365	ch:i:140	st:Z:2026-07-15T19:30:46.087000+00:00	RG:Z:a40d6b40-d3ad-4fe7-8245-9c92f794f831_dna_r10.4.1_e8.2_400bps_sup@v5.2.0	DS:Z:gpu:NVIDIA GeForce RTX 4070 SUPER	PU:Z:FBG39641	DT:Z:2026-07-15T14:17:26.508000+00:00	tm:Z:adapter,primer
43518	15324f29-4d07-47f5-b15a-f4fba12f8031	qs:f:26.6001	ch:i:202	st:Z:2026-07-16T00:12:26.630000+00:00	RG:Z:a40d6b40-d3ad-4fe7-8245-9c92f794f831_dna_r10.4.1_e8.2_400bps_sup@v5.2.0	DS:Z:gpu:NVIDIA GeForce RTX 4070 SUPER	PU:Z:FBG39641	DT:Z:2026-07-15T14:17:26.508000+00:00	tm:Z:none
43518	e3e126f7-6641-4fd4-881f-302a00b758fe	qs:f:28.2083	ch:i:308	st:Z:2026-07-15T22:56:23.151000+00:00	RG:Z:a40d6b40-d3ad-4fe7-8245-9c92f794f831_dna_r10.4.1_e8.2_400bps_sup@v5.2.0	DS:Z:gpu:NVIDIA GeForce RTX 4070 SUPER	PU:Z:FBG39641	DT:Z:2026-07-15T14:17:26.508000+00:00	tm:Z:none rc
43518	9aa1c100-1b4d-4bb2-babb-89bd73266856	qs:f:24.3292	ch:i:48	st:Z:2026-07-15T18:51:45.885000+00:00	RG:Z:a40d6b40-d3ad-4fe7-8245-9c92f794f831_dna_r10.4.1_e8.2_400bps_sup@v5.2.0	DS:Z:gpu:NVIDIA GeForce RTX 4070 SUPER	PU:Z:FBG39641	DT:Z:2026-07-15T14:17:26.508000+00:00	tm:Z:adapter,primer rc
43518	3ee2e1f0-015d-480a-bdfa-0a66ba2a897e	qs:f:33.0228	ch:i:502	st:Z:2026-07-15T18:58:49.922000+00:00	RG:Z:a40d6b40-d3ad-4fe7-8245-9c92f794f831_dna_r10.4.1_e8.2_400bps_sup@v5.2.0	DS:Z:gpu:NVIDIA GeForce RTX 4070 SUPER	PU:Z:FBG39641	DT:Z:2026-07-15T14:17:26.508000+00:00	tm:Z:adapter,primer
43518	fb2b9b68-c663-4d1f-bacb-b85aec21971a	qs:f:12.3804	ch:i:392	st:Z:2026-07-15T19:57:29.061000+00:00	RG:Z:a40d6b40-d3ad-4fe7-8245-9c92f794f831_dna_r10.4.1_e8.2_400bps_sup@v5.2.0	DS:Z:gpu:NVIDIA GeForce RTX 4070 SUPER	PU:Z:FBG39641	DT:Z:2026-07-15T14:17:26.508000+00:00	tm:Z:adapter,primer rc
43518	4f6b2b1e-6cd6-49fe-879f-bf1a9fa1c3cc	qs:f:18.6186	ch:i:283	st:Z:2026-07-15T17:49:20.366000+00:00	RG:Z:a40d6b40-d3ad-4fe7-8245-9c92f794f831_dna_r10.4.1_e8.2_400bps_sup@v5.2.0	DS:Z:gpu:NVIDIA GeForce RTX 4070 SUPER	PU:Z:FBG39641	DT:Z:2026-07-15T14:17:26.508000+00:00	tm:Z:adapter,primer rc
43518	084870c1-0a43-42f8-9c9b-aa6b011b2397	qs:f:18.2897	ch:i:344	st:Z:2026-07-15T15:49:42.572000+00:00	RG:Z:a40d6b40-d3ad-4fe7-8245-9c92f794f831_dna_r10.4.1_e8.2_400bps_sup@v5.2.0	DS:Z:gpu:NVIDIA GeForce RTX 4070 SUPER	PU:Z:FBG39641	DT:Z:2026-07-15T14:17:26.508000+00:00	tm:Z:adapter,primer rc
43518	28bba8b7-601d-4064-a3e1-0bcf21a0ca3a	qs:f:12.0261	ch:i:132	st:Z:2026-07-15T23:28:43.938000+00:00	RG:Z:a40d6b40-d3ad-4fe7-8245-9c92f794f831_dna_r10.4.1_e8.2_400bps_sup@v5.2.0	DS:Z:gpu:NVIDIA GeForce RTX 4070 SUPER	PU:Z:FBG39641	DT:Z:2026-07-15T14:17:26.508000+00:00	tm:Z:adapter,primer
43518	c365f696-958f-483d-85da-026d1e3039de	qs:f:11.704	ch:i:138	st:Z:2026-07-15T15:15:38.304000+00:00	RG:Z:a40d6b40-d3ad-4fe7-8245-9c92f794f831_dna_r10.4.1_e8.2_400bps_sup@v5.2.0	DS:Z:gpu:NVIDIA GeForce RTX 4070 SUPER	PU:Z:FBG39641	DT:Z:2026-07-15T14:17:26.508000+00:00	tm:Z:none rc
43518	6e6d25cb-bb7f-4a8a-85b9-d2b2d47cb660	qs:f:14.3658	ch:i:381	st:Z:2026-07-16T02:00:05.691000+00:00	RG:Z:a40d6b40-d3ad-4fe7-8245-9c92f794f831_dna_r10.4.1_e8.2_400bps_sup@v5.2.0	DS:Z:gpu:NVIDIA GeForce RTX 4070 SUPER	PU:Z:FBG39641	DT:Z:2026-07-15T14:17:26.508000+00:00	tm:Z:adapter,primer
43518	b5d0d414-cd6b-455d-86fd-4cafd248d8a1	qs:f:31.5342	ch:i:297	st:Z:2026-07-15T18:16:11.171000+00:00	RG:Z:a40d6b40-d3ad-4fe7-8245-9c92f794f831_dna_r10.4.1_e8.2_400bps_sup@v5.2.0	DS:Z:gpu:NVIDIA GeForce RTX 4070 SUPER	PU:Z:FBG39641	DT:Z:2026-07-15T14:17:26.508000+00:00	tm:Z:none
43518	8fecf777-5b99-4676-9cd6-d9d820b07885	qs:f:26.2463	ch:i:156	st:Z:2026-07-15T22:33:32.203000+00:00	RG:Z:a40d6b40-d3ad-4fe7-8245-9c92f794f831_dna_r10.4.1_e8.2_400bps_sup@v5.2.0	DS:Z:gpu:NVIDIA GeForce RTX 4070 SUPER	PU:Z:FBG39641	DT:Z:2026-07-15T14:17:26.508000+00:00	tm:Z:adapter,primer rc
43518	1b988411-6704-473e-81c0-6d619ed4cb85	qs:f:19.915	ch:i:154	st:Z:2026-07-15T22:18:12.229000+00:00	RG:Z:a40d6b40-d3ad-4fe7-8245-9c92f794f831_dna_r10.4.1_e8.2_400bps_sup@v5.2.0	DS:Z:gpu:NVIDIA GeForce RTX 4070 SUPER	PU:Z:FBG39641	DT:Z:2026-07-15T14:17:26.508000+00:00	tm:Z:none rc
43518	30155732-dc43-44d6-a01e-a7d18e28d134	qs:f:28.6667	ch:i:214	st:Z:2026-07-15T16:13:09.624000+00:00	RG:Z:a40d6b40-d3ad-4fe7-8245-9c92f794f831_dna_r10.4.1_e8.2_400bps_sup@v5.2.0	DS:Z:gpu:NVIDIA GeForce RTX 4070 SUPER	PU:Z:FBG39641	DT:Z:2026-07-15T14:17:26.508000+00:00	tm:Z:adapter,primer
43518	d31c747c-6679-48a5-b5d9-4e38673401c5	qs:f:17.8521	ch:i:150	st:Z:2026-07-15T17:38:23.960000+00:00	RG:Z:a40d6b40-d3ad-4fe7-8245-9c92f794f831_dna_r10.4.1_e8.2_400bps_sup@v5.2.0	DS:Z:gpu:NVIDIA GeForce RTX 4070 SUPER	PU:Z:FBG39641	DT:Z:2026-07-15T14:17:26.508000+00:00	tm:Z:adapter,primer
43518	681381fb-6c0c-4047-b2bf-631ce65e7abb	qs:f:15.3654	ch:i:284	st:Z:2026-07-16T00:39:58.670000+00:00	RG:Z:a40d6b40-d3ad-4fe7-8245-9c92f794f831_dna_r10.4.1_e8.2_400bps_sup@v5.2.0	DS:Z:gpu:NVIDIA GeForce RTX 4070 SUPER	PU:Z:FBG39641	DT:Z:2026-07-15T14:17:26.508000+00:00	tm:Z:adapter,primer
43518	07220cd8-d3c3-4670-a7e6-509e5bde1244	qs:f:17.192	ch:i:76	st:Z:2026-07-15T16:26:22.196000+00:00	RG:Z:a40d6b40-d3ad-4fe7-8245-9c92f794f831_dna_r10.4.1_e8.2_400bps_sup@v5.2.0	DS:Z:gpu:NVIDIA GeForce RTX 4070 SUPER	PU:Z:FBG39641	DT:Z:2026-07-15T14:17:26.508000+00:00	tm:Z:none
43518	5483b022-9e8b-4add-ab7a-c4ef09fd7543	qs:f:19.5741	ch:i:56	st:Z:2026-07-15T16:05:51.832000+00:00	RG:Z:a40d6b40-d3ad-4fe7-8245-9c92f794f831_dna_r10.4.1_e8.2_400bps_sup@v5.2.0	DS:Z:gpu:NVIDIA GeForce RTX 4070 SUPER	PU:Z:FBG39641	DT:Z:2026-07-15T14:17:26.508000+00:00	tm:Z:adapter,primer rc
43518	cc73a8d5-037f-4f29-8852-9886e6b73d29	qs:f:13.0955	ch:i:389	st:Z:2026-07-15T15:16:51.840000+00:00	RG:Z:a40d6b40-d3ad-4fe7-8245-9c92f794f831_dna_r10.4.1_e8.2_400bps_sup@v5.2.0	DS:Z:gpu:NVIDIA GeForce RTX 4070 SUPER	PU:Z:FBG39641	DT:Z:2026-07-15T14:17:26.508000+00:00	tm:Z:adapter,primer rc
43518	e8899c6f-b5db-49d6-9f85-7cab7d60151e	qs:f:13.863	ch:i:214	st:Z:2026-07-15T20:14:04.469000+00:00	RG:Z:a40d6b40-d3ad-4fe7-8245-9c92f794f831_dna_r10.4.1_e8.2_400bps_sup@v5.2.0	DS:Z:gpu:NVIDIA GeForce RTX 4070 SUPER	PU:Z:FBG39641	DT:Z:2026-07-15T14:17:26.508000+00:00	tm:Z:adapter,primer
43518	12cbf8a7-768d-4530-ab30-a6de34e1f18c	qs:f:29.7854	ch:i:155	st:Z:2026-07-15T15:02:56.642000+00:00	RG:Z:a40d6b40-d3ad-4fe7-8245-9c92f794f831_dna_r10.4.1_e8.2_400bps_sup@v5.2.0	DS:Z:gpu:NVIDIA GeForce RTX 4070 SUPER	PU:Z:FBG39641	DT:Z:2026-07-15T14:17:26.508000+00:00	tm:Z:adapter,primer rc
43518	fb6cffc3-e38d-468a-a3e6-090d8ef50910	qs:f:34.6233	ch:i:56	st:Z:2026-07-15T16:47:00.215000+00:00	RG:Z:a40d6b40-d3ad-4fe7-8245-9c92f794f831_dna_r10.4.1_e8.2_400bps_sup@v5.2.0	DS:Z:gpu:NVIDIA GeForce RTX 4070 SUPER	PU:Z:FBG39641	DT:Z:2026-07-15T14:17:26.508000+00:00	tm:Z:none
43518	26771de9-db3d-4f47-bf8a-11a45c47a81a	qs:f:13.2103	ch:i:184	st:Z:2026-07-15T18:56:28.536000+00:00	RG:Z:a40d6b40-d3ad-4fe7-8245-9c92f794f831_dna_r10.4.1_e8.2_400bps_sup@v5.2.0	DS:Z:gpu:NVIDIA GeForce RTX 4070 SUPER	PU:Z:FBG39641	DT:Z:2026-07-15T14:17:26.508000+00:00	tm:Z:adapter,primer rc
43518	d02aff0d-a10d-480f-bd44-181d6e21dd11	qs:f:23.4707	ch:i:151	st:Z:2026-07-15T14:27:10.831000+00:00	RG:Z:a40d6b40-d3ad-4fe7-8245-9c92f794f831_dna_r10.4.1_e8.2_400bps_sup@v5.2.0	DS:Z:gpu:NVIDIA GeForce RTX 4070 SUPER	PU:Z:FBG39641	DT:Z:2026-07-15T14:17:26.508000+00:00	tm:Z:adapter,primer rc
43518	dfe089b5-cf9c-4959-ab36-dbf05b8b114c	qs:f:30.8393	ch:i:305	st:Z:2026-07-15T15:03:46.281000+00:00	RG:Z:a40d6b40-d3ad-4fe7-8245-9c92f794f831_dna_r10.4.1_e8.2_400bps_sup@v5.2.0	DS:Z:gpu:NVIDIA GeForce RTX 4070 SUPER	PU:Z:FBG39641	DT:Z:2026-07-15T14:17:26.508000+00:00	tm:Z:adapter,primer
43518	2b0a42f5-73cd-482d-be00-fd9158e31e61	qs:f:30.1951	ch:i:298	st:Z:2026-07-15T17:15:28.992000+00:00	RG:Z:a40d6b40-d3ad-4fe7-8245-9c92f794f831_dna_r10.4.1_e8.2_400bps_sup@v5.2.0	DS:Z:gpu:NVIDIA GeForce RTX 4070 SUPER	PU:Z:FBG39641	DT:Z:2026-07-15T14:17:26.508000+00:00	tm:Z:adapter,primer rc
43518	f5383bed-6e51-45fd-860d-8ac691fca3a6	qs:f:31.0683	ch:i:200	st:Z:2026-07-15T15:28:44.723000+00:00	RG:Z:a40d6b40-d3ad-4fe7-8245-9c92f794f831_dna_r10.4.1_e8.2_400bps_sup@v5.2.0	DS:Z:gpu:NVIDIA GeForce RTX 4070 SUPER	PU:Z:FBG39641	DT:Z:2026-07-15T14:17:26.508000+00:00	tm:Z:adapter,primer
43518	f712db78-279f-40e9-b7bf-514ce9c79266	qs:f:22.984	ch:i:268	st:Z:2026-07-16T02:08:07.314000+00:00	RG:Z:a40d6b40-d3ad-4fe7-8245-9c92f794f831_dna_r10.4.1_e8.2_400bps_sup@v5.2.0	DS:Z:gpu:NVIDIA GeForce RTX 4070 SUPER	PU:Z:FBG39641	DT:Z:2026-07-15T14:17:26.508000+00:00	tm:Z:adapter,primer rc
43518	4ecec8c6-0923-4bde-855a-bd25e2b5ac3a	qs:f:14.8974	ch:i:397	st:Z:2026-07-15T18:30:37.809000+00:00	RG:Z:a40d6b40-d3ad-4fe7-8245-9c92f794f831_dna_r10.4.1_e8.2_400bps_sup@v5.2.0	DS:Z:gpu:NVIDIA GeForce RTX 4070 SUPER	PU:Z:FBG39641	DT:Z:2026-07-15T14:17:26.508000+00:00	tm:Z:adapter,primer rc
43518	950dc307-5b74-47a0-80dc-3c4d6651b7bb	qs:f:19.7269	ch:i:3	st:Z:2026-07-15T14:37:21.055000+00:00	RG:Z:a40d6b40-d3ad-4fe7-8245-9c92f794f831_dna_r10.4.1_e8.2_400bps_sup@v5.2.0	DS:Z:gpu:NVIDIA GeForce RTX 4070 SUPER	PU:Z:FBG39641	DT:Z:2026-07-15T14:17:26.508000+00:00	tm:Z:adapter,primer rc
43518	b036d39d-5833-4583-831a-e6ccc22d0519	qs:f:18.4207	ch:i:230	st:Z:2026-07-15T14:56:12.760000+00:00	RG:Z:a40d6b40-d3ad-4fe7-8245-9c92f794f831_dna_r10.4.1_e8.2_400bps_sup@v5.2.0	DS:Z:gpu:NVIDIA GeForce RTX 4070 SUPER	PU:Z:FBG39641	DT:Z:2026-07-15T14:17:26.508000+00:00	tm:Z:adapter,primer rc
43518	c6d624a9-e642-46bb-b63f-0a739bc13d05	qs:f:16.0825	ch:i:72	st:Z:2026-07-15T16:28:05.661000+00:00	RG:Z:a40d6b40-d3ad-4fe7-8245-9c92f794f831_dna_r10.4.1_e8.2_400bps_sup@v5.2.0	DS:Z:gpu:NVIDIA GeForce RTX 4070 SUPER	PU:Z:FBG39641	DT:Z:2026-07-15T14:17:26.508000+00:00	tm:Z:adapter,primer rc
43518	5e8f44ef-35ea-4892-bb82-37a1cf6fc5f6	qs:f:25.0602	ch:i:40	st:Z:2026-07-16T02:17:57.001000+00:00	RG:Z:a40d6b40-d3ad-4fe7-8245-9c92f794f831_dna_r10.4.1_e8.2_400bps_sup@v5.2.0	DS:Z:gpu:NVIDIA GeForce RTX 4070 SUPER	PU:Z:FBG39641	DT:Z:2026-07-15T14:17:26.508000+00:00	tm:Z:adapter,primer
43518	09837159-f981-4ab8-86b0-733619f582d5	qs:f:27.9038	ch:i:455	st:Z:2026-07-15T16:43:04.793000+00:00	RG:Z:a40d6b40-d3ad-4fe7-8245-9c92f794f831_dna_r10.4.1_e8.2_400bps_sup@v5.2.0	DS:Z:gpu:NVIDIA GeForce RTX 4070 SUPER	PU:Z:FBG39641	DT:Z:2026-07-15T14:17:26.508000+00:00	tm:Z:adapter,primer
43518	3dcf98c4-c4f7-4b1e-b935-30424ba5b65d	qs:f:13.0787	ch:i:329	st:Z:2026-07-15T22:18:29.582000+00:00	RG:Z:a40d6b40-d3ad-4fe7-8245-9c92f794f831_dna_r10.4.1_e8.2_400bps_sup@v5.2.0	DS:Z:gpu:NVIDIA GeForce RTX 4070 SUPER	PU:Z:FBG39641	DT:Z:2026-07-15T14:17:26.508000+00:00	tm:Z:none rc
43518	d7ab9660-0ce5-45c8-8ed6-4c990b1e38d1	qs:f:27.177	ch:i:436	st:Z:2026-07-16T00:47:25.925000+00:00	RG:Z:a40d6b40-d3ad-4fe7-8245-9c92f794f831_dna_r10.4.1_e8.2_400bps_sup@v5.2.0	DS:Z:gpu:NVIDIA GeForce RTX 4070 SUPER	PU:Z:FBG39641	DT:Z:2026-07-15T14:17:26.508000+00:00	tm:Z:adapter,primer rc
43518	e3325ac3-380c-4599-9b8d-9e656725c8c4	qs:f:14.0982	ch:i:456	st:Z:2026-07-16T02:00:52.906000+00:00	RG:Z:a40d6b40-d3ad-4fe7-8245-9c92f794f831_dna_r10.4.1_e8.2_400bps_sup@v5.2.0	DS:Z:gpu:NVIDIA GeForce RTX 4070 SUPER	PU:Z:FBG39641	DT:Z:2026-07-15T14:17:26.508000+00:00	tm:Z:adapter,primer
43518	db830b34-cb24-4f63-b487-c599a35dffca	qs:f:15.0724	ch:i:284	st:Z:2026-07-15T20:29:15.658000+00:00	RG:Z:a40d6b40-d3ad-4fe7-8245-9c92f794f831_dna_r10.4.1_e8.2_400bps_sup@v5.2.0	DS:Z:gpu:NVIDIA GeForce RTX 4070 SUPER	PU:Z:FBG39641	DT:Z:2026-07-15T14:17:26.508000+00:00	tm:Z:adapter,primer
43518	14aa61e7-5066-4541-ae66-012703344c37	qs:f:19.2065	ch:i:125	st:Z:2026-07-15T16:05:07.944000+00:00	RG:Z:a40d6b40-d3ad-4fe7-8245-9c92f794f831_dna_r10.4.1_e8.2_400bps_sup@v5.2.0	DS:Z:gpu:NVIDIA GeForce RTX 4070 SUPER	PU:Z:FBG39641	DT:Z:2026-07-15T14:17:26.508000+00:00	tm:Z:adapter,primer
43518	465d5bfd-6529-4700-9f09-f8321c2bfb16	qs:f:28.8091	ch:i:134	st:Z:2026-07-15T15:09:10.330000+00:00	RG:Z:a40d6b40-d3ad-4fe7-8245-9c92f794f831_dna_r10.4.1_e8.2_400bps_sup@v5.2.0	DS:Z:gpu:NVIDIA GeForce RTX 4070 SUPER	PU:Z:FBG39641	DT:Z:2026-07-15T14:17:26.508000+00:00	tm:Z:adapter,primer rc
43518	f12c5302-4282-4723-a31b-244ef449a158	qs:f:18.0145	ch:i:381	st:Z:2026-07-16T02:06:32.762000+00:00	RG:Z:a40d6b40-d3ad-4fe7-8245-9c92f794f831_dna_r10.4.1_e8.2_400bps_sup@v5.2.0	DS:Z:gpu:NVIDIA GeForce RTX 4070 SUPER	PU:Z:FBG39641	DT:Z:2026-07-15T14:17:26.508000+00:00	tm:Z:adapter,primer
43518	9269f801-5e85-4eaa-beb6-2987333203ca	qs:f:26.0536	ch:i:183	st:Z:2026-07-15T16:06:08.423000+00:00	RG:Z:a40d6b40-d3ad-4fe7-8245-9c92f794f831_dna_r10.4.1_e8.2_400bps_sup@v5.2.0	DS:Z:gpu:NVIDIA GeForce RTX 4070 SUPER	PU:Z:FBG39641	DT:Z:2026-07-15T14:17:26.508000+00:00	tm:Z:adapter,primer
43518	81336bd8-9f07-4d22-bd43-1203972936e6	qs:f:23.2674	ch:i:19	st:Z:2026-07-16T00:05:02.572000+00:00	RG:Z:a40d6b40-d3ad-4fe7-8245-9c92f794f831_dna_r10.4.1_e8.2_400bps_sup@v5.2.0	DS:Z:gpu:NVIDIA GeForce RTX 4070 SUPER	PU:Z:FBG39641	DT:Z:2026-07-15T14:17:26.508000+00:00	tm:Z:adapter,primer
43518	9ea9ad5b-6bff-4ccd-9750-b8585e5fa8bb	qs:f:25.7715	ch:i:394	st:Z:2026-07-15T15:25:32.938000+00:00	RG:Z:a40d6b40-d3ad-4fe7-8245-9c92f794f831_dna_r10.4.1_e8.2_400bps_sup@v5.2.0	DS:Z:gpu:NVIDIA GeForce RTX 4070 SUPER	PU:Z:FBG39641	DT:Z:2026-07-15T14:17:26.508000+00:00	tm:Z:adapter,primer rc
43518	22dfcb12-ee1f-4c2f-8967-3c174a9c6599	qs:f:27.4442	ch:i:93	st:Z:2026-07-15T23:15:46.533000+00:00	RG:Z:a40d6b40-d3ad-4fe7-8245-9c92f794f831_dna_r10.4.1_e8.2_400bps_sup@v5.2.0	DS:Z:gpu:NVIDIA GeForce RTX 4070 SUPER	PU:Z:FBG39641	DT:Z:2026-07-15T14:17:26.508000+00:00	tm:Z:adapter,primer
43518	a68c683c-21cb-4f72-a5f0-fea6fd4300e6	qs:f:20.4842	ch:i:298	st:Z:2026-07-15T16:27:22.891000+00:00	RG:Z:a40d6b40-d3ad-4fe7-8245-9c92f794f831_dna_r10.4.1_e8.2_400bps_sup@v5.2.0	DS:Z:gpu:NVIDIA GeForce RTX 4070 SUPER	PU:Z:FBG39641	DT:Z:2026-07-15T14:17:26.508000+00:00	tm:Z:adapter,primer
43518	8fa791d2-cd54-4083-8ecb-67ee42fa1706	qs:f:18.5096	ch:i:40	st:Z:2026-07-15T14:50:42.176000+00:00	RG:Z:a40d6b40-d3ad-4fe7-8245-9c92f794f831_dna_r10.4.1_e8.2_400bps_sup@v5.2.0	DS:Z:gpu:NVIDIA GeForce RTX 4070 SUPER	PU:Z:FBG39641	DT:Z:2026-07-15T14:17:26.508000+00:00	tm:Z:adapter,primer
43518	1cfebd8d-6ff5-4fdc-b4db-13ac9bf3d506	qs:f:22.623	ch:i:481	st:Z:2026-07-16T01:30:40.653000+00:00	RG:Z:a40d6b40-d3ad-4fe7-8245-9c92f794f831_dna_r10.4.1_e8.2_400bps_sup@v5.2.0	DS:Z:gpu:NVIDIA GeForce RTX 4070 SUPER	PU:Z:FBG39641	DT:Z:2026-07-15T14:17:26.508000+00:00	tm:Z:adapter,primer
43518	5ec4162d-ca8f-418c-9b07-6038a2b0f737	qs:f:15.8465	ch:i:364	st:Z:2026-07-15T16:44:57.838000+00:00	RG:Z:a40d6b40-d3ad-4fe7-8245-9c92f794f831_dna_r10.4.1_e8.2_400bps_sup@v5.2.0	DS:Z:gpu:NVIDIA GeForce RTX 4070 SUPER	PU:Z:FBG39641	DT:Z:2026-07-15T14:17:26.508000+00:00	tm:Z:adapter,primer rc
43518	13131ea4-cd15-49a2-b74c-1adde574b50c	qs:f:13.0091	ch:i:106	st:Z:2026-07-15T21:47:00.152000+00:00	RG:Z:a40d6b40-d3ad-4fe7-8245-9c92f794f831_dna_r10.4.1_e8.2_400bps_sup@v5.2.0	DS:Z:gpu:NVIDIA GeForce RTX 4070 SUPER	PU:Z:FBG39641	DT:Z:2026-07-15T14:17:26.508000+00:00	tm:Z:none
43518	0f2be885-f1d0-446f-b999-2edc131b59c5	qs:f:12.7503	ch:i:339	st:Z:2026-07-15T18:01:53.480000+00:00	RG:Z:a40d6b40-d3ad-4fe7-8245-9c92f794f831_dna_r10.4.1_e8.2_400bps_sup@v5.2.0	DS:Z:gpu:NVIDIA GeForce RTX 4070 SUPER	PU:Z:FBG39641	DT:Z:2026-07-15T14:17:26.508000+00:00	tm:Z:adapter,primer rc
43518	446f8bc7-6793-4b33-9bab-824a60b2d552	qs:f:20.1665	ch:i:394	st:Z:2026-07-15T22:29:27.040000+00:00	RG:Z:a40d6b40-d3ad-4fe7-8245-9c92f794f831_dna_r10.4.1_e8.2_400bps_sup@v5.2.0	DS:Z:gpu:NVIDIA GeForce RTX 4070 SUPER	PU:Z:FBG39641	DT:Z:2026-07-15T14:17:26.508000+00:00	tm:Z:adapter,primer
43518	76c5d21f-1b08-4c18-bd5f-dd40981832a7	qs:f:22.9568	ch:i:290	st:Z:2026-07-15T17:53:29.204000+00:00	RG:Z:a40d6b40-d3ad-4fe7-8245-9c92f794f831_dna_r10.4.1_e8.2_400bps_sup@v5.2.0	DS:Z:gpu:NVIDIA GeForce RTX 4070 SUPER	PU:Z:FBG39641	DT:Z:2026-07-15T14:17:26.508000+00:00	tm:Z:adapter,primer
43518	dbf7c956-6f34-4f0a-bc21-80691bf411fc	qs:f:31.8469	ch:i:123	st:Z:2026-07-15T14:48:51.229000+00:00	RG:Z:a40d6b40-d3ad-4fe7-8245-9c92f794f831_dna_r10.4.1_e8.2_400bps_sup@v5.2.0	DS:Z:gpu:NVIDIA GeForce RTX 4070 SUPER	PU:Z:FBG39641	DT:Z:2026-07-15T14:17:26.508000+00:00	tm:Z:adapter,primer
43518	8de5e4d7-c78c-42cf-8a1d-5704e502a36d	qs:f:14.7939	ch:i:223	st:Z:2026-07-15T20:58:54.975000+00:00	RG:Z:a40d6b40-d3ad-4fe7-8245-9c92f794f831_dna_r10.4.1_e8.2_400bps_sup@v5.2.0	DS:Z:gpu:NVIDIA GeForce RTX 4070 SUPER	PU:Z:FBG39641	DT:Z:2026-07-15T14:17:26.508000+00:00	tm:Z:adapter,primer rc
43518	e6bd4f75-896d-44fb-bb91-7fd09b4dafa6	qs:f:19.7473	ch:i:305	st:Z:2026-07-15T16:08:40.524000+00:00	RG:Z:a40d6b40-d3ad-4fe7-8245-9c92f794f831_dna_r10.4.1_e8.2_400bps_sup@v5.2.0	DS:Z:gpu:NVIDIA GeForce RTX 4070 SUPER	PU:Z:FBG39641	DT:Z:2026-07-15T14:17:26.508000+00:00	tm:Z:adapter,primer rc
43518	6c0d9a3d-4930-4369-bfc1-e7c074e455d3	qs:f:24.7102	ch:i:371	st:Z:2026-07-15T15:34:21.940000+00:00	RG:Z:a40d6b40-d3ad-4fe7-8245-9c92f794f831_dna_r10.4.1_e8.2_400bps_sup@v5.2.0	DS:Z:gpu:NVIDIA GeForce RTX 4070 SUPER	PU:Z:FBG39641	DT:Z:2026-07-15T14:17:26.508000+00:00	tm:Z:adapter,primer rc
43518	ea87dc68-070c-4b60-8d8b-8e8098cdf91c	qs:f:16.2903	ch:i:87	st:Z:2026-07-15T23:23:44.649000+00:00	RG:Z:a40d6b40-d3ad-4fe7-8245-9c92f794f831_dna_r10.4.1_e8.2_400bps_sup@v5.2.0	DS:Z:gpu:NVIDIA GeForce RTX 4070 SUPER	PU:Z:FBG39641	DT:Z:2026-07-15T14:17:26.508000+00:00	tm:Z:adapter,primer rc
43518	29600acf-52bb-4af2-ad12-b012f36e4156	qs:f:20.0256	ch:i:269	st:Z:2026-07-15T15:03:03.832000+00:00	RG:Z:a40d6b40-d3ad-4fe7-8245-9c92f794f831_dna_r10.4.1_e8.2_400bps_sup@v5.2.0	DS:Z:gpu:NVIDIA GeForce RTX 4070 SUPER	PU:Z:FBG39641	DT:Z:2026-07-15T14:17:26.508000+00:00	tm:Z:adapter,primer rc
43518	ca74170b-d159-4b18-b575-021f8bbb38a4	qs:f:16.5558	ch:i:344	st:Z:2026-07-15T16:43:04.452000+00:00	RG:Z:a40d6b40-d3ad-4fe7-8245-9c92f794f831_dna_r10.4.1_e8.2_400bps_sup@v5.2.0	DS:Z:gpu:NVIDIA GeForce RTX 4070 SUPER	PU:Z:FBG39641	DT:Z:2026-07-15T14:17:26.508000+00:00	tm:Z:adapter,primer rc
43518	76d6301b-85b2-401e-8572-08da381e1a12	qs:f:26.2251	ch:i:68	st:Z:2026-07-15T18:30:29.346000+00:00	RG:Z:a40d6b40-d3ad-4fe7-8245-9c92f794f831_dna_r10.4.1_e8.2_400bps_sup@v5.2.0	DS:Z:gpu:NVIDIA GeForce RTX 4070 SUPER	PU:Z:FBG39641	DT:Z:2026-07-15T14:17:26.508000+00:00	tm:Z:none
43518	55467b91-bcba-4ed3-ad3b-3b185e1e9697	qs:f:32.9926	ch:i:320	st:Z:2026-07-15T14:36:14.743000+00:00	RG:Z:a40d6b40-d3ad-4fe7-8245-9c92f794f831_dna_r10.4.1_e8.2_400bps_sup@v5.2.0	DS:Z:gpu:NVIDIA GeForce RTX 4070 SUPER	PU:Z:FBG39641	DT:Z:2026-07-15T14:17:26.508000+00:00	tm:Z:adapter,primer
43518	d5fd301b-17ff-4eaa-931e-358b29fe7b4f	qs:f:17.5195	ch:i:184	st:Z:2026-07-15T23:11:13.530000+00:00	RG:Z:a40d6b40-d3ad-4fe7-8245-9c92f794f831_dna_r10.4.1_e8.2_400bps_sup@v5.2.0	DS:Z:gpu:NVIDIA GeForce RTX 4070 SUPER	PU:Z:FBG39641	DT:Z:2026-07-15T14:17:26.508000+00:00	tm:Z:none
43518	4d9ec478-da86-4994-b98f-bf929840f1fe	qs:f:20.8057	ch:i:255	st:Z:2026-07-16T00:17:20.021000+00:00	RG:Z:a40d6b40-d3ad-4fe7-8245-9c92f794f831_dna_r10.4.1_e8.2_400bps_sup@v5.2.0	DS:Z:gpu:NVIDIA GeForce RTX 4070 SUPER	PU:Z:FBG39641	DT:Z:2026-07-15T14:17:26.508000+00:00	tm:Z:adapter,primer
43518	83bef0d3-7b6e-46de-8e66-918863333791	qs:f:18.6049	ch:i:126	st:Z:2026-07-15T16:35:18.604000+00:00	RG:Z:a40d6b40-d3ad-4fe7-8245-9c92f794f831_dna_r10.4.1_e8.2_400bps_sup@v5.2.0	DS:Z:gpu:NVIDIA GeForce RTX 4070 SUPER	PU:Z:FBG39641	DT:Z:2026-07-15T14:17:26.508000+00:00	tm:Z:adapter,primer
43518	4f74cf0b-4aec-4cdb-afe6-fbc64f552580	qs:f:15.3738	ch:i:468	st:Z:2026-07-15T20:36:09.882000+00:00	RG:Z:a40d6b40-d3ad-4fe7-8245-9c92f794f831_dna_r10.4.1_e8.2_400bps_sup@v5.2.0	DS:Z:gpu:NVIDIA GeForce RTX 4070 SUPER	PU:Z:FBG39641	DT:Z:2026-07-15T14:17:26.508000+00:00	tm:Z:none
43518	6b7459d5-732c-428e-99a9-0ae3402324a6	qs:f:19.4182	ch:i:65	st:Z:2026-07-15T20:27:17.490000+00:00	RG:Z:a40d6b40-d3ad-4fe7-8245-9c92f794f831_dna_r10.4.1_e8.2_400bps_sup@v5.2.0	DS:Z:gpu:NVIDIA GeForce RTX 4070 SUPER	PU:Z:FBG39641	DT:Z:2026-07-15T14:17:26.508000+00:00	tm:Z:adapter,primer rc
43518	43fe30d6-f489-4a21-982c-acb068540abe	qs:f:19.8646	ch:i:192	st:Z:2026-07-15T22:59:51.540000+00:00	RG:Z:a40d6b40-d3ad-4fe7-8245-9c92f794f831_dna_r10.4.1_e8.2_400bps_sup@v5.2.0	DS:Z:gpu:NVIDIA GeForce RTX 4070 SUPER	PU:Z:FBG39641	DT:Z:2026-07-15T14:17:26.508000+00:00	tm:Z:none
43518	4014d060-0255-4531-a67c-ff0ea4d39621	qs:f:23.734	ch:i:236	st:Z:2026-07-15T19:44:20.097000+00:00	RG:Z:a40d6b40-d3ad-4fe7-8245-9c92f794f831_dna_r10.4.1_e8.2_400bps_sup@v5.2.0	DS:Z:gpu:NVIDIA GeForce RTX 4070 SUPER	PU:Z:FBG39641	DT:Z:2026-07-15T14:17:26.508000+00:00	tm:Z:adapter,primer
43518	9f40cc19-b788-4f5a-89ea-4529c0b4bf3b	qs:f:21.0014	ch:i:133	st:Z:2026-07-15T23:32:48.789000+00:00	RG:Z:a40d6b40-d3ad-4fe7-8245-9c92f794f831_dna_r10.4.1_e8.2_400bps_sup@v5.2.0	DS:Z:gpu:NVIDIA GeForce RTX 4070 SUPER	PU:Z:FBG39641	DT:Z:2026-07-15T14:17:26.508000+00:00	tm:Z:adapter,primer rc
43518	ffb91ac9-22c3-4513-a8f1-4a554d4da372	qs:f:25.5187	ch:i:268	st:Z:2026-07-15T19:21:57.523000+00:00	RG:Z:a40d6b40-d3ad-4fe7-8245-9c92f794f831_dna_r10.4.1_e8.2_400bps_sup@v5.2.0	DS:Z:gpu:NVIDIA GeForce RTX 4070 SUPER	PU:Z:FBG39641	DT:Z:2026-07-15T14:17:26.508000+00:00	tm:Z:adapter,primer rc
43518	b89d7703-a931-45e1-aaba-ce2534d1e5a2	qs:f:22.3195	ch:i:401	st:Z:2026-07-15T23:12:20.482000+00:00	RG:Z:a40d6b40-d3ad-4fe7-8245-9c92f794f831_dna_r10.4.1_e8.2_400bps_sup@v5.2.0	DS:Z:gpu:NVIDIA GeForce RTX 4070 SUPER	PU:Z:FBG39641	DT:Z:2026-07-15T14:17:26.508000+00:00	tm:Z:adapter,primer rc
43518	39955dc5-185c-4f87-bce2-1a3773e453f2	qs:f:31.0369	ch:i:84	st:Z:2026-07-16T00:20:07.703000+00:00	RG:Z:a40d6b40-d3ad-4fe7-8245-9c92f794f831_dna_r10.4.1_e8.2_400bps_sup@v5.2.0	DS:Z:gpu:NVIDIA GeForce RTX 4070 SUPER	PU:Z:FBG39641	DT:Z:2026-07-15T14:17:26.508000+00:00	tm:Z:none
43518	ca1dad68-204c-490a-bae2-78c10567b82e	qs:f:15.1404	ch:i:267	st:Z:2026-07-15T20:25:18.030000+00:00	RG:Z:a40d6b40-d3ad-4fe7-8245-9c92f794f831_dna_r10.4.1_e8.2_400bps_sup@v5.2.0	DS:Z:gpu:NVIDIA GeForce RTX 4070 SUPER	PU:Z:FBG39641	DT:Z:2026-07-15T14:17:26.508000+00:00	tm:Z:adapter,primer rc
43518	045120e8-c49f-46d5-9b56-08de53eeb478	qs:f:15.0648	ch:i:180	st:Z:2026-07-15T17:50:45.524000+00:00	RG:Z:a40d6b40-d3ad-4fe7-8245-9c92f794f831_dna_r10.4.1_e8.2_400bps_sup@v5.2.0	DS:Z:gpu:NVIDIA GeForce RTX 4070 SUPER	PU:Z:FBG39641	DT:Z:2026-07-15T14:17:26.508000+00:00	tm:Z:adapter,primer
43518	d7fd0aa3-b69c-472b-9ff8-ca7b0eafda8d	qs:f:28.9816	ch:i:399	st:Z:2026-07-16T01:55:31.795000+00:00	RG:Z:a40d6b40-d3ad-4fe7-8245-9c92f794f831_dna_r10.4.1_e8.2_400bps_sup@v5.2.0	DS:Z:gpu:NVIDIA GeForce RTX 4070 SUPER	PU:Z:FBG39641	DT:Z:2026-07-15T14:17:26.508000+00:00	tm:Z:adapter,primer
43518	5b97754a-bff3-4221-b9c1-692ea116820e	qs:f:16.3956	ch:i:243	st:Z:2026-07-16T01:45:49.661000+00:00	RG:Z:a40d6b40-d3ad-4fe7-8245-9c92f794f831_dna_r10.4.1_e8.2_400bps_sup@v5.2.0	DS:Z:gpu:NVIDIA GeForce RTX 4070 SUPER	PU:Z:FBG39641	DT:Z:2026-07-15T14:17:26.508000+00:00	tm:Z:none rc
43518	51a23ebd-e3fb-428c-a31d-0d7770abdf6f	qs:f:21.2631	ch:i:266	st:Z:2026-07-15T19:38:14.913000+00:00	RG:Z:a40d6b40-d3ad-4fe7-8245-9c92f794f831_dna_r10.4.1_e8.2_400bps_sup@v5.2.0	DS:Z:gpu:NVIDIA GeForce RTX 4070 SUPER	PU:Z:FBG39641	DT:Z:2026-07-15T14:17:26.508000+00:00	tm:Z:adapter,primer
43518	31fafcd1-6a8c-44ab-8c92-c8e139126ad2	qs:f:13.4837	ch:i:227	st:Z:2026-07-15T17:08:05.130000+00:00	RG:Z:a40d6b40-d3ad-4fe7-8245-9c92f794f831_dna_r10.4.1_e8.2_400bps_sup@v5.2.0	DS:Z:gpu:NVIDIA GeForce RTX 4070 SUPER	PU:Z:FBG39641	DT:Z:2026-07-15T14:17:26.508000+00:00	tm:Z:none rc
43518	fdcf1696-264b-45bf-9a5a-4846b3723603	qs:f:16.157	ch:i:9	st:Z:2026-07-15T15:53:56.463000+00:00	RG:Z:a40d6b40-d3ad-4fe7-8245-9c92f794f831_dna_r10.4.1_e8.2_400bps_sup@v5.2.0	DS:Z:gpu:NVIDIA GeForce RTX 4070 SUPER	PU:Z:FBG39641	DT:Z:2026-07-15T14:17:26.508000+00:00	tm:Z:adapter,primer rc
43518	55abc3ce-cf2d-4065-a4fb-ce8f66bd3c2b	qs:f:29.9066	ch:i:91	st:Z:2026-07-15T21:17:25.519000+00:00	RG:Z:a40d6b40-d3ad-4fe7-8245-9c92f794f831_dna_r10.4.1_e8.2_400bps_sup@v5.2.0	DS:Z:gpu:NVIDIA GeForce RTX 4070 SUPER	PU:Z:FBG39641	DT:Z:2026-07-15T14:17:26.508000+00:00	tm:Z:none rc
43518	fd9645ea-25a2-45e3-80d8-ee274e5d9115	qs:f:28.7449	ch:i:140	st:Z:2026-07-15T17:27:08.134000+00:00	RG:Z:a40d6b40-d3ad-4fe7-8245-9c92f794f831_dna_r10.4.1_e8.2_400bps_sup@v5.2.0	DS:Z:gpu:NVIDIA GeForce RTX 4070 SUPER	PU:Z:FBG39641	DT:Z:2026-07-15T14:17:26.508000+00:00	tm:Z:none
43518	f2288a22-f9af-4f97-8f5e-67a48d82de3e	qs:f:16.1534	ch:i:391	st:Z:2026-07-15T20:13:44.983000+00:00	RG:Z:a40d6b40-d3ad-4fe7-8245-9c92f794f831_dna_r10.4.1_e8.2_400bps_sup@v5.2.0	DS:Z:gpu:NVIDIA GeForce RTX 4070 SUPER	PU:Z:FBG39641	DT:Z:2026-07-15T14:17:26.508000+00:00	tm:Z:adapter,primer rc
43518	bf713821-610a-412c-b63f-bc9548bd6dab	qs:f:15.0184	ch:i:63	st:Z:2026-07-15T15:40:11.266000+00:00	RG:Z:a40d6b40-d3ad-4fe7-8245-9c92f794f831_dna_r10.4.1_e8.2_400bps_sup@v5.2.0	DS:Z:gpu:NVIDIA GeForce RTX 4070 SUPER	PU:Z:FBG39641	DT:Z:2026-07-15T14:17:26.508000+00:00	tm:Z:adapter,primer rc
43518	1a00f6fb-1b43-44fe-a7be-27cf50b3a4de	qs:f:14.5008	ch:i:153	st:Z:2026-07-15T17:43:06.065000+00:00	RG:Z:a40d6b40-d3ad-4fe7-8245-9c92f794f831_dna_r10.4.1_e8.2_400bps_sup@v5.2.0	DS:Z:gpu:NVIDIA GeForce RTX 4070 SUPER	PU:Z:FBG39641	DT:Z:2026-07-15T14:17:26.508000+00:00	tm:Z:adapter,primer rc
43518	e9e6406f-28b6-4f87-8506-29a3ac915fcf	qs:f:19.1756	ch:i:70	st:Z:2026-07-15T15:50:27.063000+00:00	RG:Z:a40d6b40-d3ad-4fe7-8245-9c92f794f831_dna_r10.4.1_e8.2_400bps_sup@v5.2.0	DS:Z:gpu:NVIDIA GeForce RTX 4070 SUPER	PU:Z:FBG39641	DT:Z:2026-07-15T14:17:26.508000+00:00	tm:Z:none rc
43518	06d9ee98-3709-4caa-a25b-012b17271f2f	qs:f:28.4271	ch:i:298	st:Z:2026-07-15T20:15:04.209000+00:00	RG:Z:a40d6b40-d3ad-4fe7-8245-9c92f794f831_dna_r10.4.1_e8.2_400bps_sup@v5.2.0	DS:Z:gpu:NVIDIA GeForce RTX 4070 SUPER	PU:Z:FBG39641	DT:Z:2026-07-15T14:17:26.508000+00:00	tm:Z:adapter,primer
43518	a4fcaa04-b758-462a-a8e7-8b3003fc1a2b	qs:f:15.5346	ch:i:477	st:Z:2026-07-15T21:52:30.364000+00:00	RG:Z:a40d6b40-d3ad-4fe7-8245-9c92f794f831_dna_r10.4.1_e8.2_400bps_sup@v5.2.0	DS:Z:gpu:NVIDIA GeForce RTX 4070 SUPER	PU:Z:FBG39641	DT:Z:2026-07-15T14:17:26.508000+00:00	tm:Z:none rc
43518	b85f75a7-e8b4-4075-b8cd-1fdbc261bd88	qs:f:17.9994	ch:i:31	st:Z:2026-07-16T00:47:09.501000+00:00	RG:Z:a40d6b40-d3ad-4fe7-8245-9c92f794f831_dna_r10.4.1_e8.2_400bps_sup@v5.2.0	DS:Z:gpu:NVIDIA GeForce RTX 4070 SUPER	PU:Z:FBG39641	DT:Z:2026-07-15T14:17:26.508000+00:00	tm:Z:none rc
43518	3b999df4-f4a0-4a47-84f1-01c11bb1a13d	qs:f:19.1158	ch:i:90	st:Z:2026-07-15T15:05:35.865000+00:00	RG:Z:a40d6b40-d3ad-4fe7-8245-9c92f794f831_dna_r10.4.1_e8.2_400bps_sup@v5.2.0	DS:Z:gpu:NVIDIA GeForce RTX 4070 SUPER	PU:Z:FBG39641	DT:Z:2026-07-15T14:17:26.508000+00:00	tm:Z:adapter,primer rc
43518	caa6edb0-1afd-4b5e-8eee-e65671909251	qs:f:28.3286	ch:i:281	st:Z:2026-07-15T17:09:03.833000+00:00	RG:Z:a40d6b40-d3ad-4fe7-8245-9c92f794f831_dna_r10.4.1_e8.2_400bps_sup@v5.2.0	DS:Z:gpu:NVIDIA GeForce RTX 4070 SUPER	PU:Z:FBG39641	DT:Z:2026-07-15T14:17:26.508000+00:00	tm:Z:adapter,primer
43518	b3e09c36-7987-49a2-bd62-107d6311617c	qs:f:29.1474	ch:i:224	st:Z:2026-07-15T21:04:08.235000+00:00	RG:Z:a40d6b40-d3ad-4fe7-8245-9c92f794f831_dna_r10.4.1_e8.2_400bps_sup@v5.2.0	DS:Z:gpu:NVIDIA GeForce RTX 4070 SUPER	PU:Z:FBG39641	DT:Z:2026-07-15T14:17:26.508000+00:00	tm:Z:adapter,primer rc
43518	953c06e9-7fc5-4824-a3ae-b71145e472c9	qs:f:24.6997	ch:i:132	st:Z:2026-07-15T22:20:00.175000+00:00	RG:Z:a40d6b40-d3ad-4fe7-8245-9c92f794f831_dna_r10.4.1_e8.2_400bps_sup@v5.2.0	DS:Z:gpu:NVIDIA GeForce RTX 4070 SUPER	PU:Z:FBG39641	DT:Z:2026-07-15T14:17:26.508000+00:00	tm:Z:none rc
43518	74b900f0-ad2a-482a-8e1b-ca420eab57c8	qs:f:15.5635	ch:i:391	st:Z:2026-07-15T19:01:24.278000+00:00	RG:Z:a40d6b40-d3ad-4fe7-8245-9c92f794f831_dna_r10.4.1_e8.2_400bps_sup@v5.2.0	DS:Z:gpu:NVIDIA GeForce RTX 4070 SUPER	PU:Z:FBG39641	DT:Z:2026-07-15T14:17:26.508000+00:00	tm:Z:adapter,primer
43518	771cc886-5635-4473-974b-f08ff910184d	qs:f:15.8378	ch:i:149	st:Z:2026-07-15T14:31:36.317000+00:00	RG:Z:a40d6b40-d3ad-4fe7-8245-9c92f794f831_dna_r10.4.1_e8.2_400bps_sup@v5.2.0	DS:Z:gpu:NVIDIA GeForce RTX 4070 SUPER	PU:Z:FBG39641	DT:Z:2026-07-15T14:17:26.508000+00:00	tm:Z:none rc
43518	0bb3a0ae-5ec7-4ccb-afab-867ba8750bde	qs:f:20.4331	ch:i:411	st:Z:2026-07-15T19:47:14.816000+00:00	RG:Z:a40d6b40-d3ad-4fe7-8245-9c92f794f831_dna_r10.4.1_e8.2_400bps_sup@v5.2.0	DS:Z:gpu:NVIDIA GeForce RTX 4070 SUPER	PU:Z:FBG39641	DT:Z:2026-07-15T14:17:26.508000+00:00	tm:Z:adapter,primer rc
43518	0b88629e-5629-4ea7-9511-ac5f34c4192c	qs:f:26.9891	ch:i:47	st:Z:2026-07-15T15:55:22.358000+00:00	RG:Z:a40d6b40-d3ad-4fe7-8245-9c92f794f831_dna_r10.4.1_e8.2_400bps_sup@v5.2.0	DS:Z:gpu:NVIDIA GeForce RTX 4070 SUPER	PU:Z:FBG39641	DT:Z:2026-07-15T14:17:26.508000+00:00	tm:Z:none rc
9245	34bc1766-a306-4bfb-8330-b744b6dbb627	qs:f:12.2192	ch:i:107	st:Z:2026-07-15T21:35:32.704000+00:00	RG:Z:a40d6b40-d3ad-4fe7-8245-9c92f794f831_dna_r10.4.1_e8.2_400bps_sup@v5.2.0	DS:Z:gpu:NVIDIA GeForce RTX 4070 SUPER	PU:Z:FBG39641	DT:Z:2026-07-15T14:17:26.508000+00:00	tm:Z:none rc
9245	1dc739a6-2fe5-44c0-96bd-a0da25e09255	qs:f:14.8553	ch:i:471	st:Z:2026-07-15T22:03:05.349000+00:00	RG:Z:a40d6b40-d3ad-4fe7-8245-9c92f794f831_dna_r10.4.1_e8.2_400bps_sup@v5.2.0	DS:Z:gpu:NVIDIA GeForce RTX 4070 SUPER	PU:Z:FBG39641	DT:Z:2026-07-15T14:17:26.508000+00:00	tm:Z:none rc
9245	c9934475-3172-48fe-9eef-bdf7955f42f8	qs:f:20.0426	ch:i:262	st:Z:2026-07-15T14:44:04.767000+00:00	RG:Z:a40d6b40-d3ad-4fe7-8245-9c92f794f831_dna_r10.4.1_e8.2_400bps_sup@v5.2.0	DS:Z:gpu:NVIDIA GeForce RTX 4070 SUPER	PU:Z:FBG39641	DT:Z:2026-07-15T14:17:26.508000+00:00	tm:Z:adapter,primer rc
9245	7ed335e8-0bed-4a8b-b987-7b75f156e43b	qs:f:22.1381	ch:i:78	st:Z:2026-07-15T18:31:30.368000+00:00	RG:Z:a40d6b40-d3ad-4fe7-8245-9c92f794f831_dna_r10.4.1_e8.2_400bps_sup@v5.2.0	DS:Z:gpu:NVIDIA GeForce RTX 4070 SUPER	PU:Z:FBG39641	DT:Z:2026-07-15T14:17:26.508000+00:00	tm:Z:none rc
9245	c19b74cd-3b23-41e2-b5f6-dd00a2136dc7	qs:f:15.4301	ch:i:143	st:Z:2026-07-15T18:38:18.777000+00:00	RG:Z:a40d6b40-d3ad-4fe7-8245-9c92f794f831_dna_r10.4.1_e8.2_400bps_sup@v5.2.0	DS:Z:gpu:NVIDIA GeForce RTX 4070 SUPER	PU:Z:FBG39641	DT:Z:2026-07-15T14:17:26.508000+00:00	tm:Z:adapter,primer
9245	13ebf233-b111-437c-b5ee-0a84fb770aa7	qs:f:29.9089	ch:i:276	st:Z:2026-07-15T20:16:42.921000+00:00	RG:Z:a40d6b40-d3ad-4fe7-8245-9c92f794f831_dna_r10.4.1_e8.2_400bps_sup@v5.2.0	DS:Z:gpu:NVIDIA GeForce RTX 4070 SUPER	PU:Z:FBG39641	DT:Z:2026-07-15T14:17:26.508000+00:00	tm:Z:adapter,primer rc
9245	968393f5-6c2f-4878-a954-3a3051de5c3a	qs:f:28.5083	ch:i:205	st:Z:2026-07-15T14:48:42.942000+00:00	RG:Z:a40d6b40-d3ad-4fe7-8245-9c92f794f831_dna_r10.4.1_e8.2_400bps_sup@v5.2.0	DS:Z:gpu:NVIDIA GeForce RTX 4070 SUPER	PU:Z:FBG39641	DT:Z:2026-07-15T14:17:26.508000+00:00	tm:Z:adapter,primer rc
9245	9324f96d-e1ff-41e0-867a-b04bc2c25e60	qs:f:17.3607	ch:i:195	st:Z:2026-07-15T18:45:08.788000+00:00	RG:Z:a40d6b40-d3ad-4fe7-8245-9c92f794f831_dna_r10.4.1_e8.2_400bps_sup@v5.2.0	DS:Z:gpu:NVIDIA GeForce RTX 4070 SUPER	PU:Z:FBG39641	DT:Z:2026-07-15T14:17:26.508000+00:00	tm:Z:adapter,primer
9245	7ac42d7d-8933-410e-9da8-0a67c64f663b	qs:f:28.7118	ch:i:145	st:Z:2026-07-15T16:22:05.422000+00:00	RG:Z:a40d6b40-d3ad-4fe7-8245-9c92f794f831_dna_r10.4.1_e8.2_400bps_sup@v5.2.0	DS:Z:gpu:NVIDIA GeForce RTX 4070 SUPER	PU:Z:FBG39641	DT:Z:2026-07-15T14:17:26.508000+00:00	tm:Z:adapter,primer
9245	33e38841-8d8b-4f8a-b369-01b6701db900	qs:f:15.9635	ch:i:71	st:Z:2026-07-15T23:04:38.011000+00:00	RG:Z:a40d6b40-d3ad-4fe7-8245-9c92f794f831_dna_r10.4.1_e8.2_400bps_sup@v5.2.0	DS:Z:gpu:NVIDIA GeForce RTX 4070 SUPER	PU:Z:FBG39641	DT:Z:2026-07-15T14:17:26.508000+00:00	tm:Z:adapter,primer rc
9245	8da30b23-02de-441f-98d8-2cb77854d8c2	qs:f:26.1417	ch:i:454	st:Z:2026-07-15T20:01:58.031000+00:00	RG:Z:a40d6b40-d3ad-4fe7-8245-9c92f794f831_dna_r10.4.1_e8.2_400bps_sup@v5.2.0	DS:Z:gpu:NVIDIA GeForce RTX 4070 SUPER	PU:Z:FBG39641	DT:Z:2026-07-15T14:17:26.508000+00:00	tm:Z:none
9245	498966be-e166-4419-ab9d-0e6aa9986730	qs:f:24.572	ch:i:154	st:Z:2026-07-15T15:00:15.006000+00:00	RG:Z:a40d6b40-d3ad-4fe7-8245-9c92f794f831_dna_r10.4.1_e8.2_400bps_sup@v5.2.0	DS:Z:gpu:NVIDIA GeForce RTX 4070 SUPER	PU:Z:FBG39641	DT:Z:2026-07-15T14:17:26.508000+00:00	tm:Z:none
9245	231ef722-052e-4548-b8ca-8b94ba81edd6	qs:f:23.8935	ch:i:317	st:Z:2026-07-15T22:57:07.075000+00:00	RG:Z:a40d6b40-d3ad-4fe7-8245-9c92f794f831_dna_r10.4.1_e8.2_400bps_sup@v5.2.0	DS:Z:gpu:NVIDIA GeForce RTX 4070 SUPER	PU:Z:FBG39641	DT:Z:2026-07-15T14:17:26.508000+00:00	tm:Z:adapter,primer rc
9245	6b970db9-ec2e-4d31-a693-aab3471a2697	qs:f:16.665	ch:i:220	st:Z:2026-07-15T21:39:44.244000+00:00	RG:Z:a40d6b40-d3ad-4fe7-8245-9c92f794f831_dna_r10.4.1_e8.2_400bps_sup@v5.2.0	DS:Z:gpu:NVIDIA GeForce RTX 4070 SUPER	PU:Z:FBG39641	DT:Z:2026-07-15T14:17:26.508000+00:00	tm:Z:none rc
9245	f77e5fb2-cad1-437e-b29a-f029f3f85d79	qs:f:16.6009	ch:i:87	st:Z:2026-07-16T00:05:39.203000+00:00	RG:Z:a40d6b40-d3ad-4fe7-8245-9c92f794f831_dna_r10.4.1_e8.2_400bps_sup@v5.2.0	DS:Z:gpu:NVIDIA GeForce RTX 4070 SUPER	PU:Z:FBG39641	DT:Z:2026-07-15T14:17:26.508000+00:00	tm:Z:none rc
9245	24183aa5-ec1c-4016-aace-9f174529460d	qs:f:22.818	ch:i:87	st:Z:2026-07-15T20:54:04.915000+00:00	RG:Z:a40d6b40-d3ad-4fe7-8245-9c92f794f831_dna_r10.4.1_e8.2_400bps_sup@v5.2.0	DS:Z:gpu:NVIDIA GeForce RTX 4070 SUPER	PU:Z:FBG39641	DT:Z:2026-07-15T14:17:26.508000+00:00	tm:Z:adapter,primer rc
9245	e7049240-0c1e-4155-9e8e-357368abc1e9	qs:f:27.1046	ch:i:346	st:Z:2026-07-16T00:56:03.401000+00:00	RG:Z:a40d6b40-d3ad-4fe7-8245-9c92f794f831_dna_r10.4.1_e8.2_400bps_sup@v5.2.0	DS:Z:gpu:NVIDIA GeForce RTX 4070 SUPER	PU:Z:FBG39641	DT:Z:2026-07-15T14:17:26.508000+00:00	tm:Z:adapter,primer rc
9245	499feb1a-011a-481d-9f1d-65c142a909ee	qs:f:31.7995	ch:i:141	st:Z:2026-07-15T14:34:00.389000+00:00	RG:Z:a40d6b40-d3ad-4fe7-8245-9c92f794f831_dna_r10.4.1_e8.2_400bps_sup@v5.2.0	DS:Z:gpu:NVIDIA GeForce RTX 4070 SUPER	PU:Z:FBG39641	DT:Z:2026-07-15T14:17:26.508000+00:00	tm:Z:adapter,primer
9245	9d91b08a-4471-4c25-8d05-3c562e453793	qs:f:25.5617	ch:i:436	st:Z:2026-07-15T20:52:09.980000+00:00	RG:Z:a40d6b40-d3ad-4fe7-8245-9c92f794f831_dna_r10.4.1_e8.2_400bps_sup@v5.2.0	DS:Z:gpu:NVIDIA GeForce RTX 4070 SUPER	PU:Z:FBG39641	DT:Z:2026-07-15T14:17:26.508000+00:00	tm:Z:adapter,primer rc
9245	3ec32b33-13bb-4a15-8563-170cbb840ba1	qs:f:21.4245	ch:i:56	st:Z:2026-07-15T17:15:59.236000+00:00	RG:Z:a40d6b40-d3ad-4fe7-8245-9c92f794f831_dna_r10.4.1_e8.2_400bps_sup@v5.2.0	DS:Z:gpu:NVIDIA GeForce RTX 4070 SUPER	PU:Z:FBG39641	DT:Z:2026-07-15T14:17:26.508000+00:00	tm:Z:adapter,primer
9245	2caec155-ebff-41e4-b927-b4d9134f56ce	qs:f:25.3008	ch:i:191	st:Z:2026-07-15T19:49:48.480000+00:00	RG:Z:a40d6b40-d3ad-4fe7-8245-9c92f794f831_dna_r10.4.1_e8.2_400bps_sup@v5.2.0	DS:Z:gpu:NVIDIA GeForce RTX 4070 SUPER	PU:Z:FBG39641	DT:Z:2026-07-15T14:17:26.508000+00:00	tm:Z:adapter,primer rc
9245	f2cb18d2-b679-4a1e-a463-89f184b47561	qs:f:20.0398	ch:i:419	st:Z:2026-07-15T16:33:04.680000+00:00	RG:Z:a40d6b40-d3ad-4fe7-8245-9c92f794f831_dna_r10.4.1_e8.2_400bps_sup@v5.2.0	DS:Z:gpu:NVIDIA GeForce RTX 4070 SUPER	PU:Z:FBG39641	DT:Z:2026-07-15T14:17:26.508000+00:00	tm:Z:none rc
9245	bc10dd72-d089-42c0-b329-cb69ccd512e1	qs:f:31.3179	ch:i:421	st:Z:2026-07-15T15:16:08.877000+00:00	RG:Z:a40d6b40-d3ad-4fe7-8245-9c92f794f831_dna_r10.4.1_e8.2_400bps_sup@v5.2.0	DS:Z:gpu:NVIDIA GeForce RTX 4070 SUPER	PU:Z:FBG39641	DT:Z:2026-07-15T14:17:26.508000+00:00	tm:Z:adapter,primer rc
9245	677e2c90-2677-456f-bff3-629c5c637d45	qs:f:36.2356	ch:i:210	st:Z:2026-07-15T20:08:36.501000+00:00	RG:Z:a40d6b40-d3ad-4fe7-8245-9c92f794f831_dna_r10.4.1_e8.2_400bps_sup@v5.2.0	DS:Z:gpu:NVIDIA GeForce RTX 4070 SUPER	PU:Z:FBG39641	DT:Z:2026-07-15T14:17:26.508000+00:00	tm:Z:adapter,primer rc
9245	006c4bd4-2df9-46f2-97b0-fce4b8a7d394	qs:f:20.9711	ch:i:150	st:Z:2026-07-15T14:44:58.528000+00:00	RG:Z:a40d6b40-d3ad-4fe7-8245-9c92f794f831_dna_r10.4.1_e8.2_400bps_sup@v5.2.0	DS:Z:gpu:NVIDIA GeForce RTX 4070 SUPER	PU:Z:FBG39641	DT:Z:2026-07-15T14:17:26.508000+00:00	tm:Z:adapter,primer rc
9245	a210d24f-7d2c-48fb-8b3e-96bb4313b16a	qs:f:16.3675	ch:i:202	st:Z:2026-07-15T18:08:30.979000+00:00	RG:Z:a40d6b40-d3ad-4fe7-8245-9c92f794f831_dna_r10.4.1_e8.2_400bps_sup@v5.2.0	DS:Z:gpu:NVIDIA GeForce RTX 4070 SUPER	PU:Z:FBG39641	DT:Z:2026-07-15T14:17:26.508000+00:00	tm:Z:adapter,primer rc
9245	5d44e479-fb47-42d1-9524-f56878e30a3d	qs:f:28.6356	ch:i:226	st:Z:2026-07-15T16:45:37.145000+00:00	RG:Z:a40d6b40-d3ad-4fe7-8245-9c92f794f831_dna_r10.4.1_e8.2_400bps_sup@v5.2.0	DS:Z:gpu:NVIDIA GeForce RTX 4070 SUPER	PU:Z:FBG39641	DT:Z:2026-07-15T14:17:26.508000+00:00	tm:Z:adapter,primer rc
9245	d060b466-66be-40a8-9650-db4c2a58cc8b	qs:f:18.2778	ch:i:75	st:Z:2026-07-15T19:44:05.776000+00:00	RG:Z:a40d6b40-d3ad-4fe7-8245-9c92f794f831_dna_r10.4.1_e8.2_400bps_sup@v5.2.0	DS:Z:gpu:NVIDIA GeForce RTX 4070 SUPER	PU:Z:FBG39641	DT:Z:2026-07-15T14:17:26.508000+00:00	tm:Z:none rc
9245	d7615ae8-d3c9-43db-8512-10c7762b19f4	qs:f:24.1302	ch:i:63	st:Z:2026-07-15T19:29:44.139000+00:00	RG:Z:a40d6b40-d3ad-4fe7-8245-9c92f794f831_dna_r10.4.1_e8.2_400bps_sup@v5.2.0	DS:Z:gpu:NVIDIA GeForce RTX 4070 SUPER	PU:Z:FBG39641	DT:Z:2026-07-15T14:17:26.508000+00:00	tm:Z:adapter,primer rc
9245	c353e58f-bccc-4541-b295-fd15503f577d	qs:f:21.5405	ch:i:71	st:Z:2026-07-15T18:44:57.487000+00:00	RG:Z:a40d6b40-d3ad-4fe7-8245-9c92f794f831_dna_r10.4.1_e8.2_400bps_sup@v5.2.0	DS:Z:gpu:NVIDIA GeForce RTX 4070 SUPER	PU:Z:FBG39641	DT:Z:2026-07-15T14:17:26.508000+00:00	tm:Z:adapter,primer rc
9245	3157da36-680f-49a2-b328-9df77546fe79	qs:f:25.4156	ch:i:276	st:Z:2026-07-16T01:56:06.030000+00:00	RG:Z:a40d6b40-d3ad-4fe7-8245-9c92f794f831_dna_r10.4.1_e8.2_400bps_sup@v5.2.0	DS:Z:gpu:NVIDIA GeForce RTX 4070 SUPER	PU:Z:FBG39641	DT:Z:2026-07-15T14:17:26.508000+00:00	tm:Z:adapter,primer
9245	aaa7e492-84bf-4feb-addf-76b0eaf5344b	qs:f:29.7326	ch:i:108	st:Z:2026-07-15T15:01:01.302000+00:00	RG:Z:a40d6b40-d3ad-4fe7-8245-9c92f794f831_dna_r10.4.1_e8.2_400bps_sup@v5.2.0	DS:Z:gpu:NVIDIA GeForce RTX 4070 SUPER	PU:Z:FBG39641	DT:Z:2026-07-15T14:17:26.508000+00:00	tm:Z:adapter,primer
9245	71504959-fd74-40a9-84d2-db690a042ac4	qs:f:26.0112	ch:i:125	st:Z:2026-07-15T18:28:29.776000+00:00	RG:Z:a40d6b40-d3ad-4fe7-8245-9c92f794f831_dna_r10.4.1_e8.2_400bps_sup@v5.2.0	DS:Z:gpu:NVIDIA GeForce RTX 4070 SUPER	PU:Z:FBG39641	DT:Z:2026-07-15T14:17:26.508000+00:00	tm:Z:adapter,primer rc
9245	e7c176c2-217c-48c1-8540-1a8ec1720900	qs:f:19.3063	ch:i:429	st:Z:2026-07-15T17:53:35.595000+00:00	RG:Z:a40d6b40-d3ad-4fe7-8245-9c92f794f831_dna_r10.4.1_e8.2_400bps_sup@v5.2.0	DS:Z:gpu:NVIDIA GeForce RTX 4070 SUPER	PU:Z:FBG39641	DT:Z:2026-07-15T14:17:26.508000+00:00	tm:Z:adapter,primer
9245	72e1dd28-52c4-4d63-a1fe-e313ccff6a45	qs:f:22.9738	ch:i:24	st:Z:2026-07-15T15:00:20.358000+00:00	RG:Z:a40d6b40-d3ad-4fe7-8245-9c92f794f831_dna_r10.4.1_e8.2_400bps_sup@v5.2.0	DS:Z:gpu:NVIDIA GeForce RTX 4070 SUPER	PU:Z:FBG39641	DT:Z:2026-07-15T14:17:26.508000+00:00	tm:Z:adapter,primer rc
9245	308b2f99-b5c1-4692-aa2b-16ff597aec5e	qs:f:17.6913	ch:i:455	st:Z:2026-07-16T02:08:51.720000+00:00	RG:Z:a40d6b40-d3ad-4fe7-8245-9c92f794f831_dna_r10.4.1_e8.2_400bps_sup@v5.2.0	DS:Z:gpu:NVIDIA GeForce RTX 4070 SUPER	PU:Z:FBG39641	DT:Z:2026-07-15T14:17:26.508000+00:00	tm:Z:adapter,primer rc
9245	7e0c09c3-6db6-4598-a2da-6d1c9652d679	qs:f:17.4925	ch:i:271	st:Z:2026-07-15T14:33:00.089000+00:00	RG:Z:a40d6b40-d3ad-4fe7-8245-9c92f794f831_dna_r10.4.1_e8.2_400bps_sup@v5.2.0	DS:Z:gpu:NVIDIA GeForce RTX 4070 SUPER	PU:Z:FBG39641	DT:Z:2026-07-15T14:17:26.508000+00:00	tm:Z:adapter,primer
9245	78d7bbaa-2e48-4ff8-b5e3-3614c6f5e274	qs:f:27.2537	ch:i:34	st:Z:2026-07-15T17:11:24.643000+00:00	RG:Z:a40d6b40-d3ad-4fe7-8245-9c92f794f831_dna_r10.4.1_e8.2_400bps_sup@v5.2.0	DS:Z:gpu:NVIDIA GeForce RTX 4070 SUPER	PU:Z:FBG39641	DT:Z:2026-07-15T14:17:26.508000+00:00	tm:Z:adapter,primer rc
9245	d8828300-7622-414f-9d71-b60d2f79dd0f	qs:f:20.2215	ch:i:99	st:Z:2026-07-15T14:50:48.856000+00:00	RG:Z:a40d6b40-d3ad-4fe7-8245-9c92f794f831_dna_r10.4.1_e8.2_400bps_sup@v5.2.0	DS:Z:gpu:NVIDIA GeForce RTX 4070 SUPER	PU:Z:FBG39641	DT:Z:2026-07-15T14:17:26.508000+00:00	tm:Z:adapter,primer
9245	c484860f-9a87-4c04-add6-33df9896af2d	qs:f:23.7541	ch:i:242	st:Z:2026-07-15T21:55:35.847000+00:00	RG:Z:a40d6b40-d3ad-4fe7-8245-9c92f794f831_dna_r10.4.1_e8.2_400bps_sup@v5.2.0	DS:Z:gpu:NVIDIA GeForce RTX 4070 SUPER	PU:Z:FBG39641	DT:Z:2026-07-15T14:17:26.508000+00:00	tm:Z:adapter,primer rc
9245	1d80b98c-88b7-48de-9bb3-17294e55e6b4	qs:f:17.1423	ch:i:365	st:Z:2026-07-15T17:49:25.293000+00:00	RG:Z:a40d6b40-d3ad-4fe7-8245-9c92f794f831_dna_r10.4.1_e8.2_400bps_sup@v5.2.0	DS:Z:gpu:NVIDIA GeForce RTX 4070 SUPER	PU:Z:FBG39641	DT:Z:2026-07-15T14:17:26.508000+00:00	tm:Z:adapter,primer rc
9245	e7366875-0843-432a-8730-adcac1f4fd45	qs:f:25.8358	ch:i:10	st:Z:2026-07-15T15:41:13.928000+00:00	RG:Z:a40d6b40-d3ad-4fe7-8245-9c92f794f831_dna_r10.4.1_e8.2_400bps_sup@v5.2.0	DS:Z:gpu:NVIDIA GeForce RTX 4070 SUPER	PU:Z:FBG39641	DT:Z:2026-07-15T14:17:26.508000+00:00	tm:Z:adapter,primer rc
9245	efceeedc-e0b8-477e-91e4-734d2ce81185	qs:f:15.1019	ch:i:275	st:Z:2026-07-15T22:32:40.491000+00:00	RG:Z:a40d6b40-d3ad-4fe7-8245-9c92f794f831_dna_r10.4.1_e8.2_400bps_sup@v5.2.0	DS:Z:gpu:NVIDIA GeForce RTX 4070 SUPER	PU:Z:FBG39641	DT:Z:2026-07-15T14:17:26.508000+00:00	tm:Z:adapter,primer
9245	62488574-25f0-40eb-87e3-d1e4af5de758	qs:f:15.7997	ch:i:391	st:Z:2026-07-15T22:43:27.621000+00:00	RG:Z:a40d6b40-d3ad-4fe7-8245-9c92f794f831_dna_r10.4.1_e8.2_400bps_sup@v5.2.0	DS:Z:gpu:NVIDIA GeForce RTX 4070 SUPER	PU:Z:FBG39641	DT:Z:2026-07-15T14:17:26.508000+00:00	tm:Z:adapter,primer rc
9245	68646076-b0cc-4509-ab9f-0082745a6d77	qs:f:22.9905	ch:i:350	st:Z:2026-07-15T14:57:23.520000+00:00	RG:Z:a40d6b40-d3ad-4fe7-8245-9c92f794f831_dna_r10.4.1_e8.2_400bps_sup@v5.2.0	DS:Z:gpu:NVIDIA GeForce RTX 4070 SUPER	PU:Z:FBG39641	DT:Z:2026-07-15T14:17:26.508000+00:00	tm:Z:adapter,primer rc
9245	eedddcaf-cca3-44cc-98d9-def74697929c	qs:f:25.8611	ch:i:347	st:Z:2026-07-15T18:11:41.019000+00:00	RG:Z:a40d6b40-d3ad-4fe7-8245-9c92f794f831_dna_r10.4.1_e8.2_400bps_sup@v5.2.0	DS:Z:gpu:NVIDIA GeForce RTX 4070 SUPER	PU:Z:FBG39641	DT:Z:2026-07-15T14:17:26.508000+00:00	tm:Z:adapter,primer rc
9245	4d2762e2-ca6f-4d69-b322-bd56a422d954	qs:f:27.3863	ch:i:48	st:Z:2026-07-15T15:10:48.525000+00:00	RG:Z:a40d6b40-d3ad-4fe7-8245-9c92f794f831_dna_r10.4.1_e8.2_400bps_sup@v5.2.0	DS:Z:gpu:NVIDIA GeForce RTX 4070 SUPER	PU:Z:FBG39641	DT:Z:2026-07-15T14:17:26.508000+00:00	tm:Z:none rc
9245	5461cbbf-1656-4f3c-9e3f-c5b380944807	qs:f:36.0477	ch:i:34	st:Z:2026-07-15T22:41:30.546000+00:00	RG:Z:a40d6b40-d3ad-4fe7-8245-9c92f794f831_dna_r10.4.1_e8.2_400bps_sup@v5.2.0	DS:Z:gpu:NVIDIA GeForce RTX 4070 SUPER	PU:Z:FBG39641	DT:Z:2026-07-15T14:17:26.508000+00:00	tm:Z:adapter,primer rc
9245	b4f0576a-eeb7-4dcb-8163-66fc316b2bb7	qs:f:28.2903	ch:i:70	st:Z:2026-07-15T14:27:45.299000+00:00	RG:Z:a40d6b40-d3ad-4fe7-8245-9c92f794f831_dna_r10.4.1_e8.2_400bps_sup@v5.2.0	DS:Z:gpu:NVIDIA GeForce RTX 4070 SUPER	PU:Z:FBG39641	DT:Z:2026-07-15T14:17:26.508000+00:00	tm:Z:adapter,primer rc
9245	5382de9f-1e8f-4e71-b71f-aca79e54820c	qs:f:26.6449	ch:i:237	st:Z:2026-07-16T02:16:11.186000+00:00	RG:Z:a40d6b40-d3ad-4fe7-8245-9c92f794f831_dna_r10.4.1_e8.2_400bps_sup@v5.2.0	DS:Z:gpu:NVIDIA GeForce RTX 4070 SUPER	PU:Z:FBG39641	DT:Z:2026-07-15T14:17:26.508000+00:00	tm:Z:adapter,primer rc
9245	a5412a26-37dd-4a22-9d44-9dc2002d0797	qs:f:20.1148	ch:i:94	st:Z:2026-07-15T19:45:16.613000+00:00	RG:Z:a40d6b40-d3ad-4fe7-8245-9c92f794f831_dna_r10.4.1_e8.2_400bps_sup@v5.2.0	DS:Z:gpu:NVIDIA GeForce RTX 4070 SUPER	PU:Z:FBG39641	DT:Z:2026-07-15T14:17:26.508000+00:00	tm:Z:adapter,primer rc
9245	30e2b415-0f53-44e3-9e4d-0f12887fc96a	qs:f:26.5707	ch:i:291	st:Z:2026-07-15T14:42:19.878000+00:00	RG:Z:a40d6b40-d3ad-4fe7-8245-9c92f794f831_dna_r10.4.1_e8.2_400bps_sup@v5.2.0	DS:Z:gpu:NVIDIA GeForce RTX 4070 SUPER	PU:Z:FBG39641	DT:Z:2026-07-15T14:17:26.508000+00:00	tm:Z:adapter,primer
9245	68b7f8f0-f731-45fd-bfdc-ad9d0fa7b1a0	qs:f:16.4611	ch:i:283	st:Z:2026-07-15T23:04:42.735000+00:00	RG:Z:a40d6b40-d3ad-4fe7-8245-9c92f794f831_dna_r10.4.1_e8.2_400bps_sup@v5.2.0	DS:Z:gpu:NVIDIA GeForce RTX 4070 SUPER	PU:Z:FBG39641	DT:Z:2026-07-15T14:17:26.508000+00:00	tm:Z:adapter,primer rc
163	801db8e1-0789-45f1-830c-19d19fefd261	qs:f:18.1861	ch:i:230	st:Z:2026-07-15T22:53:49.985000+00:00	RG:Z:a40d6b40-d3ad-4fe7-8245-9c92f794f831_dna_r10.4.1_e8.2_400bps_sup@v5.2.0	DS:Z:gpu:NVIDIA GeForce RTX 4070 SUPER	PU:Z:FBG39641	DT:Z:2026-07-15T14:17:26.508000+00:00	tm:Z:none
163	9812a967-55ca-4839-b8fa-99e8c6850e30	qs:f:13.5825	ch:i:63	st:Z:2026-07-16T01:48:40.190000+00:00	RG:Z:a40d6b40-d3ad-4fe7-8245-9c92f794f831_dna_r10.4.1_e8.2_400bps_sup@v5.2.0	DS:Z:gpu:NVIDIA GeForce RTX 4070 SUPER	PU:Z:FBG39641	DT:Z:2026-07-15T14:17:26.508000+00:00	tm:Z:adapter,primer rc
163	c1faf091-cd99-4a27-b850-931558e22f7d	qs:f:16.2951	ch:i:148	st:Z:2026-07-15T14:34:13.475000+00:00	RG:Z:a40d6b40-d3ad-4fe7-8245-9c92f794f831_dna_r10.4.1_e8.2_400bps_sup@v5.2.0	DS:Z:gpu:NVIDIA GeForce RTX 4070 SUPER	PU:Z:FBG39641	DT:Z:2026-07-15T14:17:26.508000+00:00	tm:Z:adapter,primer rc
163	c9ffbe93-d81f-42b8-a6b1-6d78f67e5810	qs:f:15.339	ch:i:455	st:Z:2026-07-16T00:20:25.871000+00:00	RG:Z:a40d6b40-d3ad-4fe7-8245-9c92f794f831_dna_r10.4.1_e8.2_400bps_sup@v5.2.0	DS:Z:gpu:NVIDIA GeForce RTX 4070 SUPER	PU:Z:FBG39641	DT:Z:2026-07-15T14:17:26.508000+00:00	tm:Z:adapter,primer
163	32270735-d31d-40bb-bfb0-71c9e0a54039	qs:f:13.3229	ch:i:460	st:Z:2026-07-15T22:33:48.435000+00:00	RG:Z:a40d6b40-d3ad-4fe7-8245-9c92f794f831_dna_r10.4.1_e8.2_400bps_sup@v5.2.0	DS:Z:gpu:NVIDIA GeForce RTX 4070 SUPER	PU:Z:FBG39641	DT:Z:2026-07-15T14:17:26.508000+00:00	tm:Z:none rc
163	dcc0990b-8028-4ac5-9f2f-4e6daaf8aae2	qs:f:14.3506	ch:i:137	st:Z:2026-07-15T15:44:20.396000+00:00	RG:Z:a40d6b40-d3ad-4fe7-8245-9c92f794f831_dna_r10.4.1_e8.2_400bps_sup@v5.2.0	DS:Z:gpu:NVIDIA GeForce RTX 4070 SUPER	PU:Z:FBG39641	DT:Z:2026-07-15T14:17:26.508000+00:00	tm:Z:none
163	2a9f8c85-98ae-4184-9f04-cf30be6f529a	qs:f:13.2218	ch:i:167	st:Z:2026-07-15T19:54:54.356000+00:00	RG:Z:a40d6b40-d3ad-4fe7-8245-9c92f794f831_dna_r10.4.1_e8.2_400bps_sup@v5.2.0	DS:Z:gpu:NVIDIA GeForce RTX 4070 SUPER	PU:Z:FBG39641	DT:Z:2026-07-15T14:17:26.508000+00:00	tm:Z:adapter,primer rc
196911	196fda3a-8b39-4399-a9f5-328ca6e12997	qs:f:15.414	ch:i:450	st:Z:2026-07-16T02:02:32.161000+00:00	RG:Z:a40d6b40-d3ad-4fe7-8245-9c92f794f831_dna_r10.4.1_e8.2_400bps_sup@v5.2.0	DS:Z:gpu:NVIDIA GeForce RTX 4070 SUPER	PU:Z:FBG39641	DT:Z:2026-07-15T14:17:26.508000+00:00	tm:Z:adapter,primer
196911	18fb9251-1db1-48b0-9ed2-7beed8002682	qs:f:17.7852	ch:i:291	st:Z:2026-07-16T01:27:08.858000+00:00	RG:Z:a40d6b40-d3ad-4fe7-8245-9c92f794f831_dna_r10.4.1_e8.2_400bps_sup@v5.2.0	DS:Z:gpu:NVIDIA GeForce RTX 4070 SUPER	PU:Z:FBG39641	DT:Z:2026-07-15T14:17:26.508000+00:00	tm:Z:adapter,primer rc
196911	d55e0d60-39ce-4725-bdef-ecea41286bec	qs:f:22.5233	ch:i:235	st:Z:2026-07-15T17:47:29.911000+00:00	RG:Z:a40d6b40-d3ad-4fe7-8245-9c92f794f831_dna_r10.4.1_e8.2_400bps_sup@v5.2.0	DS:Z:gpu:NVIDIA GeForce RTX 4070 SUPER	PU:Z:FBG39641	DT:Z:2026-07-15T14:17:26.508000+00:00	tm:Z:adapter,primer
196911	cc7c9be5-1d63-4435-b39b-ea4888aff9c2	qs:f:16.6719	ch:i:422	st:Z:2026-07-16T00:40:52.261000+00:00	RG:Z:a40d6b40-d3ad-4fe7-8245-9c92f794f831_dna_r10.4.1_e8.2_400bps_sup@v5.2.0	DS:Z:gpu:NVIDIA GeForce RTX 4070 SUPER	PU:Z:FBG39641	DT:Z:2026-07-15T14:17:26.508000+00:00	tm:Z:adapter,primer
546854	93abf674-4594-4037-a0a6-5d98a155726f	qs:f:13.4042	ch:i:22	st:Z:2026-07-15T16:21:24.853000+00:00	RG:Z:a40d6b40-d3ad-4fe7-8245-9c92f794f831_dna_r10.4.1_e8.2_400bps_sup@v5.2.0	DS:Z:gpu:NVIDIA GeForce RTX 4070 SUPER	PU:Z:FBG39641	DT:Z:2026-07-15T14:17:26.508000+00:00	tm:Z:none
546854	3437b5e0-59f0-49b9-afad-6fb1c1242ce1	qs:f:11.3971	ch:i:451	st:Z:2026-07-15T14:53:41.356000+00:00	RG:Z:a40d6b40-d3ad-4fe7-8245-9c92f794f831_dna_r10.4.1_e8.2_400bps_sup@v5.2.0	DS:Z:gpu:NVIDIA GeForce RTX 4070 SUPER	PU:Z:FBG39641	DT:Z:2026-07-15T14:17:26.508000+00:00	tm:Z:adapter,primer rc
546854	71fe6a00-53f3-4036-ba83-542b52a9376d	qs:f:11.0888	ch:i:152	st:Z:2026-07-15T18:06:11.822000+00:00	RG:Z:a40d6b40-d3ad-4fe7-8245-9c92f794f831_dna_r10.4.1_e8.2_400bps_sup@v5.2.0	DS:Z:gpu:NVIDIA GeForce RTX 4070 SUPER	PU:Z:FBG39641	DT:Z:2026-07-15T14:17:26.508000+00:00	tm:Z:adapter,primer
608519	24a4d51d-c636-41e3-81f8-50f7393974c4	qs:f:13.303	ch:i:452	st:Z:2026-07-16T01:59:14.302000+00:00	RG:Z:a40d6b40-d3ad-4fe7-8245-9c92f794f831_dna_r10.4.1_e8.2_400bps_sup@v5.2.0	DS:Z:gpu:NVIDIA GeForce RTX 4070 SUPER	PU:Z:FBG39641	DT:Z:2026-07-15T14:17:26.508000+00:00	tm:Z:adapter,primer
608519	14fcd168-c62a-4609-9ed5-305ee3c127d8	qs:f:9.87417	ch:i:374	st:Z:2026-07-15T20:27:37.551000+00:00	RG:Z:a40d6b40-d3ad-4fe7-8245-9c92f794f831_dna_r10.4.1_e8.2_400bps_sup@v5.2.0	DS:Z:gpu:NVIDIA GeForce RTX 4070 SUPER	PU:Z:FBG39641	DT:Z:2026-07-15T14:17:26.508000+00:00	tm:Z:adapter,primer rc
124	5afab2b9-f03a-4de9-a294-b9a58e7b6144	qs:f:22.9858	ch:i:195	st:Z:2026-07-15T22:40:25.061000+00:00	RG:Z:a40d6b40-d3ad-4fe7-8245-9c92f794f831_dna_r10.4.1_e8.2_400bps_sup@v5.2.0	DS:Z:gpu:NVIDIA GeForce RTX 4070 SUPER	PU:Z:FBG39641	DT:Z:2026-07-15T14:17:26.508000+00:00	tm:Z:none rc
610	f0414980-142e-43a9-a865-86a53c86fa57	qs:f:15.5172	ch:i:471	st:Z:2026-07-15T18:18:43.572000+00:00	RG:Z:a40d6b40-d3ad-4fe7-8245-9c92f794f831_dna_r10.4.1_e8.2_400bps_sup@v5.2.0	DS:Z:gpu:NVIDIA GeForce RTX 4070 SUPER	PU:Z:FBG39641	DT:Z:2026-07-15T14:17:26.508000+00:00	tm:Z:adapter,primer rc
4896	1b8914f0-4d4f-4625-b212-5e42f38a6dfb	qs:f:17.0157	ch:i:412	st:Z:2026-07-15T19:00:14.082000+00:00	RG:Z:a40d6b40-d3ad-4fe7-8245-9c92f794f831_dna_r10.4.1_e8.2_400bps_sup@v5.2.0	DS:Z:gpu:NVIDIA GeForce RTX 4070 SUPER	PU:Z:FBG39641	DT:Z:2026-07-15T14:17:26.508000+00:00	tm:Z:none
5399	0356c03a-b9d1-4bc6-8d04-94dd81d24a35	qs:f:13.4118	ch:i:212	st:Z:2026-07-15T23:34:21.311000+00:00	RG:Z:a40d6b40-d3ad-4fe7-8245-9c92f794f831_dna_r10.4.1_e8.2_400bps_sup@v5.2.0	DS:Z:gpu:NVIDIA GeForce RTX 4070 SUPER	PU:Z:FBG39641	DT:Z:2026-07-15T14:17:26.508000+00:00	tm:Z:none
5824	38940ebd-d2c4-4eb7-8b7e-038c51e237ee	qs:f:12.8678	ch:i:388	st:Z:2026-07-15T15:49:10.919000+00:00	RG:Z:a40d6b40-d3ad-4fe7-8245-9c92f794f831_dna_r10.4.1_e8.2_400bps_sup@v5.2.0	DS:Z:gpu:NVIDIA GeForce RTX 4070 SUPER	PU:Z:FBG39641	DT:Z:2026-07-15T14:17:26.508000+00:00	tm:Z:adapter,primer rc
6114	78c06165-8133-4d34-9c3d-932b8a2613f3	qs:f:12.952	ch:i:190	st:Z:2026-07-15T18:08:40.724000+00:00	RG:Z:a40d6b40-d3ad-4fe7-8245-9c92f794f831_dna_r10.4.1_e8.2_400bps_sup@v5.2.0	DS:Z:gpu:NVIDIA GeForce RTX 4070 SUPER	PU:Z:FBG39641	DT:Z:2026-07-15T14:17:26.508000+00:00	tm:Z:adapter,primer
6384	ef06febb-9c32-4323-90e4-f3a900bf3c9e	qs:f:16.2305	ch:i:460	st:Z:2026-07-15T23:53:01.126000+00:00	RG:Z:a40d6b40-d3ad-4fe7-8245-9c92f794f831_dna_r10.4.1_e8.2_400bps_sup@v5.2.0	DS:Z:gpu:NVIDIA GeForce RTX 4070 SUPER	PU:Z:FBG39641	DT:Z:2026-07-15T14:17:26.508000+00:00	tm:Z:adapter,primer
9270	165a5f84-cd3d-4b55-9cdd-35ed5f1d4ee7	qs:f:26.2707	ch:i:350	st:Z:2026-07-16T01:01:26.539000+00:00	RG:Z:a40d6b40-d3ad-4fe7-8245-9c92f794f831_dna_r10.4.1_e8.2_400bps_sup@v5.2.0	DS:Z:gpu:NVIDIA GeForce RTX 4070 SUPER	PU:Z:FBG39641	DT:Z:2026-07-15T14:17:26.508000+00:00	tm:Z:none
84351	51cc2097-a37d-405f-8965-20ca2aab67c6	qs:f:27.2858	ch:i:191	st:Z:2026-07-15T16:17:02.700000+00:00	RG:Z:a40d6b40-d3ad-4fe7-8245-9c92f794f831_dna_r10.4.1_e8.2_400bps_sup@v5.2.0	DS:Z:gpu:NVIDIA GeForce RTX 4070 SUPER	PU:Z:FBG39641	DT:Z:2026-07-15T14:17:26.508000+00:00	tm:Z:adapter,primer rc
145628	7ec0f2a9-ea6a-4a7e-adb9-938934a4bd31	qs:f:11.2678	ch:i:306	st:Z:2026-07-15T19:17:27.522000+00:00	RG:Z:a40d6b40-d3ad-4fe7-8245-9c92f794f831_dna_r10.4.1_e8.2_400bps_sup@v5.2.0	DS:Z:gpu:NVIDIA GeForce RTX 4070 SUPER	PU:Z:FBG39641	DT:Z:2026-07-15T14:17:26.508000+00:00	tm:Z:none rc
168374	21326f88-64a0-40a8-8354-59ce4b3d243f	qs:f:17.9089	ch:i:29	st:Z:2026-07-15T20:25:26.189000+00:00	RG:Z:a40d6b40-d3ad-4fe7-8245-9c92f794f831_dna_r10.4.1_e8.2_400bps_sup@v5.2.0	DS:Z:gpu:NVIDIA GeForce RTX 4070 SUPER	PU:Z:FBG39641	DT:Z:2026-07-15T14:17:26.508000+00:00	tm:Z:none rc
204709	6d7fae84-1d32-4dfa-84ad-e305a224d360	qs:f:19.6185	ch:i:56	st:Z:2026-07-15T23:33:13.205000+00:00	RG:Z:a40d6b40-d3ad-4fe7-8245-9c92f794f831_dna_r10.4.1_e8.2_400bps_sup@v5.2.0	DS:Z:gpu:NVIDIA GeForce RTX 4070 SUPER	PU:Z:FBG39641	DT:Z:2026-07-15T14:17:26.508000+00:00	tm:Z:adapter,primer
206346	02a9d47c-9723-40ce-b658-10f895a36c01	qs:f:22.1163	ch:i:29	st:Z:2026-07-16T01:54:29.427000+00:00	RG:Z:a40d6b40-d3ad-4fe7-8245-9c92f794f831_dna_r10.4.1_e8.2_400bps_sup@v5.2.0	DS:Z:gpu:NVIDIA GeForce RTX 4070 SUPER	PU:Z:FBG39641	DT:Z:2026-07-15T14:17:26.508000+00:00	tm:Z:adapter,primer rc
228748	5d9b17d1-7be2-449c-a3b5-4bfc5a56d930	qs:f:16.5415	ch:i:291	st:Z:2026-07-15T14:45:35.620000+00:00	RG:Z:a40d6b40-d3ad-4fe7-8245-9c92f794f831_dna_r10.4.1_e8.2_400bps_sup@v5.2.0	DS:Z:gpu:NVIDIA GeForce RTX 4070 SUPER	PU:Z:FBG39641	DT:Z:2026-07-15T14:17:26.508000+00:00	tm:Z:adapter,primer rc
242657	3e2a75e7-cc60-4983-aa9c-46fc3a1bcc8f	qs:f:26.661	ch:i:446	st:Z:2026-07-15T22:42:14.538000+00:00	RG:Z:a40d6b40-d3ad-4fe7-8245-9c92f794f831_dna_r10.4.1_e8.2_400bps_sup@v5.2.0	DS:Z:gpu:NVIDIA GeForce RTX 4070 SUPER	PU:Z:FBG39641	DT:Z:2026-07-15T14:17:26.508000+00:00	tm:Z:adapter,primer rc
251003	779b0a6c-8965-454f-8f4e-d428b561418c	qs:f:10.8353	ch:i:222	st:Z:2026-07-15T23:06:27.600000+00:00	RG:Z:a40d6b40-d3ad-4fe7-8245-9c92f794f831_dna_r10.4.1_e8.2_400bps_sup@v5.2.0	DS:Z:gpu:NVIDIA GeForce RTX 4070 SUPER	PU:Z:FBG39641	DT:Z:2026-07-15T14:17:26.508000+00:00	tm:Z:adapter,primer rc
253183	df2b5eb0-b5ef-43af-ae60-1a50320a5e7f	qs:f:22.6859	ch:i:401	st:Z:2026-07-15T23:30:23.154000+00:00	RG:Z:a40d6b40-d3ad-4fe7-8245-9c92f794f831_dna_r10.4.1_e8.2_400bps_sup@v5.2.0	DS:Z:gpu:NVIDIA GeForce RTX 4070 SUPER	PU:Z:FBG39641	DT:Z:2026-07-15T14:17:26.508000+00:00	tm:Z:adapter,primer rc
331397	3e9b16e2-3de0-4799-92a1-2c439b86211c	qs:f:23.1537	ch:i:134	st:Z:2026-07-15T21:37:43.905000+00:00	RG:Z:a40d6b40-d3ad-4fe7-8245-9c92f794f831_dna_r10.4.1_e8.2_400bps_sup@v5.2.0	DS:Z:gpu:NVIDIA GeForce RTX 4070 SUPER	PU:Z:FBG39641	DT:Z:2026-07-15T14:17:26.508000+00:00	tm:Z:adapter,primer
335810	76916cc7-5f11-4192-ac37-1cf126b04b2f	qs:f:12.4101	ch:i:91	st:Z:2026-07-15T15:35:13.828000+00:00	RG:Z:a40d6b40-d3ad-4fe7-8245-9c92f794f831_dna_r10.4.1_e8.2_400bps_sup@v5.2.0	DS:Z:gpu:NVIDIA GeForce RTX 4070 SUPER	PU:Z:FBG39641	DT:Z:2026-07-15T14:17:26.508000+00:00	tm:Z:none
339575	b7178227-54f3-4569-9dc0-4243d32ca83e	qs:f:24.9141	ch:i:228	st:Z:2026-07-15T15:19:53.591000+00:00	RG:Z:a40d6b40-d3ad-4fe7-8245-9c92f794f831_dna_r10.4.1_e8.2_400bps_sup@v5.2.0	DS:Z:gpu:NVIDIA GeForce RTX 4070 SUPER	PU:Z:FBG39641	DT:Z:2026-07-15T14:17:26.508000+00:00	tm:Z:adapter,primer rc
341223	e58dd406-5d39-4ae3-8d0a-478349fd9551	qs:f:22.7513	ch:i:352	st:Z:2026-07-15T23:10:10.581000+00:00	RG:Z:a40d6b40-d3ad-4fe7-8245-9c92f794f831_dna_r10.4.1_e8.2_400bps_sup@v5.2.0	DS:Z:gpu:NVIDIA GeForce RTX 4070 SUPER	PU:Z:FBG39641	DT:Z:2026-07-15T14:17:26.508000+00:00	tm:Z:adapter,primer
372174	5314536e-bbbf-4522-95bc-2f53e4fbaf64	qs:f:12.3323	ch:i:222	st:Z:2026-07-15T17:25:06.750000+00:00	RG:Z:a40d6b40-d3ad-4fe7-8245-9c92f794f831_dna_r10.4.1_e8.2_400bps_sup@v5.2.0	DS:Z:gpu:NVIDIA GeForce RTX 4070 SUPER	PU:Z:FBG39641	DT:Z:2026-07-15T14:17:26.508000+00:00	tm:Z:none rc
379412	99c70e7f-7cad-498e-b574-3c6dbc635ae2	qs:f:13.9383	ch:i:406	st:Z:2026-07-15T16:08:13.444000+00:00	RG:Z:a40d6b40-d3ad-4fe7-8245-9c92f794f831_dna_r10.4.1_e8.2_400bps_sup@v5.2.0	DS:Z:gpu:NVIDIA GeForce RTX 4070 SUPER	PU:Z:FBG39641	DT:Z:2026-07-15T14:17:26.508000+00:00	tm:Z:adapter,primer rc
417487	5b62d9b7-16f9-4943-a0c5-d448d7a51fd3	qs:f:12.9727	ch:i:405	st:Z:2026-07-16T02:14:47.665000+00:00	RG:Z:a40d6b40-d3ad-4fe7-8245-9c92f794f831_dna_r10.4.1_e8.2_400bps_sup@v5.2.0	DS:Z:gpu:NVIDIA GeForce RTX 4070 SUPER	PU:Z:FBG39641	DT:Z:2026-07-15T14:17:26.508000+00:00	tm:Z:none
432903	d78cb60f-1810-4a58-a815-bba896140376	qs:f:13.2503	ch:i:126	st:Z:2026-07-15T17:27:58.072000+00:00	RG:Z:a40d6b40-d3ad-4fe7-8245-9c92f794f831_dna_r10.4.1_e8.2_400bps_sup@v5.2.0	DS:Z:gpu:NVIDIA GeForce RTX 4070 SUPER	PU:Z:FBG39641	DT:Z:2026-07-15T14:17:26.508000+00:00	tm:Z:adapter,primer rc
443488	ebd7b92c-22b3-467d-9a41-dd7e7f361f67	qs:f:16.0332	ch:i:471	st:Z:2026-07-15T18:32:30.603000+00:00	RG:Z:a40d6b40-d3ad-4fe7-8245-9c92f794f831_dna_r10.4.1_e8.2_400bps_sup@v5.2.0	DS:Z:gpu:NVIDIA GeForce RTX 4070 SUPER	PU:Z:FBG39641	DT:Z:2026-07-15T14:17:26.508000+00:00	tm:Z:adapter,primer
519269	d3e5db43-d496-489b-855c-3bf8a80400f2	qs:f:16.6365	ch:i:141	st:Z:2026-07-15T14:45:02.406000+00:00	RG:Z:a40d6b40-d3ad-4fe7-8245-9c92f794f831_dna_r10.4.1_e8.2_400bps_sup@v5.2.0	DS:Z:gpu:NVIDIA GeForce RTX 4070 SUPER	PU:Z:FBG39641	DT:Z:2026-07-15T14:17:26.508000+00:00	tm:Z:none rc
521322	20aa87da-eb19-47d4-a433-5746816b3cd6	qs:f:13.8446	ch:i:46	st:Z:2026-07-15T15:05:15.679000+00:00	RG:Z:a40d6b40-d3ad-4fe7-8245-9c92f794f831_dna_r10.4.1_e8.2_400bps_sup@v5.2.0	DS:Z:gpu:NVIDIA GeForce RTX 4070 SUPER	PU:Z:FBG39641	DT:Z:2026-07-15T14:17:26.508000+00:00	tm:Z:adapter,primer rc
526157	2460bd19-4565-40a1-8863-b46d10e2cf46	qs:f:18.2317	ch:i:226	st:Z:2026-07-15T15:08:31.745000+00:00	RG:Z:a40d6b40-d3ad-4fe7-8245-9c92f794f831_dna_r10.4.1_e8.2_400bps_sup@v5.2.0	DS:Z:gpu:NVIDIA GeForce RTX 4070 SUPER	PU:Z:FBG39641	DT:Z:2026-07-15T14:17:26.508000+00:00	tm:Z:adapter,primer rc
536911	ddba8cae-4a2e-4566-bfec-f9be4425d223	qs:f:12.5937	ch:i:201	st:Z:2026-07-16T00:24:20.335000+00:00	RG:Z:a40d6b40-d3ad-4fe7-8245-9c92f794f831_dna_r10.4.1_e8.2_400bps_sup@v5.2.0	DS:Z:gpu:NVIDIA GeForce RTX 4070 SUPER	PU:Z:FBG39641	DT:Z:2026-07-15T14:17:26.508000+00:00	tm:Z:adapter,primer
554972	3b526001-2fe4-4a0e-a781-b24fc8637250	qs:f:14.1119	ch:i:491	st:Z:2026-07-15T14:57:48.667000+00:00	RG:Z:a40d6b40-d3ad-4fe7-8245-9c92f794f831_dna_r10.4.1_e8.2_400bps_sup@v5.2.0	DS:Z:gpu:NVIDIA GeForce RTX 4070 SUPER	PU:Z:FBG39641	DT:Z:2026-07-15T14:17:26.508000+00:00	tm:Z:adapter,primer
574290	8d7fdb65-74cd-44ae-bbdb-70ae2e964373	qs:f:14.0387	ch:i:326	st:Z:2026-07-15T19:21:07.692000+00:00	RG:Z:a40d6b40-d3ad-4fe7-8245-9c92f794f831_dna_r10.4.1_e8.2_400bps_sup@v5.2.0	DS:Z:gpu:NVIDIA GeForce RTX 4070 SUPER	PU:Z:FBG39641	DT:Z:2026-07-15T14:17:26.508000+00:00	tm:Z:adapter,primer
576463	45165256-cbe3-467c-8f18-2e66c1719784	qs:f:14.593	ch:i:86	st:Z:2026-07-15T18:28:23.537000+00:00	RG:Z:a40d6b40-d3ad-4fe7-8245-9c92f794f831_dna_r10.4.1_e8.2_400bps_sup@v5.2.0	DS:Z:gpu:NVIDIA GeForce RTX 4070 SUPER	PU:Z:FBG39641	DT:Z:2026-07-15T14:17:26.508000+00:00	tm:Z:adapter,primer rc
587481	44edbc9c-6f12-4584-965d-a0ecb17f059b	qs:f:11.5153	ch:i:381	st:Z:2026-07-15T14:39:06.682000+00:00	RG:Z:a40d6b40-d3ad-4fe7-8245-9c92f794f831_dna_r10.4.1_e8.2_400bps_sup@v5.2.0	DS:Z:gpu:NVIDIA GeForce RTX 4070 SUPER	PU:Z:FBG39641	DT:Z:2026-07-15T14:17:26.508000+00:00	tm:Z:adapter,primer
595831	6aaf5f76-fa43-4f69-a2a7-d407cbfdf584	qs:f:15.1764	ch:i:184	st:Z:2026-07-15T19:52:16.695000+00:00	RG:Z:a40d6b40-d3ad-4fe7-8245-9c92f794f831_dna_r10.4.1_e8.2_400bps_sup@v5.2.0	DS:Z:gpu:NVIDIA GeForce RTX 4070 SUPER	PU:Z:FBG39641	DT:Z:2026-07-15T14:17:26.508000+00:00	tm:Z:adapter,primer rc
596894	d7570c36-12a1-4c0e-8223-3f9ccc160d49	qs:f:10.4808	ch:i:30	st:Z:2026-07-15T23:28:23.511000+00:00	RG:Z:a40d6b40-d3ad-4fe7-8245-9c92f794f831_dna_r10.4.1_e8.2_400bps_sup@v5.2.0	DS:Z:gpu:NVIDIA GeForce RTX 4070 SUPER	PU:Z:FBG39641	DT:Z:2026-07-15T14:17:26.508000+00:00	tm:Z:adapter,primer rc
600304	927ea57c-de66-4145-9706-a144904454dc	qs:f:13.3043	ch:i:410	st:Z:2026-07-15T19:35:01.226000+00:00	RG:Z:a40d6b40-d3ad-4fe7-8245-9c92f794f831_dna_r10.4.1_e8.2_400bps_sup@v5.2.0	DS:Z:gpu:NVIDIA GeForce RTX 4070 SUPER	PU:Z:FBG39641	DT:Z:2026-07-15T14:17:26.508000+00:00	tm:Z:none rc
616443	7b265953-16d5-406c-86de-f76139eea92b	qs:f:10.3424	ch:i:170	st:Z:2026-07-15T15:40:26.581000+00:00	RG:Z:a40d6b40-d3ad-4fe7-8245-9c92f794f831_dna_r10.4.1_e8.2_400bps_sup@v5.2.0	DS:Z:gpu:NVIDIA GeForce RTX 4070 SUPER	PU:Z:FBG39641	DT:Z:2026-07-15T14:17:26.508000+00:00	tm:Z:adapter,primer rc
627231	f5bf3dad-d5f9-4625-91af-2bd0b25873c8	qs:f:8.45052	ch:i:374	st:Z:2026-07-15T17:02:55.415000+00:00	RG:Z:a40d6b40-d3ad-4fe7-8245-9c92f794f831_dna_r10.4.1_e8.2_400bps_sup@v5.2.0	DS:Z:gpu:NVIDIA GeForce RTX 4070 SUPER	PU:Z:FBG39641	DT:Z:2026-07-15T14:17:26.508000+00:00	tm:Z:adapter,primer rc
