0	6f9ecfd8-9738-4e0e-a644-c989abc38470 runid=0dfb5b492dc86ce99bf7c61c734eb364afcdb5c8 ch=56 start_time=2025-09-25T17:50:40.398161+00:00 flow_cell_id=AWX817 basecall_gpu=NVIDIA_Tegra_X2 protocol_group_id=ONT_trialEb_250925 sample_id=ONT_trail_250925 barcode=barcode14 barcode_alias=barcode14 parent_read_id=6f9ecfd8-9738-4e0e-a644-c989abc38470 basecall_model_version_id=dna_r10.4.1_e8.2_400bps_hac@v4.3.0
0	bbe67c5d-f597-4b5c-a1d7-1542203df084 runid=0dfb5b492dc86ce99bf7c61c734eb364afcdb5c8 ch=108 start_time=2025-09-25T15:58:22.398161+00:00 flow_cell_id=AWX817 basecall_gpu=NVIDIA_Tegra_X2 protocol_group_id=ONT_trialEb_250925 sample_id=ONT_trail_250925 barcode=barcode24 barcode_alias=barcode24 parent_read_id=bbe67c5d-f597-4b5c-a1d7-1542203df084 basecall_model_version_id=dna_r10.4.1_e8.2_400bps_hac@v4.3.0 rc
0	294db94f-acad-4ea7-bd7b-0d699d269da8 runid=0dfb5b492dc86ce99bf7c61c734eb364afcdb5c8 ch=44 start_time=2025-09-25T21:46:59.398161+00:00 flow_cell_id=AWX817 basecall_gpu=NVIDIA_Tegra_X2 protocol_group_id=ONT_trialEb_250925 sample_id=ONT_trail_250925 barcode=barcode24 barcode_alias=barcode24 parent_read_id=294db94f-acad-4ea7-bd7b-0d699d269da8 basecall_model_version_id=dna_r10.4.1_e8.2_400bps_hac@v4.3.0
0	de3961cc-4385-46db-8dae-d62b701887dc runid=0dfb5b492dc86ce99bf7c61c734eb364afcdb5c8 ch=16 start_time=2025-09-25T20:08:49.398161+00:00 flow_cell_id=AWX817 basecall_gpu=NVIDIA_Tegra_X2 protocol_group_id=ONT_trialEb_250925 sample_id=ONT_trail_250925 barcode=barcode14 barcode_alias=barcode14 parent_read_id=de3961cc-4385-46db-8dae-d62b701887dc basecall_model_version_id=dna_r10.4.1_e8.2_400bps_hac@v4.3.0 rc
0	8b4d822f-8975-4403-a2c0-00fc4c471551 runid=0dfb5b492dc86ce99bf7c61c734eb364afcdb5c8 ch=6 start_time=2025-09-25T16:23:48.398161+00:00 flow_cell_id=AWX817 basecall_gpu=NVIDIA_Tegra_X2 protocol_group_id=ONT_trialEb_250925 sample_id=ONT_trail_250925 barcode=barcode22 barcode_alias=barcode22 parent_read_id=8b4d822f-8975-4403-a2c0-00fc4c471551 basecall_model_version_id=dna_r10.4.1_e8.2_400bps_hac@v4.3.0
0	849d41aa-4a94-4c5f-b04f-2340e71b59cd runid=0dfb5b492dc86ce99bf7c61c734eb364afcdb5c8 ch=58 start_time=2025-09-25T19:34:54.398161+00:00 flow_cell_id=AWX817 basecall_gpu=NVIDIA_Tegra_X2 protocol_group_id=ONT_trialEb_250925 sample_id=ONT_trail_250925 barcode=barcode22 barcode_alias=barcode22 parent_read_id=849d41aa-4a94-4c5f-b04f-2340e71b59cd basecall_model_version_id=dna_r10.4.1_e8.2_400bps_hac@v4.3.0
0	cc26debd-b596-47a0-9eeb-401f6db44238 runid=0dfb5b492dc86ce99bf7c61c734eb364afcdb5c8 ch=44 start_time=2025-09-25T22:37:46.398161+00:00 flow_cell_id=AWX817 basecall_gpu=NVIDIA_Tegra_X2 protocol_group_id=ONT_trialEb_250925 sample_id=ONT_trail_250925 barcode=barcode23 barcode_alias=barcode23 parent_read_id=cc26debd-b596-47a0-9eeb-401f6db44238 basecall_model_version_id=dna_r10.4.1_e8.2_400bps_hac@v4.3.0
0	d28ea747-f30a-4a16-ae10-f34aef87ec63 runid=0dfb5b492dc86ce99bf7c61c734eb364afcdb5c8 ch=114 start_time=2025-09-25T15:47:48.398161+00:00 flow_cell_id=AWX817 basecall_gpu=NVIDIA_Tegra_X2 protocol_group_id=ONT_trialEb_250925 sample_id=ONT_trail_250925 barcode=barcode24 barcode_alias=barcode24 parent_read_id=d28ea747-f30a-4a16-ae10-f34aef87ec63 basecall_model_version_id=dna_r10.4.1_e8.2_400bps_hac@v4.3.0 rc
0	a85b9476-425f-434b-9569-b65e2bcc37c7 runid=0dfb5b492dc86ce99bf7c61c734eb364afcdb5c8 ch=4 start_time=2025-09-25T19:20:43.398161+00:00 flow_cell_id=AWX817 basecall_gpu=NVIDIA_Tegra_X2 protocol_group_id=ONT_trialEb_250925 sample_id=ONT_trail_250925 barcode=barcode14 barcode_alias=barcode14 parent_read_id=a85b9476-425f-434b-9569-b65e2bcc37c7 basecall_model_version_id=dna_r10.4.1_e8.2_400bps_hac@v4.3.0 rc
0	1253a1bc-bd55-437d-9005-3283599bf020 runid=0dfb5b492dc86ce99bf7c61c734eb364afcdb5c8 ch=44 start_time=2025-09-25T17:34:33.398161+00:00 flow_cell_id=AWX817 basecall_gpu=NVIDIA_Tegra_X2 protocol_group_id=ONT_trialEb_250925 sample_id=ONT_trail_250925 barcode=barcode23 barcode_alias=barcode23 parent_read_id=1253a1bc-bd55-437d-9005-3283599bf020 basecall_model_version_id=dna_r10.4.1_e8.2_400bps_hac@v4.3.0 rc
0	6b85ba76-b85a-4f62-9a47-ccdd0dfbc8e9 runid=0dfb5b492dc86ce99bf7c61c734eb364afcdb5c8 ch=20 start_time=2025-09-25T22:30:20.398161+00:00 flow_cell_id=AWX817 basecall_gpu=NVIDIA_Tegra_X2 protocol_group_id=ONT_trialEb_250925 sample_id=ONT_trail_250925 barcode=barcode13 barcode_alias=barcode13 parent_read_id=6b85ba76-b85a-4f62-9a47-ccdd0dfbc8e9 basecall_model_version_id=dna_r10.4.1_e8.2_400bps_hac@v4.3.0
0	0e35295d-ab27-4eb2-aafe-882efe6de9fd runid=0dfb5b492dc86ce99bf7c61c734eb364afcdb5c8 ch=20 start_time=2025-09-25T20:30:10.398161+00:00 flow_cell_id=AWX817 basecall_gpu=NVIDIA_Tegra_X2 protocol_group_id=ONT_trialEb_250925 sample_id=ONT_trail_250925 barcode=barcode15 barcode_alias=barcode15 parent_read_id=0e35295d-ab27-4eb2-aafe-882efe6de9fd basecall_model_version_id=dna_r10.4.1_e8.2_400bps_hac@v4.3.0
0	bedd1d04-6d8e-4063-b7db-9470daf72821 runid=0dfb5b492dc86ce99bf7c61c734eb364afcdb5c8 ch=110 start_time=2025-09-25T17:00:42.398161+00:00 flow_cell_id=AWX817 basecall_gpu=NVIDIA_Tegra_X2 protocol_group_id=ONT_trialEb_250925 sample_id=ONT_trail_250925 barcode=barcode22 barcode_alias=barcode22 parent_read_id=bedd1d04-6d8e-4063-b7db-9470daf72821 basecall_model_version_id=dna_r10.4.1_e8.2_400bps_hac@v4.3.0 rc
0	bedd1d04-6d8e-4063-b7db-9470daf72821 runid=0dfb5b492dc86ce99bf7c61c734eb364afcdb5c8 ch=110 start_time=2025-09-25T17:00:42.398161+00:00 flow_cell_id=AWX817 basecall_gpu=NVIDIA_Tegra_X2 protocol_group_id=ONT_trialEb_250925 sample_id=ONT_trail_250925 barcode=barcode22 barcode_alias=barcode22 parent_read_id=bedd1d04-6d8e-4063-b7db-9470daf72821 basecall_model_version_id=dna_r10.4.1_e8.2_400bps_hac@v4.3.0 rc
0	023b4f0e-b8d0-4041-932a-0a8a50f68341 runid=0dfb5b492dc86ce99bf7c61c734eb364afcdb5c8 ch=4 start_time=2025-09-25T18:31:21.398161+00:00 flow_cell_id=AWX817 basecall_gpu=NVIDIA_Tegra_X2 protocol_group_id=ONT_trialEb_250925 sample_id=ONT_trail_250925 barcode=barcode23 barcode_alias=barcode23 parent_read_id=023b4f0e-b8d0-4041-932a-0a8a50f68341 basecall_model_version_id=dna_r10.4.1_e8.2_400bps_hac@v4.3.0
0	cc9f35ec-da3e-49f4-846d-a751da57251f runid=0dfb5b492dc86ce99bf7c61c734eb364afcdb5c8 ch=4 start_time=2025-09-26T00:12:19.398161+00:00 flow_cell_id=AWX817 basecall_gpu=NVIDIA_Tegra_X2 protocol_group_id=ONT_trialEb_250925 sample_id=ONT_trail_250925 barcode=barcode14 barcode_alias=barcode14 parent_read_id=cc9f35ec-da3e-49f4-846d-a751da57251f basecall_model_version_id=dna_r10.4.1_e8.2_400bps_hac@v4.3.0 rc
0	c50ff47d-c666-440b-84b1-46a938299423 runid=0dfb5b492dc86ce99bf7c61c734eb364afcdb5c8 ch=44 start_time=2025-09-25T22:09:00.398161+00:00 flow_cell_id=AWX817 basecall_gpu=NVIDIA_Tegra_X2 protocol_group_id=ONT_trialEb_250925 sample_id=ONT_trail_250925 barcode=barcode22 barcode_alias=barcode22 parent_read_id=c50ff47d-c666-440b-84b1-46a938299423 basecall_model_version_id=dna_r10.4.1_e8.2_400bps_hac@v4.3.0
0	61e3c8cc-31ea-4bf1-a20b-a54612844fe1 runid=0dfb5b492dc86ce99bf7c61c734eb364afcdb5c8 ch=91 start_time=2025-09-25T18:43:45.398161+00:00 flow_cell_id=AWX817 basecall_gpu=NVIDIA_Tegra_X2 protocol_group_id=ONT_trialEb_250925 sample_id=ONT_trail_250925 barcode=barcode22 barcode_alias=barcode22 parent_read_id=61e3c8cc-31ea-4bf1-a20b-a54612844fe1 basecall_model_version_id=dna_r10.4.1_e8.2_400bps_hac@v4.3.0
0	670cbc07-0680-4c44-8b03-810b8bdfa88c runid=0dfb5b492dc86ce99bf7c61c734eb364afcdb5c8 ch=57 start_time=2025-09-25T17:33:00.398161+00:00 flow_cell_id=AWX817 basecall_gpu=NVIDIA_Tegra_X2 protocol_group_id=ONT_trialEb_250925 sample_id=ONT_trail_250925 barcode=barcode22 barcode_alias=barcode22 parent_read_id=1450812d-cc49-48ca-beaa-6a5e6395b986 basecall_model_version_id=dna_r10.4.1_e8.2_400bps_hac@v4.3.0
0	e22c3ef1-a213-441a-a7be-b42fa29cbfac runid=0dfb5b492dc86ce99bf7c61c734eb364afcdb5c8 ch=73 start_time=2025-09-25T19:11:43.398161+00:00 flow_cell_id=AWX817 basecall_gpu=NVIDIA_Tegra_X2 protocol_group_id=ONT_trialEb_250925 sample_id=ONT_trail_250925 barcode=barcode24 barcode_alias=barcode24 parent_read_id=e22c3ef1-a213-441a-a7be-b42fa29cbfac basecall_model_version_id=dna_r10.4.1_e8.2_400bps_hac@v4.3.0
0	528ef0b1-756a-4d80-b7e2-8a42bdfa7cec runid=0dfb5b492dc86ce99bf7c61c734eb364afcdb5c8 ch=41 start_time=2025-09-25T23:53:28.398161+00:00 flow_cell_id=AWX817 basecall_gpu=NVIDIA_Tegra_X2 protocol_group_id=ONT_trialEb_250925 sample_id=ONT_trail_250925 barcode=barcode15 barcode_alias=barcode15 parent_read_id=528ef0b1-756a-4d80-b7e2-8a42bdfa7cec basecall_model_version_id=dna_r10.4.1_e8.2_400bps_hac@v4.3.0 rc
0	42980a15-ff61-44dc-908a-fcdd25ea5267 runid=0dfb5b492dc86ce99bf7c61c734eb364afcdb5c8 ch=4 start_time=2025-09-25T17:58:10.398161+00:00 flow_cell_id=AWX817 basecall_gpu=NVIDIA_Tegra_X2 protocol_group_id=ONT_trialEb_250925 sample_id=ONT_trail_250925 barcode=barcode15 barcode_alias=barcode15 parent_read_id=42980a15-ff61-44dc-908a-fcdd25ea5267 basecall_model_version_id=dna_r10.4.1_e8.2_400bps_hac@v4.3.0
0	5e3e6a3b-cd77-4da9-b992-888fa02290ce runid=0dfb5b492dc86ce99bf7c61c734eb364afcdb5c8 ch=56 start_time=2025-09-25T16:22:06.398161+00:00 flow_cell_id=AWX817 basecall_gpu=NVIDIA_Tegra_X2 protocol_group_id=ONT_trialEb_250925 sample_id=ONT_trail_250925 barcode=barcode14 barcode_alias=barcode14 parent_read_id=5e3e6a3b-cd77-4da9-b992-888fa02290ce basecall_model_version_id=dna_r10.4.1_e8.2_400bps_hac@v4.3.0
0	4c3b3c86-0d2c-4572-b260-28a2fb1f7d7a runid=0dfb5b492dc86ce99bf7c61c734eb364afcdb5c8 ch=4 start_time=2025-09-25T22:32:49.398161+00:00 flow_cell_id=AWX817 basecall_gpu=NVIDIA_Tegra_X2 protocol_group_id=ONT_trialEb_250925 sample_id=ONT_trail_250925 barcode=barcode22 barcode_alias=barcode22 parent_read_id=4c3b3c86-0d2c-4572-b260-28a2fb1f7d7a basecall_model_version_id=dna_r10.4.1_e8.2_400bps_hac@v4.3.0
0	e5c7dd96-99a1-4ecb-be72-1042d160f356 runid=0dfb5b492dc86ce99bf7c61c734eb364afcdb5c8 ch=49 start_time=2025-09-25T18:23:29.398161+00:00 flow_cell_id=AWX817 basecall_gpu=NVIDIA_Tegra_X2 protocol_group_id=ONT_trialEb_250925 sample_id=ONT_trail_250925 barcode=barcode13 barcode_alias=barcode13 parent_read_id=e5c7dd96-99a1-4ecb-be72-1042d160f356 basecall_model_version_id=dna_r10.4.1_e8.2_400bps_hac@v4.3.0
0	70c39d46-81b9-4f07-a68b-76900edb6335 runid=0dfb5b492dc86ce99bf7c61c734eb364afcdb5c8 ch=113 start_time=2025-09-25T16:28:43.398161+00:00 flow_cell_id=AWX817 basecall_gpu=NVIDIA_Tegra_X2 protocol_group_id=ONT_trialEb_250925 sample_id=ONT_trail_250925 barcode=barcode24 barcode_alias=barcode24 parent_read_id=70c39d46-81b9-4f07-a68b-76900edb6335 basecall_model_version_id=dna_r10.4.1_e8.2_400bps_hac@v4.3.0
0	41b1aa4e-b154-4220-8b82-d99bb72ddab1 runid=0dfb5b492dc86ce99bf7c61c734eb364afcdb5c8 ch=44 start_time=2025-09-26T03:50:22.398161+00:00 flow_cell_id=AWX817 basecall_gpu=NVIDIA_Tegra_X2 protocol_group_id=ONT_trialEb_250925 sample_id=ONT_trail_250925 barcode=barcode23 barcode_alias=barcode23 parent_read_id=41b1aa4e-b154-4220-8b82-d99bb72ddab1 basecall_model_version_id=dna_r10.4.1_e8.2_400bps_hac@v4.3.0 rc
0	867f0fe6-fcfa-4a09-88f9-811196128840 runid=0dfb5b492dc86ce99bf7c61c734eb364afcdb5c8 ch=44 start_time=2025-09-25T22:45:19.398161+00:00 flow_cell_id=AWX817 basecall_gpu=NVIDIA_Tegra_X2 protocol_group_id=ONT_trialEb_250925 sample_id=ONT_trail_250925 barcode=barcode14 barcode_alias=barcode14 parent_read_id=867f0fe6-fcfa-4a09-88f9-811196128840 basecall_model_version_id=dna_r10.4.1_e8.2_400bps_hac@v4.3.0
0	3ba3414d-7083-4c39-9a98-502a4cdb2348 runid=0dfb5b492dc86ce99bf7c61c734eb364afcdb5c8 ch=56 start_time=2025-09-25T17:59:52.398161+00:00 flow_cell_id=AWX817 basecall_gpu=NVIDIA_Tegra_X2 protocol_group_id=ONT_trialEb_250925 sample_id=ONT_trail_250925 barcode=barcode22 barcode_alias=barcode22 parent_read_id=3ba3414d-7083-4c39-9a98-502a4cdb2348 basecall_model_version_id=dna_r10.4.1_e8.2_400bps_hac@v4.3.0
0	3ba3414d-7083-4c39-9a98-502a4cdb2348 runid=0dfb5b492dc86ce99bf7c61c734eb364afcdb5c8 ch=56 start_time=2025-09-25T17:59:52.398161+00:00 flow_cell_id=AWX817 basecall_gpu=NVIDIA_Tegra_X2 protocol_group_id=ONT_trialEb_250925 sample_id=ONT_trail_250925 barcode=barcode22 barcode_alias=barcode22 parent_read_id=3ba3414d-7083-4c39-9a98-502a4cdb2348 basecall_model_version_id=dna_r10.4.1_e8.2_400bps_hac@v4.3.0
0	0512b35d-e497-42a2-99bf-2a596b769683 runid=0dfb5b492dc86ce99bf7c61c734eb364afcdb5c8 ch=4 start_time=2025-09-25T20:09:08.398161+00:00 flow_cell_id=AWX817 basecall_gpu=NVIDIA_Tegra_X2 protocol_group_id=ONT_trialEb_250925 sample_id=ONT_trail_250925 barcode=barcode24 barcode_alias=barcode24 parent_read_id=0512b35d-e497-42a2-99bf-2a596b769683 basecall_model_version_id=dna_r10.4.1_e8.2_400bps_hac@v4.3.0 rc
0	52d4209c-63ce-4f61-8ba8-a2a8d79aa322 runid=0dfb5b492dc86ce99bf7c61c734eb364afcdb5c8 ch=118 start_time=2025-09-25T19:56:32.398161+00:00 flow_cell_id=AWX817 basecall_gpu=NVIDIA_Tegra_X2 protocol_group_id=ONT_trialEb_250925 sample_id=ONT_trail_250925 barcode=barcode24 barcode_alias=barcode24 parent_read_id=52d4209c-63ce-4f61-8ba8-a2a8d79aa322 basecall_model_version_id=dna_r10.4.1_e8.2_400bps_hac@v4.3.0
0	f0407f9f-4745-4ba2-86cd-f3e47b9803b6 runid=0dfb5b492dc86ce99bf7c61c734eb364afcdb5c8 ch=56 start_time=2025-09-25T16:14:54.398161+00:00 flow_cell_id=AWX817 basecall_gpu=NVIDIA_Tegra_X2 protocol_group_id=ONT_trialEb_250925 sample_id=ONT_trail_250925 barcode=barcode24 barcode_alias=barcode24 parent_read_id=f0407f9f-4745-4ba2-86cd-f3e47b9803b6 basecall_model_version_id=dna_r10.4.1_e8.2_400bps_hac@v4.3.0
0	eeae9a84-5428-4bda-8871-4ad1d9c3d8b0 runid=0dfb5b492dc86ce99bf7c61c734eb364afcdb5c8 ch=4 start_time=2025-09-26T00:05:28.398161+00:00 flow_cell_id=AWX817 basecall_gpu=NVIDIA_Tegra_X2 protocol_group_id=ONT_trialEb_250925 sample_id=ONT_trail_250925 barcode=barcode15 barcode_alias=barcode15 parent_read_id=eeae9a84-5428-4bda-8871-4ad1d9c3d8b0 basecall_model_version_id=dna_r10.4.1_e8.2_400bps_hac@v4.3.0
0	52e13b86-f633-431e-b033-805779d76bf3 runid=0dfb5b492dc86ce99bf7c61c734eb364afcdb5c8 ch=80 start_time=2025-09-25T17:30:34.398161+00:00 flow_cell_id=AWX817 basecall_gpu=NVIDIA_Tegra_X2 protocol_group_id=ONT_trialEb_250925 sample_id=ONT_trail_250925 barcode=barcode15 barcode_alias=barcode15 parent_read_id=caddae45-0836-43e5-bec3-593245fc583b basecall_model_version_id=dna_r10.4.1_e8.2_400bps_hac@v4.3.0
0	dfddcf4b-05e2-4781-bb0a-aa6b320b9fca runid=0dfb5b492dc86ce99bf7c61c734eb364afcdb5c8 ch=40 start_time=2025-09-25T20:13:43.398161+00:00 flow_cell_id=AWX817 basecall_gpu=NVIDIA_Tegra_X2 protocol_group_id=ONT_trialEb_250925 sample_id=ONT_trail_250925 barcode=barcode23 barcode_alias=barcode23 parent_read_id=dfddcf4b-05e2-4781-bb0a-aa6b320b9fca basecall_model_version_id=dna_r10.4.1_e8.2_400bps_hac@v4.3.0
0	51a8d2c6-a6e3-4277-8304-2ca0be242dcb runid=0dfb5b492dc86ce99bf7c61c734eb364afcdb5c8 ch=4 start_time=2025-09-25T19:43:01.398161+00:00 flow_cell_id=AWX817 basecall_gpu=NVIDIA_Tegra_X2 protocol_group_id=ONT_trialEb_250925 sample_id=ONT_trail_250925 barcode=barcode22 barcode_alias=barcode22 parent_read_id=51a8d2c6-a6e3-4277-8304-2ca0be242dcb basecall_model_version_id=dna_r10.4.1_e8.2_400bps_hac@v4.3.0
0	51a8d2c6-a6e3-4277-8304-2ca0be242dcb runid=0dfb5b492dc86ce99bf7c61c734eb364afcdb5c8 ch=4 start_time=2025-09-25T19:43:01.398161+00:00 flow_cell_id=AWX817 basecall_gpu=NVIDIA_Tegra_X2 protocol_group_id=ONT_trialEb_250925 sample_id=ONT_trail_250925 barcode=barcode22 barcode_alias=barcode22 parent_read_id=51a8d2c6-a6e3-4277-8304-2ca0be242dcb basecall_model_version_id=dna_r10.4.1_e8.2_400bps_hac@v4.3.0
0	f7ddf2e5-961f-4f0d-9d58-1573257c10c2 runid=0dfb5b492dc86ce99bf7c61c734eb364afcdb5c8 ch=44 start_time=2025-09-26T00:33:29.398161+00:00 flow_cell_id=AWX817 basecall_gpu=NVIDIA_Tegra_X2 protocol_group_id=ONT_trialEb_250925 sample_id=ONT_trail_250925 barcode=barcode14 barcode_alias=barcode14 parent_read_id=f7ddf2e5-961f-4f0d-9d58-1573257c10c2 basecall_model_version_id=dna_r10.4.1_e8.2_400bps_hac@v4.3.0 rc
0	5045bd27-67b4-47fb-aa0a-648cf03d0e27 runid=0dfb5b492dc86ce99bf7c61c734eb364afcdb5c8 ch=20 start_time=2025-09-26T05:22:53.398161+00:00 flow_cell_id=AWX817 basecall_gpu=NVIDIA_Tegra_X2 protocol_group_id=ONT_trialEb_250925 sample_id=ONT_trail_250925 barcode=barcode14 barcode_alias=barcode14 parent_read_id=5045bd27-67b4-47fb-aa0a-648cf03d0e27 basecall_model_version_id=dna_r10.4.1_e8.2_400bps_hac@v4.3.0 rc
0	6e350c70-391e-4bd8-9d93-8a588c629d57 runid=0dfb5b492dc86ce99bf7c61c734eb364afcdb5c8 ch=40 start_time=2025-09-25T17:20:19.398161+00:00 flow_cell_id=AWX817 basecall_gpu=NVIDIA_Tegra_X2 protocol_group_id=ONT_trialEb_250925 sample_id=ONT_trail_250925 barcode=barcode23 barcode_alias=barcode23 parent_read_id=6e350c70-391e-4bd8-9d93-8a588c629d57 basecall_model_version_id=dna_r10.4.1_e8.2_400bps_hac@v4.3.0
0	1410513e-0a47-4764-a1c6-d2d4d4524eff runid=0dfb5b492dc86ce99bf7c61c734eb364afcdb5c8 ch=4 start_time=2025-09-26T01:55:42.398161+00:00 flow_cell_id=AWX817 basecall_gpu=NVIDIA_Tegra_X2 protocol_group_id=ONT_trialEb_250925 sample_id=ONT_trail_250925 barcode=barcode23 barcode_alias=barcode23 parent_read_id=1410513e-0a47-4764-a1c6-d2d4d4524eff basecall_model_version_id=dna_r10.4.1_e8.2_400bps_hac@v4.3.0
0	03a57e34-d30e-4d6a-a2f9-1d0f1f02e6a8 runid=0dfb5b492dc86ce99bf7c61c734eb364afcdb5c8 ch=85 start_time=2025-09-25T23:18:49.398161+00:00 flow_cell_id=AWX817 basecall_gpu=NVIDIA_Tegra_X2 protocol_group_id=ONT_trialEb_250925 sample_id=ONT_trail_250925 barcode=barcode14 barcode_alias=barcode14 parent_read_id=03a57e34-d30e-4d6a-a2f9-1d0f1f02e6a8 basecall_model_version_id=dna_r10.4.1_e8.2_400bps_hac@v4.3.0
0	8260a783-e86f-4b84-9e63-1c057e57fb2f runid=0dfb5b492dc86ce99bf7c61c734eb364afcdb5c8 ch=20 start_time=2025-09-25T22:50:20.398161+00:00 flow_cell_id=AWX817 basecall_gpu=NVIDIA_Tegra_X2 protocol_group_id=ONT_trialEb_250925 sample_id=ONT_trail_250925 barcode=barcode15 barcode_alias=barcode15 parent_read_id=8260a783-e86f-4b84-9e63-1c057e57fb2f basecall_model_version_id=dna_r10.4.1_e8.2_400bps_hac@v4.3.0
0	446bfce5-e2d4-4e8a-b218-ec76b95d2626 runid=0dfb5b492dc86ce99bf7c61c734eb364afcdb5c8 ch=110 start_time=2025-09-25T20:40:56.398161+00:00 flow_cell_id=AWX817 basecall_gpu=NVIDIA_Tegra_X2 protocol_group_id=ONT_trialEb_250925 sample_id=ONT_trail_250925 barcode=barcode23 barcode_alias=barcode23 parent_read_id=446bfce5-e2d4-4e8a-b218-ec76b95d2626 basecall_model_version_id=dna_r10.4.1_e8.2_400bps_hac@v4.3.0 rc
0	6b2eabdd-c36f-4393-a6a0-291f5eddabc4 runid=0dfb5b492dc86ce99bf7c61c734eb364afcdb5c8 ch=49 start_time=2025-09-26T04:43:58.398161+00:00 flow_cell_id=AWX817 basecall_gpu=NVIDIA_Tegra_X2 protocol_group_id=ONT_trialEb_250925 sample_id=ONT_trail_250925 barcode=barcode14 barcode_alias=barcode14 parent_read_id=6b2eabdd-c36f-4393-a6a0-291f5eddabc4 basecall_model_version_id=dna_r10.4.1_e8.2_400bps_hac@v4.3.0
0	9e99b006-7d5c-422f-be78-0707cd2e1c7e runid=0dfb5b492dc86ce99bf7c61c734eb364afcdb5c8 ch=56 start_time=2025-09-25T16:11:24.398161+00:00 flow_cell_id=AWX817 basecall_gpu=NVIDIA_Tegra_X2 protocol_group_id=ONT_trialEb_250925 sample_id=ONT_trail_250925 barcode=barcode23 barcode_alias=barcode23 parent_read_id=9e99b006-7d5c-422f-be78-0707cd2e1c7e basecall_model_version_id=dna_r10.4.1_e8.2_400bps_hac@v4.3.0 rc
0	ee115e10-9b9e-4a99-81dc-0b0253a82a78 runid=0dfb5b492dc86ce99bf7c61c734eb364afcdb5c8 ch=20 start_time=2025-09-26T04:04:25.398161+00:00 flow_cell_id=AWX817 basecall_gpu=NVIDIA_Tegra_X2 protocol_group_id=ONT_trialEb_250925 sample_id=ONT_trail_250925 barcode=barcode23 barcode_alias=barcode23 parent_read_id=ee115e10-9b9e-4a99-81dc-0b0253a82a78 basecall_model_version_id=dna_r10.4.1_e8.2_400bps_hac@v4.3.0
0	9c1d8133-70d5-4d8b-8889-def28b594bce runid=0dfb5b492dc86ce99bf7c61c734eb364afcdb5c8 ch=108 start_time=2025-09-25T15:49:26.398161+00:00 flow_cell_id=AWX817 basecall_gpu=NVIDIA_Tegra_X2 protocol_group_id=ONT_trialEb_250925 sample_id=ONT_trail_250925 barcode=barcode13 barcode_alias=barcode13 parent_read_id=9c1d8133-70d5-4d8b-8889-def28b594bce basecall_model_version_id=dna_r10.4.1_e8.2_400bps_hac@v4.3.0 rc
0	ec0a4bf3-1c8e-4e02-82bd-6e5752f669f5 runid=0dfb5b492dc86ce99bf7c61c734eb364afcdb5c8 ch=110 start_time=2025-09-25T17:35:48.398161+00:00 flow_cell_id=AWX817 basecall_gpu=NVIDIA_Tegra_X2 protocol_group_id=ONT_trialEb_250925 sample_id=ONT_trail_250925 barcode=barcode14 barcode_alias=barcode14 parent_read_id=ec0a4bf3-1c8e-4e02-82bd-6e5752f669f5 basecall_model_version_id=dna_r10.4.1_e8.2_400bps_hac@v4.3.0 rc
0	13f5eb24-9c53-4cbb-8abd-c7605689a3f3 runid=0dfb5b492dc86ce99bf7c61c734eb364afcdb5c8 ch=44 start_time=2025-09-25T20:34:52.398161+00:00 flow_cell_id=AWX817 basecall_gpu=NVIDIA_Tegra_X2 protocol_group_id=ONT_trialEb_250925 sample_id=ONT_trail_250925 barcode=barcode13 barcode_alias=barcode13 parent_read_id=548cb27c-146a-41b9-a4da-14a61e595070 basecall_model_version_id=dna_r10.4.1_e8.2_400bps_hac@v4.3.0 rc
0	f6e12f67-e030-43eb-b030-c4e91cbe3f20 runid=0dfb5b492dc86ce99bf7c61c734eb364afcdb5c8 ch=110 start_time=2025-09-25T19:13:39.398161+00:00 flow_cell_id=AWX817 basecall_gpu=NVIDIA_Tegra_X2 protocol_group_id=ONT_trialEb_250925 sample_id=ONT_trail_250925 barcode=barcode22 barcode_alias=barcode22 parent_read_id=f6e12f67-e030-43eb-b030-c4e91cbe3f20 basecall_model_version_id=dna_r10.4.1_e8.2_400bps_hac@v4.3.0
0	aac94a55-c7e4-4744-bd06-a59d756aef49 runid=0dfb5b492dc86ce99bf7c61c734eb364afcdb5c8 ch=4 start_time=2025-09-25T20:39:02.398161+00:00 flow_cell_id=AWX817 basecall_gpu=NVIDIA_Tegra_X2 protocol_group_id=ONT_trialEb_250925 sample_id=ONT_trail_250925 barcode=barcode13 barcode_alias=barcode13 parent_read_id=aac94a55-c7e4-4744-bd06-a59d756aef49 basecall_model_version_id=dna_r10.4.1_e8.2_400bps_hac@v4.3.0
0	99b26df8-b3b2-420c-b730-20947a5a5f6c runid=0dfb5b492dc86ce99bf7c61c734eb364afcdb5c8 ch=44 start_time=2025-09-25T23:02:23.398161+00:00 flow_cell_id=AWX817 basecall_gpu=NVIDIA_Tegra_X2 protocol_group_id=ONT_trialEb_250925 sample_id=ONT_trail_250925 barcode=barcode24 barcode_alias=barcode24 parent_read_id=99b26df8-b3b2-420c-b730-20947a5a5f6c basecall_model_version_id=dna_r10.4.1_e8.2_400bps_hac@v4.3.0 rc
0	1da5e520-8b79-4345-b909-8539d965197b runid=0dfb5b492dc86ce99bf7c61c734eb364afcdb5c8 ch=4 start_time=2025-09-26T01:16:42.398161+00:00 flow_cell_id=AWX817 basecall_gpu=NVIDIA_Tegra_X2 protocol_group_id=ONT_trialEb_250925 sample_id=ONT_trail_250925 barcode=barcode24 barcode_alias=barcode24 parent_read_id=1da5e520-8b79-4345-b909-8539d965197b basecall_model_version_id=dna_r10.4.1_e8.2_400bps_hac@v4.3.0
0	5011f0cb-acad-4169-9ac1-0756ef2a0691 runid=0dfb5b492dc86ce99bf7c61c734eb364afcdb5c8 ch=4 start_time=2025-09-26T02:59:49.398161+00:00 flow_cell_id=AWX817 basecall_gpu=NVIDIA_Tegra_X2 protocol_group_id=ONT_trialEb_250925 sample_id=ONT_trail_250925 barcode=barcode22 barcode_alias=barcode22 parent_read_id=5011f0cb-acad-4169-9ac1-0756ef2a0691 basecall_model_version_id=dna_r10.4.1_e8.2_400bps_hac@v4.3.0
0	a55e02c8-e53a-4de7-9847-b326194ee722 runid=0dfb5b492dc86ce99bf7c61c734eb364afcdb5c8 ch=44 start_time=2025-09-26T05:37:01.398161+00:00 flow_cell_id=AWX817 basecall_gpu=NVIDIA_Tegra_X2 protocol_group_id=ONT_trialEb_250925 sample_id=ONT_trail_250925 barcode=barcode23 barcode_alias=barcode23 parent_read_id=a55e02c8-e53a-4de7-9847-b326194ee722 basecall_model_version_id=dna_r10.4.1_e8.2_400bps_hac@v4.3.0 rc
0	4035010a-61dd-4f63-8b83-bc1987223653 runid=0dfb5b492dc86ce99bf7c61c734eb364afcdb5c8 ch=4 start_time=2025-09-26T01:33:34.398161+00:00 flow_cell_id=AWX817 basecall_gpu=NVIDIA_Tegra_X2 protocol_group_id=ONT_trialEb_250925 sample_id=ONT_trail_250925 barcode=barcode14 barcode_alias=barcode14 parent_read_id=4035010a-61dd-4f63-8b83-bc1987223653 basecall_model_version_id=dna_r10.4.1_e8.2_400bps_hac@v4.3.0 rc
0	ab91e127-cf29-4725-898e-2bf53507c678 runid=0dfb5b492dc86ce99bf7c61c734eb364afcdb5c8 ch=58 start_time=2025-09-25T17:47:34.398161+00:00 flow_cell_id=AWX817 basecall_gpu=NVIDIA_Tegra_X2 protocol_group_id=ONT_trialEb_250925 sample_id=ONT_trail_250925 barcode=barcode22 barcode_alias=barcode22 parent_read_id=ab91e127-cf29-4725-898e-2bf53507c678 basecall_model_version_id=dna_r10.4.1_e8.2_400bps_hac@v4.3.0 rc
0	aa5eb68f-9793-4aee-828e-da4edc13a0c9 runid=0dfb5b492dc86ce99bf7c61c734eb364afcdb5c8 ch=16 start_time=2025-09-25T18:53:04.398161+00:00 flow_cell_id=AWX817 basecall_gpu=NVIDIA_Tegra_X2 protocol_group_id=ONT_trialEb_250925 sample_id=ONT_trail_250925 barcode=barcode13 barcode_alias=barcode13 parent_read_id=aa5eb68f-9793-4aee-828e-da4edc13a0c9 basecall_model_version_id=dna_r10.4.1_e8.2_400bps_hac@v4.3.0 rc
0	43f66eb6-0fd3-45b6-bb03-4a80c91f75b1 runid=0dfb5b492dc86ce99bf7c61c734eb364afcdb5c8 ch=44 start_time=2025-09-25T21:07:18.398161+00:00 flow_cell_id=AWX817 basecall_gpu=NVIDIA_Tegra_X2 protocol_group_id=ONT_trialEb_250925 sample_id=ONT_trail_250925 barcode=barcode13 barcode_alias=barcode13 parent_read_id=43f66eb6-0fd3-45b6-bb03-4a80c91f75b1 basecall_model_version_id=dna_r10.4.1_e8.2_400bps_hac@v4.3.0
0	81b22415-59b6-456d-b544-90bde5444c34 runid=0dfb5b492dc86ce99bf7c61c734eb364afcdb5c8 ch=20 start_time=2025-09-26T03:14:58.398161+00:00 flow_cell_id=AWX817 basecall_gpu=NVIDIA_Tegra_X2 protocol_group_id=ONT_trialEb_250925 sample_id=ONT_trail_250925 barcode=barcode22 barcode_alias=barcode22 parent_read_id=81b22415-59b6-456d-b544-90bde5444c34 basecall_model_version_id=dna_r10.4.1_e8.2_400bps_hac@v4.3.0
0	31da147c-f4a6-4e37-b05a-1fee8ae281fb runid=0dfb5b492dc86ce99bf7c61c734eb364afcdb5c8 ch=44 start_time=2025-09-25T19:00:19.398161+00:00 flow_cell_id=AWX817 basecall_gpu=NVIDIA_Tegra_X2 protocol_group_id=ONT_trialEb_250925 sample_id=ONT_trail_250925 barcode=barcode14 barcode_alias=barcode14 parent_read_id=31da147c-f4a6-4e37-b05a-1fee8ae281fb basecall_model_version_id=dna_r10.4.1_e8.2_400bps_hac@v4.3.0
0	dc151b0e-9574-40fd-85d3-96bdf47baac6 runid=0dfb5b492dc86ce99bf7c61c734eb364afcdb5c8 ch=20 start_time=2025-09-26T00:11:04.398161+00:00 flow_cell_id=AWX817 basecall_gpu=NVIDIA_Tegra_X2 protocol_group_id=ONT_trialEb_250925 sample_id=ONT_trail_250925 barcode=barcode14 barcode_alias=barcode14 parent_read_id=dc151b0e-9574-40fd-85d3-96bdf47baac6 basecall_model_version_id=dna_r10.4.1_e8.2_400bps_hac@v4.3.0 rc
0	5605c9aa-acfa-48d6-a7bf-beb6bec9a20e runid=0dfb5b492dc86ce99bf7c61c734eb364afcdb5c8 ch=93 start_time=2025-09-25T16:19:17.398161+00:00 flow_cell_id=AWX817 basecall_gpu=NVIDIA_Tegra_X2 protocol_group_id=ONT_trialEb_250925 sample_id=ONT_trail_250925 barcode=barcode14 barcode_alias=barcode14 parent_read_id=5605c9aa-acfa-48d6-a7bf-beb6bec9a20e basecall_model_version_id=dna_r10.4.1_e8.2_400bps_hac@v4.3.0
0	d20b20ce-dd8d-4257-92f0-efa0c92d4826 runid=0dfb5b492dc86ce99bf7c61c734eb364afcdb5c8 ch=15 start_time=2025-09-25T19:36:56.398161+00:00 flow_cell_id=AWX817 basecall_gpu=NVIDIA_Tegra_X2 protocol_group_id=ONT_trialEb_250925 sample_id=ONT_trail_250925 barcode=barcode24 barcode_alias=barcode24 parent_read_id=3d01fce3-1c95-4f62-a42f-5ce89e30d163 basecall_model_version_id=dna_r10.4.1_e8.2_400bps_hac@v4.3.0 rc
0	2a0d93ab-5639-4e5d-8551-1719972076bb runid=0dfb5b492dc86ce99bf7c61c734eb364afcdb5c8 ch=79 start_time=2025-09-25T19:43:57.398161+00:00 flow_cell_id=AWX817 basecall_gpu=NVIDIA_Tegra_X2 protocol_group_id=ONT_trialEb_250925 sample_id=ONT_trail_250925 barcode=barcode22 barcode_alias=barcode22 parent_read_id=2a0d93ab-5639-4e5d-8551-1719972076bb basecall_model_version_id=dna_r10.4.1_e8.2_400bps_hac@v4.3.0 rc
0	32c251af-6ff8-4942-b4f6-9e88b7ac9155 runid=0dfb5b492dc86ce99bf7c61c734eb364afcdb5c8 ch=44 start_time=2025-09-25T21:00:01.398161+00:00 flow_cell_id=AWX817 basecall_gpu=NVIDIA_Tegra_X2 protocol_group_id=ONT_trialEb_250925 sample_id=ONT_trail_250925 barcode=barcode14 barcode_alias=barcode14 parent_read_id=32c251af-6ff8-4942-b4f6-9e88b7ac9155 basecall_model_version_id=dna_r10.4.1_e8.2_400bps_hac@v4.3.0
0	5f485cce-1555-4e30-a682-fd0558df89a3 runid=0dfb5b492dc86ce99bf7c61c734eb364afcdb5c8 ch=106 start_time=2025-09-25T16:36:13.398161+00:00 flow_cell_id=AWX817 basecall_gpu=NVIDIA_Tegra_X2 protocol_group_id=ONT_trialEb_250925 sample_id=ONT_trail_250925 barcode=barcode22 barcode_alias=barcode22 parent_read_id=5f485cce-1555-4e30-a682-fd0558df89a3 basecall_model_version_id=dna_r10.4.1_e8.2_400bps_hac@v4.3.0
0	7fc26e1f-003b-462d-b4c9-bb3ec4f7228a runid=0dfb5b492dc86ce99bf7c61c734eb364afcdb5c8 ch=58 start_time=2025-09-25T18:09:40.398161+00:00 flow_cell_id=AWX817 basecall_gpu=NVIDIA_Tegra_X2 protocol_group_id=ONT_trialEb_250925 sample_id=ONT_trail_250925 barcode=barcode13 barcode_alias=barcode13 parent_read_id=7fc26e1f-003b-462d-b4c9-bb3ec4f7228a basecall_model_version_id=dna_r10.4.1_e8.2_400bps_hac@v4.3.0
0	30187a89-fc79-44ec-84e3-837db3a811d7 runid=0dfb5b492dc86ce99bf7c61c734eb364afcdb5c8 ch=57 start_time=2025-09-25T16:09:29.398161+00:00 flow_cell_id=AWX817 basecall_gpu=NVIDIA_Tegra_X2 protocol_group_id=ONT_trialEb_250925 sample_id=ONT_trail_250925 barcode=barcode14 barcode_alias=barcode14 parent_read_id=28598815-86cf-4d4a-9f52-9cded7510c9a basecall_model_version_id=dna_r10.4.1_e8.2_400bps_hac@v4.3.0
0	5b20a334-3cdc-4703-972a-0a544b616c25 runid=0dfb5b492dc86ce99bf7c61c734eb364afcdb5c8 ch=56 start_time=2025-09-25T17:12:28.398161+00:00 flow_cell_id=AWX817 basecall_gpu=NVIDIA_Tegra_X2 protocol_group_id=ONT_trialEb_250925 sample_id=ONT_trail_250925 barcode=barcode22 barcode_alias=barcode22 parent_read_id=5b20a334-3cdc-4703-972a-0a544b616c25 basecall_model_version_id=dna_r10.4.1_e8.2_400bps_hac@v4.3.0
0	344f3034-74b9-4ef6-bbef-d71a68994d07 runid=0dfb5b492dc86ce99bf7c61c734eb364afcdb5c8 ch=20 start_time=2025-09-26T02:55:43.398161+00:00 flow_cell_id=AWX817 basecall_gpu=NVIDIA_Tegra_X2 protocol_group_id=ONT_trialEb_250925 sample_id=ONT_trail_250925 barcode=barcode22 barcode_alias=barcode22 parent_read_id=344f3034-74b9-4ef6-bbef-d71a68994d07 basecall_model_version_id=dna_r10.4.1_e8.2_400bps_hac@v4.3.0 rc
0	ee3ac10b-0c4a-47fd-b2e8-b4bc4ff1cf87 runid=0dfb5b492dc86ce99bf7c61c734eb364afcdb5c8 ch=20 start_time=2025-09-26T05:58:49.398161+00:00 flow_cell_id=AWX817 basecall_gpu=NVIDIA_Tegra_X2 protocol_group_id=ONT_trialEb_250925 sample_id=ONT_trail_250925 barcode=barcode13 barcode_alias=barcode13 parent_read_id=ee3ac10b-0c4a-47fd-b2e8-b4bc4ff1cf87 basecall_model_version_id=dna_r10.4.1_e8.2_400bps_hac@v4.3.0 rc
0	2ca381ee-3ea7-4bb2-8daf-198ce31f1090 runid=0dfb5b492dc86ce99bf7c61c734eb364afcdb5c8 ch=110 start_time=2025-09-25T16:39:05.398161+00:00 flow_cell_id=AWX817 basecall_gpu=NVIDIA_Tegra_X2 protocol_group_id=ONT_trialEb_250925 sample_id=ONT_trail_250925 barcode=barcode23 barcode_alias=barcode23 parent_read_id=2ca381ee-3ea7-4bb2-8daf-198ce31f1090 basecall_model_version_id=dna_r10.4.1_e8.2_400bps_hac@v4.3.0
0	eb07cbe3-55ae-45d9-9f09-e12b0823ee79 runid=0dfb5b492dc86ce99bf7c61c734eb364afcdb5c8 ch=85 start_time=2025-09-26T01:53:43.398161+00:00 flow_cell_id=AWX817 basecall_gpu=NVIDIA_Tegra_X2 protocol_group_id=ONT_trialEb_250925 sample_id=ONT_trail_250925 barcode=barcode22 barcode_alias=barcode22 parent_read_id=eb07cbe3-55ae-45d9-9f09-e12b0823ee79 basecall_model_version_id=dna_r10.4.1_e8.2_400bps_hac@v4.3.0
0	dda931ce-929d-4dfd-8f13-37977ded545f runid=0dfb5b492dc86ce99bf7c61c734eb364afcdb5c8 ch=57 start_time=2025-09-25T17:06:23.398161+00:00 flow_cell_id=AWX817 basecall_gpu=NVIDIA_Tegra_X2 protocol_group_id=ONT_trialEb_250925 sample_id=ONT_trail_250925 barcode=barcode22 barcode_alias=barcode22 parent_read_id=dda931ce-929d-4dfd-8f13-37977ded545f basecall_model_version_id=dna_r10.4.1_e8.2_400bps_hac@v4.3.0
0	f9e44b8b-4dbd-474f-89eb-fc2ff06a32d2 runid=0dfb5b492dc86ce99bf7c61c734eb364afcdb5c8 ch=44 start_time=2025-09-25T22:26:17.398161+00:00 flow_cell_id=AWX817 basecall_gpu=NVIDIA_Tegra_X2 protocol_group_id=ONT_trialEb_250925 sample_id=ONT_trail_250925 barcode=barcode13 barcode_alias=barcode13 parent_read_id=f9e44b8b-4dbd-474f-89eb-fc2ff06a32d2 basecall_model_version_id=dna_r10.4.1_e8.2_400bps_hac@v4.3.0 rc
0	6ec2bc8c-c758-4b6f-a693-d1c44b185c83 runid=0dfb5b492dc86ce99bf7c61c734eb364afcdb5c8 ch=4 start_time=2025-09-25T22:48:04.398161+00:00 flow_cell_id=AWX817 basecall_gpu=NVIDIA_Tegra_X2 protocol_group_id=ONT_trialEb_250925 sample_id=ONT_trail_250925 barcode=barcode24 barcode_alias=barcode24 parent_read_id=6ec2bc8c-c758-4b6f-a693-d1c44b185c83 basecall_model_version_id=dna_r10.4.1_e8.2_400bps_hac@v4.3.0
0	2d05a7d4-f3f2-468b-9309-a66fd1289ffd runid=0dfb5b492dc86ce99bf7c61c734eb364afcdb5c8 ch=41 start_time=2025-09-26T02:05:08.398161+00:00 flow_cell_id=AWX817 basecall_gpu=NVIDIA_Tegra_X2 protocol_group_id=ONT_trialEb_250925 sample_id=ONT_trail_250925 barcode=barcode22 barcode_alias=barcode22 parent_read_id=2d05a7d4-f3f2-468b-9309-a66fd1289ffd basecall_model_version_id=dna_r10.4.1_e8.2_400bps_hac@v4.3.0 rc
0	2df2d70b-9c4e-4591-9e65-6fdec1d9ed5c runid=0dfb5b492dc86ce99bf7c61c734eb364afcdb5c8 ch=110 start_time=2025-09-25T19:39:26.398161+00:00 flow_cell_id=AWX817 basecall_gpu=NVIDIA_Tegra_X2 protocol_group_id=ONT_trialEb_250925 sample_id=ONT_trail_250925 barcode=barcode13 barcode_alias=barcode13 parent_read_id=2df2d70b-9c4e-4591-9e65-6fdec1d9ed5c basecall_model_version_id=dna_r10.4.1_e8.2_400bps_hac@v4.3.0 rc
0	ab56086d-5a9e-4946-ab02-5ac1f3d95698 runid=0dfb5b492dc86ce99bf7c61c734eb364afcdb5c8 ch=110 start_time=2025-09-25T15:47:30.398161+00:00 flow_cell_id=AWX817 basecall_gpu=NVIDIA_Tegra_X2 protocol_group_id=ONT_trialEb_250925 sample_id=ONT_trail_250925 barcode=barcode13 barcode_alias=barcode13 parent_read_id=ab56086d-5a9e-4946-ab02-5ac1f3d95698 basecall_model_version_id=dna_r10.4.1_e8.2_400bps_hac@v4.3.0
0	2350538a-b4ee-4259-9782-0817b41ebaba runid=0dfb5b492dc86ce99bf7c61c734eb364afcdb5c8 ch=85 start_time=2025-09-25T16:46:01.398161+00:00 flow_cell_id=AWX817 basecall_gpu=NVIDIA_Tegra_X2 protocol_group_id=ONT_trialEb_250925 sample_id=ONT_trail_250925 barcode=barcode22 barcode_alias=barcode22 parent_read_id=2350538a-b4ee-4259-9782-0817b41ebaba basecall_model_version_id=dna_r10.4.1_e8.2_400bps_hac@v4.3.0
0	2667dea9-8bff-4882-a6bf-3fde9fda0985 runid=0dfb5b492dc86ce99bf7c61c734eb364afcdb5c8 ch=41 start_time=2025-09-25T20:33:01.398161+00:00 flow_cell_id=AWX817 basecall_gpu=NVIDIA_Tegra_X2 protocol_group_id=ONT_trialEb_250925 sample_id=ONT_trail_250925 barcode=barcode14 barcode_alias=barcode14 parent_read_id=2667dea9-8bff-4882-a6bf-3fde9fda0985 basecall_model_version_id=dna_r10.4.1_e8.2_400bps_hac@v4.3.0 rc
0	d32b474f-466c-45c2-abc1-654e36e16b95 runid=0dfb5b492dc86ce99bf7c61c734eb364afcdb5c8 ch=39 start_time=2025-09-25T18:18:51.398161+00:00 flow_cell_id=AWX817 basecall_gpu=NVIDIA_Tegra_X2 protocol_group_id=ONT_trialEb_250925 sample_id=ONT_trail_250925 barcode=barcode23 barcode_alias=barcode23 parent_read_id=d32b474f-466c-45c2-abc1-654e36e16b95 basecall_model_version_id=dna_r10.4.1_e8.2_400bps_hac@v4.3.0 rc
0	7dd7be29-a16d-46e6-a98b-0d742260f470 runid=0dfb5b492dc86ce99bf7c61c734eb364afcdb5c8 ch=44 start_time=2025-09-26T04:58:35.398161+00:00 flow_cell_id=AWX817 basecall_gpu=NVIDIA_Tegra_X2 protocol_group_id=ONT_trialEb_250925 sample_id=ONT_trail_250925 barcode=barcode22 barcode_alias=barcode22 parent_read_id=7dd7be29-a16d-46e6-a98b-0d742260f470 basecall_model_version_id=dna_r10.4.1_e8.2_400bps_hac@v4.3.0 rc
0	bc31d43d-bea9-491f-86e2-f99fd7df2b71 runid=0dfb5b492dc86ce99bf7c61c734eb364afcdb5c8 ch=20 start_time=2025-09-26T03:00:34.398161+00:00 flow_cell_id=AWX817 basecall_gpu=NVIDIA_Tegra_X2 protocol_group_id=ONT_trialEb_250925 sample_id=ONT_trail_250925 barcode=barcode15 barcode_alias=barcode15 parent_read_id=bc31d43d-bea9-491f-86e2-f99fd7df2b71 basecall_model_version_id=dna_r10.4.1_e8.2_400bps_hac@v4.3.0
0	b7799ba0-5bc7-4e75-b837-48c88d8728a1 runid=0dfb5b492dc86ce99bf7c61c734eb364afcdb5c8 ch=56 start_time=2025-09-25T15:45:17.398161+00:00 flow_cell_id=AWX817 basecall_gpu=NVIDIA_Tegra_X2 protocol_group_id=ONT_trialEb_250925 sample_id=ONT_trail_250925 barcode=barcode13 barcode_alias=barcode13 parent_read_id=b7799ba0-5bc7-4e75-b837-48c88d8728a1 basecall_model_version_id=dna_r10.4.1_e8.2_400bps_hac@v4.3.0
0	349a9334-166f-43c1-8a79-379c20f8f603 runid=0dfb5b492dc86ce99bf7c61c734eb364afcdb5c8 ch=6 start_time=2025-09-25T17:24:41.398161+00:00 flow_cell_id=AWX817 basecall_gpu=NVIDIA_Tegra_X2 protocol_group_id=ONT_trialEb_250925 sample_id=ONT_trail_250925 barcode=barcode22 barcode_alias=barcode22 parent_read_id=349a9334-166f-43c1-8a79-379c20f8f603 basecall_model_version_id=dna_r10.4.1_e8.2_400bps_hac@v4.3.0
0	64c94b32-5079-4341-b9ae-c732b47250ec runid=0dfb5b492dc86ce99bf7c61c734eb364afcdb5c8 ch=4 start_time=2025-09-25T22:31:18.398161+00:00 flow_cell_id=AWX817 basecall_gpu=NVIDIA_Tegra_X2 protocol_group_id=ONT_trialEb_250925 sample_id=ONT_trail_250925 barcode=barcode22 barcode_alias=barcode22 parent_read_id=e4e27a3b-7b8b-48e8-9ba5-ace2f9810d8e basecall_model_version_id=dna_r10.4.1_e8.2_400bps_hac@v4.3.0 rc
0	ee0bde79-97fd-46b2-a0f2-d308aff32452 runid=0dfb5b492dc86ce99bf7c61c734eb364afcdb5c8 ch=44 start_time=2025-09-26T02:05:18.398161+00:00 flow_cell_id=AWX817 basecall_gpu=NVIDIA_Tegra_X2 protocol_group_id=ONT_trialEb_250925 sample_id=ONT_trail_250925 barcode=barcode23 barcode_alias=barcode23 parent_read_id=ee0bde79-97fd-46b2-a0f2-d308aff32452 basecall_model_version_id=dna_r10.4.1_e8.2_400bps_hac@v4.3.0 rc
0	029826bb-6400-4e7e-844f-dcb4a2d21d25 runid=0dfb5b492dc86ce99bf7c61c734eb364afcdb5c8 ch=4 start_time=2025-09-26T04:38:09.398161+00:00 flow_cell_id=AWX817 basecall_gpu=NVIDIA_Tegra_X2 protocol_group_id=ONT_trialEb_250925 sample_id=ONT_trail_250925 barcode=barcode14 barcode_alias=barcode14 parent_read_id=029826bb-6400-4e7e-844f-dcb4a2d21d25 basecall_model_version_id=dna_r10.4.1_e8.2_400bps_hac@v4.3.0
0	246c08d5-7139-4e47-b64f-3120affa4c75 runid=0dfb5b492dc86ce99bf7c61c734eb364afcdb5c8 ch=110 start_time=2025-09-25T17:34:32.398161+00:00 flow_cell_id=AWX817 basecall_gpu=NVIDIA_Tegra_X2 protocol_group_id=ONT_trialEb_250925 sample_id=ONT_trail_250925 barcode=barcode22 barcode_alias=barcode22 parent_read_id=246c08d5-7139-4e47-b64f-3120affa4c75 basecall_model_version_id=dna_r10.4.1_e8.2_400bps_hac@v4.3.0
0	246c08d5-7139-4e47-b64f-3120affa4c75 runid=0dfb5b492dc86ce99bf7c61c734eb364afcdb5c8 ch=110 start_time=2025-09-25T17:34:32.398161+00:00 flow_cell_id=AWX817 basecall_gpu=NVIDIA_Tegra_X2 protocol_group_id=ONT_trialEb_250925 sample_id=ONT_trail_250925 barcode=barcode22 barcode_alias=barcode22 parent_read_id=246c08d5-7139-4e47-b64f-3120affa4c75 basecall_model_version_id=dna_r10.4.1_e8.2_400bps_hac@v4.3.0
0	3e191dae-2f3b-4b76-b21b-523af725b155 runid=0dfb5b492dc86ce99bf7c61c734eb364afcdb5c8 ch=58 start_time=2025-09-25T22:43:28.398161+00:00 flow_cell_id=AWX817 basecall_gpu=NVIDIA_Tegra_X2 protocol_group_id=ONT_trialEb_250925 sample_id=ONT_trail_250925 barcode=barcode22 barcode_alias=barcode22 parent_read_id=3e191dae-2f3b-4b76-b21b-523af725b155 basecall_model_version_id=dna_r10.4.1_e8.2_400bps_hac@v4.3.0
0	52a3c93e-dc27-465a-8fe3-a2bc8ef19492 runid=0dfb5b492dc86ce99bf7c61c734eb364afcdb5c8 ch=106 start_time=2025-09-25T16:50:26.398161+00:00 flow_cell_id=AWX817 basecall_gpu=NVIDIA_Tegra_X2 protocol_group_id=ONT_trialEb_250925 sample_id=ONT_trail_250925 barcode=barcode15 barcode_alias=barcode15 parent_read_id=52a3c93e-dc27-465a-8fe3-a2bc8ef19492 basecall_model_version_id=dna_r10.4.1_e8.2_400bps_hac@v4.3.0
0	51bb639a-00be-40b1-90fd-aeb219fc87d9 runid=0dfb5b492dc86ce99bf7c61c734eb364afcdb5c8 ch=57 start_time=2025-09-25T15:56:45.398161+00:00 flow_cell_id=AWX817 basecall_gpu=NVIDIA_Tegra_X2 protocol_group_id=ONT_trialEb_250925 sample_id=ONT_trail_250925 barcode=barcode14 barcode_alias=barcode14 parent_read_id=51bb639a-00be-40b1-90fd-aeb219fc87d9 basecall_model_version_id=dna_r10.4.1_e8.2_400bps_hac@v4.3.0
0	9e26b283-c938-47f9-b335-7acd01021148 runid=0dfb5b492dc86ce99bf7c61c734eb364afcdb5c8 ch=79 start_time=2025-09-25T19:38:11.398161+00:00 flow_cell_id=AWX817 basecall_gpu=NVIDIA_Tegra_X2 protocol_group_id=ONT_trialEb_250925 sample_id=ONT_trail_250925 barcode=barcode22 barcode_alias=barcode22 parent_read_id=9e26b283-c938-47f9-b335-7acd01021148 basecall_model_version_id=dna_r10.4.1_e8.2_400bps_hac@v4.3.0 rc
0	543f7bba-3eae-4674-9117-b14c4a354387 runid=0dfb5b492dc86ce99bf7c61c734eb364afcdb5c8 ch=44 start_time=2025-09-25T21:22:35.398161+00:00 flow_cell_id=AWX817 basecall_gpu=NVIDIA_Tegra_X2 protocol_group_id=ONT_trialEb_250925 sample_id=ONT_trail_250925 barcode=barcode13 barcode_alias=barcode13 parent_read_id=543f7bba-3eae-4674-9117-b14c4a354387 basecall_model_version_id=dna_r10.4.1_e8.2_400bps_hac@v4.3.0
0	83ff92c8-ed50-4e62-9181-573900595cd9 runid=0dfb5b492dc86ce99bf7c61c734eb364afcdb5c8 ch=80 start_time=2025-09-25T19:36:28.398161+00:00 flow_cell_id=AWX817 basecall_gpu=NVIDIA_Tegra_X2 protocol_group_id=ONT_trialEb_250925 sample_id=ONT_trail_250925 barcode=barcode13 barcode_alias=barcode13 parent_read_id=83ff92c8-ed50-4e62-9181-573900595cd9 basecall_model_version_id=dna_r10.4.1_e8.2_400bps_hac@v4.3.0 rc
0	dd879f65-06ae-4af7-a9ac-af7c0d242d3c runid=0dfb5b492dc86ce99bf7c61c734eb364afcdb5c8 ch=44 start_time=2025-09-26T00:09:53.398161+00:00 flow_cell_id=AWX817 basecall_gpu=NVIDIA_Tegra_X2 protocol_group_id=ONT_trialEb_250925 sample_id=ONT_trail_250925 barcode=barcode22 barcode_alias=barcode22 parent_read_id=dd879f65-06ae-4af7-a9ac-af7c0d242d3c basecall_model_version_id=dna_r10.4.1_e8.2_400bps_hac@v4.3.0
0	d09c15b5-fb89-478f-a89a-4fc66fc6a5c6 runid=0dfb5b492dc86ce99bf7c61c734eb364afcdb5c8 ch=49 start_time=2025-09-26T12:26:42.398161+00:00 flow_cell_id=AWX817 basecall_gpu=NVIDIA_Tegra_X2 protocol_group_id=ONT_trialEb_250925 sample_id=ONT_trail_250925 barcode=barcode23 barcode_alias=barcode23 parent_read_id=d09c15b5-fb89-478f-a89a-4fc66fc6a5c6 basecall_model_version_id=dna_r10.4.1_e8.2_400bps_hac@v4.3.0 rc
0	04d8635d-631c-473f-a10c-ef9b69a34afb runid=0dfb5b492dc86ce99bf7c61c734eb364afcdb5c8 ch=85 start_time=2025-09-25T18:15:04.398161+00:00 flow_cell_id=AWX817 basecall_gpu=NVIDIA_Tegra_X2 protocol_group_id=ONT_trialEb_250925 sample_id=ONT_trail_250925 barcode=barcode13 barcode_alias=barcode13 parent_read_id=04d8635d-631c-473f-a10c-ef9b69a34afb basecall_model_version_id=dna_r10.4.1_e8.2_400bps_hac@v4.3.0
0	c3cff901-eab9-4978-9b89-55548da0dd29 runid=0dfb5b492dc86ce99bf7c61c734eb364afcdb5c8 ch=77 start_time=2025-09-25T23:55:55.398161+00:00 flow_cell_id=AWX817 basecall_gpu=NVIDIA_Tegra_X2 protocol_group_id=ONT_trialEb_250925 sample_id=ONT_trail_250925 barcode=barcode14 barcode_alias=barcode14 parent_read_id=c3cff901-eab9-4978-9b89-55548da0dd29 basecall_model_version_id=dna_r10.4.1_e8.2_400bps_hac@v4.3.0 rc
0	2f1a13ba-6937-4e1f-b99d-0e9aa5897fd6 runid=0dfb5b492dc86ce99bf7c61c734eb364afcdb5c8 ch=4 start_time=2025-09-26T01:39:28.398161+00:00 flow_cell_id=AWX817 basecall_gpu=NVIDIA_Tegra_X2 protocol_group_id=ONT_trialEb_250925 sample_id=ONT_trail_250925 barcode=barcode15 barcode_alias=barcode15 parent_read_id=8d84e541-5e1c-4837-9527-0aae0526e096 basecall_model_version_id=dna_r10.4.1_e8.2_400bps_hac@v4.3.0 rc
0	9e6e1a0a-bd95-4880-b4a0-70f52f080efc runid=0dfb5b492dc86ce99bf7c61c734eb364afcdb5c8 ch=20 start_time=2025-09-26T03:57:47.398161+00:00 flow_cell_id=AWX817 basecall_gpu=NVIDIA_Tegra_X2 protocol_group_id=ONT_trialEb_250925 sample_id=ONT_trail_250925 barcode=barcode13 barcode_alias=barcode13 parent_read_id=9e6e1a0a-bd95-4880-b4a0-70f52f080efc basecall_model_version_id=dna_r10.4.1_e8.2_400bps_hac@v4.3.0
0	e144fdc7-47ef-4eba-8fcc-7224ab2cc68e runid=0dfb5b492dc86ce99bf7c61c734eb364afcdb5c8 ch=4 start_time=2025-09-26T05:20:46.398161+00:00 flow_cell_id=AWX817 basecall_gpu=NVIDIA_Tegra_X2 protocol_group_id=ONT_trialEb_250925 sample_id=ONT_trail_250925 barcode=barcode13 barcode_alias=barcode13 parent_read_id=e144fdc7-47ef-4eba-8fcc-7224ab2cc68e basecall_model_version_id=dna_r10.4.1_e8.2_400bps_hac@v4.3.0 rc
0	bf7859c0-df1b-4c6e-a7c7-07bcab4a1fe8 runid=0dfb5b492dc86ce99bf7c61c734eb364afcdb5c8 ch=44 start_time=2025-09-26T02:15:48.398161+00:00 flow_cell_id=AWX817 basecall_gpu=NVIDIA_Tegra_X2 protocol_group_id=ONT_trialEb_250925 sample_id=ONT_trail_250925 barcode=barcode23 barcode_alias=barcode23 parent_read_id=bf7859c0-df1b-4c6e-a7c7-07bcab4a1fe8 basecall_model_version_id=dna_r10.4.1_e8.2_400bps_hac@v4.3.0 rc
0	91143f4d-ab55-422b-9fb3-6b8d5e34e53f runid=0dfb5b492dc86ce99bf7c61c734eb364afcdb5c8 ch=49 start_time=2025-09-26T05:15:29.398161+00:00 flow_cell_id=AWX817 basecall_gpu=NVIDIA_Tegra_X2 protocol_group_id=ONT_trialEb_250925 sample_id=ONT_trail_250925 barcode=barcode14 barcode_alias=barcode14 parent_read_id=91143f4d-ab55-422b-9fb3-6b8d5e34e53f basecall_model_version_id=dna_r10.4.1_e8.2_400bps_hac@v4.3.0 rc
0	57dd60ba-c8ba-4dd6-a236-499489c941dc runid=0dfb5b492dc86ce99bf7c61c734eb364afcdb5c8 ch=41 start_time=2025-09-26T01:30:29.398161+00:00 flow_cell_id=AWX817 basecall_gpu=NVIDIA_Tegra_X2 protocol_group_id=ONT_trialEb_250925 sample_id=ONT_trail_250925 barcode=barcode23 barcode_alias=barcode23 parent_read_id=57dd60ba-c8ba-4dd6-a236-499489c941dc basecall_model_version_id=dna_r10.4.1_e8.2_400bps_hac@v4.3.0 rc
0	00b89992-3c55-429a-8712-6197f22ffb9d runid=0dfb5b492dc86ce99bf7c61c734eb364afcdb5c8 ch=91 start_time=2025-09-25T17:54:12.398161+00:00 flow_cell_id=AWX817 basecall_gpu=NVIDIA_Tegra_X2 protocol_group_id=ONT_trialEb_250925 sample_id=ONT_trail_250925 barcode=barcode24 barcode_alias=barcode24 parent_read_id=00b89992-3c55-429a-8712-6197f22ffb9d basecall_model_version_id=dna_r10.4.1_e8.2_400bps_hac@v4.3.0 rc
0	b798091b-cdf3-4ae0-8b73-f140a16de7f9 runid=0dfb5b492dc86ce99bf7c61c734eb364afcdb5c8 ch=36 start_time=2025-09-25T17:26:26.398161+00:00 flow_cell_id=AWX817 basecall_gpu=NVIDIA_Tegra_X2 protocol_group_id=ONT_trialEb_250925 sample_id=ONT_trail_250925 barcode=barcode22 barcode_alias=barcode22 parent_read_id=b798091b-cdf3-4ae0-8b73-f140a16de7f9 basecall_model_version_id=dna_r10.4.1_e8.2_400bps_hac@v4.3.0
0	2f453474-fdea-4cc7-a641-b236adec1655 runid=0dfb5b492dc86ce99bf7c61c734eb364afcdb5c8 ch=20 start_time=2025-09-26T00:19:57.398161+00:00 flow_cell_id=AWX817 basecall_gpu=NVIDIA_Tegra_X2 protocol_group_id=ONT_trialEb_250925 sample_id=ONT_trail_250925 barcode=barcode22 barcode_alias=barcode22 parent_read_id=2f453474-fdea-4cc7-a641-b236adec1655 basecall_model_version_id=dna_r10.4.1_e8.2_400bps_hac@v4.3.0
0	5c669c08-b231-478e-ba67-2218c3c5c9dc runid=0dfb5b492dc86ce99bf7c61c734eb364afcdb5c8 ch=20 start_time=2025-09-25T21:33:43.398161+00:00 flow_cell_id=AWX817 basecall_gpu=NVIDIA_Tegra_X2 protocol_group_id=ONT_trialEb_250925 sample_id=ONT_trail_250925 barcode=barcode23 barcode_alias=barcode23 parent_read_id=5c669c08-b231-478e-ba67-2218c3c5c9dc basecall_model_version_id=dna_r10.4.1_e8.2_400bps_hac@v4.3.0
0	ebbe83c0-94ba-4375-a961-852a8d86c8bb runid=0dfb5b492dc86ce99bf7c61c734eb364afcdb5c8 ch=39 start_time=2025-09-26T12:10:53.398161+00:00 flow_cell_id=AWX817 basecall_gpu=NVIDIA_Tegra_X2 protocol_group_id=ONT_trialEb_250925 sample_id=ONT_trail_250925 barcode=barcode22 barcode_alias=barcode22 parent_read_id=ebbe83c0-94ba-4375-a961-852a8d86c8bb basecall_model_version_id=dna_r10.4.1_e8.2_400bps_hac@v4.3.0
0	e9eec599-ca6e-4c0d-adc0-db83155eac5d runid=0dfb5b492dc86ce99bf7c61c734eb364afcdb5c8 ch=4 start_time=2025-09-25T23:50:25.398161+00:00 flow_cell_id=AWX817 basecall_gpu=NVIDIA_Tegra_X2 protocol_group_id=ONT_trialEb_250925 sample_id=ONT_trail_250925 barcode=barcode22 barcode_alias=barcode22 parent_read_id=e9eec599-ca6e-4c0d-adc0-db83155eac5d basecall_model_version_id=dna_r10.4.1_e8.2_400bps_hac@v4.3.0 rc
0	eb5a0cf4-f944-42d1-9999-3418acf18166 runid=0dfb5b492dc86ce99bf7c61c734eb364afcdb5c8 ch=43 start_time=2025-09-25T19:27:35.398161+00:00 flow_cell_id=AWX817 basecall_gpu=NVIDIA_Tegra_X2 protocol_group_id=ONT_trialEb_250925 sample_id=ONT_trail_250925 barcode=barcode22 barcode_alias=barcode22 parent_read_id=eb5a0cf4-f944-42d1-9999-3418acf18166 basecall_model_version_id=dna_r10.4.1_e8.2_400bps_hac@v4.3.0 rc
0	fa9731b1-4e2e-4ac3-8adb-bdb7fdec3e43 runid=0dfb5b492dc86ce99bf7c61c734eb364afcdb5c8 ch=39 start_time=2025-09-25T17:25:53.398161+00:00 flow_cell_id=AWX817 basecall_gpu=NVIDIA_Tegra_X2 protocol_group_id=ONT_trialEb_250925 sample_id=ONT_trail_250925 barcode=barcode14 barcode_alias=barcode14 parent_read_id=fa9731b1-4e2e-4ac3-8adb-bdb7fdec3e43 basecall_model_version_id=dna_r10.4.1_e8.2_400bps_hac@v4.3.0 rc
0	1dd0f8c4-f8ca-4edd-ab19-b46023c62540 runid=0dfb5b492dc86ce99bf7c61c734eb364afcdb5c8 ch=39 start_time=2025-09-25T18:26:05.398161+00:00 flow_cell_id=AWX817 basecall_gpu=NVIDIA_Tegra_X2 protocol_group_id=ONT_trialEb_250925 sample_id=ONT_trail_250925 barcode=barcode15 barcode_alias=barcode15 parent_read_id=104dc410-b50c-4122-95c6-e7dbae9c533b basecall_model_version_id=dna_r10.4.1_e8.2_400bps_hac@v4.3.0 rc
0	4f253a48-6fbc-42b4-b424-d3cebc2d6923 runid=0dfb5b492dc86ce99bf7c61c734eb364afcdb5c8 ch=41 start_time=2025-09-25T20:40:41.398161+00:00 flow_cell_id=AWX817 basecall_gpu=NVIDIA_Tegra_X2 protocol_group_id=ONT_trialEb_250925 sample_id=ONT_trail_250925 barcode=barcode24 barcode_alias=barcode24 parent_read_id=4f253a48-6fbc-42b4-b424-d3cebc2d6923 basecall_model_version_id=dna_r10.4.1_e8.2_400bps_hac@v4.3.0 rc
0	28e323fa-b888-479e-bdb0-35162bd47c48 runid=0dfb5b492dc86ce99bf7c61c734eb364afcdb5c8 ch=79 start_time=2025-09-25T18:22:53.398161+00:00 flow_cell_id=AWX817 basecall_gpu=NVIDIA_Tegra_X2 protocol_group_id=ONT_trialEb_250925 sample_id=ONT_trail_250925 barcode=barcode23 barcode_alias=barcode23 parent_read_id=28e323fa-b888-479e-bdb0-35162bd47c48 basecall_model_version_id=dna_r10.4.1_e8.2_400bps_hac@v4.3.0 rc
0	da003879-3c58-4533-b941-f1ab31afdb2e runid=0dfb5b492dc86ce99bf7c61c734eb364afcdb5c8 ch=39 start_time=2025-09-26T02:37:27.398161+00:00 flow_cell_id=AWX817 basecall_gpu=NVIDIA_Tegra_X2 protocol_group_id=ONT_trialEb_250925 sample_id=ONT_trail_250925 barcode=barcode14 barcode_alias=barcode14 parent_read_id=da003879-3c58-4533-b941-f1ab31afdb2e basecall_model_version_id=dna_r10.4.1_e8.2_400bps_hac@v4.3.0 rc
0	bcfac4bd-3fd2-4bf8-beb6-45df44dfb510 runid=0dfb5b492dc86ce99bf7c61c734eb364afcdb5c8 ch=44 start_time=2025-09-25T15:45:38.398161+00:00 flow_cell_id=AWX817 basecall_gpu=NVIDIA_Tegra_X2 protocol_group_id=ONT_trialEb_250925 sample_id=ONT_trail_250925 barcode=barcode23 barcode_alias=barcode23 parent_read_id=bcfac4bd-3fd2-4bf8-beb6-45df44dfb510 basecall_model_version_id=dna_r10.4.1_e8.2_400bps_hac@v4.3.0
0	651988ac-1ab6-4fc4-a2db-e11413d1eb93 runid=0dfb5b492dc86ce99bf7c61c734eb364afcdb5c8 ch=4 start_time=2025-09-26T05:19:38.398161+00:00 flow_cell_id=AWX817 basecall_gpu=NVIDIA_Tegra_X2 protocol_group_id=ONT_trialEb_250925 sample_id=ONT_trail_250925 barcode=barcode22 barcode_alias=barcode22 parent_read_id=651988ac-1ab6-4fc4-a2db-e11413d1eb93 basecall_model_version_id=dna_r10.4.1_e8.2_400bps_hac@v4.3.0
0	4c594ef0-352c-4a6b-aafa-ff48b1602a8c runid=0dfb5b492dc86ce99bf7c61c734eb364afcdb5c8 ch=94 start_time=2025-09-25T18:06:30.398161+00:00 flow_cell_id=AWX817 basecall_gpu=NVIDIA_Tegra_X2 protocol_group_id=ONT_trialEb_250925 sample_id=ONT_trail_250925 barcode=barcode22 barcode_alias=barcode22 parent_read_id=4c594ef0-352c-4a6b-aafa-ff48b1602a8c basecall_model_version_id=dna_r10.4.1_e8.2_400bps_hac@v4.3.0 rc
0	67351395-2896-4df7-8003-726a4e5deaf5 runid=0dfb5b492dc86ce99bf7c61c734eb364afcdb5c8 ch=110 start_time=2025-09-25T16:46:12.398161+00:00 flow_cell_id=AWX817 basecall_gpu=NVIDIA_Tegra_X2 protocol_group_id=ONT_trialEb_250925 sample_id=ONT_trail_250925 barcode=barcode22 barcode_alias=barcode22 parent_read_id=67351395-2896-4df7-8003-726a4e5deaf5 basecall_model_version_id=dna_r10.4.1_e8.2_400bps_hac@v4.3.0 rc
0	5de032a5-524c-40dc-94e9-c7423ffce4a1 runid=0dfb5b492dc86ce99bf7c61c734eb364afcdb5c8 ch=44 start_time=2025-09-25T20:44:46.398161+00:00 flow_cell_id=AWX817 basecall_gpu=NVIDIA_Tegra_X2 protocol_group_id=ONT_trialEb_250925 sample_id=ONT_trail_250925 barcode=barcode22 barcode_alias=barcode22 parent_read_id=57752b19-36c6-436a-84a8-9d2e0ce0c603 basecall_model_version_id=dna_r10.4.1_e8.2_400bps_hac@v4.3.0 rc
0	64f8ec80-a9f8-4243-8878-5b7d6d341b87 runid=0dfb5b492dc86ce99bf7c61c734eb364afcdb5c8 ch=20 start_time=2025-09-25T20:12:54.398161+00:00 flow_cell_id=AWX817 basecall_gpu=NVIDIA_Tegra_X2 protocol_group_id=ONT_trialEb_250925 sample_id=ONT_trail_250925 barcode=barcode14 barcode_alias=barcode14 parent_read_id=64f8ec80-a9f8-4243-8878-5b7d6d341b87 basecall_model_version_id=dna_r10.4.1_e8.2_400bps_hac@v4.3.0 rc
0	64f8ec80-a9f8-4243-8878-5b7d6d341b87 runid=0dfb5b492dc86ce99bf7c61c734eb364afcdb5c8 ch=20 start_time=2025-09-25T20:12:54.398161+00:00 flow_cell_id=AWX817 basecall_gpu=NVIDIA_Tegra_X2 protocol_group_id=ONT_trialEb_250925 sample_id=ONT_trail_250925 barcode=barcode14 barcode_alias=barcode14 parent_read_id=64f8ec80-a9f8-4243-8878-5b7d6d341b87 basecall_model_version_id=dna_r10.4.1_e8.2_400bps_hac@v4.3.0 rc
0	54effb8e-5ce9-40af-9855-c02fc0d91a44 runid=0dfb5b492dc86ce99bf7c61c734eb364afcdb5c8 ch=40 start_time=2025-09-25T18:21:17.398161+00:00 flow_cell_id=AWX817 basecall_gpu=NVIDIA_Tegra_X2 protocol_group_id=ONT_trialEb_250925 sample_id=ONT_trail_250925 barcode=barcode24 barcode_alias=barcode24 parent_read_id=54effb8e-5ce9-40af-9855-c02fc0d91a44 basecall_model_version_id=dna_r10.4.1_e8.2_400bps_hac@v4.3.0
0	88268e68-4e5f-4bf5-a5d2-59f9c93b679a runid=0dfb5b492dc86ce99bf7c61c734eb364afcdb5c8 ch=85 start_time=2025-09-25T22:38:48.398161+00:00 flow_cell_id=AWX817 basecall_gpu=NVIDIA_Tegra_X2 protocol_group_id=ONT_trialEb_250925 sample_id=ONT_trail_250925 barcode=barcode22 barcode_alias=barcode22 parent_read_id=88268e68-4e5f-4bf5-a5d2-59f9c93b679a basecall_model_version_id=dna_r10.4.1_e8.2_400bps_hac@v4.3.0
0	c7fc2134-cc70-4170-8c00-63164c245afd runid=0dfb5b492dc86ce99bf7c61c734eb364afcdb5c8 ch=44 start_time=2025-09-25T23:35:56.398161+00:00 flow_cell_id=AWX817 basecall_gpu=NVIDIA_Tegra_X2 protocol_group_id=ONT_trialEb_250925 sample_id=ONT_trail_250925 barcode=barcode24 barcode_alias=barcode24 parent_read_id=c7fc2134-cc70-4170-8c00-63164c245afd basecall_model_version_id=dna_r10.4.1_e8.2_400bps_hac@v4.3.0
0	2024bb43-e3b2-4fc8-aa18-d2c15ac227e0 runid=0dfb5b492dc86ce99bf7c61c734eb364afcdb5c8 ch=40 start_time=2025-09-25T20:02:09.398161+00:00 flow_cell_id=AWX817 basecall_gpu=NVIDIA_Tegra_X2 protocol_group_id=ONT_trialEb_250925 sample_id=ONT_trail_250925 barcode=barcode22 barcode_alias=barcode22 parent_read_id=2024bb43-e3b2-4fc8-aa18-d2c15ac227e0 basecall_model_version_id=dna_r10.4.1_e8.2_400bps_hac@v4.3.0
0	fc8c05d2-6e0e-4807-96f0-e8193238818f runid=0dfb5b492dc86ce99bf7c61c734eb364afcdb5c8 ch=20 start_time=2025-09-26T08:41:57.398161+00:00 flow_cell_id=AWX817 basecall_gpu=NVIDIA_Tegra_X2 protocol_group_id=ONT_trialEb_250925 sample_id=ONT_trail_250925 barcode=barcode22 barcode_alias=barcode22 parent_read_id=fc8c05d2-6e0e-4807-96f0-e8193238818f basecall_model_version_id=dna_r10.4.1_e8.2_400bps_hac@v4.3.0
0	dec466c7-f751-47bd-997e-081b89341e30 runid=0dfb5b492dc86ce99bf7c61c734eb364afcdb5c8 ch=15 start_time=2025-09-25T20:06:09.398161+00:00 flow_cell_id=AWX817 basecall_gpu=NVIDIA_Tegra_X2 protocol_group_id=ONT_trialEb_250925 sample_id=ONT_trail_250925 barcode=barcode22 barcode_alias=barcode22 parent_read_id=dec466c7-f751-47bd-997e-081b89341e30 basecall_model_version_id=dna_r10.4.1_e8.2_400bps_hac@v4.3.0 rc
0	bd5a66cf-c2e1-4edf-b03d-5e72b89c4169 runid=0dfb5b492dc86ce99bf7c61c734eb364afcdb5c8 ch=4 start_time=2025-09-25T22:49:35.398161+00:00 flow_cell_id=AWX817 basecall_gpu=NVIDIA_Tegra_X2 protocol_group_id=ONT_trialEb_250925 sample_id=ONT_trail_250925 barcode=barcode23 barcode_alias=barcode23 parent_read_id=bd5a66cf-c2e1-4edf-b03d-5e72b89c4169 basecall_model_version_id=dna_r10.4.1_e8.2_400bps_hac@v4.3.0
0	0c5ed3d8-2080-4011-8303-6ee387f86ee1 runid=0dfb5b492dc86ce99bf7c61c734eb364afcdb5c8 ch=110 start_time=2025-09-25T16:48:39.398161+00:00 flow_cell_id=AWX817 basecall_gpu=NVIDIA_Tegra_X2 protocol_group_id=ONT_trialEb_250925 sample_id=ONT_trail_250925 barcode=barcode14 barcode_alias=barcode14 parent_read_id=0c5ed3d8-2080-4011-8303-6ee387f86ee1 basecall_model_version_id=dna_r10.4.1_e8.2_400bps_hac@v4.3.0
0	7c2716d4-4e82-4434-99e6-bf3429ec9053 runid=0dfb5b492dc86ce99bf7c61c734eb364afcdb5c8 ch=73 start_time=2025-09-25T19:14:19.398161+00:00 flow_cell_id=AWX817 basecall_gpu=NVIDIA_Tegra_X2 protocol_group_id=ONT_trialEb_250925 sample_id=ONT_trail_250925 barcode=barcode22 barcode_alias=barcode22 parent_read_id=7c2716d4-4e82-4434-99e6-bf3429ec9053 basecall_model_version_id=dna_r10.4.1_e8.2_400bps_hac@v4.3.0
0	568f7ef9-4744-42b0-819c-d8fb40e1146c runid=0dfb5b492dc86ce99bf7c61c734eb364afcdb5c8 ch=110 start_time=2025-09-25T20:22:28.398161+00:00 flow_cell_id=AWX817 basecall_gpu=NVIDIA_Tegra_X2 protocol_group_id=ONT_trialEb_250925 sample_id=ONT_trail_250925 barcode=barcode23 barcode_alias=barcode23 parent_read_id=568f7ef9-4744-42b0-819c-d8fb40e1146c basecall_model_version_id=dna_r10.4.1_e8.2_400bps_hac@v4.3.0 rc
0	5ff6ab72-9102-4a76-b049-6826f78b3d0b runid=0dfb5b492dc86ce99bf7c61c734eb364afcdb5c8 ch=100 start_time=2025-09-25T22:49:57.398161+00:00 flow_cell_id=AWX817 basecall_gpu=NVIDIA_Tegra_X2 protocol_group_id=ONT_trialEb_250925 sample_id=ONT_trail_250925 barcode=barcode14 barcode_alias=barcode14 parent_read_id=5ff6ab72-9102-4a76-b049-6826f78b3d0b basecall_model_version_id=dna_r10.4.1_e8.2_400bps_hac@v4.3.0 rc
0	44ba8e20-2405-4ebd-8147-ba2bc3587038 runid=0dfb5b492dc86ce99bf7c61c734eb364afcdb5c8 ch=20 start_time=2025-09-26T05:22:54.398161+00:00 flow_cell_id=AWX817 basecall_gpu=NVIDIA_Tegra_X2 protocol_group_id=ONT_trialEb_250925 sample_id=ONT_trail_250925 barcode=barcode14 barcode_alias=barcode14 parent_read_id=44ba8e20-2405-4ebd-8147-ba2bc3587038 basecall_model_version_id=dna_r10.4.1_e8.2_400bps_hac@v4.3.0
0	e323dd28-c998-4135-8b08-bf5f5be19191 runid=0dfb5b492dc86ce99bf7c61c734eb364afcdb5c8 ch=39 start_time=2025-09-26T01:55:37.398161+00:00 flow_cell_id=AWX817 basecall_gpu=NVIDIA_Tegra_X2 protocol_group_id=ONT_trialEb_250925 sample_id=ONT_trail_250925 barcode=barcode24 barcode_alias=barcode24 parent_read_id=e323dd28-c998-4135-8b08-bf5f5be19191 basecall_model_version_id=dna_r10.4.1_e8.2_400bps_hac@v4.3.0
0	f1dae1d0-77d7-42fc-9bd8-9c9cab2857e5 runid=0dfb5b492dc86ce99bf7c61c734eb364afcdb5c8 ch=73 start_time=2025-09-25T18:12:58.398161+00:00 flow_cell_id=AWX817 basecall_gpu=NVIDIA_Tegra_X2 protocol_group_id=ONT_trialEb_250925 sample_id=ONT_trail_250925 barcode=barcode13 barcode_alias=barcode13 parent_read_id=f1dae1d0-77d7-42fc-9bd8-9c9cab2857e5 basecall_model_version_id=dna_r10.4.1_e8.2_400bps_hac@v4.3.0 rc
0	54a324b3-7264-4d36-8fb8-fda689eaf904 runid=0dfb5b492dc86ce99bf7c61c734eb364afcdb5c8 ch=5 start_time=2025-09-25T21:13:45.398161+00:00 flow_cell_id=AWX817 basecall_gpu=NVIDIA_Tegra_X2 protocol_group_id=ONT_trialEb_250925 sample_id=ONT_trail_250925 barcode=barcode22 barcode_alias=barcode22 parent_read_id=54a324b3-7264-4d36-8fb8-fda689eaf904 basecall_model_version_id=dna_r10.4.1_e8.2_400bps_hac@v4.3.0
0	1001f89c-c36c-4e5d-b4d1-1493b024a487 runid=0dfb5b492dc86ce99bf7c61c734eb364afcdb5c8 ch=96 start_time=2025-09-26T00:29:35.398161+00:00 flow_cell_id=AWX817 basecall_gpu=NVIDIA_Tegra_X2 protocol_group_id=ONT_trialEb_250925 sample_id=ONT_trail_250925 barcode=barcode14 barcode_alias=barcode14 parent_read_id=1001f89c-c36c-4e5d-b4d1-1493b024a487 basecall_model_version_id=dna_r10.4.1_e8.2_400bps_hac@v4.3.0 rc
0	da099331-d3e3-43cd-a0c7-4b8817aa01e6 runid=0dfb5b492dc86ce99bf7c61c734eb364afcdb5c8 ch=58 start_time=2025-09-25T20:07:27.398161+00:00 flow_cell_id=AWX817 basecall_gpu=NVIDIA_Tegra_X2 protocol_group_id=ONT_trialEb_250925 sample_id=ONT_trail_250925 barcode=barcode24 barcode_alias=barcode24 parent_read_id=da099331-d3e3-43cd-a0c7-4b8817aa01e6 basecall_model_version_id=dna_r10.4.1_e8.2_400bps_hac@v4.3.0 rc
0	43f57c77-432d-4a84-afc8-fbede5f0d1ed runid=0dfb5b492dc86ce99bf7c61c734eb364afcdb5c8 ch=110 start_time=2025-09-25T16:43:14.398161+00:00 flow_cell_id=AWX817 basecall_gpu=NVIDIA_Tegra_X2 protocol_group_id=ONT_trialEb_250925 sample_id=ONT_trail_250925 barcode=barcode14 barcode_alias=barcode14 parent_read_id=43f57c77-432d-4a84-afc8-fbede5f0d1ed basecall_model_version_id=dna_r10.4.1_e8.2_400bps_hac@v4.3.0 rc
0	de34ad57-b03b-4c7f-9544-0a103c90775e runid=0dfb5b492dc86ce99bf7c61c734eb364afcdb5c8 ch=44 start_time=2025-09-25T18:55:18.398161+00:00 flow_cell_id=AWX817 basecall_gpu=NVIDIA_Tegra_X2 protocol_group_id=ONT_trialEb_250925 sample_id=ONT_trail_250925 barcode=barcode14 barcode_alias=barcode14 parent_read_id=de34ad57-b03b-4c7f-9544-0a103c90775e basecall_model_version_id=dna_r10.4.1_e8.2_400bps_hac@v4.3.0 rc
0	de34ad57-b03b-4c7f-9544-0a103c90775e runid=0dfb5b492dc86ce99bf7c61c734eb364afcdb5c8 ch=44 start_time=2025-09-25T18:55:18.398161+00:00 flow_cell_id=AWX817 basecall_gpu=NVIDIA_Tegra_X2 protocol_group_id=ONT_trialEb_250925 sample_id=ONT_trail_250925 barcode=barcode14 barcode_alias=barcode14 parent_read_id=de34ad57-b03b-4c7f-9544-0a103c90775e basecall_model_version_id=dna_r10.4.1_e8.2_400bps_hac@v4.3.0 rc
0	ba6a2140-a18d-485e-9bdb-4822d71941cb runid=0dfb5b492dc86ce99bf7c61c734eb364afcdb5c8 ch=20 start_time=2025-09-26T07:43:29.398161+00:00 flow_cell_id=AWX817 basecall_gpu=NVIDIA_Tegra_X2 protocol_group_id=ONT_trialEb_250925 sample_id=ONT_trail_250925 barcode=barcode14 barcode_alias=barcode14 parent_read_id=ba6a2140-a18d-485e-9bdb-4822d71941cb basecall_model_version_id=dna_r10.4.1_e8.2_400bps_hac@v4.3.0 rc
0	194ea296-c8f1-4492-bfb1-8c9ce15c7ffc runid=0dfb5b492dc86ce99bf7c61c734eb364afcdb5c8 ch=40 start_time=2025-09-25T16:32:01.398161+00:00 flow_cell_id=AWX817 basecall_gpu=NVIDIA_Tegra_X2 protocol_group_id=ONT_trialEb_250925 sample_id=ONT_trail_250925 barcode=barcode13 barcode_alias=barcode13 parent_read_id=c35b29d6-b094-4ce3-9266-b0221a8268f5 basecall_model_version_id=dna_r10.4.1_e8.2_400bps_hac@v4.3.0
0	3e82b4ae-e49a-4cb4-8117-d80e45723af9 runid=0dfb5b492dc86ce99bf7c61c734eb364afcdb5c8 ch=58 start_time=2025-09-25T20:12:55.398161+00:00 flow_cell_id=AWX817 basecall_gpu=NVIDIA_Tegra_X2 protocol_group_id=ONT_trialEb_250925 sample_id=ONT_trail_250925 barcode=barcode23 barcode_alias=barcode23 parent_read_id=3e82b4ae-e49a-4cb4-8117-d80e45723af9 basecall_model_version_id=dna_r10.4.1_e8.2_400bps_hac@v4.3.0
0	a3fe4297-91c5-4e77-91c8-b7cc13703d8d runid=0dfb5b492dc86ce99bf7c61c734eb364afcdb5c8 ch=20 start_time=2025-09-25T17:30:18.398161+00:00 flow_cell_id=AWX817 basecall_gpu=NVIDIA_Tegra_X2 protocol_group_id=ONT_trialEb_250925 sample_id=ONT_trail_250925 barcode=barcode22 barcode_alias=barcode22 parent_read_id=a3fe4297-91c5-4e77-91c8-b7cc13703d8d basecall_model_version_id=dna_r10.4.1_e8.2_400bps_hac@v4.3.0
0	03ad51f6-e576-4258-ae04-6f4e965a88bc runid=0dfb5b492dc86ce99bf7c61c734eb364afcdb5c8 ch=108 start_time=2025-09-25T18:23:34.398161+00:00 flow_cell_id=AWX817 basecall_gpu=NVIDIA_Tegra_X2 protocol_group_id=ONT_trialEb_250925 sample_id=ONT_trail_250925 barcode=barcode15 barcode_alias=barcode15 parent_read_id=03ad51f6-e576-4258-ae04-6f4e965a88bc basecall_model_version_id=dna_r10.4.1_e8.2_400bps_hac@v4.3.0 rc
0	9b8ee832-55fc-453c-aed3-07c15baaddd2 runid=0dfb5b492dc86ce99bf7c61c734eb364afcdb5c8 ch=20 start_time=2025-09-26T03:19:27.398161+00:00 flow_cell_id=AWX817 basecall_gpu=NVIDIA_Tegra_X2 protocol_group_id=ONT_trialEb_250925 sample_id=ONT_trail_250925 barcode=barcode14 barcode_alias=barcode14 parent_read_id=9b8ee832-55fc-453c-aed3-07c15baaddd2 basecall_model_version_id=dna_r10.4.1_e8.2_400bps_hac@v4.3.0 rc
0	e01096bc-aead-4b34-97ff-bc965c4c8e2d runid=0dfb5b492dc86ce99bf7c61c734eb364afcdb5c8 ch=15 start_time=2025-09-25T19:55:17.398161+00:00 flow_cell_id=AWX817 basecall_gpu=NVIDIA_Tegra_X2 protocol_group_id=ONT_trialEb_250925 sample_id=ONT_trail_250925 barcode=barcode14 barcode_alias=barcode14 parent_read_id=e01096bc-aead-4b34-97ff-bc965c4c8e2d basecall_model_version_id=dna_r10.4.1_e8.2_400bps_hac@v4.3.0
0	6238be73-9f46-481e-bd63-bf1f97ad433a runid=0dfb5b492dc86ce99bf7c61c734eb364afcdb5c8 ch=20 start_time=2025-09-25T16:27:55.398161+00:00 flow_cell_id=AWX817 basecall_gpu=NVIDIA_Tegra_X2 protocol_group_id=ONT_trialEb_250925 sample_id=ONT_trail_250925 barcode=barcode13 barcode_alias=barcode13 parent_read_id=6238be73-9f46-481e-bd63-bf1f97ad433a basecall_model_version_id=dna_r10.4.1_e8.2_400bps_hac@v4.3.0
0	7dcf48cd-1f26-4589-b74c-3cceae7f0f4a runid=0dfb5b492dc86ce99bf7c61c734eb364afcdb5c8 ch=15 start_time=2025-09-25T19:45:05.398161+00:00 flow_cell_id=AWX817 basecall_gpu=NVIDIA_Tegra_X2 protocol_group_id=ONT_trialEb_250925 sample_id=ONT_trail_250925 barcode=barcode22 barcode_alias=barcode22 parent_read_id=7dcf48cd-1f26-4589-b74c-3cceae7f0f4a basecall_model_version_id=dna_r10.4.1_e8.2_400bps_hac@v4.3.0
0	bab400a8-eb02-4e4a-be55-d16d2d296e7c runid=0dfb5b492dc86ce99bf7c61c734eb364afcdb5c8 ch=79 start_time=2025-09-25T22:24:29.398161+00:00 flow_cell_id=AWX817 basecall_gpu=NVIDIA_Tegra_X2 protocol_group_id=ONT_trialEb_250925 sample_id=ONT_trail_250925 barcode=barcode23 barcode_alias=barcode23 parent_read_id=bab400a8-eb02-4e4a-be55-d16d2d296e7c basecall_model_version_id=dna_r10.4.1_e8.2_400bps_hac@v4.3.0
0	58df25c6-0c6d-4b32-ba1b-1916d591de2e runid=0dfb5b492dc86ce99bf7c61c734eb364afcdb5c8 ch=4 start_time=2025-09-25T23:55:35.398161+00:00 flow_cell_id=AWX817 basecall_gpu=NVIDIA_Tegra_X2 protocol_group_id=ONT_trialEb_250925 sample_id=ONT_trail_250925 barcode=barcode13 barcode_alias=barcode13 parent_read_id=58df25c6-0c6d-4b32-ba1b-1916d591de2e basecall_model_version_id=dna_r10.4.1_e8.2_400bps_hac@v4.3.0 rc
0	ab1c92e6-27ec-4b11-9350-2afb15627fdf runid=0dfb5b492dc86ce99bf7c61c734eb364afcdb5c8 ch=110 start_time=2025-09-25T17:50:07.398161+00:00 flow_cell_id=AWX817 basecall_gpu=NVIDIA_Tegra_X2 protocol_group_id=ONT_trialEb_250925 sample_id=ONT_trail_250925 barcode=barcode22 barcode_alias=barcode22 parent_read_id=ab1c92e6-27ec-4b11-9350-2afb15627fdf basecall_model_version_id=dna_r10.4.1_e8.2_400bps_hac@v4.3.0
0	f6b8d63d-3e17-4067-822f-0656a7cd1c49 runid=0dfb5b492dc86ce99bf7c61c734eb364afcdb5c8 ch=4 start_time=2025-09-25T23:02:22.398161+00:00 flow_cell_id=AWX817 basecall_gpu=NVIDIA_Tegra_X2 protocol_group_id=ONT_trialEb_250925 sample_id=ONT_trail_250925 barcode=barcode13 barcode_alias=barcode13 parent_read_id=f6b8d63d-3e17-4067-822f-0656a7cd1c49 basecall_model_version_id=dna_r10.4.1_e8.2_400bps_hac@v4.3.0
0	91f0f6ef-4f15-491e-b3f2-8dc0b943c824 runid=0dfb5b492dc86ce99bf7c61c734eb364afcdb5c8 ch=20 start_time=2025-09-26T03:26:02.398161+00:00 flow_cell_id=AWX817 basecall_gpu=NVIDIA_Tegra_X2 protocol_group_id=ONT_trialEb_250925 sample_id=ONT_trail_250925 barcode=barcode22 barcode_alias=barcode22 parent_read_id=6b3739cf-82d7-4112-8659-b43441d515e2 basecall_model_version_id=dna_r10.4.1_e8.2_400bps_hac@v4.3.0
0	f3c64b71-34e9-4ce3-9362-d8d1aa1a3e74 runid=0dfb5b492dc86ce99bf7c61c734eb364afcdb5c8 ch=44 start_time=2025-09-26T02:53:15.398161+00:00 flow_cell_id=AWX817 basecall_gpu=NVIDIA_Tegra_X2 protocol_group_id=ONT_trialEb_250925 sample_id=ONT_trail_250925 barcode=barcode22 barcode_alias=barcode22 parent_read_id=f3c64b71-34e9-4ce3-9362-d8d1aa1a3e74 basecall_model_version_id=dna_r10.4.1_e8.2_400bps_hac@v4.3.0 rc
0	f3c64b71-34e9-4ce3-9362-d8d1aa1a3e74 runid=0dfb5b492dc86ce99bf7c61c734eb364afcdb5c8 ch=44 start_time=2025-09-26T02:53:15.398161+00:00 flow_cell_id=AWX817 basecall_gpu=NVIDIA_Tegra_X2 protocol_group_id=ONT_trialEb_250925 sample_id=ONT_trail_250925 barcode=barcode22 barcode_alias=barcode22 parent_read_id=f3c64b71-34e9-4ce3-9362-d8d1aa1a3e74 basecall_model_version_id=dna_r10.4.1_e8.2_400bps_hac@v4.3.0 rc
0	aa8c7fcd-4e1c-4a1d-8fb4-0c69aff2280c runid=0dfb5b492dc86ce99bf7c61c734eb364afcdb5c8 ch=20 start_time=2025-09-26T00:38:40.398161+00:00 flow_cell_id=AWX817 basecall_gpu=NVIDIA_Tegra_X2 protocol_group_id=ONT_trialEb_250925 sample_id=ONT_trail_250925 barcode=barcode23 barcode_alias=barcode23 parent_read_id=aa8c7fcd-4e1c-4a1d-8fb4-0c69aff2280c basecall_model_version_id=dna_r10.4.1_e8.2_400bps_hac@v4.3.0 rc
0	8a7fceb7-df73-4fcd-9448-f94a84bfbd37 runid=0dfb5b492dc86ce99bf7c61c734eb364afcdb5c8 ch=23 start_time=2025-09-25T19:42:53.398161+00:00 flow_cell_id=AWX817 basecall_gpu=NVIDIA_Tegra_X2 protocol_group_id=ONT_trialEb_250925 sample_id=ONT_trail_250925 barcode=barcode22 barcode_alias=barcode22 parent_read_id=8a7fceb7-df73-4fcd-9448-f94a84bfbd37 basecall_model_version_id=dna_r10.4.1_e8.2_400bps_hac@v4.3.0 rc
0	dac31333-4e5e-4757-a487-930b7b96a52d runid=0dfb5b492dc86ce99bf7c61c734eb364afcdb5c8 ch=40 start_time=2025-09-25T16:21:58.398161+00:00 flow_cell_id=AWX817 basecall_gpu=NVIDIA_Tegra_X2 protocol_group_id=ONT_trialEb_250925 sample_id=ONT_trail_250925 barcode=barcode22 barcode_alias=barcode22 parent_read_id=dac31333-4e5e-4757-a487-930b7b96a52d basecall_model_version_id=dna_r10.4.1_e8.2_400bps_hac@v4.3.0 rc
0	e4a3beb5-16a1-4df9-85a1-bbcad85d60a7 runid=0dfb5b492dc86ce99bf7c61c734eb364afcdb5c8 ch=57 start_time=2025-09-25T18:06:30.398161+00:00 flow_cell_id=AWX817 basecall_gpu=NVIDIA_Tegra_X2 protocol_group_id=ONT_trialEb_250925 sample_id=ONT_trail_250925 barcode=barcode13 barcode_alias=barcode13 parent_read_id=e4a3beb5-16a1-4df9-85a1-bbcad85d60a7 basecall_model_version_id=dna_r10.4.1_e8.2_400bps_hac@v4.3.0 rc
0	f12dac13-89bd-43c2-81e2-2182604673fd runid=0dfb5b492dc86ce99bf7c61c734eb364afcdb5c8 ch=58 start_time=2025-09-25T22:48:40.398161+00:00 flow_cell_id=AWX817 basecall_gpu=NVIDIA_Tegra_X2 protocol_group_id=ONT_trialEb_250925 sample_id=ONT_trail_250925 barcode=barcode24 barcode_alias=barcode24 parent_read_id=f12dac13-89bd-43c2-81e2-2182604673fd basecall_model_version_id=dna_r10.4.1_e8.2_400bps_hac@v4.3.0 rc
0	7f39766c-bb12-4bdb-8a2d-d6ade11c8ef8 runid=0dfb5b492dc86ce99bf7c61c734eb364afcdb5c8 ch=20 start_time=2025-09-26T05:14:23.398161+00:00 flow_cell_id=AWX817 basecall_gpu=NVIDIA_Tegra_X2 protocol_group_id=ONT_trialEb_250925 sample_id=ONT_trail_250925 barcode=barcode22 barcode_alias=barcode22 parent_read_id=7f39766c-bb12-4bdb-8a2d-d6ade11c8ef8 basecall_model_version_id=dna_r10.4.1_e8.2_400bps_hac@v4.3.0 rc
0	1615f69f-aa80-4e7d-9fac-29ffe6de0102 runid=0dfb5b492dc86ce99bf7c61c734eb364afcdb5c8 ch=40 start_time=2025-09-25T17:12:20.398161+00:00 flow_cell_id=AWX817 basecall_gpu=NVIDIA_Tegra_X2 protocol_group_id=ONT_trialEb_250925 sample_id=ONT_trail_250925 barcode=barcode15 barcode_alias=barcode15 parent_read_id=1615f69f-aa80-4e7d-9fac-29ffe6de0102 basecall_model_version_id=dna_r10.4.1_e8.2_400bps_hac@v4.3.0
0	ac8cc0b4-a505-4614-92d2-d19be0f614c0 runid=0dfb5b492dc86ce99bf7c61c734eb364afcdb5c8 ch=4 start_time=2025-09-26T05:54:07.398161+00:00 flow_cell_id=AWX817 basecall_gpu=NVIDIA_Tegra_X2 protocol_group_id=ONT_trialEb_250925 sample_id=ONT_trail_250925 barcode=barcode23 barcode_alias=barcode23 parent_read_id=ac8cc0b4-a505-4614-92d2-d19be0f614c0 basecall_model_version_id=dna_r10.4.1_e8.2_400bps_hac@v4.3.0
0	b758c71d-0100-475b-923a-15562cff0e4f runid=0dfb5b492dc86ce99bf7c61c734eb364afcdb5c8 ch=57 start_time=2025-09-25T16:00:18.398161+00:00 flow_cell_id=AWX817 basecall_gpu=NVIDIA_Tegra_X2 protocol_group_id=ONT_trialEb_250925 sample_id=ONT_trail_250925 barcode=barcode13 barcode_alias=barcode13 parent_read_id=b758c71d-0100-475b-923a-15562cff0e4f basecall_model_version_id=dna_r10.4.1_e8.2_400bps_hac@v4.3.0 rc
0	9f6c34c0-2870-49cb-bd18-899f2d388304 runid=0dfb5b492dc86ce99bf7c61c734eb364afcdb5c8 ch=23 start_time=2025-09-25T18:14:18.398161+00:00 flow_cell_id=AWX817 basecall_gpu=NVIDIA_Tegra_X2 protocol_group_id=ONT_trialEb_250925 sample_id=ONT_trail_250925 barcode=barcode22 barcode_alias=barcode22 parent_read_id=9f6c34c0-2870-49cb-bd18-899f2d388304 basecall_model_version_id=dna_r10.4.1_e8.2_400bps_hac@v4.3.0 rc
0	55ec30dc-2619-43ab-bf91-fbb5b88df2c9 runid=0dfb5b492dc86ce99bf7c61c734eb364afcdb5c8 ch=113 start_time=2025-09-25T15:58:28.398161+00:00 flow_cell_id=AWX817 basecall_gpu=NVIDIA_Tegra_X2 protocol_group_id=ONT_trialEb_250925 sample_id=ONT_trail_250925 barcode=barcode24 barcode_alias=barcode24 parent_read_id=55ec30dc-2619-43ab-bf91-fbb5b88df2c9 basecall_model_version_id=dna_r10.4.1_e8.2_400bps_hac@v4.3.0
0	ca7d18d7-9395-4863-91c0-c19341d3d99b runid=0dfb5b492dc86ce99bf7c61c734eb364afcdb5c8 ch=20 start_time=2025-09-25T16:30:28.398161+00:00 flow_cell_id=AWX817 basecall_gpu=NVIDIA_Tegra_X2 protocol_group_id=ONT_trialEb_250925 sample_id=ONT_trail_250925 barcode=barcode22 barcode_alias=barcode22 parent_read_id=ca7d18d7-9395-4863-91c0-c19341d3d99b basecall_model_version_id=dna_r10.4.1_e8.2_400bps_hac@v4.3.0
0	32e74752-d8b7-4c93-ac1f-f69dbea4d721 runid=0dfb5b492dc86ce99bf7c61c734eb364afcdb5c8 ch=6 start_time=2025-09-25T15:56:05.398161+00:00 flow_cell_id=AWX817 basecall_gpu=NVIDIA_Tegra_X2 protocol_group_id=ONT_trialEb_250925 sample_id=ONT_trail_250925 barcode=barcode14 barcode_alias=barcode14 parent_read_id=32e74752-d8b7-4c93-ac1f-f69dbea4d721 basecall_model_version_id=dna_r10.4.1_e8.2_400bps_hac@v4.3.0 rc
0	ec7c0f32-48c9-435e-b30f-e22493fcd927 runid=0dfb5b492dc86ce99bf7c61c734eb364afcdb5c8 ch=96 start_time=2025-09-26T01:43:10.398161+00:00 flow_cell_id=AWX817 basecall_gpu=NVIDIA_Tegra_X2 protocol_group_id=ONT_trialEb_250925 sample_id=ONT_trail_250925 barcode=barcode14 barcode_alias=barcode14 parent_read_id=ec7c0f32-48c9-435e-b30f-e22493fcd927 basecall_model_version_id=dna_r10.4.1_e8.2_400bps_hac@v4.3.0
0	ae9e8faa-1b06-468e-a17a-f01925bce002 runid=0dfb5b492dc86ce99bf7c61c734eb364afcdb5c8 ch=4 start_time=2025-09-25T18:32:50.398161+00:00 flow_cell_id=AWX817 basecall_gpu=NVIDIA_Tegra_X2 protocol_group_id=ONT_trialEb_250925 sample_id=ONT_trail_250925 barcode=barcode14 barcode_alias=barcode14 parent_read_id=ae9e8faa-1b06-468e-a17a-f01925bce002 basecall_model_version_id=dna_r10.4.1_e8.2_400bps_hac@v4.3.0 rc
0	8a9db6ca-f9fe-40b5-bec5-49bc1a6093b1 runid=0dfb5b492dc86ce99bf7c61c734eb364afcdb5c8 ch=79 start_time=2025-09-25T18:41:10.398161+00:00 flow_cell_id=AWX817 basecall_gpu=NVIDIA_Tegra_X2 protocol_group_id=ONT_trialEb_250925 sample_id=ONT_trail_250925 barcode=barcode14 barcode_alias=barcode14 parent_read_id=8a9db6ca-f9fe-40b5-bec5-49bc1a6093b1 basecall_model_version_id=dna_r10.4.1_e8.2_400bps_hac@v4.3.0 rc
0	8a9db6ca-f9fe-40b5-bec5-49bc1a6093b1 runid=0dfb5b492dc86ce99bf7c61c734eb364afcdb5c8 ch=79 start_time=2025-09-25T18:41:10.398161+00:00 flow_cell_id=AWX817 basecall_gpu=NVIDIA_Tegra_X2 protocol_group_id=ONT_trialEb_250925 sample_id=ONT_trail_250925 barcode=barcode14 barcode_alias=barcode14 parent_read_id=8a9db6ca-f9fe-40b5-bec5-49bc1a6093b1 basecall_model_version_id=dna_r10.4.1_e8.2_400bps_hac@v4.3.0 rc
0	7e35591e-23c3-4a6e-9251-e8f32d72551b runid=0dfb5b492dc86ce99bf7c61c734eb364afcdb5c8 ch=58 start_time=2025-09-25T20:49:27.398161+00:00 flow_cell_id=AWX817 basecall_gpu=NVIDIA_Tegra_X2 protocol_group_id=ONT_trialEb_250925 sample_id=ONT_trail_250925 barcode=barcode22 barcode_alias=barcode22 parent_read_id=7e35591e-23c3-4a6e-9251-e8f32d72551b basecall_model_version_id=dna_r10.4.1_e8.2_400bps_hac@v4.3.0
0	7e35591e-23c3-4a6e-9251-e8f32d72551b runid=0dfb5b492dc86ce99bf7c61c734eb364afcdb5c8 ch=58 start_time=2025-09-25T20:49:27.398161+00:00 flow_cell_id=AWX817 basecall_gpu=NVIDIA_Tegra_X2 protocol_group_id=ONT_trialEb_250925 sample_id=ONT_trail_250925 barcode=barcode22 barcode_alias=barcode22 parent_read_id=7e35591e-23c3-4a6e-9251-e8f32d72551b basecall_model_version_id=dna_r10.4.1_e8.2_400bps_hac@v4.3.0
0	38db9704-e689-46d0-9032-45cae5080e4a runid=0dfb5b492dc86ce99bf7c61c734eb364afcdb5c8 ch=44 start_time=2025-09-25T23:59:18.398161+00:00 flow_cell_id=AWX817 basecall_gpu=NVIDIA_Tegra_X2 protocol_group_id=ONT_trialEb_250925 sample_id=ONT_trail_250925 barcode=barcode22 barcode_alias=barcode22 parent_read_id=38db9704-e689-46d0-9032-45cae5080e4a basecall_model_version_id=dna_r10.4.1_e8.2_400bps_hac@v4.3.0
0	ae1eefd8-0c1c-422d-91eb-7547992dd760 runid=0dfb5b492dc86ce99bf7c61c734eb364afcdb5c8 ch=40 start_time=2025-09-25T16:28:21.398161+00:00 flow_cell_id=AWX817 basecall_gpu=NVIDIA_Tegra_X2 protocol_group_id=ONT_trialEb_250925 sample_id=ONT_trail_250925 barcode=barcode15 barcode_alias=barcode15 parent_read_id=ae1eefd8-0c1c-422d-91eb-7547992dd760 basecall_model_version_id=dna_r10.4.1_e8.2_400bps_hac@v4.3.0
0	30c30a7e-26dc-4515-a210-9661a94b7cea runid=0dfb5b492dc86ce99bf7c61c734eb364afcdb5c8 ch=56 start_time=2025-09-25T17:28:51.398161+00:00 flow_cell_id=AWX817 basecall_gpu=NVIDIA_Tegra_X2 protocol_group_id=ONT_trialEb_250925 sample_id=ONT_trail_250925 barcode=barcode22 barcode_alias=barcode22 parent_read_id=30c30a7e-26dc-4515-a210-9661a94b7cea basecall_model_version_id=dna_r10.4.1_e8.2_400bps_hac@v4.3.0 rc
0	f5ef914b-92ef-4d5b-8844-932a184bc5eb runid=0dfb5b492dc86ce99bf7c61c734eb364afcdb5c8 ch=108 start_time=2025-09-25T18:28:28.398161+00:00 flow_cell_id=AWX817 basecall_gpu=NVIDIA_Tegra_X2 protocol_group_id=ONT_trialEb_250925 sample_id=ONT_trail_250925 barcode=barcode14 barcode_alias=barcode14 parent_read_id=f5ef914b-92ef-4d5b-8844-932a184bc5eb basecall_model_version_id=dna_r10.4.1_e8.2_400bps_hac@v4.3.0 rc
0	7be50220-37ea-4adc-93f3-b6a9c0a0451b runid=0dfb5b492dc86ce99bf7c61c734eb364afcdb5c8 ch=96 start_time=2025-09-26T02:37:52.398161+00:00 flow_cell_id=AWX817 basecall_gpu=NVIDIA_Tegra_X2 protocol_group_id=ONT_trialEb_250925 sample_id=ONT_trail_250925 barcode=barcode15 barcode_alias=barcode15 parent_read_id=7be50220-37ea-4adc-93f3-b6a9c0a0451b basecall_model_version_id=dna_r10.4.1_e8.2_400bps_hac@v4.3.0
0	6a3c1d22-d210-41a9-92fc-fcef1d9a5cfa runid=0dfb5b492dc86ce99bf7c61c734eb364afcdb5c8 ch=91 start_time=2025-09-25T17:38:49.398161+00:00 flow_cell_id=AWX817 basecall_gpu=NVIDIA_Tegra_X2 protocol_group_id=ONT_trialEb_250925 sample_id=ONT_trail_250925 barcode=barcode14 barcode_alias=barcode14 parent_read_id=6a3c1d22-d210-41a9-92fc-fcef1d9a5cfa basecall_model_version_id=dna_r10.4.1_e8.2_400bps_hac@v4.3.0
0	bb306f8a-269b-4645-8dd3-05a83e707786 runid=0dfb5b492dc86ce99bf7c61c734eb364afcdb5c8 ch=73 start_time=2025-09-25T21:08:56.398161+00:00 flow_cell_id=AWX817 basecall_gpu=NVIDIA_Tegra_X2 protocol_group_id=ONT_trialEb_250925 sample_id=ONT_trail_250925 barcode=barcode23 barcode_alias=barcode23 parent_read_id=bb306f8a-269b-4645-8dd3-05a83e707786 basecall_model_version_id=dna_r10.4.1_e8.2_400bps_hac@v4.3.0
0	8d9f1290-9991-484b-8336-8dbff0d5f582 runid=0dfb5b492dc86ce99bf7c61c734eb364afcdb5c8 ch=67 start_time=2025-09-26T08:12:41.398161+00:00 flow_cell_id=AWX817 basecall_gpu=NVIDIA_Tegra_X2 protocol_group_id=ONT_trialEb_250925 sample_id=ONT_trail_250925 barcode=barcode14 barcode_alias=barcode14 parent_read_id=8d9f1290-9991-484b-8336-8dbff0d5f582 basecall_model_version_id=dna_r10.4.1_e8.2_400bps_hac@v4.3.0
0	5d794097-a5cc-41e5-9491-a05f1fe60349 runid=0dfb5b492dc86ce99bf7c61c734eb364afcdb5c8 ch=20 start_time=2025-09-25T16:13:06.398161+00:00 flow_cell_id=AWX817 basecall_gpu=NVIDIA_Tegra_X2 protocol_group_id=ONT_trialEb_250925 sample_id=ONT_trail_250925 barcode=barcode15 barcode_alias=barcode15 parent_read_id=5d794097-a5cc-41e5-9491-a05f1fe60349 basecall_model_version_id=dna_r10.4.1_e8.2_400bps_hac@v4.3.0 rc
0	b84ecc24-4153-4a67-9aa1-ca816e0423f2 runid=0dfb5b492dc86ce99bf7c61c734eb364afcdb5c8 ch=23 start_time=2025-09-25T18:11:01.398161+00:00 flow_cell_id=AWX817 basecall_gpu=NVIDIA_Tegra_X2 protocol_group_id=ONT_trialEb_250925 sample_id=ONT_trail_250925 barcode=barcode24 barcode_alias=barcode24 parent_read_id=b84ecc24-4153-4a67-9aa1-ca816e0423f2 basecall_model_version_id=dna_r10.4.1_e8.2_400bps_hac@v4.3.0 rc
0	3c4f1aee-7140-43ca-af79-ecc0f46b78ab runid=0dfb5b492dc86ce99bf7c61c734eb364afcdb5c8 ch=4 start_time=2025-09-26T06:32:51.398161+00:00 flow_cell_id=AWX817 basecall_gpu=NVIDIA_Tegra_X2 protocol_group_id=ONT_trialEb_250925 sample_id=ONT_trail_250925 barcode=barcode22 barcode_alias=barcode22 parent_read_id=3c4f1aee-7140-43ca-af79-ecc0f46b78ab basecall_model_version_id=dna_r10.4.1_e8.2_400bps_hac@v4.3.0 rc
0	5c6ff876-cb30-4311-bfa4-5edeacd40297 runid=0dfb5b492dc86ce99bf7c61c734eb364afcdb5c8 ch=79 start_time=2025-09-25T23:13:55.398161+00:00 flow_cell_id=AWX817 basecall_gpu=NVIDIA_Tegra_X2 protocol_group_id=ONT_trialEb_250925 sample_id=ONT_trail_250925 barcode=barcode23 barcode_alias=barcode23 parent_read_id=5c6ff876-cb30-4311-bfa4-5edeacd40297 basecall_model_version_id=dna_r10.4.1_e8.2_400bps_hac@v4.3.0 rc
0	5ba78978-bf95-415f-a927-50f619525170 runid=0dfb5b492dc86ce99bf7c61c734eb364afcdb5c8 ch=5 start_time=2025-09-25T16:56:24.398161+00:00 flow_cell_id=AWX817 basecall_gpu=NVIDIA_Tegra_X2 protocol_group_id=ONT_trialEb_250925 sample_id=ONT_trail_250925 barcode=barcode24 barcode_alias=barcode24 parent_read_id=5ba78978-bf95-415f-a927-50f619525170 basecall_model_version_id=dna_r10.4.1_e8.2_400bps_hac@v4.3.0
0	b8e2e05c-7ef7-40a7-a7ab-a7db7282759f runid=0dfb5b492dc86ce99bf7c61c734eb364afcdb5c8 ch=73 start_time=2025-09-25T18:34:52.398161+00:00 flow_cell_id=AWX817 basecall_gpu=NVIDIA_Tegra_X2 protocol_group_id=ONT_trialEb_250925 sample_id=ONT_trail_250925 barcode=barcode22 barcode_alias=barcode22 parent_read_id=b8e2e05c-7ef7-40a7-a7ab-a7db7282759f basecall_model_version_id=dna_r10.4.1_e8.2_400bps_hac@v4.3.0 rc
0	b8e2e05c-7ef7-40a7-a7ab-a7db7282759f runid=0dfb5b492dc86ce99bf7c61c734eb364afcdb5c8 ch=73 start_time=2025-09-25T18:34:52.398161+00:00 flow_cell_id=AWX817 basecall_gpu=NVIDIA_Tegra_X2 protocol_group_id=ONT_trialEb_250925 sample_id=ONT_trail_250925 barcode=barcode22 barcode_alias=barcode22 parent_read_id=b8e2e05c-7ef7-40a7-a7ab-a7db7282759f basecall_model_version_id=dna_r10.4.1_e8.2_400bps_hac@v4.3.0 rc
0	3363f6ff-42eb-4c1f-880e-1b0933bea53f runid=0dfb5b492dc86ce99bf7c61c734eb364afcdb5c8 ch=23 start_time=2025-09-25T18:43:05.398161+00:00 flow_cell_id=AWX817 basecall_gpu=NVIDIA_Tegra_X2 protocol_group_id=ONT_trialEb_250925 sample_id=ONT_trail_250925 barcode=barcode22 barcode_alias=barcode22 parent_read_id=3363f6ff-42eb-4c1f-880e-1b0933bea53f basecall_model_version_id=dna_r10.4.1_e8.2_400bps_hac@v4.3.0
0	3363f6ff-42eb-4c1f-880e-1b0933bea53f runid=0dfb5b492dc86ce99bf7c61c734eb364afcdb5c8 ch=23 start_time=2025-09-25T18:43:05.398161+00:00 flow_cell_id=AWX817 basecall_gpu=NVIDIA_Tegra_X2 protocol_group_id=ONT_trialEb_250925 sample_id=ONT_trail_250925 barcode=barcode22 barcode_alias=barcode22 parent_read_id=3363f6ff-42eb-4c1f-880e-1b0933bea53f basecall_model_version_id=dna_r10.4.1_e8.2_400bps_hac@v4.3.0
0	76689565-b334-40c1-a015-4e44b5ef1806 runid=0dfb5b492dc86ce99bf7c61c734eb364afcdb5c8 ch=20 start_time=2025-09-25T19:18:12.398161+00:00 flow_cell_id=AWX817 basecall_gpu=NVIDIA_Tegra_X2 protocol_group_id=ONT_trialEb_250925 sample_id=ONT_trail_250925 barcode=barcode22 barcode_alias=barcode22 parent_read_id=76689565-b334-40c1-a015-4e44b5ef1806 basecall_model_version_id=dna_r10.4.1_e8.2_400bps_hac@v4.3.0
0	cab5741e-92df-4e7f-a334-d9dc82830397 runid=0dfb5b492dc86ce99bf7c61c734eb364afcdb5c8 ch=44 start_time=2025-09-26T00:59:45.398161+00:00 flow_cell_id=AWX817 basecall_gpu=NVIDIA_Tegra_X2 protocol_group_id=ONT_trialEb_250925 sample_id=ONT_trail_250925 barcode=barcode14 barcode_alias=barcode14 parent_read_id=cab5741e-92df-4e7f-a334-d9dc82830397 basecall_model_version_id=dna_r10.4.1_e8.2_400bps_hac@v4.3.0 rc
0	75518580-5cb6-4d7d-9da5-cb110b6f76fb runid=0dfb5b492dc86ce99bf7c61c734eb364afcdb5c8 ch=40 start_time=2025-09-25T19:33:43.398161+00:00 flow_cell_id=AWX817 basecall_gpu=NVIDIA_Tegra_X2 protocol_group_id=ONT_trialEb_250925 sample_id=ONT_trail_250925 barcode=barcode22 barcode_alias=barcode22 parent_read_id=75518580-5cb6-4d7d-9da5-cb110b6f76fb basecall_model_version_id=dna_r10.4.1_e8.2_400bps_hac@v4.3.0 rc
0	c2536b4f-5a4b-448c-9202-875f7ef2e204 runid=0dfb5b492dc86ce99bf7c61c734eb364afcdb5c8 ch=44 start_time=2025-09-26T03:30:24.398161+00:00 flow_cell_id=AWX817 basecall_gpu=NVIDIA_Tegra_X2 protocol_group_id=ONT_trialEb_250925 sample_id=ONT_trail_250925 barcode=barcode15 barcode_alias=barcode15 parent_read_id=c2536b4f-5a4b-448c-9202-875f7ef2e204 basecall_model_version_id=dna_r10.4.1_e8.2_400bps_hac@v4.3.0 rc
0	a2864393-fd3e-40ac-847b-5f88694d3f45 runid=0dfb5b492dc86ce99bf7c61c734eb364afcdb5c8 ch=20 start_time=2025-09-25T16:04:18.398161+00:00 flow_cell_id=AWX817 basecall_gpu=NVIDIA_Tegra_X2 protocol_group_id=ONT_trialEb_250925 sample_id=ONT_trail_250925 barcode=barcode23 barcode_alias=barcode23 parent_read_id=a2864393-fd3e-40ac-847b-5f88694d3f45 basecall_model_version_id=dna_r10.4.1_e8.2_400bps_hac@v4.3.0
0	3e430a69-ec52-4d99-bca8-06769cd2448f runid=0dfb5b492dc86ce99bf7c61c734eb364afcdb5c8 ch=20 start_time=2025-09-26T03:56:26.398161+00:00 flow_cell_id=AWX817 basecall_gpu=NVIDIA_Tegra_X2 protocol_group_id=ONT_trialEb_250925 sample_id=ONT_trail_250925 barcode=barcode14 barcode_alias=barcode14 parent_read_id=3e430a69-ec52-4d99-bca8-06769cd2448f basecall_model_version_id=dna_r10.4.1_e8.2_400bps_hac@v4.3.0
0	a4f2357c-9267-49ff-a537-3bb5fa86ec47 runid=0dfb5b492dc86ce99bf7c61c734eb364afcdb5c8 ch=40 start_time=2025-09-25T17:45:14.398161+00:00 flow_cell_id=AWX817 basecall_gpu=NVIDIA_Tegra_X2 protocol_group_id=ONT_trialEb_250925 sample_id=ONT_trail_250925 barcode=barcode24 barcode_alias=barcode24 parent_read_id=a4f2357c-9267-49ff-a537-3bb5fa86ec47 basecall_model_version_id=dna_r10.4.1_e8.2_400bps_hac@v4.3.0
0	4d8bc2c2-0a95-4f68-bdab-84e0d1330a68 runid=0dfb5b492dc86ce99bf7c61c734eb364afcdb5c8 ch=4 start_time=2025-09-25T17:51:16.398161+00:00 flow_cell_id=AWX817 basecall_gpu=NVIDIA_Tegra_X2 protocol_group_id=ONT_trialEb_250925 sample_id=ONT_trail_250925 barcode=barcode14 barcode_alias=barcode14 parent_read_id=4d8bc2c2-0a95-4f68-bdab-84e0d1330a68 basecall_model_version_id=dna_r10.4.1_e8.2_400bps_hac@v4.3.0
0	379f8ba4-4ee2-42ba-81dd-b817c7357a91 runid=0dfb5b492dc86ce99bf7c61c734eb364afcdb5c8 ch=39 start_time=2025-09-25T19:27:01.398161+00:00 flow_cell_id=AWX817 basecall_gpu=NVIDIA_Tegra_X2 protocol_group_id=ONT_trialEb_250925 sample_id=ONT_trail_250925 barcode=barcode24 barcode_alias=barcode24 parent_read_id=379f8ba4-4ee2-42ba-81dd-b817c7357a91 basecall_model_version_id=dna_r10.4.1_e8.2_400bps_hac@v4.3.0 rc
0	628db8a4-7d4f-4d53-a951-b02835790346 runid=0dfb5b492dc86ce99bf7c61c734eb364afcdb5c8 ch=23 start_time=2025-09-25T17:50:16.398161+00:00 flow_cell_id=AWX817 basecall_gpu=NVIDIA_Tegra_X2 protocol_group_id=ONT_trialEb_250925 sample_id=ONT_trail_250925 barcode=barcode13 barcode_alias=barcode13 parent_read_id=628db8a4-7d4f-4d53-a951-b02835790346 basecall_model_version_id=dna_r10.4.1_e8.2_400bps_hac@v4.3.0 rc
0	a98b1ab3-64e8-45b4-aa59-3490babbbeeb runid=0dfb5b492dc86ce99bf7c61c734eb364afcdb5c8 ch=4 start_time=2025-09-25T17:36:40.398161+00:00 flow_cell_id=AWX817 basecall_gpu=NVIDIA_Tegra_X2 protocol_group_id=ONT_trialEb_250925 sample_id=ONT_trail_250925 barcode=barcode22 barcode_alias=barcode22 parent_read_id=a98b1ab3-64e8-45b4-aa59-3490babbbeeb basecall_model_version_id=dna_r10.4.1_e8.2_400bps_hac@v4.3.0 rc
0	80dcc20f-d441-47b9-a482-0bd8ffa8254b runid=0dfb5b492dc86ce99bf7c61c734eb364afcdb5c8 ch=20 start_time=2025-09-25T17:23:46.398161+00:00 flow_cell_id=AWX817 basecall_gpu=NVIDIA_Tegra_X2 protocol_group_id=ONT_trialEb_250925 sample_id=ONT_trail_250925 barcode=barcode15 barcode_alias=barcode15 parent_read_id=80dcc20f-d441-47b9-a482-0bd8ffa8254b basecall_model_version_id=dna_r10.4.1_e8.2_400bps_hac@v4.3.0
0	d60ddd6f-13e9-4f9d-ae61-f03ac632bacd runid=0dfb5b492dc86ce99bf7c61c734eb364afcdb5c8 ch=49 start_time=2025-09-25T18:03:05.398161+00:00 flow_cell_id=AWX817 basecall_gpu=NVIDIA_Tegra_X2 protocol_group_id=ONT_trialEb_250925 sample_id=ONT_trail_250925 barcode=barcode24 barcode_alias=barcode24 parent_read_id=d60ddd6f-13e9-4f9d-ae61-f03ac632bacd basecall_model_version_id=dna_r10.4.1_e8.2_400bps_hac@v4.3.0 rc
0	06977d4f-afe0-4d16-94b8-59957af55613 runid=0dfb5b492dc86ce99bf7c61c734eb364afcdb5c8 ch=42 start_time=2025-09-26T03:33:56.398161+00:00 flow_cell_id=AWX817 basecall_gpu=NVIDIA_Tegra_X2 protocol_group_id=ONT_trialEb_250925 sample_id=ONT_trail_250925 barcode=barcode23 barcode_alias=barcode23 parent_read_id=06977d4f-afe0-4d16-94b8-59957af55613 basecall_model_version_id=dna_r10.4.1_e8.2_400bps_hac@v4.3.0 rc
0	a1dda093-6aa3-4f93-a3b2-447b9dfa0415 runid=0dfb5b492dc86ce99bf7c61c734eb364afcdb5c8 ch=57 start_time=2025-09-25T17:39:27.398161+00:00 flow_cell_id=AWX817 basecall_gpu=NVIDIA_Tegra_X2 protocol_group_id=ONT_trialEb_250925 sample_id=ONT_trail_250925 barcode=barcode22 barcode_alias=barcode22 parent_read_id=ac4a126e-766c-4f96-a688-a2128516f5e2 basecall_model_version_id=dna_r10.4.1_e8.2_400bps_hac@v4.3.0
0	2b39e807-7671-4d46-a4a0-a14b8a9b0593 runid=0dfb5b492dc86ce99bf7c61c734eb364afcdb5c8 ch=41 start_time=2025-09-25T22:55:30.398161+00:00 flow_cell_id=AWX817 basecall_gpu=NVIDIA_Tegra_X2 protocol_group_id=ONT_trialEb_250925 sample_id=ONT_trail_250925 barcode=barcode22 barcode_alias=barcode22 parent_read_id=675010ed-ef1b-41f5-b086-cb0ff920ab96 basecall_model_version_id=dna_r10.4.1_e8.2_400bps_hac@v4.3.0 rc
0	a96bc16d-1474-463b-9051-0af8cdc0bf90 runid=0dfb5b492dc86ce99bf7c61c734eb364afcdb5c8 ch=20 start_time=2025-09-25T18:06:43.398161+00:00 flow_cell_id=AWX817 basecall_gpu=NVIDIA_Tegra_X2 protocol_group_id=ONT_trialEb_250925 sample_id=ONT_trail_250925 barcode=barcode22 barcode_alias=barcode22 parent_read_id=a96bc16d-1474-463b-9051-0af8cdc0bf90 basecall_model_version_id=dna_r10.4.1_e8.2_400bps_hac@v4.3.0 rc
0	0111f5bf-547f-4a71-a152-dc4027667543 runid=0dfb5b492dc86ce99bf7c61c734eb364afcdb5c8 ch=39 start_time=2025-09-25T21:44:50.398161+00:00 flow_cell_id=AWX817 basecall_gpu=NVIDIA_Tegra_X2 protocol_group_id=ONT_trialEb_250925 sample_id=ONT_trail_250925 barcode=barcode24 barcode_alias=barcode24 parent_read_id=0111f5bf-547f-4a71-a152-dc4027667543 basecall_model_version_id=dna_r10.4.1_e8.2_400bps_hac@v4.3.0 rc
0	3e4bc50a-afdf-48d6-90a4-adb94e96805f runid=0dfb5b492dc86ce99bf7c61c734eb364afcdb5c8 ch=39 start_time=2025-09-26T00:51:41.398161+00:00 flow_cell_id=AWX817 basecall_gpu=NVIDIA_Tegra_X2 protocol_group_id=ONT_trialEb_250925 sample_id=ONT_trail_250925 barcode=barcode14 barcode_alias=barcode14 parent_read_id=3e4bc50a-afdf-48d6-90a4-adb94e96805f basecall_model_version_id=dna_r10.4.1_e8.2_400bps_hac@v4.3.0 rc
0	04a970bd-65bd-4db5-8cf4-46385a8cdd8c runid=0dfb5b492dc86ce99bf7c61c734eb364afcdb5c8 ch=39 start_time=2025-09-25T19:01:54.398161+00:00 flow_cell_id=AWX817 basecall_gpu=NVIDIA_Tegra_X2 protocol_group_id=ONT_trialEb_250925 sample_id=ONT_trail_250925 barcode=barcode22 barcode_alias=barcode22 parent_read_id=04a970bd-65bd-4db5-8cf4-46385a8cdd8c basecall_model_version_id=dna_r10.4.1_e8.2_400bps_hac@v4.3.0 rc
0	b6a13572-271d-44d3-b063-0604b44f0a2b runid=0dfb5b492dc86ce99bf7c61c734eb364afcdb5c8 ch=79 start_time=2025-09-25T21:23:46.398161+00:00 flow_cell_id=AWX817 basecall_gpu=NVIDIA_Tegra_X2 protocol_group_id=ONT_trialEb_250925 sample_id=ONT_trail_250925 barcode=barcode22 barcode_alias=barcode22 parent_read_id=b6a13572-271d-44d3-b063-0604b44f0a2b basecall_model_version_id=dna_r10.4.1_e8.2_400bps_hac@v4.3.0 rc
0	84fec2fb-c96f-4ff9-a86e-9cca218cfaa1 runid=0dfb5b492dc86ce99bf7c61c734eb364afcdb5c8 ch=49 start_time=2025-09-26T11:41:33.398161+00:00 flow_cell_id=AWX817 basecall_gpu=NVIDIA_Tegra_X2 protocol_group_id=ONT_trialEb_250925 sample_id=ONT_trail_250925 barcode=barcode24 barcode_alias=barcode24 parent_read_id=84fec2fb-c96f-4ff9-a86e-9cca218cfaa1 basecall_model_version_id=dna_r10.4.1_e8.2_400bps_hac@v4.3.0
0	16231132-61f6-4834-a2f4-750bcd0543e5 runid=0dfb5b492dc86ce99bf7c61c734eb364afcdb5c8 ch=4 start_time=2025-09-25T16:35:49.398161+00:00 flow_cell_id=AWX817 basecall_gpu=NVIDIA_Tegra_X2 protocol_group_id=ONT_trialEb_250925 sample_id=ONT_trail_250925 barcode=barcode24 barcode_alias=barcode24 parent_read_id=16231132-61f6-4834-a2f4-750bcd0543e5 basecall_model_version_id=dna_r10.4.1_e8.2_400bps_hac@v4.3.0
0	c6bd949b-ae41-4a41-ab9e-754f670bc4b2 runid=0dfb5b492dc86ce99bf7c61c734eb364afcdb5c8 ch=42 start_time=2025-09-26T03:42:50.398161+00:00 flow_cell_id=AWX817 basecall_gpu=NVIDIA_Tegra_X2 protocol_group_id=ONT_trialEb_250925 sample_id=ONT_trail_250925 barcode=barcode13 barcode_alias=barcode13 parent_read_id=c6bd949b-ae41-4a41-ab9e-754f670bc4b2 basecall_model_version_id=dna_r10.4.1_e8.2_400bps_hac@v4.3.0
0	505af164-f08f-41fb-942f-cf99d34ea648 runid=0dfb5b492dc86ce99bf7c61c734eb364afcdb5c8 ch=58 start_time=2025-09-25T17:54:59.398161+00:00 flow_cell_id=AWX817 basecall_gpu=NVIDIA_Tegra_X2 protocol_group_id=ONT_trialEb_250925 sample_id=ONT_trail_250925 barcode=barcode22 barcode_alias=barcode22 parent_read_id=505af164-f08f-41fb-942f-cf99d34ea648 basecall_model_version_id=dna_r10.4.1_e8.2_400bps_hac@v4.3.0
0	61e21882-62b9-43a1-a2dc-2abb4d1ce218 runid=0dfb5b492dc86ce99bf7c61c734eb364afcdb5c8 ch=20 start_time=2025-09-25T16:26:02.398161+00:00 flow_cell_id=AWX817 basecall_gpu=NVIDIA_Tegra_X2 protocol_group_id=ONT_trialEb_250925 sample_id=ONT_trail_250925 barcode=barcode22 barcode_alias=barcode22 parent_read_id=61e21882-62b9-43a1-a2dc-2abb4d1ce218 basecall_model_version_id=dna_r10.4.1_e8.2_400bps_hac@v4.3.0
0	b5fe9a0f-0f65-43c1-ada6-08ff06c8d091 runid=0dfb5b492dc86ce99bf7c61c734eb364afcdb5c8 ch=20 start_time=2025-09-25T22:20:43.398161+00:00 flow_cell_id=AWX817 basecall_gpu=NVIDIA_Tegra_X2 protocol_group_id=ONT_trialEb_250925 sample_id=ONT_trail_250925 barcode=barcode23 barcode_alias=barcode23 parent_read_id=b5fe9a0f-0f65-43c1-ada6-08ff06c8d091 basecall_model_version_id=dna_r10.4.1_e8.2_400bps_hac@v4.3.0 rc
0	1347d3e1-8c1e-4cf7-8b37-ca2cfe0565a6 runid=0dfb5b492dc86ce99bf7c61c734eb364afcdb5c8 ch=85 start_time=2025-09-25T17:22:00.398161+00:00 flow_cell_id=AWX817 basecall_gpu=NVIDIA_Tegra_X2 protocol_group_id=ONT_trialEb_250925 sample_id=ONT_trail_250925 barcode=barcode13 barcode_alias=barcode13 parent_read_id=1347d3e1-8c1e-4cf7-8b37-ca2cfe0565a6 basecall_model_version_id=dna_r10.4.1_e8.2_400bps_hac@v4.3.0 rc
0	27201639-17b2-4d48-be71-a4259d6c30af runid=0dfb5b492dc86ce99bf7c61c734eb364afcdb5c8 ch=85 start_time=2025-09-26T00:40:29.398161+00:00 flow_cell_id=AWX817 basecall_gpu=NVIDIA_Tegra_X2 protocol_group_id=ONT_trialEb_250925 sample_id=ONT_trail_250925 barcode=barcode24 barcode_alias=barcode24 parent_read_id=27201639-17b2-4d48-be71-a4259d6c30af basecall_model_version_id=dna_r10.4.1_e8.2_400bps_hac@v4.3.0 rc
0	7a351e01-bcf5-4cef-9603-1edfc2138190 runid=0dfb5b492dc86ce99bf7c61c734eb364afcdb5c8 ch=4 start_time=2025-09-25T23:14:04.398161+00:00 flow_cell_id=AWX817 basecall_gpu=NVIDIA_Tegra_X2 protocol_group_id=ONT_trialEb_250925 sample_id=ONT_trail_250925 barcode=barcode13 barcode_alias=barcode13 parent_read_id=7a351e01-bcf5-4cef-9603-1edfc2138190 basecall_model_version_id=dna_r10.4.1_e8.2_400bps_hac@v4.3.0 rc
0	9ae696d3-6fda-4d12-b987-d1e4ebd4f474 runid=0dfb5b492dc86ce99bf7c61c734eb364afcdb5c8 ch=4 start_time=2025-09-26T07:56:39.398161+00:00 flow_cell_id=AWX817 basecall_gpu=NVIDIA_Tegra_X2 protocol_group_id=ONT_trialEb_250925 sample_id=ONT_trail_250925 barcode=barcode13 barcode_alias=barcode13 parent_read_id=9ae696d3-6fda-4d12-b987-d1e4ebd4f474 basecall_model_version_id=dna_r10.4.1_e8.2_400bps_hac@v4.3.0 rc
0	0c58869f-d337-459b-ab4b-14e1c65748e1 runid=0dfb5b492dc86ce99bf7c61c734eb364afcdb5c8 ch=6 start_time=2025-09-25T18:28:07.398161+00:00 flow_cell_id=AWX817 basecall_gpu=NVIDIA_Tegra_X2 protocol_group_id=ONT_trialEb_250925 sample_id=ONT_trail_250925 barcode=barcode23 barcode_alias=barcode23 parent_read_id=0c58869f-d337-459b-ab4b-14e1c65748e1 basecall_model_version_id=dna_r10.4.1_e8.2_400bps_hac@v4.3.0 rc
0	fb37c7e5-793d-4c64-b088-12e06234af70 runid=0dfb5b492dc86ce99bf7c61c734eb364afcdb5c8 ch=23 start_time=2025-09-25T18:41:10.398161+00:00 flow_cell_id=AWX817 basecall_gpu=NVIDIA_Tegra_X2 protocol_group_id=ONT_trialEb_250925 sample_id=ONT_trail_250925 barcode=barcode13 barcode_alias=barcode13 parent_read_id=fb37c7e5-793d-4c64-b088-12e06234af70 basecall_model_version_id=dna_r10.4.1_e8.2_400bps_hac@v4.3.0
0	ad19825a-59c5-4160-98fc-9f8c7870e69f runid=0dfb5b492dc86ce99bf7c61c734eb364afcdb5c8 ch=44 start_time=2025-09-25T18:46:20.398161+00:00 flow_cell_id=AWX817 basecall_gpu=NVIDIA_Tegra_X2 protocol_group_id=ONT_trialEb_250925 sample_id=ONT_trail_250925 barcode=barcode23 barcode_alias=barcode23 parent_read_id=ad19825a-59c5-4160-98fc-9f8c7870e69f basecall_model_version_id=dna_r10.4.1_e8.2_400bps_hac@v4.3.0 rc
0	e2cd3b9a-6b41-4b78-b716-890cbd6ee081 runid=0dfb5b492dc86ce99bf7c61c734eb364afcdb5c8 ch=44 start_time=2025-09-26T00:30:34.398161+00:00 flow_cell_id=AWX817 basecall_gpu=NVIDIA_Tegra_X2 protocol_group_id=ONT_trialEb_250925 sample_id=ONT_trail_250925 barcode=barcode24 barcode_alias=barcode24 parent_read_id=e2cd3b9a-6b41-4b78-b716-890cbd6ee081 basecall_model_version_id=dna_r10.4.1_e8.2_400bps_hac@v4.3.0 rc
0	b4310cfd-48e8-4851-81cc-e00812ee0199 runid=0dfb5b492dc86ce99bf7c61c734eb364afcdb5c8 ch=39 start_time=2025-09-25T21:31:15.398161+00:00 flow_cell_id=AWX817 basecall_gpu=NVIDIA_Tegra_X2 protocol_group_id=ONT_trialEb_250925 sample_id=ONT_trail_250925 barcode=barcode13 barcode_alias=barcode13 parent_read_id=b4310cfd-48e8-4851-81cc-e00812ee0199 basecall_model_version_id=dna_r10.4.1_e8.2_400bps_hac@v4.3.0
0	07313824-ff0a-40c5-a0eb-a50d9f18b12f runid=0dfb5b492dc86ce99bf7c61c734eb364afcdb5c8 ch=20 start_time=2025-09-26T08:12:09.398161+00:00 flow_cell_id=AWX817 basecall_gpu=NVIDIA_Tegra_X2 protocol_group_id=ONT_trialEb_250925 sample_id=ONT_trail_250925 barcode=barcode23 barcode_alias=barcode23 parent_read_id=07313824-ff0a-40c5-a0eb-a50d9f18b12f basecall_model_version_id=dna_r10.4.1_e8.2_400bps_hac@v4.3.0
0	6639f31d-358c-4581-9e42-82487700bde7 runid=0dfb5b492dc86ce99bf7c61c734eb364afcdb5c8 ch=106 start_time=2025-09-25T19:02:36.398161+00:00 flow_cell_id=AWX817 basecall_gpu=NVIDIA_Tegra_X2 protocol_group_id=ONT_trialEb_250925 sample_id=ONT_trail_250925 barcode=barcode22 barcode_alias=barcode22 parent_read_id=6639f31d-358c-4581-9e42-82487700bde7 basecall_model_version_id=dna_r10.4.1_e8.2_400bps_hac@v4.3.0
0	3917f229-30ce-4e8f-9818-a3f23a5e37cc runid=0dfb5b492dc86ce99bf7c61c734eb364afcdb5c8 ch=106 start_time=2025-09-25T19:13:46.398161+00:00 flow_cell_id=AWX817 basecall_gpu=NVIDIA_Tegra_X2 protocol_group_id=ONT_trialEb_250925 sample_id=ONT_trail_250925 barcode=barcode24 barcode_alias=barcode24 parent_read_id=12f62f21-1d82-44e8-85fc-724000139caa basecall_model_version_id=dna_r10.4.1_e8.2_400bps_hac@v4.3.0 rc
0	9d9f4940-68dd-49d4-bbaf-6f50326914c1 runid=0dfb5b492dc86ce99bf7c61c734eb364afcdb5c8 ch=85 start_time=2025-09-26T00:31:23.398161+00:00 flow_cell_id=AWX817 basecall_gpu=NVIDIA_Tegra_X2 protocol_group_id=ONT_trialEb_250925 sample_id=ONT_trail_250925 barcode=barcode22 barcode_alias=barcode22 parent_read_id=9d9f4940-68dd-49d4-bbaf-6f50326914c1 basecall_model_version_id=dna_r10.4.1_e8.2_400bps_hac@v4.3.0
0	5b00df84-d278-4c4f-9d98-28a40745fd2b runid=0dfb5b492dc86ce99bf7c61c734eb364afcdb5c8 ch=91 start_time=2025-09-25T18:13:36.398161+00:00 flow_cell_id=AWX817 basecall_gpu=NVIDIA_Tegra_X2 protocol_group_id=ONT_trialEb_250925 sample_id=ONT_trail_250925 barcode=barcode22 barcode_alias=barcode22 parent_read_id=5b00df84-d278-4c4f-9d98-28a40745fd2b basecall_model_version_id=dna_r10.4.1_e8.2_400bps_hac@v4.3.0 rc
0	b5684b5f-9659-429a-b213-1ea9c32de7b2 runid=0dfb5b492dc86ce99bf7c61c734eb364afcdb5c8 ch=118 start_time=2025-09-26T01:58:30.398161+00:00 flow_cell_id=AWX817 basecall_gpu=NVIDIA_Tegra_X2 protocol_group_id=ONT_trialEb_250925 sample_id=ONT_trail_250925 barcode=barcode22 barcode_alias=barcode22 parent_read_id=b5684b5f-9659-429a-b213-1ea9c32de7b2 basecall_model_version_id=dna_r10.4.1_e8.2_400bps_hac@v4.3.0 rc
0	3c75a8c5-4198-46c3-984d-ffdf206c2779 runid=0dfb5b492dc86ce99bf7c61c734eb364afcdb5c8 ch=20 start_time=2025-09-25T18:26:42.398161+00:00 flow_cell_id=AWX817 basecall_gpu=NVIDIA_Tegra_X2 protocol_group_id=ONT_trialEb_250925 sample_id=ONT_trail_250925 barcode=barcode14 barcode_alias=barcode14 parent_read_id=3c75a8c5-4198-46c3-984d-ffdf206c2779 basecall_model_version_id=dna_r10.4.1_e8.2_400bps_hac@v4.3.0 rc
0	7dca4379-20fe-4ae7-804a-113fee8c6a25 runid=0dfb5b492dc86ce99bf7c61c734eb364afcdb5c8 ch=20 start_time=2025-09-25T22:43:43.398161+00:00 flow_cell_id=AWX817 basecall_gpu=NVIDIA_Tegra_X2 protocol_group_id=ONT_trialEb_250925 sample_id=ONT_trail_250925 barcode=barcode14 barcode_alias=barcode14 parent_read_id=7dca4379-20fe-4ae7-804a-113fee8c6a25 basecall_model_version_id=dna_r10.4.1_e8.2_400bps_hac@v4.3.0 rc
0	0d8c5038-ccd1-4a44-b518-cc2657460c96 runid=0dfb5b492dc86ce99bf7c61c734eb364afcdb5c8 ch=110 start_time=2025-09-25T21:10:47.398161+00:00 flow_cell_id=AWX817 basecall_gpu=NVIDIA_Tegra_X2 protocol_group_id=ONT_trialEb_250925 sample_id=ONT_trail_250925 barcode=barcode14 barcode_alias=barcode14 parent_read_id=0d8c5038-ccd1-4a44-b518-cc2657460c96 basecall_model_version_id=dna_r10.4.1_e8.2_400bps_hac@v4.3.0 rc
0	c114fd64-d2b5-4642-98f9-b917cfc4ba5d runid=0dfb5b492dc86ce99bf7c61c734eb364afcdb5c8 ch=94 start_time=2025-09-25T17:04:46.398161+00:00 flow_cell_id=AWX817 basecall_gpu=NVIDIA_Tegra_X2 protocol_group_id=ONT_trialEb_250925 sample_id=ONT_trail_250925 barcode=barcode13 barcode_alias=barcode13 parent_read_id=c114fd64-d2b5-4642-98f9-b917cfc4ba5d basecall_model_version_id=dna_r10.4.1_e8.2_400bps_hac@v4.3.0 rc
0	70c45e89-e0e1-4a8d-8387-8eb98abfa417 runid=0dfb5b492dc86ce99bf7c61c734eb364afcdb5c8 ch=4 start_time=2025-09-26T05:18:55.398161+00:00 flow_cell_id=AWX817 basecall_gpu=NVIDIA_Tegra_X2 protocol_group_id=ONT_trialEb_250925 sample_id=ONT_trail_250925 barcode=barcode24 barcode_alias=barcode24 parent_read_id=70c45e89-e0e1-4a8d-8387-8eb98abfa417 basecall_model_version_id=dna_r10.4.1_e8.2_400bps_hac@v4.3.0
0	e0ef175f-cabc-42e0-9576-680e2dec9ea1 runid=0dfb5b492dc86ce99bf7c61c734eb364afcdb5c8 ch=41 start_time=2025-09-25T22:20:42.398161+00:00 flow_cell_id=AWX817 basecall_gpu=NVIDIA_Tegra_X2 protocol_group_id=ONT_trialEb_250925 sample_id=ONT_trail_250925 barcode=barcode24 barcode_alias=barcode24 parent_read_id=d78f8949-8a72-4cb0-a090-97374e4ec9db basecall_model_version_id=dna_r10.4.1_e8.2_400bps_hac@v4.3.0
0	ff4b13a0-079b-41ca-ada4-8be9a9596a3c runid=0dfb5b492dc86ce99bf7c61c734eb364afcdb5c8 ch=73 start_time=2025-09-25T18:20:48.398161+00:00 flow_cell_id=AWX817 basecall_gpu=NVIDIA_Tegra_X2 protocol_group_id=ONT_trialEb_250925 sample_id=ONT_trail_250925 barcode=barcode22 barcode_alias=barcode22 parent_read_id=c5a6d342-736d-4d31-b678-fcdb46a69c40 basecall_model_version_id=dna_r10.4.1_e8.2_400bps_hac@v4.3.0 rc
0	29d8b493-f1e5-4ffd-8068-38a3c4df13a0 runid=0dfb5b492dc86ce99bf7c61c734eb364afcdb5c8 ch=73 start_time=2025-09-25T21:33:35.398161+00:00 flow_cell_id=AWX817 basecall_gpu=NVIDIA_Tegra_X2 protocol_group_id=ONT_trialEb_250925 sample_id=ONT_trail_250925 barcode=barcode23 barcode_alias=barcode23 parent_read_id=29d8b493-f1e5-4ffd-8068-38a3c4df13a0 basecall_model_version_id=dna_r10.4.1_e8.2_400bps_hac@v4.3.0 rc
0	10fa7bc6-87ab-44fe-81dd-df3a4a6df768 runid=0dfb5b492dc86ce99bf7c61c734eb364afcdb5c8 ch=20 start_time=2025-09-26T06:08:59.398161+00:00 flow_cell_id=AWX817 basecall_gpu=NVIDIA_Tegra_X2 protocol_group_id=ONT_trialEb_250925 sample_id=ONT_trail_250925 barcode=barcode14 barcode_alias=barcode14 parent_read_id=10fa7bc6-87ab-44fe-81dd-df3a4a6df768 basecall_model_version_id=dna_r10.4.1_e8.2_400bps_hac@v4.3.0
0	b4e3ff4b-8c2b-458d-849a-34f99de31590 runid=0dfb5b492dc86ce99bf7c61c734eb364afcdb5c8 ch=106 start_time=2025-09-25T16:54:03.398161+00:00 flow_cell_id=AWX817 basecall_gpu=NVIDIA_Tegra_X2 protocol_group_id=ONT_trialEb_250925 sample_id=ONT_trail_250925 barcode=barcode23 barcode_alias=barcode23 parent_read_id=b4e3ff4b-8c2b-458d-849a-34f99de31590 basecall_model_version_id=dna_r10.4.1_e8.2_400bps_hac@v4.3.0 rc
0	703bfe4d-483f-43dd-b3f3-8907ac2f0bd6 runid=0dfb5b492dc86ce99bf7c61c734eb364afcdb5c8 ch=4 start_time=2025-09-25T18:41:09.398161+00:00 flow_cell_id=AWX817 basecall_gpu=NVIDIA_Tegra_X2 protocol_group_id=ONT_trialEb_250925 sample_id=ONT_trail_250925 barcode=barcode15 barcode_alias=barcode15 parent_read_id=703bfe4d-483f-43dd-b3f3-8907ac2f0bd6 basecall_model_version_id=dna_r10.4.1_e8.2_400bps_hac@v4.3.0
0	e8acd79e-52bb-492b-9d57-368059499d9c runid=0dfb5b492dc86ce99bf7c61c734eb364afcdb5c8 ch=94 start_time=2025-09-25T17:02:59.398161+00:00 flow_cell_id=AWX817 basecall_gpu=NVIDIA_Tegra_X2 protocol_group_id=ONT_trialEb_250925 sample_id=ONT_trail_250925 barcode=barcode23 barcode_alias=barcode23 parent_read_id=e8acd79e-52bb-492b-9d57-368059499d9c basecall_model_version_id=dna_r10.4.1_e8.2_400bps_hac@v4.3.0 rc
0	3ff29f16-efe1-4a55-a2ca-e080c6626ce0 runid=0dfb5b492dc86ce99bf7c61c734eb364afcdb5c8 ch=96 start_time=2025-09-26T02:32:03.398161+00:00 flow_cell_id=AWX817 basecall_gpu=NVIDIA_Tegra_X2 protocol_group_id=ONT_trialEb_250925 sample_id=ONT_trail_250925 barcode=barcode23 barcode_alias=barcode23 parent_read_id=3ff29f16-efe1-4a55-a2ca-e080c6626ce0 basecall_model_version_id=dna_r10.4.1_e8.2_400bps_hac@v4.3.0 rc
0	8d582174-cdd1-4521-8c0a-763365c271ca runid=0dfb5b492dc86ce99bf7c61c734eb364afcdb5c8 ch=77 start_time=2025-09-25T23:00:38.398161+00:00 flow_cell_id=AWX817 basecall_gpu=NVIDIA_Tegra_X2 protocol_group_id=ONT_trialEb_250925 sample_id=ONT_trail_250925 barcode=barcode22 barcode_alias=barcode22 parent_read_id=8d582174-cdd1-4521-8c0a-763365c271ca basecall_model_version_id=dna_r10.4.1_e8.2_400bps_hac@v4.3.0
0	3c04f98b-f83c-449b-aa64-6817fcf904c7 runid=0dfb5b492dc86ce99bf7c61c734eb364afcdb5c8 ch=20 start_time=2025-09-26T03:36:41.398161+00:00 flow_cell_id=AWX817 basecall_gpu=NVIDIA_Tegra_X2 protocol_group_id=ONT_trialEb_250925 sample_id=ONT_trail_250925 barcode=barcode13 barcode_alias=barcode13 parent_read_id=72850fa9-49f1-49fd-9fef-854363d54fe9 basecall_model_version_id=dna_r10.4.1_e8.2_400bps_hac@v4.3.0 rc
0	bb86ca79-c2e4-4e0a-929f-ff891a0fe5a2 runid=0dfb5b492dc86ce99bf7c61c734eb364afcdb5c8 ch=10 start_time=2025-09-25T21:21:40.398161+00:00 flow_cell_id=AWX817 basecall_gpu=NVIDIA_Tegra_X2 protocol_group_id=ONT_trialEb_250925 sample_id=ONT_trail_250925 barcode=barcode23 barcode_alias=barcode23 parent_read_id=bb86ca79-c2e4-4e0a-929f-ff891a0fe5a2 basecall_model_version_id=dna_r10.4.1_e8.2_400bps_hac@v4.3.0
0	f194ee33-1c53-41e2-873f-358363e255d4 runid=0dfb5b492dc86ce99bf7c61c734eb364afcdb5c8 ch=94 start_time=2025-09-25T18:23:59.398161+00:00 flow_cell_id=AWX817 basecall_gpu=NVIDIA_Tegra_X2 protocol_group_id=ONT_trialEb_250925 sample_id=ONT_trail_250925 barcode=barcode22 barcode_alias=barcode22 parent_read_id=f194ee33-1c53-41e2-873f-358363e255d4 basecall_model_version_id=dna_r10.4.1_e8.2_400bps_hac@v4.3.0
0	d8964250-a3cb-45e0-847c-32c94dab923a runid=0dfb5b492dc86ce99bf7c61c734eb364afcdb5c8 ch=23 start_time=2025-09-25T18:40:28.398161+00:00 flow_cell_id=AWX817 basecall_gpu=NVIDIA_Tegra_X2 protocol_group_id=ONT_trialEb_250925 sample_id=ONT_trail_250925 barcode=barcode14 barcode_alias=barcode14 parent_read_id=d8964250-a3cb-45e0-847c-32c94dab923a basecall_model_version_id=dna_r10.4.1_e8.2_400bps_hac@v4.3.0 rc
0	09f3f744-9c2c-4ff0-951f-5a763ebf62c4 runid=0dfb5b492dc86ce99bf7c61c734eb364afcdb5c8 ch=79 start_time=2025-09-25T18:06:48.398161+00:00 flow_cell_id=AWX817 basecall_gpu=NVIDIA_Tegra_X2 protocol_group_id=ONT_trialEb_250925 sample_id=ONT_trail_250925 barcode=barcode14 barcode_alias=barcode14 parent_read_id=09f3f744-9c2c-4ff0-951f-5a763ebf62c4 basecall_model_version_id=dna_r10.4.1_e8.2_400bps_hac@v4.3.0 rc
0	917977af-0075-4724-934b-228cc74753c7 runid=0dfb5b492dc86ce99bf7c61c734eb364afcdb5c8 ch=4 start_time=2025-09-26T07:38:45.398161+00:00 flow_cell_id=AWX817 basecall_gpu=NVIDIA_Tegra_X2 protocol_group_id=ONT_trialEb_250925 sample_id=ONT_trail_250925 barcode=barcode14 barcode_alias=barcode14 parent_read_id=917977af-0075-4724-934b-228cc74753c7 basecall_model_version_id=dna_r10.4.1_e8.2_400bps_hac@v4.3.0
0	f493e36c-c6bb-4cc3-9300-f517064d3d2e runid=0dfb5b492dc86ce99bf7c61c734eb364afcdb5c8 ch=73 start_time=2025-09-25T21:01:14.398161+00:00 flow_cell_id=AWX817 basecall_gpu=NVIDIA_Tegra_X2 protocol_group_id=ONT_trialEb_250925 sample_id=ONT_trail_250925 barcode=barcode23 barcode_alias=barcode23 parent_read_id=f493e36c-c6bb-4cc3-9300-f517064d3d2e basecall_model_version_id=dna_r10.4.1_e8.2_400bps_hac@v4.3.0 rc
0	94010551-6c28-42be-a645-14f4f3778dee runid=0dfb5b492dc86ce99bf7c61c734eb364afcdb5c8 ch=4 start_time=2025-09-25T22:41:12.398161+00:00 flow_cell_id=AWX817 basecall_gpu=NVIDIA_Tegra_X2 protocol_group_id=ONT_trialEb_250925 sample_id=ONT_trail_250925 barcode=barcode13 barcode_alias=barcode13 parent_read_id=94010551-6c28-42be-a645-14f4f3778dee basecall_model_version_id=dna_r10.4.1_e8.2_400bps_hac@v4.3.0 rc
0	7c6c66f2-b845-402d-8dfe-0a2c53ded3e2 runid=0dfb5b492dc86ce99bf7c61c734eb364afcdb5c8 ch=20 start_time=2025-09-25T16:44:30.398161+00:00 flow_cell_id=AWX817 basecall_gpu=NVIDIA_Tegra_X2 protocol_group_id=ONT_trialEb_250925 sample_id=ONT_trail_250925 barcode=barcode22 barcode_alias=barcode22 parent_read_id=7c6c66f2-b845-402d-8dfe-0a2c53ded3e2 basecall_model_version_id=dna_r10.4.1_e8.2_400bps_hac@v4.3.0 rc
0	1d3fa9c6-bc68-459e-abf8-9b4edac39c2a runid=0dfb5b492dc86ce99bf7c61c734eb364afcdb5c8 ch=5 start_time=2025-09-25T19:55:41.398161+00:00 flow_cell_id=AWX817 basecall_gpu=NVIDIA_Tegra_X2 protocol_group_id=ONT_trialEb_250925 sample_id=ONT_trail_250925 barcode=barcode13 barcode_alias=barcode13 parent_read_id=1d3fa9c6-bc68-459e-abf8-9b4edac39c2a basecall_model_version_id=dna_r10.4.1_e8.2_400bps_hac@v4.3.0
0	3614e361-8e03-4efd-9f4a-3b0fe0119705 runid=0dfb5b492dc86ce99bf7c61c734eb364afcdb5c8 ch=56 start_time=2025-09-25T19:14:43.398161+00:00 flow_cell_id=AWX817 basecall_gpu=NVIDIA_Tegra_X2 protocol_group_id=ONT_trialEb_250925 sample_id=ONT_trail_250925 barcode=barcode22 barcode_alias=barcode22 parent_read_id=3614e361-8e03-4efd-9f4a-3b0fe0119705 basecall_model_version_id=dna_r10.4.1_e8.2_400bps_hac@v4.3.0
0	4c1775aa-939e-40ce-826b-2aef5f8050a5 runid=0dfb5b492dc86ce99bf7c61c734eb364afcdb5c8 ch=77 start_time=2025-09-25T23:07:58.398161+00:00 flow_cell_id=AWX817 basecall_gpu=NVIDIA_Tegra_X2 protocol_group_id=ONT_trialEb_250925 sample_id=ONT_trail_250925 barcode=barcode22 barcode_alias=barcode22 parent_read_id=4c1775aa-939e-40ce-826b-2aef5f8050a5 basecall_model_version_id=dna_r10.4.1_e8.2_400bps_hac@v4.3.0
0	cdf2d3e8-988f-40f9-b2af-dfbe90efdb06 runid=0dfb5b492dc86ce99bf7c61c734eb364afcdb5c8 ch=94 start_time=2025-09-25T17:56:40.398161+00:00 flow_cell_id=AWX817 basecall_gpu=NVIDIA_Tegra_X2 protocol_group_id=ONT_trialEb_250925 sample_id=ONT_trail_250925 barcode=barcode15 barcode_alias=barcode15 parent_read_id=cdf2d3e8-988f-40f9-b2af-dfbe90efdb06 basecall_model_version_id=dna_r10.4.1_e8.2_400bps_hac@v4.3.0 rc
0	b825c6fe-5083-4646-a1a4-9e50de42b472 runid=0dfb5b492dc86ce99bf7c61c734eb364afcdb5c8 ch=4 start_time=2025-09-25T18:33:15.398161+00:00 flow_cell_id=AWX817 basecall_gpu=NVIDIA_Tegra_X2 protocol_group_id=ONT_trialEb_250925 sample_id=ONT_trail_250925 barcode=barcode13 barcode_alias=barcode13 parent_read_id=b825c6fe-5083-4646-a1a4-9e50de42b472 basecall_model_version_id=dna_r10.4.1_e8.2_400bps_hac@v4.3.0
0	90f61de3-016a-4413-8703-533d463c333f runid=0dfb5b492dc86ce99bf7c61c734eb364afcdb5c8 ch=44 start_time=2025-09-26T04:13:28.398161+00:00 flow_cell_id=AWX817 basecall_gpu=NVIDIA_Tegra_X2 protocol_group_id=ONT_trialEb_250925 sample_id=ONT_trail_250925 barcode=barcode13 barcode_alias=barcode13 parent_read_id=90f61de3-016a-4413-8703-533d463c333f basecall_model_version_id=dna_r10.4.1_e8.2_400bps_hac@v4.3.0 rc
0	47f2aaa4-6510-4967-ac7a-43e5f56346b2 runid=0dfb5b492dc86ce99bf7c61c734eb364afcdb5c8 ch=6 start_time=2025-09-25T16:12:36.398161+00:00 flow_cell_id=AWX817 basecall_gpu=NVIDIA_Tegra_X2 protocol_group_id=ONT_trialEb_250925 sample_id=ONT_trail_250925 barcode=barcode22 barcode_alias=barcode22 parent_read_id=47f2aaa4-6510-4967-ac7a-43e5f56346b2 basecall_model_version_id=dna_r10.4.1_e8.2_400bps_hac@v4.3.0
0	023d399f-90ad-4050-a82e-7ecd6bc5892c runid=0dfb5b492dc86ce99bf7c61c734eb364afcdb5c8 ch=110 start_time=2025-09-25T16:44:18.398161+00:00 flow_cell_id=AWX817 basecall_gpu=NVIDIA_Tegra_X2 protocol_group_id=ONT_trialEb_250925 sample_id=ONT_trail_250925 barcode=barcode14 barcode_alias=barcode14 parent_read_id=023d399f-90ad-4050-a82e-7ecd6bc5892c basecall_model_version_id=dna_r10.4.1_e8.2_400bps_hac@v4.3.0 rc
0	023d399f-90ad-4050-a82e-7ecd6bc5892c runid=0dfb5b492dc86ce99bf7c61c734eb364afcdb5c8 ch=110 start_time=2025-09-25T16:44:18.398161+00:00 flow_cell_id=AWX817 basecall_gpu=NVIDIA_Tegra_X2 protocol_group_id=ONT_trialEb_250925 sample_id=ONT_trail_250925 barcode=barcode14 barcode_alias=barcode14 parent_read_id=023d399f-90ad-4050-a82e-7ecd6bc5892c basecall_model_version_id=dna_r10.4.1_e8.2_400bps_hac@v4.3.0 rc
0	972a1758-45c3-426a-b18c-45883e3ee05a runid=0dfb5b492dc86ce99bf7c61c734eb364afcdb5c8 ch=40 start_time=2025-09-25T20:34:04.398161+00:00 flow_cell_id=AWX817 basecall_gpu=NVIDIA_Tegra_X2 protocol_group_id=ONT_trialEb_250925 sample_id=ONT_trail_250925 barcode=barcode22 barcode_alias=barcode22 parent_read_id=972a1758-45c3-426a-b18c-45883e3ee05a basecall_model_version_id=dna_r10.4.1_e8.2_400bps_hac@v4.3.0
0	05689f01-61ef-44b8-891b-dc767da98d89 runid=0dfb5b492dc86ce99bf7c61c734eb364afcdb5c8 ch=41 start_time=2025-09-25T16:06:02.398161+00:00 flow_cell_id=AWX817 basecall_gpu=NVIDIA_Tegra_X2 protocol_group_id=ONT_trialEb_250925 sample_id=ONT_trail_250925 barcode=barcode23 barcode_alias=barcode23 parent_read_id=05689f01-61ef-44b8-891b-dc767da98d89 basecall_model_version_id=dna_r10.4.1_e8.2_400bps_hac@v4.3.0
0	43f7aeba-474e-48e6-8bbf-a546168c738e runid=0dfb5b492dc86ce99bf7c61c734eb364afcdb5c8 ch=6 start_time=2025-09-25T16:57:02.398161+00:00 flow_cell_id=AWX817 basecall_gpu=NVIDIA_Tegra_X2 protocol_group_id=ONT_trialEb_250925 sample_id=ONT_trail_250925 barcode=barcode23 barcode_alias=barcode23 parent_read_id=43f7aeba-474e-48e6-8bbf-a546168c738e basecall_model_version_id=dna_r10.4.1_e8.2_400bps_hac@v4.3.0
0	69471e2c-576e-456e-b94b-b1f0bd11c1c9 runid=0dfb5b492dc86ce99bf7c61c734eb364afcdb5c8 ch=20 start_time=2025-09-26T03:52:32.398161+00:00 flow_cell_id=AWX817 basecall_gpu=NVIDIA_Tegra_X2 protocol_group_id=ONT_trialEb_250925 sample_id=ONT_trail_250925 barcode=barcode13 barcode_alias=barcode13 parent_read_id=69471e2c-576e-456e-b94b-b1f0bd11c1c9 basecall_model_version_id=dna_r10.4.1_e8.2_400bps_hac@v4.3.0
0	6f910688-9169-496b-b47d-9d327962bf83 runid=0dfb5b492dc86ce99bf7c61c734eb364afcdb5c8 ch=4 start_time=2025-09-26T02:49:38.398161+00:00 flow_cell_id=AWX817 basecall_gpu=NVIDIA_Tegra_X2 protocol_group_id=ONT_trialEb_250925 sample_id=ONT_trail_250925 barcode=barcode24 barcode_alias=barcode24 parent_read_id=6f910688-9169-496b-b47d-9d327962bf83 basecall_model_version_id=dna_r10.4.1_e8.2_400bps_hac@v4.3.0
0	f400c8e4-ebcf-4cf3-929c-291bc925d45e runid=0dfb5b492dc86ce99bf7c61c734eb364afcdb5c8 ch=77 start_time=2025-09-26T01:13:55.398161+00:00 flow_cell_id=AWX817 basecall_gpu=NVIDIA_Tegra_X2 protocol_group_id=ONT_trialEb_250925 sample_id=ONT_trail_250925 barcode=barcode13 barcode_alias=barcode13 parent_read_id=f400c8e4-ebcf-4cf3-929c-291bc925d45e basecall_model_version_id=dna_r10.4.1_e8.2_400bps_hac@v4.3.0
0	c2afe7df-3b07-4948-97e0-28606ba352bc runid=0dfb5b492dc86ce99bf7c61c734eb364afcdb5c8 ch=20 start_time=2025-09-25T23:35:09.398161+00:00 flow_cell_id=AWX817 basecall_gpu=NVIDIA_Tegra_X2 protocol_group_id=ONT_trialEb_250925 sample_id=ONT_trail_250925 barcode=barcode24 barcode_alias=barcode24 parent_read_id=c2afe7df-3b07-4948-97e0-28606ba352bc basecall_model_version_id=dna_r10.4.1_e8.2_400bps_hac@v4.3.0 rc
0	02f5f2be-0eb2-4245-80cb-8a825f44046c runid=0dfb5b492dc86ce99bf7c61c734eb364afcdb5c8 ch=41 start_time=2025-09-25T19:52:01.398161+00:00 flow_cell_id=AWX817 basecall_gpu=NVIDIA_Tegra_X2 protocol_group_id=ONT_trialEb_250925 sample_id=ONT_trail_250925 barcode=barcode22 barcode_alias=barcode22 parent_read_id=02f5f2be-0eb2-4245-80cb-8a825f44046c basecall_model_version_id=dna_r10.4.1_e8.2_400bps_hac@v4.3.0 rc
0	00c9c922-55c0-42a1-92f9-57d0591ab014 runid=0dfb5b492dc86ce99bf7c61c734eb364afcdb5c8 ch=113 start_time=2025-09-25T17:12:45.398161+00:00 flow_cell_id=AWX817 basecall_gpu=NVIDIA_Tegra_X2 protocol_group_id=ONT_trialEb_250925 sample_id=ONT_trail_250925 barcode=barcode13 barcode_alias=barcode13 parent_read_id=00c9c922-55c0-42a1-92f9-57d0591ab014 basecall_model_version_id=dna_r10.4.1_e8.2_400bps_hac@v4.3.0 rc
0	65513431-19d7-4840-a412-507f650ce50f runid=0dfb5b492dc86ce99bf7c61c734eb364afcdb5c8 ch=85 start_time=2025-09-25T21:56:34.398161+00:00 flow_cell_id=AWX817 basecall_gpu=NVIDIA_Tegra_X2 protocol_group_id=ONT_trialEb_250925 sample_id=ONT_trail_250925 barcode=barcode22 barcode_alias=barcode22 parent_read_id=65513431-19d7-4840-a412-507f650ce50f basecall_model_version_id=dna_r10.4.1_e8.2_400bps_hac@v4.3.0
0	6268a7d0-3091-4918-9e2f-76245d6e3c40 runid=0dfb5b492dc86ce99bf7c61c734eb364afcdb5c8 ch=23 start_time=2025-09-25T18:10:23.398161+00:00 flow_cell_id=AWX817 basecall_gpu=NVIDIA_Tegra_X2 protocol_group_id=ONT_trialEb_250925 sample_id=ONT_trail_250925 barcode=barcode13 barcode_alias=barcode13 parent_read_id=6268a7d0-3091-4918-9e2f-76245d6e3c40 basecall_model_version_id=dna_r10.4.1_e8.2_400bps_hac@v4.3.0
0	a3047298-36e5-4c99-9ad0-5eb73810a9ce runid=0dfb5b492dc86ce99bf7c61c734eb364afcdb5c8 ch=110 start_time=2025-09-25T18:51:32.398161+00:00 flow_cell_id=AWX817 basecall_gpu=NVIDIA_Tegra_X2 protocol_group_id=ONT_trialEb_250925 sample_id=ONT_trail_250925 barcode=barcode24 barcode_alias=barcode24 parent_read_id=a3047298-36e5-4c99-9ad0-5eb73810a9ce basecall_model_version_id=dna_r10.4.1_e8.2_400bps_hac@v4.3.0 rc
0	46035927-0974-4009-9815-a0e3df02358f runid=0dfb5b492dc86ce99bf7c61c734eb364afcdb5c8 ch=40 start_time=2025-09-25T20:29:25.398161+00:00 flow_cell_id=AWX817 basecall_gpu=NVIDIA_Tegra_X2 protocol_group_id=ONT_trialEb_250925 sample_id=ONT_trail_250925 barcode=barcode24 barcode_alias=barcode24 parent_read_id=46035927-0974-4009-9815-a0e3df02358f basecall_model_version_id=dna_r10.4.1_e8.2_400bps_hac@v4.3.0 rc
0	cf97081f-44a5-4d6b-88f9-59db630da4b9 runid=0dfb5b492dc86ce99bf7c61c734eb364afcdb5c8 ch=110 start_time=2025-09-25T21:33:21.398161+00:00 flow_cell_id=AWX817 basecall_gpu=NVIDIA_Tegra_X2 protocol_group_id=ONT_trialEb_250925 sample_id=ONT_trail_250925 barcode=barcode15 barcode_alias=barcode15 parent_read_id=cf97081f-44a5-4d6b-88f9-59db630da4b9 basecall_model_version_id=dna_r10.4.1_e8.2_400bps_hac@v4.3.0 rc
0	c805a954-2477-4ab9-be38-706494ec13fa runid=0dfb5b492dc86ce99bf7c61c734eb364afcdb5c8 ch=43 start_time=2025-09-25T19:47:50.398161+00:00 flow_cell_id=AWX817 basecall_gpu=NVIDIA_Tegra_X2 protocol_group_id=ONT_trialEb_250925 sample_id=ONT_trail_250925 barcode=barcode22 barcode_alias=barcode22 parent_read_id=c805a954-2477-4ab9-be38-706494ec13fa basecall_model_version_id=dna_r10.4.1_e8.2_400bps_hac@v4.3.0 rc
0	b252d414-239b-4366-8ce7-e40a1b616479 runid=0dfb5b492dc86ce99bf7c61c734eb364afcdb5c8 ch=43 start_time=2025-09-25T21:08:16.398161+00:00 flow_cell_id=AWX817 basecall_gpu=NVIDIA_Tegra_X2 protocol_group_id=ONT_trialEb_250925 sample_id=ONT_trail_250925 barcode=barcode13 barcode_alias=barcode13 parent_read_id=b252d414-239b-4366-8ce7-e40a1b616479 basecall_model_version_id=dna_r10.4.1_e8.2_400bps_hac@v4.3.0
0	aa19770e-4eac-492b-86ec-f19cf1ab657e runid=0dfb5b492dc86ce99bf7c61c734eb364afcdb5c8 ch=118 start_time=2025-09-25T19:36:57.398161+00:00 flow_cell_id=AWX817 basecall_gpu=NVIDIA_Tegra_X2 protocol_group_id=ONT_trialEb_250925 sample_id=ONT_trail_250925 barcode=barcode24 barcode_alias=barcode24 parent_read_id=aa19770e-4eac-492b-86ec-f19cf1ab657e basecall_model_version_id=dna_r10.4.1_e8.2_400bps_hac@v4.3.0
0	a26e920c-fd11-40cd-9569-d8f06533d94b runid=0dfb5b492dc86ce99bf7c61c734eb364afcdb5c8 ch=79 start_time=2025-09-25T21:19:39.398161+00:00 flow_cell_id=AWX817 basecall_gpu=NVIDIA_Tegra_X2 protocol_group_id=ONT_trialEb_250925 sample_id=ONT_trail_250925 barcode=barcode22 barcode_alias=barcode22 parent_read_id=a26e920c-fd11-40cd-9569-d8f06533d94b basecall_model_version_id=dna_r10.4.1_e8.2_400bps_hac@v4.3.0 rc
0	e94fcc35-2145-4520-9a72-c53e600ab1f2 runid=0dfb5b492dc86ce99bf7c61c734eb364afcdb5c8 ch=4 start_time=2025-09-25T23:47:05.398161+00:00 flow_cell_id=AWX817 basecall_gpu=NVIDIA_Tegra_X2 protocol_group_id=ONT_trialEb_250925 sample_id=ONT_trail_250925 barcode=barcode22 barcode_alias=barcode22 parent_read_id=e94fcc35-2145-4520-9a72-c53e600ab1f2 basecall_model_version_id=dna_r10.4.1_e8.2_400bps_hac@v4.3.0
0	7e6e7a7d-ddb4-409f-9268-210e1c29ecb6 runid=0dfb5b492dc86ce99bf7c61c734eb364afcdb5c8 ch=77 start_time=2025-09-26T00:47:17.398161+00:00 flow_cell_id=AWX817 basecall_gpu=NVIDIA_Tegra_X2 protocol_group_id=ONT_trialEb_250925 sample_id=ONT_trail_250925 barcode=barcode13 barcode_alias=barcode13 parent_read_id=7e6e7a7d-ddb4-409f-9268-210e1c29ecb6 basecall_model_version_id=dna_r10.4.1_e8.2_400bps_hac@v4.3.0
0	83911827-a47e-4675-9199-f4096dc27f8c runid=0dfb5b492dc86ce99bf7c61c734eb364afcdb5c8 ch=58 start_time=2025-09-25T19:53:59.398161+00:00 flow_cell_id=AWX817 basecall_gpu=NVIDIA_Tegra_X2 protocol_group_id=ONT_trialEb_250925 sample_id=ONT_trail_250925 barcode=barcode24 barcode_alias=barcode24 parent_read_id=83911827-a47e-4675-9199-f4096dc27f8c basecall_model_version_id=dna_r10.4.1_e8.2_400bps_hac@v4.3.0
0	5239fb5a-eec3-41ca-84bf-62317a81a764 runid=0dfb5b492dc86ce99bf7c61c734eb364afcdb5c8 ch=44 start_time=2025-09-25T22:18:35.398161+00:00 flow_cell_id=AWX817 basecall_gpu=NVIDIA_Tegra_X2 protocol_group_id=ONT_trialEb_250925 sample_id=ONT_trail_250925 barcode=barcode24 barcode_alias=barcode24 parent_read_id=5239fb5a-eec3-41ca-84bf-62317a81a764 basecall_model_version_id=dna_r10.4.1_e8.2_400bps_hac@v4.3.0 rc
0	26c5c78a-091f-471b-9a72-883bd27f76c2 runid=0dfb5b492dc86ce99bf7c61c734eb364afcdb5c8 ch=44 start_time=2025-09-26T04:56:44.398161+00:00 flow_cell_id=AWX817 basecall_gpu=NVIDIA_Tegra_X2 protocol_group_id=ONT_trialEb_250925 sample_id=ONT_trail_250925 barcode=barcode24 barcode_alias=barcode24 parent_read_id=26c5c78a-091f-471b-9a72-883bd27f76c2 basecall_model_version_id=dna_r10.4.1_e8.2_400bps_hac@v4.3.0 rc
0	314352e9-3ab0-4f4c-a029-a1949702ab1c runid=0dfb5b492dc86ce99bf7c61c734eb364afcdb5c8 ch=4 start_time=2025-09-25T19:48:19.398161+00:00 flow_cell_id=AWX817 basecall_gpu=NVIDIA_Tegra_X2 protocol_group_id=ONT_trialEb_250925 sample_id=ONT_trail_250925 barcode=barcode24 barcode_alias=barcode24 parent_read_id=314352e9-3ab0-4f4c-a029-a1949702ab1c basecall_model_version_id=dna_r10.4.1_e8.2_400bps_hac@v4.3.0
0	589253eb-aa86-49ab-9dd8-6dc9598608b9 runid=0dfb5b492dc86ce99bf7c61c734eb364afcdb5c8 ch=92 start_time=2025-09-25T23:14:41.398161+00:00 flow_cell_id=AWX817 basecall_gpu=NVIDIA_Tegra_X2 protocol_group_id=ONT_trialEb_250925 sample_id=ONT_trail_250925 barcode=barcode23 barcode_alias=barcode23 parent_read_id=589253eb-aa86-49ab-9dd8-6dc9598608b9 basecall_model_version_id=dna_r10.4.1_e8.2_400bps_hac@v4.3.0 rc
0	88b29ba6-613a-4a3f-a936-d57ff2e196b1 runid=0dfb5b492dc86ce99bf7c61c734eb364afcdb5c8 ch=40 start_time=2025-09-25T16:52:48.398161+00:00 flow_cell_id=AWX817 basecall_gpu=NVIDIA_Tegra_X2 protocol_group_id=ONT_trialEb_250925 sample_id=ONT_trail_250925 barcode=barcode24 barcode_alias=barcode24 parent_read_id=88b29ba6-613a-4a3f-a936-d57ff2e196b1 basecall_model_version_id=dna_r10.4.1_e8.2_400bps_hac@v4.3.0 rc
0	a7828b8b-46d6-4e12-8dfe-fddb0d0085b9 runid=0dfb5b492dc86ce99bf7c61c734eb364afcdb5c8 ch=77 start_time=2025-09-25T19:22:52.398161+00:00 flow_cell_id=AWX817 basecall_gpu=NVIDIA_Tegra_X2 protocol_group_id=ONT_trialEb_250925 sample_id=ONT_trail_250925 barcode=barcode22 barcode_alias=barcode22 parent_read_id=a7828b8b-46d6-4e12-8dfe-fddb0d0085b9 basecall_model_version_id=dna_r10.4.1_e8.2_400bps_hac@v4.3.0
0	23df9016-aa93-4f69-8f00-ffe223705013 runid=0dfb5b492dc86ce99bf7c61c734eb364afcdb5c8 ch=77 start_time=2025-09-25T16:56:52.398161+00:00 flow_cell_id=AWX817 basecall_gpu=NVIDIA_Tegra_X2 protocol_group_id=ONT_trialEb_250925 sample_id=ONT_trail_250925 barcode=barcode15 barcode_alias=barcode15 parent_read_id=23df9016-aa93-4f69-8f00-ffe223705013 basecall_model_version_id=dna_r10.4.1_e8.2_400bps_hac@v4.3.0
0	b00b7156-a9bb-4018-9c77-3d6be90f7035 runid=0dfb5b492dc86ce99bf7c61c734eb364afcdb5c8 ch=44 start_time=2025-09-25T20:50:32.398161+00:00 flow_cell_id=AWX817 basecall_gpu=NVIDIA_Tegra_X2 protocol_group_id=ONT_trialEb_250925 sample_id=ONT_trail_250925 barcode=barcode14 barcode_alias=barcode14 parent_read_id=b00b7156-a9bb-4018-9c77-3d6be90f7035 basecall_model_version_id=dna_r10.4.1_e8.2_400bps_hac@v4.3.0
0	aa053b33-cbb8-44fc-86dd-3f251e64f156 runid=0dfb5b492dc86ce99bf7c61c734eb364afcdb5c8 ch=44 start_time=2025-09-25T16:23:05.398161+00:00 flow_cell_id=AWX817 basecall_gpu=NVIDIA_Tegra_X2 protocol_group_id=ONT_trialEb_250925 sample_id=ONT_trail_250925 barcode=barcode22 barcode_alias=barcode22 parent_read_id=aa053b33-cbb8-44fc-86dd-3f251e64f156 basecall_model_version_id=dna_r10.4.1_e8.2_400bps_hac@v4.3.0 rc
0	c27dc72f-5669-4a22-834e-e1ce705dcc98 runid=0dfb5b492dc86ce99bf7c61c734eb364afcdb5c8 ch=110 start_time=2025-09-25T17:45:19.398161+00:00 flow_cell_id=AWX817 basecall_gpu=NVIDIA_Tegra_X2 protocol_group_id=ONT_trialEb_250925 sample_id=ONT_trail_250925 barcode=barcode24 barcode_alias=barcode24 parent_read_id=c27dc72f-5669-4a22-834e-e1ce705dcc98 basecall_model_version_id=dna_r10.4.1_e8.2_400bps_hac@v4.3.0 rc
0	08025c94-ff25-4f6a-a72c-6bead635b07f runid=0dfb5b492dc86ce99bf7c61c734eb364afcdb5c8 ch=85 start_time=2025-09-25T22:58:24.398161+00:00 flow_cell_id=AWX817 basecall_gpu=NVIDIA_Tegra_X2 protocol_group_id=ONT_trialEb_250925 sample_id=ONT_trail_250925 barcode=barcode13 barcode_alias=barcode13 parent_read_id=08025c94-ff25-4f6a-a72c-6bead635b07f basecall_model_version_id=dna_r10.4.1_e8.2_400bps_hac@v4.3.0
0	6f8207a4-af81-49e3-ac2c-968688704ada runid=0dfb5b492dc86ce99bf7c61c734eb364afcdb5c8 ch=20 start_time=2025-09-26T02:51:01.398161+00:00 flow_cell_id=AWX817 basecall_gpu=NVIDIA_Tegra_X2 protocol_group_id=ONT_trialEb_250925 sample_id=ONT_trail_250925 barcode=barcode24 barcode_alias=barcode24 parent_read_id=6f8207a4-af81-49e3-ac2c-968688704ada basecall_model_version_id=dna_r10.4.1_e8.2_400bps_hac@v4.3.0
0	abed53d4-3606-4165-8007-15396edc245e runid=0dfb5b492dc86ce99bf7c61c734eb364afcdb5c8 ch=20 start_time=2025-09-26T03:04:40.398161+00:00 flow_cell_id=AWX817 basecall_gpu=NVIDIA_Tegra_X2 protocol_group_id=ONT_trialEb_250925 sample_id=ONT_trail_250925 barcode=barcode24 barcode_alias=barcode24 parent_read_id=abed53d4-3606-4165-8007-15396edc245e basecall_model_version_id=dna_r10.4.1_e8.2_400bps_hac@v4.3.0 rc
0	930dd65a-5d73-4640-828f-7c781f08f95e runid=0dfb5b492dc86ce99bf7c61c734eb364afcdb5c8 ch=94 start_time=2025-09-25T17:40:11.398161+00:00 flow_cell_id=AWX817 basecall_gpu=NVIDIA_Tegra_X2 protocol_group_id=ONT_trialEb_250925 sample_id=ONT_trail_250925 barcode=barcode13 barcode_alias=barcode13 parent_read_id=1627bdf6-8070-4d26-a2ff-a30e86a466c6 basecall_model_version_id=dna_r10.4.1_e8.2_400bps_hac@v4.3.0
0	a1aafcaf-3f4e-4162-8715-d858cd9297a9 runid=0dfb5b492dc86ce99bf7c61c734eb364afcdb5c8 ch=110 start_time=2025-09-25T21:50:31.398161+00:00 flow_cell_id=AWX817 basecall_gpu=NVIDIA_Tegra_X2 protocol_group_id=ONT_trialEb_250925 sample_id=ONT_trail_250925 barcode=barcode13 barcode_alias=barcode13 parent_read_id=a1aafcaf-3f4e-4162-8715-d858cd9297a9 basecall_model_version_id=dna_r10.4.1_e8.2_400bps_hac@v4.3.0
0	4dc0b6f9-790b-47c5-9e9f-4faa3a219986 runid=0dfb5b492dc86ce99bf7c61c734eb364afcdb5c8 ch=77 start_time=2025-09-25T20:12:22.398161+00:00 flow_cell_id=AWX817 basecall_gpu=NVIDIA_Tegra_X2 protocol_group_id=ONT_trialEb_250925 sample_id=ONT_trail_250925 barcode=barcode22 barcode_alias=barcode22 parent_read_id=4dc0b6f9-790b-47c5-9e9f-4faa3a219986 basecall_model_version_id=dna_r10.4.1_e8.2_400bps_hac@v4.3.0
0	4dc0b6f9-790b-47c5-9e9f-4faa3a219986 runid=0dfb5b492dc86ce99bf7c61c734eb364afcdb5c8 ch=77 start_time=2025-09-25T20:12:22.398161+00:00 flow_cell_id=AWX817 basecall_gpu=NVIDIA_Tegra_X2 protocol_group_id=ONT_trialEb_250925 sample_id=ONT_trail_250925 barcode=barcode22 barcode_alias=barcode22 parent_read_id=4dc0b6f9-790b-47c5-9e9f-4faa3a219986 basecall_model_version_id=dna_r10.4.1_e8.2_400bps_hac@v4.3.0
0	1b2375de-6147-4c40-abee-787068a04848 runid=0dfb5b492dc86ce99bf7c61c734eb364afcdb5c8 ch=42 start_time=2025-09-26T04:23:02.398161+00:00 flow_cell_id=AWX817 basecall_gpu=NVIDIA_Tegra_X2 protocol_group_id=ONT_trialEb_250925 sample_id=ONT_trail_250925 barcode=barcode14 barcode_alias=barcode14 parent_read_id=1b2375de-6147-4c40-abee-787068a04848 basecall_model_version_id=dna_r10.4.1_e8.2_400bps_hac@v4.3.0
0	783cd9f4-17f5-4d91-aba7-2a65c93dea7f runid=0dfb5b492dc86ce99bf7c61c734eb364afcdb5c8 ch=77 start_time=2025-09-26T01:15:54.398161+00:00 flow_cell_id=AWX817 basecall_gpu=NVIDIA_Tegra_X2 protocol_group_id=ONT_trialEb_250925 sample_id=ONT_trail_250925 barcode=barcode13 barcode_alias=barcode13 parent_read_id=783cd9f4-17f5-4d91-aba7-2a65c93dea7f basecall_model_version_id=dna_r10.4.1_e8.2_400bps_hac@v4.3.0 rc
0	b89f3b7f-3b44-4c86-90b3-a18f9f54e76e runid=0dfb5b492dc86ce99bf7c61c734eb364afcdb5c8 ch=39 start_time=2025-09-25T21:20:25.398161+00:00 flow_cell_id=AWX817 basecall_gpu=NVIDIA_Tegra_X2 protocol_group_id=ONT_trialEb_250925 sample_id=ONT_trail_250925 barcode=barcode22 barcode_alias=barcode22 parent_read_id=b89f3b7f-3b44-4c86-90b3-a18f9f54e76e basecall_model_version_id=dna_r10.4.1_e8.2_400bps_hac@v4.3.0
0	b89f3b7f-3b44-4c86-90b3-a18f9f54e76e runid=0dfb5b492dc86ce99bf7c61c734eb364afcdb5c8 ch=39 start_time=2025-09-25T21:20:25.398161+00:00 flow_cell_id=AWX817 basecall_gpu=NVIDIA_Tegra_X2 protocol_group_id=ONT_trialEb_250925 sample_id=ONT_trail_250925 barcode=barcode22 barcode_alias=barcode22 parent_read_id=b89f3b7f-3b44-4c86-90b3-a18f9f54e76e basecall_model_version_id=dna_r10.4.1_e8.2_400bps_hac@v4.3.0
0	1fee81a4-4189-4115-ac6d-e280937f46c9 runid=0dfb5b492dc86ce99bf7c61c734eb364afcdb5c8 ch=43 start_time=2025-09-25T16:56:45.398161+00:00 flow_cell_id=AWX817 basecall_gpu=NVIDIA_Tegra_X2 protocol_group_id=ONT_trialEb_250925 sample_id=ONT_trail_250925 barcode=barcode13 barcode_alias=barcode13 parent_read_id=1fee81a4-4189-4115-ac6d-e280937f46c9 basecall_model_version_id=dna_r10.4.1_e8.2_400bps_hac@v4.3.0 rc
0	8038443b-aa8b-489c-9d34-2c4bab6fbcfe runid=0dfb5b492dc86ce99bf7c61c734eb364afcdb5c8 ch=20 start_time=2025-09-25T18:47:59.398161+00:00 flow_cell_id=AWX817 basecall_gpu=NVIDIA_Tegra_X2 protocol_group_id=ONT_trialEb_250925 sample_id=ONT_trail_250925 barcode=barcode22 barcode_alias=barcode22 parent_read_id=8038443b-aa8b-489c-9d34-2c4bab6fbcfe basecall_model_version_id=dna_r10.4.1_e8.2_400bps_hac@v4.3.0
0	c4c44788-60c4-4c90-b085-885dc4431c37 runid=0dfb5b492dc86ce99bf7c61c734eb364afcdb5c8 ch=77 start_time=2025-09-26T00:07:45.398161+00:00 flow_cell_id=AWX817 basecall_gpu=NVIDIA_Tegra_X2 protocol_group_id=ONT_trialEb_250925 sample_id=ONT_trail_250925 barcode=barcode23 barcode_alias=barcode23 parent_read_id=510f44e6-4fb9-4764-a833-4acd67b98582 basecall_model_version_id=dna_r10.4.1_e8.2_400bps_hac@v4.3.0
0	10d791be-8ac5-4c12-9ba3-215f0a768ae8 runid=0dfb5b492dc86ce99bf7c61c734eb364afcdb5c8 ch=91 start_time=2025-09-25T18:35:49.398161+00:00 flow_cell_id=AWX817 basecall_gpu=NVIDIA_Tegra_X2 protocol_group_id=ONT_trialEb_250925 sample_id=ONT_trail_250925 barcode=barcode23 barcode_alias=barcode23 parent_read_id=10d791be-8ac5-4c12-9ba3-215f0a768ae8 basecall_model_version_id=dna_r10.4.1_e8.2_400bps_hac@v4.3.0 rc
0	116bf810-0dcf-446f-82c2-5a49e929d443 runid=0dfb5b492dc86ce99bf7c61c734eb364afcdb5c8 ch=44 start_time=2025-09-25T21:36:50.398161+00:00 flow_cell_id=AWX817 basecall_gpu=NVIDIA_Tegra_X2 protocol_group_id=ONT_trialEb_250925 sample_id=ONT_trail_250925 barcode=barcode22 barcode_alias=barcode22 parent_read_id=116bf810-0dcf-446f-82c2-5a49e929d443 basecall_model_version_id=dna_r10.4.1_e8.2_400bps_hac@v4.3.0 rc
0	ddd009b1-ebb0-4f05-9bfb-f25b9ea24c7e runid=0dfb5b492dc86ce99bf7c61c734eb364afcdb5c8 ch=110 start_time=2025-09-25T17:35:28.398161+00:00 flow_cell_id=AWX817 basecall_gpu=NVIDIA_Tegra_X2 protocol_group_id=ONT_trialEb_250925 sample_id=ONT_trail_250925 barcode=barcode14 barcode_alias=barcode14 parent_read_id=ddd009b1-ebb0-4f05-9bfb-f25b9ea24c7e basecall_model_version_id=dna_r10.4.1_e8.2_400bps_hac@v4.3.0 rc
0	c7f4c353-0c8c-4060-ace8-87b9f8c88db2 runid=0dfb5b492dc86ce99bf7c61c734eb364afcdb5c8 ch=10 start_time=2025-09-25T18:42:24.398161+00:00 flow_cell_id=AWX817 basecall_gpu=NVIDIA_Tegra_X2 protocol_group_id=ONT_trialEb_250925 sample_id=ONT_trail_250925 barcode=barcode22 barcode_alias=barcode22 parent_read_id=c7f4c353-0c8c-4060-ace8-87b9f8c88db2 basecall_model_version_id=dna_r10.4.1_e8.2_400bps_hac@v4.3.0
0	5ba4cc0f-de4d-4e32-a25c-848d7de59366 runid=0dfb5b492dc86ce99bf7c61c734eb364afcdb5c8 ch=77 start_time=2025-09-25T20:21:38.398161+00:00 flow_cell_id=AWX817 basecall_gpu=NVIDIA_Tegra_X2 protocol_group_id=ONT_trialEb_250925 sample_id=ONT_trail_250925 barcode=barcode22 barcode_alias=barcode22 parent_read_id=5ba4cc0f-de4d-4e32-a25c-848d7de59366 basecall_model_version_id=dna_r10.4.1_e8.2_400bps_hac@v4.3.0
0	b80d1777-9899-4885-9a01-8bb99e75bcec runid=0dfb5b492dc86ce99bf7c61c734eb364afcdb5c8 ch=4 start_time=2025-09-25T23:22:35.398161+00:00 flow_cell_id=AWX817 basecall_gpu=NVIDIA_Tegra_X2 protocol_group_id=ONT_trialEb_250925 sample_id=ONT_trail_250925 barcode=barcode22 barcode_alias=barcode22 parent_read_id=b80d1777-9899-4885-9a01-8bb99e75bcec basecall_model_version_id=dna_r10.4.1_e8.2_400bps_hac@v4.3.0
0	fe74c814-e792-449e-a80b-24274c8a1318 runid=0dfb5b492dc86ce99bf7c61c734eb364afcdb5c8 ch=5 start_time=2025-09-25T23:20:17.398161+00:00 flow_cell_id=AWX817 basecall_gpu=NVIDIA_Tegra_X2 protocol_group_id=ONT_trialEb_250925 sample_id=ONT_trail_250925 barcode=barcode23 barcode_alias=barcode23 parent_read_id=fe74c814-e792-449e-a80b-24274c8a1318 basecall_model_version_id=dna_r10.4.1_e8.2_400bps_hac@v4.3.0
0	f5e8a7bc-b42b-4298-b4eb-48a9716a50b1 runid=0dfb5b492dc86ce99bf7c61c734eb364afcdb5c8 ch=85 start_time=2025-09-26T00:34:24.398161+00:00 flow_cell_id=AWX817 basecall_gpu=NVIDIA_Tegra_X2 protocol_group_id=ONT_trialEb_250925 sample_id=ONT_trail_250925 barcode=barcode24 barcode_alias=barcode24 parent_read_id=f5e8a7bc-b42b-4298-b4eb-48a9716a50b1 basecall_model_version_id=dna_r10.4.1_e8.2_400bps_hac@v4.3.0 rc
0	9de19e2b-339f-4fc7-b7cb-fb49ec657b4a runid=0dfb5b492dc86ce99bf7c61c734eb364afcdb5c8 ch=73 start_time=2025-09-25T20:52:17.398161+00:00 flow_cell_id=AWX817 basecall_gpu=NVIDIA_Tegra_X2 protocol_group_id=ONT_trialEb_250925 sample_id=ONT_trail_250925 barcode=barcode24 barcode_alias=barcode24 parent_read_id=9de19e2b-339f-4fc7-b7cb-fb49ec657b4a basecall_model_version_id=dna_r10.4.1_e8.2_400bps_hac@v4.3.0
0	ec496a4b-0346-485f-a4ba-8f33f36cffa4 runid=0dfb5b492dc86ce99bf7c61c734eb364afcdb5c8 ch=4 start_time=2025-09-26T00:15:02.398161+00:00 flow_cell_id=AWX817 basecall_gpu=NVIDIA_Tegra_X2 protocol_group_id=ONT_trialEb_250925 sample_id=ONT_trail_250925 barcode=barcode22 barcode_alias=barcode22 parent_read_id=ec496a4b-0346-485f-a4ba-8f33f36cffa4 basecall_model_version_id=dna_r10.4.1_e8.2_400bps_hac@v4.3.0 rc
0	ca97b6d0-3250-43d6-9141-af2c7a51963e runid=0dfb5b492dc86ce99bf7c61c734eb364afcdb5c8 ch=110 start_time=2025-09-25T16:50:26.398161+00:00 flow_cell_id=AWX817 basecall_gpu=NVIDIA_Tegra_X2 protocol_group_id=ONT_trialEb_250925 sample_id=ONT_trail_250925 barcode=barcode14 barcode_alias=barcode14 parent_read_id=ca97b6d0-3250-43d6-9141-af2c7a51963e basecall_model_version_id=dna_r10.4.1_e8.2_400bps_hac@v4.3.0 rc
0	29932fee-6567-4f8a-b896-1092db30a5fd runid=0dfb5b492dc86ce99bf7c61c734eb364afcdb5c8 ch=110 start_time=2025-09-25T16:39:47.398161+00:00 flow_cell_id=AWX817 basecall_gpu=NVIDIA_Tegra_X2 protocol_group_id=ONT_trialEb_250925 sample_id=ONT_trail_250925 barcode=barcode22 barcode_alias=barcode22 parent_read_id=29932fee-6567-4f8a-b896-1092db30a5fd basecall_model_version_id=dna_r10.4.1_e8.2_400bps_hac@v4.3.0 rc
0	8418813f-cbd7-41a2-b629-c2582ef3262c runid=0dfb5b492dc86ce99bf7c61c734eb364afcdb5c8 ch=110 start_time=2025-09-25T17:49:40.398161+00:00 flow_cell_id=AWX817 basecall_gpu=NVIDIA_Tegra_X2 protocol_group_id=ONT_trialEb_250925 sample_id=ONT_trail_250925 barcode=barcode13 barcode_alias=barcode13 parent_read_id=8418813f-cbd7-41a2-b629-c2582ef3262c basecall_model_version_id=dna_r10.4.1_e8.2_400bps_hac@v4.3.0 rc
0	f968911c-7c8c-4d82-9147-f22b65ec6fa0 runid=0dfb5b492dc86ce99bf7c61c734eb364afcdb5c8 ch=39 start_time=2025-09-25T21:44:13.398161+00:00 flow_cell_id=AWX817 basecall_gpu=NVIDIA_Tegra_X2 protocol_group_id=ONT_trialEb_250925 sample_id=ONT_trail_250925 barcode=barcode22 barcode_alias=barcode22 parent_read_id=f968911c-7c8c-4d82-9147-f22b65ec6fa0 basecall_model_version_id=dna_r10.4.1_e8.2_400bps_hac@v4.3.0 rc
0	decef4aa-2627-4822-8e0f-b472722bf840 runid=0dfb5b492dc86ce99bf7c61c734eb364afcdb5c8 ch=20 start_time=2025-09-25T18:32:06.398161+00:00 flow_cell_id=AWX817 basecall_gpu=NVIDIA_Tegra_X2 protocol_group_id=ONT_trialEb_250925 sample_id=ONT_trail_250925 barcode=barcode15 barcode_alias=barcode15 parent_read_id=decef4aa-2627-4822-8e0f-b472722bf840 basecall_model_version_id=dna_r10.4.1_e8.2_400bps_hac@v4.3.0
0	ae596c41-25a1-4dd5-af0e-ae6633aae7c5 runid=0dfb5b492dc86ce99bf7c61c734eb364afcdb5c8 ch=80 start_time=2025-09-25T18:30:35.398161+00:00 flow_cell_id=AWX817 basecall_gpu=NVIDIA_Tegra_X2 protocol_group_id=ONT_trialEb_250925 sample_id=ONT_trail_250925 barcode=barcode22 barcode_alias=barcode22 parent_read_id=ae596c41-25a1-4dd5-af0e-ae6633aae7c5 basecall_model_version_id=dna_r10.4.1_e8.2_400bps_hac@v4.3.0 rc
0	8809d6c5-b5b7-4967-bbac-8c7224916561 runid=0dfb5b492dc86ce99bf7c61c734eb364afcdb5c8 ch=20 start_time=2025-09-25T16:47:22.398161+00:00 flow_cell_id=AWX817 basecall_gpu=NVIDIA_Tegra_X2 protocol_group_id=ONT_trialEb_250925 sample_id=ONT_trail_250925 barcode=barcode23 barcode_alias=barcode23 parent_read_id=8809d6c5-b5b7-4967-bbac-8c7224916561 basecall_model_version_id=dna_r10.4.1_e8.2_400bps_hac@v4.3.0 rc
0	337275ae-8cce-43b6-b8b5-8f8a99e1178b runid=0dfb5b492dc86ce99bf7c61c734eb364afcdb5c8 ch=80 start_time=2025-09-25T21:25:44.398161+00:00 flow_cell_id=AWX817 basecall_gpu=NVIDIA_Tegra_X2 protocol_group_id=ONT_trialEb_250925 sample_id=ONT_trail_250925 barcode=barcode15 barcode_alias=barcode15 parent_read_id=337275ae-8cce-43b6-b8b5-8f8a99e1178b basecall_model_version_id=dna_r10.4.1_e8.2_400bps_hac@v4.3.0 rc
0	412c6b8f-5a95-4c97-83c8-c4bc246c301f runid=0dfb5b492dc86ce99bf7c61c734eb364afcdb5c8 ch=20 start_time=2025-09-26T00:16:41.398161+00:00 flow_cell_id=AWX817 basecall_gpu=NVIDIA_Tegra_X2 protocol_group_id=ONT_trialEb_250925 sample_id=ONT_trail_250925 barcode=barcode24 barcode_alias=barcode24 parent_read_id=412c6b8f-5a95-4c97-83c8-c4bc246c301f basecall_model_version_id=dna_r10.4.1_e8.2_400bps_hac@v4.3.0
0	15f126b9-d30f-4873-a3e4-9b8379fc9b29 runid=0dfb5b492dc86ce99bf7c61c734eb364afcdb5c8 ch=118 start_time=2025-09-25T16:00:49.398161+00:00 flow_cell_id=AWX817 basecall_gpu=NVIDIA_Tegra_X2 protocol_group_id=ONT_trialEb_250925 sample_id=ONT_trail_250925 barcode=barcode22 barcode_alias=barcode22 parent_read_id=15f126b9-d30f-4873-a3e4-9b8379fc9b29 basecall_model_version_id=dna_r10.4.1_e8.2_400bps_hac@v4.3.0
0	978673db-f3e2-4e84-82ca-70b62895af1c runid=0dfb5b492dc86ce99bf7c61c734eb364afcdb5c8 ch=20 start_time=2025-09-26T07:53:45.398161+00:00 flow_cell_id=AWX817 basecall_gpu=NVIDIA_Tegra_X2 protocol_group_id=ONT_trialEb_250925 sample_id=ONT_trail_250925 barcode=barcode13 barcode_alias=barcode13 parent_read_id=978673db-f3e2-4e84-82ca-70b62895af1c basecall_model_version_id=dna_r10.4.1_e8.2_400bps_hac@v4.3.0 rc
0	3fe6d225-858a-4cc5-940d-6ac0c4c30a8e runid=0dfb5b492dc86ce99bf7c61c734eb364afcdb5c8 ch=79 start_time=2025-09-25T20:59:59.398161+00:00 flow_cell_id=AWX817 basecall_gpu=NVIDIA_Tegra_X2 protocol_group_id=ONT_trialEb_250925 sample_id=ONT_trail_250925 barcode=barcode22 barcode_alias=barcode22 parent_read_id=3fe6d225-858a-4cc5-940d-6ac0c4c30a8e basecall_model_version_id=dna_r10.4.1_e8.2_400bps_hac@v4.3.0
0	84b42571-a9f4-4838-94ff-ec37fa183e8f runid=0dfb5b492dc86ce99bf7c61c734eb364afcdb5c8 ch=40 start_time=2025-09-25T19:50:14.398161+00:00 flow_cell_id=AWX817 basecall_gpu=NVIDIA_Tegra_X2 protocol_group_id=ONT_trialEb_250925 sample_id=ONT_trail_250925 barcode=barcode23 barcode_alias=barcode23 parent_read_id=f0d5b1e7-0bd7-40d1-a60b-da42d11d2721 basecall_model_version_id=dna_r10.4.1_e8.2_400bps_hac@v4.3.0 rc
0	aa96c720-a65b-43ee-b103-1c90b8a25f6b runid=0dfb5b492dc86ce99bf7c61c734eb364afcdb5c8 ch=110 start_time=2025-09-25T19:14:28.398161+00:00 flow_cell_id=AWX817 basecall_gpu=NVIDIA_Tegra_X2 protocol_group_id=ONT_trialEb_250925 sample_id=ONT_trail_250925 barcode=barcode23 barcode_alias=barcode23 parent_read_id=aa96c720-a65b-43ee-b103-1c90b8a25f6b basecall_model_version_id=dna_r10.4.1_e8.2_400bps_hac@v4.3.0
0	c1029311-9ce3-474b-9575-5f501736a7e2 runid=0dfb5b492dc86ce99bf7c61c734eb364afcdb5c8 ch=20 start_time=2025-09-26T07:48:36.398161+00:00 flow_cell_id=AWX817 basecall_gpu=NVIDIA_Tegra_X2 protocol_group_id=ONT_trialEb_250925 sample_id=ONT_trail_250925 barcode=barcode15 barcode_alias=barcode15 parent_read_id=c1029311-9ce3-474b-9575-5f501736a7e2 basecall_model_version_id=dna_r10.4.1_e8.2_400bps_hac@v4.3.0
0	8d788f58-ed1f-40f5-b97c-90c01c47c413 runid=0dfb5b492dc86ce99bf7c61c734eb364afcdb5c8 ch=20 start_time=2025-09-26T04:55:31.398161+00:00 flow_cell_id=AWX817 basecall_gpu=NVIDIA_Tegra_X2 protocol_group_id=ONT_trialEb_250925 sample_id=ONT_trail_250925 barcode=barcode24 barcode_alias=barcode24 parent_read_id=8d788f58-ed1f-40f5-b97c-90c01c47c413 basecall_model_version_id=dna_r10.4.1_e8.2_400bps_hac@v4.3.0
0	d3f43507-9b9b-41dc-aebc-cad76b1963f1 runid=0dfb5b492dc86ce99bf7c61c734eb364afcdb5c8 ch=20 start_time=2025-09-26T03:21:01.398161+00:00 flow_cell_id=AWX817 basecall_gpu=NVIDIA_Tegra_X2 protocol_group_id=ONT_trialEb_250925 sample_id=ONT_trail_250925 barcode=barcode24 barcode_alias=barcode24 parent_read_id=d3f43507-9b9b-41dc-aebc-cad76b1963f1 basecall_model_version_id=dna_r10.4.1_e8.2_400bps_hac@v4.3.0 rc
0	0fb97a1d-2f9b-4873-ae17-f89e9c772c14 runid=0dfb5b492dc86ce99bf7c61c734eb364afcdb5c8 ch=90 start_time=2025-09-25T20:16:20.398161+00:00 flow_cell_id=AWX817 basecall_gpu=NVIDIA_Tegra_X2 protocol_group_id=ONT_trialEb_250925 sample_id=ONT_trail_250925 barcode=barcode14 barcode_alias=barcode14 parent_read_id=0fb97a1d-2f9b-4873-ae17-f89e9c772c14 basecall_model_version_id=dna_r10.4.1_e8.2_400bps_hac@v4.3.0
0	9495ac1a-c812-4831-87a5-8d80da623d54 runid=0dfb5b492dc86ce99bf7c61c734eb364afcdb5c8 ch=44 start_time=2025-09-26T01:56:19.398161+00:00 flow_cell_id=AWX817 basecall_gpu=NVIDIA_Tegra_X2 protocol_group_id=ONT_trialEb_250925 sample_id=ONT_trail_250925 barcode=barcode24 barcode_alias=barcode24 parent_read_id=9495ac1a-c812-4831-87a5-8d80da623d54 basecall_model_version_id=dna_r10.4.1_e8.2_400bps_hac@v4.3.0
0	4636bb74-df38-4f6d-bf80-550d5bebf698 runid=0dfb5b492dc86ce99bf7c61c734eb364afcdb5c8 ch=10 start_time=2025-09-26T02:30:09.398161+00:00 flow_cell_id=AWX817 basecall_gpu=NVIDIA_Tegra_X2 protocol_group_id=ONT_trialEb_250925 sample_id=ONT_trail_250925 barcode=barcode13 barcode_alias=barcode13 parent_read_id=4636bb74-df38-4f6d-bf80-550d5bebf698 basecall_model_version_id=dna_r10.4.1_e8.2_400bps_hac@v4.3.0
0	9ed725f1-ae31-4c5a-a46f-3b2c78ef54c1 runid=0dfb5b492dc86ce99bf7c61c734eb364afcdb5c8 ch=44 start_time=2025-09-26T05:36:38.398161+00:00 flow_cell_id=AWX817 basecall_gpu=NVIDIA_Tegra_X2 protocol_group_id=ONT_trialEb_250925 sample_id=ONT_trail_250925 barcode=barcode24 barcode_alias=barcode24 parent_read_id=9ed725f1-ae31-4c5a-a46f-3b2c78ef54c1 basecall_model_version_id=dna_r10.4.1_e8.2_400bps_hac@v4.3.0 rc
0	874c6560-36d4-407e-8a73-6c909e2b0ce3 runid=0dfb5b492dc86ce99bf7c61c734eb364afcdb5c8 ch=20 start_time=2025-09-26T00:43:34.398161+00:00 flow_cell_id=AWX817 basecall_gpu=NVIDIA_Tegra_X2 protocol_group_id=ONT_trialEb_250925 sample_id=ONT_trail_250925 barcode=barcode24 barcode_alias=barcode24 parent_read_id=874c6560-36d4-407e-8a73-6c909e2b0ce3 basecall_model_version_id=dna_r10.4.1_e8.2_400bps_hac@v4.3.0 rc
0	76b9e131-ac88-423e-948f-bee3a757a853 runid=0dfb5b492dc86ce99bf7c61c734eb364afcdb5c8 ch=44 start_time=2025-09-26T03:57:49.398161+00:00 flow_cell_id=AWX817 basecall_gpu=NVIDIA_Tegra_X2 protocol_group_id=ONT_trialEb_250925 sample_id=ONT_trail_250925 barcode=barcode23 barcode_alias=barcode23 parent_read_id=76b9e131-ac88-423e-948f-bee3a757a853 basecall_model_version_id=dna_r10.4.1_e8.2_400bps_hac@v4.3.0
0	46d20fc0-c266-4fe2-be3e-1e907be3ade0 runid=0dfb5b492dc86ce99bf7c61c734eb364afcdb5c8 ch=39 start_time=2025-09-26T12:23:21.398161+00:00 flow_cell_id=AWX817 basecall_gpu=NVIDIA_Tegra_X2 protocol_group_id=ONT_trialEb_250925 sample_id=ONT_trail_250925 barcode=barcode22 barcode_alias=barcode22 parent_read_id=46d20fc0-c266-4fe2-be3e-1e907be3ade0 basecall_model_version_id=dna_r10.4.1_e8.2_400bps_hac@v4.3.0
0	7d852f85-6fbc-4d30-b112-f731a734c2cb runid=0dfb5b492dc86ce99bf7c61c734eb364afcdb5c8 ch=39 start_time=2025-09-25T19:25:56.398161+00:00 flow_cell_id=AWX817 basecall_gpu=NVIDIA_Tegra_X2 protocol_group_id=ONT_trialEb_250925 sample_id=ONT_trail_250925 barcode=barcode15 barcode_alias=barcode15 parent_read_id=7d852f85-6fbc-4d30-b112-f731a734c2cb basecall_model_version_id=dna_r10.4.1_e8.2_400bps_hac@v4.3.0 rc
0	b5562d4b-3841-4531-893a-c3007eab6772 runid=0dfb5b492dc86ce99bf7c61c734eb364afcdb5c8 ch=91 start_time=2025-09-25T18:15:14.398161+00:00 flow_cell_id=AWX817 basecall_gpu=NVIDIA_Tegra_X2 protocol_group_id=ONT_trialEb_250925 sample_id=ONT_trail_250925 barcode=barcode13 barcode_alias=barcode13 parent_read_id=b5562d4b-3841-4531-893a-c3007eab6772 basecall_model_version_id=dna_r10.4.1_e8.2_400bps_hac@v4.3.0 rc
0	2eee5c22-8c75-40e0-8b5e-c0aa4c780b36 runid=0dfb5b492dc86ce99bf7c61c734eb364afcdb5c8 ch=40 start_time=2025-09-25T17:59:17.398161+00:00 flow_cell_id=AWX817 basecall_gpu=NVIDIA_Tegra_X2 protocol_group_id=ONT_trialEb_250925 sample_id=ONT_trail_250925 barcode=barcode15 barcode_alias=barcode15 parent_read_id=2eee5c22-8c75-40e0-8b5e-c0aa4c780b36 basecall_model_version_id=dna_r10.4.1_e8.2_400bps_hac@v4.3.0 rc
0	8fd00463-0539-4bd3-8df6-3a85a2a5b1d3 runid=0dfb5b492dc86ce99bf7c61c734eb364afcdb5c8 ch=79 start_time=2025-09-26T00:25:25.398161+00:00 flow_cell_id=AWX817 basecall_gpu=NVIDIA_Tegra_X2 protocol_group_id=ONT_trialEb_250925 sample_id=ONT_trail_250925 barcode=barcode23 barcode_alias=barcode23 parent_read_id=8fd00463-0539-4bd3-8df6-3a85a2a5b1d3 basecall_model_version_id=dna_r10.4.1_e8.2_400bps_hac@v4.3.0 rc
0	a0d49994-9550-4d7c-a85f-d64b88585237 runid=0dfb5b492dc86ce99bf7c61c734eb364afcdb5c8 ch=4 start_time=2025-09-26T07:38:18.398161+00:00 flow_cell_id=AWX817 basecall_gpu=NVIDIA_Tegra_X2 protocol_group_id=ONT_trialEb_250925 sample_id=ONT_trail_250925 barcode=barcode15 barcode_alias=barcode15 parent_read_id=a0d49994-9550-4d7c-a85f-d64b88585237 basecall_model_version_id=dna_r10.4.1_e8.2_400bps_hac@v4.3.0
0	d26bf3e7-e431-4bcc-a2c2-cc8b80eb6538 runid=0dfb5b492dc86ce99bf7c61c734eb364afcdb5c8 ch=20 start_time=2025-09-25T22:21:19.398161+00:00 flow_cell_id=AWX817 basecall_gpu=NVIDIA_Tegra_X2 protocol_group_id=ONT_trialEb_250925 sample_id=ONT_trail_250925 barcode=barcode13 barcode_alias=barcode13 parent_read_id=d26bf3e7-e431-4bcc-a2c2-cc8b80eb6538 basecall_model_version_id=dna_r10.4.1_e8.2_400bps_hac@v4.3.0 rc
0	d6fe522f-6009-4f18-bc73-e63495088134 runid=0dfb5b492dc86ce99bf7c61c734eb364afcdb5c8 ch=39 start_time=2025-09-25T21:19:54.398161+00:00 flow_cell_id=AWX817 basecall_gpu=NVIDIA_Tegra_X2 protocol_group_id=ONT_trialEb_250925 sample_id=ONT_trail_250925 barcode=barcode13 barcode_alias=barcode13 parent_read_id=d6fe522f-6009-4f18-bc73-e63495088134 basecall_model_version_id=dna_r10.4.1_e8.2_400bps_hac@v4.3.0 rc
0	91712ab5-f08e-497f-9de9-4b708c03f1ce runid=0dfb5b492dc86ce99bf7c61c734eb364afcdb5c8 ch=39 start_time=2025-09-25T18:31:45.398161+00:00 flow_cell_id=AWX817 basecall_gpu=NVIDIA_Tegra_X2 protocol_group_id=ONT_trialEb_250925 sample_id=ONT_trail_250925 barcode=barcode13 barcode_alias=barcode13 parent_read_id=91712ab5-f08e-497f-9de9-4b708c03f1ce basecall_model_version_id=dna_r10.4.1_e8.2_400bps_hac@v4.3.0 rc
0	4454f0f7-04c3-4a7d-996f-302ef4c02e2e runid=0dfb5b492dc86ce99bf7c61c734eb364afcdb5c8 ch=5 start_time=2025-09-25T20:53:57.398161+00:00 flow_cell_id=AWX817 basecall_gpu=NVIDIA_Tegra_X2 protocol_group_id=ONT_trialEb_250925 sample_id=ONT_trail_250925 barcode=barcode24 barcode_alias=barcode24 parent_read_id=4454f0f7-04c3-4a7d-996f-302ef4c02e2e basecall_model_version_id=dna_r10.4.1_e8.2_400bps_hac@v4.3.0
0	13bd606d-db65-41e9-a1d1-9855ba8d85a2 runid=0dfb5b492dc86ce99bf7c61c734eb364afcdb5c8 ch=20 start_time=2025-09-25T17:56:07.398161+00:00 flow_cell_id=AWX817 basecall_gpu=NVIDIA_Tegra_X2 protocol_group_id=ONT_trialEb_250925 sample_id=ONT_trail_250925 barcode=barcode22 barcode_alias=barcode22 parent_read_id=13bd606d-db65-41e9-a1d1-9855ba8d85a2 basecall_model_version_id=dna_r10.4.1_e8.2_400bps_hac@v4.3.0
0	5a3286c3-d38e-4013-a06e-a943a9dae7d0 runid=0dfb5b492dc86ce99bf7c61c734eb364afcdb5c8 ch=41 start_time=2025-09-25T21:20:37.398161+00:00 flow_cell_id=AWX817 basecall_gpu=NVIDIA_Tegra_X2 protocol_group_id=ONT_trialEb_250925 sample_id=ONT_trail_250925 barcode=barcode23 barcode_alias=barcode23 parent_read_id=5a3286c3-d38e-4013-a06e-a943a9dae7d0 basecall_model_version_id=dna_r10.4.1_e8.2_400bps_hac@v4.3.0
0	7f7bfcbb-f985-459d-9bb8-9a3ae8ff24dc runid=0dfb5b492dc86ce99bf7c61c734eb364afcdb5c8 ch=49 start_time=2025-09-26T11:48:28.398161+00:00 flow_cell_id=AWX817 basecall_gpu=NVIDIA_Tegra_X2 protocol_group_id=ONT_trialEb_250925 sample_id=ONT_trail_250925 barcode=barcode24 barcode_alias=barcode24 parent_read_id=7f7bfcbb-f985-459d-9bb8-9a3ae8ff24dc basecall_model_version_id=dna_r10.4.1_e8.2_400bps_hac@v4.3.0 rc
0	6d40e100-1273-4583-9279-b9f28eb586e5 runid=0dfb5b492dc86ce99bf7c61c734eb364afcdb5c8 ch=94 start_time=2025-09-25T17:51:03.398161+00:00 flow_cell_id=AWX817 basecall_gpu=NVIDIA_Tegra_X2 protocol_group_id=ONT_trialEb_250925 sample_id=ONT_trail_250925 barcode=barcode13 barcode_alias=barcode13 parent_read_id=6d40e100-1273-4583-9279-b9f28eb586e5 basecall_model_version_id=dna_r10.4.1_e8.2_400bps_hac@v4.3.0
0	d1abb8f4-2b36-4241-8bd4-33a0d3d29dc2 runid=0dfb5b492dc86ce99bf7c61c734eb364afcdb5c8 ch=6 start_time=2025-09-25T16:58:36.398161+00:00 flow_cell_id=AWX817 basecall_gpu=NVIDIA_Tegra_X2 protocol_group_id=ONT_trialEb_250925 sample_id=ONT_trail_250925 barcode=barcode13 barcode_alias=barcode13 parent_read_id=d1abb8f4-2b36-4241-8bd4-33a0d3d29dc2 basecall_model_version_id=dna_r10.4.1_e8.2_400bps_hac@v4.3.0 rc
0	3f55c236-eb1a-42e0-ab41-40328a045a46 runid=0dfb5b492dc86ce99bf7c61c734eb364afcdb5c8 ch=4 start_time=2025-09-26T02:01:22.398161+00:00 flow_cell_id=AWX817 basecall_gpu=NVIDIA_Tegra_X2 protocol_group_id=ONT_trialEb_250925 sample_id=ONT_trail_250925 barcode=barcode22 barcode_alias=barcode22 parent_read_id=3f55c236-eb1a-42e0-ab41-40328a045a46 basecall_model_version_id=dna_r10.4.1_e8.2_400bps_hac@v4.3.0 rc
0	4c845c53-4c32-40c0-b9a3-ff63bb38aaac runid=0dfb5b492dc86ce99bf7c61c734eb364afcdb5c8 ch=91 start_time=2025-09-25T17:36:26.398161+00:00 flow_cell_id=AWX817 basecall_gpu=NVIDIA_Tegra_X2 protocol_group_id=ONT_trialEb_250925 sample_id=ONT_trail_250925 barcode=barcode14 barcode_alias=barcode14 parent_read_id=4c845c53-4c32-40c0-b9a3-ff63bb38aaac basecall_model_version_id=dna_r10.4.1_e8.2_400bps_hac@v4.3.0
0	567fbe4a-dd8a-4ea6-be89-e32c2b6a1abd runid=0dfb5b492dc86ce99bf7c61c734eb364afcdb5c8 ch=77 start_time=2025-09-25T23:05:02.398161+00:00 flow_cell_id=AWX817 basecall_gpu=NVIDIA_Tegra_X2 protocol_group_id=ONT_trialEb_250925 sample_id=ONT_trail_250925 barcode=barcode13 barcode_alias=barcode13 parent_read_id=567fbe4a-dd8a-4ea6-be89-e32c2b6a1abd basecall_model_version_id=dna_r10.4.1_e8.2_400bps_hac@v4.3.0 rc
0	e3c04a73-37d5-4b9f-9308-79c69eedf0fd runid=0dfb5b492dc86ce99bf7c61c734eb364afcdb5c8 ch=73 start_time=2025-09-25T18:48:50.398161+00:00 flow_cell_id=AWX817 basecall_gpu=NVIDIA_Tegra_X2 protocol_group_id=ONT_trialEb_250925 sample_id=ONT_trail_250925 barcode=barcode15 barcode_alias=barcode15 parent_read_id=e3c04a73-37d5-4b9f-9308-79c69eedf0fd basecall_model_version_id=dna_r10.4.1_e8.2_400bps_hac@v4.3.0 rc
0	81741074-deef-4678-8a08-9d6012771bbc runid=0dfb5b492dc86ce99bf7c61c734eb364afcdb5c8 ch=41 start_time=2025-09-25T19:29:58.398161+00:00 flow_cell_id=AWX817 basecall_gpu=NVIDIA_Tegra_X2 protocol_group_id=ONT_trialEb_250925 sample_id=ONT_trail_250925 barcode=barcode22 barcode_alias=barcode22 parent_read_id=81741074-deef-4678-8a08-9d6012771bbc basecall_model_version_id=dna_r10.4.1_e8.2_400bps_hac@v4.3.0 rc
0	6eb6105d-1ae4-4b46-955e-295d780ca231 runid=0dfb5b492dc86ce99bf7c61c734eb364afcdb5c8 ch=90 start_time=2025-09-25T20:28:47.398161+00:00 flow_cell_id=AWX817 basecall_gpu=NVIDIA_Tegra_X2 protocol_group_id=ONT_trialEb_250925 sample_id=ONT_trail_250925 barcode=barcode14 barcode_alias=barcode14 parent_read_id=6eb6105d-1ae4-4b46-955e-295d780ca231 basecall_model_version_id=dna_r10.4.1_e8.2_400bps_hac@v4.3.0
0	6eb6105d-1ae4-4b46-955e-295d780ca231 runid=0dfb5b492dc86ce99bf7c61c734eb364afcdb5c8 ch=90 start_time=2025-09-25T20:28:47.398161+00:00 flow_cell_id=AWX817 basecall_gpu=NVIDIA_Tegra_X2 protocol_group_id=ONT_trialEb_250925 sample_id=ONT_trail_250925 barcode=barcode14 barcode_alias=barcode14 parent_read_id=6eb6105d-1ae4-4b46-955e-295d780ca231 basecall_model_version_id=dna_r10.4.1_e8.2_400bps_hac@v4.3.0
0	10e2b17c-32b2-4bd7-a586-fe890b6ff1a2 runid=0dfb5b492dc86ce99bf7c61c734eb364afcdb5c8 ch=49 start_time=2025-09-26T09:53:50.398161+00:00 flow_cell_id=AWX817 basecall_gpu=NVIDIA_Tegra_X2 protocol_group_id=ONT_trialEb_250925 sample_id=ONT_trail_250925 barcode=barcode22 barcode_alias=barcode22 parent_read_id=10e2b17c-32b2-4bd7-a586-fe890b6ff1a2 basecall_model_version_id=dna_r10.4.1_e8.2_400bps_hac@v4.3.0
0	0f9075ef-391a-4ca3-9aee-1128857de98b runid=0dfb5b492dc86ce99bf7c61c734eb364afcdb5c8 ch=93 start_time=2025-09-25T17:37:56.398161+00:00 flow_cell_id=AWX817 basecall_gpu=NVIDIA_Tegra_X2 protocol_group_id=ONT_trialEb_250925 sample_id=ONT_trail_250925 barcode=barcode22 barcode_alias=barcode22 parent_read_id=0f9075ef-391a-4ca3-9aee-1128857de98b basecall_model_version_id=dna_r10.4.1_e8.2_400bps_hac@v4.3.0
0	e8d1dcf2-62f5-44c8-96bf-f0afe9347a50 runid=0dfb5b492dc86ce99bf7c61c734eb364afcdb5c8 ch=20 start_time=2025-09-26T06:36:53.398161+00:00 flow_cell_id=AWX817 basecall_gpu=NVIDIA_Tegra_X2 protocol_group_id=ONT_trialEb_250925 sample_id=ONT_trail_250925 barcode=barcode13 barcode_alias=barcode13 parent_read_id=e8d1dcf2-62f5-44c8-96bf-f0afe9347a50 basecall_model_version_id=dna_r10.4.1_e8.2_400bps_hac@v4.3.0
0	7c42db9e-de39-4685-9f37-b10f789e0471 runid=0dfb5b492dc86ce99bf7c61c734eb364afcdb5c8 ch=92 start_time=2025-09-25T21:20:17.398161+00:00 flow_cell_id=AWX817 basecall_gpu=NVIDIA_Tegra_X2 protocol_group_id=ONT_trialEb_250925 sample_id=ONT_trail_250925 barcode=barcode13 barcode_alias=barcode13 parent_read_id=7c42db9e-de39-4685-9f37-b10f789e0471 basecall_model_version_id=dna_r10.4.1_e8.2_400bps_hac@v4.3.0 rc
0	08e32f61-ab30-432f-a0a6-edace97e32a6 runid=0dfb5b492dc86ce99bf7c61c734eb364afcdb5c8 ch=85 start_time=2025-09-25T17:21:55.398161+00:00 flow_cell_id=AWX817 basecall_gpu=NVIDIA_Tegra_X2 protocol_group_id=ONT_trialEb_250925 sample_id=ONT_trail_250925 barcode=barcode22 barcode_alias=barcode22 parent_read_id=08e32f61-ab30-432f-a0a6-edace97e32a6 basecall_model_version_id=dna_r10.4.1_e8.2_400bps_hac@v4.3.0
0	add45c5b-7390-4ab6-b68b-8314c8889201 runid=0dfb5b492dc86ce99bf7c61c734eb364afcdb5c8 ch=44 start_time=2025-09-26T01:33:17.398161+00:00 flow_cell_id=AWX817 basecall_gpu=NVIDIA_Tegra_X2 protocol_group_id=ONT_trialEb_250925 sample_id=ONT_trail_250925 barcode=barcode13 barcode_alias=barcode13 parent_read_id=add45c5b-7390-4ab6-b68b-8314c8889201 basecall_model_version_id=dna_r10.4.1_e8.2_400bps_hac@v4.3.0
0	7e55f7db-e0c4-419b-adeb-9304536b9641 runid=0dfb5b492dc86ce99bf7c61c734eb364afcdb5c8 ch=85 start_time=2025-09-25T23:12:07.398161+00:00 flow_cell_id=AWX817 basecall_gpu=NVIDIA_Tegra_X2 protocol_group_id=ONT_trialEb_250925 sample_id=ONT_trail_250925 barcode=barcode22 barcode_alias=barcode22 parent_read_id=7e55f7db-e0c4-419b-adeb-9304536b9641 basecall_model_version_id=dna_r10.4.1_e8.2_400bps_hac@v4.3.0 rc
0	7e55f7db-e0c4-419b-adeb-9304536b9641 runid=0dfb5b492dc86ce99bf7c61c734eb364afcdb5c8 ch=85 start_time=2025-09-25T23:12:07.398161+00:00 flow_cell_id=AWX817 basecall_gpu=NVIDIA_Tegra_X2 protocol_group_id=ONT_trialEb_250925 sample_id=ONT_trail_250925 barcode=barcode22 barcode_alias=barcode22 parent_read_id=7e55f7db-e0c4-419b-adeb-9304536b9641 basecall_model_version_id=dna_r10.4.1_e8.2_400bps_hac@v4.3.0 rc
0	67006837-635a-4488-9fae-9665e84abc87 runid=0dfb5b492dc86ce99bf7c61c734eb364afcdb5c8 ch=85 start_time=2025-09-25T21:23:41.398161+00:00 flow_cell_id=AWX817 basecall_gpu=NVIDIA_Tegra_X2 protocol_group_id=ONT_trialEb_250925 sample_id=ONT_trail_250925 barcode=barcode24 barcode_alias=barcode24 parent_read_id=67006837-635a-4488-9fae-9665e84abc87 basecall_model_version_id=dna_r10.4.1_e8.2_400bps_hac@v4.3.0
0	dd731af9-f841-4693-995e-4d5f0a21d9fc runid=0dfb5b492dc86ce99bf7c61c734eb364afcdb5c8 ch=85 start_time=2025-09-25T18:01:00.398161+00:00 flow_cell_id=AWX817 basecall_gpu=NVIDIA_Tegra_X2 protocol_group_id=ONT_trialEb_250925 sample_id=ONT_trail_250925 barcode=barcode23 barcode_alias=barcode23 parent_read_id=dd731af9-f841-4693-995e-4d5f0a21d9fc basecall_model_version_id=dna_r10.4.1_e8.2_400bps_hac@v4.3.0 rc
0	18e2626e-6c04-4b21-8b8c-fb5f35f5cac9 runid=0dfb5b492dc86ce99bf7c61c734eb364afcdb5c8 ch=94 start_time=2025-09-25T16:44:18.398161+00:00 flow_cell_id=AWX817 basecall_gpu=NVIDIA_Tegra_X2 protocol_group_id=ONT_trialEb_250925 sample_id=ONT_trail_250925 barcode=barcode22 barcode_alias=barcode22 parent_read_id=18e2626e-6c04-4b21-8b8c-fb5f35f5cac9 basecall_model_version_id=dna_r10.4.1_e8.2_400bps_hac@v4.3.0
0	42147cdf-e1c8-47e9-9f64-0711599933d5 runid=0dfb5b492dc86ce99bf7c61c734eb364afcdb5c8 ch=79 start_time=2025-09-25T22:17:25.398161+00:00 flow_cell_id=AWX817 basecall_gpu=NVIDIA_Tegra_X2 protocol_group_id=ONT_trialEb_250925 sample_id=ONT_trail_250925 barcode=barcode13 barcode_alias=barcode13 parent_read_id=42147cdf-e1c8-47e9-9f64-0711599933d5 basecall_model_version_id=dna_r10.4.1_e8.2_400bps_hac@v4.3.0
0	f21eaac1-a277-4b74-a338-53a03ae68a4e runid=0dfb5b492dc86ce99bf7c61c734eb364afcdb5c8 ch=114 start_time=2025-09-25T15:54:11.398161+00:00 flow_cell_id=AWX817 basecall_gpu=NVIDIA_Tegra_X2 protocol_group_id=ONT_trialEb_250925 sample_id=ONT_trail_250925 barcode=barcode23 barcode_alias=barcode23 parent_read_id=f21eaac1-a277-4b74-a338-53a03ae68a4e basecall_model_version_id=dna_r10.4.1_e8.2_400bps_hac@v4.3.0
0	c23e7b94-b22c-4310-81bd-710855a872c6 runid=0dfb5b492dc86ce99bf7c61c734eb364afcdb5c8 ch=4 start_time=2025-09-26T04:35:55.398161+00:00 flow_cell_id=AWX817 basecall_gpu=NVIDIA_Tegra_X2 protocol_group_id=ONT_trialEb_250925 sample_id=ONT_trail_250925 barcode=barcode13 barcode_alias=barcode13 parent_read_id=c23e7b94-b22c-4310-81bd-710855a872c6 basecall_model_version_id=dna_r10.4.1_e8.2_400bps_hac@v4.3.0
0	c6dbe243-31c7-4f44-a2f6-39e5dafd4c6b runid=0dfb5b492dc86ce99bf7c61c734eb364afcdb5c8 ch=6 start_time=2025-09-25T17:55:31.398161+00:00 flow_cell_id=AWX817 basecall_gpu=NVIDIA_Tegra_X2 protocol_group_id=ONT_trialEb_250925 sample_id=ONT_trail_250925 barcode=barcode24 barcode_alias=barcode24 parent_read_id=c6dbe243-31c7-4f44-a2f6-39e5dafd4c6b basecall_model_version_id=dna_r10.4.1_e8.2_400bps_hac@v4.3.0 rc
0	0dba97c3-c61f-4359-ba1a-b0111bb03b1e runid=0dfb5b492dc86ce99bf7c61c734eb364afcdb5c8 ch=5 start_time=2025-09-25T18:40:23.398161+00:00 flow_cell_id=AWX817 basecall_gpu=NVIDIA_Tegra_X2 protocol_group_id=ONT_trialEb_250925 sample_id=ONT_trail_250925 barcode=barcode13 barcode_alias=barcode13 parent_read_id=0dba97c3-c61f-4359-ba1a-b0111bb03b1e basecall_model_version_id=dna_r10.4.1_e8.2_400bps_hac@v4.3.0
0	2cd70f4d-48c8-4a57-8ea2-59cae4596db4 runid=0dfb5b492dc86ce99bf7c61c734eb364afcdb5c8 ch=85 start_time=2025-09-25T16:12:27.398161+00:00 flow_cell_id=AWX817 basecall_gpu=NVIDIA_Tegra_X2 protocol_group_id=ONT_trialEb_250925 sample_id=ONT_trail_250925 barcode=barcode13 barcode_alias=barcode13 parent_read_id=2cd70f4d-48c8-4a57-8ea2-59cae4596db4 basecall_model_version_id=dna_r10.4.1_e8.2_400bps_hac@v4.3.0 rc
0	1727e753-4d57-4f0a-8c75-0cdb10e57757 runid=0dfb5b492dc86ce99bf7c61c734eb364afcdb5c8 ch=93 start_time=2025-09-25T17:02:37.398161+00:00 flow_cell_id=AWX817 basecall_gpu=NVIDIA_Tegra_X2 protocol_group_id=ONT_trialEb_250925 sample_id=ONT_trail_250925 barcode=barcode13 barcode_alias=barcode13 parent_read_id=1727e753-4d57-4f0a-8c75-0cdb10e57757 basecall_model_version_id=dna_r10.4.1_e8.2_400bps_hac@v4.3.0 rc
0	e3e26abb-41e9-4d0f-9291-4fb79b1ac2f5 runid=0dfb5b492dc86ce99bf7c61c734eb364afcdb5c8 ch=94 start_time=2025-09-25T17:05:43.398161+00:00 flow_cell_id=AWX817 basecall_gpu=NVIDIA_Tegra_X2 protocol_group_id=ONT_trialEb_250925 sample_id=ONT_trail_250925 barcode=barcode22 barcode_alias=barcode22 parent_read_id=e3e26abb-41e9-4d0f-9291-4fb79b1ac2f5 basecall_model_version_id=dna_r10.4.1_e8.2_400bps_hac@v4.3.0
0	58701faf-93c2-4a93-a195-b9f73a937f36 runid=0dfb5b492dc86ce99bf7c61c734eb364afcdb5c8 ch=100 start_time=2025-09-25T22:35:01.398161+00:00 flow_cell_id=AWX817 basecall_gpu=NVIDIA_Tegra_X2 protocol_group_id=ONT_trialEb_250925 sample_id=ONT_trail_250925 barcode=barcode22 barcode_alias=barcode22 parent_read_id=58701faf-93c2-4a93-a195-b9f73a937f36 basecall_model_version_id=dna_r10.4.1_e8.2_400bps_hac@v4.3.0
0	13b699d6-bfd4-4461-a625-ea9cbd56a3fa runid=0dfb5b492dc86ce99bf7c61c734eb364afcdb5c8 ch=4 start_time=2025-09-25T19:29:52.398161+00:00 flow_cell_id=AWX817 basecall_gpu=NVIDIA_Tegra_X2 protocol_group_id=ONT_trialEb_250925 sample_id=ONT_trail_250925 barcode=barcode22 barcode_alias=barcode22 parent_read_id=13b699d6-bfd4-4461-a625-ea9cbd56a3fa basecall_model_version_id=dna_r10.4.1_e8.2_400bps_hac@v4.3.0 rc
0	13b699d6-bfd4-4461-a625-ea9cbd56a3fa runid=0dfb5b492dc86ce99bf7c61c734eb364afcdb5c8 ch=4 start_time=2025-09-25T19:29:52.398161+00:00 flow_cell_id=AWX817 basecall_gpu=NVIDIA_Tegra_X2 protocol_group_id=ONT_trialEb_250925 sample_id=ONT_trail_250925 barcode=barcode22 barcode_alias=barcode22 parent_read_id=13b699d6-bfd4-4461-a625-ea9cbd56a3fa basecall_model_version_id=dna_r10.4.1_e8.2_400bps_hac@v4.3.0 rc
0	b77811cc-a792-4a55-bd50-16840cd976d2 runid=0dfb5b492dc86ce99bf7c61c734eb364afcdb5c8 ch=39 start_time=2025-09-25T21:19:47.398161+00:00 flow_cell_id=AWX817 basecall_gpu=NVIDIA_Tegra_X2 protocol_group_id=ONT_trialEb_250925 sample_id=ONT_trail_250925 barcode=barcode13 barcode_alias=barcode13 parent_read_id=b77811cc-a792-4a55-bd50-16840cd976d2 basecall_model_version_id=dna_r10.4.1_e8.2_400bps_hac@v4.3.0 rc
0	8df423c4-f49f-45b5-b504-661844f6cbf3 runid=0dfb5b492dc86ce99bf7c61c734eb364afcdb5c8 ch=41 start_time=2025-09-25T21:32:56.398161+00:00 flow_cell_id=AWX817 basecall_gpu=NVIDIA_Tegra_X2 protocol_group_id=ONT_trialEb_250925 sample_id=ONT_trail_250925 barcode=barcode14 barcode_alias=barcode14 parent_read_id=8df423c4-f49f-45b5-b504-661844f6cbf3 basecall_model_version_id=dna_r10.4.1_e8.2_400bps_hac@v4.3.0
0	dfd5fe84-1a0d-43ca-ac0d-8931d5fbc88b runid=0dfb5b492dc86ce99bf7c61c734eb364afcdb5c8 ch=6 start_time=2025-09-25T16:00:15.398161+00:00 flow_cell_id=AWX817 basecall_gpu=NVIDIA_Tegra_X2 protocol_group_id=ONT_trialEb_250925 sample_id=ONT_trail_250925 barcode=barcode14 barcode_alias=barcode14 parent_read_id=dfd5fe84-1a0d-43ca-ac0d-8931d5fbc88b basecall_model_version_id=dna_r10.4.1_e8.2_400bps_hac@v4.3.0
0	018bd71c-a767-4e23-9b43-83f9b8a37710 runid=0dfb5b492dc86ce99bf7c61c734eb364afcdb5c8 ch=40 start_time=2025-09-25T16:25:25.398161+00:00 flow_cell_id=AWX817 basecall_gpu=NVIDIA_Tegra_X2 protocol_group_id=ONT_trialEb_250925 sample_id=ONT_trail_250925 barcode=barcode22 barcode_alias=barcode22 parent_read_id=018bd71c-a767-4e23-9b43-83f9b8a37710 basecall_model_version_id=dna_r10.4.1_e8.2_400bps_hac@v4.3.0 rc
0	391f1bc8-41c5-4f0d-9c82-17bbf8dea8c5 runid=0dfb5b492dc86ce99bf7c61c734eb364afcdb5c8 ch=4 start_time=2025-09-25T16:05:27.398161+00:00 flow_cell_id=AWX817 basecall_gpu=NVIDIA_Tegra_X2 protocol_group_id=ONT_trialEb_250925 sample_id=ONT_trail_250925 barcode=barcode14 barcode_alias=barcode14 parent_read_id=391f1bc8-41c5-4f0d-9c82-17bbf8dea8c5 basecall_model_version_id=dna_r10.4.1_e8.2_400bps_hac@v4.3.0 rc
0	4acb2ac6-5b83-4c07-bb34-a836d697dac9 runid=0dfb5b492dc86ce99bf7c61c734eb364afcdb5c8 ch=79 start_time=2025-09-25T19:33:35.398161+00:00 flow_cell_id=AWX817 basecall_gpu=NVIDIA_Tegra_X2 protocol_group_id=ONT_trialEb_250925 sample_id=ONT_trail_250925 barcode=barcode15 barcode_alias=barcode15 parent_read_id=4acb2ac6-5b83-4c07-bb34-a836d697dac9 basecall_model_version_id=dna_r10.4.1_e8.2_400bps_hac@v4.3.0
0	31e6e824-19f7-43f0-90dd-e456b686afce runid=0dfb5b492dc86ce99bf7c61c734eb364afcdb5c8 ch=91 start_time=2025-09-25T18:05:54.398161+00:00 flow_cell_id=AWX817 basecall_gpu=NVIDIA_Tegra_X2 protocol_group_id=ONT_trialEb_250925 sample_id=ONT_trail_250925 barcode=barcode23 barcode_alias=barcode23 parent_read_id=31e6e824-19f7-43f0-90dd-e456b686afce basecall_model_version_id=dna_r10.4.1_e8.2_400bps_hac@v4.3.0 rc
0	cc908103-a4ee-4345-8ea5-677aef71b6a1 runid=0dfb5b492dc86ce99bf7c61c734eb364afcdb5c8 ch=39 start_time=2025-09-26T10:03:02.398161+00:00 flow_cell_id=AWX817 basecall_gpu=NVIDIA_Tegra_X2 protocol_group_id=ONT_trialEb_250925 sample_id=ONT_trail_250925 barcode=barcode22 barcode_alias=barcode22 parent_read_id=cc908103-a4ee-4345-8ea5-677aef71b6a1 basecall_model_version_id=dna_r10.4.1_e8.2_400bps_hac@v4.3.0 rc
0	23b4463c-9b20-40f3-916e-5b6842b9027e runid=0dfb5b492dc86ce99bf7c61c734eb364afcdb5c8 ch=4 start_time=2025-09-26T03:13:40.398161+00:00 flow_cell_id=AWX817 basecall_gpu=NVIDIA_Tegra_X2 protocol_group_id=ONT_trialEb_250925 sample_id=ONT_trail_250925 barcode=barcode22 barcode_alias=barcode22 parent_read_id=23b4463c-9b20-40f3-916e-5b6842b9027e basecall_model_version_id=dna_r10.4.1_e8.2_400bps_hac@v4.3.0
0	9471a9a6-e9e9-406e-8f81-a11d652baff5 runid=0dfb5b492dc86ce99bf7c61c734eb364afcdb5c8 ch=40 start_time=2025-09-25T16:55:43.398161+00:00 flow_cell_id=AWX817 basecall_gpu=NVIDIA_Tegra_X2 protocol_group_id=ONT_trialEb_250925 sample_id=ONT_trail_250925 barcode=barcode14 barcode_alias=barcode14 parent_read_id=9471a9a6-e9e9-406e-8f81-a11d652baff5 basecall_model_version_id=dna_r10.4.1_e8.2_400bps_hac@v4.3.0 rc
0	fed3d264-2f3f-4f6a-87ea-3a7f4d551980 runid=0dfb5b492dc86ce99bf7c61c734eb364afcdb5c8 ch=55 start_time=2025-09-25T18:13:04.398161+00:00 flow_cell_id=AWX817 basecall_gpu=NVIDIA_Tegra_X2 protocol_group_id=ONT_trialEb_250925 sample_id=ONT_trail_250925 barcode=barcode22 barcode_alias=barcode22 parent_read_id=fed3d264-2f3f-4f6a-87ea-3a7f4d551980 basecall_model_version_id=dna_r10.4.1_e8.2_400bps_hac@v4.3.0
0	01079582-8014-4876-9e51-2ae0c29009d6 runid=0dfb5b492dc86ce99bf7c61c734eb364afcdb5c8 ch=106 start_time=2025-09-25T18:03:08.398161+00:00 flow_cell_id=AWX817 basecall_gpu=NVIDIA_Tegra_X2 protocol_group_id=ONT_trialEb_250925 sample_id=ONT_trail_250925 barcode=barcode22 barcode_alias=barcode22 parent_read_id=01079582-8014-4876-9e51-2ae0c29009d6 basecall_model_version_id=dna_r10.4.1_e8.2_400bps_hac@v4.3.0
0	f5e7cd0e-53f1-4428-9fce-cf5d5d951bc2 runid=0dfb5b492dc86ce99bf7c61c734eb364afcdb5c8 ch=80 start_time=2025-09-25T17:14:53.398161+00:00 flow_cell_id=AWX817 basecall_gpu=NVIDIA_Tegra_X2 protocol_group_id=ONT_trialEb_250925 sample_id=ONT_trail_250925 barcode=barcode14 barcode_alias=barcode14 parent_read_id=f5e7cd0e-53f1-4428-9fce-cf5d5d951bc2 basecall_model_version_id=dna_r10.4.1_e8.2_400bps_hac@v4.3.0 rc
0	f5e7cd0e-53f1-4428-9fce-cf5d5d951bc2 runid=0dfb5b492dc86ce99bf7c61c734eb364afcdb5c8 ch=80 start_time=2025-09-25T17:14:53.398161+00:00 flow_cell_id=AWX817 basecall_gpu=NVIDIA_Tegra_X2 protocol_group_id=ONT_trialEb_250925 sample_id=ONT_trail_250925 barcode=barcode14 barcode_alias=barcode14 parent_read_id=f5e7cd0e-53f1-4428-9fce-cf5d5d951bc2 basecall_model_version_id=dna_r10.4.1_e8.2_400bps_hac@v4.3.0 rc
0	3cc48aec-97df-45a9-addc-5c43009b2607 runid=0dfb5b492dc86ce99bf7c61c734eb364afcdb5c8 ch=92 start_time=2025-09-26T00:55:25.398161+00:00 flow_cell_id=AWX817 basecall_gpu=NVIDIA_Tegra_X2 protocol_group_id=ONT_trialEb_250925 sample_id=ONT_trail_250925 barcode=barcode24 barcode_alias=barcode24 parent_read_id=3cc48aec-97df-45a9-addc-5c43009b2607 basecall_model_version_id=dna_r10.4.1_e8.2_400bps_hac@v4.3.0
0	3a9fedd3-e192-4893-897b-0f9fc0c21839 runid=0dfb5b492dc86ce99bf7c61c734eb364afcdb5c8 ch=92 start_time=2025-09-25T19:52:35.398161+00:00 flow_cell_id=AWX817 basecall_gpu=NVIDIA_Tegra_X2 protocol_group_id=ONT_trialEb_250925 sample_id=ONT_trail_250925 barcode=barcode22 barcode_alias=barcode22 parent_read_id=3a9fedd3-e192-4893-897b-0f9fc0c21839 basecall_model_version_id=dna_r10.4.1_e8.2_400bps_hac@v4.3.0 rc
0	126a894b-ad86-4d7e-aa7b-5e99be90b7a0 runid=0dfb5b492dc86ce99bf7c61c734eb364afcdb5c8 ch=43 start_time=2025-09-25T19:00:04.398161+00:00 flow_cell_id=AWX817 basecall_gpu=NVIDIA_Tegra_X2 protocol_group_id=ONT_trialEb_250925 sample_id=ONT_trail_250925 barcode=barcode22 barcode_alias=barcode22 parent_read_id=126a894b-ad86-4d7e-aa7b-5e99be90b7a0 basecall_model_version_id=dna_r10.4.1_e8.2_400bps_hac@v4.3.0
0	126a894b-ad86-4d7e-aa7b-5e99be90b7a0 runid=0dfb5b492dc86ce99bf7c61c734eb364afcdb5c8 ch=43 start_time=2025-09-25T19:00:04.398161+00:00 flow_cell_id=AWX817 basecall_gpu=NVIDIA_Tegra_X2 protocol_group_id=ONT_trialEb_250925 sample_id=ONT_trail_250925 barcode=barcode22 barcode_alias=barcode22 parent_read_id=126a894b-ad86-4d7e-aa7b-5e99be90b7a0 basecall_model_version_id=dna_r10.4.1_e8.2_400bps_hac@v4.3.0
0	fa5f6579-9f46-40d4-b94b-4d01d8d3bec9 runid=0dfb5b492dc86ce99bf7c61c734eb364afcdb5c8 ch=79 start_time=2025-09-25T19:58:31.398161+00:00 flow_cell_id=AWX817 basecall_gpu=NVIDIA_Tegra_X2 protocol_group_id=ONT_trialEb_250925 sample_id=ONT_trail_250925 barcode=barcode13 barcode_alias=barcode13 parent_read_id=fa5f6579-9f46-40d4-b94b-4d01d8d3bec9 basecall_model_version_id=dna_r10.4.1_e8.2_400bps_hac@v4.3.0 rc
0	ea39ad61-b60e-4adb-b95f-ae070f8be67f runid=0dfb5b492dc86ce99bf7c61c734eb364afcdb5c8 ch=94 start_time=2025-09-25T17:44:45.398161+00:00 flow_cell_id=AWX817 basecall_gpu=NVIDIA_Tegra_X2 protocol_group_id=ONT_trialEb_250925 sample_id=ONT_trail_250925 barcode=barcode14 barcode_alias=barcode14 parent_read_id=ea39ad61-b60e-4adb-b95f-ae070f8be67f basecall_model_version_id=dna_r10.4.1_e8.2_400bps_hac@v4.3.0
0	eb462b54-39f9-4450-9238-4ae1ec52609c runid=0dfb5b492dc86ce99bf7c61c734eb364afcdb5c8 ch=85 start_time=2025-09-26T03:14:56.398161+00:00 flow_cell_id=AWX817 basecall_gpu=NVIDIA_Tegra_X2 protocol_group_id=ONT_trialEb_250925 sample_id=ONT_trail_250925 barcode=barcode13 barcode_alias=barcode13 parent_read_id=eb462b54-39f9-4450-9238-4ae1ec52609c basecall_model_version_id=dna_r10.4.1_e8.2_400bps_hac@v4.3.0
0	c600e6ee-2f6e-4985-8119-c5d2122f6330 runid=0dfb5b492dc86ce99bf7c61c734eb364afcdb5c8 ch=49 start_time=2025-09-26T07:42:33.398161+00:00 flow_cell_id=AWX817 basecall_gpu=NVIDIA_Tegra_X2 protocol_group_id=ONT_trialEb_250925 sample_id=ONT_trail_250925 barcode=barcode14 barcode_alias=barcode14 parent_read_id=c600e6ee-2f6e-4985-8119-c5d2122f6330 basecall_model_version_id=dna_r10.4.1_e8.2_400bps_hac@v4.3.0
0	a1995139-0fa2-4e29-beaf-df3f798e96d2 runid=0dfb5b492dc86ce99bf7c61c734eb364afcdb5c8 ch=93 start_time=2025-09-25T16:31:32.398161+00:00 flow_cell_id=AWX817 basecall_gpu=NVIDIA_Tegra_X2 protocol_group_id=ONT_trialEb_250925 sample_id=ONT_trail_250925 barcode=barcode22 barcode_alias=barcode22 parent_read_id=a1995139-0fa2-4e29-beaf-df3f798e96d2 basecall_model_version_id=dna_r10.4.1_e8.2_400bps_hac@v4.3.0 rc
0	20046d49-d721-49ce-a071-74e04ce7ba35 runid=0dfb5b492dc86ce99bf7c61c734eb364afcdb5c8 ch=118 start_time=2025-09-25T16:55:26.398161+00:00 flow_cell_id=AWX817 basecall_gpu=NVIDIA_Tegra_X2 protocol_group_id=ONT_trialEb_250925 sample_id=ONT_trail_250925 barcode=barcode24 barcode_alias=barcode24 parent_read_id=20046d49-d721-49ce-a071-74e04ce7ba35 basecall_model_version_id=dna_r10.4.1_e8.2_400bps_hac@v4.3.0
0	bee7de57-0f46-45cd-8166-4a087da7cad9 runid=0dfb5b492dc86ce99bf7c61c734eb364afcdb5c8 ch=41 start_time=2025-09-25T21:34:45.398161+00:00 flow_cell_id=AWX817 basecall_gpu=NVIDIA_Tegra_X2 protocol_group_id=ONT_trialEb_250925 sample_id=ONT_trail_250925 barcode=barcode15 barcode_alias=barcode15 parent_read_id=bee7de57-0f46-45cd-8166-4a087da7cad9 basecall_model_version_id=dna_r10.4.1_e8.2_400bps_hac@v4.3.0 rc
0	82aa7b76-41ca-47b2-8b2d-97115595a219 runid=0dfb5b492dc86ce99bf7c61c734eb364afcdb5c8 ch=43 start_time=2025-09-25T15:52:05.398161+00:00 flow_cell_id=AWX817 basecall_gpu=NVIDIA_Tegra_X2 protocol_group_id=ONT_trialEb_250925 sample_id=ONT_trail_250925 barcode=barcode22 barcode_alias=barcode22 parent_read_id=82aa7b76-41ca-47b2-8b2d-97115595a219 basecall_model_version_id=dna_r10.4.1_e8.2_400bps_hac@v4.3.0
0	82aa7b76-41ca-47b2-8b2d-97115595a219 runid=0dfb5b492dc86ce99bf7c61c734eb364afcdb5c8 ch=43 start_time=2025-09-25T15:52:05.398161+00:00 flow_cell_id=AWX817 basecall_gpu=NVIDIA_Tegra_X2 protocol_group_id=ONT_trialEb_250925 sample_id=ONT_trail_250925 barcode=barcode22 barcode_alias=barcode22 parent_read_id=82aa7b76-41ca-47b2-8b2d-97115595a219 basecall_model_version_id=dna_r10.4.1_e8.2_400bps_hac@v4.3.0
0	a501b77e-ddf9-499a-a77f-0eabb4d5b85c runid=0dfb5b492dc86ce99bf7c61c734eb364afcdb5c8 ch=4 start_time=2025-09-25T21:46:45.398161+00:00 flow_cell_id=AWX817 basecall_gpu=NVIDIA_Tegra_X2 protocol_group_id=ONT_trialEb_250925 sample_id=ONT_trail_250925 barcode=barcode24 barcode_alias=barcode24 parent_read_id=a501b77e-ddf9-499a-a77f-0eabb4d5b85c basecall_model_version_id=dna_r10.4.1_e8.2_400bps_hac@v4.3.0
0	0e42304c-e6c2-47c3-bc8d-d9272bd59200 runid=0dfb5b492dc86ce99bf7c61c734eb364afcdb5c8 ch=85 start_time=2025-09-25T18:12:55.398161+00:00 flow_cell_id=AWX817 basecall_gpu=NVIDIA_Tegra_X2 protocol_group_id=ONT_trialEb_250925 sample_id=ONT_trail_250925 barcode=barcode13 barcode_alias=barcode13 parent_read_id=0e42304c-e6c2-47c3-bc8d-d9272bd59200 basecall_model_version_id=dna_r10.4.1_e8.2_400bps_hac@v4.3.0
0	ebc79002-fda6-4c74-a0bf-f9862a23133e runid=0dfb5b492dc86ce99bf7c61c734eb364afcdb5c8 ch=5 start_time=2025-09-25T16:28:02.398161+00:00 flow_cell_id=AWX817 basecall_gpu=NVIDIA_Tegra_X2 protocol_group_id=ONT_trialEb_250925 sample_id=ONT_trail_250925 barcode=barcode23 barcode_alias=barcode23 parent_read_id=ebc79002-fda6-4c74-a0bf-f9862a23133e basecall_model_version_id=dna_r10.4.1_e8.2_400bps_hac@v4.3.0
0	092031be-5bd2-4505-97ff-5d477df998bc runid=0dfb5b492dc86ce99bf7c61c734eb364afcdb5c8 ch=85 start_time=2025-09-26T04:06:40.398161+00:00 flow_cell_id=AWX817 basecall_gpu=NVIDIA_Tegra_X2 protocol_group_id=ONT_trialEb_250925 sample_id=ONT_trail_250925 barcode=barcode23 barcode_alias=barcode23 parent_read_id=092031be-5bd2-4505-97ff-5d477df998bc basecall_model_version_id=dna_r10.4.1_e8.2_400bps_hac@v4.3.0 rc
0	4f5676a0-2b13-4f7f-96c1-d78cf5e65cd0 runid=0dfb5b492dc86ce99bf7c61c734eb364afcdb5c8 ch=45 start_time=2025-09-25T16:53:28.398161+00:00 flow_cell_id=AWX817 basecall_gpu=NVIDIA_Tegra_X2 protocol_group_id=ONT_trialEb_250925 sample_id=ONT_trail_250925 barcode=barcode22 barcode_alias=barcode22 parent_read_id=4f5676a0-2b13-4f7f-96c1-d78cf5e65cd0 basecall_model_version_id=dna_r10.4.1_e8.2_400bps_hac@v4.3.0
0	c17a3c87-3c3c-4d19-b247-c9867c54eea4 runid=0dfb5b492dc86ce99bf7c61c734eb364afcdb5c8 ch=43 start_time=2025-09-25T18:09:43.398161+00:00 flow_cell_id=AWX817 basecall_gpu=NVIDIA_Tegra_X2 protocol_group_id=ONT_trialEb_250925 sample_id=ONT_trail_250925 barcode=barcode13 barcode_alias=barcode13 parent_read_id=c17a3c87-3c3c-4d19-b247-c9867c54eea4 basecall_model_version_id=dna_r10.4.1_e8.2_400bps_hac@v4.3.0 rc
0	a0fdd71d-1823-41ea-a90d-1517188d515f runid=0dfb5b492dc86ce99bf7c61c734eb364afcdb5c8 ch=43 start_time=2025-09-25T20:31:37.398161+00:00 flow_cell_id=AWX817 basecall_gpu=NVIDIA_Tegra_X2 protocol_group_id=ONT_trialEb_250925 sample_id=ONT_trail_250925 barcode=barcode14 barcode_alias=barcode14 parent_read_id=a0fdd71d-1823-41ea-a90d-1517188d515f basecall_model_version_id=dna_r10.4.1_e8.2_400bps_hac@v4.3.0
0	57a85afd-56cb-491d-bbf0-8db7074cfed6 runid=0dfb5b492dc86ce99bf7c61c734eb364afcdb5c8 ch=67 start_time=2025-09-26T02:44:38.398161+00:00 flow_cell_id=AWX817 basecall_gpu=NVIDIA_Tegra_X2 protocol_group_id=ONT_trialEb_250925 sample_id=ONT_trail_250925 barcode=barcode23 barcode_alias=barcode23 parent_read_id=57a85afd-56cb-491d-bbf0-8db7074cfed6 basecall_model_version_id=dna_r10.4.1_e8.2_400bps_hac@v4.3.0
0	37577688-5c67-4532-acf4-46e9a3aaafcc runid=0dfb5b492dc86ce99bf7c61c734eb364afcdb5c8 ch=79 start_time=2025-09-25T18:53:51.398161+00:00 flow_cell_id=AWX817 basecall_gpu=NVIDIA_Tegra_X2 protocol_group_id=ONT_trialEb_250925 sample_id=ONT_trail_250925 barcode=barcode14 barcode_alias=barcode14 parent_read_id=37577688-5c67-4532-acf4-46e9a3aaafcc basecall_model_version_id=dna_r10.4.1_e8.2_400bps_hac@v4.3.0 rc
0	8d026ace-d785-42b4-a3ec-04e3b96e72ea runid=0dfb5b492dc86ce99bf7c61c734eb364afcdb5c8 ch=5 start_time=2025-09-25T22:43:43.398161+00:00 flow_cell_id=AWX817 basecall_gpu=NVIDIA_Tegra_X2 protocol_group_id=ONT_trialEb_250925 sample_id=ONT_trail_250925 barcode=barcode13 barcode_alias=barcode13 parent_read_id=8d026ace-d785-42b4-a3ec-04e3b96e72ea basecall_model_version_id=dna_r10.4.1_e8.2_400bps_hac@v4.3.0 rc
0	ea811067-4a4a-482e-a087-9f1511190b68 runid=0dfb5b492dc86ce99bf7c61c734eb364afcdb5c8 ch=57 start_time=2025-09-26T09:16:02.398161+00:00 flow_cell_id=AWX817 basecall_gpu=NVIDIA_Tegra_X2 protocol_group_id=ONT_trialEb_250925 sample_id=ONT_trail_250925 barcode=barcode13 barcode_alias=barcode13 parent_read_id=ea811067-4a4a-482e-a087-9f1511190b68 basecall_model_version_id=dna_r10.4.1_e8.2_400bps_hac@v4.3.0
0	bf4d5555-46d5-4cbf-a083-5b2d1f432e68 runid=0dfb5b492dc86ce99bf7c61c734eb364afcdb5c8 ch=39 start_time=2025-09-25T21:35:26.398161+00:00 flow_cell_id=AWX817 basecall_gpu=NVIDIA_Tegra_X2 protocol_group_id=ONT_trialEb_250925 sample_id=ONT_trail_250925 barcode=barcode14 barcode_alias=barcode14 parent_read_id=bf4d5555-46d5-4cbf-a083-5b2d1f432e68 basecall_model_version_id=dna_r10.4.1_e8.2_400bps_hac@v4.3.0
0	69180c5b-7692-42ce-97df-5f7b8dc29623 runid=0dfb5b492dc86ce99bf7c61c734eb364afcdb5c8 ch=85 start_time=2025-09-25T21:42:03.398161+00:00 flow_cell_id=AWX817 basecall_gpu=NVIDIA_Tegra_X2 protocol_group_id=ONT_trialEb_250925 sample_id=ONT_trail_250925 barcode=barcode13 barcode_alias=barcode13 parent_read_id=69180c5b-7692-42ce-97df-5f7b8dc29623 basecall_model_version_id=dna_r10.4.1_e8.2_400bps_hac@v4.3.0 rc
0	640a85a0-a745-4bc2-b7a4-f321bc8c8123 runid=0dfb5b492dc86ce99bf7c61c734eb364afcdb5c8 ch=44 start_time=2025-09-25T19:12:23.398161+00:00 flow_cell_id=AWX817 basecall_gpu=NVIDIA_Tegra_X2 protocol_group_id=ONT_trialEb_250925 sample_id=ONT_trail_250925 barcode=barcode15 barcode_alias=barcode15 parent_read_id=640a85a0-a745-4bc2-b7a4-f321bc8c8123 basecall_model_version_id=dna_r10.4.1_e8.2_400bps_hac@v4.3.0
0	d606005e-ed31-4aae-990e-89f42df626b7 runid=0dfb5b492dc86ce99bf7c61c734eb364afcdb5c8 ch=4 start_time=2025-09-25T20:57:08.398161+00:00 flow_cell_id=AWX817 basecall_gpu=NVIDIA_Tegra_X2 protocol_group_id=ONT_trialEb_250925 sample_id=ONT_trail_250925 barcode=barcode24 barcode_alias=barcode24 parent_read_id=d606005e-ed31-4aae-990e-89f42df626b7 basecall_model_version_id=dna_r10.4.1_e8.2_400bps_hac@v4.3.0 rc
0	8591c4ac-4434-4cb4-8df7-c3648a725036 runid=0dfb5b492dc86ce99bf7c61c734eb364afcdb5c8 ch=77 start_time=2025-09-26T00:20:32.398161+00:00 flow_cell_id=AWX817 basecall_gpu=NVIDIA_Tegra_X2 protocol_group_id=ONT_trialEb_250925 sample_id=ONT_trail_250925 barcode=barcode22 barcode_alias=barcode22 parent_read_id=8591c4ac-4434-4cb4-8df7-c3648a725036 basecall_model_version_id=dna_r10.4.1_e8.2_400bps_hac@v4.3.0 rc
0	8591c4ac-4434-4cb4-8df7-c3648a725036 runid=0dfb5b492dc86ce99bf7c61c734eb364afcdb5c8 ch=77 start_time=2025-09-26T00:20:32.398161+00:00 flow_cell_id=AWX817 basecall_gpu=NVIDIA_Tegra_X2 protocol_group_id=ONT_trialEb_250925 sample_id=ONT_trail_250925 barcode=barcode22 barcode_alias=barcode22 parent_read_id=8591c4ac-4434-4cb4-8df7-c3648a725036 basecall_model_version_id=dna_r10.4.1_e8.2_400bps_hac@v4.3.0 rc
0	86f93bd9-3770-4a27-8e25-2f684b1af9e5 runid=0dfb5b492dc86ce99bf7c61c734eb364afcdb5c8 ch=20 start_time=2025-09-26T04:16:24.398161+00:00 flow_cell_id=AWX817 basecall_gpu=NVIDIA_Tegra_X2 protocol_group_id=ONT_trialEb_250925 sample_id=ONT_trail_250925 barcode=barcode14 barcode_alias=barcode14 parent_read_id=86f93bd9-3770-4a27-8e25-2f684b1af9e5 basecall_model_version_id=dna_r10.4.1_e8.2_400bps_hac@v4.3.0
0	34297a6e-8223-4234-8a24-7c0a72ca3540 runid=0dfb5b492dc86ce99bf7c61c734eb364afcdb5c8 ch=15 start_time=2025-09-25T17:44:02.398161+00:00 flow_cell_id=AWX817 basecall_gpu=NVIDIA_Tegra_X2 protocol_group_id=ONT_trialEb_250925 sample_id=ONT_trail_250925 barcode=barcode22 barcode_alias=barcode22 parent_read_id=34297a6e-8223-4234-8a24-7c0a72ca3540 basecall_model_version_id=dna_r10.4.1_e8.2_400bps_hac@v4.3.0
0	f27d8e25-8343-463d-8f61-6382f2d769af runid=0dfb5b492dc86ce99bf7c61c734eb364afcdb5c8 ch=15 start_time=2025-09-25T18:05:59.398161+00:00 flow_cell_id=AWX817 basecall_gpu=NVIDIA_Tegra_X2 protocol_group_id=ONT_trialEb_250925 sample_id=ONT_trail_250925 barcode=barcode15 barcode_alias=barcode15 parent_read_id=f27d8e25-8343-463d-8f61-6382f2d769af basecall_model_version_id=dna_r10.4.1_e8.2_400bps_hac@v4.3.0 rc
0	2100b0a9-040f-4be0-9ae0-79eb6f348876 runid=0dfb5b492dc86ce99bf7c61c734eb364afcdb5c8 ch=93 start_time=2025-09-25T18:46:08.398161+00:00 flow_cell_id=AWX817 basecall_gpu=NVIDIA_Tegra_X2 protocol_group_id=ONT_trialEb_250925 sample_id=ONT_trail_250925 barcode=barcode22 barcode_alias=barcode22 parent_read_id=2100b0a9-040f-4be0-9ae0-79eb6f348876 basecall_model_version_id=dna_r10.4.1_e8.2_400bps_hac@v4.3.0
0	2100b0a9-040f-4be0-9ae0-79eb6f348876 runid=0dfb5b492dc86ce99bf7c61c734eb364afcdb5c8 ch=93 start_time=2025-09-25T18:46:08.398161+00:00 flow_cell_id=AWX817 basecall_gpu=NVIDIA_Tegra_X2 protocol_group_id=ONT_trialEb_250925 sample_id=ONT_trail_250925 barcode=barcode22 barcode_alias=barcode22 parent_read_id=2100b0a9-040f-4be0-9ae0-79eb6f348876 basecall_model_version_id=dna_r10.4.1_e8.2_400bps_hac@v4.3.0
0	e45d995a-35b1-41e3-b56e-177d45f80a44 runid=0dfb5b492dc86ce99bf7c61c734eb364afcdb5c8 ch=79 start_time=2025-09-26T00:53:23.398161+00:00 flow_cell_id=AWX817 basecall_gpu=NVIDIA_Tegra_X2 protocol_group_id=ONT_trialEb_250925 sample_id=ONT_trail_250925 barcode=barcode13 barcode_alias=barcode13 parent_read_id=e45d995a-35b1-41e3-b56e-177d45f80a44 basecall_model_version_id=dna_r10.4.1_e8.2_400bps_hac@v4.3.0
0	1ac08a21-52bc-4d44-b803-1360fe5b06c8 runid=0dfb5b492dc86ce99bf7c61c734eb364afcdb5c8 ch=77 start_time=2025-09-25T21:22:27.398161+00:00 flow_cell_id=AWX817 basecall_gpu=NVIDIA_Tegra_X2 protocol_group_id=ONT_trialEb_250925 sample_id=ONT_trail_250925 barcode=barcode23 barcode_alias=barcode23 parent_read_id=1ac08a21-52bc-4d44-b803-1360fe5b06c8 basecall_model_version_id=dna_r10.4.1_e8.2_400bps_hac@v4.3.0
0	8402e341-38c1-4487-a19b-4f5fd553eacd runid=0dfb5b492dc86ce99bf7c61c734eb364afcdb5c8 ch=5 start_time=2025-09-25T18:42:10.398161+00:00 flow_cell_id=AWX817 basecall_gpu=NVIDIA_Tegra_X2 protocol_group_id=ONT_trialEb_250925 sample_id=ONT_trail_250925 barcode=barcode22 barcode_alias=barcode22 parent_read_id=8402e341-38c1-4487-a19b-4f5fd553eacd basecall_model_version_id=dna_r10.4.1_e8.2_400bps_hac@v4.3.0
0	af1749df-b9a0-4299-8768-8ff596c6b152 runid=0dfb5b492dc86ce99bf7c61c734eb364afcdb5c8 ch=5 start_time=2025-09-25T16:34:40.398161+00:00 flow_cell_id=AWX817 basecall_gpu=NVIDIA_Tegra_X2 protocol_group_id=ONT_trialEb_250925 sample_id=ONT_trail_250925 barcode=barcode22 barcode_alias=barcode22 parent_read_id=af1749df-b9a0-4299-8768-8ff596c6b152 basecall_model_version_id=dna_r10.4.1_e8.2_400bps_hac@v4.3.0 rc
0	33fe630c-d966-4d23-ae3c-f315251c04fe runid=0dfb5b492dc86ce99bf7c61c734eb364afcdb5c8 ch=79 start_time=2025-09-25T17:26:57.398161+00:00 flow_cell_id=AWX817 basecall_gpu=NVIDIA_Tegra_X2 protocol_group_id=ONT_trialEb_250925 sample_id=ONT_trail_250925 barcode=barcode14 barcode_alias=barcode14 parent_read_id=33fe630c-d966-4d23-ae3c-f315251c04fe basecall_model_version_id=dna_r10.4.1_e8.2_400bps_hac@v4.3.0 rc
0	33fe630c-d966-4d23-ae3c-f315251c04fe runid=0dfb5b492dc86ce99bf7c61c734eb364afcdb5c8 ch=79 start_time=2025-09-25T17:26:57.398161+00:00 flow_cell_id=AWX817 basecall_gpu=NVIDIA_Tegra_X2 protocol_group_id=ONT_trialEb_250925 sample_id=ONT_trail_250925 barcode=barcode14 barcode_alias=barcode14 parent_read_id=33fe630c-d966-4d23-ae3c-f315251c04fe basecall_model_version_id=dna_r10.4.1_e8.2_400bps_hac@v4.3.0 rc
0	9684c9f4-cfcb-4596-92b9-8a9aee5765e6 runid=0dfb5b492dc86ce99bf7c61c734eb364afcdb5c8 ch=79 start_time=2025-09-25T20:44:10.398161+00:00 flow_cell_id=AWX817 basecall_gpu=NVIDIA_Tegra_X2 protocol_group_id=ONT_trialEb_250925 sample_id=ONT_trail_250925 barcode=barcode14 barcode_alias=barcode14 parent_read_id=9684c9f4-cfcb-4596-92b9-8a9aee5765e6 basecall_model_version_id=dna_r10.4.1_e8.2_400bps_hac@v4.3.0 rc
0	6c6af5a9-2bc3-4345-8074-7f058c56fab6 runid=0dfb5b492dc86ce99bf7c61c734eb364afcdb5c8 ch=6 start_time=2025-09-25T16:31:38.398161+00:00 flow_cell_id=AWX817 basecall_gpu=NVIDIA_Tegra_X2 protocol_group_id=ONT_trialEb_250925 sample_id=ONT_trail_250925 barcode=barcode13 barcode_alias=barcode13 parent_read_id=c5adc21c-ccb9-4f7e-aaf5-961e3fa29bd1 basecall_model_version_id=dna_r10.4.1_e8.2_400bps_hac@v4.3.0
0	b171bdab-a713-4e08-a5be-03e0eded3e0a runid=0dfb5b492dc86ce99bf7c61c734eb364afcdb5c8 ch=105 start_time=2025-09-25T16:00:01.398161+00:00 flow_cell_id=AWX817 basecall_gpu=NVIDIA_Tegra_X2 protocol_group_id=ONT_trialEb_250925 sample_id=ONT_trail_250925 barcode=barcode22 barcode_alias=barcode22 parent_read_id=b171bdab-a713-4e08-a5be-03e0eded3e0a basecall_model_version_id=dna_r10.4.1_e8.2_400bps_hac@v4.3.0
0	c15cb5d5-4349-4e73-9b7c-4258556a1612 runid=0dfb5b492dc86ce99bf7c61c734eb364afcdb5c8 ch=110 start_time=2025-09-25T19:10:29.398161+00:00 flow_cell_id=AWX817 basecall_gpu=NVIDIA_Tegra_X2 protocol_group_id=ONT_trialEb_250925 sample_id=ONT_trail_250925 barcode=barcode22 barcode_alias=barcode22 parent_read_id=c15cb5d5-4349-4e73-9b7c-4258556a1612 basecall_model_version_id=dna_r10.4.1_e8.2_400bps_hac@v4.3.0
0	82388d67-8c96-46d7-a755-d9c511213624 runid=0dfb5b492dc86ce99bf7c61c734eb364afcdb5c8 ch=20 start_time=2025-09-26T05:47:41.398161+00:00 flow_cell_id=AWX817 basecall_gpu=NVIDIA_Tegra_X2 protocol_group_id=ONT_trialEb_250925 sample_id=ONT_trail_250925 barcode=barcode13 barcode_alias=barcode13 parent_read_id=82388d67-8c96-46d7-a755-d9c511213624 basecall_model_version_id=dna_r10.4.1_e8.2_400bps_hac@v4.3.0 rc
0	fc8201fc-ad0a-4c0b-b1b2-5d331965cfa4 runid=0dfb5b492dc86ce99bf7c61c734eb364afcdb5c8 ch=4 start_time=2025-09-26T01:58:34.398161+00:00 flow_cell_id=AWX817 basecall_gpu=NVIDIA_Tegra_X2 protocol_group_id=ONT_trialEb_250925 sample_id=ONT_trail_250925 barcode=barcode24 barcode_alias=barcode24 parent_read_id=2713a438-97b6-4630-b083-14e4c9f56a3f basecall_model_version_id=dna_r10.4.1_e8.2_400bps_hac@v4.3.0 rc
0	994b5fda-be55-4d19-ba4f-6a0c6611ea99 runid=0dfb5b492dc86ce99bf7c61c734eb364afcdb5c8 ch=56 start_time=2025-09-25T16:46:58.398161+00:00 flow_cell_id=AWX817 basecall_gpu=NVIDIA_Tegra_X2 protocol_group_id=ONT_trialEb_250925 sample_id=ONT_trail_250925 barcode=barcode13 barcode_alias=barcode13 parent_read_id=994b5fda-be55-4d19-ba4f-6a0c6611ea99 basecall_model_version_id=dna_r10.4.1_e8.2_400bps_hac@v4.3.0
0	7556b0b1-fa1c-446a-8682-0feb9690ec54 runid=0dfb5b492dc86ce99bf7c61c734eb364afcdb5c8 ch=40 start_time=2025-09-25T15:49:01.398161+00:00 flow_cell_id=AWX817 basecall_gpu=NVIDIA_Tegra_X2 protocol_group_id=ONT_trialEb_250925 sample_id=ONT_trail_250925 barcode=barcode15 barcode_alias=barcode15 parent_read_id=7556b0b1-fa1c-446a-8682-0feb9690ec54 basecall_model_version_id=dna_r10.4.1_e8.2_400bps_hac@v4.3.0 rc
0	5d4b4814-8703-47bd-8f67-adb474e58a7b runid=0dfb5b492dc86ce99bf7c61c734eb364afcdb5c8 ch=41 start_time=2025-09-26T00:39:00.398161+00:00 flow_cell_id=AWX817 basecall_gpu=NVIDIA_Tegra_X2 protocol_group_id=ONT_trialEb_250925 sample_id=ONT_trail_250925 barcode=barcode23 barcode_alias=barcode23 parent_read_id=5d4b4814-8703-47bd-8f67-adb474e58a7b basecall_model_version_id=dna_r10.4.1_e8.2_400bps_hac@v4.3.0
0	0109bc76-e13f-4bec-b549-d5bcedd62b84 runid=0dfb5b492dc86ce99bf7c61c734eb364afcdb5c8 ch=93 start_time=2025-09-25T17:07:34.398161+00:00 flow_cell_id=AWX817 basecall_gpu=NVIDIA_Tegra_X2 protocol_group_id=ONT_trialEb_250925 sample_id=ONT_trail_250925 barcode=barcode13 barcode_alias=barcode13 parent_read_id=0109bc76-e13f-4bec-b549-d5bcedd62b84 basecall_model_version_id=dna_r10.4.1_e8.2_400bps_hac@v4.3.0 rc
0	65b2cc70-4388-46ae-82d7-8486d3b70734 runid=0dfb5b492dc86ce99bf7c61c734eb364afcdb5c8 ch=42 start_time=2025-09-25T21:29:40.398161+00:00 flow_cell_id=AWX817 basecall_gpu=NVIDIA_Tegra_X2 protocol_group_id=ONT_trialEb_250925 sample_id=ONT_trail_250925 barcode=barcode22 barcode_alias=barcode22 parent_read_id=65b2cc70-4388-46ae-82d7-8486d3b70734 basecall_model_version_id=dna_r10.4.1_e8.2_400bps_hac@v4.3.0 rc
0	65b2cc70-4388-46ae-82d7-8486d3b70734 runid=0dfb5b492dc86ce99bf7c61c734eb364afcdb5c8 ch=42 start_time=2025-09-25T21:29:40.398161+00:00 flow_cell_id=AWX817 basecall_gpu=NVIDIA_Tegra_X2 protocol_group_id=ONT_trialEb_250925 sample_id=ONT_trail_250925 barcode=barcode22 barcode_alias=barcode22 parent_read_id=65b2cc70-4388-46ae-82d7-8486d3b70734 basecall_model_version_id=dna_r10.4.1_e8.2_400bps_hac@v4.3.0 rc
0	79486b53-79d7-4f8a-b105-8911395a0889 runid=0dfb5b492dc86ce99bf7c61c734eb364afcdb5c8 ch=16 start_time=2025-09-25T19:17:31.398161+00:00 flow_cell_id=AWX817 basecall_gpu=NVIDIA_Tegra_X2 protocol_group_id=ONT_trialEb_250925 sample_id=ONT_trail_250925 barcode=barcode22 barcode_alias=barcode22 parent_read_id=79486b53-79d7-4f8a-b105-8911395a0889 basecall_model_version_id=dna_r10.4.1_e8.2_400bps_hac@v4.3.0 rc
0	b4da79d3-c5af-463c-a7ff-700726ae9874 runid=0dfb5b492dc86ce99bf7c61c734eb364afcdb5c8 ch=118 start_time=2025-09-26T04:51:50.398161+00:00 flow_cell_id=AWX817 basecall_gpu=NVIDIA_Tegra_X2 protocol_group_id=ONT_trialEb_250925 sample_id=ONT_trail_250925 barcode=barcode14 barcode_alias=barcode14 parent_read_id=b4da79d3-c5af-463c-a7ff-700726ae9874 basecall_model_version_id=dna_r10.4.1_e8.2_400bps_hac@v4.3.0 rc
0	b4da79d3-c5af-463c-a7ff-700726ae9874 runid=0dfb5b492dc86ce99bf7c61c734eb364afcdb5c8 ch=118 start_time=2025-09-26T04:51:50.398161+00:00 flow_cell_id=AWX817 basecall_gpu=NVIDIA_Tegra_X2 protocol_group_id=ONT_trialEb_250925 sample_id=ONT_trail_250925 barcode=barcode14 barcode_alias=barcode14 parent_read_id=b4da79d3-c5af-463c-a7ff-700726ae9874 basecall_model_version_id=dna_r10.4.1_e8.2_400bps_hac@v4.3.0 rc
0	8e67d4f7-d555-4756-b054-5ba276939a36 runid=0dfb5b492dc86ce99bf7c61c734eb364afcdb5c8 ch=85 start_time=2025-09-26T02:27:42.398161+00:00 flow_cell_id=AWX817 basecall_gpu=NVIDIA_Tegra_X2 protocol_group_id=ONT_trialEb_250925 sample_id=ONT_trail_250925 barcode=barcode14 barcode_alias=barcode14 parent_read_id=8e67d4f7-d555-4756-b054-5ba276939a36 basecall_model_version_id=dna_r10.4.1_e8.2_400bps_hac@v4.3.0
0	2cf60342-6216-48d4-b2a3-da5cb27c4539 runid=0dfb5b492dc86ce99bf7c61c734eb364afcdb5c8 ch=118 start_time=2025-09-25T15:50:01.398161+00:00 flow_cell_id=AWX817 basecall_gpu=NVIDIA_Tegra_X2 protocol_group_id=ONT_trialEb_250925 sample_id=ONT_trail_250925 barcode=barcode23 barcode_alias=barcode23 parent_read_id=2cf60342-6216-48d4-b2a3-da5cb27c4539 basecall_model_version_id=dna_r10.4.1_e8.2_400bps_hac@v4.3.0
0	08dbb18f-d917-4f5b-af50-54ed20373a65 runid=0dfb5b492dc86ce99bf7c61c734eb364afcdb5c8 ch=5 start_time=2025-09-25T23:28:46.398161+00:00 flow_cell_id=AWX817 basecall_gpu=NVIDIA_Tegra_X2 protocol_group_id=ONT_trialEb_250925 sample_id=ONT_trail_250925 barcode=barcode15 barcode_alias=barcode15 parent_read_id=08dbb18f-d917-4f5b-af50-54ed20373a65 basecall_model_version_id=dna_r10.4.1_e8.2_400bps_hac@v4.3.0
0	eb93df3f-f59b-4b3e-9c5f-db0af55a31e1 runid=0dfb5b492dc86ce99bf7c61c734eb364afcdb5c8 ch=91 start_time=2025-09-25T18:09:07.398161+00:00 flow_cell_id=AWX817 basecall_gpu=NVIDIA_Tegra_X2 protocol_group_id=ONT_trialEb_250925 sample_id=ONT_trail_250925 barcode=barcode14 barcode_alias=barcode14 parent_read_id=eb93df3f-f59b-4b3e-9c5f-db0af55a31e1 basecall_model_version_id=dna_r10.4.1_e8.2_400bps_hac@v4.3.0
0	31247880-7a8f-49e0-b506-070faf80de9d runid=0dfb5b492dc86ce99bf7c61c734eb364afcdb5c8 ch=45 start_time=2025-09-25T16:51:58.398161+00:00 flow_cell_id=AWX817 basecall_gpu=NVIDIA_Tegra_X2 protocol_group_id=ONT_trialEb_250925 sample_id=ONT_trail_250925 barcode=barcode13 barcode_alias=barcode13 parent_read_id=31247880-7a8f-49e0-b506-070faf80de9d basecall_model_version_id=dna_r10.4.1_e8.2_400bps_hac@v4.3.0
0	00c63eb8-c531-4738-b07a-ce01da55d995 runid=0dfb5b492dc86ce99bf7c61c734eb364afcdb5c8 ch=43 start_time=2025-09-25T18:54:28.398161+00:00 flow_cell_id=AWX817 basecall_gpu=NVIDIA_Tegra_X2 protocol_group_id=ONT_trialEb_250925 sample_id=ONT_trail_250925 barcode=barcode13 barcode_alias=barcode13 parent_read_id=00c63eb8-c531-4738-b07a-ce01da55d995 basecall_model_version_id=dna_r10.4.1_e8.2_400bps_hac@v4.3.0 rc
0	d75de7b4-360a-4dcc-a28f-f7b9576aaee3 runid=0dfb5b492dc86ce99bf7c61c734eb364afcdb5c8 ch=79 start_time=2025-09-25T17:30:40.398161+00:00 flow_cell_id=AWX817 basecall_gpu=NVIDIA_Tegra_X2 protocol_group_id=ONT_trialEb_250925 sample_id=ONT_trail_250925 barcode=barcode24 barcode_alias=barcode24 parent_read_id=d75de7b4-360a-4dcc-a28f-f7b9576aaee3 basecall_model_version_id=dna_r10.4.1_e8.2_400bps_hac@v4.3.0 rc
0	8bb5d582-0bdf-49bc-8c82-451c52ddbcd1 runid=0dfb5b492dc86ce99bf7c61c734eb364afcdb5c8 ch=81 start_time=2025-09-26T07:35:06.398161+00:00 flow_cell_id=AWX817 basecall_gpu=NVIDIA_Tegra_X2 protocol_group_id=ONT_trialEb_250925 sample_id=ONT_trail_250925 barcode=barcode24 barcode_alias=barcode24 parent_read_id=8bb5d582-0bdf-49bc-8c82-451c52ddbcd1 basecall_model_version_id=dna_r10.4.1_e8.2_400bps_hac@v4.3.0
0	7f18ac5c-e19b-4565-8398-e0ebefa7cf43 runid=0dfb5b492dc86ce99bf7c61c734eb364afcdb5c8 ch=85 start_time=2025-09-26T02:34:16.398161+00:00 flow_cell_id=AWX817 basecall_gpu=NVIDIA_Tegra_X2 protocol_group_id=ONT_trialEb_250925 sample_id=ONT_trail_250925 barcode=barcode24 barcode_alias=barcode24 parent_read_id=7f18ac5c-e19b-4565-8398-e0ebefa7cf43 basecall_model_version_id=dna_r10.4.1_e8.2_400bps_hac@v4.3.0 rc
0	aab63183-4823-445f-ab20-f4bea76f31ea runid=0dfb5b492dc86ce99bf7c61c734eb364afcdb5c8 ch=43 start_time=2025-09-25T16:46:14.398161+00:00 flow_cell_id=AWX817 basecall_gpu=NVIDIA_Tegra_X2 protocol_group_id=ONT_trialEb_250925 sample_id=ONT_trail_250925 barcode=barcode13 barcode_alias=barcode13 parent_read_id=46a371f8-aeef-4b55-b5f0-07b6bbc0f617 basecall_model_version_id=dna_r10.4.1_e8.2_400bps_hac@v4.3.0
0	472944c5-89ad-4264-af07-2cd82b23a05d runid=0dfb5b492dc86ce99bf7c61c734eb364afcdb5c8 ch=118 start_time=2025-09-26T04:05:15.398161+00:00 flow_cell_id=AWX817 basecall_gpu=NVIDIA_Tegra_X2 protocol_group_id=ONT_trialEb_250925 sample_id=ONT_trail_250925 barcode=barcode15 barcode_alias=barcode15 parent_read_id=472944c5-89ad-4264-af07-2cd82b23a05d basecall_model_version_id=dna_r10.4.1_e8.2_400bps_hac@v4.3.0
0	060758e3-eae0-4938-9ee0-b2bef1a51226 runid=0dfb5b492dc86ce99bf7c61c734eb364afcdb5c8 ch=77 start_time=2025-09-26T01:31:46.398161+00:00 flow_cell_id=AWX817 basecall_gpu=NVIDIA_Tegra_X2 protocol_group_id=ONT_trialEb_250925 sample_id=ONT_trail_250925 barcode=barcode15 barcode_alias=barcode15 parent_read_id=060758e3-eae0-4938-9ee0-b2bef1a51226 basecall_model_version_id=dna_r10.4.1_e8.2_400bps_hac@v4.3.0
0	9a07d413-9a0d-4466-b70a-e6451ff99062 runid=0dfb5b492dc86ce99bf7c61c734eb364afcdb5c8 ch=58 start_time=2025-09-25T19:09:21.398161+00:00 flow_cell_id=AWX817 basecall_gpu=NVIDIA_Tegra_X2 protocol_group_id=ONT_trialEb_250925 sample_id=ONT_trail_250925 barcode=barcode22 barcode_alias=barcode22 parent_read_id=9a07d413-9a0d-4466-b70a-e6451ff99062 basecall_model_version_id=dna_r10.4.1_e8.2_400bps_hac@v4.3.0
0	9a07d413-9a0d-4466-b70a-e6451ff99062 runid=0dfb5b492dc86ce99bf7c61c734eb364afcdb5c8 ch=58 start_time=2025-09-25T19:09:21.398161+00:00 flow_cell_id=AWX817 basecall_gpu=NVIDIA_Tegra_X2 protocol_group_id=ONT_trialEb_250925 sample_id=ONT_trail_250925 barcode=barcode22 barcode_alias=barcode22 parent_read_id=9a07d413-9a0d-4466-b70a-e6451ff99062 basecall_model_version_id=dna_r10.4.1_e8.2_400bps_hac@v4.3.0
0	27f615f7-9780-47d9-ae02-88924335162e runid=0dfb5b492dc86ce99bf7c61c734eb364afcdb5c8 ch=100 start_time=2025-09-25T23:06:34.398161+00:00 flow_cell_id=AWX817 basecall_gpu=NVIDIA_Tegra_X2 protocol_group_id=ONT_trialEb_250925 sample_id=ONT_trail_250925 barcode=barcode22 barcode_alias=barcode22 parent_read_id=27f615f7-9780-47d9-ae02-88924335162e basecall_model_version_id=dna_r10.4.1_e8.2_400bps_hac@v4.3.0
0	70837700-e96d-47a8-8696-2fdbc52a4332 runid=0dfb5b492dc86ce99bf7c61c734eb364afcdb5c8 ch=118 start_time=2025-09-25T17:26:22.398161+00:00 flow_cell_id=AWX817 basecall_gpu=NVIDIA_Tegra_X2 protocol_group_id=ONT_trialEb_250925 sample_id=ONT_trail_250925 barcode=barcode24 barcode_alias=barcode24 parent_read_id=70837700-e96d-47a8-8696-2fdbc52a4332 basecall_model_version_id=dna_r10.4.1_e8.2_400bps_hac@v4.3.0
0	6e346f6c-a550-47e4-907e-2615d28dd3a5 runid=0dfb5b492dc86ce99bf7c61c734eb364afcdb5c8 ch=85 start_time=2025-09-25T17:42:21.398161+00:00 flow_cell_id=AWX817 basecall_gpu=NVIDIA_Tegra_X2 protocol_group_id=ONT_trialEb_250925 sample_id=ONT_trail_250925 barcode=barcode24 barcode_alias=barcode24 parent_read_id=6e346f6c-a550-47e4-907e-2615d28dd3a5 basecall_model_version_id=dna_r10.4.1_e8.2_400bps_hac@v4.3.0
0	c4849f36-cb7d-44cf-963d-e608dd9560b8 runid=0dfb5b492dc86ce99bf7c61c734eb364afcdb5c8 ch=113 start_time=2025-09-25T17:09:51.398161+00:00 flow_cell_id=AWX817 basecall_gpu=NVIDIA_Tegra_X2 protocol_group_id=ONT_trialEb_250925 sample_id=ONT_trail_250925 barcode=barcode13 barcode_alias=barcode13 parent_read_id=c4849f36-cb7d-44cf-963d-e608dd9560b8 basecall_model_version_id=dna_r10.4.1_e8.2_400bps_hac@v4.3.0
0	54f49f4c-bec0-48b3-9c8a-fab6e5d295bf runid=0dfb5b492dc86ce99bf7c61c734eb364afcdb5c8 ch=5 start_time=2025-09-25T19:50:04.398161+00:00 flow_cell_id=AWX817 basecall_gpu=NVIDIA_Tegra_X2 protocol_group_id=ONT_trialEb_250925 sample_id=ONT_trail_250925 barcode=barcode22 barcode_alias=barcode22 parent_read_id=54f49f4c-bec0-48b3-9c8a-fab6e5d295bf basecall_model_version_id=dna_r10.4.1_e8.2_400bps_hac@v4.3.0 rc
0	27032eb2-f98b-4785-b67b-3ed4628af568 runid=0dfb5b492dc86ce99bf7c61c734eb364afcdb5c8 ch=20 start_time=2025-09-25T18:45:34.398161+00:00 flow_cell_id=AWX817 basecall_gpu=NVIDIA_Tegra_X2 protocol_group_id=ONT_trialEb_250925 sample_id=ONT_trail_250925 barcode=barcode14 barcode_alias=barcode14 parent_read_id=27032eb2-f98b-4785-b67b-3ed4628af568 basecall_model_version_id=dna_r10.4.1_e8.2_400bps_hac@v4.3.0 rc
0	6ebdc914-60b6-4e24-b64c-6c46b2f2b472 runid=0dfb5b492dc86ce99bf7c61c734eb364afcdb5c8 ch=92 start_time=2025-09-26T02:28:33.398161+00:00 flow_cell_id=AWX817 basecall_gpu=NVIDIA_Tegra_X2 protocol_group_id=ONT_trialEb_250925 sample_id=ONT_trail_250925 barcode=barcode23 barcode_alias=barcode23 parent_read_id=6ebdc914-60b6-4e24-b64c-6c46b2f2b472 basecall_model_version_id=dna_r10.4.1_e8.2_400bps_hac@v4.3.0
0	937599e7-405b-486a-9c16-79d8fe32d094 runid=0dfb5b492dc86ce99bf7c61c734eb364afcdb5c8 ch=43 start_time=2025-09-25T19:38:12.398161+00:00 flow_cell_id=AWX817 basecall_gpu=NVIDIA_Tegra_X2 protocol_group_id=ONT_trialEb_250925 sample_id=ONT_trail_250925 barcode=barcode24 barcode_alias=barcode24 parent_read_id=937599e7-405b-486a-9c16-79d8fe32d094 basecall_model_version_id=dna_r10.4.1_e8.2_400bps_hac@v4.3.0
0	e0fbe6dd-1660-4eb4-bc06-177eea9ed75f runid=0dfb5b492dc86ce99bf7c61c734eb364afcdb5c8 ch=41 start_time=2025-09-25T16:43:16.398161+00:00 flow_cell_id=AWX817 basecall_gpu=NVIDIA_Tegra_X2 protocol_group_id=ONT_trialEb_250925 sample_id=ONT_trail_250925 barcode=barcode23 barcode_alias=barcode23 parent_read_id=2f525382-7400-41d4-bfaf-49e48e8a1644 basecall_model_version_id=dna_r10.4.1_e8.2_400bps_hac@v4.3.0
0	1b2139e7-03fa-49aa-85ed-f56223c595b1 runid=0dfb5b492dc86ce99bf7c61c734eb364afcdb5c8 ch=55 start_time=2025-09-25T16:15:18.398161+00:00 flow_cell_id=AWX817 basecall_gpu=NVIDIA_Tegra_X2 protocol_group_id=ONT_trialEb_250925 sample_id=ONT_trail_250925 barcode=barcode24 barcode_alias=barcode24 parent_read_id=1b2139e7-03fa-49aa-85ed-f56223c595b1 basecall_model_version_id=dna_r10.4.1_e8.2_400bps_hac@v4.3.0
0	ed923aa1-76b6-497f-8b66-a512b837772b runid=0dfb5b492dc86ce99bf7c61c734eb364afcdb5c8 ch=55 start_time=2025-09-25T17:54:38.398161+00:00 flow_cell_id=AWX817 basecall_gpu=NVIDIA_Tegra_X2 protocol_group_id=ONT_trialEb_250925 sample_id=ONT_trail_250925 barcode=barcode15 barcode_alias=barcode15 parent_read_id=ed923aa1-76b6-497f-8b66-a512b837772b basecall_model_version_id=dna_r10.4.1_e8.2_400bps_hac@v4.3.0
0	6292394a-908c-45e8-b5c1-5fb82f5fe7f0 runid=0dfb5b492dc86ce99bf7c61c734eb364afcdb5c8 ch=91 start_time=2025-09-25T18:41:46.398161+00:00 flow_cell_id=AWX817 basecall_gpu=NVIDIA_Tegra_X2 protocol_group_id=ONT_trialEb_250925 sample_id=ONT_trail_250925 barcode=barcode14 barcode_alias=barcode14 parent_read_id=6292394a-908c-45e8-b5c1-5fb82f5fe7f0 basecall_model_version_id=dna_r10.4.1_e8.2_400bps_hac@v4.3.0 rc
0	d187c6b3-56a5-48dc-8796-62e4f7616e51 runid=0dfb5b492dc86ce99bf7c61c734eb364afcdb5c8 ch=85 start_time=2025-09-26T04:33:31.398161+00:00 flow_cell_id=AWX817 basecall_gpu=NVIDIA_Tegra_X2 protocol_group_id=ONT_trialEb_250925 sample_id=ONT_trail_250925 barcode=barcode15 barcode_alias=barcode15 parent_read_id=d187c6b3-56a5-48dc-8796-62e4f7616e51 basecall_model_version_id=dna_r10.4.1_e8.2_400bps_hac@v4.3.0 rc
0	43a5ed37-7020-4b09-bad7-8f13437eae4a runid=0dfb5b492dc86ce99bf7c61c734eb364afcdb5c8 ch=77 start_time=2025-09-25T15:59:42.398161+00:00 flow_cell_id=AWX817 basecall_gpu=NVIDIA_Tegra_X2 protocol_group_id=ONT_trialEb_250925 sample_id=ONT_trail_250925 barcode=barcode13 barcode_alias=barcode13 parent_read_id=43a5ed37-7020-4b09-bad7-8f13437eae4a basecall_model_version_id=dna_r10.4.1_e8.2_400bps_hac@v4.3.0 rc
0	8e802786-1170-4c28-803a-5d39b4e329f1 runid=0dfb5b492dc86ce99bf7c61c734eb364afcdb5c8 ch=118 start_time=2025-09-25T22:56:01.398161+00:00 flow_cell_id=AWX817 basecall_gpu=NVIDIA_Tegra_X2 protocol_group_id=ONT_trialEb_250925 sample_id=ONT_trail_250925 barcode=barcode13 barcode_alias=barcode13 parent_read_id=8e802786-1170-4c28-803a-5d39b4e329f1 basecall_model_version_id=dna_r10.4.1_e8.2_400bps_hac@v4.3.0
0	796c4025-baeb-4785-bc0f-efb0788f8370 runid=0dfb5b492dc86ce99bf7c61c734eb364afcdb5c8 ch=6 start_time=2025-09-25T17:57:34.398161+00:00 flow_cell_id=AWX817 basecall_gpu=NVIDIA_Tegra_X2 protocol_group_id=ONT_trialEb_250925 sample_id=ONT_trail_250925 barcode=barcode13 barcode_alias=barcode13 parent_read_id=796c4025-baeb-4785-bc0f-efb0788f8370 basecall_model_version_id=dna_r10.4.1_e8.2_400bps_hac@v4.3.0 rc
0	67ed7918-40c9-45fd-92d7-d902557b8932 runid=0dfb5b492dc86ce99bf7c61c734eb364afcdb5c8 ch=10 start_time=2025-09-26T01:52:57.398161+00:00 flow_cell_id=AWX817 basecall_gpu=NVIDIA_Tegra_X2 protocol_group_id=ONT_trialEb_250925 sample_id=ONT_trail_250925 barcode=barcode14 barcode_alias=barcode14 parent_read_id=67ed7918-40c9-45fd-92d7-d902557b8932 basecall_model_version_id=dna_r10.4.1_e8.2_400bps_hac@v4.3.0 rc
0	5c30065a-87d4-4381-babb-b6f7f072a1a0 runid=0dfb5b492dc86ce99bf7c61c734eb364afcdb5c8 ch=44 start_time=2025-09-26T04:29:55.398161+00:00 flow_cell_id=AWX817 basecall_gpu=NVIDIA_Tegra_X2 protocol_group_id=ONT_trialEb_250925 sample_id=ONT_trail_250925 barcode=barcode15 barcode_alias=barcode15 parent_read_id=5c30065a-87d4-4381-babb-b6f7f072a1a0 basecall_model_version_id=dna_r10.4.1_e8.2_400bps_hac@v4.3.0
1	f3b2913a-8ee0-405b-8a19-6324f7028388 runid=0dfb5b492dc86ce99bf7c61c734eb364afcdb5c8 ch=5 start_time=2025-09-25T17:43:48.398161+00:00 flow_cell_id=AWX817 basecall_gpu=NVIDIA_Tegra_X2 protocol_group_id=ONT_trialEb_250925 sample_id=ONT_trail_250925 barcode=barcode13 barcode_alias=barcode13 parent_read_id=f3b2913a-8ee0-405b-8a19-6324f7028388 basecall_model_version_id=dna_r10.4.1_e8.2_400bps_hac@v4.3.0
