0	280bfa87-4a40-4b0c-b42f-0d0886c91b76 runid=0dfb5b492dc86ce99bf7c61c734eb364afcdb5c8 ch=58 start_time=2025-09-25T22:25:46.398161+00:00 flow_cell_id=AWX817 basecall_gpu=NVIDIA_Tegra_X2 protocol_group_id=ONT_trialEb_250925 sample_id=ONT_trail_250925 barcode=barcode22 barcode_alias=barcode22 parent_read_id=280bfa87-4a40-4b0c-b42f-0d0886c91b76 basecall_model_version_id=dna_r10.4.1_e8.2_400bps_hac@v4.3.0 rc
0	701ea5cd-b9dc-4a03-be72-a3969eb84b64 runid=0dfb5b492dc86ce99bf7c61c734eb364afcdb5c8 ch=44 start_time=2025-09-26T01:50:23.398161+00:00 flow_cell_id=AWX817 basecall_gpu=NVIDIA_Tegra_X2 protocol_group_id=ONT_trialEb_250925 sample_id=ONT_trail_250925 barcode=barcode23 barcode_alias=barcode23 parent_read_id=701ea5cd-b9dc-4a03-be72-a3969eb84b64 basecall_model_version_id=dna_r10.4.1_e8.2_400bps_hac@v4.3.0 rc
0	da7d0e74-8309-43cb-a0bb-5ade8f37756a runid=0dfb5b492dc86ce99bf7c61c734eb364afcdb5c8 ch=44 start_time=2025-09-25T22:49:41.398161+00:00 flow_cell_id=AWX817 basecall_gpu=NVIDIA_Tegra_X2 protocol_group_id=ONT_trialEb_250925 sample_id=ONT_trail_250925 barcode=barcode22 barcode_alias=barcode22 parent_read_id=da7d0e74-8309-43cb-a0bb-5ade8f37756a basecall_model_version_id=dna_r10.4.1_e8.2_400bps_hac@v4.3.0
0	39891c6c-7a4a-42ce-9d97-6d7efa58d6b0 runid=0dfb5b492dc86ce99bf7c61c734eb364afcdb5c8 ch=44 start_time=2025-09-26T03:01:38.398161+00:00 flow_cell_id=AWX817 basecall_gpu=NVIDIA_Tegra_X2 protocol_group_id=ONT_trialEb_250925 sample_id=ONT_trail_250925 barcode=barcode22 barcode_alias=barcode22 parent_read_id=39891c6c-7a4a-42ce-9d97-6d7efa58d6b0 basecall_model_version_id=dna_r10.4.1_e8.2_400bps_hac@v4.3.0
0	b28ffa9d-6a9d-4cb0-ac85-0190291dd22e runid=0dfb5b492dc86ce99bf7c61c734eb364afcdb5c8 ch=58 start_time=2025-09-25T22:36:40.398161+00:00 flow_cell_id=AWX817 basecall_gpu=NVIDIA_Tegra_X2 protocol_group_id=ONT_trialEb_250925 sample_id=ONT_trail_250925 barcode=barcode22 barcode_alias=barcode22 parent_read_id=b28ffa9d-6a9d-4cb0-ac85-0190291dd22e basecall_model_version_id=dna_r10.4.1_e8.2_400bps_hac@v4.3.0 rc
0	ea6c9c78-cc23-4407-9e47-b1aa12600642 runid=0dfb5b492dc86ce99bf7c61c734eb364afcdb5c8 ch=44 start_time=2025-09-25T18:41:21.398161+00:00 flow_cell_id=AWX817 basecall_gpu=NVIDIA_Tegra_X2 protocol_group_id=ONT_trialEb_250925 sample_id=ONT_trail_250925 barcode=barcode22 barcode_alias=barcode22 parent_read_id=ea6c9c78-cc23-4407-9e47-b1aa12600642 basecall_model_version_id=dna_r10.4.1_e8.2_400bps_hac@v4.3.0 rc
0	ea6c9c78-cc23-4407-9e47-b1aa12600642 runid=0dfb5b492dc86ce99bf7c61c734eb364afcdb5c8 ch=44 start_time=2025-09-25T18:41:21.398161+00:00 flow_cell_id=AWX817 basecall_gpu=NVIDIA_Tegra_X2 protocol_group_id=ONT_trialEb_250925 sample_id=ONT_trail_250925 barcode=barcode22 barcode_alias=barcode22 parent_read_id=ea6c9c78-cc23-4407-9e47-b1aa12600642 basecall_model_version_id=dna_r10.4.1_e8.2_400bps_hac@v4.3.0 rc
0	3fa775d9-9e0c-48a9-8196-68597e8151b0 runid=0dfb5b492dc86ce99bf7c61c734eb364afcdb5c8 ch=4 start_time=2025-09-26T00:28:29.398161+00:00 flow_cell_id=AWX817 basecall_gpu=NVIDIA_Tegra_X2 protocol_group_id=ONT_trialEb_250925 sample_id=ONT_trail_250925 barcode=barcode22 barcode_alias=barcode22 parent_read_id=3fa775d9-9e0c-48a9-8196-68597e8151b0 basecall_model_version_id=dna_r10.4.1_e8.2_400bps_hac@v4.3.0
0	cf89e08d-0028-45bd-ad76-e37220141afc runid=0dfb5b492dc86ce99bf7c61c734eb364afcdb5c8 ch=39 start_time=2025-09-25T18:21:20.398161+00:00 flow_cell_id=AWX817 basecall_gpu=NVIDIA_Tegra_X2 protocol_group_id=ONT_trialEb_250925 sample_id=ONT_trail_250925 barcode=barcode24 barcode_alias=barcode24 parent_read_id=cf89e08d-0028-45bd-ad76-e37220141afc basecall_model_version_id=dna_r10.4.1_e8.2_400bps_hac@v4.3.0
0	c063261a-fb18-4617-8447-c47b20e820cd runid=0dfb5b492dc86ce99bf7c61c734eb364afcdb5c8 ch=4 start_time=2025-09-25T21:55:27.398161+00:00 flow_cell_id=AWX817 basecall_gpu=NVIDIA_Tegra_X2 protocol_group_id=ONT_trialEb_250925 sample_id=ONT_trail_250925 barcode=barcode22 barcode_alias=barcode22 parent_read_id=c063261a-fb18-4617-8447-c47b20e820cd basecall_model_version_id=dna_r10.4.1_e8.2_400bps_hac@v4.3.0 rc
0	9692f281-42da-4642-ad09-f602df90eb11 runid=0dfb5b492dc86ce99bf7c61c734eb364afcdb5c8 ch=39 start_time=2025-09-25T20:11:11.398161+00:00 flow_cell_id=AWX817 basecall_gpu=NVIDIA_Tegra_X2 protocol_group_id=ONT_trialEb_250925 sample_id=ONT_trail_250925 barcode=barcode23 barcode_alias=barcode23 parent_read_id=9692f281-42da-4642-ad09-f602df90eb11 basecall_model_version_id=dna_r10.4.1_e8.2_400bps_hac@v4.3.0 rc
0	2c5133f8-5374-4baf-8c93-3d4baf343578 runid=0dfb5b492dc86ce99bf7c61c734eb364afcdb5c8 ch=44 start_time=2025-09-25T21:10:00.398161+00:00 flow_cell_id=AWX817 basecall_gpu=NVIDIA_Tegra_X2 protocol_group_id=ONT_trialEb_250925 sample_id=ONT_trail_250925 barcode=barcode22 barcode_alias=barcode22 parent_read_id=2c5133f8-5374-4baf-8c93-3d4baf343578 basecall_model_version_id=dna_r10.4.1_e8.2_400bps_hac@v4.3.0 rc
0	84b410cb-eb3f-4f9b-be72-362979df942b runid=0dfb5b492dc86ce99bf7c61c734eb364afcdb5c8 ch=44 start_time=2025-09-25T15:52:51.398161+00:00 flow_cell_id=AWX817 basecall_gpu=NVIDIA_Tegra_X2 protocol_group_id=ONT_trialEb_250925 sample_id=ONT_trail_250925 barcode=barcode22 barcode_alias=barcode22 parent_read_id=84b410cb-eb3f-4f9b-be72-362979df942b basecall_model_version_id=dna_r10.4.1_e8.2_400bps_hac@v4.3.0 rc
0	0c6ead12-40f6-4038-a904-9006b309ff70 runid=0dfb5b492dc86ce99bf7c61c734eb364afcdb5c8 ch=58 start_time=2025-09-25T22:31:05.398161+00:00 flow_cell_id=AWX817 basecall_gpu=NVIDIA_Tegra_X2 protocol_group_id=ONT_trialEb_250925 sample_id=ONT_trail_250925 barcode=barcode22 barcode_alias=barcode22 parent_read_id=0c6ead12-40f6-4038-a904-9006b309ff70 basecall_model_version_id=dna_r10.4.1_e8.2_400bps_hac@v4.3.0 rc
0	664b5f0b-deaa-4800-86d9-ee6269646ada runid=0dfb5b492dc86ce99bf7c61c734eb364afcdb5c8 ch=4 start_time=2025-09-25T23:15:26.398161+00:00 flow_cell_id=AWX817 basecall_gpu=NVIDIA_Tegra_X2 protocol_group_id=ONT_trialEb_250925 sample_id=ONT_trail_250925 barcode=barcode22 barcode_alias=barcode22 parent_read_id=664b5f0b-deaa-4800-86d9-ee6269646ada basecall_model_version_id=dna_r10.4.1_e8.2_400bps_hac@v4.3.0 rc
0	664b5f0b-deaa-4800-86d9-ee6269646ada runid=0dfb5b492dc86ce99bf7c61c734eb364afcdb5c8 ch=4 start_time=2025-09-25T23:15:26.398161+00:00 flow_cell_id=AWX817 basecall_gpu=NVIDIA_Tegra_X2 protocol_group_id=ONT_trialEb_250925 sample_id=ONT_trail_250925 barcode=barcode22 barcode_alias=barcode22 parent_read_id=664b5f0b-deaa-4800-86d9-ee6269646ada basecall_model_version_id=dna_r10.4.1_e8.2_400bps_hac@v4.3.0 rc
0	6962dd64-78c2-41c5-bea0-4781e41714c4 runid=0dfb5b492dc86ce99bf7c61c734eb364afcdb5c8 ch=79 start_time=2025-09-25T17:46:49.398161+00:00 flow_cell_id=AWX817 basecall_gpu=NVIDIA_Tegra_X2 protocol_group_id=ONT_trialEb_250925 sample_id=ONT_trail_250925 barcode=barcode22 barcode_alias=barcode22 parent_read_id=6962dd64-78c2-41c5-bea0-4781e41714c4 basecall_model_version_id=dna_r10.4.1_e8.2_400bps_hac@v4.3.0 rc
0	ea00aca1-51a3-468f-a954-9e64b5080002 runid=0dfb5b492dc86ce99bf7c61c734eb364afcdb5c8 ch=4 start_time=2025-09-25T21:36:39.398161+00:00 flow_cell_id=AWX817 basecall_gpu=NVIDIA_Tegra_X2 protocol_group_id=ONT_trialEb_250925 sample_id=ONT_trail_250925 barcode=barcode22 barcode_alias=barcode22 parent_read_id=ea00aca1-51a3-468f-a954-9e64b5080002 basecall_model_version_id=dna_r10.4.1_e8.2_400bps_hac@v4.3.0 rc
0	d8d87035-597a-40fb-8719-3d373f5be272 runid=0dfb5b492dc86ce99bf7c61c734eb364afcdb5c8 ch=44 start_time=2025-09-25T22:53:17.398161+00:00 flow_cell_id=AWX817 basecall_gpu=NVIDIA_Tegra_X2 protocol_group_id=ONT_trialEb_250925 sample_id=ONT_trail_250925 barcode=barcode24 barcode_alias=barcode24 parent_read_id=12e5da7e-5e2c-4f17-a14d-eb096e39a37a basecall_model_version_id=dna_r10.4.1_e8.2_400bps_hac@v4.3.0 rc
0	6753c8cc-d14a-47ba-8175-169cd80aec5c runid=0dfb5b492dc86ce99bf7c61c734eb364afcdb5c8 ch=15 start_time=2025-09-25T17:27:50.398161+00:00 flow_cell_id=AWX817 basecall_gpu=NVIDIA_Tegra_X2 protocol_group_id=ONT_trialEb_250925 sample_id=ONT_trail_250925 barcode=barcode24 barcode_alias=barcode24 parent_read_id=6753c8cc-d14a-47ba-8175-169cd80aec5c basecall_model_version_id=dna_r10.4.1_e8.2_400bps_hac@v4.3.0 rc
0	cc770bd0-ac49-40b1-9bce-25cd4c73ab56 runid=0dfb5b492dc86ce99bf7c61c734eb364afcdb5c8 ch=20 start_time=2025-09-26T03:02:41.398161+00:00 flow_cell_id=AWX817 basecall_gpu=NVIDIA_Tegra_X2 protocol_group_id=ONT_trialEb_250925 sample_id=ONT_trail_250925 barcode=barcode23 barcode_alias=barcode23 parent_read_id=cc770bd0-ac49-40b1-9bce-25cd4c73ab56 basecall_model_version_id=dna_r10.4.1_e8.2_400bps_hac@v4.3.0 rc
0	35bf4662-7b50-4cad-8def-1009f3b809ba runid=0dfb5b492dc86ce99bf7c61c734eb364afcdb5c8 ch=58 start_time=2025-09-25T22:41:12.398161+00:00 flow_cell_id=AWX817 basecall_gpu=NVIDIA_Tegra_X2 protocol_group_id=ONT_trialEb_250925 sample_id=ONT_trail_250925 barcode=barcode22 barcode_alias=barcode22 parent_read_id=35bf4662-7b50-4cad-8def-1009f3b809ba basecall_model_version_id=dna_r10.4.1_e8.2_400bps_hac@v4.3.0 rc
0	0b86a535-f692-4ac9-a264-49e531d4d836 runid=0dfb5b492dc86ce99bf7c61c734eb364afcdb5c8 ch=56 start_time=2025-09-25T17:39:34.398161+00:00 flow_cell_id=AWX817 basecall_gpu=NVIDIA_Tegra_X2 protocol_group_id=ONT_trialEb_250925 sample_id=ONT_trail_250925 barcode=barcode22 barcode_alias=barcode22 parent_read_id=0b86a535-f692-4ac9-a264-49e531d4d836 basecall_model_version_id=dna_r10.4.1_e8.2_400bps_hac@v4.3.0 rc
0	0b86a535-f692-4ac9-a264-49e531d4d836 runid=0dfb5b492dc86ce99bf7c61c734eb364afcdb5c8 ch=56 start_time=2025-09-25T17:39:34.398161+00:00 flow_cell_id=AWX817 basecall_gpu=NVIDIA_Tegra_X2 protocol_group_id=ONT_trialEb_250925 sample_id=ONT_trail_250925 barcode=barcode22 barcode_alias=barcode22 parent_read_id=0b86a535-f692-4ac9-a264-49e531d4d836 basecall_model_version_id=dna_r10.4.1_e8.2_400bps_hac@v4.3.0 rc
0	ca7fd385-85c2-4b3d-87ca-1059b2fbb460 runid=0dfb5b492dc86ce99bf7c61c734eb364afcdb5c8 ch=4 start_time=2025-09-26T00:27:42.398161+00:00 flow_cell_id=AWX817 basecall_gpu=NVIDIA_Tegra_X2 protocol_group_id=ONT_trialEb_250925 sample_id=ONT_trail_250925 barcode=barcode23 barcode_alias=barcode23 parent_read_id=ca7fd385-85c2-4b3d-87ca-1059b2fbb460 basecall_model_version_id=dna_r10.4.1_e8.2_400bps_hac@v4.3.0
0	507d1622-efa2-4039-9247-a5acb8288529 runid=0dfb5b492dc86ce99bf7c61c734eb364afcdb5c8 ch=20 start_time=2025-09-26T02:53:42.398161+00:00 flow_cell_id=AWX817 basecall_gpu=NVIDIA_Tegra_X2 protocol_group_id=ONT_trialEb_250925 sample_id=ONT_trail_250925 barcode=barcode22 barcode_alias=barcode22 parent_read_id=507d1622-efa2-4039-9247-a5acb8288529 basecall_model_version_id=dna_r10.4.1_e8.2_400bps_hac@v4.3.0 rc
0	cdeb442e-fab8-4a83-bfa6-dfc65b90073e runid=0dfb5b492dc86ce99bf7c61c734eb364afcdb5c8 ch=44 start_time=2025-09-25T17:10:24.398161+00:00 flow_cell_id=AWX817 basecall_gpu=NVIDIA_Tegra_X2 protocol_group_id=ONT_trialEb_250925 sample_id=ONT_trail_250925 barcode=barcode24 barcode_alias=barcode24 parent_read_id=cdeb442e-fab8-4a83-bfa6-dfc65b90073e basecall_model_version_id=dna_r10.4.1_e8.2_400bps_hac@v4.3.0
0	889e84ca-1823-4641-8c3b-5c762f22d233 runid=0dfb5b492dc86ce99bf7c61c734eb364afcdb5c8 ch=44 start_time=2025-09-26T00:10:40.398161+00:00 flow_cell_id=AWX817 basecall_gpu=NVIDIA_Tegra_X2 protocol_group_id=ONT_trialEb_250925 sample_id=ONT_trail_250925 barcode=barcode22 barcode_alias=barcode22 parent_read_id=889e84ca-1823-4641-8c3b-5c762f22d233 basecall_model_version_id=dna_r10.4.1_e8.2_400bps_hac@v4.3.0 rc
0	889e84ca-1823-4641-8c3b-5c762f22d233 runid=0dfb5b492dc86ce99bf7c61c734eb364afcdb5c8 ch=44 start_time=2025-09-26T00:10:40.398161+00:00 flow_cell_id=AWX817 basecall_gpu=NVIDIA_Tegra_X2 protocol_group_id=ONT_trialEb_250925 sample_id=ONT_trail_250925 barcode=barcode22 barcode_alias=barcode22 parent_read_id=889e84ca-1823-4641-8c3b-5c762f22d233 basecall_model_version_id=dna_r10.4.1_e8.2_400bps_hac@v4.3.0 rc
0	1e570df1-d4e9-4911-b6d1-340c58ff0e13 runid=0dfb5b492dc86ce99bf7c61c734eb364afcdb5c8 ch=49 start_time=2025-09-26T09:38:50.398161+00:00 flow_cell_id=AWX817 basecall_gpu=NVIDIA_Tegra_X2 protocol_group_id=ONT_trialEb_250925 sample_id=ONT_trail_250925 barcode=barcode22 barcode_alias=barcode22 parent_read_id=1e570df1-d4e9-4911-b6d1-340c58ff0e13 basecall_model_version_id=dna_r10.4.1_e8.2_400bps_hac@v4.3.0
0	8a321a75-d098-4b40-bfbf-2db66ae8b803 runid=0dfb5b492dc86ce99bf7c61c734eb364afcdb5c8 ch=20 start_time=2025-09-25T17:30:25.398161+00:00 flow_cell_id=AWX817 basecall_gpu=NVIDIA_Tegra_X2 protocol_group_id=ONT_trialEb_250925 sample_id=ONT_trail_250925 barcode=barcode22 barcode_alias=barcode22 parent_read_id=8a321a75-d098-4b40-bfbf-2db66ae8b803 basecall_model_version_id=dna_r10.4.1_e8.2_400bps_hac@v4.3.0
0	09a776ac-91ff-4b06-9fd1-4e0f730dd286 runid=0dfb5b492dc86ce99bf7c61c734eb364afcdb5c8 ch=23 start_time=2025-09-25T18:14:25.398161+00:00 flow_cell_id=AWX817 basecall_gpu=NVIDIA_Tegra_X2 protocol_group_id=ONT_trialEb_250925 sample_id=ONT_trail_250925 barcode=barcode22 barcode_alias=barcode22 parent_read_id=09a776ac-91ff-4b06-9fd1-4e0f730dd286 basecall_model_version_id=dna_r10.4.1_e8.2_400bps_hac@v4.3.0 rc
0	8f405d09-3292-4346-9711-449085c51f60 runid=0dfb5b492dc86ce99bf7c61c734eb364afcdb5c8 ch=44 start_time=2025-09-25T16:18:40.398161+00:00 flow_cell_id=AWX817 basecall_gpu=NVIDIA_Tegra_X2 protocol_group_id=ONT_trialEb_250925 sample_id=ONT_trail_250925 barcode=barcode23 barcode_alias=barcode23 parent_read_id=8f405d09-3292-4346-9711-449085c51f60 basecall_model_version_id=dna_r10.4.1_e8.2_400bps_hac@v4.3.0 rc
0	7ad32359-8da2-4e99-9fde-351a147851f0 runid=0dfb5b492dc86ce99bf7c61c734eb364afcdb5c8 ch=44 start_time=2025-09-25T23:23:26.398161+00:00 flow_cell_id=AWX817 basecall_gpu=NVIDIA_Tegra_X2 protocol_group_id=ONT_trialEb_250925 sample_id=ONT_trail_250925 barcode=barcode22 barcode_alias=barcode22 parent_read_id=7ad32359-8da2-4e99-9fde-351a147851f0 basecall_model_version_id=dna_r10.4.1_e8.2_400bps_hac@v4.3.0 rc
0	e472f787-131f-4b6c-8c10-280af986714c runid=0dfb5b492dc86ce99bf7c61c734eb364afcdb5c8 ch=82 start_time=2025-09-25T17:41:05.398161+00:00 flow_cell_id=AWX817 basecall_gpu=NVIDIA_Tegra_X2 protocol_group_id=ONT_trialEb_250925 sample_id=ONT_trail_250925 barcode=barcode24 barcode_alias=barcode24 parent_read_id=e472f787-131f-4b6c-8c10-280af986714c basecall_model_version_id=dna_r10.4.1_e8.2_400bps_hac@v4.3.0
0	a915b7e6-5004-4c75-be9f-507266bddc25 runid=0dfb5b492dc86ce99bf7c61c734eb364afcdb5c8 ch=57 start_time=2025-09-25T18:15:00.398161+00:00 flow_cell_id=AWX817 basecall_gpu=NVIDIA_Tegra_X2 protocol_group_id=ONT_trialEb_250925 sample_id=ONT_trail_250925 barcode=barcode22 barcode_alias=barcode22 parent_read_id=d20d443d-5621-4cea-8f84-85038ca71fa7 basecall_model_version_id=dna_r10.4.1_e8.2_400bps_hac@v4.3.0
0	61068ba1-4bef-4809-9821-db437ce62024 runid=0dfb5b492dc86ce99bf7c61c734eb364afcdb5c8 ch=57 start_time=2025-09-25T18:11:34.398161+00:00 flow_cell_id=AWX817 basecall_gpu=NVIDIA_Tegra_X2 protocol_group_id=ONT_trialEb_250925 sample_id=ONT_trail_250925 barcode=barcode23 barcode_alias=barcode23 parent_read_id=61068ba1-4bef-4809-9821-db437ce62024 basecall_model_version_id=dna_r10.4.1_e8.2_400bps_hac@v4.3.0 rc
0	54cffbd0-2d96-4a09-b9ed-b2d622ad0087 runid=0dfb5b492dc86ce99bf7c61c734eb364afcdb5c8 ch=41 start_time=2025-09-25T21:17:18.398161+00:00 flow_cell_id=AWX817 basecall_gpu=NVIDIA_Tegra_X2 protocol_group_id=ONT_trialEb_250925 sample_id=ONT_trail_250925 barcode=barcode23 barcode_alias=barcode23 parent_read_id=54cffbd0-2d96-4a09-b9ed-b2d622ad0087 basecall_model_version_id=dna_r10.4.1_e8.2_400bps_hac@v4.3.0 rc
0	06bdae6d-24c9-49f4-905e-8210872a85cd runid=0dfb5b492dc86ce99bf7c61c734eb364afcdb5c8 ch=4 start_time=2025-09-25T16:41:19.398161+00:00 flow_cell_id=AWX817 basecall_gpu=NVIDIA_Tegra_X2 protocol_group_id=ONT_trialEb_250925 sample_id=ONT_trail_250925 barcode=barcode22 barcode_alias=barcode22 parent_read_id=06bdae6d-24c9-49f4-905e-8210872a85cd basecall_model_version_id=dna_r10.4.1_e8.2_400bps_hac@v4.3.0 rc
0	b60ad15c-41ef-4da7-a431-26d5b3b522bf runid=0dfb5b492dc86ce99bf7c61c734eb364afcdb5c8 ch=6 start_time=2025-09-25T17:19:42.398161+00:00 flow_cell_id=AWX817 basecall_gpu=NVIDIA_Tegra_X2 protocol_group_id=ONT_trialEb_250925 sample_id=ONT_trail_250925 barcode=barcode22 barcode_alias=barcode22 parent_read_id=b60ad15c-41ef-4da7-a431-26d5b3b522bf basecall_model_version_id=dna_r10.4.1_e8.2_400bps_hac@v4.3.0
0	168e55f5-da75-466d-8b37-f5d7a3522f50 runid=0dfb5b492dc86ce99bf7c61c734eb364afcdb5c8 ch=40 start_time=2025-09-25T16:22:26.398161+00:00 flow_cell_id=AWX817 basecall_gpu=NVIDIA_Tegra_X2 protocol_group_id=ONT_trialEb_250925 sample_id=ONT_trail_250925 barcode=barcode23 barcode_alias=barcode23 parent_read_id=168e55f5-da75-466d-8b37-f5d7a3522f50 basecall_model_version_id=dna_r10.4.1_e8.2_400bps_hac@v4.3.0
0	f102666e-b47a-472b-abdb-47783294a573 runid=0dfb5b492dc86ce99bf7c61c734eb364afcdb5c8 ch=108 start_time=2025-09-25T15:54:32.398161+00:00 flow_cell_id=AWX817 basecall_gpu=NVIDIA_Tegra_X2 protocol_group_id=ONT_trialEb_250925 sample_id=ONT_trail_250925 barcode=barcode22 barcode_alias=barcode22 parent_read_id=f102666e-b47a-472b-abdb-47783294a573 basecall_model_version_id=dna_r10.4.1_e8.2_400bps_hac@v4.3.0
0	f102666e-b47a-472b-abdb-47783294a573 runid=0dfb5b492dc86ce99bf7c61c734eb364afcdb5c8 ch=108 start_time=2025-09-25T15:54:32.398161+00:00 flow_cell_id=AWX817 basecall_gpu=NVIDIA_Tegra_X2 protocol_group_id=ONT_trialEb_250925 sample_id=ONT_trail_250925 barcode=barcode22 barcode_alias=barcode22 parent_read_id=f102666e-b47a-472b-abdb-47783294a573 basecall_model_version_id=dna_r10.4.1_e8.2_400bps_hac@v4.3.0
0	39fbf228-7d1a-450d-9306-47f8611e1b34 runid=0dfb5b492dc86ce99bf7c61c734eb364afcdb5c8 ch=39 start_time=2025-09-26T01:36:42.398161+00:00 flow_cell_id=AWX817 basecall_gpu=NVIDIA_Tegra_X2 protocol_group_id=ONT_trialEb_250925 sample_id=ONT_trail_250925 barcode=barcode22 barcode_alias=barcode22 parent_read_id=39fbf228-7d1a-450d-9306-47f8611e1b34 basecall_model_version_id=dna_r10.4.1_e8.2_400bps_hac@v4.3.0 rc
0	6ca058fa-7684-43b1-bc20-33fa2a4c1073 runid=0dfb5b492dc86ce99bf7c61c734eb364afcdb5c8 ch=49 start_time=2025-09-25T19:03:28.398161+00:00 flow_cell_id=AWX817 basecall_gpu=NVIDIA_Tegra_X2 protocol_group_id=ONT_trialEb_250925 sample_id=ONT_trail_250925 barcode=barcode22 barcode_alias=barcode22 parent_read_id=6ca058fa-7684-43b1-bc20-33fa2a4c1073 basecall_model_version_id=dna_r10.4.1_e8.2_400bps_hac@v4.3.0
0	6ca058fa-7684-43b1-bc20-33fa2a4c1073 runid=0dfb5b492dc86ce99bf7c61c734eb364afcdb5c8 ch=49 start_time=2025-09-25T19:03:28.398161+00:00 flow_cell_id=AWX817 basecall_gpu=NVIDIA_Tegra_X2 protocol_group_id=ONT_trialEb_250925 sample_id=ONT_trail_250925 barcode=barcode22 barcode_alias=barcode22 parent_read_id=6ca058fa-7684-43b1-bc20-33fa2a4c1073 basecall_model_version_id=dna_r10.4.1_e8.2_400bps_hac@v4.3.0
0	86422ffc-4765-43f5-aa6d-5cbdfbdba30d runid=0dfb5b492dc86ce99bf7c61c734eb364afcdb5c8 ch=20 start_time=2025-09-26T07:46:34.398161+00:00 flow_cell_id=AWX817 basecall_gpu=NVIDIA_Tegra_X2 protocol_group_id=ONT_trialEb_250925 sample_id=ONT_trail_250925 barcode=barcode23 barcode_alias=barcode23 parent_read_id=86422ffc-4765-43f5-aa6d-5cbdfbdba30d basecall_model_version_id=dna_r10.4.1_e8.2_400bps_hac@v4.3.0
0	e20a09b4-34a5-4138-bfe7-20f1feef7848 runid=0dfb5b492dc86ce99bf7c61c734eb364afcdb5c8 ch=15 start_time=2025-09-25T19:42:45.398161+00:00 flow_cell_id=AWX817 basecall_gpu=NVIDIA_Tegra_X2 protocol_group_id=ONT_trialEb_250925 sample_id=ONT_trail_250925 barcode=barcode22 barcode_alias=barcode22 parent_read_id=e20a09b4-34a5-4138-bfe7-20f1feef7848 basecall_model_version_id=dna_r10.4.1_e8.2_400bps_hac@v4.3.0 rc
0	1bdd8fa6-dd73-41e2-8269-d3a4ac75c4b8 runid=0dfb5b492dc86ce99bf7c61c734eb364afcdb5c8 ch=110 start_time=2025-09-25T17:58:11.398161+00:00 flow_cell_id=AWX817 basecall_gpu=NVIDIA_Tegra_X2 protocol_group_id=ONT_trialEb_250925 sample_id=ONT_trail_250925 barcode=barcode24 barcode_alias=barcode24 parent_read_id=1bdd8fa6-dd73-41e2-8269-d3a4ac75c4b8 basecall_model_version_id=dna_r10.4.1_e8.2_400bps_hac@v4.3.0 rc
0	a38c7cea-c770-4f40-b4ae-c58efb2ddd82 runid=0dfb5b492dc86ce99bf7c61c734eb364afcdb5c8 ch=44 start_time=2025-09-26T02:56:11.398161+00:00 flow_cell_id=AWX817 basecall_gpu=NVIDIA_Tegra_X2 protocol_group_id=ONT_trialEb_250925 sample_id=ONT_trail_250925 barcode=barcode24 barcode_alias=barcode24 parent_read_id=a38c7cea-c770-4f40-b4ae-c58efb2ddd82 basecall_model_version_id=dna_r10.4.1_e8.2_400bps_hac@v4.3.0
0	b55b71ed-0036-44e1-81fe-be4da64754e5 runid=0dfb5b492dc86ce99bf7c61c734eb364afcdb5c8 ch=73 start_time=2025-09-25T18:28:45.398161+00:00 flow_cell_id=AWX817 basecall_gpu=NVIDIA_Tegra_X2 protocol_group_id=ONT_trialEb_250925 sample_id=ONT_trail_250925 barcode=barcode22 barcode_alias=barcode22 parent_read_id=302eefa3-ad57-4b39-bf9d-0555d5b9fbd0 basecall_model_version_id=dna_r10.4.1_e8.2_400bps_hac@v4.3.0 rc
0	7f0ec224-2cbe-4a39-92bc-ae3a964cc2c0 runid=0dfb5b492dc86ce99bf7c61c734eb364afcdb5c8 ch=6 start_time=2025-09-25T18:02:16.398161+00:00 flow_cell_id=AWX817 basecall_gpu=NVIDIA_Tegra_X2 protocol_group_id=ONT_trialEb_250925 sample_id=ONT_trail_250925 barcode=barcode22 barcode_alias=barcode22 parent_read_id=7f0ec224-2cbe-4a39-92bc-ae3a964cc2c0 basecall_model_version_id=dna_r10.4.1_e8.2_400bps_hac@v4.3.0 rc
0	78646e7b-5512-41fd-8873-4780199b2889 runid=0dfb5b492dc86ce99bf7c61c734eb364afcdb5c8 ch=49 start_time=2025-09-25T17:37:10.398161+00:00 flow_cell_id=AWX817 basecall_gpu=NVIDIA_Tegra_X2 protocol_group_id=ONT_trialEb_250925 sample_id=ONT_trail_250925 barcode=barcode22 barcode_alias=barcode22 parent_read_id=78646e7b-5512-41fd-8873-4780199b2889 basecall_model_version_id=dna_r10.4.1_e8.2_400bps_hac@v4.3.0
0	138732f4-83d6-4fd1-9287-798a45f24b3b runid=0dfb5b492dc86ce99bf7c61c734eb364afcdb5c8 ch=73 start_time=2025-09-25T18:01:24.398161+00:00 flow_cell_id=AWX817 basecall_gpu=NVIDIA_Tegra_X2 protocol_group_id=ONT_trialEb_250925 sample_id=ONT_trail_250925 barcode=barcode22 barcode_alias=barcode22 parent_read_id=138732f4-83d6-4fd1-9287-798a45f24b3b basecall_model_version_id=dna_r10.4.1_e8.2_400bps_hac@v4.3.0 rc
0	00d024db-843b-4f42-9c13-fa39bec65d09 runid=0dfb5b492dc86ce99bf7c61c734eb364afcdb5c8 ch=106 start_time=2025-09-25T17:04:12.398161+00:00 flow_cell_id=AWX817 basecall_gpu=NVIDIA_Tegra_X2 protocol_group_id=ONT_trialEb_250925 sample_id=ONT_trail_250925 barcode=barcode22 barcode_alias=barcode22 parent_read_id=00d024db-843b-4f42-9c13-fa39bec65d09 basecall_model_version_id=dna_r10.4.1_e8.2_400bps_hac@v4.3.0
0	00d024db-843b-4f42-9c13-fa39bec65d09 runid=0dfb5b492dc86ce99bf7c61c734eb364afcdb5c8 ch=106 start_time=2025-09-25T17:04:12.398161+00:00 flow_cell_id=AWX817 basecall_gpu=NVIDIA_Tegra_X2 protocol_group_id=ONT_trialEb_250925 sample_id=ONT_trail_250925 barcode=barcode22 barcode_alias=barcode22 parent_read_id=00d024db-843b-4f42-9c13-fa39bec65d09 basecall_model_version_id=dna_r10.4.1_e8.2_400bps_hac@v4.3.0
0	f6d49dac-82da-4380-b411-effea76eb55f runid=0dfb5b492dc86ce99bf7c61c734eb364afcdb5c8 ch=58 start_time=2025-09-25T17:35:24.398161+00:00 flow_cell_id=AWX817 basecall_gpu=NVIDIA_Tegra_X2 protocol_group_id=ONT_trialEb_250925 sample_id=ONT_trail_250925 barcode=barcode22 barcode_alias=barcode22 parent_read_id=f6d49dac-82da-4380-b411-effea76eb55f basecall_model_version_id=dna_r10.4.1_e8.2_400bps_hac@v4.3.0
0	44e32085-7d95-4ddc-893c-c5461db5f859 runid=0dfb5b492dc86ce99bf7c61c734eb364afcdb5c8 ch=40 start_time=2025-09-25T16:24:48.398161+00:00 flow_cell_id=AWX817 basecall_gpu=NVIDIA_Tegra_X2 protocol_group_id=ONT_trialEb_250925 sample_id=ONT_trail_250925 barcode=barcode22 barcode_alias=barcode22 parent_read_id=44e32085-7d95-4ddc-893c-c5461db5f859 basecall_model_version_id=dna_r10.4.1_e8.2_400bps_hac@v4.3.0 rc
0	49d7b0f3-492b-410e-8628-1a83edbccbc3 runid=0dfb5b492dc86ce99bf7c61c734eb364afcdb5c8 ch=43 start_time=2025-09-25T20:45:18.398161+00:00 flow_cell_id=AWX817 basecall_gpu=NVIDIA_Tegra_X2 protocol_group_id=ONT_trialEb_250925 sample_id=ONT_trail_250925 barcode=barcode22 barcode_alias=barcode22 parent_read_id=49d7b0f3-492b-410e-8628-1a83edbccbc3 basecall_model_version_id=dna_r10.4.1_e8.2_400bps_hac@v4.3.0
0	5abd4b26-84bb-4fcb-9d86-2f90def34e17 runid=0dfb5b492dc86ce99bf7c61c734eb364afcdb5c8 ch=44 start_time=2025-09-25T16:51:55.398161+00:00 flow_cell_id=AWX817 basecall_gpu=NVIDIA_Tegra_X2 protocol_group_id=ONT_trialEb_250925 sample_id=ONT_trail_250925 barcode=barcode22 barcode_alias=barcode22 parent_read_id=5abd4b26-84bb-4fcb-9d86-2f90def34e17 basecall_model_version_id=dna_r10.4.1_e8.2_400bps_hac@v4.3.0 rc
0	4fb64d0d-2df7-4c9e-842e-1c752a8d53bc runid=0dfb5b492dc86ce99bf7c61c734eb364afcdb5c8 ch=20 start_time=2025-09-26T06:43:25.398161+00:00 flow_cell_id=AWX817 basecall_gpu=NVIDIA_Tegra_X2 protocol_group_id=ONT_trialEb_250925 sample_id=ONT_trail_250925 barcode=barcode22 barcode_alias=barcode22 parent_read_id=4fb64d0d-2df7-4c9e-842e-1c752a8d53bc basecall_model_version_id=dna_r10.4.1_e8.2_400bps_hac@v4.3.0 rc
0	e0c3a8bb-4502-416c-9d34-4843999f5510 runid=0dfb5b492dc86ce99bf7c61c734eb364afcdb5c8 ch=40 start_time=2025-09-25T18:17:42.398161+00:00 flow_cell_id=AWX817 basecall_gpu=NVIDIA_Tegra_X2 protocol_group_id=ONT_trialEb_250925 sample_id=ONT_trail_250925 barcode=barcode22 barcode_alias=barcode22 parent_read_id=e0c3a8bb-4502-416c-9d34-4843999f5510 basecall_model_version_id=dna_r10.4.1_e8.2_400bps_hac@v4.3.0 rc
0	e0c3a8bb-4502-416c-9d34-4843999f5510 runid=0dfb5b492dc86ce99bf7c61c734eb364afcdb5c8 ch=40 start_time=2025-09-25T18:17:42.398161+00:00 flow_cell_id=AWX817 basecall_gpu=NVIDIA_Tegra_X2 protocol_group_id=ONT_trialEb_250925 sample_id=ONT_trail_250925 barcode=barcode22 barcode_alias=barcode22 parent_read_id=e0c3a8bb-4502-416c-9d34-4843999f5510 basecall_model_version_id=dna_r10.4.1_e8.2_400bps_hac@v4.3.0 rc
0	c4b38afa-e261-4bae-9c14-b7d93462b97a runid=0dfb5b492dc86ce99bf7c61c734eb364afcdb5c8 ch=44 start_time=2025-09-26T00:16:39.398161+00:00 flow_cell_id=AWX817 basecall_gpu=NVIDIA_Tegra_X2 protocol_group_id=ONT_trialEb_250925 sample_id=ONT_trail_250925 barcode=barcode24 barcode_alias=barcode24 parent_read_id=c4b38afa-e261-4bae-9c14-b7d93462b97a basecall_model_version_id=dna_r10.4.1_e8.2_400bps_hac@v4.3.0
0	753d7397-59fb-41b1-ab95-c25e1b66d640 runid=0dfb5b492dc86ce99bf7c61c734eb364afcdb5c8 ch=56 start_time=2025-09-25T18:10:06.398161+00:00 flow_cell_id=AWX817 basecall_gpu=NVIDIA_Tegra_X2 protocol_group_id=ONT_trialEb_250925 sample_id=ONT_trail_250925 barcode=barcode22 barcode_alias=barcode22 parent_read_id=753d7397-59fb-41b1-ab95-c25e1b66d640 basecall_model_version_id=dna_r10.4.1_e8.2_400bps_hac@v4.3.0 rc
0	ccca61e0-33ca-42c4-8255-469d1ca6338a runid=0dfb5b492dc86ce99bf7c61c734eb364afcdb5c8 ch=4 start_time=2025-09-25T22:44:26.398161+00:00 flow_cell_id=AWX817 basecall_gpu=NVIDIA_Tegra_X2 protocol_group_id=ONT_trialEb_250925 sample_id=ONT_trail_250925 barcode=barcode13 barcode_alias=barcode13 parent_read_id=ccca61e0-33ca-42c4-8255-469d1ca6338a basecall_model_version_id=dna_r10.4.1_e8.2_400bps_hac@v4.3.0
0	21c13cb2-a635-4989-bc81-ba34f0e6c9db runid=0dfb5b492dc86ce99bf7c61c734eb364afcdb5c8 ch=57 start_time=2025-09-25T17:39:01.398161+00:00 flow_cell_id=AWX817 basecall_gpu=NVIDIA_Tegra_X2 protocol_group_id=ONT_trialEb_250925 sample_id=ONT_trail_250925 barcode=barcode22 barcode_alias=barcode22 parent_read_id=21c13cb2-a635-4989-bc81-ba34f0e6c9db basecall_model_version_id=dna_r10.4.1_e8.2_400bps_hac@v4.3.0 rc
0	21c13cb2-a635-4989-bc81-ba34f0e6c9db runid=0dfb5b492dc86ce99bf7c61c734eb364afcdb5c8 ch=57 start_time=2025-09-25T17:39:01.398161+00:00 flow_cell_id=AWX817 basecall_gpu=NVIDIA_Tegra_X2 protocol_group_id=ONT_trialEb_250925 sample_id=ONT_trail_250925 barcode=barcode22 barcode_alias=barcode22 parent_read_id=21c13cb2-a635-4989-bc81-ba34f0e6c9db basecall_model_version_id=dna_r10.4.1_e8.2_400bps_hac@v4.3.0 rc
0	a5a9098a-baa6-46a8-a2ba-9f2077dbe5a4 runid=0dfb5b492dc86ce99bf7c61c734eb364afcdb5c8 ch=110 start_time=2025-09-25T18:07:15.398161+00:00 flow_cell_id=AWX817 basecall_gpu=NVIDIA_Tegra_X2 protocol_group_id=ONT_trialEb_250925 sample_id=ONT_trail_250925 barcode=barcode22 barcode_alias=barcode22 parent_read_id=a5a9098a-baa6-46a8-a2ba-9f2077dbe5a4 basecall_model_version_id=dna_r10.4.1_e8.2_400bps_hac@v4.3.0 rc
0	3175b661-69e4-4825-9ed4-d62b97a6edda runid=0dfb5b492dc86ce99bf7c61c734eb364afcdb5c8 ch=56 start_time=2025-09-25T18:06:25.398161+00:00 flow_cell_id=AWX817 basecall_gpu=NVIDIA_Tegra_X2 protocol_group_id=ONT_trialEb_250925 sample_id=ONT_trail_250925 barcode=barcode22 barcode_alias=barcode22 parent_read_id=3175b661-69e4-4825-9ed4-d62b97a6edda basecall_model_version_id=dna_r10.4.1_e8.2_400bps_hac@v4.3.0 rc
0	a0cac763-68c3-4002-809d-53fe50c87f07 runid=0dfb5b492dc86ce99bf7c61c734eb364afcdb5c8 ch=49 start_time=2025-09-25T18:06:05.398161+00:00 flow_cell_id=AWX817 basecall_gpu=NVIDIA_Tegra_X2 protocol_group_id=ONT_trialEb_250925 sample_id=ONT_trail_250925 barcode=barcode22 barcode_alias=barcode22 parent_read_id=a0cac763-68c3-4002-809d-53fe50c87f07 basecall_model_version_id=dna_r10.4.1_e8.2_400bps_hac@v4.3.0 rc
0	a0cac763-68c3-4002-809d-53fe50c87f07 runid=0dfb5b492dc86ce99bf7c61c734eb364afcdb5c8 ch=49 start_time=2025-09-25T18:06:05.398161+00:00 flow_cell_id=AWX817 basecall_gpu=NVIDIA_Tegra_X2 protocol_group_id=ONT_trialEb_250925 sample_id=ONT_trail_250925 barcode=barcode22 barcode_alias=barcode22 parent_read_id=a0cac763-68c3-4002-809d-53fe50c87f07 basecall_model_version_id=dna_r10.4.1_e8.2_400bps_hac@v4.3.0 rc
0	99e88d32-e3d6-447b-8f81-b4b3ade4882f runid=0dfb5b492dc86ce99bf7c61c734eb364afcdb5c8 ch=41 start_time=2025-09-25T18:21:17.398161+00:00 flow_cell_id=AWX817 basecall_gpu=NVIDIA_Tegra_X2 protocol_group_id=ONT_trialEb_250925 sample_id=ONT_trail_250925 barcode=barcode23 barcode_alias=barcode23 parent_read_id=99e88d32-e3d6-447b-8f81-b4b3ade4882f basecall_model_version_id=dna_r10.4.1_e8.2_400bps_hac@v4.3.0 rc
0	90c13128-faba-495a-bb97-0183cd167952 runid=0dfb5b492dc86ce99bf7c61c734eb364afcdb5c8 ch=41 start_time=2025-09-25T15:48:21.398161+00:00 flow_cell_id=AWX817 basecall_gpu=NVIDIA_Tegra_X2 protocol_group_id=ONT_trialEb_250925 sample_id=ONT_trail_250925 barcode=barcode24 barcode_alias=barcode24 parent_read_id=90c13128-faba-495a-bb97-0183cd167952 basecall_model_version_id=dna_r10.4.1_e8.2_400bps_hac@v4.3.0 rc
0	5ff100c6-c62e-457c-a03c-02a33e68319d runid=0dfb5b492dc86ce99bf7c61c734eb364afcdb5c8 ch=44 start_time=2025-09-25T20:55:56.398161+00:00 flow_cell_id=AWX817 basecall_gpu=NVIDIA_Tegra_X2 protocol_group_id=ONT_trialEb_250925 sample_id=ONT_trail_250925 barcode=barcode22 barcode_alias=barcode22 parent_read_id=5ff100c6-c62e-457c-a03c-02a33e68319d basecall_model_version_id=dna_r10.4.1_e8.2_400bps_hac@v4.3.0
0	b0d05a6a-5f9f-4fb1-a392-d6e1d632a5fa runid=0dfb5b492dc86ce99bf7c61c734eb364afcdb5c8 ch=41 start_time=2025-09-25T18:36:28.398161+00:00 flow_cell_id=AWX817 basecall_gpu=NVIDIA_Tegra_X2 protocol_group_id=ONT_trialEb_250925 sample_id=ONT_trail_250925 barcode=barcode22 barcode_alias=barcode22 parent_read_id=b0d05a6a-5f9f-4fb1-a392-d6e1d632a5fa basecall_model_version_id=dna_r10.4.1_e8.2_400bps_hac@v4.3.0
0	9bec1ed9-ecd5-49e7-97ae-d1cff80c52eb runid=0dfb5b492dc86ce99bf7c61c734eb364afcdb5c8 ch=42 start_time=2025-09-25T23:37:24.398161+00:00 flow_cell_id=AWX817 basecall_gpu=NVIDIA_Tegra_X2 protocol_group_id=ONT_trialEb_250925 sample_id=ONT_trail_250925 barcode=barcode22 barcode_alias=barcode22 parent_read_id=9bec1ed9-ecd5-49e7-97ae-d1cff80c52eb basecall_model_version_id=dna_r10.4.1_e8.2_400bps_hac@v4.3.0 rc
0	d8b31c48-c309-44f5-95eb-210e0686e342 runid=0dfb5b492dc86ce99bf7c61c734eb364afcdb5c8 ch=20 start_time=2025-09-26T07:00:21.398161+00:00 flow_cell_id=AWX817 basecall_gpu=NVIDIA_Tegra_X2 protocol_group_id=ONT_trialEb_250925 sample_id=ONT_trail_250925 barcode=barcode23 barcode_alias=barcode23 parent_read_id=d8b31c48-c309-44f5-95eb-210e0686e342 basecall_model_version_id=dna_r10.4.1_e8.2_400bps_hac@v4.3.0 rc
0	08af45c2-46d1-4cf8-be5c-a9b26b7c7d1c runid=0dfb5b492dc86ce99bf7c61c734eb364afcdb5c8 ch=39 start_time=2025-09-25T17:34:59.398161+00:00 flow_cell_id=AWX817 basecall_gpu=NVIDIA_Tegra_X2 protocol_group_id=ONT_trialEb_250925 sample_id=ONT_trail_250925 barcode=barcode24 barcode_alias=barcode24 parent_read_id=08af45c2-46d1-4cf8-be5c-a9b26b7c7d1c basecall_model_version_id=dna_r10.4.1_e8.2_400bps_hac@v4.3.0 rc
0	89558cf3-b0cc-4f4d-85d4-9996d04359b8 runid=0dfb5b492dc86ce99bf7c61c734eb364afcdb5c8 ch=110 start_time=2025-09-25T17:02:08.398161+00:00 flow_cell_id=AWX817 basecall_gpu=NVIDIA_Tegra_X2 protocol_group_id=ONT_trialEb_250925 sample_id=ONT_trail_250925 barcode=barcode23 barcode_alias=barcode23 parent_read_id=89558cf3-b0cc-4f4d-85d4-9996d04359b8 basecall_model_version_id=dna_r10.4.1_e8.2_400bps_hac@v4.3.0 rc
0	c36d5c09-a30d-412c-84aa-2d5577aad7fe runid=0dfb5b492dc86ce99bf7c61c734eb364afcdb5c8 ch=58 start_time=2025-09-25T18:06:03.398161+00:00 flow_cell_id=AWX817 basecall_gpu=NVIDIA_Tegra_X2 protocol_group_id=ONT_trialEb_250925 sample_id=ONT_trail_250925 barcode=barcode22 barcode_alias=barcode22 parent_read_id=c36d5c09-a30d-412c-84aa-2d5577aad7fe basecall_model_version_id=dna_r10.4.1_e8.2_400bps_hac@v4.3.0
0	304a8b32-7c68-4a28-8629-1f91ff7bc533 runid=0dfb5b492dc86ce99bf7c61c734eb364afcdb5c8 ch=44 start_time=2025-09-26T03:59:54.398161+00:00 flow_cell_id=AWX817 basecall_gpu=NVIDIA_Tegra_X2 protocol_group_id=ONT_trialEb_250925 sample_id=ONT_trail_250925 barcode=barcode22 barcode_alias=barcode22 parent_read_id=304a8b32-7c68-4a28-8629-1f91ff7bc533 basecall_model_version_id=dna_r10.4.1_e8.2_400bps_hac@v4.3.0 rc
0	4991b87a-654f-40c9-8c97-a8488b21e2a3 runid=0dfb5b492dc86ce99bf7c61c734eb364afcdb5c8 ch=44 start_time=2025-09-25T18:09:23.398161+00:00 flow_cell_id=AWX817 basecall_gpu=NVIDIA_Tegra_X2 protocol_group_id=ONT_trialEb_250925 sample_id=ONT_trail_250925 barcode=barcode22 barcode_alias=barcode22 parent_read_id=f167760d-845b-493e-b614-c1cf8e4079e5 basecall_model_version_id=dna_r10.4.1_e8.2_400bps_hac@v4.3.0
0	2f3fba0f-e66c-4af3-bd16-506949ca2375 runid=0dfb5b492dc86ce99bf7c61c734eb364afcdb5c8 ch=56 start_time=2025-09-25T16:36:47.398161+00:00 flow_cell_id=AWX817 basecall_gpu=NVIDIA_Tegra_X2 protocol_group_id=ONT_trialEb_250925 sample_id=ONT_trail_250925 barcode=barcode23 barcode_alias=barcode23 parent_read_id=2f3fba0f-e66c-4af3-bd16-506949ca2375 basecall_model_version_id=dna_r10.4.1_e8.2_400bps_hac@v4.3.0 rc
0	087a34ea-f9bb-4caf-8325-090f32d5b857 runid=0dfb5b492dc86ce99bf7c61c734eb364afcdb5c8 ch=58 start_time=2025-09-25T17:53:06.398161+00:00 flow_cell_id=AWX817 basecall_gpu=NVIDIA_Tegra_X2 protocol_group_id=ONT_trialEb_250925 sample_id=ONT_trail_250925 barcode=barcode22 barcode_alias=barcode22 parent_read_id=087a34ea-f9bb-4caf-8325-090f32d5b857 basecall_model_version_id=dna_r10.4.1_e8.2_400bps_hac@v4.3.0 rc
0	aeb9523b-e16f-4234-81e8-ace7fd960542 runid=0dfb5b492dc86ce99bf7c61c734eb364afcdb5c8 ch=20 start_time=2025-09-25T23:35:43.398161+00:00 flow_cell_id=AWX817 basecall_gpu=NVIDIA_Tegra_X2 protocol_group_id=ONT_trialEb_250925 sample_id=ONT_trail_250925 barcode=barcode22 barcode_alias=barcode22 parent_read_id=aeb9523b-e16f-4234-81e8-ace7fd960542 basecall_model_version_id=dna_r10.4.1_e8.2_400bps_hac@v4.3.0
0	aeb9523b-e16f-4234-81e8-ace7fd960542 runid=0dfb5b492dc86ce99bf7c61c734eb364afcdb5c8 ch=20 start_time=2025-09-25T23:35:43.398161+00:00 flow_cell_id=AWX817 basecall_gpu=NVIDIA_Tegra_X2 protocol_group_id=ONT_trialEb_250925 sample_id=ONT_trail_250925 barcode=barcode22 barcode_alias=barcode22 parent_read_id=aeb9523b-e16f-4234-81e8-ace7fd960542 basecall_model_version_id=dna_r10.4.1_e8.2_400bps_hac@v4.3.0
0	cc14988b-02b1-4e7b-8690-0e82428fbd2e runid=0dfb5b492dc86ce99bf7c61c734eb364afcdb5c8 ch=39 start_time=2025-09-26T02:34:49.398161+00:00 flow_cell_id=AWX817 basecall_gpu=NVIDIA_Tegra_X2 protocol_group_id=ONT_trialEb_250925 sample_id=ONT_trail_250925 barcode=barcode22 barcode_alias=barcode22 parent_read_id=cc14988b-02b1-4e7b-8690-0e82428fbd2e basecall_model_version_id=dna_r10.4.1_e8.2_400bps_hac@v4.3.0
0	630fa588-e265-4f07-8b31-b578156fdd3b runid=0dfb5b492dc86ce99bf7c61c734eb364afcdb5c8 ch=57 start_time=2025-09-25T17:22:20.398161+00:00 flow_cell_id=AWX817 basecall_gpu=NVIDIA_Tegra_X2 protocol_group_id=ONT_trialEb_250925 sample_id=ONT_trail_250925 barcode=barcode22 barcode_alias=barcode22 parent_read_id=630fa588-e265-4f07-8b31-b578156fdd3b basecall_model_version_id=dna_r10.4.1_e8.2_400bps_hac@v4.3.0 rc
0	eb7148e5-e9da-4eb4-b855-4043964938e3 runid=0dfb5b492dc86ce99bf7c61c734eb364afcdb5c8 ch=41 start_time=2025-09-25T23:47:06.398161+00:00 flow_cell_id=AWX817 basecall_gpu=NVIDIA_Tegra_X2 protocol_group_id=ONT_trialEb_250925 sample_id=ONT_trail_250925 barcode=barcode22 barcode_alias=barcode22 parent_read_id=eb7148e5-e9da-4eb4-b855-4043964938e3 basecall_model_version_id=dna_r10.4.1_e8.2_400bps_hac@v4.3.0 rc
0	a41e78f1-a95c-4031-8343-d6ee12357f6f runid=0dfb5b492dc86ce99bf7c61c734eb364afcdb5c8 ch=85 start_time=2025-09-25T17:09:28.398161+00:00 flow_cell_id=AWX817 basecall_gpu=NVIDIA_Tegra_X2 protocol_group_id=ONT_trialEb_250925 sample_id=ONT_trail_250925 barcode=barcode24 barcode_alias=barcode24 parent_read_id=a41e78f1-a95c-4031-8343-d6ee12357f6f basecall_model_version_id=dna_r10.4.1_e8.2_400bps_hac@v4.3.0 rc
0	1e47d5f0-e8ef-47c4-b9db-609f87f9c54d runid=0dfb5b492dc86ce99bf7c61c734eb364afcdb5c8 ch=44 start_time=2025-09-26T03:13:48.398161+00:00 flow_cell_id=AWX817 basecall_gpu=NVIDIA_Tegra_X2 protocol_group_id=ONT_trialEb_250925 sample_id=ONT_trail_250925 barcode=barcode22 barcode_alias=barcode22 parent_read_id=1e47d5f0-e8ef-47c4-b9db-609f87f9c54d basecall_model_version_id=dna_r10.4.1_e8.2_400bps_hac@v4.3.0
0	8dc7f8bb-753a-4bfc-bf33-4f004de5e8b2 runid=0dfb5b492dc86ce99bf7c61c734eb364afcdb5c8 ch=110 start_time=2025-09-25T16:08:11.398161+00:00 flow_cell_id=AWX817 basecall_gpu=NVIDIA_Tegra_X2 protocol_group_id=ONT_trialEb_250925 sample_id=ONT_trail_250925 barcode=barcode23 barcode_alias=barcode23 parent_read_id=8dc7f8bb-753a-4bfc-bf33-4f004de5e8b2 basecall_model_version_id=dna_r10.4.1_e8.2_400bps_hac@v4.3.0 rc
0	0fdebdf3-ea25-46b0-9c42-829f9b4a7766 runid=0dfb5b492dc86ce99bf7c61c734eb364afcdb5c8 ch=58 start_time=2025-09-25T22:43:16.398161+00:00 flow_cell_id=AWX817 basecall_gpu=NVIDIA_Tegra_X2 protocol_group_id=ONT_trialEb_250925 sample_id=ONT_trail_250925 barcode=barcode22 barcode_alias=barcode22 parent_read_id=0fdebdf3-ea25-46b0-9c42-829f9b4a7766 basecall_model_version_id=dna_r10.4.1_e8.2_400bps_hac@v4.3.0 rc
0	e5f7d6c1-4eb2-4fb2-9ece-1000a5fe94a1 runid=0dfb5b492dc86ce99bf7c61c734eb364afcdb5c8 ch=44 start_time=2025-09-25T17:35:51.398161+00:00 flow_cell_id=AWX817 basecall_gpu=NVIDIA_Tegra_X2 protocol_group_id=ONT_trialEb_250925 sample_id=ONT_trail_250925 barcode=barcode24 barcode_alias=barcode24 parent_read_id=e5f7d6c1-4eb2-4fb2-9ece-1000a5fe94a1 basecall_model_version_id=dna_r10.4.1_e8.2_400bps_hac@v4.3.0 rc
0	2be2fd76-976d-435e-9f1e-5656cd78a170 runid=0dfb5b492dc86ce99bf7c61c734eb364afcdb5c8 ch=40 start_time=2025-09-25T18:10:57.398161+00:00 flow_cell_id=AWX817 basecall_gpu=NVIDIA_Tegra_X2 protocol_group_id=ONT_trialEb_250925 sample_id=ONT_trail_250925 barcode=barcode24 barcode_alias=barcode24 parent_read_id=2be2fd76-976d-435e-9f1e-5656cd78a170 basecall_model_version_id=dna_r10.4.1_e8.2_400bps_hac@v4.3.0
0	8594ace2-47f2-4462-a967-5bf0e5d42076 runid=0dfb5b492dc86ce99bf7c61c734eb364afcdb5c8 ch=44 start_time=2025-09-26T01:53:12.398161+00:00 flow_cell_id=AWX817 basecall_gpu=NVIDIA_Tegra_X2 protocol_group_id=ONT_trialEb_250925 sample_id=ONT_trail_250925 barcode=barcode22 barcode_alias=barcode22 parent_read_id=8594ace2-47f2-4462-a967-5bf0e5d42076 basecall_model_version_id=dna_r10.4.1_e8.2_400bps_hac@v4.3.0
0	70338d7e-4148-4ebf-a694-073677b5f04d runid=0dfb5b492dc86ce99bf7c61c734eb364afcdb5c8 ch=79 start_time=2025-09-25T19:39:50.398161+00:00 flow_cell_id=AWX817 basecall_gpu=NVIDIA_Tegra_X2 protocol_group_id=ONT_trialEb_250925 sample_id=ONT_trail_250925 barcode=barcode24 barcode_alias=barcode24 parent_read_id=70338d7e-4148-4ebf-a694-073677b5f04d basecall_model_version_id=dna_r10.4.1_e8.2_400bps_hac@v4.3.0 rc
0	c412c71e-54ed-4c66-8341-7360dc6b287c runid=0dfb5b492dc86ce99bf7c61c734eb364afcdb5c8 ch=43 start_time=2025-09-25T16:07:03.398161+00:00 flow_cell_id=AWX817 basecall_gpu=NVIDIA_Tegra_X2 protocol_group_id=ONT_trialEb_250925 sample_id=ONT_trail_250925 barcode=barcode24 barcode_alias=barcode24 parent_read_id=c412c71e-54ed-4c66-8341-7360dc6b287c basecall_model_version_id=dna_r10.4.1_e8.2_400bps_hac@v4.3.0 rc
0	828438fd-bf85-46ff-99a0-79855d5068c4 runid=0dfb5b492dc86ce99bf7c61c734eb364afcdb5c8 ch=58 start_time=2025-09-25T17:44:35.398161+00:00 flow_cell_id=AWX817 basecall_gpu=NVIDIA_Tegra_X2 protocol_group_id=ONT_trialEb_250925 sample_id=ONT_trail_250925 barcode=barcode23 barcode_alias=barcode23 parent_read_id=828438fd-bf85-46ff-99a0-79855d5068c4 basecall_model_version_id=dna_r10.4.1_e8.2_400bps_hac@v4.3.0 rc
0	ded56aaa-4b92-455a-adcd-cdc31665e731 runid=0dfb5b492dc86ce99bf7c61c734eb364afcdb5c8 ch=49 start_time=2025-09-26T11:14:44.398161+00:00 flow_cell_id=AWX817 basecall_gpu=NVIDIA_Tegra_X2 protocol_group_id=ONT_trialEb_250925 sample_id=ONT_trail_250925 barcode=barcode22 barcode_alias=barcode22 parent_read_id=ded56aaa-4b92-455a-adcd-cdc31665e731 basecall_model_version_id=dna_r10.4.1_e8.2_400bps_hac@v4.3.0
0	d30206c2-6ef5-4bed-9a1e-9567923935fe runid=0dfb5b492dc86ce99bf7c61c734eb364afcdb5c8 ch=15 start_time=2025-09-25T18:01:21.398161+00:00 flow_cell_id=AWX817 basecall_gpu=NVIDIA_Tegra_X2 protocol_group_id=ONT_trialEb_250925 sample_id=ONT_trail_250925 barcode=barcode22 barcode_alias=barcode22 parent_read_id=d30206c2-6ef5-4bed-9a1e-9567923935fe basecall_model_version_id=dna_r10.4.1_e8.2_400bps_hac@v4.3.0 rc
0	3078c270-5a33-435d-b80c-801a42f63c5c runid=0dfb5b492dc86ce99bf7c61c734eb364afcdb5c8 ch=110 start_time=2025-09-25T19:18:13.398161+00:00 flow_cell_id=AWX817 basecall_gpu=NVIDIA_Tegra_X2 protocol_group_id=ONT_trialEb_250925 sample_id=ONT_trail_250925 barcode=barcode23 barcode_alias=barcode23 parent_read_id=3078c270-5a33-435d-b80c-801a42f63c5c basecall_model_version_id=dna_r10.4.1_e8.2_400bps_hac@v4.3.0
0	ec7185a8-061e-4d3b-b6cf-63bb756cbdb9 runid=0dfb5b492dc86ce99bf7c61c734eb364afcdb5c8 ch=20 start_time=2025-09-25T16:26:06.398161+00:00 flow_cell_id=AWX817 basecall_gpu=NVIDIA_Tegra_X2 protocol_group_id=ONT_trialEb_250925 sample_id=ONT_trail_250925 barcode=barcode24 barcode_alias=barcode24 parent_read_id=ec7185a8-061e-4d3b-b6cf-63bb756cbdb9 basecall_model_version_id=dna_r10.4.1_e8.2_400bps_hac@v4.3.0 rc
0	ecdf3508-8a11-46da-bae7-43db09c7b910 runid=0dfb5b492dc86ce99bf7c61c734eb364afcdb5c8 ch=44 start_time=2025-09-26T04:21:24.398161+00:00 flow_cell_id=AWX817 basecall_gpu=NVIDIA_Tegra_X2 protocol_group_id=ONT_trialEb_250925 sample_id=ONT_trail_250925 barcode=barcode22 barcode_alias=barcode22 parent_read_id=ecdf3508-8a11-46da-bae7-43db09c7b910 basecall_model_version_id=dna_r10.4.1_e8.2_400bps_hac@v4.3.0 rc
0	ecdf3508-8a11-46da-bae7-43db09c7b910 runid=0dfb5b492dc86ce99bf7c61c734eb364afcdb5c8 ch=44 start_time=2025-09-26T04:21:24.398161+00:00 flow_cell_id=AWX817 basecall_gpu=NVIDIA_Tegra_X2 protocol_group_id=ONT_trialEb_250925 sample_id=ONT_trail_250925 barcode=barcode22 barcode_alias=barcode22 parent_read_id=ecdf3508-8a11-46da-bae7-43db09c7b910 basecall_model_version_id=dna_r10.4.1_e8.2_400bps_hac@v4.3.0 rc
0	85137e92-9882-43d8-8b03-2c0c9972bc8f runid=0dfb5b492dc86ce99bf7c61c734eb364afcdb5c8 ch=20 start_time=2025-09-25T16:09:06.398161+00:00 flow_cell_id=AWX817 basecall_gpu=NVIDIA_Tegra_X2 protocol_group_id=ONT_trialEb_250925 sample_id=ONT_trail_250925 barcode=barcode24 barcode_alias=barcode24 parent_read_id=85137e92-9882-43d8-8b03-2c0c9972bc8f basecall_model_version_id=dna_r10.4.1_e8.2_400bps_hac@v4.3.0 rc
0	bbe95920-83bb-4e5b-b8af-2f750908054b runid=0dfb5b492dc86ce99bf7c61c734eb364afcdb5c8 ch=58 start_time=2025-09-25T22:16:00.398161+00:00 flow_cell_id=AWX817 basecall_gpu=NVIDIA_Tegra_X2 protocol_group_id=ONT_trialEb_250925 sample_id=ONT_trail_250925 barcode=barcode23 barcode_alias=barcode23 parent_read_id=bbe95920-83bb-4e5b-b8af-2f750908054b basecall_model_version_id=dna_r10.4.1_e8.2_400bps_hac@v4.3.0 rc
0	d94af6ee-249b-46c8-a2dc-e905113e778a runid=0dfb5b492dc86ce99bf7c61c734eb364afcdb5c8 ch=41 start_time=2025-09-25T22:48:28.398161+00:00 flow_cell_id=AWX817 basecall_gpu=NVIDIA_Tegra_X2 protocol_group_id=ONT_trialEb_250925 sample_id=ONT_trail_250925 barcode=barcode22 barcode_alias=barcode22 parent_read_id=d94af6ee-249b-46c8-a2dc-e905113e778a basecall_model_version_id=dna_r10.4.1_e8.2_400bps_hac@v4.3.0 rc
0	05606a21-2f4d-49e7-8716-a231f11b1758 runid=0dfb5b492dc86ce99bf7c61c734eb364afcdb5c8 ch=44 start_time=2025-09-25T22:28:54.398161+00:00 flow_cell_id=AWX817 basecall_gpu=NVIDIA_Tegra_X2 protocol_group_id=ONT_trialEb_250925 sample_id=ONT_trail_250925 barcode=barcode22 barcode_alias=barcode22 parent_read_id=05606a21-2f4d-49e7-8716-a231f11b1758 basecall_model_version_id=dna_r10.4.1_e8.2_400bps_hac@v4.3.0
0	537d29bf-fc32-4cd9-8b6e-773522038ad1 runid=0dfb5b492dc86ce99bf7c61c734eb364afcdb5c8 ch=44 start_time=2025-09-25T18:42:12.398161+00:00 flow_cell_id=AWX817 basecall_gpu=NVIDIA_Tegra_X2 protocol_group_id=ONT_trialEb_250925 sample_id=ONT_trail_250925 barcode=barcode23 barcode_alias=barcode23 parent_read_id=537d29bf-fc32-4cd9-8b6e-773522038ad1 basecall_model_version_id=dna_r10.4.1_e8.2_400bps_hac@v4.3.0 rc
0	7d413052-f9d5-4ec2-a6c4-1943e57640c0 runid=0dfb5b492dc86ce99bf7c61c734eb364afcdb5c8 ch=49 start_time=2025-09-25T18:15:46.398161+00:00 flow_cell_id=AWX817 basecall_gpu=NVIDIA_Tegra_X2 protocol_group_id=ONT_trialEb_250925 sample_id=ONT_trail_250925 barcode=barcode24 barcode_alias=barcode24 parent_read_id=7d413052-f9d5-4ec2-a6c4-1943e57640c0 basecall_model_version_id=dna_r10.4.1_e8.2_400bps_hac@v4.3.0
0	c099b42f-a4df-4e77-8068-914dd8d96a67 runid=0dfb5b492dc86ce99bf7c61c734eb364afcdb5c8 ch=56 start_time=2025-09-25T18:40:13.398161+00:00 flow_cell_id=AWX817 basecall_gpu=NVIDIA_Tegra_X2 protocol_group_id=ONT_trialEb_250925 sample_id=ONT_trail_250925 barcode=barcode23 barcode_alias=barcode23 parent_read_id=c099b42f-a4df-4e77-8068-914dd8d96a67 basecall_model_version_id=dna_r10.4.1_e8.2_400bps_hac@v4.3.0 rc
0	09ab2a5d-a001-48f7-a297-1bdc7e696040 runid=0dfb5b492dc86ce99bf7c61c734eb364afcdb5c8 ch=44 start_time=2025-09-26T00:39:01.398161+00:00 flow_cell_id=AWX817 basecall_gpu=NVIDIA_Tegra_X2 protocol_group_id=ONT_trialEb_250925 sample_id=ONT_trail_250925 barcode=barcode22 barcode_alias=barcode22 parent_read_id=09ab2a5d-a001-48f7-a297-1bdc7e696040 basecall_model_version_id=dna_r10.4.1_e8.2_400bps_hac@v4.3.0 rc
0	7f41b604-9188-4889-9709-07e432d38014 runid=0dfb5b492dc86ce99bf7c61c734eb364afcdb5c8 ch=110 start_time=2025-09-25T16:25:56.398161+00:00 flow_cell_id=AWX817 basecall_gpu=NVIDIA_Tegra_X2 protocol_group_id=ONT_trialEb_250925 sample_id=ONT_trail_250925 barcode=barcode22 barcode_alias=barcode22 parent_read_id=7f41b604-9188-4889-9709-07e432d38014 basecall_model_version_id=dna_r10.4.1_e8.2_400bps_hac@v4.3.0
0	ff56ceee-6498-452c-9dc7-ddf25d15f5e3 runid=0dfb5b492dc86ce99bf7c61c734eb364afcdb5c8 ch=56 start_time=2025-09-25T15:54:11.398161+00:00 flow_cell_id=AWX817 basecall_gpu=NVIDIA_Tegra_X2 protocol_group_id=ONT_trialEb_250925 sample_id=ONT_trail_250925 barcode=barcode22 barcode_alias=barcode22 parent_read_id=ff56ceee-6498-452c-9dc7-ddf25d15f5e3 basecall_model_version_id=dna_r10.4.1_e8.2_400bps_hac@v4.3.0 rc
0	aa39c037-8a2e-42d8-8aae-4cfc58b67d53 runid=0dfb5b492dc86ce99bf7c61c734eb364afcdb5c8 ch=20 start_time=2025-09-25T22:41:06.398161+00:00 flow_cell_id=AWX817 basecall_gpu=NVIDIA_Tegra_X2 protocol_group_id=ONT_trialEb_250925 sample_id=ONT_trail_250925 barcode=barcode24 barcode_alias=barcode24 parent_read_id=aa39c037-8a2e-42d8-8aae-4cfc58b67d53 basecall_model_version_id=dna_r10.4.1_e8.2_400bps_hac@v4.3.0
0	e2b78339-ff64-403e-8f7a-6965e0361737 runid=0dfb5b492dc86ce99bf7c61c734eb364afcdb5c8 ch=40 start_time=2025-09-25T19:02:12.398161+00:00 flow_cell_id=AWX817 basecall_gpu=NVIDIA_Tegra_X2 protocol_group_id=ONT_trialEb_250925 sample_id=ONT_trail_250925 barcode=barcode23 barcode_alias=barcode23 parent_read_id=e2b78339-ff64-403e-8f7a-6965e0361737 basecall_model_version_id=dna_r10.4.1_e8.2_400bps_hac@v4.3.0
0	763392b6-bd97-4c14-91df-4cfb4ab31a7f runid=0dfb5b492dc86ce99bf7c61c734eb364afcdb5c8 ch=110 start_time=2025-09-25T19:37:47.398161+00:00 flow_cell_id=AWX817 basecall_gpu=NVIDIA_Tegra_X2 protocol_group_id=ONT_trialEb_250925 sample_id=ONT_trail_250925 barcode=barcode22 barcode_alias=barcode22 parent_read_id=763392b6-bd97-4c14-91df-4cfb4ab31a7f basecall_model_version_id=dna_r10.4.1_e8.2_400bps_hac@v4.3.0 rc
0	15bf7059-b9c7-4e6a-a682-3d0a156d40d0 runid=0dfb5b492dc86ce99bf7c61c734eb364afcdb5c8 ch=39 start_time=2025-09-25T21:11:52.398161+00:00 flow_cell_id=AWX817 basecall_gpu=NVIDIA_Tegra_X2 protocol_group_id=ONT_trialEb_250925 sample_id=ONT_trail_250925 barcode=barcode22 barcode_alias=barcode22 parent_read_id=15bf7059-b9c7-4e6a-a682-3d0a156d40d0 basecall_model_version_id=dna_r10.4.1_e8.2_400bps_hac@v4.3.0 rc
0	a0613702-81f1-4630-9b9b-be5eeca74925 runid=0dfb5b492dc86ce99bf7c61c734eb364afcdb5c8 ch=5 start_time=2025-09-25T17:40:49.398161+00:00 flow_cell_id=AWX817 basecall_gpu=NVIDIA_Tegra_X2 protocol_group_id=ONT_trialEb_250925 sample_id=ONT_trail_250925 barcode=barcode22 barcode_alias=barcode22 parent_read_id=a0613702-81f1-4630-9b9b-be5eeca74925 basecall_model_version_id=dna_r10.4.1_e8.2_400bps_hac@v4.3.0 rc
0	ac99f686-66cb-4c52-8bad-841a4c9cadaa runid=0dfb5b492dc86ce99bf7c61c734eb364afcdb5c8 ch=49 start_time=2025-09-26T10:11:03.398161+00:00 flow_cell_id=AWX817 basecall_gpu=NVIDIA_Tegra_X2 protocol_group_id=ONT_trialEb_250925 sample_id=ONT_trail_250925 barcode=barcode24 barcode_alias=barcode24 parent_read_id=ac99f686-66cb-4c52-8bad-841a4c9cadaa basecall_model_version_id=dna_r10.4.1_e8.2_400bps_hac@v4.3.0 rc
0	e71e9f59-d6bd-4b1a-b9f0-f74943b77bb1 runid=0dfb5b492dc86ce99bf7c61c734eb364afcdb5c8 ch=40 start_time=2025-09-25T19:19:43.398161+00:00 flow_cell_id=AWX817 basecall_gpu=NVIDIA_Tegra_X2 protocol_group_id=ONT_trialEb_250925 sample_id=ONT_trail_250925 barcode=barcode24 barcode_alias=barcode24 parent_read_id=e71e9f59-d6bd-4b1a-b9f0-f74943b77bb1 basecall_model_version_id=dna_r10.4.1_e8.2_400bps_hac@v4.3.0
0	f645b1e7-c89a-494b-b4e2-fcb80428408a runid=0dfb5b492dc86ce99bf7c61c734eb364afcdb5c8 ch=6 start_time=2025-09-25T16:21:59.398161+00:00 flow_cell_id=AWX817 basecall_gpu=NVIDIA_Tegra_X2 protocol_group_id=ONT_trialEb_250925 sample_id=ONT_trail_250925 barcode=barcode24 barcode_alias=barcode24 parent_read_id=f645b1e7-c89a-494b-b4e2-fcb80428408a basecall_model_version_id=dna_r10.4.1_e8.2_400bps_hac@v4.3.0
0	a285a98f-deac-42d1-bc7b-79a2ce03fc1e runid=0dfb5b492dc86ce99bf7c61c734eb364afcdb5c8 ch=56 start_time=2025-09-25T17:33:59.398161+00:00 flow_cell_id=AWX817 basecall_gpu=NVIDIA_Tegra_X2 protocol_group_id=ONT_trialEb_250925 sample_id=ONT_trail_250925 barcode=barcode22 barcode_alias=barcode22 parent_read_id=a285a98f-deac-42d1-bc7b-79a2ce03fc1e basecall_model_version_id=dna_r10.4.1_e8.2_400bps_hac@v4.3.0
0	39bf7a2d-e312-4381-b488-61e192acbbb9 runid=0dfb5b492dc86ce99bf7c61c734eb364afcdb5c8 ch=40 start_time=2025-09-25T17:00:13.398161+00:00 flow_cell_id=AWX817 basecall_gpu=NVIDIA_Tegra_X2 protocol_group_id=ONT_trialEb_250925 sample_id=ONT_trail_250925 barcode=barcode22 barcode_alias=barcode22 parent_read_id=39bf7a2d-e312-4381-b488-61e192acbbb9 basecall_model_version_id=dna_r10.4.1_e8.2_400bps_hac@v4.3.0 rc
0	2d2d4e01-516d-4e22-a4b7-6ceeeeb4658a runid=0dfb5b492dc86ce99bf7c61c734eb364afcdb5c8 ch=79 start_time=2025-09-25T18:53:56.398161+00:00 flow_cell_id=AWX817 basecall_gpu=NVIDIA_Tegra_X2 protocol_group_id=ONT_trialEb_250925 sample_id=ONT_trail_250925 barcode=barcode22 barcode_alias=barcode22 parent_read_id=2d2d4e01-516d-4e22-a4b7-6ceeeeb4658a basecall_model_version_id=dna_r10.4.1_e8.2_400bps_hac@v4.3.0 rc
0	d514e12d-46ef-4290-8e46-553cca10c285 runid=0dfb5b492dc86ce99bf7c61c734eb364afcdb5c8 ch=108 start_time=2025-09-25T17:04:28.398161+00:00 flow_cell_id=AWX817 basecall_gpu=NVIDIA_Tegra_X2 protocol_group_id=ONT_trialEb_250925 sample_id=ONT_trail_250925 barcode=barcode23 barcode_alias=barcode23 parent_read_id=d514e12d-46ef-4290-8e46-553cca10c285 basecall_model_version_id=dna_r10.4.1_e8.2_400bps_hac@v4.3.0 rc
0	760f6b5d-682b-4d08-b9a1-fbaca7634b91 runid=0dfb5b492dc86ce99bf7c61c734eb364afcdb5c8 ch=4 start_time=2025-09-25T17:22:46.398161+00:00 flow_cell_id=AWX817 basecall_gpu=NVIDIA_Tegra_X2 protocol_group_id=ONT_trialEb_250925 sample_id=ONT_trail_250925 barcode=barcode22 barcode_alias=barcode22 parent_read_id=760f6b5d-682b-4d08-b9a1-fbaca7634b91 basecall_model_version_id=dna_r10.4.1_e8.2_400bps_hac@v4.3.0 rc
0	0abce8dc-3be4-48e7-8eb4-6d47b7e3471f runid=0dfb5b492dc86ce99bf7c61c734eb364afcdb5c8 ch=93 start_time=2025-09-25T19:23:57.398161+00:00 flow_cell_id=AWX817 basecall_gpu=NVIDIA_Tegra_X2 protocol_group_id=ONT_trialEb_250925 sample_id=ONT_trail_250925 barcode=barcode22 barcode_alias=barcode22 parent_read_id=0abce8dc-3be4-48e7-8eb4-6d47b7e3471f basecall_model_version_id=dna_r10.4.1_e8.2_400bps_hac@v4.3.0 rc
0	3b2c1bf5-0b54-4ccb-b297-7ed3c242b6b8 runid=0dfb5b492dc86ce99bf7c61c734eb364afcdb5c8 ch=118 start_time=2025-09-25T16:00:58.398161+00:00 flow_cell_id=AWX817 basecall_gpu=NVIDIA_Tegra_X2 protocol_group_id=ONT_trialEb_250925 sample_id=ONT_trail_250925 barcode=barcode22 barcode_alias=barcode22 parent_read_id=3b2c1bf5-0b54-4ccb-b297-7ed3c242b6b8 basecall_model_version_id=dna_r10.4.1_e8.2_400bps_hac@v4.3.0 rc
0	0b138777-afc2-4d15-8999-7619736aface runid=0dfb5b492dc86ce99bf7c61c734eb364afcdb5c8 ch=110 start_time=2025-09-25T18:16:40.398161+00:00 flow_cell_id=AWX817 basecall_gpu=NVIDIA_Tegra_X2 protocol_group_id=ONT_trialEb_250925 sample_id=ONT_trail_250925 barcode=barcode24 barcode_alias=barcode24 parent_read_id=0b138777-afc2-4d15-8999-7619736aface basecall_model_version_id=dna_r10.4.1_e8.2_400bps_hac@v4.3.0
0	8b7288cc-c5be-4399-af65-c66990d8fb7a runid=0dfb5b492dc86ce99bf7c61c734eb364afcdb5c8 ch=44 start_time=2025-09-25T19:12:27.398161+00:00 flow_cell_id=AWX817 basecall_gpu=NVIDIA_Tegra_X2 protocol_group_id=ONT_trialEb_250925 sample_id=ONT_trail_250925 barcode=barcode22 barcode_alias=barcode22 parent_read_id=8b7288cc-c5be-4399-af65-c66990d8fb7a basecall_model_version_id=dna_r10.4.1_e8.2_400bps_hac@v4.3.0
0	cb945257-0f8f-4ed7-809d-209fe80c25b5 runid=0dfb5b492dc86ce99bf7c61c734eb364afcdb5c8 ch=39 start_time=2025-09-26T06:27:50.398161+00:00 flow_cell_id=AWX817 basecall_gpu=NVIDIA_Tegra_X2 protocol_group_id=ONT_trialEb_250925 sample_id=ONT_trail_250925 barcode=barcode22 barcode_alias=barcode22 parent_read_id=cb945257-0f8f-4ed7-809d-209fe80c25b5 basecall_model_version_id=dna_r10.4.1_e8.2_400bps_hac@v4.3.0
0	cb945257-0f8f-4ed7-809d-209fe80c25b5 runid=0dfb5b492dc86ce99bf7c61c734eb364afcdb5c8 ch=39 start_time=2025-09-26T06:27:50.398161+00:00 flow_cell_id=AWX817 basecall_gpu=NVIDIA_Tegra_X2 protocol_group_id=ONT_trialEb_250925 sample_id=ONT_trail_250925 barcode=barcode22 barcode_alias=barcode22 parent_read_id=cb945257-0f8f-4ed7-809d-209fe80c25b5 basecall_model_version_id=dna_r10.4.1_e8.2_400bps_hac@v4.3.0
0	d4cd86a6-382a-4f3c-aa59-cc1f377bf1fe runid=0dfb5b492dc86ce99bf7c61c734eb364afcdb5c8 ch=49 start_time=2025-09-26T09:11:49.398161+00:00 flow_cell_id=AWX817 basecall_gpu=NVIDIA_Tegra_X2 protocol_group_id=ONT_trialEb_250925 sample_id=ONT_trail_250925 barcode=barcode22 barcode_alias=barcode22 parent_read_id=d4cd86a6-382a-4f3c-aa59-cc1f377bf1fe basecall_model_version_id=dna_r10.4.1_e8.2_400bps_hac@v4.3.0 rc
0	e1a5d62d-d4e1-4d5e-b65d-aae0ff34f88f runid=0dfb5b492dc86ce99bf7c61c734eb364afcdb5c8 ch=20 start_time=2025-09-26T05:06:28.398161+00:00 flow_cell_id=AWX817 basecall_gpu=NVIDIA_Tegra_X2 protocol_group_id=ONT_trialEb_250925 sample_id=ONT_trail_250925 barcode=barcode22 barcode_alias=barcode22 parent_read_id=3a45670e-8269-4173-9355-6fac96794cd6 basecall_model_version_id=dna_r10.4.1_e8.2_400bps_hac@v4.3.0
0	e192ec35-10de-4521-b2a8-f1bce058e452 runid=0dfb5b492dc86ce99bf7c61c734eb364afcdb5c8 ch=41 start_time=2025-09-25T19:38:37.398161+00:00 flow_cell_id=AWX817 basecall_gpu=NVIDIA_Tegra_X2 protocol_group_id=ONT_trialEb_250925 sample_id=ONT_trail_250925 barcode=barcode22 barcode_alias=barcode22 parent_read_id=e192ec35-10de-4521-b2a8-f1bce058e452 basecall_model_version_id=dna_r10.4.1_e8.2_400bps_hac@v4.3.0 rc
0	69a37a9f-b804-4718-8ae8-40fb9fb1b61a runid=0dfb5b492dc86ce99bf7c61c734eb364afcdb5c8 ch=39 start_time=2025-09-25T20:10:10.398161+00:00 flow_cell_id=AWX817 basecall_gpu=NVIDIA_Tegra_X2 protocol_group_id=ONT_trialEb_250925 sample_id=ONT_trail_250925 barcode=barcode22 barcode_alias=barcode22 parent_read_id=69a37a9f-b804-4718-8ae8-40fb9fb1b61a basecall_model_version_id=dna_r10.4.1_e8.2_400bps_hac@v4.3.0 rc
0	1baf13b2-4be6-41ce-b0a9-7885e05ad76c runid=0dfb5b492dc86ce99bf7c61c734eb364afcdb5c8 ch=94 start_time=2025-09-25T17:17:34.398161+00:00 flow_cell_id=AWX817 basecall_gpu=NVIDIA_Tegra_X2 protocol_group_id=ONT_trialEb_250925 sample_id=ONT_trail_250925 barcode=barcode22 barcode_alias=barcode22 parent_read_id=1baf13b2-4be6-41ce-b0a9-7885e05ad76c basecall_model_version_id=dna_r10.4.1_e8.2_400bps_hac@v4.3.0
0	6ad78536-a04f-49fb-9852-16fa7bbc23e0 runid=0dfb5b492dc86ce99bf7c61c734eb364afcdb5c8 ch=44 start_time=2025-09-25T21:54:04.398161+00:00 flow_cell_id=AWX817 basecall_gpu=NVIDIA_Tegra_X2 protocol_group_id=ONT_trialEb_250925 sample_id=ONT_trail_250925 barcode=barcode24 barcode_alias=barcode24 parent_read_id=6ad78536-a04f-49fb-9852-16fa7bbc23e0 basecall_model_version_id=dna_r10.4.1_e8.2_400bps_hac@v4.3.0 rc
0	38b9a4ce-8c7d-4683-86dc-32e2fc8b5f62 runid=0dfb5b492dc86ce99bf7c61c734eb364afcdb5c8 ch=4 start_time=2025-09-25T16:16:51.398161+00:00 flow_cell_id=AWX817 basecall_gpu=NVIDIA_Tegra_X2 protocol_group_id=ONT_trialEb_250925 sample_id=ONT_trail_250925 barcode=barcode22 barcode_alias=barcode22 parent_read_id=38b9a4ce-8c7d-4683-86dc-32e2fc8b5f62 basecall_model_version_id=dna_r10.4.1_e8.2_400bps_hac@v4.3.0
0	b993528e-f876-44fd-949f-d4437a80ee1e runid=0dfb5b492dc86ce99bf7c61c734eb364afcdb5c8 ch=4 start_time=2025-09-26T03:18:05.398161+00:00 flow_cell_id=AWX817 basecall_gpu=NVIDIA_Tegra_X2 protocol_group_id=ONT_trialEb_250925 sample_id=ONT_trail_250925 barcode=barcode22 barcode_alias=barcode22 parent_read_id=b993528e-f876-44fd-949f-d4437a80ee1e basecall_model_version_id=dna_r10.4.1_e8.2_400bps_hac@v4.3.0 rc
0	afec1f76-0773-45a6-9fe7-dfd8ef86d97e runid=0dfb5b492dc86ce99bf7c61c734eb364afcdb5c8 ch=85 start_time=2025-09-25T17:58:14.398161+00:00 flow_cell_id=AWX817 basecall_gpu=NVIDIA_Tegra_X2 protocol_group_id=ONT_trialEb_250925 sample_id=ONT_trail_250925 barcode=barcode22 barcode_alias=barcode22 parent_read_id=afec1f76-0773-45a6-9fe7-dfd8ef86d97e basecall_model_version_id=dna_r10.4.1_e8.2_400bps_hac@v4.3.0
0	cfe49e8e-1a60-4afe-b929-923c18809577 runid=0dfb5b492dc86ce99bf7c61c734eb364afcdb5c8 ch=4 start_time=2025-09-25T23:58:15.398161+00:00 flow_cell_id=AWX817 basecall_gpu=NVIDIA_Tegra_X2 protocol_group_id=ONT_trialEb_250925 sample_id=ONT_trail_250925 barcode=barcode24 barcode_alias=barcode24 parent_read_id=cfe49e8e-1a60-4afe-b929-923c18809577 basecall_model_version_id=dna_r10.4.1_e8.2_400bps_hac@v4.3.0
0	a34d7c05-1562-4b23-9836-722f3c9971c5 runid=0dfb5b492dc86ce99bf7c61c734eb364afcdb5c8 ch=110 start_time=2025-09-25T20:50:24.398161+00:00 flow_cell_id=AWX817 basecall_gpu=NVIDIA_Tegra_X2 protocol_group_id=ONT_trialEb_250925 sample_id=ONT_trail_250925 barcode=barcode22 barcode_alias=barcode22 parent_read_id=a34d7c05-1562-4b23-9836-722f3c9971c5 basecall_model_version_id=dna_r10.4.1_e8.2_400bps_hac@v4.3.0 rc
0	a34d7c05-1562-4b23-9836-722f3c9971c5 runid=0dfb5b492dc86ce99bf7c61c734eb364afcdb5c8 ch=110 start_time=2025-09-25T20:50:24.398161+00:00 flow_cell_id=AWX817 basecall_gpu=NVIDIA_Tegra_X2 protocol_group_id=ONT_trialEb_250925 sample_id=ONT_trail_250925 barcode=barcode22 barcode_alias=barcode22 parent_read_id=a34d7c05-1562-4b23-9836-722f3c9971c5 basecall_model_version_id=dna_r10.4.1_e8.2_400bps_hac@v4.3.0 rc
0	ee728826-91f8-437c-b50e-5acb61d09f4a runid=0dfb5b492dc86ce99bf7c61c734eb364afcdb5c8 ch=44 start_time=2025-09-26T05:15:26.398161+00:00 flow_cell_id=AWX817 basecall_gpu=NVIDIA_Tegra_X2 protocol_group_id=ONT_trialEb_250925 sample_id=ONT_trail_250925 barcode=barcode22 barcode_alias=barcode22 parent_read_id=ee728826-91f8-437c-b50e-5acb61d09f4a basecall_model_version_id=dna_r10.4.1_e8.2_400bps_hac@v4.3.0
0	57114d42-f1e3-41bf-ab24-541916adf1b3 runid=0dfb5b492dc86ce99bf7c61c734eb364afcdb5c8 ch=110 start_time=2025-09-25T18:38:26.398161+00:00 flow_cell_id=AWX817 basecall_gpu=NVIDIA_Tegra_X2 protocol_group_id=ONT_trialEb_250925 sample_id=ONT_trail_250925 barcode=barcode22 barcode_alias=barcode22 parent_read_id=57114d42-f1e3-41bf-ab24-541916adf1b3 basecall_model_version_id=dna_r10.4.1_e8.2_400bps_hac@v4.3.0 rc
0	4565bfdf-430d-4360-a8e0-57850dc10ce4 runid=0dfb5b492dc86ce99bf7c61c734eb364afcdb5c8 ch=106 start_time=2025-09-25T20:19:02.398161+00:00 flow_cell_id=AWX817 basecall_gpu=NVIDIA_Tegra_X2 protocol_group_id=ONT_trialEb_250925 sample_id=ONT_trail_250925 barcode=barcode24 barcode_alias=barcode24 parent_read_id=4565bfdf-430d-4360-a8e0-57850dc10ce4 basecall_model_version_id=dna_r10.4.1_e8.2_400bps_hac@v4.3.0
0	82a7439b-5f7b-489c-8b8d-fe4b3de086ab runid=0dfb5b492dc86ce99bf7c61c734eb364afcdb5c8 ch=44 start_time=2025-09-25T21:05:54.398161+00:00 flow_cell_id=AWX817 basecall_gpu=NVIDIA_Tegra_X2 protocol_group_id=ONT_trialEb_250925 sample_id=ONT_trail_250925 barcode=barcode23 barcode_alias=barcode23 parent_read_id=82a7439b-5f7b-489c-8b8d-fe4b3de086ab basecall_model_version_id=dna_r10.4.1_e8.2_400bps_hac@v4.3.0 rc
0	ddaeccba-89cd-43b2-b32f-4a42d639ff6a runid=0dfb5b492dc86ce99bf7c61c734eb364afcdb5c8 ch=108 start_time=2025-09-25T18:35:37.398161+00:00 flow_cell_id=AWX817 basecall_gpu=NVIDIA_Tegra_X2 protocol_group_id=ONT_trialEb_250925 sample_id=ONT_trail_250925 barcode=barcode22 barcode_alias=barcode22 parent_read_id=ddaeccba-89cd-43b2-b32f-4a42d639ff6a basecall_model_version_id=dna_r10.4.1_e8.2_400bps_hac@v4.3.0
0	eb5d3753-e9ec-4e41-8fb6-7f98b19b0a77 runid=0dfb5b492dc86ce99bf7c61c734eb364afcdb5c8 ch=44 start_time=2025-09-25T22:07:45.398161+00:00 flow_cell_id=AWX817 basecall_gpu=NVIDIA_Tegra_X2 protocol_group_id=ONT_trialEb_250925 sample_id=ONT_trail_250925 barcode=barcode22 barcode_alias=barcode22 parent_read_id=eb5d3753-e9ec-4e41-8fb6-7f98b19b0a77 basecall_model_version_id=dna_r10.4.1_e8.2_400bps_hac@v4.3.0
0	eb5d3753-e9ec-4e41-8fb6-7f98b19b0a77 runid=0dfb5b492dc86ce99bf7c61c734eb364afcdb5c8 ch=44 start_time=2025-09-25T22:07:45.398161+00:00 flow_cell_id=AWX817 basecall_gpu=NVIDIA_Tegra_X2 protocol_group_id=ONT_trialEb_250925 sample_id=ONT_trail_250925 barcode=barcode22 barcode_alias=barcode22 parent_read_id=eb5d3753-e9ec-4e41-8fb6-7f98b19b0a77 basecall_model_version_id=dna_r10.4.1_e8.2_400bps_hac@v4.3.0
0	800bc289-3cd0-45e4-8f0d-2692ea7e3195 runid=0dfb5b492dc86ce99bf7c61c734eb364afcdb5c8 ch=6 start_time=2025-09-25T17:38:33.398161+00:00 flow_cell_id=AWX817 basecall_gpu=NVIDIA_Tegra_X2 protocol_group_id=ONT_trialEb_250925 sample_id=ONT_trail_250925 barcode=barcode23 barcode_alias=barcode23 parent_read_id=800bc289-3cd0-45e4-8f0d-2692ea7e3195 basecall_model_version_id=dna_r10.4.1_e8.2_400bps_hac@v4.3.0 rc
0	3fb3ed6b-7e7e-4b28-9a06-c5874ef90b71 runid=0dfb5b492dc86ce99bf7c61c734eb364afcdb5c8 ch=4 start_time=2025-09-25T18:04:13.398161+00:00 flow_cell_id=AWX817 basecall_gpu=NVIDIA_Tegra_X2 protocol_group_id=ONT_trialEb_250925 sample_id=ONT_trail_250925 barcode=barcode22 barcode_alias=barcode22 parent_read_id=3fb3ed6b-7e7e-4b28-9a06-c5874ef90b71 basecall_model_version_id=dna_r10.4.1_e8.2_400bps_hac@v4.3.0
0	020f1efd-baae-44fb-9025-65c995d1f37d runid=0dfb5b492dc86ce99bf7c61c734eb364afcdb5c8 ch=6 start_time=2025-09-25T16:42:06.398161+00:00 flow_cell_id=AWX817 basecall_gpu=NVIDIA_Tegra_X2 protocol_group_id=ONT_trialEb_250925 sample_id=ONT_trail_250925 barcode=barcode22 barcode_alias=barcode22 parent_read_id=020f1efd-baae-44fb-9025-65c995d1f37d basecall_model_version_id=dna_r10.4.1_e8.2_400bps_hac@v4.3.0
0	5ee86457-1fe9-476c-9d29-db320f4504ff runid=0dfb5b492dc86ce99bf7c61c734eb364afcdb5c8 ch=73 start_time=2025-09-25T21:01:42.398161+00:00 flow_cell_id=AWX817 basecall_gpu=NVIDIA_Tegra_X2 protocol_group_id=ONT_trialEb_250925 sample_id=ONT_trail_250925 barcode=barcode22 barcode_alias=barcode22 parent_read_id=5ee86457-1fe9-476c-9d29-db320f4504ff basecall_model_version_id=dna_r10.4.1_e8.2_400bps_hac@v4.3.0
0	d84be3d0-30ec-40bc-9461-2bdc4c67e842 runid=0dfb5b492dc86ce99bf7c61c734eb364afcdb5c8 ch=41 start_time=2025-09-25T21:35:04.398161+00:00 flow_cell_id=AWX817 basecall_gpu=NVIDIA_Tegra_X2 protocol_group_id=ONT_trialEb_250925 sample_id=ONT_trail_250925 barcode=barcode24 barcode_alias=barcode24 parent_read_id=d84be3d0-30ec-40bc-9461-2bdc4c67e842 basecall_model_version_id=dna_r10.4.1_e8.2_400bps_hac@v4.3.0 rc
0	76f156a3-7f28-4b91-97ed-f0c29ea7b9d8 runid=0dfb5b492dc86ce99bf7c61c734eb364afcdb5c8 ch=85 start_time=2025-09-25T21:26:00.398161+00:00 flow_cell_id=AWX817 basecall_gpu=NVIDIA_Tegra_X2 protocol_group_id=ONT_trialEb_250925 sample_id=ONT_trail_250925 barcode=barcode22 barcode_alias=barcode22 parent_read_id=76f156a3-7f28-4b91-97ed-f0c29ea7b9d8 basecall_model_version_id=dna_r10.4.1_e8.2_400bps_hac@v4.3.0 rc
0	76f156a3-7f28-4b91-97ed-f0c29ea7b9d8 runid=0dfb5b492dc86ce99bf7c61c734eb364afcdb5c8 ch=85 start_time=2025-09-25T21:26:00.398161+00:00 flow_cell_id=AWX817 basecall_gpu=NVIDIA_Tegra_X2 protocol_group_id=ONT_trialEb_250925 sample_id=ONT_trail_250925 barcode=barcode22 barcode_alias=barcode22 parent_read_id=76f156a3-7f28-4b91-97ed-f0c29ea7b9d8 basecall_model_version_id=dna_r10.4.1_e8.2_400bps_hac@v4.3.0 rc
0	25ffa877-412b-43d9-9b7f-7ae217e57729 runid=0dfb5b492dc86ce99bf7c61c734eb364afcdb5c8 ch=39 start_time=2025-09-25T20:15:50.398161+00:00 flow_cell_id=AWX817 basecall_gpu=NVIDIA_Tegra_X2 protocol_group_id=ONT_trialEb_250925 sample_id=ONT_trail_250925 barcode=barcode24 barcode_alias=barcode24 parent_read_id=d505e39b-ec26-4b4d-ac76-b5c443f41cee basecall_model_version_id=dna_r10.4.1_e8.2_400bps_hac@v4.3.0
0	bead4cb5-4835-4007-a2e3-7598e3c53e81 runid=0dfb5b492dc86ce99bf7c61c734eb364afcdb5c8 ch=4 start_time=2025-09-25T20:09:22.398161+00:00 flow_cell_id=AWX817 basecall_gpu=NVIDIA_Tegra_X2 protocol_group_id=ONT_trialEb_250925 sample_id=ONT_trail_250925 barcode=barcode23 barcode_alias=barcode23 parent_read_id=bead4cb5-4835-4007-a2e3-7598e3c53e81 basecall_model_version_id=dna_r10.4.1_e8.2_400bps_hac@v4.3.0 rc
0	88e1b7a8-a606-4ba0-8c16-86d10c7df365 runid=0dfb5b492dc86ce99bf7c61c734eb364afcdb5c8 ch=44 start_time=2025-09-26T03:06:47.398161+00:00 flow_cell_id=AWX817 basecall_gpu=NVIDIA_Tegra_X2 protocol_group_id=ONT_trialEb_250925 sample_id=ONT_trail_250925 barcode=barcode24 barcode_alias=barcode24 parent_read_id=88e1b7a8-a606-4ba0-8c16-86d10c7df365 basecall_model_version_id=dna_r10.4.1_e8.2_400bps_hac@v4.3.0
0	31745903-bc25-4d8f-bf32-aab1b22426b1 runid=0dfb5b492dc86ce99bf7c61c734eb364afcdb5c8 ch=20 start_time=2025-09-26T04:37:18.398161+00:00 flow_cell_id=AWX817 basecall_gpu=NVIDIA_Tegra_X2 protocol_group_id=ONT_trialEb_250925 sample_id=ONT_trail_250925 barcode=barcode22 barcode_alias=barcode22 parent_read_id=c6dac8c6-010d-4bc1-8fc1-64adf96f429a basecall_model_version_id=dna_r10.4.1_e8.2_400bps_hac@v4.3.0 rc
0	7f8ddb25-a5f8-40c5-a4df-ed4bf845326c runid=0dfb5b492dc86ce99bf7c61c734eb364afcdb5c8 ch=44 start_time=2025-09-26T04:05:08.398161+00:00 flow_cell_id=AWX817 basecall_gpu=NVIDIA_Tegra_X2 protocol_group_id=ONT_trialEb_250925 sample_id=ONT_trail_250925 barcode=barcode23 barcode_alias=barcode23 parent_read_id=7f8ddb25-a5f8-40c5-a4df-ed4bf845326c basecall_model_version_id=dna_r10.4.1_e8.2_400bps_hac@v4.3.0
0	ff0fa06c-6606-44f6-8293-f783f5e79404 runid=0dfb5b492dc86ce99bf7c61c734eb364afcdb5c8 ch=110 start_time=2025-09-25T20:12:17.398161+00:00 flow_cell_id=AWX817 basecall_gpu=NVIDIA_Tegra_X2 protocol_group_id=ONT_trialEb_250925 sample_id=ONT_trail_250925 barcode=barcode22 barcode_alias=barcode22 parent_read_id=ff0fa06c-6606-44f6-8293-f783f5e79404 basecall_model_version_id=dna_r10.4.1_e8.2_400bps_hac@v4.3.0 rc
0	fe1b1fa3-bc5e-4253-b4a2-2648bb8d80dc runid=0dfb5b492dc86ce99bf7c61c734eb364afcdb5c8 ch=41 start_time=2025-09-25T19:02:21.398161+00:00 flow_cell_id=AWX817 basecall_gpu=NVIDIA_Tegra_X2 protocol_group_id=ONT_trialEb_250925 sample_id=ONT_trail_250925 barcode=barcode22 barcode_alias=barcode22 parent_read_id=fe1b1fa3-bc5e-4253-b4a2-2648bb8d80dc basecall_model_version_id=dna_r10.4.1_e8.2_400bps_hac@v4.3.0 rc
0	ccd0ecbb-a0d6-4e0e-946a-42e74cbc4aff runid=0dfb5b492dc86ce99bf7c61c734eb364afcdb5c8 ch=110 start_time=2025-09-25T19:47:24.398161+00:00 flow_cell_id=AWX817 basecall_gpu=NVIDIA_Tegra_X2 protocol_group_id=ONT_trialEb_250925 sample_id=ONT_trail_250925 barcode=barcode22 barcode_alias=barcode22 parent_read_id=ccd0ecbb-a0d6-4e0e-946a-42e74cbc4aff basecall_model_version_id=dna_r10.4.1_e8.2_400bps_hac@v4.3.0 rc
0	8a429298-c9b9-4f67-8be9-6e1516ce29d4 runid=0dfb5b492dc86ce99bf7c61c734eb364afcdb5c8 ch=44 start_time=2025-09-25T23:10:25.398161+00:00 flow_cell_id=AWX817 basecall_gpu=NVIDIA_Tegra_X2 protocol_group_id=ONT_trialEb_250925 sample_id=ONT_trail_250925 barcode=barcode22 barcode_alias=barcode22 parent_read_id=8a429298-c9b9-4f67-8be9-6e1516ce29d4 basecall_model_version_id=dna_r10.4.1_e8.2_400bps_hac@v4.3.0
0	b8818d1f-a341-4246-ba16-1e82b1ee0dea runid=0dfb5b492dc86ce99bf7c61c734eb364afcdb5c8 ch=49 start_time=2025-09-25T18:03:35.398161+00:00 flow_cell_id=AWX817 basecall_gpu=NVIDIA_Tegra_X2 protocol_group_id=ONT_trialEb_250925 sample_id=ONT_trail_250925 barcode=barcode22 barcode_alias=barcode22 parent_read_id=b8818d1f-a341-4246-ba16-1e82b1ee0dea basecall_model_version_id=dna_r10.4.1_e8.2_400bps_hac@v4.3.0 rc
0	a4d565a1-3f5e-4fff-831c-7409a2eb1e5f runid=0dfb5b492dc86ce99bf7c61c734eb364afcdb5c8 ch=6 start_time=2025-09-25T16:52:00.398161+00:00 flow_cell_id=AWX817 basecall_gpu=NVIDIA_Tegra_X2 protocol_group_id=ONT_trialEb_250925 sample_id=ONT_trail_250925 barcode=barcode22 barcode_alias=barcode22 parent_read_id=a4d565a1-3f5e-4fff-831c-7409a2eb1e5f basecall_model_version_id=dna_r10.4.1_e8.2_400bps_hac@v4.3.0 rc
0	d59186b5-99ab-44ff-9336-d2faf5584b55 runid=0dfb5b492dc86ce99bf7c61c734eb364afcdb5c8 ch=23 start_time=2025-09-25T19:52:27.398161+00:00 flow_cell_id=AWX817 basecall_gpu=NVIDIA_Tegra_X2 protocol_group_id=ONT_trialEb_250925 sample_id=ONT_trail_250925 barcode=barcode22 barcode_alias=barcode22 parent_read_id=d59186b5-99ab-44ff-9336-d2faf5584b55 basecall_model_version_id=dna_r10.4.1_e8.2_400bps_hac@v4.3.0 rc
0	a1af962c-fb82-472c-b880-76e69cffab31 runid=0dfb5b492dc86ce99bf7c61c734eb364afcdb5c8 ch=44 start_time=2025-09-25T17:04:04.398161+00:00 flow_cell_id=AWX817 basecall_gpu=NVIDIA_Tegra_X2 protocol_group_id=ONT_trialEb_250925 sample_id=ONT_trail_250925 barcode=barcode23 barcode_alias=barcode23 parent_read_id=a1af962c-fb82-472c-b880-76e69cffab31 basecall_model_version_id=dna_r10.4.1_e8.2_400bps_hac@v4.3.0 rc
0	cc9186e5-d33e-4f44-8626-8efb29fe1d69 runid=0dfb5b492dc86ce99bf7c61c734eb364afcdb5c8 ch=39 start_time=2025-09-25T19:09:51.398161+00:00 flow_cell_id=AWX817 basecall_gpu=NVIDIA_Tegra_X2 protocol_group_id=ONT_trialEb_250925 sample_id=ONT_trail_250925 barcode=barcode24 barcode_alias=barcode24 parent_read_id=cc9186e5-d33e-4f44-8626-8efb29fe1d69 basecall_model_version_id=dna_r10.4.1_e8.2_400bps_hac@v4.3.0
0	fc91a5b1-0e42-48e7-9642-5411975ff9f3 runid=0dfb5b492dc86ce99bf7c61c734eb364afcdb5c8 ch=4 start_time=2025-09-25T18:04:30.398161+00:00 flow_cell_id=AWX817 basecall_gpu=NVIDIA_Tegra_X2 protocol_group_id=ONT_trialEb_250925 sample_id=ONT_trail_250925 barcode=barcode22 barcode_alias=barcode22 parent_read_id=fc91a5b1-0e42-48e7-9642-5411975ff9f3 basecall_model_version_id=dna_r10.4.1_e8.2_400bps_hac@v4.3.0 rc
0	4dfcd84f-7b14-4488-9503-a2b4925f65c1 runid=0dfb5b492dc86ce99bf7c61c734eb364afcdb5c8 ch=85 start_time=2025-09-25T23:13:02.398161+00:00 flow_cell_id=AWX817 basecall_gpu=NVIDIA_Tegra_X2 protocol_group_id=ONT_trialEb_250925 sample_id=ONT_trail_250925 barcode=barcode22 barcode_alias=barcode22 parent_read_id=4dfcd84f-7b14-4488-9503-a2b4925f65c1 basecall_model_version_id=dna_r10.4.1_e8.2_400bps_hac@v4.3.0 rc
0	eab87b77-2ce8-4ab6-ad1a-9e5ce8c52ba8 runid=0dfb5b492dc86ce99bf7c61c734eb364afcdb5c8 ch=4 start_time=2025-09-26T00:31:08.398161+00:00 flow_cell_id=AWX817 basecall_gpu=NVIDIA_Tegra_X2 protocol_group_id=ONT_trialEb_250925 sample_id=ONT_trail_250925 barcode=barcode23 barcode_alias=barcode23 parent_read_id=7cc5e33d-0a93-4527-b171-2849a6ad14b0 basecall_model_version_id=dna_r10.4.1_e8.2_400bps_hac@v4.3.0 rc
0	a4bf68bc-6584-4dfc-98b2-7b6a72700006 runid=0dfb5b492dc86ce99bf7c61c734eb364afcdb5c8 ch=4 start_time=2025-09-26T02:31:19.398161+00:00 flow_cell_id=AWX817 basecall_gpu=NVIDIA_Tegra_X2 protocol_group_id=ONT_trialEb_250925 sample_id=ONT_trail_250925 barcode=barcode24 barcode_alias=barcode24 parent_read_id=a4bf68bc-6584-4dfc-98b2-7b6a72700006 basecall_model_version_id=dna_r10.4.1_e8.2_400bps_hac@v4.3.0
0	48c4cebc-2a0b-49b3-a79d-4c109709ce92 runid=0dfb5b492dc86ce99bf7c61c734eb364afcdb5c8 ch=4 start_time=2025-09-25T16:07:23.398161+00:00 flow_cell_id=AWX817 basecall_gpu=NVIDIA_Tegra_X2 protocol_group_id=ONT_trialEb_250925 sample_id=ONT_trail_250925 barcode=barcode22 barcode_alias=barcode22 parent_read_id=48c4cebc-2a0b-49b3-a79d-4c109709ce92 basecall_model_version_id=dna_r10.4.1_e8.2_400bps_hac@v4.3.0
0	88361f19-75fb-49ae-adbf-0482317a68ec runid=0dfb5b492dc86ce99bf7c61c734eb364afcdb5c8 ch=85 start_time=2025-09-26T04:36:05.398161+00:00 flow_cell_id=AWX817 basecall_gpu=NVIDIA_Tegra_X2 protocol_group_id=ONT_trialEb_250925 sample_id=ONT_trail_250925 barcode=barcode22 barcode_alias=barcode22 parent_read_id=88361f19-75fb-49ae-adbf-0482317a68ec basecall_model_version_id=dna_r10.4.1_e8.2_400bps_hac@v4.3.0
0	8b2e1681-4caf-4370-ba9f-082c303c1c13 runid=0dfb5b492dc86ce99bf7c61c734eb364afcdb5c8 ch=79 start_time=2025-09-25T20:52:33.398161+00:00 flow_cell_id=AWX817 basecall_gpu=NVIDIA_Tegra_X2 protocol_group_id=ONT_trialEb_250925 sample_id=ONT_trail_250925 barcode=barcode22 barcode_alias=barcode22 parent_read_id=8b2e1681-4caf-4370-ba9f-082c303c1c13 basecall_model_version_id=dna_r10.4.1_e8.2_400bps_hac@v4.3.0 rc
0	bea619cd-61ad-4918-9c89-44aae29711b2 runid=0dfb5b492dc86ce99bf7c61c734eb364afcdb5c8 ch=91 start_time=2025-09-25T17:47:24.398161+00:00 flow_cell_id=AWX817 basecall_gpu=NVIDIA_Tegra_X2 protocol_group_id=ONT_trialEb_250925 sample_id=ONT_trail_250925 barcode=barcode22 barcode_alias=barcode22 parent_read_id=bea619cd-61ad-4918-9c89-44aae29711b2 basecall_model_version_id=dna_r10.4.1_e8.2_400bps_hac@v4.3.0 rc
0	30ccffd0-3318-45ff-aeda-886e55213a47 runid=0dfb5b492dc86ce99bf7c61c734eb364afcdb5c8 ch=20 start_time=2025-09-25T23:50:05.398161+00:00 flow_cell_id=AWX817 basecall_gpu=NVIDIA_Tegra_X2 protocol_group_id=ONT_trialEb_250925 sample_id=ONT_trail_250925 barcode=barcode22 barcode_alias=barcode22 parent_read_id=30ccffd0-3318-45ff-aeda-886e55213a47 basecall_model_version_id=dna_r10.4.1_e8.2_400bps_hac@v4.3.0 rc
0	67cd9f55-3b9e-47be-b6b2-8d9b1dfeb2dd runid=0dfb5b492dc86ce99bf7c61c734eb364afcdb5c8 ch=91 start_time=2025-09-25T18:16:42.398161+00:00 flow_cell_id=AWX817 basecall_gpu=NVIDIA_Tegra_X2 protocol_group_id=ONT_trialEb_250925 sample_id=ONT_trail_250925 barcode=barcode24 barcode_alias=barcode24 parent_read_id=56e7861d-4d8c-4513-9528-2a5348a79415 basecall_model_version_id=dna_r10.4.1_e8.2_400bps_hac@v4.3.0 rc
0	c07caa61-8ef2-4cdc-847e-8a5f07dbcacd runid=0dfb5b492dc86ce99bf7c61c734eb364afcdb5c8 ch=6 start_time=2025-09-25T17:27:01.398161+00:00 flow_cell_id=AWX817 basecall_gpu=NVIDIA_Tegra_X2 protocol_group_id=ONT_trialEb_250925 sample_id=ONT_trail_250925 barcode=barcode22 barcode_alias=barcode22 parent_read_id=c07caa61-8ef2-4cdc-847e-8a5f07dbcacd basecall_model_version_id=dna_r10.4.1_e8.2_400bps_hac@v4.3.0 rc
0	b722dc34-6bbe-4c4c-913a-7092ce537147 runid=0dfb5b492dc86ce99bf7c61c734eb364afcdb5c8 ch=92 start_time=2025-09-26T01:25:51.398161+00:00 flow_cell_id=AWX817 basecall_gpu=NVIDIA_Tegra_X2 protocol_group_id=ONT_trialEb_250925 sample_id=ONT_trail_250925 barcode=barcode23 barcode_alias=barcode23 parent_read_id=b722dc34-6bbe-4c4c-913a-7092ce537147 basecall_model_version_id=dna_r10.4.1_e8.2_400bps_hac@v4.3.0
0	33515b7f-054e-405a-a3b3-e3d92387635c runid=0dfb5b492dc86ce99bf7c61c734eb364afcdb5c8 ch=57 start_time=2025-09-25T17:02:31.398161+00:00 flow_cell_id=AWX817 basecall_gpu=NVIDIA_Tegra_X2 protocol_group_id=ONT_trialEb_250925 sample_id=ONT_trail_250925 barcode=barcode23 barcode_alias=barcode23 parent_read_id=33515b7f-054e-405a-a3b3-e3d92387635c basecall_model_version_id=dna_r10.4.1_e8.2_400bps_hac@v4.3.0 rc
0	fb88e16b-d01d-4254-bc04-ae4b71906e62 runid=0dfb5b492dc86ce99bf7c61c734eb364afcdb5c8 ch=41 start_time=2025-09-26T01:15:45.398161+00:00 flow_cell_id=AWX817 basecall_gpu=NVIDIA_Tegra_X2 protocol_group_id=ONT_trialEb_250925 sample_id=ONT_trail_250925 barcode=barcode23 barcode_alias=barcode23 parent_read_id=fb88e16b-d01d-4254-bc04-ae4b71906e62 basecall_model_version_id=dna_r10.4.1_e8.2_400bps_hac@v4.3.0 rc
0	f88e804a-f96f-4bca-87ff-98fdbcfa898c runid=0dfb5b492dc86ce99bf7c61c734eb364afcdb5c8 ch=94 start_time=2025-09-25T18:02:53.398161+00:00 flow_cell_id=AWX817 basecall_gpu=NVIDIA_Tegra_X2 protocol_group_id=ONT_trialEb_250925 sample_id=ONT_trail_250925 barcode=barcode24 barcode_alias=barcode24 parent_read_id=f88e804a-f96f-4bca-87ff-98fdbcfa898c basecall_model_version_id=dna_r10.4.1_e8.2_400bps_hac@v4.3.0 rc
0	02e49ff4-534d-450d-b993-b0b58a8f759a runid=0dfb5b492dc86ce99bf7c61c734eb364afcdb5c8 ch=4 start_time=2025-09-26T03:00:14.398161+00:00 flow_cell_id=AWX817 basecall_gpu=NVIDIA_Tegra_X2 protocol_group_id=ONT_trialEb_250925 sample_id=ONT_trail_250925 barcode=barcode23 barcode_alias=barcode23 parent_read_id=02e49ff4-534d-450d-b993-b0b58a8f759a basecall_model_version_id=dna_r10.4.1_e8.2_400bps_hac@v4.3.0
0	b0ed014a-1c4e-4f9e-97b9-78bcc33d12ec runid=0dfb5b492dc86ce99bf7c61c734eb364afcdb5c8 ch=44 start_time=2025-09-25T18:47:26.398161+00:00 flow_cell_id=AWX817 basecall_gpu=NVIDIA_Tegra_X2 protocol_group_id=ONT_trialEb_250925 sample_id=ONT_trail_250925 barcode=barcode23 barcode_alias=barcode23 parent_read_id=b0ed014a-1c4e-4f9e-97b9-78bcc33d12ec basecall_model_version_id=dna_r10.4.1_e8.2_400bps_hac@v4.3.0
0	fbd30fe7-2284-472d-b805-1317f0314882 runid=0dfb5b492dc86ce99bf7c61c734eb364afcdb5c8 ch=39 start_time=2025-09-26T10:35:45.398161+00:00 flow_cell_id=AWX817 basecall_gpu=NVIDIA_Tegra_X2 protocol_group_id=ONT_trialEb_250925 sample_id=ONT_trail_250925 barcode=barcode22 barcode_alias=barcode22 parent_read_id=fbd30fe7-2284-472d-b805-1317f0314882 basecall_model_version_id=dna_r10.4.1_e8.2_400bps_hac@v4.3.0 rc
0	971d322e-ad52-4983-8902-3958341c2136 runid=0dfb5b492dc86ce99bf7c61c734eb364afcdb5c8 ch=23 start_time=2025-09-25T19:09:20.398161+00:00 flow_cell_id=AWX817 basecall_gpu=NVIDIA_Tegra_X2 protocol_group_id=ONT_trialEb_250925 sample_id=ONT_trail_250925 barcode=barcode22 barcode_alias=barcode22 parent_read_id=971d322e-ad52-4983-8902-3958341c2136 basecall_model_version_id=dna_r10.4.1_e8.2_400bps_hac@v4.3.0
0	971d322e-ad52-4983-8902-3958341c2136 runid=0dfb5b492dc86ce99bf7c61c734eb364afcdb5c8 ch=23 start_time=2025-09-25T19:09:20.398161+00:00 flow_cell_id=AWX817 basecall_gpu=NVIDIA_Tegra_X2 protocol_group_id=ONT_trialEb_250925 sample_id=ONT_trail_250925 barcode=barcode22 barcode_alias=barcode22 parent_read_id=971d322e-ad52-4983-8902-3958341c2136 basecall_model_version_id=dna_r10.4.1_e8.2_400bps_hac@v4.3.0
0	1f218e03-44b8-46a9-83b6-5d11817dfa7e runid=0dfb5b492dc86ce99bf7c61c734eb364afcdb5c8 ch=58 start_time=2025-09-25T18:04:22.398161+00:00 flow_cell_id=AWX817 basecall_gpu=NVIDIA_Tegra_X2 protocol_group_id=ONT_trialEb_250925 sample_id=ONT_trail_250925 barcode=barcode22 barcode_alias=barcode22 parent_read_id=1f218e03-44b8-46a9-83b6-5d11817dfa7e basecall_model_version_id=dna_r10.4.1_e8.2_400bps_hac@v4.3.0 rc
0	3b0cd629-d4e1-4124-9ab5-345f291f6e18 runid=0dfb5b492dc86ce99bf7c61c734eb364afcdb5c8 ch=80 start_time=2025-09-25T18:06:25.398161+00:00 flow_cell_id=AWX817 basecall_gpu=NVIDIA_Tegra_X2 protocol_group_id=ONT_trialEb_250925 sample_id=ONT_trail_250925 barcode=barcode22 barcode_alias=barcode22 parent_read_id=3b0cd629-d4e1-4124-9ab5-345f291f6e18 basecall_model_version_id=dna_r10.4.1_e8.2_400bps_hac@v4.3.0 rc
0	3b0cd629-d4e1-4124-9ab5-345f291f6e18 runid=0dfb5b492dc86ce99bf7c61c734eb364afcdb5c8 ch=80 start_time=2025-09-25T18:06:25.398161+00:00 flow_cell_id=AWX817 basecall_gpu=NVIDIA_Tegra_X2 protocol_group_id=ONT_trialEb_250925 sample_id=ONT_trail_250925 barcode=barcode22 barcode_alias=barcode22 parent_read_id=3b0cd629-d4e1-4124-9ab5-345f291f6e18 basecall_model_version_id=dna_r10.4.1_e8.2_400bps_hac@v4.3.0 rc
0	8f475a2e-da36-4c32-8c87-9c2d410608c4 runid=0dfb5b492dc86ce99bf7c61c734eb364afcdb5c8 ch=4 start_time=2025-09-26T07:09:45.398161+00:00 flow_cell_id=AWX817 basecall_gpu=NVIDIA_Tegra_X2 protocol_group_id=ONT_trialEb_250925 sample_id=ONT_trail_250925 barcode=barcode22 barcode_alias=barcode22 parent_read_id=8f475a2e-da36-4c32-8c87-9c2d410608c4 basecall_model_version_id=dna_r10.4.1_e8.2_400bps_hac@v4.3.0 rc
0	b3d6adc4-5bde-4a8c-84f0-a9ada3e3d806 runid=0dfb5b492dc86ce99bf7c61c734eb364afcdb5c8 ch=79 start_time=2025-09-25T23:24:14.398161+00:00 flow_cell_id=AWX817 basecall_gpu=NVIDIA_Tegra_X2 protocol_group_id=ONT_trialEb_250925 sample_id=ONT_trail_250925 barcode=barcode23 barcode_alias=barcode23 parent_read_id=b3d6adc4-5bde-4a8c-84f0-a9ada3e3d806 basecall_model_version_id=dna_r10.4.1_e8.2_400bps_hac@v4.3.0
0	a9895596-5c35-4899-9bfa-866a7879090a runid=0dfb5b492dc86ce99bf7c61c734eb364afcdb5c8 ch=44 start_time=2025-09-25T16:09:49.398161+00:00 flow_cell_id=AWX817 basecall_gpu=NVIDIA_Tegra_X2 protocol_group_id=ONT_trialEb_250925 sample_id=ONT_trail_250925 barcode=barcode23 barcode_alias=barcode23 parent_read_id=a9895596-5c35-4899-9bfa-866a7879090a basecall_model_version_id=dna_r10.4.1_e8.2_400bps_hac@v4.3.0 rc
0	34ecb4a3-2f09-4b4e-aacb-57686ecf0ed5 runid=0dfb5b492dc86ce99bf7c61c734eb364afcdb5c8 ch=44 start_time=2025-09-25T22:10:14.398161+00:00 flow_cell_id=AWX817 basecall_gpu=NVIDIA_Tegra_X2 protocol_group_id=ONT_trialEb_250925 sample_id=ONT_trail_250925 barcode=barcode22 barcode_alias=barcode22 parent_read_id=34ecb4a3-2f09-4b4e-aacb-57686ecf0ed5 basecall_model_version_id=dna_r10.4.1_e8.2_400bps_hac@v4.3.0
0	ba3fc067-494f-494c-8cf5-28ad68b25205 runid=0dfb5b492dc86ce99bf7c61c734eb364afcdb5c8 ch=85 start_time=2025-09-25T19:54:13.398161+00:00 flow_cell_id=AWX817 basecall_gpu=NVIDIA_Tegra_X2 protocol_group_id=ONT_trialEb_250925 sample_id=ONT_trail_250925 barcode=barcode22 barcode_alias=barcode22 parent_read_id=ba3fc067-494f-494c-8cf5-28ad68b25205 basecall_model_version_id=dna_r10.4.1_e8.2_400bps_hac@v4.3.0
0	c6524235-7502-444c-afc5-ada8c26caa41 runid=0dfb5b492dc86ce99bf7c61c734eb364afcdb5c8 ch=15 start_time=2025-09-25T18:31:31.398161+00:00 flow_cell_id=AWX817 basecall_gpu=NVIDIA_Tegra_X2 protocol_group_id=ONT_trialEb_250925 sample_id=ONT_trail_250925 barcode=barcode22 barcode_alias=barcode22 parent_read_id=d422a357-9896-4348-9c40-a6b3801a57a4 basecall_model_version_id=dna_r10.4.1_e8.2_400bps_hac@v4.3.0 rc
0	fdd9c607-c481-4097-bc3c-88757a5ec553 runid=0dfb5b492dc86ce99bf7c61c734eb364afcdb5c8 ch=113 start_time=2025-09-25T16:56:13.398161+00:00 flow_cell_id=AWX817 basecall_gpu=NVIDIA_Tegra_X2 protocol_group_id=ONT_trialEb_250925 sample_id=ONT_trail_250925 barcode=barcode24 barcode_alias=barcode24 parent_read_id=fdd9c607-c481-4097-bc3c-88757a5ec553 basecall_model_version_id=dna_r10.4.1_e8.2_400bps_hac@v4.3.0
0	62381d5f-f0ef-4213-9707-5b65f0d13911 runid=0dfb5b492dc86ce99bf7c61c734eb364afcdb5c8 ch=20 start_time=2025-09-25T17:55:49.398161+00:00 flow_cell_id=AWX817 basecall_gpu=NVIDIA_Tegra_X2 protocol_group_id=ONT_trialEb_250925 sample_id=ONT_trail_250925 barcode=barcode22 barcode_alias=barcode22 parent_read_id=62381d5f-f0ef-4213-9707-5b65f0d13911 basecall_model_version_id=dna_r10.4.1_e8.2_400bps_hac@v4.3.0 rc
0	b35b2067-3ae1-4f80-9f8c-bfc3cdbcd612 runid=0dfb5b492dc86ce99bf7c61c734eb364afcdb5c8 ch=94 start_time=2025-09-25T17:07:13.398161+00:00 flow_cell_id=AWX817 basecall_gpu=NVIDIA_Tegra_X2 protocol_group_id=ONT_trialEb_250925 sample_id=ONT_trail_250925 barcode=barcode22 barcode_alias=barcode22 parent_read_id=b35b2067-3ae1-4f80-9f8c-bfc3cdbcd612 basecall_model_version_id=dna_r10.4.1_e8.2_400bps_hac@v4.3.0
0	9887e70d-4ebb-4659-9927-41b06c49953a runid=0dfb5b492dc86ce99bf7c61c734eb364afcdb5c8 ch=44 start_time=2025-09-25T21:19:38.398161+00:00 flow_cell_id=AWX817 basecall_gpu=NVIDIA_Tegra_X2 protocol_group_id=ONT_trialEb_250925 sample_id=ONT_trail_250925 barcode=barcode22 barcode_alias=barcode22 parent_read_id=9887e70d-4ebb-4659-9927-41b06c49953a basecall_model_version_id=dna_r10.4.1_e8.2_400bps_hac@v4.3.0
0	b3528f6f-cf42-45c0-8367-36ea626c80f6 runid=0dfb5b492dc86ce99bf7c61c734eb364afcdb5c8 ch=4 start_time=2025-09-25T22:44:56.398161+00:00 flow_cell_id=AWX817 basecall_gpu=NVIDIA_Tegra_X2 protocol_group_id=ONT_trialEb_250925 sample_id=ONT_trail_250925 barcode=barcode24 barcode_alias=barcode24 parent_read_id=b3528f6f-cf42-45c0-8367-36ea626c80f6 basecall_model_version_id=dna_r10.4.1_e8.2_400bps_hac@v4.3.0
0	58102c33-3ba0-46d7-85d7-ea644e02960b runid=0dfb5b492dc86ce99bf7c61c734eb364afcdb5c8 ch=94 start_time=2025-09-25T18:19:17.398161+00:00 flow_cell_id=AWX817 basecall_gpu=NVIDIA_Tegra_X2 protocol_group_id=ONT_trialEb_250925 sample_id=ONT_trail_250925 barcode=barcode22 barcode_alias=barcode22 parent_read_id=58102c33-3ba0-46d7-85d7-ea644e02960b basecall_model_version_id=dna_r10.4.1_e8.2_400bps_hac@v4.3.0 rc
0	86d1274b-1f29-48c8-8dec-023d757389c6 runid=0dfb5b492dc86ce99bf7c61c734eb364afcdb5c8 ch=4 start_time=2025-09-25T17:29:10.398161+00:00 flow_cell_id=AWX817 basecall_gpu=NVIDIA_Tegra_X2 protocol_group_id=ONT_trialEb_250925 sample_id=ONT_trail_250925 barcode=barcode24 barcode_alias=barcode24 parent_read_id=86d1274b-1f29-48c8-8dec-023d757389c6 basecall_model_version_id=dna_r10.4.1_e8.2_400bps_hac@v4.3.0 rc
0	c069e8f0-6ae8-4ceb-a2da-c9c00e3172b8 runid=0dfb5b492dc86ce99bf7c61c734eb364afcdb5c8 ch=57 start_time=2025-09-25T16:43:30.398161+00:00 flow_cell_id=AWX817 basecall_gpu=NVIDIA_Tegra_X2 protocol_group_id=ONT_trialEb_250925 sample_id=ONT_trail_250925 barcode=barcode22 barcode_alias=barcode22 parent_read_id=c069e8f0-6ae8-4ceb-a2da-c9c00e3172b8 basecall_model_version_id=dna_r10.4.1_e8.2_400bps_hac@v4.3.0 rc
0	c069e8f0-6ae8-4ceb-a2da-c9c00e3172b8 runid=0dfb5b492dc86ce99bf7c61c734eb364afcdb5c8 ch=57 start_time=2025-09-25T16:43:30.398161+00:00 flow_cell_id=AWX817 basecall_gpu=NVIDIA_Tegra_X2 protocol_group_id=ONT_trialEb_250925 sample_id=ONT_trail_250925 barcode=barcode22 barcode_alias=barcode22 parent_read_id=c069e8f0-6ae8-4ceb-a2da-c9c00e3172b8 basecall_model_version_id=dna_r10.4.1_e8.2_400bps_hac@v4.3.0 rc
0	0a035c3e-8eca-440d-8d6c-bfb3b3d555f1 runid=0dfb5b492dc86ce99bf7c61c734eb364afcdb5c8 ch=20 start_time=2025-09-25T23:35:55.398161+00:00 flow_cell_id=AWX817 basecall_gpu=NVIDIA_Tegra_X2 protocol_group_id=ONT_trialEb_250925 sample_id=ONT_trail_250925 barcode=barcode24 barcode_alias=barcode24 parent_read_id=0a035c3e-8eca-440d-8d6c-bfb3b3d555f1 basecall_model_version_id=dna_r10.4.1_e8.2_400bps_hac@v4.3.0 rc
0	bdf7f1e1-3990-4821-b1b2-e46e5bf3b27e runid=0dfb5b492dc86ce99bf7c61c734eb364afcdb5c8 ch=110 start_time=2025-09-25T18:55:45.398161+00:00 flow_cell_id=AWX817 basecall_gpu=NVIDIA_Tegra_X2 protocol_group_id=ONT_trialEb_250925 sample_id=ONT_trail_250925 barcode=barcode24 barcode_alias=barcode24 parent_read_id=bdf7f1e1-3990-4821-b1b2-e46e5bf3b27e basecall_model_version_id=dna_r10.4.1_e8.2_400bps_hac@v4.3.0
0	1a8bc2ee-b9b3-484c-b8fc-140101215ded runid=0dfb5b492dc86ce99bf7c61c734eb364afcdb5c8 ch=4 start_time=2025-09-25T20:43:40.398161+00:00 flow_cell_id=AWX817 basecall_gpu=NVIDIA_Tegra_X2 protocol_group_id=ONT_trialEb_250925 sample_id=ONT_trail_250925 barcode=barcode22 barcode_alias=barcode22 parent_read_id=1a8bc2ee-b9b3-484c-b8fc-140101215ded basecall_model_version_id=dna_r10.4.1_e8.2_400bps_hac@v4.3.0 rc
0	035c74c1-d449-45be-94bf-8047a3a86ba0 runid=0dfb5b492dc86ce99bf7c61c734eb364afcdb5c8 ch=6 start_time=2025-09-25T16:58:24.398161+00:00 flow_cell_id=AWX817 basecall_gpu=NVIDIA_Tegra_X2 protocol_group_id=ONT_trialEb_250925 sample_id=ONT_trail_250925 barcode=barcode24 barcode_alias=barcode24 parent_read_id=a1e921e6-8ffb-4e43-8c8a-545e3f18171d basecall_model_version_id=dna_r10.4.1_e8.2_400bps_hac@v4.3.0 rc
0	69c3dc67-a9b2-4605-b4b2-3509790442ef runid=0dfb5b492dc86ce99bf7c61c734eb364afcdb5c8 ch=113 start_time=2025-09-25T16:50:56.398161+00:00 flow_cell_id=AWX817 basecall_gpu=NVIDIA_Tegra_X2 protocol_group_id=ONT_trialEb_250925 sample_id=ONT_trail_250925 barcode=barcode24 barcode_alias=barcode24 parent_read_id=69c3dc67-a9b2-4605-b4b2-3509790442ef basecall_model_version_id=dna_r10.4.1_e8.2_400bps_hac@v4.3.0
0	a0654cbd-b32a-4969-ae6a-f0ad85e4fcd5 runid=0dfb5b492dc86ce99bf7c61c734eb364afcdb5c8 ch=43 start_time=2025-09-25T18:09:48.398161+00:00 flow_cell_id=AWX817 basecall_gpu=NVIDIA_Tegra_X2 protocol_group_id=ONT_trialEb_250925 sample_id=ONT_trail_250925 barcode=barcode22 barcode_alias=barcode22 parent_read_id=a0654cbd-b32a-4969-ae6a-f0ad85e4fcd5 basecall_model_version_id=dna_r10.4.1_e8.2_400bps_hac@v4.3.0 rc
0	64f269e6-f953-441b-b66c-9da232ba0dea runid=0dfb5b492dc86ce99bf7c61c734eb364afcdb5c8 ch=20 start_time=2025-09-26T04:41:19.398161+00:00 flow_cell_id=AWX817 basecall_gpu=NVIDIA_Tegra_X2 protocol_group_id=ONT_trialEb_250925 sample_id=ONT_trail_250925 barcode=barcode22 barcode_alias=barcode22 parent_read_id=64f269e6-f953-441b-b66c-9da232ba0dea basecall_model_version_id=dna_r10.4.1_e8.2_400bps_hac@v4.3.0 rc
0	64f269e6-f953-441b-b66c-9da232ba0dea runid=0dfb5b492dc86ce99bf7c61c734eb364afcdb5c8 ch=20 start_time=2025-09-26T04:41:19.398161+00:00 flow_cell_id=AWX817 basecall_gpu=NVIDIA_Tegra_X2 protocol_group_id=ONT_trialEb_250925 sample_id=ONT_trail_250925 barcode=barcode22 barcode_alias=barcode22 parent_read_id=64f269e6-f953-441b-b66c-9da232ba0dea basecall_model_version_id=dna_r10.4.1_e8.2_400bps_hac@v4.3.0 rc
0	4417c514-0a63-445a-99cf-839f1d18e16b runid=0dfb5b492dc86ce99bf7c61c734eb364afcdb5c8 ch=58 start_time=2025-09-25T20:08:16.398161+00:00 flow_cell_id=AWX817 basecall_gpu=NVIDIA_Tegra_X2 protocol_group_id=ONT_trialEb_250925 sample_id=ONT_trail_250925 barcode=barcode23 barcode_alias=barcode23 parent_read_id=4417c514-0a63-445a-99cf-839f1d18e16b basecall_model_version_id=dna_r10.4.1_e8.2_400bps_hac@v4.3.0
0	9e73a612-2776-4f7c-95c6-2d86cd7c6698 runid=0dfb5b492dc86ce99bf7c61c734eb364afcdb5c8 ch=110 start_time=2025-09-25T17:14:05.398161+00:00 flow_cell_id=AWX817 basecall_gpu=NVIDIA_Tegra_X2 protocol_group_id=ONT_trialEb_250925 sample_id=ONT_trail_250925 barcode=barcode23 barcode_alias=barcode23 parent_read_id=9e73a612-2776-4f7c-95c6-2d86cd7c6698 basecall_model_version_id=dna_r10.4.1_e8.2_400bps_hac@v4.3.0
0	fccbfc19-9dd8-41e5-a04a-16bd249f2f43 runid=0dfb5b492dc86ce99bf7c61c734eb364afcdb5c8 ch=20 start_time=2025-09-26T06:56:53.398161+00:00 flow_cell_id=AWX817 basecall_gpu=NVIDIA_Tegra_X2 protocol_group_id=ONT_trialEb_250925 sample_id=ONT_trail_250925 barcode=barcode22 barcode_alias=barcode22 parent_read_id=fccbfc19-9dd8-41e5-a04a-16bd249f2f43 basecall_model_version_id=dna_r10.4.1_e8.2_400bps_hac@v4.3.0
0	837df61b-6975-4cd7-b1ed-fd0dbc214000 runid=0dfb5b492dc86ce99bf7c61c734eb364afcdb5c8 ch=20 start_time=2025-09-26T02:55:53.398161+00:00 flow_cell_id=AWX817 basecall_gpu=NVIDIA_Tegra_X2 protocol_group_id=ONT_trialEb_250925 sample_id=ONT_trail_250925 barcode=barcode22 barcode_alias=barcode22 parent_read_id=837df61b-6975-4cd7-b1ed-fd0dbc214000 basecall_model_version_id=dna_r10.4.1_e8.2_400bps_hac@v4.3.0
0	8af5d879-8fb0-4dea-80c0-0d335d805b93 runid=0dfb5b492dc86ce99bf7c61c734eb364afcdb5c8 ch=4 start_time=2025-09-26T00:16:28.398161+00:00 flow_cell_id=AWX817 basecall_gpu=NVIDIA_Tegra_X2 protocol_group_id=ONT_trialEb_250925 sample_id=ONT_trail_250925 barcode=barcode24 barcode_alias=barcode24 parent_read_id=8af5d879-8fb0-4dea-80c0-0d335d805b93 basecall_model_version_id=dna_r10.4.1_e8.2_400bps_hac@v4.3.0 rc
0	f7841cf3-18d5-4d73-bd59-1d77059f651e runid=0dfb5b492dc86ce99bf7c61c734eb364afcdb5c8 ch=20 start_time=2025-09-26T04:55:02.398161+00:00 flow_cell_id=AWX817 basecall_gpu=NVIDIA_Tegra_X2 protocol_group_id=ONT_trialEb_250925 sample_id=ONT_trail_250925 barcode=barcode24 barcode_alias=barcode24 parent_read_id=fc483c4c-a75f-4dc2-ae38-09ff06eed863 basecall_model_version_id=dna_r10.4.1_e8.2_400bps_hac@v4.3.0 rc
0	0caf18ca-c938-45fb-977c-ac62a0285eda runid=0dfb5b492dc86ce99bf7c61c734eb364afcdb5c8 ch=85 start_time=2025-09-25T22:56:27.398161+00:00 flow_cell_id=AWX817 basecall_gpu=NVIDIA_Tegra_X2 protocol_group_id=ONT_trialEb_250925 sample_id=ONT_trail_250925 barcode=barcode22 barcode_alias=barcode22 parent_read_id=0caf18ca-c938-45fb-977c-ac62a0285eda basecall_model_version_id=dna_r10.4.1_e8.2_400bps_hac@v4.3.0 rc
0	20992b55-081d-4d57-8996-452a12139b96 runid=0dfb5b492dc86ce99bf7c61c734eb364afcdb5c8 ch=15 start_time=2025-09-25T20:10:59.398161+00:00 flow_cell_id=AWX817 basecall_gpu=NVIDIA_Tegra_X2 protocol_group_id=ONT_trialEb_250925 sample_id=ONT_trail_250925 barcode=barcode22 barcode_alias=barcode22 parent_read_id=20992b55-081d-4d57-8996-452a12139b96 basecall_model_version_id=dna_r10.4.1_e8.2_400bps_hac@v4.3.0 rc
0	924d5734-fa2a-4f57-9568-f35bf11ac3e6 runid=0dfb5b492dc86ce99bf7c61c734eb364afcdb5c8 ch=44 start_time=2025-09-26T04:10:31.398161+00:00 flow_cell_id=AWX817 basecall_gpu=NVIDIA_Tegra_X2 protocol_group_id=ONT_trialEb_250925 sample_id=ONT_trail_250925 barcode=barcode22 barcode_alias=barcode22 parent_read_id=924d5734-fa2a-4f57-9568-f35bf11ac3e6 basecall_model_version_id=dna_r10.4.1_e8.2_400bps_hac@v4.3.0 rc
0	95625674-482e-4359-b148-40f304d82df1 runid=0dfb5b492dc86ce99bf7c61c734eb364afcdb5c8 ch=43 start_time=2025-09-25T16:52:06.398161+00:00 flow_cell_id=AWX817 basecall_gpu=NVIDIA_Tegra_X2 protocol_group_id=ONT_trialEb_250925 sample_id=ONT_trail_250925 barcode=barcode22 barcode_alias=barcode22 parent_read_id=95625674-482e-4359-b148-40f304d82df1 basecall_model_version_id=dna_r10.4.1_e8.2_400bps_hac@v4.3.0
0	61195379-f1a1-4c7d-8b94-6524422ce163 runid=0dfb5b492dc86ce99bf7c61c734eb364afcdb5c8 ch=73 start_time=2025-09-25T18:48:16.398161+00:00 flow_cell_id=AWX817 basecall_gpu=NVIDIA_Tegra_X2 protocol_group_id=ONT_trialEb_250925 sample_id=ONT_trail_250925 barcode=barcode24 barcode_alias=barcode24 parent_read_id=61195379-f1a1-4c7d-8b94-6524422ce163 basecall_model_version_id=dna_r10.4.1_e8.2_400bps_hac@v4.3.0 rc
0	7d54c876-8b66-4202-8692-b96a3efba490 runid=0dfb5b492dc86ce99bf7c61c734eb364afcdb5c8 ch=57 start_time=2025-09-25T17:44:00.398161+00:00 flow_cell_id=AWX817 basecall_gpu=NVIDIA_Tegra_X2 protocol_group_id=ONT_trialEb_250925 sample_id=ONT_trail_250925 barcode=barcode22 barcode_alias=barcode22 parent_read_id=7d54c876-8b66-4202-8692-b96a3efba490 basecall_model_version_id=dna_r10.4.1_e8.2_400bps_hac@v4.3.0
0	ffad6898-6b48-49c7-9f25-fd9e2108f5eb runid=0dfb5b492dc86ce99bf7c61c734eb364afcdb5c8 ch=73 start_time=2025-09-25T20:01:04.398161+00:00 flow_cell_id=AWX817 basecall_gpu=NVIDIA_Tegra_X2 protocol_group_id=ONT_trialEb_250925 sample_id=ONT_trail_250925 barcode=barcode24 barcode_alias=barcode24 parent_read_id=ffad6898-6b48-49c7-9f25-fd9e2108f5eb basecall_model_version_id=dna_r10.4.1_e8.2_400bps_hac@v4.3.0 rc
0	9d055ced-ef26-4746-83d7-f08fd65e3124 runid=0dfb5b492dc86ce99bf7c61c734eb364afcdb5c8 ch=49 start_time=2025-09-25T18:31:01.398161+00:00 flow_cell_id=AWX817 basecall_gpu=NVIDIA_Tegra_X2 protocol_group_id=ONT_trialEb_250925 sample_id=ONT_trail_250925 barcode=barcode24 barcode_alias=barcode24 parent_read_id=9d055ced-ef26-4746-83d7-f08fd65e3124 basecall_model_version_id=dna_r10.4.1_e8.2_400bps_hac@v4.3.0 rc
0	7ecef8e7-cd4c-468e-845f-ffcdb30fd84a runid=0dfb5b492dc86ce99bf7c61c734eb364afcdb5c8 ch=106 start_time=2025-09-25T20:01:07.398161+00:00 flow_cell_id=AWX817 basecall_gpu=NVIDIA_Tegra_X2 protocol_group_id=ONT_trialEb_250925 sample_id=ONT_trail_250925 barcode=barcode22 barcode_alias=barcode22 parent_read_id=7ecef8e7-cd4c-468e-845f-ffcdb30fd84a basecall_model_version_id=dna_r10.4.1_e8.2_400bps_hac@v4.3.0 rc
0	2f84f5c4-7063-4e2b-8b45-00df6bb715a0 runid=0dfb5b492dc86ce99bf7c61c734eb364afcdb5c8 ch=4 start_time=2025-09-25T19:08:51.398161+00:00 flow_cell_id=AWX817 basecall_gpu=NVIDIA_Tegra_X2 protocol_group_id=ONT_trialEb_250925 sample_id=ONT_trail_250925 barcode=barcode22 barcode_alias=barcode22 parent_read_id=2f84f5c4-7063-4e2b-8b45-00df6bb715a0 basecall_model_version_id=dna_r10.4.1_e8.2_400bps_hac@v4.3.0 rc
0	d3312de9-5675-4843-9a5d-036b97869515 runid=0dfb5b492dc86ce99bf7c61c734eb364afcdb5c8 ch=80 start_time=2025-09-25T21:06:36.398161+00:00 flow_cell_id=AWX817 basecall_gpu=NVIDIA_Tegra_X2 protocol_group_id=ONT_trialEb_250925 sample_id=ONT_trail_250925 barcode=barcode22 barcode_alias=barcode22 parent_read_id=d3312de9-5675-4843-9a5d-036b97869515 basecall_model_version_id=dna_r10.4.1_e8.2_400bps_hac@v4.3.0 rc
0	a41eed7b-bcd8-48ad-857b-c5365bfee5b2 runid=0dfb5b492dc86ce99bf7c61c734eb364afcdb5c8 ch=10 start_time=2025-09-25T18:02:03.398161+00:00 flow_cell_id=AWX817 basecall_gpu=NVIDIA_Tegra_X2 protocol_group_id=ONT_trialEb_250925 sample_id=ONT_trail_250925 barcode=barcode22 barcode_alias=barcode22 parent_read_id=a41eed7b-bcd8-48ad-857b-c5365bfee5b2 basecall_model_version_id=dna_r10.4.1_e8.2_400bps_hac@v4.3.0 rc
0	4b2eaf96-d201-4cae-ab18-a80398906257 runid=0dfb5b492dc86ce99bf7c61c734eb364afcdb5c8 ch=43 start_time=2025-09-25T17:24:37.398161+00:00 flow_cell_id=AWX817 basecall_gpu=NVIDIA_Tegra_X2 protocol_group_id=ONT_trialEb_250925 sample_id=ONT_trail_250925 barcode=barcode22 barcode_alias=barcode22 parent_read_id=4b2eaf96-d201-4cae-ab18-a80398906257 basecall_model_version_id=dna_r10.4.1_e8.2_400bps_hac@v4.3.0 rc
0	538e030e-3fff-4741-874c-5f973546ab2c runid=0dfb5b492dc86ce99bf7c61c734eb364afcdb5c8 ch=4 start_time=2025-09-26T00:37:32.398161+00:00 flow_cell_id=AWX817 basecall_gpu=NVIDIA_Tegra_X2 protocol_group_id=ONT_trialEb_250925 sample_id=ONT_trail_250925 barcode=barcode22 barcode_alias=barcode22 parent_read_id=538e030e-3fff-4741-874c-5f973546ab2c basecall_model_version_id=dna_r10.4.1_e8.2_400bps_hac@v4.3.0 rc
0	b4620070-313c-41f0-a620-bc4af4bcfb22 runid=0dfb5b492dc86ce99bf7c61c734eb364afcdb5c8 ch=110 start_time=2025-09-25T18:09:31.398161+00:00 flow_cell_id=AWX817 basecall_gpu=NVIDIA_Tegra_X2 protocol_group_id=ONT_trialEb_250925 sample_id=ONT_trail_250925 barcode=barcode22 barcode_alias=barcode22 parent_read_id=b4620070-313c-41f0-a620-bc4af4bcfb22 basecall_model_version_id=dna_r10.4.1_e8.2_400bps_hac@v4.3.0 rc
0	8cc39760-4f78-482a-ba10-7f9bfca26bf1 runid=0dfb5b492dc86ce99bf7c61c734eb364afcdb5c8 ch=58 start_time=2025-09-25T19:05:18.398161+00:00 flow_cell_id=AWX817 basecall_gpu=NVIDIA_Tegra_X2 protocol_group_id=ONT_trialEb_250925 sample_id=ONT_trail_250925 barcode=barcode22 barcode_alias=barcode22 parent_read_id=8cc39760-4f78-482a-ba10-7f9bfca26bf1 basecall_model_version_id=dna_r10.4.1_e8.2_400bps_hac@v4.3.0
0	1cc2feee-7685-4b0b-8341-e12666c70572 runid=0dfb5b492dc86ce99bf7c61c734eb364afcdb5c8 ch=4 start_time=2025-09-25T19:53:43.398161+00:00 flow_cell_id=AWX817 basecall_gpu=NVIDIA_Tegra_X2 protocol_group_id=ONT_trialEb_250925 sample_id=ONT_trail_250925 barcode=barcode24 barcode_alias=barcode24 parent_read_id=1cc2feee-7685-4b0b-8341-e12666c70572 basecall_model_version_id=dna_r10.4.1_e8.2_400bps_hac@v4.3.0 rc
0	01c378a1-925c-4cf5-bd26-50777487813c runid=0dfb5b492dc86ce99bf7c61c734eb364afcdb5c8 ch=108 start_time=2025-09-25T16:00:34.398161+00:00 flow_cell_id=AWX817 basecall_gpu=NVIDIA_Tegra_X2 protocol_group_id=ONT_trialEb_250925 sample_id=ONT_trail_250925 barcode=barcode22 barcode_alias=barcode22 parent_read_id=01c378a1-925c-4cf5-bd26-50777487813c basecall_model_version_id=dna_r10.4.1_e8.2_400bps_hac@v4.3.0 rc
0	a1ffbfe0-591a-4f46-96d7-f0041910a1b6 runid=0dfb5b492dc86ce99bf7c61c734eb364afcdb5c8 ch=4 start_time=2025-09-26T05:12:35.398161+00:00 flow_cell_id=AWX817 basecall_gpu=NVIDIA_Tegra_X2 protocol_group_id=ONT_trialEb_250925 sample_id=ONT_trail_250925 barcode=barcode24 barcode_alias=barcode24 parent_read_id=a1ffbfe0-591a-4f46-96d7-f0041910a1b6 basecall_model_version_id=dna_r10.4.1_e8.2_400bps_hac@v4.3.0 rc
0	42c597ba-b313-4f39-b8da-7ed074da0497 runid=0dfb5b492dc86ce99bf7c61c734eb364afcdb5c8 ch=73 start_time=2025-09-25T21:41:47.398161+00:00 flow_cell_id=AWX817 basecall_gpu=NVIDIA_Tegra_X2 protocol_group_id=ONT_trialEb_250925 sample_id=ONT_trail_250925 barcode=barcode22 barcode_alias=barcode22 parent_read_id=42c597ba-b313-4f39-b8da-7ed074da0497 basecall_model_version_id=dna_r10.4.1_e8.2_400bps_hac@v4.3.0 rc
0	e5ed6fe9-045e-47dd-b723-156074a75cc1 runid=0dfb5b492dc86ce99bf7c61c734eb364afcdb5c8 ch=85 start_time=2025-09-25T23:53:21.398161+00:00 flow_cell_id=AWX817 basecall_gpu=NVIDIA_Tegra_X2 protocol_group_id=ONT_trialEb_250925 sample_id=ONT_trail_250925 barcode=barcode23 barcode_alias=barcode23 parent_read_id=e5ed6fe9-045e-47dd-b723-156074a75cc1 basecall_model_version_id=dna_r10.4.1_e8.2_400bps_hac@v4.3.0 rc
0	2a0bf28e-e1f5-48b9-8ba9-f761b39c8c91 runid=0dfb5b492dc86ce99bf7c61c734eb364afcdb5c8 ch=20 start_time=2025-09-26T07:45:31.398161+00:00 flow_cell_id=AWX817 basecall_gpu=NVIDIA_Tegra_X2 protocol_group_id=ONT_trialEb_250925 sample_id=ONT_trail_250925 barcode=barcode24 barcode_alias=barcode24 parent_read_id=2a0bf28e-e1f5-48b9-8ba9-f761b39c8c91 basecall_model_version_id=dna_r10.4.1_e8.2_400bps_hac@v4.3.0
0	26f50563-af48-46f7-84f9-4d6ae151724d runid=0dfb5b492dc86ce99bf7c61c734eb364afcdb5c8 ch=79 start_time=2025-09-25T22:56:58.398161+00:00 flow_cell_id=AWX817 basecall_gpu=NVIDIA_Tegra_X2 protocol_group_id=ONT_trialEb_250925 sample_id=ONT_trail_250925 barcode=barcode23 barcode_alias=barcode23 parent_read_id=b4413b4e-840a-4f6b-8724-2edcc53ab50f basecall_model_version_id=dna_r10.4.1_e8.2_400bps_hac@v4.3.0 rc
0	b14c852a-b14c-48e8-841a-31049a429af2 runid=0dfb5b492dc86ce99bf7c61c734eb364afcdb5c8 ch=23 start_time=2025-09-25T18:46:02.398161+00:00 flow_cell_id=AWX817 basecall_gpu=NVIDIA_Tegra_X2 protocol_group_id=ONT_trialEb_250925 sample_id=ONT_trail_250925 barcode=barcode22 barcode_alias=barcode22 parent_read_id=b14c852a-b14c-48e8-841a-31049a429af2 basecall_model_version_id=dna_r10.4.1_e8.2_400bps_hac@v4.3.0
0	463043db-3fc7-4658-b828-ad4131561f3b runid=0dfb5b492dc86ce99bf7c61c734eb364afcdb5c8 ch=20 start_time=2025-09-25T20:56:44.398161+00:00 flow_cell_id=AWX817 basecall_gpu=NVIDIA_Tegra_X2 protocol_group_id=ONT_trialEb_250925 sample_id=ONT_trail_250925 barcode=barcode22 barcode_alias=barcode22 parent_read_id=463043db-3fc7-4658-b828-ad4131561f3b basecall_model_version_id=dna_r10.4.1_e8.2_400bps_hac@v4.3.0 rc
0	463043db-3fc7-4658-b828-ad4131561f3b runid=0dfb5b492dc86ce99bf7c61c734eb364afcdb5c8 ch=20 start_time=2025-09-25T20:56:44.398161+00:00 flow_cell_id=AWX817 basecall_gpu=NVIDIA_Tegra_X2 protocol_group_id=ONT_trialEb_250925 sample_id=ONT_trail_250925 barcode=barcode22 barcode_alias=barcode22 parent_read_id=463043db-3fc7-4658-b828-ad4131561f3b basecall_model_version_id=dna_r10.4.1_e8.2_400bps_hac@v4.3.0 rc
0	6c03e001-72a4-4a36-8ed9-0d9c4cec2ba4 runid=0dfb5b492dc86ce99bf7c61c734eb364afcdb5c8 ch=43 start_time=2025-09-25T17:48:37.398161+00:00 flow_cell_id=AWX817 basecall_gpu=NVIDIA_Tegra_X2 protocol_group_id=ONT_trialEb_250925 sample_id=ONT_trail_250925 barcode=barcode23 barcode_alias=barcode23 parent_read_id=6c03e001-72a4-4a36-8ed9-0d9c4cec2ba4 basecall_model_version_id=dna_r10.4.1_e8.2_400bps_hac@v4.3.0 rc
0	164582fb-d701-47d9-b833-827a5ac5951c runid=0dfb5b492dc86ce99bf7c61c734eb364afcdb5c8 ch=94 start_time=2025-09-25T17:01:37.398161+00:00 flow_cell_id=AWX817 basecall_gpu=NVIDIA_Tegra_X2 protocol_group_id=ONT_trialEb_250925 sample_id=ONT_trail_250925 barcode=barcode22 barcode_alias=barcode22 parent_read_id=164582fb-d701-47d9-b833-827a5ac5951c basecall_model_version_id=dna_r10.4.1_e8.2_400bps_hac@v4.3.0 rc
0	9b65983c-6779-43ed-b84c-5157e0f77ef0 runid=0dfb5b492dc86ce99bf7c61c734eb364afcdb5c8 ch=41 start_time=2025-09-26T02:20:31.398161+00:00 flow_cell_id=AWX817 basecall_gpu=NVIDIA_Tegra_X2 protocol_group_id=ONT_trialEb_250925 sample_id=ONT_trail_250925 barcode=barcode24 barcode_alias=barcode24 parent_read_id=9b65983c-6779-43ed-b84c-5157e0f77ef0 basecall_model_version_id=dna_r10.4.1_e8.2_400bps_hac@v4.3.0 rc
0	ca25b6da-81b4-4023-992e-0dfeb4773663 runid=0dfb5b492dc86ce99bf7c61c734eb364afcdb5c8 ch=10 start_time=2025-09-26T00:58:51.398161+00:00 flow_cell_id=AWX817 basecall_gpu=NVIDIA_Tegra_X2 protocol_group_id=ONT_trialEb_250925 sample_id=ONT_trail_250925 barcode=barcode22 barcode_alias=barcode22 parent_read_id=ca25b6da-81b4-4023-992e-0dfeb4773663 basecall_model_version_id=dna_r10.4.1_e8.2_400bps_hac@v4.3.0 rc
0	a259efc4-a7e4-468c-a404-4da6cf6e1edf runid=0dfb5b492dc86ce99bf7c61c734eb364afcdb5c8 ch=91 start_time=2025-09-25T18:41:44.398161+00:00 flow_cell_id=AWX817 basecall_gpu=NVIDIA_Tegra_X2 protocol_group_id=ONT_trialEb_250925 sample_id=ONT_trail_250925 barcode=barcode22 barcode_alias=barcode22 parent_read_id=a259efc4-a7e4-468c-a404-4da6cf6e1edf basecall_model_version_id=dna_r10.4.1_e8.2_400bps_hac@v4.3.0 rc
0	4d6c546d-de6a-4a2f-8bb7-cee1c0104690 runid=0dfb5b492dc86ce99bf7c61c734eb364afcdb5c8 ch=93 start_time=2025-09-25T17:48:44.398161+00:00 flow_cell_id=AWX817 basecall_gpu=NVIDIA_Tegra_X2 protocol_group_id=ONT_trialEb_250925 sample_id=ONT_trail_250925 barcode=barcode23 barcode_alias=barcode23 parent_read_id=4d6c546d-de6a-4a2f-8bb7-cee1c0104690 basecall_model_version_id=dna_r10.4.1_e8.2_400bps_hac@v4.3.0 rc
0	7fad05d7-fab0-4f97-a6a8-1b6bc2c551fa runid=0dfb5b492dc86ce99bf7c61c734eb364afcdb5c8 ch=91 start_time=2025-09-25T18:03:53.398161+00:00 flow_cell_id=AWX817 basecall_gpu=NVIDIA_Tegra_X2 protocol_group_id=ONT_trialEb_250925 sample_id=ONT_trail_250925 barcode=barcode22 barcode_alias=barcode22 parent_read_id=7fad05d7-fab0-4f97-a6a8-1b6bc2c551fa basecall_model_version_id=dna_r10.4.1_e8.2_400bps_hac@v4.3.0 rc
0	478d9e47-70dc-47cf-806b-60dc7c86c14c runid=0dfb5b492dc86ce99bf7c61c734eb364afcdb5c8 ch=110 start_time=2025-09-25T20:35:07.398161+00:00 flow_cell_id=AWX817 basecall_gpu=NVIDIA_Tegra_X2 protocol_group_id=ONT_trialEb_250925 sample_id=ONT_trail_250925 barcode=barcode22 barcode_alias=barcode22 parent_read_id=478d9e47-70dc-47cf-806b-60dc7c86c14c basecall_model_version_id=dna_r10.4.1_e8.2_400bps_hac@v4.3.0
0	12f62674-d08b-4d1f-9b6e-3f18d9b40e62 runid=0dfb5b492dc86ce99bf7c61c734eb364afcdb5c8 ch=108 start_time=2025-09-25T16:55:49.398161+00:00 flow_cell_id=AWX817 basecall_gpu=NVIDIA_Tegra_X2 protocol_group_id=ONT_trialEb_250925 sample_id=ONT_trail_250925 barcode=barcode23 barcode_alias=barcode23 parent_read_id=12f62674-d08b-4d1f-9b6e-3f18d9b40e62 basecall_model_version_id=dna_r10.4.1_e8.2_400bps_hac@v4.3.0 rc
0	55b94712-d48d-49a3-acbe-cf221f8d59c7 runid=0dfb5b492dc86ce99bf7c61c734eb364afcdb5c8 ch=49 start_time=2025-09-25T18:02:36.398161+00:00 flow_cell_id=AWX817 basecall_gpu=NVIDIA_Tegra_X2 protocol_group_id=ONT_trialEb_250925 sample_id=ONT_trail_250925 barcode=barcode22 barcode_alias=barcode22 parent_read_id=55b94712-d48d-49a3-acbe-cf221f8d59c7 basecall_model_version_id=dna_r10.4.1_e8.2_400bps_hac@v4.3.0
0	55b94712-d48d-49a3-acbe-cf221f8d59c7 runid=0dfb5b492dc86ce99bf7c61c734eb364afcdb5c8 ch=49 start_time=2025-09-25T18:02:36.398161+00:00 flow_cell_id=AWX817 basecall_gpu=NVIDIA_Tegra_X2 protocol_group_id=ONT_trialEb_250925 sample_id=ONT_trail_250925 barcode=barcode22 barcode_alias=barcode22 parent_read_id=55b94712-d48d-49a3-acbe-cf221f8d59c7 basecall_model_version_id=dna_r10.4.1_e8.2_400bps_hac@v4.3.0
0	655e7e6a-89a2-455d-936c-7722c6003e61 runid=0dfb5b492dc86ce99bf7c61c734eb364afcdb5c8 ch=20 start_time=2025-09-26T03:56:58.398161+00:00 flow_cell_id=AWX817 basecall_gpu=NVIDIA_Tegra_X2 protocol_group_id=ONT_trialEb_250925 sample_id=ONT_trail_250925 barcode=barcode22 barcode_alias=barcode22 parent_read_id=655e7e6a-89a2-455d-936c-7722c6003e61 basecall_model_version_id=dna_r10.4.1_e8.2_400bps_hac@v4.3.0 rc
0	9e1d5153-fe81-4025-968a-c9ce847f5cd2 runid=0dfb5b492dc86ce99bf7c61c734eb364afcdb5c8 ch=92 start_time=2025-09-25T21:09:48.398161+00:00 flow_cell_id=AWX817 basecall_gpu=NVIDIA_Tegra_X2 protocol_group_id=ONT_trialEb_250925 sample_id=ONT_trail_250925 barcode=barcode23 barcode_alias=barcode23 parent_read_id=9e1d5153-fe81-4025-968a-c9ce847f5cd2 basecall_model_version_id=dna_r10.4.1_e8.2_400bps_hac@v4.3.0
0	a2155a95-baaf-4b02-aab5-72bbd1b45a1f runid=0dfb5b492dc86ce99bf7c61c734eb364afcdb5c8 ch=20 start_time=2025-09-26T08:45:25.398161+00:00 flow_cell_id=AWX817 basecall_gpu=NVIDIA_Tegra_X2 protocol_group_id=ONT_trialEb_250925 sample_id=ONT_trail_250925 barcode=barcode22 barcode_alias=barcode22 parent_read_id=a2155a95-baaf-4b02-aab5-72bbd1b45a1f basecall_model_version_id=dna_r10.4.1_e8.2_400bps_hac@v4.3.0 rc
0	d4a91905-08af-4404-9577-674342c47a67 runid=0dfb5b492dc86ce99bf7c61c734eb364afcdb5c8 ch=45 start_time=2025-09-25T17:29:57.398161+00:00 flow_cell_id=AWX817 basecall_gpu=NVIDIA_Tegra_X2 protocol_group_id=ONT_trialEb_250925 sample_id=ONT_trail_250925 barcode=barcode22 barcode_alias=barcode22 parent_read_id=d4a91905-08af-4404-9577-674342c47a67 basecall_model_version_id=dna_r10.4.1_e8.2_400bps_hac@v4.3.0 rc
0	e080dbfb-889a-45cc-8c6e-ba739824268e runid=0dfb5b492dc86ce99bf7c61c734eb364afcdb5c8 ch=23 start_time=2025-09-25T17:46:33.398161+00:00 flow_cell_id=AWX817 basecall_gpu=NVIDIA_Tegra_X2 protocol_group_id=ONT_trialEb_250925 sample_id=ONT_trail_250925 barcode=barcode23 barcode_alias=barcode23 parent_read_id=e080dbfb-889a-45cc-8c6e-ba739824268e basecall_model_version_id=dna_r10.4.1_e8.2_400bps_hac@v4.3.0 rc
0	dcaa2f86-9636-4c99-a4f5-5f9c53982b04 runid=0dfb5b492dc86ce99bf7c61c734eb364afcdb5c8 ch=20 start_time=2025-09-25T23:37:48.398161+00:00 flow_cell_id=AWX817 basecall_gpu=NVIDIA_Tegra_X2 protocol_group_id=ONT_trialEb_250925 sample_id=ONT_trail_250925 barcode=barcode23 barcode_alias=barcode23 parent_read_id=dcaa2f86-9636-4c99-a4f5-5f9c53982b04 basecall_model_version_id=dna_r10.4.1_e8.2_400bps_hac@v4.3.0 rc
0	778303e9-6a98-4ead-885c-f212af4622a0 runid=0dfb5b492dc86ce99bf7c61c734eb364afcdb5c8 ch=20 start_time=2025-09-26T00:06:31.398161+00:00 flow_cell_id=AWX817 basecall_gpu=NVIDIA_Tegra_X2 protocol_group_id=ONT_trialEb_250925 sample_id=ONT_trail_250925 barcode=barcode24 barcode_alias=barcode24 parent_read_id=778303e9-6a98-4ead-885c-f212af4622a0 basecall_model_version_id=dna_r10.4.1_e8.2_400bps_hac@v4.3.0 rc
0	f04a0ccf-1105-4319-9fdd-b83c1463598d runid=0dfb5b492dc86ce99bf7c61c734eb364afcdb5c8 ch=44 start_time=2025-09-26T05:02:42.398161+00:00 flow_cell_id=AWX817 basecall_gpu=NVIDIA_Tegra_X2 protocol_group_id=ONT_trialEb_250925 sample_id=ONT_trail_250925 barcode=barcode22 barcode_alias=barcode22 parent_read_id=f04a0ccf-1105-4319-9fdd-b83c1463598d basecall_model_version_id=dna_r10.4.1_e8.2_400bps_hac@v4.3.0 rc
0	909ead97-1464-4b0a-bfb0-8e9ea94ef416 runid=0dfb5b492dc86ce99bf7c61c734eb364afcdb5c8 ch=41 start_time=2025-09-25T19:56:24.398161+00:00 flow_cell_id=AWX817 basecall_gpu=NVIDIA_Tegra_X2 protocol_group_id=ONT_trialEb_250925 sample_id=ONT_trail_250925 barcode=barcode22 barcode_alias=barcode22 parent_read_id=909ead97-1464-4b0a-bfb0-8e9ea94ef416 basecall_model_version_id=dna_r10.4.1_e8.2_400bps_hac@v4.3.0 rc
0	97b18e1f-5330-4ce2-8a5c-8d59df5aa013 runid=0dfb5b492dc86ce99bf7c61c734eb364afcdb5c8 ch=49 start_time=2025-09-25T18:08:24.398161+00:00 flow_cell_id=AWX817 basecall_gpu=NVIDIA_Tegra_X2 protocol_group_id=ONT_trialEb_250925 sample_id=ONT_trail_250925 barcode=barcode23 barcode_alias=barcode23 parent_read_id=97b18e1f-5330-4ce2-8a5c-8d59df5aa013 basecall_model_version_id=dna_r10.4.1_e8.2_400bps_hac@v4.3.0 rc
0	4e628e1b-a1bb-4dea-96e5-4ed272d14876 runid=0dfb5b492dc86ce99bf7c61c734eb364afcdb5c8 ch=4 start_time=2025-09-26T05:52:59.398161+00:00 flow_cell_id=AWX817 basecall_gpu=NVIDIA_Tegra_X2 protocol_group_id=ONT_trialEb_250925 sample_id=ONT_trail_250925 barcode=barcode23 barcode_alias=barcode23 parent_read_id=4e628e1b-a1bb-4dea-96e5-4ed272d14876 basecall_model_version_id=dna_r10.4.1_e8.2_400bps_hac@v4.3.0
0	8f84d9ff-c531-4530-bdd1-10a19a065bdc runid=0dfb5b492dc86ce99bf7c61c734eb364afcdb5c8 ch=91 start_time=2025-09-25T18:13:49.398161+00:00 flow_cell_id=AWX817 basecall_gpu=NVIDIA_Tegra_X2 protocol_group_id=ONT_trialEb_250925 sample_id=ONT_trail_250925 barcode=barcode22 barcode_alias=barcode22 parent_read_id=8f84d9ff-c531-4530-bdd1-10a19a065bdc basecall_model_version_id=dna_r10.4.1_e8.2_400bps_hac@v4.3.0 rc
0	fc836a95-7c51-4af1-8570-8a682c9bd6e5 runid=0dfb5b492dc86ce99bf7c61c734eb364afcdb5c8 ch=44 start_time=2025-09-26T03:47:43.398161+00:00 flow_cell_id=AWX817 basecall_gpu=NVIDIA_Tegra_X2 protocol_group_id=ONT_trialEb_250925 sample_id=ONT_trail_250925 barcode=barcode22 barcode_alias=barcode22 parent_read_id=fc836a95-7c51-4af1-8570-8a682c9bd6e5 basecall_model_version_id=dna_r10.4.1_e8.2_400bps_hac@v4.3.0
0	302118a7-090b-4ec4-916d-1768bf018182 runid=0dfb5b492dc86ce99bf7c61c734eb364afcdb5c8 ch=110 start_time=2025-09-25T20:49:26.398161+00:00 flow_cell_id=AWX817 basecall_gpu=NVIDIA_Tegra_X2 protocol_group_id=ONT_trialEb_250925 sample_id=ONT_trail_250925 barcode=barcode22 barcode_alias=barcode22 parent_read_id=302118a7-090b-4ec4-916d-1768bf018182 basecall_model_version_id=dna_r10.4.1_e8.2_400bps_hac@v4.3.0 rc
0	302118a7-090b-4ec4-916d-1768bf018182 runid=0dfb5b492dc86ce99bf7c61c734eb364afcdb5c8 ch=110 start_time=2025-09-25T20:49:26.398161+00:00 flow_cell_id=AWX817 basecall_gpu=NVIDIA_Tegra_X2 protocol_group_id=ONT_trialEb_250925 sample_id=ONT_trail_250925 barcode=barcode22 barcode_alias=barcode22 parent_read_id=302118a7-090b-4ec4-916d-1768bf018182 basecall_model_version_id=dna_r10.4.1_e8.2_400bps_hac@v4.3.0 rc
0	97b2f742-3e44-49b6-a859-f122bf3d2973 runid=0dfb5b492dc86ce99bf7c61c734eb364afcdb5c8 ch=5 start_time=2025-09-25T23:46:29.398161+00:00 flow_cell_id=AWX817 basecall_gpu=NVIDIA_Tegra_X2 protocol_group_id=ONT_trialEb_250925 sample_id=ONT_trail_250925 barcode=barcode22 barcode_alias=barcode22 parent_read_id=97b2f742-3e44-49b6-a859-f122bf3d2973 basecall_model_version_id=dna_r10.4.1_e8.2_400bps_hac@v4.3.0 rc
0	5a22d3fa-49c6-4b19-901e-6e1c2ae110f1 runid=0dfb5b492dc86ce99bf7c61c734eb364afcdb5c8 ch=20 start_time=2025-09-25T21:43:39.398161+00:00 flow_cell_id=AWX817 basecall_gpu=NVIDIA_Tegra_X2 protocol_group_id=ONT_trialEb_250925 sample_id=ONT_trail_250925 barcode=barcode22 barcode_alias=barcode22 parent_read_id=5a22d3fa-49c6-4b19-901e-6e1c2ae110f1 basecall_model_version_id=dna_r10.4.1_e8.2_400bps_hac@v4.3.0
0	1ed75d46-2df2-4ce3-8aa6-7802c6b2d5d6 runid=0dfb5b492dc86ce99bf7c61c734eb364afcdb5c8 ch=79 start_time=2025-09-25T21:27:36.398161+00:00 flow_cell_id=AWX817 basecall_gpu=NVIDIA_Tegra_X2 protocol_group_id=ONT_trialEb_250925 sample_id=ONT_trail_250925 barcode=barcode24 barcode_alias=barcode24 parent_read_id=1ed75d46-2df2-4ce3-8aa6-7802c6b2d5d6 basecall_model_version_id=dna_r10.4.1_e8.2_400bps_hac@v4.3.0
0	e46e8503-3639-49ea-ae5a-af2defb7a825 runid=0dfb5b492dc86ce99bf7c61c734eb364afcdb5c8 ch=79 start_time=2025-09-25T22:18:32.398161+00:00 flow_cell_id=AWX817 basecall_gpu=NVIDIA_Tegra_X2 protocol_group_id=ONT_trialEb_250925 sample_id=ONT_trail_250925 barcode=barcode22 barcode_alias=barcode22 parent_read_id=e46e8503-3639-49ea-ae5a-af2defb7a825 basecall_model_version_id=dna_r10.4.1_e8.2_400bps_hac@v4.3.0
0	a409eb16-d85d-4bbb-922d-0ea8893031d8 runid=0dfb5b492dc86ce99bf7c61c734eb364afcdb5c8 ch=40 start_time=2025-09-25T19:53:49.398161+00:00 flow_cell_id=AWX817 basecall_gpu=NVIDIA_Tegra_X2 protocol_group_id=ONT_trialEb_250925 sample_id=ONT_trail_250925 barcode=barcode23 barcode_alias=barcode23 parent_read_id=a409eb16-d85d-4bbb-922d-0ea8893031d8 basecall_model_version_id=dna_r10.4.1_e8.2_400bps_hac@v4.3.0 rc
0	9ef153b7-8780-41c5-9bbb-15237fe6e261 runid=0dfb5b492dc86ce99bf7c61c734eb364afcdb5c8 ch=20 start_time=2025-09-25T22:59:36.398161+00:00 flow_cell_id=AWX817 basecall_gpu=NVIDIA_Tegra_X2 protocol_group_id=ONT_trialEb_250925 sample_id=ONT_trail_250925 barcode=barcode23 barcode_alias=barcode23 parent_read_id=9ef153b7-8780-41c5-9bbb-15237fe6e261 basecall_model_version_id=dna_r10.4.1_e8.2_400bps_hac@v4.3.0 rc
0	da58ef0e-8b99-4006-930f-c5dbab64d0d7 runid=0dfb5b492dc86ce99bf7c61c734eb364afcdb5c8 ch=106 start_time=2025-09-25T17:11:31.398161+00:00 flow_cell_id=AWX817 basecall_gpu=NVIDIA_Tegra_X2 protocol_group_id=ONT_trialEb_250925 sample_id=ONT_trail_250925 barcode=barcode23 barcode_alias=barcode23 parent_read_id=da58ef0e-8b99-4006-930f-c5dbab64d0d7 basecall_model_version_id=dna_r10.4.1_e8.2_400bps_hac@v4.3.0
0	af2f0e75-792a-45d6-afe1-db5f74fd5594 runid=0dfb5b492dc86ce99bf7c61c734eb364afcdb5c8 ch=41 start_time=2025-09-25T17:59:38.398161+00:00 flow_cell_id=AWX817 basecall_gpu=NVIDIA_Tegra_X2 protocol_group_id=ONT_trialEb_250925 sample_id=ONT_trail_250925 barcode=barcode22 barcode_alias=barcode22 parent_read_id=af2f0e75-792a-45d6-afe1-db5f74fd5594 basecall_model_version_id=dna_r10.4.1_e8.2_400bps_hac@v4.3.0 rc
0	99e74d24-1d53-4366-919a-043ee2c01fe0 runid=0dfb5b492dc86ce99bf7c61c734eb364afcdb5c8 ch=23 start_time=2025-09-25T19:39:29.398161+00:00 flow_cell_id=AWX817 basecall_gpu=NVIDIA_Tegra_X2 protocol_group_id=ONT_trialEb_250925 sample_id=ONT_trail_250925 barcode=barcode24 barcode_alias=barcode24 parent_read_id=99e74d24-1d53-4366-919a-043ee2c01fe0 basecall_model_version_id=dna_r10.4.1_e8.2_400bps_hac@v4.3.0
0	99953f4e-fc0f-4d16-8a65-d4dca5bf7a20 runid=0dfb5b492dc86ce99bf7c61c734eb364afcdb5c8 ch=49 start_time=2025-09-26T03:17:06.398161+00:00 flow_cell_id=AWX817 basecall_gpu=NVIDIA_Tegra_X2 protocol_group_id=ONT_trialEb_250925 sample_id=ONT_trail_250925 barcode=barcode22 barcode_alias=barcode22 parent_read_id=99953f4e-fc0f-4d16-8a65-d4dca5bf7a20 basecall_model_version_id=dna_r10.4.1_e8.2_400bps_hac@v4.3.0 rc
0	99953f4e-fc0f-4d16-8a65-d4dca5bf7a20 runid=0dfb5b492dc86ce99bf7c61c734eb364afcdb5c8 ch=49 start_time=2025-09-26T03:17:06.398161+00:00 flow_cell_id=AWX817 basecall_gpu=NVIDIA_Tegra_X2 protocol_group_id=ONT_trialEb_250925 sample_id=ONT_trail_250925 barcode=barcode22 barcode_alias=barcode22 parent_read_id=99953f4e-fc0f-4d16-8a65-d4dca5bf7a20 basecall_model_version_id=dna_r10.4.1_e8.2_400bps_hac@v4.3.0 rc
0	215eecd7-d67e-4de9-8eda-d7d54efd92d4 runid=0dfb5b492dc86ce99bf7c61c734eb364afcdb5c8 ch=4 start_time=2025-09-25T17:07:45.398161+00:00 flow_cell_id=AWX817 basecall_gpu=NVIDIA_Tegra_X2 protocol_group_id=ONT_trialEb_250925 sample_id=ONT_trail_250925 barcode=barcode22 barcode_alias=barcode22 parent_read_id=215eecd7-d67e-4de9-8eda-d7d54efd92d4 basecall_model_version_id=dna_r10.4.1_e8.2_400bps_hac@v4.3.0
0	25c1193d-b27f-454f-938c-883c8bd4eaec runid=0dfb5b492dc86ce99bf7c61c734eb364afcdb5c8 ch=85 start_time=2025-09-25T17:04:41.398161+00:00 flow_cell_id=AWX817 basecall_gpu=NVIDIA_Tegra_X2 protocol_group_id=ONT_trialEb_250925 sample_id=ONT_trail_250925 barcode=barcode23 barcode_alias=barcode23 parent_read_id=25c1193d-b27f-454f-938c-883c8bd4eaec basecall_model_version_id=dna_r10.4.1_e8.2_400bps_hac@v4.3.0 rc
0	77d548fd-c494-4b87-8e03-b38f2e2cec73 runid=0dfb5b492dc86ce99bf7c61c734eb364afcdb5c8 ch=23 start_time=2025-09-25T17:58:40.398161+00:00 flow_cell_id=AWX817 basecall_gpu=NVIDIA_Tegra_X2 protocol_group_id=ONT_trialEb_250925 sample_id=ONT_trail_250925 barcode=barcode24 barcode_alias=barcode24 parent_read_id=77d548fd-c494-4b87-8e03-b38f2e2cec73 basecall_model_version_id=dna_r10.4.1_e8.2_400bps_hac@v4.3.0
0	fa31389c-de8b-49d8-8713-0e2f84f51cf5 runid=0dfb5b492dc86ce99bf7c61c734eb364afcdb5c8 ch=20 start_time=2025-09-25T16:33:08.398161+00:00 flow_cell_id=AWX817 basecall_gpu=NVIDIA_Tegra_X2 protocol_group_id=ONT_trialEb_250925 sample_id=ONT_trail_250925 barcode=barcode22 barcode_alias=barcode22 parent_read_id=fa31389c-de8b-49d8-8713-0e2f84f51cf5 basecall_model_version_id=dna_r10.4.1_e8.2_400bps_hac@v4.3.0 rc
0	b78336a7-6188-4a78-844f-2ab30a77a9e5 runid=0dfb5b492dc86ce99bf7c61c734eb364afcdb5c8 ch=44 start_time=2025-09-26T01:12:28.398161+00:00 flow_cell_id=AWX817 basecall_gpu=NVIDIA_Tegra_X2 protocol_group_id=ONT_trialEb_250925 sample_id=ONT_trail_250925 barcode=barcode24 barcode_alias=barcode24 parent_read_id=b78336a7-6188-4a78-844f-2ab30a77a9e5 basecall_model_version_id=dna_r10.4.1_e8.2_400bps_hac@v4.3.0
0	dd353948-dd5c-4b31-bc99-202a946f6bed runid=0dfb5b492dc86ce99bf7c61c734eb364afcdb5c8 ch=44 start_time=2025-09-25T22:54:34.398161+00:00 flow_cell_id=AWX817 basecall_gpu=NVIDIA_Tegra_X2 protocol_group_id=ONT_trialEb_250925 sample_id=ONT_trail_250925 barcode=barcode23 barcode_alias=barcode23 parent_read_id=dd353948-dd5c-4b31-bc99-202a946f6bed basecall_model_version_id=dna_r10.4.1_e8.2_400bps_hac@v4.3.0
0	a01ce65e-b26f-4aa5-add5-c5c3fb7a52e7 runid=0dfb5b492dc86ce99bf7c61c734eb364afcdb5c8 ch=41 start_time=2025-09-25T18:59:44.398161+00:00 flow_cell_id=AWX817 basecall_gpu=NVIDIA_Tegra_X2 protocol_group_id=ONT_trialEb_250925 sample_id=ONT_trail_250925 barcode=barcode22 barcode_alias=barcode22 parent_read_id=a01ce65e-b26f-4aa5-add5-c5c3fb7a52e7 basecall_model_version_id=dna_r10.4.1_e8.2_400bps_hac@v4.3.0
0	33cb644a-f308-49cc-bb22-412bff2fbdcc runid=0dfb5b492dc86ce99bf7c61c734eb364afcdb5c8 ch=5 start_time=2025-09-25T23:41:24.398161+00:00 flow_cell_id=AWX817 basecall_gpu=NVIDIA_Tegra_X2 protocol_group_id=ONT_trialEb_250925 sample_id=ONT_trail_250925 barcode=barcode24 barcode_alias=barcode24 parent_read_id=33cb644a-f308-49cc-bb22-412bff2fbdcc basecall_model_version_id=dna_r10.4.1_e8.2_400bps_hac@v4.3.0 rc
0	e84a3c58-00ac-4c7c-8f25-37bf7fb1f27d runid=0dfb5b492dc86ce99bf7c61c734eb364afcdb5c8 ch=94 start_time=2025-09-25T17:58:32.398161+00:00 flow_cell_id=AWX817 basecall_gpu=NVIDIA_Tegra_X2 protocol_group_id=ONT_trialEb_250925 sample_id=ONT_trail_250925 barcode=barcode22 barcode_alias=barcode22 parent_read_id=e84a3c58-00ac-4c7c-8f25-37bf7fb1f27d basecall_model_version_id=dna_r10.4.1_e8.2_400bps_hac@v4.3.0
0	e84a3c58-00ac-4c7c-8f25-37bf7fb1f27d runid=0dfb5b492dc86ce99bf7c61c734eb364afcdb5c8 ch=94 start_time=2025-09-25T17:58:32.398161+00:00 flow_cell_id=AWX817 basecall_gpu=NVIDIA_Tegra_X2 protocol_group_id=ONT_trialEb_250925 sample_id=ONT_trail_250925 barcode=barcode22 barcode_alias=barcode22 parent_read_id=e84a3c58-00ac-4c7c-8f25-37bf7fb1f27d basecall_model_version_id=dna_r10.4.1_e8.2_400bps_hac@v4.3.0
0	a77f8d56-7e21-475b-b43b-ac0bd722e51b runid=0dfb5b492dc86ce99bf7c61c734eb364afcdb5c8 ch=58 start_time=2025-09-25T20:10:38.398161+00:00 flow_cell_id=AWX817 basecall_gpu=NVIDIA_Tegra_X2 protocol_group_id=ONT_trialEb_250925 sample_id=ONT_trail_250925 barcode=barcode22 barcode_alias=barcode22 parent_read_id=a77f8d56-7e21-475b-b43b-ac0bd722e51b basecall_model_version_id=dna_r10.4.1_e8.2_400bps_hac@v4.3.0
0	291ba066-94d6-49ed-bab3-42597eb886d4 runid=0dfb5b492dc86ce99bf7c61c734eb364afcdb5c8 ch=55 start_time=2025-09-25T16:45:57.398161+00:00 flow_cell_id=AWX817 basecall_gpu=NVIDIA_Tegra_X2 protocol_group_id=ONT_trialEb_250925 sample_id=ONT_trail_250925 barcode=barcode22 barcode_alias=barcode22 parent_read_id=291ba066-94d6-49ed-bab3-42597eb886d4 basecall_model_version_id=dna_r10.4.1_e8.2_400bps_hac@v4.3.0
0	35e6a92b-e2b3-4c2d-a64d-f9bf53675a0c runid=0dfb5b492dc86ce99bf7c61c734eb364afcdb5c8 ch=67 start_time=2025-09-26T03:54:59.398161+00:00 flow_cell_id=AWX817 basecall_gpu=NVIDIA_Tegra_X2 protocol_group_id=ONT_trialEb_250925 sample_id=ONT_trail_250925 barcode=barcode22 barcode_alias=barcode22 parent_read_id=35e6a92b-e2b3-4c2d-a64d-f9bf53675a0c basecall_model_version_id=dna_r10.4.1_e8.2_400bps_hac@v4.3.0 rc
0	c3274557-a2ca-498d-8056-a5bb5dc33ccc runid=0dfb5b492dc86ce99bf7c61c734eb364afcdb5c8 ch=85 start_time=2025-09-25T17:26:19.398161+00:00 flow_cell_id=AWX817 basecall_gpu=NVIDIA_Tegra_X2 protocol_group_id=ONT_trialEb_250925 sample_id=ONT_trail_250925 barcode=barcode22 barcode_alias=barcode22 parent_read_id=c3274557-a2ca-498d-8056-a5bb5dc33ccc basecall_model_version_id=dna_r10.4.1_e8.2_400bps_hac@v4.3.0 rc
0	caa77022-7f99-4c24-bc88-8161d8ac8fa2 runid=0dfb5b492dc86ce99bf7c61c734eb364afcdb5c8 ch=20 start_time=2025-09-25T15:58:32.398161+00:00 flow_cell_id=AWX817 basecall_gpu=NVIDIA_Tegra_X2 protocol_group_id=ONT_trialEb_250925 sample_id=ONT_trail_250925 barcode=barcode22 barcode_alias=barcode22 parent_read_id=caa77022-7f99-4c24-bc88-8161d8ac8fa2 basecall_model_version_id=dna_r10.4.1_e8.2_400bps_hac@v4.3.0 rc
0	1bec0123-2ae0-4ed8-a19b-ed012db4ab51 runid=0dfb5b492dc86ce99bf7c61c734eb364afcdb5c8 ch=6 start_time=2025-09-25T15:58:45.398161+00:00 flow_cell_id=AWX817 basecall_gpu=NVIDIA_Tegra_X2 protocol_group_id=ONT_trialEb_250925 sample_id=ONT_trail_250925 barcode=barcode22 barcode_alias=barcode22 parent_read_id=1bec0123-2ae0-4ed8-a19b-ed012db4ab51 basecall_model_version_id=dna_r10.4.1_e8.2_400bps_hac@v4.3.0
0	b2ca64ec-08e2-4ac6-93d1-fca324305164 runid=0dfb5b492dc86ce99bf7c61c734eb364afcdb5c8 ch=20 start_time=2025-09-26T00:31:31.398161+00:00 flow_cell_id=AWX817 basecall_gpu=NVIDIA_Tegra_X2 protocol_group_id=ONT_trialEb_250925 sample_id=ONT_trail_250925 barcode=barcode22 barcode_alias=barcode22 parent_read_id=b2ca64ec-08e2-4ac6-93d1-fca324305164 basecall_model_version_id=dna_r10.4.1_e8.2_400bps_hac@v4.3.0
0	b2ca64ec-08e2-4ac6-93d1-fca324305164 runid=0dfb5b492dc86ce99bf7c61c734eb364afcdb5c8 ch=20 start_time=2025-09-26T00:31:31.398161+00:00 flow_cell_id=AWX817 basecall_gpu=NVIDIA_Tegra_X2 protocol_group_id=ONT_trialEb_250925 sample_id=ONT_trail_250925 barcode=barcode22 barcode_alias=barcode22 parent_read_id=b2ca64ec-08e2-4ac6-93d1-fca324305164 basecall_model_version_id=dna_r10.4.1_e8.2_400bps_hac@v4.3.0
0	60c6d9cc-430d-4c85-930b-fdb3e28fd9cb runid=0dfb5b492dc86ce99bf7c61c734eb364afcdb5c8 ch=4 start_time=2025-09-25T23:12:15.398161+00:00 flow_cell_id=AWX817 basecall_gpu=NVIDIA_Tegra_X2 protocol_group_id=ONT_trialEb_250925 sample_id=ONT_trail_250925 barcode=barcode22 barcode_alias=barcode22 parent_read_id=60c6d9cc-430d-4c85-930b-fdb3e28fd9cb basecall_model_version_id=dna_r10.4.1_e8.2_400bps_hac@v4.3.0
0	0ba713b9-0e18-4fd5-b4b9-5dcf35f75f03 runid=0dfb5b492dc86ce99bf7c61c734eb364afcdb5c8 ch=20 start_time=2025-09-26T03:59:58.398161+00:00 flow_cell_id=AWX817 basecall_gpu=NVIDIA_Tegra_X2 protocol_group_id=ONT_trialEb_250925 sample_id=ONT_trail_250925 barcode=barcode22 barcode_alias=barcode22 parent_read_id=0ba713b9-0e18-4fd5-b4b9-5dcf35f75f03 basecall_model_version_id=dna_r10.4.1_e8.2_400bps_hac@v4.3.0
0	a58e96d5-13a2-4c3a-99d5-f5c225fb0a6a runid=0dfb5b492dc86ce99bf7c61c734eb364afcdb5c8 ch=40 start_time=2025-09-25T20:01:01.398161+00:00 flow_cell_id=AWX817 basecall_gpu=NVIDIA_Tegra_X2 protocol_group_id=ONT_trialEb_250925 sample_id=ONT_trail_250925 barcode=barcode22 barcode_alias=barcode22 parent_read_id=a58e96d5-13a2-4c3a-99d5-f5c225fb0a6a basecall_model_version_id=dna_r10.4.1_e8.2_400bps_hac@v4.3.0 rc
0	c94bb2d8-4981-46a2-bc60-83c22c6053a2 runid=0dfb5b492dc86ce99bf7c61c734eb364afcdb5c8 ch=58 start_time=2025-09-25T21:17:59.398161+00:00 flow_cell_id=AWX817 basecall_gpu=NVIDIA_Tegra_X2 protocol_group_id=ONT_trialEb_250925 sample_id=ONT_trail_250925 barcode=barcode22 barcode_alias=barcode22 parent_read_id=c94bb2d8-4981-46a2-bc60-83c22c6053a2 basecall_model_version_id=dna_r10.4.1_e8.2_400bps_hac@v4.3.0
0	30437ab4-9e74-42cd-9f6e-4a268223c65d runid=0dfb5b492dc86ce99bf7c61c734eb364afcdb5c8 ch=44 start_time=2025-09-26T04:29:45.398161+00:00 flow_cell_id=AWX817 basecall_gpu=NVIDIA_Tegra_X2 protocol_group_id=ONT_trialEb_250925 sample_id=ONT_trail_250925 barcode=barcode23 barcode_alias=barcode23 parent_read_id=30437ab4-9e74-42cd-9f6e-4a268223c65d basecall_model_version_id=dna_r10.4.1_e8.2_400bps_hac@v4.3.0
0	b3a4070c-8325-4633-a69d-6215c9ce278a runid=0dfb5b492dc86ce99bf7c61c734eb364afcdb5c8 ch=49 start_time=2025-09-25T18:16:44.398161+00:00 flow_cell_id=AWX817 basecall_gpu=NVIDIA_Tegra_X2 protocol_group_id=ONT_trialEb_250925 sample_id=ONT_trail_250925 barcode=barcode24 barcode_alias=barcode24 parent_read_id=b3a4070c-8325-4633-a69d-6215c9ce278a basecall_model_version_id=dna_r10.4.1_e8.2_400bps_hac@v4.3.0 rc
0	d07f4242-3c57-446f-b385-9d1d1cf79e77 runid=0dfb5b492dc86ce99bf7c61c734eb364afcdb5c8 ch=4 start_time=2025-09-25T21:55:48.398161+00:00 flow_cell_id=AWX817 basecall_gpu=NVIDIA_Tegra_X2 protocol_group_id=ONT_trialEb_250925 sample_id=ONT_trail_250925 barcode=barcode22 barcode_alias=barcode22 parent_read_id=d07f4242-3c57-446f-b385-9d1d1cf79e77 basecall_model_version_id=dna_r10.4.1_e8.2_400bps_hac@v4.3.0
0	5ba1b36d-a742-45cb-afbc-7a545959dc79 runid=0dfb5b492dc86ce99bf7c61c734eb364afcdb5c8 ch=4 start_time=2025-09-25T18:06:56.398161+00:00 flow_cell_id=AWX817 basecall_gpu=NVIDIA_Tegra_X2 protocol_group_id=ONT_trialEb_250925 sample_id=ONT_trail_250925 barcode=barcode23 barcode_alias=barcode23 parent_read_id=5ba1b36d-a742-45cb-afbc-7a545959dc79 basecall_model_version_id=dna_r10.4.1_e8.2_400bps_hac@v4.3.0
0	016133eb-9ec9-4fbc-a543-57f7f63873fb runid=0dfb5b492dc86ce99bf7c61c734eb364afcdb5c8 ch=113 start_time=2025-09-25T16:15:12.398161+00:00 flow_cell_id=AWX817 basecall_gpu=NVIDIA_Tegra_X2 protocol_group_id=ONT_trialEb_250925 sample_id=ONT_trail_250925 barcode=barcode22 barcode_alias=barcode22 parent_read_id=016133eb-9ec9-4fbc-a543-57f7f63873fb basecall_model_version_id=dna_r10.4.1_e8.2_400bps_hac@v4.3.0 rc
0	4ab76a14-a159-4190-ae7b-332990f7091a runid=0dfb5b492dc86ce99bf7c61c734eb364afcdb5c8 ch=20 start_time=2025-09-25T21:13:39.398161+00:00 flow_cell_id=AWX817 basecall_gpu=NVIDIA_Tegra_X2 protocol_group_id=ONT_trialEb_250925 sample_id=ONT_trail_250925 barcode=barcode22 barcode_alias=barcode22 parent_read_id=4ab76a14-a159-4190-ae7b-332990f7091a basecall_model_version_id=dna_r10.4.1_e8.2_400bps_hac@v4.3.0 rc
0	6844b93c-ee7b-4158-bb3e-af9cdc8b5bd5 runid=0dfb5b492dc86ce99bf7c61c734eb364afcdb5c8 ch=20 start_time=2025-09-26T06:57:05.398161+00:00 flow_cell_id=AWX817 basecall_gpu=NVIDIA_Tegra_X2 protocol_group_id=ONT_trialEb_250925 sample_id=ONT_trail_250925 barcode=barcode22 barcode_alias=barcode22 parent_read_id=6844b93c-ee7b-4158-bb3e-af9cdc8b5bd5 basecall_model_version_id=dna_r10.4.1_e8.2_400bps_hac@v4.3.0 rc
0	6844b93c-ee7b-4158-bb3e-af9cdc8b5bd5 runid=0dfb5b492dc86ce99bf7c61c734eb364afcdb5c8 ch=20 start_time=2025-09-26T06:57:05.398161+00:00 flow_cell_id=AWX817 basecall_gpu=NVIDIA_Tegra_X2 protocol_group_id=ONT_trialEb_250925 sample_id=ONT_trail_250925 barcode=barcode22 barcode_alias=barcode22 parent_read_id=6844b93c-ee7b-4158-bb3e-af9cdc8b5bd5 basecall_model_version_id=dna_r10.4.1_e8.2_400bps_hac@v4.3.0 rc
0	266c77ad-d1b4-4c1f-8576-35cb29c4d4bd runid=0dfb5b492dc86ce99bf7c61c734eb364afcdb5c8 ch=20 start_time=2025-09-25T19:57:08.398161+00:00 flow_cell_id=AWX817 basecall_gpu=NVIDIA_Tegra_X2 protocol_group_id=ONT_trialEb_250925 sample_id=ONT_trail_250925 barcode=barcode22 barcode_alias=barcode22 parent_read_id=266c77ad-d1b4-4c1f-8576-35cb29c4d4bd basecall_model_version_id=dna_r10.4.1_e8.2_400bps_hac@v4.3.0
0	8a00eef6-014c-4064-a280-4762dd318e71 runid=0dfb5b492dc86ce99bf7c61c734eb364afcdb5c8 ch=43 start_time=2025-09-25T18:05:28.398161+00:00 flow_cell_id=AWX817 basecall_gpu=NVIDIA_Tegra_X2 protocol_group_id=ONT_trialEb_250925 sample_id=ONT_trail_250925 barcode=barcode22 barcode_alias=barcode22 parent_read_id=8a00eef6-014c-4064-a280-4762dd318e71 basecall_model_version_id=dna_r10.4.1_e8.2_400bps_hac@v4.3.0 rc
0	65db5780-d40d-46bc-8c47-95b3ee5dcf70 runid=0dfb5b492dc86ce99bf7c61c734eb364afcdb5c8 ch=73 start_time=2025-09-25T21:27:18.398161+00:00 flow_cell_id=AWX817 basecall_gpu=NVIDIA_Tegra_X2 protocol_group_id=ONT_trialEb_250925 sample_id=ONT_trail_250925 barcode=barcode23 barcode_alias=barcode23 parent_read_id=65db5780-d40d-46bc-8c47-95b3ee5dcf70 basecall_model_version_id=dna_r10.4.1_e8.2_400bps_hac@v4.3.0
0	9a198b60-a360-4d4d-b131-089536c833db runid=0dfb5b492dc86ce99bf7c61c734eb364afcdb5c8 ch=4 start_time=2025-09-26T02:53:29.398161+00:00 flow_cell_id=AWX817 basecall_gpu=NVIDIA_Tegra_X2 protocol_group_id=ONT_trialEb_250925 sample_id=ONT_trail_250925 barcode=barcode23 barcode_alias=barcode23 parent_read_id=9a198b60-a360-4d4d-b131-089536c833db basecall_model_version_id=dna_r10.4.1_e8.2_400bps_hac@v4.3.0
0	3a6962b0-ce4a-44e3-9fa1-049613667109 runid=0dfb5b492dc86ce99bf7c61c734eb364afcdb5c8 ch=4 start_time=2025-09-26T00:31:03.398161+00:00 flow_cell_id=AWX817 basecall_gpu=NVIDIA_Tegra_X2 protocol_group_id=ONT_trialEb_250925 sample_id=ONT_trail_250925 barcode=barcode22 barcode_alias=barcode22 parent_read_id=3a6962b0-ce4a-44e3-9fa1-049613667109 basecall_model_version_id=dna_r10.4.1_e8.2_400bps_hac@v4.3.0
0	3a6962b0-ce4a-44e3-9fa1-049613667109 runid=0dfb5b492dc86ce99bf7c61c734eb364afcdb5c8 ch=4 start_time=2025-09-26T00:31:03.398161+00:00 flow_cell_id=AWX817 basecall_gpu=NVIDIA_Tegra_X2 protocol_group_id=ONT_trialEb_250925 sample_id=ONT_trail_250925 barcode=barcode22 barcode_alias=barcode22 parent_read_id=3a6962b0-ce4a-44e3-9fa1-049613667109 basecall_model_version_id=dna_r10.4.1_e8.2_400bps_hac@v4.3.0
0	973dd98f-0bcd-4f18-baae-31d06977d851 runid=0dfb5b492dc86ce99bf7c61c734eb364afcdb5c8 ch=94 start_time=2025-09-25T16:57:45.398161+00:00 flow_cell_id=AWX817 basecall_gpu=NVIDIA_Tegra_X2 protocol_group_id=ONT_trialEb_250925 sample_id=ONT_trail_250925 barcode=barcode23 barcode_alias=barcode23 parent_read_id=973dd98f-0bcd-4f18-baae-31d06977d851 basecall_model_version_id=dna_r10.4.1_e8.2_400bps_hac@v4.3.0
0	ae188b9d-6aae-4ccd-93a6-0c665dc2e46b runid=0dfb5b492dc86ce99bf7c61c734eb364afcdb5c8 ch=93 start_time=2025-09-25T19:00:59.398161+00:00 flow_cell_id=AWX817 basecall_gpu=NVIDIA_Tegra_X2 protocol_group_id=ONT_trialEb_250925 sample_id=ONT_trail_250925 barcode=barcode24 barcode_alias=barcode24 parent_read_id=ae188b9d-6aae-4ccd-93a6-0c665dc2e46b basecall_model_version_id=dna_r10.4.1_e8.2_400bps_hac@v4.3.0 rc
0	f28bce3f-7b4a-4f2b-b7d8-8287a45df3a9 runid=0dfb5b492dc86ce99bf7c61c734eb364afcdb5c8 ch=118 start_time=2025-09-25T21:32:38.398161+00:00 flow_cell_id=AWX817 basecall_gpu=NVIDIA_Tegra_X2 protocol_group_id=ONT_trialEb_250925 sample_id=ONT_trail_250925 barcode=barcode22 barcode_alias=barcode22 parent_read_id=f28bce3f-7b4a-4f2b-b7d8-8287a45df3a9 basecall_model_version_id=dna_r10.4.1_e8.2_400bps_hac@v4.3.0 rc
0	94d2f767-f89c-4206-95c8-1aa1cecfaeb8 runid=0dfb5b492dc86ce99bf7c61c734eb364afcdb5c8 ch=56 start_time=2025-09-25T16:14:46.398161+00:00 flow_cell_id=AWX817 basecall_gpu=NVIDIA_Tegra_X2 protocol_group_id=ONT_trialEb_250925 sample_id=ONT_trail_250925 barcode=barcode22 barcode_alias=barcode22 parent_read_id=94d2f767-f89c-4206-95c8-1aa1cecfaeb8 basecall_model_version_id=dna_r10.4.1_e8.2_400bps_hac@v4.3.0 rc
0	d015e1c3-cbf1-4989-be41-1ee6723605fc runid=0dfb5b492dc86ce99bf7c61c734eb364afcdb5c8 ch=79 start_time=2025-09-25T23:05:45.398161+00:00 flow_cell_id=AWX817 basecall_gpu=NVIDIA_Tegra_X2 protocol_group_id=ONT_trialEb_250925 sample_id=ONT_trail_250925 barcode=barcode22 barcode_alias=barcode22 parent_read_id=d015e1c3-cbf1-4989-be41-1ee6723605fc basecall_model_version_id=dna_r10.4.1_e8.2_400bps_hac@v4.3.0
0	df42c345-573b-400e-976e-6975665f7814 runid=0dfb5b492dc86ce99bf7c61c734eb364afcdb5c8 ch=4 start_time=2025-09-25T21:38:24.398161+00:00 flow_cell_id=AWX817 basecall_gpu=NVIDIA_Tegra_X2 protocol_group_id=ONT_trialEb_250925 sample_id=ONT_trail_250925 barcode=barcode22 barcode_alias=barcode22 parent_read_id=df42c345-573b-400e-976e-6975665f7814 basecall_model_version_id=dna_r10.4.1_e8.2_400bps_hac@v4.3.0
0	315cfbe1-98a6-471f-9c24-db50cc4c9fc8 runid=0dfb5b492dc86ce99bf7c61c734eb364afcdb5c8 ch=90 start_time=2025-09-25T19:01:03.398161+00:00 flow_cell_id=AWX817 basecall_gpu=NVIDIA_Tegra_X2 protocol_group_id=ONT_trialEb_250925 sample_id=ONT_trail_250925 barcode=barcode24 barcode_alias=barcode24 parent_read_id=315cfbe1-98a6-471f-9c24-db50cc4c9fc8 basecall_model_version_id=dna_r10.4.1_e8.2_400bps_hac@v4.3.0 rc
0	6803082a-32aa-44be-8861-fc7f38e3b0a3 runid=0dfb5b492dc86ce99bf7c61c734eb364afcdb5c8 ch=20 start_time=2025-09-25T17:47:37.398161+00:00 flow_cell_id=AWX817 basecall_gpu=NVIDIA_Tegra_X2 protocol_group_id=ONT_trialEb_250925 sample_id=ONT_trail_250925 barcode=barcode22 barcode_alias=barcode22 parent_read_id=6803082a-32aa-44be-8861-fc7f38e3b0a3 basecall_model_version_id=dna_r10.4.1_e8.2_400bps_hac@v4.3.0 rc
0	e11d4a1a-0b9b-416a-9a62-8788bfddd736 runid=0dfb5b492dc86ce99bf7c61c734eb364afcdb5c8 ch=43 start_time=2025-09-25T19:32:55.398161+00:00 flow_cell_id=AWX817 basecall_gpu=NVIDIA_Tegra_X2 protocol_group_id=ONT_trialEb_250925 sample_id=ONT_trail_250925 barcode=barcode24 barcode_alias=barcode24 parent_read_id=e11d4a1a-0b9b-416a-9a62-8788bfddd736 basecall_model_version_id=dna_r10.4.1_e8.2_400bps_hac@v4.3.0 rc
0	a6f8393f-8ccc-44b5-9979-b05d08246122 runid=0dfb5b492dc86ce99bf7c61c734eb364afcdb5c8 ch=118 start_time=2025-09-25T17:27:13.398161+00:00 flow_cell_id=AWX817 basecall_gpu=NVIDIA_Tegra_X2 protocol_group_id=ONT_trialEb_250925 sample_id=ONT_trail_250925 barcode=barcode24 barcode_alias=barcode24 parent_read_id=a6f8393f-8ccc-44b5-9979-b05d08246122 basecall_model_version_id=dna_r10.4.1_e8.2_400bps_hac@v4.3.0 rc
0	c1d2d1d1-6e5a-4050-a170-3318efca3ba0 runid=0dfb5b492dc86ce99bf7c61c734eb364afcdb5c8 ch=79 start_time=2025-09-25T23:21:18.398161+00:00 flow_cell_id=AWX817 basecall_gpu=NVIDIA_Tegra_X2 protocol_group_id=ONT_trialEb_250925 sample_id=ONT_trail_250925 barcode=barcode22 barcode_alias=barcode22 parent_read_id=c1d2d1d1-6e5a-4050-a170-3318efca3ba0 basecall_model_version_id=dna_r10.4.1_e8.2_400bps_hac@v4.3.0 rc
0	010dce4e-d69b-4156-81fd-7ad3e13fe6a2 runid=0dfb5b492dc86ce99bf7c61c734eb364afcdb5c8 ch=20 start_time=2025-09-25T22:20:15.398161+00:00 flow_cell_id=AWX817 basecall_gpu=NVIDIA_Tegra_X2 protocol_group_id=ONT_trialEb_250925 sample_id=ONT_trail_250925 barcode=barcode22 barcode_alias=barcode22 parent_read_id=010dce4e-d69b-4156-81fd-7ad3e13fe6a2 basecall_model_version_id=dna_r10.4.1_e8.2_400bps_hac@v4.3.0
0	9f33c736-d7a1-4b77-9fef-df8690bb849e runid=0dfb5b492dc86ce99bf7c61c734eb364afcdb5c8 ch=20 start_time=2025-09-25T20:53:25.398161+00:00 flow_cell_id=AWX817 basecall_gpu=NVIDIA_Tegra_X2 protocol_group_id=ONT_trialEb_250925 sample_id=ONT_trail_250925 barcode=barcode22 barcode_alias=barcode22 parent_read_id=9f33c736-d7a1-4b77-9fef-df8690bb849e basecall_model_version_id=dna_r10.4.1_e8.2_400bps_hac@v4.3.0
0	2970608f-de05-4922-91a5-4fd5313bd537 runid=0dfb5b492dc86ce99bf7c61c734eb364afcdb5c8 ch=80 start_time=2025-09-25T18:34:55.398161+00:00 flow_cell_id=AWX817 basecall_gpu=NVIDIA_Tegra_X2 protocol_group_id=ONT_trialEb_250925 sample_id=ONT_trail_250925 barcode=barcode22 barcode_alias=barcode22 parent_read_id=2970608f-de05-4922-91a5-4fd5313bd537 basecall_model_version_id=dna_r10.4.1_e8.2_400bps_hac@v4.3.0 rc
0	05dda5e0-1e72-4777-8d31-36e787fcd934 runid=0dfb5b492dc86ce99bf7c61c734eb364afcdb5c8 ch=67 start_time=2025-09-26T06:26:57.398161+00:00 flow_cell_id=AWX817 basecall_gpu=NVIDIA_Tegra_X2 protocol_group_id=ONT_trialEb_250925 sample_id=ONT_trail_250925 barcode=barcode23 barcode_alias=barcode23 parent_read_id=05dda5e0-1e72-4777-8d31-36e787fcd934 basecall_model_version_id=dna_r10.4.1_e8.2_400bps_hac@v4.3.0
0	249a87e8-9dc3-4002-a785-2203482050c3 runid=0dfb5b492dc86ce99bf7c61c734eb364afcdb5c8 ch=58 start_time=2025-09-25T17:46:05.398161+00:00 flow_cell_id=AWX817 basecall_gpu=NVIDIA_Tegra_X2 protocol_group_id=ONT_trialEb_250925 sample_id=ONT_trail_250925 barcode=barcode22 barcode_alias=barcode22 parent_read_id=249a87e8-9dc3-4002-a785-2203482050c3 basecall_model_version_id=dna_r10.4.1_e8.2_400bps_hac@v4.3.0
0	249a87e8-9dc3-4002-a785-2203482050c3 runid=0dfb5b492dc86ce99bf7c61c734eb364afcdb5c8 ch=58 start_time=2025-09-25T17:46:05.398161+00:00 flow_cell_id=AWX817 basecall_gpu=NVIDIA_Tegra_X2 protocol_group_id=ONT_trialEb_250925 sample_id=ONT_trail_250925 barcode=barcode22 barcode_alias=barcode22 parent_read_id=249a87e8-9dc3-4002-a785-2203482050c3 basecall_model_version_id=dna_r10.4.1_e8.2_400bps_hac@v4.3.0
0	48b6374b-854a-458f-8462-28fabb93b571 runid=0dfb5b492dc86ce99bf7c61c734eb364afcdb5c8 ch=85 start_time=2025-09-25T19:56:40.398161+00:00 flow_cell_id=AWX817 basecall_gpu=NVIDIA_Tegra_X2 protocol_group_id=ONT_trialEb_250925 sample_id=ONT_trail_250925 barcode=barcode24 barcode_alias=barcode24 parent_read_id=48b6374b-854a-458f-8462-28fabb93b571 basecall_model_version_id=dna_r10.4.1_e8.2_400bps_hac@v4.3.0 rc
0	902e0eff-3038-42f2-967a-ae8935ed1283 runid=0dfb5b492dc86ce99bf7c61c734eb364afcdb5c8 ch=4 start_time=2025-09-25T16:32:46.398161+00:00 flow_cell_id=AWX817 basecall_gpu=NVIDIA_Tegra_X2 protocol_group_id=ONT_trialEb_250925 sample_id=ONT_trail_250925 barcode=barcode22 barcode_alias=barcode22 parent_read_id=902e0eff-3038-42f2-967a-ae8935ed1283 basecall_model_version_id=dna_r10.4.1_e8.2_400bps_hac@v4.3.0
0	a07f7b01-b1aa-45d1-bff2-b01a8ab19fb6 runid=0dfb5b492dc86ce99bf7c61c734eb364afcdb5c8 ch=23 start_time=2025-09-25T18:05:29.398161+00:00 flow_cell_id=AWX817 basecall_gpu=NVIDIA_Tegra_X2 protocol_group_id=ONT_trialEb_250925 sample_id=ONT_trail_250925 barcode=barcode24 barcode_alias=barcode24 parent_read_id=a07f7b01-b1aa-45d1-bff2-b01a8ab19fb6 basecall_model_version_id=dna_r10.4.1_e8.2_400bps_hac@v4.3.0 rc
0	71cb72ca-ad79-4189-b20f-30ed0146873d runid=0dfb5b492dc86ce99bf7c61c734eb364afcdb5c8 ch=79 start_time=2025-09-25T18:57:33.398161+00:00 flow_cell_id=AWX817 basecall_gpu=NVIDIA_Tegra_X2 protocol_group_id=ONT_trialEb_250925 sample_id=ONT_trail_250925 barcode=barcode22 barcode_alias=barcode22 parent_read_id=71cb72ca-ad79-4189-b20f-30ed0146873d basecall_model_version_id=dna_r10.4.1_e8.2_400bps_hac@v4.3.0 rc
0	11c39d29-4a3f-43d9-8487-1b6d15219472 runid=0dfb5b492dc86ce99bf7c61c734eb364afcdb5c8 ch=92 start_time=2025-09-26T00:00:56.398161+00:00 flow_cell_id=AWX817 basecall_gpu=NVIDIA_Tegra_X2 protocol_group_id=ONT_trialEb_250925 sample_id=ONT_trail_250925 barcode=barcode22 barcode_alias=barcode22 parent_read_id=11c39d29-4a3f-43d9-8487-1b6d15219472 basecall_model_version_id=dna_r10.4.1_e8.2_400bps_hac@v4.3.0 rc
0	11c39d29-4a3f-43d9-8487-1b6d15219472 runid=0dfb5b492dc86ce99bf7c61c734eb364afcdb5c8 ch=92 start_time=2025-09-26T00:00:56.398161+00:00 flow_cell_id=AWX817 basecall_gpu=NVIDIA_Tegra_X2 protocol_group_id=ONT_trialEb_250925 sample_id=ONT_trail_250925 barcode=barcode22 barcode_alias=barcode22 parent_read_id=11c39d29-4a3f-43d9-8487-1b6d15219472 basecall_model_version_id=dna_r10.4.1_e8.2_400bps_hac@v4.3.0 rc
0	c0d69d75-9d40-4ab1-954c-d86fef16a16c runid=0dfb5b492dc86ce99bf7c61c734eb364afcdb5c8 ch=110 start_time=2025-09-25T18:30:10.398161+00:00 flow_cell_id=AWX817 basecall_gpu=NVIDIA_Tegra_X2 protocol_group_id=ONT_trialEb_250925 sample_id=ONT_trail_250925 barcode=barcode22 barcode_alias=barcode22 parent_read_id=c0d69d75-9d40-4ab1-954c-d86fef16a16c basecall_model_version_id=dna_r10.4.1_e8.2_400bps_hac@v4.3.0
0	0314c08e-a691-4671-894c-ac9779410f18 runid=0dfb5b492dc86ce99bf7c61c734eb364afcdb5c8 ch=82 start_time=2025-09-25T17:43:20.398161+00:00 flow_cell_id=AWX817 basecall_gpu=NVIDIA_Tegra_X2 protocol_group_id=ONT_trialEb_250925 sample_id=ONT_trail_250925 barcode=barcode23 barcode_alias=barcode23 parent_read_id=0314c08e-a691-4671-894c-ac9779410f18 basecall_model_version_id=dna_r10.4.1_e8.2_400bps_hac@v4.3.0
0	4f27770b-9907-402c-aa4d-5e1bfc3f934c runid=0dfb5b492dc86ce99bf7c61c734eb364afcdb5c8 ch=20 start_time=2025-09-26T09:04:30.398161+00:00 flow_cell_id=AWX817 basecall_gpu=NVIDIA_Tegra_X2 protocol_group_id=ONT_trialEb_250925 sample_id=ONT_trail_250925 barcode=barcode22 barcode_alias=barcode22 parent_read_id=6e64a923-80f1-46db-a367-f8ce8f64f9c5 basecall_model_version_id=dna_r10.4.1_e8.2_400bps_hac@v4.3.0
0	efd97b32-79e8-416f-a27a-3d85f361bcfc runid=0dfb5b492dc86ce99bf7c61c734eb364afcdb5c8 ch=5 start_time=2025-09-25T19:35:02.398161+00:00 flow_cell_id=AWX817 basecall_gpu=NVIDIA_Tegra_X2 protocol_group_id=ONT_trialEb_250925 sample_id=ONT_trail_250925 barcode=barcode24 barcode_alias=barcode24 parent_read_id=efd97b32-79e8-416f-a27a-3d85f361bcfc basecall_model_version_id=dna_r10.4.1_e8.2_400bps_hac@v4.3.0 rc
0	1f04e9d1-ce51-4755-a521-7b3a3439cc2a runid=0dfb5b492dc86ce99bf7c61c734eb364afcdb5c8 ch=15 start_time=2025-09-25T20:06:12.398161+00:00 flow_cell_id=AWX817 basecall_gpu=NVIDIA_Tegra_X2 protocol_group_id=ONT_trialEb_250925 sample_id=ONT_trail_250925 barcode=barcode23 barcode_alias=barcode23 parent_read_id=1f04e9d1-ce51-4755-a521-7b3a3439cc2a basecall_model_version_id=dna_r10.4.1_e8.2_400bps_hac@v4.3.0 rc
0	1b121a1d-bb08-4f11-8711-b2050205ffec runid=0dfb5b492dc86ce99bf7c61c734eb364afcdb5c8 ch=4 start_time=2025-09-25T19:08:06.398161+00:00 flow_cell_id=AWX817 basecall_gpu=NVIDIA_Tegra_X2 protocol_group_id=ONT_trialEb_250925 sample_id=ONT_trail_250925 barcode=barcode24 barcode_alias=barcode24 parent_read_id=1b121a1d-bb08-4f11-8711-b2050205ffec basecall_model_version_id=dna_r10.4.1_e8.2_400bps_hac@v4.3.0
0	ff094c43-694e-485e-9912-7d3a181b98f1 runid=0dfb5b492dc86ce99bf7c61c734eb364afcdb5c8 ch=85 start_time=2025-09-25T16:20:17.398161+00:00 flow_cell_id=AWX817 basecall_gpu=NVIDIA_Tegra_X2 protocol_group_id=ONT_trialEb_250925 sample_id=ONT_trail_250925 barcode=barcode22 barcode_alias=barcode22 parent_read_id=ff094c43-694e-485e-9912-7d3a181b98f1 basecall_model_version_id=dna_r10.4.1_e8.2_400bps_hac@v4.3.0
0	17c11492-550a-4179-95c0-f0ed27c0924e runid=0dfb5b492dc86ce99bf7c61c734eb364afcdb5c8 ch=49 start_time=2025-09-25T18:30:24.398161+00:00 flow_cell_id=AWX817 basecall_gpu=NVIDIA_Tegra_X2 protocol_group_id=ONT_trialEb_250925 sample_id=ONT_trail_250925 barcode=barcode22 barcode_alias=barcode22 parent_read_id=17c11492-550a-4179-95c0-f0ed27c0924e basecall_model_version_id=dna_r10.4.1_e8.2_400bps_hac@v4.3.0 rc
0	0a8d306f-3f34-497e-89fd-66f59106be84 runid=0dfb5b492dc86ce99bf7c61c734eb364afcdb5c8 ch=42 start_time=2025-09-25T20:03:30.398161+00:00 flow_cell_id=AWX817 basecall_gpu=NVIDIA_Tegra_X2 protocol_group_id=ONT_trialEb_250925 sample_id=ONT_trail_250925 barcode=barcode22 barcode_alias=barcode22 parent_read_id=0a8d306f-3f34-497e-89fd-66f59106be84 basecall_model_version_id=dna_r10.4.1_e8.2_400bps_hac@v4.3.0
0	37e127d5-e76e-4831-b63c-08ef2e755fda runid=0dfb5b492dc86ce99bf7c61c734eb364afcdb5c8 ch=20 start_time=2025-09-25T19:24:58.398161+00:00 flow_cell_id=AWX817 basecall_gpu=NVIDIA_Tegra_X2 protocol_group_id=ONT_trialEb_250925 sample_id=ONT_trail_250925 barcode=barcode22 barcode_alias=barcode22 parent_read_id=37e127d5-e76e-4831-b63c-08ef2e755fda basecall_model_version_id=dna_r10.4.1_e8.2_400bps_hac@v4.3.0 rc
0	03e87710-c077-4f5e-b9f6-d4f1d91748e5 runid=0dfb5b492dc86ce99bf7c61c734eb364afcdb5c8 ch=79 start_time=2025-09-25T23:44:50.398161+00:00 flow_cell_id=AWX817 basecall_gpu=NVIDIA_Tegra_X2 protocol_group_id=ONT_trialEb_250925 sample_id=ONT_trail_250925 barcode=barcode22 barcode_alias=barcode22 parent_read_id=03e87710-c077-4f5e-b9f6-d4f1d91748e5 basecall_model_version_id=dna_r10.4.1_e8.2_400bps_hac@v4.3.0 rc
0	230e300a-6010-42eb-a1aa-26636bd116ce runid=0dfb5b492dc86ce99bf7c61c734eb364afcdb5c8 ch=39 start_time=2025-09-26T07:18:01.398161+00:00 flow_cell_id=AWX817 basecall_gpu=NVIDIA_Tegra_X2 protocol_group_id=ONT_trialEb_250925 sample_id=ONT_trail_250925 barcode=barcode23 barcode_alias=barcode23 parent_read_id=230e300a-6010-42eb-a1aa-26636bd116ce basecall_model_version_id=dna_r10.4.1_e8.2_400bps_hac@v4.3.0
0	dc88bb5b-072f-4cab-a20f-c9dd0c69f5a6 runid=0dfb5b492dc86ce99bf7c61c734eb364afcdb5c8 ch=15 start_time=2025-09-25T18:16:57.398161+00:00 flow_cell_id=AWX817 basecall_gpu=NVIDIA_Tegra_X2 protocol_group_id=ONT_trialEb_250925 sample_id=ONT_trail_250925 barcode=barcode23 barcode_alias=barcode23 parent_read_id=dc88bb5b-072f-4cab-a20f-c9dd0c69f5a6 basecall_model_version_id=dna_r10.4.1_e8.2_400bps_hac@v4.3.0 rc
0	c0f5fc77-4dad-4221-a3b4-a2405c5b71fe runid=0dfb5b492dc86ce99bf7c61c734eb364afcdb5c8 ch=39 start_time=2025-09-26T10:37:27.398161+00:00 flow_cell_id=AWX817 basecall_gpu=NVIDIA_Tegra_X2 protocol_group_id=ONT_trialEb_250925 sample_id=ONT_trail_250925 barcode=barcode15 barcode_alias=barcode15 parent_read_id=c0f5fc77-4dad-4221-a3b4-a2405c5b71fe basecall_model_version_id=dna_r10.4.1_e8.2_400bps_hac@v4.3.0
0	0c6dcdd1-d95b-4b2e-92e0-7100cc595601 runid=0dfb5b492dc86ce99bf7c61c734eb364afcdb5c8 ch=79 start_time=2025-09-25T22:08:31.398161+00:00 flow_cell_id=AWX817 basecall_gpu=NVIDIA_Tegra_X2 protocol_group_id=ONT_trialEb_250925 sample_id=ONT_trail_250925 barcode=barcode23 barcode_alias=barcode23 parent_read_id=0c6dcdd1-d95b-4b2e-92e0-7100cc595601 basecall_model_version_id=dna_r10.4.1_e8.2_400bps_hac@v4.3.0 rc
0	3bf92caf-5704-4a1a-bb80-90fae169eeba runid=0dfb5b492dc86ce99bf7c61c734eb364afcdb5c8 ch=41 start_time=2025-09-25T22:21:41.398161+00:00 flow_cell_id=AWX817 basecall_gpu=NVIDIA_Tegra_X2 protocol_group_id=ONT_trialEb_250925 sample_id=ONT_trail_250925 barcode=barcode22 barcode_alias=barcode22 parent_read_id=3bf92caf-5704-4a1a-bb80-90fae169eeba basecall_model_version_id=dna_r10.4.1_e8.2_400bps_hac@v4.3.0
0	69607b35-4713-4337-91b1-5caa1d50ca6f runid=0dfb5b492dc86ce99bf7c61c734eb364afcdb5c8 ch=5 start_time=2025-09-25T17:38:32.398161+00:00 flow_cell_id=AWX817 basecall_gpu=NVIDIA_Tegra_X2 protocol_group_id=ONT_trialEb_250925 sample_id=ONT_trail_250925 barcode=barcode22 barcode_alias=barcode22 parent_read_id=69607b35-4713-4337-91b1-5caa1d50ca6f basecall_model_version_id=dna_r10.4.1_e8.2_400bps_hac@v4.3.0
0	69607b35-4713-4337-91b1-5caa1d50ca6f runid=0dfb5b492dc86ce99bf7c61c734eb364afcdb5c8 ch=5 start_time=2025-09-25T17:38:32.398161+00:00 flow_cell_id=AWX817 basecall_gpu=NVIDIA_Tegra_X2 protocol_group_id=ONT_trialEb_250925 sample_id=ONT_trail_250925 barcode=barcode22 barcode_alias=barcode22 parent_read_id=69607b35-4713-4337-91b1-5caa1d50ca6f basecall_model_version_id=dna_r10.4.1_e8.2_400bps_hac@v4.3.0
0	7127fb1a-bf03-4690-9fd2-ccd1450e8e47 runid=0dfb5b492dc86ce99bf7c61c734eb364afcdb5c8 ch=96 start_time=2025-09-26T02:29:28.398161+00:00 flow_cell_id=AWX817 basecall_gpu=NVIDIA_Tegra_X2 protocol_group_id=ONT_trialEb_250925 sample_id=ONT_trail_250925 barcode=barcode24 barcode_alias=barcode24 parent_read_id=7127fb1a-bf03-4690-9fd2-ccd1450e8e47 basecall_model_version_id=dna_r10.4.1_e8.2_400bps_hac@v4.3.0 rc
0	1861ff28-3df2-4900-95e2-689ccccb9ca1 runid=0dfb5b492dc86ce99bf7c61c734eb364afcdb5c8 ch=20 start_time=2025-09-26T07:44:55.398161+00:00 flow_cell_id=AWX817 basecall_gpu=NVIDIA_Tegra_X2 protocol_group_id=ONT_trialEb_250925 sample_id=ONT_trail_250925 barcode=barcode22 barcode_alias=barcode22 parent_read_id=1861ff28-3df2-4900-95e2-689ccccb9ca1 basecall_model_version_id=dna_r10.4.1_e8.2_400bps_hac@v4.3.0
0	1861ff28-3df2-4900-95e2-689ccccb9ca1 runid=0dfb5b492dc86ce99bf7c61c734eb364afcdb5c8 ch=20 start_time=2025-09-26T07:44:55.398161+00:00 flow_cell_id=AWX817 basecall_gpu=NVIDIA_Tegra_X2 protocol_group_id=ONT_trialEb_250925 sample_id=ONT_trail_250925 barcode=barcode22 barcode_alias=barcode22 parent_read_id=1861ff28-3df2-4900-95e2-689ccccb9ca1 basecall_model_version_id=dna_r10.4.1_e8.2_400bps_hac@v4.3.0
0	6de2a3e9-b704-4e47-b205-cf509c179ec5 runid=0dfb5b492dc86ce99bf7c61c734eb364afcdb5c8 ch=77 start_time=2025-09-25T23:22:52.398161+00:00 flow_cell_id=AWX817 basecall_gpu=NVIDIA_Tegra_X2 protocol_group_id=ONT_trialEb_250925 sample_id=ONT_trail_250925 barcode=barcode22 barcode_alias=barcode22 parent_read_id=6de2a3e9-b704-4e47-b205-cf509c179ec5 basecall_model_version_id=dna_r10.4.1_e8.2_400bps_hac@v4.3.0 rc
0	788401f8-c99b-44be-baab-aa9fee5ef9f9 runid=0dfb5b492dc86ce99bf7c61c734eb364afcdb5c8 ch=41 start_time=2025-09-25T20:59:21.398161+00:00 flow_cell_id=AWX817 basecall_gpu=NVIDIA_Tegra_X2 protocol_group_id=ONT_trialEb_250925 sample_id=ONT_trail_250925 barcode=barcode22 barcode_alias=barcode22 parent_read_id=788401f8-c99b-44be-baab-aa9fee5ef9f9 basecall_model_version_id=dna_r10.4.1_e8.2_400bps_hac@v4.3.0 rc
0	788401f8-c99b-44be-baab-aa9fee5ef9f9 runid=0dfb5b492dc86ce99bf7c61c734eb364afcdb5c8 ch=41 start_time=2025-09-25T20:59:21.398161+00:00 flow_cell_id=AWX817 basecall_gpu=NVIDIA_Tegra_X2 protocol_group_id=ONT_trialEb_250925 sample_id=ONT_trail_250925 barcode=barcode22 barcode_alias=barcode22 parent_read_id=788401f8-c99b-44be-baab-aa9fee5ef9f9 basecall_model_version_id=dna_r10.4.1_e8.2_400bps_hac@v4.3.0 rc
0	f7de59f5-eecc-4a9d-856b-9a0c2b3586d0 runid=0dfb5b492dc86ce99bf7c61c734eb364afcdb5c8 ch=106 start_time=2025-09-25T16:36:47.398161+00:00 flow_cell_id=AWX817 basecall_gpu=NVIDIA_Tegra_X2 protocol_group_id=ONT_trialEb_250925 sample_id=ONT_trail_250925 barcode=barcode22 barcode_alias=barcode22 parent_read_id=f7de59f5-eecc-4a9d-856b-9a0c2b3586d0 basecall_model_version_id=dna_r10.4.1_e8.2_400bps_hac@v4.3.0
0	f7de59f5-eecc-4a9d-856b-9a0c2b3586d0 runid=0dfb5b492dc86ce99bf7c61c734eb364afcdb5c8 ch=106 start_time=2025-09-25T16:36:47.398161+00:00 flow_cell_id=AWX817 basecall_gpu=NVIDIA_Tegra_X2 protocol_group_id=ONT_trialEb_250925 sample_id=ONT_trail_250925 barcode=barcode22 barcode_alias=barcode22 parent_read_id=f7de59f5-eecc-4a9d-856b-9a0c2b3586d0 basecall_model_version_id=dna_r10.4.1_e8.2_400bps_hac@v4.3.0
0	8e1b05e4-226c-4465-ae55-6f942d0d9113 runid=0dfb5b492dc86ce99bf7c61c734eb364afcdb5c8 ch=96 start_time=2025-09-26T02:16:20.398161+00:00 flow_cell_id=AWX817 basecall_gpu=NVIDIA_Tegra_X2 protocol_group_id=ONT_trialEb_250925 sample_id=ONT_trail_250925 barcode=barcode22 barcode_alias=barcode22 parent_read_id=8e1b05e4-226c-4465-ae55-6f942d0d9113 basecall_model_version_id=dna_r10.4.1_e8.2_400bps_hac@v4.3.0 rc
0	1ce3be01-1457-4c13-b2e3-88dbdbe05fbb runid=0dfb5b492dc86ce99bf7c61c734eb364afcdb5c8 ch=90 start_time=2025-09-25T20:56:49.398161+00:00 flow_cell_id=AWX817 basecall_gpu=NVIDIA_Tegra_X2 protocol_group_id=ONT_trialEb_250925 sample_id=ONT_trail_250925 barcode=barcode22 barcode_alias=barcode22 parent_read_id=1ce3be01-1457-4c13-b2e3-88dbdbe05fbb basecall_model_version_id=dna_r10.4.1_e8.2_400bps_hac@v4.3.0
0	2125759a-ac1a-40b5-9f38-a0fc736df9d7 runid=0dfb5b492dc86ce99bf7c61c734eb364afcdb5c8 ch=20 start_time=2025-09-25T17:39:19.398161+00:00 flow_cell_id=AWX817 basecall_gpu=NVIDIA_Tegra_X2 protocol_group_id=ONT_trialEb_250925 sample_id=ONT_trail_250925 barcode=barcode22 barcode_alias=barcode22 parent_read_id=2125759a-ac1a-40b5-9f38-a0fc736df9d7 basecall_model_version_id=dna_r10.4.1_e8.2_400bps_hac@v4.3.0 rc
0	52d00a30-f583-4e36-976d-75296d24fee7 runid=0dfb5b492dc86ce99bf7c61c734eb364afcdb5c8 ch=6 start_time=2025-09-25T17:07:59.398161+00:00 flow_cell_id=AWX817 basecall_gpu=NVIDIA_Tegra_X2 protocol_group_id=ONT_trialEb_250925 sample_id=ONT_trail_250925 barcode=barcode22 barcode_alias=barcode22 parent_read_id=0dcf007f-fb5a-4600-979b-12b08670ccd0 basecall_model_version_id=dna_r10.4.1_e8.2_400bps_hac@v4.3.0 rc
0	2adb8c3c-4dbb-493d-b45d-fb9c9f61920e runid=0dfb5b492dc86ce99bf7c61c734eb364afcdb5c8 ch=93 start_time=2025-09-25T15:46:53.398161+00:00 flow_cell_id=AWX817 basecall_gpu=NVIDIA_Tegra_X2 protocol_group_id=ONT_trialEb_250925 sample_id=ONT_trail_250925 barcode=barcode22 barcode_alias=barcode22 parent_read_id=2adb8c3c-4dbb-493d-b45d-fb9c9f61920e basecall_model_version_id=dna_r10.4.1_e8.2_400bps_hac@v4.3.0 rc
0	c955013e-48bc-46b8-8a83-c3b9564ff932 runid=0dfb5b492dc86ce99bf7c61c734eb364afcdb5c8 ch=85 start_time=2025-09-26T04:36:48.398161+00:00 flow_cell_id=AWX817 basecall_gpu=NVIDIA_Tegra_X2 protocol_group_id=ONT_trialEb_250925 sample_id=ONT_trail_250925 barcode=barcode22 barcode_alias=barcode22 parent_read_id=c955013e-48bc-46b8-8a83-c3b9564ff932 basecall_model_version_id=dna_r10.4.1_e8.2_400bps_hac@v4.3.0
0	a2d41cd2-92db-4b48-9d18-2ed7d453c544 runid=0dfb5b492dc86ce99bf7c61c734eb364afcdb5c8 ch=44 start_time=2025-09-25T18:07:11.398161+00:00 flow_cell_id=AWX817 basecall_gpu=NVIDIA_Tegra_X2 protocol_group_id=ONT_trialEb_250925 sample_id=ONT_trail_250925 barcode=barcode22 barcode_alias=barcode22 parent_read_id=ae929683-1ed0-410e-bfbb-e3d0b13ca15d basecall_model_version_id=dna_r10.4.1_e8.2_400bps_hac@v4.3.0
0	bfb24fb6-4cde-45fe-9a29-f60ca04bc06f runid=0dfb5b492dc86ce99bf7c61c734eb364afcdb5c8 ch=20 start_time=2025-09-26T10:03:03.398161+00:00 flow_cell_id=AWX817 basecall_gpu=NVIDIA_Tegra_X2 protocol_group_id=ONT_trialEb_250925 sample_id=ONT_trail_250925 barcode=barcode22 barcode_alias=barcode22 parent_read_id=bfb24fb6-4cde-45fe-9a29-f60ca04bc06f basecall_model_version_id=dna_r10.4.1_e8.2_400bps_hac@v4.3.0 rc
0	c57159c8-774e-45db-ab05-596bdc89bbc2 runid=0dfb5b492dc86ce99bf7c61c734eb364afcdb5c8 ch=73 start_time=2025-09-25T19:11:48.398161+00:00 flow_cell_id=AWX817 basecall_gpu=NVIDIA_Tegra_X2 protocol_group_id=ONT_trialEb_250925 sample_id=ONT_trail_250925 barcode=barcode24 barcode_alias=barcode24 parent_read_id=c57159c8-774e-45db-ab05-596bdc89bbc2 basecall_model_version_id=dna_r10.4.1_e8.2_400bps_hac@v4.3.0
0	82f4ce35-f419-4a35-8fa0-ae248263a165 runid=0dfb5b492dc86ce99bf7c61c734eb364afcdb5c8 ch=39 start_time=2025-09-26T11:47:33.398161+00:00 flow_cell_id=AWX817 basecall_gpu=NVIDIA_Tegra_X2 protocol_group_id=ONT_trialEb_250925 sample_id=ONT_trail_250925 barcode=barcode22 barcode_alias=barcode22 parent_read_id=82f4ce35-f419-4a35-8fa0-ae248263a165 basecall_model_version_id=dna_r10.4.1_e8.2_400bps_hac@v4.3.0
0	ed5ac43a-e3d0-4a55-af91-5c72d8d36866 runid=0dfb5b492dc86ce99bf7c61c734eb364afcdb5c8 ch=4 start_time=2025-09-26T04:38:17.398161+00:00 flow_cell_id=AWX817 basecall_gpu=NVIDIA_Tegra_X2 protocol_group_id=ONT_trialEb_250925 sample_id=ONT_trail_250925 barcode=barcode24 barcode_alias=barcode24 parent_read_id=ed5ac43a-e3d0-4a55-af91-5c72d8d36866 basecall_model_version_id=dna_r10.4.1_e8.2_400bps_hac@v4.3.0
0	f905dca1-53c8-458d-8ef7-7429433cbd48 runid=0dfb5b492dc86ce99bf7c61c734eb364afcdb5c8 ch=79 start_time=2025-09-25T22:27:24.398161+00:00 flow_cell_id=AWX817 basecall_gpu=NVIDIA_Tegra_X2 protocol_group_id=ONT_trialEb_250925 sample_id=ONT_trail_250925 barcode=barcode24 barcode_alias=barcode24 parent_read_id=f905dca1-53c8-458d-8ef7-7429433cbd48 basecall_model_version_id=dna_r10.4.1_e8.2_400bps_hac@v4.3.0 rc
0	32943a9d-b263-43f4-8347-bad176cb2500 runid=0dfb5b492dc86ce99bf7c61c734eb364afcdb5c8 ch=108 start_time=2025-09-25T16:53:44.398161+00:00 flow_cell_id=AWX817 basecall_gpu=NVIDIA_Tegra_X2 protocol_group_id=ONT_trialEb_250925 sample_id=ONT_trail_250925 barcode=barcode22 barcode_alias=barcode22 parent_read_id=32943a9d-b263-43f4-8347-bad176cb2500 basecall_model_version_id=dna_r10.4.1_e8.2_400bps_hac@v4.3.0 rc
0	32943a9d-b263-43f4-8347-bad176cb2500 runid=0dfb5b492dc86ce99bf7c61c734eb364afcdb5c8 ch=108 start_time=2025-09-25T16:53:44.398161+00:00 flow_cell_id=AWX817 basecall_gpu=NVIDIA_Tegra_X2 protocol_group_id=ONT_trialEb_250925 sample_id=ONT_trail_250925 barcode=barcode22 barcode_alias=barcode22 parent_read_id=32943a9d-b263-43f4-8347-bad176cb2500 basecall_model_version_id=dna_r10.4.1_e8.2_400bps_hac@v4.3.0 rc
0	2e6c5d31-dc76-4fed-b533-72e3c1c12b9d runid=0dfb5b492dc86ce99bf7c61c734eb364afcdb5c8 ch=85 start_time=2025-09-25T19:03:32.398161+00:00 flow_cell_id=AWX817 basecall_gpu=NVIDIA_Tegra_X2 protocol_group_id=ONT_trialEb_250925 sample_id=ONT_trail_250925 barcode=barcode22 barcode_alias=barcode22 parent_read_id=2e6c5d31-dc76-4fed-b533-72e3c1c12b9d basecall_model_version_id=dna_r10.4.1_e8.2_400bps_hac@v4.3.0
0	2e6c5d31-dc76-4fed-b533-72e3c1c12b9d runid=0dfb5b492dc86ce99bf7c61c734eb364afcdb5c8 ch=85 start_time=2025-09-25T19:03:32.398161+00:00 flow_cell_id=AWX817 basecall_gpu=NVIDIA_Tegra_X2 protocol_group_id=ONT_trialEb_250925 sample_id=ONT_trail_250925 barcode=barcode22 barcode_alias=barcode22 parent_read_id=2e6c5d31-dc76-4fed-b533-72e3c1c12b9d basecall_model_version_id=dna_r10.4.1_e8.2_400bps_hac@v4.3.0
0	075e3e24-48f5-4c69-b5a9-651a1e19bf88 runid=0dfb5b492dc86ce99bf7c61c734eb364afcdb5c8 ch=4 start_time=2025-09-26T02:03:40.398161+00:00 flow_cell_id=AWX817 basecall_gpu=NVIDIA_Tegra_X2 protocol_group_id=ONT_trialEb_250925 sample_id=ONT_trail_250925 barcode=barcode22 barcode_alias=barcode22 parent_read_id=075e3e24-48f5-4c69-b5a9-651a1e19bf88 basecall_model_version_id=dna_r10.4.1_e8.2_400bps_hac@v4.3.0
0	4de51437-1600-466d-98a2-0984125e8249 runid=0dfb5b492dc86ce99bf7c61c734eb364afcdb5c8 ch=106 start_time=2025-09-25T18:38:23.398161+00:00 flow_cell_id=AWX817 basecall_gpu=NVIDIA_Tegra_X2 protocol_group_id=ONT_trialEb_250925 sample_id=ONT_trail_250925 barcode=barcode22 barcode_alias=barcode22 parent_read_id=4de51437-1600-466d-98a2-0984125e8249 basecall_model_version_id=dna_r10.4.1_e8.2_400bps_hac@v4.3.0
0	16878513-9e43-4c32-b3bc-cc307563416f runid=0dfb5b492dc86ce99bf7c61c734eb364afcdb5c8 ch=44 start_time=2025-09-25T17:20:15.398161+00:00 flow_cell_id=AWX817 basecall_gpu=NVIDIA_Tegra_X2 protocol_group_id=ONT_trialEb_250925 sample_id=ONT_trail_250925 barcode=barcode22 barcode_alias=barcode22 parent_read_id=16878513-9e43-4c32-b3bc-cc307563416f basecall_model_version_id=dna_r10.4.1_e8.2_400bps_hac@v4.3.0 rc
0	3303dc08-df4c-4983-89b0-c0606aed1dc1 runid=0dfb5b492dc86ce99bf7c61c734eb364afcdb5c8 ch=94 start_time=2025-09-25T18:06:25.398161+00:00 flow_cell_id=AWX817 basecall_gpu=NVIDIA_Tegra_X2 protocol_group_id=ONT_trialEb_250925 sample_id=ONT_trail_250925 barcode=barcode24 barcode_alias=barcode24 parent_read_id=3303dc08-df4c-4983-89b0-c0606aed1dc1 basecall_model_version_id=dna_r10.4.1_e8.2_400bps_hac@v4.3.0
0	f03b3254-5b5b-4867-b1b6-5dd42e510054 runid=0dfb5b492dc86ce99bf7c61c734eb364afcdb5c8 ch=49 start_time=2025-09-26T05:34:10.398161+00:00 flow_cell_id=AWX817 basecall_gpu=NVIDIA_Tegra_X2 protocol_group_id=ONT_trialEb_250925 sample_id=ONT_trail_250925 barcode=barcode23 barcode_alias=barcode23 parent_read_id=f03b3254-5b5b-4867-b1b6-5dd42e510054 basecall_model_version_id=dna_r10.4.1_e8.2_400bps_hac@v4.3.0 rc
0	edd28bcb-bf5a-47cf-a706-99828754d209 runid=0dfb5b492dc86ce99bf7c61c734eb364afcdb5c8 ch=4 start_time=2025-09-26T06:03:11.398161+00:00 flow_cell_id=AWX817 basecall_gpu=NVIDIA_Tegra_X2 protocol_group_id=ONT_trialEb_250925 sample_id=ONT_trail_250925 barcode=barcode22 barcode_alias=barcode22 parent_read_id=edd28bcb-bf5a-47cf-a706-99828754d209 basecall_model_version_id=dna_r10.4.1_e8.2_400bps_hac@v4.3.0
0	92b087a0-3db2-42c3-9fed-24df01f89cb3 runid=0dfb5b492dc86ce99bf7c61c734eb364afcdb5c8 ch=20 start_time=2025-09-26T07:39:30.398161+00:00 flow_cell_id=AWX817 basecall_gpu=NVIDIA_Tegra_X2 protocol_group_id=ONT_trialEb_250925 sample_id=ONT_trail_250925 barcode=barcode23 barcode_alias=barcode23 parent_read_id=92b087a0-3db2-42c3-9fed-24df01f89cb3 basecall_model_version_id=dna_r10.4.1_e8.2_400bps_hac@v4.3.0
0	36ab7a39-124d-44e4-b996-96ff147be445 runid=0dfb5b492dc86ce99bf7c61c734eb364afcdb5c8 ch=57 start_time=2025-09-25T17:27:45.398161+00:00 flow_cell_id=AWX817 basecall_gpu=NVIDIA_Tegra_X2 protocol_group_id=ONT_trialEb_250925 sample_id=ONT_trail_250925 barcode=barcode22 barcode_alias=barcode22 parent_read_id=36ab7a39-124d-44e4-b996-96ff147be445 basecall_model_version_id=dna_r10.4.1_e8.2_400bps_hac@v4.3.0 rc
0	d86c0752-7805-428e-9819-660c5091a858 runid=0dfb5b492dc86ce99bf7c61c734eb364afcdb5c8 ch=85 start_time=2025-09-26T03:30:59.398161+00:00 flow_cell_id=AWX817 basecall_gpu=NVIDIA_Tegra_X2 protocol_group_id=ONT_trialEb_250925 sample_id=ONT_trail_250925 barcode=barcode22 barcode_alias=barcode22 parent_read_id=d86c0752-7805-428e-9819-660c5091a858 basecall_model_version_id=dna_r10.4.1_e8.2_400bps_hac@v4.3.0
0	9c1a23b7-68b3-4886-8a96-b14d436fdb9c runid=0dfb5b492dc86ce99bf7c61c734eb364afcdb5c8 ch=73 start_time=2025-09-25T17:25:29.398161+00:00 flow_cell_id=AWX817 basecall_gpu=NVIDIA_Tegra_X2 protocol_group_id=ONT_trialEb_250925 sample_id=ONT_trail_250925 barcode=barcode22 barcode_alias=barcode22 parent_read_id=9c1a23b7-68b3-4886-8a96-b14d436fdb9c basecall_model_version_id=dna_r10.4.1_e8.2_400bps_hac@v4.3.0 rc
0	77fddedb-d05a-47f1-850a-444b4dd0698e runid=0dfb5b492dc86ce99bf7c61c734eb364afcdb5c8 ch=85 start_time=2025-09-26T02:14:57.398161+00:00 flow_cell_id=AWX817 basecall_gpu=NVIDIA_Tegra_X2 protocol_group_id=ONT_trialEb_250925 sample_id=ONT_trail_250925 barcode=barcode22 barcode_alias=barcode22 parent_read_id=77fddedb-d05a-47f1-850a-444b4dd0698e basecall_model_version_id=dna_r10.4.1_e8.2_400bps_hac@v4.3.0 rc
0	f3c147e9-ff50-4fbf-a65e-91678f817924 runid=0dfb5b492dc86ce99bf7c61c734eb364afcdb5c8 ch=85 start_time=2025-09-25T19:13:56.398161+00:00 flow_cell_id=AWX817 basecall_gpu=NVIDIA_Tegra_X2 protocol_group_id=ONT_trialEb_250925 sample_id=ONT_trail_250925 barcode=barcode22 barcode_alias=barcode22 parent_read_id=f3c147e9-ff50-4fbf-a65e-91678f817924 basecall_model_version_id=dna_r10.4.1_e8.2_400bps_hac@v4.3.0 rc
0	8a36a6f4-0c95-4cef-b645-b868ae5312af runid=0dfb5b492dc86ce99bf7c61c734eb364afcdb5c8 ch=118 start_time=2025-09-26T00:31:32.398161+00:00 flow_cell_id=AWX817 basecall_gpu=NVIDIA_Tegra_X2 protocol_group_id=ONT_trialEb_250925 sample_id=ONT_trail_250925 barcode=barcode22 barcode_alias=barcode22 parent_read_id=8a36a6f4-0c95-4cef-b645-b868ae5312af basecall_model_version_id=dna_r10.4.1_e8.2_400bps_hac@v4.3.0 rc
0	aed9bac0-a3f2-43c4-bdae-dda38cc06859 runid=0dfb5b492dc86ce99bf7c61c734eb364afcdb5c8 ch=85 start_time=2025-09-26T01:28:21.398161+00:00 flow_cell_id=AWX817 basecall_gpu=NVIDIA_Tegra_X2 protocol_group_id=ONT_trialEb_250925 sample_id=ONT_trail_250925 barcode=barcode22 barcode_alias=barcode22 parent_read_id=aed9bac0-a3f2-43c4-bdae-dda38cc06859 basecall_model_version_id=dna_r10.4.1_e8.2_400bps_hac@v4.3.0
0	1cdebd32-2405-49cd-890e-4b5b8ca562ac runid=0dfb5b492dc86ce99bf7c61c734eb364afcdb5c8 ch=106 start_time=2025-09-25T17:32:49.398161+00:00 flow_cell_id=AWX817 basecall_gpu=NVIDIA_Tegra_X2 protocol_group_id=ONT_trialEb_250925 sample_id=ONT_trail_250925 barcode=barcode22 barcode_alias=barcode22 parent_read_id=1cdebd32-2405-49cd-890e-4b5b8ca562ac basecall_model_version_id=dna_r10.4.1_e8.2_400bps_hac@v4.3.0
0	54d6667a-cbd7-46fb-a886-1c0c02cbb72c runid=0dfb5b492dc86ce99bf7c61c734eb364afcdb5c8 ch=96 start_time=2025-09-26T02:32:54.398161+00:00 flow_cell_id=AWX817 basecall_gpu=NVIDIA_Tegra_X2 protocol_group_id=ONT_trialEb_250925 sample_id=ONT_trail_250925 barcode=barcode24 barcode_alias=barcode24 parent_read_id=54d6667a-cbd7-46fb-a886-1c0c02cbb72c basecall_model_version_id=dna_r10.4.1_e8.2_400bps_hac@v4.3.0
0	3891a694-be0a-4df5-8579-75478e6209cb runid=0dfb5b492dc86ce99bf7c61c734eb364afcdb5c8 ch=39 start_time=2025-09-26T09:30:28.398161+00:00 flow_cell_id=AWX817 basecall_gpu=NVIDIA_Tegra_X2 protocol_group_id=ONT_trialEb_250925 sample_id=ONT_trail_250925 barcode=barcode22 barcode_alias=barcode22 parent_read_id=3891a694-be0a-4df5-8579-75478e6209cb basecall_model_version_id=dna_r10.4.1_e8.2_400bps_hac@v4.3.0 rc
0	02e997ca-08b8-4f35-b160-03362ac8b089 runid=0dfb5b492dc86ce99bf7c61c734eb364afcdb5c8 ch=39 start_time=2025-09-25T17:58:17.398161+00:00 flow_cell_id=AWX817 basecall_gpu=NVIDIA_Tegra_X2 protocol_group_id=ONT_trialEb_250925 sample_id=ONT_trail_250925 barcode=barcode24 barcode_alias=barcode24 parent_read_id=02e997ca-08b8-4f35-b160-03362ac8b089 basecall_model_version_id=dna_r10.4.1_e8.2_400bps_hac@v4.3.0 rc
0	82848410-e11f-4b56-8a43-d78ca67f6d33 runid=0dfb5b492dc86ce99bf7c61c734eb364afcdb5c8 ch=5 start_time=2025-09-25T17:56:23.398161+00:00 flow_cell_id=AWX817 basecall_gpu=NVIDIA_Tegra_X2 protocol_group_id=ONT_trialEb_250925 sample_id=ONT_trail_250925 barcode=barcode23 barcode_alias=barcode23 parent_read_id=82848410-e11f-4b56-8a43-d78ca67f6d33 basecall_model_version_id=dna_r10.4.1_e8.2_400bps_hac@v4.3.0
0	813f6a8b-3314-4233-a6fc-cc80104ecb97 runid=0dfb5b492dc86ce99bf7c61c734eb364afcdb5c8 ch=44 start_time=2025-09-25T16:36:44.398161+00:00 flow_cell_id=AWX817 basecall_gpu=NVIDIA_Tegra_X2 protocol_group_id=ONT_trialEb_250925 sample_id=ONT_trail_250925 barcode=barcode22 barcode_alias=barcode22 parent_read_id=813f6a8b-3314-4233-a6fc-cc80104ecb97 basecall_model_version_id=dna_r10.4.1_e8.2_400bps_hac@v4.3.0
0	91e845b4-da2b-48a4-803a-701cb02064ba runid=0dfb5b492dc86ce99bf7c61c734eb364afcdb5c8 ch=43 start_time=2025-09-25T20:41:15.398161+00:00 flow_cell_id=AWX817 basecall_gpu=NVIDIA_Tegra_X2 protocol_group_id=ONT_trialEb_250925 sample_id=ONT_trail_250925 barcode=barcode22 barcode_alias=barcode22 parent_read_id=91e845b4-da2b-48a4-803a-701cb02064ba basecall_model_version_id=dna_r10.4.1_e8.2_400bps_hac@v4.3.0
0	9f008158-264e-4e77-943b-60836f9b423a runid=0dfb5b492dc86ce99bf7c61c734eb364afcdb5c8 ch=20 start_time=2025-09-25T23:09:57.398161+00:00 flow_cell_id=AWX817 basecall_gpu=NVIDIA_Tegra_X2 protocol_group_id=ONT_trialEb_250925 sample_id=ONT_trail_250925 barcode=barcode22 barcode_alias=barcode22 parent_read_id=9f008158-264e-4e77-943b-60836f9b423a basecall_model_version_id=dna_r10.4.1_e8.2_400bps_hac@v4.3.0 rc
0	cf05cf8c-5091-4a94-9e45-7805542f6a90 runid=0dfb5b492dc86ce99bf7c61c734eb364afcdb5c8 ch=41 start_time=2025-09-25T17:04:50.398161+00:00 flow_cell_id=AWX817 basecall_gpu=NVIDIA_Tegra_X2 protocol_group_id=ONT_trialEb_250925 sample_id=ONT_trail_250925 barcode=barcode24 barcode_alias=barcode24 parent_read_id=cf05cf8c-5091-4a94-9e45-7805542f6a90 basecall_model_version_id=dna_r10.4.1_e8.2_400bps_hac@v4.3.0 rc
0	bfd17134-fec5-4c58-8c5e-3cbd287cbc36 runid=0dfb5b492dc86ce99bf7c61c734eb364afcdb5c8 ch=80 start_time=2025-09-25T20:38:02.398161+00:00 flow_cell_id=AWX817 basecall_gpu=NVIDIA_Tegra_X2 protocol_group_id=ONT_trialEb_250925 sample_id=ONT_trail_250925 barcode=barcode22 barcode_alias=barcode22 parent_read_id=bfd17134-fec5-4c58-8c5e-3cbd287cbc36 basecall_model_version_id=dna_r10.4.1_e8.2_400bps_hac@v4.3.0
0	0cab8003-2e60-4751-9974-b67093df4927 runid=0dfb5b492dc86ce99bf7c61c734eb364afcdb5c8 ch=56 start_time=2025-09-25T18:09:03.398161+00:00 flow_cell_id=AWX817 basecall_gpu=NVIDIA_Tegra_X2 protocol_group_id=ONT_trialEb_250925 sample_id=ONT_trail_250925 barcode=barcode22 barcode_alias=barcode22 parent_read_id=0cab8003-2e60-4751-9974-b67093df4927 basecall_model_version_id=dna_r10.4.1_e8.2_400bps_hac@v4.3.0
0	1c4aaa0c-2f69-4977-b5e0-a9bb676f0766 runid=0dfb5b492dc86ce99bf7c61c734eb364afcdb5c8 ch=106 start_time=2025-09-25T17:23:07.398161+00:00 flow_cell_id=AWX817 basecall_gpu=NVIDIA_Tegra_X2 protocol_group_id=ONT_trialEb_250925 sample_id=ONT_trail_250925 barcode=barcode24 barcode_alias=barcode24 parent_read_id=1c4aaa0c-2f69-4977-b5e0-a9bb676f0766 basecall_model_version_id=dna_r10.4.1_e8.2_400bps_hac@v4.3.0 rc
0	ed7b1ec3-d5d6-4513-b413-c2ae7c6acf74 runid=0dfb5b492dc86ce99bf7c61c734eb364afcdb5c8 ch=20 start_time=2025-09-26T05:37:25.398161+00:00 flow_cell_id=AWX817 basecall_gpu=NVIDIA_Tegra_X2 protocol_group_id=ONT_trialEb_250925 sample_id=ONT_trail_250925 barcode=barcode22 barcode_alias=barcode22 parent_read_id=ed7b1ec3-d5d6-4513-b413-c2ae7c6acf74 basecall_model_version_id=dna_r10.4.1_e8.2_400bps_hac@v4.3.0
0	50a9f3b5-53d3-4f4f-94ae-3a6902c7bd12 runid=0dfb5b492dc86ce99bf7c61c734eb364afcdb5c8 ch=55 start_time=2025-09-25T15:45:13.398161+00:00 flow_cell_id=AWX817 basecall_gpu=NVIDIA_Tegra_X2 protocol_group_id=ONT_trialEb_250925 sample_id=ONT_trail_250925 barcode=barcode22 barcode_alias=barcode22 parent_read_id=50a9f3b5-53d3-4f4f-94ae-3a6902c7bd12 basecall_model_version_id=dna_r10.4.1_e8.2_400bps_hac@v4.3.0 rc
0	37623cd6-4a93-48b1-bd42-bbb1782c6ccf runid=0dfb5b492dc86ce99bf7c61c734eb364afcdb5c8 ch=110 start_time=2025-09-25T21:52:44.398161+00:00 flow_cell_id=AWX817 basecall_gpu=NVIDIA_Tegra_X2 protocol_group_id=ONT_trialEb_250925 sample_id=ONT_trail_250925 barcode=barcode23 barcode_alias=barcode23 parent_read_id=37623cd6-4a93-48b1-bd42-bbb1782c6ccf basecall_model_version_id=dna_r10.4.1_e8.2_400bps_hac@v4.3.0
0	57145f73-9c53-4991-9b39-954c9619b197 runid=0dfb5b492dc86ce99bf7c61c734eb364afcdb5c8 ch=10 start_time=2025-09-25T19:28:52.398161+00:00 flow_cell_id=AWX817 basecall_gpu=NVIDIA_Tegra_X2 protocol_group_id=ONT_trialEb_250925 sample_id=ONT_trail_250925 barcode=barcode23 barcode_alias=barcode23 parent_read_id=57145f73-9c53-4991-9b39-954c9619b197 basecall_model_version_id=dna_r10.4.1_e8.2_400bps_hac@v4.3.0
0	1125d23f-5e29-49a5-9d73-d82786921c0e runid=0dfb5b492dc86ce99bf7c61c734eb364afcdb5c8 ch=39 start_time=2025-09-26T01:35:00.398161+00:00 flow_cell_id=AWX817 basecall_gpu=NVIDIA_Tegra_X2 protocol_group_id=ONT_trialEb_250925 sample_id=ONT_trail_250925 barcode=barcode22 barcode_alias=barcode22 parent_read_id=1125d23f-5e29-49a5-9d73-d82786921c0e basecall_model_version_id=dna_r10.4.1_e8.2_400bps_hac@v4.3.0 rc
0	1125d23f-5e29-49a5-9d73-d82786921c0e runid=0dfb5b492dc86ce99bf7c61c734eb364afcdb5c8 ch=39 start_time=2025-09-26T01:35:00.398161+00:00 flow_cell_id=AWX817 basecall_gpu=NVIDIA_Tegra_X2 protocol_group_id=ONT_trialEb_250925 sample_id=ONT_trail_250925 barcode=barcode22 barcode_alias=barcode22 parent_read_id=1125d23f-5e29-49a5-9d73-d82786921c0e basecall_model_version_id=dna_r10.4.1_e8.2_400bps_hac@v4.3.0 rc
0	5620e339-ad14-4c67-8e6f-6c172f1a2120 runid=0dfb5b492dc86ce99bf7c61c734eb364afcdb5c8 ch=85 start_time=2025-09-26T03:22:41.398161+00:00 flow_cell_id=AWX817 basecall_gpu=NVIDIA_Tegra_X2 protocol_group_id=ONT_trialEb_250925 sample_id=ONT_trail_250925 barcode=barcode22 barcode_alias=barcode22 parent_read_id=5620e339-ad14-4c67-8e6f-6c172f1a2120 basecall_model_version_id=dna_r10.4.1_e8.2_400bps_hac@v4.3.0
0	db97c53f-9ec6-4c7a-a845-5efc98dd3a32 runid=0dfb5b492dc86ce99bf7c61c734eb364afcdb5c8 ch=79 start_time=2025-09-25T16:50:32.398161+00:00 flow_cell_id=AWX817 basecall_gpu=NVIDIA_Tegra_X2 protocol_group_id=ONT_trialEb_250925 sample_id=ONT_trail_250925 barcode=barcode22 barcode_alias=barcode22 parent_read_id=db97c53f-9ec6-4c7a-a845-5efc98dd3a32 basecall_model_version_id=dna_r10.4.1_e8.2_400bps_hac@v4.3.0
0	8fd890a0-6ed4-4485-a64f-9f268f314656 runid=0dfb5b492dc86ce99bf7c61c734eb364afcdb5c8 ch=73 start_time=2025-09-25T19:13:38.398161+00:00 flow_cell_id=AWX817 basecall_gpu=NVIDIA_Tegra_X2 protocol_group_id=ONT_trialEb_250925 sample_id=ONT_trail_250925 barcode=barcode23 barcode_alias=barcode23 parent_read_id=8fd890a0-6ed4-4485-a64f-9f268f314656 basecall_model_version_id=dna_r10.4.1_e8.2_400bps_hac@v4.3.0 rc
0	60066796-39ae-4934-a4ca-1b5e42a4a380 runid=0dfb5b492dc86ce99bf7c61c734eb364afcdb5c8 ch=20 start_time=2025-09-26T10:42:32.398161+00:00 flow_cell_id=AWX817 basecall_gpu=NVIDIA_Tegra_X2 protocol_group_id=ONT_trialEb_250925 sample_id=ONT_trail_250925 barcode=barcode23 barcode_alias=barcode23 parent_read_id=60066796-39ae-4934-a4ca-1b5e42a4a380 basecall_model_version_id=dna_r10.4.1_e8.2_400bps_hac@v4.3.0
0	e2546e85-dad0-4c4c-9577-0fa385db1b08 runid=0dfb5b492dc86ce99bf7c61c734eb364afcdb5c8 ch=85 start_time=2025-09-26T02:52:11.398161+00:00 flow_cell_id=AWX817 basecall_gpu=NVIDIA_Tegra_X2 protocol_group_id=ONT_trialEb_250925 sample_id=ONT_trail_250925 barcode=barcode22 barcode_alias=barcode22 parent_read_id=e2546e85-dad0-4c4c-9577-0fa385db1b08 basecall_model_version_id=dna_r10.4.1_e8.2_400bps_hac@v4.3.0
0	e2546e85-dad0-4c4c-9577-0fa385db1b08 runid=0dfb5b492dc86ce99bf7c61c734eb364afcdb5c8 ch=85 start_time=2025-09-26T02:52:11.398161+00:00 flow_cell_id=AWX817 basecall_gpu=NVIDIA_Tegra_X2 protocol_group_id=ONT_trialEb_250925 sample_id=ONT_trail_250925 barcode=barcode22 barcode_alias=barcode22 parent_read_id=e2546e85-dad0-4c4c-9577-0fa385db1b08 basecall_model_version_id=dna_r10.4.1_e8.2_400bps_hac@v4.3.0
0	bf619673-f811-4e5a-ae25-b68290c276c9 runid=0dfb5b492dc86ce99bf7c61c734eb364afcdb5c8 ch=93 start_time=2025-09-25T19:22:54.398161+00:00 flow_cell_id=AWX817 basecall_gpu=NVIDIA_Tegra_X2 protocol_group_id=ONT_trialEb_250925 sample_id=ONT_trail_250925 barcode=barcode24 barcode_alias=barcode24 parent_read_id=bf619673-f811-4e5a-ae25-b68290c276c9 basecall_model_version_id=dna_r10.4.1_e8.2_400bps_hac@v4.3.0 rc
0	eee7acf4-2cab-48bf-92c5-89b3ed9ee689 runid=0dfb5b492dc86ce99bf7c61c734eb364afcdb5c8 ch=43 start_time=2025-09-25T19:20:46.398161+00:00 flow_cell_id=AWX817 basecall_gpu=NVIDIA_Tegra_X2 protocol_group_id=ONT_trialEb_250925 sample_id=ONT_trail_250925 barcode=barcode23 barcode_alias=barcode23 parent_read_id=eee7acf4-2cab-48bf-92c5-89b3ed9ee689 basecall_model_version_id=dna_r10.4.1_e8.2_400bps_hac@v4.3.0
0	bac620a9-0b23-467e-89c1-369cb2f553a2 runid=0dfb5b492dc86ce99bf7c61c734eb364afcdb5c8 ch=80 start_time=2025-09-25T20:47:11.398161+00:00 flow_cell_id=AWX817 basecall_gpu=NVIDIA_Tegra_X2 protocol_group_id=ONT_trialEb_250925 sample_id=ONT_trail_250925 barcode=barcode22 barcode_alias=barcode22 parent_read_id=bac620a9-0b23-467e-89c1-369cb2f553a2 basecall_model_version_id=dna_r10.4.1_e8.2_400bps_hac@v4.3.0 rc
0	ea02a15e-e99e-4941-8922-c8a6d6b8a6ff runid=0dfb5b492dc86ce99bf7c61c734eb364afcdb5c8 ch=49 start_time=2025-09-26T09:49:01.398161+00:00 flow_cell_id=AWX817 basecall_gpu=NVIDIA_Tegra_X2 protocol_group_id=ONT_trialEb_250925 sample_id=ONT_trail_250925 barcode=barcode24 barcode_alias=barcode24 parent_read_id=ea02a15e-e99e-4941-8922-c8a6d6b8a6ff basecall_model_version_id=dna_r10.4.1_e8.2_400bps_hac@v4.3.0
0	0996ec9b-d59b-4243-bb54-a414d13ce5af runid=0dfb5b492dc86ce99bf7c61c734eb364afcdb5c8 ch=92 start_time=2025-09-26T01:58:49.398161+00:00 flow_cell_id=AWX817 basecall_gpu=NVIDIA_Tegra_X2 protocol_group_id=ONT_trialEb_250925 sample_id=ONT_trail_250925 barcode=barcode23 barcode_alias=barcode23 parent_read_id=0996ec9b-d59b-4243-bb54-a414d13ce5af basecall_model_version_id=dna_r10.4.1_e8.2_400bps_hac@v4.3.0 rc
0	7dba7ddb-dc65-43f3-9197-9c5ce81c1e35 runid=0dfb5b492dc86ce99bf7c61c734eb364afcdb5c8 ch=94 start_time=2025-09-25T18:04:31.398161+00:00 flow_cell_id=AWX817 basecall_gpu=NVIDIA_Tegra_X2 protocol_group_id=ONT_trialEb_250925 sample_id=ONT_trail_250925 barcode=barcode23 barcode_alias=barcode23 parent_read_id=7dba7ddb-dc65-43f3-9197-9c5ce81c1e35 basecall_model_version_id=dna_r10.4.1_e8.2_400bps_hac@v4.3.0
0	490ab180-f937-4a07-bdfd-5c213216544a runid=0dfb5b492dc86ce99bf7c61c734eb364afcdb5c8 ch=85 start_time=2025-09-26T04:21:33.398161+00:00 flow_cell_id=AWX817 basecall_gpu=NVIDIA_Tegra_X2 protocol_group_id=ONT_trialEb_250925 sample_id=ONT_trail_250925 barcode=barcode24 barcode_alias=barcode24 parent_read_id=490ab180-f937-4a07-bdfd-5c213216544a basecall_model_version_id=dna_r10.4.1_e8.2_400bps_hac@v4.3.0 rc
0	aa156f3f-2cea-41ec-bb70-01f135b96cc8 runid=0dfb5b492dc86ce99bf7c61c734eb364afcdb5c8 ch=58 start_time=2025-09-25T20:55:38.398161+00:00 flow_cell_id=AWX817 basecall_gpu=NVIDIA_Tegra_X2 protocol_group_id=ONT_trialEb_250925 sample_id=ONT_trail_250925 barcode=barcode23 barcode_alias=barcode23 parent_read_id=aa156f3f-2cea-41ec-bb70-01f135b96cc8 basecall_model_version_id=dna_r10.4.1_e8.2_400bps_hac@v4.3.0
0	2054d93f-6e7d-4280-b7b8-d2e87c6b7639 runid=0dfb5b492dc86ce99bf7c61c734eb364afcdb5c8 ch=39 start_time=2025-09-26T10:45:15.398161+00:00 flow_cell_id=AWX817 basecall_gpu=NVIDIA_Tegra_X2 protocol_group_id=ONT_trialEb_250925 sample_id=ONT_trail_250925 barcode=barcode22 barcode_alias=barcode22 parent_read_id=2054d93f-6e7d-4280-b7b8-d2e87c6b7639 basecall_model_version_id=dna_r10.4.1_e8.2_400bps_hac@v4.3.0
0	2054d93f-6e7d-4280-b7b8-d2e87c6b7639 runid=0dfb5b492dc86ce99bf7c61c734eb364afcdb5c8 ch=39 start_time=2025-09-26T10:45:15.398161+00:00 flow_cell_id=AWX817 basecall_gpu=NVIDIA_Tegra_X2 protocol_group_id=ONT_trialEb_250925 sample_id=ONT_trail_250925 barcode=barcode22 barcode_alias=barcode22 parent_read_id=2054d93f-6e7d-4280-b7b8-d2e87c6b7639 basecall_model_version_id=dna_r10.4.1_e8.2_400bps_hac@v4.3.0
0	bbf065e5-b73c-45af-97c6-8b6d3c6ba543 runid=0dfb5b492dc86ce99bf7c61c734eb364afcdb5c8 ch=91 start_time=2025-09-25T18:05:07.398161+00:00 flow_cell_id=AWX817 basecall_gpu=NVIDIA_Tegra_X2 protocol_group_id=ONT_trialEb_250925 sample_id=ONT_trail_250925 barcode=barcode22 barcode_alias=barcode22 parent_read_id=bbf065e5-b73c-45af-97c6-8b6d3c6ba543 basecall_model_version_id=dna_r10.4.1_e8.2_400bps_hac@v4.3.0
0	8e6f6856-1649-472a-b406-0c662e920063 runid=0dfb5b492dc86ce99bf7c61c734eb364afcdb5c8 ch=4 start_time=2025-09-25T21:48:47.398161+00:00 flow_cell_id=AWX817 basecall_gpu=NVIDIA_Tegra_X2 protocol_group_id=ONT_trialEb_250925 sample_id=ONT_trail_250925 barcode=barcode22 barcode_alias=barcode22 parent_read_id=8e6f6856-1649-472a-b406-0c662e920063 basecall_model_version_id=dna_r10.4.1_e8.2_400bps_hac@v4.3.0
0	fee8e017-71b1-4257-b2d0-33550c4a5827 runid=0dfb5b492dc86ce99bf7c61c734eb364afcdb5c8 ch=79 start_time=2025-09-25T22:38:41.398161+00:00 flow_cell_id=AWX817 basecall_gpu=NVIDIA_Tegra_X2 protocol_group_id=ONT_trialEb_250925 sample_id=ONT_trail_250925 barcode=barcode24 barcode_alias=barcode24 parent_read_id=fee8e017-71b1-4257-b2d0-33550c4a5827 basecall_model_version_id=dna_r10.4.1_e8.2_400bps_hac@v4.3.0 rc
0	fa3a9fe2-24d1-4bd0-8f54-f4a47875f760 runid=0dfb5b492dc86ce99bf7c61c734eb364afcdb5c8 ch=4 start_time=2025-09-26T04:09:23.398161+00:00 flow_cell_id=AWX817 basecall_gpu=NVIDIA_Tegra_X2 protocol_group_id=ONT_trialEb_250925 sample_id=ONT_trail_250925 barcode=barcode22 barcode_alias=barcode22 parent_read_id=fa3a9fe2-24d1-4bd0-8f54-f4a47875f760 basecall_model_version_id=dna_r10.4.1_e8.2_400bps_hac@v4.3.0
0	8a81b58e-7695-4880-86aa-8c24a85c826f runid=0dfb5b492dc86ce99bf7c61c734eb364afcdb5c8 ch=4 start_time=2025-09-26T06:19:14.398161+00:00 flow_cell_id=AWX817 basecall_gpu=NVIDIA_Tegra_X2 protocol_group_id=ONT_trialEb_250925 sample_id=ONT_trail_250925 barcode=barcode22 barcode_alias=barcode22 parent_read_id=8a81b58e-7695-4880-86aa-8c24a85c826f basecall_model_version_id=dna_r10.4.1_e8.2_400bps_hac@v4.3.0
0	191c0220-7bd8-4653-b709-09805d1cf51f runid=0dfb5b492dc86ce99bf7c61c734eb364afcdb5c8 ch=20 start_time=2025-09-25T21:35:30.398161+00:00 flow_cell_id=AWX817 basecall_gpu=NVIDIA_Tegra_X2 protocol_group_id=ONT_trialEb_250925 sample_id=ONT_trail_250925 barcode=barcode22 barcode_alias=barcode22 parent_read_id=191c0220-7bd8-4653-b709-09805d1cf51f basecall_model_version_id=dna_r10.4.1_e8.2_400bps_hac@v4.3.0 rc
0	1ab58158-6e61-4031-90ce-fa282b5fb3c2 runid=0dfb5b492dc86ce99bf7c61c734eb364afcdb5c8 ch=80 start_time=2025-09-25T18:27:04.398161+00:00 flow_cell_id=AWX817 basecall_gpu=NVIDIA_Tegra_X2 protocol_group_id=ONT_trialEb_250925 sample_id=ONT_trail_250925 barcode=barcode23 barcode_alias=barcode23 parent_read_id=1ab58158-6e61-4031-90ce-fa282b5fb3c2 basecall_model_version_id=dna_r10.4.1_e8.2_400bps_hac@v4.3.0
0	1dc69c3c-baa5-4db0-963c-bc70374ed484 runid=0dfb5b492dc86ce99bf7c61c734eb364afcdb5c8 ch=56 start_time=2025-09-25T18:10:32.398161+00:00 flow_cell_id=AWX817 basecall_gpu=NVIDIA_Tegra_X2 protocol_group_id=ONT_trialEb_250925 sample_id=ONT_trail_250925 barcode=barcode22 barcode_alias=barcode22 parent_read_id=1dc69c3c-baa5-4db0-963c-bc70374ed484 basecall_model_version_id=dna_r10.4.1_e8.2_400bps_hac@v4.3.0
0	aad8dfe1-8b5d-4319-a8a9-fe8da3d5b1d7 runid=0dfb5b492dc86ce99bf7c61c734eb364afcdb5c8 ch=10 start_time=2025-09-26T02:48:37.398161+00:00 flow_cell_id=AWX817 basecall_gpu=NVIDIA_Tegra_X2 protocol_group_id=ONT_trialEb_250925 sample_id=ONT_trail_250925 barcode=barcode22 barcode_alias=barcode22 parent_read_id=aad8dfe1-8b5d-4319-a8a9-fe8da3d5b1d7 basecall_model_version_id=dna_r10.4.1_e8.2_400bps_hac@v4.3.0
0	6c3b5cf2-08b8-4210-87d0-42f165669488 runid=0dfb5b492dc86ce99bf7c61c734eb364afcdb5c8 ch=23 start_time=2025-09-25T17:45:27.398161+00:00 flow_cell_id=AWX817 basecall_gpu=NVIDIA_Tegra_X2 protocol_group_id=ONT_trialEb_250925 sample_id=ONT_trail_250925 barcode=barcode22 barcode_alias=barcode22 parent_read_id=6c3b5cf2-08b8-4210-87d0-42f165669488 basecall_model_version_id=dna_r10.4.1_e8.2_400bps_hac@v4.3.0 rc
0	a4086506-7318-492b-9597-3139b5116bcd runid=0dfb5b492dc86ce99bf7c61c734eb364afcdb5c8 ch=41 start_time=2025-09-25T17:55:23.398161+00:00 flow_cell_id=AWX817 basecall_gpu=NVIDIA_Tegra_X2 protocol_group_id=ONT_trialEb_250925 sample_id=ONT_trail_250925 barcode=barcode24 barcode_alias=barcode24 parent_read_id=a4086506-7318-492b-9597-3139b5116bcd basecall_model_version_id=dna_r10.4.1_e8.2_400bps_hac@v4.3.0
0	5820082b-3c4c-4b66-9b27-1293e23b9523 runid=0dfb5b492dc86ce99bf7c61c734eb364afcdb5c8 ch=100 start_time=2025-09-25T22:32:57.398161+00:00 flow_cell_id=AWX817 basecall_gpu=NVIDIA_Tegra_X2 protocol_group_id=ONT_trialEb_250925 sample_id=ONT_trail_250925 barcode=barcode22 barcode_alias=barcode22 parent_read_id=5820082b-3c4c-4b66-9b27-1293e23b9523 basecall_model_version_id=dna_r10.4.1_e8.2_400bps_hac@v4.3.0
0	4e825f80-7196-4d37-8e3f-e715efe1d8de runid=0dfb5b492dc86ce99bf7c61c734eb364afcdb5c8 ch=55 start_time=2025-09-25T17:02:51.398161+00:00 flow_cell_id=AWX817 basecall_gpu=NVIDIA_Tegra_X2 protocol_group_id=ONT_trialEb_250925 sample_id=ONT_trail_250925 barcode=barcode23 barcode_alias=barcode23 parent_read_id=4e825f80-7196-4d37-8e3f-e715efe1d8de basecall_model_version_id=dna_r10.4.1_e8.2_400bps_hac@v4.3.0
0	9df50b0f-fe57-4d24-8b8f-f956aec323ea runid=0dfb5b492dc86ce99bf7c61c734eb364afcdb5c8 ch=79 start_time=2025-09-26T00:21:19.398161+00:00 flow_cell_id=AWX817 basecall_gpu=NVIDIA_Tegra_X2 protocol_group_id=ONT_trialEb_250925 sample_id=ONT_trail_250925 barcode=barcode22 barcode_alias=barcode22 parent_read_id=9df50b0f-fe57-4d24-8b8f-f956aec323ea basecall_model_version_id=dna_r10.4.1_e8.2_400bps_hac@v4.3.0
0	f860dade-d42b-44a0-a7bc-eb84330d7d86 runid=0dfb5b492dc86ce99bf7c61c734eb364afcdb5c8 ch=10 start_time=2025-09-25T18:15:51.398161+00:00 flow_cell_id=AWX817 basecall_gpu=NVIDIA_Tegra_X2 protocol_group_id=ONT_trialEb_250925 sample_id=ONT_trail_250925 barcode=barcode22 barcode_alias=barcode22 parent_read_id=f860dade-d42b-44a0-a7bc-eb84330d7d86 basecall_model_version_id=dna_r10.4.1_e8.2_400bps_hac@v4.3.0
0	8d76bcbe-6677-429d-83c2-011dabb8ab79 runid=0dfb5b492dc86ce99bf7c61c734eb364afcdb5c8 ch=92 start_time=2025-09-26T00:50:11.398161+00:00 flow_cell_id=AWX817 basecall_gpu=NVIDIA_Tegra_X2 protocol_group_id=ONT_trialEb_250925 sample_id=ONT_trail_250925 barcode=barcode22 barcode_alias=barcode22 parent_read_id=8d76bcbe-6677-429d-83c2-011dabb8ab79 basecall_model_version_id=dna_r10.4.1_e8.2_400bps_hac@v4.3.0
0	8d7e2b6c-4ce9-414e-b4b0-7ce967007eb2 runid=0dfb5b492dc86ce99bf7c61c734eb364afcdb5c8 ch=4 start_time=2025-09-26T03:07:23.398161+00:00 flow_cell_id=AWX817 basecall_gpu=NVIDIA_Tegra_X2 protocol_group_id=ONT_trialEb_250925 sample_id=ONT_trail_250925 barcode=barcode22 barcode_alias=barcode22 parent_read_id=8d7e2b6c-4ce9-414e-b4b0-7ce967007eb2 basecall_model_version_id=dna_r10.4.1_e8.2_400bps_hac@v4.3.0
0	86ed8e16-b351-49e9-90a9-5fd9f3787afb runid=0dfb5b492dc86ce99bf7c61c734eb364afcdb5c8 ch=44 start_time=2025-09-25T23:58:01.398161+00:00 flow_cell_id=AWX817 basecall_gpu=NVIDIA_Tegra_X2 protocol_group_id=ONT_trialEb_250925 sample_id=ONT_trail_250925 barcode=barcode22 barcode_alias=barcode22 parent_read_id=86ed8e16-b351-49e9-90a9-5fd9f3787afb basecall_model_version_id=dna_r10.4.1_e8.2_400bps_hac@v4.3.0
0	1f0eec73-bb4e-4b9b-a507-f7b8aeb78265 runid=0dfb5b492dc86ce99bf7c61c734eb364afcdb5c8 ch=10 start_time=2025-09-25T17:48:47.398161+00:00 flow_cell_id=AWX817 basecall_gpu=NVIDIA_Tegra_X2 protocol_group_id=ONT_trialEb_250925 sample_id=ONT_trail_250925 barcode=barcode22 barcode_alias=barcode22 parent_read_id=1f0eec73-bb4e-4b9b-a507-f7b8aeb78265 basecall_model_version_id=dna_r10.4.1_e8.2_400bps_hac@v4.3.0 rc
0	6d9615e6-048a-44e2-b5ab-be95eea20324 runid=0dfb5b492dc86ce99bf7c61c734eb364afcdb5c8 ch=79 start_time=2025-09-25T21:10:05.398161+00:00 flow_cell_id=AWX817 basecall_gpu=NVIDIA_Tegra_X2 protocol_group_id=ONT_trialEb_250925 sample_id=ONT_trail_250925 barcode=barcode23 barcode_alias=barcode23 parent_read_id=6d9615e6-048a-44e2-b5ab-be95eea20324 basecall_model_version_id=dna_r10.4.1_e8.2_400bps_hac@v4.3.0 rc
0	75cbca7c-44ff-448e-9a18-6bd4ee59a728 runid=0dfb5b492dc86ce99bf7c61c734eb364afcdb5c8 ch=79 start_time=2025-09-25T20:43:55.398161+00:00 flow_cell_id=AWX817 basecall_gpu=NVIDIA_Tegra_X2 protocol_group_id=ONT_trialEb_250925 sample_id=ONT_trail_250925 barcode=barcode22 barcode_alias=barcode22 parent_read_id=75cbca7c-44ff-448e-9a18-6bd4ee59a728 basecall_model_version_id=dna_r10.4.1_e8.2_400bps_hac@v4.3.0
0	75cbca7c-44ff-448e-9a18-6bd4ee59a728 runid=0dfb5b492dc86ce99bf7c61c734eb364afcdb5c8 ch=79 start_time=2025-09-25T20:43:55.398161+00:00 flow_cell_id=AWX817 basecall_gpu=NVIDIA_Tegra_X2 protocol_group_id=ONT_trialEb_250925 sample_id=ONT_trail_250925 barcode=barcode22 barcode_alias=barcode22 parent_read_id=75cbca7c-44ff-448e-9a18-6bd4ee59a728 basecall_model_version_id=dna_r10.4.1_e8.2_400bps_hac@v4.3.0
0	a391388c-b2af-4ae7-8d2e-6f242465b8d3 runid=0dfb5b492dc86ce99bf7c61c734eb364afcdb5c8 ch=49 start_time=2025-09-26T11:54:34.398161+00:00 flow_cell_id=AWX817 basecall_gpu=NVIDIA_Tegra_X2 protocol_group_id=ONT_trialEb_250925 sample_id=ONT_trail_250925 barcode=barcode22 barcode_alias=barcode22 parent_read_id=a391388c-b2af-4ae7-8d2e-6f242465b8d3 basecall_model_version_id=dna_r10.4.1_e8.2_400bps_hac@v4.3.0
0	9748e4a7-0a73-477e-9278-325bba75c881 runid=0dfb5b492dc86ce99bf7c61c734eb364afcdb5c8 ch=73 start_time=2025-09-25T18:20:23.398161+00:00 flow_cell_id=AWX817 basecall_gpu=NVIDIA_Tegra_X2 protocol_group_id=ONT_trialEb_250925 sample_id=ONT_trail_250925 barcode=barcode24 barcode_alias=barcode24 parent_read_id=9748e4a7-0a73-477e-9278-325bba75c881 basecall_model_version_id=dna_r10.4.1_e8.2_400bps_hac@v4.3.0
0	bc45fda9-aab5-479b-b750-a1e7b0d4dd49 runid=0dfb5b492dc86ce99bf7c61c734eb364afcdb5c8 ch=39 start_time=2025-09-26T01:36:23.398161+00:00 flow_cell_id=AWX817 basecall_gpu=NVIDIA_Tegra_X2 protocol_group_id=ONT_trialEb_250925 sample_id=ONT_trail_250925 barcode=barcode23 barcode_alias=barcode23 parent_read_id=bc45fda9-aab5-479b-b750-a1e7b0d4dd49 basecall_model_version_id=dna_r10.4.1_e8.2_400bps_hac@v4.3.0 rc
0	de375edf-753e-42a3-9320-635a32381edb runid=0dfb5b492dc86ce99bf7c61c734eb364afcdb5c8 ch=110 start_time=2025-09-25T22:11:22.398161+00:00 flow_cell_id=AWX817 basecall_gpu=NVIDIA_Tegra_X2 protocol_group_id=ONT_trialEb_250925 sample_id=ONT_trail_250925 barcode=barcode23 barcode_alias=barcode23 parent_read_id=de375edf-753e-42a3-9320-635a32381edb basecall_model_version_id=dna_r10.4.1_e8.2_400bps_hac@v4.3.0 rc
0	4c0b01d4-5d52-49e4-84b5-b1451347e320 runid=0dfb5b492dc86ce99bf7c61c734eb364afcdb5c8 ch=85 start_time=2025-09-25T21:05:28.398161+00:00 flow_cell_id=AWX817 basecall_gpu=NVIDIA_Tegra_X2 protocol_group_id=ONT_trialEb_250925 sample_id=ONT_trail_250925 barcode=barcode23 barcode_alias=barcode23 parent_read_id=4c0b01d4-5d52-49e4-84b5-b1451347e320 basecall_model_version_id=dna_r10.4.1_e8.2_400bps_hac@v4.3.0
0	d9352754-c5ff-4569-9d10-1af20990080f runid=0dfb5b492dc86ce99bf7c61c734eb364afcdb5c8 ch=118 start_time=2025-09-26T11:54:19.398161+00:00 flow_cell_id=AWX817 basecall_gpu=NVIDIA_Tegra_X2 protocol_group_id=ONT_trialEb_250925 sample_id=ONT_trail_250925 barcode=barcode22 barcode_alias=barcode22 parent_read_id=d9352754-c5ff-4569-9d10-1af20990080f basecall_model_version_id=dna_r10.4.1_e8.2_400bps_hac@v4.3.0
0	e9471451-b257-446d-bcce-e8a2c5769b1d runid=0dfb5b492dc86ce99bf7c61c734eb364afcdb5c8 ch=4 start_time=2025-09-26T04:07:14.398161+00:00 flow_cell_id=AWX817 basecall_gpu=NVIDIA_Tegra_X2 protocol_group_id=ONT_trialEb_250925 sample_id=ONT_trail_250925 barcode=barcode22 barcode_alias=barcode22 parent_read_id=e9471451-b257-446d-bcce-e8a2c5769b1d basecall_model_version_id=dna_r10.4.1_e8.2_400bps_hac@v4.3.0
0	e9471451-b257-446d-bcce-e8a2c5769b1d runid=0dfb5b492dc86ce99bf7c61c734eb364afcdb5c8 ch=4 start_time=2025-09-26T04:07:14.398161+00:00 flow_cell_id=AWX817 basecall_gpu=NVIDIA_Tegra_X2 protocol_group_id=ONT_trialEb_250925 sample_id=ONT_trail_250925 barcode=barcode22 barcode_alias=barcode22 parent_read_id=e9471451-b257-446d-bcce-e8a2c5769b1d basecall_model_version_id=dna_r10.4.1_e8.2_400bps_hac@v4.3.0
0	05a23030-a9e7-40ff-8e19-1b4740a4f4f5 runid=0dfb5b492dc86ce99bf7c61c734eb364afcdb5c8 ch=92 start_time=2025-09-25T23:29:31.398161+00:00 flow_cell_id=AWX817 basecall_gpu=NVIDIA_Tegra_X2 protocol_group_id=ONT_trialEb_250925 sample_id=ONT_trail_250925 barcode=barcode22 barcode_alias=barcode22 parent_read_id=05a23030-a9e7-40ff-8e19-1b4740a4f4f5 basecall_model_version_id=dna_r10.4.1_e8.2_400bps_hac@v4.3.0
0	7095d544-520d-4627-ad58-72a62dffdedb runid=0dfb5b492dc86ce99bf7c61c734eb364afcdb5c8 ch=106 start_time=2025-09-25T17:41:04.398161+00:00 flow_cell_id=AWX817 basecall_gpu=NVIDIA_Tegra_X2 protocol_group_id=ONT_trialEb_250925 sample_id=ONT_trail_250925 barcode=barcode22 barcode_alias=barcode22 parent_read_id=7095d544-520d-4627-ad58-72a62dffdedb basecall_model_version_id=dna_r10.4.1_e8.2_400bps_hac@v4.3.0
0	7095d544-520d-4627-ad58-72a62dffdedb runid=0dfb5b492dc86ce99bf7c61c734eb364afcdb5c8 ch=106 start_time=2025-09-25T17:41:04.398161+00:00 flow_cell_id=AWX817 basecall_gpu=NVIDIA_Tegra_X2 protocol_group_id=ONT_trialEb_250925 sample_id=ONT_trail_250925 barcode=barcode22 barcode_alias=barcode22 parent_read_id=7095d544-520d-4627-ad58-72a62dffdedb basecall_model_version_id=dna_r10.4.1_e8.2_400bps_hac@v4.3.0
0	ec64bf60-f318-49af-a13e-da5db6c0bfa6 runid=0dfb5b492dc86ce99bf7c61c734eb364afcdb5c8 ch=42 start_time=2025-09-26T04:26:42.398161+00:00 flow_cell_id=AWX817 basecall_gpu=NVIDIA_Tegra_X2 protocol_group_id=ONT_trialEb_250925 sample_id=ONT_trail_250925 barcode=barcode22 barcode_alias=barcode22 parent_read_id=ec64bf60-f318-49af-a13e-da5db6c0bfa6 basecall_model_version_id=dna_r10.4.1_e8.2_400bps_hac@v4.3.0
0	a16677cc-2309-4d34-98c5-53dc76582201 runid=0dfb5b492dc86ce99bf7c61c734eb364afcdb5c8 ch=67 start_time=2025-09-25T23:45:13.398161+00:00 flow_cell_id=AWX817 basecall_gpu=NVIDIA_Tegra_X2 protocol_group_id=ONT_trialEb_250925 sample_id=ONT_trail_250925 barcode=barcode24 barcode_alias=barcode24 parent_read_id=a16677cc-2309-4d34-98c5-53dc76582201 basecall_model_version_id=dna_r10.4.1_e8.2_400bps_hac@v4.3.0
0	02314314-a3a8-4d5e-b88f-57f0a0a05751 runid=0dfb5b492dc86ce99bf7c61c734eb364afcdb5c8 ch=85 start_time=2025-09-26T03:39:12.398161+00:00 flow_cell_id=AWX817 basecall_gpu=NVIDIA_Tegra_X2 protocol_group_id=ONT_trialEb_250925 sample_id=ONT_trail_250925 barcode=barcode22 barcode_alias=barcode22 parent_read_id=02314314-a3a8-4d5e-b88f-57f0a0a05751 basecall_model_version_id=dna_r10.4.1_e8.2_400bps_hac@v4.3.0
0	ba527cdf-0d5a-4909-b71c-3a5733b70e09 runid=0dfb5b492dc86ce99bf7c61c734eb364afcdb5c8 ch=106 start_time=2025-09-25T19:44:27.398161+00:00 flow_cell_id=AWX817 basecall_gpu=NVIDIA_Tegra_X2 protocol_group_id=ONT_trialEb_250925 sample_id=ONT_trail_250925 barcode=barcode22 barcode_alias=barcode22 parent_read_id=ba527cdf-0d5a-4909-b71c-3a5733b70e09 basecall_model_version_id=dna_r10.4.1_e8.2_400bps_hac@v4.3.0 rc
0	5b0da93b-79c9-43b0-956d-f7b0107d0a0c runid=0dfb5b492dc86ce99bf7c61c734eb364afcdb5c8 ch=41 start_time=2025-09-25T18:40:45.398161+00:00 flow_cell_id=AWX817 basecall_gpu=NVIDIA_Tegra_X2 protocol_group_id=ONT_trialEb_250925 sample_id=ONT_trail_250925 barcode=barcode23 barcode_alias=barcode23 parent_read_id=5b0da93b-79c9-43b0-956d-f7b0107d0a0c basecall_model_version_id=dna_r10.4.1_e8.2_400bps_hac@v4.3.0
0	64d86636-7325-40a4-a6b2-31aa68ccaf87 runid=0dfb5b492dc86ce99bf7c61c734eb364afcdb5c8 ch=67 start_time=2025-09-26T00:16:21.398161+00:00 flow_cell_id=AWX817 basecall_gpu=NVIDIA_Tegra_X2 protocol_group_id=ONT_trialEb_250925 sample_id=ONT_trail_250925 barcode=barcode23 barcode_alias=barcode23 parent_read_id=64d86636-7325-40a4-a6b2-31aa68ccaf87 basecall_model_version_id=dna_r10.4.1_e8.2_400bps_hac@v4.3.0
0	e296e0b5-7f90-4991-8a1c-943db46d0353 runid=0dfb5b492dc86ce99bf7c61c734eb364afcdb5c8 ch=79 start_time=2025-09-25T15:55:42.398161+00:00 flow_cell_id=AWX817 basecall_gpu=NVIDIA_Tegra_X2 protocol_group_id=ONT_trialEb_250925 sample_id=ONT_trail_250925 barcode=barcode22 barcode_alias=barcode22 parent_read_id=e296e0b5-7f90-4991-8a1c-943db46d0353 basecall_model_version_id=dna_r10.4.1_e8.2_400bps_hac@v4.3.0 rc
0	14737c0e-b460-4c76-8d8d-49f9b56aca46 runid=0dfb5b492dc86ce99bf7c61c734eb364afcdb5c8 ch=85 start_time=2025-09-26T01:28:47.398161+00:00 flow_cell_id=AWX817 basecall_gpu=NVIDIA_Tegra_X2 protocol_group_id=ONT_trialEb_250925 sample_id=ONT_trail_250925 barcode=barcode22 barcode_alias=barcode22 parent_read_id=14737c0e-b460-4c76-8d8d-49f9b56aca46 basecall_model_version_id=dna_r10.4.1_e8.2_400bps_hac@v4.3.0
0	2317895b-123e-4957-89ce-9c6d31431ba3 runid=0dfb5b492dc86ce99bf7c61c734eb364afcdb5c8 ch=20 start_time=2025-09-26T05:29:38.398161+00:00 flow_cell_id=AWX817 basecall_gpu=NVIDIA_Tegra_X2 protocol_group_id=ONT_trialEb_250925 sample_id=ONT_trail_250925 barcode=barcode22 barcode_alias=barcode22 parent_read_id=2317895b-123e-4957-89ce-9c6d31431ba3 basecall_model_version_id=dna_r10.4.1_e8.2_400bps_hac@v4.3.0
0	3d629ca9-0693-43f5-adef-c4f0b7e2d8f5 runid=0dfb5b492dc86ce99bf7c61c734eb364afcdb5c8 ch=55 start_time=2025-09-25T16:25:58.398161+00:00 flow_cell_id=AWX817 basecall_gpu=NVIDIA_Tegra_X2 protocol_group_id=ONT_trialEb_250925 sample_id=ONT_trail_250925 barcode=barcode22 barcode_alias=barcode22 parent_read_id=3d629ca9-0693-43f5-adef-c4f0b7e2d8f5 basecall_model_version_id=dna_r10.4.1_e8.2_400bps_hac@v4.3.0
0	f67e587f-3d1e-4513-8fea-30608ec25cae runid=0dfb5b492dc86ce99bf7c61c734eb364afcdb5c8 ch=92 start_time=2025-09-25T20:22:27.398161+00:00 flow_cell_id=AWX817 basecall_gpu=NVIDIA_Tegra_X2 protocol_group_id=ONT_trialEb_250925 sample_id=ONT_trail_250925 barcode=barcode23 barcode_alias=barcode23 parent_read_id=f67e587f-3d1e-4513-8fea-30608ec25cae basecall_model_version_id=dna_r10.4.1_e8.2_400bps_hac@v4.3.0
0	200d6e39-371c-4dd3-8aa1-f043a843703f runid=0dfb5b492dc86ce99bf7c61c734eb364afcdb5c8 ch=90 start_time=2025-09-25T18:38:06.398161+00:00 flow_cell_id=AWX817 basecall_gpu=NVIDIA_Tegra_X2 protocol_group_id=ONT_trialEb_250925 sample_id=ONT_trail_250925 barcode=barcode22 barcode_alias=barcode22 parent_read_id=200d6e39-371c-4dd3-8aa1-f043a843703f basecall_model_version_id=dna_r10.4.1_e8.2_400bps_hac@v4.3.0
0	cfb12e28-e96c-4ea5-b239-70d9b37e6668 runid=0dfb5b492dc86ce99bf7c61c734eb364afcdb5c8 ch=92 start_time=2025-09-26T00:15:46.398161+00:00 flow_cell_id=AWX817 basecall_gpu=NVIDIA_Tegra_X2 protocol_group_id=ONT_trialEb_250925 sample_id=ONT_trail_250925 barcode=barcode22 barcode_alias=barcode22 parent_read_id=cfb12e28-e96c-4ea5-b239-70d9b37e6668 basecall_model_version_id=dna_r10.4.1_e8.2_400bps_hac@v4.3.0
0	608a09ea-20d8-41b5-8be6-d09c18f86fda runid=0dfb5b492dc86ce99bf7c61c734eb364afcdb5c8 ch=67 start_time=2025-09-26T04:05:33.398161+00:00 flow_cell_id=AWX817 basecall_gpu=NVIDIA_Tegra_X2 protocol_group_id=ONT_trialEb_250925 sample_id=ONT_trail_250925 barcode=barcode22 barcode_alias=barcode22 parent_read_id=608a09ea-20d8-41b5-8be6-d09c18f86fda basecall_model_version_id=dna_r10.4.1_e8.2_400bps_hac@v4.3.0 rc
0	14e0bb7e-5272-4a9f-bd75-9721d1d4d57f runid=0dfb5b492dc86ce99bf7c61c734eb364afcdb5c8 ch=85 start_time=2025-09-25T20:40:45.398161+00:00 flow_cell_id=AWX817 basecall_gpu=NVIDIA_Tegra_X2 protocol_group_id=ONT_trialEb_250925 sample_id=ONT_trail_250925 barcode=barcode24 barcode_alias=barcode24 parent_read_id=14e0bb7e-5272-4a9f-bd75-9721d1d4d57f basecall_model_version_id=dna_r10.4.1_e8.2_400bps_hac@v4.3.0
0	ddd0a8b5-9888-4377-919b-749c25cf8687 runid=0dfb5b492dc86ce99bf7c61c734eb364afcdb5c8 ch=39 start_time=2025-09-26T12:14:07.398161+00:00 flow_cell_id=AWX817 basecall_gpu=NVIDIA_Tegra_X2 protocol_group_id=ONT_trialEb_250925 sample_id=ONT_trail_250925 barcode=barcode23 barcode_alias=barcode23 parent_read_id=ddd0a8b5-9888-4377-919b-749c25cf8687 basecall_model_version_id=dna_r10.4.1_e8.2_400bps_hac@v4.3.0
0	8285b8a7-c0bc-49f6-a19d-acf31230f1e3 runid=0dfb5b492dc86ce99bf7c61c734eb364afcdb5c8 ch=85 start_time=2025-09-25T16:01:29.398161+00:00 flow_cell_id=AWX817 basecall_gpu=NVIDIA_Tegra_X2 protocol_group_id=ONT_trialEb_250925 sample_id=ONT_trail_250925 barcode=barcode24 barcode_alias=barcode24 parent_read_id=8285b8a7-c0bc-49f6-a19d-acf31230f1e3 basecall_model_version_id=dna_r10.4.1_e8.2_400bps_hac@v4.3.0
0	a0420f1c-b187-4ce0-8a9b-d5250c689257 runid=0dfb5b492dc86ce99bf7c61c734eb364afcdb5c8 ch=49 start_time=2025-09-26T10:38:02.398161+00:00 flow_cell_id=AWX817 basecall_gpu=NVIDIA_Tegra_X2 protocol_group_id=ONT_trialEb_250925 sample_id=ONT_trail_250925 barcode=barcode23 barcode_alias=barcode23 parent_read_id=a0420f1c-b187-4ce0-8a9b-d5250c689257 basecall_model_version_id=dna_r10.4.1_e8.2_400bps_hac@v4.3.0
0	5aa7b3d1-0d9d-4d0f-9ff7-fb4a1edbdeea runid=0dfb5b492dc86ce99bf7c61c734eb364afcdb5c8 ch=55 start_time=2025-09-25T17:29:32.398161+00:00 flow_cell_id=AWX817 basecall_gpu=NVIDIA_Tegra_X2 protocol_group_id=ONT_trialEb_250925 sample_id=ONT_trail_250925 barcode=barcode22 barcode_alias=barcode22 parent_read_id=597434da-2650-4c61-b4e3-9c201dc8a105 basecall_model_version_id=dna_r10.4.1_e8.2_400bps_hac@v4.3.0
0	30c67736-5804-4ba8-b1d5-41a07682e329 runid=0dfb5b492dc86ce99bf7c61c734eb364afcdb5c8 ch=90 start_time=2025-09-25T18:48:00.398161+00:00 flow_cell_id=AWX817 basecall_gpu=NVIDIA_Tegra_X2 protocol_group_id=ONT_trialEb_250925 sample_id=ONT_trail_250925 barcode=barcode23 barcode_alias=barcode23 parent_read_id=30c67736-5804-4ba8-b1d5-41a07682e329 basecall_model_version_id=dna_r10.4.1_e8.2_400bps_hac@v4.3.0 rc
0	c300b44c-aa37-47a0-9ae2-625faa96837d runid=0dfb5b492dc86ce99bf7c61c734eb364afcdb5c8 ch=118 start_time=2025-09-26T12:21:10.398161+00:00 flow_cell_id=AWX817 basecall_gpu=NVIDIA_Tegra_X2 protocol_group_id=ONT_trialEb_250925 sample_id=ONT_trail_250925 barcode=barcode22 barcode_alias=barcode22 parent_read_id=c300b44c-aa37-47a0-9ae2-625faa96837d basecall_model_version_id=dna_r10.4.1_e8.2_400bps_hac@v4.3.0
0	a77d9639-0b89-498f-811a-db2a5bd36996 runid=0dfb5b492dc86ce99bf7c61c734eb364afcdb5c8 ch=92 start_time=2025-09-25T21:53:16.398161+00:00 flow_cell_id=AWX817 basecall_gpu=NVIDIA_Tegra_X2 protocol_group_id=ONT_trialEb_250925 sample_id=ONT_trail_250925 barcode=barcode22 barcode_alias=barcode22 parent_read_id=a77d9639-0b89-498f-811a-db2a5bd36996 basecall_model_version_id=dna_r10.4.1_e8.2_400bps_hac@v4.3.0 rc
0	a77d9639-0b89-498f-811a-db2a5bd36996 runid=0dfb5b492dc86ce99bf7c61c734eb364afcdb5c8 ch=92 start_time=2025-09-25T21:53:16.398161+00:00 flow_cell_id=AWX817 basecall_gpu=NVIDIA_Tegra_X2 protocol_group_id=ONT_trialEb_250925 sample_id=ONT_trail_250925 barcode=barcode22 barcode_alias=barcode22 parent_read_id=a77d9639-0b89-498f-811a-db2a5bd36996 basecall_model_version_id=dna_r10.4.1_e8.2_400bps_hac@v4.3.0 rc
0	3d5fdf37-0fd6-4a8e-ab44-fd635e92dc9f runid=0dfb5b492dc86ce99bf7c61c734eb364afcdb5c8 ch=85 start_time=2025-09-26T06:09:19.398161+00:00 flow_cell_id=AWX817 basecall_gpu=NVIDIA_Tegra_X2 protocol_group_id=ONT_trialEb_250925 sample_id=ONT_trail_250925 barcode=barcode22 barcode_alias=barcode22 parent_read_id=3d5fdf37-0fd6-4a8e-ab44-fd635e92dc9f basecall_model_version_id=dna_r10.4.1_e8.2_400bps_hac@v4.3.0
0	88bed1a1-0db8-40f8-9009-bb406485e38e runid=0dfb5b492dc86ce99bf7c61c734eb364afcdb5c8 ch=6 start_time=2025-09-25T16:15:48.398161+00:00 flow_cell_id=AWX817 basecall_gpu=NVIDIA_Tegra_X2 protocol_group_id=ONT_trialEb_250925 sample_id=ONT_trail_250925 barcode=barcode22 barcode_alias=barcode22 parent_read_id=88bed1a1-0db8-40f8-9009-bb406485e38e basecall_model_version_id=dna_r10.4.1_e8.2_400bps_hac@v4.3.0
0	88bed1a1-0db8-40f8-9009-bb406485e38e runid=0dfb5b492dc86ce99bf7c61c734eb364afcdb5c8 ch=6 start_time=2025-09-25T16:15:48.398161+00:00 flow_cell_id=AWX817 basecall_gpu=NVIDIA_Tegra_X2 protocol_group_id=ONT_trialEb_250925 sample_id=ONT_trail_250925 barcode=barcode22 barcode_alias=barcode22 parent_read_id=88bed1a1-0db8-40f8-9009-bb406485e38e basecall_model_version_id=dna_r10.4.1_e8.2_400bps_hac@v4.3.0
1	215564a6-4ef8-4de1-9d28-f46b4b2bdc89 runid=0dfb5b492dc86ce99bf7c61c734eb364afcdb5c8 ch=4 start_time=2025-09-25T22:05:01.398161+00:00 flow_cell_id=AWX817 basecall_gpu=NVIDIA_Tegra_X2 protocol_group_id=ONT_trialEb_250925 sample_id=ONT_trail_250925 barcode=barcode22 barcode_alias=barcode22 parent_read_id=215564a6-4ef8-4de1-9d28-f46b4b2bdc89 basecall_model_version_id=dna_r10.4.1_e8.2_400bps_hac@v4.3.0
2	fdbd3c12-033c-46c6-a3be-a95b304b70ac runid=0dfb5b492dc86ce99bf7c61c734eb364afcdb5c8 ch=10 start_time=2025-09-26T03:31:07.398161+00:00 flow_cell_id=AWX817 basecall_gpu=NVIDIA_Tegra_X2 protocol_group_id=ONT_trialEb_250925 sample_id=ONT_trail_250925 barcode=barcode22 barcode_alias=barcode22 parent_read_id=fdbd3c12-033c-46c6-a3be-a95b304b70ac basecall_model_version_id=dna_r10.4.1_e8.2_400bps_hac@v4.3.0 rc
