3008	cd8f8c28-e978-4bcf-beb1-9683b9da404f	qs:f:36.8213	ch:i:283	st:Z:2026-07-16T00:26:12.932000+00:00	RG:Z:a40d6b40-d3ad-4fe7-8245-9c92f794f831_dna_r10.4.1_e8.2_400bps_sup@v5.2.0	DS:Z:gpu:NVIDIA GeForce RTX 4070 SUPER	PU:Z:FBG39641	DT:Z:2026-07-15T14:17:26.508000+00:00	tm:Z:adapter,primer
3008	ebda0b44-6ab1-4154-b78a-c6304e5cabf6	qs:f:16.0837	ch:i:360	st:Z:2026-07-15T16:43:43.064000+00:00	RG:Z:a40d6b40-d3ad-4fe7-8245-9c92f794f831_dna_r10.4.1_e8.2_400bps_sup@v5.2.0	DS:Z:gpu:NVIDIA GeForce RTX 4070 SUPER	PU:Z:FBG39641	DT:Z:2026-07-15T14:17:26.508000+00:00	tm:Z:adapter,primer
3008	2be03d88-e566-4bce-ad74-4f32401d9570	qs:f:26.256	ch:i:145	st:Z:2026-07-16T02:12:03.766000+00:00	RG:Z:a40d6b40-d3ad-4fe7-8245-9c92f794f831_dna_r10.4.1_e8.2_400bps_sup@v5.2.0	DS:Z:gpu:NVIDIA GeForce RTX 4070 SUPER	PU:Z:FBG39641	DT:Z:2026-07-15T14:17:26.508000+00:00	tm:Z:none
3008	c192ca84-bee4-43b7-9e75-37b0aeb46780	qs:f:29.9407	ch:i:178	st:Z:2026-07-15T21:52:37.011000+00:00	RG:Z:a40d6b40-d3ad-4fe7-8245-9c92f794f831_dna_r10.4.1_e8.2_400bps_sup@v5.2.0	DS:Z:gpu:NVIDIA GeForce RTX 4070 SUPER	PU:Z:FBG39641	DT:Z:2026-07-15T14:17:26.508000+00:00	tm:Z:adapter,primer
3008	65f526f4-c2f5-46d6-b075-74340a002f04	qs:f:12.5778	ch:i:71	st:Z:2026-07-15T17:14:02.835000+00:00	RG:Z:a40d6b40-d3ad-4fe7-8245-9c92f794f831_dna_r10.4.1_e8.2_400bps_sup@v5.2.0	DS:Z:gpu:NVIDIA GeForce RTX 4070 SUPER	PU:Z:FBG39641	DT:Z:2026-07-15T14:17:26.508000+00:00	tm:Z:none rc
3008	4cbee21c-9de5-42ac-8b4f-8b11fc0ca442	qs:f:30.0632	ch:i:330	st:Z:2026-07-15T17:29:37.901000+00:00	RG:Z:a40d6b40-d3ad-4fe7-8245-9c92f794f831_dna_r10.4.1_e8.2_400bps_sup@v5.2.0	DS:Z:gpu:NVIDIA GeForce RTX 4070 SUPER	PU:Z:FBG39641	DT:Z:2026-07-15T14:17:26.508000+00:00	tm:Z:adapter,primer
3008	18d01d03-fc1a-4c0c-ae64-0907dc12f282	qs:f:24.2841	ch:i:154	st:Z:2026-07-15T17:47:05.116000+00:00	RG:Z:a40d6b40-d3ad-4fe7-8245-9c92f794f831_dna_r10.4.1_e8.2_400bps_sup@v5.2.0	DS:Z:gpu:NVIDIA GeForce RTX 4070 SUPER	PU:Z:FBG39641	DT:Z:2026-07-15T14:17:26.508000+00:00	tm:Z:adapter,primer rc
3008	c8994fb0-bcec-4154-8583-ab4210248916	qs:f:25.4386	ch:i:326	st:Z:2026-07-15T18:07:42.902000+00:00	RG:Z:a40d6b40-d3ad-4fe7-8245-9c92f794f831_dna_r10.4.1_e8.2_400bps_sup@v5.2.0	DS:Z:gpu:NVIDIA GeForce RTX 4070 SUPER	PU:Z:FBG39641	DT:Z:2026-07-15T14:17:26.508000+00:00	tm:Z:none rc
3008	57b03d62-4f4e-42ad-8029-7985f56be822	qs:f:28.6429	ch:i:355	st:Z:2026-07-15T15:31:15.482000+00:00	RG:Z:a40d6b40-d3ad-4fe7-8245-9c92f794f831_dna_r10.4.1_e8.2_400bps_sup@v5.2.0	DS:Z:gpu:NVIDIA GeForce RTX 4070 SUPER	PU:Z:FBG39641	DT:Z:2026-07-15T14:17:26.508000+00:00	tm:Z:adapter,primer rc
3008	0d437959-d773-4cea-8a27-60bad1a360dc	qs:f:23.2698	ch:i:377	st:Z:2026-07-15T14:48:27.885000+00:00	RG:Z:a40d6b40-d3ad-4fe7-8245-9c92f794f831_dna_r10.4.1_e8.2_400bps_sup@v5.2.0	DS:Z:gpu:NVIDIA GeForce RTX 4070 SUPER	PU:Z:FBG39641	DT:Z:2026-07-15T14:17:26.508000+00:00	tm:Z:adapter,primer rc
3008	2e5bcb9a-b042-4818-931a-43b2befe9bcd	qs:f:25.7684	ch:i:45	st:Z:2026-07-15T22:49:59.643000+00:00	RG:Z:a40d6b40-d3ad-4fe7-8245-9c92f794f831_dna_r10.4.1_e8.2_400bps_sup@v5.2.0	DS:Z:gpu:NVIDIA GeForce RTX 4070 SUPER	PU:Z:FBG39641	DT:Z:2026-07-15T14:17:26.508000+00:00	tm:Z:adapter,primer
3008	4c881c22-4a3d-40aa-b287-8bf24ee09e30	qs:f:32.0189	ch:i:463	st:Z:2026-07-15T20:31:51.329000+00:00	RG:Z:a40d6b40-d3ad-4fe7-8245-9c92f794f831_dna_r10.4.1_e8.2_400bps_sup@v5.2.0	DS:Z:gpu:NVIDIA GeForce RTX 4070 SUPER	PU:Z:FBG39641	DT:Z:2026-07-15T14:17:26.508000+00:00	tm:Z:none
3008	03942f3c-11d9-4762-9d70-b18700d9c510	qs:f:21.9535	ch:i:455	st:Z:2026-07-15T19:25:30.481000+00:00	RG:Z:a40d6b40-d3ad-4fe7-8245-9c92f794f831_dna_r10.4.1_e8.2_400bps_sup@v5.2.0	DS:Z:gpu:NVIDIA GeForce RTX 4070 SUPER	PU:Z:FBG39641	DT:Z:2026-07-15T14:17:26.508000+00:00	tm:Z:none
3008	9429ff87-caab-445e-879b-5b2d616db904	qs:f:22.4514	ch:i:452	st:Z:2026-07-15T19:54:20.600000+00:00	RG:Z:a40d6b40-d3ad-4fe7-8245-9c92f794f831_dna_r10.4.1_e8.2_400bps_sup@v5.2.0	DS:Z:gpu:NVIDIA GeForce RTX 4070 SUPER	PU:Z:FBG39641	DT:Z:2026-07-15T14:17:26.508000+00:00	tm:Z:adapter,primer
3008	454eb4a6-29b7-4e0a-9142-b0244ec7c0de	qs:f:23.9937	ch:i:284	st:Z:2026-07-15T19:33:33.594000+00:00	RG:Z:a40d6b40-d3ad-4fe7-8245-9c92f794f831_dna_r10.4.1_e8.2_400bps_sup@v5.2.0	DS:Z:gpu:NVIDIA GeForce RTX 4070 SUPER	PU:Z:FBG39641	DT:Z:2026-07-15T14:17:26.508000+00:00	tm:Z:none rc
3008	601c1214-ec4c-41d4-ad69-65d435dd498e	qs:f:18.3675	ch:i:31	st:Z:2026-07-16T01:13:24.580000+00:00	RG:Z:a40d6b40-d3ad-4fe7-8245-9c92f794f831_dna_r10.4.1_e8.2_400bps_sup@v5.2.0	DS:Z:gpu:NVIDIA GeForce RTX 4070 SUPER	PU:Z:FBG39641	DT:Z:2026-07-15T14:17:26.508000+00:00	tm:Z:none rc
3008	a998aa34-98fd-405d-b261-b3e5c2d45d4f	qs:f:24.1613	ch:i:148	st:Z:2026-07-15T16:16:38.434000+00:00	RG:Z:a40d6b40-d3ad-4fe7-8245-9c92f794f831_dna_r10.4.1_e8.2_400bps_sup@v5.2.0	DS:Z:gpu:NVIDIA GeForce RTX 4070 SUPER	PU:Z:FBG39641	DT:Z:2026-07-15T14:17:26.508000+00:00	tm:Z:adapter,primer
3008	5f9711ec-84c6-4d76-b7b9-896259460af6	qs:f:24.1419	ch:i:364	st:Z:2026-07-15T22:56:37.815000+00:00	RG:Z:a40d6b40-d3ad-4fe7-8245-9c92f794f831_dna_r10.4.1_e8.2_400bps_sup@v5.2.0	DS:Z:gpu:NVIDIA GeForce RTX 4070 SUPER	PU:Z:FBG39641	DT:Z:2026-07-15T14:17:26.508000+00:00	tm:Z:adapter,primer
3008	f1a291bc-d513-4f85-9144-7d5ea727f084	qs:f:20.3435	ch:i:335	st:Z:2026-07-15T21:35:26.143000+00:00	RG:Z:a40d6b40-d3ad-4fe7-8245-9c92f794f831_dna_r10.4.1_e8.2_400bps_sup@v5.2.0	DS:Z:gpu:NVIDIA GeForce RTX 4070 SUPER	PU:Z:FBG39641	DT:Z:2026-07-15T14:17:26.508000+00:00	tm:Z:none
3008	3f4bb32a-175e-48aa-8c2b-bb17582c26b7	qs:f:26.0522	ch:i:222	st:Z:2026-07-15T17:06:19.957000+00:00	RG:Z:a40d6b40-d3ad-4fe7-8245-9c92f794f831_dna_r10.4.1_e8.2_400bps_sup@v5.2.0	DS:Z:gpu:NVIDIA GeForce RTX 4070 SUPER	PU:Z:FBG39641	DT:Z:2026-07-15T14:17:26.508000+00:00	tm:Z:adapter,primer
3008	c0ebb9a9-3108-4511-a369-ebef04698a98	qs:f:17.5438	ch:i:308	st:Z:2026-07-15T17:17:26.440000+00:00	RG:Z:a40d6b40-d3ad-4fe7-8245-9c92f794f831_dna_r10.4.1_e8.2_400bps_sup@v5.2.0	DS:Z:gpu:NVIDIA GeForce RTX 4070 SUPER	PU:Z:FBG39641	DT:Z:2026-07-15T14:17:26.508000+00:00	tm:Z:adapter,primer
3008	43e992f0-e446-4238-9546-ed329006b513	qs:f:20.9017	ch:i:33	st:Z:2026-07-16T02:07:03.490000+00:00	RG:Z:a40d6b40-d3ad-4fe7-8245-9c92f794f831_dna_r10.4.1_e8.2_400bps_sup@v5.2.0	DS:Z:gpu:NVIDIA GeForce RTX 4070 SUPER	PU:Z:FBG39641	DT:Z:2026-07-15T14:17:26.508000+00:00	tm:Z:adapter,primer
3008	cf8a71ff-c392-45d9-bc17-c4ac064ecfad	qs:f:14.2585	ch:i:155	st:Z:2026-07-15T18:41:40.762000+00:00	RG:Z:a40d6b40-d3ad-4fe7-8245-9c92f794f831_dna_r10.4.1_e8.2_400bps_sup@v5.2.0	DS:Z:gpu:NVIDIA GeForce RTX 4070 SUPER	PU:Z:FBG39641	DT:Z:2026-07-15T14:17:26.508000+00:00	tm:Z:none rc
3008	e6e08059-b462-436d-af27-9a6ca36528df	qs:f:20.3531	ch:i:197	st:Z:2026-07-15T17:30:26.139000+00:00	RG:Z:a40d6b40-d3ad-4fe7-8245-9c92f794f831_dna_r10.4.1_e8.2_400bps_sup@v5.2.0	DS:Z:gpu:NVIDIA GeForce RTX 4070 SUPER	PU:Z:FBG39641	DT:Z:2026-07-15T14:17:26.508000+00:00	tm:Z:adapter,primer rc
3008	7a952d9e-9eab-4a7d-aa28-8002285b10f7	qs:f:29.3912	ch:i:302	st:Z:2026-07-15T17:06:08.897000+00:00	RG:Z:a40d6b40-d3ad-4fe7-8245-9c92f794f831_dna_r10.4.1_e8.2_400bps_sup@v5.2.0	DS:Z:gpu:NVIDIA GeForce RTX 4070 SUPER	PU:Z:FBG39641	DT:Z:2026-07-15T14:17:26.508000+00:00	tm:Z:none rc
3008	5ef94009-eb91-4e99-8a8d-1510107fc46e	qs:f:19.6562	ch:i:471	st:Z:2026-07-15T16:35:40.789000+00:00	RG:Z:a40d6b40-d3ad-4fe7-8245-9c92f794f831_dna_r10.4.1_e8.2_400bps_sup@v5.2.0	DS:Z:gpu:NVIDIA GeForce RTX 4070 SUPER	PU:Z:FBG39641	DT:Z:2026-07-15T14:17:26.508000+00:00	tm:Z:adapter,primer
3008	6fe8c808-a720-474f-89e5-de0c306dcc3f	qs:f:21.5668	ch:i:318	st:Z:2026-07-15T15:06:55.255000+00:00	RG:Z:a40d6b40-d3ad-4fe7-8245-9c92f794f831_dna_r10.4.1_e8.2_400bps_sup@v5.2.0	DS:Z:gpu:NVIDIA GeForce RTX 4070 SUPER	PU:Z:FBG39641	DT:Z:2026-07-15T14:17:26.508000+00:00	tm:Z:adapter,primer rc
3008	46abd269-d4ed-4d8e-925a-c560ab48167b	qs:f:20.972	ch:i:289	st:Z:2026-07-15T17:43:30.360000+00:00	RG:Z:a40d6b40-d3ad-4fe7-8245-9c92f794f831_dna_r10.4.1_e8.2_400bps_sup@v5.2.0	DS:Z:gpu:NVIDIA GeForce RTX 4070 SUPER	PU:Z:FBG39641	DT:Z:2026-07-15T14:17:26.508000+00:00	tm:Z:adapter,primer rc
3008	8c789441-0d83-46c1-9c09-c834d179b349	qs:f:15.482	ch:i:459	st:Z:2026-07-15T19:49:32.367000+00:00	RG:Z:a40d6b40-d3ad-4fe7-8245-9c92f794f831_dna_r10.4.1_e8.2_400bps_sup@v5.2.0	DS:Z:gpu:NVIDIA GeForce RTX 4070 SUPER	PU:Z:FBG39641	DT:Z:2026-07-15T14:17:26.508000+00:00	tm:Z:adapter,primer rc
3008	77b9bc57-513f-47e7-a4f2-1e6ad06099f4	qs:f:22.0891	ch:i:443	st:Z:2026-07-15T21:50:40.160000+00:00	RG:Z:a40d6b40-d3ad-4fe7-8245-9c92f794f831_dna_r10.4.1_e8.2_400bps_sup@v5.2.0	DS:Z:gpu:NVIDIA GeForce RTX 4070 SUPER	PU:Z:FBG39641	DT:Z:2026-07-15T14:17:26.508000+00:00	tm:Z:adapter,primer rc
3008	2ea6a25d-6f4d-4b97-b7f0-cb09eac71017	qs:f:17.068	ch:i:267	st:Z:2026-07-15T20:39:05.381000+00:00	RG:Z:a40d6b40-d3ad-4fe7-8245-9c92f794f831_dna_r10.4.1_e8.2_400bps_sup@v5.2.0	DS:Z:gpu:NVIDIA GeForce RTX 4070 SUPER	PU:Z:FBG39641	DT:Z:2026-07-15T14:17:26.508000+00:00	tm:Z:adapter,primer rc
3008	0352f0ab-4336-4f1d-aa82-589f098b8743	qs:f:26.2253	ch:i:353	st:Z:2026-07-15T15:09:10.004000+00:00	RG:Z:a40d6b40-d3ad-4fe7-8245-9c92f794f831_dna_r10.4.1_e8.2_400bps_sup@v5.2.0	DS:Z:gpu:NVIDIA GeForce RTX 4070 SUPER	PU:Z:FBG39641	DT:Z:2026-07-15T14:17:26.508000+00:00	tm:Z:adapter,primer
3008	0b8aafd9-bff9-458c-b3b4-d8c06aa5fb49	qs:f:23.1269	ch:i:172	st:Z:2026-07-15T19:37:20.153000+00:00	RG:Z:a40d6b40-d3ad-4fe7-8245-9c92f794f831_dna_r10.4.1_e8.2_400bps_sup@v5.2.0	DS:Z:gpu:NVIDIA GeForce RTX 4070 SUPER	PU:Z:FBG39641	DT:Z:2026-07-15T14:17:26.508000+00:00	tm:Z:adapter,primer rc
3008	c6da4edd-466d-4b45-bbca-0b884a802915	qs:f:17.1222	ch:i:94	st:Z:2026-07-15T23:35:38.062000+00:00	RG:Z:a40d6b40-d3ad-4fe7-8245-9c92f794f831_dna_r10.4.1_e8.2_400bps_sup@v5.2.0	DS:Z:gpu:NVIDIA GeForce RTX 4070 SUPER	PU:Z:FBG39641	DT:Z:2026-07-15T14:17:26.508000+00:00	tm:Z:adapter,primer rc
3008	aec0c2c1-61d2-4409-ab4e-dea354a92087	qs:f:15.3162	ch:i:322	st:Z:2026-07-15T15:46:27.432000+00:00	RG:Z:a40d6b40-d3ad-4fe7-8245-9c92f794f831_dna_r10.4.1_e8.2_400bps_sup@v5.2.0	DS:Z:gpu:NVIDIA GeForce RTX 4070 SUPER	PU:Z:FBG39641	DT:Z:2026-07-15T14:17:26.508000+00:00	tm:Z:adapter,primer
3008	24af55f0-da6c-4893-86f6-9d270518f7c4	qs:f:19.3912	ch:i:388	st:Z:2026-07-15T15:15:06.813000+00:00	RG:Z:a40d6b40-d3ad-4fe7-8245-9c92f794f831_dna_r10.4.1_e8.2_400bps_sup@v5.2.0	DS:Z:gpu:NVIDIA GeForce RTX 4070 SUPER	PU:Z:FBG39641	DT:Z:2026-07-15T14:17:26.508000+00:00	tm:Z:adapter,primer
3008	8172c779-b978-4da1-bd58-35afc50b402a	qs:f:18.5351	ch:i:130	st:Z:2026-07-15T15:10:54.616000+00:00	RG:Z:a40d6b40-d3ad-4fe7-8245-9c92f794f831_dna_r10.4.1_e8.2_400bps_sup@v5.2.0	DS:Z:gpu:NVIDIA GeForce RTX 4070 SUPER	PU:Z:FBG39641	DT:Z:2026-07-15T14:17:26.508000+00:00	tm:Z:adapter,primer
3008	8ebd8007-6298-4821-a47c-5f751861677c	qs:f:20.4385	ch:i:31	st:Z:2026-07-15T16:44:48.219000+00:00	RG:Z:a40d6b40-d3ad-4fe7-8245-9c92f794f831_dna_r10.4.1_e8.2_400bps_sup@v5.2.0	DS:Z:gpu:NVIDIA GeForce RTX 4070 SUPER	PU:Z:FBG39641	DT:Z:2026-07-15T14:17:26.508000+00:00	tm:Z:none
3008	bb073abe-bd0c-43a5-920f-3c1bf6ac7b55	qs:f:20.8019	ch:i:184	st:Z:2026-07-15T23:44:38.869000+00:00	RG:Z:a40d6b40-d3ad-4fe7-8245-9c92f794f831_dna_r10.4.1_e8.2_400bps_sup@v5.2.0	DS:Z:gpu:NVIDIA GeForce RTX 4070 SUPER	PU:Z:FBG39641	DT:Z:2026-07-15T14:17:26.508000+00:00	tm:Z:none rc
3008	5ab1f5c3-a147-4e49-8bef-0e66c48989ed	qs:f:18.6789	ch:i:140	st:Z:2026-07-15T22:54:17.949000+00:00	RG:Z:a40d6b40-d3ad-4fe7-8245-9c92f794f831_dna_r10.4.1_e8.2_400bps_sup@v5.2.0	DS:Z:gpu:NVIDIA GeForce RTX 4070 SUPER	PU:Z:FBG39641	DT:Z:2026-07-15T14:17:26.508000+00:00	tm:Z:none rc
3008	43eaf274-bf87-4196-9a7a-2e3ae224f208	qs:f:22.2331	ch:i:87	st:Z:2026-07-15T18:50:24.123000+00:00	RG:Z:a40d6b40-d3ad-4fe7-8245-9c92f794f831_dna_r10.4.1_e8.2_400bps_sup@v5.2.0	DS:Z:gpu:NVIDIA GeForce RTX 4070 SUPER	PU:Z:FBG39641	DT:Z:2026-07-15T14:17:26.508000+00:00	tm:Z:none rc
3008	cb746c5d-184d-411c-9665-a2e592385ad7	qs:f:16.5796	ch:i:390	st:Z:2026-07-15T15:11:21.540000+00:00	RG:Z:a40d6b40-d3ad-4fe7-8245-9c92f794f831_dna_r10.4.1_e8.2_400bps_sup@v5.2.0	DS:Z:gpu:NVIDIA GeForce RTX 4070 SUPER	PU:Z:FBG39641	DT:Z:2026-07-15T14:17:26.508000+00:00	tm:Z:none rc
3008	a2075564-32be-46b7-8afe-09254ec221d3	qs:f:20.6386	ch:i:72	st:Z:2026-07-15T15:37:00.004000+00:00	RG:Z:a40d6b40-d3ad-4fe7-8245-9c92f794f831_dna_r10.4.1_e8.2_400bps_sup@v5.2.0	DS:Z:gpu:NVIDIA GeForce RTX 4070 SUPER	PU:Z:FBG39641	DT:Z:2026-07-15T14:17:26.508000+00:00	tm:Z:none
3008	553094cf-abc0-4648-8de3-3991e714cbd1	qs:f:11.3508	ch:i:21	st:Z:2026-07-15T20:05:21.043000+00:00	RG:Z:a40d6b40-d3ad-4fe7-8245-9c92f794f831_dna_r10.4.1_e8.2_400bps_sup@v5.2.0	DS:Z:gpu:NVIDIA GeForce RTX 4070 SUPER	PU:Z:FBG39641	DT:Z:2026-07-15T14:17:26.508000+00:00	tm:Z:adapter,primer
3008	6f86f6db-3a63-4cc0-b706-bca1772e3c96	qs:f:14.8559	ch:i:392	st:Z:2026-07-15T17:02:32.212000+00:00	RG:Z:a40d6b40-d3ad-4fe7-8245-9c92f794f831_dna_r10.4.1_e8.2_400bps_sup@v5.2.0	DS:Z:gpu:NVIDIA GeForce RTX 4070 SUPER	PU:Z:FBG39641	DT:Z:2026-07-15T14:17:26.508000+00:00	tm:Z:adapter,primer
3008	59101be0-5d4d-4408-aeab-0a66a00dc139	qs:f:24.4986	ch:i:126	st:Z:2026-07-16T01:20:37.207000+00:00	RG:Z:a40d6b40-d3ad-4fe7-8245-9c92f794f831_dna_r10.4.1_e8.2_400bps_sup@v5.2.0	DS:Z:gpu:NVIDIA GeForce RTX 4070 SUPER	PU:Z:FBG39641	DT:Z:2026-07-15T14:17:26.508000+00:00	tm:Z:adapter,primer rc
3008	27e68494-e17e-4586-934e-5bf93235e15b	qs:f:22.0177	ch:i:310	st:Z:2026-07-15T21:34:28.022000+00:00	RG:Z:a40d6b40-d3ad-4fe7-8245-9c92f794f831_dna_r10.4.1_e8.2_400bps_sup@v5.2.0	DS:Z:gpu:NVIDIA GeForce RTX 4070 SUPER	PU:Z:FBG39641	DT:Z:2026-07-15T14:17:26.508000+00:00	tm:Z:adapter,primer
3008	f3e580aa-78fd-4c97-acc8-bddfce6ddb79	qs:f:14.9172	ch:i:157	st:Z:2026-07-15T19:51:34.857000+00:00	RG:Z:a40d6b40-d3ad-4fe7-8245-9c92f794f831_dna_r10.4.1_e8.2_400bps_sup@v5.2.0	DS:Z:gpu:NVIDIA GeForce RTX 4070 SUPER	PU:Z:FBG39641	DT:Z:2026-07-15T14:17:26.508000+00:00	tm:Z:none rc
3008	edcf55fc-bc88-44ef-ab2d-70ce42d051f2	qs:f:20.9739	ch:i:328	st:Z:2026-07-15T19:51:10.901000+00:00	RG:Z:a40d6b40-d3ad-4fe7-8245-9c92f794f831_dna_r10.4.1_e8.2_400bps_sup@v5.2.0	DS:Z:gpu:NVIDIA GeForce RTX 4070 SUPER	PU:Z:FBG39641	DT:Z:2026-07-15T14:17:26.508000+00:00	tm:Z:adapter,primer
3008	cb8dcddf-e192-4291-9e97-c9d99f2dc7bd	qs:f:15.0093	ch:i:78	st:Z:2026-07-15T22:42:40.472000+00:00	RG:Z:a40d6b40-d3ad-4fe7-8245-9c92f794f831_dna_r10.4.1_e8.2_400bps_sup@v5.2.0	DS:Z:gpu:NVIDIA GeForce RTX 4070 SUPER	PU:Z:FBG39641	DT:Z:2026-07-15T14:17:26.508000+00:00	tm:Z:none
3008	70691ce5-6d77-409e-8530-028fe3226068	qs:f:18.7023	ch:i:28	st:Z:2026-07-15T16:35:47.374000+00:00	RG:Z:a40d6b40-d3ad-4fe7-8245-9c92f794f831_dna_r10.4.1_e8.2_400bps_sup@v5.2.0	DS:Z:gpu:NVIDIA GeForce RTX 4070 SUPER	PU:Z:FBG39641	DT:Z:2026-07-15T14:17:26.508000+00:00	tm:Z:none
3008	c1e6ad6d-3efc-40f3-aed4-f55a48e31b0a	qs:f:15.1384	ch:i:449	st:Z:2026-07-15T22:01:18.588000+00:00	RG:Z:a40d6b40-d3ad-4fe7-8245-9c92f794f831_dna_r10.4.1_e8.2_400bps_sup@v5.2.0	DS:Z:gpu:NVIDIA GeForce RTX 4070 SUPER	PU:Z:FBG39641	DT:Z:2026-07-15T14:17:26.508000+00:00	tm:Z:adapter,primer rc
3008	4b78bd9b-ff55-42f2-9282-eaa1a7403963	qs:f:25.5023	ch:i:167	st:Z:2026-07-15T16:29:23.175000+00:00	RG:Z:a40d6b40-d3ad-4fe7-8245-9c92f794f831_dna_r10.4.1_e8.2_400bps_sup@v5.2.0	DS:Z:gpu:NVIDIA GeForce RTX 4070 SUPER	PU:Z:FBG39641	DT:Z:2026-07-15T14:17:26.508000+00:00	tm:Z:adapter,primer
3008	05a5177c-d700-4126-bbb6-5d4b9d208fa7	qs:f:19.974	ch:i:381	st:Z:2026-07-15T22:33:36.685000+00:00	RG:Z:a40d6b40-d3ad-4fe7-8245-9c92f794f831_dna_r10.4.1_e8.2_400bps_sup@v5.2.0	DS:Z:gpu:NVIDIA GeForce RTX 4070 SUPER	PU:Z:FBG39641	DT:Z:2026-07-15T14:17:26.508000+00:00	tm:Z:adapter,primer rc
3008	864dde1b-b180-4abe-8da3-fdd28529fe1c	qs:f:15.472	ch:i:216	st:Z:2026-07-15T18:38:01.937000+00:00	RG:Z:a40d6b40-d3ad-4fe7-8245-9c92f794f831_dna_r10.4.1_e8.2_400bps_sup@v5.2.0	DS:Z:gpu:NVIDIA GeForce RTX 4070 SUPER	PU:Z:FBG39641	DT:Z:2026-07-15T14:17:26.508000+00:00	tm:Z:none rc
646	ad93f410-a9e2-4fc3-81e9-f40f14d34efd	qs:f:19.129	ch:i:321	st:Z:2026-07-15T15:05:57.643000+00:00	RG:Z:a40d6b40-d3ad-4fe7-8245-9c92f794f831_dna_r10.4.1_e8.2_400bps_sup@v5.2.0	DS:Z:gpu:NVIDIA GeForce RTX 4070 SUPER	PU:Z:FBG39641	DT:Z:2026-07-15T14:17:26.508000+00:00	tm:Z:adapter,primer
646	043c2998-61eb-43fc-845c-00a0ec9f6882	qs:f:27.2603	ch:i:255	st:Z:2026-07-16T00:26:15.623000+00:00	RG:Z:a40d6b40-d3ad-4fe7-8245-9c92f794f831_dna_r10.4.1_e8.2_400bps_sup@v5.2.0	DS:Z:gpu:NVIDIA GeForce RTX 4070 SUPER	PU:Z:FBG39641	DT:Z:2026-07-15T14:17:26.508000+00:00	tm:Z:adapter,primer
646	ef45e235-7e96-408a-8cda-c7473946cbbf	qs:f:28.7019	ch:i:466	st:Z:2026-07-15T15:06:11.584000+00:00	RG:Z:a40d6b40-d3ad-4fe7-8245-9c92f794f831_dna_r10.4.1_e8.2_400bps_sup@v5.2.0	DS:Z:gpu:NVIDIA GeForce RTX 4070 SUPER	PU:Z:FBG39641	DT:Z:2026-07-15T14:17:26.508000+00:00	tm:Z:adapter,primer rc
646	5bbf4e01-5760-466b-af1b-56cffdaf17f5	qs:f:36.4149	ch:i:327	st:Z:2026-07-15T15:02:43.071000+00:00	RG:Z:a40d6b40-d3ad-4fe7-8245-9c92f794f831_dna_r10.4.1_e8.2_400bps_sup@v5.2.0	DS:Z:gpu:NVIDIA GeForce RTX 4070 SUPER	PU:Z:FBG39641	DT:Z:2026-07-15T14:17:26.508000+00:00	tm:Z:adapter,primer rc
646	ec5dbf89-215b-4563-815b-798a148e3c12	qs:f:14.7813	ch:i:151	st:Z:2026-07-15T14:33:34.401000+00:00	RG:Z:a40d6b40-d3ad-4fe7-8245-9c92f794f831_dna_r10.4.1_e8.2_400bps_sup@v5.2.0	DS:Z:gpu:NVIDIA GeForce RTX 4070 SUPER	PU:Z:FBG39641	DT:Z:2026-07-15T14:17:26.508000+00:00	tm:Z:adapter,primer rc
646	c285b148-c939-470f-bf3e-23c03c90e663	qs:f:21.1617	ch:i:401	st:Z:2026-07-15T19:20:09.818000+00:00	RG:Z:a40d6b40-d3ad-4fe7-8245-9c92f794f831_dna_r10.4.1_e8.2_400bps_sup@v5.2.0	DS:Z:gpu:NVIDIA GeForce RTX 4070 SUPER	PU:Z:FBG39641	DT:Z:2026-07-15T14:17:26.508000+00:00	tm:Z:adapter,primer rc
646	0130cfb7-e157-4e72-9d9c-6c501684b112	qs:f:16.2322	ch:i:289	st:Z:2026-07-15T17:04:47.282000+00:00	RG:Z:a40d6b40-d3ad-4fe7-8245-9c92f794f831_dna_r10.4.1_e8.2_400bps_sup@v5.2.0	DS:Z:gpu:NVIDIA GeForce RTX 4070 SUPER	PU:Z:FBG39641	DT:Z:2026-07-15T14:17:26.508000+00:00	tm:Z:adapter,primer rc
646	4e90b100-52b9-4371-837d-92f185b9628d	qs:f:27.0862	ch:i:446	st:Z:2026-07-15T23:50:33.513000+00:00	RG:Z:a40d6b40-d3ad-4fe7-8245-9c92f794f831_dna_r10.4.1_e8.2_400bps_sup@v5.2.0	DS:Z:gpu:NVIDIA GeForce RTX 4070 SUPER	PU:Z:FBG39641	DT:Z:2026-07-15T14:17:26.508000+00:00	tm:Z:adapter,primer rc
646	16eda527-a739-4edf-a2ae-7e0390a27e0f	qs:f:27.0928	ch:i:451	st:Z:2026-07-15T20:25:41.359000+00:00	RG:Z:a40d6b40-d3ad-4fe7-8245-9c92f794f831_dna_r10.4.1_e8.2_400bps_sup@v5.2.0	DS:Z:gpu:NVIDIA GeForce RTX 4070 SUPER	PU:Z:FBG39641	DT:Z:2026-07-15T14:17:26.508000+00:00	tm:Z:adapter,primer rc
646	375bfd9a-a663-4cb3-9939-6c7c48a66fe7	qs:f:29.1713	ch:i:378	st:Z:2026-07-16T01:42:50.938000+00:00	RG:Z:a40d6b40-d3ad-4fe7-8245-9c92f794f831_dna_r10.4.1_e8.2_400bps_sup@v5.2.0	DS:Z:gpu:NVIDIA GeForce RTX 4070 SUPER	PU:Z:FBG39641	DT:Z:2026-07-15T14:17:26.508000+00:00	tm:Z:adapter,primer rc
646	8ddc806c-d40a-439a-80de-a8ecc784c6a4	qs:f:30.516	ch:i:261	st:Z:2026-07-15T19:41:27.408000+00:00	RG:Z:a40d6b40-d3ad-4fe7-8245-9c92f794f831_dna_r10.4.1_e8.2_400bps_sup@v5.2.0	DS:Z:gpu:NVIDIA GeForce RTX 4070 SUPER	PU:Z:FBG39641	DT:Z:2026-07-15T14:17:26.508000+00:00	tm:Z:none
646	cc606118-bcd0-454b-a970-b12a8031f032	qs:f:27.1444	ch:i:283	st:Z:2026-07-16T00:59:44.536000+00:00	RG:Z:a40d6b40-d3ad-4fe7-8245-9c92f794f831_dna_r10.4.1_e8.2_400bps_sup@v5.2.0	DS:Z:gpu:NVIDIA GeForce RTX 4070 SUPER	PU:Z:FBG39641	DT:Z:2026-07-15T14:17:26.508000+00:00	tm:Z:adapter,primer
646	bf2c7d9d-31cf-4d7c-a12e-982d4b3398cb	qs:f:26.0271	ch:i:202	st:Z:2026-07-15T17:39:55.394000+00:00	RG:Z:a40d6b40-d3ad-4fe7-8245-9c92f794f831_dna_r10.4.1_e8.2_400bps_sup@v5.2.0	DS:Z:gpu:NVIDIA GeForce RTX 4070 SUPER	PU:Z:FBG39641	DT:Z:2026-07-15T14:17:26.508000+00:00	tm:Z:none rc
646	4b71558f-079a-4f41-91d0-1be6dc169596	qs:f:29.3508	ch:i:174	st:Z:2026-07-15T15:07:22.454000+00:00	RG:Z:a40d6b40-d3ad-4fe7-8245-9c92f794f831_dna_r10.4.1_e8.2_400bps_sup@v5.2.0	DS:Z:gpu:NVIDIA GeForce RTX 4070 SUPER	PU:Z:FBG39641	DT:Z:2026-07-15T14:17:26.508000+00:00	tm:Z:adapter,primer rc
646	37e3f35c-b41c-4455-94cb-4fef26c03c68	qs:f:21.8915	ch:i:455	st:Z:2026-07-15T21:28:08.374000+00:00	RG:Z:a40d6b40-d3ad-4fe7-8245-9c92f794f831_dna_r10.4.1_e8.2_400bps_sup@v5.2.0	DS:Z:gpu:NVIDIA GeForce RTX 4070 SUPER	PU:Z:FBG39641	DT:Z:2026-07-15T14:17:26.508000+00:00	tm:Z:adapter,primer
646	b8767b3d-0e30-4c94-ac6b-d9cc0cd90c22	qs:f:28.3208	ch:i:350	st:Z:2026-07-15T14:44:25.900000+00:00	RG:Z:a40d6b40-d3ad-4fe7-8245-9c92f794f831_dna_r10.4.1_e8.2_400bps_sup@v5.2.0	DS:Z:gpu:NVIDIA GeForce RTX 4070 SUPER	PU:Z:FBG39641	DT:Z:2026-07-15T14:17:26.508000+00:00	tm:Z:none rc
646	47d23300-ccfe-4b17-9a42-3625064a5a8f	qs:f:17.2961	ch:i:274	st:Z:2026-07-15T17:50:50.462000+00:00	RG:Z:a40d6b40-d3ad-4fe7-8245-9c92f794f831_dna_r10.4.1_e8.2_400bps_sup@v5.2.0	DS:Z:gpu:NVIDIA GeForce RTX 4070 SUPER	PU:Z:FBG39641	DT:Z:2026-07-15T14:17:26.508000+00:00	tm:Z:adapter,primer rc
646	b7714700-0294-43cd-aad7-fd0f2418e3f8	qs:f:14.7771	ch:i:150	st:Z:2026-07-16T00:49:39.271000+00:00	RG:Z:a40d6b40-d3ad-4fe7-8245-9c92f794f831_dna_r10.4.1_e8.2_400bps_sup@v5.2.0	DS:Z:gpu:NVIDIA GeForce RTX 4070 SUPER	PU:Z:FBG39641	DT:Z:2026-07-15T14:17:26.508000+00:00	tm:Z:none rc
646	b66c66af-ff14-4d85-a511-383730d86034	qs:f:22.128	ch:i:284	st:Z:2026-07-15T16:07:21.620000+00:00	RG:Z:a40d6b40-d3ad-4fe7-8245-9c92f794f831_dna_r10.4.1_e8.2_400bps_sup@v5.2.0	DS:Z:gpu:NVIDIA GeForce RTX 4070 SUPER	PU:Z:FBG39641	DT:Z:2026-07-15T14:17:26.508000+00:00	tm:Z:adapter,primer
646	9a9bda31-b6e4-49a9-8183-fdf3367c91a2	qs:f:21.4669	ch:i:446	st:Z:2026-07-15T17:13:09.967000+00:00	RG:Z:a40d6b40-d3ad-4fe7-8245-9c92f794f831_dna_r10.4.1_e8.2_400bps_sup@v5.2.0	DS:Z:gpu:NVIDIA GeForce RTX 4070 SUPER	PU:Z:FBG39641	DT:Z:2026-07-15T14:17:26.508000+00:00	tm:Z:none rc
646	4f42463d-0424-47a7-93dc-0661a585f3a3	qs:f:20.3806	ch:i:19	st:Z:2026-07-15T16:55:17.158000+00:00	RG:Z:a40d6b40-d3ad-4fe7-8245-9c92f794f831_dna_r10.4.1_e8.2_400bps_sup@v5.2.0	DS:Z:gpu:NVIDIA GeForce RTX 4070 SUPER	PU:Z:FBG39641	DT:Z:2026-07-15T14:17:26.508000+00:00	tm:Z:adapter,primer rc
646	70ceb278-634b-4622-9690-991c24dacf65	qs:f:24.933	ch:i:277	st:Z:2026-07-15T16:45:56.899000+00:00	RG:Z:a40d6b40-d3ad-4fe7-8245-9c92f794f831_dna_r10.4.1_e8.2_400bps_sup@v5.2.0	DS:Z:gpu:NVIDIA GeForce RTX 4070 SUPER	PU:Z:FBG39641	DT:Z:2026-07-15T14:17:26.508000+00:00	tm:Z:none rc
646	dfebf3b8-5431-463a-a4db-5d480672c854	qs:f:18.7125	ch:i:325	st:Z:2026-07-15T17:03:58.470000+00:00	RG:Z:a40d6b40-d3ad-4fe7-8245-9c92f794f831_dna_r10.4.1_e8.2_400bps_sup@v5.2.0	DS:Z:gpu:NVIDIA GeForce RTX 4070 SUPER	PU:Z:FBG39641	DT:Z:2026-07-15T14:17:26.508000+00:00	tm:Z:adapter,primer rc
646	7288633e-fd76-4553-8855-40674dcc0799	qs:f:18.0117	ch:i:19	st:Z:2026-07-16T00:26:08.425000+00:00	RG:Z:a40d6b40-d3ad-4fe7-8245-9c92f794f831_dna_r10.4.1_e8.2_400bps_sup@v5.2.0	DS:Z:gpu:NVIDIA GeForce RTX 4070 SUPER	PU:Z:FBG39641	DT:Z:2026-07-15T14:17:26.508000+00:00	tm:Z:adapter,primer rc
646	c20de6d6-e2f4-4492-8e18-1171b1c34852	qs:f:42.0435	ch:i:74	st:Z:2026-07-15T18:00:46.493000+00:00	RG:Z:a40d6b40-d3ad-4fe7-8245-9c92f794f831_dna_r10.4.1_e8.2_400bps_sup@v5.2.0	DS:Z:gpu:NVIDIA GeForce RTX 4070 SUPER	PU:Z:FBG39641	DT:Z:2026-07-15T14:17:26.508000+00:00	tm:Z:adapter,primer
646	a22d18e0-9e7e-4e5c-a805-42cfbfdc221a	qs:f:27.0967	ch:i:86	st:Z:2026-07-15T22:40:31.613000+00:00	RG:Z:a40d6b40-d3ad-4fe7-8245-9c92f794f831_dna_r10.4.1_e8.2_400bps_sup@v5.2.0	DS:Z:gpu:NVIDIA GeForce RTX 4070 SUPER	PU:Z:FBG39641	DT:Z:2026-07-15T14:17:26.508000+00:00	tm:Z:adapter,primer
646	0ca1e3f5-b50f-467e-82b2-276a5da3a5dd	qs:f:23.4466	ch:i:455	st:Z:2026-07-15T20:51:48.595000+00:00	RG:Z:a40d6b40-d3ad-4fe7-8245-9c92f794f831_dna_r10.4.1_e8.2_400bps_sup@v5.2.0	DS:Z:gpu:NVIDIA GeForce RTX 4070 SUPER	PU:Z:FBG39641	DT:Z:2026-07-15T14:17:26.508000+00:00	tm:Z:adapter,primer
646	faaf335f-19ff-454d-ab38-07513b99ed77	qs:f:22.8203	ch:i:112	st:Z:2026-07-15T19:55:56.226000+00:00	RG:Z:a40d6b40-d3ad-4fe7-8245-9c92f794f831_dna_r10.4.1_e8.2_400bps_sup@v5.2.0	DS:Z:gpu:NVIDIA GeForce RTX 4070 SUPER	PU:Z:FBG39641	DT:Z:2026-07-15T14:17:26.508000+00:00	tm:Z:none rc
646	1ca14ae1-03a0-420c-b069-60bf9ee04b01	qs:f:15.7255	ch:i:297	st:Z:2026-07-15T14:28:44.051000+00:00	RG:Z:a40d6b40-d3ad-4fe7-8245-9c92f794f831_dna_r10.4.1_e8.2_400bps_sup@v5.2.0	DS:Z:gpu:NVIDIA GeForce RTX 4070 SUPER	PU:Z:FBG39641	DT:Z:2026-07-15T14:17:26.508000+00:00	tm:Z:adapter,primer
646	52e25647-9ed9-4920-a9d8-65b412da56e5	qs:f:23.4137	ch:i:291	st:Z:2026-07-15T23:14:09.093000+00:00	RG:Z:a40d6b40-d3ad-4fe7-8245-9c92f794f831_dna_r10.4.1_e8.2_400bps_sup@v5.2.0	DS:Z:gpu:NVIDIA GeForce RTX 4070 SUPER	PU:Z:FBG39641	DT:Z:2026-07-15T14:17:26.508000+00:00	tm:Z:adapter,primer rc
646	371d8974-34c0-4926-9202-889370d4d444	qs:f:20.5911	ch:i:306	st:Z:2026-07-16T01:48:22.151000+00:00	RG:Z:a40d6b40-d3ad-4fe7-8245-9c92f794f831_dna_r10.4.1_e8.2_400bps_sup@v5.2.0	DS:Z:gpu:NVIDIA GeForce RTX 4070 SUPER	PU:Z:FBG39641	DT:Z:2026-07-15T14:17:26.508000+00:00	tm:Z:adapter,primer rc
646	e21a2c5d-ee35-4f8f-9501-de7af22c3f6d	qs:f:23.4833	ch:i:495	st:Z:2026-07-15T16:05:22.858000+00:00	RG:Z:a40d6b40-d3ad-4fe7-8245-9c92f794f831_dna_r10.4.1_e8.2_400bps_sup@v5.2.0	DS:Z:gpu:NVIDIA GeForce RTX 4070 SUPER	PU:Z:FBG39641	DT:Z:2026-07-15T14:17:26.508000+00:00	tm:Z:adapter,primer
646	6506d7f1-cf5b-4826-9947-2c05f8c90a71	qs:f:21.6049	ch:i:183	st:Z:2026-07-15T17:08:53.425000+00:00	RG:Z:a40d6b40-d3ad-4fe7-8245-9c92f794f831_dna_r10.4.1_e8.2_400bps_sup@v5.2.0	DS:Z:gpu:NVIDIA GeForce RTX 4070 SUPER	PU:Z:FBG39641	DT:Z:2026-07-15T14:17:26.508000+00:00	tm:Z:adapter,primer rc
646	b5f1b3a5-5b61-4162-be65-79eddefdef08	qs:f:18.7854	ch:i:17	st:Z:2026-07-15T21:51:52.052000+00:00	RG:Z:a40d6b40-d3ad-4fe7-8245-9c92f794f831_dna_r10.4.1_e8.2_400bps_sup@v5.2.0	DS:Z:gpu:NVIDIA GeForce RTX 4070 SUPER	PU:Z:FBG39641	DT:Z:2026-07-15T14:17:26.508000+00:00	tm:Z:none
646	ebfdd47e-f519-435f-bfb4-a0ce9fe0b13a	qs:f:21.7375	ch:i:120	st:Z:2026-07-15T18:14:59.049000+00:00	RG:Z:a40d6b40-d3ad-4fe7-8245-9c92f794f831_dna_r10.4.1_e8.2_400bps_sup@v5.2.0	DS:Z:gpu:NVIDIA GeForce RTX 4070 SUPER	PU:Z:FBG39641	DT:Z:2026-07-15T14:17:26.508000+00:00	tm:Z:adapter,primer
646	eb0a4fff-332e-4b7e-ac2b-fd809e3c7d8e	qs:f:29.0695	ch:i:414	st:Z:2026-07-16T01:00:48.392000+00:00	RG:Z:a40d6b40-d3ad-4fe7-8245-9c92f794f831_dna_r10.4.1_e8.2_400bps_sup@v5.2.0	DS:Z:gpu:NVIDIA GeForce RTX 4070 SUPER	PU:Z:FBG39641	DT:Z:2026-07-15T14:17:26.508000+00:00	tm:Z:adapter,primer
5805	f4153b74-f7ef-4634-bbf5-80a812ad83fc	qs:f:15.1859	ch:i:79	st:Z:2026-07-15T17:03:41.369000+00:00	RG:Z:a40d6b40-d3ad-4fe7-8245-9c92f794f831_dna_r10.4.1_e8.2_400bps_sup@v5.2.0	DS:Z:gpu:NVIDIA GeForce RTX 4070 SUPER	PU:Z:FBG39641	DT:Z:2026-07-15T14:17:26.508000+00:00	tm:Z:adapter,primer
5805	c6de3b12-9d9b-4d00-a21b-c16b5e6270d9	qs:f:14.1118	ch:i:152	st:Z:2026-07-15T15:36:44.432000+00:00	RG:Z:a40d6b40-d3ad-4fe7-8245-9c92f794f831_dna_r10.4.1_e8.2_400bps_sup@v5.2.0	DS:Z:gpu:NVIDIA GeForce RTX 4070 SUPER	PU:Z:FBG39641	DT:Z:2026-07-15T14:17:26.508000+00:00	tm:Z:adapter,primer
5805	9457b8ed-74d6-4900-8e8f-66c07bcaea69	qs:f:13.5362	ch:i:449	st:Z:2026-07-15T20:39:30.542000+00:00	RG:Z:a40d6b40-d3ad-4fe7-8245-9c92f794f831_dna_r10.4.1_e8.2_400bps_sup@v5.2.0	DS:Z:gpu:NVIDIA GeForce RTX 4070 SUPER	PU:Z:FBG39641	DT:Z:2026-07-15T14:17:26.508000+00:00	tm:Z:adapter,primer
5805	5dd5b273-e203-4b54-9d62-3c0a48ea8fae	qs:f:13.5602	ch:i:248	st:Z:2026-07-15T19:01:47.744000+00:00	RG:Z:a40d6b40-d3ad-4fe7-8245-9c92f794f831_dna_r10.4.1_e8.2_400bps_sup@v5.2.0	DS:Z:gpu:NVIDIA GeForce RTX 4070 SUPER	PU:Z:FBG39641	DT:Z:2026-07-15T14:17:26.508000+00:00	tm:Z:adapter,primer rc
5805	46d59697-4b55-43f5-8272-407e23a92303	qs:f:14.7923	ch:i:310	st:Z:2026-07-15T15:24:50.599000+00:00	RG:Z:a40d6b40-d3ad-4fe7-8245-9c92f794f831_dna_r10.4.1_e8.2_400bps_sup@v5.2.0	DS:Z:gpu:NVIDIA GeForce RTX 4070 SUPER	PU:Z:FBG39641	DT:Z:2026-07-15T14:17:26.508000+00:00	tm:Z:adapter,primer
5805	d9590119-6954-4014-8c01-5dd42e8b0ef8	qs:f:11.9215	ch:i:84	st:Z:2026-07-15T18:56:49.952000+00:00	RG:Z:a40d6b40-d3ad-4fe7-8245-9c92f794f831_dna_r10.4.1_e8.2_400bps_sup@v5.2.0	DS:Z:gpu:NVIDIA GeForce RTX 4070 SUPER	PU:Z:FBG39641	DT:Z:2026-07-15T14:17:26.508000+00:00	tm:Z:adapter,primer
5805	08b03f72-602e-4df4-b6e5-54749070d683	qs:f:13.1867	ch:i:170	st:Z:2026-07-15T16:55:35.687000+00:00	RG:Z:a40d6b40-d3ad-4fe7-8245-9c92f794f831_dna_r10.4.1_e8.2_400bps_sup@v5.2.0	DS:Z:gpu:NVIDIA GeForce RTX 4070 SUPER	PU:Z:FBG39641	DT:Z:2026-07-15T14:17:26.508000+00:00	tm:Z:none
5805	25ccf6e0-5499-4edc-85cb-85f7d55abe86	qs:f:12.626	ch:i:230	st:Z:2026-07-15T19:56:23.741000+00:00	RG:Z:a40d6b40-d3ad-4fe7-8245-9c92f794f831_dna_r10.4.1_e8.2_400bps_sup@v5.2.0	DS:Z:gpu:NVIDIA GeForce RTX 4070 SUPER	PU:Z:FBG39641	DT:Z:2026-07-15T14:17:26.508000+00:00	tm:Z:adapter,primer
5805	93b9d672-1391-40b9-bf15-59a983898a1a	qs:f:12.2095	ch:i:145	st:Z:2026-07-15T17:41:56.695000+00:00	RG:Z:a40d6b40-d3ad-4fe7-8245-9c92f794f831_dna_r10.4.1_e8.2_400bps_sup@v5.2.0	DS:Z:gpu:NVIDIA GeForce RTX 4070 SUPER	PU:Z:FBG39641	DT:Z:2026-07-15T14:17:26.508000+00:00	tm:Z:none
5805	f9a03632-696b-42cf-8cf0-f37f4becc77e	qs:f:16.703	ch:i:470	st:Z:2026-07-15T19:56:27.610000+00:00	RG:Z:a40d6b40-d3ad-4fe7-8245-9c92f794f831_dna_r10.4.1_e8.2_400bps_sup@v5.2.0	DS:Z:gpu:NVIDIA GeForce RTX 4070 SUPER	PU:Z:FBG39641	DT:Z:2026-07-15T14:17:26.508000+00:00	tm:Z:none
5805	a19140c2-1e4a-4121-9928-87a8f8cf58e6	qs:f:13.0492	ch:i:339	st:Z:2026-07-15T15:23:50.518000+00:00	RG:Z:a40d6b40-d3ad-4fe7-8245-9c92f794f831_dna_r10.4.1_e8.2_400bps_sup@v5.2.0	DS:Z:gpu:NVIDIA GeForce RTX 4070 SUPER	PU:Z:FBG39641	DT:Z:2026-07-15T14:17:26.508000+00:00	tm:Z:adapter,primer rc
5805	8df0796c-e3e3-46eb-a5e2-c93ab22d47b7	qs:f:11.9894	ch:i:155	st:Z:2026-07-15T15:32:32.908000+00:00	RG:Z:a40d6b40-d3ad-4fe7-8245-9c92f794f831_dna_r10.4.1_e8.2_400bps_sup@v5.2.0	DS:Z:gpu:NVIDIA GeForce RTX 4070 SUPER	PU:Z:FBG39641	DT:Z:2026-07-15T14:17:26.508000+00:00	tm:Z:adapter,primer rc
5805	bcf92aec-02ae-4750-92f6-7415a2d2eca8	qs:f:11.5181	ch:i:381	st:Z:2026-07-15T22:08:35.837000+00:00	RG:Z:a40d6b40-d3ad-4fe7-8245-9c92f794f831_dna_r10.4.1_e8.2_400bps_sup@v5.2.0	DS:Z:gpu:NVIDIA GeForce RTX 4070 SUPER	PU:Z:FBG39641	DT:Z:2026-07-15T14:17:26.508000+00:00	tm:Z:none rc
5805	37547147-e896-4b4d-b416-e5e41307ba5f	qs:f:12.3478	ch:i:149	st:Z:2026-07-15T15:16:46.702000+00:00	RG:Z:a40d6b40-d3ad-4fe7-8245-9c92f794f831_dna_r10.4.1_e8.2_400bps_sup@v5.2.0	DS:Z:gpu:NVIDIA GeForce RTX 4070 SUPER	PU:Z:FBG39641	DT:Z:2026-07-15T14:17:26.508000+00:00	tm:Z:adapter,primer rc
5805	6d2fce65-a3c0-44d0-834d-531ffc6d5536	qs:f:13.7902	ch:i:275	st:Z:2026-07-15T21:04:58.642000+00:00	RG:Z:a40d6b40-d3ad-4fe7-8245-9c92f794f831_dna_r10.4.1_e8.2_400bps_sup@v5.2.0	DS:Z:gpu:NVIDIA GeForce RTX 4070 SUPER	PU:Z:FBG39641	DT:Z:2026-07-15T14:17:26.508000+00:00	tm:Z:adapter,primer
5805	8ed99cbe-f7fc-4e93-8864-dcb774aeff92	qs:f:14.493	ch:i:127	st:Z:2026-07-15T20:17:30.429000+00:00	RG:Z:a40d6b40-d3ad-4fe7-8245-9c92f794f831_dna_r10.4.1_e8.2_400bps_sup@v5.2.0	DS:Z:gpu:NVIDIA GeForce RTX 4070 SUPER	PU:Z:FBG39641	DT:Z:2026-07-15T14:17:26.508000+00:00	tm:Z:none rc
5805	07ad444e-b173-4464-b07f-03d1be3c56cc	qs:f:12.1757	ch:i:168	st:Z:2026-07-15T14:52:42.811000+00:00	RG:Z:a40d6b40-d3ad-4fe7-8245-9c92f794f831_dna_r10.4.1_e8.2_400bps_sup@v5.2.0	DS:Z:gpu:NVIDIA GeForce RTX 4070 SUPER	PU:Z:FBG39641	DT:Z:2026-07-15T14:17:26.508000+00:00	tm:Z:adapter,primer rc
5805	37d0c0dd-3721-4370-baab-332df97046fe	qs:f:13.6642	ch:i:190	st:Z:2026-07-16T01:16:26.893000+00:00	RG:Z:a40d6b40-d3ad-4fe7-8245-9c92f794f831_dna_r10.4.1_e8.2_400bps_sup@v5.2.0	DS:Z:gpu:NVIDIA GeForce RTX 4070 SUPER	PU:Z:FBG39641	DT:Z:2026-07-15T14:17:26.508000+00:00	tm:Z:adapter,primer rc
5805	b3af5aed-dee5-4dac-b598-d8f3e0dd58f4	qs:f:10.1053	ch:i:93	st:Z:2026-07-15T17:10:10.710000+00:00	RG:Z:a40d6b40-d3ad-4fe7-8245-9c92f794f831_dna_r10.4.1_e8.2_400bps_sup@v5.2.0	DS:Z:gpu:NVIDIA GeForce RTX 4070 SUPER	PU:Z:FBG39641	DT:Z:2026-07-15T14:17:26.508000+00:00	tm:Z:none rc
5805	2f6df216-c63b-44a1-9093-466abf963d98	qs:f:13.6532	ch:i:269	st:Z:2026-07-15T20:55:22.181000+00:00	RG:Z:a40d6b40-d3ad-4fe7-8245-9c92f794f831_dna_r10.4.1_e8.2_400bps_sup@v5.2.0	DS:Z:gpu:NVIDIA GeForce RTX 4070 SUPER	PU:Z:FBG39641	DT:Z:2026-07-15T14:17:26.508000+00:00	tm:Z:none rc
5805	c69284f1-c38f-4ffa-b99e-de5e29aa1ed5	qs:f:11.3254	ch:i:336	st:Z:2026-07-15T21:54:20.402000+00:00	RG:Z:a40d6b40-d3ad-4fe7-8245-9c92f794f831_dna_r10.4.1_e8.2_400bps_sup@v5.2.0	DS:Z:gpu:NVIDIA GeForce RTX 4070 SUPER	PU:Z:FBG39641	DT:Z:2026-07-15T14:17:26.508000+00:00	tm:Z:adapter,primer rc
5805	5eb9fc89-6748-4f16-870a-b94bafff6c40	qs:f:10.2945	ch:i:216	st:Z:2026-07-15T19:40:35.101000+00:00	RG:Z:a40d6b40-d3ad-4fe7-8245-9c92f794f831_dna_r10.4.1_e8.2_400bps_sup@v5.2.0	DS:Z:gpu:NVIDIA GeForce RTX 4070 SUPER	PU:Z:FBG39641	DT:Z:2026-07-15T14:17:26.508000+00:00	tm:Z:adapter,primer
5805	17d50def-9bd7-4e22-828e-96fb1be53a50	qs:f:13.044	ch:i:446	st:Z:2026-07-15T17:22:39.129000+00:00	RG:Z:a40d6b40-d3ad-4fe7-8245-9c92f794f831_dna_r10.4.1_e8.2_400bps_sup@v5.2.0	DS:Z:gpu:NVIDIA GeForce RTX 4070 SUPER	PU:Z:FBG39641	DT:Z:2026-07-15T14:17:26.508000+00:00	tm:Z:adapter,primer rc
5805	86eb7f33-0a2a-468a-b0ad-c68e6944ecaf	qs:f:12.0972	ch:i:123	st:Z:2026-07-15T21:55:14.863000+00:00	RG:Z:a40d6b40-d3ad-4fe7-8245-9c92f794f831_dna_r10.4.1_e8.2_400bps_sup@v5.2.0	DS:Z:gpu:NVIDIA GeForce RTX 4070 SUPER	PU:Z:FBG39641	DT:Z:2026-07-15T14:17:26.508000+00:00	tm:Z:adapter,primer rc
5805	0c1e40ff-4a74-456e-9c9e-946e5e6e1b3b	qs:f:13.3994	ch:i:249	st:Z:2026-07-15T16:07:40.158000+00:00	RG:Z:a40d6b40-d3ad-4fe7-8245-9c92f794f831_dna_r10.4.1_e8.2_400bps_sup@v5.2.0	DS:Z:gpu:NVIDIA GeForce RTX 4070 SUPER	PU:Z:FBG39641	DT:Z:2026-07-15T14:17:26.508000+00:00	tm:Z:adapter,primer rc
5805	9efdcb24-c26e-4dcd-8e5c-f0e0d095bbe2	qs:f:14.8924	ch:i:197	st:Z:2026-07-15T18:20:01.928000+00:00	RG:Z:a40d6b40-d3ad-4fe7-8245-9c92f794f831_dna_r10.4.1_e8.2_400bps_sup@v5.2.0	DS:Z:gpu:NVIDIA GeForce RTX 4070 SUPER	PU:Z:FBG39641	DT:Z:2026-07-15T14:17:26.508000+00:00	tm:Z:adapter,primer
5805	97771003-ef2c-4d85-a71a-c9e146699823	qs:f:12.5698	ch:i:407	st:Z:2026-07-15T18:09:45.769000+00:00	RG:Z:a40d6b40-d3ad-4fe7-8245-9c92f794f831_dna_r10.4.1_e8.2_400bps_sup@v5.2.0	DS:Z:gpu:NVIDIA GeForce RTX 4070 SUPER	PU:Z:FBG39641	DT:Z:2026-07-15T14:17:26.508000+00:00	tm:Z:adapter,primer
5805	6f08bb5f-ccc6-4c3d-b261-1db98b8938ba	qs:f:13.7759	ch:i:191	st:Z:2026-07-15T16:54:21.330000+00:00	RG:Z:a40d6b40-d3ad-4fe7-8245-9c92f794f831_dna_r10.4.1_e8.2_400bps_sup@v5.2.0	DS:Z:gpu:NVIDIA GeForce RTX 4070 SUPER	PU:Z:FBG39641	DT:Z:2026-07-15T14:17:26.508000+00:00	tm:Z:none rc
5805	bcf003c2-56a1-4357-8b6d-37b48a8f6081	qs:f:12.5449	ch:i:495	st:Z:2026-07-16T01:09:46.437000+00:00	RG:Z:a40d6b40-d3ad-4fe7-8245-9c92f794f831_dna_r10.4.1_e8.2_400bps_sup@v5.2.0	DS:Z:gpu:NVIDIA GeForce RTX 4070 SUPER	PU:Z:FBG39641	DT:Z:2026-07-15T14:17:26.508000+00:00	tm:Z:adapter,primer
5805	e415aa46-57c4-4947-ac9a-0eacdb5ff0f2	qs:f:12.6926	ch:i:495	st:Z:2026-07-15T21:54:37.158000+00:00	RG:Z:a40d6b40-d3ad-4fe7-8245-9c92f794f831_dna_r10.4.1_e8.2_400bps_sup@v5.2.0	DS:Z:gpu:NVIDIA GeForce RTX 4070 SUPER	PU:Z:FBG39641	DT:Z:2026-07-15T14:17:26.508000+00:00	tm:Z:none rc
5805	008a4cc5-4a0c-40dc-a9fd-8730e40ed9af	qs:f:13.7352	ch:i:475	st:Z:2026-07-15T20:05:00.850000+00:00	RG:Z:a40d6b40-d3ad-4fe7-8245-9c92f794f831_dna_r10.4.1_e8.2_400bps_sup@v5.2.0	DS:Z:gpu:NVIDIA GeForce RTX 4070 SUPER	PU:Z:FBG39641	DT:Z:2026-07-15T14:17:26.508000+00:00	tm:Z:none rc
5805	27ab6161-c1db-4e6e-a35f-10b98b8bf3b3	qs:f:15.795	ch:i:288	st:Z:2026-07-15T19:21:54.232000+00:00	RG:Z:a40d6b40-d3ad-4fe7-8245-9c92f794f831_dna_r10.4.1_e8.2_400bps_sup@v5.2.0	DS:Z:gpu:NVIDIA GeForce RTX 4070 SUPER	PU:Z:FBG39641	DT:Z:2026-07-15T14:17:26.508000+00:00	tm:Z:adapter,primer
5805	0d00b52a-3f73-4bb1-95fa-9caedbcb1384	qs:f:12.3525	ch:i:204	st:Z:2026-07-16T01:49:10.017000+00:00	RG:Z:a40d6b40-d3ad-4fe7-8245-9c92f794f831_dna_r10.4.1_e8.2_400bps_sup@v5.2.0	DS:Z:gpu:NVIDIA GeForce RTX 4070 SUPER	PU:Z:FBG39641	DT:Z:2026-07-15T14:17:26.508000+00:00	tm:Z:adapter,primer rc
5805	133c401b-6a52-476f-bc56-c9e494f80195	qs:f:10.9175	ch:i:422	st:Z:2026-07-15T17:20:21.068000+00:00	RG:Z:a40d6b40-d3ad-4fe7-8245-9c92f794f831_dna_r10.4.1_e8.2_400bps_sup@v5.2.0	DS:Z:gpu:NVIDIA GeForce RTX 4070 SUPER	PU:Z:FBG39641	DT:Z:2026-07-15T14:17:26.508000+00:00	tm:Z:adapter,primer
5805	8b57be02-6de6-433e-9b6a-5e8b5b7de6e9	qs:f:13.7947	ch:i:391	st:Z:2026-07-15T23:12:25.627000+00:00	RG:Z:a40d6b40-d3ad-4fe7-8245-9c92f794f831_dna_r10.4.1_e8.2_400bps_sup@v5.2.0	DS:Z:gpu:NVIDIA GeForce RTX 4070 SUPER	PU:Z:FBG39641	DT:Z:2026-07-15T14:17:26.508000+00:00	tm:Z:adapter,primer rc
3	4476164d-e2dc-4fed-9837-c7e043edafe0	qs:f:19.245	ch:i:218	st:Z:2026-07-15T15:53:23.108000+00:00	RG:Z:a40d6b40-d3ad-4fe7-8245-9c92f794f831_dna_r10.4.1_e8.2_400bps_sup@v5.2.0	DS:Z:gpu:NVIDIA GeForce RTX 4070 SUPER	PU:Z:FBG39641	DT:Z:2026-07-15T14:17:26.508000+00:00	tm:Z:adapter,primer rc
3	2c781ada-a70d-4d74-bfe0-b6875d88a848	qs:f:13.0244	ch:i:451	st:Z:2026-07-16T02:18:03.923000+00:00	RG:Z:a40d6b40-d3ad-4fe7-8245-9c92f794f831_dna_r10.4.1_e8.2_400bps_sup@v5.2.0	DS:Z:gpu:NVIDIA GeForce RTX 4070 SUPER	PU:Z:FBG39641	DT:Z:2026-07-15T14:17:26.508000+00:00	tm:Z:adapter,primer rc
3	19ef2575-8e30-4712-a8b6-9a6c420ad7ca	qs:f:14.7253	ch:i:429	st:Z:2026-07-15T17:03:00.500000+00:00	RG:Z:a40d6b40-d3ad-4fe7-8245-9c92f794f831_dna_r10.4.1_e8.2_400bps_sup@v5.2.0	DS:Z:gpu:NVIDIA GeForce RTX 4070 SUPER	PU:Z:FBG39641	DT:Z:2026-07-15T14:17:26.508000+00:00	tm:Z:adapter,primer
3	6b75bd2d-a3a5-4f8b-a2db-56678e113f51	qs:f:13.0187	ch:i:79	st:Z:2026-07-15T16:49:55.524000+00:00	RG:Z:a40d6b40-d3ad-4fe7-8245-9c92f794f831_dna_r10.4.1_e8.2_400bps_sup@v5.2.0	DS:Z:gpu:NVIDIA GeForce RTX 4070 SUPER	PU:Z:FBG39641	DT:Z:2026-07-15T14:17:26.508000+00:00	tm:Z:adapter,primer
3	1f4854bc-7ba2-4135-bf5a-ee85d4f51cee	qs:f:15.0129	ch:i:402	st:Z:2026-07-15T19:01:46.677000+00:00	RG:Z:a40d6b40-d3ad-4fe7-8245-9c92f794f831_dna_r10.4.1_e8.2_400bps_sup@v5.2.0	DS:Z:gpu:NVIDIA GeForce RTX 4070 SUPER	PU:Z:FBG39641	DT:Z:2026-07-15T14:17:26.508000+00:00	tm:Z:adapter,primer
3	bde44331-cb9a-42bf-b798-d1a1745f8b18	qs:f:14.0234	ch:i:112	st:Z:2026-07-15T22:28:45.432000+00:00	RG:Z:a40d6b40-d3ad-4fe7-8245-9c92f794f831_dna_r10.4.1_e8.2_400bps_sup@v5.2.0	DS:Z:gpu:NVIDIA GeForce RTX 4070 SUPER	PU:Z:FBG39641	DT:Z:2026-07-15T14:17:26.508000+00:00	tm:Z:adapter,primer
3	255babd9-5ab3-42ce-9ca8-4f22acba524b	qs:f:14.6991	ch:i:180	st:Z:2026-07-15T17:54:43.882000+00:00	RG:Z:a40d6b40-d3ad-4fe7-8245-9c92f794f831_dna_r10.4.1_e8.2_400bps_sup@v5.2.0	DS:Z:gpu:NVIDIA GeForce RTX 4070 SUPER	PU:Z:FBG39641	DT:Z:2026-07-15T14:17:26.508000+00:00	tm:Z:adapter,primer
3	2040beae-f73b-4747-9f96-47bdcc24c1be	qs:f:15.0633	ch:i:391	st:Z:2026-07-15T21:30:25.395000+00:00	RG:Z:a40d6b40-d3ad-4fe7-8245-9c92f794f831_dna_r10.4.1_e8.2_400bps_sup@v5.2.0	DS:Z:gpu:NVIDIA GeForce RTX 4070 SUPER	PU:Z:FBG39641	DT:Z:2026-07-15T14:17:26.508000+00:00	tm:Z:adapter,primer
3	7655a505-ba1f-4f06-aabb-f0aa314a7c4d	qs:f:15.5891	ch:i:29	st:Z:2026-07-15T19:30:59.340000+00:00	RG:Z:a40d6b40-d3ad-4fe7-8245-9c92f794f831_dna_r10.4.1_e8.2_400bps_sup@v5.2.0	DS:Z:gpu:NVIDIA GeForce RTX 4070 SUPER	PU:Z:FBG39641	DT:Z:2026-07-15T14:17:26.508000+00:00	tm:Z:none rc
3	c8209964-55b6-4ef2-8295-a34effa72c85	qs:f:13.4629	ch:i:504	st:Z:2026-07-15T17:07:50.340000+00:00	RG:Z:a40d6b40-d3ad-4fe7-8245-9c92f794f831_dna_r10.4.1_e8.2_400bps_sup@v5.2.0	DS:Z:gpu:NVIDIA GeForce RTX 4070 SUPER	PU:Z:FBG39641	DT:Z:2026-07-15T14:17:26.508000+00:00	tm:Z:adapter,primer rc
3	f1217409-cd48-4f05-83df-7db69cd4df16	qs:f:18.8984	ch:i:268	st:Z:2026-07-15T21:05:14.079000+00:00	RG:Z:a40d6b40-d3ad-4fe7-8245-9c92f794f831_dna_r10.4.1_e8.2_400bps_sup@v5.2.0	DS:Z:gpu:NVIDIA GeForce RTX 4070 SUPER	PU:Z:FBG39641	DT:Z:2026-07-15T14:17:26.508000+00:00	tm:Z:adapter,primer rc
3	4dec2bf7-2124-4564-9e8f-1a8e224d6bbc	qs:f:15.6271	ch:i:351	st:Z:2026-07-15T16:53:25.602000+00:00	RG:Z:a40d6b40-d3ad-4fe7-8245-9c92f794f831_dna_r10.4.1_e8.2_400bps_sup@v5.2.0	DS:Z:gpu:NVIDIA GeForce RTX 4070 SUPER	PU:Z:FBG39641	DT:Z:2026-07-15T14:17:26.508000+00:00	tm:Z:none
3	b4e8d385-c3bb-4a4f-ac64-02c512688b14	qs:f:15.1914	ch:i:491	st:Z:2026-07-15T20:21:25.002000+00:00	RG:Z:a40d6b40-d3ad-4fe7-8245-9c92f794f831_dna_r10.4.1_e8.2_400bps_sup@v5.2.0	DS:Z:gpu:NVIDIA GeForce RTX 4070 SUPER	PU:Z:FBG39641	DT:Z:2026-07-15T14:17:26.508000+00:00	tm:Z:none
3	2c81dc21-7bfc-481c-b926-8849f86e85eb	qs:f:17.8085	ch:i:393	st:Z:2026-07-15T22:53:46.139000+00:00	RG:Z:a40d6b40-d3ad-4fe7-8245-9c92f794f831_dna_r10.4.1_e8.2_400bps_sup@v5.2.0	DS:Z:gpu:NVIDIA GeForce RTX 4070 SUPER	PU:Z:FBG39641	DT:Z:2026-07-15T14:17:26.508000+00:00	tm:Z:adapter,primer
3	d7c8876d-e1dc-4348-83c6-aa4194268024	qs:f:12.9489	ch:i:334	st:Z:2026-07-16T00:35:14.435000+00:00	RG:Z:a40d6b40-d3ad-4fe7-8245-9c92f794f831_dna_r10.4.1_e8.2_400bps_sup@v5.2.0	DS:Z:gpu:NVIDIA GeForce RTX 4070 SUPER	PU:Z:FBG39641	DT:Z:2026-07-15T14:17:26.508000+00:00	tm:Z:none
3	7f679c55-f906-42ba-91a7-1fba16462a20	qs:f:15.8487	ch:i:345	st:Z:2026-07-15T17:26:31.867000+00:00	RG:Z:a40d6b40-d3ad-4fe7-8245-9c92f794f831_dna_r10.4.1_e8.2_400bps_sup@v5.2.0	DS:Z:gpu:NVIDIA GeForce RTX 4070 SUPER	PU:Z:FBG39641	DT:Z:2026-07-15T14:17:26.508000+00:00	tm:Z:adapter,primer
3	5f064e46-1d87-446a-8641-617a742347b6	qs:f:12.8149	ch:i:328	st:Z:2026-07-16T01:02:17.132000+00:00	RG:Z:a40d6b40-d3ad-4fe7-8245-9c92f794f831_dna_r10.4.1_e8.2_400bps_sup@v5.2.0	DS:Z:gpu:NVIDIA GeForce RTX 4070 SUPER	PU:Z:FBG39641	DT:Z:2026-07-15T14:17:26.508000+00:00	tm:Z:adapter,primer
3	d08af78b-41c5-4d3c-be5a-62d6a98f56b2	qs:f:13.5122	ch:i:427	st:Z:2026-07-15T16:46:15.628000+00:00	RG:Z:a40d6b40-d3ad-4fe7-8245-9c92f794f831_dna_r10.4.1_e8.2_400bps_sup@v5.2.0	DS:Z:gpu:NVIDIA GeForce RTX 4070 SUPER	PU:Z:FBG39641	DT:Z:2026-07-15T14:17:26.508000+00:00	tm:Z:none rc
3	5a76085a-8229-4c4c-bb14-16c69369e23c	qs:f:13.4993	ch:i:451	st:Z:2026-07-15T21:59:07.062000+00:00	RG:Z:a40d6b40-d3ad-4fe7-8245-9c92f794f831_dna_r10.4.1_e8.2_400bps_sup@v5.2.0	DS:Z:gpu:NVIDIA GeForce RTX 4070 SUPER	PU:Z:FBG39641	DT:Z:2026-07-15T14:17:26.508000+00:00	tm:Z:adapter,primer rc
3	7dc4a503-a9e7-46cd-9049-4b1a482457c4	qs:f:16.0456	ch:i:180	st:Z:2026-07-16T00:37:16.250000+00:00	RG:Z:a40d6b40-d3ad-4fe7-8245-9c92f794f831_dna_r10.4.1_e8.2_400bps_sup@v5.2.0	DS:Z:gpu:NVIDIA GeForce RTX 4070 SUPER	PU:Z:FBG39641	DT:Z:2026-07-15T14:17:26.508000+00:00	tm:Z:none rc
3	e141e1db-9d23-4b0b-b726-7ad1b2bd847b	qs:f:24.9885	ch:i:46	st:Z:2026-07-15T18:32:15.839000+00:00	RG:Z:a40d6b40-d3ad-4fe7-8245-9c92f794f831_dna_r10.4.1_e8.2_400bps_sup@v5.2.0	DS:Z:gpu:NVIDIA GeForce RTX 4070 SUPER	PU:Z:FBG39641	DT:Z:2026-07-15T14:17:26.508000+00:00	tm:Z:none rc
3	d1a1a0fd-544a-4bb5-a47a-22004e5018a7	qs:f:12.4427	ch:i:451	st:Z:2026-07-16T00:34:20.994000+00:00	RG:Z:a40d6b40-d3ad-4fe7-8245-9c92f794f831_dna_r10.4.1_e8.2_400bps_sup@v5.2.0	DS:Z:gpu:NVIDIA GeForce RTX 4070 SUPER	PU:Z:FBG39641	DT:Z:2026-07-15T14:17:26.508000+00:00	tm:Z:none
3	1e17a16c-19a4-46fc-b638-1e2db00f88f8	qs:f:13.8584	ch:i:434	st:Z:2026-07-15T20:03:49.238000+00:00	RG:Z:a40d6b40-d3ad-4fe7-8245-9c92f794f831_dna_r10.4.1_e8.2_400bps_sup@v5.2.0	DS:Z:gpu:NVIDIA GeForce RTX 4070 SUPER	PU:Z:FBG39641	DT:Z:2026-07-15T14:17:26.508000+00:00	tm:Z:adapter,primer rc
3	38ab0fbe-4d10-4739-bb68-ee6ed95c44be	qs:f:14.2458	ch:i:63	st:Z:2026-07-15T20:07:47.892000+00:00	RG:Z:a40d6b40-d3ad-4fe7-8245-9c92f794f831_dna_r10.4.1_e8.2_400bps_sup@v5.2.0	DS:Z:gpu:NVIDIA GeForce RTX 4070 SUPER	PU:Z:FBG39641	DT:Z:2026-07-15T14:17:26.508000+00:00	tm:Z:none
3	c5d3ebc1-99ab-48f8-9176-d70cb4fe1874	qs:f:14.989	ch:i:308	st:Z:2026-07-15T23:04:49.567000+00:00	RG:Z:a40d6b40-d3ad-4fe7-8245-9c92f794f831_dna_r10.4.1_e8.2_400bps_sup@v5.2.0	DS:Z:gpu:NVIDIA GeForce RTX 4070 SUPER	PU:Z:FBG39641	DT:Z:2026-07-15T14:17:26.508000+00:00	tm:Z:adapter,primer
3	246211ca-9458-46a6-8c75-d3770c7b33c4	qs:f:14.4549	ch:i:235	st:Z:2026-07-15T18:11:34.735000+00:00	RG:Z:a40d6b40-d3ad-4fe7-8245-9c92f794f831_dna_r10.4.1_e8.2_400bps_sup@v5.2.0	DS:Z:gpu:NVIDIA GeForce RTX 4070 SUPER	PU:Z:FBG39641	DT:Z:2026-07-15T14:17:26.508000+00:00	tm:Z:none rc
3	e966b5ed-37da-4368-817e-f052af88f902	qs:f:13.3235	ch:i:59	st:Z:2026-07-15T22:33:52.966000+00:00	RG:Z:a40d6b40-d3ad-4fe7-8245-9c92f794f831_dna_r10.4.1_e8.2_400bps_sup@v5.2.0	DS:Z:gpu:NVIDIA GeForce RTX 4070 SUPER	PU:Z:FBG39641	DT:Z:2026-07-15T14:17:26.508000+00:00	tm:Z:adapter,primer
3	1a8a748b-588f-4a02-9362-35f3b8553418	qs:f:14.7895	ch:i:311	st:Z:2026-07-15T16:19:06.682000+00:00	RG:Z:a40d6b40-d3ad-4fe7-8245-9c92f794f831_dna_r10.4.1_e8.2_400bps_sup@v5.2.0	DS:Z:gpu:NVIDIA GeForce RTX 4070 SUPER	PU:Z:FBG39641	DT:Z:2026-07-15T14:17:26.508000+00:00	tm:Z:adapter,primer rc
3	f7edc0c3-61a0-4166-8170-aa805b06a7fb	qs:f:12.8071	ch:i:288	st:Z:2026-07-15T16:34:57.421000+00:00	RG:Z:a40d6b40-d3ad-4fe7-8245-9c92f794f831_dna_r10.4.1_e8.2_400bps_sup@v5.2.0	DS:Z:gpu:NVIDIA GeForce RTX 4070 SUPER	PU:Z:FBG39641	DT:Z:2026-07-15T14:17:26.508000+00:00	tm:Z:adapter,primer rc
3	f3ee35bb-7d77-4a1d-b2df-d1c401f83fc7	qs:f:13.8892	ch:i:509	st:Z:2026-07-15T14:54:00.813000+00:00	RG:Z:a40d6b40-d3ad-4fe7-8245-9c92f794f831_dna_r10.4.1_e8.2_400bps_sup@v5.2.0	DS:Z:gpu:NVIDIA GeForce RTX 4070 SUPER	PU:Z:FBG39641	DT:Z:2026-07-15T14:17:26.508000+00:00	tm:Z:none
3	53ce82bc-a842-4210-b11d-4177679fd6cd	qs:f:14.2138	ch:i:331	st:Z:2026-07-15T21:05:32.530000+00:00	RG:Z:a40d6b40-d3ad-4fe7-8245-9c92f794f831_dna_r10.4.1_e8.2_400bps_sup@v5.2.0	DS:Z:gpu:NVIDIA GeForce RTX 4070 SUPER	PU:Z:FBG39641	DT:Z:2026-07-15T14:17:26.508000+00:00	tm:Z:adapter,primer rc
3	e7139384-f553-4f52-b8a8-e7819f38e599	qs:f:15.7321	ch:i:229	st:Z:2026-07-15T23:36:50.054000+00:00	RG:Z:a40d6b40-d3ad-4fe7-8245-9c92f794f831_dna_r10.4.1_e8.2_400bps_sup@v5.2.0	DS:Z:gpu:NVIDIA GeForce RTX 4070 SUPER	PU:Z:FBG39641	DT:Z:2026-07-15T14:17:26.508000+00:00	tm:Z:none
3202	8f1999d7-6009-4bd2-ba8c-99b05da4aa52	qs:f:14.9671	ch:i:220	st:Z:2026-07-15T20:29:54.728000+00:00	RG:Z:a40d6b40-d3ad-4fe7-8245-9c92f794f831_dna_r10.4.1_e8.2_400bps_sup@v5.2.0	DS:Z:gpu:NVIDIA GeForce RTX 4070 SUPER	PU:Z:FBG39641	DT:Z:2026-07-15T14:17:26.508000+00:00	tm:Z:none rc
3202	e0a63913-9dfd-4286-b4b6-f99f97b42171	qs:f:13.1751	ch:i:291	st:Z:2026-07-15T23:32:39.787000+00:00	RG:Z:a40d6b40-d3ad-4fe7-8245-9c92f794f831_dna_r10.4.1_e8.2_400bps_sup@v5.2.0	DS:Z:gpu:NVIDIA GeForce RTX 4070 SUPER	PU:Z:FBG39641	DT:Z:2026-07-15T14:17:26.508000+00:00	tm:Z:adapter,primer
3202	1b982798-6951-4e79-8bd5-4129110733df	qs:f:17.3274	ch:i:197	st:Z:2026-07-15T16:14:47.903000+00:00	RG:Z:a40d6b40-d3ad-4fe7-8245-9c92f794f831_dna_r10.4.1_e8.2_400bps_sup@v5.2.0	DS:Z:gpu:NVIDIA GeForce RTX 4070 SUPER	PU:Z:FBG39641	DT:Z:2026-07-15T14:17:26.508000+00:00	tm:Z:adapter,primer rc
3202	3dcb8548-1d61-4a37-838e-3084e2adc4fa	qs:f:14.3158	ch:i:127	st:Z:2026-07-15T22:18:36.740000+00:00	RG:Z:a40d6b40-d3ad-4fe7-8245-9c92f794f831_dna_r10.4.1_e8.2_400bps_sup@v5.2.0	DS:Z:gpu:NVIDIA GeForce RTX 4070 SUPER	PU:Z:FBG39641	DT:Z:2026-07-15T14:17:26.508000+00:00	tm:Z:none
3202	b2bc3190-b31d-4c70-8a24-565b16ebdc9d	qs:f:15.3038	ch:i:147	st:Z:2026-07-15T15:37:38.043000+00:00	RG:Z:a40d6b40-d3ad-4fe7-8245-9c92f794f831_dna_r10.4.1_e8.2_400bps_sup@v5.2.0	DS:Z:gpu:NVIDIA GeForce RTX 4070 SUPER	PU:Z:FBG39641	DT:Z:2026-07-15T14:17:26.508000+00:00	tm:Z:adapter,primer
3202	f684c8a3-1f69-4a73-a407-48b401fc57ad	qs:f:11.8598	ch:i:157	st:Z:2026-07-15T18:02:23.736000+00:00	RG:Z:a40d6b40-d3ad-4fe7-8245-9c92f794f831_dna_r10.4.1_e8.2_400bps_sup@v5.2.0	DS:Z:gpu:NVIDIA GeForce RTX 4070 SUPER	PU:Z:FBG39641	DT:Z:2026-07-15T14:17:26.508000+00:00	tm:Z:none
3202	4e6fd072-2cb4-47af-8baf-26bdc1caabef	qs:f:15.2926	ch:i:116	st:Z:2026-07-15T17:01:46.421000+00:00	RG:Z:a40d6b40-d3ad-4fe7-8245-9c92f794f831_dna_r10.4.1_e8.2_400bps_sup@v5.2.0	DS:Z:gpu:NVIDIA GeForce RTX 4070 SUPER	PU:Z:FBG39641	DT:Z:2026-07-15T14:17:26.508000+00:00	tm:Z:none rc
3202	ef6654a0-baad-499d-84dc-55cc99963eed	qs:f:17.1367	ch:i:120	st:Z:2026-07-16T01:18:08.311000+00:00	RG:Z:a40d6b40-d3ad-4fe7-8245-9c92f794f831_dna_r10.4.1_e8.2_400bps_sup@v5.2.0	DS:Z:gpu:NVIDIA GeForce RTX 4070 SUPER	PU:Z:FBG39641	DT:Z:2026-07-15T14:17:26.508000+00:00	tm:Z:adapter,primer rc
3202	fba0516a-ec74-4d3b-9367-04eec11f0855	qs:f:15.0541	ch:i:474	st:Z:2026-07-15T20:13:52.776000+00:00	RG:Z:a40d6b40-d3ad-4fe7-8245-9c92f794f831_dna_r10.4.1_e8.2_400bps_sup@v5.2.0	DS:Z:gpu:NVIDIA GeForce RTX 4070 SUPER	PU:Z:FBG39641	DT:Z:2026-07-15T14:17:26.508000+00:00	tm:Z:none rc
3202	f6e8366c-3def-4150-a860-d4839cdcba17	qs:f:13.4385	ch:i:267	st:Z:2026-07-15T19:51:29.870000+00:00	RG:Z:a40d6b40-d3ad-4fe7-8245-9c92f794f831_dna_r10.4.1_e8.2_400bps_sup@v5.2.0	DS:Z:gpu:NVIDIA GeForce RTX 4070 SUPER	PU:Z:FBG39641	DT:Z:2026-07-15T14:17:26.508000+00:00	tm:Z:none
3202	fee082e8-3c3a-49c7-ba25-02ca923a18fd	qs:f:15.4718	ch:i:156	st:Z:2026-07-15T22:11:10.401000+00:00	RG:Z:a40d6b40-d3ad-4fe7-8245-9c92f794f831_dna_r10.4.1_e8.2_400bps_sup@v5.2.0	DS:Z:gpu:NVIDIA GeForce RTX 4070 SUPER	PU:Z:FBG39641	DT:Z:2026-07-15T14:17:26.508000+00:00	tm:Z:none rc
3202	d6738c26-116f-41fd-ace2-b0cae1a80a88	qs:f:13.9062	ch:i:468	st:Z:2026-07-15T18:57:20.208000+00:00	RG:Z:a40d6b40-d3ad-4fe7-8245-9c92f794f831_dna_r10.4.1_e8.2_400bps_sup@v5.2.0	DS:Z:gpu:NVIDIA GeForce RTX 4070 SUPER	PU:Z:FBG39641	DT:Z:2026-07-15T14:17:26.508000+00:00	tm:Z:none
3202	4833ef62-0b1f-44cb-94e3-c340195df290	qs:f:12.6826	ch:i:475	st:Z:2026-07-15T19:31:59.014000+00:00	RG:Z:a40d6b40-d3ad-4fe7-8245-9c92f794f831_dna_r10.4.1_e8.2_400bps_sup@v5.2.0	DS:Z:gpu:NVIDIA GeForce RTX 4070 SUPER	PU:Z:FBG39641	DT:Z:2026-07-15T14:17:26.508000+00:00	tm:Z:adapter,primer
3202	e65df0a7-066b-410c-8018-388fb0e2b218	qs:f:16.8357	ch:i:45	st:Z:2026-07-15T22:04:30.552000+00:00	RG:Z:a40d6b40-d3ad-4fe7-8245-9c92f794f831_dna_r10.4.1_e8.2_400bps_sup@v5.2.0	DS:Z:gpu:NVIDIA GeForce RTX 4070 SUPER	PU:Z:FBG39641	DT:Z:2026-07-15T14:17:26.508000+00:00	tm:Z:none rc
3202	03de2f33-0272-4e25-9d13-82216d7d05f2	qs:f:15.7033	ch:i:184	st:Z:2026-07-15T22:18:31.167000+00:00	RG:Z:a40d6b40-d3ad-4fe7-8245-9c92f794f831_dna_r10.4.1_e8.2_400bps_sup@v5.2.0	DS:Z:gpu:NVIDIA GeForce RTX 4070 SUPER	PU:Z:FBG39641	DT:Z:2026-07-15T14:17:26.508000+00:00	tm:Z:none rc
3202	f768c389-6763-4682-b517-dde6e810183d	qs:f:15.8175	ch:i:352	st:Z:2026-07-16T01:42:37.291000+00:00	RG:Z:a40d6b40-d3ad-4fe7-8245-9c92f794f831_dna_r10.4.1_e8.2_400bps_sup@v5.2.0	DS:Z:gpu:NVIDIA GeForce RTX 4070 SUPER	PU:Z:FBG39641	DT:Z:2026-07-15T14:17:26.508000+00:00	tm:Z:adapter,primer rc
3202	67d73f8e-0c31-4c63-8ebf-6b21a1cbeb63	qs:f:16.0176	ch:i:413	st:Z:2026-07-15T17:42:57.073000+00:00	RG:Z:a40d6b40-d3ad-4fe7-8245-9c92f794f831_dna_r10.4.1_e8.2_400bps_sup@v5.2.0	DS:Z:gpu:NVIDIA GeForce RTX 4070 SUPER	PU:Z:FBG39641	DT:Z:2026-07-15T14:17:26.508000+00:00	tm:Z:none
3202	9cc531f1-0d7b-4950-8aee-92299be58c36	qs:f:12.3952	ch:i:91	st:Z:2026-07-15T20:42:54.668000+00:00	RG:Z:a40d6b40-d3ad-4fe7-8245-9c92f794f831_dna_r10.4.1_e8.2_400bps_sup@v5.2.0	DS:Z:gpu:NVIDIA GeForce RTX 4070 SUPER	PU:Z:FBG39641	DT:Z:2026-07-15T14:17:26.508000+00:00	tm:Z:adapter,primer rc
3202	4f799226-b008-4d29-989d-294560a1cc70	qs:f:15.3933	ch:i:308	st:Z:2026-07-15T16:09:12.830000+00:00	RG:Z:a40d6b40-d3ad-4fe7-8245-9c92f794f831_dna_r10.4.1_e8.2_400bps_sup@v5.2.0	DS:Z:gpu:NVIDIA GeForce RTX 4070 SUPER	PU:Z:FBG39641	DT:Z:2026-07-15T14:17:26.508000+00:00	tm:Z:adapter,primer rc
3202	9261ac7a-dd74-4d8a-a225-d9f4ac4161dc	qs:f:14.9104	ch:i:443	st:Z:2026-07-15T21:40:45.900000+00:00	RG:Z:a40d6b40-d3ad-4fe7-8245-9c92f794f831_dna_r10.4.1_e8.2_400bps_sup@v5.2.0	DS:Z:gpu:NVIDIA GeForce RTX 4070 SUPER	PU:Z:FBG39641	DT:Z:2026-07-15T14:17:26.508000+00:00	tm:Z:adapter,primer
3202	43a805c1-a682-4353-954d-4133150a326e	qs:f:12.0426	ch:i:71	st:Z:2026-07-16T00:15:42.728000+00:00	RG:Z:a40d6b40-d3ad-4fe7-8245-9c92f794f831_dna_r10.4.1_e8.2_400bps_sup@v5.2.0	DS:Z:gpu:NVIDIA GeForce RTX 4070 SUPER	PU:Z:FBG39641	DT:Z:2026-07-15T14:17:26.508000+00:00	tm:Z:adapter,primer
3202	78b4640e-86ce-4c7e-834e-35e941e45f16	qs:f:15.1713	ch:i:475	st:Z:2026-07-15T20:54:54.931000+00:00	RG:Z:a40d6b40-d3ad-4fe7-8245-9c92f794f831_dna_r10.4.1_e8.2_400bps_sup@v5.2.0	DS:Z:gpu:NVIDIA GeForce RTX 4070 SUPER	PU:Z:FBG39641	DT:Z:2026-07-15T14:17:26.508000+00:00	tm:Z:adapter,primer
3202	703d240f-4a48-4999-b712-cbe806a8834f	qs:f:14.5306	ch:i:204	st:Z:2026-07-15T17:26:21.943000+00:00	RG:Z:a40d6b40-d3ad-4fe7-8245-9c92f794f831_dna_r10.4.1_e8.2_400bps_sup@v5.2.0	DS:Z:gpu:NVIDIA GeForce RTX 4070 SUPER	PU:Z:FBG39641	DT:Z:2026-07-15T14:17:26.508000+00:00	tm:Z:adapter,primer rc
3202	82715933-d657-4dbb-a256-3df365f7f4a6	qs:f:18.0487	ch:i:141	st:Z:2026-07-15T16:52:58.088000+00:00	RG:Z:a40d6b40-d3ad-4fe7-8245-9c92f794f831_dna_r10.4.1_e8.2_400bps_sup@v5.2.0	DS:Z:gpu:NVIDIA GeForce RTX 4070 SUPER	PU:Z:FBG39641	DT:Z:2026-07-15T14:17:26.508000+00:00	tm:Z:none rc
3202	709090ed-c9e3-490d-98ce-211cca514003	qs:f:12.5448	ch:i:217	st:Z:2026-07-15T14:51:44.664000+00:00	RG:Z:a40d6b40-d3ad-4fe7-8245-9c92f794f831_dna_r10.4.1_e8.2_400bps_sup@v5.2.0	DS:Z:gpu:NVIDIA GeForce RTX 4070 SUPER	PU:Z:FBG39641	DT:Z:2026-07-15T14:17:26.508000+00:00	tm:Z:none rc
3202	8b6d2f14-ba4c-42e9-87d5-c26b208a00b0	qs:f:15.9655	ch:i:29	st:Z:2026-07-15T23:18:00.291000+00:00	RG:Z:a40d6b40-d3ad-4fe7-8245-9c92f794f831_dna_r10.4.1_e8.2_400bps_sup@v5.2.0	DS:Z:gpu:NVIDIA GeForce RTX 4070 SUPER	PU:Z:FBG39641	DT:Z:2026-07-15T14:17:26.508000+00:00	tm:Z:none rc
3202	07a90b9b-10d2-4a57-bb1f-2c07a7cd4e67	qs:f:14.2615	ch:i:474	st:Z:2026-07-15T14:26:18.905000+00:00	RG:Z:a40d6b40-d3ad-4fe7-8245-9c92f794f831_dna_r10.4.1_e8.2_400bps_sup@v5.2.0	DS:Z:gpu:NVIDIA GeForce RTX 4070 SUPER	PU:Z:FBG39641	DT:Z:2026-07-15T14:17:26.508000+00:00	tm:Z:adapter,primer rc
3184	5ca7609f-29f1-4276-b6bc-4f26b92f9479	qs:f:18.3554	ch:i:391	st:Z:2026-07-16T00:13:21.212000+00:00	RG:Z:a40d6b40-d3ad-4fe7-8245-9c92f794f831_dna_r10.4.1_e8.2_400bps_sup@v5.2.0	DS:Z:gpu:NVIDIA GeForce RTX 4070 SUPER	PU:Z:FBG39641	DT:Z:2026-07-15T14:17:26.508000+00:00	tm:Z:adapter,primer
3184	ed2d979e-c8ce-44b2-be47-6eae7e970b7c	qs:f:11.7786	ch:i:115	st:Z:2026-07-15T15:02:00.433000+00:00	RG:Z:a40d6b40-d3ad-4fe7-8245-9c92f794f831_dna_r10.4.1_e8.2_400bps_sup@v5.2.0	DS:Z:gpu:NVIDIA GeForce RTX 4070 SUPER	PU:Z:FBG39641	DT:Z:2026-07-15T14:17:26.508000+00:00	tm:Z:none
3184	4ade84fd-1db3-496e-bdb3-e6c9298c90c5	qs:f:22.7747	ch:i:269	st:Z:2026-07-16T00:52:35.883000+00:00	RG:Z:a40d6b40-d3ad-4fe7-8245-9c92f794f831_dna_r10.4.1_e8.2_400bps_sup@v5.2.0	DS:Z:gpu:NVIDIA GeForce RTX 4070 SUPER	PU:Z:FBG39641	DT:Z:2026-07-15T14:17:26.508000+00:00	tm:Z:adapter,primer
3184	8ec56445-ab5f-456f-9e31-ba33e51c1206	qs:f:21.9697	ch:i:84	st:Z:2026-07-15T17:27:57.264000+00:00	RG:Z:a40d6b40-d3ad-4fe7-8245-9c92f794f831_dna_r10.4.1_e8.2_400bps_sup@v5.2.0	DS:Z:gpu:NVIDIA GeForce RTX 4070 SUPER	PU:Z:FBG39641	DT:Z:2026-07-15T14:17:26.508000+00:00	tm:Z:none rc
3184	6abfc3db-a97f-4b85-b089-07b3422c6cb4	qs:f:23.548	ch:i:471	st:Z:2026-07-15T20:54:42.730000+00:00	RG:Z:a40d6b40-d3ad-4fe7-8245-9c92f794f831_dna_r10.4.1_e8.2_400bps_sup@v5.2.0	DS:Z:gpu:NVIDIA GeForce RTX 4070 SUPER	PU:Z:FBG39641	DT:Z:2026-07-15T14:17:26.508000+00:00	tm:Z:adapter,primer
3184	9aeee10a-a8b2-4220-8494-1c9848e366fe	qs:f:14.2795	ch:i:479	st:Z:2026-07-15T16:21:18.908000+00:00	RG:Z:a40d6b40-d3ad-4fe7-8245-9c92f794f831_dna_r10.4.1_e8.2_400bps_sup@v5.2.0	DS:Z:gpu:NVIDIA GeForce RTX 4070 SUPER	PU:Z:FBG39641	DT:Z:2026-07-15T14:17:26.508000+00:00	tm:Z:none rc
3184	cfca0e32-66d5-45ec-8695-183a0dbfffe6	qs:f:17.697	ch:i:223	st:Z:2026-07-15T15:51:38.124000+00:00	RG:Z:a40d6b40-d3ad-4fe7-8245-9c92f794f831_dna_r10.4.1_e8.2_400bps_sup@v5.2.0	DS:Z:gpu:NVIDIA GeForce RTX 4070 SUPER	PU:Z:FBG39641	DT:Z:2026-07-15T14:17:26.508000+00:00	tm:Z:adapter,primer
3184	3cac214a-d0e2-4e88-8c92-7616964876c7	qs:f:23.2902	ch:i:207	st:Z:2026-07-15T23:40:31.316000+00:00	RG:Z:a40d6b40-d3ad-4fe7-8245-9c92f794f831_dna_r10.4.1_e8.2_400bps_sup@v5.2.0	DS:Z:gpu:NVIDIA GeForce RTX 4070 SUPER	PU:Z:FBG39641	DT:Z:2026-07-15T14:17:26.508000+00:00	tm:Z:adapter,primer rc
3184	1691d9f4-a9b8-404a-ab7f-dc2d7558be84	qs:f:22.7872	ch:i:77	st:Z:2026-07-15T14:41:04.611000+00:00	RG:Z:a40d6b40-d3ad-4fe7-8245-9c92f794f831_dna_r10.4.1_e8.2_400bps_sup@v5.2.0	DS:Z:gpu:NVIDIA GeForce RTX 4070 SUPER	PU:Z:FBG39641	DT:Z:2026-07-15T14:17:26.508000+00:00	tm:Z:adapter,primer rc
3184	c9540023-a49b-456f-90a5-3999f4457cd4	qs:f:16.8694	ch:i:218	st:Z:2026-07-15T14:35:53.880000+00:00	RG:Z:a40d6b40-d3ad-4fe7-8245-9c92f794f831_dna_r10.4.1_e8.2_400bps_sup@v5.2.0	DS:Z:gpu:NVIDIA GeForce RTX 4070 SUPER	PU:Z:FBG39641	DT:Z:2026-07-15T14:17:26.508000+00:00	tm:Z:adapter,primer
3184	7a47599c-0b33-4ff1-8d6e-79c2c34d5a2b	qs:f:18.8559	ch:i:224	st:Z:2026-07-15T20:02:28.139000+00:00	RG:Z:a40d6b40-d3ad-4fe7-8245-9c92f794f831_dna_r10.4.1_e8.2_400bps_sup@v5.2.0	DS:Z:gpu:NVIDIA GeForce RTX 4070 SUPER	PU:Z:FBG39641	DT:Z:2026-07-15T14:17:26.508000+00:00	tm:Z:adapter,primer
3184	72b61782-cefe-40a0-a252-021fdc0d02ab	qs:f:17.677	ch:i:474	st:Z:2026-07-15T19:35:25.607000+00:00	RG:Z:a40d6b40-d3ad-4fe7-8245-9c92f794f831_dna_r10.4.1_e8.2_400bps_sup@v5.2.0	DS:Z:gpu:NVIDIA GeForce RTX 4070 SUPER	PU:Z:FBG39641	DT:Z:2026-07-15T14:17:26.508000+00:00	tm:Z:adapter,primer rc
3184	508facc2-361f-4af9-aa36-e2b4ba7b363f	qs:f:19.1376	ch:i:145	st:Z:2026-07-15T16:53:59.969000+00:00	RG:Z:a40d6b40-d3ad-4fe7-8245-9c92f794f831_dna_r10.4.1_e8.2_400bps_sup@v5.2.0	DS:Z:gpu:NVIDIA GeForce RTX 4070 SUPER	PU:Z:FBG39641	DT:Z:2026-07-15T14:17:26.508000+00:00	tm:Z:adapter,primer
3184	aa36fd1b-f6e7-4481-b47c-f7dfb432239e	qs:f:21.7643	ch:i:167	st:Z:2026-07-15T20:04:14.311000+00:00	RG:Z:a40d6b40-d3ad-4fe7-8245-9c92f794f831_dna_r10.4.1_e8.2_400bps_sup@v5.2.0	DS:Z:gpu:NVIDIA GeForce RTX 4070 SUPER	PU:Z:FBG39641	DT:Z:2026-07-15T14:17:26.508000+00:00	tm:Z:adapter,primer
3184	b6d2e84f-d5ca-40fd-ba57-c6ec8bf82fc5	qs:f:19.87	ch:i:416	st:Z:2026-07-15T22:45:20.830000+00:00	RG:Z:a40d6b40-d3ad-4fe7-8245-9c92f794f831_dna_r10.4.1_e8.2_400bps_sup@v5.2.0	DS:Z:gpu:NVIDIA GeForce RTX 4070 SUPER	PU:Z:FBG39641	DT:Z:2026-07-15T14:17:26.508000+00:00	tm:Z:none
3184	701f041d-eed0-4a01-8fff-d09f8f76851f	qs:f:17.5662	ch:i:302	st:Z:2026-07-16T00:05:38.824000+00:00	RG:Z:a40d6b40-d3ad-4fe7-8245-9c92f794f831_dna_r10.4.1_e8.2_400bps_sup@v5.2.0	DS:Z:gpu:NVIDIA GeForce RTX 4070 SUPER	PU:Z:FBG39641	DT:Z:2026-07-15T14:17:26.508000+00:00	tm:Z:adapter,primer
3184	d42732da-ea7a-44a6-846b-a0c1f6bfd49b	qs:f:21.5054	ch:i:209	st:Z:2026-07-15T17:58:53.585000+00:00	RG:Z:a40d6b40-d3ad-4fe7-8245-9c92f794f831_dna_r10.4.1_e8.2_400bps_sup@v5.2.0	DS:Z:gpu:NVIDIA GeForce RTX 4070 SUPER	PU:Z:FBG39641	DT:Z:2026-07-15T14:17:26.508000+00:00	tm:Z:adapter,primer
3184	1450ee01-c328-42ff-be45-924420d269ef	qs:f:14.5345	ch:i:475	st:Z:2026-07-15T22:16:24.747000+00:00	RG:Z:a40d6b40-d3ad-4fe7-8245-9c92f794f831_dna_r10.4.1_e8.2_400bps_sup@v5.2.0	DS:Z:gpu:NVIDIA GeForce RTX 4070 SUPER	PU:Z:FBG39641	DT:Z:2026-07-15T14:17:26.508000+00:00	tm:Z:none
3184	152220a8-b4be-4030-af49-d806d118648f	qs:f:24.3145	ch:i:411	st:Z:2026-07-15T21:29:53.443000+00:00	RG:Z:a40d6b40-d3ad-4fe7-8245-9c92f794f831_dna_r10.4.1_e8.2_400bps_sup@v5.2.0	DS:Z:gpu:NVIDIA GeForce RTX 4070 SUPER	PU:Z:FBG39641	DT:Z:2026-07-15T14:17:26.508000+00:00	tm:Z:adapter,primer
3184	000a20a1-57ce-4a9c-bd91-c137083e1cbf	qs:f:18.3842	ch:i:402	st:Z:2026-07-15T14:37:33.413000+00:00	RG:Z:a40d6b40-d3ad-4fe7-8245-9c92f794f831_dna_r10.4.1_e8.2_400bps_sup@v5.2.0	DS:Z:gpu:NVIDIA GeForce RTX 4070 SUPER	PU:Z:FBG39641	DT:Z:2026-07-15T14:17:26.508000+00:00	tm:Z:adapter,primer rc
3184	b816333c-955d-4f06-9127-a6a5126c628a	qs:f:16.8249	ch:i:45	st:Z:2026-07-15T23:31:21.585000+00:00	RG:Z:a40d6b40-d3ad-4fe7-8245-9c92f794f831_dna_r10.4.1_e8.2_400bps_sup@v5.2.0	DS:Z:gpu:NVIDIA GeForce RTX 4070 SUPER	PU:Z:FBG39641	DT:Z:2026-07-15T14:17:26.508000+00:00	tm:Z:adapter,primer rc
3184	7310579e-dbec-4c7c-b078-1c9e283b312c	qs:f:17.6079	ch:i:405	st:Z:2026-07-16T00:08:05.276000+00:00	RG:Z:a40d6b40-d3ad-4fe7-8245-9c92f794f831_dna_r10.4.1_e8.2_400bps_sup@v5.2.0	DS:Z:gpu:NVIDIA GeForce RTX 4070 SUPER	PU:Z:FBG39641	DT:Z:2026-07-15T14:17:26.508000+00:00	tm:Z:none rc
3184	00728104-b8cd-44b9-982d-5d4581883dd7	qs:f:17.8845	ch:i:308	st:Z:2026-07-15T18:36:53.253000+00:00	RG:Z:a40d6b40-d3ad-4fe7-8245-9c92f794f831_dna_r10.4.1_e8.2_400bps_sup@v5.2.0	DS:Z:gpu:NVIDIA GeForce RTX 4070 SUPER	PU:Z:FBG39641	DT:Z:2026-07-15T14:17:26.508000+00:00	tm:Z:none rc
6281	d46e1f32-2326-4831-b288-7fe746718663	qs:f:14.9224	ch:i:291	st:Z:2026-07-15T14:42:28.206000+00:00	RG:Z:a40d6b40-d3ad-4fe7-8245-9c92f794f831_dna_r10.4.1_e8.2_400bps_sup@v5.2.0	DS:Z:gpu:NVIDIA GeForce RTX 4070 SUPER	PU:Z:FBG39641	DT:Z:2026-07-15T14:17:26.508000+00:00	tm:Z:adapter,primer
6281	a477195f-e425-477c-aef5-d7ebf0465c6c	qs:f:15.4002	ch:i:269	st:Z:2026-07-16T00:17:04.664000+00:00	RG:Z:a40d6b40-d3ad-4fe7-8245-9c92f794f831_dna_r10.4.1_e8.2_400bps_sup@v5.2.0	DS:Z:gpu:NVIDIA GeForce RTX 4070 SUPER	PU:Z:FBG39641	DT:Z:2026-07-15T14:17:26.508000+00:00	tm:Z:none
6281	3b32f4c7-7913-43bf-a617-c4529f227232	qs:f:15.7277	ch:i:297	st:Z:2026-07-16T01:11:29.308000+00:00	RG:Z:a40d6b40-d3ad-4fe7-8245-9c92f794f831_dna_r10.4.1_e8.2_400bps_sup@v5.2.0	DS:Z:gpu:NVIDIA GeForce RTX 4070 SUPER	PU:Z:FBG39641	DT:Z:2026-07-15T14:17:26.508000+00:00	tm:Z:adapter,primer
6281	0ed73fb2-90e1-4653-90ce-ec068bbbdf66	qs:f:14.2534	ch:i:33	st:Z:2026-07-15T19:40:06.775000+00:00	RG:Z:a40d6b40-d3ad-4fe7-8245-9c92f794f831_dna_r10.4.1_e8.2_400bps_sup@v5.2.0	DS:Z:gpu:NVIDIA GeForce RTX 4070 SUPER	PU:Z:FBG39641	DT:Z:2026-07-15T14:17:26.508000+00:00	tm:Z:adapter,primer
6281	48a2864c-5d18-4b13-a8b3-e40a3e48e058	qs:f:14.1622	ch:i:34	st:Z:2026-07-15T14:37:53.314000+00:00	RG:Z:a40d6b40-d3ad-4fe7-8245-9c92f794f831_dna_r10.4.1_e8.2_400bps_sup@v5.2.0	DS:Z:gpu:NVIDIA GeForce RTX 4070 SUPER	PU:Z:FBG39641	DT:Z:2026-07-15T14:17:26.508000+00:00	tm:Z:adapter,primer
6281	781a2500-0a00-48b0-be32-6448ed9b9c85	qs:f:15.9245	ch:i:351	st:Z:2026-07-15T23:25:46.792000+00:00	RG:Z:a40d6b40-d3ad-4fe7-8245-9c92f794f831_dna_r10.4.1_e8.2_400bps_sup@v5.2.0	DS:Z:gpu:NVIDIA GeForce RTX 4070 SUPER	PU:Z:FBG39641	DT:Z:2026-07-15T14:17:26.508000+00:00	tm:Z:adapter,primer rc
6281	139dc0db-9f6d-4b4e-ad15-c02603d4f927	qs:f:12.5294	ch:i:168	st:Z:2026-07-15T20:12:21.708000+00:00	RG:Z:a40d6b40-d3ad-4fe7-8245-9c92f794f831_dna_r10.4.1_e8.2_400bps_sup@v5.2.0	DS:Z:gpu:NVIDIA GeForce RTX 4070 SUPER	PU:Z:FBG39641	DT:Z:2026-07-15T14:17:26.508000+00:00	tm:Z:adapter,primer rc
6281	6ec4b3a2-f1f2-4e17-a49a-41ed0ad67516	qs:f:13.1958	ch:i:180	st:Z:2026-07-16T01:31:10.410000+00:00	RG:Z:a40d6b40-d3ad-4fe7-8245-9c92f794f831_dna_r10.4.1_e8.2_400bps_sup@v5.2.0	DS:Z:gpu:NVIDIA GeForce RTX 4070 SUPER	PU:Z:FBG39641	DT:Z:2026-07-15T14:17:26.508000+00:00	tm:Z:adapter,primer rc
6281	6b342cad-94a0-40f1-a090-885b8070ad6d	qs:f:14.6977	ch:i:351	st:Z:2026-07-15T20:18:59.449000+00:00	RG:Z:a40d6b40-d3ad-4fe7-8245-9c92f794f831_dna_r10.4.1_e8.2_400bps_sup@v5.2.0	DS:Z:gpu:NVIDIA GeForce RTX 4070 SUPER	PU:Z:FBG39641	DT:Z:2026-07-15T14:17:26.508000+00:00	tm:Z:adapter,primer
6281	c90e6f91-528c-482a-877f-5718c81b33f0	qs:f:12.1718	ch:i:290	st:Z:2026-07-15T15:07:25.678000+00:00	RG:Z:a40d6b40-d3ad-4fe7-8245-9c92f794f831_dna_r10.4.1_e8.2_400bps_sup@v5.2.0	DS:Z:gpu:NVIDIA GeForce RTX 4070 SUPER	PU:Z:FBG39641	DT:Z:2026-07-15T14:17:26.508000+00:00	tm:Z:none
6281	ad19d1a0-0012-440a-bd3b-08450acb3987	qs:f:14.6447	ch:i:168	st:Z:2026-07-15T21:37:33.653000+00:00	RG:Z:a40d6b40-d3ad-4fe7-8245-9c92f794f831_dna_r10.4.1_e8.2_400bps_sup@v5.2.0	DS:Z:gpu:NVIDIA GeForce RTX 4070 SUPER	PU:Z:FBG39641	DT:Z:2026-07-15T14:17:26.508000+00:00	tm:Z:none rc
6281	b09b0f8f-2509-45f9-8328-c8fc1ec3d776	qs:f:13.6685	ch:i:46	st:Z:2026-07-16T00:47:21.836000+00:00	RG:Z:a40d6b40-d3ad-4fe7-8245-9c92f794f831_dna_r10.4.1_e8.2_400bps_sup@v5.2.0	DS:Z:gpu:NVIDIA GeForce RTX 4070 SUPER	PU:Z:FBG39641	DT:Z:2026-07-15T14:17:26.508000+00:00	tm:Z:none rc
6281	38c4cc6c-9800-4052-82ca-23b75e8a7e79	qs:f:15.7174	ch:i:390	st:Z:2026-07-16T00:45:36.188000+00:00	RG:Z:a40d6b40-d3ad-4fe7-8245-9c92f794f831_dna_r10.4.1_e8.2_400bps_sup@v5.2.0	DS:Z:gpu:NVIDIA GeForce RTX 4070 SUPER	PU:Z:FBG39641	DT:Z:2026-07-15T14:17:26.508000+00:00	tm:Z:adapter,primer
6281	d0cb9139-aaf2-4b4c-9521-746459c12579	qs:f:13.3217	ch:i:207	st:Z:2026-07-15T18:05:43.875000+00:00	RG:Z:a40d6b40-d3ad-4fe7-8245-9c92f794f831_dna_r10.4.1_e8.2_400bps_sup@v5.2.0	DS:Z:gpu:NVIDIA GeForce RTX 4070 SUPER	PU:Z:FBG39641	DT:Z:2026-07-15T14:17:26.508000+00:00	tm:Z:adapter,primer rc
6281	0db5a773-1efc-41f3-9c69-cd2c290d0278	qs:f:14.3905	ch:i:427	st:Z:2026-07-15T23:53:47.639000+00:00	RG:Z:a40d6b40-d3ad-4fe7-8245-9c92f794f831_dna_r10.4.1_e8.2_400bps_sup@v5.2.0	DS:Z:gpu:NVIDIA GeForce RTX 4070 SUPER	PU:Z:FBG39641	DT:Z:2026-07-15T14:17:26.508000+00:00	tm:Z:none rc
6281	719cf5d0-32e0-4c33-bea9-3e09baf2246c	qs:f:13.9319	ch:i:168	st:Z:2026-07-16T01:09:22.422000+00:00	RG:Z:a40d6b40-d3ad-4fe7-8245-9c92f794f831_dna_r10.4.1_e8.2_400bps_sup@v5.2.0	DS:Z:gpu:NVIDIA GeForce RTX 4070 SUPER	PU:Z:FBG39641	DT:Z:2026-07-15T14:17:26.508000+00:00	tm:Z:none rc
6281	0b036bb5-a5b6-444e-8d40-c9ba75ab3842	qs:f:14.2527	ch:i:184	st:Z:2026-07-15T17:26:04.850000+00:00	RG:Z:a40d6b40-d3ad-4fe7-8245-9c92f794f831_dna_r10.4.1_e8.2_400bps_sup@v5.2.0	DS:Z:gpu:NVIDIA GeForce RTX 4070 SUPER	PU:Z:FBG39641	DT:Z:2026-07-15T14:17:26.508000+00:00	tm:Z:adapter,primer
6281	1da9a856-7cd5-4d5a-9c48-d78a39e49d1a	qs:f:13.665	ch:i:197	st:Z:2026-07-15T16:34:51.858000+00:00	RG:Z:a40d6b40-d3ad-4fe7-8245-9c92f794f831_dna_r10.4.1_e8.2_400bps_sup@v5.2.0	DS:Z:gpu:NVIDIA GeForce RTX 4070 SUPER	PU:Z:FBG39641	DT:Z:2026-07-15T14:17:26.508000+00:00	tm:Z:adapter,primer rc
6281	c1589154-c868-4517-b349-36ff956ec884	qs:f:13.9666	ch:i:220	st:Z:2026-07-16T00:48:38.258000+00:00	RG:Z:a40d6b40-d3ad-4fe7-8245-9c92f794f831_dna_r10.4.1_e8.2_400bps_sup@v5.2.0	DS:Z:gpu:NVIDIA GeForce RTX 4070 SUPER	PU:Z:FBG39641	DT:Z:2026-07-15T14:17:26.508000+00:00	tm:Z:adapter,primer rc
6281	c509c829-fef2-429d-ba6c-5085ca727cdb	qs:f:15.0207	ch:i:380	st:Z:2026-07-15T23:10:26.728000+00:00	RG:Z:a40d6b40-d3ad-4fe7-8245-9c92f794f831_dna_r10.4.1_e8.2_400bps_sup@v5.2.0	DS:Z:gpu:NVIDIA GeForce RTX 4070 SUPER	PU:Z:FBG39641	DT:Z:2026-07-15T14:17:26.508000+00:00	tm:Z:adapter,primer
6281	2f577d86-1395-4319-925c-35266b89742f	qs:f:13.7071	ch:i:141	st:Z:2026-07-15T16:41:19.242000+00:00	RG:Z:a40d6b40-d3ad-4fe7-8245-9c92f794f831_dna_r10.4.1_e8.2_400bps_sup@v5.2.0	DS:Z:gpu:NVIDIA GeForce RTX 4070 SUPER	PU:Z:FBG39641	DT:Z:2026-07-15T14:17:26.508000+00:00	tm:Z:adapter,primer
6281	e2c3222c-ef7e-4584-95e0-82fa4bd2265f	qs:f:13.1375	ch:i:280	st:Z:2026-07-15T21:29:58.875000+00:00	RG:Z:a40d6b40-d3ad-4fe7-8245-9c92f794f831_dna_r10.4.1_e8.2_400bps_sup@v5.2.0	DS:Z:gpu:NVIDIA GeForce RTX 4070 SUPER	PU:Z:FBG39641	DT:Z:2026-07-15T14:17:26.508000+00:00	tm:Z:adapter,primer rc
5917	57b0062f-7c9c-463e-a5d6-da99996ba383	qs:f:12.1446	ch:i:40	st:Z:2026-07-16T00:56:16.552000+00:00	RG:Z:a40d6b40-d3ad-4fe7-8245-9c92f794f831_dna_r10.4.1_e8.2_400bps_sup@v5.2.0	DS:Z:gpu:NVIDIA GeForce RTX 4070 SUPER	PU:Z:FBG39641	DT:Z:2026-07-15T14:17:26.508000+00:00	tm:Z:adapter,primer
5917	292dc71e-b7fa-40bf-b29f-0c684c21afa5	qs:f:11.9012	ch:i:212	st:Z:2026-07-15T17:24:33.053000+00:00	RG:Z:a40d6b40-d3ad-4fe7-8245-9c92f794f831_dna_r10.4.1_e8.2_400bps_sup@v5.2.0	DS:Z:gpu:NVIDIA GeForce RTX 4070 SUPER	PU:Z:FBG39641	DT:Z:2026-07-15T14:17:26.508000+00:00	tm:Z:adapter,primer
5917	cfb36669-1d78-46c5-a2d9-e7179d524b8c	qs:f:17.1012	ch:i:91	st:Z:2026-07-16T01:43:53.297000+00:00	RG:Z:a40d6b40-d3ad-4fe7-8245-9c92f794f831_dna_r10.4.1_e8.2_400bps_sup@v5.2.0	DS:Z:gpu:NVIDIA GeForce RTX 4070 SUPER	PU:Z:FBG39641	DT:Z:2026-07-15T14:17:26.508000+00:00	tm:Z:adapter,primer rc
5917	80c5796a-3327-4a81-b598-0e5b10d84133	qs:f:15.2224	ch:i:352	st:Z:2026-07-15T15:26:38.288000+00:00	RG:Z:a40d6b40-d3ad-4fe7-8245-9c92f794f831_dna_r10.4.1_e8.2_400bps_sup@v5.2.0	DS:Z:gpu:NVIDIA GeForce RTX 4070 SUPER	PU:Z:FBG39641	DT:Z:2026-07-15T14:17:26.508000+00:00	tm:Z:adapter,primer
5917	d17f4366-0fa1-4df4-917b-57cbea3bfd09	qs:f:12.6735	ch:i:29	st:Z:2026-07-15T14:42:25.019000+00:00	RG:Z:a40d6b40-d3ad-4fe7-8245-9c92f794f831_dna_r10.4.1_e8.2_400bps_sup@v5.2.0	DS:Z:gpu:NVIDIA GeForce RTX 4070 SUPER	PU:Z:FBG39641	DT:Z:2026-07-15T14:17:26.508000+00:00	tm:Z:none rc
5917	d37e68c4-837a-4e8b-b6b4-891e45f07689	qs:f:15.2407	ch:i:268	st:Z:2026-07-15T16:34:12.193000+00:00	RG:Z:a40d6b40-d3ad-4fe7-8245-9c92f794f831_dna_r10.4.1_e8.2_400bps_sup@v5.2.0	DS:Z:gpu:NVIDIA GeForce RTX 4070 SUPER	PU:Z:FBG39641	DT:Z:2026-07-15T14:17:26.508000+00:00	tm:Z:none rc
5917	641fea52-b8d6-465a-91e7-ed86f9006c45	qs:f:14.0955	ch:i:352	st:Z:2026-07-16T01:45:38.156000+00:00	RG:Z:a40d6b40-d3ad-4fe7-8245-9c92f794f831_dna_r10.4.1_e8.2_400bps_sup@v5.2.0	DS:Z:gpu:NVIDIA GeForce RTX 4070 SUPER	PU:Z:FBG39641	DT:Z:2026-07-15T14:17:26.508000+00:00	tm:Z:adapter,primer rc
5917	13f02df8-6b7c-4a7b-891a-1cc56e045a29	qs:f:12.986	ch:i:136	st:Z:2026-07-16T01:23:04.721000+00:00	RG:Z:a40d6b40-d3ad-4fe7-8245-9c92f794f831_dna_r10.4.1_e8.2_400bps_sup@v5.2.0	DS:Z:gpu:NVIDIA GeForce RTX 4070 SUPER	PU:Z:FBG39641	DT:Z:2026-07-15T14:17:26.508000+00:00	tm:Z:none rc
5917	7ac8a953-996e-4b54-9dfe-231906512fdf	qs:f:11.8764	ch:i:324	st:Z:2026-07-15T16:26:50.877000+00:00	RG:Z:a40d6b40-d3ad-4fe7-8245-9c92f794f831_dna_r10.4.1_e8.2_400bps_sup@v5.2.0	DS:Z:gpu:NVIDIA GeForce RTX 4070 SUPER	PU:Z:FBG39641	DT:Z:2026-07-15T14:17:26.508000+00:00	tm:Z:adapter,primer rc
5917	4572f870-e307-4f21-9f19-c6290ca7f0e0	qs:f:15.3921	ch:i:502	st:Z:2026-07-15T20:22:53.971000+00:00	RG:Z:a40d6b40-d3ad-4fe7-8245-9c92f794f831_dna_r10.4.1_e8.2_400bps_sup@v5.2.0	DS:Z:gpu:NVIDIA GeForce RTX 4070 SUPER	PU:Z:FBG39641	DT:Z:2026-07-15T14:17:26.508000+00:00	tm:Z:adapter,primer rc
5917	185035f9-a262-4e48-a77f-4a5ce1b016cf	qs:f:13.5875	ch:i:184	st:Z:2026-07-15T19:00:16.163000+00:00	RG:Z:a40d6b40-d3ad-4fe7-8245-9c92f794f831_dna_r10.4.1_e8.2_400bps_sup@v5.2.0	DS:Z:gpu:NVIDIA GeForce RTX 4070 SUPER	PU:Z:FBG39641	DT:Z:2026-07-15T14:17:26.508000+00:00	tm:Z:adapter,primer rc
5917	02672fea-71b9-4c2d-9e8a-686ac6b80a6b	qs:f:14.4355	ch:i:398	st:Z:2026-07-15T20:09:21.709000+00:00	RG:Z:a40d6b40-d3ad-4fe7-8245-9c92f794f831_dna_r10.4.1_e8.2_400bps_sup@v5.2.0	DS:Z:gpu:NVIDIA GeForce RTX 4070 SUPER	PU:Z:FBG39641	DT:Z:2026-07-15T14:17:26.508000+00:00	tm:Z:adapter,primer rc
5917	7db722a5-3059-48c1-8f88-8cdd2f16bc11	qs:f:13.6768	ch:i:7	st:Z:2026-07-15T21:38:34.772000+00:00	RG:Z:a40d6b40-d3ad-4fe7-8245-9c92f794f831_dna_r10.4.1_e8.2_400bps_sup@v5.2.0	DS:Z:gpu:NVIDIA GeForce RTX 4070 SUPER	PU:Z:FBG39641	DT:Z:2026-07-15T14:17:26.508000+00:00	tm:Z:none rc
5917	3998f022-dff1-4790-9fc5-491ab8541699	qs:f:13.8672	ch:i:28	st:Z:2026-07-15T23:23:54.435000+00:00	RG:Z:a40d6b40-d3ad-4fe7-8245-9c92f794f831_dna_r10.4.1_e8.2_400bps_sup@v5.2.0	DS:Z:gpu:NVIDIA GeForce RTX 4070 SUPER	PU:Z:FBG39641	DT:Z:2026-07-15T14:17:26.508000+00:00	tm:Z:none rc
5917	ee90db8e-9048-4786-96e2-7fda37fbb13f	qs:f:14.0551	ch:i:495	st:Z:2026-07-15T19:32:25.222000+00:00	RG:Z:a40d6b40-d3ad-4fe7-8245-9c92f794f831_dna_r10.4.1_e8.2_400bps_sup@v5.2.0	DS:Z:gpu:NVIDIA GeForce RTX 4070 SUPER	PU:Z:FBG39641	DT:Z:2026-07-15T14:17:26.508000+00:00	tm:Z:adapter,primer
5917	671a19cb-ba75-4b06-9e5c-24b33f2261a8	qs:f:10.7743	ch:i:173	st:Z:2026-07-15T15:27:52.398000+00:00	RG:Z:a40d6b40-d3ad-4fe7-8245-9c92f794f831_dna_r10.4.1_e8.2_400bps_sup@v5.2.0	DS:Z:gpu:NVIDIA GeForce RTX 4070 SUPER	PU:Z:FBG39641	DT:Z:2026-07-15T14:17:26.508000+00:00	tm:Z:none
5917	21f7c856-6edc-4853-8b5c-6de81d259fea	qs:f:12.5374	ch:i:82	st:Z:2026-07-15T22:14:49.948000+00:00	RG:Z:a40d6b40-d3ad-4fe7-8245-9c92f794f831_dna_r10.4.1_e8.2_400bps_sup@v5.2.0	DS:Z:gpu:NVIDIA GeForce RTX 4070 SUPER	PU:Z:FBG39641	DT:Z:2026-07-15T14:17:26.508000+00:00	tm:Z:adapter,primer
9354	24964cdd-8f63-477e-b8ca-1e3684817a7a	qs:f:12.3036	ch:i:416	st:Z:2026-07-15T20:35:48.881000+00:00	RG:Z:a40d6b40-d3ad-4fe7-8245-9c92f794f831_dna_r10.4.1_e8.2_400bps_sup@v5.2.0	DS:Z:gpu:NVIDIA GeForce RTX 4070 SUPER	PU:Z:FBG39641	DT:Z:2026-07-15T14:17:26.508000+00:00	tm:Z:none
9354	6eccc178-eaa5-46ac-b5d3-5ea5f381fb64	qs:f:12.0656	ch:i:134	st:Z:2026-07-15T15:31:40.349000+00:00	RG:Z:a40d6b40-d3ad-4fe7-8245-9c92f794f831_dna_r10.4.1_e8.2_400bps_sup@v5.2.0	DS:Z:gpu:NVIDIA GeForce RTX 4070 SUPER	PU:Z:FBG39641	DT:Z:2026-07-15T14:17:26.508000+00:00	tm:Z:adapter,primer
9354	2ff51a1a-6e6f-447e-a916-5321976e99fd	qs:f:12.0406	ch:i:440	st:Z:2026-07-15T22:32:16.122000+00:00	RG:Z:a40d6b40-d3ad-4fe7-8245-9c92f794f831_dna_r10.4.1_e8.2_400bps_sup@v5.2.0	DS:Z:gpu:NVIDIA GeForce RTX 4070 SUPER	PU:Z:FBG39641	DT:Z:2026-07-15T14:17:26.508000+00:00	tm:Z:adapter,primer rc
9354	1f37f2dd-03d8-48a8-93a7-d227f55f1f81	qs:f:12.404	ch:i:31	st:Z:2026-07-15T22:12:37.649000+00:00	RG:Z:a40d6b40-d3ad-4fe7-8245-9c92f794f831_dna_r10.4.1_e8.2_400bps_sup@v5.2.0	DS:Z:gpu:NVIDIA GeForce RTX 4070 SUPER	PU:Z:FBG39641	DT:Z:2026-07-15T14:17:26.508000+00:00	tm:Z:none rc
9354	d85a7139-8053-4f68-864f-e62617a91d32	qs:f:13.4764	ch:i:470	st:Z:2026-07-15T14:50:33.201000+00:00	RG:Z:a40d6b40-d3ad-4fe7-8245-9c92f794f831_dna_r10.4.1_e8.2_400bps_sup@v5.2.0	DS:Z:gpu:NVIDIA GeForce RTX 4070 SUPER	PU:Z:FBG39641	DT:Z:2026-07-15T14:17:26.508000+00:00	tm:Z:none rc
9354	5c7c12a2-c2a5-4cae-b68c-f0eaf0c90cae	qs:f:12.285	ch:i:7	st:Z:2026-07-15T17:42:34.421000+00:00	RG:Z:a40d6b40-d3ad-4fe7-8245-9c92f794f831_dna_r10.4.1_e8.2_400bps_sup@v5.2.0	DS:Z:gpu:NVIDIA GeForce RTX 4070 SUPER	PU:Z:FBG39641	DT:Z:2026-07-15T14:17:26.508000+00:00	tm:Z:adapter,primer
9354	33a13f5d-e5f5-4ea6-840c-19012ea3e8cb	qs:f:9.89167	ch:i:148	st:Z:2026-07-15T21:06:35.385000+00:00	RG:Z:a40d6b40-d3ad-4fe7-8245-9c92f794f831_dna_r10.4.1_e8.2_400bps_sup@v5.2.0	DS:Z:gpu:NVIDIA GeForce RTX 4070 SUPER	PU:Z:FBG39641	DT:Z:2026-07-15T14:17:26.508000+00:00	tm:Z:adapter,primer
9354	fe637d47-6722-44c2-9229-304f14f23d94	qs:f:11.6723	ch:i:178	st:Z:2026-07-15T15:44:06.435000+00:00	RG:Z:a40d6b40-d3ad-4fe7-8245-9c92f794f831_dna_r10.4.1_e8.2_400bps_sup@v5.2.0	DS:Z:gpu:NVIDIA GeForce RTX 4070 SUPER	PU:Z:FBG39641	DT:Z:2026-07-15T14:17:26.508000+00:00	tm:Z:adapter,primer rc
9354	ef8c6c5a-760a-4d28-bb87-5fcd485d8a45	qs:f:11.6684	ch:i:189	st:Z:2026-07-15T15:15:49.650000+00:00	RG:Z:a40d6b40-d3ad-4fe7-8245-9c92f794f831_dna_r10.4.1_e8.2_400bps_sup@v5.2.0	DS:Z:gpu:NVIDIA GeForce RTX 4070 SUPER	PU:Z:FBG39641	DT:Z:2026-07-15T14:17:26.508000+00:00	tm:Z:adapter,primer
9354	4a08644e-3bdb-42d5-9e9f-657d672e71fe	qs:f:13.3261	ch:i:341	st:Z:2026-07-15T20:34:18.108000+00:00	RG:Z:a40d6b40-d3ad-4fe7-8245-9c92f794f831_dna_r10.4.1_e8.2_400bps_sup@v5.2.0	DS:Z:gpu:NVIDIA GeForce RTX 4070 SUPER	PU:Z:FBG39641	DT:Z:2026-07-15T14:17:26.508000+00:00	tm:Z:adapter,primer
9354	bf279c46-51e6-424d-85ef-b502d490a0e2	qs:f:11.3696	ch:i:40	st:Z:2026-07-15T18:16:41.489000+00:00	RG:Z:a40d6b40-d3ad-4fe7-8245-9c92f794f831_dna_r10.4.1_e8.2_400bps_sup@v5.2.0	DS:Z:gpu:NVIDIA GeForce RTX 4070 SUPER	PU:Z:FBG39641	DT:Z:2026-07-15T14:17:26.508000+00:00	tm:Z:adapter,primer
9354	baa37750-3453-4550-9a2f-9d776dc57d02	qs:f:12.1773	ch:i:212	st:Z:2026-07-15T14:44:02.531000+00:00	RG:Z:a40d6b40-d3ad-4fe7-8245-9c92f794f831_dna_r10.4.1_e8.2_400bps_sup@v5.2.0	DS:Z:gpu:NVIDIA GeForce RTX 4070 SUPER	PU:Z:FBG39641	DT:Z:2026-07-15T14:17:26.508000+00:00	tm:Z:none rc
9354	8b87828d-778f-4cf8-8e36-c31e19d51693	qs:f:11.4241	ch:i:29	st:Z:2026-07-15T22:33:14.751000+00:00	RG:Z:a40d6b40-d3ad-4fe7-8245-9c92f794f831_dna_r10.4.1_e8.2_400bps_sup@v5.2.0	DS:Z:gpu:NVIDIA GeForce RTX 4070 SUPER	PU:Z:FBG39641	DT:Z:2026-07-15T14:17:26.508000+00:00	tm:Z:none
9354	a64fc00a-7a5b-46dc-b6c9-16e76549dab6	qs:f:11.5977	ch:i:436	st:Z:2026-07-15T23:42:33.719000+00:00	RG:Z:a40d6b40-d3ad-4fe7-8245-9c92f794f831_dna_r10.4.1_e8.2_400bps_sup@v5.2.0	DS:Z:gpu:NVIDIA GeForce RTX 4070 SUPER	PU:Z:FBG39641	DT:Z:2026-07-15T14:17:26.508000+00:00	tm:Z:adapter,primer
9354	9cbf28fd-9e47-4171-b27f-d482f8ba0ab0	qs:f:10.3655	ch:i:434	st:Z:2026-07-15T21:08:33.042000+00:00	RG:Z:a40d6b40-d3ad-4fe7-8245-9c92f794f831_dna_r10.4.1_e8.2_400bps_sup@v5.2.0	DS:Z:gpu:NVIDIA GeForce RTX 4070 SUPER	PU:Z:FBG39641	DT:Z:2026-07-15T14:17:26.508000+00:00	tm:Z:adapter,primer
9354	fe5cf71d-6789-4643-b85e-57c6dd335491	qs:f:11.6366	ch:i:72	st:Z:2026-07-15T21:05:43.300000+00:00	RG:Z:a40d6b40-d3ad-4fe7-8245-9c92f794f831_dna_r10.4.1_e8.2_400bps_sup@v5.2.0	DS:Z:gpu:NVIDIA GeForce RTX 4070 SUPER	PU:Z:FBG39641	DT:Z:2026-07-15T14:17:26.508000+00:00	tm:Z:none rc
9354	fd03b35f-8df3-45d1-9d6e-35f631f91731	qs:f:13.0679	ch:i:389	st:Z:2026-07-15T17:13:25.945000+00:00	RG:Z:a40d6b40-d3ad-4fe7-8245-9c92f794f831_dna_r10.4.1_e8.2_400bps_sup@v5.2.0	DS:Z:gpu:NVIDIA GeForce RTX 4070 SUPER	PU:Z:FBG39641	DT:Z:2026-07-15T14:17:26.508000+00:00	tm:Z:adapter,primer rc
9360	133d85df-5cb9-4e66-8252-8f13417ee93f	qs:f:12.0309	ch:i:156	st:Z:2026-07-15T16:24:48.456000+00:00	RG:Z:a40d6b40-d3ad-4fe7-8245-9c92f794f831_dna_r10.4.1_e8.2_400bps_sup@v5.2.0	DS:Z:gpu:NVIDIA GeForce RTX 4070 SUPER	PU:Z:FBG39641	DT:Z:2026-07-15T14:17:26.508000+00:00	tm:Z:adapter,primer
9360	6ddb3732-564f-4c34-bf65-3f1226627e61	qs:f:14.9006	ch:i:26	st:Z:2026-07-15T15:55:02.526000+00:00	RG:Z:a40d6b40-d3ad-4fe7-8245-9c92f794f831_dna_r10.4.1_e8.2_400bps_sup@v5.2.0	DS:Z:gpu:NVIDIA GeForce RTX 4070 SUPER	PU:Z:FBG39641	DT:Z:2026-07-15T14:17:26.508000+00:00	tm:Z:none rc
9360	108502f4-74ab-4a4a-b42c-94a777146cae	qs:f:12.7201	ch:i:343	st:Z:2026-07-15T19:26:32.594000+00:00	RG:Z:a40d6b40-d3ad-4fe7-8245-9c92f794f831_dna_r10.4.1_e8.2_400bps_sup@v5.2.0	DS:Z:gpu:NVIDIA GeForce RTX 4070 SUPER	PU:Z:FBG39641	DT:Z:2026-07-15T14:17:26.508000+00:00	tm:Z:adapter,primer rc
9360	40a5b2d8-b383-4bf0-a7dc-7bed7a27e5b7	qs:f:13.4202	ch:i:351	st:Z:2026-07-15T16:35:06.705000+00:00	RG:Z:a40d6b40-d3ad-4fe7-8245-9c92f794f831_dna_r10.4.1_e8.2_400bps_sup@v5.2.0	DS:Z:gpu:NVIDIA GeForce RTX 4070 SUPER	PU:Z:FBG39641	DT:Z:2026-07-15T14:17:26.508000+00:00	tm:Z:adapter,primer rc
9360	71d590c0-0921-44c4-897c-18afda741c2f	qs:f:11.7131	ch:i:450	st:Z:2026-07-15T23:52:36.004000+00:00	RG:Z:a40d6b40-d3ad-4fe7-8245-9c92f794f831_dna_r10.4.1_e8.2_400bps_sup@v5.2.0	DS:Z:gpu:NVIDIA GeForce RTX 4070 SUPER	PU:Z:FBG39641	DT:Z:2026-07-15T14:17:26.508000+00:00	tm:Z:adapter,primer
9360	05774a60-f7e9-42dd-932d-a9a79489824d	qs:f:13.6771	ch:i:335	st:Z:2026-07-15T23:04:22.452000+00:00	RG:Z:a40d6b40-d3ad-4fe7-8245-9c92f794f831_dna_r10.4.1_e8.2_400bps_sup@v5.2.0	DS:Z:gpu:NVIDIA GeForce RTX 4070 SUPER	PU:Z:FBG39641	DT:Z:2026-07-15T14:17:26.508000+00:00	tm:Z:adapter,primer rc
9360	c9061011-63a4-4340-9379-57c7ea402424	qs:f:10.6532	ch:i:31	st:Z:2026-07-15T22:48:25.645000+00:00	RG:Z:a40d6b40-d3ad-4fe7-8245-9c92f794f831_dna_r10.4.1_e8.2_400bps_sup@v5.2.0	DS:Z:gpu:NVIDIA GeForce RTX 4070 SUPER	PU:Z:FBG39641	DT:Z:2026-07-15T14:17:26.508000+00:00	tm:Z:none
9360	39dcec86-fd9a-445b-ba4e-2a9445a9a80c	qs:f:12.0807	ch:i:159	st:Z:2026-07-15T17:41:44.909000+00:00	RG:Z:a40d6b40-d3ad-4fe7-8245-9c92f794f831_dna_r10.4.1_e8.2_400bps_sup@v5.2.0	DS:Z:gpu:NVIDIA GeForce RTX 4070 SUPER	PU:Z:FBG39641	DT:Z:2026-07-15T14:17:26.508000+00:00	tm:Z:adapter,primer
9360	fc640da6-9c6b-4578-a736-e1d9bcfa646b	qs:f:11.4648	ch:i:236	st:Z:2026-07-16T00:37:21.160000+00:00	RG:Z:a40d6b40-d3ad-4fe7-8245-9c92f794f831_dna_r10.4.1_e8.2_400bps_sup@v5.2.0	DS:Z:gpu:NVIDIA GeForce RTX 4070 SUPER	PU:Z:FBG39641	DT:Z:2026-07-15T14:17:26.508000+00:00	tm:Z:adapter,primer
9360	2fc2e87d-a2da-4db5-818b-6a1f5cc3b90a	qs:f:12.279	ch:i:509	st:Z:2026-07-15T14:42:51.985000+00:00	RG:Z:a40d6b40-d3ad-4fe7-8245-9c92f794f831_dna_r10.4.1_e8.2_400bps_sup@v5.2.0	DS:Z:gpu:NVIDIA GeForce RTX 4070 SUPER	PU:Z:FBG39641	DT:Z:2026-07-15T14:17:26.508000+00:00	tm:Z:adapter,primer rc
9360	dd45820c-a6f2-4c97-94ba-57ac24e9e16d	qs:f:11.8814	ch:i:243	st:Z:2026-07-15T16:56:40.973000+00:00	RG:Z:a40d6b40-d3ad-4fe7-8245-9c92f794f831_dna_r10.4.1_e8.2_400bps_sup@v5.2.0	DS:Z:gpu:NVIDIA GeForce RTX 4070 SUPER	PU:Z:FBG39641	DT:Z:2026-07-15T14:17:26.508000+00:00	tm:Z:adapter,primer
9360	837a2637-68af-4783-90c1-7e0685f9f339	qs:f:11.8852	ch:i:155	st:Z:2026-07-15T15:49:30.917000+00:00	RG:Z:a40d6b40-d3ad-4fe7-8245-9c92f794f831_dna_r10.4.1_e8.2_400bps_sup@v5.2.0	DS:Z:gpu:NVIDIA GeForce RTX 4070 SUPER	PU:Z:FBG39641	DT:Z:2026-07-15T14:17:26.508000+00:00	tm:Z:adapter,primer
9360	b21b57c5-c9d3-45ca-ba11-413b84cac3d3	qs:f:11.2919	ch:i:170	st:Z:2026-07-15T23:41:57.511000+00:00	RG:Z:a40d6b40-d3ad-4fe7-8245-9c92f794f831_dna_r10.4.1_e8.2_400bps_sup@v5.2.0	DS:Z:gpu:NVIDIA GeForce RTX 4070 SUPER	PU:Z:FBG39641	DT:Z:2026-07-15T14:17:26.508000+00:00	tm:Z:adapter,primer
9360	24a9d92b-364b-4b48-a75f-57d8d9f6c79a	qs:f:12.75	ch:i:15	st:Z:2026-07-15T18:55:52.778000+00:00	RG:Z:a40d6b40-d3ad-4fe7-8245-9c92f794f831_dna_r10.4.1_e8.2_400bps_sup@v5.2.0	DS:Z:gpu:NVIDIA GeForce RTX 4070 SUPER	PU:Z:FBG39641	DT:Z:2026-07-15T14:17:26.508000+00:00	tm:Z:none rc
3077	77fcd214-6972-482e-94b5-c6c05640d132	qs:f:16.3192	ch:i:359	st:Z:2026-07-15T20:33:14.271000+00:00	RG:Z:a40d6b40-d3ad-4fe7-8245-9c92f794f831_dna_r10.4.1_e8.2_400bps_sup@v5.2.0	DS:Z:gpu:NVIDIA GeForce RTX 4070 SUPER	PU:Z:FBG39641	DT:Z:2026-07-15T14:17:26.508000+00:00	tm:Z:adapter,primer rc
3077	32143b80-ba0d-494a-9b12-1e16261a89d9	qs:f:16.4362	ch:i:510	st:Z:2026-07-15T23:40:28.324000+00:00	RG:Z:a40d6b40-d3ad-4fe7-8245-9c92f794f831_dna_r10.4.1_e8.2_400bps_sup@v5.2.0	DS:Z:gpu:NVIDIA GeForce RTX 4070 SUPER	PU:Z:FBG39641	DT:Z:2026-07-15T14:17:26.508000+00:00	tm:Z:none
3077	743f77a4-2f2c-4a3e-9468-e55eecce60f9	qs:f:15.4711	ch:i:156	st:Z:2026-07-15T18:54:42.094000+00:00	RG:Z:a40d6b40-d3ad-4fe7-8245-9c92f794f831_dna_r10.4.1_e8.2_400bps_sup@v5.2.0	DS:Z:gpu:NVIDIA GeForce RTX 4070 SUPER	PU:Z:FBG39641	DT:Z:2026-07-15T14:17:26.508000+00:00	tm:Z:none rc
3077	6f37f2fb-3b51-444a-a0c5-0b3432b81cbd	qs:f:13.1525	ch:i:350	st:Z:2026-07-15T19:50:06.863000+00:00	RG:Z:a40d6b40-d3ad-4fe7-8245-9c92f794f831_dna_r10.4.1_e8.2_400bps_sup@v5.2.0	DS:Z:gpu:NVIDIA GeForce RTX 4070 SUPER	PU:Z:FBG39641	DT:Z:2026-07-15T14:17:26.508000+00:00	tm:Z:none
3077	d670f295-ef16-422c-9a5c-2beeb9359a31	qs:f:12.9618	ch:i:436	st:Z:2026-07-15T21:50:11.677000+00:00	RG:Z:a40d6b40-d3ad-4fe7-8245-9c92f794f831_dna_r10.4.1_e8.2_400bps_sup@v5.2.0	DS:Z:gpu:NVIDIA GeForce RTX 4070 SUPER	PU:Z:FBG39641	DT:Z:2026-07-15T14:17:26.508000+00:00	tm:Z:adapter,primer rc
3077	e72409bf-f892-463d-a379-cada9d0e3bff	qs:f:13.7105	ch:i:93	st:Z:2026-07-15T19:19:15.509000+00:00	RG:Z:a40d6b40-d3ad-4fe7-8245-9c92f794f831_dna_r10.4.1_e8.2_400bps_sup@v5.2.0	DS:Z:gpu:NVIDIA GeForce RTX 4070 SUPER	PU:Z:FBG39641	DT:Z:2026-07-15T14:17:26.508000+00:00	tm:Z:none
3077	58dc4b04-3e9a-48d1-923e-208bd9bde3f4	qs:f:14.9221	ch:i:31	st:Z:2026-07-15T16:57:21.714000+00:00	RG:Z:a40d6b40-d3ad-4fe7-8245-9c92f794f831_dna_r10.4.1_e8.2_400bps_sup@v5.2.0	DS:Z:gpu:NVIDIA GeForce RTX 4070 SUPER	PU:Z:FBG39641	DT:Z:2026-07-15T14:17:26.508000+00:00	tm:Z:none rc
3077	7dc95928-c3d0-47fe-8217-9b5bbbe7f603	qs:f:13.1593	ch:i:263	st:Z:2026-07-15T18:07:20.056000+00:00	RG:Z:a40d6b40-d3ad-4fe7-8245-9c92f794f831_dna_r10.4.1_e8.2_400bps_sup@v5.2.0	DS:Z:gpu:NVIDIA GeForce RTX 4070 SUPER	PU:Z:FBG39641	DT:Z:2026-07-15T14:17:26.508000+00:00	tm:Z:adapter,primer rc
3077	93600a49-476e-48e2-9bfd-1a2609799ec7	qs:f:15.1955	ch:i:322	st:Z:2026-07-15T15:15:52.454000+00:00	RG:Z:a40d6b40-d3ad-4fe7-8245-9c92f794f831_dna_r10.4.1_e8.2_400bps_sup@v5.2.0	DS:Z:gpu:NVIDIA GeForce RTX 4070 SUPER	PU:Z:FBG39641	DT:Z:2026-07-15T14:17:26.508000+00:00	tm:Z:none rc
3077	b7cffd56-135d-4190-a394-187fc155a8b9	qs:f:14.7743	ch:i:419	st:Z:2026-07-15T23:27:03.852000+00:00	RG:Z:a40d6b40-d3ad-4fe7-8245-9c92f794f831_dna_r10.4.1_e8.2_400bps_sup@v5.2.0	DS:Z:gpu:NVIDIA GeForce RTX 4070 SUPER	PU:Z:FBG39641	DT:Z:2026-07-15T14:17:26.508000+00:00	tm:Z:none rc
3077	01523aca-faee-47e6-b878-2781771c59c0	qs:f:13.5118	ch:i:184	st:Z:2026-07-15T22:19:04.696000+00:00	RG:Z:a40d6b40-d3ad-4fe7-8245-9c92f794f831_dna_r10.4.1_e8.2_400bps_sup@v5.2.0	DS:Z:gpu:NVIDIA GeForce RTX 4070 SUPER	PU:Z:FBG39641	DT:Z:2026-07-15T14:17:26.508000+00:00	tm:Z:adapter,primer rc
3077	8e27d322-0f63-4950-99b6-6712af39cbc1	qs:f:13.9623	ch:i:350	st:Z:2026-07-15T16:49:09.442000+00:00	RG:Z:a40d6b40-d3ad-4fe7-8245-9c92f794f831_dna_r10.4.1_e8.2_400bps_sup@v5.2.0	DS:Z:gpu:NVIDIA GeForce RTX 4070 SUPER	PU:Z:FBG39641	DT:Z:2026-07-15T14:17:26.508000+00:00	tm:Z:none
3077	1a50c27d-dda9-499b-8e9b-1369b6aad7eb	qs:f:13.1556	ch:i:387	st:Z:2026-07-15T17:54:08.378000+00:00	RG:Z:a40d6b40-d3ad-4fe7-8245-9c92f794f831_dna_r10.4.1_e8.2_400bps_sup@v5.2.0	DS:Z:gpu:NVIDIA GeForce RTX 4070 SUPER	PU:Z:FBG39641	DT:Z:2026-07-15T14:17:26.508000+00:00	tm:Z:none
3235	5c7b5c9f-1ea7-4df5-a32d-4ca14f91bf45	qs:f:14.7737	ch:i:380	st:Z:2026-07-15T23:36:16.422000+00:00	RG:Z:a40d6b40-d3ad-4fe7-8245-9c92f794f831_dna_r10.4.1_e8.2_400bps_sup@v5.2.0	DS:Z:gpu:NVIDIA GeForce RTX 4070 SUPER	PU:Z:FBG39641	DT:Z:2026-07-15T14:17:26.508000+00:00	tm:Z:none
3235	939b95cb-4272-444c-a52c-a506b7275909	qs:f:17.9505	ch:i:391	st:Z:2026-07-15T15:39:05.480000+00:00	RG:Z:a40d6b40-d3ad-4fe7-8245-9c92f794f831_dna_r10.4.1_e8.2_400bps_sup@v5.2.0	DS:Z:gpu:NVIDIA GeForce RTX 4070 SUPER	PU:Z:FBG39641	DT:Z:2026-07-15T14:17:26.508000+00:00	tm:Z:adapter,primer
3235	33bf8966-6a31-4043-88fa-1dfe3e347e94	qs:f:16.0133	ch:i:221	st:Z:2026-07-16T02:03:39.994000+00:00	RG:Z:a40d6b40-d3ad-4fe7-8245-9c92f794f831_dna_r10.4.1_e8.2_400bps_sup@v5.2.0	DS:Z:gpu:NVIDIA GeForce RTX 4070 SUPER	PU:Z:FBG39641	DT:Z:2026-07-15T14:17:26.508000+00:00	tm:Z:adapter,primer rc
3235	2688644b-02fb-4115-b833-776873491ff5	qs:f:15.9826	ch:i:155	st:Z:2026-07-15T18:20:06.580000+00:00	RG:Z:a40d6b40-d3ad-4fe7-8245-9c92f794f831_dna_r10.4.1_e8.2_400bps_sup@v5.2.0	DS:Z:gpu:NVIDIA GeForce RTX 4070 SUPER	PU:Z:FBG39641	DT:Z:2026-07-15T14:17:26.508000+00:00	tm:Z:adapter,primer rc
3235	5b6eccc7-6f8d-4058-813a-32af6db9eb68	qs:f:15.731	ch:i:153	st:Z:2026-07-15T20:51:08.442000+00:00	RG:Z:a40d6b40-d3ad-4fe7-8245-9c92f794f831_dna_r10.4.1_e8.2_400bps_sup@v5.2.0	DS:Z:gpu:NVIDIA GeForce RTX 4070 SUPER	PU:Z:FBG39641	DT:Z:2026-07-15T14:17:26.508000+00:00	tm:Z:none rc
3235	76db484e-ad20-4f25-8171-22e57c96c24a	qs:f:14.8743	ch:i:198	st:Z:2026-07-15T22:02:28.810000+00:00	RG:Z:a40d6b40-d3ad-4fe7-8245-9c92f794f831_dna_r10.4.1_e8.2_400bps_sup@v5.2.0	DS:Z:gpu:NVIDIA GeForce RTX 4070 SUPER	PU:Z:FBG39641	DT:Z:2026-07-15T14:17:26.508000+00:00	tm:Z:none
3235	de92f10c-ed36-41cc-a82f-89a24eacfe92	qs:f:16.3521	ch:i:198	st:Z:2026-07-15T22:12:11.071000+00:00	RG:Z:a40d6b40-d3ad-4fe7-8245-9c92f794f831_dna_r10.4.1_e8.2_400bps_sup@v5.2.0	DS:Z:gpu:NVIDIA GeForce RTX 4070 SUPER	PU:Z:FBG39641	DT:Z:2026-07-15T14:17:26.508000+00:00	tm:Z:none rc
3235	8de2553a-c926-41ea-8466-ee28672342d5	qs:f:11.9858	ch:i:197	st:Z:2026-07-15T18:58:00.777000+00:00	RG:Z:a40d6b40-d3ad-4fe7-8245-9c92f794f831_dna_r10.4.1_e8.2_400bps_sup@v5.2.0	DS:Z:gpu:NVIDIA GeForce RTX 4070 SUPER	PU:Z:FBG39641	DT:Z:2026-07-15T14:17:26.508000+00:00	tm:Z:adapter,primer rc
3235	575fd4b3-50a8-4e02-815f-99987e93ef2e	qs:f:14.9742	ch:i:326	st:Z:2026-07-15T18:32:03.636000+00:00	RG:Z:a40d6b40-d3ad-4fe7-8245-9c92f794f831_dna_r10.4.1_e8.2_400bps_sup@v5.2.0	DS:Z:gpu:NVIDIA GeForce RTX 4070 SUPER	PU:Z:FBG39641	DT:Z:2026-07-15T14:17:26.508000+00:00	tm:Z:adapter,primer rc
3235	16e4e9fd-16f5-43bb-af51-7be6422ff4ba	qs:f:17.1194	ch:i:429	st:Z:2026-07-15T16:23:34.414000+00:00	RG:Z:a40d6b40-d3ad-4fe7-8245-9c92f794f831_dna_r10.4.1_e8.2_400bps_sup@v5.2.0	DS:Z:gpu:NVIDIA GeForce RTX 4070 SUPER	PU:Z:FBG39641	DT:Z:2026-07-15T14:17:26.508000+00:00	tm:Z:adapter,primer rc
3235	31be64d2-2112-44da-a73d-ee73aebe5102	qs:f:13.2141	ch:i:316	st:Z:2026-07-15T21:54:57.527000+00:00	RG:Z:a40d6b40-d3ad-4fe7-8245-9c92f794f831_dna_r10.4.1_e8.2_400bps_sup@v5.2.0	DS:Z:gpu:NVIDIA GeForce RTX 4070 SUPER	PU:Z:FBG39641	DT:Z:2026-07-15T14:17:26.508000+00:00	tm:Z:none rc
613	5e96bf3a-254f-4d28-9579-a3daeaa0edf2	qs:f:15.9707	ch:i:157	st:Z:2026-07-15T19:40:35.832000+00:00	RG:Z:a40d6b40-d3ad-4fe7-8245-9c92f794f831_dna_r10.4.1_e8.2_400bps_sup@v5.2.0	DS:Z:gpu:NVIDIA GeForce RTX 4070 SUPER	PU:Z:FBG39641	DT:Z:2026-07-15T14:17:26.508000+00:00	tm:Z:adapter,primer
613	865a4d1f-b657-4cbe-9015-55fd5af9b6ad	qs:f:14.2845	ch:i:129	st:Z:2026-07-15T21:07:51.682000+00:00	RG:Z:a40d6b40-d3ad-4fe7-8245-9c92f794f831_dna_r10.4.1_e8.2_400bps_sup@v5.2.0	DS:Z:gpu:NVIDIA GeForce RTX 4070 SUPER	PU:Z:FBG39641	DT:Z:2026-07-15T14:17:26.508000+00:00	tm:Z:adapter,primer
613	8022e4f6-b92b-40a9-8eb3-4285c8003640	qs:f:14.4372	ch:i:217	st:Z:2026-07-15T19:42:40.599000+00:00	RG:Z:a40d6b40-d3ad-4fe7-8245-9c92f794f831_dna_r10.4.1_e8.2_400bps_sup@v5.2.0	DS:Z:gpu:NVIDIA GeForce RTX 4070 SUPER	PU:Z:FBG39641	DT:Z:2026-07-15T14:17:26.508000+00:00	tm:Z:none
613	92618993-6bed-4f50-9b56-85e42efda70f	qs:f:15.2589	ch:i:141	st:Z:2026-07-15T15:12:32.770000+00:00	RG:Z:a40d6b40-d3ad-4fe7-8245-9c92f794f831_dna_r10.4.1_e8.2_400bps_sup@v5.2.0	DS:Z:gpu:NVIDIA GeForce RTX 4070 SUPER	PU:Z:FBG39641	DT:Z:2026-07-15T14:17:26.508000+00:00	tm:Z:adapter,primer
613	8db48ffa-9abf-489c-919c-28713a007ddb	qs:f:16.379	ch:i:56	st:Z:2026-07-15T19:42:50.421000+00:00	RG:Z:a40d6b40-d3ad-4fe7-8245-9c92f794f831_dna_r10.4.1_e8.2_400bps_sup@v5.2.0	DS:Z:gpu:NVIDIA GeForce RTX 4070 SUPER	PU:Z:FBG39641	DT:Z:2026-07-15T14:17:26.508000+00:00	tm:Z:none rc
613	bf7148bb-ddee-411a-868e-ce288b8f33bb	qs:f:14.6431	ch:i:504	st:Z:2026-07-15T17:25:48.708000+00:00	RG:Z:a40d6b40-d3ad-4fe7-8245-9c92f794f831_dna_r10.4.1_e8.2_400bps_sup@v5.2.0	DS:Z:gpu:NVIDIA GeForce RTX 4070 SUPER	PU:Z:FBG39641	DT:Z:2026-07-15T14:17:26.508000+00:00	tm:Z:adapter,primer
613	56f4a475-6b23-421e-9fb0-b7ae57b68ef4	qs:f:12.2201	ch:i:276	st:Z:2026-07-15T18:58:56.103000+00:00	RG:Z:a40d6b40-d3ad-4fe7-8245-9c92f794f831_dna_r10.4.1_e8.2_400bps_sup@v5.2.0	DS:Z:gpu:NVIDIA GeForce RTX 4070 SUPER	PU:Z:FBG39641	DT:Z:2026-07-15T14:17:26.508000+00:00	tm:Z:none rc
613	30381001-695b-4144-82fe-829b5255f856	qs:f:14.3597	ch:i:140	st:Z:2026-07-16T01:40:13.314000+00:00	RG:Z:a40d6b40-d3ad-4fe7-8245-9c92f794f831_dna_r10.4.1_e8.2_400bps_sup@v5.2.0	DS:Z:gpu:NVIDIA GeForce RTX 4070 SUPER	PU:Z:FBG39641	DT:Z:2026-07-15T14:17:26.508000+00:00	tm:Z:adapter,primer rc
613	945cc3c3-8a2c-48c3-8b7a-25b561471486	qs:f:11.8401	ch:i:222	st:Z:2026-07-15T17:01:48.855000+00:00	RG:Z:a40d6b40-d3ad-4fe7-8245-9c92f794f831_dna_r10.4.1_e8.2_400bps_sup@v5.2.0	DS:Z:gpu:NVIDIA GeForce RTX 4070 SUPER	PU:Z:FBG39641	DT:Z:2026-07-15T14:17:26.508000+00:00	tm:Z:none
613	121856c3-6b0e-4777-8190-b0ea2f2c659d	qs:f:14.5796	ch:i:31	st:Z:2026-07-15T14:40:10.913000+00:00	RG:Z:a40d6b40-d3ad-4fe7-8245-9c92f794f831_dna_r10.4.1_e8.2_400bps_sup@v5.2.0	DS:Z:gpu:NVIDIA GeForce RTX 4070 SUPER	PU:Z:FBG39641	DT:Z:2026-07-15T14:17:26.508000+00:00	tm:Z:none
9643	7b6609e9-6560-4b09-aed2-34a0be879d84	qs:f:14.501	ch:i:130	st:Z:2026-07-15T19:57:57.231000+00:00	RG:Z:a40d6b40-d3ad-4fe7-8245-9c92f794f831_dna_r10.4.1_e8.2_400bps_sup@v5.2.0	DS:Z:gpu:NVIDIA GeForce RTX 4070 SUPER	PU:Z:FBG39641	DT:Z:2026-07-15T14:17:26.508000+00:00	tm:Z:adapter,primer rc
9643	cc0ef66d-7db1-4a7f-be7a-1fea3d076d1b	qs:f:15.3617	ch:i:65	st:Z:2026-07-15T20:56:11.967000+00:00	RG:Z:a40d6b40-d3ad-4fe7-8245-9c92f794f831_dna_r10.4.1_e8.2_400bps_sup@v5.2.0	DS:Z:gpu:NVIDIA GeForce RTX 4070 SUPER	PU:Z:FBG39641	DT:Z:2026-07-15T14:17:26.508000+00:00	tm:Z:adapter,primer rc
9643	795f809f-e992-47cc-aff2-577ea767043d	qs:f:13.2207	ch:i:290	st:Z:2026-07-15T17:47:57.027000+00:00	RG:Z:a40d6b40-d3ad-4fe7-8245-9c92f794f831_dna_r10.4.1_e8.2_400bps_sup@v5.2.0	DS:Z:gpu:NVIDIA GeForce RTX 4070 SUPER	PU:Z:FBG39641	DT:Z:2026-07-15T14:17:26.508000+00:00	tm:Z:adapter,primer
9643	ba2c6bad-6e96-4a65-bd5e-c579fbf38d6d	qs:f:12.625	ch:i:120	st:Z:2026-07-15T19:32:48.730000+00:00	RG:Z:a40d6b40-d3ad-4fe7-8245-9c92f794f831_dna_r10.4.1_e8.2_400bps_sup@v5.2.0	DS:Z:gpu:NVIDIA GeForce RTX 4070 SUPER	PU:Z:FBG39641	DT:Z:2026-07-15T14:17:26.508000+00:00	tm:Z:adapter,primer
9643	f4091c95-7a55-4b1f-a81e-1347737d08b2	qs:f:12.0721	ch:i:252	st:Z:2026-07-15T20:01:32.810000+00:00	RG:Z:a40d6b40-d3ad-4fe7-8245-9c92f794f831_dna_r10.4.1_e8.2_400bps_sup@v5.2.0	DS:Z:gpu:NVIDIA GeForce RTX 4070 SUPER	PU:Z:FBG39641	DT:Z:2026-07-15T14:17:26.508000+00:00	tm:Z:adapter,primer rc
9643	f4c02c38-90cb-4e79-b075-a85a0ca47fed	qs:f:12.149	ch:i:66	st:Z:2026-07-16T01:03:14.934000+00:00	RG:Z:a40d6b40-d3ad-4fe7-8245-9c92f794f831_dna_r10.4.1_e8.2_400bps_sup@v5.2.0	DS:Z:gpu:NVIDIA GeForce RTX 4070 SUPER	PU:Z:FBG39641	DT:Z:2026-07-15T14:17:26.508000+00:00	tm:Z:adapter,primer rc
9643	dcbe426f-ab84-46c3-908b-9724269aee16	qs:f:11.7071	ch:i:117	st:Z:2026-07-15T17:24:43.763000+00:00	RG:Z:a40d6b40-d3ad-4fe7-8245-9c92f794f831_dna_r10.4.1_e8.2_400bps_sup@v5.2.0	DS:Z:gpu:NVIDIA GeForce RTX 4070 SUPER	PU:Z:FBG39641	DT:Z:2026-07-15T14:17:26.508000+00:00	tm:Z:adapter,primer
9643	d187e5cc-f60f-451d-9cdf-9d5f09bda79d	qs:f:9.91877	ch:i:276	st:Z:2026-07-16T00:36:29.785000+00:00	RG:Z:a40d6b40-d3ad-4fe7-8245-9c92f794f831_dna_r10.4.1_e8.2_400bps_sup@v5.2.0	DS:Z:gpu:NVIDIA GeForce RTX 4070 SUPER	PU:Z:FBG39641	DT:Z:2026-07-15T14:17:26.508000+00:00	tm:Z:adapter,primer rc
9643	96a97692-0214-463e-8b85-31496b0811a4	qs:f:9.47605	ch:i:299	st:Z:2026-07-15T15:52:46.678000+00:00	RG:Z:a40d6b40-d3ad-4fe7-8245-9c92f794f831_dna_r10.4.1_e8.2_400bps_sup@v5.2.0	DS:Z:gpu:NVIDIA GeForce RTX 4070 SUPER	PU:Z:FBG39641	DT:Z:2026-07-15T14:17:26.508000+00:00	tm:Z:adapter,primer rc
9643	eb2be259-c998-4999-95f4-96041e5d836c	qs:f:9.30713	ch:i:468	st:Z:2026-07-15T17:11:37.811000+00:00	RG:Z:a40d6b40-d3ad-4fe7-8245-9c92f794f831_dna_r10.4.1_e8.2_400bps_sup@v5.2.0	DS:Z:gpu:NVIDIA GeForce RTX 4070 SUPER	PU:Z:FBG39641	DT:Z:2026-07-15T14:17:26.508000+00:00	tm:Z:none
5810	c5e50c4f-ada0-4c8d-9c2c-124f7a127046	qs:f:16.876	ch:i:209	st:Z:2026-07-15T20:34:52.238000+00:00	RG:Z:a40d6b40-d3ad-4fe7-8245-9c92f794f831_dna_r10.4.1_e8.2_400bps_sup@v5.2.0	DS:Z:gpu:NVIDIA GeForce RTX 4070 SUPER	PU:Z:FBG39641	DT:Z:2026-07-15T14:17:26.508000+00:00	tm:Z:adapter,primer
5810	496a5288-a829-4ad1-897d-f72c020b4e8a	qs:f:19.3042	ch:i:398	st:Z:2026-07-15T15:31:52.627000+00:00	RG:Z:a40d6b40-d3ad-4fe7-8245-9c92f794f831_dna_r10.4.1_e8.2_400bps_sup@v5.2.0	DS:Z:gpu:NVIDIA GeForce RTX 4070 SUPER	PU:Z:FBG39641	DT:Z:2026-07-15T14:17:26.508000+00:00	tm:Z:adapter,primer rc
5810	3bcca9c5-dc05-41fe-8a8e-dcf3bd3ed661	qs:f:16.3801	ch:i:356	st:Z:2026-07-15T19:42:33.037000+00:00	RG:Z:a40d6b40-d3ad-4fe7-8245-9c92f794f831_dna_r10.4.1_e8.2_400bps_sup@v5.2.0	DS:Z:gpu:NVIDIA GeForce RTX 4070 SUPER	PU:Z:FBG39641	DT:Z:2026-07-15T14:17:26.508000+00:00	tm:Z:adapter,primer rc
5810	35bea985-3b75-4da3-9319-6e3fdfc8741d	qs:f:16.9635	ch:i:382	st:Z:2026-07-15T22:50:52.933000+00:00	RG:Z:a40d6b40-d3ad-4fe7-8245-9c92f794f831_dna_r10.4.1_e8.2_400bps_sup@v5.2.0	DS:Z:gpu:NVIDIA GeForce RTX 4070 SUPER	PU:Z:FBG39641	DT:Z:2026-07-15T14:17:26.508000+00:00	tm:Z:adapter,primer
5810	eb81ab60-6387-41d4-ab75-8ef91ec18576	qs:f:15.2447	ch:i:21	st:Z:2026-07-15T20:54:29.234000+00:00	RG:Z:a40d6b40-d3ad-4fe7-8245-9c92f794f831_dna_r10.4.1_e8.2_400bps_sup@v5.2.0	DS:Z:gpu:NVIDIA GeForce RTX 4070 SUPER	PU:Z:FBG39641	DT:Z:2026-07-15T14:17:26.508000+00:00	tm:Z:none rc
5810	1576c99a-b830-43cf-9098-6c0c71d06a12	qs:f:17.2789	ch:i:157	st:Z:2026-07-16T01:09:51.043000+00:00	RG:Z:a40d6b40-d3ad-4fe7-8245-9c92f794f831_dna_r10.4.1_e8.2_400bps_sup@v5.2.0	DS:Z:gpu:NVIDIA GeForce RTX 4070 SUPER	PU:Z:FBG39641	DT:Z:2026-07-15T14:17:26.508000+00:00	tm:Z:none
5810	43ff7a8f-493f-42d7-b64d-ebf918f9873c	qs:f:14.884	ch:i:328	st:Z:2026-07-15T22:01:27.413000+00:00	RG:Z:a40d6b40-d3ad-4fe7-8245-9c92f794f831_dna_r10.4.1_e8.2_400bps_sup@v5.2.0	DS:Z:gpu:NVIDIA GeForce RTX 4070 SUPER	PU:Z:FBG39641	DT:Z:2026-07-15T14:17:26.508000+00:00	tm:Z:adapter,primer rc
5810	d46b6cda-431d-4817-a44a-6cdfa7a754df	qs:f:16.65	ch:i:470	st:Z:2026-07-15T23:09:13.560000+00:00	RG:Z:a40d6b40-d3ad-4fe7-8245-9c92f794f831_dna_r10.4.1_e8.2_400bps_sup@v5.2.0	DS:Z:gpu:NVIDIA GeForce RTX 4070 SUPER	PU:Z:FBG39641	DT:Z:2026-07-15T14:17:26.508000+00:00	tm:Z:adapter,primer rc
5810	e619670a-56e7-40b7-9cde-184e8062128f	qs:f:10.5887	ch:i:272	st:Z:2026-07-15T14:33:54.145000+00:00	RG:Z:a40d6b40-d3ad-4fe7-8245-9c92f794f831_dna_r10.4.1_e8.2_400bps_sup@v5.2.0	DS:Z:gpu:NVIDIA GeForce RTX 4070 SUPER	PU:Z:FBG39641	DT:Z:2026-07-15T14:17:26.508000+00:00	tm:Z:none
76	8e8352bd-91b1-4722-8796-1b35e285c5a2	qs:f:17.8046	ch:i:24	st:Z:2026-07-15T22:13:14.925000+00:00	RG:Z:a40d6b40-d3ad-4fe7-8245-9c92f794f831_dna_r10.4.1_e8.2_400bps_sup@v5.2.0	DS:Z:gpu:NVIDIA GeForce RTX 4070 SUPER	PU:Z:FBG39641	DT:Z:2026-07-15T14:17:26.508000+00:00	tm:Z:adapter,primer rc
76	b24ceefb-5c19-4430-a064-a27f0c6ba4a2	qs:f:13.3645	ch:i:269	st:Z:2026-07-15T16:04:18.965000+00:00	RG:Z:a40d6b40-d3ad-4fe7-8245-9c92f794f831_dna_r10.4.1_e8.2_400bps_sup@v5.2.0	DS:Z:gpu:NVIDIA GeForce RTX 4070 SUPER	PU:Z:FBG39641	DT:Z:2026-07-15T14:17:26.508000+00:00	tm:Z:none rc
76	136123f8-887b-442b-b903-3a564fb331b7	qs:f:15.9764	ch:i:201	st:Z:2026-07-15T22:02:08.765000+00:00	RG:Z:a40d6b40-d3ad-4fe7-8245-9c92f794f831_dna_r10.4.1_e8.2_400bps_sup@v5.2.0	DS:Z:gpu:NVIDIA GeForce RTX 4070 SUPER	PU:Z:FBG39641	DT:Z:2026-07-15T14:17:26.508000+00:00	tm:Z:adapter,primer rc
76	b99eae3e-0b83-4973-b5df-ee313aa952bc	qs:f:17.1484	ch:i:386	st:Z:2026-07-15T21:03:41.733000+00:00	RG:Z:a40d6b40-d3ad-4fe7-8245-9c92f794f831_dna_r10.4.1_e8.2_400bps_sup@v5.2.0	DS:Z:gpu:NVIDIA GeForce RTX 4070 SUPER	PU:Z:FBG39641	DT:Z:2026-07-15T14:17:26.508000+00:00	tm:Z:adapter,primer rc
76	2a263709-2737-4f1b-93cb-ece14ca7009a	qs:f:16.1807	ch:i:150	st:Z:2026-07-15T18:38:23.525000+00:00	RG:Z:a40d6b40-d3ad-4fe7-8245-9c92f794f831_dna_r10.4.1_e8.2_400bps_sup@v5.2.0	DS:Z:gpu:NVIDIA GeForce RTX 4070 SUPER	PU:Z:FBG39641	DT:Z:2026-07-15T14:17:26.508000+00:00	tm:Z:none rc
76	3763b19f-2ba1-47de-b409-05b4e18e41a3	qs:f:14.3883	ch:i:147	st:Z:2026-07-15T20:07:54.751000+00:00	RG:Z:a40d6b40-d3ad-4fe7-8245-9c92f794f831_dna_r10.4.1_e8.2_400bps_sup@v5.2.0	DS:Z:gpu:NVIDIA GeForce RTX 4070 SUPER	PU:Z:FBG39641	DT:Z:2026-07-15T14:17:26.508000+00:00	tm:Z:adapter,primer rc
76	f8f9e1fc-47f8-4bcc-889f-0605e65ddd5f	qs:f:14.9497	ch:i:107	st:Z:2026-07-15T21:32:41.302000+00:00	RG:Z:a40d6b40-d3ad-4fe7-8245-9c92f794f831_dna_r10.4.1_e8.2_400bps_sup@v5.2.0	DS:Z:gpu:NVIDIA GeForce RTX 4070 SUPER	PU:Z:FBG39641	DT:Z:2026-07-15T14:17:26.508000+00:00	tm:Z:none rc
76	6fb3f405-fca3-4f4f-acbb-b45e1692b107	qs:f:15.4973	ch:i:466	st:Z:2026-07-15T21:42:08.477000+00:00	RG:Z:a40d6b40-d3ad-4fe7-8245-9c92f794f831_dna_r10.4.1_e8.2_400bps_sup@v5.2.0	DS:Z:gpu:NVIDIA GeForce RTX 4070 SUPER	PU:Z:FBG39641	DT:Z:2026-07-15T14:17:26.508000+00:00	tm:Z:adapter,primer rc
523	fba90793-23b0-4744-b078-3e0f720b5660	qs:f:12.4838	ch:i:222	st:Z:2026-07-15T23:52:05.629000+00:00	RG:Z:a40d6b40-d3ad-4fe7-8245-9c92f794f831_dna_r10.4.1_e8.2_400bps_sup@v5.2.0	DS:Z:gpu:NVIDIA GeForce RTX 4070 SUPER	PU:Z:FBG39641	DT:Z:2026-07-15T14:17:26.508000+00:00	tm:Z:none rc
523	e6ec8652-1a08-4ce3-97d6-5c06c6e28286	qs:f:15.2672	ch:i:456	st:Z:2026-07-15T14:59:05.722000+00:00	RG:Z:a40d6b40-d3ad-4fe7-8245-9c92f794f831_dna_r10.4.1_e8.2_400bps_sup@v5.2.0	DS:Z:gpu:NVIDIA GeForce RTX 4070 SUPER	PU:Z:FBG39641	DT:Z:2026-07-15T14:17:26.508000+00:00	tm:Z:adapter,primer
523	4694c2e8-021b-4175-a7d4-fdcb6f31d3cf	qs:f:21.1313	ch:i:297	st:Z:2026-07-15T19:39:54.796000+00:00	RG:Z:a40d6b40-d3ad-4fe7-8245-9c92f794f831_dna_r10.4.1_e8.2_400bps_sup@v5.2.0	DS:Z:gpu:NVIDIA GeForce RTX 4070 SUPER	PU:Z:FBG39641	DT:Z:2026-07-15T14:17:26.508000+00:00	tm:Z:adapter,primer
523	e234a317-c01a-427f-8b1e-43cd7281c52a	qs:f:14.667	ch:i:46	st:Z:2026-07-15T14:47:37.112000+00:00	RG:Z:a40d6b40-d3ad-4fe7-8245-9c92f794f831_dna_r10.4.1_e8.2_400bps_sup@v5.2.0	DS:Z:gpu:NVIDIA GeForce RTX 4070 SUPER	PU:Z:FBG39641	DT:Z:2026-07-15T14:17:26.508000+00:00	tm:Z:none
523	256340e7-fb19-4e33-b42a-5ed0b271b64d	qs:f:23.9253	ch:i:509	st:Z:2026-07-15T20:09:14.740000+00:00	RG:Z:a40d6b40-d3ad-4fe7-8245-9c92f794f831_dna_r10.4.1_e8.2_400bps_sup@v5.2.0	DS:Z:gpu:NVIDIA GeForce RTX 4070 SUPER	PU:Z:FBG39641	DT:Z:2026-07-15T14:17:26.508000+00:00	tm:Z:adapter,primer
523	d94b5b66-57ba-4150-b93a-01d441ca450e	qs:f:14.8241	ch:i:75	st:Z:2026-07-15T15:17:25.617000+00:00	RG:Z:a40d6b40-d3ad-4fe7-8245-9c92f794f831_dna_r10.4.1_e8.2_400bps_sup@v5.2.0	DS:Z:gpu:NVIDIA GeForce RTX 4070 SUPER	PU:Z:FBG39641	DT:Z:2026-07-15T14:17:26.508000+00:00	tm:Z:adapter,primer
523	b8617e3a-8882-4a1d-b2bf-96a61a7019ef	qs:f:26.4736	ch:i:276	st:Z:2026-07-15T22:07:28.374000+00:00	RG:Z:a40d6b40-d3ad-4fe7-8245-9c92f794f831_dna_r10.4.1_e8.2_400bps_sup@v5.2.0	DS:Z:gpu:NVIDIA GeForce RTX 4070 SUPER	PU:Z:FBG39641	DT:Z:2026-07-15T14:17:26.508000+00:00	tm:Z:adapter,primer
6366	5a409011-c0a1-49d5-8b38-567ca9725424	qs:f:12.5899	ch:i:132	st:Z:2026-07-15T17:21:27.492000+00:00	RG:Z:a40d6b40-d3ad-4fe7-8245-9c92f794f831_dna_r10.4.1_e8.2_400bps_sup@v5.2.0	DS:Z:gpu:NVIDIA GeForce RTX 4070 SUPER	PU:Z:FBG39641	DT:Z:2026-07-15T14:17:26.508000+00:00	tm:Z:adapter,primer rc
6366	e9254888-272f-4f69-9689-1e28d714fcd8	qs:f:13.9885	ch:i:45	st:Z:2026-07-15T20:41:03.925000+00:00	RG:Z:a40d6b40-d3ad-4fe7-8245-9c92f794f831_dna_r10.4.1_e8.2_400bps_sup@v5.2.0	DS:Z:gpu:NVIDIA GeForce RTX 4070 SUPER	PU:Z:FBG39641	DT:Z:2026-07-15T14:17:26.508000+00:00	tm:Z:adapter,primer rc
6366	92abb9db-080a-45a6-bb93-3ba35ec5e5c9	qs:f:13.3948	ch:i:297	st:Z:2026-07-15T22:51:01.343000+00:00	RG:Z:a40d6b40-d3ad-4fe7-8245-9c92f794f831_dna_r10.4.1_e8.2_400bps_sup@v5.2.0	DS:Z:gpu:NVIDIA GeForce RTX 4070 SUPER	PU:Z:FBG39641	DT:Z:2026-07-15T14:17:26.508000+00:00	tm:Z:adapter,primer rc
6366	eafb67e1-2b92-4ba3-8c68-60cb7a12582f	qs:f:13.5918	ch:i:310	st:Z:2026-07-15T18:20:18.024000+00:00	RG:Z:a40d6b40-d3ad-4fe7-8245-9c92f794f831_dna_r10.4.1_e8.2_400bps_sup@v5.2.0	DS:Z:gpu:NVIDIA GeForce RTX 4070 SUPER	PU:Z:FBG39641	DT:Z:2026-07-15T14:17:26.508000+00:00	tm:Z:none rc
6366	49d3035d-a5da-424a-a3e0-9c5acaa5f842	qs:f:14.0546	ch:i:93	st:Z:2026-07-15T14:35:00.654000+00:00	RG:Z:a40d6b40-d3ad-4fe7-8245-9c92f794f831_dna_r10.4.1_e8.2_400bps_sup@v5.2.0	DS:Z:gpu:NVIDIA GeForce RTX 4070 SUPER	PU:Z:FBG39641	DT:Z:2026-07-15T14:17:26.508000+00:00	tm:Z:adapter,primer
6366	70b4e844-85e6-44d8-940d-080c347fc09c	qs:f:13.9633	ch:i:334	st:Z:2026-07-15T22:05:32.044000+00:00	RG:Z:a40d6b40-d3ad-4fe7-8245-9c92f794f831_dna_r10.4.1_e8.2_400bps_sup@v5.2.0	DS:Z:gpu:NVIDIA GeForce RTX 4070 SUPER	PU:Z:FBG39641	DT:Z:2026-07-15T14:17:26.508000+00:00	tm:Z:none rc
6366	c53a1836-1df8-4d3d-a220-804fe005c1c5	qs:f:13.4037	ch:i:471	st:Z:2026-07-15T19:43:42.877000+00:00	RG:Z:a40d6b40-d3ad-4fe7-8245-9c92f794f831_dna_r10.4.1_e8.2_400bps_sup@v5.2.0	DS:Z:gpu:NVIDIA GeForce RTX 4070 SUPER	PU:Z:FBG39641	DT:Z:2026-07-15T14:17:26.508000+00:00	tm:Z:adapter,primer
7407	bb1f8a98-60af-45f7-a7b5-0203dfbe2edc	qs:f:14.0578	ch:i:19	st:Z:2026-07-15T16:42:51.909000+00:00	RG:Z:a40d6b40-d3ad-4fe7-8245-9c92f794f831_dna_r10.4.1_e8.2_400bps_sup@v5.2.0	DS:Z:gpu:NVIDIA GeForce RTX 4070 SUPER	PU:Z:FBG39641	DT:Z:2026-07-15T14:17:26.508000+00:00	tm:Z:adapter,primer
7407	37d053a8-da88-4761-a283-efb452e3c04e	qs:f:12.7921	ch:i:136	st:Z:2026-07-15T18:04:26.692000+00:00	RG:Z:a40d6b40-d3ad-4fe7-8245-9c92f794f831_dna_r10.4.1_e8.2_400bps_sup@v5.2.0	DS:Z:gpu:NVIDIA GeForce RTX 4070 SUPER	PU:Z:FBG39641	DT:Z:2026-07-15T14:17:26.508000+00:00	tm:Z:none
7407	546a2abe-e26b-4e3e-98ec-81f87d033010	qs:f:14.1136	ch:i:214	st:Z:2026-07-16T00:13:38.107000+00:00	RG:Z:a40d6b40-d3ad-4fe7-8245-9c92f794f831_dna_r10.4.1_e8.2_400bps_sup@v5.2.0	DS:Z:gpu:NVIDIA GeForce RTX 4070 SUPER	PU:Z:FBG39641	DT:Z:2026-07-15T14:17:26.508000+00:00	tm:Z:adapter,primer rc
7407	256a7e1c-a18c-4679-b48f-c5e456ee5e3e	qs:f:15.0006	ch:i:78	st:Z:2026-07-15T20:00:24.529000+00:00	RG:Z:a40d6b40-d3ad-4fe7-8245-9c92f794f831_dna_r10.4.1_e8.2_400bps_sup@v5.2.0	DS:Z:gpu:NVIDIA GeForce RTX 4070 SUPER	PU:Z:FBG39641	DT:Z:2026-07-15T14:17:26.508000+00:00	tm:Z:adapter,primer rc
7407	f045db07-40ae-42c6-9e6a-91dd11fc58c6	qs:f:11.46	ch:i:389	st:Z:2026-07-15T16:58:04.176000+00:00	RG:Z:a40d6b40-d3ad-4fe7-8245-9c92f794f831_dna_r10.4.1_e8.2_400bps_sup@v5.2.0	DS:Z:gpu:NVIDIA GeForce RTX 4070 SUPER	PU:Z:FBG39641	DT:Z:2026-07-15T14:17:26.508000+00:00	tm:Z:none
7407	eaeb1039-5599-4b6d-9daf-21b91a178cdf	qs:f:14.9405	ch:i:412	st:Z:2026-07-15T20:19:08.826000+00:00	RG:Z:a40d6b40-d3ad-4fe7-8245-9c92f794f831_dna_r10.4.1_e8.2_400bps_sup@v5.2.0	DS:Z:gpu:NVIDIA GeForce RTX 4070 SUPER	PU:Z:FBG39641	DT:Z:2026-07-15T14:17:26.508000+00:00	tm:Z:adapter,primer
7407	b71941af-e3ce-4ae4-bbb2-5513ff143db9	qs:f:12.812	ch:i:202	st:Z:2026-07-16T01:17:15.197000+00:00	RG:Z:a40d6b40-d3ad-4fe7-8245-9c92f794f831_dna_r10.4.1_e8.2_400bps_sup@v5.2.0	DS:Z:gpu:NVIDIA GeForce RTX 4070 SUPER	PU:Z:FBG39641	DT:Z:2026-07-15T14:17:26.508000+00:00	tm:Z:adapter,primer
9977	b27c14a6-eecb-4c0c-9e1b-b592c380fbfd	qs:f:13.2105	ch:i:87	st:Z:2026-07-16T00:07:01.929000+00:00	RG:Z:a40d6b40-d3ad-4fe7-8245-9c92f794f831_dna_r10.4.1_e8.2_400bps_sup@v5.2.0	DS:Z:gpu:NVIDIA GeForce RTX 4070 SUPER	PU:Z:FBG39641	DT:Z:2026-07-15T14:17:26.508000+00:00	tm:Z:none rc
9977	11a7e635-8e19-45ac-b2d4-d9031dc4c36d	qs:f:10.1067	ch:i:7	st:Z:2026-07-15T15:04:49.478000+00:00	RG:Z:a40d6b40-d3ad-4fe7-8245-9c92f794f831_dna_r10.4.1_e8.2_400bps_sup@v5.2.0	DS:Z:gpu:NVIDIA GeForce RTX 4070 SUPER	PU:Z:FBG39641	DT:Z:2026-07-15T14:17:26.508000+00:00	tm:Z:none rc
9977	c1225238-0f71-43eb-a3c5-a71e63ea7225	qs:f:9.79645	ch:i:397	st:Z:2026-07-15T21:04:16.180000+00:00	RG:Z:a40d6b40-d3ad-4fe7-8245-9c92f794f831_dna_r10.4.1_e8.2_400bps_sup@v5.2.0	DS:Z:gpu:NVIDIA GeForce RTX 4070 SUPER	PU:Z:FBG39641	DT:Z:2026-07-15T14:17:26.508000+00:00	tm:Z:none rc
9977	bbe2ca98-8898-4599-872a-f75746699af8	qs:f:11.6876	ch:i:87	st:Z:2026-07-15T14:51:25.752000+00:00	RG:Z:a40d6b40-d3ad-4fe7-8245-9c92f794f831_dna_r10.4.1_e8.2_400bps_sup@v5.2.0	DS:Z:gpu:NVIDIA GeForce RTX 4070 SUPER	PU:Z:FBG39641	DT:Z:2026-07-15T14:17:26.508000+00:00	tm:Z:none
9977	645b1fb7-daaf-46cd-90a5-942e232a3579	qs:f:11.2123	ch:i:423	st:Z:2026-07-16T01:51:29.619000+00:00	RG:Z:a40d6b40-d3ad-4fe7-8245-9c92f794f831_dna_r10.4.1_e8.2_400bps_sup@v5.2.0	DS:Z:gpu:NVIDIA GeForce RTX 4070 SUPER	PU:Z:FBG39641	DT:Z:2026-07-15T14:17:26.508000+00:00	tm:Z:adapter,primer rc
9977	b85c2528-49c3-4037-83fd-5aff46b25287	qs:f:11.7671	ch:i:56	st:Z:2026-07-16T00:39:23.990000+00:00	RG:Z:a40d6b40-d3ad-4fe7-8245-9c92f794f831_dna_r10.4.1_e8.2_400bps_sup@v5.2.0	DS:Z:gpu:NVIDIA GeForce RTX 4070 SUPER	PU:Z:FBG39641	DT:Z:2026-07-15T14:17:26.508000+00:00	tm:Z:none
9977	c9e0d585-9d5c-424d-8a6f-ece364872ede	qs:f:10.4487	ch:i:421	st:Z:2026-07-15T23:19:11.132000+00:00	RG:Z:a40d6b40-d3ad-4fe7-8245-9c92f794f831_dna_r10.4.1_e8.2_400bps_sup@v5.2.0	DS:Z:gpu:NVIDIA GeForce RTX 4070 SUPER	PU:Z:FBG39641	DT:Z:2026-07-15T14:17:26.508000+00:00	tm:Z:adapter,primer rc
9663	ffacab5c-1bfd-457a-a512-253707f3007a	qs:f:10.7044	ch:i:399	st:Z:2026-07-15T18:58:37.368000+00:00	RG:Z:a40d6b40-d3ad-4fe7-8245-9c92f794f831_dna_r10.4.1_e8.2_400bps_sup@v5.2.0	DS:Z:gpu:NVIDIA GeForce RTX 4070 SUPER	PU:Z:FBG39641	DT:Z:2026-07-15T14:17:26.508000+00:00	tm:Z:none
9663	9ba96a3b-ff5e-4915-ae7a-99939a97e47a	qs:f:12.941	ch:i:394	st:Z:2026-07-15T22:28:20.120000+00:00	RG:Z:a40d6b40-d3ad-4fe7-8245-9c92f794f831_dna_r10.4.1_e8.2_400bps_sup@v5.2.0	DS:Z:gpu:NVIDIA GeForce RTX 4070 SUPER	PU:Z:FBG39641	DT:Z:2026-07-15T14:17:26.508000+00:00	tm:Z:none rc
9663	0d34f1f9-8b3c-4d80-b823-33beee3f0905	qs:f:10.2671	ch:i:392	st:Z:2026-07-15T18:28:01.643000+00:00	RG:Z:a40d6b40-d3ad-4fe7-8245-9c92f794f831_dna_r10.4.1_e8.2_400bps_sup@v5.2.0	DS:Z:gpu:NVIDIA GeForce RTX 4070 SUPER	PU:Z:FBG39641	DT:Z:2026-07-15T14:17:26.508000+00:00	tm:Z:adapter,primer rc
9663	0de989bc-8ab2-44ce-addf-b4eb06c6857a	qs:f:11.3151	ch:i:86	st:Z:2026-07-15T21:46:16.861000+00:00	RG:Z:a40d6b40-d3ad-4fe7-8245-9c92f794f831_dna_r10.4.1_e8.2_400bps_sup@v5.2.0	DS:Z:gpu:NVIDIA GeForce RTX 4070 SUPER	PU:Z:FBG39641	DT:Z:2026-07-15T14:17:26.508000+00:00	tm:Z:adapter,primer rc
9663	77241d5a-9df2-417c-ac81-71165456b696	qs:f:11.5816	ch:i:81	st:Z:2026-07-15T17:28:27.165000+00:00	RG:Z:a40d6b40-d3ad-4fe7-8245-9c92f794f831_dna_r10.4.1_e8.2_400bps_sup@v5.2.0	DS:Z:gpu:NVIDIA GeForce RTX 4070 SUPER	PU:Z:FBG39641	DT:Z:2026-07-15T14:17:26.508000+00:00	tm:Z:none rc
9663	090be730-7c65-4335-bd5c-70b9f143aa2e	qs:f:11.0077	ch:i:280	st:Z:2026-07-16T01:30:51.588000+00:00	RG:Z:a40d6b40-d3ad-4fe7-8245-9c92f794f831_dna_r10.4.1_e8.2_400bps_sup@v5.2.0	DS:Z:gpu:NVIDIA GeForce RTX 4070 SUPER	PU:Z:FBG39641	DT:Z:2026-07-15T14:17:26.508000+00:00	tm:Z:none
553	6de02df2-f46a-42de-a1f9-322fb325d8b1	qs:f:14.6405	ch:i:212	st:Z:2026-07-15T17:01:32.932000+00:00	RG:Z:a40d6b40-d3ad-4fe7-8245-9c92f794f831_dna_r10.4.1_e8.2_400bps_sup@v5.2.0	DS:Z:gpu:NVIDIA GeForce RTX 4070 SUPER	PU:Z:FBG39641	DT:Z:2026-07-15T14:17:26.508000+00:00	tm:Z:adapter,primer
553	09f6c242-a9e6-4f03-a708-9e099f743e21	qs:f:17.3013	ch:i:152	st:Z:2026-07-15T18:54:17.334000+00:00	RG:Z:a40d6b40-d3ad-4fe7-8245-9c92f794f831_dna_r10.4.1_e8.2_400bps_sup@v5.2.0	DS:Z:gpu:NVIDIA GeForce RTX 4070 SUPER	PU:Z:FBG39641	DT:Z:2026-07-15T14:17:26.508000+00:00	tm:Z:none
553	6fc28935-b81d-44be-b89e-c42fe2f4a903	qs:f:17.2708	ch:i:75	st:Z:2026-07-16T00:05:04.035000+00:00	RG:Z:a40d6b40-d3ad-4fe7-8245-9c92f794f831_dna_r10.4.1_e8.2_400bps_sup@v5.2.0	DS:Z:gpu:NVIDIA GeForce RTX 4070 SUPER	PU:Z:FBG39641	DT:Z:2026-07-15T14:17:26.508000+00:00	tm:Z:none
553	4d8ba243-53f9-433b-bd07-4568afd203ca	qs:f:14.2878	ch:i:477	st:Z:2026-07-15T16:32:13.612000+00:00	RG:Z:a40d6b40-d3ad-4fe7-8245-9c92f794f831_dna_r10.4.1_e8.2_400bps_sup@v5.2.0	DS:Z:gpu:NVIDIA GeForce RTX 4070 SUPER	PU:Z:FBG39641	DT:Z:2026-07-15T14:17:26.508000+00:00	tm:Z:adapter,primer rc
553	bac34d88-944a-43f3-9260-a9058c347540	qs:f:14.4656	ch:i:411	st:Z:2026-07-15T21:59:31.394000+00:00	RG:Z:a40d6b40-d3ad-4fe7-8245-9c92f794f831_dna_r10.4.1_e8.2_400bps_sup@v5.2.0	DS:Z:gpu:NVIDIA GeForce RTX 4070 SUPER	PU:Z:FBG39641	DT:Z:2026-07-15T14:17:26.508000+00:00	tm:Z:adapter,primer rc
3989	0bc8d1df-671c-4c87-8591-19017a8cb783	qs:f:12.8423	ch:i:133	st:Z:2026-07-15T16:43:04.558000+00:00	RG:Z:a40d6b40-d3ad-4fe7-8245-9c92f794f831_dna_r10.4.1_e8.2_400bps_sup@v5.2.0	DS:Z:gpu:NVIDIA GeForce RTX 4070 SUPER	PU:Z:FBG39641	DT:Z:2026-07-15T14:17:26.508000+00:00	tm:Z:adapter,primer rc
3989	040e23d7-31d5-4392-82fc-af8aa83bb5af	qs:f:12.3893	ch:i:74	st:Z:2026-07-15T18:36:45.926000+00:00	RG:Z:a40d6b40-d3ad-4fe7-8245-9c92f794f831_dna_r10.4.1_e8.2_400bps_sup@v5.2.0	DS:Z:gpu:NVIDIA GeForce RTX 4070 SUPER	PU:Z:FBG39641	DT:Z:2026-07-15T14:17:26.508000+00:00	tm:Z:adapter,primer rc
3989	2a743894-d528-4d4a-89d4-4ebb92612875	qs:f:12.999	ch:i:357	st:Z:2026-07-16T01:24:35.567000+00:00	RG:Z:a40d6b40-d3ad-4fe7-8245-9c92f794f831_dna_r10.4.1_e8.2_400bps_sup@v5.2.0	DS:Z:gpu:NVIDIA GeForce RTX 4070 SUPER	PU:Z:FBG39641	DT:Z:2026-07-15T14:17:26.508000+00:00	tm:Z:none rc
3989	a20ab3b9-55dd-4b49-b7ee-b6c3d4ab3145	qs:f:14.569	ch:i:160	st:Z:2026-07-15T17:50:44.420000+00:00	RG:Z:a40d6b40-d3ad-4fe7-8245-9c92f794f831_dna_r10.4.1_e8.2_400bps_sup@v5.2.0	DS:Z:gpu:NVIDIA GeForce RTX 4070 SUPER	PU:Z:FBG39641	DT:Z:2026-07-15T14:17:26.508000+00:00	tm:Z:none
3989	faae8b58-3401-493f-981a-e81942296179	qs:f:15.5126	ch:i:1	st:Z:2026-07-15T15:44:28.491000+00:00	RG:Z:a40d6b40-d3ad-4fe7-8245-9c92f794f831_dna_r10.4.1_e8.2_400bps_sup@v5.2.0	DS:Z:gpu:NVIDIA GeForce RTX 4070 SUPER	PU:Z:FBG39641	DT:Z:2026-07-15T14:17:26.508000+00:00	tm:Z:adapter,primer
4448	f0df5d63-791e-4ab4-b471-341f980f7eb4	qs:f:15.9173	ch:i:222	st:Z:2026-07-15T20:53:02.064000+00:00	RG:Z:a40d6b40-d3ad-4fe7-8245-9c92f794f831_dna_r10.4.1_e8.2_400bps_sup@v5.2.0	DS:Z:gpu:NVIDIA GeForce RTX 4070 SUPER	PU:Z:FBG39641	DT:Z:2026-07-15T14:17:26.508000+00:00	tm:Z:none
4448	d9148f0a-51bf-44ad-8379-c256832cf1f6	qs:f:14.0574	ch:i:427	st:Z:2026-07-15T17:05:46.952000+00:00	RG:Z:a40d6b40-d3ad-4fe7-8245-9c92f794f831_dna_r10.4.1_e8.2_400bps_sup@v5.2.0	DS:Z:gpu:NVIDIA GeForce RTX 4070 SUPER	PU:Z:FBG39641	DT:Z:2026-07-15T14:17:26.508000+00:00	tm:Z:adapter,primer rc
4448	37ac5e3a-05a5-4878-9c65-5a239fc995fd	qs:f:17.6837	ch:i:451	st:Z:2026-07-15T22:18:07.487000+00:00	RG:Z:a40d6b40-d3ad-4fe7-8245-9c92f794f831_dna_r10.4.1_e8.2_400bps_sup@v5.2.0	DS:Z:gpu:NVIDIA GeForce RTX 4070 SUPER	PU:Z:FBG39641	DT:Z:2026-07-15T14:17:26.508000+00:00	tm:Z:none rc
4448	2ce6bbb8-5377-4d60-b5dc-5e0ac0f392c7	qs:f:14.1944	ch:i:261	st:Z:2026-07-16T00:19:52.246000+00:00	RG:Z:a40d6b40-d3ad-4fe7-8245-9c92f794f831_dna_r10.4.1_e8.2_400bps_sup@v5.2.0	DS:Z:gpu:NVIDIA GeForce RTX 4070 SUPER	PU:Z:FBG39641	DT:Z:2026-07-15T14:17:26.508000+00:00	tm:Z:adapter,primer
4448	89abeb26-d052-44a8-91df-4628e7943141	qs:f:15.8315	ch:i:504	st:Z:2026-07-15T19:04:46.541000+00:00	RG:Z:a40d6b40-d3ad-4fe7-8245-9c92f794f831_dna_r10.4.1_e8.2_400bps_sup@v5.2.0	DS:Z:gpu:NVIDIA GeForce RTX 4070 SUPER	PU:Z:FBG39641	DT:Z:2026-07-15T14:17:26.508000+00:00	tm:Z:adapter,primer
6268	db714f85-c391-4346-b61f-2ef84517c213	qs:f:13.0884	ch:i:150	st:Z:2026-07-15T22:00:24.464000+00:00	RG:Z:a40d6b40-d3ad-4fe7-8245-9c92f794f831_dna_r10.4.1_e8.2_400bps_sup@v5.2.0	DS:Z:gpu:NVIDIA GeForce RTX 4070 SUPER	PU:Z:FBG39641	DT:Z:2026-07-15T14:17:26.508000+00:00	tm:Z:adapter,primer rc
6268	b8e495c4-822f-45fd-b611-5c06577d57d7	qs:f:14.234	ch:i:277	st:Z:2026-07-15T23:45:42.290000+00:00	RG:Z:a40d6b40-d3ad-4fe7-8245-9c92f794f831_dna_r10.4.1_e8.2_400bps_sup@v5.2.0	DS:Z:gpu:NVIDIA GeForce RTX 4070 SUPER	PU:Z:FBG39641	DT:Z:2026-07-15T14:17:26.508000+00:00	tm:Z:none rc
6268	b1b80dea-3468-46d9-80d6-d39a553f19e9	qs:f:13.8867	ch:i:157	st:Z:2026-07-15T19:21:28.354000+00:00	RG:Z:a40d6b40-d3ad-4fe7-8245-9c92f794f831_dna_r10.4.1_e8.2_400bps_sup@v5.2.0	DS:Z:gpu:NVIDIA GeForce RTX 4070 SUPER	PU:Z:FBG39641	DT:Z:2026-07-15T14:17:26.508000+00:00	tm:Z:adapter,primer rc
6268	4de1fa6a-59d8-4c3b-aa2b-4c9d1c5da734	qs:f:12.7029	ch:i:455	st:Z:2026-07-15T22:11:39.189000+00:00	RG:Z:a40d6b40-d3ad-4fe7-8245-9c92f794f831_dna_r10.4.1_e8.2_400bps_sup@v5.2.0	DS:Z:gpu:NVIDIA GeForce RTX 4070 SUPER	PU:Z:FBG39641	DT:Z:2026-07-15T14:17:26.508000+00:00	tm:Z:adapter,primer
6268	1b981015-ef30-4083-ab14-210335bddb21	qs:f:14.8626	ch:i:427	st:Z:2026-07-15T23:39:46.267000+00:00	RG:Z:a40d6b40-d3ad-4fe7-8245-9c92f794f831_dna_r10.4.1_e8.2_400bps_sup@v5.2.0	DS:Z:gpu:NVIDIA GeForce RTX 4070 SUPER	PU:Z:FBG39641	DT:Z:2026-07-15T14:17:26.508000+00:00	tm:Z:none
6383	23b5edae-f542-42ad-abef-1b54d7e9fddc	qs:f:15.9126	ch:i:157	st:Z:2026-07-15T17:51:46.576000+00:00	RG:Z:a40d6b40-d3ad-4fe7-8245-9c92f794f831_dna_r10.4.1_e8.2_400bps_sup@v5.2.0	DS:Z:gpu:NVIDIA GeForce RTX 4070 SUPER	PU:Z:FBG39641	DT:Z:2026-07-15T14:17:26.508000+00:00	tm:Z:adapter,primer rc
6383	7ded9eaf-227d-4695-a39a-d8e34720a8d2	qs:f:13.3578	ch:i:117	st:Z:2026-07-15T16:29:39.653000+00:00	RG:Z:a40d6b40-d3ad-4fe7-8245-9c92f794f831_dna_r10.4.1_e8.2_400bps_sup@v5.2.0	DS:Z:gpu:NVIDIA GeForce RTX 4070 SUPER	PU:Z:FBG39641	DT:Z:2026-07-15T14:17:26.508000+00:00	tm:Z:adapter,primer
6383	c94467b0-0ee8-4b3f-82b1-f1e5364ed08d	qs:f:18.4297	ch:i:443	st:Z:2026-07-15T20:58:20.778000+00:00	RG:Z:a40d6b40-d3ad-4fe7-8245-9c92f794f831_dna_r10.4.1_e8.2_400bps_sup@v5.2.0	DS:Z:gpu:NVIDIA GeForce RTX 4070 SUPER	PU:Z:FBG39641	DT:Z:2026-07-15T14:17:26.508000+00:00	tm:Z:adapter,primer rc
6383	dd2c1c0c-83dd-44f3-beb0-cbe6af3b9ff0	qs:f:17.4	ch:i:235	st:Z:2026-07-15T16:29:15.255000+00:00	RG:Z:a40d6b40-d3ad-4fe7-8245-9c92f794f831_dna_r10.4.1_e8.2_400bps_sup@v5.2.0	DS:Z:gpu:NVIDIA GeForce RTX 4070 SUPER	PU:Z:FBG39641	DT:Z:2026-07-15T14:17:26.508000+00:00	tm:Z:adapter,primer
6383	7076c5a4-9948-44ef-bfb8-edb3d54736b6	qs:f:14.3515	ch:i:284	st:Z:2026-07-15T17:42:36.696000+00:00	RG:Z:a40d6b40-d3ad-4fe7-8245-9c92f794f831_dna_r10.4.1_e8.2_400bps_sup@v5.2.0	DS:Z:gpu:NVIDIA GeForce RTX 4070 SUPER	PU:Z:FBG39641	DT:Z:2026-07-15T14:17:26.508000+00:00	tm:Z:adapter,primer
9313	f22307ea-5355-4a41-91c5-8ea34080f4ad	qs:f:13.341	ch:i:305	st:Z:2026-07-16T01:12:02.414000+00:00	RG:Z:a40d6b40-d3ad-4fe7-8245-9c92f794f831_dna_r10.4.1_e8.2_400bps_sup@v5.2.0	DS:Z:gpu:NVIDIA GeForce RTX 4070 SUPER	PU:Z:FBG39641	DT:Z:2026-07-15T14:17:26.508000+00:00	tm:Z:adapter,primer rc
9313	f8aaf31c-a2f6-4510-a91e-1e637757b656	qs:f:12.1041	ch:i:268	st:Z:2026-07-15T14:29:44.919000+00:00	RG:Z:a40d6b40-d3ad-4fe7-8245-9c92f794f831_dna_r10.4.1_e8.2_400bps_sup@v5.2.0	DS:Z:gpu:NVIDIA GeForce RTX 4070 SUPER	PU:Z:FBG39641	DT:Z:2026-07-15T14:17:26.508000+00:00	tm:Z:none rc
9313	0a331358-02ae-4b58-b7b3-fa691522ffb1	qs:f:11.9346	ch:i:258	st:Z:2026-07-15T20:27:15.319000+00:00	RG:Z:a40d6b40-d3ad-4fe7-8245-9c92f794f831_dna_r10.4.1_e8.2_400bps_sup@v5.2.0	DS:Z:gpu:NVIDIA GeForce RTX 4070 SUPER	PU:Z:FBG39641	DT:Z:2026-07-15T14:17:26.508000+00:00	tm:Z:adapter,primer rc
9313	fbbef8ab-4adb-447f-b051-72f6893e6686	qs:f:11.7415	ch:i:1	st:Z:2026-07-15T15:22:34.440000+00:00	RG:Z:a40d6b40-d3ad-4fe7-8245-9c92f794f831_dna_r10.4.1_e8.2_400bps_sup@v5.2.0	DS:Z:gpu:NVIDIA GeForce RTX 4070 SUPER	PU:Z:FBG39641	DT:Z:2026-07-15T14:17:26.508000+00:00	tm:Z:adapter,primer rc
9313	fef7f746-4227-4012-b030-f9b3e0cd3200	qs:f:8.72914	ch:i:7	st:Z:2026-07-15T16:32:11.405000+00:00	RG:Z:a40d6b40-d3ad-4fe7-8245-9c92f794f831_dna_r10.4.1_e8.2_400bps_sup@v5.2.0	DS:Z:gpu:NVIDIA GeForce RTX 4070 SUPER	PU:Z:FBG39641	DT:Z:2026-07-15T14:17:26.508000+00:00	tm:Z:none rc
9549	8bd170d2-6ab9-4270-987c-db0893b2c825	qs:f:11.3977	ch:i:224	st:Z:2026-07-15T15:02:00.169000+00:00	RG:Z:a40d6b40-d3ad-4fe7-8245-9c92f794f831_dna_r10.4.1_e8.2_400bps_sup@v5.2.0	DS:Z:gpu:NVIDIA GeForce RTX 4070 SUPER	PU:Z:FBG39641	DT:Z:2026-07-15T14:17:26.508000+00:00	tm:Z:adapter,primer rc
9549	e564e31b-001b-4b4f-a004-1c0eb8a09845	qs:f:12.8459	ch:i:42	st:Z:2026-07-15T18:06:30.619000+00:00	RG:Z:a40d6b40-d3ad-4fe7-8245-9c92f794f831_dna_r10.4.1_e8.2_400bps_sup@v5.2.0	DS:Z:gpu:NVIDIA GeForce RTX 4070 SUPER	PU:Z:FBG39641	DT:Z:2026-07-15T14:17:26.508000+00:00	tm:Z:adapter,primer
9549	f7d400c1-e890-4105-a52c-b0feb09cb9b7	qs:f:11.7959	ch:i:366	st:Z:2026-07-15T18:14:48.938000+00:00	RG:Z:a40d6b40-d3ad-4fe7-8245-9c92f794f831_dna_r10.4.1_e8.2_400bps_sup@v5.2.0	DS:Z:gpu:NVIDIA GeForce RTX 4070 SUPER	PU:Z:FBG39641	DT:Z:2026-07-15T14:17:26.508000+00:00	tm:Z:adapter,primer
9549	19d5762f-c73f-416f-9cc8-571dcdc3ef8b	qs:f:11.5184	ch:i:255	st:Z:2026-07-15T15:37:51.843000+00:00	RG:Z:a40d6b40-d3ad-4fe7-8245-9c92f794f831_dna_r10.4.1_e8.2_400bps_sup@v5.2.0	DS:Z:gpu:NVIDIA GeForce RTX 4070 SUPER	PU:Z:FBG39641	DT:Z:2026-07-15T14:17:26.508000+00:00	tm:Z:adapter,primer rc
9549	2b330af9-ca56-4372-b8a5-efab4733d3d0	qs:f:10.8594	ch:i:284	st:Z:2026-07-15T22:41:02.954000+00:00	RG:Z:a40d6b40-d3ad-4fe7-8245-9c92f794f831_dna_r10.4.1_e8.2_400bps_sup@v5.2.0	DS:Z:gpu:NVIDIA GeForce RTX 4070 SUPER	PU:Z:FBG39641	DT:Z:2026-07-15T14:17:26.508000+00:00	tm:Z:none rc
103	48cdf003-ea7f-48f7-9f6a-8f096b5bcbb2	qs:f:21.2198	ch:i:223	st:Z:2026-07-15T15:25:00.705000+00:00	RG:Z:a40d6b40-d3ad-4fe7-8245-9c92f794f831_dna_r10.4.1_e8.2_400bps_sup@v5.2.0	DS:Z:gpu:NVIDIA GeForce RTX 4070 SUPER	PU:Z:FBG39641	DT:Z:2026-07-15T14:17:26.508000+00:00	tm:Z:none rc
103	ea534589-6ea2-42da-b568-44afca6615db	qs:f:25.0307	ch:i:477	st:Z:2026-07-15T21:08:54.407000+00:00	RG:Z:a40d6b40-d3ad-4fe7-8245-9c92f794f831_dna_r10.4.1_e8.2_400bps_sup@v5.2.0	DS:Z:gpu:NVIDIA GeForce RTX 4070 SUPER	PU:Z:FBG39641	DT:Z:2026-07-15T14:17:26.508000+00:00	tm:Z:none
103	6cfded0b-7730-4def-97c5-320285a2781c	qs:f:15.2658	ch:i:267	st:Z:2026-07-15T20:43:02.486000+00:00	RG:Z:a40d6b40-d3ad-4fe7-8245-9c92f794f831_dna_r10.4.1_e8.2_400bps_sup@v5.2.0	DS:Z:gpu:NVIDIA GeForce RTX 4070 SUPER	PU:Z:FBG39641	DT:Z:2026-07-15T14:17:26.508000+00:00	tm:Z:adapter,primer
103	ad9d734e-d2d8-4a50-bd1c-d283d013845e	qs:f:14.8202	ch:i:185	st:Z:2026-07-15T19:06:56.177000+00:00	RG:Z:a40d6b40-d3ad-4fe7-8245-9c92f794f831_dna_r10.4.1_e8.2_400bps_sup@v5.2.0	DS:Z:gpu:NVIDIA GeForce RTX 4070 SUPER	PU:Z:FBG39641	DT:Z:2026-07-15T14:17:26.508000+00:00	tm:Z:adapter,primer
463	6a48a3c9-405d-40ee-a87b-41020cb93571	qs:f:14.6333	ch:i:261	st:Z:2026-07-15T16:34:42.223000+00:00	RG:Z:a40d6b40-d3ad-4fe7-8245-9c92f794f831_dna_r10.4.1_e8.2_400bps_sup@v5.2.0	DS:Z:gpu:NVIDIA GeForce RTX 4070 SUPER	PU:Z:FBG39641	DT:Z:2026-07-15T14:17:26.508000+00:00	tm:Z:none
463	4f6d4bb3-cc17-47ab-84a9-b251503227f2	qs:f:14.5101	ch:i:63	st:Z:2026-07-15T16:08:01.020000+00:00	RG:Z:a40d6b40-d3ad-4fe7-8245-9c92f794f831_dna_r10.4.1_e8.2_400bps_sup@v5.2.0	DS:Z:gpu:NVIDIA GeForce RTX 4070 SUPER	PU:Z:FBG39641	DT:Z:2026-07-15T14:17:26.508000+00:00	tm:Z:adapter,primer rc
463	1a5296a2-71e2-48f2-bcf9-5386498e7956	qs:f:15.0098	ch:i:398	st:Z:2026-07-15T20:31:13.223000+00:00	RG:Z:a40d6b40-d3ad-4fe7-8245-9c92f794f831_dna_r10.4.1_e8.2_400bps_sup@v5.2.0	DS:Z:gpu:NVIDIA GeForce RTX 4070 SUPER	PU:Z:FBG39641	DT:Z:2026-07-15T14:17:26.508000+00:00	tm:Z:adapter,primer rc
463	389f8ee3-1325-45fa-b578-0d84f175c358	qs:f:15.4168	ch:i:30	st:Z:2026-07-15T18:57:05.754000+00:00	RG:Z:a40d6b40-d3ad-4fe7-8245-9c92f794f831_dna_r10.4.1_e8.2_400bps_sup@v5.2.0	DS:Z:gpu:NVIDIA GeForce RTX 4070 SUPER	PU:Z:FBG39641	DT:Z:2026-07-15T14:17:26.508000+00:00	tm:Z:none
777	dac3323c-94cb-4fd3-a329-c5a81e0476aa	qs:f:16.3727	ch:i:224	st:Z:2026-07-15T14:48:31.918000+00:00	RG:Z:a40d6b40-d3ad-4fe7-8245-9c92f794f831_dna_r10.4.1_e8.2_400bps_sup@v5.2.0	DS:Z:gpu:NVIDIA GeForce RTX 4070 SUPER	PU:Z:FBG39641	DT:Z:2026-07-15T14:17:26.508000+00:00	tm:Z:adapter,primer
777	bd7154e3-a222-4391-917d-4a9f740a7e0d	qs:f:14.3909	ch:i:390	st:Z:2026-07-15T20:10:17.511000+00:00	RG:Z:a40d6b40-d3ad-4fe7-8245-9c92f794f831_dna_r10.4.1_e8.2_400bps_sup@v5.2.0	DS:Z:gpu:NVIDIA GeForce RTX 4070 SUPER	PU:Z:FBG39641	DT:Z:2026-07-15T14:17:26.508000+00:00	tm:Z:adapter,primer rc
777	79d85da4-3215-459d-aadb-e614253eedd0	qs:f:13.3065	ch:i:329	st:Z:2026-07-15T20:37:00.369000+00:00	RG:Z:a40d6b40-d3ad-4fe7-8245-9c92f794f831_dna_r10.4.1_e8.2_400bps_sup@v5.2.0	DS:Z:gpu:NVIDIA GeForce RTX 4070 SUPER	PU:Z:FBG39641	DT:Z:2026-07-15T14:17:26.508000+00:00	tm:Z:adapter,primer rc
777	cf082a8b-ca66-4bc4-8c8a-2a34aabc8836	qs:f:12.4711	ch:i:6	st:Z:2026-07-15T15:10:03.532000+00:00	RG:Z:a40d6b40-d3ad-4fe7-8245-9c92f794f831_dna_r10.4.1_e8.2_400bps_sup@v5.2.0	DS:Z:gpu:NVIDIA GeForce RTX 4070 SUPER	PU:Z:FBG39641	DT:Z:2026-07-15T14:17:26.508000+00:00	tm:Z:adapter,primer
3510	923be08f-c69d-476e-9f86-495dc2d1fed6	qs:f:12.8539	ch:i:207	st:Z:2026-07-15T21:50:30.269000+00:00	RG:Z:a40d6b40-d3ad-4fe7-8245-9c92f794f831_dna_r10.4.1_e8.2_400bps_sup@v5.2.0	DS:Z:gpu:NVIDIA GeForce RTX 4070 SUPER	PU:Z:FBG39641	DT:Z:2026-07-15T14:17:26.508000+00:00	tm:Z:adapter,primer
3510	05681a6d-3745-45fb-a45a-5568c5e0d50a	qs:f:13.4002	ch:i:404	st:Z:2026-07-15T21:28:33.434000+00:00	RG:Z:a40d6b40-d3ad-4fe7-8245-9c92f794f831_dna_r10.4.1_e8.2_400bps_sup@v5.2.0	DS:Z:gpu:NVIDIA GeForce RTX 4070 SUPER	PU:Z:FBG39641	DT:Z:2026-07-15T14:17:26.508000+00:00	tm:Z:none rc
3510	66b72ce9-09ef-4e44-8b77-f9e14f72d949	qs:f:16.9717	ch:i:289	st:Z:2026-07-15T16:51:42.603000+00:00	RG:Z:a40d6b40-d3ad-4fe7-8245-9c92f794f831_dna_r10.4.1_e8.2_400bps_sup@v5.2.0	DS:Z:gpu:NVIDIA GeForce RTX 4070 SUPER	PU:Z:FBG39641	DT:Z:2026-07-15T14:17:26.508000+00:00	tm:Z:adapter,primer
3510	69b0ae7f-9a85-4111-8dec-bea5e2f88335	qs:f:12.9664	ch:i:108	st:Z:2026-07-15T18:02:43.735000+00:00	RG:Z:a40d6b40-d3ad-4fe7-8245-9c92f794f831_dna_r10.4.1_e8.2_400bps_sup@v5.2.0	DS:Z:gpu:NVIDIA GeForce RTX 4070 SUPER	PU:Z:FBG39641	DT:Z:2026-07-15T14:17:26.508000+00:00	tm:Z:adapter,primer
6024	e2d93f51-d191-4be3-af21-92e32dd369ae	qs:f:8.56583	ch:i:390	st:Z:2026-07-15T20:03:31.547000+00:00	RG:Z:a40d6b40-d3ad-4fe7-8245-9c92f794f831_dna_r10.4.1_e8.2_400bps_sup@v5.2.0	DS:Z:gpu:NVIDIA GeForce RTX 4070 SUPER	PU:Z:FBG39641	DT:Z:2026-07-15T14:17:26.508000+00:00	tm:Z:none rc
6024	72c4ee84-4dca-49c9-b1bc-7ba019aeb8bf	qs:f:10.8569	ch:i:344	st:Z:2026-07-15T15:25:28.217000+00:00	RG:Z:a40d6b40-d3ad-4fe7-8245-9c92f794f831_dna_r10.4.1_e8.2_400bps_sup@v5.2.0	DS:Z:gpu:NVIDIA GeForce RTX 4070 SUPER	PU:Z:FBG39641	DT:Z:2026-07-15T14:17:26.508000+00:00	tm:Z:adapter,primer
6024	356d99b9-59a5-4f31-9207-4897679fedc0	qs:f:12.1706	ch:i:31	st:Z:2026-07-15T23:52:32.073000+00:00	RG:Z:a40d6b40-d3ad-4fe7-8245-9c92f794f831_dna_r10.4.1_e8.2_400bps_sup@v5.2.0	DS:Z:gpu:NVIDIA GeForce RTX 4070 SUPER	PU:Z:FBG39641	DT:Z:2026-07-15T14:17:26.508000+00:00	tm:Z:none rc
6024	a413fbcb-655d-4af1-81e6-ad1aef69b59c	qs:f:12.7614	ch:i:390	st:Z:2026-07-16T00:52:26.514000+00:00	RG:Z:a40d6b40-d3ad-4fe7-8245-9c92f794f831_dna_r10.4.1_e8.2_400bps_sup@v5.2.0	DS:Z:gpu:NVIDIA GeForce RTX 4070 SUPER	PU:Z:FBG39641	DT:Z:2026-07-15T14:17:26.508000+00:00	tm:Z:adapter,primer rc
6088	fa5a42dd-ce0a-420b-87ad-e6bb8e597e91	qs:f:14.0551	ch:i:455	st:Z:2026-07-15T16:06:58.096000+00:00	RG:Z:a40d6b40-d3ad-4fe7-8245-9c92f794f831_dna_r10.4.1_e8.2_400bps_sup@v5.2.0	DS:Z:gpu:NVIDIA GeForce RTX 4070 SUPER	PU:Z:FBG39641	DT:Z:2026-07-15T14:17:26.508000+00:00	tm:Z:adapter,primer rc
6088	3000629e-d01d-4520-b188-3e35c9212c94	qs:f:14.2198	ch:i:386	st:Z:2026-07-15T16:12:36.804000+00:00	RG:Z:a40d6b40-d3ad-4fe7-8245-9c92f794f831_dna_r10.4.1_e8.2_400bps_sup@v5.2.0	DS:Z:gpu:NVIDIA GeForce RTX 4070 SUPER	PU:Z:FBG39641	DT:Z:2026-07-15T14:17:26.508000+00:00	tm:Z:adapter,primer rc
6088	855b66ef-a8a1-4478-9f5c-65e3e4e0cd99	qs:f:13.0815	ch:i:356	st:Z:2026-07-15T23:08:11.391000+00:00	RG:Z:a40d6b40-d3ad-4fe7-8245-9c92f794f831_dna_r10.4.1_e8.2_400bps_sup@v5.2.0	DS:Z:gpu:NVIDIA GeForce RTX 4070 SUPER	PU:Z:FBG39641	DT:Z:2026-07-15T14:17:26.508000+00:00	tm:Z:adapter,primer rc
6088	fe804425-8af8-4a80-bed3-e7781dcb49a1	qs:f:13.9784	ch:i:84	st:Z:2026-07-15T16:07:32.422000+00:00	RG:Z:a40d6b40-d3ad-4fe7-8245-9c92f794f831_dna_r10.4.1_e8.2_400bps_sup@v5.2.0	DS:Z:gpu:NVIDIA GeForce RTX 4070 SUPER	PU:Z:FBG39641	DT:Z:2026-07-15T14:17:26.508000+00:00	tm:Z:adapter,primer rc
6433	743fb03e-1bb3-4e89-bff5-d6e2c020ae90	qs:f:12.8433	ch:i:364	st:Z:2026-07-15T22:32:39.315000+00:00	RG:Z:a40d6b40-d3ad-4fe7-8245-9c92f794f831_dna_r10.4.1_e8.2_400bps_sup@v5.2.0	DS:Z:gpu:NVIDIA GeForce RTX 4070 SUPER	PU:Z:FBG39641	DT:Z:2026-07-15T14:17:26.508000+00:00	tm:Z:none rc
6433	e16753b2-2cf8-4fb7-bb33-7f1118e4ba4b	qs:f:12.1188	ch:i:319	st:Z:2026-07-15T17:03:06.542000+00:00	RG:Z:a40d6b40-d3ad-4fe7-8245-9c92f794f831_dna_r10.4.1_e8.2_400bps_sup@v5.2.0	DS:Z:gpu:NVIDIA GeForce RTX 4070 SUPER	PU:Z:FBG39641	DT:Z:2026-07-15T14:17:26.508000+00:00	tm:Z:adapter,primer
6433	3d14efc6-78ae-4117-85b2-0f0f357ef83a	qs:f:14.237	ch:i:458	st:Z:2026-07-15T16:49:49.075000+00:00	RG:Z:a40d6b40-d3ad-4fe7-8245-9c92f794f831_dna_r10.4.1_e8.2_400bps_sup@v5.2.0	DS:Z:gpu:NVIDIA GeForce RTX 4070 SUPER	PU:Z:FBG39641	DT:Z:2026-07-15T14:17:26.508000+00:00	tm:Z:adapter,primer rc
6433	46a1c483-565b-446a-b761-280f61474a02	qs:f:13.4465	ch:i:421	st:Z:2026-07-15T19:45:01.137000+00:00	RG:Z:a40d6b40-d3ad-4fe7-8245-9c92f794f831_dna_r10.4.1_e8.2_400bps_sup@v5.2.0	DS:Z:gpu:NVIDIA GeForce RTX 4070 SUPER	PU:Z:FBG39641	DT:Z:2026-07-15T14:17:26.508000+00:00	tm:Z:none rc
9398	ff8cedab-fb75-45f4-8fe2-9cbe08cdf75e	qs:f:15.6326	ch:i:366	st:Z:2026-07-15T21:53:01.846000+00:00	RG:Z:a40d6b40-d3ad-4fe7-8245-9c92f794f831_dna_r10.4.1_e8.2_400bps_sup@v5.2.0	DS:Z:gpu:NVIDIA GeForce RTX 4070 SUPER	PU:Z:FBG39641	DT:Z:2026-07-15T14:17:26.508000+00:00	tm:Z:adapter,primer
9398	65ce3ca9-0409-48d6-97e5-23aa404659ac	qs:f:13.3597	ch:i:9	st:Z:2026-07-15T14:37:27.683000+00:00	RG:Z:a40d6b40-d3ad-4fe7-8245-9c92f794f831_dna_r10.4.1_e8.2_400bps_sup@v5.2.0	DS:Z:gpu:NVIDIA GeForce RTX 4070 SUPER	PU:Z:FBG39641	DT:Z:2026-07-15T14:17:26.508000+00:00	tm:Z:adapter,primer rc
9398	8f22fb88-30a9-47ed-9ac6-b4ccb5573f84	qs:f:10.5637	ch:i:9	st:Z:2026-07-15T15:02:04.025000+00:00	RG:Z:a40d6b40-d3ad-4fe7-8245-9c92f794f831_dna_r10.4.1_e8.2_400bps_sup@v5.2.0	DS:Z:gpu:NVIDIA GeForce RTX 4070 SUPER	PU:Z:FBG39641	DT:Z:2026-07-15T14:17:26.508000+00:00	tm:Z:adapter,primer
9398	a491df1f-e8ef-4b0f-9c5d-472bd83a52c5	qs:f:10.1626	ch:i:159	st:Z:2026-07-15T14:26:40.908000+00:00	RG:Z:a40d6b40-d3ad-4fe7-8245-9c92f794f831_dna_r10.4.1_e8.2_400bps_sup@v5.2.0	DS:Z:gpu:NVIDIA GeForce RTX 4070 SUPER	PU:Z:FBG39641	DT:Z:2026-07-15T14:17:26.508000+00:00	tm:Z:adapter,primer rc
9553	f3522831-2495-42b2-855d-ee29d777d36d	qs:f:11.9295	ch:i:78	st:Z:2026-07-15T15:51:04.951000+00:00	RG:Z:a40d6b40-d3ad-4fe7-8245-9c92f794f831_dna_r10.4.1_e8.2_400bps_sup@v5.2.0	DS:Z:gpu:NVIDIA GeForce RTX 4070 SUPER	PU:Z:FBG39641	DT:Z:2026-07-15T14:17:26.508000+00:00	tm:Z:adapter,primer
9553	5fc6ebe5-8545-45ff-a759-f876644d2434	qs:f:12.6346	ch:i:39	st:Z:2026-07-15T22:02:20.739000+00:00	RG:Z:a40d6b40-d3ad-4fe7-8245-9c92f794f831_dna_r10.4.1_e8.2_400bps_sup@v5.2.0	DS:Z:gpu:NVIDIA GeForce RTX 4070 SUPER	PU:Z:FBG39641	DT:Z:2026-07-15T14:17:26.508000+00:00	tm:Z:none
9553	81a4859e-0281-4f65-ab42-1d33451038bc	qs:f:12.4782	ch:i:78	st:Z:2026-07-15T23:01:02.268000+00:00	RG:Z:a40d6b40-d3ad-4fe7-8245-9c92f794f831_dna_r10.4.1_e8.2_400bps_sup@v5.2.0	DS:Z:gpu:NVIDIA GeForce RTX 4070 SUPER	PU:Z:FBG39641	DT:Z:2026-07-15T14:17:26.508000+00:00	tm:Z:none rc
9553	a602bdf7-2add-4def-a0b8-9e5e4f85ddf7	qs:f:12.6047	ch:i:470	st:Z:2026-07-15T16:43:00.030000+00:00	RG:Z:a40d6b40-d3ad-4fe7-8245-9c92f794f831_dna_r10.4.1_e8.2_400bps_sup@v5.2.0	DS:Z:gpu:NVIDIA GeForce RTX 4070 SUPER	PU:Z:FBG39641	DT:Z:2026-07-15T14:17:26.508000+00:00	tm:Z:none rc
9729	2ed17284-16da-432f-93f5-4e4810a96118	qs:f:9.55464	ch:i:149	st:Z:2026-07-15T15:45:57.814000+00:00	RG:Z:a40d6b40-d3ad-4fe7-8245-9c92f794f831_dna_r10.4.1_e8.2_400bps_sup@v5.2.0	DS:Z:gpu:NVIDIA GeForce RTX 4070 SUPER	PU:Z:FBG39641	DT:Z:2026-07-15T14:17:26.508000+00:00	tm:Z:adapter,primer
9729	f5cf1e60-286c-46c8-a627-ea8a701f0ae2	qs:f:10.1746	ch:i:427	st:Z:2026-07-15T17:01:49.009000+00:00	RG:Z:a40d6b40-d3ad-4fe7-8245-9c92f794f831_dna_r10.4.1_e8.2_400bps_sup@v5.2.0	DS:Z:gpu:NVIDIA GeForce RTX 4070 SUPER	PU:Z:FBG39641	DT:Z:2026-07-15T14:17:26.508000+00:00	tm:Z:none
9729	a4968dbc-28d7-4ee8-9180-3ba5ea487338	qs:f:12.3089	ch:i:78	st:Z:2026-07-16T00:10:02.075000+00:00	RG:Z:a40d6b40-d3ad-4fe7-8245-9c92f794f831_dna_r10.4.1_e8.2_400bps_sup@v5.2.0	DS:Z:gpu:NVIDIA GeForce RTX 4070 SUPER	PU:Z:FBG39641	DT:Z:2026-07-15T14:17:26.508000+00:00	tm:Z:none rc
9729	344bf1d9-61cb-4711-8a6d-24bc88f220c6	qs:f:9.38167	ch:i:21	st:Z:2026-07-15T19:28:23.907000+00:00	RG:Z:a40d6b40-d3ad-4fe7-8245-9c92f794f831_dna_r10.4.1_e8.2_400bps_sup@v5.2.0	DS:Z:gpu:NVIDIA GeForce RTX 4070 SUPER	PU:Z:FBG39641	DT:Z:2026-07-15T14:17:26.508000+00:00	tm:Z:none
10139	72211d48-3130-4f3a-91a0-89fdf180f655	qs:f:11.6182	ch:i:115	st:Z:2026-07-16T01:22:55.150000+00:00	RG:Z:a40d6b40-d3ad-4fe7-8245-9c92f794f831_dna_r10.4.1_e8.2_400bps_sup@v5.2.0	DS:Z:gpu:NVIDIA GeForce RTX 4070 SUPER	PU:Z:FBG39641	DT:Z:2026-07-15T14:17:26.508000+00:00	tm:Z:none rc
10139	61dfabe0-1a74-45f5-8e74-158dec03018f	qs:f:12.0212	ch:i:252	st:Z:2026-07-15T17:38:44.441000+00:00	RG:Z:a40d6b40-d3ad-4fe7-8245-9c92f794f831_dna_r10.4.1_e8.2_400bps_sup@v5.2.0	DS:Z:gpu:NVIDIA GeForce RTX 4070 SUPER	PU:Z:FBG39641	DT:Z:2026-07-15T14:17:26.508000+00:00	tm:Z:adapter,primer rc
10139	95de8878-74b5-4851-b346-5aa868e61168	qs:f:11.8291	ch:i:336	st:Z:2026-07-15T20:26:38.944000+00:00	RG:Z:a40d6b40-d3ad-4fe7-8245-9c92f794f831_dna_r10.4.1_e8.2_400bps_sup@v5.2.0	DS:Z:gpu:NVIDIA GeForce RTX 4070 SUPER	PU:Z:FBG39641	DT:Z:2026-07-15T14:17:26.508000+00:00	tm:Z:none rc
10139	7b48a842-1985-405f-9016-690ff20ebfae	qs:f:9.65207	ch:i:204	st:Z:2026-07-15T21:44:30.430000+00:00	RG:Z:a40d6b40-d3ad-4fe7-8245-9c92f794f831_dna_r10.4.1_e8.2_400bps_sup@v5.2.0	DS:Z:gpu:NVIDIA GeForce RTX 4070 SUPER	PU:Z:FBG39641	DT:Z:2026-07-15T14:17:26.508000+00:00	tm:Z:adapter,primer
10167	0c2d9d43-09f0-4a89-b2da-cd805cf0406d	qs:f:11.6938	ch:i:381	st:Z:2026-07-15T19:02:21.389000+00:00	RG:Z:a40d6b40-d3ad-4fe7-8245-9c92f794f831_dna_r10.4.1_e8.2_400bps_sup@v5.2.0	DS:Z:gpu:NVIDIA GeForce RTX 4070 SUPER	PU:Z:FBG39641	DT:Z:2026-07-15T14:17:26.508000+00:00	tm:Z:adapter,primer
10167	9f4d204b-8a68-451b-8748-fdb2d79513e8	qs:f:10.3739	ch:i:280	st:Z:2026-07-16T00:58:27.593000+00:00	RG:Z:a40d6b40-d3ad-4fe7-8245-9c92f794f831_dna_r10.4.1_e8.2_400bps_sup@v5.2.0	DS:Z:gpu:NVIDIA GeForce RTX 4070 SUPER	PU:Z:FBG39641	DT:Z:2026-07-15T14:17:26.508000+00:00	tm:Z:none
10167	e088c62e-bc82-42e3-975b-046144e170e6	qs:f:12.29	ch:i:248	st:Z:2026-07-15T21:19:14.331000+00:00	RG:Z:a40d6b40-d3ad-4fe7-8245-9c92f794f831_dna_r10.4.1_e8.2_400bps_sup@v5.2.0	DS:Z:gpu:NVIDIA GeForce RTX 4070 SUPER	PU:Z:FBG39641	DT:Z:2026-07-15T14:17:26.508000+00:00	tm:Z:adapter,primer
10167	aa10087e-8ba9-4867-942a-931930ac7432	qs:f:8.01485	ch:i:85	st:Z:2026-07-15T16:10:21.656000+00:00	RG:Z:a40d6b40-d3ad-4fe7-8245-9c92f794f831_dna_r10.4.1_e8.2_400bps_sup@v5.2.0	DS:Z:gpu:NVIDIA GeForce RTX 4070 SUPER	PU:Z:FBG39641	DT:Z:2026-07-15T14:17:26.508000+00:00	tm:Z:adapter,primer
10982	d11370c7-3054-4c39-8848-1dd5dae8a0c1	qs:f:11.1946	ch:i:512	st:Z:2026-07-15T16:43:43.771000+00:00	RG:Z:a40d6b40-d3ad-4fe7-8245-9c92f794f831_dna_r10.4.1_e8.2_400bps_sup@v5.2.0	DS:Z:gpu:NVIDIA GeForce RTX 4070 SUPER	PU:Z:FBG39641	DT:Z:2026-07-15T14:17:26.508000+00:00	tm:Z:none
10982	17635a37-b6ab-4350-8577-f84b06110893	qs:f:11.7795	ch:i:133	st:Z:2026-07-15T17:11:48.168000+00:00	RG:Z:a40d6b40-d3ad-4fe7-8245-9c92f794f831_dna_r10.4.1_e8.2_400bps_sup@v5.2.0	DS:Z:gpu:NVIDIA GeForce RTX 4070 SUPER	PU:Z:FBG39641	DT:Z:2026-07-15T14:17:26.508000+00:00	tm:Z:none
10982	d2d41e7f-4888-4bd0-8f2b-7fe463b912ea	qs:f:10.8475	ch:i:477	st:Z:2026-07-15T18:11:21.175000+00:00	RG:Z:a40d6b40-d3ad-4fe7-8245-9c92f794f831_dna_r10.4.1_e8.2_400bps_sup@v5.2.0	DS:Z:gpu:NVIDIA GeForce RTX 4070 SUPER	PU:Z:FBG39641	DT:Z:2026-07-15T14:17:26.508000+00:00	tm:Z:adapter,primer
10982	0089a061-d7fd-4448-92a2-c62efbd5c8c9	qs:f:8.63816	ch:i:21	st:Z:2026-07-16T00:49:36.649000+00:00	RG:Z:a40d6b40-d3ad-4fe7-8245-9c92f794f831_dna_r10.4.1_e8.2_400bps_sup@v5.2.0	DS:Z:gpu:NVIDIA GeForce RTX 4070 SUPER	PU:Z:FBG39641	DT:Z:2026-07-15T14:17:26.508000+00:00	tm:Z:adapter,primer
11526	9e0cb954-3f08-461c-bb02-59d735ebe840	qs:f:11.5869	ch:i:39	st:Z:2026-07-15T23:44:30.910000+00:00	RG:Z:a40d6b40-d3ad-4fe7-8245-9c92f794f831_dna_r10.4.1_e8.2_400bps_sup@v5.2.0	DS:Z:gpu:NVIDIA GeForce RTX 4070 SUPER	PU:Z:FBG39641	DT:Z:2026-07-15T14:17:26.508000+00:00	tm:Z:none rc
11526	01d505b5-8357-46ad-856b-0a19c593f6bb	qs:f:10.7958	ch:i:53	st:Z:2026-07-15T18:57:51.974000+00:00	RG:Z:a40d6b40-d3ad-4fe7-8245-9c92f794f831_dna_r10.4.1_e8.2_400bps_sup@v5.2.0	DS:Z:gpu:NVIDIA GeForce RTX 4070 SUPER	PU:Z:FBG39641	DT:Z:2026-07-15T14:17:26.508000+00:00	tm:Z:adapter,primer rc
11526	5d629734-2c8b-4c3d-9737-14a2f96de390	qs:f:9.19626	ch:i:240	st:Z:2026-07-16T01:28:20.702000+00:00	RG:Z:a40d6b40-d3ad-4fe7-8245-9c92f794f831_dna_r10.4.1_e8.2_400bps_sup@v5.2.0	DS:Z:gpu:NVIDIA GeForce RTX 4070 SUPER	PU:Z:FBG39641	DT:Z:2026-07-15T14:17:26.508000+00:00	tm:Z:adapter,primer rc
11526	983f87bd-1974-4bc1-bbbf-6779d82c3ade	qs:f:10.7655	ch:i:318	st:Z:2026-07-15T18:17:52.426000+00:00	RG:Z:a40d6b40-d3ad-4fe7-8245-9c92f794f831_dna_r10.4.1_e8.2_400bps_sup@v5.2.0	DS:Z:gpu:NVIDIA GeForce RTX 4070 SUPER	PU:Z:FBG39641	DT:Z:2026-07-15T14:17:26.508000+00:00	tm:Z:adapter,primer rc
0	4d46f7a1-de3c-482f-a0e8-57a262cf3afb	qs:f:25.401	ch:i:150	st:Z:2026-07-15T17:39:56.825000+00:00	RG:Z:a40d6b40-d3ad-4fe7-8245-9c92f794f831_dna_r10.4.1_e8.2_400bps_sup@v5.2.0	DS:Z:gpu:NVIDIA GeForce RTX 4070 SUPER	PU:Z:FBG39641	DT:Z:2026-07-15T14:17:26.508000+00:00	tm:Z:none rc
0	7db7c40c-fc02-483b-b30e-781eb076b9df	qs:f:31.1102	ch:i:391	st:Z:2026-07-15T20:10:07.048000+00:00	RG:Z:a40d6b40-d3ad-4fe7-8245-9c92f794f831_dna_r10.4.1_e8.2_400bps_sup@v5.2.0	DS:Z:gpu:NVIDIA GeForce RTX 4070 SUPER	PU:Z:FBG39641	DT:Z:2026-07-15T14:17:26.508000+00:00	tm:Z:adapter,primer
0	d400442c-c085-47bd-8f4d-2eb88b2f9072	qs:f:27.3257	ch:i:471	st:Z:2026-07-16T00:24:21.847000+00:00	RG:Z:a40d6b40-d3ad-4fe7-8245-9c92f794f831_dna_r10.4.1_e8.2_400bps_sup@v5.2.0	DS:Z:gpu:NVIDIA GeForce RTX 4070 SUPER	PU:Z:FBG39641	DT:Z:2026-07-15T14:17:26.508000+00:00	tm:Z:adapter,primer
55	0405797a-dab9-4f19-9fe9-d9528058f234	qs:f:14.6525	ch:i:235	st:Z:2026-07-15T20:19:22.696000+00:00	RG:Z:a40d6b40-d3ad-4fe7-8245-9c92f794f831_dna_r10.4.1_e8.2_400bps_sup@v5.2.0	DS:Z:gpu:NVIDIA GeForce RTX 4070 SUPER	PU:Z:FBG39641	DT:Z:2026-07-15T14:17:26.508000+00:00	tm:Z:none rc
55	18216cd3-9435-49a5-b6d4-d4b328852df0	qs:f:15.3596	ch:i:275	st:Z:2026-07-15T17:08:50.436000+00:00	RG:Z:a40d6b40-d3ad-4fe7-8245-9c92f794f831_dna_r10.4.1_e8.2_400bps_sup@v5.2.0	DS:Z:gpu:NVIDIA GeForce RTX 4070 SUPER	PU:Z:FBG39641	DT:Z:2026-07-15T14:17:26.508000+00:00	tm:Z:adapter,primer
55	651357bf-ae19-4fa8-b12f-5f1ec53bdc9f	qs:f:14.8801	ch:i:410	st:Z:2026-07-15T17:22:11.306000+00:00	RG:Z:a40d6b40-d3ad-4fe7-8245-9c92f794f831_dna_r10.4.1_e8.2_400bps_sup@v5.2.0	DS:Z:gpu:NVIDIA GeForce RTX 4070 SUPER	PU:Z:FBG39641	DT:Z:2026-07-15T14:17:26.508000+00:00	tm:Z:none rc
117	291daa11-cbd2-4e74-9276-40443b5fbe15	qs:f:16.6319	ch:i:291	st:Z:2026-07-15T21:26:48.089000+00:00	RG:Z:a40d6b40-d3ad-4fe7-8245-9c92f794f831_dna_r10.4.1_e8.2_400bps_sup@v5.2.0	DS:Z:gpu:NVIDIA GeForce RTX 4070 SUPER	PU:Z:FBG39641	DT:Z:2026-07-15T14:17:26.508000+00:00	tm:Z:none rc
117	5975e105-d35d-4b0b-a726-b3e286d27d7d	qs:f:12.6265	ch:i:411	st:Z:2026-07-16T02:04:49.346000+00:00	RG:Z:a40d6b40-d3ad-4fe7-8245-9c92f794f831_dna_r10.4.1_e8.2_400bps_sup@v5.2.0	DS:Z:gpu:NVIDIA GeForce RTX 4070 SUPER	PU:Z:FBG39641	DT:Z:2026-07-15T14:17:26.508000+00:00	tm:Z:none
117	62db8f93-12a0-4da3-a47f-d0c3169c80cb	qs:f:13.8131	ch:i:466	st:Z:2026-07-16T00:40:13.224000+00:00	RG:Z:a40d6b40-d3ad-4fe7-8245-9c92f794f831_dna_r10.4.1_e8.2_400bps_sup@v5.2.0	DS:Z:gpu:NVIDIA GeForce RTX 4070 SUPER	PU:Z:FBG39641	DT:Z:2026-07-15T14:17:26.508000+00:00	tm:Z:adapter,primer rc
460	4731b3d7-b9ad-48e4-96d3-8543994ad27b	qs:f:14.5799	ch:i:199	st:Z:2026-07-15T14:37:08.789000+00:00	RG:Z:a40d6b40-d3ad-4fe7-8245-9c92f794f831_dna_r10.4.1_e8.2_400bps_sup@v5.2.0	DS:Z:gpu:NVIDIA GeForce RTX 4070 SUPER	PU:Z:FBG39641	DT:Z:2026-07-15T14:17:26.508000+00:00	tm:Z:adapter,primer rc
460	f989c765-4647-4fe4-aa9d-a22cd463e60d	qs:f:16.933	ch:i:413	st:Z:2026-07-15T16:35:00.060000+00:00	RG:Z:a40d6b40-d3ad-4fe7-8245-9c92f794f831_dna_r10.4.1_e8.2_400bps_sup@v5.2.0	DS:Z:gpu:NVIDIA GeForce RTX 4070 SUPER	PU:Z:FBG39641	DT:Z:2026-07-15T14:17:26.508000+00:00	tm:Z:none rc
460	06cd976f-d0ff-425b-a15c-da4cd462e15f	qs:f:13.9787	ch:i:230	st:Z:2026-07-15T20:08:45.994000+00:00	RG:Z:a40d6b40-d3ad-4fe7-8245-9c92f794f831_dna_r10.4.1_e8.2_400bps_sup@v5.2.0	DS:Z:gpu:NVIDIA GeForce RTX 4070 SUPER	PU:Z:FBG39641	DT:Z:2026-07-15T14:17:26.508000+00:00	tm:Z:adapter,primer
770	a25aedd1-11c8-499e-a1e5-a23f9b783f11	qs:f:13.391	ch:i:450	st:Z:2026-07-15T15:24:31.870000+00:00	RG:Z:a40d6b40-d3ad-4fe7-8245-9c92f794f831_dna_r10.4.1_e8.2_400bps_sup@v5.2.0	DS:Z:gpu:NVIDIA GeForce RTX 4070 SUPER	PU:Z:FBG39641	DT:Z:2026-07-15T14:17:26.508000+00:00	tm:Z:adapter,primer
770	02ab6537-e2db-4d7e-a051-a998cb4e4dad	qs:f:11.6501	ch:i:214	st:Z:2026-07-15T16:23:12.738000+00:00	RG:Z:a40d6b40-d3ad-4fe7-8245-9c92f794f831_dna_r10.4.1_e8.2_400bps_sup@v5.2.0	DS:Z:gpu:NVIDIA GeForce RTX 4070 SUPER	PU:Z:FBG39641	DT:Z:2026-07-15T14:17:26.508000+00:00	tm:Z:none
770	d32fc0a7-4cb0-4c7b-b2cd-890c86df803a	qs:f:12.2411	ch:i:106	st:Z:2026-07-15T21:08:56.940000+00:00	RG:Z:a40d6b40-d3ad-4fe7-8245-9c92f794f831_dna_r10.4.1_e8.2_400bps_sup@v5.2.0	DS:Z:gpu:NVIDIA GeForce RTX 4070 SUPER	PU:Z:FBG39641	DT:Z:2026-07-15T14:17:26.508000+00:00	tm:Z:adapter,primer
3285	44418d3b-d890-4f6f-8dce-04ff9b37e749	qs:f:11.9528	ch:i:156	st:Z:2026-07-15T21:12:11.328000+00:00	RG:Z:a40d6b40-d3ad-4fe7-8245-9c92f794f831_dna_r10.4.1_e8.2_400bps_sup@v5.2.0	DS:Z:gpu:NVIDIA GeForce RTX 4070 SUPER	PU:Z:FBG39641	DT:Z:2026-07-15T14:17:26.508000+00:00	tm:Z:adapter,primer rc
3285	a49f833c-c87a-4ed3-98ce-bb6f8fb75fc2	qs:f:11.7254	ch:i:280	st:Z:2026-07-15T21:29:37.461000+00:00	RG:Z:a40d6b40-d3ad-4fe7-8245-9c92f794f831_dna_r10.4.1_e8.2_400bps_sup@v5.2.0	DS:Z:gpu:NVIDIA GeForce RTX 4070 SUPER	PU:Z:FBG39641	DT:Z:2026-07-15T14:17:26.508000+00:00	tm:Z:adapter,primer rc
3285	88efa720-89e6-4a7e-bfd6-9e9dec3f19f8	qs:f:12.2746	ch:i:63	st:Z:2026-07-15T22:57:54.190000+00:00	RG:Z:a40d6b40-d3ad-4fe7-8245-9c92f794f831_dna_r10.4.1_e8.2_400bps_sup@v5.2.0	DS:Z:gpu:NVIDIA GeForce RTX 4070 SUPER	PU:Z:FBG39641	DT:Z:2026-07-15T14:17:26.508000+00:00	tm:Z:adapter,primer
5184	8601a168-ff2d-40a2-91c8-a91621830e33	qs:f:13.2762	ch:i:269	st:Z:2026-07-15T19:04:13.595000+00:00	RG:Z:a40d6b40-d3ad-4fe7-8245-9c92f794f831_dna_r10.4.1_e8.2_400bps_sup@v5.2.0	DS:Z:gpu:NVIDIA GeForce RTX 4070 SUPER	PU:Z:FBG39641	DT:Z:2026-07-15T14:17:26.508000+00:00	tm:Z:adapter,primer
5184	3dc07887-e1ca-4d7e-8cd4-502d10206a7e	qs:f:13.2198	ch:i:459	st:Z:2026-07-15T20:37:00.362000+00:00	RG:Z:a40d6b40-d3ad-4fe7-8245-9c92f794f831_dna_r10.4.1_e8.2_400bps_sup@v5.2.0	DS:Z:gpu:NVIDIA GeForce RTX 4070 SUPER	PU:Z:FBG39641	DT:Z:2026-07-15T14:17:26.508000+00:00	tm:Z:adapter,primer
5184	6f93277a-ecff-4109-a01d-1637de2ea003	qs:f:15.4271	ch:i:127	st:Z:2026-07-15T22:43:16.085000+00:00	RG:Z:a40d6b40-d3ad-4fe7-8245-9c92f794f831_dna_r10.4.1_e8.2_400bps_sup@v5.2.0	DS:Z:gpu:NVIDIA GeForce RTX 4070 SUPER	PU:Z:FBG39641	DT:Z:2026-07-15T14:17:26.508000+00:00	tm:Z:adapter,primer
5872	a5c4e47b-60e8-4b01-8ddc-8bf0fdaa7913	qs:f:11.03	ch:i:17	st:Z:2026-07-16T00:48:59.376000+00:00	RG:Z:a40d6b40-d3ad-4fe7-8245-9c92f794f831_dna_r10.4.1_e8.2_400bps_sup@v5.2.0	DS:Z:gpu:NVIDIA GeForce RTX 4070 SUPER	PU:Z:FBG39641	DT:Z:2026-07-15T14:17:26.508000+00:00	tm:Z:adapter,primer
5872	98d6e916-6ea9-410b-930a-d1b5e655ab14	qs:f:11.8507	ch:i:110	st:Z:2026-07-16T00:37:40.602000+00:00	RG:Z:a40d6b40-d3ad-4fe7-8245-9c92f794f831_dna_r10.4.1_e8.2_400bps_sup@v5.2.0	DS:Z:gpu:NVIDIA GeForce RTX 4070 SUPER	PU:Z:FBG39641	DT:Z:2026-07-15T14:17:26.508000+00:00	tm:Z:none
5872	89dc7e6a-e4e1-4e86-aa68-8376439962cd	qs:f:11.6637	ch:i:31	st:Z:2026-07-15T15:09:43.911000+00:00	RG:Z:a40d6b40-d3ad-4fe7-8245-9c92f794f831_dna_r10.4.1_e8.2_400bps_sup@v5.2.0	DS:Z:gpu:NVIDIA GeForce RTX 4070 SUPER	PU:Z:FBG39641	DT:Z:2026-07-15T14:17:26.508000+00:00	tm:Z:none
6287	c36bb21e-16db-450e-af26-139443bcea5d	qs:f:15.0339	ch:i:319	st:Z:2026-07-15T22:07:31.868000+00:00	RG:Z:a40d6b40-d3ad-4fe7-8245-9c92f794f831_dna_r10.4.1_e8.2_400bps_sup@v5.2.0	DS:Z:gpu:NVIDIA GeForce RTX 4070 SUPER	PU:Z:FBG39641	DT:Z:2026-07-15T14:17:26.508000+00:00	tm:Z:none
6287	d75f7ac5-d490-4345-8f12-334708067f1f	qs:f:13.1793	ch:i:424	st:Z:2026-07-16T01:45:04.786000+00:00	RG:Z:a40d6b40-d3ad-4fe7-8245-9c92f794f831_dna_r10.4.1_e8.2_400bps_sup@v5.2.0	DS:Z:gpu:NVIDIA GeForce RTX 4070 SUPER	PU:Z:FBG39641	DT:Z:2026-07-15T14:17:26.508000+00:00	tm:Z:adapter,primer
6287	2d8eff87-0102-45f2-be5c-1f9fd8c01854	qs:f:11.6267	ch:i:31	st:Z:2026-07-15T18:41:27.280000+00:00	RG:Z:a40d6b40-d3ad-4fe7-8245-9c92f794f831_dna_r10.4.1_e8.2_400bps_sup@v5.2.0	DS:Z:gpu:NVIDIA GeForce RTX 4070 SUPER	PU:Z:FBG39641	DT:Z:2026-07-15T14:17:26.508000+00:00	tm:Z:none
6615	627f6d4a-9194-4f02-84e0-fab5bd877076	qs:f:13.8884	ch:i:421	st:Z:2026-07-15T15:41:19.186000+00:00	RG:Z:a40d6b40-d3ad-4fe7-8245-9c92f794f831_dna_r10.4.1_e8.2_400bps_sup@v5.2.0	DS:Z:gpu:NVIDIA GeForce RTX 4070 SUPER	PU:Z:FBG39641	DT:Z:2026-07-15T14:17:26.508000+00:00	tm:Z:adapter,primer rc
6615	0b60df0f-7ee1-4511-b2c6-7781a471b672	qs:f:15.4596	ch:i:127	st:Z:2026-07-15T15:06:46.441000+00:00	RG:Z:a40d6b40-d3ad-4fe7-8245-9c92f794f831_dna_r10.4.1_e8.2_400bps_sup@v5.2.0	DS:Z:gpu:NVIDIA GeForce RTX 4070 SUPER	PU:Z:FBG39641	DT:Z:2026-07-15T14:17:26.508000+00:00	tm:Z:none rc
6615	180a124f-1a45-4f15-99bd-2dfe77433038	qs:f:12.8704	ch:i:275	st:Z:2026-07-15T16:18:47.003000+00:00	RG:Z:a40d6b40-d3ad-4fe7-8245-9c92f794f831_dna_r10.4.1_e8.2_400bps_sup@v5.2.0	DS:Z:gpu:NVIDIA GeForce RTX 4070 SUPER	PU:Z:FBG39641	DT:Z:2026-07-15T14:17:26.508000+00:00	tm:Z:adapter,primer rc
6667	c73d479e-cc85-4233-8112-45ee6be9c144	qs:f:12.8617	ch:i:344	st:Z:2026-07-15T21:18:21.405000+00:00	RG:Z:a40d6b40-d3ad-4fe7-8245-9c92f794f831_dna_r10.4.1_e8.2_400bps_sup@v5.2.0	DS:Z:gpu:NVIDIA GeForce RTX 4070 SUPER	PU:Z:FBG39641	DT:Z:2026-07-15T14:17:26.508000+00:00	tm:Z:none rc
6667	20fd363f-0486-4346-93e6-7ffbdfa78209	qs:f:13.4545	ch:i:365	st:Z:2026-07-15T19:57:32.523000+00:00	RG:Z:a40d6b40-d3ad-4fe7-8245-9c92f794f831_dna_r10.4.1_e8.2_400bps_sup@v5.2.0	DS:Z:gpu:NVIDIA GeForce RTX 4070 SUPER	PU:Z:FBG39641	DT:Z:2026-07-15T14:17:26.508000+00:00	tm:Z:adapter,primer rc
6667	e9284afe-d1b1-4c4d-a13e-600ac9336868	qs:f:14.2653	ch:i:434	st:Z:2026-07-15T17:01:01.253000+00:00	RG:Z:a40d6b40-d3ad-4fe7-8245-9c92f794f831_dna_r10.4.1_e8.2_400bps_sup@v5.2.0	DS:Z:gpu:NVIDIA GeForce RTX 4070 SUPER	PU:Z:FBG39641	DT:Z:2026-07-15T14:17:26.508000+00:00	tm:Z:adapter,primer rc
6859	30002aab-1f97-483e-be07-328f51a5f862	qs:f:14.627	ch:i:365	st:Z:2026-07-15T20:05:14.616000+00:00	RG:Z:a40d6b40-d3ad-4fe7-8245-9c92f794f831_dna_r10.4.1_e8.2_400bps_sup@v5.2.0	DS:Z:gpu:NVIDIA GeForce RTX 4070 SUPER	PU:Z:FBG39641	DT:Z:2026-07-15T14:17:26.508000+00:00	tm:Z:adapter,primer rc
6859	7e694921-b55a-468e-a893-d42b9d3b64c7	qs:f:12.0593	ch:i:78	st:Z:2026-07-15T17:06:42.825000+00:00	RG:Z:a40d6b40-d3ad-4fe7-8245-9c92f794f831_dna_r10.4.1_e8.2_400bps_sup@v5.2.0	DS:Z:gpu:NVIDIA GeForce RTX 4070 SUPER	PU:Z:FBG39641	DT:Z:2026-07-15T14:17:26.508000+00:00	tm:Z:adapter,primer rc
6859	b1252d63-d9a3-465d-9c17-ecf362b33493	qs:f:12.1585	ch:i:68	st:Z:2026-07-15T15:19:10.969000+00:00	RG:Z:a40d6b40-d3ad-4fe7-8245-9c92f794f831_dna_r10.4.1_e8.2_400bps_sup@v5.2.0	DS:Z:gpu:NVIDIA GeForce RTX 4070 SUPER	PU:Z:FBG39641	DT:Z:2026-07-15T14:17:26.508000+00:00	tm:Z:adapter,primer rc
9334	9e2b82ff-fa95-4eaf-9171-f5de61632800	qs:f:13.6587	ch:i:375	st:Z:2026-07-15T15:05:06.717000+00:00	RG:Z:a40d6b40-d3ad-4fe7-8245-9c92f794f831_dna_r10.4.1_e8.2_400bps_sup@v5.2.0	DS:Z:gpu:NVIDIA GeForce RTX 4070 SUPER	PU:Z:FBG39641	DT:Z:2026-07-15T14:17:26.508000+00:00	tm:Z:adapter,primer rc
9334	cff6d8bf-3024-4d34-ae41-6de51b3e42fb	qs:f:13.6648	ch:i:268	st:Z:2026-07-15T23:22:14.786000+00:00	RG:Z:a40d6b40-d3ad-4fe7-8245-9c92f794f831_dna_r10.4.1_e8.2_400bps_sup@v5.2.0	DS:Z:gpu:NVIDIA GeForce RTX 4070 SUPER	PU:Z:FBG39641	DT:Z:2026-07-15T14:17:26.508000+00:00	tm:Z:adapter,primer rc
9334	d5dc327d-fd7a-468d-ae64-a6a90e5ff75c	qs:f:11.785	ch:i:387	st:Z:2026-07-16T01:01:04.244000+00:00	RG:Z:a40d6b40-d3ad-4fe7-8245-9c92f794f831_dna_r10.4.1_e8.2_400bps_sup@v5.2.0	DS:Z:gpu:NVIDIA GeForce RTX 4070 SUPER	PU:Z:FBG39641	DT:Z:2026-07-15T14:17:26.508000+00:00	tm:Z:adapter,primer rc
9368	08b816bc-d7db-41e4-8522-4390f43eb22c	qs:f:11.3595	ch:i:85	st:Z:2026-07-15T20:15:35.295000+00:00	RG:Z:a40d6b40-d3ad-4fe7-8245-9c92f794f831_dna_r10.4.1_e8.2_400bps_sup@v5.2.0	DS:Z:gpu:NVIDIA GeForce RTX 4070 SUPER	PU:Z:FBG39641	DT:Z:2026-07-15T14:17:26.508000+00:00	tm:Z:none
9368	345c48e8-ddd7-4ea6-832e-db5b204d6e88	qs:f:12.9883	ch:i:320	st:Z:2026-07-15T16:30:50.885000+00:00	RG:Z:a40d6b40-d3ad-4fe7-8245-9c92f794f831_dna_r10.4.1_e8.2_400bps_sup@v5.2.0	DS:Z:gpu:NVIDIA GeForce RTX 4070 SUPER	PU:Z:FBG39641	DT:Z:2026-07-15T14:17:26.508000+00:00	tm:Z:none rc
9368	988d9404-952d-4990-96bf-eca8f20ae0fe	qs:f:12.3861	ch:i:174	st:Z:2026-07-15T15:10:02.198000+00:00	RG:Z:a40d6b40-d3ad-4fe7-8245-9c92f794f831_dna_r10.4.1_e8.2_400bps_sup@v5.2.0	DS:Z:gpu:NVIDIA GeForce RTX 4070 SUPER	PU:Z:FBG39641	DT:Z:2026-07-15T14:17:26.508000+00:00	tm:Z:adapter,primer
9527	f7258540-ac07-4b01-b815-827bf387f415	qs:f:13.5058	ch:i:217	st:Z:2026-07-15T22:33:32.047000+00:00	RG:Z:a40d6b40-d3ad-4fe7-8245-9c92f794f831_dna_r10.4.1_e8.2_400bps_sup@v5.2.0	DS:Z:gpu:NVIDIA GeForce RTX 4070 SUPER	PU:Z:FBG39641	DT:Z:2026-07-15T14:17:26.508000+00:00	tm:Z:none rc
9527	53ea5ac1-6fda-409c-8cbd-64ff30850156	qs:f:11.779	ch:i:450	st:Z:2026-07-15T23:52:06.120000+00:00	RG:Z:a40d6b40-d3ad-4fe7-8245-9c92f794f831_dna_r10.4.1_e8.2_400bps_sup@v5.2.0	DS:Z:gpu:NVIDIA GeForce RTX 4070 SUPER	PU:Z:FBG39641	DT:Z:2026-07-15T14:17:26.508000+00:00	tm:Z:none rc
9527	b7e0c9d0-1e5a-4ebf-bc39-07eed06d6930	qs:f:8.78915	ch:i:190	st:Z:2026-07-15T18:57:10.588000+00:00	RG:Z:a40d6b40-d3ad-4fe7-8245-9c92f794f831_dna_r10.4.1_e8.2_400bps_sup@v5.2.0	DS:Z:gpu:NVIDIA GeForce RTX 4070 SUPER	PU:Z:FBG39641	DT:Z:2026-07-15T14:17:26.508000+00:00	tm:Z:adapter,primer rc
9945	1503f3f9-fcdc-4dcf-8d41-18408c64831c	qs:f:12.3115	ch:i:66	st:Z:2026-07-15T19:04:07.733000+00:00	RG:Z:a40d6b40-d3ad-4fe7-8245-9c92f794f831_dna_r10.4.1_e8.2_400bps_sup@v5.2.0	DS:Z:gpu:NVIDIA GeForce RTX 4070 SUPER	PU:Z:FBG39641	DT:Z:2026-07-15T14:17:26.508000+00:00	tm:Z:adapter,primer
9945	bd7e0ab0-6ccd-435c-8ab8-3658baec1dc8	qs:f:12.3505	ch:i:427	st:Z:2026-07-15T16:15:07.986000+00:00	RG:Z:a40d6b40-d3ad-4fe7-8245-9c92f794f831_dna_r10.4.1_e8.2_400bps_sup@v5.2.0	DS:Z:gpu:NVIDIA GeForce RTX 4070 SUPER	PU:Z:FBG39641	DT:Z:2026-07-15T14:17:26.508000+00:00	tm:Z:adapter,primer
9945	7a83d290-b57c-4209-a296-2a6a616b20a1	qs:f:11.681	ch:i:352	st:Z:2026-07-15T23:27:16.551000+00:00	RG:Z:a40d6b40-d3ad-4fe7-8245-9c92f794f831_dna_r10.4.1_e8.2_400bps_sup@v5.2.0	DS:Z:gpu:NVIDIA GeForce RTX 4070 SUPER	PU:Z:FBG39641	DT:Z:2026-07-15T14:17:26.508000+00:00	tm:Z:adapter,primer
9996	0b2e2660-71af-4475-b908-bb73ebdbf690	qs:f:10.5067	ch:i:93	st:Z:2026-07-16T00:56:24.983000+00:00	RG:Z:a40d6b40-d3ad-4fe7-8245-9c92f794f831_dna_r10.4.1_e8.2_400bps_sup@v5.2.0	DS:Z:gpu:NVIDIA GeForce RTX 4070 SUPER	PU:Z:FBG39641	DT:Z:2026-07-15T14:17:26.508000+00:00	tm:Z:adapter,primer rc
9996	aa04d940-88fc-466f-9a5f-36ef70911a04	qs:f:11.3931	ch:i:466	st:Z:2026-07-15T21:27:47.505000+00:00	RG:Z:a40d6b40-d3ad-4fe7-8245-9c92f794f831_dna_r10.4.1_e8.2_400bps_sup@v5.2.0	DS:Z:gpu:NVIDIA GeForce RTX 4070 SUPER	PU:Z:FBG39641	DT:Z:2026-07-15T14:17:26.508000+00:00	tm:Z:adapter,primer
9996	bcd77ca9-587e-4b70-94e0-119c73bcf313	qs:f:11.623	ch:i:153	st:Z:2026-07-15T15:15:54.576000+00:00	RG:Z:a40d6b40-d3ad-4fe7-8245-9c92f794f831_dna_r10.4.1_e8.2_400bps_sup@v5.2.0	DS:Z:gpu:NVIDIA GeForce RTX 4070 SUPER	PU:Z:FBG39641	DT:Z:2026-07-15T14:17:26.508000+00:00	tm:Z:adapter,primer rc
10212	797384fc-bdb4-4cff-ab74-47df3bef1d40	qs:f:10.2142	ch:i:458	st:Z:2026-07-15T19:18:16.794000+00:00	RG:Z:a40d6b40-d3ad-4fe7-8245-9c92f794f831_dna_r10.4.1_e8.2_400bps_sup@v5.2.0	DS:Z:gpu:NVIDIA GeForce RTX 4070 SUPER	PU:Z:FBG39641	DT:Z:2026-07-15T14:17:26.508000+00:00	tm:Z:adapter,primer
10212	3f011e1b-6872-4daa-b96f-f3eaafcdb4cb	qs:f:10.0999	ch:i:70	st:Z:2026-07-15T15:48:58.440000+00:00	RG:Z:a40d6b40-d3ad-4fe7-8245-9c92f794f831_dna_r10.4.1_e8.2_400bps_sup@v5.2.0	DS:Z:gpu:NVIDIA GeForce RTX 4070 SUPER	PU:Z:FBG39641	DT:Z:2026-07-15T14:17:26.508000+00:00	tm:Z:none
10212	41ed39f7-7e70-4133-a77a-b6b78fe9fc8a	qs:f:9.32952	ch:i:322	st:Z:2026-07-15T20:06:10.379000+00:00	RG:Z:a40d6b40-d3ad-4fe7-8245-9c92f794f831_dna_r10.4.1_e8.2_400bps_sup@v5.2.0	DS:Z:gpu:NVIDIA GeForce RTX 4070 SUPER	PU:Z:FBG39641	DT:Z:2026-07-15T14:17:26.508000+00:00	tm:Z:adapter,primer
10779	09c48775-148d-46e4-9cdd-071a4492c9a5	qs:f:10.86	ch:i:15	st:Z:2026-07-15T14:40:02.521000+00:00	RG:Z:a40d6b40-d3ad-4fe7-8245-9c92f794f831_dna_r10.4.1_e8.2_400bps_sup@v5.2.0	DS:Z:gpu:NVIDIA GeForce RTX 4070 SUPER	PU:Z:FBG39641	DT:Z:2026-07-15T14:17:26.508000+00:00	tm:Z:adapter,primer rc
10779	0525a7e1-fd4e-45f7-bc22-40fa0899ec71	qs:f:11.2062	ch:i:419	st:Z:2026-07-16T01:55:03.529000+00:00	RG:Z:a40d6b40-d3ad-4fe7-8245-9c92f794f831_dna_r10.4.1_e8.2_400bps_sup@v5.2.0	DS:Z:gpu:NVIDIA GeForce RTX 4070 SUPER	PU:Z:FBG39641	DT:Z:2026-07-15T14:17:26.508000+00:00	tm:Z:adapter,primer rc
10779	ce5e8c0c-00a5-432e-98da-fc39fbd02561	qs:f:11.0118	ch:i:351	st:Z:2026-07-16T01:26:06.948000+00:00	RG:Z:a40d6b40-d3ad-4fe7-8245-9c92f794f831_dna_r10.4.1_e8.2_400bps_sup@v5.2.0	DS:Z:gpu:NVIDIA GeForce RTX 4070 SUPER	PU:Z:FBG39641	DT:Z:2026-07-15T14:17:26.508000+00:00	tm:Z:adapter,primer rc
11560	c103fa90-24a3-4386-869c-e0ccba04f026	qs:f:11.3533	ch:i:308	st:Z:2026-07-15T20:30:01.215000+00:00	RG:Z:a40d6b40-d3ad-4fe7-8245-9c92f794f831_dna_r10.4.1_e8.2_400bps_sup@v5.2.0	DS:Z:gpu:NVIDIA GeForce RTX 4070 SUPER	PU:Z:FBG39641	DT:Z:2026-07-15T14:17:26.508000+00:00	tm:Z:adapter,primer
11560	afea15ff-efc3-4d95-8e2c-607b12920fbf	qs:f:11.0519	ch:i:21	st:Z:2026-07-15T16:44:23.787000+00:00	RG:Z:a40d6b40-d3ad-4fe7-8245-9c92f794f831_dna_r10.4.1_e8.2_400bps_sup@v5.2.0	DS:Z:gpu:NVIDIA GeForce RTX 4070 SUPER	PU:Z:FBG39641	DT:Z:2026-07-15T14:17:26.508000+00:00	tm:Z:none
11560	efaafc08-d343-4144-9182-7a1f34093478	qs:f:10.6596	ch:i:318	st:Z:2026-07-16T00:39:00.113000+00:00	RG:Z:a40d6b40-d3ad-4fe7-8245-9c92f794f831_dna_r10.4.1_e8.2_400bps_sup@v5.2.0	DS:Z:gpu:NVIDIA GeForce RTX 4070 SUPER	PU:Z:FBG39641	DT:Z:2026-07-15T14:17:26.508000+00:00	tm:Z:adapter,primer
14	75f621ce-0bbf-4968-8c76-61525d730656	qs:f:17.7974	ch:i:276	st:Z:2026-07-16T02:04:39.886000+00:00	RG:Z:a40d6b40-d3ad-4fe7-8245-9c92f794f831_dna_r10.4.1_e8.2_400bps_sup@v5.2.0	DS:Z:gpu:NVIDIA GeForce RTX 4070 SUPER	PU:Z:FBG39641	DT:Z:2026-07-15T14:17:26.508000+00:00	tm:Z:adapter,primer
14	6fb639d2-4d37-4d9f-859c-c111f3bd0e55	qs:f:15.7018	ch:i:252	st:Z:2026-07-15T15:46:36.229000+00:00	RG:Z:a40d6b40-d3ad-4fe7-8245-9c92f794f831_dna_r10.4.1_e8.2_400bps_sup@v5.2.0	DS:Z:gpu:NVIDIA GeForce RTX 4070 SUPER	PU:Z:FBG39641	DT:Z:2026-07-15T14:17:26.508000+00:00	tm:Z:none
147	0cb01ed3-21f8-467e-8885-4308de080c93	qs:f:13.8522	ch:i:157	st:Z:2026-07-15T16:31:27.002000+00:00	RG:Z:a40d6b40-d3ad-4fe7-8245-9c92f794f831_dna_r10.4.1_e8.2_400bps_sup@v5.2.0	DS:Z:gpu:NVIDIA GeForce RTX 4070 SUPER	PU:Z:FBG39641	DT:Z:2026-07-15T14:17:26.508000+00:00	tm:Z:none rc
147	f3b894ce-82fe-4f90-b553-8d9a7afeffbc	qs:f:13.6505	ch:i:352	st:Z:2026-07-15T14:30:07.901000+00:00	RG:Z:a40d6b40-d3ad-4fe7-8245-9c92f794f831_dna_r10.4.1_e8.2_400bps_sup@v5.2.0	DS:Z:gpu:NVIDIA GeForce RTX 4070 SUPER	PU:Z:FBG39641	DT:Z:2026-07-15T14:17:26.508000+00:00	tm:Z:adapter,primer rc
199	5fd39b9a-3563-4d1c-a614-2eea7e28e696	qs:f:14.6574	ch:i:312	st:Z:2026-07-16T01:51:37.035000+00:00	RG:Z:a40d6b40-d3ad-4fe7-8245-9c92f794f831_dna_r10.4.1_e8.2_400bps_sup@v5.2.0	DS:Z:gpu:NVIDIA GeForce RTX 4070 SUPER	PU:Z:FBG39641	DT:Z:2026-07-15T14:17:26.508000+00:00	tm:Z:none rc
199	f60bdc5f-c9a0-4ead-aa56-70ade27de071	qs:f:16.7926	ch:i:285	st:Z:2026-07-15T17:15:14.206000+00:00	RG:Z:a40d6b40-d3ad-4fe7-8245-9c92f794f831_dna_r10.4.1_e8.2_400bps_sup@v5.2.0	DS:Z:gpu:NVIDIA GeForce RTX 4070 SUPER	PU:Z:FBG39641	DT:Z:2026-07-15T14:17:26.508000+00:00	tm:Z:none rc
245	0c817fdc-1104-428b-b49b-184500aa20d9	qs:f:16.8888	ch:i:40	st:Z:2026-07-15T17:00:09.799000+00:00	RG:Z:a40d6b40-d3ad-4fe7-8245-9c92f794f831_dna_r10.4.1_e8.2_400bps_sup@v5.2.0	DS:Z:gpu:NVIDIA GeForce RTX 4070 SUPER	PU:Z:FBG39641	DT:Z:2026-07-15T14:17:26.508000+00:00	tm:Z:none
245	2e42134c-b883-4ab5-bdd0-085d64893029	qs:f:14.6464	ch:i:405	st:Z:2026-07-15T15:28:03.421000+00:00	RG:Z:a40d6b40-d3ad-4fe7-8245-9c92f794f831_dna_r10.4.1_e8.2_400bps_sup@v5.2.0	DS:Z:gpu:NVIDIA GeForce RTX 4070 SUPER	PU:Z:FBG39641	DT:Z:2026-07-15T14:17:26.508000+00:00	tm:Z:none rc
475	fc4c2ec3-fa33-4b05-9327-9bc427cf93ce	qs:f:13.7737	ch:i:3	st:Z:2026-07-15T21:05:53.356000+00:00	RG:Z:a40d6b40-d3ad-4fe7-8245-9c92f794f831_dna_r10.4.1_e8.2_400bps_sup@v5.2.0	DS:Z:gpu:NVIDIA GeForce RTX 4070 SUPER	PU:Z:FBG39641	DT:Z:2026-07-15T14:17:26.508000+00:00	tm:Z:none rc
475	7d8d75a2-63c9-4e79-afa5-4e375647c7f0	qs:f:16.8074	ch:i:236	st:Z:2026-07-15T21:56:58.876000+00:00	RG:Z:a40d6b40-d3ad-4fe7-8245-9c92f794f831_dna_r10.4.1_e8.2_400bps_sup@v5.2.0	DS:Z:gpu:NVIDIA GeForce RTX 4070 SUPER	PU:Z:FBG39641	DT:Z:2026-07-15T14:17:26.508000+00:00	tm:Z:adapter,primer rc
641	125be1a8-2a35-4140-8d3f-ca08186b11f1	qs:f:14.0295	ch:i:147	st:Z:2026-07-15T17:01:24.413000+00:00	RG:Z:a40d6b40-d3ad-4fe7-8245-9c92f794f831_dna_r10.4.1_e8.2_400bps_sup@v5.2.0	DS:Z:gpu:NVIDIA GeForce RTX 4070 SUPER	PU:Z:FBG39641	DT:Z:2026-07-15T14:17:26.508000+00:00	tm:Z:adapter,primer
641	e2d415ae-f23b-4579-b5b3-6c2438289d4f	qs:f:14.6459	ch:i:350	st:Z:2026-07-15T17:16:11.840000+00:00	RG:Z:a40d6b40-d3ad-4fe7-8245-9c92f794f831_dna_r10.4.1_e8.2_400bps_sup@v5.2.0	DS:Z:gpu:NVIDIA GeForce RTX 4070 SUPER	PU:Z:FBG39641	DT:Z:2026-07-15T14:17:26.508000+00:00	tm:Z:none
782	09127548-4356-4452-a563-a4aef26ba17f	qs:f:27.9025	ch:i:76	st:Z:2026-07-15T23:50:55.041000+00:00	RG:Z:a40d6b40-d3ad-4fe7-8245-9c92f794f831_dna_r10.4.1_e8.2_400bps_sup@v5.2.0	DS:Z:gpu:NVIDIA GeForce RTX 4070 SUPER	PU:Z:FBG39641	DT:Z:2026-07-15T14:17:26.508000+00:00	tm:Z:none
782	a6b86ade-ea04-4bd4-bd72-fbdc618d8512	qs:f:21.5719	ch:i:423	st:Z:2026-07-15T20:30:21.712000+00:00	RG:Z:a40d6b40-d3ad-4fe7-8245-9c92f794f831_dna_r10.4.1_e8.2_400bps_sup@v5.2.0	DS:Z:gpu:NVIDIA GeForce RTX 4070 SUPER	PU:Z:FBG39641	DT:Z:2026-07-15T14:17:26.508000+00:00	tm:Z:none
1080	b8397bc8-be1e-49f9-a384-1bf0a32c9046	qs:f:14.396	ch:i:192	st:Z:2026-07-15T16:53:30.100000+00:00	RG:Z:a40d6b40-d3ad-4fe7-8245-9c92f794f831_dna_r10.4.1_e8.2_400bps_sup@v5.2.0	DS:Z:gpu:NVIDIA GeForce RTX 4070 SUPER	PU:Z:FBG39641	DT:Z:2026-07-15T14:17:26.508000+00:00	tm:Z:adapter,primer rc
1080	32beb513-402f-4deb-9ef8-a1bfed9e6ab6	qs:f:25.4895	ch:i:212	st:Z:2026-07-15T20:53:16.500000+00:00	RG:Z:a40d6b40-d3ad-4fe7-8245-9c92f794f831_dna_r10.4.1_e8.2_400bps_sup@v5.2.0	DS:Z:gpu:NVIDIA GeForce RTX 4070 SUPER	PU:Z:FBG39641	DT:Z:2026-07-15T14:17:26.508000+00:00	tm:Z:none rc
1313	51fc91a7-f7a0-40d0-89b6-af2f9778ff8f	qs:f:13.5058	ch:i:223	st:Z:2026-07-15T14:49:13.479000+00:00	RG:Z:a40d6b40-d3ad-4fe7-8245-9c92f794f831_dna_r10.4.1_e8.2_400bps_sup@v5.2.0	DS:Z:gpu:NVIDIA GeForce RTX 4070 SUPER	PU:Z:FBG39641	DT:Z:2026-07-15T14:17:26.508000+00:00	tm:Z:adapter,primer rc
1313	557c562b-b3a7-43f9-8865-3e7024918abd	qs:f:12.1152	ch:i:318	st:Z:2026-07-15T20:59:06.264000+00:00	RG:Z:a40d6b40-d3ad-4fe7-8245-9c92f794f831_dna_r10.4.1_e8.2_400bps_sup@v5.2.0	DS:Z:gpu:NVIDIA GeForce RTX 4070 SUPER	PU:Z:FBG39641	DT:Z:2026-07-15T14:17:26.508000+00:00	tm:Z:none rc
2300	6161fc2d-3e0c-4b48-a8ea-6e00bc380275	qs:f:13.0988	ch:i:455	st:Z:2026-07-16T01:24:42.811000+00:00	RG:Z:a40d6b40-d3ad-4fe7-8245-9c92f794f831_dna_r10.4.1_e8.2_400bps_sup@v5.2.0	DS:Z:gpu:NVIDIA GeForce RTX 4070 SUPER	PU:Z:FBG39641	DT:Z:2026-07-15T14:17:26.508000+00:00	tm:Z:none rc
2300	77290936-098c-481c-a111-38021368ee2b	qs:f:15.0961	ch:i:449	st:Z:2026-07-15T18:24:53.653000+00:00	RG:Z:a40d6b40-d3ad-4fe7-8245-9c92f794f831_dna_r10.4.1_e8.2_400bps_sup@v5.2.0	DS:Z:gpu:NVIDIA GeForce RTX 4070 SUPER	PU:Z:FBG39641	DT:Z:2026-07-15T14:17:26.508000+00:00	tm:Z:adapter,primer rc
2396	68a736ee-4b0f-47ad-a7a5-74a7b6fd636a	qs:f:13.7221	ch:i:157	st:Z:2026-07-15T19:58:13.575000+00:00	RG:Z:a40d6b40-d3ad-4fe7-8245-9c92f794f831_dna_r10.4.1_e8.2_400bps_sup@v5.2.0	DS:Z:gpu:NVIDIA GeForce RTX 4070 SUPER	PU:Z:FBG39641	DT:Z:2026-07-15T14:17:26.508000+00:00	tm:Z:adapter,primer
2396	d6fb657a-f4a2-4b6f-93d1-3ab33387c29a	qs:f:14.9383	ch:i:475	st:Z:2026-07-15T19:07:42.312000+00:00	RG:Z:a40d6b40-d3ad-4fe7-8245-9c92f794f831_dna_r10.4.1_e8.2_400bps_sup@v5.2.0	DS:Z:gpu:NVIDIA GeForce RTX 4070 SUPER	PU:Z:FBG39641	DT:Z:2026-07-15T14:17:26.508000+00:00	tm:Z:adapter,primer rc
2551	43bf3139-eeed-4368-8098-4883fa6a31d1	qs:f:12.7842	ch:i:220	st:Z:2026-07-15T20:26:08.017000+00:00	RG:Z:a40d6b40-d3ad-4fe7-8245-9c92f794f831_dna_r10.4.1_e8.2_400bps_sup@v5.2.0	DS:Z:gpu:NVIDIA GeForce RTX 4070 SUPER	PU:Z:FBG39641	DT:Z:2026-07-15T14:17:26.508000+00:00	tm:Z:adapter,primer
2551	df996179-3d4b-4d50-80d9-13e06232f95e	qs:f:12.0503	ch:i:174	st:Z:2026-07-15T15:48:22.348000+00:00	RG:Z:a40d6b40-d3ad-4fe7-8245-9c92f794f831_dna_r10.4.1_e8.2_400bps_sup@v5.2.0	DS:Z:gpu:NVIDIA GeForce RTX 4070 SUPER	PU:Z:FBG39641	DT:Z:2026-07-15T14:17:26.508000+00:00	tm:Z:adapter,primer
3413	2fcaaef2-9a53-486c-8ca0-db2babfdbbc0	qs:f:12.5666	ch:i:408	st:Z:2026-07-15T17:09:43.853000+00:00	RG:Z:a40d6b40-d3ad-4fe7-8245-9c92f794f831_dna_r10.4.1_e8.2_400bps_sup@v5.2.0	DS:Z:gpu:NVIDIA GeForce RTX 4070 SUPER	PU:Z:FBG39641	DT:Z:2026-07-15T14:17:26.508000+00:00	tm:Z:none
3413	04d461e7-baf2-4ad5-8332-643b804d63a1	qs:f:13.0874	ch:i:237	st:Z:2026-07-15T18:06:21.739000+00:00	RG:Z:a40d6b40-d3ad-4fe7-8245-9c92f794f831_dna_r10.4.1_e8.2_400bps_sup@v5.2.0	DS:Z:gpu:NVIDIA GeForce RTX 4070 SUPER	PU:Z:FBG39641	DT:Z:2026-07-15T14:17:26.508000+00:00	tm:Z:none
3450	1b7d09a6-f9d9-40dc-ae03-43d8e0bac8d0	qs:f:12.7267	ch:i:120	st:Z:2026-07-15T21:05:41.939000+00:00	RG:Z:a40d6b40-d3ad-4fe7-8245-9c92f794f831_dna_r10.4.1_e8.2_400bps_sup@v5.2.0	DS:Z:gpu:NVIDIA GeForce RTX 4070 SUPER	PU:Z:FBG39641	DT:Z:2026-07-15T14:17:26.508000+00:00	tm:Z:none
3450	38ff3b93-1d13-4e00-870f-68a796096fe5	qs:f:11.8166	ch:i:149	st:Z:2026-07-16T01:23:56.091000+00:00	RG:Z:a40d6b40-d3ad-4fe7-8245-9c92f794f831_dna_r10.4.1_e8.2_400bps_sup@v5.2.0	DS:Z:gpu:NVIDIA GeForce RTX 4070 SUPER	PU:Z:FBG39641	DT:Z:2026-07-15T14:17:26.508000+00:00	tm:Z:none rc
3889	c58b05e5-a5de-4ae2-819b-b2620f9ee866	qs:f:13.6835	ch:i:168	st:Z:2026-07-15T16:18:08.347000+00:00	RG:Z:a40d6b40-d3ad-4fe7-8245-9c92f794f831_dna_r10.4.1_e8.2_400bps_sup@v5.2.0	DS:Z:gpu:NVIDIA GeForce RTX 4070 SUPER	PU:Z:FBG39641	DT:Z:2026-07-15T14:17:26.508000+00:00	tm:Z:adapter,primer
3889	0949f3d7-fe57-43c1-b9dd-927c87dfc73e	qs:f:14.0761	ch:i:96	st:Z:2026-07-15T16:37:44.303000+00:00	RG:Z:a40d6b40-d3ad-4fe7-8245-9c92f794f831_dna_r10.4.1_e8.2_400bps_sup@v5.2.0	DS:Z:gpu:NVIDIA GeForce RTX 4070 SUPER	PU:Z:FBG39641	DT:Z:2026-07-15T14:17:26.508000+00:00	tm:Z:none rc
3955	fe203c30-2848-4916-9620-eff301c96d74	qs:f:12.1738	ch:i:326	st:Z:2026-07-15T22:43:08.629000+00:00	RG:Z:a40d6b40-d3ad-4fe7-8245-9c92f794f831_dna_r10.4.1_e8.2_400bps_sup@v5.2.0	DS:Z:gpu:NVIDIA GeForce RTX 4070 SUPER	PU:Z:FBG39641	DT:Z:2026-07-15T14:17:26.508000+00:00	tm:Z:adapter,primer
3955	446293c4-12ab-4542-a467-08ac48951e93	qs:f:12.4115	ch:i:280	st:Z:2026-07-16T00:44:25.713000+00:00	RG:Z:a40d6b40-d3ad-4fe7-8245-9c92f794f831_dna_r10.4.1_e8.2_400bps_sup@v5.2.0	DS:Z:gpu:NVIDIA GeForce RTX 4070 SUPER	PU:Z:FBG39641	DT:Z:2026-07-15T14:17:26.508000+00:00	tm:Z:none
4035	23adbf48-154a-408f-a283-60af17b93b26	qs:f:12.5507	ch:i:195	st:Z:2026-07-15T22:16:27.118000+00:00	RG:Z:a40d6b40-d3ad-4fe7-8245-9c92f794f831_dna_r10.4.1_e8.2_400bps_sup@v5.2.0	DS:Z:gpu:NVIDIA GeForce RTX 4070 SUPER	PU:Z:FBG39641	DT:Z:2026-07-15T14:17:26.508000+00:00	tm:Z:none
4035	5738b97b-7730-4bdd-8995-02004c0d0df9	qs:f:13.8227	ch:i:207	st:Z:2026-07-15T21:38:24.100000+00:00	RG:Z:a40d6b40-d3ad-4fe7-8245-9c92f794f831_dna_r10.4.1_e8.2_400bps_sup@v5.2.0	DS:Z:gpu:NVIDIA GeForce RTX 4070 SUPER	PU:Z:FBG39641	DT:Z:2026-07-15T14:17:26.508000+00:00	tm:Z:adapter,primer
4058	75334ddb-079b-48ff-bfea-062c434b4581	qs:f:13.2492	ch:i:275	st:Z:2026-07-15T16:41:42.546000+00:00	RG:Z:a40d6b40-d3ad-4fe7-8245-9c92f794f831_dna_r10.4.1_e8.2_400bps_sup@v5.2.0	DS:Z:gpu:NVIDIA GeForce RTX 4070 SUPER	PU:Z:FBG39641	DT:Z:2026-07-15T14:17:26.508000+00:00	tm:Z:adapter,primer rc
4058	da5d5e9f-50c5-4ea6-b2f1-95b12fb12e76	qs:f:14.1509	ch:i:280	st:Z:2026-07-15T17:51:14.179000+00:00	RG:Z:a40d6b40-d3ad-4fe7-8245-9c92f794f831_dna_r10.4.1_e8.2_400bps_sup@v5.2.0	DS:Z:gpu:NVIDIA GeForce RTX 4070 SUPER	PU:Z:FBG39641	DT:Z:2026-07-15T14:17:26.508000+00:00	tm:Z:none rc
4384	1566aff3-d042-43c1-bb8a-7bec7ca2f7f0	qs:f:16.8346	ch:i:479	st:Z:2026-07-15T15:40:58.402000+00:00	RG:Z:a40d6b40-d3ad-4fe7-8245-9c92f794f831_dna_r10.4.1_e8.2_400bps_sup@v5.2.0	DS:Z:gpu:NVIDIA GeForce RTX 4070 SUPER	PU:Z:FBG39641	DT:Z:2026-07-15T14:17:26.508000+00:00	tm:Z:none
4384	c0f882ec-1293-4366-b1be-7e906ce5d9e2	qs:f:14.0362	ch:i:280	st:Z:2026-07-15T17:25:18.621000+00:00	RG:Z:a40d6b40-d3ad-4fe7-8245-9c92f794f831_dna_r10.4.1_e8.2_400bps_sup@v5.2.0	DS:Z:gpu:NVIDIA GeForce RTX 4070 SUPER	PU:Z:FBG39641	DT:Z:2026-07-15T14:17:26.508000+00:00	tm:Z:none rc
4414	cfb54b83-31b9-45a3-9350-22d4cd7faef7	qs:f:11.1345	ch:i:82	st:Z:2026-07-15T23:02:27.663000+00:00	RG:Z:a40d6b40-d3ad-4fe7-8245-9c92f794f831_dna_r10.4.1_e8.2_400bps_sup@v5.2.0	DS:Z:gpu:NVIDIA GeForce RTX 4070 SUPER	PU:Z:FBG39641	DT:Z:2026-07-15T14:17:26.508000+00:00	tm:Z:adapter,primer rc
4414	e833183a-ef1a-4e36-83da-3e90860f6f80	qs:f:13.7376	ch:i:56	st:Z:2026-07-15T16:15:21.045000+00:00	RG:Z:a40d6b40-d3ad-4fe7-8245-9c92f794f831_dna_r10.4.1_e8.2_400bps_sup@v5.2.0	DS:Z:gpu:NVIDIA GeForce RTX 4070 SUPER	PU:Z:FBG39641	DT:Z:2026-07-15T14:17:26.508000+00:00	tm:Z:adapter,primer rc
4915	c3c4bb6e-a8c7-48cb-a99e-92764e961055	qs:f:12.6012	ch:i:261	st:Z:2026-07-16T00:35:11.868000+00:00	RG:Z:a40d6b40-d3ad-4fe7-8245-9c92f794f831_dna_r10.4.1_e8.2_400bps_sup@v5.2.0	DS:Z:gpu:NVIDIA GeForce RTX 4070 SUPER	PU:Z:FBG39641	DT:Z:2026-07-15T14:17:26.508000+00:00	tm:Z:adapter,primer rc
4915	2f917a97-9bc1-4a56-a87d-392977867135	qs:f:15.6202	ch:i:212	st:Z:2026-07-15T17:59:07.086000+00:00	RG:Z:a40d6b40-d3ad-4fe7-8245-9c92f794f831_dna_r10.4.1_e8.2_400bps_sup@v5.2.0	DS:Z:gpu:NVIDIA GeForce RTX 4070 SUPER	PU:Z:FBG39641	DT:Z:2026-07-15T14:17:26.508000+00:00	tm:Z:adapter,primer rc
5000	c1e6d18e-241c-4db6-b6b0-c05a1ba5024b	qs:f:11.9243	ch:i:149	st:Z:2026-07-15T15:44:51.397000+00:00	RG:Z:a40d6b40-d3ad-4fe7-8245-9c92f794f831_dna_r10.4.1_e8.2_400bps_sup@v5.2.0	DS:Z:gpu:NVIDIA GeForce RTX 4070 SUPER	PU:Z:FBG39641	DT:Z:2026-07-15T14:17:26.508000+00:00	tm:Z:adapter,primer rc
5000	3fa8b902-42a6-4083-9949-caba8980f566	qs:f:10.6715	ch:i:254	st:Z:2026-07-15T20:33:57.167000+00:00	RG:Z:a40d6b40-d3ad-4fe7-8245-9c92f794f831_dna_r10.4.1_e8.2_400bps_sup@v5.2.0	DS:Z:gpu:NVIDIA GeForce RTX 4070 SUPER	PU:Z:FBG39641	DT:Z:2026-07-15T14:17:26.508000+00:00	tm:Z:adapter,primer rc
5008	5b52747f-49dc-4ea7-87f1-5fe6f1242ed3	qs:f:17.3039	ch:i:143	st:Z:2026-07-15T18:45:52.414000+00:00	RG:Z:a40d6b40-d3ad-4fe7-8245-9c92f794f831_dna_r10.4.1_e8.2_400bps_sup@v5.2.0	DS:Z:gpu:NVIDIA GeForce RTX 4070 SUPER	PU:Z:FBG39641	DT:Z:2026-07-15T14:17:26.508000+00:00	tm:Z:adapter,primer rc
5008	ad478453-89fc-4b02-9aa7-5d13740da954	qs:f:13.8265	ch:i:110	st:Z:2026-07-15T21:04:53.187000+00:00	RG:Z:a40d6b40-d3ad-4fe7-8245-9c92f794f831_dna_r10.4.1_e8.2_400bps_sup@v5.2.0	DS:Z:gpu:NVIDIA GeForce RTX 4070 SUPER	PU:Z:FBG39641	DT:Z:2026-07-15T14:17:26.508000+00:00	tm:Z:adapter,primer rc
5224	daf52224-e325-40b1-bd7f-9eb01f5cafa8	qs:f:11.701	ch:i:160	st:Z:2026-07-15T15:24:35.934000+00:00	RG:Z:a40d6b40-d3ad-4fe7-8245-9c92f794f831_dna_r10.4.1_e8.2_400bps_sup@v5.2.0	DS:Z:gpu:NVIDIA GeForce RTX 4070 SUPER	PU:Z:FBG39641	DT:Z:2026-07-15T14:17:26.508000+00:00	tm:Z:adapter,primer rc
5224	d26503e7-ff8a-4178-bbb1-f490a0992f00	qs:f:10.8894	ch:i:28	st:Z:2026-07-15T23:06:51.609000+00:00	RG:Z:a40d6b40-d3ad-4fe7-8245-9c92f794f831_dna_r10.4.1_e8.2_400bps_sup@v5.2.0	DS:Z:gpu:NVIDIA GeForce RTX 4070 SUPER	PU:Z:FBG39641	DT:Z:2026-07-15T14:17:26.508000+00:00	tm:Z:adapter,primer rc
5511	ffcd7484-2a8a-4ff3-8831-6064af3e48bd	qs:f:11.5306	ch:i:237	st:Z:2026-07-15T21:53:58.236000+00:00	RG:Z:a40d6b40-d3ad-4fe7-8245-9c92f794f831_dna_r10.4.1_e8.2_400bps_sup@v5.2.0	DS:Z:gpu:NVIDIA GeForce RTX 4070 SUPER	PU:Z:FBG39641	DT:Z:2026-07-15T14:17:26.508000+00:00	tm:Z:adapter,primer rc
5511	76c565a8-edf6-438a-85db-5a0ed4f588ce	qs:f:11.9431	ch:i:107	st:Z:2026-07-15T16:44:35.074000+00:00	RG:Z:a40d6b40-d3ad-4fe7-8245-9c92f794f831_dna_r10.4.1_e8.2_400bps_sup@v5.2.0	DS:Z:gpu:NVIDIA GeForce RTX 4070 SUPER	PU:Z:FBG39641	DT:Z:2026-07-15T14:17:26.508000+00:00	tm:Z:none rc
5842	a37a4e28-6cb7-4c3d-9b27-de48c082dcb3	qs:f:13.0046	ch:i:495	st:Z:2026-07-15T21:31:56.250000+00:00	RG:Z:a40d6b40-d3ad-4fe7-8245-9c92f794f831_dna_r10.4.1_e8.2_400bps_sup@v5.2.0	DS:Z:gpu:NVIDIA GeForce RTX 4070 SUPER	PU:Z:FBG39641	DT:Z:2026-07-15T14:17:26.508000+00:00	tm:Z:none
5842	1206491b-49a8-4a2a-85ec-dcf358b89cfa	qs:f:10.8005	ch:i:495	st:Z:2026-07-16T00:11:00.867000+00:00	RG:Z:a40d6b40-d3ad-4fe7-8245-9c92f794f831_dna_r10.4.1_e8.2_400bps_sup@v5.2.0	DS:Z:gpu:NVIDIA GeForce RTX 4070 SUPER	PU:Z:FBG39641	DT:Z:2026-07-15T14:17:26.508000+00:00	tm:Z:adapter,primer
6323	e7a33f67-5ffe-4ece-94cf-f6a2afa7bda7	qs:f:14.1884	ch:i:509	st:Z:2026-07-15T16:46:48.534000+00:00	RG:Z:a40d6b40-d3ad-4fe7-8245-9c92f794f831_dna_r10.4.1_e8.2_400bps_sup@v5.2.0	DS:Z:gpu:NVIDIA GeForce RTX 4070 SUPER	PU:Z:FBG39641	DT:Z:2026-07-15T14:17:26.508000+00:00	tm:Z:adapter,primer rc
6323	f574e84f-475f-475f-b9d9-9903ad313034	qs:f:16.1357	ch:i:158	st:Z:2026-07-15T14:56:30.013000+00:00	RG:Z:a40d6b40-d3ad-4fe7-8245-9c92f794f831_dna_r10.4.1_e8.2_400bps_sup@v5.2.0	DS:Z:gpu:NVIDIA GeForce RTX 4070 SUPER	PU:Z:FBG39641	DT:Z:2026-07-15T14:17:26.508000+00:00	tm:Z:adapter,primer
6536	b0bf48b3-7cb2-4687-aac4-cc635e6808c5	qs:f:18.7155	ch:i:71	st:Z:2026-07-15T20:55:35.658000+00:00	RG:Z:a40d6b40-d3ad-4fe7-8245-9c92f794f831_dna_r10.4.1_e8.2_400bps_sup@v5.2.0	DS:Z:gpu:NVIDIA GeForce RTX 4070 SUPER	PU:Z:FBG39641	DT:Z:2026-07-15T14:17:26.508000+00:00	tm:Z:none
6536	f71da8b5-0e1e-4281-a4d3-e510521f4939	qs:f:14.3163	ch:i:416	st:Z:2026-07-15T19:58:20.952000+00:00	RG:Z:a40d6b40-d3ad-4fe7-8245-9c92f794f831_dna_r10.4.1_e8.2_400bps_sup@v5.2.0	DS:Z:gpu:NVIDIA GeForce RTX 4070 SUPER	PU:Z:FBG39641	DT:Z:2026-07-15T14:17:26.508000+00:00	tm:Z:adapter,primer
6579	56300a02-88fd-4119-8b89-33815e5d2716	qs:f:14.4949	ch:i:198	st:Z:2026-07-15T18:50:15.563000+00:00	RG:Z:a40d6b40-d3ad-4fe7-8245-9c92f794f831_dna_r10.4.1_e8.2_400bps_sup@v5.2.0	DS:Z:gpu:NVIDIA GeForce RTX 4070 SUPER	PU:Z:FBG39641	DT:Z:2026-07-15T14:17:26.508000+00:00	tm:Z:adapter,primer rc
6579	92a4f67b-158d-4d48-9fec-78bac4ecb0cb	qs:f:14.7972	ch:i:438	st:Z:2026-07-15T14:44:34.696000+00:00	RG:Z:a40d6b40-d3ad-4fe7-8245-9c92f794f831_dna_r10.4.1_e8.2_400bps_sup@v5.2.0	DS:Z:gpu:NVIDIA GeForce RTX 4070 SUPER	PU:Z:FBG39641	DT:Z:2026-07-15T14:17:26.508000+00:00	tm:Z:adapter,primer rc
6581	4d745fe5-11b2-4cd8-a0fc-5d7acdc295bf	qs:f:11.7059	ch:i:158	st:Z:2026-07-15T14:28:44.401000+00:00	RG:Z:a40d6b40-d3ad-4fe7-8245-9c92f794f831_dna_r10.4.1_e8.2_400bps_sup@v5.2.0	DS:Z:gpu:NVIDIA GeForce RTX 4070 SUPER	PU:Z:FBG39641	DT:Z:2026-07-15T14:17:26.508000+00:00	tm:Z:adapter,primer
6581	22f1ba4d-d927-4abd-bdeb-97584df03bb6	qs:f:13.8045	ch:i:322	st:Z:2026-07-15T17:15:26.503000+00:00	RG:Z:a40d6b40-d3ad-4fe7-8245-9c92f794f831_dna_r10.4.1_e8.2_400bps_sup@v5.2.0	DS:Z:gpu:NVIDIA GeForce RTX 4070 SUPER	PU:Z:FBG39641	DT:Z:2026-07-15T14:17:26.508000+00:00	tm:Z:adapter,primer rc
6870	de68f864-d2fc-4605-bd4c-7a18d7567cd5	qs:f:14.8591	ch:i:150	st:Z:2026-07-15T17:48:09.111000+00:00	RG:Z:a40d6b40-d3ad-4fe7-8245-9c92f794f831_dna_r10.4.1_e8.2_400bps_sup@v5.2.0	DS:Z:gpu:NVIDIA GeForce RTX 4070 SUPER	PU:Z:FBG39641	DT:Z:2026-07-15T14:17:26.508000+00:00	tm:Z:adapter,primer
6870	069b2869-5965-4e96-b4cb-3864929a6b18	qs:f:11.8157	ch:i:34	st:Z:2026-07-15T14:51:38.405000+00:00	RG:Z:a40d6b40-d3ad-4fe7-8245-9c92f794f831_dna_r10.4.1_e8.2_400bps_sup@v5.2.0	DS:Z:gpu:NVIDIA GeForce RTX 4070 SUPER	PU:Z:FBG39641	DT:Z:2026-07-15T14:17:26.508000+00:00	tm:Z:adapter,primer
7322	71a23276-93ef-4bce-80e1-b822a9564e27	qs:f:15.2454	ch:i:277	st:Z:2026-07-16T00:13:31.528000+00:00	RG:Z:a40d6b40-d3ad-4fe7-8245-9c92f794f831_dna_r10.4.1_e8.2_400bps_sup@v5.2.0	DS:Z:gpu:NVIDIA GeForce RTX 4070 SUPER	PU:Z:FBG39641	DT:Z:2026-07-15T14:17:26.508000+00:00	tm:Z:none rc
7322	a412db81-f48a-4004-8159-87ae47e201a3	qs:f:13.7232	ch:i:152	st:Z:2026-07-15T20:53:25.577000+00:00	RG:Z:a40d6b40-d3ad-4fe7-8245-9c92f794f831_dna_r10.4.1_e8.2_400bps_sup@v5.2.0	DS:Z:gpu:NVIDIA GeForce RTX 4070 SUPER	PU:Z:FBG39641	DT:Z:2026-07-15T14:17:26.508000+00:00	tm:Z:none
7474	917a05e2-1a09-4e41-81ba-448c22e8643f	qs:f:12.513	ch:i:310	st:Z:2026-07-15T16:05:14.957000+00:00	RG:Z:a40d6b40-d3ad-4fe7-8245-9c92f794f831_dna_r10.4.1_e8.2_400bps_sup@v5.2.0	DS:Z:gpu:NVIDIA GeForce RTX 4070 SUPER	PU:Z:FBG39641	DT:Z:2026-07-15T14:17:26.508000+00:00	tm:Z:adapter,primer
7474	2d2954fd-12dd-4272-84a0-1810805bf8cd	qs:f:11.2051	ch:i:207	st:Z:2026-07-15T19:56:08.728000+00:00	RG:Z:a40d6b40-d3ad-4fe7-8245-9c92f794f831_dna_r10.4.1_e8.2_400bps_sup@v5.2.0	DS:Z:gpu:NVIDIA GeForce RTX 4070 SUPER	PU:Z:FBG39641	DT:Z:2026-07-15T14:17:26.508000+00:00	tm:Z:adapter,primer rc
7542	6d86a24b-5517-49dc-88cc-f47371685f09	qs:f:13.208	ch:i:86	st:Z:2026-07-15T15:48:50.336000+00:00	RG:Z:a40d6b40-d3ad-4fe7-8245-9c92f794f831_dna_r10.4.1_e8.2_400bps_sup@v5.2.0	DS:Z:gpu:NVIDIA GeForce RTX 4070 SUPER	PU:Z:FBG39641	DT:Z:2026-07-15T14:17:26.508000+00:00	tm:Z:adapter,primer rc
7542	7b84e8eb-34ed-4ece-9e0d-35586fcb617d	qs:f:12.4992	ch:i:31	st:Z:2026-07-15T23:15:00.349000+00:00	RG:Z:a40d6b40-d3ad-4fe7-8245-9c92f794f831_dna_r10.4.1_e8.2_400bps_sup@v5.2.0	DS:Z:gpu:NVIDIA GeForce RTX 4070 SUPER	PU:Z:FBG39641	DT:Z:2026-07-15T14:17:26.508000+00:00	tm:Z:none
7825	8236099f-fd9f-454c-a7e3-61cdf89425c0	qs:f:12.0757	ch:i:454	st:Z:2026-07-15T17:04:06.125000+00:00	RG:Z:a40d6b40-d3ad-4fe7-8245-9c92f794f831_dna_r10.4.1_e8.2_400bps_sup@v5.2.0	DS:Z:gpu:NVIDIA GeForce RTX 4070 SUPER	PU:Z:FBG39641	DT:Z:2026-07-15T14:17:26.508000+00:00	tm:Z:adapter,primer
7825	99b7f315-f4c8-44af-a79c-f3e2f087b42f	qs:f:13.6136	ch:i:137	st:Z:2026-07-15T19:17:35.447000+00:00	RG:Z:a40d6b40-d3ad-4fe7-8245-9c92f794f831_dna_r10.4.1_e8.2_400bps_sup@v5.2.0	DS:Z:gpu:NVIDIA GeForce RTX 4070 SUPER	PU:Z:FBG39641	DT:Z:2026-07-15T14:17:26.508000+00:00	tm:Z:adapter,primer rc
7874	071de8a2-5a27-4e37-8728-8488576e5ecc	qs:f:13.7684	ch:i:40	st:Z:2026-07-15T19:53:51.625000+00:00	RG:Z:a40d6b40-d3ad-4fe7-8245-9c92f794f831_dna_r10.4.1_e8.2_400bps_sup@v5.2.0	DS:Z:gpu:NVIDIA GeForce RTX 4070 SUPER	PU:Z:FBG39641	DT:Z:2026-07-15T14:17:26.508000+00:00	tm:Z:adapter,primer rc
7874	441ad0b7-ceb6-4632-85da-dfce80c96f24	qs:f:14.0588	ch:i:143	st:Z:2026-07-15T15:05:09.293000+00:00	RG:Z:a40d6b40-d3ad-4fe7-8245-9c92f794f831_dna_r10.4.1_e8.2_400bps_sup@v5.2.0	DS:Z:gpu:NVIDIA GeForce RTX 4070 SUPER	PU:Z:FBG39641	DT:Z:2026-07-15T14:17:26.508000+00:00	tm:Z:adapter,primer rc
8323	53da6131-f76f-499b-9bf3-3ec4893de799	qs:f:12.3927	ch:i:72	st:Z:2026-07-15T15:47:09.071000+00:00	RG:Z:a40d6b40-d3ad-4fe7-8245-9c92f794f831_dna_r10.4.1_e8.2_400bps_sup@v5.2.0	DS:Z:gpu:NVIDIA GeForce RTX 4070 SUPER	PU:Z:FBG39641	DT:Z:2026-07-15T14:17:26.508000+00:00	tm:Z:none rc
8323	75b40579-c7e9-49c4-9a8e-adc9aaa11c4e	qs:f:10.8864	ch:i:136	st:Z:2026-07-15T18:35:03.062000+00:00	RG:Z:a40d6b40-d3ad-4fe7-8245-9c92f794f831_dna_r10.4.1_e8.2_400bps_sup@v5.2.0	DS:Z:gpu:NVIDIA GeForce RTX 4070 SUPER	PU:Z:FBG39641	DT:Z:2026-07-15T14:17:26.508000+00:00	tm:Z:none rc
8478	fcc181ac-af27-4969-8a2d-5711495fff5b	qs:f:13.4582	ch:i:31	st:Z:2026-07-15T18:26:01.019000+00:00	RG:Z:a40d6b40-d3ad-4fe7-8245-9c92f794f831_dna_r10.4.1_e8.2_400bps_sup@v5.2.0	DS:Z:gpu:NVIDIA GeForce RTX 4070 SUPER	PU:Z:FBG39641	DT:Z:2026-07-15T14:17:26.508000+00:00	tm:Z:adapter,primer
8478	a803fbcb-046b-4eb0-b166-639f3cab0b04	qs:f:14.5731	ch:i:280	st:Z:2026-07-15T21:01:15.406000+00:00	RG:Z:a40d6b40-d3ad-4fe7-8245-9c92f794f831_dna_r10.4.1_e8.2_400bps_sup@v5.2.0	DS:Z:gpu:NVIDIA GeForce RTX 4070 SUPER	PU:Z:FBG39641	DT:Z:2026-07-15T14:17:26.508000+00:00	tm:Z:none
8595	52132f1f-eb7b-4e97-a29f-a477561a3f10	qs:f:11.863	ch:i:283	st:Z:2026-07-15T14:50:25.239000+00:00	RG:Z:a40d6b40-d3ad-4fe7-8245-9c92f794f831_dna_r10.4.1_e8.2_400bps_sup@v5.2.0	DS:Z:gpu:NVIDIA GeForce RTX 4070 SUPER	PU:Z:FBG39641	DT:Z:2026-07-15T14:17:26.508000+00:00	tm:Z:adapter,primer
8595	17da3ad0-f4ce-429c-9bfa-58d12e45a401	qs:f:13.8565	ch:i:350	st:Z:2026-07-15T18:49:52.787000+00:00	RG:Z:a40d6b40-d3ad-4fe7-8245-9c92f794f831_dna_r10.4.1_e8.2_400bps_sup@v5.2.0	DS:Z:gpu:NVIDIA GeForce RTX 4070 SUPER	PU:Z:FBG39641	DT:Z:2026-07-15T14:17:26.508000+00:00	tm:Z:adapter,primer
9286	f53ad6d2-1285-4c80-89ab-0e593ba0936a	qs:f:11.2648	ch:i:269	st:Z:2026-07-15T21:35:45.733000+00:00	RG:Z:a40d6b40-d3ad-4fe7-8245-9c92f794f831_dna_r10.4.1_e8.2_400bps_sup@v5.2.0	DS:Z:gpu:NVIDIA GeForce RTX 4070 SUPER	PU:Z:FBG39641	DT:Z:2026-07-15T14:17:26.508000+00:00	tm:Z:none
9286	562c25cc-6423-465e-a77b-3f9457ad9142	qs:f:11.4638	ch:i:339	st:Z:2026-07-15T21:14:52.905000+00:00	RG:Z:a40d6b40-d3ad-4fe7-8245-9c92f794f831_dna_r10.4.1_e8.2_400bps_sup@v5.2.0	DS:Z:gpu:NVIDIA GeForce RTX 4070 SUPER	PU:Z:FBG39641	DT:Z:2026-07-15T14:17:26.508000+00:00	tm:Z:none
9397	a49bdc95-9d90-472d-9bc0-fc2e18b4ce32	qs:f:13.7181	ch:i:395	st:Z:2026-07-15T16:04:07.641000+00:00	RG:Z:a40d6b40-d3ad-4fe7-8245-9c92f794f831_dna_r10.4.1_e8.2_400bps_sup@v5.2.0	DS:Z:gpu:NVIDIA GeForce RTX 4070 SUPER	PU:Z:FBG39641	DT:Z:2026-07-15T14:17:26.508000+00:00	tm:Z:adapter,primer rc
9397	950d0c7f-864d-4adb-9c23-d94dbaa2e646	qs:f:11.6092	ch:i:421	st:Z:2026-07-15T17:40:27.891000+00:00	RG:Z:a40d6b40-d3ad-4fe7-8245-9c92f794f831_dna_r10.4.1_e8.2_400bps_sup@v5.2.0	DS:Z:gpu:NVIDIA GeForce RTX 4070 SUPER	PU:Z:FBG39641	DT:Z:2026-07-15T14:17:26.508000+00:00	tm:Z:none rc
9528	e01ef167-a565-45f9-a783-9371821324b3	qs:f:13.5841	ch:i:275	st:Z:2026-07-15T18:41:11.056000+00:00	RG:Z:a40d6b40-d3ad-4fe7-8245-9c92f794f831_dna_r10.4.1_e8.2_400bps_sup@v5.2.0	DS:Z:gpu:NVIDIA GeForce RTX 4070 SUPER	PU:Z:FBG39641	DT:Z:2026-07-15T14:17:26.508000+00:00	tm:Z:adapter,primer rc
9528	554949a0-42d5-4c26-a0a3-93d93e846f91	qs:f:11.4318	ch:i:305	st:Z:2026-07-15T23:48:41.142000+00:00	RG:Z:a40d6b40-d3ad-4fe7-8245-9c92f794f831_dna_r10.4.1_e8.2_400bps_sup@v5.2.0	DS:Z:gpu:NVIDIA GeForce RTX 4070 SUPER	PU:Z:FBG39641	DT:Z:2026-07-15T14:17:26.508000+00:00	tm:Z:adapter,primer rc
9603	ab8c906f-2acd-4805-9d57-801a8809b1e5	qs:f:12.2327	ch:i:269	st:Z:2026-07-15T22:13:35.264000+00:00	RG:Z:a40d6b40-d3ad-4fe7-8245-9c92f794f831_dna_r10.4.1_e8.2_400bps_sup@v5.2.0	DS:Z:gpu:NVIDIA GeForce RTX 4070 SUPER	PU:Z:FBG39641	DT:Z:2026-07-15T14:17:26.508000+00:00	tm:Z:none rc
9603	a6083002-4654-417e-b813-f04b5eec329d	qs:f:11.5011	ch:i:346	st:Z:2026-07-15T22:50:30.946000+00:00	RG:Z:a40d6b40-d3ad-4fe7-8245-9c92f794f831_dna_r10.4.1_e8.2_400bps_sup@v5.2.0	DS:Z:gpu:NVIDIA GeForce RTX 4070 SUPER	PU:Z:FBG39641	DT:Z:2026-07-15T14:17:26.508000+00:00	tm:Z:adapter,primer rc
9610	36c5a322-7fbb-4552-b5e7-07ffb40ac0ad	qs:f:9.87631	ch:i:191	st:Z:2026-07-15T17:21:49.963000+00:00	RG:Z:a40d6b40-d3ad-4fe7-8245-9c92f794f831_dna_r10.4.1_e8.2_400bps_sup@v5.2.0	DS:Z:gpu:NVIDIA GeForce RTX 4070 SUPER	PU:Z:FBG39641	DT:Z:2026-07-15T14:17:26.508000+00:00	tm:Z:adapter,primer rc
9610	c62304b9-e48e-4bb3-bb13-64e864bbd469	qs:f:9.4727	ch:i:91	st:Z:2026-07-15T21:34:36.396000+00:00	RG:Z:a40d6b40-d3ad-4fe7-8245-9c92f794f831_dna_r10.4.1_e8.2_400bps_sup@v5.2.0	DS:Z:gpu:NVIDIA GeForce RTX 4070 SUPER	PU:Z:FBG39641	DT:Z:2026-07-15T14:17:26.508000+00:00	tm:Z:adapter,primer rc
9784	e4c2c836-926e-4ed9-9aad-cc60948bb8c9	qs:f:10.7732	ch:i:157	st:Z:2026-07-15T19:16:17.256000+00:00	RG:Z:a40d6b40-d3ad-4fe7-8245-9c92f794f831_dna_r10.4.1_e8.2_400bps_sup@v5.2.0	DS:Z:gpu:NVIDIA GeForce RTX 4070 SUPER	PU:Z:FBG39641	DT:Z:2026-07-15T14:17:26.508000+00:00	tm:Z:none rc
9784	db9fe3c9-b55b-494c-b3a8-9ee78ed80723	qs:f:15.0595	ch:i:45	st:Z:2026-07-16T00:36:27.807000+00:00	RG:Z:a40d6b40-d3ad-4fe7-8245-9c92f794f831_dna_r10.4.1_e8.2_400bps_sup@v5.2.0	DS:Z:gpu:NVIDIA GeForce RTX 4070 SUPER	PU:Z:FBG39641	DT:Z:2026-07-15T14:17:26.508000+00:00	tm:Z:adapter,primer rc
10038	0c3a3939-9d6e-48ac-974e-1038d6aaaaee	qs:f:14.5701	ch:i:63	st:Z:2026-07-16T01:49:55.293000+00:00	RG:Z:a40d6b40-d3ad-4fe7-8245-9c92f794f831_dna_r10.4.1_e8.2_400bps_sup@v5.2.0	DS:Z:gpu:NVIDIA GeForce RTX 4070 SUPER	PU:Z:FBG39641	DT:Z:2026-07-15T14:17:26.508000+00:00	tm:Z:none rc
10038	ee6baa4c-5f24-406d-b9cb-990b7b08ca58	qs:f:9.28569	ch:i:21	st:Z:2026-07-15T16:45:44.190000+00:00	RG:Z:a40d6b40-d3ad-4fe7-8245-9c92f794f831_dna_r10.4.1_e8.2_400bps_sup@v5.2.0	DS:Z:gpu:NVIDIA GeForce RTX 4070 SUPER	PU:Z:FBG39641	DT:Z:2026-07-15T14:17:26.508000+00:00	tm:Z:none rc
10094	6dba921a-ba95-4bbc-8e1d-46366fd5f5f3	qs:f:16.1989	ch:i:185	st:Z:2026-07-15T23:10:13.726000+00:00	RG:Z:a40d6b40-d3ad-4fe7-8245-9c92f794f831_dna_r10.4.1_e8.2_400bps_sup@v5.2.0	DS:Z:gpu:NVIDIA GeForce RTX 4070 SUPER	PU:Z:FBG39641	DT:Z:2026-07-15T14:17:26.508000+00:00	tm:Z:adapter,primer
10094	b98d4376-2d0c-473e-8723-8795dd07451c	qs:f:15.9967	ch:i:449	st:Z:2026-07-15T17:40:38.268000+00:00	RG:Z:a40d6b40-d3ad-4fe7-8245-9c92f794f831_dna_r10.4.1_e8.2_400bps_sup@v5.2.0	DS:Z:gpu:NVIDIA GeForce RTX 4070 SUPER	PU:Z:FBG39641	DT:Z:2026-07-15T14:17:26.508000+00:00	tm:Z:none
10152	8e43903d-7fc0-4e99-9382-d21c061f4e95	qs:f:12.3773	ch:i:28	st:Z:2026-07-15T17:16:04.534000+00:00	RG:Z:a40d6b40-d3ad-4fe7-8245-9c92f794f831_dna_r10.4.1_e8.2_400bps_sup@v5.2.0	DS:Z:gpu:NVIDIA GeForce RTX 4070 SUPER	PU:Z:FBG39641	DT:Z:2026-07-15T14:17:26.508000+00:00	tm:Z:none
10152	5603252a-dc3c-4133-bc4a-de9aa490ee61	qs:f:10.7043	ch:i:150	st:Z:2026-07-15T17:39:34.157000+00:00	RG:Z:a40d6b40-d3ad-4fe7-8245-9c92f794f831_dna_r10.4.1_e8.2_400bps_sup@v5.2.0	DS:Z:gpu:NVIDIA GeForce RTX 4070 SUPER	PU:Z:FBG39641	DT:Z:2026-07-15T14:17:26.508000+00:00	tm:Z:none
10438	ee30b4a4-c8b8-4145-8d7f-dba336401889	qs:f:10.9678	ch:i:365	st:Z:2026-07-15T19:07:14.011000+00:00	RG:Z:a40d6b40-d3ad-4fe7-8245-9c92f794f831_dna_r10.4.1_e8.2_400bps_sup@v5.2.0	DS:Z:gpu:NVIDIA GeForce RTX 4070 SUPER	PU:Z:FBG39641	DT:Z:2026-07-15T14:17:26.508000+00:00	tm:Z:adapter,primer rc
10438	b123dbc9-1160-408e-b453-9cd8b83e6538	qs:f:12.5938	ch:i:394	st:Z:2026-07-15T23:30:57.054000+00:00	RG:Z:a40d6b40-d3ad-4fe7-8245-9c92f794f831_dna_r10.4.1_e8.2_400bps_sup@v5.2.0	DS:Z:gpu:NVIDIA GeForce RTX 4070 SUPER	PU:Z:FBG39641	DT:Z:2026-07-15T14:17:26.508000+00:00	tm:Z:none rc
10515	d95a51eb-853d-4910-887a-f7ef8d35f7df	qs:f:11.7371	ch:i:331	st:Z:2026-07-15T21:35:28.071000+00:00	RG:Z:a40d6b40-d3ad-4fe7-8245-9c92f794f831_dna_r10.4.1_e8.2_400bps_sup@v5.2.0	DS:Z:gpu:NVIDIA GeForce RTX 4070 SUPER	PU:Z:FBG39641	DT:Z:2026-07-15T14:17:26.508000+00:00	tm:Z:adapter,primer rc
10515	5db72457-7147-4a50-9541-46f0dbb7bac6	qs:f:11.7011	ch:i:184	st:Z:2026-07-15T22:01:46.114000+00:00	RG:Z:a40d6b40-d3ad-4fe7-8245-9c92f794f831_dna_r10.4.1_e8.2_400bps_sup@v5.2.0	DS:Z:gpu:NVIDIA GeForce RTX 4070 SUPER	PU:Z:FBG39641	DT:Z:2026-07-15T14:17:26.508000+00:00	tm:Z:none rc
10673	76adf846-f729-4c3c-b9d6-613cadb6db90	qs:f:10.4413	ch:i:174	st:Z:2026-07-15T17:28:12.714000+00:00	RG:Z:a40d6b40-d3ad-4fe7-8245-9c92f794f831_dna_r10.4.1_e8.2_400bps_sup@v5.2.0	DS:Z:gpu:NVIDIA GeForce RTX 4070 SUPER	PU:Z:FBG39641	DT:Z:2026-07-15T14:17:26.508000+00:00	tm:Z:adapter,primer
10673	45df6e91-9493-4cff-9445-f7e81a070c71	qs:f:9.98181	ch:i:107	st:Z:2026-07-15T22:02:35.315000+00:00	RG:Z:a40d6b40-d3ad-4fe7-8245-9c92f794f831_dna_r10.4.1_e8.2_400bps_sup@v5.2.0	DS:Z:gpu:NVIDIA GeForce RTX 4070 SUPER	PU:Z:FBG39641	DT:Z:2026-07-15T14:17:26.508000+00:00	tm:Z:adapter,primer rc
10764	154b05d5-984a-4f2b-8c38-f6ef977c3d33	qs:f:11.8386	ch:i:311	st:Z:2026-07-15T17:09:31.722000+00:00	RG:Z:a40d6b40-d3ad-4fe7-8245-9c92f794f831_dna_r10.4.1_e8.2_400bps_sup@v5.2.0	DS:Z:gpu:NVIDIA GeForce RTX 4070 SUPER	PU:Z:FBG39641	DT:Z:2026-07-15T14:17:26.508000+00:00	tm:Z:adapter,primer rc
10764	6b513dc7-709f-4ec4-91c7-37da2c8d536b	qs:f:11.243	ch:i:72	st:Z:2026-07-15T17:27:14.061000+00:00	RG:Z:a40d6b40-d3ad-4fe7-8245-9c92f794f831_dna_r10.4.1_e8.2_400bps_sup@v5.2.0	DS:Z:gpu:NVIDIA GeForce RTX 4070 SUPER	PU:Z:FBG39641	DT:Z:2026-07-15T14:17:26.508000+00:00	tm:Z:adapter,primer rc
11280	5a7acd88-f643-4806-8986-14fb561bee2d	qs:f:10.5004	ch:i:129	st:Z:2026-07-15T22:27:46.980000+00:00	RG:Z:a40d6b40-d3ad-4fe7-8245-9c92f794f831_dna_r10.4.1_e8.2_400bps_sup@v5.2.0	DS:Z:gpu:NVIDIA GeForce RTX 4070 SUPER	PU:Z:FBG39641	DT:Z:2026-07-15T14:17:26.508000+00:00	tm:Z:adapter,primer
11280	bb13a3e8-7d17-4892-ab63-93940c7dec18	qs:f:9.85819	ch:i:51	st:Z:2026-07-15T22:08:00.642000+00:00	RG:Z:a40d6b40-d3ad-4fe7-8245-9c92f794f831_dna_r10.4.1_e8.2_400bps_sup@v5.2.0	DS:Z:gpu:NVIDIA GeForce RTX 4070 SUPER	PU:Z:FBG39641	DT:Z:2026-07-15T14:17:26.508000+00:00	tm:Z:adapter,primer
11541	a57dac60-e6ee-47ce-b839-cf1daa67c1a1	qs:f:12.0563	ch:i:85	st:Z:2026-07-15T21:37:52.247000+00:00	RG:Z:a40d6b40-d3ad-4fe7-8245-9c92f794f831_dna_r10.4.1_e8.2_400bps_sup@v5.2.0	DS:Z:gpu:NVIDIA GeForce RTX 4070 SUPER	PU:Z:FBG39641	DT:Z:2026-07-15T14:17:26.508000+00:00	tm:Z:adapter,primer rc
11541	ebd8560a-325e-48e9-b9b4-a2515dc10805	qs:f:11.3621	ch:i:344	st:Z:2026-07-15T23:19:03.507000+00:00	RG:Z:a40d6b40-d3ad-4fe7-8245-9c92f794f831_dna_r10.4.1_e8.2_400bps_sup@v5.2.0	DS:Z:gpu:NVIDIA GeForce RTX 4070 SUPER	PU:Z:FBG39641	DT:Z:2026-07-15T14:17:26.508000+00:00	tm:Z:adapter,primer rc
11647	b28839e9-286f-4f0a-b1e6-1900e524540d	qs:f:10.6028	ch:i:63	st:Z:2026-07-15T23:02:42.785000+00:00	RG:Z:a40d6b40-d3ad-4fe7-8245-9c92f794f831_dna_r10.4.1_e8.2_400bps_sup@v5.2.0	DS:Z:gpu:NVIDIA GeForce RTX 4070 SUPER	PU:Z:FBG39641	DT:Z:2026-07-15T14:17:26.508000+00:00	tm:Z:none rc
11647	b6e0fe4f-18f9-42e1-9f01-659513fdd38e	qs:f:10.4797	ch:i:314	st:Z:2026-07-15T17:06:04.158000+00:00	RG:Z:a40d6b40-d3ad-4fe7-8245-9c92f794f831_dna_r10.4.1_e8.2_400bps_sup@v5.2.0	DS:Z:gpu:NVIDIA GeForce RTX 4070 SUPER	PU:Z:FBG39641	DT:Z:2026-07-15T14:17:26.508000+00:00	tm:Z:adapter,primer rc
11704	694b1cc6-c7a6-4204-8eb7-996e060ceb76	qs:f:9.22973	ch:i:216	st:Z:2026-07-15T15:38:22.119000+00:00	RG:Z:a40d6b40-d3ad-4fe7-8245-9c92f794f831_dna_r10.4.1_e8.2_400bps_sup@v5.2.0	DS:Z:gpu:NVIDIA GeForce RTX 4070 SUPER	PU:Z:FBG39641	DT:Z:2026-07-15T14:17:26.508000+00:00	tm:Z:adapter,primer rc
11704	1f73f4af-fdf3-42ec-9398-74a090b2a24f	qs:f:9.20518	ch:i:133	st:Z:2026-07-15T20:53:58.430000+00:00	RG:Z:a40d6b40-d3ad-4fe7-8245-9c92f794f831_dna_r10.4.1_e8.2_400bps_sup@v5.2.0	DS:Z:gpu:NVIDIA GeForce RTX 4070 SUPER	PU:Z:FBG39641	DT:Z:2026-07-15T14:17:26.508000+00:00	tm:Z:none rc
11914	9476b9dd-b418-462d-83cc-88c6015163f7	qs:f:9.95103	ch:i:31	st:Z:2026-07-16T01:41:23.628000+00:00	RG:Z:a40d6b40-d3ad-4fe7-8245-9c92f794f831_dna_r10.4.1_e8.2_400bps_sup@v5.2.0	DS:Z:gpu:NVIDIA GeForce RTX 4070 SUPER	PU:Z:FBG39641	DT:Z:2026-07-15T14:17:26.508000+00:00	tm:Z:adapter,primer
11914	20b58b14-0aae-4451-bba9-0eb9aafc3808	qs:f:8.39361	ch:i:299	st:Z:2026-07-15T22:07:10.085000+00:00	RG:Z:a40d6b40-d3ad-4fe7-8245-9c92f794f831_dna_r10.4.1_e8.2_400bps_sup@v5.2.0	DS:Z:gpu:NVIDIA GeForce RTX 4070 SUPER	PU:Z:FBG39641	DT:Z:2026-07-15T14:17:26.508000+00:00	tm:Z:none
11967	922f1ef7-4400-4f0e-8b1a-3fe4bd1b3e59	qs:f:9.23707	ch:i:240	st:Z:2026-07-15T15:46:56.075000+00:00	RG:Z:a40d6b40-d3ad-4fe7-8245-9c92f794f831_dna_r10.4.1_e8.2_400bps_sup@v5.2.0	DS:Z:gpu:NVIDIA GeForce RTX 4070 SUPER	PU:Z:FBG39641	DT:Z:2026-07-15T14:17:26.508000+00:00	tm:Z:adapter,primer
11967	a7f8bebd-97a6-4cd7-a948-0fbfa3dc00a4	qs:f:8.35293	ch:i:299	st:Z:2026-07-15T16:19:20.198000+00:00	RG:Z:a40d6b40-d3ad-4fe7-8245-9c92f794f831_dna_r10.4.1_e8.2_400bps_sup@v5.2.0	DS:Z:gpu:NVIDIA GeForce RTX 4070 SUPER	PU:Z:FBG39641	DT:Z:2026-07-15T14:17:26.508000+00:00	tm:Z:none
12082	2f4669d8-edb5-4571-9a32-929f680ac421	qs:f:8.89997	ch:i:53	st:Z:2026-07-15T21:34:33.357000+00:00	RG:Z:a40d6b40-d3ad-4fe7-8245-9c92f794f831_dna_r10.4.1_e8.2_400bps_sup@v5.2.0	DS:Z:gpu:NVIDIA GeForce RTX 4070 SUPER	PU:Z:FBG39641	DT:Z:2026-07-15T14:17:26.508000+00:00	tm:Z:none rc
12082	54dd10f5-7a77-4bd8-9843-bad63e79d0d7	qs:f:8.95715	ch:i:136	st:Z:2026-07-15T21:17:14.067000+00:00	RG:Z:a40d6b40-d3ad-4fe7-8245-9c92f794f831_dna_r10.4.1_e8.2_400bps_sup@v5.2.0	DS:Z:gpu:NVIDIA GeForce RTX 4070 SUPER	PU:Z:FBG39641	DT:Z:2026-07-15T14:17:26.508000+00:00	tm:Z:adapter,primer rc
2	3c3d33de-e198-4c78-a16a-e876469cd4b1	qs:f:19.7466	ch:i:502	st:Z:2026-07-15T21:21:40.916000+00:00	RG:Z:a40d6b40-d3ad-4fe7-8245-9c92f794f831_dna_r10.4.1_e8.2_400bps_sup@v5.2.0	DS:Z:gpu:NVIDIA GeForce RTX 4070 SUPER	PU:Z:FBG39641	DT:Z:2026-07-15T14:17:26.508000+00:00	tm:Z:none
10	86a7d168-d319-4a01-89b4-26a8a27284f1	qs:f:20.7137	ch:i:4	st:Z:2026-07-15T15:22:59.446000+00:00	RG:Z:a40d6b40-d3ad-4fe7-8245-9c92f794f831_dna_r10.4.1_e8.2_400bps_sup@v5.2.0	DS:Z:gpu:NVIDIA GeForce RTX 4070 SUPER	PU:Z:FBG39641	DT:Z:2026-07-15T14:17:26.508000+00:00	tm:Z:none rc
91	c3327843-f2ad-4c05-89a4-576e918e5635	qs:f:17.6964	ch:i:440	st:Z:2026-07-16T00:27:44.436000+00:00	RG:Z:a40d6b40-d3ad-4fe7-8245-9c92f794f831_dna_r10.4.1_e8.2_400bps_sup@v5.2.0	DS:Z:gpu:NVIDIA GeForce RTX 4070 SUPER	PU:Z:FBG39641	DT:Z:2026-07-15T14:17:26.508000+00:00	tm:Z:adapter,primer
102	f91bc893-bd8d-4210-849d-c8f62933f2a1	qs:f:19.998	ch:i:7	st:Z:2026-07-16T00:08:13.129000+00:00	RG:Z:a40d6b40-d3ad-4fe7-8245-9c92f794f831_dna_r10.4.1_e8.2_400bps_sup@v5.2.0	DS:Z:gpu:NVIDIA GeForce RTX 4070 SUPER	PU:Z:FBG39641	DT:Z:2026-07-15T14:17:26.508000+00:00	tm:Z:adapter,primer rc
120	0d240e03-02bb-4cc7-84ea-1935e0230f1b	qs:f:15.3749	ch:i:275	st:Z:2026-07-15T23:26:40.475000+00:00	RG:Z:a40d6b40-d3ad-4fe7-8245-9c92f794f831_dna_r10.4.1_e8.2_400bps_sup@v5.2.0	DS:Z:gpu:NVIDIA GeForce RTX 4070 SUPER	PU:Z:FBG39641	DT:Z:2026-07-15T14:17:26.508000+00:00	tm:Z:adapter,primer rc
128	82a47949-c86f-4a7d-a638-e21a474305a8	qs:f:15.4834	ch:i:296	st:Z:2026-07-15T19:35:52.518000+00:00	RG:Z:a40d6b40-d3ad-4fe7-8245-9c92f794f831_dna_r10.4.1_e8.2_400bps_sup@v5.2.0	DS:Z:gpu:NVIDIA GeForce RTX 4070 SUPER	PU:Z:FBG39641	DT:Z:2026-07-15T14:17:26.508000+00:00	tm:Z:adapter,primer
167	20079b15-e223-48c7-8e07-5da9f4433fe9	qs:f:14.3602	ch:i:212	st:Z:2026-07-15T14:33:53.304000+00:00	RG:Z:a40d6b40-d3ad-4fe7-8245-9c92f794f831_dna_r10.4.1_e8.2_400bps_sup@v5.2.0	DS:Z:gpu:NVIDIA GeForce RTX 4070 SUPER	PU:Z:FBG39641	DT:Z:2026-07-15T14:17:26.508000+00:00	tm:Z:adapter,primer rc
187	3f75ceda-1d5f-4914-a840-315d1bb9e7e8	qs:f:14.2094	ch:i:78	st:Z:2026-07-16T01:02:31.183000+00:00	RG:Z:a40d6b40-d3ad-4fe7-8245-9c92f794f831_dna_r10.4.1_e8.2_400bps_sup@v5.2.0	DS:Z:gpu:NVIDIA GeForce RTX 4070 SUPER	PU:Z:FBG39641	DT:Z:2026-07-15T14:17:26.508000+00:00	tm:Z:adapter,primer
205	9618c69e-5653-4605-9128-e056aab17c03	qs:f:14.714	ch:i:283	st:Z:2026-07-15T17:13:14.813000+00:00	RG:Z:a40d6b40-d3ad-4fe7-8245-9c92f794f831_dna_r10.4.1_e8.2_400bps_sup@v5.2.0	DS:Z:gpu:NVIDIA GeForce RTX 4070 SUPER	PU:Z:FBG39641	DT:Z:2026-07-15T14:17:26.508000+00:00	tm:Z:adapter,primer rc
228	22b772e1-c5c4-49eb-b5f2-1b65314bee3c	qs:f:13.5885	ch:i:180	st:Z:2026-07-15T15:44:23.290000+00:00	RG:Z:a40d6b40-d3ad-4fe7-8245-9c92f794f831_dna_r10.4.1_e8.2_400bps_sup@v5.2.0	DS:Z:gpu:NVIDIA GeForce RTX 4070 SUPER	PU:Z:FBG39641	DT:Z:2026-07-15T14:17:26.508000+00:00	tm:Z:none rc
344	2ecdbe64-7658-4296-903a-83818d2062c8	qs:f:13.2343	ch:i:334	st:Z:2026-07-15T18:11:56.653000+00:00	RG:Z:a40d6b40-d3ad-4fe7-8245-9c92f794f831_dna_r10.4.1_e8.2_400bps_sup@v5.2.0	DS:Z:gpu:NVIDIA GeForce RTX 4070 SUPER	PU:Z:FBG39641	DT:Z:2026-07-15T14:17:26.508000+00:00	tm:Z:adapter,primer
365	5a4a8db0-a54c-4d65-8ed3-b5a91864c8b5	qs:f:15.5633	ch:i:429	st:Z:2026-07-15T15:48:06.377000+00:00	RG:Z:a40d6b40-d3ad-4fe7-8245-9c92f794f831_dna_r10.4.1_e8.2_400bps_sup@v5.2.0	DS:Z:gpu:NVIDIA GeForce RTX 4070 SUPER	PU:Z:FBG39641	DT:Z:2026-07-15T14:17:26.508000+00:00	tm:Z:adapter,primer
390	cd15065d-29de-475b-9020-6069037b4646	qs:f:14.042	ch:i:77	st:Z:2026-07-15T20:53:39.982000+00:00	RG:Z:a40d6b40-d3ad-4fe7-8245-9c92f794f831_dna_r10.4.1_e8.2_400bps_sup@v5.2.0	DS:Z:gpu:NVIDIA GeForce RTX 4070 SUPER	PU:Z:FBG39641	DT:Z:2026-07-15T14:17:26.508000+00:00	tm:Z:none rc
416	360f7991-7ef3-461d-9342-e65c89b122a7	qs:f:14.6336	ch:i:153	st:Z:2026-07-15T21:38:32.807000+00:00	RG:Z:a40d6b40-d3ad-4fe7-8245-9c92f794f831_dna_r10.4.1_e8.2_400bps_sup@v5.2.0	DS:Z:gpu:NVIDIA GeForce RTX 4070 SUPER	PU:Z:FBG39641	DT:Z:2026-07-15T14:17:26.508000+00:00	tm:Z:adapter,primer rc
429	93c3cb1e-4673-4be2-91db-50c678e23598	qs:f:13.0398	ch:i:336	st:Z:2026-07-15T23:03:32.027000+00:00	RG:Z:a40d6b40-d3ad-4fe7-8245-9c92f794f831_dna_r10.4.1_e8.2_400bps_sup@v5.2.0	DS:Z:gpu:NVIDIA GeForce RTX 4070 SUPER	PU:Z:FBG39641	DT:Z:2026-07-15T14:17:26.508000+00:00	tm:Z:adapter,primer rc
453	b8767efd-d0f4-4944-a1b5-844b549e6df6	qs:f:14.518	ch:i:40	st:Z:2026-07-15T18:49:59.078000+00:00	RG:Z:a40d6b40-d3ad-4fe7-8245-9c92f794f831_dna_r10.4.1_e8.2_400bps_sup@v5.2.0	DS:Z:gpu:NVIDIA GeForce RTX 4070 SUPER	PU:Z:FBG39641	DT:Z:2026-07-15T14:17:26.508000+00:00	tm:Z:adapter,primer
580	fe5426f1-2edc-4738-94a4-9a60c9b7c3fb	qs:f:12.0592	ch:i:375	st:Z:2026-07-15T15:36:59.259000+00:00	RG:Z:a40d6b40-d3ad-4fe7-8245-9c92f794f831_dna_r10.4.1_e8.2_400bps_sup@v5.2.0	DS:Z:gpu:NVIDIA GeForce RTX 4070 SUPER	PU:Z:FBG39641	DT:Z:2026-07-15T14:17:26.508000+00:00	tm:Z:none
696	386ff57a-8b1b-457a-9a98-11b81e86d85c	qs:f:12.6445	ch:i:244	st:Z:2026-07-15T20:37:23.901000+00:00	RG:Z:a40d6b40-d3ad-4fe7-8245-9c92f794f831_dna_r10.4.1_e8.2_400bps_sup@v5.2.0	DS:Z:gpu:NVIDIA GeForce RTX 4070 SUPER	PU:Z:FBG39641	DT:Z:2026-07-15T14:17:26.508000+00:00	tm:Z:adapter,primer
725	5575bf94-2c74-424e-8a2e-f2aedf84cace	qs:f:13.1575	ch:i:156	st:Z:2026-07-15T19:02:27.547000+00:00	RG:Z:a40d6b40-d3ad-4fe7-8245-9c92f794f831_dna_r10.4.1_e8.2_400bps_sup@v5.2.0	DS:Z:gpu:NVIDIA GeForce RTX 4070 SUPER	PU:Z:FBG39641	DT:Z:2026-07-15T14:17:26.508000+00:00	tm:Z:none rc
751	881a4266-b017-4bc1-83f9-00576cc9ea2b	qs:f:13.4516	ch:i:197	st:Z:2026-07-15T21:57:13.400000+00:00	RG:Z:a40d6b40-d3ad-4fe7-8245-9c92f794f831_dna_r10.4.1_e8.2_400bps_sup@v5.2.0	DS:Z:gpu:NVIDIA GeForce RTX 4070 SUPER	PU:Z:FBG39641	DT:Z:2026-07-15T14:17:26.508000+00:00	tm:Z:adapter,primer
765	449433bd-323b-4a9f-bdc0-2d882a375182	qs:f:15.5997	ch:i:145	st:Z:2026-07-15T23:34:40.677000+00:00	RG:Z:a40d6b40-d3ad-4fe7-8245-9c92f794f831_dna_r10.4.1_e8.2_400bps_sup@v5.2.0	DS:Z:gpu:NVIDIA GeForce RTX 4070 SUPER	PU:Z:FBG39641	DT:Z:2026-07-15T14:17:26.508000+00:00	tm:Z:adapter,primer rc
827	9496225e-c399-4528-925e-4ab8255e0e62	qs:f:12.2987	ch:i:450	st:Z:2026-07-15T22:40:13.026000+00:00	RG:Z:a40d6b40-d3ad-4fe7-8245-9c92f794f831_dna_r10.4.1_e8.2_400bps_sup@v5.2.0	DS:Z:gpu:NVIDIA GeForce RTX 4070 SUPER	PU:Z:FBG39641	DT:Z:2026-07-15T14:17:26.508000+00:00	tm:Z:adapter,primer
889	d3e0f0a4-6cab-47a1-80cb-d26aeff392f7	qs:f:12.1677	ch:i:326	st:Z:2026-07-15T22:46:19.929000+00:00	RG:Z:a40d6b40-d3ad-4fe7-8245-9c92f794f831_dna_r10.4.1_e8.2_400bps_sup@v5.2.0	DS:Z:gpu:NVIDIA GeForce RTX 4070 SUPER	PU:Z:FBG39641	DT:Z:2026-07-15T14:17:26.508000+00:00	tm:Z:adapter,primer
893	b310d013-2a55-4d1b-98ae-30336c893f5d	qs:f:12.4777	ch:i:47	st:Z:2026-07-15T14:59:45.067000+00:00	RG:Z:a40d6b40-d3ad-4fe7-8245-9c92f794f831_dna_r10.4.1_e8.2_400bps_sup@v5.2.0	DS:Z:gpu:NVIDIA GeForce RTX 4070 SUPER	PU:Z:FBG39641	DT:Z:2026-07-15T14:17:26.508000+00:00	tm:Z:adapter,primer rc
911	761a81e4-5c75-4f20-addf-62a1040069c1	qs:f:11.4557	ch:i:339	st:Z:2026-07-15T18:34:06.269000+00:00	RG:Z:a40d6b40-d3ad-4fe7-8245-9c92f794f831_dna_r10.4.1_e8.2_400bps_sup@v5.2.0	DS:Z:gpu:NVIDIA GeForce RTX 4070 SUPER	PU:Z:FBG39641	DT:Z:2026-07-15T14:17:26.508000+00:00	tm:Z:adapter,primer
917	8f761a20-0084-4b72-b9e3-ba85344f3ed1	qs:f:15.7684	ch:i:7	st:Z:2026-07-15T20:59:59.403000+00:00	RG:Z:a40d6b40-d3ad-4fe7-8245-9c92f794f831_dna_r10.4.1_e8.2_400bps_sup@v5.2.0	DS:Z:gpu:NVIDIA GeForce RTX 4070 SUPER	PU:Z:FBG39641	DT:Z:2026-07-15T14:17:26.508000+00:00	tm:Z:adapter,primer
996	d40edcbb-9b5e-43f5-aebd-02a8f952d436	qs:f:14.0119	ch:i:423	st:Z:2026-07-15T19:34:24.574000+00:00	RG:Z:a40d6b40-d3ad-4fe7-8245-9c92f794f831_dna_r10.4.1_e8.2_400bps_sup@v5.2.0	DS:Z:gpu:NVIDIA GeForce RTX 4070 SUPER	PU:Z:FBG39641	DT:Z:2026-07-15T14:17:26.508000+00:00	tm:Z:adapter,primer
1016	ac9ded0e-40c1-4169-aff3-2bcc3bcc8ba0	qs:f:13.5194	ch:i:469	st:Z:2026-07-15T15:01:39.376000+00:00	RG:Z:a40d6b40-d3ad-4fe7-8245-9c92f794f831_dna_r10.4.1_e8.2_400bps_sup@v5.2.0	DS:Z:gpu:NVIDIA GeForce RTX 4070 SUPER	PU:Z:FBG39641	DT:Z:2026-07-15T14:17:26.508000+00:00	tm:Z:none rc
1076	2e51c851-9468-47cb-8787-1d4d979bbe9d	qs:f:14.5169	ch:i:77	st:Z:2026-07-15T16:20:33.336000+00:00	RG:Z:a40d6b40-d3ad-4fe7-8245-9c92f794f831_dna_r10.4.1_e8.2_400bps_sup@v5.2.0	DS:Z:gpu:NVIDIA GeForce RTX 4070 SUPER	PU:Z:FBG39641	DT:Z:2026-07-15T14:17:26.508000+00:00	tm:Z:adapter,primer
1110	44b61567-411c-49f8-a0a8-27174c9e1065	qs:f:16.0306	ch:i:29	st:Z:2026-07-15T15:21:09.705000+00:00	RG:Z:a40d6b40-d3ad-4fe7-8245-9c92f794f831_dna_r10.4.1_e8.2_400bps_sup@v5.2.0	DS:Z:gpu:NVIDIA GeForce RTX 4070 SUPER	PU:Z:FBG39641	DT:Z:2026-07-15T14:17:26.508000+00:00	tm:Z:adapter,primer rc
1155	1ebeea50-f0a2-43e0-9178-56ddceb98774	qs:f:14.9593	ch:i:414	st:Z:2026-07-15T20:31:22.822000+00:00	RG:Z:a40d6b40-d3ad-4fe7-8245-9c92f794f831_dna_r10.4.1_e8.2_400bps_sup@v5.2.0	DS:Z:gpu:NVIDIA GeForce RTX 4070 SUPER	PU:Z:FBG39641	DT:Z:2026-07-15T14:17:26.508000+00:00	tm:Z:adapter,primer rc
1179	cd043b2a-acda-407c-8176-7fff16aa49df	qs:f:12.566	ch:i:56	st:Z:2026-07-15T22:40:19.217000+00:00	RG:Z:a40d6b40-d3ad-4fe7-8245-9c92f794f831_dna_r10.4.1_e8.2_400bps_sup@v5.2.0	DS:Z:gpu:NVIDIA GeForce RTX 4070 SUPER	PU:Z:FBG39641	DT:Z:2026-07-15T14:17:26.508000+00:00	tm:Z:adapter,primer
1185	7391f60f-4df5-45e1-a585-25921e9b659a	qs:f:13.5423	ch:i:344	st:Z:2026-07-15T22:54:31.958000+00:00	RG:Z:a40d6b40-d3ad-4fe7-8245-9c92f794f831_dna_r10.4.1_e8.2_400bps_sup@v5.2.0	DS:Z:gpu:NVIDIA GeForce RTX 4070 SUPER	PU:Z:FBG39641	DT:Z:2026-07-15T14:17:26.508000+00:00	tm:Z:adapter,primer
1207	1ccc289d-1449-4595-a70f-b70d619587e8	qs:f:15.6427	ch:i:276	st:Z:2026-07-16T00:22:50.282000+00:00	RG:Z:a40d6b40-d3ad-4fe7-8245-9c92f794f831_dna_r10.4.1_e8.2_400bps_sup@v5.2.0	DS:Z:gpu:NVIDIA GeForce RTX 4070 SUPER	PU:Z:FBG39641	DT:Z:2026-07-15T14:17:26.508000+00:00	tm:Z:adapter,primer rc
1227	1a3364ca-72fd-4e8c-bea7-5cdd10d37d75	qs:f:8.48413	ch:i:248	st:Z:2026-07-15T20:52:42.270000+00:00	RG:Z:a40d6b40-d3ad-4fe7-8245-9c92f794f831_dna_r10.4.1_e8.2_400bps_sup@v5.2.0	DS:Z:gpu:NVIDIA GeForce RTX 4070 SUPER	PU:Z:FBG39641	DT:Z:2026-07-15T14:17:26.508000+00:00	tm:Z:adapter,primer
1269	245ee190-48e5-4d6a-bfa4-877098b0238d	qs:f:11.8129	ch:i:491	st:Z:2026-07-15T20:32:27.035000+00:00	RG:Z:a40d6b40-d3ad-4fe7-8245-9c92f794f831_dna_r10.4.1_e8.2_400bps_sup@v5.2.0	DS:Z:gpu:NVIDIA GeForce RTX 4070 SUPER	PU:Z:FBG39641	DT:Z:2026-07-15T14:17:26.508000+00:00	tm:Z:adapter,primer
1321	0eba63f7-4023-4674-a1f6-b42e2be5fb8a	qs:f:13.7514	ch:i:434	st:Z:2026-07-16T02:07:03.747000+00:00	RG:Z:a40d6b40-d3ad-4fe7-8245-9c92f794f831_dna_r10.4.1_e8.2_400bps_sup@v5.2.0	DS:Z:gpu:NVIDIA GeForce RTX 4070 SUPER	PU:Z:FBG39641	DT:Z:2026-07-15T14:17:26.508000+00:00	tm:Z:adapter,primer rc
1369	195fd1a5-d1e9-4fbc-8bd4-4b8032413910	qs:f:11.6243	ch:i:84	st:Z:2026-07-16T01:26:10.109000+00:00	RG:Z:a40d6b40-d3ad-4fe7-8245-9c92f794f831_dna_r10.4.1_e8.2_400bps_sup@v5.2.0	DS:Z:gpu:NVIDIA GeForce RTX 4070 SUPER	PU:Z:FBG39641	DT:Z:2026-07-15T14:17:26.508000+00:00	tm:Z:adapter,primer
1440	aec539c6-1fab-4927-ac78-c0cd44b07931	qs:f:12.5492	ch:i:414	st:Z:2026-07-15T15:52:07.747000+00:00	RG:Z:a40d6b40-d3ad-4fe7-8245-9c92f794f831_dna_r10.4.1_e8.2_400bps_sup@v5.2.0	DS:Z:gpu:NVIDIA GeForce RTX 4070 SUPER	PU:Z:FBG39641	DT:Z:2026-07-15T14:17:26.508000+00:00	tm:Z:adapter,primer rc
1442	2bbb1239-d202-4023-ab9b-1e9e446fee56	qs:f:12.127	ch:i:390	st:Z:2026-07-15T20:35:28.839000+00:00	RG:Z:a40d6b40-d3ad-4fe7-8245-9c92f794f831_dna_r10.4.1_e8.2_400bps_sup@v5.2.0	DS:Z:gpu:NVIDIA GeForce RTX 4070 SUPER	PU:Z:FBG39641	DT:Z:2026-07-15T14:17:26.508000+00:00	tm:Z:adapter,primer
1515	d2831623-9125-44d6-a9ea-b8fa097a21b4	qs:f:14.7192	ch:i:223	st:Z:2026-07-15T16:40:52.260000+00:00	RG:Z:a40d6b40-d3ad-4fe7-8245-9c92f794f831_dna_r10.4.1_e8.2_400bps_sup@v5.2.0	DS:Z:gpu:NVIDIA GeForce RTX 4070 SUPER	PU:Z:FBG39641	DT:Z:2026-07-15T14:17:26.508000+00:00	tm:Z:adapter,primer rc
1542	92bcea29-5713-4602-bdd9-c5668f3a7237	qs:f:9.73969	ch:i:509	st:Z:2026-07-15T23:08:12.062000+00:00	RG:Z:a40d6b40-d3ad-4fe7-8245-9c92f794f831_dna_r10.4.1_e8.2_400bps_sup@v5.2.0	DS:Z:gpu:NVIDIA GeForce RTX 4070 SUPER	PU:Z:FBG39641	DT:Z:2026-07-15T14:17:26.508000+00:00	tm:Z:none rc
1558	6375ba5f-6b67-4c46-bd0b-c565e2c47485	qs:f:10.8741	ch:i:221	st:Z:2026-07-15T23:22:30.465000+00:00	RG:Z:a40d6b40-d3ad-4fe7-8245-9c92f794f831_dna_r10.4.1_e8.2_400bps_sup@v5.2.0	DS:Z:gpu:NVIDIA GeForce RTX 4070 SUPER	PU:Z:FBG39641	DT:Z:2026-07-15T14:17:26.508000+00:00	tm:Z:adapter,primer rc
1607	1234cc71-0cff-4122-8e76-7e51973a2bec	qs:f:17.2165	ch:i:491	st:Z:2026-07-15T23:21:23.345000+00:00	RG:Z:a40d6b40-d3ad-4fe7-8245-9c92f794f831_dna_r10.4.1_e8.2_400bps_sup@v5.2.0	DS:Z:gpu:NVIDIA GeForce RTX 4070 SUPER	PU:Z:FBG39641	DT:Z:2026-07-15T14:17:26.508000+00:00	tm:Z:none rc
1751	dcdb29a8-94e5-4e87-a0ea-a18f0bf712cc	qs:f:31.5329	ch:i:296	st:Z:2026-07-16T00:16:31.236000+00:00	RG:Z:a40d6b40-d3ad-4fe7-8245-9c92f794f831_dna_r10.4.1_e8.2_400bps_sup@v5.2.0	DS:Z:gpu:NVIDIA GeForce RTX 4070 SUPER	PU:Z:FBG39641	DT:Z:2026-07-15T14:17:26.508000+00:00	tm:Z:adapter,primer rc
1818	30da430b-13b9-4ca4-a686-e9368932baf0	qs:f:14.2747	ch:i:509	st:Z:2026-07-15T23:10:06.148000+00:00	RG:Z:a40d6b40-d3ad-4fe7-8245-9c92f794f831_dna_r10.4.1_e8.2_400bps_sup@v5.2.0	DS:Z:gpu:NVIDIA GeForce RTX 4070 SUPER	PU:Z:FBG39641	DT:Z:2026-07-15T14:17:26.508000+00:00	tm:Z:adapter,primer
1825	74dfe68f-17f1-4eb3-b4bf-c25a44dd61de	qs:f:12.3831	ch:i:170	st:Z:2026-07-15T17:19:45.130000+00:00	RG:Z:a40d6b40-d3ad-4fe7-8245-9c92f794f831_dna_r10.4.1_e8.2_400bps_sup@v5.2.0	DS:Z:gpu:NVIDIA GeForce RTX 4070 SUPER	PU:Z:FBG39641	DT:Z:2026-07-15T14:17:26.508000+00:00	tm:Z:adapter,primer rc
1869	ea0b7fd8-56ef-4afa-9a25-e27eb218e4b8	qs:f:15.1326	ch:i:414	st:Z:2026-07-15T21:15:41.849000+00:00	RG:Z:a40d6b40-d3ad-4fe7-8245-9c92f794f831_dna_r10.4.1_e8.2_400bps_sup@v5.2.0	DS:Z:gpu:NVIDIA GeForce RTX 4070 SUPER	PU:Z:FBG39641	DT:Z:2026-07-15T14:17:26.508000+00:00	tm:Z:none
1894	e9848b02-395e-4e6f-b229-67ea591968ba	qs:f:14.8152	ch:i:153	st:Z:2026-07-15T18:30:47.273000+00:00	RG:Z:a40d6b40-d3ad-4fe7-8245-9c92f794f831_dna_r10.4.1_e8.2_400bps_sup@v5.2.0	DS:Z:gpu:NVIDIA GeForce RTX 4070 SUPER	PU:Z:FBG39641	DT:Z:2026-07-15T14:17:26.508000+00:00	tm:Z:adapter,primer
1923	57368ef0-6b1d-40d9-a585-a7f134ca95d9	qs:f:13.1923	ch:i:29	st:Z:2026-07-15T19:29:21.120000+00:00	RG:Z:a40d6b40-d3ad-4fe7-8245-9c92f794f831_dna_r10.4.1_e8.2_400bps_sup@v5.2.0	DS:Z:gpu:NVIDIA GeForce RTX 4070 SUPER	PU:Z:FBG39641	DT:Z:2026-07-15T14:17:26.508000+00:00	tm:Z:adapter,primer
1954	0a78c339-37e5-4f39-b580-ef8b8c812490	qs:f:11.2013	ch:i:491	st:Z:2026-07-15T15:36:22.145000+00:00	RG:Z:a40d6b40-d3ad-4fe7-8245-9c92f794f831_dna_r10.4.1_e8.2_400bps_sup@v5.2.0	DS:Z:gpu:NVIDIA GeForce RTX 4070 SUPER	PU:Z:FBG39641	DT:Z:2026-07-15T14:17:26.508000+00:00	tm:Z:none rc
1987	d4028be8-eb25-42a7-97a3-8d0096570dbe	qs:f:13.2866	ch:i:241	st:Z:2026-07-15T15:05:59.520000+00:00	RG:Z:a40d6b40-d3ad-4fe7-8245-9c92f794f831_dna_r10.4.1_e8.2_400bps_sup@v5.2.0	DS:Z:gpu:NVIDIA GeForce RTX 4070 SUPER	PU:Z:FBG39641	DT:Z:2026-07-15T14:17:26.508000+00:00	tm:Z:adapter,primer rc
2000	080e4f1b-6d03-473f-aa69-eec75db7a96d	qs:f:16.1768	ch:i:455	st:Z:2026-07-16T01:24:48.657000+00:00	RG:Z:a40d6b40-d3ad-4fe7-8245-9c92f794f831_dna_r10.4.1_e8.2_400bps_sup@v5.2.0	DS:Z:gpu:NVIDIA GeForce RTX 4070 SUPER	PU:Z:FBG39641	DT:Z:2026-07-15T14:17:26.508000+00:00	tm:Z:adapter,primer rc
2024	32579ae9-cdaa-455f-a8f1-8bad1bc63a62	qs:f:15.2504	ch:i:318	st:Z:2026-07-15T18:50:06.665000+00:00	RG:Z:a40d6b40-d3ad-4fe7-8245-9c92f794f831_dna_r10.4.1_e8.2_400bps_sup@v5.2.0	DS:Z:gpu:NVIDIA GeForce RTX 4070 SUPER	PU:Z:FBG39641	DT:Z:2026-07-15T14:17:26.508000+00:00	tm:Z:adapter,primer rc
2052	57af3ebd-ec34-4d50-9b34-46929e8c4ad3	qs:f:15.3113	ch:i:3	st:Z:2026-07-15T20:06:05.253000+00:00	RG:Z:a40d6b40-d3ad-4fe7-8245-9c92f794f831_dna_r10.4.1_e8.2_400bps_sup@v5.2.0	DS:Z:gpu:NVIDIA GeForce RTX 4070 SUPER	PU:Z:FBG39641	DT:Z:2026-07-15T14:17:26.508000+00:00	tm:Z:none rc
2110	cdb9b888-ecb6-4ca2-8d0c-6bbdd186ed0d	qs:f:14.5619	ch:i:269	st:Z:2026-07-15T17:13:23.371000+00:00	RG:Z:a40d6b40-d3ad-4fe7-8245-9c92f794f831_dna_r10.4.1_e8.2_400bps_sup@v5.2.0	DS:Z:gpu:NVIDIA GeForce RTX 4070 SUPER	PU:Z:FBG39641	DT:Z:2026-07-15T14:17:26.508000+00:00	tm:Z:adapter,primer rc
2128	014d07f5-0d3f-4b65-b816-1c7e1997d0f0	qs:f:12.9697	ch:i:59	st:Z:2026-07-15T20:28:00.885000+00:00	RG:Z:a40d6b40-d3ad-4fe7-8245-9c92f794f831_dna_r10.4.1_e8.2_400bps_sup@v5.2.0	DS:Z:gpu:NVIDIA GeForce RTX 4070 SUPER	PU:Z:FBG39641	DT:Z:2026-07-15T14:17:26.508000+00:00	tm:Z:adapter,primer rc
2138	a0627e04-e769-41d3-aa07-1f61e47c559d	qs:f:11.9823	ch:i:76	st:Z:2026-07-15T22:52:26.043000+00:00	RG:Z:a40d6b40-d3ad-4fe7-8245-9c92f794f831_dna_r10.4.1_e8.2_400bps_sup@v5.2.0	DS:Z:gpu:NVIDIA GeForce RTX 4070 SUPER	PU:Z:FBG39641	DT:Z:2026-07-15T14:17:26.508000+00:00	tm:Z:none rc
2146	5908b4c2-cdab-4e88-ac65-08297f5af2b7	qs:f:11.0133	ch:i:495	st:Z:2026-07-16T01:04:31.661000+00:00	RG:Z:a40d6b40-d3ad-4fe7-8245-9c92f794f831_dna_r10.4.1_e8.2_400bps_sup@v5.2.0	DS:Z:gpu:NVIDIA GeForce RTX 4070 SUPER	PU:Z:FBG39641	DT:Z:2026-07-15T14:17:26.508000+00:00	tm:Z:none
2172	5092555a-c7d5-4885-9ce7-362982f5de95	qs:f:13.2226	ch:i:332	st:Z:2026-07-16T01:09:14.543000+00:00	RG:Z:a40d6b40-d3ad-4fe7-8245-9c92f794f831_dna_r10.4.1_e8.2_400bps_sup@v5.2.0	DS:Z:gpu:NVIDIA GeForce RTX 4070 SUPER	PU:Z:FBG39641	DT:Z:2026-07-15T14:17:26.508000+00:00	tm:Z:none rc
2207	3d8e3e22-109c-4066-9cd7-7d197850b3e6	qs:f:16.0367	ch:i:100	st:Z:2026-07-15T22:53:03.126000+00:00	RG:Z:a40d6b40-d3ad-4fe7-8245-9c92f794f831_dna_r10.4.1_e8.2_400bps_sup@v5.2.0	DS:Z:gpu:NVIDIA GeForce RTX 4070 SUPER	PU:Z:FBG39641	DT:Z:2026-07-15T14:17:26.508000+00:00	tm:Z:adapter,primer rc
2216	608ac931-e8a9-4fab-9063-884d136b57be	qs:f:13.2306	ch:i:328	st:Z:2026-07-15T17:05:32.779000+00:00	RG:Z:a40d6b40-d3ad-4fe7-8245-9c92f794f831_dna_r10.4.1_e8.2_400bps_sup@v5.2.0	DS:Z:gpu:NVIDIA GeForce RTX 4070 SUPER	PU:Z:FBG39641	DT:Z:2026-07-15T14:17:26.508000+00:00	tm:Z:none rc
2229	79ca1f44-d2d9-4170-9ce3-cb7debd31fb6	qs:f:15.0769	ch:i:147	st:Z:2026-07-15T22:45:36.252000+00:00	RG:Z:a40d6b40-d3ad-4fe7-8245-9c92f794f831_dna_r10.4.1_e8.2_400bps_sup@v5.2.0	DS:Z:gpu:NVIDIA GeForce RTX 4070 SUPER	PU:Z:FBG39641	DT:Z:2026-07-15T14:17:26.508000+00:00	tm:Z:adapter,primer rc
2238	de8e5a7a-42a2-4a7b-9547-02c2a2090e0e	qs:f:14.5853	ch:i:183	st:Z:2026-07-15T15:06:56.335000+00:00	RG:Z:a40d6b40-d3ad-4fe7-8245-9c92f794f831_dna_r10.4.1_e8.2_400bps_sup@v5.2.0	DS:Z:gpu:NVIDIA GeForce RTX 4070 SUPER	PU:Z:FBG39641	DT:Z:2026-07-15T14:17:26.508000+00:00	tm:Z:adapter,primer rc
2246	27f15979-5c3c-415f-861c-f6979370972b	qs:f:12.1584	ch:i:150	st:Z:2026-07-16T00:36:58.980000+00:00	RG:Z:a40d6b40-d3ad-4fe7-8245-9c92f794f831_dna_r10.4.1_e8.2_400bps_sup@v5.2.0	DS:Z:gpu:NVIDIA GeForce RTX 4070 SUPER	PU:Z:FBG39641	DT:Z:2026-07-15T14:17:26.508000+00:00	tm:Z:none rc
2286	cc686dcc-1512-4c77-b3e5-6f5da20e357b	qs:f:15.8792	ch:i:316	st:Z:2026-07-15T20:41:42.556000+00:00	RG:Z:a40d6b40-d3ad-4fe7-8245-9c92f794f831_dna_r10.4.1_e8.2_400bps_sup@v5.2.0	DS:Z:gpu:NVIDIA GeForce RTX 4070 SUPER	PU:Z:FBG39641	DT:Z:2026-07-15T14:17:26.508000+00:00	tm:Z:adapter,primer
2313	221d3028-f373-404b-bfb7-02a1035427f8	qs:f:10.4671	ch:i:352	st:Z:2026-07-15T18:15:41.952000+00:00	RG:Z:a40d6b40-d3ad-4fe7-8245-9c92f794f831_dna_r10.4.1_e8.2_400bps_sup@v5.2.0	DS:Z:gpu:NVIDIA GeForce RTX 4070 SUPER	PU:Z:FBG39641	DT:Z:2026-07-15T14:17:26.508000+00:00	tm:Z:none
2391	612e2b9a-a124-495c-abb3-6aac45edbd98	qs:f:13.7324	ch:i:72	st:Z:2026-07-16T01:31:00.412000+00:00	RG:Z:a40d6b40-d3ad-4fe7-8245-9c92f794f831_dna_r10.4.1_e8.2_400bps_sup@v5.2.0	DS:Z:gpu:NVIDIA GeForce RTX 4070 SUPER	PU:Z:FBG39641	DT:Z:2026-07-15T14:17:26.508000+00:00	tm:Z:adapter,primer rc
2413	70aa12f3-e676-4ac4-a4f6-00de762029b3	qs:f:13.9067	ch:i:123	st:Z:2026-07-15T23:44:32.545000+00:00	RG:Z:a40d6b40-d3ad-4fe7-8245-9c92f794f831_dna_r10.4.1_e8.2_400bps_sup@v5.2.0	DS:Z:gpu:NVIDIA GeForce RTX 4070 SUPER	PU:Z:FBG39641	DT:Z:2026-07-15T14:17:26.508000+00:00	tm:Z:none rc
2463	9d6684c2-0807-425d-b714-32157a4c499d	qs:f:15.4538	ch:i:275	st:Z:2026-07-16T00:14:14.785000+00:00	RG:Z:a40d6b40-d3ad-4fe7-8245-9c92f794f831_dna_r10.4.1_e8.2_400bps_sup@v5.2.0	DS:Z:gpu:NVIDIA GeForce RTX 4070 SUPER	PU:Z:FBG39641	DT:Z:2026-07-15T14:17:26.508000+00:00	tm:Z:adapter,primer rc
2503	9cc5149b-fe07-4cb8-901e-0331d9d91432	qs:f:15.0091	ch:i:157	st:Z:2026-07-15T20:32:33.499000+00:00	RG:Z:a40d6b40-d3ad-4fe7-8245-9c92f794f831_dna_r10.4.1_e8.2_400bps_sup@v5.2.0	DS:Z:gpu:NVIDIA GeForce RTX 4070 SUPER	PU:Z:FBG39641	DT:Z:2026-07-15T14:17:26.508000+00:00	tm:Z:none rc
2510	35ec2c80-a721-4eff-a640-c30bd7b35229	qs:f:11.1247	ch:i:269	st:Z:2026-07-16T01:32:12.258000+00:00	RG:Z:a40d6b40-d3ad-4fe7-8245-9c92f794f831_dna_r10.4.1_e8.2_400bps_sup@v5.2.0	DS:Z:gpu:NVIDIA GeForce RTX 4070 SUPER	PU:Z:FBG39641	DT:Z:2026-07-15T14:17:26.508000+00:00	tm:Z:none
2561	fa3069ed-9e4f-4a7e-b9e7-243b83cacda5	qs:f:15.6858	ch:i:220	st:Z:2026-07-15T19:25:56.121000+00:00	RG:Z:a40d6b40-d3ad-4fe7-8245-9c92f794f831_dna_r10.4.1_e8.2_400bps_sup@v5.2.0	DS:Z:gpu:NVIDIA GeForce RTX 4070 SUPER	PU:Z:FBG39641	DT:Z:2026-07-15T14:17:26.508000+00:00	tm:Z:adapter,primer rc
2592	f639c1d0-e81d-4352-bdf7-adb372b98003	qs:f:16.348	ch:i:434	st:Z:2026-07-15T19:30:34.482000+00:00	RG:Z:a40d6b40-d3ad-4fe7-8245-9c92f794f831_dna_r10.4.1_e8.2_400bps_sup@v5.2.0	DS:Z:gpu:NVIDIA GeForce RTX 4070 SUPER	PU:Z:FBG39641	DT:Z:2026-07-15T14:17:26.508000+00:00	tm:Z:adapter,primer
2725	dee1453f-64ef-4e68-9f9a-6f30ee394d25	qs:f:11.5341	ch:i:46	st:Z:2026-07-16T00:11:53.320000+00:00	RG:Z:a40d6b40-d3ad-4fe7-8245-9c92f794f831_dna_r10.4.1_e8.2_400bps_sup@v5.2.0	DS:Z:gpu:NVIDIA GeForce RTX 4070 SUPER	PU:Z:FBG39641	DT:Z:2026-07-15T14:17:26.508000+00:00	tm:Z:adapter,primer rc
2752	0d3fa44f-c08c-477c-a26a-02c9bfaba700	qs:f:12.3029	ch:i:86	st:Z:2026-07-16T01:00:30.648000+00:00	RG:Z:a40d6b40-d3ad-4fe7-8245-9c92f794f831_dna_r10.4.1_e8.2_400bps_sup@v5.2.0	DS:Z:gpu:NVIDIA GeForce RTX 4070 SUPER	PU:Z:FBG39641	DT:Z:2026-07-15T14:17:26.508000+00:00	tm:Z:adapter,primer rc
2790	3e961481-0a82-431d-b3ca-fc2117921743	qs:f:14.322	ch:i:224	st:Z:2026-07-15T18:17:24.025000+00:00	RG:Z:a40d6b40-d3ad-4fe7-8245-9c92f794f831_dna_r10.4.1_e8.2_400bps_sup@v5.2.0	DS:Z:gpu:NVIDIA GeForce RTX 4070 SUPER	PU:Z:FBG39641	DT:Z:2026-07-15T14:17:26.508000+00:00	tm:Z:adapter,primer
2803	bbd63275-1a01-4a54-b116-bd3b10ab141e	qs:f:12.6638	ch:i:112	st:Z:2026-07-15T15:26:10.260000+00:00	RG:Z:a40d6b40-d3ad-4fe7-8245-9c92f794f831_dna_r10.4.1_e8.2_400bps_sup@v5.2.0	DS:Z:gpu:NVIDIA GeForce RTX 4070 SUPER	PU:Z:FBG39641	DT:Z:2026-07-15T14:17:26.508000+00:00	tm:Z:none
2846	2326dbc1-1ee6-449e-869d-fac52d49f58a	qs:f:14.2591	ch:i:222	st:Z:2026-07-15T18:56:04.882000+00:00	RG:Z:a40d6b40-d3ad-4fe7-8245-9c92f794f831_dna_r10.4.1_e8.2_400bps_sup@v5.2.0	DS:Z:gpu:NVIDIA GeForce RTX 4070 SUPER	PU:Z:FBG39641	DT:Z:2026-07-15T14:17:26.508000+00:00	tm:Z:none rc
2859	9ecc5405-2a5d-4ae2-b170-4d7b8b357241	qs:f:14.0579	ch:i:31	st:Z:2026-07-15T14:58:16.322000+00:00	RG:Z:a40d6b40-d3ad-4fe7-8245-9c92f794f831_dna_r10.4.1_e8.2_400bps_sup@v5.2.0	DS:Z:gpu:NVIDIA GeForce RTX 4070 SUPER	PU:Z:FBG39641	DT:Z:2026-07-15T14:17:26.508000+00:00	tm:Z:none
2872	839fabc1-2957-4b82-8c9b-b0b33323ee6b	qs:f:21.6191	ch:i:17	st:Z:2026-07-15T20:37:31.779000+00:00	RG:Z:a40d6b40-d3ad-4fe7-8245-9c92f794f831_dna_r10.4.1_e8.2_400bps_sup@v5.2.0	DS:Z:gpu:NVIDIA GeForce RTX 4070 SUPER	PU:Z:FBG39641	DT:Z:2026-07-15T14:17:26.508000+00:00	tm:Z:none rc
2923	9301e27d-6389-452e-9504-4754952e67b0	qs:f:13.4765	ch:i:132	st:Z:2026-07-15T18:11:55.770000+00:00	RG:Z:a40d6b40-d3ad-4fe7-8245-9c92f794f831_dna_r10.4.1_e8.2_400bps_sup@v5.2.0	DS:Z:gpu:NVIDIA GeForce RTX 4070 SUPER	PU:Z:FBG39641	DT:Z:2026-07-15T14:17:26.508000+00:00	tm:Z:adapter,primer rc
2939	1b7e60c1-e5e6-49b2-ba4d-42659d109664	qs:f:14.6945	ch:i:56	st:Z:2026-07-15T18:27:37.559000+00:00	RG:Z:a40d6b40-d3ad-4fe7-8245-9c92f794f831_dna_r10.4.1_e8.2_400bps_sup@v5.2.0	DS:Z:gpu:NVIDIA GeForce RTX 4070 SUPER	PU:Z:FBG39641	DT:Z:2026-07-15T14:17:26.508000+00:00	tm:Z:adapter,primer rc
3015	0dfd17d7-90f4-4fbd-9ca1-85efb989d8c9	qs:f:14.5186	ch:i:413	st:Z:2026-07-15T16:48:54.964000+00:00	RG:Z:a40d6b40-d3ad-4fe7-8245-9c92f794f831_dna_r10.4.1_e8.2_400bps_sup@v5.2.0	DS:Z:gpu:NVIDIA GeForce RTX 4070 SUPER	PU:Z:FBG39641	DT:Z:2026-07-15T14:17:26.508000+00:00	tm:Z:none
3088	0d625f23-2f35-492d-8825-0f2cb668aace	qs:f:12.1558	ch:i:93	st:Z:2026-07-15T16:59:21.704000+00:00	RG:Z:a40d6b40-d3ad-4fe7-8245-9c92f794f831_dna_r10.4.1_e8.2_400bps_sup@v5.2.0	DS:Z:gpu:NVIDIA GeForce RTX 4070 SUPER	PU:Z:FBG39641	DT:Z:2026-07-15T14:17:26.508000+00:00	tm:Z:adapter,primer
3157	65354444-94fa-4e6d-92bc-1ef103f32744	qs:f:13.1406	ch:i:389	st:Z:2026-07-15T20:29:58.779000+00:00	RG:Z:a40d6b40-d3ad-4fe7-8245-9c92f794f831_dna_r10.4.1_e8.2_400bps_sup@v5.2.0	DS:Z:gpu:NVIDIA GeForce RTX 4070 SUPER	PU:Z:FBG39641	DT:Z:2026-07-15T14:17:26.508000+00:00	tm:Z:adapter,primer
3306	2b0889ca-3388-4752-9001-4a3713efd9bb	qs:f:12.1275	ch:i:181	st:Z:2026-07-15T15:04:48.767000+00:00	RG:Z:a40d6b40-d3ad-4fe7-8245-9c92f794f831_dna_r10.4.1_e8.2_400bps_sup@v5.2.0	DS:Z:gpu:NVIDIA GeForce RTX 4070 SUPER	PU:Z:FBG39641	DT:Z:2026-07-15T14:17:26.508000+00:00	tm:Z:none rc
3433	b14c0569-e5ad-4e6e-b8d2-5db1bd500cd0	qs:f:12.9758	ch:i:181	st:Z:2026-07-15T14:43:42.349000+00:00	RG:Z:a40d6b40-d3ad-4fe7-8245-9c92f794f831_dna_r10.4.1_e8.2_400bps_sup@v5.2.0	DS:Z:gpu:NVIDIA GeForce RTX 4070 SUPER	PU:Z:FBG39641	DT:Z:2026-07-15T14:17:26.508000+00:00	tm:Z:adapter,primer
3497	e811a7bd-6481-4e16-be8b-b321fb2cdee6	qs:f:13.5054	ch:i:280	st:Z:2026-07-15T16:14:08.813000+00:00	RG:Z:a40d6b40-d3ad-4fe7-8245-9c92f794f831_dna_r10.4.1_e8.2_400bps_sup@v5.2.0	DS:Z:gpu:NVIDIA GeForce RTX 4070 SUPER	PU:Z:FBG39641	DT:Z:2026-07-15T14:17:26.508000+00:00	tm:Z:none rc
3517	ab557e43-af20-43b6-838f-358519f80210	qs:f:11.5229	ch:i:392	st:Z:2026-07-15T21:23:47.438000+00:00	RG:Z:a40d6b40-d3ad-4fe7-8245-9c92f794f831_dna_r10.4.1_e8.2_400bps_sup@v5.2.0	DS:Z:gpu:NVIDIA GeForce RTX 4070 SUPER	PU:Z:FBG39641	DT:Z:2026-07-15T14:17:26.508000+00:00	tm:Z:adapter,primer
3543	d36bbcee-53bf-4958-98e4-6ff553c9095d	qs:f:11.4388	ch:i:31	st:Z:2026-07-15T19:07:24.126000+00:00	RG:Z:a40d6b40-d3ad-4fe7-8245-9c92f794f831_dna_r10.4.1_e8.2_400bps_sup@v5.2.0	DS:Z:gpu:NVIDIA GeForce RTX 4070 SUPER	PU:Z:FBG39641	DT:Z:2026-07-15T14:17:26.508000+00:00	tm:Z:adapter,primer rc
3594	b0b320f9-7679-43e4-94cb-9e4c0d25004e	qs:f:18.2498	ch:i:346	st:Z:2026-07-15T19:02:33.725000+00:00	RG:Z:a40d6b40-d3ad-4fe7-8245-9c92f794f831_dna_r10.4.1_e8.2_400bps_sup@v5.2.0	DS:Z:gpu:NVIDIA GeForce RTX 4070 SUPER	PU:Z:FBG39641	DT:Z:2026-07-15T14:17:26.508000+00:00	tm:Z:adapter,primer
3643	7ceb3f5a-2ba0-40ef-9ac7-e2a7bc646b3d	qs:f:14.8743	ch:i:316	st:Z:2026-07-16T01:58:07.237000+00:00	RG:Z:a40d6b40-d3ad-4fe7-8245-9c92f794f831_dna_r10.4.1_e8.2_400bps_sup@v5.2.0	DS:Z:gpu:NVIDIA GeForce RTX 4070 SUPER	PU:Z:FBG39641	DT:Z:2026-07-15T14:17:26.508000+00:00	tm:Z:none rc
3647	4266f3cc-204c-4b8c-a9dc-da715686a3cc	qs:f:12.7502	ch:i:398	st:Z:2026-07-15T17:57:35.761000+00:00	RG:Z:a40d6b40-d3ad-4fe7-8245-9c92f794f831_dna_r10.4.1_e8.2_400bps_sup@v5.2.0	DS:Z:gpu:NVIDIA GeForce RTX 4070 SUPER	PU:Z:FBG39641	DT:Z:2026-07-15T14:17:26.508000+00:00	tm:Z:adapter,primer
3744	e40439f1-570d-4950-9766-757434bfb56a	qs:f:13.7548	ch:i:318	st:Z:2026-07-15T17:51:19.609000+00:00	RG:Z:a40d6b40-d3ad-4fe7-8245-9c92f794f831_dna_r10.4.1_e8.2_400bps_sup@v5.2.0	DS:Z:gpu:NVIDIA GeForce RTX 4070 SUPER	PU:Z:FBG39641	DT:Z:2026-07-15T14:17:26.508000+00:00	tm:Z:adapter,primer rc
3769	5282ae23-63ed-4135-adcb-997aa03d063a	qs:f:17.7126	ch:i:112	st:Z:2026-07-15T19:36:27.502000+00:00	RG:Z:a40d6b40-d3ad-4fe7-8245-9c92f794f831_dna_r10.4.1_e8.2_400bps_sup@v5.2.0	DS:Z:gpu:NVIDIA GeForce RTX 4070 SUPER	PU:Z:FBG39641	DT:Z:2026-07-15T14:17:26.508000+00:00	tm:Z:none rc
3773	c1d04df2-bdf6-47c2-b888-347caffbc355	qs:f:12.6234	ch:i:394	st:Z:2026-07-15T17:25:20.781000+00:00	RG:Z:a40d6b40-d3ad-4fe7-8245-9c92f794f831_dna_r10.4.1_e8.2_400bps_sup@v5.2.0	DS:Z:gpu:NVIDIA GeForce RTX 4070 SUPER	PU:Z:FBG39641	DT:Z:2026-07-15T14:17:26.508000+00:00	tm:Z:adapter,primer
3780	e9219bea-869e-4c6a-aa0a-6d6733a6e789	qs:f:12.2234	ch:i:222	st:Z:2026-07-15T19:41:54.599000+00:00	RG:Z:a40d6b40-d3ad-4fe7-8245-9c92f794f831_dna_r10.4.1_e8.2_400bps_sup@v5.2.0	DS:Z:gpu:NVIDIA GeForce RTX 4070 SUPER	PU:Z:FBG39641	DT:Z:2026-07-15T14:17:26.508000+00:00	tm:Z:adapter,primer
3826	138b50ef-0733-41a9-adf3-6c8402d90eb2	qs:f:13.3127	ch:i:328	st:Z:2026-07-15T17:17:56.447000+00:00	RG:Z:a40d6b40-d3ad-4fe7-8245-9c92f794f831_dna_r10.4.1_e8.2_400bps_sup@v5.2.0	DS:Z:gpu:NVIDIA GeForce RTX 4070 SUPER	PU:Z:FBG39641	DT:Z:2026-07-15T14:17:26.508000+00:00	tm:Z:adapter,primer
3847	79f3ee04-6626-4c1d-a60c-43144a3d8c90	qs:f:12.855	ch:i:85	st:Z:2026-07-15T22:20:16.261000+00:00	RG:Z:a40d6b40-d3ad-4fe7-8245-9c92f794f831_dna_r10.4.1_e8.2_400bps_sup@v5.2.0	DS:Z:gpu:NVIDIA GeForce RTX 4070 SUPER	PU:Z:FBG39641	DT:Z:2026-07-15T14:17:26.508000+00:00	tm:Z:adapter,primer
3853	189c2ab2-fb6d-4bf0-b456-d41f7ce20b17	qs:f:13.7685	ch:i:407	st:Z:2026-07-15T23:28:07.117000+00:00	RG:Z:a40d6b40-d3ad-4fe7-8245-9c92f794f831_dna_r10.4.1_e8.2_400bps_sup@v5.2.0	DS:Z:gpu:NVIDIA GeForce RTX 4070 SUPER	PU:Z:FBG39641	DT:Z:2026-07-15T14:17:26.508000+00:00	tm:Z:none rc
3862	8bb592ff-b41e-4d0e-aff9-fd5300ea6a5b	qs:f:14.9859	ch:i:134	st:Z:2026-07-15T17:03:17.609000+00:00	RG:Z:a40d6b40-d3ad-4fe7-8245-9c92f794f831_dna_r10.4.1_e8.2_400bps_sup@v5.2.0	DS:Z:gpu:NVIDIA GeForce RTX 4070 SUPER	PU:Z:FBG39641	DT:Z:2026-07-15T14:17:26.508000+00:00	tm:Z:adapter,primer
3910	95ac59eb-7adc-43b0-b715-d6a53bd16c97	qs:f:10.4882	ch:i:72	st:Z:2026-07-15T18:00:22.371000+00:00	RG:Z:a40d6b40-d3ad-4fe7-8245-9c92f794f831_dna_r10.4.1_e8.2_400bps_sup@v5.2.0	DS:Z:gpu:NVIDIA GeForce RTX 4070 SUPER	PU:Z:FBG39641	DT:Z:2026-07-15T14:17:26.508000+00:00	tm:Z:adapter,primer rc
3931	401db256-c2cc-4a25-81db-93f8352b6696	qs:f:14.055	ch:i:56	st:Z:2026-07-15T15:13:09.015000+00:00	RG:Z:a40d6b40-d3ad-4fe7-8245-9c92f794f831_dna_r10.4.1_e8.2_400bps_sup@v5.2.0	DS:Z:gpu:NVIDIA GeForce RTX 4070 SUPER	PU:Z:FBG39641	DT:Z:2026-07-15T14:17:26.508000+00:00	tm:Z:none rc
3954	f4666076-60c3-4158-b0fa-69ba95e12ef5	qs:f:12.8221	ch:i:491	st:Z:2026-07-15T23:05:07.881000+00:00	RG:Z:a40d6b40-d3ad-4fe7-8245-9c92f794f831_dna_r10.4.1_e8.2_400bps_sup@v5.2.0	DS:Z:gpu:NVIDIA GeForce RTX 4070 SUPER	PU:Z:FBG39641	DT:Z:2026-07-15T14:17:26.508000+00:00	tm:Z:none
3960	c267638d-6af3-476b-ab57-05433b0572f0	qs:f:14.3269	ch:i:351	st:Z:2026-07-15T20:30:14.196000+00:00	RG:Z:a40d6b40-d3ad-4fe7-8245-9c92f794f831_dna_r10.4.1_e8.2_400bps_sup@v5.2.0	DS:Z:gpu:NVIDIA GeForce RTX 4070 SUPER	PU:Z:FBG39641	DT:Z:2026-07-15T14:17:26.508000+00:00	tm:Z:none rc
4020	cf558ad2-f5b8-4ec4-91d1-09d6e245064d	qs:f:11.0044	ch:i:510	st:Z:2026-07-15T16:39:56.176000+00:00	RG:Z:a40d6b40-d3ad-4fe7-8245-9c92f794f831_dna_r10.4.1_e8.2_400bps_sup@v5.2.0	DS:Z:gpu:NVIDIA GeForce RTX 4070 SUPER	PU:Z:FBG39641	DT:Z:2026-07-15T14:17:26.508000+00:00	tm:Z:adapter,primer rc
4061	b283720f-1249-4843-828e-ca146aab2046	qs:f:10.5955	ch:i:381	st:Z:2026-07-15T22:42:43.955000+00:00	RG:Z:a40d6b40-d3ad-4fe7-8245-9c92f794f831_dna_r10.4.1_e8.2_400bps_sup@v5.2.0	DS:Z:gpu:NVIDIA GeForce RTX 4070 SUPER	PU:Z:FBG39641	DT:Z:2026-07-15T14:17:26.508000+00:00	tm:Z:adapter,primer
4108	c698c48d-3d8f-4af9-a2af-a96dceb0bfc6	qs:f:14.1141	ch:i:331	st:Z:2026-07-15T21:07:46.697000+00:00	RG:Z:a40d6b40-d3ad-4fe7-8245-9c92f794f831_dna_r10.4.1_e8.2_400bps_sup@v5.2.0	DS:Z:gpu:NVIDIA GeForce RTX 4070 SUPER	PU:Z:FBG39641	DT:Z:2026-07-15T14:17:26.508000+00:00	tm:Z:adapter,primer
4160	33785196-0c8d-416c-b826-b594438c5ee9	qs:f:15.3318	ch:i:466	st:Z:2026-07-16T00:35:58.124000+00:00	RG:Z:a40d6b40-d3ad-4fe7-8245-9c92f794f831_dna_r10.4.1_e8.2_400bps_sup@v5.2.0	DS:Z:gpu:NVIDIA GeForce RTX 4070 SUPER	PU:Z:FBG39641	DT:Z:2026-07-15T14:17:26.508000+00:00	tm:Z:adapter,primer rc
4162	19d1a893-8d51-4c92-9aca-6ae2d7392543	qs:f:11.0637	ch:i:15	st:Z:2026-07-15T16:46:58.026000+00:00	RG:Z:a40d6b40-d3ad-4fe7-8245-9c92f794f831_dna_r10.4.1_e8.2_400bps_sup@v5.2.0	DS:Z:gpu:NVIDIA GeForce RTX 4070 SUPER	PU:Z:FBG39641	DT:Z:2026-07-15T14:17:26.508000+00:00	tm:Z:none rc
4194	0bf67b60-e8e4-4aa7-99f5-f44563be9c93	qs:f:13.6063	ch:i:221	st:Z:2026-07-15T17:04:58.992000+00:00	RG:Z:a40d6b40-d3ad-4fe7-8245-9c92f794f831_dna_r10.4.1_e8.2_400bps_sup@v5.2.0	DS:Z:gpu:NVIDIA GeForce RTX 4070 SUPER	PU:Z:FBG39641	DT:Z:2026-07-15T14:17:26.508000+00:00	tm:Z:adapter,primer rc
4252	7d4ce3a6-3366-4935-b57f-108aa8c88559	qs:f:12.6161	ch:i:123	st:Z:2026-07-16T01:30:55.308000+00:00	RG:Z:a40d6b40-d3ad-4fe7-8245-9c92f794f831_dna_r10.4.1_e8.2_400bps_sup@v5.2.0	DS:Z:gpu:NVIDIA GeForce RTX 4070 SUPER	PU:Z:FBG39641	DT:Z:2026-07-15T14:17:26.508000+00:00	tm:Z:none
4338	a80c17f2-5d1a-4287-8400-be84e80c7749	qs:f:13.3552	ch:i:416	st:Z:2026-07-15T14:44:42.718000+00:00	RG:Z:a40d6b40-d3ad-4fe7-8245-9c92f794f831_dna_r10.4.1_e8.2_400bps_sup@v5.2.0	DS:Z:gpu:NVIDIA GeForce RTX 4070 SUPER	PU:Z:FBG39641	DT:Z:2026-07-15T14:17:26.508000+00:00	tm:Z:adapter,primer
4374	e6c9616e-3059-4490-8f99-d2e86cdc8956	qs:f:14.2012	ch:i:95	st:Z:2026-07-15T14:52:44.637000+00:00	RG:Z:a40d6b40-d3ad-4fe7-8245-9c92f794f831_dna_r10.4.1_e8.2_400bps_sup@v5.2.0	DS:Z:gpu:NVIDIA GeForce RTX 4070 SUPER	PU:Z:FBG39641	DT:Z:2026-07-15T14:17:26.508000+00:00	tm:Z:adapter,primer rc
4375	83cfccd9-ef88-4fd9-9dae-399b45c8ebde	qs:f:11.7019	ch:i:357	st:Z:2026-07-15T23:28:33.626000+00:00	RG:Z:a40d6b40-d3ad-4fe7-8245-9c92f794f831_dna_r10.4.1_e8.2_400bps_sup@v5.2.0	DS:Z:gpu:NVIDIA GeForce RTX 4070 SUPER	PU:Z:FBG39641	DT:Z:2026-07-15T14:17:26.508000+00:00	tm:Z:none rc
4505	be7671a9-17c1-4778-a2b7-ac9dd453b2ac	qs:f:11.8597	ch:i:404	st:Z:2026-07-15T23:25:45.566000+00:00	RG:Z:a40d6b40-d3ad-4fe7-8245-9c92f794f831_dna_r10.4.1_e8.2_400bps_sup@v5.2.0	DS:Z:gpu:NVIDIA GeForce RTX 4070 SUPER	PU:Z:FBG39641	DT:Z:2026-07-15T14:17:26.508000+00:00	tm:Z:adapter,primer rc
4525	d2ccfa6d-c44c-4316-b54b-d3a8b62db228	qs:f:11.5661	ch:i:224	st:Z:2026-07-15T18:08:53.093000+00:00	RG:Z:a40d6b40-d3ad-4fe7-8245-9c92f794f831_dna_r10.4.1_e8.2_400bps_sup@v5.2.0	DS:Z:gpu:NVIDIA GeForce RTX 4070 SUPER	PU:Z:FBG39641	DT:Z:2026-07-15T14:17:26.508000+00:00	tm:Z:adapter,primer rc
4636	a4817b7c-4446-4f68-bbe2-179744d14e97	qs:f:15.0241	ch:i:168	st:Z:2026-07-15T16:44:42.070000+00:00	RG:Z:a40d6b40-d3ad-4fe7-8245-9c92f794f831_dna_r10.4.1_e8.2_400bps_sup@v5.2.0	DS:Z:gpu:NVIDIA GeForce RTX 4070 SUPER	PU:Z:FBG39641	DT:Z:2026-07-15T14:17:26.508000+00:00	tm:Z:adapter,primer
4659	eaa50b6c-13f9-47b8-9105-eddb439384ab	qs:f:17.2608	ch:i:79	st:Z:2026-07-15T15:37:29.289000+00:00	RG:Z:a40d6b40-d3ad-4fe7-8245-9c92f794f831_dna_r10.4.1_e8.2_400bps_sup@v5.2.0	DS:Z:gpu:NVIDIA GeForce RTX 4070 SUPER	PU:Z:FBG39641	DT:Z:2026-07-15T14:17:26.508000+00:00	tm:Z:none rc
4661	a01d96c7-9cf3-482d-a871-14646e902f72	qs:f:12.5379	ch:i:75	st:Z:2026-07-16T01:17:01.996000+00:00	RG:Z:a40d6b40-d3ad-4fe7-8245-9c92f794f831_dna_r10.4.1_e8.2_400bps_sup@v5.2.0	DS:Z:gpu:NVIDIA GeForce RTX 4070 SUPER	PU:Z:FBG39641	DT:Z:2026-07-15T14:17:26.508000+00:00	tm:Z:none
4672	6958851f-f21f-4d4f-9e5c-7f3bf864eeac	qs:f:22.6077	ch:i:206	st:Z:2026-07-15T14:42:39.083000+00:00	RG:Z:a40d6b40-d3ad-4fe7-8245-9c92f794f831_dna_r10.4.1_e8.2_400bps_sup@v5.2.0	DS:Z:gpu:NVIDIA GeForce RTX 4070 SUPER	PU:Z:FBG39641	DT:Z:2026-07-15T14:17:26.508000+00:00	tm:Z:adapter,primer rc
4678	10afc8ac-207b-4271-8d10-7387d34672bd	qs:f:10.525	ch:i:427	st:Z:2026-07-15T19:29:08.334000+00:00	RG:Z:a40d6b40-d3ad-4fe7-8245-9c92f794f831_dna_r10.4.1_e8.2_400bps_sup@v5.2.0	DS:Z:gpu:NVIDIA GeForce RTX 4070 SUPER	PU:Z:FBG39641	DT:Z:2026-07-15T14:17:26.508000+00:00	tm:Z:adapter,primer rc
4788	6bedcfc9-2b82-4d2a-8129-bcac131a0bd3	qs:f:10.7847	ch:i:68	st:Z:2026-07-15T19:31:40.585000+00:00	RG:Z:a40d6b40-d3ad-4fe7-8245-9c92f794f831_dna_r10.4.1_e8.2_400bps_sup@v5.2.0	DS:Z:gpu:NVIDIA GeForce RTX 4070 SUPER	PU:Z:FBG39641	DT:Z:2026-07-15T14:17:26.508000+00:00	tm:Z:adapter,primer rc
4827	5e11ead6-2f00-44bb-9479-b530572467b9	qs:f:16.3051	ch:i:329	st:Z:2026-07-15T20:30:06.190000+00:00	RG:Z:a40d6b40-d3ad-4fe7-8245-9c92f794f831_dna_r10.4.1_e8.2_400bps_sup@v5.2.0	DS:Z:gpu:NVIDIA GeForce RTX 4070 SUPER	PU:Z:FBG39641	DT:Z:2026-07-15T14:17:26.508000+00:00	tm:Z:none
4844	1e1f7446-dec7-4250-8dc4-ec72171630c4	qs:f:13.286	ch:i:312	st:Z:2026-07-15T19:57:59.176000+00:00	RG:Z:a40d6b40-d3ad-4fe7-8245-9c92f794f831_dna_r10.4.1_e8.2_400bps_sup@v5.2.0	DS:Z:gpu:NVIDIA GeForce RTX 4070 SUPER	PU:Z:FBG39641	DT:Z:2026-07-15T14:17:26.508000+00:00	tm:Z:adapter,primer
4880	af986555-b5a5-40fd-838b-51b218100292	qs:f:13.2658	ch:i:196	st:Z:2026-07-15T16:04:45.861000+00:00	RG:Z:a40d6b40-d3ad-4fe7-8245-9c92f794f831_dna_r10.4.1_e8.2_400bps_sup@v5.2.0	DS:Z:gpu:NVIDIA GeForce RTX 4070 SUPER	PU:Z:FBG39641	DT:Z:2026-07-15T14:17:26.508000+00:00	tm:Z:adapter,primer rc
4945	8c1beb99-f3e0-4730-9fc2-ff0f8b84bb6a	qs:f:11.6761	ch:i:275	st:Z:2026-07-16T00:35:43.432000+00:00	RG:Z:a40d6b40-d3ad-4fe7-8245-9c92f794f831_dna_r10.4.1_e8.2_400bps_sup@v5.2.0	DS:Z:gpu:NVIDIA GeForce RTX 4070 SUPER	PU:Z:FBG39641	DT:Z:2026-07-15T14:17:26.508000+00:00	tm:Z:adapter,primer
5048	6a2f3722-140e-4967-a068-c544259b445f	qs:f:11.7811	ch:i:306	st:Z:2026-07-16T02:07:43.883000+00:00	RG:Z:a40d6b40-d3ad-4fe7-8245-9c92f794f831_dna_r10.4.1_e8.2_400bps_sup@v5.2.0	DS:Z:gpu:NVIDIA GeForce RTX 4070 SUPER	PU:Z:FBG39641	DT:Z:2026-07-15T14:17:26.508000+00:00	tm:Z:none
5051	f0f1888c-8c73-450c-8d69-5618e09dca24	qs:f:14.1098	ch:i:195	st:Z:2026-07-16T00:11:53.637000+00:00	RG:Z:a40d6b40-d3ad-4fe7-8245-9c92f794f831_dna_r10.4.1_e8.2_400bps_sup@v5.2.0	DS:Z:gpu:NVIDIA GeForce RTX 4070 SUPER	PU:Z:FBG39641	DT:Z:2026-07-15T14:17:26.508000+00:00	tm:Z:none rc
5181	b161cdf4-cf9e-46eb-af2e-4174397a6b3b	qs:f:11.6077	ch:i:394	st:Z:2026-07-15T15:54:05.254000+00:00	RG:Z:a40d6b40-d3ad-4fe7-8245-9c92f794f831_dna_r10.4.1_e8.2_400bps_sup@v5.2.0	DS:Z:gpu:NVIDIA GeForce RTX 4070 SUPER	PU:Z:FBG39641	DT:Z:2026-07-15T14:17:26.508000+00:00	tm:Z:adapter,primer
5223	dd9de8cf-dd1e-4001-8349-a8baba7da13f	qs:f:12.828	ch:i:191	st:Z:2026-07-15T21:02:30.014000+00:00	RG:Z:a40d6b40-d3ad-4fe7-8245-9c92f794f831_dna_r10.4.1_e8.2_400bps_sup@v5.2.0	DS:Z:gpu:NVIDIA GeForce RTX 4070 SUPER	PU:Z:FBG39641	DT:Z:2026-07-15T14:17:26.508000+00:00	tm:Z:none rc
5230	ca40b7d6-118a-4232-9c1d-057e1c25aaa0	qs:f:11.6744	ch:i:452	st:Z:2026-07-15T20:21:20.883000+00:00	RG:Z:a40d6b40-d3ad-4fe7-8245-9c92f794f831_dna_r10.4.1_e8.2_400bps_sup@v5.2.0	DS:Z:gpu:NVIDIA GeForce RTX 4070 SUPER	PU:Z:FBG39641	DT:Z:2026-07-15T14:17:26.508000+00:00	tm:Z:adapter,primer
5250	6c33fd15-a0e8-4b35-97b3-fbf6c48d8d23	qs:f:11.8561	ch:i:82	st:Z:2026-07-15T15:20:41.475000+00:00	RG:Z:a40d6b40-d3ad-4fe7-8245-9c92f794f831_dna_r10.4.1_e8.2_400bps_sup@v5.2.0	DS:Z:gpu:NVIDIA GeForce RTX 4070 SUPER	PU:Z:FBG39641	DT:Z:2026-07-15T14:17:26.508000+00:00	tm:Z:adapter,primer rc
5252	10008ad8-e576-4c31-aee6-d9a0e4b50254	qs:f:11.4883	ch:i:359	st:Z:2026-07-16T01:55:29.460000+00:00	RG:Z:a40d6b40-d3ad-4fe7-8245-9c92f794f831_dna_r10.4.1_e8.2_400bps_sup@v5.2.0	DS:Z:gpu:NVIDIA GeForce RTX 4070 SUPER	PU:Z:FBG39641	DT:Z:2026-07-15T14:17:26.508000+00:00	tm:Z:none
5253	cf05ce78-8613-493b-8454-fe45716693d3	qs:f:16.04	ch:i:95	st:Z:2026-07-15T14:27:09.969000+00:00	RG:Z:a40d6b40-d3ad-4fe7-8245-9c92f794f831_dna_r10.4.1_e8.2_400bps_sup@v5.2.0	DS:Z:gpu:NVIDIA GeForce RTX 4070 SUPER	PU:Z:FBG39641	DT:Z:2026-07-15T14:17:26.508000+00:00	tm:Z:none
5264	1e2b1e90-3d45-40f5-bc13-728f9ebd281e	qs:f:13.8635	ch:i:291	st:Z:2026-07-15T18:36:12.666000+00:00	RG:Z:a40d6b40-d3ad-4fe7-8245-9c92f794f831_dna_r10.4.1_e8.2_400bps_sup@v5.2.0	DS:Z:gpu:NVIDIA GeForce RTX 4070 SUPER	PU:Z:FBG39641	DT:Z:2026-07-15T14:17:26.508000+00:00	tm:Z:adapter,primer rc
5272	cb3007a6-60c1-46dd-8fa1-0244e8472bb2	qs:f:11.9844	ch:i:436	st:Z:2026-07-15T23:36:23.579000+00:00	RG:Z:a40d6b40-d3ad-4fe7-8245-9c92f794f831_dna_r10.4.1_e8.2_400bps_sup@v5.2.0	DS:Z:gpu:NVIDIA GeForce RTX 4070 SUPER	PU:Z:FBG39641	DT:Z:2026-07-15T14:17:26.508000+00:00	tm:Z:adapter,primer rc
5294	c91134c6-3445-4790-a197-1cb07c0be68b	qs:f:14.7903	ch:i:449	st:Z:2026-07-15T18:30:02.532000+00:00	RG:Z:a40d6b40-d3ad-4fe7-8245-9c92f794f831_dna_r10.4.1_e8.2_400bps_sup@v5.2.0	DS:Z:gpu:NVIDIA GeForce RTX 4070 SUPER	PU:Z:FBG39641	DT:Z:2026-07-15T14:17:26.508000+00:00	tm:Z:adapter,primer
5374	367722e4-9ce3-45d2-b9e0-1fa098d119ce	qs:f:13.8636	ch:i:452	st:Z:2026-07-15T19:50:38.430000+00:00	RG:Z:a40d6b40-d3ad-4fe7-8245-9c92f794f831_dna_r10.4.1_e8.2_400bps_sup@v5.2.0	DS:Z:gpu:NVIDIA GeForce RTX 4070 SUPER	PU:Z:FBG39641	DT:Z:2026-07-15T14:17:26.508000+00:00	tm:Z:adapter,primer rc
5379	1a5ac2c6-f62b-44f3-bcd7-5f427c143518	qs:f:12.8843	ch:i:71	st:Z:2026-07-15T18:15:16.972000+00:00	RG:Z:a40d6b40-d3ad-4fe7-8245-9c92f794f831_dna_r10.4.1_e8.2_400bps_sup@v5.2.0	DS:Z:gpu:NVIDIA GeForce RTX 4070 SUPER	PU:Z:FBG39641	DT:Z:2026-07-15T14:17:26.508000+00:00	tm:Z:adapter,primer rc
5396	6181f5a5-439a-40eb-b89f-51ee688e679b	qs:f:13.5541	ch:i:267	st:Z:2026-07-15T17:00:29.160000+00:00	RG:Z:a40d6b40-d3ad-4fe7-8245-9c92f794f831_dna_r10.4.1_e8.2_400bps_sup@v5.2.0	DS:Z:gpu:NVIDIA GeForce RTX 4070 SUPER	PU:Z:FBG39641	DT:Z:2026-07-15T14:17:26.508000+00:00	tm:Z:adapter,primer rc
5406	4a7f8a57-3b43-4ffa-a295-e2835330ffe2	qs:f:23.1011	ch:i:72	st:Z:2026-07-15T23:47:48.113000+00:00	RG:Z:a40d6b40-d3ad-4fe7-8245-9c92f794f831_dna_r10.4.1_e8.2_400bps_sup@v5.2.0	DS:Z:gpu:NVIDIA GeForce RTX 4070 SUPER	PU:Z:FBG39641	DT:Z:2026-07-15T14:17:26.508000+00:00	tm:Z:none
5408	3f5b4c97-939c-42ea-93e8-8a47ff52369c	qs:f:11.2117	ch:i:477	st:Z:2026-07-15T21:19:56.929000+00:00	RG:Z:a40d6b40-d3ad-4fe7-8245-9c92f794f831_dna_r10.4.1_e8.2_400bps_sup@v5.2.0	DS:Z:gpu:NVIDIA GeForce RTX 4070 SUPER	PU:Z:FBG39641	DT:Z:2026-07-15T14:17:26.508000+00:00	tm:Z:adapter,primer rc
5423	84f883d6-8009-4e5d-bc94-2baf800aa9ee	qs:f:11.6786	ch:i:46	st:Z:2026-07-15T20:56:14.102000+00:00	RG:Z:a40d6b40-d3ad-4fe7-8245-9c92f794f831_dna_r10.4.1_e8.2_400bps_sup@v5.2.0	DS:Z:gpu:NVIDIA GeForce RTX 4070 SUPER	PU:Z:FBG39641	DT:Z:2026-07-15T14:17:26.508000+00:00	tm:Z:none
5441	b4c5d443-86c7-4994-a9d1-227473c8a978	qs:f:11.6146	ch:i:408	st:Z:2026-07-15T18:18:14.423000+00:00	RG:Z:a40d6b40-d3ad-4fe7-8245-9c92f794f831_dna_r10.4.1_e8.2_400bps_sup@v5.2.0	DS:Z:gpu:NVIDIA GeForce RTX 4070 SUPER	PU:Z:FBG39641	DT:Z:2026-07-15T14:17:26.508000+00:00	tm:Z:none
5466	349a41fa-8580-4959-ba44-10e601865c84	qs:f:14.808	ch:i:351	st:Z:2026-07-15T23:10:27.485000+00:00	RG:Z:a40d6b40-d3ad-4fe7-8245-9c92f794f831_dna_r10.4.1_e8.2_400bps_sup@v5.2.0	DS:Z:gpu:NVIDIA GeForce RTX 4070 SUPER	PU:Z:FBG39641	DT:Z:2026-07-15T14:17:26.508000+00:00	tm:Z:adapter,primer rc
5488	de5c65c9-6de8-4338-a766-8ba4b11a4f35	qs:f:12.8498	ch:i:336	st:Z:2026-07-15T20:24:35.359000+00:00	RG:Z:a40d6b40-d3ad-4fe7-8245-9c92f794f831_dna_r10.4.1_e8.2_400bps_sup@v5.2.0	DS:Z:gpu:NVIDIA GeForce RTX 4070 SUPER	PU:Z:FBG39641	DT:Z:2026-07-15T14:17:26.508000+00:00	tm:Z:none rc
5521	11a52567-4aaf-4210-9001-1a3f305c556b	qs:f:14.1	ch:i:221	st:Z:2026-07-15T19:46:30.601000+00:00	RG:Z:a40d6b40-d3ad-4fe7-8245-9c92f794f831_dna_r10.4.1_e8.2_400bps_sup@v5.2.0	DS:Z:gpu:NVIDIA GeForce RTX 4070 SUPER	PU:Z:FBG39641	DT:Z:2026-07-15T14:17:26.508000+00:00	tm:Z:adapter,primer rc
5550	be4ab187-6671-4a53-9edc-77e4930c636a	qs:f:11.8516	ch:i:201	st:Z:2026-07-16T01:06:27.953000+00:00	RG:Z:a40d6b40-d3ad-4fe7-8245-9c92f794f831_dna_r10.4.1_e8.2_400bps_sup@v5.2.0	DS:Z:gpu:NVIDIA GeForce RTX 4070 SUPER	PU:Z:FBG39641	DT:Z:2026-07-15T14:17:26.508000+00:00	tm:Z:none rc
5554	d222e242-1368-41a2-b4a6-8627817db7af	qs:f:13.6005	ch:i:364	st:Z:2026-07-15T18:16:16.019000+00:00	RG:Z:a40d6b40-d3ad-4fe7-8245-9c92f794f831_dna_r10.4.1_e8.2_400bps_sup@v5.2.0	DS:Z:gpu:NVIDIA GeForce RTX 4070 SUPER	PU:Z:FBG39641	DT:Z:2026-07-15T14:17:26.508000+00:00	tm:Z:adapter,primer rc
5577	eafae510-493a-42ad-af7c-1536a9678bbf	qs:f:12.188	ch:i:126	st:Z:2026-07-15T21:31:55.156000+00:00	RG:Z:a40d6b40-d3ad-4fe7-8245-9c92f794f831_dna_r10.4.1_e8.2_400bps_sup@v5.2.0	DS:Z:gpu:NVIDIA GeForce RTX 4070 SUPER	PU:Z:FBG39641	DT:Z:2026-07-15T14:17:26.508000+00:00	tm:Z:adapter,primer
5597	7b982291-aefe-4658-822e-15b7adb9a996	qs:f:11.4269	ch:i:341	st:Z:2026-07-15T18:14:29.610000+00:00	RG:Z:a40d6b40-d3ad-4fe7-8245-9c92f794f831_dna_r10.4.1_e8.2_400bps_sup@v5.2.0	DS:Z:gpu:NVIDIA GeForce RTX 4070 SUPER	PU:Z:FBG39641	DT:Z:2026-07-15T14:17:26.508000+00:00	tm:Z:adapter,primer
5619	fb6ba57d-cb1f-4277-b3e1-7bc12d6afe2c	qs:f:10.9709	ch:i:129	st:Z:2026-07-15T19:01:35.592000+00:00	RG:Z:a40d6b40-d3ad-4fe7-8245-9c92f794f831_dna_r10.4.1_e8.2_400bps_sup@v5.2.0	DS:Z:gpu:NVIDIA GeForce RTX 4070 SUPER	PU:Z:FBG39641	DT:Z:2026-07-15T14:17:26.508000+00:00	tm:Z:adapter,primer
5660	d41e8d8a-c689-4368-9f80-3ad88ef5647a	qs:f:11.9581	ch:i:241	st:Z:2026-07-15T21:41:59.666000+00:00	RG:Z:a40d6b40-d3ad-4fe7-8245-9c92f794f831_dna_r10.4.1_e8.2_400bps_sup@v5.2.0	DS:Z:gpu:NVIDIA GeForce RTX 4070 SUPER	PU:Z:FBG39641	DT:Z:2026-07-15T14:17:26.508000+00:00	tm:Z:none
5663	7dcb1c0a-cfa9-477e-9888-51520f3b2585	qs:f:12.1677	ch:i:220	st:Z:2026-07-15T21:22:38.509000+00:00	RG:Z:a40d6b40-d3ad-4fe7-8245-9c92f794f831_dna_r10.4.1_e8.2_400bps_sup@v5.2.0	DS:Z:gpu:NVIDIA GeForce RTX 4070 SUPER	PU:Z:FBG39641	DT:Z:2026-07-15T14:17:26.508000+00:00	tm:Z:adapter,primer
5664	609a7c88-2404-4f96-afca-a06b7165c355	qs:f:12.2744	ch:i:142	st:Z:2026-07-15T19:16:35.615000+00:00	RG:Z:a40d6b40-d3ad-4fe7-8245-9c92f794f831_dna_r10.4.1_e8.2_400bps_sup@v5.2.0	DS:Z:gpu:NVIDIA GeForce RTX 4070 SUPER	PU:Z:FBG39641	DT:Z:2026-07-15T14:17:26.508000+00:00	tm:Z:none
5763	8798d2e8-48dc-4f0f-822b-e8bef450e885	qs:f:13.2848	ch:i:220	st:Z:2026-07-15T21:22:47.035000+00:00	RG:Z:a40d6b40-d3ad-4fe7-8245-9c92f794f831_dna_r10.4.1_e8.2_400bps_sup@v5.2.0	DS:Z:gpu:NVIDIA GeForce RTX 4070 SUPER	PU:Z:FBG39641	DT:Z:2026-07-15T14:17:26.508000+00:00	tm:Z:adapter,primer rc
5780	ece9c457-d8bd-409d-9359-21c8761120df	qs:f:16.8211	ch:i:149	st:Z:2026-07-16T01:33:33.505000+00:00	RG:Z:a40d6b40-d3ad-4fe7-8245-9c92f794f831_dna_r10.4.1_e8.2_400bps_sup@v5.2.0	DS:Z:gpu:NVIDIA GeForce RTX 4070 SUPER	PU:Z:FBG39641	DT:Z:2026-07-15T14:17:26.508000+00:00	tm:Z:none rc
5799	e6364cb6-47d9-4e19-a66c-49bc087a23f2	qs:f:13.1936	ch:i:237	st:Z:2026-07-15T23:39:31.246000+00:00	RG:Z:a40d6b40-d3ad-4fe7-8245-9c92f794f831_dna_r10.4.1_e8.2_400bps_sup@v5.2.0	DS:Z:gpu:NVIDIA GeForce RTX 4070 SUPER	PU:Z:FBG39641	DT:Z:2026-07-15T14:17:26.508000+00:00	tm:Z:none rc
5855	46078fce-01f1-4599-b8b8-50c27c747ab1	qs:f:11.9579	ch:i:223	st:Z:2026-07-15T23:13:52.135000+00:00	RG:Z:a40d6b40-d3ad-4fe7-8245-9c92f794f831_dna_r10.4.1_e8.2_400bps_sup@v5.2.0	DS:Z:gpu:NVIDIA GeForce RTX 4070 SUPER	PU:Z:FBG39641	DT:Z:2026-07-15T14:17:26.508000+00:00	tm:Z:adapter,primer rc
5886	da8bf60c-57a0-4937-bd0c-e38689a12e46	qs:f:12.182	ch:i:416	st:Z:2026-07-16T01:59:48.819000+00:00	RG:Z:a40d6b40-d3ad-4fe7-8245-9c92f794f831_dna_r10.4.1_e8.2_400bps_sup@v5.2.0	DS:Z:gpu:NVIDIA GeForce RTX 4070 SUPER	PU:Z:FBG39641	DT:Z:2026-07-15T14:17:26.508000+00:00	tm:Z:none rc
5914	f0ffcc7b-007d-4b38-89fa-8d81eed04b8c	qs:f:12.464	ch:i:413	st:Z:2026-07-16T00:29:40.107000+00:00	RG:Z:a40d6b40-d3ad-4fe7-8245-9c92f794f831_dna_r10.4.1_e8.2_400bps_sup@v5.2.0	DS:Z:gpu:NVIDIA GeForce RTX 4070 SUPER	PU:Z:FBG39641	DT:Z:2026-07-15T14:17:26.508000+00:00	tm:Z:none rc
5959	ea4b5378-011e-43a6-8ad3-a26883e23ee2	qs:f:14.893	ch:i:268	st:Z:2026-07-16T00:18:06.641000+00:00	RG:Z:a40d6b40-d3ad-4fe7-8245-9c92f794f831_dna_r10.4.1_e8.2_400bps_sup@v5.2.0	DS:Z:gpu:NVIDIA GeForce RTX 4070 SUPER	PU:Z:FBG39641	DT:Z:2026-07-15T14:17:26.508000+00:00	tm:Z:adapter,primer rc
5997	06de4e4b-def1-41cc-9113-08dd3a7a3638	qs:f:11.7426	ch:i:42	st:Z:2026-07-15T16:07:03.896000+00:00	RG:Z:a40d6b40-d3ad-4fe7-8245-9c92f794f831_dna_r10.4.1_e8.2_400bps_sup@v5.2.0	DS:Z:gpu:NVIDIA GeForce RTX 4070 SUPER	PU:Z:FBG39641	DT:Z:2026-07-15T14:17:26.508000+00:00	tm:Z:adapter,primer rc
6107	4d6bbe20-40eb-45d4-9ad6-4d3769f05f7d	qs:f:12.4275	ch:i:202	st:Z:2026-07-15T23:25:36.301000+00:00	RG:Z:a40d6b40-d3ad-4fe7-8245-9c92f794f831_dna_r10.4.1_e8.2_400bps_sup@v5.2.0	DS:Z:gpu:NVIDIA GeForce RTX 4070 SUPER	PU:Z:FBG39641	DT:Z:2026-07-15T14:17:26.508000+00:00	tm:Z:adapter,primer rc
6200	ba2f8d76-9f03-4ed6-be84-eb95898111b9	qs:f:10.96	ch:i:212	st:Z:2026-07-15T21:25:59.673000+00:00	RG:Z:a40d6b40-d3ad-4fe7-8245-9c92f794f831_dna_r10.4.1_e8.2_400bps_sup@v5.2.0	DS:Z:gpu:NVIDIA GeForce RTX 4070 SUPER	PU:Z:FBG39641	DT:Z:2026-07-15T14:17:26.508000+00:00	tm:Z:none rc
6276	bd67b4c5-6b4d-4ad8-bde7-77cb8e21bf1b	qs:f:12.5485	ch:i:222	st:Z:2026-07-15T20:54:20.252000+00:00	RG:Z:a40d6b40-d3ad-4fe7-8245-9c92f794f831_dna_r10.4.1_e8.2_400bps_sup@v5.2.0	DS:Z:gpu:NVIDIA GeForce RTX 4070 SUPER	PU:Z:FBG39641	DT:Z:2026-07-15T14:17:26.508000+00:00	tm:Z:adapter,primer rc
6359	81ac80bd-4b62-4542-8d8d-37318482cd8b	qs:f:11.9219	ch:i:310	st:Z:2026-07-15T18:20:34.727000+00:00	RG:Z:a40d6b40-d3ad-4fe7-8245-9c92f794f831_dna_r10.4.1_e8.2_400bps_sup@v5.2.0	DS:Z:gpu:NVIDIA GeForce RTX 4070 SUPER	PU:Z:FBG39641	DT:Z:2026-07-15T14:17:26.508000+00:00	tm:Z:adapter,primer rc
6447	09c8aacc-af85-488f-aa26-b56dc7f9be55	qs:f:13.8317	ch:i:21	st:Z:2026-07-16T01:11:25.759000+00:00	RG:Z:a40d6b40-d3ad-4fe7-8245-9c92f794f831_dna_r10.4.1_e8.2_400bps_sup@v5.2.0	DS:Z:gpu:NVIDIA GeForce RTX 4070 SUPER	PU:Z:FBG39641	DT:Z:2026-07-15T14:17:26.508000+00:00	tm:Z:adapter,primer
6454	0a5c4102-d8ba-4314-aec3-5c4e66cd1ede	qs:f:14.1162	ch:i:414	st:Z:2026-07-15T22:46:12.329000+00:00	RG:Z:a40d6b40-d3ad-4fe7-8245-9c92f794f831_dna_r10.4.1_e8.2_400bps_sup@v5.2.0	DS:Z:gpu:NVIDIA GeForce RTX 4070 SUPER	PU:Z:FBG39641	DT:Z:2026-07-15T14:17:26.508000+00:00	tm:Z:adapter,primer
6504	74a86062-ab08-4af9-be6d-e41ba0133b43	qs:f:14.3245	ch:i:190	st:Z:2026-07-15T16:15:56.014000+00:00	RG:Z:a40d6b40-d3ad-4fe7-8245-9c92f794f831_dna_r10.4.1_e8.2_400bps_sup@v5.2.0	DS:Z:gpu:NVIDIA GeForce RTX 4070 SUPER	PU:Z:FBG39641	DT:Z:2026-07-15T14:17:26.508000+00:00	tm:Z:none rc
6526	8225c224-3b43-4d44-9593-f3cf9dd89cbf	qs:f:13.1662	ch:i:413	st:Z:2026-07-15T21:18:53.323000+00:00	RG:Z:a40d6b40-d3ad-4fe7-8245-9c92f794f831_dna_r10.4.1_e8.2_400bps_sup@v5.2.0	DS:Z:gpu:NVIDIA GeForce RTX 4070 SUPER	PU:Z:FBG39641	DT:Z:2026-07-15T14:17:26.508000+00:00	tm:Z:adapter,primer
6531	e14743d5-21b6-4901-93a9-7c168e758582	qs:f:16.3939	ch:i:147	st:Z:2026-07-15T20:09:33.791000+00:00	RG:Z:a40d6b40-d3ad-4fe7-8245-9c92f794f831_dna_r10.4.1_e8.2_400bps_sup@v5.2.0	DS:Z:gpu:NVIDIA GeForce RTX 4070 SUPER	PU:Z:FBG39641	DT:Z:2026-07-15T14:17:26.508000+00:00	tm:Z:adapter,primer
6650	bae87bf9-bfab-4942-8359-93c97e401140	qs:f:14.5486	ch:i:143	st:Z:2026-07-15T17:45:41.703000+00:00	RG:Z:a40d6b40-d3ad-4fe7-8245-9c92f794f831_dna_r10.4.1_e8.2_400bps_sup@v5.2.0	DS:Z:gpu:NVIDIA GeForce RTX 4070 SUPER	PU:Z:FBG39641	DT:Z:2026-07-15T14:17:26.508000+00:00	tm:Z:none
6657	697b55bc-1c1a-4437-ab85-bb0760e30317	qs:f:13.9091	ch:i:93	st:Z:2026-07-15T22:37:55.312000+00:00	RG:Z:a40d6b40-d3ad-4fe7-8245-9c92f794f831_dna_r10.4.1_e8.2_400bps_sup@v5.2.0	DS:Z:gpu:NVIDIA GeForce RTX 4070 SUPER	PU:Z:FBG39641	DT:Z:2026-07-15T14:17:26.508000+00:00	tm:Z:adapter,primer rc
6759	0dde620f-680e-424c-abf2-a8487419d437	qs:f:12.8395	ch:i:56	st:Z:2026-07-16T00:24:38.425000+00:00	RG:Z:a40d6b40-d3ad-4fe7-8245-9c92f794f831_dna_r10.4.1_e8.2_400bps_sup@v5.2.0	DS:Z:gpu:NVIDIA GeForce RTX 4070 SUPER	PU:Z:FBG39641	DT:Z:2026-07-15T14:17:26.508000+00:00	tm:Z:adapter,primer
6835	de9994a4-188a-4bfe-852c-64b3d50d8306	qs:f:16.79	ch:i:108	st:Z:2026-07-15T19:04:42.891000+00:00	RG:Z:a40d6b40-d3ad-4fe7-8245-9c92f794f831_dna_r10.4.1_e8.2_400bps_sup@v5.2.0	DS:Z:gpu:NVIDIA GeForce RTX 4070 SUPER	PU:Z:FBG39641	DT:Z:2026-07-15T14:17:26.508000+00:00	tm:Z:none rc
6894	49928e27-4012-41ca-9983-f588fcd14e38	qs:f:13.289	ch:i:181	st:Z:2026-07-15T23:00:11.997000+00:00	RG:Z:a40d6b40-d3ad-4fe7-8245-9c92f794f831_dna_r10.4.1_e8.2_400bps_sup@v5.2.0	DS:Z:gpu:NVIDIA GeForce RTX 4070 SUPER	PU:Z:FBG39641	DT:Z:2026-07-15T14:17:26.508000+00:00	tm:Z:adapter,primer rc
6908	586261f8-bec2-4bfe-8a94-22227b13fe0e	qs:f:12.5584	ch:i:503	st:Z:2026-07-15T18:51:08.269000+00:00	RG:Z:a40d6b40-d3ad-4fe7-8245-9c92f794f831_dna_r10.4.1_e8.2_400bps_sup@v5.2.0	DS:Z:gpu:NVIDIA GeForce RTX 4070 SUPER	PU:Z:FBG39641	DT:Z:2026-07-15T14:17:26.508000+00:00	tm:Z:adapter,primer rc
6955	571b87c5-713a-4dfa-bfde-f446359d382b	qs:f:11.1267	ch:i:399	st:Z:2026-07-16T00:32:38.934000+00:00	RG:Z:a40d6b40-d3ad-4fe7-8245-9c92f794f831_dna_r10.4.1_e8.2_400bps_sup@v5.2.0	DS:Z:gpu:NVIDIA GeForce RTX 4070 SUPER	PU:Z:FBG39641	DT:Z:2026-07-15T14:17:26.508000+00:00	tm:Z:adapter,primer
6984	24029057-c150-4423-97dd-a347fac86310	qs:f:13.1738	ch:i:470	st:Z:2026-07-15T22:29:55.527000+00:00	RG:Z:a40d6b40-d3ad-4fe7-8245-9c92f794f831_dna_r10.4.1_e8.2_400bps_sup@v5.2.0	DS:Z:gpu:NVIDIA GeForce RTX 4070 SUPER	PU:Z:FBG39641	DT:Z:2026-07-15T14:17:26.508000+00:00	tm:Z:none
6996	3b6374e6-c098-4a40-bf5a-bb4c9bf77fe5	qs:f:13.986	ch:i:438	st:Z:2026-07-16T02:08:33.443000+00:00	RG:Z:a40d6b40-d3ad-4fe7-8245-9c92f794f831_dna_r10.4.1_e8.2_400bps_sup@v5.2.0	DS:Z:gpu:NVIDIA GeForce RTX 4070 SUPER	PU:Z:FBG39641	DT:Z:2026-07-15T14:17:26.508000+00:00	tm:Z:adapter,primer
7008	c4ed8f2b-f828-418f-b787-21bf768a4fd9	qs:f:14.7303	ch:i:455	st:Z:2026-07-15T18:55:40.451000+00:00	RG:Z:a40d6b40-d3ad-4fe7-8245-9c92f794f831_dna_r10.4.1_e8.2_400bps_sup@v5.2.0	DS:Z:gpu:NVIDIA GeForce RTX 4070 SUPER	PU:Z:FBG39641	DT:Z:2026-07-15T14:17:26.508000+00:00	tm:Z:none rc
7059	c14cb86c-a8d1-4aaa-9d15-e8a9f4ae0d48	qs:f:12.1742	ch:i:391	st:Z:2026-07-15T21:18:35.333000+00:00	RG:Z:a40d6b40-d3ad-4fe7-8245-9c92f794f831_dna_r10.4.1_e8.2_400bps_sup@v5.2.0	DS:Z:gpu:NVIDIA GeForce RTX 4070 SUPER	PU:Z:FBG39641	DT:Z:2026-07-15T14:17:26.508000+00:00	tm:Z:none
7060	f0f83007-d25f-4f35-acb2-89bdf5813270	qs:f:16.0692	ch:i:411	st:Z:2026-07-15T21:05:41.023000+00:00	RG:Z:a40d6b40-d3ad-4fe7-8245-9c92f794f831_dna_r10.4.1_e8.2_400bps_sup@v5.2.0	DS:Z:gpu:NVIDIA GeForce RTX 4070 SUPER	PU:Z:FBG39641	DT:Z:2026-07-15T14:17:26.508000+00:00	tm:Z:none
7075	a9c77386-a8ef-447d-a53a-78b398a7f807	qs:f:13.1574	ch:i:15	st:Z:2026-07-15T20:52:14.940000+00:00	RG:Z:a40d6b40-d3ad-4fe7-8245-9c92f794f831_dna_r10.4.1_e8.2_400bps_sup@v5.2.0	DS:Z:gpu:NVIDIA GeForce RTX 4070 SUPER	PU:Z:FBG39641	DT:Z:2026-07-15T14:17:26.508000+00:00	tm:Z:adapter,primer rc
7079	26583c1d-09e6-400f-8d91-63d4c290cac6	qs:f:12.3923	ch:i:84	st:Z:2026-07-15T15:05:00.252000+00:00	RG:Z:a40d6b40-d3ad-4fe7-8245-9c92f794f831_dna_r10.4.1_e8.2_400bps_sup@v5.2.0	DS:Z:gpu:NVIDIA GeForce RTX 4070 SUPER	PU:Z:FBG39641	DT:Z:2026-07-15T14:17:26.508000+00:00	tm:Z:none rc
7096	a9a322ee-4fc6-4123-8171-751f7facebfd	qs:f:12.3532	ch:i:450	st:Z:2026-07-15T18:35:17.910000+00:00	RG:Z:a40d6b40-d3ad-4fe7-8245-9c92f794f831_dna_r10.4.1_e8.2_400bps_sup@v5.2.0	DS:Z:gpu:NVIDIA GeForce RTX 4070 SUPER	PU:Z:FBG39641	DT:Z:2026-07-15T14:17:26.508000+00:00	tm:Z:adapter,primer
7133	088b4173-6c2d-47a0-902f-39e35418b7c5	qs:f:13.0082	ch:i:191	st:Z:2026-07-15T19:15:05.300000+00:00	RG:Z:a40d6b40-d3ad-4fe7-8245-9c92f794f831_dna_r10.4.1_e8.2_400bps_sup@v5.2.0	DS:Z:gpu:NVIDIA GeForce RTX 4070 SUPER	PU:Z:FBG39641	DT:Z:2026-07-15T14:17:26.508000+00:00	tm:Z:none
7138	a91cb555-c6da-482a-aba5-dfb8888e4e95	qs:f:17.6812	ch:i:379	st:Z:2026-07-15T15:38:48.154000+00:00	RG:Z:a40d6b40-d3ad-4fe7-8245-9c92f794f831_dna_r10.4.1_e8.2_400bps_sup@v5.2.0	DS:Z:gpu:NVIDIA GeForce RTX 4070 SUPER	PU:Z:FBG39641	DT:Z:2026-07-15T14:17:26.508000+00:00	tm:Z:adapter,primer
7191	8a6e9703-7cc0-4d19-bfc6-995547c3e786	qs:f:14.3572	ch:i:76	st:Z:2026-07-15T23:23:39.553000+00:00	RG:Z:a40d6b40-d3ad-4fe7-8245-9c92f794f831_dna_r10.4.1_e8.2_400bps_sup@v5.2.0	DS:Z:gpu:NVIDIA GeForce RTX 4070 SUPER	PU:Z:FBG39641	DT:Z:2026-07-15T14:17:26.508000+00:00	tm:Z:adapter,primer
7227	038b457d-83e9-4fd4-8b51-11b60ced93c6	qs:f:15.7062	ch:i:267	st:Z:2026-07-15T17:15:19.362000+00:00	RG:Z:a40d6b40-d3ad-4fe7-8245-9c92f794f831_dna_r10.4.1_e8.2_400bps_sup@v5.2.0	DS:Z:gpu:NVIDIA GeForce RTX 4070 SUPER	PU:Z:FBG39641	DT:Z:2026-07-15T14:17:26.508000+00:00	tm:Z:adapter,primer
7255	61d1b38d-5183-4c5e-b8b1-2bf3ec67f87e	qs:f:11.0427	ch:i:212	st:Z:2026-07-15T17:47:50.038000+00:00	RG:Z:a40d6b40-d3ad-4fe7-8245-9c92f794f831_dna_r10.4.1_e8.2_400bps_sup@v5.2.0	DS:Z:gpu:NVIDIA GeForce RTX 4070 SUPER	PU:Z:FBG39641	DT:Z:2026-07-15T14:17:26.508000+00:00	tm:Z:adapter,primer
7280	f1a11237-c5be-45a4-92c8-31833b0c5f38	qs:f:12.0462	ch:i:157	st:Z:2026-07-16T02:05:25.232000+00:00	RG:Z:a40d6b40-d3ad-4fe7-8245-9c92f794f831_dna_r10.4.1_e8.2_400bps_sup@v5.2.0	DS:Z:gpu:NVIDIA GeForce RTX 4070 SUPER	PU:Z:FBG39641	DT:Z:2026-07-15T14:17:26.508000+00:00	tm:Z:none rc
7307	c3e1d54b-2f1c-43aa-981d-21c93e31dbf4	qs:f:11.7917	ch:i:405	st:Z:2026-07-16T02:13:57.937000+00:00	RG:Z:a40d6b40-d3ad-4fe7-8245-9c92f794f831_dna_r10.4.1_e8.2_400bps_sup@v5.2.0	DS:Z:gpu:NVIDIA GeForce RTX 4070 SUPER	PU:Z:FBG39641	DT:Z:2026-07-15T14:17:26.508000+00:00	tm:Z:adapter,primer
7312	a60f72bb-2b28-4a3d-b628-e8edc9084962	qs:f:13.0821	ch:i:339	st:Z:2026-07-15T22:03:21.277000+00:00	RG:Z:a40d6b40-d3ad-4fe7-8245-9c92f794f831_dna_r10.4.1_e8.2_400bps_sup@v5.2.0	DS:Z:gpu:NVIDIA GeForce RTX 4070 SUPER	PU:Z:FBG39641	DT:Z:2026-07-15T14:17:26.508000+00:00	tm:Z:adapter,primer rc
7358	a487f54b-f51e-417c-9688-80956c149d0b	qs:f:14.8388	ch:i:156	st:Z:2026-07-15T19:00:21.799000+00:00	RG:Z:a40d6b40-d3ad-4fe7-8245-9c92f794f831_dna_r10.4.1_e8.2_400bps_sup@v5.2.0	DS:Z:gpu:NVIDIA GeForce RTX 4070 SUPER	PU:Z:FBG39641	DT:Z:2026-07-15T14:17:26.508000+00:00	tm:Z:adapter,primer rc
7386	62ed00be-ca47-406c-8af0-644094431ece	qs:f:12.9855	ch:i:165	st:Z:2026-07-15T14:31:44.265000+00:00	RG:Z:a40d6b40-d3ad-4fe7-8245-9c92f794f831_dna_r10.4.1_e8.2_400bps_sup@v5.2.0	DS:Z:gpu:NVIDIA GeForce RTX 4070 SUPER	PU:Z:FBG39641	DT:Z:2026-07-15T14:17:26.508000+00:00	tm:Z:adapter,primer rc
7400	0efcd332-367c-4964-800b-f8cd2578cc77	qs:f:12.4629	ch:i:310	st:Z:2026-07-15T17:08:01.366000+00:00	RG:Z:a40d6b40-d3ad-4fe7-8245-9c92f794f831_dna_r10.4.1_e8.2_400bps_sup@v5.2.0	DS:Z:gpu:NVIDIA GeForce RTX 4070 SUPER	PU:Z:FBG39641	DT:Z:2026-07-15T14:17:26.508000+00:00	tm:Z:adapter,primer
7461	56cc4bbc-14ec-4d4a-8654-2b6b8f68fb25	qs:f:14.4466	ch:i:122	st:Z:2026-07-15T14:49:54.132000+00:00	RG:Z:a40d6b40-d3ad-4fe7-8245-9c92f794f831_dna_r10.4.1_e8.2_400bps_sup@v5.2.0	DS:Z:gpu:NVIDIA GeForce RTX 4070 SUPER	PU:Z:FBG39641	DT:Z:2026-07-15T14:17:26.508000+00:00	tm:Z:adapter,primer
7556	472665d7-3bbf-488c-af79-fd03842a5983	qs:f:12.572	ch:i:339	st:Z:2026-07-15T15:51:50.061000+00:00	RG:Z:a40d6b40-d3ad-4fe7-8245-9c92f794f831_dna_r10.4.1_e8.2_400bps_sup@v5.2.0	DS:Z:gpu:NVIDIA GeForce RTX 4070 SUPER	PU:Z:FBG39641	DT:Z:2026-07-15T14:17:26.508000+00:00	tm:Z:none
7616	7b9756f0-fd7d-4d65-9785-dbea84b5529d	qs:f:11.9837	ch:i:76	st:Z:2026-07-15T22:34:43.530000+00:00	RG:Z:a40d6b40-d3ad-4fe7-8245-9c92f794f831_dna_r10.4.1_e8.2_400bps_sup@v5.2.0	DS:Z:gpu:NVIDIA GeForce RTX 4070 SUPER	PU:Z:FBG39641	DT:Z:2026-07-15T14:17:26.508000+00:00	tm:Z:none rc
7649	66c5506a-d864-409f-9d51-f895cf7466d2	qs:f:12.2989	ch:i:160	st:Z:2026-07-15T17:20:00.668000+00:00	RG:Z:a40d6b40-d3ad-4fe7-8245-9c92f794f831_dna_r10.4.1_e8.2_400bps_sup@v5.2.0	DS:Z:gpu:NVIDIA GeForce RTX 4070 SUPER	PU:Z:FBG39641	DT:Z:2026-07-15T14:17:26.508000+00:00	tm:Z:none
7700	2d537d3a-198c-483b-a6c1-e65d1166b66b	qs:f:13.7914	ch:i:174	st:Z:2026-07-16T01:43:13.595000+00:00	RG:Z:a40d6b40-d3ad-4fe7-8245-9c92f794f831_dna_r10.4.1_e8.2_400bps_sup@v5.2.0	DS:Z:gpu:NVIDIA GeForce RTX 4070 SUPER	PU:Z:FBG39641	DT:Z:2026-07-15T14:17:26.508000+00:00	tm:Z:adapter,primer
7720	e5efd4f7-5a4c-4641-81bb-cd80dcb7c1b6	qs:f:14.1435	ch:i:125	st:Z:2026-07-15T23:25:50.947000+00:00	RG:Z:a40d6b40-d3ad-4fe7-8245-9c92f794f831_dna_r10.4.1_e8.2_400bps_sup@v5.2.0	DS:Z:gpu:NVIDIA GeForce RTX 4070 SUPER	PU:Z:FBG39641	DT:Z:2026-07-15T14:17:26.508000+00:00	tm:Z:none rc
7730	7fe9dad5-81fa-4510-8bbd-d9554bf3a449	qs:f:11.7059	ch:i:84	st:Z:2026-07-15T14:28:18.304000+00:00	RG:Z:a40d6b40-d3ad-4fe7-8245-9c92f794f831_dna_r10.4.1_e8.2_400bps_sup@v5.2.0	DS:Z:gpu:NVIDIA GeForce RTX 4070 SUPER	PU:Z:FBG39641	DT:Z:2026-07-15T14:17:26.508000+00:00	tm:Z:adapter,primer rc
7760	772a5692-ce8f-469b-ae77-a6c77bd6b5d4	qs:f:11.0776	ch:i:275	st:Z:2026-07-16T00:30:07.004000+00:00	RG:Z:a40d6b40-d3ad-4fe7-8245-9c92f794f831_dna_r10.4.1_e8.2_400bps_sup@v5.2.0	DS:Z:gpu:NVIDIA GeForce RTX 4070 SUPER	PU:Z:FBG39641	DT:Z:2026-07-15T14:17:26.508000+00:00	tm:Z:adapter,primer rc
7811	07fe1664-817d-488a-b174-83460ff2326c	qs:f:12.4604	ch:i:207	st:Z:2026-07-15T15:27:37.876000+00:00	RG:Z:a40d6b40-d3ad-4fe7-8245-9c92f794f831_dna_r10.4.1_e8.2_400bps_sup@v5.2.0	DS:Z:gpu:NVIDIA GeForce RTX 4070 SUPER	PU:Z:FBG39641	DT:Z:2026-07-15T14:17:26.508000+00:00	tm:Z:adapter,primer
7822	9cc117c9-9c52-4a8f-b7ac-fa36a2c0fb63	qs:f:13.3844	ch:i:48	st:Z:2026-07-15T18:44:30.270000+00:00	RG:Z:a40d6b40-d3ad-4fe7-8245-9c92f794f831_dna_r10.4.1_e8.2_400bps_sup@v5.2.0	DS:Z:gpu:NVIDIA GeForce RTX 4070 SUPER	PU:Z:FBG39641	DT:Z:2026-07-15T14:17:26.508000+00:00	tm:Z:adapter,primer
7854	e1c93f39-66b2-4cda-9cc4-3521c5633b6a	qs:f:10.5949	ch:i:397	st:Z:2026-07-15T19:55:39.187000+00:00	RG:Z:a40d6b40-d3ad-4fe7-8245-9c92f794f831_dna_r10.4.1_e8.2_400bps_sup@v5.2.0	DS:Z:gpu:NVIDIA GeForce RTX 4070 SUPER	PU:Z:FBG39641	DT:Z:2026-07-15T14:17:26.508000+00:00	tm:Z:none
7928	57d285cb-2241-49a3-a934-65d453130ba2	qs:f:11.4508	ch:i:378	st:Z:2026-07-15T17:19:55.822000+00:00	RG:Z:a40d6b40-d3ad-4fe7-8245-9c92f794f831_dna_r10.4.1_e8.2_400bps_sup@v5.2.0	DS:Z:gpu:NVIDIA GeForce RTX 4070 SUPER	PU:Z:FBG39641	DT:Z:2026-07-15T14:17:26.508000+00:00	tm:Z:adapter,primer rc
7952	466dbf90-ebe2-4e9e-8645-4f391b422cf6	qs:f:14.3535	ch:i:157	st:Z:2026-07-15T15:03:44.495000+00:00	RG:Z:a40d6b40-d3ad-4fe7-8245-9c92f794f831_dna_r10.4.1_e8.2_400bps_sup@v5.2.0	DS:Z:gpu:NVIDIA GeForce RTX 4070 SUPER	PU:Z:FBG39641	DT:Z:2026-07-15T14:17:26.508000+00:00	tm:Z:adapter,primer
8006	357f4cc4-1d1c-4297-8c74-335afe7623a0	qs:f:12.084	ch:i:91	st:Z:2026-07-15T17:00:38.729000+00:00	RG:Z:a40d6b40-d3ad-4fe7-8245-9c92f794f831_dna_r10.4.1_e8.2_400bps_sup@v5.2.0	DS:Z:gpu:NVIDIA GeForce RTX 4070 SUPER	PU:Z:FBG39641	DT:Z:2026-07-15T14:17:26.508000+00:00	tm:Z:none
8013	4a786319-36f1-4c40-b669-0039cacc0c68	qs:f:15.0419	ch:i:195	st:Z:2026-07-15T14:34:45.692000+00:00	RG:Z:a40d6b40-d3ad-4fe7-8245-9c92f794f831_dna_r10.4.1_e8.2_400bps_sup@v5.2.0	DS:Z:gpu:NVIDIA GeForce RTX 4070 SUPER	PU:Z:FBG39641	DT:Z:2026-07-15T14:17:26.508000+00:00	tm:Z:adapter,primer
8071	c8dd11af-0c45-4253-b91e-95503e57101f	qs:f:13.7055	ch:i:296	st:Z:2026-07-15T16:49:41.635000+00:00	RG:Z:a40d6b40-d3ad-4fe7-8245-9c92f794f831_dna_r10.4.1_e8.2_400bps_sup@v5.2.0	DS:Z:gpu:NVIDIA GeForce RTX 4070 SUPER	PU:Z:FBG39641	DT:Z:2026-07-15T14:17:26.508000+00:00	tm:Z:adapter,primer
8094	aeda5b54-dcab-4dfb-b21f-4a90eaba32a8	qs:f:14.2183	ch:i:475	st:Z:2026-07-15T20:13:00.794000+00:00	RG:Z:a40d6b40-d3ad-4fe7-8245-9c92f794f831_dna_r10.4.1_e8.2_400bps_sup@v5.2.0	DS:Z:gpu:NVIDIA GeForce RTX 4070 SUPER	PU:Z:FBG39641	DT:Z:2026-07-15T14:17:26.508000+00:00	tm:Z:none
8102	6ab1b31e-bd11-47b7-9b44-9030215093fa	qs:f:13.5223	ch:i:276	st:Z:2026-07-15T20:39:47.836000+00:00	RG:Z:a40d6b40-d3ad-4fe7-8245-9c92f794f831_dna_r10.4.1_e8.2_400bps_sup@v5.2.0	DS:Z:gpu:NVIDIA GeForce RTX 4070 SUPER	PU:Z:FBG39641	DT:Z:2026-07-15T14:17:26.508000+00:00	tm:Z:none rc
8124	87b6e8db-3c24-40a6-a7b3-7d800993b4c9	qs:f:10.8924	ch:i:141	st:Z:2026-07-15T15:35:28.875000+00:00	RG:Z:a40d6b40-d3ad-4fe7-8245-9c92f794f831_dna_r10.4.1_e8.2_400bps_sup@v5.2.0	DS:Z:gpu:NVIDIA GeForce RTX 4070 SUPER	PU:Z:FBG39641	DT:Z:2026-07-15T14:17:26.508000+00:00	tm:Z:adapter,primer
8125	01eb88f8-5549-4c2c-b942-88c74e3fe97d	qs:f:12.8603	ch:i:78	st:Z:2026-07-15T20:40:58.721000+00:00	RG:Z:a40d6b40-d3ad-4fe7-8245-9c92f794f831_dna_r10.4.1_e8.2_400bps_sup@v5.2.0	DS:Z:gpu:NVIDIA GeForce RTX 4070 SUPER	PU:Z:FBG39641	DT:Z:2026-07-15T14:17:26.508000+00:00	tm:Z:adapter,primer
8200	b9c83528-22df-481b-ae37-37fa263c5a05	qs:f:11.9939	ch:i:449	st:Z:2026-07-15T21:03:35.422000+00:00	RG:Z:a40d6b40-d3ad-4fe7-8245-9c92f794f831_dna_r10.4.1_e8.2_400bps_sup@v5.2.0	DS:Z:gpu:NVIDIA GeForce RTX 4070 SUPER	PU:Z:FBG39641	DT:Z:2026-07-15T14:17:26.508000+00:00	tm:Z:adapter,primer
8210	e3dab68e-5ded-4f5f-91cb-b60dde2f10e0	qs:f:12.6811	ch:i:291	st:Z:2026-07-15T21:11:46.471000+00:00	RG:Z:a40d6b40-d3ad-4fe7-8245-9c92f794f831_dna_r10.4.1_e8.2_400bps_sup@v5.2.0	DS:Z:gpu:NVIDIA GeForce RTX 4070 SUPER	PU:Z:FBG39641	DT:Z:2026-07-15T14:17:26.508000+00:00	tm:Z:none
8215	4cba22ea-06c3-43b0-ab4d-5fd29879fa16	qs:f:13.4716	ch:i:150	st:Z:2026-07-15T22:13:49.510000+00:00	RG:Z:a40d6b40-d3ad-4fe7-8245-9c92f794f831_dna_r10.4.1_e8.2_400bps_sup@v5.2.0	DS:Z:gpu:NVIDIA GeForce RTX 4070 SUPER	PU:Z:FBG39641	DT:Z:2026-07-15T14:17:26.508000+00:00	tm:Z:none
8218	964f9d9e-0fd0-4b48-afcc-2c3ac07a00d8	qs:f:12.9945	ch:i:334	st:Z:2026-07-16T00:20:50.414000+00:00	RG:Z:a40d6b40-d3ad-4fe7-8245-9c92f794f831_dna_r10.4.1_e8.2_400bps_sup@v5.2.0	DS:Z:gpu:NVIDIA GeForce RTX 4070 SUPER	PU:Z:FBG39641	DT:Z:2026-07-15T14:17:26.508000+00:00	tm:Z:adapter,primer
8231	b851b64d-e3aa-4456-a503-86d087502695	qs:f:12.9193	ch:i:334	st:Z:2026-07-15T19:50:03.217000+00:00	RG:Z:a40d6b40-d3ad-4fe7-8245-9c92f794f831_dna_r10.4.1_e8.2_400bps_sup@v5.2.0	DS:Z:gpu:NVIDIA GeForce RTX 4070 SUPER	PU:Z:FBG39641	DT:Z:2026-07-15T14:17:26.508000+00:00	tm:Z:adapter,primer
8236	140af700-aba3-4749-8b74-bead9b9bc732	qs:f:12.3848	ch:i:10	st:Z:2026-07-15T14:29:36.745000+00:00	RG:Z:a40d6b40-d3ad-4fe7-8245-9c92f794f831_dna_r10.4.1_e8.2_400bps_sup@v5.2.0	DS:Z:gpu:NVIDIA GeForce RTX 4070 SUPER	PU:Z:FBG39641	DT:Z:2026-07-15T14:17:26.508000+00:00	tm:Z:adapter,primer
8259	b9e28f83-7e9f-4e13-9949-a29df4772759	qs:f:11.3283	ch:i:393	st:Z:2026-07-16T01:00:14.498000+00:00	RG:Z:a40d6b40-d3ad-4fe7-8245-9c92f794f831_dna_r10.4.1_e8.2_400bps_sup@v5.2.0	DS:Z:gpu:NVIDIA GeForce RTX 4070 SUPER	PU:Z:FBG39641	DT:Z:2026-07-15T14:17:26.508000+00:00	tm:Z:adapter,primer rc
8303	98377a12-70e6-4176-9416-ba910456fcc2	qs:f:11.4785	ch:i:93	st:Z:2026-07-15T14:35:07.644000+00:00	RG:Z:a40d6b40-d3ad-4fe7-8245-9c92f794f831_dna_r10.4.1_e8.2_400bps_sup@v5.2.0	DS:Z:gpu:NVIDIA GeForce RTX 4070 SUPER	PU:Z:FBG39641	DT:Z:2026-07-15T14:17:26.508000+00:00	tm:Z:adapter,primer rc
8311	0e8f1e07-f653-43d8-a5c0-7755c8837949	qs:f:15.1392	ch:i:446	st:Z:2026-07-15T17:59:27.448000+00:00	RG:Z:a40d6b40-d3ad-4fe7-8245-9c92f794f831_dna_r10.4.1_e8.2_400bps_sup@v5.2.0	DS:Z:gpu:NVIDIA GeForce RTX 4070 SUPER	PU:Z:FBG39641	DT:Z:2026-07-15T14:17:26.508000+00:00	tm:Z:adapter,primer rc
8316	b8aedbbc-d66f-44d1-8cee-1f9edae4ef92	qs:f:11.3036	ch:i:374	st:Z:2026-07-15T16:47:39.457000+00:00	RG:Z:a40d6b40-d3ad-4fe7-8245-9c92f794f831_dna_r10.4.1_e8.2_400bps_sup@v5.2.0	DS:Z:gpu:NVIDIA GeForce RTX 4070 SUPER	PU:Z:FBG39641	DT:Z:2026-07-15T14:17:26.508000+00:00	tm:Z:adapter,primer rc
8337	0cd3bf37-f904-4d1c-a856-065ca14fac9d	qs:f:13.8573	ch:i:93	st:Z:2026-07-15T20:56:30.229000+00:00	RG:Z:a40d6b40-d3ad-4fe7-8245-9c92f794f831_dna_r10.4.1_e8.2_400bps_sup@v5.2.0	DS:Z:gpu:NVIDIA GeForce RTX 4070 SUPER	PU:Z:FBG39641	DT:Z:2026-07-15T14:17:26.508000+00:00	tm:Z:none
8439	9f75f177-d96b-4051-9390-699d1398b49e	qs:f:12.9837	ch:i:86	st:Z:2026-07-15T14:33:18.662000+00:00	RG:Z:a40d6b40-d3ad-4fe7-8245-9c92f794f831_dna_r10.4.1_e8.2_400bps_sup@v5.2.0	DS:Z:gpu:NVIDIA GeForce RTX 4070 SUPER	PU:Z:FBG39641	DT:Z:2026-07-15T14:17:26.508000+00:00	tm:Z:adapter,primer
8447	a2fc1b9e-cabe-49fb-973b-77b0bc609f9a	qs:f:12.6274	ch:i:434	st:Z:2026-07-15T22:41:03.228000+00:00	RG:Z:a40d6b40-d3ad-4fe7-8245-9c92f794f831_dna_r10.4.1_e8.2_400bps_sup@v5.2.0	DS:Z:gpu:NVIDIA GeForce RTX 4070 SUPER	PU:Z:FBG39641	DT:Z:2026-07-15T14:17:26.508000+00:00	tm:Z:adapter,primer rc
8482	b3ef72ba-959e-488c-b951-e7245bb74b9e	qs:f:10.6114	ch:i:336	st:Z:2026-07-15T17:56:31.103000+00:00	RG:Z:a40d6b40-d3ad-4fe7-8245-9c92f794f831_dna_r10.4.1_e8.2_400bps_sup@v5.2.0	DS:Z:gpu:NVIDIA GeForce RTX 4070 SUPER	PU:Z:FBG39641	DT:Z:2026-07-15T14:17:26.508000+00:00	tm:Z:adapter,primer
8488	490896e4-9619-4feb-b320-c382fbbae1e5	qs:f:11.3695	ch:i:85	st:Z:2026-07-15T19:56:35.809000+00:00	RG:Z:a40d6b40-d3ad-4fe7-8245-9c92f794f831_dna_r10.4.1_e8.2_400bps_sup@v5.2.0	DS:Z:gpu:NVIDIA GeForce RTX 4070 SUPER	PU:Z:FBG39641	DT:Z:2026-07-15T14:17:26.508000+00:00	tm:Z:adapter,primer rc
8490	56f37a70-81fd-4fb9-a2b9-a9c467a8a232	qs:f:12.3095	ch:i:154	st:Z:2026-07-16T00:22:28.847000+00:00	RG:Z:a40d6b40-d3ad-4fe7-8245-9c92f794f831_dna_r10.4.1_e8.2_400bps_sup@v5.2.0	DS:Z:gpu:NVIDIA GeForce RTX 4070 SUPER	PU:Z:FBG39641	DT:Z:2026-07-15T14:17:26.508000+00:00	tm:Z:adapter,primer
8557	15277e86-fff4-44df-bc15-0ec36cae2154	qs:f:13.2519	ch:i:344	st:Z:2026-07-15T16:25:32.800000+00:00	RG:Z:a40d6b40-d3ad-4fe7-8245-9c92f794f831_dna_r10.4.1_e8.2_400bps_sup@v5.2.0	DS:Z:gpu:NVIDIA GeForce RTX 4070 SUPER	PU:Z:FBG39641	DT:Z:2026-07-15T14:17:26.508000+00:00	tm:Z:adapter,primer rc
8579	bd8097aa-8811-4929-a706-acfd38c64d72	qs:f:12.3563	ch:i:390	st:Z:2026-07-16T01:20:22.624000+00:00	RG:Z:a40d6b40-d3ad-4fe7-8245-9c92f794f831_dna_r10.4.1_e8.2_400bps_sup@v5.2.0	DS:Z:gpu:NVIDIA GeForce RTX 4070 SUPER	PU:Z:FBG39641	DT:Z:2026-07-15T14:17:26.508000+00:00	tm:Z:adapter,primer rc
8603	a2b8eb33-cfc9-4bc7-8f57-8d8f923d71eb	qs:f:11.0046	ch:i:446	st:Z:2026-07-15T15:41:21.601000+00:00	RG:Z:a40d6b40-d3ad-4fe7-8245-9c92f794f831_dna_r10.4.1_e8.2_400bps_sup@v5.2.0	DS:Z:gpu:NVIDIA GeForce RTX 4070 SUPER	PU:Z:FBG39641	DT:Z:2026-07-15T14:17:26.508000+00:00	tm:Z:none rc
8611	874181d7-f909-4699-b6c8-c1d7fe3ebdce	qs:f:11.0982	ch:i:317	st:Z:2026-07-15T15:16:50.012000+00:00	RG:Z:a40d6b40-d3ad-4fe7-8245-9c92f794f831_dna_r10.4.1_e8.2_400bps_sup@v5.2.0	DS:Z:gpu:NVIDIA GeForce RTX 4070 SUPER	PU:Z:FBG39641	DT:Z:2026-07-15T14:17:26.508000+00:00	tm:Z:adapter,primer rc
8614	0f3dda54-ea88-4224-bfef-f69a93b678aa	qs:f:11.6034	ch:i:377	st:Z:2026-07-15T23:31:51.031000+00:00	RG:Z:a40d6b40-d3ad-4fe7-8245-9c92f794f831_dna_r10.4.1_e8.2_400bps_sup@v5.2.0	DS:Z:gpu:NVIDIA GeForce RTX 4070 SUPER	PU:Z:FBG39641	DT:Z:2026-07-15T14:17:26.508000+00:00	tm:Z:none rc
8703	66fc55b5-53a0-4139-9177-487fcac86b9b	qs:f:12.6702	ch:i:491	st:Z:2026-07-15T14:43:58.572000+00:00	RG:Z:a40d6b40-d3ad-4fe7-8245-9c92f794f831_dna_r10.4.1_e8.2_400bps_sup@v5.2.0	DS:Z:gpu:NVIDIA GeForce RTX 4070 SUPER	PU:Z:FBG39641	DT:Z:2026-07-15T14:17:26.508000+00:00	tm:Z:adapter,primer rc
8728	6e9890d1-dc68-4671-81ee-6ab899c7a30c	qs:f:12.2768	ch:i:224	st:Z:2026-07-15T22:50:35.277000+00:00	RG:Z:a40d6b40-d3ad-4fe7-8245-9c92f794f831_dna_r10.4.1_e8.2_400bps_sup@v5.2.0	DS:Z:gpu:NVIDIA GeForce RTX 4070 SUPER	PU:Z:FBG39641	DT:Z:2026-07-15T14:17:26.508000+00:00	tm:Z:adapter,primer
8733	243d2400-c91d-44d1-9001-4f845e99c28c	qs:f:11.4107	ch:i:419	st:Z:2026-07-15T16:37:37.200000+00:00	RG:Z:a40d6b40-d3ad-4fe7-8245-9c92f794f831_dna_r10.4.1_e8.2_400bps_sup@v5.2.0	DS:Z:gpu:NVIDIA GeForce RTX 4070 SUPER	PU:Z:FBG39641	DT:Z:2026-07-15T14:17:26.508000+00:00	tm:Z:adapter,primer
8888	fee92847-2e51-4321-8c56-855aaf28537d	qs:f:12.7398	ch:i:263	st:Z:2026-07-15T23:21:44.443000+00:00	RG:Z:a40d6b40-d3ad-4fe7-8245-9c92f794f831_dna_r10.4.1_e8.2_400bps_sup@v5.2.0	DS:Z:gpu:NVIDIA GeForce RTX 4070 SUPER	PU:Z:FBG39641	DT:Z:2026-07-15T14:17:26.508000+00:00	tm:Z:none rc
8974	cec039dd-31a7-4894-86b1-71a1ecd61e44	qs:f:15.4844	ch:i:469	st:Z:2026-07-16T00:55:42.897000+00:00	RG:Z:a40d6b40-d3ad-4fe7-8245-9c92f794f831_dna_r10.4.1_e8.2_400bps_sup@v5.2.0	DS:Z:gpu:NVIDIA GeForce RTX 4070 SUPER	PU:Z:FBG39641	DT:Z:2026-07-15T14:17:26.508000+00:00	tm:Z:adapter,primer
8990	b3859761-f5a9-46d0-87ab-722e70195f36	qs:f:10.7498	ch:i:296	st:Z:2026-07-15T22:57:17.933000+00:00	RG:Z:a40d6b40-d3ad-4fe7-8245-9c92f794f831_dna_r10.4.1_e8.2_400bps_sup@v5.2.0	DS:Z:gpu:NVIDIA GeForce RTX 4070 SUPER	PU:Z:FBG39641	DT:Z:2026-07-15T14:17:26.508000+00:00	tm:Z:adapter,primer
8994	c870dd8e-224e-4380-a8d3-b010ed734975	qs:f:15.0056	ch:i:94	st:Z:2026-07-15T23:54:26.384000+00:00	RG:Z:a40d6b40-d3ad-4fe7-8245-9c92f794f831_dna_r10.4.1_e8.2_400bps_sup@v5.2.0	DS:Z:gpu:NVIDIA GeForce RTX 4070 SUPER	PU:Z:FBG39641	DT:Z:2026-07-15T14:17:26.508000+00:00	tm:Z:none rc
9013	b563002f-bc26-4649-a76e-4351b1cad566	qs:f:11.1261	ch:i:336	st:Z:2026-07-15T19:59:58.212000+00:00	RG:Z:a40d6b40-d3ad-4fe7-8245-9c92f794f831_dna_r10.4.1_e8.2_400bps_sup@v5.2.0	DS:Z:gpu:NVIDIA GeForce RTX 4070 SUPER	PU:Z:FBG39641	DT:Z:2026-07-15T14:17:26.508000+00:00	tm:Z:adapter,primer rc
9019	0fd244e2-a11d-4cdb-8b1f-8748239e58b8	qs:f:13.6945	ch:i:344	st:Z:2026-07-15T22:39:51.058000+00:00	RG:Z:a40d6b40-d3ad-4fe7-8245-9c92f794f831_dna_r10.4.1_e8.2_400bps_sup@v5.2.0	DS:Z:gpu:NVIDIA GeForce RTX 4070 SUPER	PU:Z:FBG39641	DT:Z:2026-07-15T14:17:26.508000+00:00	tm:Z:adapter,primer rc
9082	7abe6484-7f3f-49d0-b70c-89b2b913ac7d	qs:f:11.7591	ch:i:236	st:Z:2026-07-15T18:43:56.472000+00:00	RG:Z:a40d6b40-d3ad-4fe7-8245-9c92f794f831_dna_r10.4.1_e8.2_400bps_sup@v5.2.0	DS:Z:gpu:NVIDIA GeForce RTX 4070 SUPER	PU:Z:FBG39641	DT:Z:2026-07-15T14:17:26.508000+00:00	tm:Z:adapter,primer
9120	9a6c93a9-0aa7-487a-8f4e-49ad4540643e	qs:f:8.04912	ch:i:150	st:Z:2026-07-15T20:55:59.998000+00:00	RG:Z:a40d6b40-d3ad-4fe7-8245-9c92f794f831_dna_r10.4.1_e8.2_400bps_sup@v5.2.0	DS:Z:gpu:NVIDIA GeForce RTX 4070 SUPER	PU:Z:FBG39641	DT:Z:2026-07-15T14:17:26.508000+00:00	tm:Z:none
9146	a82f09f2-4802-4ab7-ac8f-6519f3311b52	qs:f:10.7228	ch:i:3	st:Z:2026-07-15T22:30:58.855000+00:00	RG:Z:a40d6b40-d3ad-4fe7-8245-9c92f794f831_dna_r10.4.1_e8.2_400bps_sup@v5.2.0	DS:Z:gpu:NVIDIA GeForce RTX 4070 SUPER	PU:Z:FBG39641	DT:Z:2026-07-15T14:17:26.508000+00:00	tm:Z:adapter,primer
9160	39229d81-c928-4ddc-a34d-0ef5c0eaf76f	qs:f:9.9545	ch:i:47	st:Z:2026-07-15T21:27:08.643000+00:00	RG:Z:a40d6b40-d3ad-4fe7-8245-9c92f794f831_dna_r10.4.1_e8.2_400bps_sup@v5.2.0	DS:Z:gpu:NVIDIA GeForce RTX 4070 SUPER	PU:Z:FBG39641	DT:Z:2026-07-15T14:17:26.508000+00:00	tm:Z:none rc
9168	7367633e-26e9-445f-80be-89c5973a1fee	qs:f:12.1553	ch:i:389	st:Z:2026-07-15T17:05:27.341000+00:00	RG:Z:a40d6b40-d3ad-4fe7-8245-9c92f794f831_dna_r10.4.1_e8.2_400bps_sup@v5.2.0	DS:Z:gpu:NVIDIA GeForce RTX 4070 SUPER	PU:Z:FBG39641	DT:Z:2026-07-15T14:17:26.508000+00:00	tm:Z:adapter,primer
9207	10c55d00-eb69-4240-b940-6f72f35609d1	qs:f:12.7241	ch:i:78	st:Z:2026-07-15T18:05:24.909000+00:00	RG:Z:a40d6b40-d3ad-4fe7-8245-9c92f794f831_dna_r10.4.1_e8.2_400bps_sup@v5.2.0	DS:Z:gpu:NVIDIA GeForce RTX 4070 SUPER	PU:Z:FBG39641	DT:Z:2026-07-15T14:17:26.508000+00:00	tm:Z:none rc
9258	25c06f9a-d783-4889-8963-10fca6818654	qs:f:11.4515	ch:i:143	st:Z:2026-07-15T15:14:22.361000+00:00	RG:Z:a40d6b40-d3ad-4fe7-8245-9c92f794f831_dna_r10.4.1_e8.2_400bps_sup@v5.2.0	DS:Z:gpu:NVIDIA GeForce RTX 4070 SUPER	PU:Z:FBG39641	DT:Z:2026-07-15T14:17:26.508000+00:00	tm:Z:adapter,primer rc
9290	33c46f96-853e-463c-8ee9-b5e4fe344f62	qs:f:12.0072	ch:i:460	st:Z:2026-07-15T15:26:02.613000+00:00	RG:Z:a40d6b40-d3ad-4fe7-8245-9c92f794f831_dna_r10.4.1_e8.2_400bps_sup@v5.2.0	DS:Z:gpu:NVIDIA GeForce RTX 4070 SUPER	PU:Z:FBG39641	DT:Z:2026-07-15T14:17:26.508000+00:00	tm:Z:adapter,primer
9299	8f6acb71-38ac-4ea7-baf1-47589c6bb75a	qs:f:12.5705	ch:i:192	st:Z:2026-07-15T17:41:18.986000+00:00	RG:Z:a40d6b40-d3ad-4fe7-8245-9c92f794f831_dna_r10.4.1_e8.2_400bps_sup@v5.2.0	DS:Z:gpu:NVIDIA GeForce RTX 4070 SUPER	PU:Z:FBG39641	DT:Z:2026-07-15T14:17:26.508000+00:00	tm:Z:adapter,primer
9375	0396b227-bc26-4267-a6a1-5c4ca4cdd0de	qs:f:10.0035	ch:i:509	st:Z:2026-07-15T19:32:30.606000+00:00	RG:Z:a40d6b40-d3ad-4fe7-8245-9c92f794f831_dna_r10.4.1_e8.2_400bps_sup@v5.2.0	DS:Z:gpu:NVIDIA GeForce RTX 4070 SUPER	PU:Z:FBG39641	DT:Z:2026-07-15T14:17:26.508000+00:00	tm:Z:adapter,primer rc
9405	bd44658c-95f2-4847-83b9-b0a61e7a4d00	qs:f:12.5345	ch:i:419	st:Z:2026-07-15T16:44:20.835000+00:00	RG:Z:a40d6b40-d3ad-4fe7-8245-9c92f794f831_dna_r10.4.1_e8.2_400bps_sup@v5.2.0	DS:Z:gpu:NVIDIA GeForce RTX 4070 SUPER	PU:Z:FBG39641	DT:Z:2026-07-15T14:17:26.508000+00:00	tm:Z:adapter,primer
9411	cc3b01ea-4c9d-4a33-a7a6-7e4815863cf9	qs:f:12.2842	ch:i:91	st:Z:2026-07-15T18:55:10.034000+00:00	RG:Z:a40d6b40-d3ad-4fe7-8245-9c92f794f831_dna_r10.4.1_e8.2_400bps_sup@v5.2.0	DS:Z:gpu:NVIDIA GeForce RTX 4070 SUPER	PU:Z:FBG39641	DT:Z:2026-07-15T14:17:26.508000+00:00	tm:Z:adapter,primer rc
9435	edbb0ce6-42d6-44c2-a62d-feb95abcf71e	qs:f:13.6433	ch:i:312	st:Z:2026-07-15T16:14:25.020000+00:00	RG:Z:a40d6b40-d3ad-4fe7-8245-9c92f794f831_dna_r10.4.1_e8.2_400bps_sup@v5.2.0	DS:Z:gpu:NVIDIA GeForce RTX 4070 SUPER	PU:Z:FBG39641	DT:Z:2026-07-15T14:17:26.508000+00:00	tm:Z:adapter,primer rc
9489	c7c78425-9a14-4bd5-a992-a70e12461099	qs:f:14.1652	ch:i:261	st:Z:2026-07-15T16:05:12.592000+00:00	RG:Z:a40d6b40-d3ad-4fe7-8245-9c92f794f831_dna_r10.4.1_e8.2_400bps_sup@v5.2.0	DS:Z:gpu:NVIDIA GeForce RTX 4070 SUPER	PU:Z:FBG39641	DT:Z:2026-07-15T14:17:26.508000+00:00	tm:Z:adapter,primer rc
9495	aa2f395e-2f4f-44f0-a3d4-4f15397a4743	qs:f:11.7656	ch:i:359	st:Z:2026-07-15T23:20:36.050000+00:00	RG:Z:a40d6b40-d3ad-4fe7-8245-9c92f794f831_dna_r10.4.1_e8.2_400bps_sup@v5.2.0	DS:Z:gpu:NVIDIA GeForce RTX 4070 SUPER	PU:Z:FBG39641	DT:Z:2026-07-15T14:17:26.508000+00:00	tm:Z:none
9499	68e7c144-9751-4c03-9496-fdf0ead9353b	qs:f:12.1419	ch:i:215	st:Z:2026-07-15T14:40:22.720000+00:00	RG:Z:a40d6b40-d3ad-4fe7-8245-9c92f794f831_dna_r10.4.1_e8.2_400bps_sup@v5.2.0	DS:Z:gpu:NVIDIA GeForce RTX 4070 SUPER	PU:Z:FBG39641	DT:Z:2026-07-15T14:17:26.508000+00:00	tm:Z:adapter,primer rc
9505	7d762db9-6c3e-429d-9e1f-2be2f85bf029	qs:f:13.7026	ch:i:127	st:Z:2026-07-16T02:17:29.568000+00:00	RG:Z:a40d6b40-d3ad-4fe7-8245-9c92f794f831_dna_r10.4.1_e8.2_400bps_sup@v5.2.0	DS:Z:gpu:NVIDIA GeForce RTX 4070 SUPER	PU:Z:FBG39641	DT:Z:2026-07-15T14:17:26.508000+00:00	tm:Z:none
9587	95389f4c-22bd-49da-b8df-c4be64e9d565	qs:f:13.1025	ch:i:76	st:Z:2026-07-15T17:02:45.358000+00:00	RG:Z:a40d6b40-d3ad-4fe7-8245-9c92f794f831_dna_r10.4.1_e8.2_400bps_sup@v5.2.0	DS:Z:gpu:NVIDIA GeForce RTX 4070 SUPER	PU:Z:FBG39641	DT:Z:2026-07-15T14:17:26.508000+00:00	tm:Z:adapter,primer rc
9655	1049a08b-f302-4f76-b879-400cb7941d69	qs:f:11.2748	ch:i:4	st:Z:2026-07-15T15:54:10.373000+00:00	RG:Z:a40d6b40-d3ad-4fe7-8245-9c92f794f831_dna_r10.4.1_e8.2_400bps_sup@v5.2.0	DS:Z:gpu:NVIDIA GeForce RTX 4070 SUPER	PU:Z:FBG39641	DT:Z:2026-07-15T14:17:26.508000+00:00	tm:Z:adapter,primer
9698	5ea5da02-5c0b-4668-9eaf-719010ec6913	qs:f:12.6432	ch:i:184	st:Z:2026-07-15T23:03:43.904000+00:00	RG:Z:a40d6b40-d3ad-4fe7-8245-9c92f794f831_dna_r10.4.1_e8.2_400bps_sup@v5.2.0	DS:Z:gpu:NVIDIA GeForce RTX 4070 SUPER	PU:Z:FBG39641	DT:Z:2026-07-15T14:17:26.508000+00:00	tm:Z:none rc
9704	d1d8af7a-972b-4726-bc94-b1f1b4bd5f2e	qs:f:13.7457	ch:i:317	st:Z:2026-07-15T20:04:31.813000+00:00	RG:Z:a40d6b40-d3ad-4fe7-8245-9c92f794f831_dna_r10.4.1_e8.2_400bps_sup@v5.2.0	DS:Z:gpu:NVIDIA GeForce RTX 4070 SUPER	PU:Z:FBG39641	DT:Z:2026-07-15T14:17:26.508000+00:00	tm:Z:adapter,primer
9752	3bcc6462-5e61-429c-8901-9702046a35b7	qs:f:13.9099	ch:i:463	st:Z:2026-07-15T18:18:34.510000+00:00	RG:Z:a40d6b40-d3ad-4fe7-8245-9c92f794f831_dna_r10.4.1_e8.2_400bps_sup@v5.2.0	DS:Z:gpu:NVIDIA GeForce RTX 4070 SUPER	PU:Z:FBG39641	DT:Z:2026-07-15T14:17:26.508000+00:00	tm:Z:adapter,primer
9753	1193df58-6757-455e-a9bf-c3f2dd6062d8	qs:f:11.867	ch:i:377	st:Z:2026-07-15T20:39:33.582000+00:00	RG:Z:a40d6b40-d3ad-4fe7-8245-9c92f794f831_dna_r10.4.1_e8.2_400bps_sup@v5.2.0	DS:Z:gpu:NVIDIA GeForce RTX 4070 SUPER	PU:Z:FBG39641	DT:Z:2026-07-15T14:17:26.508000+00:00	tm:Z:adapter,primer
9758	0b8e3514-03c2-4db4-a8da-27b82efd76a5	qs:f:12.6734	ch:i:474	st:Z:2026-07-15T22:54:42.705000+00:00	RG:Z:a40d6b40-d3ad-4fe7-8245-9c92f794f831_dna_r10.4.1_e8.2_400bps_sup@v5.2.0	DS:Z:gpu:NVIDIA GeForce RTX 4070 SUPER	PU:Z:FBG39641	DT:Z:2026-07-15T14:17:26.508000+00:00	tm:Z:adapter,primer
9771	576ebe81-2336-4979-b3f6-fdc4a85995bb	qs:f:12.8671	ch:i:85	st:Z:2026-07-15T18:44:22.499000+00:00	RG:Z:a40d6b40-d3ad-4fe7-8245-9c92f794f831_dna_r10.4.1_e8.2_400bps_sup@v5.2.0	DS:Z:gpu:NVIDIA GeForce RTX 4070 SUPER	PU:Z:FBG39641	DT:Z:2026-07-15T14:17:26.508000+00:00	tm:Z:adapter,primer rc
9774	dde7cdb3-d705-4d86-8351-69c23cf80939	qs:f:12.9654	ch:i:217	st:Z:2026-07-15T17:18:52.557000+00:00	RG:Z:a40d6b40-d3ad-4fe7-8245-9c92f794f831_dna_r10.4.1_e8.2_400bps_sup@v5.2.0	DS:Z:gpu:NVIDIA GeForce RTX 4070 SUPER	PU:Z:FBG39641	DT:Z:2026-07-15T14:17:26.508000+00:00	tm:Z:adapter,primer rc
9810	3d087ee9-be82-44b1-ac94-9a4bcb6ce2a3	qs:f:12.5593	ch:i:438	st:Z:2026-07-15T19:56:52.645000+00:00	RG:Z:a40d6b40-d3ad-4fe7-8245-9c92f794f831_dna_r10.4.1_e8.2_400bps_sup@v5.2.0	DS:Z:gpu:NVIDIA GeForce RTX 4070 SUPER	PU:Z:FBG39641	DT:Z:2026-07-15T14:17:26.508000+00:00	tm:Z:adapter,primer
9812	90de6427-bcd7-4d0e-afd0-789b54c9d409	qs:f:14.6761	ch:i:159	st:Z:2026-07-15T19:26:43.153000+00:00	RG:Z:a40d6b40-d3ad-4fe7-8245-9c92f794f831_dna_r10.4.1_e8.2_400bps_sup@v5.2.0	DS:Z:gpu:NVIDIA GeForce RTX 4070 SUPER	PU:Z:FBG39641	DT:Z:2026-07-15T14:17:26.508000+00:00	tm:Z:none
9840	908c9788-a794-4bb8-bbed-7eea8e004f9d	qs:f:12.338	ch:i:455	st:Z:2026-07-15T22:33:50.744000+00:00	RG:Z:a40d6b40-d3ad-4fe7-8245-9c92f794f831_dna_r10.4.1_e8.2_400bps_sup@v5.2.0	DS:Z:gpu:NVIDIA GeForce RTX 4070 SUPER	PU:Z:FBG39641	DT:Z:2026-07-15T14:17:26.508000+00:00	tm:Z:adapter,primer rc
9894	484d48ee-9832-4d48-998c-9bdce9dfbe11	qs:f:10.1634	ch:i:76	st:Z:2026-07-15T17:45:31.820000+00:00	RG:Z:a40d6b40-d3ad-4fe7-8245-9c92f794f831_dna_r10.4.1_e8.2_400bps_sup@v5.2.0	DS:Z:gpu:NVIDIA GeForce RTX 4070 SUPER	PU:Z:FBG39641	DT:Z:2026-07-15T14:17:26.508000+00:00	tm:Z:none
9906	eaca89c9-fcf0-4005-938b-fbddd3c7b356	qs:f:12.3156	ch:i:408	st:Z:2026-07-15T17:53:25.055000+00:00	RG:Z:a40d6b40-d3ad-4fe7-8245-9c92f794f831_dna_r10.4.1_e8.2_400bps_sup@v5.2.0	DS:Z:gpu:NVIDIA GeForce RTX 4070 SUPER	PU:Z:FBG39641	DT:Z:2026-07-15T14:17:26.508000+00:00	tm:Z:adapter,primer
9938	ce30dbd2-0695-4745-8585-6fa6f3dada89	qs:f:11.7171	ch:i:133	st:Z:2026-07-15T16:34:35.527000+00:00	RG:Z:a40d6b40-d3ad-4fe7-8245-9c92f794f831_dna_r10.4.1_e8.2_400bps_sup@v5.2.0	DS:Z:gpu:NVIDIA GeForce RTX 4070 SUPER	PU:Z:FBG39641	DT:Z:2026-07-15T14:17:26.508000+00:00	tm:Z:adapter,primer rc
10015	a97e7d54-0960-40ec-a563-6b72df003557	qs:f:11.5426	ch:i:290	st:Z:2026-07-15T15:22:45.768000+00:00	RG:Z:a40d6b40-d3ad-4fe7-8245-9c92f794f831_dna_r10.4.1_e8.2_400bps_sup@v5.2.0	DS:Z:gpu:NVIDIA GeForce RTX 4070 SUPER	PU:Z:FBG39641	DT:Z:2026-07-15T14:17:26.508000+00:00	tm:Z:none rc
10036	6a301289-e7cb-4470-96ec-1d8855b5214f	qs:f:12.4509	ch:i:468	st:Z:2026-07-16T00:44:36.846000+00:00	RG:Z:a40d6b40-d3ad-4fe7-8245-9c92f794f831_dna_r10.4.1_e8.2_400bps_sup@v5.2.0	DS:Z:gpu:NVIDIA GeForce RTX 4070 SUPER	PU:Z:FBG39641	DT:Z:2026-07-15T14:17:26.508000+00:00	tm:Z:none
10040	6359c21a-ca93-4ceb-b9ea-b040baf596d9	qs:f:10.9978	ch:i:56	st:Z:2026-07-15T14:43:21.498000+00:00	RG:Z:a40d6b40-d3ad-4fe7-8245-9c92f794f831_dna_r10.4.1_e8.2_400bps_sup@v5.2.0	DS:Z:gpu:NVIDIA GeForce RTX 4070 SUPER	PU:Z:FBG39641	DT:Z:2026-07-15T14:17:26.508000+00:00	tm:Z:adapter,primer rc
10050	97f31ada-e24e-446f-bda0-8049ad6bbbdc	qs:f:12.2018	ch:i:180	st:Z:2026-07-15T18:57:18.211000+00:00	RG:Z:a40d6b40-d3ad-4fe7-8245-9c92f794f831_dna_r10.4.1_e8.2_400bps_sup@v5.2.0	DS:Z:gpu:NVIDIA GeForce RTX 4070 SUPER	PU:Z:FBG39641	DT:Z:2026-07-15T14:17:26.508000+00:00	tm:Z:adapter,primer rc
10078	56a03c3b-1aec-4b65-95c8-599919ce8979	qs:f:10.7979	ch:i:276	st:Z:2026-07-15T17:47:17.601000+00:00	RG:Z:a40d6b40-d3ad-4fe7-8245-9c92f794f831_dna_r10.4.1_e8.2_400bps_sup@v5.2.0	DS:Z:gpu:NVIDIA GeForce RTX 4070 SUPER	PU:Z:FBG39641	DT:Z:2026-07-15T14:17:26.508000+00:00	tm:Z:adapter,primer rc
10086	bc420263-5b06-4099-97db-6e6c8da65bc7	qs:f:12.258	ch:i:402	st:Z:2026-07-16T00:35:26.013000+00:00	RG:Z:a40d6b40-d3ad-4fe7-8245-9c92f794f831_dna_r10.4.1_e8.2_400bps_sup@v5.2.0	DS:Z:gpu:NVIDIA GeForce RTX 4070 SUPER	PU:Z:FBG39641	DT:Z:2026-07-15T14:17:26.508000+00:00	tm:Z:adapter,primer
10105	185abd6d-4662-489e-8000-2dec48e621e5	qs:f:10.7642	ch:i:477	st:Z:2026-07-15T15:51:50.867000+00:00	RG:Z:a40d6b40-d3ad-4fe7-8245-9c92f794f831_dna_r10.4.1_e8.2_400bps_sup@v5.2.0	DS:Z:gpu:NVIDIA GeForce RTX 4070 SUPER	PU:Z:FBG39641	DT:Z:2026-07-15T14:17:26.508000+00:00	tm:Z:adapter,primer rc
10116	be41c26a-1fc5-4c4e-91f8-b9ae07db58cc	qs:f:9.44791	ch:i:429	st:Z:2026-07-15T19:51:13.671000+00:00	RG:Z:a40d6b40-d3ad-4fe7-8245-9c92f794f831_dna_r10.4.1_e8.2_400bps_sup@v5.2.0	DS:Z:gpu:NVIDIA GeForce RTX 4070 SUPER	PU:Z:FBG39641	DT:Z:2026-07-15T14:17:26.508000+00:00	tm:Z:adapter,primer
10125	912df11d-6997-4490-9593-58d79cb79c25	qs:f:13.0346	ch:i:15	st:Z:2026-07-15T17:13:16.483000+00:00	RG:Z:a40d6b40-d3ad-4fe7-8245-9c92f794f831_dna_r10.4.1_e8.2_400bps_sup@v5.2.0	DS:Z:gpu:NVIDIA GeForce RTX 4070 SUPER	PU:Z:FBG39641	DT:Z:2026-07-15T14:17:26.508000+00:00	tm:Z:none rc
10154	59645ddd-2dfe-4c66-9adb-fdcd44e7017f	qs:f:12.4825	ch:i:454	st:Z:2026-07-16T00:06:26.677000+00:00	RG:Z:a40d6b40-d3ad-4fe7-8245-9c92f794f831_dna_r10.4.1_e8.2_400bps_sup@v5.2.0	DS:Z:gpu:NVIDIA GeForce RTX 4070 SUPER	PU:Z:FBG39641	DT:Z:2026-07-15T14:17:26.508000+00:00	tm:Z:adapter,primer
10173	d69ee8d8-dc3e-4bcd-883e-8ff4835a6275	qs:f:12.1301	ch:i:412	st:Z:2026-07-15T21:32:21.072000+00:00	RG:Z:a40d6b40-d3ad-4fe7-8245-9c92f794f831_dna_r10.4.1_e8.2_400bps_sup@v5.2.0	DS:Z:gpu:NVIDIA GeForce RTX 4070 SUPER	PU:Z:FBG39641	DT:Z:2026-07-15T14:17:26.508000+00:00	tm:Z:none rc
10189	c26796b3-d635-42d3-a4e2-cba4672743bb	qs:f:11.1748	ch:i:180	st:Z:2026-07-16T00:19:01.820000+00:00	RG:Z:a40d6b40-d3ad-4fe7-8245-9c92f794f831_dna_r10.4.1_e8.2_400bps_sup@v5.2.0	DS:Z:gpu:NVIDIA GeForce RTX 4070 SUPER	PU:Z:FBG39641	DT:Z:2026-07-15T14:17:26.508000+00:00	tm:Z:adapter,primer rc
10198	08193c53-c28e-47af-95dc-1c76151ec8cc	qs:f:12.268	ch:i:129	st:Z:2026-07-15T21:52:03.377000+00:00	RG:Z:a40d6b40-d3ad-4fe7-8245-9c92f794f831_dna_r10.4.1_e8.2_400bps_sup@v5.2.0	DS:Z:gpu:NVIDIA GeForce RTX 4070 SUPER	PU:Z:FBG39641	DT:Z:2026-07-15T14:17:26.508000+00:00	tm:Z:adapter,primer
10219	11fe9c29-3447-49a9-aced-ca0fb2334657	qs:f:14.3973	ch:i:185	st:Z:2026-07-15T20:19:21.632000+00:00	RG:Z:a40d6b40-d3ad-4fe7-8245-9c92f794f831_dna_r10.4.1_e8.2_400bps_sup@v5.2.0	DS:Z:gpu:NVIDIA GeForce RTX 4070 SUPER	PU:Z:FBG39641	DT:Z:2026-07-15T14:17:26.508000+00:00	tm:Z:adapter,primer rc
10254	b3fe4b2b-32d9-4426-abfa-7ac242cd7795	qs:f:12.8389	ch:i:339	st:Z:2026-07-15T15:03:12.281000+00:00	RG:Z:a40d6b40-d3ad-4fe7-8245-9c92f794f831_dna_r10.4.1_e8.2_400bps_sup@v5.2.0	DS:Z:gpu:NVIDIA GeForce RTX 4070 SUPER	PU:Z:FBG39641	DT:Z:2026-07-15T14:17:26.508000+00:00	tm:Z:adapter,primer rc
10312	122ab031-378b-4034-8c16-6231eb4f9f88	qs:f:11.2073	ch:i:78	st:Z:2026-07-15T20:15:34.386000+00:00	RG:Z:a40d6b40-d3ad-4fe7-8245-9c92f794f831_dna_r10.4.1_e8.2_400bps_sup@v5.2.0	DS:Z:gpu:NVIDIA GeForce RTX 4070 SUPER	PU:Z:FBG39641	DT:Z:2026-07-15T14:17:26.508000+00:00	tm:Z:adapter,primer
10321	5070562b-bc20-4051-ae1b-eab56ac4bd82	qs:f:12.1136	ch:i:241	st:Z:2026-07-15T23:34:32.016000+00:00	RG:Z:a40d6b40-d3ad-4fe7-8245-9c92f794f831_dna_r10.4.1_e8.2_400bps_sup@v5.2.0	DS:Z:gpu:NVIDIA GeForce RTX 4070 SUPER	PU:Z:FBG39641	DT:Z:2026-07-15T14:17:26.508000+00:00	tm:Z:none rc
10323	d97a0c77-ab8a-48b9-962f-22ef0d5bf7d7	qs:f:13.3729	ch:i:283	st:Z:2026-07-15T18:26:52.341000+00:00	RG:Z:a40d6b40-d3ad-4fe7-8245-9c92f794f831_dna_r10.4.1_e8.2_400bps_sup@v5.2.0	DS:Z:gpu:NVIDIA GeForce RTX 4070 SUPER	PU:Z:FBG39641	DT:Z:2026-07-15T14:17:26.508000+00:00	tm:Z:none rc
10324	d7829dde-c100-444e-8128-e6dd4dff82b1	qs:f:11.5486	ch:i:31	st:Z:2026-07-15T20:12:10.019000+00:00	RG:Z:a40d6b40-d3ad-4fe7-8245-9c92f794f831_dna_r10.4.1_e8.2_400bps_sup@v5.2.0	DS:Z:gpu:NVIDIA GeForce RTX 4070 SUPER	PU:Z:FBG39641	DT:Z:2026-07-15T14:17:26.508000+00:00	tm:Z:none
10328	ca6f6c4a-7223-4a7f-ad40-bf396167f4f4	qs:f:12.1557	ch:i:334	st:Z:2026-07-16T01:02:34.326000+00:00	RG:Z:a40d6b40-d3ad-4fe7-8245-9c92f794f831_dna_r10.4.1_e8.2_400bps_sup@v5.2.0	DS:Z:gpu:NVIDIA GeForce RTX 4070 SUPER	PU:Z:FBG39641	DT:Z:2026-07-15T14:17:26.508000+00:00	tm:Z:adapter,primer rc
10329	9c01f668-55bf-4292-8f27-78984c11f65d	qs:f:13.9123	ch:i:471	st:Z:2026-07-15T17:20:43.955000+00:00	RG:Z:a40d6b40-d3ad-4fe7-8245-9c92f794f831_dna_r10.4.1_e8.2_400bps_sup@v5.2.0	DS:Z:gpu:NVIDIA GeForce RTX 4070 SUPER	PU:Z:FBG39641	DT:Z:2026-07-15T14:17:26.508000+00:00	tm:Z:adapter,primer
10364	564ebe8e-93dd-4850-b269-1cf7b25a55ff	qs:f:14.534	ch:i:72	st:Z:2026-07-15T15:34:23.774000+00:00	RG:Z:a40d6b40-d3ad-4fe7-8245-9c92f794f831_dna_r10.4.1_e8.2_400bps_sup@v5.2.0	DS:Z:gpu:NVIDIA GeForce RTX 4070 SUPER	PU:Z:FBG39641	DT:Z:2026-07-15T14:17:26.508000+00:00	tm:Z:adapter,primer rc
10371	720d2209-7503-4624-b1ba-9f745bab7133	qs:f:12.6059	ch:i:343	st:Z:2026-07-15T14:36:02.480000+00:00	RG:Z:a40d6b40-d3ad-4fe7-8245-9c92f794f831_dna_r10.4.1_e8.2_400bps_sup@v5.2.0	DS:Z:gpu:NVIDIA GeForce RTX 4070 SUPER	PU:Z:FBG39641	DT:Z:2026-07-15T14:17:26.508000+00:00	tm:Z:adapter,primer rc
10408	4d51f750-9b9c-4b71-a3ea-d55dad1126f5	qs:f:9.71661	ch:i:191	st:Z:2026-07-16T00:24:23.677000+00:00	RG:Z:a40d6b40-d3ad-4fe7-8245-9c92f794f831_dna_r10.4.1_e8.2_400bps_sup@v5.2.0	DS:Z:gpu:NVIDIA GeForce RTX 4070 SUPER	PU:Z:FBG39641	DT:Z:2026-07-15T14:17:26.508000+00:00	tm:Z:adapter,primer
10426	b03052d9-5183-4a1d-b890-322130851a95	qs:f:12.993	ch:i:141	st:Z:2026-07-15T18:07:02.298000+00:00	RG:Z:a40d6b40-d3ad-4fe7-8245-9c92f794f831_dna_r10.4.1_e8.2_400bps_sup@v5.2.0	DS:Z:gpu:NVIDIA GeForce RTX 4070 SUPER	PU:Z:FBG39641	DT:Z:2026-07-15T14:17:26.508000+00:00	tm:Z:adapter,primer rc
10427	423b3a65-afcf-40e7-a251-797e59ec9ea9	qs:f:11.147	ch:i:429	st:Z:2026-07-15T18:05:51.791000+00:00	RG:Z:a40d6b40-d3ad-4fe7-8245-9c92f794f831_dna_r10.4.1_e8.2_400bps_sup@v5.2.0	DS:Z:gpu:NVIDIA GeForce RTX 4070 SUPER	PU:Z:FBG39641	DT:Z:2026-07-15T14:17:26.508000+00:00	tm:Z:none rc
10441	c136ecaf-f5a0-4eb3-b294-a8d8eba007d9	qs:f:10.103	ch:i:93	st:Z:2026-07-15T17:05:07.339000+00:00	RG:Z:a40d6b40-d3ad-4fe7-8245-9c92f794f831_dna_r10.4.1_e8.2_400bps_sup@v5.2.0	DS:Z:gpu:NVIDIA GeForce RTX 4070 SUPER	PU:Z:FBG39641	DT:Z:2026-07-15T14:17:26.508000+00:00	tm:Z:none
10449	cc436ec4-eade-45b1-9d6b-2f87b2664508	qs:f:10.8144	ch:i:154	st:Z:2026-07-16T00:26:52.128000+00:00	RG:Z:a40d6b40-d3ad-4fe7-8245-9c92f794f831_dna_r10.4.1_e8.2_400bps_sup@v5.2.0	DS:Z:gpu:NVIDIA GeForce RTX 4070 SUPER	PU:Z:FBG39641	DT:Z:2026-07-15T14:17:26.508000+00:00	tm:Z:adapter,primer
10451	5dee06fd-835f-4d39-b302-db43813a488c	qs:f:12.959	ch:i:335	st:Z:2026-07-15T20:33:16.905000+00:00	RG:Z:a40d6b40-d3ad-4fe7-8245-9c92f794f831_dna_r10.4.1_e8.2_400bps_sup@v5.2.0	DS:Z:gpu:NVIDIA GeForce RTX 4070 SUPER	PU:Z:FBG39641	DT:Z:2026-07-15T14:17:26.508000+00:00	tm:Z:adapter,primer
10453	d8d2d8cf-122e-4231-b5a2-9748b966b571	qs:f:12.1242	ch:i:93	st:Z:2026-07-15T16:11:50.952000+00:00	RG:Z:a40d6b40-d3ad-4fe7-8245-9c92f794f831_dna_r10.4.1_e8.2_400bps_sup@v5.2.0	DS:Z:gpu:NVIDIA GeForce RTX 4070 SUPER	PU:Z:FBG39641	DT:Z:2026-07-15T14:17:26.508000+00:00	tm:Z:none rc
10488	7b1d7b30-e867-4d87-afa4-48d9164c9e2a	qs:f:12.6136	ch:i:322	st:Z:2026-07-15T22:36:26.303000+00:00	RG:Z:a40d6b40-d3ad-4fe7-8245-9c92f794f831_dna_r10.4.1_e8.2_400bps_sup@v5.2.0	DS:Z:gpu:NVIDIA GeForce RTX 4070 SUPER	PU:Z:FBG39641	DT:Z:2026-07-15T14:17:26.508000+00:00	tm:Z:adapter,primer rc
10495	b30b007e-cdf2-4c6b-a450-45b813d33e19	qs:f:10.4778	ch:i:495	st:Z:2026-07-15T19:29:44.746000+00:00	RG:Z:a40d6b40-d3ad-4fe7-8245-9c92f794f831_dna_r10.4.1_e8.2_400bps_sup@v5.2.0	DS:Z:gpu:NVIDIA GeForce RTX 4070 SUPER	PU:Z:FBG39641	DT:Z:2026-07-15T14:17:26.508000+00:00	tm:Z:adapter,primer
10547	d0b6c323-b6ab-4a94-8846-a3febb8eaaba	qs:f:11.6069	ch:i:382	st:Z:2026-07-15T22:49:37.734000+00:00	RG:Z:a40d6b40-d3ad-4fe7-8245-9c92f794f831_dna_r10.4.1_e8.2_400bps_sup@v5.2.0	DS:Z:gpu:NVIDIA GeForce RTX 4070 SUPER	PU:Z:FBG39641	DT:Z:2026-07-15T14:17:26.508000+00:00	tm:Z:none rc
10567	8b1a1cbd-295a-43c5-a9a9-c4014ef77548	qs:f:10.8022	ch:i:158	st:Z:2026-07-15T16:58:27.500000+00:00	RG:Z:a40d6b40-d3ad-4fe7-8245-9c92f794f831_dna_r10.4.1_e8.2_400bps_sup@v5.2.0	DS:Z:gpu:NVIDIA GeForce RTX 4070 SUPER	PU:Z:FBG39641	DT:Z:2026-07-15T14:17:26.508000+00:00	tm:Z:none
10572	7dcda4b2-80c3-4b1c-b181-b9a8438ef3ef	qs:f:8.95344	ch:i:269	st:Z:2026-07-15T20:22:54.694000+00:00	RG:Z:a40d6b40-d3ad-4fe7-8245-9c92f794f831_dna_r10.4.1_e8.2_400bps_sup@v5.2.0	DS:Z:gpu:NVIDIA GeForce RTX 4070 SUPER	PU:Z:FBG39641	DT:Z:2026-07-15T14:17:26.508000+00:00	tm:Z:none rc
10610	f2eaebe3-0a96-4376-a548-954a9a0d26bc	qs:f:11.0072	ch:i:455	st:Z:2026-07-16T00:44:03.391000+00:00	RG:Z:a40d6b40-d3ad-4fe7-8245-9c92f794f831_dna_r10.4.1_e8.2_400bps_sup@v5.2.0	DS:Z:gpu:NVIDIA GeForce RTX 4070 SUPER	PU:Z:FBG39641	DT:Z:2026-07-15T14:17:26.508000+00:00	tm:Z:none rc
10633	36815ca0-c600-4a38-a949-6fbce43d473d	qs:f:11.956	ch:i:132	st:Z:2026-07-15T19:23:05.524000+00:00	RG:Z:a40d6b40-d3ad-4fe7-8245-9c92f794f831_dna_r10.4.1_e8.2_400bps_sup@v5.2.0	DS:Z:gpu:NVIDIA GeForce RTX 4070 SUPER	PU:Z:FBG39641	DT:Z:2026-07-15T14:17:26.508000+00:00	tm:Z:none
10640	7cd6daa3-649f-4ee5-8889-b470d1261a9d	qs:f:11.8328	ch:i:460	st:Z:2026-07-15T15:43:14.765000+00:00	RG:Z:a40d6b40-d3ad-4fe7-8245-9c92f794f831_dna_r10.4.1_e8.2_400bps_sup@v5.2.0	DS:Z:gpu:NVIDIA GeForce RTX 4070 SUPER	PU:Z:FBG39641	DT:Z:2026-07-15T14:17:26.508000+00:00	tm:Z:adapter,primer
10643	adb191a4-4f1e-4181-8ad3-3d18a22cb52e	qs:f:11.5261	ch:i:375	st:Z:2026-07-15T16:07:39.027000+00:00	RG:Z:a40d6b40-d3ad-4fe7-8245-9c92f794f831_dna_r10.4.1_e8.2_400bps_sup@v5.2.0	DS:Z:gpu:NVIDIA GeForce RTX 4070 SUPER	PU:Z:FBG39641	DT:Z:2026-07-15T14:17:26.508000+00:00	tm:Z:none rc
10727	0dc582b1-9938-4080-a8ca-a842af34dabe	qs:f:11.9192	ch:i:248	st:Z:2026-07-15T14:28:30.085000+00:00	RG:Z:a40d6b40-d3ad-4fe7-8245-9c92f794f831_dna_r10.4.1_e8.2_400bps_sup@v5.2.0	DS:Z:gpu:NVIDIA GeForce RTX 4070 SUPER	PU:Z:FBG39641	DT:Z:2026-07-15T14:17:26.508000+00:00	tm:Z:adapter,primer rc
10812	f23b7a0a-ceb2-44eb-a054-5867092bf0fb	qs:f:12.6017	ch:i:45	st:Z:2026-07-15T18:47:00.387000+00:00	RG:Z:a40d6b40-d3ad-4fe7-8245-9c92f794f831_dna_r10.4.1_e8.2_400bps_sup@v5.2.0	DS:Z:gpu:NVIDIA GeForce RTX 4070 SUPER	PU:Z:FBG39641	DT:Z:2026-07-15T14:17:26.508000+00:00	tm:Z:adapter,primer rc
10858	941266d5-c073-4f61-9bca-d14b10eef7a8	qs:f:10.6176	ch:i:198	st:Z:2026-07-15T22:50:11.273000+00:00	RG:Z:a40d6b40-d3ad-4fe7-8245-9c92f794f831_dna_r10.4.1_e8.2_400bps_sup@v5.2.0	DS:Z:gpu:NVIDIA GeForce RTX 4070 SUPER	PU:Z:FBG39641	DT:Z:2026-07-15T14:17:26.508000+00:00	tm:Z:adapter,primer
10986	52993970-da52-4772-beb1-808a3391c7a1	qs:f:10.9216	ch:i:27	st:Z:2026-07-15T15:43:58.213000+00:00	RG:Z:a40d6b40-d3ad-4fe7-8245-9c92f794f831_dna_r10.4.1_e8.2_400bps_sup@v5.2.0	DS:Z:gpu:NVIDIA GeForce RTX 4070 SUPER	PU:Z:FBG39641	DT:Z:2026-07-15T14:17:26.508000+00:00	tm:Z:none
10996	6525f147-e8cd-4ebe-af17-a11d5e5a284f	qs:f:11.9564	ch:i:15	st:Z:2026-07-15T20:41:34.992000+00:00	RG:Z:a40d6b40-d3ad-4fe7-8245-9c92f794f831_dna_r10.4.1_e8.2_400bps_sup@v5.2.0	DS:Z:gpu:NVIDIA GeForce RTX 4070 SUPER	PU:Z:FBG39641	DT:Z:2026-07-15T14:17:26.508000+00:00	tm:Z:adapter,primer
11060	415d33ca-b5a1-4811-b2e2-e2e15401f2da	qs:f:13.4377	ch:i:339	st:Z:2026-07-16T01:30:06.604000+00:00	RG:Z:a40d6b40-d3ad-4fe7-8245-9c92f794f831_dna_r10.4.1_e8.2_400bps_sup@v5.2.0	DS:Z:gpu:NVIDIA GeForce RTX 4070 SUPER	PU:Z:FBG39641	DT:Z:2026-07-15T14:17:26.508000+00:00	tm:Z:adapter,primer rc
11129	ed191f08-1fd7-4472-9dcb-5a6c8f06bcfc	qs:f:12.8483	ch:i:47	st:Z:2026-07-15T21:01:33.555000+00:00	RG:Z:a40d6b40-d3ad-4fe7-8245-9c92f794f831_dna_r10.4.1_e8.2_400bps_sup@v5.2.0	DS:Z:gpu:NVIDIA GeForce RTX 4070 SUPER	PU:Z:FBG39641	DT:Z:2026-07-15T14:17:26.508000+00:00	tm:Z:adapter,primer rc
11148	6d66f433-826a-4062-b9a5-1648b724c5de	qs:f:12.0434	ch:i:387	st:Z:2026-07-15T18:19:22.527000+00:00	RG:Z:a40d6b40-d3ad-4fe7-8245-9c92f794f831_dna_r10.4.1_e8.2_400bps_sup@v5.2.0	DS:Z:gpu:NVIDIA GeForce RTX 4070 SUPER	PU:Z:FBG39641	DT:Z:2026-07-15T14:17:26.508000+00:00	tm:Z:adapter,primer rc
11153	065b7b67-b582-444b-bd30-79c570429f62	qs:f:10.317	ch:i:79	st:Z:2026-07-15T18:31:58.412000+00:00	RG:Z:a40d6b40-d3ad-4fe7-8245-9c92f794f831_dna_r10.4.1_e8.2_400bps_sup@v5.2.0	DS:Z:gpu:NVIDIA GeForce RTX 4070 SUPER	PU:Z:FBG39641	DT:Z:2026-07-15T14:17:26.508000+00:00	tm:Z:adapter,primer
11159	06cf71fc-49aa-42cc-90b2-be5e7874b9a5	qs:f:12.2614	ch:i:129	st:Z:2026-07-15T17:22:16.406000+00:00	RG:Z:a40d6b40-d3ad-4fe7-8245-9c92f794f831_dna_r10.4.1_e8.2_400bps_sup@v5.2.0	DS:Z:gpu:NVIDIA GeForce RTX 4070 SUPER	PU:Z:FBG39641	DT:Z:2026-07-15T14:17:26.508000+00:00	tm:Z:adapter,primer
11193	12a63b06-f6e1-4b31-a5be-1d248aa1648d	qs:f:9.104	ch:i:334	st:Z:2026-07-15T21:09:09.628000+00:00	RG:Z:a40d6b40-d3ad-4fe7-8245-9c92f794f831_dna_r10.4.1_e8.2_400bps_sup@v5.2.0	DS:Z:gpu:NVIDIA GeForce RTX 4070 SUPER	PU:Z:FBG39641	DT:Z:2026-07-15T14:17:26.508000+00:00	tm:Z:adapter,primer
11201	f780a7f1-2475-4e3b-9ed3-87256ee05589	qs:f:12.3219	ch:i:28	st:Z:2026-07-15T16:48:54.878000+00:00	RG:Z:a40d6b40-d3ad-4fe7-8245-9c92f794f831_dna_r10.4.1_e8.2_400bps_sup@v5.2.0	DS:Z:gpu:NVIDIA GeForce RTX 4070 SUPER	PU:Z:FBG39641	DT:Z:2026-07-15T14:17:26.508000+00:00	tm:Z:none rc
11231	de2db42a-96d4-4720-95eb-25dc9162d2d8	qs:f:12.6021	ch:i:154	st:Z:2026-07-15T19:19:00.804000+00:00	RG:Z:a40d6b40-d3ad-4fe7-8245-9c92f794f831_dna_r10.4.1_e8.2_400bps_sup@v5.2.0	DS:Z:gpu:NVIDIA GeForce RTX 4070 SUPER	PU:Z:FBG39641	DT:Z:2026-07-15T14:17:26.508000+00:00	tm:Z:adapter,primer
11258	051ef9e0-ef5b-4b16-94c3-7775c453996c	qs:f:11.56	ch:i:468	st:Z:2026-07-15T14:30:02.307000+00:00	RG:Z:a40d6b40-d3ad-4fe7-8245-9c92f794f831_dna_r10.4.1_e8.2_400bps_sup@v5.2.0	DS:Z:gpu:NVIDIA GeForce RTX 4070 SUPER	PU:Z:FBG39641	DT:Z:2026-07-15T14:17:26.508000+00:00	tm:Z:adapter,primer
11304	22608518-7c0a-495a-93ef-159c98934b3e	qs:f:11.7785	ch:i:222	st:Z:2026-07-15T20:54:40.790000+00:00	RG:Z:a40d6b40-d3ad-4fe7-8245-9c92f794f831_dna_r10.4.1_e8.2_400bps_sup@v5.2.0	DS:Z:gpu:NVIDIA GeForce RTX 4070 SUPER	PU:Z:FBG39641	DT:Z:2026-07-15T14:17:26.508000+00:00	tm:Z:adapter,primer rc
11336	0ba74dbf-c381-4647-b50c-abfe2b9e17f8	qs:f:10.7568	ch:i:120	st:Z:2026-07-15T22:19:03.848000+00:00	RG:Z:a40d6b40-d3ad-4fe7-8245-9c92f794f831_dna_r10.4.1_e8.2_400bps_sup@v5.2.0	DS:Z:gpu:NVIDIA GeForce RTX 4070 SUPER	PU:Z:FBG39641	DT:Z:2026-07-15T14:17:26.508000+00:00	tm:Z:adapter,primer
11399	2b60ed13-f572-4a9b-b12d-29669b6a4c2f	qs:f:10.9828	ch:i:439	st:Z:2026-07-15T19:57:05.376000+00:00	RG:Z:a40d6b40-d3ad-4fe7-8245-9c92f794f831_dna_r10.4.1_e8.2_400bps_sup@v5.2.0	DS:Z:gpu:NVIDIA GeForce RTX 4070 SUPER	PU:Z:FBG39641	DT:Z:2026-07-15T14:17:26.508000+00:00	tm:Z:adapter,primer
11484	8893b2c5-1cfc-49fe-9448-cd00a2e16b43	qs:f:11.0626	ch:i:352	st:Z:2026-07-15T16:03:26.756000+00:00	RG:Z:a40d6b40-d3ad-4fe7-8245-9c92f794f831_dna_r10.4.1_e8.2_400bps_sup@v5.2.0	DS:Z:gpu:NVIDIA GeForce RTX 4070 SUPER	PU:Z:FBG39641	DT:Z:2026-07-15T14:17:26.508000+00:00	tm:Z:adapter,primer
11576	adb24016-8ac6-44d8-beb0-d0ab6b3be48f	qs:f:11.2203	ch:i:15	st:Z:2026-07-16T00:47:36.480000+00:00	RG:Z:a40d6b40-d3ad-4fe7-8245-9c92f794f831_dna_r10.4.1_e8.2_400bps_sup@v5.2.0	DS:Z:gpu:NVIDIA GeForce RTX 4070 SUPER	PU:Z:FBG39641	DT:Z:2026-07-15T14:17:26.508000+00:00	tm:Z:adapter,primer
11605	13f54ae2-c31a-4696-921b-4fb48b316054	qs:f:11.2659	ch:i:79	st:Z:2026-07-15T16:26:24.042000+00:00	RG:Z:a40d6b40-d3ad-4fe7-8245-9c92f794f831_dna_r10.4.1_e8.2_400bps_sup@v5.2.0	DS:Z:gpu:NVIDIA GeForce RTX 4070 SUPER	PU:Z:FBG39641	DT:Z:2026-07-15T14:17:26.508000+00:00	tm:Z:adapter,primer
11620	533bcdbb-4e8d-41ac-a9fb-8beeee4476e0	qs:f:11.3651	ch:i:366	st:Z:2026-07-15T17:20:42.468000+00:00	RG:Z:a40d6b40-d3ad-4fe7-8245-9c92f794f831_dna_r10.4.1_e8.2_400bps_sup@v5.2.0	DS:Z:gpu:NVIDIA GeForce RTX 4070 SUPER	PU:Z:FBG39641	DT:Z:2026-07-15T14:17:26.508000+00:00	tm:Z:adapter,primer rc
11643	6321cb81-4280-4400-a625-5827f630440f	qs:f:11.9787	ch:i:101	st:Z:2026-07-15T15:03:33.222000+00:00	RG:Z:a40d6b40-d3ad-4fe7-8245-9c92f794f831_dna_r10.4.1_e8.2_400bps_sup@v5.2.0	DS:Z:gpu:NVIDIA GeForce RTX 4070 SUPER	PU:Z:FBG39641	DT:Z:2026-07-15T14:17:26.508000+00:00	tm:Z:adapter,primer
11702	95c75beb-f7ba-417d-bf85-a2cc210a2a92	qs:f:11.6506	ch:i:382	st:Z:2026-07-15T17:41:20.348000+00:00	RG:Z:a40d6b40-d3ad-4fe7-8245-9c92f794f831_dna_r10.4.1_e8.2_400bps_sup@v5.2.0	DS:Z:gpu:NVIDIA GeForce RTX 4070 SUPER	PU:Z:FBG39641	DT:Z:2026-07-15T14:17:26.508000+00:00	tm:Z:adapter,primer rc
11731	b2c85640-6c38-4aae-a16f-e3894b39937f	qs:f:11.5768	ch:i:468	st:Z:2026-07-15T16:54:46.432000+00:00	RG:Z:a40d6b40-d3ad-4fe7-8245-9c92f794f831_dna_r10.4.1_e8.2_400bps_sup@v5.2.0	DS:Z:gpu:NVIDIA GeForce RTX 4070 SUPER	PU:Z:FBG39641	DT:Z:2026-07-15T14:17:26.508000+00:00	tm:Z:adapter,primer rc
11748	60d3442e-5097-4359-b4ea-18ad9d2d58b3	qs:f:8.95283	ch:i:260	st:Z:2026-07-15T23:35:07.710000+00:00	RG:Z:a40d6b40-d3ad-4fe7-8245-9c92f794f831_dna_r10.4.1_e8.2_400bps_sup@v5.2.0	DS:Z:gpu:NVIDIA GeForce RTX 4070 SUPER	PU:Z:FBG39641	DT:Z:2026-07-15T14:17:26.508000+00:00	tm:Z:adapter,primer
11923	72bfa3ee-e9bd-49c3-8d26-a1ea45c2ba4e	qs:f:9.98549	ch:i:93	st:Z:2026-07-15T18:11:11.312000+00:00	RG:Z:a40d6b40-d3ad-4fe7-8245-9c92f794f831_dna_r10.4.1_e8.2_400bps_sup@v5.2.0	DS:Z:gpu:NVIDIA GeForce RTX 4070 SUPER	PU:Z:FBG39641	DT:Z:2026-07-15T14:17:26.508000+00:00	tm:Z:adapter,primer
11960	39d2c762-22cd-47da-b337-2caaf02ffd60	qs:f:11.5246	ch:i:242	st:Z:2026-07-15T22:01:06.888000+00:00	RG:Z:a40d6b40-d3ad-4fe7-8245-9c92f794f831_dna_r10.4.1_e8.2_400bps_sup@v5.2.0	DS:Z:gpu:NVIDIA GeForce RTX 4070 SUPER	PU:Z:FBG39641	DT:Z:2026-07-15T14:17:26.508000+00:00	tm:Z:none rc
11998	6b9427aa-4c23-4be8-8117-e8ce7b0ab23e	qs:f:9.96983	ch:i:454	st:Z:2026-07-15T18:25:29.456000+00:00	RG:Z:a40d6b40-d3ad-4fe7-8245-9c92f794f831_dna_r10.4.1_e8.2_400bps_sup@v5.2.0	DS:Z:gpu:NVIDIA GeForce RTX 4070 SUPER	PU:Z:FBG39641	DT:Z:2026-07-15T14:17:26.508000+00:00	tm:Z:adapter,primer
12002	88452f55-3438-45b5-b56c-bdab9697852a	qs:f:9.22001	ch:i:440	st:Z:2026-07-15T17:13:41.866000+00:00	RG:Z:a40d6b40-d3ad-4fe7-8245-9c92f794f831_dna_r10.4.1_e8.2_400bps_sup@v5.2.0	DS:Z:gpu:NVIDIA GeForce RTX 4070 SUPER	PU:Z:FBG39641	DT:Z:2026-07-15T14:17:26.508000+00:00	tm:Z:adapter,primer rc
12028	87f17a05-57b4-467d-a207-05529ab64a1d	qs:f:11.0603	ch:i:448	st:Z:2026-07-15T15:52:34.271000+00:00	RG:Z:a40d6b40-d3ad-4fe7-8245-9c92f794f831_dna_r10.4.1_e8.2_400bps_sup@v5.2.0	DS:Z:gpu:NVIDIA GeForce RTX 4070 SUPER	PU:Z:FBG39641	DT:Z:2026-07-15T14:17:26.508000+00:00	tm:Z:adapter,primer rc
12029	b39cbfaf-fe4f-4976-b57d-7f38df141c4a	qs:f:9.01662	ch:i:429	st:Z:2026-07-15T20:07:18.045000+00:00	RG:Z:a40d6b40-d3ad-4fe7-8245-9c92f794f831_dna_r10.4.1_e8.2_400bps_sup@v5.2.0	DS:Z:gpu:NVIDIA GeForce RTX 4070 SUPER	PU:Z:FBG39641	DT:Z:2026-07-15T14:17:26.508000+00:00	tm:Z:adapter,primer rc
12035	2b611119-d013-488c-8937-f5faf0ae526a	qs:f:10.0762	ch:i:96	st:Z:2026-07-15T19:46:11.516000+00:00	RG:Z:a40d6b40-d3ad-4fe7-8245-9c92f794f831_dna_r10.4.1_e8.2_400bps_sup@v5.2.0	DS:Z:gpu:NVIDIA GeForce RTX 4070 SUPER	PU:Z:FBG39641	DT:Z:2026-07-15T14:17:26.508000+00:00	tm:Z:adapter,primer rc
12092	adde7f22-3b07-4314-a558-8f0cf090222f	qs:f:9.20802	ch:i:501	st:Z:2026-07-15T15:15:01.286000+00:00	RG:Z:a40d6b40-d3ad-4fe7-8245-9c92f794f831_dna_r10.4.1_e8.2_400bps_sup@v5.2.0	DS:Z:gpu:NVIDIA GeForce RTX 4070 SUPER	PU:Z:FBG39641	DT:Z:2026-07-15T14:17:26.508000+00:00	tm:Z:adapter,primer rc
12124	43e94e1a-b3f5-4427-a51c-47d1488a932f	qs:f:8.90108	ch:i:85	st:Z:2026-07-15T20:39:09.899000+00:00	RG:Z:a40d6b40-d3ad-4fe7-8245-9c92f794f831_dna_r10.4.1_e8.2_400bps_sup@v5.2.0	DS:Z:gpu:NVIDIA GeForce RTX 4070 SUPER	PU:Z:FBG39641	DT:Z:2026-07-15T14:17:26.508000+00:00	tm:Z:none
12182	3eb732c5-c78a-4d4c-8f25-e6fae935865b	qs:f:9.46815	ch:i:173	st:Z:2026-07-15T17:43:06.739000+00:00	RG:Z:a40d6b40-d3ad-4fe7-8245-9c92f794f831_dna_r10.4.1_e8.2_400bps_sup@v5.2.0	DS:Z:gpu:NVIDIA GeForce RTX 4070 SUPER	PU:Z:FBG39641	DT:Z:2026-07-15T14:17:26.508000+00:00	tm:Z:adapter,primer
12188	59125bf7-7313-431c-a7d0-92df95c8e13d	qs:f:8.95111	ch:i:56	st:Z:2026-07-16T01:53:04.664000+00:00	RG:Z:a40d6b40-d3ad-4fe7-8245-9c92f794f831_dna_r10.4.1_e8.2_400bps_sup@v5.2.0	DS:Z:gpu:NVIDIA GeForce RTX 4070 SUPER	PU:Z:FBG39641	DT:Z:2026-07-15T14:17:26.508000+00:00	tm:Z:none
12214	7b5e4493-77fc-4da6-a54a-92367b7f7830	qs:f:9.58435	ch:i:481	st:Z:2026-07-16T00:23:14.167000+00:00	RG:Z:a40d6b40-d3ad-4fe7-8245-9c92f794f831_dna_r10.4.1_e8.2_400bps_sup@v5.2.0	DS:Z:gpu:NVIDIA GeForce RTX 4070 SUPER	PU:Z:FBG39641	DT:Z:2026-07-15T14:17:26.508000+00:00	tm:Z:adapter,primer rc
