4	e9fa79ca-1710-4fce-adf7-c01975cd998d runid=0dfb5b492dc86ce99bf7c61c734eb364afcdb5c8 ch=20 start_time=2025-09-25T22:43:12.398161+00:00 flow_cell_id=AWX817 basecall_gpu=NVIDIA_Tegra_X2 protocol_group_id=ONT_trialEb_250925 sample_id=ONT_trail_250925 barcode=barcode23 barcode_alias=barcode23 parent_read_id=e9fa79ca-1710-4fce-adf7-c01975cd998d basecall_model_version_id=dna_r10.4.1_e8.2_400bps_hac@v4.3.0 rc
4	04b132d5-5937-419a-a2ba-a4659b1e1e75 runid=0dfb5b492dc86ce99bf7c61c734eb364afcdb5c8 ch=44 start_time=2025-09-26T01:57:53.398161+00:00 flow_cell_id=AWX817 basecall_gpu=NVIDIA_Tegra_X2 protocol_group_id=ONT_trialEb_250925 sample_id=ONT_trail_250925 barcode=barcode14 barcode_alias=barcode14 parent_read_id=04b132d5-5937-419a-a2ba-a4659b1e1e75 basecall_model_version_id=dna_r10.4.1_e8.2_400bps_hac@v4.3.0 rc
4	04b132d5-5937-419a-a2ba-a4659b1e1e75 runid=0dfb5b492dc86ce99bf7c61c734eb364afcdb5c8 ch=44 start_time=2025-09-26T01:57:53.398161+00:00 flow_cell_id=AWX817 basecall_gpu=NVIDIA_Tegra_X2 protocol_group_id=ONT_trialEb_250925 sample_id=ONT_trail_250925 barcode=barcode14 barcode_alias=barcode14 parent_read_id=04b132d5-5937-419a-a2ba-a4659b1e1e75 basecall_model_version_id=dna_r10.4.1_e8.2_400bps_hac@v4.3.0 rc
4	be73ba87-4e34-4e5f-ba21-e07ebecb8a23 runid=0dfb5b492dc86ce99bf7c61c734eb364afcdb5c8 ch=6 start_time=2025-09-25T17:11:04.398161+00:00 flow_cell_id=AWX817 basecall_gpu=NVIDIA_Tegra_X2 protocol_group_id=ONT_trialEb_250925 sample_id=ONT_trail_250925 barcode=barcode22 barcode_alias=barcode22 parent_read_id=be73ba87-4e34-4e5f-ba21-e07ebecb8a23 basecall_model_version_id=dna_r10.4.1_e8.2_400bps_hac@v4.3.0 rc
4	be73ba87-4e34-4e5f-ba21-e07ebecb8a23 runid=0dfb5b492dc86ce99bf7c61c734eb364afcdb5c8 ch=6 start_time=2025-09-25T17:11:04.398161+00:00 flow_cell_id=AWX817 basecall_gpu=NVIDIA_Tegra_X2 protocol_group_id=ONT_trialEb_250925 sample_id=ONT_trail_250925 barcode=barcode22 barcode_alias=barcode22 parent_read_id=be73ba87-4e34-4e5f-ba21-e07ebecb8a23 basecall_model_version_id=dna_r10.4.1_e8.2_400bps_hac@v4.3.0 rc
4	f4ffd5d5-4fb8-461b-be8e-d132c779872b runid=0dfb5b492dc86ce99bf7c61c734eb364afcdb5c8 ch=106 start_time=2025-09-25T15:59:20.398161+00:00 flow_cell_id=AWX817 basecall_gpu=NVIDIA_Tegra_X2 protocol_group_id=ONT_trialEb_250925 sample_id=ONT_trail_250925 barcode=barcode23 barcode_alias=barcode23 parent_read_id=f4ffd5d5-4fb8-461b-be8e-d132c779872b basecall_model_version_id=dna_r10.4.1_e8.2_400bps_hac@v4.3.0 rc
4	42f903a0-bb1d-4b71-8c53-51dbfa55faaf runid=0dfb5b492dc86ce99bf7c61c734eb364afcdb5c8 ch=58 start_time=2025-09-25T17:25:05.398161+00:00 flow_cell_id=AWX817 basecall_gpu=NVIDIA_Tegra_X2 protocol_group_id=ONT_trialEb_250925 sample_id=ONT_trail_250925 barcode=barcode14 barcode_alias=barcode14 parent_read_id=42f903a0-bb1d-4b71-8c53-51dbfa55faaf basecall_model_version_id=dna_r10.4.1_e8.2_400bps_hac@v4.3.0
4	42f903a0-bb1d-4b71-8c53-51dbfa55faaf runid=0dfb5b492dc86ce99bf7c61c734eb364afcdb5c8 ch=58 start_time=2025-09-25T17:25:05.398161+00:00 flow_cell_id=AWX817 basecall_gpu=NVIDIA_Tegra_X2 protocol_group_id=ONT_trialEb_250925 sample_id=ONT_trail_250925 barcode=barcode14 barcode_alias=barcode14 parent_read_id=42f903a0-bb1d-4b71-8c53-51dbfa55faaf basecall_model_version_id=dna_r10.4.1_e8.2_400bps_hac@v4.3.0
4	8f63e30d-62a5-4571-9026-c22ee0634952 runid=0dfb5b492dc86ce99bf7c61c734eb364afcdb5c8 ch=4 start_time=2025-09-25T19:01:10.398161+00:00 flow_cell_id=AWX817 basecall_gpu=NVIDIA_Tegra_X2 protocol_group_id=ONT_trialEb_250925 sample_id=ONT_trail_250925 barcode=barcode23 barcode_alias=barcode23 parent_read_id=8f63e30d-62a5-4571-9026-c22ee0634952 basecall_model_version_id=dna_r10.4.1_e8.2_400bps_hac@v4.3.0
4	68b1a257-67fc-4b1c-9189-03cf7200f324 runid=0dfb5b492dc86ce99bf7c61c734eb364afcdb5c8 ch=40 start_time=2025-09-25T17:25:26.398161+00:00 flow_cell_id=AWX817 basecall_gpu=NVIDIA_Tegra_X2 protocol_group_id=ONT_trialEb_250925 sample_id=ONT_trail_250925 barcode=barcode22 barcode_alias=barcode22 parent_read_id=68b1a257-67fc-4b1c-9189-03cf7200f324 basecall_model_version_id=dna_r10.4.1_e8.2_400bps_hac@v4.3.0
4	68b1a257-67fc-4b1c-9189-03cf7200f324 runid=0dfb5b492dc86ce99bf7c61c734eb364afcdb5c8 ch=40 start_time=2025-09-25T17:25:26.398161+00:00 flow_cell_id=AWX817 basecall_gpu=NVIDIA_Tegra_X2 protocol_group_id=ONT_trialEb_250925 sample_id=ONT_trail_250925 barcode=barcode22 barcode_alias=barcode22 parent_read_id=68b1a257-67fc-4b1c-9189-03cf7200f324 basecall_model_version_id=dna_r10.4.1_e8.2_400bps_hac@v4.3.0
4	110b9b76-f5b0-41ac-a2b4-81c7adf18270 runid=0dfb5b492dc86ce99bf7c61c734eb364afcdb5c8 ch=49 start_time=2025-09-25T18:39:32.398161+00:00 flow_cell_id=AWX817 basecall_gpu=NVIDIA_Tegra_X2 protocol_group_id=ONT_trialEb_250925 sample_id=ONT_trail_250925 barcode=barcode22 barcode_alias=barcode22 parent_read_id=110b9b76-f5b0-41ac-a2b4-81c7adf18270 basecall_model_version_id=dna_r10.4.1_e8.2_400bps_hac@v4.3.0 rc
4	110b9b76-f5b0-41ac-a2b4-81c7adf18270 runid=0dfb5b492dc86ce99bf7c61c734eb364afcdb5c8 ch=49 start_time=2025-09-25T18:39:32.398161+00:00 flow_cell_id=AWX817 basecall_gpu=NVIDIA_Tegra_X2 protocol_group_id=ONT_trialEb_250925 sample_id=ONT_trail_250925 barcode=barcode22 barcode_alias=barcode22 parent_read_id=110b9b76-f5b0-41ac-a2b4-81c7adf18270 basecall_model_version_id=dna_r10.4.1_e8.2_400bps_hac@v4.3.0 rc
4	d65c5869-f888-4dae-b9e4-e7d7445fc430 runid=0dfb5b492dc86ce99bf7c61c734eb364afcdb5c8 ch=20 start_time=2025-09-26T05:46:37.398161+00:00 flow_cell_id=AWX817 basecall_gpu=NVIDIA_Tegra_X2 protocol_group_id=ONT_trialEb_250925 sample_id=ONT_trail_250925 barcode=barcode14 barcode_alias=barcode14 parent_read_id=d65c5869-f888-4dae-b9e4-e7d7445fc430 basecall_model_version_id=dna_r10.4.1_e8.2_400bps_hac@v4.3.0 rc
4	d65c5869-f888-4dae-b9e4-e7d7445fc430 runid=0dfb5b492dc86ce99bf7c61c734eb364afcdb5c8 ch=20 start_time=2025-09-26T05:46:37.398161+00:00 flow_cell_id=AWX817 basecall_gpu=NVIDIA_Tegra_X2 protocol_group_id=ONT_trialEb_250925 sample_id=ONT_trail_250925 barcode=barcode14 barcode_alias=barcode14 parent_read_id=d65c5869-f888-4dae-b9e4-e7d7445fc430 basecall_model_version_id=dna_r10.4.1_e8.2_400bps_hac@v4.3.0 rc
4	7a34363f-1c8d-46c2-a1ff-3d4b68dcdf37 runid=0dfb5b492dc86ce99bf7c61c734eb364afcdb5c8 ch=4 start_time=2025-09-25T20:47:25.398161+00:00 flow_cell_id=AWX817 basecall_gpu=NVIDIA_Tegra_X2 protocol_group_id=ONT_trialEb_250925 sample_id=ONT_trail_250925 barcode=barcode24 barcode_alias=barcode24 parent_read_id=7a34363f-1c8d-46c2-a1ff-3d4b68dcdf37 basecall_model_version_id=dna_r10.4.1_e8.2_400bps_hac@v4.3.0 rc
4	ea76879a-91e1-482f-a87a-a61faa105cdf runid=0dfb5b492dc86ce99bf7c61c734eb364afcdb5c8 ch=110 start_time=2025-09-25T18:04:42.398161+00:00 flow_cell_id=AWX817 basecall_gpu=NVIDIA_Tegra_X2 protocol_group_id=ONT_trialEb_250925 sample_id=ONT_trail_250925 barcode=barcode15 barcode_alias=barcode15 parent_read_id=ea76879a-91e1-482f-a87a-a61faa105cdf basecall_model_version_id=dna_r10.4.1_e8.2_400bps_hac@v4.3.0
4	5ba6be89-11fb-42ee-858f-a520f7185f75 runid=0dfb5b492dc86ce99bf7c61c734eb364afcdb5c8 ch=44 start_time=2025-09-26T03:30:04.398161+00:00 flow_cell_id=AWX817 basecall_gpu=NVIDIA_Tegra_X2 protocol_group_id=ONT_trialEb_250925 sample_id=ONT_trail_250925 barcode=barcode14 barcode_alias=barcode14 parent_read_id=5ba6be89-11fb-42ee-858f-a520f7185f75 basecall_model_version_id=dna_r10.4.1_e8.2_400bps_hac@v4.3.0 rc
4	5ba6be89-11fb-42ee-858f-a520f7185f75 runid=0dfb5b492dc86ce99bf7c61c734eb364afcdb5c8 ch=44 start_time=2025-09-26T03:30:04.398161+00:00 flow_cell_id=AWX817 basecall_gpu=NVIDIA_Tegra_X2 protocol_group_id=ONT_trialEb_250925 sample_id=ONT_trail_250925 barcode=barcode14 barcode_alias=barcode14 parent_read_id=5ba6be89-11fb-42ee-858f-a520f7185f75 basecall_model_version_id=dna_r10.4.1_e8.2_400bps_hac@v4.3.0 rc
4	88c382ae-35d8-4ca3-9d0f-fd857c88dc9a runid=0dfb5b492dc86ce99bf7c61c734eb364afcdb5c8 ch=40 start_time=2025-09-25T18:29:12.398161+00:00 flow_cell_id=AWX817 basecall_gpu=NVIDIA_Tegra_X2 protocol_group_id=ONT_trialEb_250925 sample_id=ONT_trail_250925 barcode=barcode23 barcode_alias=barcode23 parent_read_id=88c382ae-35d8-4ca3-9d0f-fd857c88dc9a basecall_model_version_id=dna_r10.4.1_e8.2_400bps_hac@v4.3.0 rc
4	2928f1bc-ab64-4de8-ac94-8a875f66da12 runid=0dfb5b492dc86ce99bf7c61c734eb364afcdb5c8 ch=4 start_time=2025-09-26T03:38:19.398161+00:00 flow_cell_id=AWX817 basecall_gpu=NVIDIA_Tegra_X2 protocol_group_id=ONT_trialEb_250925 sample_id=ONT_trail_250925 barcode=barcode22 barcode_alias=barcode22 parent_read_id=2928f1bc-ab64-4de8-ac94-8a875f66da12 basecall_model_version_id=dna_r10.4.1_e8.2_400bps_hac@v4.3.0 rc
4	2928f1bc-ab64-4de8-ac94-8a875f66da12 runid=0dfb5b492dc86ce99bf7c61c734eb364afcdb5c8 ch=4 start_time=2025-09-26T03:38:19.398161+00:00 flow_cell_id=AWX817 basecall_gpu=NVIDIA_Tegra_X2 protocol_group_id=ONT_trialEb_250925 sample_id=ONT_trail_250925 barcode=barcode22 barcode_alias=barcode22 parent_read_id=2928f1bc-ab64-4de8-ac94-8a875f66da12 basecall_model_version_id=dna_r10.4.1_e8.2_400bps_hac@v4.3.0 rc
4	21d30988-9aca-488a-b369-4457eddb6c42 runid=0dfb5b492dc86ce99bf7c61c734eb364afcdb5c8 ch=49 start_time=2025-09-25T18:20:52.398161+00:00 flow_cell_id=AWX817 basecall_gpu=NVIDIA_Tegra_X2 protocol_group_id=ONT_trialEb_250925 sample_id=ONT_trail_250925 barcode=barcode23 barcode_alias=barcode23 parent_read_id=21d30988-9aca-488a-b369-4457eddb6c42 basecall_model_version_id=dna_r10.4.1_e8.2_400bps_hac@v4.3.0 rc
4	167b44b5-68fa-4d76-a707-396d8782de75 runid=0dfb5b492dc86ce99bf7c61c734eb364afcdb5c8 ch=43 start_time=2025-09-25T20:34:11.398161+00:00 flow_cell_id=AWX817 basecall_gpu=NVIDIA_Tegra_X2 protocol_group_id=ONT_trialEb_250925 sample_id=ONT_trail_250925 barcode=barcode22 barcode_alias=barcode22 parent_read_id=167b44b5-68fa-4d76-a707-396d8782de75 basecall_model_version_id=dna_r10.4.1_e8.2_400bps_hac@v4.3.0 rc
4	167b44b5-68fa-4d76-a707-396d8782de75 runid=0dfb5b492dc86ce99bf7c61c734eb364afcdb5c8 ch=43 start_time=2025-09-25T20:34:11.398161+00:00 flow_cell_id=AWX817 basecall_gpu=NVIDIA_Tegra_X2 protocol_group_id=ONT_trialEb_250925 sample_id=ONT_trail_250925 barcode=barcode22 barcode_alias=barcode22 parent_read_id=167b44b5-68fa-4d76-a707-396d8782de75 basecall_model_version_id=dna_r10.4.1_e8.2_400bps_hac@v4.3.0 rc
4	9a7e6d8d-b3a5-4358-bd01-f6399735507d runid=0dfb5b492dc86ce99bf7c61c734eb364afcdb5c8 ch=20 start_time=2025-09-26T12:08:26.398161+00:00 flow_cell_id=AWX817 basecall_gpu=NVIDIA_Tegra_X2 protocol_group_id=ONT_trialEb_250925 sample_id=ONT_trail_250925 barcode=barcode14 barcode_alias=barcode14 parent_read_id=9a7e6d8d-b3a5-4358-bd01-f6399735507d basecall_model_version_id=dna_r10.4.1_e8.2_400bps_hac@v4.3.0
4	9a7e6d8d-b3a5-4358-bd01-f6399735507d runid=0dfb5b492dc86ce99bf7c61c734eb364afcdb5c8 ch=20 start_time=2025-09-26T12:08:26.398161+00:00 flow_cell_id=AWX817 basecall_gpu=NVIDIA_Tegra_X2 protocol_group_id=ONT_trialEb_250925 sample_id=ONT_trail_250925 barcode=barcode14 barcode_alias=barcode14 parent_read_id=9a7e6d8d-b3a5-4358-bd01-f6399735507d basecall_model_version_id=dna_r10.4.1_e8.2_400bps_hac@v4.3.0
4	119fed63-5dc2-4d78-a90a-c23366901221 runid=0dfb5b492dc86ce99bf7c61c734eb364afcdb5c8 ch=20 start_time=2025-09-25T21:08:15.398161+00:00 flow_cell_id=AWX817 basecall_gpu=NVIDIA_Tegra_X2 protocol_group_id=ONT_trialEb_250925 sample_id=ONT_trail_250925 barcode=barcode14 barcode_alias=barcode14 parent_read_id=119fed63-5dc2-4d78-a90a-c23366901221 basecall_model_version_id=dna_r10.4.1_e8.2_400bps_hac@v4.3.0
4	119fed63-5dc2-4d78-a90a-c23366901221 runid=0dfb5b492dc86ce99bf7c61c734eb364afcdb5c8 ch=20 start_time=2025-09-25T21:08:15.398161+00:00 flow_cell_id=AWX817 basecall_gpu=NVIDIA_Tegra_X2 protocol_group_id=ONT_trialEb_250925 sample_id=ONT_trail_250925 barcode=barcode14 barcode_alias=barcode14 parent_read_id=119fed63-5dc2-4d78-a90a-c23366901221 basecall_model_version_id=dna_r10.4.1_e8.2_400bps_hac@v4.3.0
4	94222aaa-f31d-4f24-8e1e-831b799ac2c9 runid=0dfb5b492dc86ce99bf7c61c734eb364afcdb5c8 ch=110 start_time=2025-09-25T22:12:49.398161+00:00 flow_cell_id=AWX817 basecall_gpu=NVIDIA_Tegra_X2 protocol_group_id=ONT_trialEb_250925 sample_id=ONT_trail_250925 barcode=barcode14 barcode_alias=barcode14 parent_read_id=94222aaa-f31d-4f24-8e1e-831b799ac2c9 basecall_model_version_id=dna_r10.4.1_e8.2_400bps_hac@v4.3.0 rc
4	94222aaa-f31d-4f24-8e1e-831b799ac2c9 runid=0dfb5b492dc86ce99bf7c61c734eb364afcdb5c8 ch=110 start_time=2025-09-25T22:12:49.398161+00:00 flow_cell_id=AWX817 basecall_gpu=NVIDIA_Tegra_X2 protocol_group_id=ONT_trialEb_250925 sample_id=ONT_trail_250925 barcode=barcode14 barcode_alias=barcode14 parent_read_id=94222aaa-f31d-4f24-8e1e-831b799ac2c9 basecall_model_version_id=dna_r10.4.1_e8.2_400bps_hac@v4.3.0 rc
4	9d970f76-f65c-462a-b49d-9dbb509789f2 runid=0dfb5b492dc86ce99bf7c61c734eb364afcdb5c8 ch=23 start_time=2025-09-25T18:12:49.398161+00:00 flow_cell_id=AWX817 basecall_gpu=NVIDIA_Tegra_X2 protocol_group_id=ONT_trialEb_250925 sample_id=ONT_trail_250925 barcode=barcode15 barcode_alias=barcode15 parent_read_id=9d970f76-f65c-462a-b49d-9dbb509789f2 basecall_model_version_id=dna_r10.4.1_e8.2_400bps_hac@v4.3.0
4	ebac7258-b772-46dc-bc2d-5672e0fa1320 runid=0dfb5b492dc86ce99bf7c61c734eb364afcdb5c8 ch=4 start_time=2025-09-26T00:26:30.398161+00:00 flow_cell_id=AWX817 basecall_gpu=NVIDIA_Tegra_X2 protocol_group_id=ONT_trialEb_250925 sample_id=ONT_trail_250925 barcode=barcode14 barcode_alias=barcode14 parent_read_id=ebac7258-b772-46dc-bc2d-5672e0fa1320 basecall_model_version_id=dna_r10.4.1_e8.2_400bps_hac@v4.3.0 rc
4	ebac7258-b772-46dc-bc2d-5672e0fa1320 runid=0dfb5b492dc86ce99bf7c61c734eb364afcdb5c8 ch=4 start_time=2025-09-26T00:26:30.398161+00:00 flow_cell_id=AWX817 basecall_gpu=NVIDIA_Tegra_X2 protocol_group_id=ONT_trialEb_250925 sample_id=ONT_trail_250925 barcode=barcode14 barcode_alias=barcode14 parent_read_id=ebac7258-b772-46dc-bc2d-5672e0fa1320 basecall_model_version_id=dna_r10.4.1_e8.2_400bps_hac@v4.3.0 rc
4	9b159ba9-d30b-4cd7-ab43-d878f9359832 runid=0dfb5b492dc86ce99bf7c61c734eb364afcdb5c8 ch=6 start_time=2025-09-25T16:32:07.398161+00:00 flow_cell_id=AWX817 basecall_gpu=NVIDIA_Tegra_X2 protocol_group_id=ONT_trialEb_250925 sample_id=ONT_trail_250925 barcode=barcode24 barcode_alias=barcode24 parent_read_id=9b159ba9-d30b-4cd7-ab43-d878f9359832 basecall_model_version_id=dna_r10.4.1_e8.2_400bps_hac@v4.3.0
4	625870e0-5f51-4b5c-9861-c80552f3481f runid=0dfb5b492dc86ce99bf7c61c734eb364afcdb5c8 ch=44 start_time=2025-09-26T00:50:50.398161+00:00 flow_cell_id=AWX817 basecall_gpu=NVIDIA_Tegra_X2 protocol_group_id=ONT_trialEb_250925 sample_id=ONT_trail_250925 barcode=barcode14 barcode_alias=barcode14 parent_read_id=625870e0-5f51-4b5c-9861-c80552f3481f basecall_model_version_id=dna_r10.4.1_e8.2_400bps_hac@v4.3.0 rc
4	625870e0-5f51-4b5c-9861-c80552f3481f runid=0dfb5b492dc86ce99bf7c61c734eb364afcdb5c8 ch=44 start_time=2025-09-26T00:50:50.398161+00:00 flow_cell_id=AWX817 basecall_gpu=NVIDIA_Tegra_X2 protocol_group_id=ONT_trialEb_250925 sample_id=ONT_trail_250925 barcode=barcode14 barcode_alias=barcode14 parent_read_id=625870e0-5f51-4b5c-9861-c80552f3481f basecall_model_version_id=dna_r10.4.1_e8.2_400bps_hac@v4.3.0 rc
4	ea5b8ab5-5abd-4833-b945-7d4514fa5791 runid=0dfb5b492dc86ce99bf7c61c734eb364afcdb5c8 ch=4 start_time=2025-09-26T05:14:37.398161+00:00 flow_cell_id=AWX817 basecall_gpu=NVIDIA_Tegra_X2 protocol_group_id=ONT_trialEb_250925 sample_id=ONT_trail_250925 barcode=barcode14 barcode_alias=barcode14 parent_read_id=ea5b8ab5-5abd-4833-b945-7d4514fa5791 basecall_model_version_id=dna_r10.4.1_e8.2_400bps_hac@v4.3.0 rc
4	ea5b8ab5-5abd-4833-b945-7d4514fa5791 runid=0dfb5b492dc86ce99bf7c61c734eb364afcdb5c8 ch=4 start_time=2025-09-26T05:14:37.398161+00:00 flow_cell_id=AWX817 basecall_gpu=NVIDIA_Tegra_X2 protocol_group_id=ONT_trialEb_250925 sample_id=ONT_trail_250925 barcode=barcode14 barcode_alias=barcode14 parent_read_id=ea5b8ab5-5abd-4833-b945-7d4514fa5791 basecall_model_version_id=dna_r10.4.1_e8.2_400bps_hac@v4.3.0 rc
4	565e33ca-663b-4ee2-b8ed-d11b7d7199b3 runid=0dfb5b492dc86ce99bf7c61c734eb364afcdb5c8 ch=57 start_time=2025-09-25T16:05:03.398161+00:00 flow_cell_id=AWX817 basecall_gpu=NVIDIA_Tegra_X2 protocol_group_id=ONT_trialEb_250925 sample_id=ONT_trail_250925 barcode=barcode22 barcode_alias=barcode22 parent_read_id=565e33ca-663b-4ee2-b8ed-d11b7d7199b3 basecall_model_version_id=dna_r10.4.1_e8.2_400bps_hac@v4.3.0 rc
4	565e33ca-663b-4ee2-b8ed-d11b7d7199b3 runid=0dfb5b492dc86ce99bf7c61c734eb364afcdb5c8 ch=57 start_time=2025-09-25T16:05:03.398161+00:00 flow_cell_id=AWX817 basecall_gpu=NVIDIA_Tegra_X2 protocol_group_id=ONT_trialEb_250925 sample_id=ONT_trail_250925 barcode=barcode22 barcode_alias=barcode22 parent_read_id=565e33ca-663b-4ee2-b8ed-d11b7d7199b3 basecall_model_version_id=dna_r10.4.1_e8.2_400bps_hac@v4.3.0 rc
4	cce647ee-5aee-44c7-aff3-b106490d1f2f runid=0dfb5b492dc86ce99bf7c61c734eb364afcdb5c8 ch=40 start_time=2025-09-25T16:54:09.398161+00:00 flow_cell_id=AWX817 basecall_gpu=NVIDIA_Tegra_X2 protocol_group_id=ONT_trialEb_250925 sample_id=ONT_trail_250925 barcode=barcode24 barcode_alias=barcode24 parent_read_id=cce647ee-5aee-44c7-aff3-b106490d1f2f basecall_model_version_id=dna_r10.4.1_e8.2_400bps_hac@v4.3.0 rc
4	33b9e48a-f9b6-4292-8f3f-3bbef91d050a runid=0dfb5b492dc86ce99bf7c61c734eb364afcdb5c8 ch=6 start_time=2025-09-25T22:05:57.398161+00:00 flow_cell_id=AWX817 basecall_gpu=NVIDIA_Tegra_X2 protocol_group_id=ONT_trialEb_250925 sample_id=ONT_trail_250925 barcode=barcode15 barcode_alias=barcode15 parent_read_id=33b9e48a-f9b6-4292-8f3f-3bbef91d050a basecall_model_version_id=dna_r10.4.1_e8.2_400bps_hac@v4.3.0
4	4c594470-9057-45a5-9187-281c18a58783 runid=0dfb5b492dc86ce99bf7c61c734eb364afcdb5c8 ch=4 start_time=2025-09-26T00:12:26.398161+00:00 flow_cell_id=AWX817 basecall_gpu=NVIDIA_Tegra_X2 protocol_group_id=ONT_trialEb_250925 sample_id=ONT_trail_250925 barcode=barcode14 barcode_alias=barcode14 parent_read_id=4c594470-9057-45a5-9187-281c18a58783 basecall_model_version_id=dna_r10.4.1_e8.2_400bps_hac@v4.3.0 rc
4	4c594470-9057-45a5-9187-281c18a58783 runid=0dfb5b492dc86ce99bf7c61c734eb364afcdb5c8 ch=4 start_time=2025-09-26T00:12:26.398161+00:00 flow_cell_id=AWX817 basecall_gpu=NVIDIA_Tegra_X2 protocol_group_id=ONT_trialEb_250925 sample_id=ONT_trail_250925 barcode=barcode14 barcode_alias=barcode14 parent_read_id=4c594470-9057-45a5-9187-281c18a58783 basecall_model_version_id=dna_r10.4.1_e8.2_400bps_hac@v4.3.0 rc
4	99284f41-9d80-4d5b-be99-54f4fa57f3a8 runid=0dfb5b492dc86ce99bf7c61c734eb364afcdb5c8 ch=85 start_time=2025-09-25T15:52:31.398161+00:00 flow_cell_id=AWX817 basecall_gpu=NVIDIA_Tegra_X2 protocol_group_id=ONT_trialEb_250925 sample_id=ONT_trail_250925 barcode=barcode14 barcode_alias=barcode14 parent_read_id=99284f41-9d80-4d5b-be99-54f4fa57f3a8 basecall_model_version_id=dna_r10.4.1_e8.2_400bps_hac@v4.3.0 rc
4	99284f41-9d80-4d5b-be99-54f4fa57f3a8 runid=0dfb5b492dc86ce99bf7c61c734eb364afcdb5c8 ch=85 start_time=2025-09-25T15:52:31.398161+00:00 flow_cell_id=AWX817 basecall_gpu=NVIDIA_Tegra_X2 protocol_group_id=ONT_trialEb_250925 sample_id=ONT_trail_250925 barcode=barcode14 barcode_alias=barcode14 parent_read_id=99284f41-9d80-4d5b-be99-54f4fa57f3a8 basecall_model_version_id=dna_r10.4.1_e8.2_400bps_hac@v4.3.0 rc
4	d5d00dd6-2e8a-4d61-831e-395d4644fe4c runid=0dfb5b492dc86ce99bf7c61c734eb364afcdb5c8 ch=44 start_time=2025-09-26T04:16:17.398161+00:00 flow_cell_id=AWX817 basecall_gpu=NVIDIA_Tegra_X2 protocol_group_id=ONT_trialEb_250925 sample_id=ONT_trail_250925 barcode=barcode22 barcode_alias=barcode22 parent_read_id=d5d00dd6-2e8a-4d61-831e-395d4644fe4c basecall_model_version_id=dna_r10.4.1_e8.2_400bps_hac@v4.3.0 rc
279	8bc75fb6-c163-4dd4-ac1e-29c9d1bd3c94 runid=0dfb5b492dc86ce99bf7c61c734eb364afcdb5c8 ch=5 start_time=2025-09-25T21:34:38.398161+00:00 flow_cell_id=AWX817 basecall_gpu=NVIDIA_Tegra_X2 protocol_group_id=ONT_trialEb_250925 sample_id=ONT_trail_250925 barcode=barcode15 barcode_alias=barcode15 parent_read_id=8bc75fb6-c163-4dd4-ac1e-29c9d1bd3c94 basecall_model_version_id=dna_r10.4.1_e8.2_400bps_hac@v4.3.0
279	d542dde0-5ae3-4485-bbbc-e6abe0d3ac9e runid=0dfb5b492dc86ce99bf7c61c734eb364afcdb5c8 ch=41 start_time=2025-09-25T22:15:54.398161+00:00 flow_cell_id=AWX817 basecall_gpu=NVIDIA_Tegra_X2 protocol_group_id=ONT_trialEb_250925 sample_id=ONT_trail_250925 barcode=barcode15 barcode_alias=barcode15 parent_read_id=d542dde0-5ae3-4485-bbbc-e6abe0d3ac9e basecall_model_version_id=dna_r10.4.1_e8.2_400bps_hac@v4.3.0 rc
279	4484f7dd-c5ac-420a-b61e-2d30a2005594 runid=0dfb5b492dc86ce99bf7c61c734eb364afcdb5c8 ch=5 start_time=2025-09-25T18:01:07.398161+00:00 flow_cell_id=AWX817 basecall_gpu=NVIDIA_Tegra_X2 protocol_group_id=ONT_trialEb_250925 sample_id=ONT_trail_250925 barcode=barcode14 barcode_alias=barcode14 parent_read_id=4484f7dd-c5ac-420a-b61e-2d30a2005594 basecall_model_version_id=dna_r10.4.1_e8.2_400bps_hac@v4.3.0 rc
279	4484f7dd-c5ac-420a-b61e-2d30a2005594 runid=0dfb5b492dc86ce99bf7c61c734eb364afcdb5c8 ch=5 start_time=2025-09-25T18:01:07.398161+00:00 flow_cell_id=AWX817 basecall_gpu=NVIDIA_Tegra_X2 protocol_group_id=ONT_trialEb_250925 sample_id=ONT_trail_250925 barcode=barcode14 barcode_alias=barcode14 parent_read_id=4484f7dd-c5ac-420a-b61e-2d30a2005594 basecall_model_version_id=dna_r10.4.1_e8.2_400bps_hac@v4.3.0 rc
279	e22465ce-0a2a-46bd-909a-b119e7edd6c7 runid=0dfb5b492dc86ce99bf7c61c734eb364afcdb5c8 ch=44 start_time=2025-09-26T05:43:10.398161+00:00 flow_cell_id=AWX817 basecall_gpu=NVIDIA_Tegra_X2 protocol_group_id=ONT_trialEb_250925 sample_id=ONT_trail_250925 barcode=barcode14 barcode_alias=barcode14 parent_read_id=e22465ce-0a2a-46bd-909a-b119e7edd6c7 basecall_model_version_id=dna_r10.4.1_e8.2_400bps_hac@v4.3.0 rc
279	e22465ce-0a2a-46bd-909a-b119e7edd6c7 runid=0dfb5b492dc86ce99bf7c61c734eb364afcdb5c8 ch=44 start_time=2025-09-26T05:43:10.398161+00:00 flow_cell_id=AWX817 basecall_gpu=NVIDIA_Tegra_X2 protocol_group_id=ONT_trialEb_250925 sample_id=ONT_trail_250925 barcode=barcode14 barcode_alias=barcode14 parent_read_id=e22465ce-0a2a-46bd-909a-b119e7edd6c7 basecall_model_version_id=dna_r10.4.1_e8.2_400bps_hac@v4.3.0 rc
279	1ef3edfd-edbc-46c7-ac72-206b5c784049 runid=0dfb5b492dc86ce99bf7c61c734eb364afcdb5c8 ch=79 start_time=2025-09-25T22:24:08.398161+00:00 flow_cell_id=AWX817 basecall_gpu=NVIDIA_Tegra_X2 protocol_group_id=ONT_trialEb_250925 sample_id=ONT_trail_250925 barcode=barcode23 barcode_alias=barcode23 parent_read_id=1ef3edfd-edbc-46c7-ac72-206b5c784049 basecall_model_version_id=dna_r10.4.1_e8.2_400bps_hac@v4.3.0 rc
279	f2368e3b-a055-42bb-ab20-c6fcc81d3d35 runid=0dfb5b492dc86ce99bf7c61c734eb364afcdb5c8 ch=44 start_time=2025-09-25T23:09:25.398161+00:00 flow_cell_id=AWX817 basecall_gpu=NVIDIA_Tegra_X2 protocol_group_id=ONT_trialEb_250925 sample_id=ONT_trail_250925 barcode=barcode15 barcode_alias=barcode15 parent_read_id=f2368e3b-a055-42bb-ab20-c6fcc81d3d35 basecall_model_version_id=dna_r10.4.1_e8.2_400bps_hac@v4.3.0
279	1d589230-9f8d-47a0-8532-2e75e851d3e9 runid=0dfb5b492dc86ce99bf7c61c734eb364afcdb5c8 ch=5 start_time=2025-09-26T00:02:00.398161+00:00 flow_cell_id=AWX817 basecall_gpu=NVIDIA_Tegra_X2 protocol_group_id=ONT_trialEb_250925 sample_id=ONT_trail_250925 barcode=barcode23 barcode_alias=barcode23 parent_read_id=1d589230-9f8d-47a0-8532-2e75e851d3e9 basecall_model_version_id=dna_r10.4.1_e8.2_400bps_hac@v4.3.0
279	bc2ae125-e1f8-4370-bc80-b8427622bbc3 runid=0dfb5b492dc86ce99bf7c61c734eb364afcdb5c8 ch=43 start_time=2025-09-25T17:32:32.398161+00:00 flow_cell_id=AWX817 basecall_gpu=NVIDIA_Tegra_X2 protocol_group_id=ONT_trialEb_250925 sample_id=ONT_trail_250925 barcode=barcode22 barcode_alias=barcode22 parent_read_id=bc2ae125-e1f8-4370-bc80-b8427622bbc3 basecall_model_version_id=dna_r10.4.1_e8.2_400bps_hac@v4.3.0 rc
279	bc2ae125-e1f8-4370-bc80-b8427622bbc3 runid=0dfb5b492dc86ce99bf7c61c734eb364afcdb5c8 ch=43 start_time=2025-09-25T17:32:32.398161+00:00 flow_cell_id=AWX817 basecall_gpu=NVIDIA_Tegra_X2 protocol_group_id=ONT_trialEb_250925 sample_id=ONT_trail_250925 barcode=barcode22 barcode_alias=barcode22 parent_read_id=bc2ae125-e1f8-4370-bc80-b8427622bbc3 basecall_model_version_id=dna_r10.4.1_e8.2_400bps_hac@v4.3.0 rc
279	c75d52a4-c185-4902-8fc5-a4ae46b4c199 runid=0dfb5b492dc86ce99bf7c61c734eb364afcdb5c8 ch=39 start_time=2025-09-25T18:42:20.398161+00:00 flow_cell_id=AWX817 basecall_gpu=NVIDIA_Tegra_X2 protocol_group_id=ONT_trialEb_250925 sample_id=ONT_trail_250925 barcode=barcode15 barcode_alias=barcode15 parent_read_id=c75d52a4-c185-4902-8fc5-a4ae46b4c199 basecall_model_version_id=dna_r10.4.1_e8.2_400bps_hac@v4.3.0 rc
279	d30c85f9-263e-438a-9f37-9a04d434a7d9 runid=0dfb5b492dc86ce99bf7c61c734eb364afcdb5c8 ch=85 start_time=2025-09-25T21:18:47.398161+00:00 flow_cell_id=AWX817 basecall_gpu=NVIDIA_Tegra_X2 protocol_group_id=ONT_trialEb_250925 sample_id=ONT_trail_250925 barcode=barcode14 barcode_alias=barcode14 parent_read_id=d30c85f9-263e-438a-9f37-9a04d434a7d9 basecall_model_version_id=dna_r10.4.1_e8.2_400bps_hac@v4.3.0
279	d30c85f9-263e-438a-9f37-9a04d434a7d9 runid=0dfb5b492dc86ce99bf7c61c734eb364afcdb5c8 ch=85 start_time=2025-09-25T21:18:47.398161+00:00 flow_cell_id=AWX817 basecall_gpu=NVIDIA_Tegra_X2 protocol_group_id=ONT_trialEb_250925 sample_id=ONT_trail_250925 barcode=barcode14 barcode_alias=barcode14 parent_read_id=d30c85f9-263e-438a-9f37-9a04d434a7d9 basecall_model_version_id=dna_r10.4.1_e8.2_400bps_hac@v4.3.0
279	061e7639-3d83-40de-affb-63f4f41aa2dc runid=0dfb5b492dc86ce99bf7c61c734eb364afcdb5c8 ch=79 start_time=2025-09-25T21:35:11.398161+00:00 flow_cell_id=AWX817 basecall_gpu=NVIDIA_Tegra_X2 protocol_group_id=ONT_trialEb_250925 sample_id=ONT_trail_250925 barcode=barcode15 barcode_alias=barcode15 parent_read_id=061e7639-3d83-40de-affb-63f4f41aa2dc basecall_model_version_id=dna_r10.4.1_e8.2_400bps_hac@v4.3.0 rc
279	60b903a9-28e2-4e05-882d-ff500b21a4f3 runid=0dfb5b492dc86ce99bf7c61c734eb364afcdb5c8 ch=4 start_time=2025-09-25T21:35:02.398161+00:00 flow_cell_id=AWX817 basecall_gpu=NVIDIA_Tegra_X2 protocol_group_id=ONT_trialEb_250925 sample_id=ONT_trail_250925 barcode=barcode22 barcode_alias=barcode22 parent_read_id=60b903a9-28e2-4e05-882d-ff500b21a4f3 basecall_model_version_id=dna_r10.4.1_e8.2_400bps_hac@v4.3.0
279	60b903a9-28e2-4e05-882d-ff500b21a4f3 runid=0dfb5b492dc86ce99bf7c61c734eb364afcdb5c8 ch=4 start_time=2025-09-25T21:35:02.398161+00:00 flow_cell_id=AWX817 basecall_gpu=NVIDIA_Tegra_X2 protocol_group_id=ONT_trialEb_250925 sample_id=ONT_trail_250925 barcode=barcode22 barcode_alias=barcode22 parent_read_id=60b903a9-28e2-4e05-882d-ff500b21a4f3 basecall_model_version_id=dna_r10.4.1_e8.2_400bps_hac@v4.3.0
279	223cfad7-7ab0-44b3-bb88-22dac046a11e runid=0dfb5b492dc86ce99bf7c61c734eb364afcdb5c8 ch=77 start_time=2025-09-25T16:01:42.398161+00:00 flow_cell_id=AWX817 basecall_gpu=NVIDIA_Tegra_X2 protocol_group_id=ONT_trialEb_250925 sample_id=ONT_trail_250925 barcode=barcode14 barcode_alias=barcode14 parent_read_id=223cfad7-7ab0-44b3-bb88-22dac046a11e basecall_model_version_id=dna_r10.4.1_e8.2_400bps_hac@v4.3.0
279	223cfad7-7ab0-44b3-bb88-22dac046a11e runid=0dfb5b492dc86ce99bf7c61c734eb364afcdb5c8 ch=77 start_time=2025-09-25T16:01:42.398161+00:00 flow_cell_id=AWX817 basecall_gpu=NVIDIA_Tegra_X2 protocol_group_id=ONT_trialEb_250925 sample_id=ONT_trail_250925 barcode=barcode14 barcode_alias=barcode14 parent_read_id=223cfad7-7ab0-44b3-bb88-22dac046a11e basecall_model_version_id=dna_r10.4.1_e8.2_400bps_hac@v4.3.0
279	fd3f24a2-e3bf-4d6b-bd86-febb9103a83f runid=0dfb5b492dc86ce99bf7c61c734eb364afcdb5c8 ch=106 start_time=2025-09-25T17:48:21.398161+00:00 flow_cell_id=AWX817 basecall_gpu=NVIDIA_Tegra_X2 protocol_group_id=ONT_trialEb_250925 sample_id=ONT_trail_250925 barcode=barcode23 barcode_alias=barcode23 parent_read_id=fd3f24a2-e3bf-4d6b-bd86-febb9103a83f basecall_model_version_id=dna_r10.4.1_e8.2_400bps_hac@v4.3.0 rc
279	271044af-2d28-41ef-bd15-ae71c026da4e runid=0dfb5b492dc86ce99bf7c61c734eb364afcdb5c8 ch=5 start_time=2025-09-25T18:15:55.398161+00:00 flow_cell_id=AWX817 basecall_gpu=NVIDIA_Tegra_X2 protocol_group_id=ONT_trialEb_250925 sample_id=ONT_trail_250925 barcode=barcode23 barcode_alias=barcode23 parent_read_id=271044af-2d28-41ef-bd15-ae71c026da4e basecall_model_version_id=dna_r10.4.1_e8.2_400bps_hac@v4.3.0
279	bd94c517-8a73-4f7b-ac07-e5fef54454c5 runid=0dfb5b492dc86ce99bf7c61c734eb364afcdb5c8 ch=80 start_time=2025-09-25T21:34:48.398161+00:00 flow_cell_id=AWX817 basecall_gpu=NVIDIA_Tegra_X2 protocol_group_id=ONT_trialEb_250925 sample_id=ONT_trail_250925 barcode=barcode13 barcode_alias=barcode13 parent_read_id=bd94c517-8a73-4f7b-ac07-e5fef54454c5 basecall_model_version_id=dna_r10.4.1_e8.2_400bps_hac@v4.3.0
279	fee62617-bfc7-48fa-b466-7e7da0db80ff runid=0dfb5b492dc86ce99bf7c61c734eb364afcdb5c8 ch=41 start_time=2025-09-25T19:56:09.398161+00:00 flow_cell_id=AWX817 basecall_gpu=NVIDIA_Tegra_X2 protocol_group_id=ONT_trialEb_250925 sample_id=ONT_trail_250925 barcode=barcode23 barcode_alias=barcode23 parent_read_id=fee62617-bfc7-48fa-b466-7e7da0db80ff basecall_model_version_id=dna_r10.4.1_e8.2_400bps_hac@v4.3.0
279	bd5b8cc7-1f33-4874-8207-e7cf8d4f7363 runid=0dfb5b492dc86ce99bf7c61c734eb364afcdb5c8 ch=81 start_time=2025-09-26T06:16:06.398161+00:00 flow_cell_id=AWX817 basecall_gpu=NVIDIA_Tegra_X2 protocol_group_id=ONT_trialEb_250925 sample_id=ONT_trail_250925 barcode=barcode15 barcode_alias=barcode15 parent_read_id=bd5b8cc7-1f33-4874-8207-e7cf8d4f7363 basecall_model_version_id=dna_r10.4.1_e8.2_400bps_hac@v4.3.0
279	acf4be1c-f0f6-4dcf-abd2-0e3d20998fd1 runid=0dfb5b492dc86ce99bf7c61c734eb364afcdb5c8 ch=77 start_time=2025-09-25T23:29:59.398161+00:00 flow_cell_id=AWX817 basecall_gpu=NVIDIA_Tegra_X2 protocol_group_id=ONT_trialEb_250925 sample_id=ONT_trail_250925 barcode=barcode14 barcode_alias=barcode14 parent_read_id=acf4be1c-f0f6-4dcf-abd2-0e3d20998fd1 basecall_model_version_id=dna_r10.4.1_e8.2_400bps_hac@v4.3.0 rc
279	acf4be1c-f0f6-4dcf-abd2-0e3d20998fd1 runid=0dfb5b492dc86ce99bf7c61c734eb364afcdb5c8 ch=77 start_time=2025-09-25T23:29:59.398161+00:00 flow_cell_id=AWX817 basecall_gpu=NVIDIA_Tegra_X2 protocol_group_id=ONT_trialEb_250925 sample_id=ONT_trail_250925 barcode=barcode14 barcode_alias=barcode14 parent_read_id=acf4be1c-f0f6-4dcf-abd2-0e3d20998fd1 basecall_model_version_id=dna_r10.4.1_e8.2_400bps_hac@v4.3.0 rc
279	9a01baa0-1eb4-4a90-89b9-29dd523d57bd runid=0dfb5b492dc86ce99bf7c61c734eb364afcdb5c8 ch=20 start_time=2025-09-26T09:57:58.398161+00:00 flow_cell_id=AWX817 basecall_gpu=NVIDIA_Tegra_X2 protocol_group_id=ONT_trialEb_250925 sample_id=ONT_trail_250925 barcode=barcode15 barcode_alias=barcode15 parent_read_id=9a01baa0-1eb4-4a90-89b9-29dd523d57bd basecall_model_version_id=dna_r10.4.1_e8.2_400bps_hac@v4.3.0 rc
279	28a8a4c5-364f-4266-92b2-4955fdee75a2 runid=0dfb5b492dc86ce99bf7c61c734eb364afcdb5c8 ch=49 start_time=2025-09-26T07:37:56.398161+00:00 flow_cell_id=AWX817 basecall_gpu=NVIDIA_Tegra_X2 protocol_group_id=ONT_trialEb_250925 sample_id=ONT_trail_250925 barcode=barcode15 barcode_alias=barcode15 parent_read_id=28a8a4c5-364f-4266-92b2-4955fdee75a2 basecall_model_version_id=dna_r10.4.1_e8.2_400bps_hac@v4.3.0
279	5ea39a72-0b94-46b5-82d7-18211c0cc874 runid=0dfb5b492dc86ce99bf7c61c734eb364afcdb5c8 ch=79 start_time=2025-09-25T18:17:28.398161+00:00 flow_cell_id=AWX817 basecall_gpu=NVIDIA_Tegra_X2 protocol_group_id=ONT_trialEb_250925 sample_id=ONT_trail_250925 barcode=barcode22 barcode_alias=barcode22 parent_read_id=5ea39a72-0b94-46b5-82d7-18211c0cc874 basecall_model_version_id=dna_r10.4.1_e8.2_400bps_hac@v4.3.0 rc
279	5ea39a72-0b94-46b5-82d7-18211c0cc874 runid=0dfb5b492dc86ce99bf7c61c734eb364afcdb5c8 ch=79 start_time=2025-09-25T18:17:28.398161+00:00 flow_cell_id=AWX817 basecall_gpu=NVIDIA_Tegra_X2 protocol_group_id=ONT_trialEb_250925 sample_id=ONT_trail_250925 barcode=barcode22 barcode_alias=barcode22 parent_read_id=5ea39a72-0b94-46b5-82d7-18211c0cc874 basecall_model_version_id=dna_r10.4.1_e8.2_400bps_hac@v4.3.0 rc
279	34d38600-5f9c-4d9a-ba59-681af3de817b runid=0dfb5b492dc86ce99bf7c61c734eb364afcdb5c8 ch=73 start_time=2025-09-25T17:55:07.398161+00:00 flow_cell_id=AWX817 basecall_gpu=NVIDIA_Tegra_X2 protocol_group_id=ONT_trialEb_250925 sample_id=ONT_trail_250925 barcode=barcode14 barcode_alias=barcode14 parent_read_id=34d38600-5f9c-4d9a-ba59-681af3de817b basecall_model_version_id=dna_r10.4.1_e8.2_400bps_hac@v4.3.0
279	34d38600-5f9c-4d9a-ba59-681af3de817b runid=0dfb5b492dc86ce99bf7c61c734eb364afcdb5c8 ch=73 start_time=2025-09-25T17:55:07.398161+00:00 flow_cell_id=AWX817 basecall_gpu=NVIDIA_Tegra_X2 protocol_group_id=ONT_trialEb_250925 sample_id=ONT_trail_250925 barcode=barcode14 barcode_alias=barcode14 parent_read_id=34d38600-5f9c-4d9a-ba59-681af3de817b basecall_model_version_id=dna_r10.4.1_e8.2_400bps_hac@v4.3.0
279	1cf96357-fa1a-4090-9285-c60806b93dbe runid=0dfb5b492dc86ce99bf7c61c734eb364afcdb5c8 ch=5 start_time=2025-09-25T22:08:59.398161+00:00 flow_cell_id=AWX817 basecall_gpu=NVIDIA_Tegra_X2 protocol_group_id=ONT_trialEb_250925 sample_id=ONT_trail_250925 barcode=barcode15 barcode_alias=barcode15 parent_read_id=1cf96357-fa1a-4090-9285-c60806b93dbe basecall_model_version_id=dna_r10.4.1_e8.2_400bps_hac@v4.3.0 rc
89	1264b0b4-2fda-47f7-9f9d-23e9b8734fe8 runid=0dfb5b492dc86ce99bf7c61c734eb364afcdb5c8 ch=94 start_time=2025-09-25T15:55:37.398161+00:00 flow_cell_id=AWX817 basecall_gpu=NVIDIA_Tegra_X2 protocol_group_id=ONT_trialEb_250925 sample_id=ONT_trail_250925 barcode=barcode22 barcode_alias=barcode22 parent_read_id=1264b0b4-2fda-47f7-9f9d-23e9b8734fe8 basecall_model_version_id=dna_r10.4.1_e8.2_400bps_hac@v4.3.0 rc
89	1264b0b4-2fda-47f7-9f9d-23e9b8734fe8 runid=0dfb5b492dc86ce99bf7c61c734eb364afcdb5c8 ch=94 start_time=2025-09-25T15:55:37.398161+00:00 flow_cell_id=AWX817 basecall_gpu=NVIDIA_Tegra_X2 protocol_group_id=ONT_trialEb_250925 sample_id=ONT_trail_250925 barcode=barcode22 barcode_alias=barcode22 parent_read_id=1264b0b4-2fda-47f7-9f9d-23e9b8734fe8 basecall_model_version_id=dna_r10.4.1_e8.2_400bps_hac@v4.3.0 rc
89	8a8427bf-f630-4564-8411-a24bd0fd22e1 runid=0dfb5b492dc86ce99bf7c61c734eb364afcdb5c8 ch=39 start_time=2025-09-26T01:39:49.398161+00:00 flow_cell_id=AWX817 basecall_gpu=NVIDIA_Tegra_X2 protocol_group_id=ONT_trialEb_250925 sample_id=ONT_trail_250925 barcode=barcode23 barcode_alias=barcode23 parent_read_id=8a8427bf-f630-4564-8411-a24bd0fd22e1 basecall_model_version_id=dna_r10.4.1_e8.2_400bps_hac@v4.3.0
89	41df831e-6c3c-409d-98e4-1e21fb881d47 runid=0dfb5b492dc86ce99bf7c61c734eb364afcdb5c8 ch=15 start_time=2025-09-25T17:41:08.398161+00:00 flow_cell_id=AWX817 basecall_gpu=NVIDIA_Tegra_X2 protocol_group_id=ONT_trialEb_250925 sample_id=ONT_trail_250925 barcode=barcode14 barcode_alias=barcode14 parent_read_id=41df831e-6c3c-409d-98e4-1e21fb881d47 basecall_model_version_id=dna_r10.4.1_e8.2_400bps_hac@v4.3.0 rc
89	41df831e-6c3c-409d-98e4-1e21fb881d47 runid=0dfb5b492dc86ce99bf7c61c734eb364afcdb5c8 ch=15 start_time=2025-09-25T17:41:08.398161+00:00 flow_cell_id=AWX817 basecall_gpu=NVIDIA_Tegra_X2 protocol_group_id=ONT_trialEb_250925 sample_id=ONT_trail_250925 barcode=barcode14 barcode_alias=barcode14 parent_read_id=41df831e-6c3c-409d-98e4-1e21fb881d47 basecall_model_version_id=dna_r10.4.1_e8.2_400bps_hac@v4.3.0 rc
89	b0483409-0fa1-4170-9d36-53938cdc6ab9 runid=0dfb5b492dc86ce99bf7c61c734eb364afcdb5c8 ch=108 start_time=2025-09-25T17:23:16.398161+00:00 flow_cell_id=AWX817 basecall_gpu=NVIDIA_Tegra_X2 protocol_group_id=ONT_trialEb_250925 sample_id=ONT_trail_250925 barcode=barcode24 barcode_alias=barcode24 parent_read_id=b0483409-0fa1-4170-9d36-53938cdc6ab9 basecall_model_version_id=dna_r10.4.1_e8.2_400bps_hac@v4.3.0 rc
89	36e45e14-fe19-4162-a220-0f9db06f62b2 runid=0dfb5b492dc86ce99bf7c61c734eb364afcdb5c8 ch=40 start_time=2025-09-25T20:31:22.398161+00:00 flow_cell_id=AWX817 basecall_gpu=NVIDIA_Tegra_X2 protocol_group_id=ONT_trialEb_250925 sample_id=ONT_trail_250925 barcode=barcode14 barcode_alias=barcode14 parent_read_id=36e45e14-fe19-4162-a220-0f9db06f62b2 basecall_model_version_id=dna_r10.4.1_e8.2_400bps_hac@v4.3.0 rc
89	36e45e14-fe19-4162-a220-0f9db06f62b2 runid=0dfb5b492dc86ce99bf7c61c734eb364afcdb5c8 ch=40 start_time=2025-09-25T20:31:22.398161+00:00 flow_cell_id=AWX817 basecall_gpu=NVIDIA_Tegra_X2 protocol_group_id=ONT_trialEb_250925 sample_id=ONT_trail_250925 barcode=barcode14 barcode_alias=barcode14 parent_read_id=36e45e14-fe19-4162-a220-0f9db06f62b2 basecall_model_version_id=dna_r10.4.1_e8.2_400bps_hac@v4.3.0 rc
89	03fa3604-cbab-48ea-959a-120b832e897b runid=0dfb5b492dc86ce99bf7c61c734eb364afcdb5c8 ch=20 start_time=2025-09-25T23:48:25.398161+00:00 flow_cell_id=AWX817 basecall_gpu=NVIDIA_Tegra_X2 protocol_group_id=ONT_trialEb_250925 sample_id=ONT_trail_250925 barcode=barcode23 barcode_alias=barcode23 parent_read_id=03fa3604-cbab-48ea-959a-120b832e897b basecall_model_version_id=dna_r10.4.1_e8.2_400bps_hac@v4.3.0 rc
89	e1a6a947-4217-4dfc-96cd-6d8f31b60fa5 runid=0dfb5b492dc86ce99bf7c61c734eb364afcdb5c8 ch=4 start_time=2025-09-25T20:51:11.398161+00:00 flow_cell_id=AWX817 basecall_gpu=NVIDIA_Tegra_X2 protocol_group_id=ONT_trialEb_250925 sample_id=ONT_trail_250925 barcode=barcode23 barcode_alias=barcode23 parent_read_id=dbf8e72a-2ef7-4e8f-a3e1-771aa4abd47f basecall_model_version_id=dna_r10.4.1_e8.2_400bps_hac@v4.3.0
89	925b10f1-e1c4-4b0e-bf42-6cee54005072 runid=0dfb5b492dc86ce99bf7c61c734eb364afcdb5c8 ch=58 start_time=2025-09-25T17:39:27.398161+00:00 flow_cell_id=AWX817 basecall_gpu=NVIDIA_Tegra_X2 protocol_group_id=ONT_trialEb_250925 sample_id=ONT_trail_250925 barcode=barcode23 barcode_alias=barcode23 parent_read_id=925b10f1-e1c4-4b0e-bf42-6cee54005072 basecall_model_version_id=dna_r10.4.1_e8.2_400bps_hac@v4.3.0 rc
89	8e7db1c3-ea5b-48f7-8ae5-5b61803c0671 runid=0dfb5b492dc86ce99bf7c61c734eb364afcdb5c8 ch=57 start_time=2025-09-25T17:32:06.398161+00:00 flow_cell_id=AWX817 basecall_gpu=NVIDIA_Tegra_X2 protocol_group_id=ONT_trialEb_250925 sample_id=ONT_trail_250925 barcode=barcode22 barcode_alias=barcode22 parent_read_id=8e7db1c3-ea5b-48f7-8ae5-5b61803c0671 basecall_model_version_id=dna_r10.4.1_e8.2_400bps_hac@v4.3.0
89	8e7db1c3-ea5b-48f7-8ae5-5b61803c0671 runid=0dfb5b492dc86ce99bf7c61c734eb364afcdb5c8 ch=57 start_time=2025-09-25T17:32:06.398161+00:00 flow_cell_id=AWX817 basecall_gpu=NVIDIA_Tegra_X2 protocol_group_id=ONT_trialEb_250925 sample_id=ONT_trail_250925 barcode=barcode22 barcode_alias=barcode22 parent_read_id=8e7db1c3-ea5b-48f7-8ae5-5b61803c0671 basecall_model_version_id=dna_r10.4.1_e8.2_400bps_hac@v4.3.0
89	3d78c939-7b02-4091-842c-c41537761da7 runid=0dfb5b492dc86ce99bf7c61c734eb364afcdb5c8 ch=56 start_time=2025-09-25T17:50:36.398161+00:00 flow_cell_id=AWX817 basecall_gpu=NVIDIA_Tegra_X2 protocol_group_id=ONT_trialEb_250925 sample_id=ONT_trail_250925 barcode=barcode22 barcode_alias=barcode22 parent_read_id=3d78c939-7b02-4091-842c-c41537761da7 basecall_model_version_id=dna_r10.4.1_e8.2_400bps_hac@v4.3.0
89	3d78c939-7b02-4091-842c-c41537761da7 runid=0dfb5b492dc86ce99bf7c61c734eb364afcdb5c8 ch=56 start_time=2025-09-25T17:50:36.398161+00:00 flow_cell_id=AWX817 basecall_gpu=NVIDIA_Tegra_X2 protocol_group_id=ONT_trialEb_250925 sample_id=ONT_trail_250925 barcode=barcode22 barcode_alias=barcode22 parent_read_id=3d78c939-7b02-4091-842c-c41537761da7 basecall_model_version_id=dna_r10.4.1_e8.2_400bps_hac@v4.3.0
89	d775a417-e269-4287-bd5b-ec6c9a5de92e runid=0dfb5b492dc86ce99bf7c61c734eb364afcdb5c8 ch=58 start_time=2025-09-25T19:38:13.398161+00:00 flow_cell_id=AWX817 basecall_gpu=NVIDIA_Tegra_X2 protocol_group_id=ONT_trialEb_250925 sample_id=ONT_trail_250925 barcode=barcode24 barcode_alias=barcode24 parent_read_id=d775a417-e269-4287-bd5b-ec6c9a5de92e basecall_model_version_id=dna_r10.4.1_e8.2_400bps_hac@v4.3.0 rc
89	86d2160b-500b-4bff-b888-22e0145272c9 runid=0dfb5b492dc86ce99bf7c61c734eb364afcdb5c8 ch=44 start_time=2025-09-25T22:27:11.398161+00:00 flow_cell_id=AWX817 basecall_gpu=NVIDIA_Tegra_X2 protocol_group_id=ONT_trialEb_250925 sample_id=ONT_trail_250925 barcode=barcode15 barcode_alias=barcode15 parent_read_id=86d2160b-500b-4bff-b888-22e0145272c9 basecall_model_version_id=dna_r10.4.1_e8.2_400bps_hac@v4.3.0
89	baba0b20-bf5e-4542-90ea-24e19f698c5c runid=0dfb5b492dc86ce99bf7c61c734eb364afcdb5c8 ch=20 start_time=2025-09-25T17:50:07.398161+00:00 flow_cell_id=AWX817 basecall_gpu=NVIDIA_Tegra_X2 protocol_group_id=ONT_trialEb_250925 sample_id=ONT_trail_250925 barcode=barcode14 barcode_alias=barcode14 parent_read_id=baba0b20-bf5e-4542-90ea-24e19f698c5c basecall_model_version_id=dna_r10.4.1_e8.2_400bps_hac@v4.3.0 rc
89	baba0b20-bf5e-4542-90ea-24e19f698c5c runid=0dfb5b492dc86ce99bf7c61c734eb364afcdb5c8 ch=20 start_time=2025-09-25T17:50:07.398161+00:00 flow_cell_id=AWX817 basecall_gpu=NVIDIA_Tegra_X2 protocol_group_id=ONT_trialEb_250925 sample_id=ONT_trail_250925 barcode=barcode14 barcode_alias=barcode14 parent_read_id=baba0b20-bf5e-4542-90ea-24e19f698c5c basecall_model_version_id=dna_r10.4.1_e8.2_400bps_hac@v4.3.0 rc
89	2d635229-72a3-40a3-869e-a5c9cdab4f8b runid=0dfb5b492dc86ce99bf7c61c734eb364afcdb5c8 ch=41 start_time=2025-09-25T16:34:37.398161+00:00 flow_cell_id=AWX817 basecall_gpu=NVIDIA_Tegra_X2 protocol_group_id=ONT_trialEb_250925 sample_id=ONT_trail_250925 barcode=barcode14 barcode_alias=barcode14 parent_read_id=2d635229-72a3-40a3-869e-a5c9cdab4f8b basecall_model_version_id=dna_r10.4.1_e8.2_400bps_hac@v4.3.0 rc
89	2d635229-72a3-40a3-869e-a5c9cdab4f8b runid=0dfb5b492dc86ce99bf7c61c734eb364afcdb5c8 ch=41 start_time=2025-09-25T16:34:37.398161+00:00 flow_cell_id=AWX817 basecall_gpu=NVIDIA_Tegra_X2 protocol_group_id=ONT_trialEb_250925 sample_id=ONT_trail_250925 barcode=barcode14 barcode_alias=barcode14 parent_read_id=2d635229-72a3-40a3-869e-a5c9cdab4f8b basecall_model_version_id=dna_r10.4.1_e8.2_400bps_hac@v4.3.0 rc
89	fa4282b9-26de-4bd8-9db6-1b60d4603a73 runid=0dfb5b492dc86ce99bf7c61c734eb364afcdb5c8 ch=56 start_time=2025-09-25T16:08:05.398161+00:00 flow_cell_id=AWX817 basecall_gpu=NVIDIA_Tegra_X2 protocol_group_id=ONT_trialEb_250925 sample_id=ONT_trail_250925 barcode=barcode23 barcode_alias=barcode23 parent_read_id=fa4282b9-26de-4bd8-9db6-1b60d4603a73 basecall_model_version_id=dna_r10.4.1_e8.2_400bps_hac@v4.3.0
89	aefc5578-84bd-46b9-88e1-22f8b2651959 runid=0dfb5b492dc86ce99bf7c61c734eb364afcdb5c8 ch=6 start_time=2025-09-25T18:21:28.398161+00:00 flow_cell_id=AWX817 basecall_gpu=NVIDIA_Tegra_X2 protocol_group_id=ONT_trialEb_250925 sample_id=ONT_trail_250925 barcode=barcode22 barcode_alias=barcode22 parent_read_id=aefc5578-84bd-46b9-88e1-22f8b2651959 basecall_model_version_id=dna_r10.4.1_e8.2_400bps_hac@v4.3.0 rc
89	aefc5578-84bd-46b9-88e1-22f8b2651959 runid=0dfb5b492dc86ce99bf7c61c734eb364afcdb5c8 ch=6 start_time=2025-09-25T18:21:28.398161+00:00 flow_cell_id=AWX817 basecall_gpu=NVIDIA_Tegra_X2 protocol_group_id=ONT_trialEb_250925 sample_id=ONT_trail_250925 barcode=barcode22 barcode_alias=barcode22 parent_read_id=aefc5578-84bd-46b9-88e1-22f8b2651959 basecall_model_version_id=dna_r10.4.1_e8.2_400bps_hac@v4.3.0 rc
89	b3e926bf-76c7-4f8a-8558-069d00cae363 runid=0dfb5b492dc86ce99bf7c61c734eb364afcdb5c8 ch=39 start_time=2025-09-25T19:06:31.398161+00:00 flow_cell_id=AWX817 basecall_gpu=NVIDIA_Tegra_X2 protocol_group_id=ONT_trialEb_250925 sample_id=ONT_trail_250925 barcode=barcode24 barcode_alias=barcode24 parent_read_id=b3e926bf-76c7-4f8a-8558-069d00cae363 basecall_model_version_id=dna_r10.4.1_e8.2_400bps_hac@v4.3.0
89	b9fe7b01-ebbb-4a13-b2d4-73d9ed723347 runid=0dfb5b492dc86ce99bf7c61c734eb364afcdb5c8 ch=4 start_time=2025-09-25T23:06:59.398161+00:00 flow_cell_id=AWX817 basecall_gpu=NVIDIA_Tegra_X2 protocol_group_id=ONT_trialEb_250925 sample_id=ONT_trail_250925 barcode=barcode24 barcode_alias=barcode24 parent_read_id=b9fe7b01-ebbb-4a13-b2d4-73d9ed723347 basecall_model_version_id=dna_r10.4.1_e8.2_400bps_hac@v4.3.0
89	916b34dc-af8e-4900-af61-d6029c166846 runid=0dfb5b492dc86ce99bf7c61c734eb364afcdb5c8 ch=44 start_time=2025-09-25T23:26:42.398161+00:00 flow_cell_id=AWX817 basecall_gpu=NVIDIA_Tegra_X2 protocol_group_id=ONT_trialEb_250925 sample_id=ONT_trail_250925 barcode=barcode14 barcode_alias=barcode14 parent_read_id=916b34dc-af8e-4900-af61-d6029c166846 basecall_model_version_id=dna_r10.4.1_e8.2_400bps_hac@v4.3.0
89	916b34dc-af8e-4900-af61-d6029c166846 runid=0dfb5b492dc86ce99bf7c61c734eb364afcdb5c8 ch=44 start_time=2025-09-25T23:26:42.398161+00:00 flow_cell_id=AWX817 basecall_gpu=NVIDIA_Tegra_X2 protocol_group_id=ONT_trialEb_250925 sample_id=ONT_trail_250925 barcode=barcode14 barcode_alias=barcode14 parent_read_id=916b34dc-af8e-4900-af61-d6029c166846 basecall_model_version_id=dna_r10.4.1_e8.2_400bps_hac@v4.3.0
89	0f81da8a-3192-4da5-9360-d5ad11c0bbbe runid=0dfb5b492dc86ce99bf7c61c734eb364afcdb5c8 ch=41 start_time=2025-09-25T16:42:39.398161+00:00 flow_cell_id=AWX817 basecall_gpu=NVIDIA_Tegra_X2 protocol_group_id=ONT_trialEb_250925 sample_id=ONT_trail_250925 barcode=barcode22 barcode_alias=barcode22 parent_read_id=0f81da8a-3192-4da5-9360-d5ad11c0bbbe basecall_model_version_id=dna_r10.4.1_e8.2_400bps_hac@v4.3.0 rc
89	0f81da8a-3192-4da5-9360-d5ad11c0bbbe runid=0dfb5b492dc86ce99bf7c61c734eb364afcdb5c8 ch=41 start_time=2025-09-25T16:42:39.398161+00:00 flow_cell_id=AWX817 basecall_gpu=NVIDIA_Tegra_X2 protocol_group_id=ONT_trialEb_250925 sample_id=ONT_trail_250925 barcode=barcode22 barcode_alias=barcode22 parent_read_id=0f81da8a-3192-4da5-9360-d5ad11c0bbbe basecall_model_version_id=dna_r10.4.1_e8.2_400bps_hac@v4.3.0 rc
89	cc94b82a-2803-4ea8-b704-d53b47322901 runid=0dfb5b492dc86ce99bf7c61c734eb364afcdb5c8 ch=110 start_time=2025-09-25T17:04:42.398161+00:00 flow_cell_id=AWX817 basecall_gpu=NVIDIA_Tegra_X2 protocol_group_id=ONT_trialEb_250925 sample_id=ONT_trail_250925 barcode=barcode14 barcode_alias=barcode14 parent_read_id=cc94b82a-2803-4ea8-b704-d53b47322901 basecall_model_version_id=dna_r10.4.1_e8.2_400bps_hac@v4.3.0 rc
183	cc94b82a-2803-4ea8-b704-d53b47322901 runid=0dfb5b492dc86ce99bf7c61c734eb364afcdb5c8 ch=110 start_time=2025-09-25T17:04:42.398161+00:00 flow_cell_id=AWX817 basecall_gpu=NVIDIA_Tegra_X2 protocol_group_id=ONT_trialEb_250925 sample_id=ONT_trail_250925 barcode=barcode14 barcode_alias=barcode14 parent_read_id=cc94b82a-2803-4ea8-b704-d53b47322901 basecall_model_version_id=dna_r10.4.1_e8.2_400bps_hac@v4.3.0 rc
183	ff27fac8-c78f-4715-a3be-cec188a45514 runid=0dfb5b492dc86ce99bf7c61c734eb364afcdb5c8 ch=20 start_time=2025-09-25T21:49:51.398161+00:00 flow_cell_id=AWX817 basecall_gpu=NVIDIA_Tegra_X2 protocol_group_id=ONT_trialEb_250925 sample_id=ONT_trail_250925 barcode=barcode15 barcode_alias=barcode15 parent_read_id=ff27fac8-c78f-4715-a3be-cec188a45514 basecall_model_version_id=dna_r10.4.1_e8.2_400bps_hac@v4.3.0 rc
183	c5b3ff73-3073-4496-8bd7-7ab603b93d8c runid=0dfb5b492dc86ce99bf7c61c734eb364afcdb5c8 ch=73 start_time=2025-09-25T18:44:55.398161+00:00 flow_cell_id=AWX817 basecall_gpu=NVIDIA_Tegra_X2 protocol_group_id=ONT_trialEb_250925 sample_id=ONT_trail_250925 barcode=barcode22 barcode_alias=barcode22 parent_read_id=c5b3ff73-3073-4496-8bd7-7ab603b93d8c basecall_model_version_id=dna_r10.4.1_e8.2_400bps_hac@v4.3.0
183	c5b3ff73-3073-4496-8bd7-7ab603b93d8c runid=0dfb5b492dc86ce99bf7c61c734eb364afcdb5c8 ch=73 start_time=2025-09-25T18:44:55.398161+00:00 flow_cell_id=AWX817 basecall_gpu=NVIDIA_Tegra_X2 protocol_group_id=ONT_trialEb_250925 sample_id=ONT_trail_250925 barcode=barcode22 barcode_alias=barcode22 parent_read_id=c5b3ff73-3073-4496-8bd7-7ab603b93d8c basecall_model_version_id=dna_r10.4.1_e8.2_400bps_hac@v4.3.0
183	cb33fabd-42dc-4954-ba4a-fbdf4357858e runid=0dfb5b492dc86ce99bf7c61c734eb364afcdb5c8 ch=20 start_time=2025-09-25T23:51:46.398161+00:00 flow_cell_id=AWX817 basecall_gpu=NVIDIA_Tegra_X2 protocol_group_id=ONT_trialEb_250925 sample_id=ONT_trail_250925 barcode=barcode15 barcode_alias=barcode15 parent_read_id=cb33fabd-42dc-4954-ba4a-fbdf4357858e basecall_model_version_id=dna_r10.4.1_e8.2_400bps_hac@v4.3.0
183	274a7d46-50f4-4dad-9007-4e624965477d runid=0dfb5b492dc86ce99bf7c61c734eb364afcdb5c8 ch=20 start_time=2025-09-25T20:05:10.398161+00:00 flow_cell_id=AWX817 basecall_gpu=NVIDIA_Tegra_X2 protocol_group_id=ONT_trialEb_250925 sample_id=ONT_trail_250925 barcode=barcode15 barcode_alias=barcode15 parent_read_id=274a7d46-50f4-4dad-9007-4e624965477d basecall_model_version_id=dna_r10.4.1_e8.2_400bps_hac@v4.3.0
183	af2f460c-5437-4ecb-a889-38c2ff9dd00c runid=0dfb5b492dc86ce99bf7c61c734eb364afcdb5c8 ch=20 start_time=2025-09-25T20:06:06.398161+00:00 flow_cell_id=AWX817 basecall_gpu=NVIDIA_Tegra_X2 protocol_group_id=ONT_trialEb_250925 sample_id=ONT_trail_250925 barcode=barcode15 barcode_alias=barcode15 parent_read_id=af2f460c-5437-4ecb-a889-38c2ff9dd00c basecall_model_version_id=dna_r10.4.1_e8.2_400bps_hac@v4.3.0
183	8b0770c6-39b9-4028-af42-f45cd6d334f4 runid=0dfb5b492dc86ce99bf7c61c734eb364afcdb5c8 ch=73 start_time=2025-09-25T19:53:19.398161+00:00 flow_cell_id=AWX817 basecall_gpu=NVIDIA_Tegra_X2 protocol_group_id=ONT_trialEb_250925 sample_id=ONT_trail_250925 barcode=barcode14 barcode_alias=barcode14 parent_read_id=8b0770c6-39b9-4028-af42-f45cd6d334f4 basecall_model_version_id=dna_r10.4.1_e8.2_400bps_hac@v4.3.0 rc
183	8b0770c6-39b9-4028-af42-f45cd6d334f4 runid=0dfb5b492dc86ce99bf7c61c734eb364afcdb5c8 ch=73 start_time=2025-09-25T19:53:19.398161+00:00 flow_cell_id=AWX817 basecall_gpu=NVIDIA_Tegra_X2 protocol_group_id=ONT_trialEb_250925 sample_id=ONT_trail_250925 barcode=barcode14 barcode_alias=barcode14 parent_read_id=8b0770c6-39b9-4028-af42-f45cd6d334f4 basecall_model_version_id=dna_r10.4.1_e8.2_400bps_hac@v4.3.0 rc
183	dd52ae28-be43-45e5-b638-5f082cee51a9 runid=0dfb5b492dc86ce99bf7c61c734eb364afcdb5c8 ch=44 start_time=2025-09-25T15:48:19.398161+00:00 flow_cell_id=AWX817 basecall_gpu=NVIDIA_Tegra_X2 protocol_group_id=ONT_trialEb_250925 sample_id=ONT_trail_250925 barcode=barcode22 barcode_alias=barcode22 parent_read_id=dd52ae28-be43-45e5-b638-5f082cee51a9 basecall_model_version_id=dna_r10.4.1_e8.2_400bps_hac@v4.3.0
183	dd52ae28-be43-45e5-b638-5f082cee51a9 runid=0dfb5b492dc86ce99bf7c61c734eb364afcdb5c8 ch=44 start_time=2025-09-25T15:48:19.398161+00:00 flow_cell_id=AWX817 basecall_gpu=NVIDIA_Tegra_X2 protocol_group_id=ONT_trialEb_250925 sample_id=ONT_trail_250925 barcode=barcode22 barcode_alias=barcode22 parent_read_id=dd52ae28-be43-45e5-b638-5f082cee51a9 basecall_model_version_id=dna_r10.4.1_e8.2_400bps_hac@v4.3.0
183	44bf0c23-9ff2-4a4e-85c2-1424fda11a69 runid=0dfb5b492dc86ce99bf7c61c734eb364afcdb5c8 ch=20 start_time=2025-09-25T17:26:37.398161+00:00 flow_cell_id=AWX817 basecall_gpu=NVIDIA_Tegra_X2 protocol_group_id=ONT_trialEb_250925 sample_id=ONT_trail_250925 barcode=barcode14 barcode_alias=barcode14 parent_read_id=44bf0c23-9ff2-4a4e-85c2-1424fda11a69 basecall_model_version_id=dna_r10.4.1_e8.2_400bps_hac@v4.3.0
183	44bf0c23-9ff2-4a4e-85c2-1424fda11a69 runid=0dfb5b492dc86ce99bf7c61c734eb364afcdb5c8 ch=20 start_time=2025-09-25T17:26:37.398161+00:00 flow_cell_id=AWX817 basecall_gpu=NVIDIA_Tegra_X2 protocol_group_id=ONT_trialEb_250925 sample_id=ONT_trail_250925 barcode=barcode14 barcode_alias=barcode14 parent_read_id=44bf0c23-9ff2-4a4e-85c2-1424fda11a69 basecall_model_version_id=dna_r10.4.1_e8.2_400bps_hac@v4.3.0
183	8821208f-1fe5-4d2f-b0a8-cc905ad34b7b runid=0dfb5b492dc86ce99bf7c61c734eb364afcdb5c8 ch=108 start_time=2025-09-25T16:06:35.398161+00:00 flow_cell_id=AWX817 basecall_gpu=NVIDIA_Tegra_X2 protocol_group_id=ONT_trialEb_250925 sample_id=ONT_trail_250925 barcode=barcode23 barcode_alias=barcode23 parent_read_id=8821208f-1fe5-4d2f-b0a8-cc905ad34b7b basecall_model_version_id=dna_r10.4.1_e8.2_400bps_hac@v4.3.0 rc
183	ddcb0bd2-d73a-4a14-ae89-4a29b2437865 runid=0dfb5b492dc86ce99bf7c61c734eb364afcdb5c8 ch=58 start_time=2025-09-25T22:01:23.398161+00:00 flow_cell_id=AWX817 basecall_gpu=NVIDIA_Tegra_X2 protocol_group_id=ONT_trialEb_250925 sample_id=ONT_trail_250925 barcode=barcode22 barcode_alias=barcode22 parent_read_id=ddcb0bd2-d73a-4a14-ae89-4a29b2437865 basecall_model_version_id=dna_r10.4.1_e8.2_400bps_hac@v4.3.0 rc
183	ddcb0bd2-d73a-4a14-ae89-4a29b2437865 runid=0dfb5b492dc86ce99bf7c61c734eb364afcdb5c8 ch=58 start_time=2025-09-25T22:01:23.398161+00:00 flow_cell_id=AWX817 basecall_gpu=NVIDIA_Tegra_X2 protocol_group_id=ONT_trialEb_250925 sample_id=ONT_trail_250925 barcode=barcode22 barcode_alias=barcode22 parent_read_id=ddcb0bd2-d73a-4a14-ae89-4a29b2437865 basecall_model_version_id=dna_r10.4.1_e8.2_400bps_hac@v4.3.0 rc
183	9cef1747-02fa-4baa-ae61-8641e1a045b8 runid=0dfb5b492dc86ce99bf7c61c734eb364afcdb5c8 ch=58 start_time=2025-09-25T19:26:07.398161+00:00 flow_cell_id=AWX817 basecall_gpu=NVIDIA_Tegra_X2 protocol_group_id=ONT_trialEb_250925 sample_id=ONT_trail_250925 barcode=barcode22 barcode_alias=barcode22 parent_read_id=9cef1747-02fa-4baa-ae61-8641e1a045b8 basecall_model_version_id=dna_r10.4.1_e8.2_400bps_hac@v4.3.0
183	9cef1747-02fa-4baa-ae61-8641e1a045b8 runid=0dfb5b492dc86ce99bf7c61c734eb364afcdb5c8 ch=58 start_time=2025-09-25T19:26:07.398161+00:00 flow_cell_id=AWX817 basecall_gpu=NVIDIA_Tegra_X2 protocol_group_id=ONT_trialEb_250925 sample_id=ONT_trail_250925 barcode=barcode22 barcode_alias=barcode22 parent_read_id=9cef1747-02fa-4baa-ae61-8641e1a045b8 basecall_model_version_id=dna_r10.4.1_e8.2_400bps_hac@v4.3.0
183	91296054-7462-4d31-b49b-bf1a83ba0441 runid=0dfb5b492dc86ce99bf7c61c734eb364afcdb5c8 ch=79 start_time=2025-09-26T00:48:03.398161+00:00 flow_cell_id=AWX817 basecall_gpu=NVIDIA_Tegra_X2 protocol_group_id=ONT_trialEb_250925 sample_id=ONT_trail_250925 barcode=barcode24 barcode_alias=barcode24 parent_read_id=91296054-7462-4d31-b49b-bf1a83ba0441 basecall_model_version_id=dna_r10.4.1_e8.2_400bps_hac@v4.3.0 rc
183	167eb7e8-796c-465b-8ec9-0188d5b31b4e runid=0dfb5b492dc86ce99bf7c61c734eb364afcdb5c8 ch=20 start_time=2025-09-25T20:47:19.398161+00:00 flow_cell_id=AWX817 basecall_gpu=NVIDIA_Tegra_X2 protocol_group_id=ONT_trialEb_250925 sample_id=ONT_trail_250925 barcode=barcode22 barcode_alias=barcode22 parent_read_id=167eb7e8-796c-465b-8ec9-0188d5b31b4e basecall_model_version_id=dna_r10.4.1_e8.2_400bps_hac@v4.3.0
183	167eb7e8-796c-465b-8ec9-0188d5b31b4e runid=0dfb5b492dc86ce99bf7c61c734eb364afcdb5c8 ch=20 start_time=2025-09-25T20:47:19.398161+00:00 flow_cell_id=AWX817 basecall_gpu=NVIDIA_Tegra_X2 protocol_group_id=ONT_trialEb_250925 sample_id=ONT_trail_250925 barcode=barcode22 barcode_alias=barcode22 parent_read_id=167eb7e8-796c-465b-8ec9-0188d5b31b4e basecall_model_version_id=dna_r10.4.1_e8.2_400bps_hac@v4.3.0
183	fe5075a6-8444-4e08-b803-464d48931508 runid=0dfb5b492dc86ce99bf7c61c734eb364afcdb5c8 ch=91 start_time=2025-09-25T18:01:27.398161+00:00 flow_cell_id=AWX817 basecall_gpu=NVIDIA_Tegra_X2 protocol_group_id=ONT_trialEb_250925 sample_id=ONT_trail_250925 barcode=barcode14 barcode_alias=barcode14 parent_read_id=fe5075a6-8444-4e08-b803-464d48931508 basecall_model_version_id=dna_r10.4.1_e8.2_400bps_hac@v4.3.0
183	fe5075a6-8444-4e08-b803-464d48931508 runid=0dfb5b492dc86ce99bf7c61c734eb364afcdb5c8 ch=91 start_time=2025-09-25T18:01:27.398161+00:00 flow_cell_id=AWX817 basecall_gpu=NVIDIA_Tegra_X2 protocol_group_id=ONT_trialEb_250925 sample_id=ONT_trail_250925 barcode=barcode14 barcode_alias=barcode14 parent_read_id=fe5075a6-8444-4e08-b803-464d48931508 basecall_model_version_id=dna_r10.4.1_e8.2_400bps_hac@v4.3.0
183	a640b7f4-d38a-4662-a50a-a62832f96145 runid=0dfb5b492dc86ce99bf7c61c734eb364afcdb5c8 ch=77 start_time=2025-09-25T20:19:56.398161+00:00 flow_cell_id=AWX817 basecall_gpu=NVIDIA_Tegra_X2 protocol_group_id=ONT_trialEb_250925 sample_id=ONT_trail_250925 barcode=barcode14 barcode_alias=barcode14 parent_read_id=a640b7f4-d38a-4662-a50a-a62832f96145 basecall_model_version_id=dna_r10.4.1_e8.2_400bps_hac@v4.3.0
183	a640b7f4-d38a-4662-a50a-a62832f96145 runid=0dfb5b492dc86ce99bf7c61c734eb364afcdb5c8 ch=77 start_time=2025-09-25T20:19:56.398161+00:00 flow_cell_id=AWX817 basecall_gpu=NVIDIA_Tegra_X2 protocol_group_id=ONT_trialEb_250925 sample_id=ONT_trail_250925 barcode=barcode14 barcode_alias=barcode14 parent_read_id=a640b7f4-d38a-4662-a50a-a62832f96145 basecall_model_version_id=dna_r10.4.1_e8.2_400bps_hac@v4.3.0
183	9ffa54f7-b860-4d1a-9013-bb608bdb8523 runid=0dfb5b492dc86ce99bf7c61c734eb364afcdb5c8 ch=110 start_time=2025-09-25T21:46:03.398161+00:00 flow_cell_id=AWX817 basecall_gpu=NVIDIA_Tegra_X2 protocol_group_id=ONT_trialEb_250925 sample_id=ONT_trail_250925 barcode=barcode22 barcode_alias=barcode22 parent_read_id=9ffa54f7-b860-4d1a-9013-bb608bdb8523 basecall_model_version_id=dna_r10.4.1_e8.2_400bps_hac@v4.3.0 rc
183	9ffa54f7-b860-4d1a-9013-bb608bdb8523 runid=0dfb5b492dc86ce99bf7c61c734eb364afcdb5c8 ch=110 start_time=2025-09-25T21:46:03.398161+00:00 flow_cell_id=AWX817 basecall_gpu=NVIDIA_Tegra_X2 protocol_group_id=ONT_trialEb_250925 sample_id=ONT_trail_250925 barcode=barcode22 barcode_alias=barcode22 parent_read_id=9ffa54f7-b860-4d1a-9013-bb608bdb8523 basecall_model_version_id=dna_r10.4.1_e8.2_400bps_hac@v4.3.0 rc
183	a738409a-a3b3-4015-b2ce-f4e33362c18d runid=0dfb5b492dc86ce99bf7c61c734eb364afcdb5c8 ch=92 start_time=2025-09-26T00:01:44.398161+00:00 flow_cell_id=AWX817 basecall_gpu=NVIDIA_Tegra_X2 protocol_group_id=ONT_trialEb_250925 sample_id=ONT_trail_250925 barcode=barcode24 barcode_alias=barcode24 parent_read_id=a738409a-a3b3-4015-b2ce-f4e33362c18d basecall_model_version_id=dna_r10.4.1_e8.2_400bps_hac@v4.3.0
183	7bab8c58-b713-42ef-bc37-a1a9c06162d6 runid=0dfb5b492dc86ce99bf7c61c734eb364afcdb5c8 ch=106 start_time=2025-09-25T18:45:46.398161+00:00 flow_cell_id=AWX817 basecall_gpu=NVIDIA_Tegra_X2 protocol_group_id=ONT_trialEb_250925 sample_id=ONT_trail_250925 barcode=barcode14 barcode_alias=barcode14 parent_read_id=7bab8c58-b713-42ef-bc37-a1a9c06162d6 basecall_model_version_id=dna_r10.4.1_e8.2_400bps_hac@v4.3.0
183	7bab8c58-b713-42ef-bc37-a1a9c06162d6 runid=0dfb5b492dc86ce99bf7c61c734eb364afcdb5c8 ch=106 start_time=2025-09-25T18:45:46.398161+00:00 flow_cell_id=AWX817 basecall_gpu=NVIDIA_Tegra_X2 protocol_group_id=ONT_trialEb_250925 sample_id=ONT_trail_250925 barcode=barcode14 barcode_alias=barcode14 parent_read_id=7bab8c58-b713-42ef-bc37-a1a9c06162d6 basecall_model_version_id=dna_r10.4.1_e8.2_400bps_hac@v4.3.0
183	a40c0776-68ec-4210-9f09-2a596f32cd8d runid=0dfb5b492dc86ce99bf7c61c734eb364afcdb5c8 ch=4 start_time=2025-09-25T18:48:32.398161+00:00 flow_cell_id=AWX817 basecall_gpu=NVIDIA_Tegra_X2 protocol_group_id=ONT_trialEb_250925 sample_id=ONT_trail_250925 barcode=barcode15 barcode_alias=barcode15 parent_read_id=a40c0776-68ec-4210-9f09-2a596f32cd8d basecall_model_version_id=dna_r10.4.1_e8.2_400bps_hac@v4.3.0
88	d5d00dd6-2e8a-4d61-831e-395d4644fe4c runid=0dfb5b492dc86ce99bf7c61c734eb364afcdb5c8 ch=44 start_time=2025-09-26T04:16:17.398161+00:00 flow_cell_id=AWX817 basecall_gpu=NVIDIA_Tegra_X2 protocol_group_id=ONT_trialEb_250925 sample_id=ONT_trail_250925 barcode=barcode22 barcode_alias=barcode22 parent_read_id=d5d00dd6-2e8a-4d61-831e-395d4644fe4c basecall_model_version_id=dna_r10.4.1_e8.2_400bps_hac@v4.3.0 rc
88	fe0599d4-15e2-4877-b74d-b89ab8194db0 runid=0dfb5b492dc86ce99bf7c61c734eb364afcdb5c8 ch=6 start_time=2025-09-25T16:47:14.398161+00:00 flow_cell_id=AWX817 basecall_gpu=NVIDIA_Tegra_X2 protocol_group_id=ONT_trialEb_250925 sample_id=ONT_trail_250925 barcode=barcode14 barcode_alias=barcode14 parent_read_id=fe0599d4-15e2-4877-b74d-b89ab8194db0 basecall_model_version_id=dna_r10.4.1_e8.2_400bps_hac@v4.3.0
88	fe0599d4-15e2-4877-b74d-b89ab8194db0 runid=0dfb5b492dc86ce99bf7c61c734eb364afcdb5c8 ch=6 start_time=2025-09-25T16:47:14.398161+00:00 flow_cell_id=AWX817 basecall_gpu=NVIDIA_Tegra_X2 protocol_group_id=ONT_trialEb_250925 sample_id=ONT_trail_250925 barcode=barcode14 barcode_alias=barcode14 parent_read_id=fe0599d4-15e2-4877-b74d-b89ab8194db0 basecall_model_version_id=dna_r10.4.1_e8.2_400bps_hac@v4.3.0
88	f88da4e8-0252-4b84-b692-0ce423d88617 runid=0dfb5b492dc86ce99bf7c61c734eb364afcdb5c8 ch=10 start_time=2025-09-26T00:22:36.398161+00:00 flow_cell_id=AWX817 basecall_gpu=NVIDIA_Tegra_X2 protocol_group_id=ONT_trialEb_250925 sample_id=ONT_trail_250925 barcode=barcode14 barcode_alias=barcode14 parent_read_id=f88da4e8-0252-4b84-b692-0ce423d88617 basecall_model_version_id=dna_r10.4.1_e8.2_400bps_hac@v4.3.0 rc
88	f88da4e8-0252-4b84-b692-0ce423d88617 runid=0dfb5b492dc86ce99bf7c61c734eb364afcdb5c8 ch=10 start_time=2025-09-26T00:22:36.398161+00:00 flow_cell_id=AWX817 basecall_gpu=NVIDIA_Tegra_X2 protocol_group_id=ONT_trialEb_250925 sample_id=ONT_trail_250925 barcode=barcode14 barcode_alias=barcode14 parent_read_id=f88da4e8-0252-4b84-b692-0ce423d88617 basecall_model_version_id=dna_r10.4.1_e8.2_400bps_hac@v4.3.0 rc
88	7c57926e-294b-48b1-9553-31a966b21571 runid=0dfb5b492dc86ce99bf7c61c734eb364afcdb5c8 ch=43 start_time=2025-09-25T17:02:27.398161+00:00 flow_cell_id=AWX817 basecall_gpu=NVIDIA_Tegra_X2 protocol_group_id=ONT_trialEb_250925 sample_id=ONT_trail_250925 barcode=barcode14 barcode_alias=barcode14 parent_read_id=7c57926e-294b-48b1-9553-31a966b21571 basecall_model_version_id=dna_r10.4.1_e8.2_400bps_hac@v4.3.0 rc
88	7c57926e-294b-48b1-9553-31a966b21571 runid=0dfb5b492dc86ce99bf7c61c734eb364afcdb5c8 ch=43 start_time=2025-09-25T17:02:27.398161+00:00 flow_cell_id=AWX817 basecall_gpu=NVIDIA_Tegra_X2 protocol_group_id=ONT_trialEb_250925 sample_id=ONT_trail_250925 barcode=barcode14 barcode_alias=barcode14 parent_read_id=7c57926e-294b-48b1-9553-31a966b21571 basecall_model_version_id=dna_r10.4.1_e8.2_400bps_hac@v4.3.0 rc
88	25ee05a9-39c7-46b0-90ea-1f0131090db0 runid=0dfb5b492dc86ce99bf7c61c734eb364afcdb5c8 ch=4 start_time=2025-09-25T16:19:32.398161+00:00 flow_cell_id=AWX817 basecall_gpu=NVIDIA_Tegra_X2 protocol_group_id=ONT_trialEb_250925 sample_id=ONT_trail_250925 barcode=barcode13 barcode_alias=barcode13 parent_read_id=25ee05a9-39c7-46b0-90ea-1f0131090db0 basecall_model_version_id=dna_r10.4.1_e8.2_400bps_hac@v4.3.0
88	72b34148-68da-4d12-ada8-599e021252d7 runid=0dfb5b492dc86ce99bf7c61c734eb364afcdb5c8 ch=77 start_time=2025-09-25T22:27:39.398161+00:00 flow_cell_id=AWX817 basecall_gpu=NVIDIA_Tegra_X2 protocol_group_id=ONT_trialEb_250925 sample_id=ONT_trail_250925 barcode=barcode15 barcode_alias=barcode15 parent_read_id=72b34148-68da-4d12-ada8-599e021252d7 basecall_model_version_id=dna_r10.4.1_e8.2_400bps_hac@v4.3.0 rc
88	0d44ab9e-dbba-442d-9825-57cf52c6657d runid=0dfb5b492dc86ce99bf7c61c734eb364afcdb5c8 ch=49 start_time=2025-09-26T07:34:53.398161+00:00 flow_cell_id=AWX817 basecall_gpu=NVIDIA_Tegra_X2 protocol_group_id=ONT_trialEb_250925 sample_id=ONT_trail_250925 barcode=barcode22 barcode_alias=barcode22 parent_read_id=0d44ab9e-dbba-442d-9825-57cf52c6657d basecall_model_version_id=dna_r10.4.1_e8.2_400bps_hac@v4.3.0
88	0d44ab9e-dbba-442d-9825-57cf52c6657d runid=0dfb5b492dc86ce99bf7c61c734eb364afcdb5c8 ch=49 start_time=2025-09-26T07:34:53.398161+00:00 flow_cell_id=AWX817 basecall_gpu=NVIDIA_Tegra_X2 protocol_group_id=ONT_trialEb_250925 sample_id=ONT_trail_250925 barcode=barcode22 barcode_alias=barcode22 parent_read_id=0d44ab9e-dbba-442d-9825-57cf52c6657d basecall_model_version_id=dna_r10.4.1_e8.2_400bps_hac@v4.3.0
88	2bcd9c02-7172-48fb-b349-7f185ea83636 runid=0dfb5b492dc86ce99bf7c61c734eb364afcdb5c8 ch=92 start_time=2025-09-25T22:02:05.398161+00:00 flow_cell_id=AWX817 basecall_gpu=NVIDIA_Tegra_X2 protocol_group_id=ONT_trialEb_250925 sample_id=ONT_trail_250925 barcode=barcode14 barcode_alias=barcode14 parent_read_id=2bcd9c02-7172-48fb-b349-7f185ea83636 basecall_model_version_id=dna_r10.4.1_e8.2_400bps_hac@v4.3.0 rc
88	2bcd9c02-7172-48fb-b349-7f185ea83636 runid=0dfb5b492dc86ce99bf7c61c734eb364afcdb5c8 ch=92 start_time=2025-09-25T22:02:05.398161+00:00 flow_cell_id=AWX817 basecall_gpu=NVIDIA_Tegra_X2 protocol_group_id=ONT_trialEb_250925 sample_id=ONT_trail_250925 barcode=barcode14 barcode_alias=barcode14 parent_read_id=2bcd9c02-7172-48fb-b349-7f185ea83636 basecall_model_version_id=dna_r10.4.1_e8.2_400bps_hac@v4.3.0 rc
88	bd6021ed-7ff8-4a62-a847-5a794a5387c4 runid=0dfb5b492dc86ce99bf7c61c734eb364afcdb5c8 ch=39 start_time=2025-09-25T19:44:29.398161+00:00 flow_cell_id=AWX817 basecall_gpu=NVIDIA_Tegra_X2 protocol_group_id=ONT_trialEb_250925 sample_id=ONT_trail_250925 barcode=barcode22 barcode_alias=barcode22 parent_read_id=bd6021ed-7ff8-4a62-a847-5a794a5387c4 basecall_model_version_id=dna_r10.4.1_e8.2_400bps_hac@v4.3.0
88	bd6021ed-7ff8-4a62-a847-5a794a5387c4 runid=0dfb5b492dc86ce99bf7c61c734eb364afcdb5c8 ch=39 start_time=2025-09-25T19:44:29.398161+00:00 flow_cell_id=AWX817 basecall_gpu=NVIDIA_Tegra_X2 protocol_group_id=ONT_trialEb_250925 sample_id=ONT_trail_250925 barcode=barcode22 barcode_alias=barcode22 parent_read_id=bd6021ed-7ff8-4a62-a847-5a794a5387c4 basecall_model_version_id=dna_r10.4.1_e8.2_400bps_hac@v4.3.0
88	3f8fd2c0-1c46-425e-81e1-1706d6acf988 runid=0dfb5b492dc86ce99bf7c61c734eb364afcdb5c8 ch=110 start_time=2025-09-25T19:08:43.398161+00:00 flow_cell_id=AWX817 basecall_gpu=NVIDIA_Tegra_X2 protocol_group_id=ONT_trialEb_250925 sample_id=ONT_trail_250925 barcode=barcode22 barcode_alias=barcode22 parent_read_id=3f8fd2c0-1c46-425e-81e1-1706d6acf988 basecall_model_version_id=dna_r10.4.1_e8.2_400bps_hac@v4.3.0 rc
88	3f8fd2c0-1c46-425e-81e1-1706d6acf988 runid=0dfb5b492dc86ce99bf7c61c734eb364afcdb5c8 ch=110 start_time=2025-09-25T19:08:43.398161+00:00 flow_cell_id=AWX817 basecall_gpu=NVIDIA_Tegra_X2 protocol_group_id=ONT_trialEb_250925 sample_id=ONT_trail_250925 barcode=barcode22 barcode_alias=barcode22 parent_read_id=3f8fd2c0-1c46-425e-81e1-1706d6acf988 basecall_model_version_id=dna_r10.4.1_e8.2_400bps_hac@v4.3.0 rc
88	abb1eaf1-2943-4774-84a0-1f5281cb9c13 runid=0dfb5b492dc86ce99bf7c61c734eb364afcdb5c8 ch=41 start_time=2025-09-25T22:40:01.398161+00:00 flow_cell_id=AWX817 basecall_gpu=NVIDIA_Tegra_X2 protocol_group_id=ONT_trialEb_250925 sample_id=ONT_trail_250925 barcode=barcode22 barcode_alias=barcode22 parent_read_id=abb1eaf1-2943-4774-84a0-1f5281cb9c13 basecall_model_version_id=dna_r10.4.1_e8.2_400bps_hac@v4.3.0 rc
88	abb1eaf1-2943-4774-84a0-1f5281cb9c13 runid=0dfb5b492dc86ce99bf7c61c734eb364afcdb5c8 ch=41 start_time=2025-09-25T22:40:01.398161+00:00 flow_cell_id=AWX817 basecall_gpu=NVIDIA_Tegra_X2 protocol_group_id=ONT_trialEb_250925 sample_id=ONT_trail_250925 barcode=barcode22 barcode_alias=barcode22 parent_read_id=abb1eaf1-2943-4774-84a0-1f5281cb9c13 basecall_model_version_id=dna_r10.4.1_e8.2_400bps_hac@v4.3.0 rc
88	3c0980a8-b26b-45a5-a8e0-efa9410cb8df runid=0dfb5b492dc86ce99bf7c61c734eb364afcdb5c8 ch=106 start_time=2025-09-25T19:29:27.398161+00:00 flow_cell_id=AWX817 basecall_gpu=NVIDIA_Tegra_X2 protocol_group_id=ONT_trialEb_250925 sample_id=ONT_trail_250925 barcode=barcode15 barcode_alias=barcode15 parent_read_id=3c0980a8-b26b-45a5-a8e0-efa9410cb8df basecall_model_version_id=dna_r10.4.1_e8.2_400bps_hac@v4.3.0
88	6b2c58ea-3e1b-465d-b19f-b0ea6fe06f5d runid=0dfb5b492dc86ce99bf7c61c734eb364afcdb5c8 ch=41 start_time=2025-09-25T19:25:06.398161+00:00 flow_cell_id=AWX817 basecall_gpu=NVIDIA_Tegra_X2 protocol_group_id=ONT_trialEb_250925 sample_id=ONT_trail_250925 barcode=barcode24 barcode_alias=barcode24 parent_read_id=6b2c58ea-3e1b-465d-b19f-b0ea6fe06f5d basecall_model_version_id=dna_r10.4.1_e8.2_400bps_hac@v4.3.0 rc
88	8bd68d79-a36b-44ef-b9ee-ca48ebae231f runid=0dfb5b492dc86ce99bf7c61c734eb364afcdb5c8 ch=41 start_time=2025-09-25T23:13:36.398161+00:00 flow_cell_id=AWX817 basecall_gpu=NVIDIA_Tegra_X2 protocol_group_id=ONT_trialEb_250925 sample_id=ONT_trail_250925 barcode=barcode24 barcode_alias=barcode24 parent_read_id=8bd68d79-a36b-44ef-b9ee-ca48ebae231f basecall_model_version_id=dna_r10.4.1_e8.2_400bps_hac@v4.3.0
88	a4d10753-c5d9-4cf0-b135-b7c49c403ac5 runid=0dfb5b492dc86ce99bf7c61c734eb364afcdb5c8 ch=5 start_time=2025-09-25T20:04:16.398161+00:00 flow_cell_id=AWX817 basecall_gpu=NVIDIA_Tegra_X2 protocol_group_id=ONT_trialEb_250925 sample_id=ONT_trail_250925 barcode=barcode24 barcode_alias=barcode24 parent_read_id=a4d10753-c5d9-4cf0-b135-b7c49c403ac5 basecall_model_version_id=dna_r10.4.1_e8.2_400bps_hac@v4.3.0
88	f7245848-25d1-45de-b7cb-95a5e472fc5d runid=0dfb5b492dc86ce99bf7c61c734eb364afcdb5c8 ch=100 start_time=2025-09-25T22:19:21.398161+00:00 flow_cell_id=AWX817 basecall_gpu=NVIDIA_Tegra_X2 protocol_group_id=ONT_trialEb_250925 sample_id=ONT_trail_250925 barcode=barcode14 barcode_alias=barcode14 parent_read_id=f7245848-25d1-45de-b7cb-95a5e472fc5d basecall_model_version_id=dna_r10.4.1_e8.2_400bps_hac@v4.3.0 rc
88	f7245848-25d1-45de-b7cb-95a5e472fc5d runid=0dfb5b492dc86ce99bf7c61c734eb364afcdb5c8 ch=100 start_time=2025-09-25T22:19:21.398161+00:00 flow_cell_id=AWX817 basecall_gpu=NVIDIA_Tegra_X2 protocol_group_id=ONT_trialEb_250925 sample_id=ONT_trail_250925 barcode=barcode14 barcode_alias=barcode14 parent_read_id=f7245848-25d1-45de-b7cb-95a5e472fc5d basecall_model_version_id=dna_r10.4.1_e8.2_400bps_hac@v4.3.0 rc
187	8749a5f6-3f90-49cb-aef4-407613d799db runid=0dfb5b492dc86ce99bf7c61c734eb364afcdb5c8 ch=41 start_time=2025-09-25T22:05:10.398161+00:00 flow_cell_id=AWX817 basecall_gpu=NVIDIA_Tegra_X2 protocol_group_id=ONT_trialEb_250925 sample_id=ONT_trail_250925 barcode=barcode15 barcode_alias=barcode15 parent_read_id=8749a5f6-3f90-49cb-aef4-407613d799db basecall_model_version_id=dna_r10.4.1_e8.2_400bps_hac@v4.3.0
187	5cab1aea-fd61-47eb-a488-3c65c438a7bb runid=0dfb5b492dc86ce99bf7c61c734eb364afcdb5c8 ch=39 start_time=2025-09-26T01:57:27.398161+00:00 flow_cell_id=AWX817 basecall_gpu=NVIDIA_Tegra_X2 protocol_group_id=ONT_trialEb_250925 sample_id=ONT_trail_250925 barcode=barcode22 barcode_alias=barcode22 parent_read_id=5cab1aea-fd61-47eb-a488-3c65c438a7bb basecall_model_version_id=dna_r10.4.1_e8.2_400bps_hac@v4.3.0
187	5cab1aea-fd61-47eb-a488-3c65c438a7bb runid=0dfb5b492dc86ce99bf7c61c734eb364afcdb5c8 ch=39 start_time=2025-09-26T01:57:27.398161+00:00 flow_cell_id=AWX817 basecall_gpu=NVIDIA_Tegra_X2 protocol_group_id=ONT_trialEb_250925 sample_id=ONT_trail_250925 barcode=barcode22 barcode_alias=barcode22 parent_read_id=5cab1aea-fd61-47eb-a488-3c65c438a7bb basecall_model_version_id=dna_r10.4.1_e8.2_400bps_hac@v4.3.0
187	2949d0d9-ff42-4d0b-97d4-0133651f7f87 runid=0dfb5b492dc86ce99bf7c61c734eb364afcdb5c8 ch=4 start_time=2025-09-26T06:38:19.398161+00:00 flow_cell_id=AWX817 basecall_gpu=NVIDIA_Tegra_X2 protocol_group_id=ONT_trialEb_250925 sample_id=ONT_trail_250925 barcode=barcode24 barcode_alias=barcode24 parent_read_id=2949d0d9-ff42-4d0b-97d4-0133651f7f87 basecall_model_version_id=dna_r10.4.1_e8.2_400bps_hac@v4.3.0
187	e65ee134-b23f-4b7a-a6f8-4893eafe3d0b runid=0dfb5b492dc86ce99bf7c61c734eb364afcdb5c8 ch=10 start_time=2025-09-25T23:39:15.398161+00:00 flow_cell_id=AWX817 basecall_gpu=NVIDIA_Tegra_X2 protocol_group_id=ONT_trialEb_250925 sample_id=ONT_trail_250925 barcode=barcode14 barcode_alias=barcode14 parent_read_id=e65ee134-b23f-4b7a-a6f8-4893eafe3d0b basecall_model_version_id=dna_r10.4.1_e8.2_400bps_hac@v4.3.0 rc
187	e65ee134-b23f-4b7a-a6f8-4893eafe3d0b runid=0dfb5b492dc86ce99bf7c61c734eb364afcdb5c8 ch=10 start_time=2025-09-25T23:39:15.398161+00:00 flow_cell_id=AWX817 basecall_gpu=NVIDIA_Tegra_X2 protocol_group_id=ONT_trialEb_250925 sample_id=ONT_trail_250925 barcode=barcode14 barcode_alias=barcode14 parent_read_id=e65ee134-b23f-4b7a-a6f8-4893eafe3d0b basecall_model_version_id=dna_r10.4.1_e8.2_400bps_hac@v4.3.0 rc
187	b81e67d7-bfdc-40d7-9e8c-48697b15aefb runid=0dfb5b492dc86ce99bf7c61c734eb364afcdb5c8 ch=42 start_time=2025-09-25T20:09:03.398161+00:00 flow_cell_id=AWX817 basecall_gpu=NVIDIA_Tegra_X2 protocol_group_id=ONT_trialEb_250925 sample_id=ONT_trail_250925 barcode=barcode14 barcode_alias=barcode14 parent_read_id=b81e67d7-bfdc-40d7-9e8c-48697b15aefb basecall_model_version_id=dna_r10.4.1_e8.2_400bps_hac@v4.3.0
187	b81e67d7-bfdc-40d7-9e8c-48697b15aefb runid=0dfb5b492dc86ce99bf7c61c734eb364afcdb5c8 ch=42 start_time=2025-09-25T20:09:03.398161+00:00 flow_cell_id=AWX817 basecall_gpu=NVIDIA_Tegra_X2 protocol_group_id=ONT_trialEb_250925 sample_id=ONT_trail_250925 barcode=barcode14 barcode_alias=barcode14 parent_read_id=b81e67d7-bfdc-40d7-9e8c-48697b15aefb basecall_model_version_id=dna_r10.4.1_e8.2_400bps_hac@v4.3.0
187	c25e2d67-e902-479f-a68e-777b9af13c84 runid=0dfb5b492dc86ce99bf7c61c734eb364afcdb5c8 ch=49 start_time=2025-09-26T07:34:31.398161+00:00 flow_cell_id=AWX817 basecall_gpu=NVIDIA_Tegra_X2 protocol_group_id=ONT_trialEb_250925 sample_id=ONT_trail_250925 barcode=barcode13 barcode_alias=barcode13 parent_read_id=c25e2d67-e902-479f-a68e-777b9af13c84 basecall_model_version_id=dna_r10.4.1_e8.2_400bps_hac@v4.3.0
187	e0961c08-9f2f-481a-86bd-0558484cf0c2 runid=0dfb5b492dc86ce99bf7c61c734eb364afcdb5c8 ch=4 start_time=2025-09-25T16:19:33.398161+00:00 flow_cell_id=AWX817 basecall_gpu=NVIDIA_Tegra_X2 protocol_group_id=ONT_trialEb_250925 sample_id=ONT_trail_250925 barcode=barcode13 barcode_alias=barcode13 parent_read_id=e0961c08-9f2f-481a-86bd-0558484cf0c2 basecall_model_version_id=dna_r10.4.1_e8.2_400bps_hac@v4.3.0 rc
187	dff5cc5f-670e-4805-90f0-e1abfe164947 runid=0dfb5b492dc86ce99bf7c61c734eb364afcdb5c8 ch=41 start_time=2025-09-25T21:08:48.398161+00:00 flow_cell_id=AWX817 basecall_gpu=NVIDIA_Tegra_X2 protocol_group_id=ONT_trialEb_250925 sample_id=ONT_trail_250925 barcode=barcode14 barcode_alias=barcode14 parent_read_id=dff5cc5f-670e-4805-90f0-e1abfe164947 basecall_model_version_id=dna_r10.4.1_e8.2_400bps_hac@v4.3.0
187	dff5cc5f-670e-4805-90f0-e1abfe164947 runid=0dfb5b492dc86ce99bf7c61c734eb364afcdb5c8 ch=41 start_time=2025-09-25T21:08:48.398161+00:00 flow_cell_id=AWX817 basecall_gpu=NVIDIA_Tegra_X2 protocol_group_id=ONT_trialEb_250925 sample_id=ONT_trail_250925 barcode=barcode14 barcode_alias=barcode14 parent_read_id=dff5cc5f-670e-4805-90f0-e1abfe164947 basecall_model_version_id=dna_r10.4.1_e8.2_400bps_hac@v4.3.0
187	a3609d0b-de7f-4308-b612-49ca8425c296 runid=0dfb5b492dc86ce99bf7c61c734eb364afcdb5c8 ch=23 start_time=2025-09-25T17:46:51.398161+00:00 flow_cell_id=AWX817 basecall_gpu=NVIDIA_Tegra_X2 protocol_group_id=ONT_trialEb_250925 sample_id=ONT_trail_250925 barcode=barcode14 barcode_alias=barcode14 parent_read_id=a3609d0b-de7f-4308-b612-49ca8425c296 basecall_model_version_id=dna_r10.4.1_e8.2_400bps_hac@v4.3.0 rc
187	a3609d0b-de7f-4308-b612-49ca8425c296 runid=0dfb5b492dc86ce99bf7c61c734eb364afcdb5c8 ch=23 start_time=2025-09-25T17:46:51.398161+00:00 flow_cell_id=AWX817 basecall_gpu=NVIDIA_Tegra_X2 protocol_group_id=ONT_trialEb_250925 sample_id=ONT_trail_250925 barcode=barcode14 barcode_alias=barcode14 parent_read_id=a3609d0b-de7f-4308-b612-49ca8425c296 basecall_model_version_id=dna_r10.4.1_e8.2_400bps_hac@v4.3.0 rc
187	55ac719c-dda1-4d06-b255-8e65aa1a08eb runid=0dfb5b492dc86ce99bf7c61c734eb364afcdb5c8 ch=23 start_time=2025-09-25T19:51:23.398161+00:00 flow_cell_id=AWX817 basecall_gpu=NVIDIA_Tegra_X2 protocol_group_id=ONT_trialEb_250925 sample_id=ONT_trail_250925 barcode=barcode15 barcode_alias=barcode15 parent_read_id=55ac719c-dda1-4d06-b255-8e65aa1a08eb basecall_model_version_id=dna_r10.4.1_e8.2_400bps_hac@v4.3.0
187	bf4c656b-67cf-4f90-b07a-ca9acd316635 runid=0dfb5b492dc86ce99bf7c61c734eb364afcdb5c8 ch=4 start_time=2025-09-26T04:42:42.398161+00:00 flow_cell_id=AWX817 basecall_gpu=NVIDIA_Tegra_X2 protocol_group_id=ONT_trialEb_250925 sample_id=ONT_trail_250925 barcode=barcode15 barcode_alias=barcode15 parent_read_id=bf4c656b-67cf-4f90-b07a-ca9acd316635 basecall_model_version_id=dna_r10.4.1_e8.2_400bps_hac@v4.3.0
187	0d99f4ad-8640-40b3-afd8-d51bfc332403 runid=0dfb5b492dc86ce99bf7c61c734eb364afcdb5c8 ch=85 start_time=2025-09-25T21:50:15.398161+00:00 flow_cell_id=AWX817 basecall_gpu=NVIDIA_Tegra_X2 protocol_group_id=ONT_trialEb_250925 sample_id=ONT_trail_250925 barcode=barcode14 barcode_alias=barcode14 parent_read_id=0d99f4ad-8640-40b3-afd8-d51bfc332403 basecall_model_version_id=dna_r10.4.1_e8.2_400bps_hac@v4.3.0 rc
187	0d99f4ad-8640-40b3-afd8-d51bfc332403 runid=0dfb5b492dc86ce99bf7c61c734eb364afcdb5c8 ch=85 start_time=2025-09-25T21:50:15.398161+00:00 flow_cell_id=AWX817 basecall_gpu=NVIDIA_Tegra_X2 protocol_group_id=ONT_trialEb_250925 sample_id=ONT_trail_250925 barcode=barcode14 barcode_alias=barcode14 parent_read_id=0d99f4ad-8640-40b3-afd8-d51bfc332403 basecall_model_version_id=dna_r10.4.1_e8.2_400bps_hac@v4.3.0 rc
187	d4bdc071-c188-428c-8b45-59c8101da3a6 runid=0dfb5b492dc86ce99bf7c61c734eb364afcdb5c8 ch=118 start_time=2025-09-26T03:37:49.398161+00:00 flow_cell_id=AWX817 basecall_gpu=NVIDIA_Tegra_X2 protocol_group_id=ONT_trialEb_250925 sample_id=ONT_trail_250925 barcode=barcode13 barcode_alias=barcode13 parent_read_id=40447646-77fe-4e33-93d4-7948339a7643 basecall_model_version_id=dna_r10.4.1_e8.2_400bps_hac@v4.3.0
187	88343b06-12d0-4bf3-ad3a-31bd8cb0d3c2 runid=0dfb5b492dc86ce99bf7c61c734eb364afcdb5c8 ch=20 start_time=2025-09-25T18:20:29.398161+00:00 flow_cell_id=AWX817 basecall_gpu=NVIDIA_Tegra_X2 protocol_group_id=ONT_trialEb_250925 sample_id=ONT_trail_250925 barcode=barcode14 barcode_alias=barcode14 parent_read_id=88343b06-12d0-4bf3-ad3a-31bd8cb0d3c2 basecall_model_version_id=dna_r10.4.1_e8.2_400bps_hac@v4.3.0
187	88343b06-12d0-4bf3-ad3a-31bd8cb0d3c2 runid=0dfb5b492dc86ce99bf7c61c734eb364afcdb5c8 ch=20 start_time=2025-09-25T18:20:29.398161+00:00 flow_cell_id=AWX817 basecall_gpu=NVIDIA_Tegra_X2 protocol_group_id=ONT_trialEb_250925 sample_id=ONT_trail_250925 barcode=barcode14 barcode_alias=barcode14 parent_read_id=88343b06-12d0-4bf3-ad3a-31bd8cb0d3c2 basecall_model_version_id=dna_r10.4.1_e8.2_400bps_hac@v4.3.0
187	1a6552bf-381b-43d7-805d-457f7c7d602d runid=0dfb5b492dc86ce99bf7c61c734eb364afcdb5c8 ch=58 start_time=2025-09-25T20:21:14.398161+00:00 flow_cell_id=AWX817 basecall_gpu=NVIDIA_Tegra_X2 protocol_group_id=ONT_trialEb_250925 sample_id=ONT_trail_250925 barcode=barcode15 barcode_alias=barcode15 parent_read_id=1a6552bf-381b-43d7-805d-457f7c7d602d basecall_model_version_id=dna_r10.4.1_e8.2_400bps_hac@v4.3.0
187	6af65cdf-ff31-43d7-9d91-8d2d2192e63b runid=0dfb5b492dc86ce99bf7c61c734eb364afcdb5c8 ch=85 start_time=2025-09-25T17:59:01.398161+00:00 flow_cell_id=AWX817 basecall_gpu=NVIDIA_Tegra_X2 protocol_group_id=ONT_trialEb_250925 sample_id=ONT_trail_250925 barcode=barcode22 barcode_alias=barcode22 parent_read_id=6af65cdf-ff31-43d7-9d91-8d2d2192e63b basecall_model_version_id=dna_r10.4.1_e8.2_400bps_hac@v4.3.0 rc
187	6af65cdf-ff31-43d7-9d91-8d2d2192e63b runid=0dfb5b492dc86ce99bf7c61c734eb364afcdb5c8 ch=85 start_time=2025-09-25T17:59:01.398161+00:00 flow_cell_id=AWX817 basecall_gpu=NVIDIA_Tegra_X2 protocol_group_id=ONT_trialEb_250925 sample_id=ONT_trail_250925 barcode=barcode22 barcode_alias=barcode22 parent_read_id=6af65cdf-ff31-43d7-9d91-8d2d2192e63b basecall_model_version_id=dna_r10.4.1_e8.2_400bps_hac@v4.3.0 rc
208	b812f01d-d8c0-4b27-a7f9-8ec810ce0edd runid=0dfb5b492dc86ce99bf7c61c734eb364afcdb5c8 ch=6 start_time=2025-09-25T17:03:12.398161+00:00 flow_cell_id=AWX817 basecall_gpu=NVIDIA_Tegra_X2 protocol_group_id=ONT_trialEb_250925 sample_id=ONT_trail_250925 barcode=barcode23 barcode_alias=barcode23 parent_read_id=d9e15f21-e1ba-4109-9479-6e27304e264d basecall_model_version_id=dna_r10.4.1_e8.2_400bps_hac@v4.3.0 rc
208	8d916a4f-7b09-48ce-8cea-20fc378ad108 runid=0dfb5b492dc86ce99bf7c61c734eb364afcdb5c8 ch=57 start_time=2025-09-26T10:16:30.398161+00:00 flow_cell_id=AWX817 basecall_gpu=NVIDIA_Tegra_X2 protocol_group_id=ONT_trialEb_250925 sample_id=ONT_trail_250925 barcode=barcode22 barcode_alias=barcode22 parent_read_id=8d916a4f-7b09-48ce-8cea-20fc378ad108 basecall_model_version_id=dna_r10.4.1_e8.2_400bps_hac@v4.3.0 rc
208	8d916a4f-7b09-48ce-8cea-20fc378ad108 runid=0dfb5b492dc86ce99bf7c61c734eb364afcdb5c8 ch=57 start_time=2025-09-26T10:16:30.398161+00:00 flow_cell_id=AWX817 basecall_gpu=NVIDIA_Tegra_X2 protocol_group_id=ONT_trialEb_250925 sample_id=ONT_trail_250925 barcode=barcode22 barcode_alias=barcode22 parent_read_id=8d916a4f-7b09-48ce-8cea-20fc378ad108 basecall_model_version_id=dna_r10.4.1_e8.2_400bps_hac@v4.3.0 rc
208	fe33c2d7-629e-4cc9-865c-35f1a8eee5b1 runid=0dfb5b492dc86ce99bf7c61c734eb364afcdb5c8 ch=5 start_time=2025-09-25T18:27:06.398161+00:00 flow_cell_id=AWX817 basecall_gpu=NVIDIA_Tegra_X2 protocol_group_id=ONT_trialEb_250925 sample_id=ONT_trail_250925 barcode=barcode14 barcode_alias=barcode14 parent_read_id=fe33c2d7-629e-4cc9-865c-35f1a8eee5b1 basecall_model_version_id=dna_r10.4.1_e8.2_400bps_hac@v4.3.0
208	fe33c2d7-629e-4cc9-865c-35f1a8eee5b1 runid=0dfb5b492dc86ce99bf7c61c734eb364afcdb5c8 ch=5 start_time=2025-09-25T18:27:06.398161+00:00 flow_cell_id=AWX817 basecall_gpu=NVIDIA_Tegra_X2 protocol_group_id=ONT_trialEb_250925 sample_id=ONT_trail_250925 barcode=barcode14 barcode_alias=barcode14 parent_read_id=fe33c2d7-629e-4cc9-865c-35f1a8eee5b1 basecall_model_version_id=dna_r10.4.1_e8.2_400bps_hac@v4.3.0
208	0fada507-7746-461f-a613-495af54fef28 runid=0dfb5b492dc86ce99bf7c61c734eb364afcdb5c8 ch=44 start_time=2025-09-25T18:48:10.398161+00:00 flow_cell_id=AWX817 basecall_gpu=NVIDIA_Tegra_X2 protocol_group_id=ONT_trialEb_250925 sample_id=ONT_trail_250925 barcode=barcode22 barcode_alias=barcode22 parent_read_id=0fada507-7746-461f-a613-495af54fef28 basecall_model_version_id=dna_r10.4.1_e8.2_400bps_hac@v4.3.0 rc
208	0fada507-7746-461f-a613-495af54fef28 runid=0dfb5b492dc86ce99bf7c61c734eb364afcdb5c8 ch=44 start_time=2025-09-25T18:48:10.398161+00:00 flow_cell_id=AWX817 basecall_gpu=NVIDIA_Tegra_X2 protocol_group_id=ONT_trialEb_250925 sample_id=ONT_trail_250925 barcode=barcode22 barcode_alias=barcode22 parent_read_id=0fada507-7746-461f-a613-495af54fef28 basecall_model_version_id=dna_r10.4.1_e8.2_400bps_hac@v4.3.0 rc
208	e3e2f8cd-cfd3-497e-9a45-cb9b70a6da4e runid=0dfb5b492dc86ce99bf7c61c734eb364afcdb5c8 ch=42 start_time=2025-09-26T00:37:54.398161+00:00 flow_cell_id=AWX817 basecall_gpu=NVIDIA_Tegra_X2 protocol_group_id=ONT_trialEb_250925 sample_id=ONT_trail_250925 barcode=barcode23 barcode_alias=barcode23 parent_read_id=e3e2f8cd-cfd3-497e-9a45-cb9b70a6da4e basecall_model_version_id=dna_r10.4.1_e8.2_400bps_hac@v4.3.0 rc
208	c61b3633-d6f5-4f22-aa04-72fa92b7df2f runid=0dfb5b492dc86ce99bf7c61c734eb364afcdb5c8 ch=20 start_time=2025-09-26T02:49:13.398161+00:00 flow_cell_id=AWX817 basecall_gpu=NVIDIA_Tegra_X2 protocol_group_id=ONT_trialEb_250925 sample_id=ONT_trail_250925 barcode=barcode22 barcode_alias=barcode22 parent_read_id=c61b3633-d6f5-4f22-aa04-72fa92b7df2f basecall_model_version_id=dna_r10.4.1_e8.2_400bps_hac@v4.3.0
208	c61b3633-d6f5-4f22-aa04-72fa92b7df2f runid=0dfb5b492dc86ce99bf7c61c734eb364afcdb5c8 ch=20 start_time=2025-09-26T02:49:13.398161+00:00 flow_cell_id=AWX817 basecall_gpu=NVIDIA_Tegra_X2 protocol_group_id=ONT_trialEb_250925 sample_id=ONT_trail_250925 barcode=barcode22 barcode_alias=barcode22 parent_read_id=c61b3633-d6f5-4f22-aa04-72fa92b7df2f basecall_model_version_id=dna_r10.4.1_e8.2_400bps_hac@v4.3.0
208	8b00f5b7-4a0c-4e5c-a084-2e7f59f11259 runid=0dfb5b492dc86ce99bf7c61c734eb364afcdb5c8 ch=118 start_time=2025-09-25T16:00:20.398161+00:00 flow_cell_id=AWX817 basecall_gpu=NVIDIA_Tegra_X2 protocol_group_id=ONT_trialEb_250925 sample_id=ONT_trail_250925 barcode=barcode14 barcode_alias=barcode14 parent_read_id=8b00f5b7-4a0c-4e5c-a084-2e7f59f11259 basecall_model_version_id=dna_r10.4.1_e8.2_400bps_hac@v4.3.0 rc
208	8b00f5b7-4a0c-4e5c-a084-2e7f59f11259 runid=0dfb5b492dc86ce99bf7c61c734eb364afcdb5c8 ch=118 start_time=2025-09-25T16:00:20.398161+00:00 flow_cell_id=AWX817 basecall_gpu=NVIDIA_Tegra_X2 protocol_group_id=ONT_trialEb_250925 sample_id=ONT_trail_250925 barcode=barcode14 barcode_alias=barcode14 parent_read_id=8b00f5b7-4a0c-4e5c-a084-2e7f59f11259 basecall_model_version_id=dna_r10.4.1_e8.2_400bps_hac@v4.3.0 rc
208	2c879301-dd3c-439d-bdc6-1fc74c8415c1 runid=0dfb5b492dc86ce99bf7c61c734eb364afcdb5c8 ch=79 start_time=2025-09-25T17:29:31.398161+00:00 flow_cell_id=AWX817 basecall_gpu=NVIDIA_Tegra_X2 protocol_group_id=ONT_trialEb_250925 sample_id=ONT_trail_250925 barcode=barcode15 barcode_alias=barcode15 parent_read_id=2c879301-dd3c-439d-bdc6-1fc74c8415c1 basecall_model_version_id=dna_r10.4.1_e8.2_400bps_hac@v4.3.0 rc
208	264ac0eb-17bb-49d2-afba-e4109a60ed0a runid=0dfb5b492dc86ce99bf7c61c734eb364afcdb5c8 ch=110 start_time=2025-09-25T16:30:12.398161+00:00 flow_cell_id=AWX817 basecall_gpu=NVIDIA_Tegra_X2 protocol_group_id=ONT_trialEb_250925 sample_id=ONT_trail_250925 barcode=barcode23 barcode_alias=barcode23 parent_read_id=264ac0eb-17bb-49d2-afba-e4109a60ed0a basecall_model_version_id=dna_r10.4.1_e8.2_400bps_hac@v4.3.0 rc
190	6000b4c6-c6e8-45d3-bbf5-dba91e0e9184 runid=0dfb5b492dc86ce99bf7c61c734eb364afcdb5c8 ch=44 start_time=2025-09-25T18:13:12.398161+00:00 flow_cell_id=AWX817 basecall_gpu=NVIDIA_Tegra_X2 protocol_group_id=ONT_trialEb_250925 sample_id=ONT_trail_250925 barcode=barcode22 barcode_alias=barcode22 parent_read_id=6000b4c6-c6e8-45d3-bbf5-dba91e0e9184 basecall_model_version_id=dna_r10.4.1_e8.2_400bps_hac@v4.3.0
190	6000b4c6-c6e8-45d3-bbf5-dba91e0e9184 runid=0dfb5b492dc86ce99bf7c61c734eb364afcdb5c8 ch=44 start_time=2025-09-25T18:13:12.398161+00:00 flow_cell_id=AWX817 basecall_gpu=NVIDIA_Tegra_X2 protocol_group_id=ONT_trialEb_250925 sample_id=ONT_trail_250925 barcode=barcode22 barcode_alias=barcode22 parent_read_id=6000b4c6-c6e8-45d3-bbf5-dba91e0e9184 basecall_model_version_id=dna_r10.4.1_e8.2_400bps_hac@v4.3.0
190	d319c4d2-5ccb-46b8-a9dd-fdb4ee1f8f5f runid=0dfb5b492dc86ce99bf7c61c734eb364afcdb5c8 ch=77 start_time=2025-09-25T22:42:01.398161+00:00 flow_cell_id=AWX817 basecall_gpu=NVIDIA_Tegra_X2 protocol_group_id=ONT_trialEb_250925 sample_id=ONT_trail_250925 barcode=barcode22 barcode_alias=barcode22 parent_read_id=d319c4d2-5ccb-46b8-a9dd-fdb4ee1f8f5f basecall_model_version_id=dna_r10.4.1_e8.2_400bps_hac@v4.3.0 rc
190	d319c4d2-5ccb-46b8-a9dd-fdb4ee1f8f5f runid=0dfb5b492dc86ce99bf7c61c734eb364afcdb5c8 ch=77 start_time=2025-09-25T22:42:01.398161+00:00 flow_cell_id=AWX817 basecall_gpu=NVIDIA_Tegra_X2 protocol_group_id=ONT_trialEb_250925 sample_id=ONT_trail_250925 barcode=barcode22 barcode_alias=barcode22 parent_read_id=d319c4d2-5ccb-46b8-a9dd-fdb4ee1f8f5f basecall_model_version_id=dna_r10.4.1_e8.2_400bps_hac@v4.3.0 rc
190	15751b2a-d53c-4912-9249-671e58104329 runid=0dfb5b492dc86ce99bf7c61c734eb364afcdb5c8 ch=44 start_time=2025-09-25T23:51:10.398161+00:00 flow_cell_id=AWX817 basecall_gpu=NVIDIA_Tegra_X2 protocol_group_id=ONT_trialEb_250925 sample_id=ONT_trail_250925 barcode=barcode23 barcode_alias=barcode23 parent_read_id=15751b2a-d53c-4912-9249-671e58104329 basecall_model_version_id=dna_r10.4.1_e8.2_400bps_hac@v4.3.0
190	fe2feab0-666d-45c8-b3bb-a9bd0aa36268 runid=0dfb5b492dc86ce99bf7c61c734eb364afcdb5c8 ch=44 start_time=2025-09-26T05:40:14.398161+00:00 flow_cell_id=AWX817 basecall_gpu=NVIDIA_Tegra_X2 protocol_group_id=ONT_trialEb_250925 sample_id=ONT_trail_250925 barcode=barcode14 barcode_alias=barcode14 parent_read_id=fe2feab0-666d-45c8-b3bb-a9bd0aa36268 basecall_model_version_id=dna_r10.4.1_e8.2_400bps_hac@v4.3.0
190	fe2feab0-666d-45c8-b3bb-a9bd0aa36268 runid=0dfb5b492dc86ce99bf7c61c734eb364afcdb5c8 ch=44 start_time=2025-09-26T05:40:14.398161+00:00 flow_cell_id=AWX817 basecall_gpu=NVIDIA_Tegra_X2 protocol_group_id=ONT_trialEb_250925 sample_id=ONT_trail_250925 barcode=barcode14 barcode_alias=barcode14 parent_read_id=fe2feab0-666d-45c8-b3bb-a9bd0aa36268 basecall_model_version_id=dna_r10.4.1_e8.2_400bps_hac@v4.3.0
190	e2ec77df-5a8a-43f2-97d9-e18155157c75 runid=0dfb5b492dc86ce99bf7c61c734eb364afcdb5c8 ch=20 start_time=2025-09-25T18:54:34.398161+00:00 flow_cell_id=AWX817 basecall_gpu=NVIDIA_Tegra_X2 protocol_group_id=ONT_trialEb_250925 sample_id=ONT_trail_250925 barcode=barcode14 barcode_alias=barcode14 parent_read_id=e2ec77df-5a8a-43f2-97d9-e18155157c75 basecall_model_version_id=dna_r10.4.1_e8.2_400bps_hac@v4.3.0
190	e2ec77df-5a8a-43f2-97d9-e18155157c75 runid=0dfb5b492dc86ce99bf7c61c734eb364afcdb5c8 ch=20 start_time=2025-09-25T18:54:34.398161+00:00 flow_cell_id=AWX817 basecall_gpu=NVIDIA_Tegra_X2 protocol_group_id=ONT_trialEb_250925 sample_id=ONT_trail_250925 barcode=barcode14 barcode_alias=barcode14 parent_read_id=e2ec77df-5a8a-43f2-97d9-e18155157c75 basecall_model_version_id=dna_r10.4.1_e8.2_400bps_hac@v4.3.0
190	1fd9505b-a430-469d-aa3f-c2db395110bd runid=0dfb5b492dc86ce99bf7c61c734eb364afcdb5c8 ch=6 start_time=2025-09-25T18:28:01.398161+00:00 flow_cell_id=AWX817 basecall_gpu=NVIDIA_Tegra_X2 protocol_group_id=ONT_trialEb_250925 sample_id=ONT_trail_250925 barcode=barcode15 barcode_alias=barcode15 parent_read_id=1fd9505b-a430-469d-aa3f-c2db395110bd basecall_model_version_id=dna_r10.4.1_e8.2_400bps_hac@v4.3.0 rc
190	f8f827b0-f606-429b-b3fc-b6abe238a17f runid=0dfb5b492dc86ce99bf7c61c734eb364afcdb5c8 ch=40 start_time=2025-09-25T18:47:46.398161+00:00 flow_cell_id=AWX817 basecall_gpu=NVIDIA_Tegra_X2 protocol_group_id=ONT_trialEb_250925 sample_id=ONT_trail_250925 barcode=barcode23 barcode_alias=barcode23 parent_read_id=c6be9677-8c24-43fa-aec4-8618911666d3 basecall_model_version_id=dna_r10.4.1_e8.2_400bps_hac@v4.3.0
190	a5b74304-d0ed-4821-ba42-3c91a4c0d62e runid=0dfb5b492dc86ce99bf7c61c734eb364afcdb5c8 ch=42 start_time=2025-09-26T03:30:57.398161+00:00 flow_cell_id=AWX817 basecall_gpu=NVIDIA_Tegra_X2 protocol_group_id=ONT_trialEb_250925 sample_id=ONT_trail_250925 barcode=barcode14 barcode_alias=barcode14 parent_read_id=a5b74304-d0ed-4821-ba42-3c91a4c0d62e basecall_model_version_id=dna_r10.4.1_e8.2_400bps_hac@v4.3.0
190	a5b74304-d0ed-4821-ba42-3c91a4c0d62e runid=0dfb5b492dc86ce99bf7c61c734eb364afcdb5c8 ch=42 start_time=2025-09-26T03:30:57.398161+00:00 flow_cell_id=AWX817 basecall_gpu=NVIDIA_Tegra_X2 protocol_group_id=ONT_trialEb_250925 sample_id=ONT_trail_250925 barcode=barcode14 barcode_alias=barcode14 parent_read_id=a5b74304-d0ed-4821-ba42-3c91a4c0d62e basecall_model_version_id=dna_r10.4.1_e8.2_400bps_hac@v4.3.0
46	5b62e9d1-186e-4c6e-a49e-14162c78fc4a runid=0dfb5b492dc86ce99bf7c61c734eb364afcdb5c8 ch=4 start_time=2025-09-25T20:43:08.398161+00:00 flow_cell_id=AWX817 basecall_gpu=NVIDIA_Tegra_X2 protocol_group_id=ONT_trialEb_250925 sample_id=ONT_trail_250925 barcode=barcode14 barcode_alias=barcode14 parent_read_id=5b62e9d1-186e-4c6e-a49e-14162c78fc4a basecall_model_version_id=dna_r10.4.1_e8.2_400bps_hac@v4.3.0
46	5b62e9d1-186e-4c6e-a49e-14162c78fc4a runid=0dfb5b492dc86ce99bf7c61c734eb364afcdb5c8 ch=4 start_time=2025-09-25T20:43:08.398161+00:00 flow_cell_id=AWX817 basecall_gpu=NVIDIA_Tegra_X2 protocol_group_id=ONT_trialEb_250925 sample_id=ONT_trail_250925 barcode=barcode14 barcode_alias=barcode14 parent_read_id=5b62e9d1-186e-4c6e-a49e-14162c78fc4a basecall_model_version_id=dna_r10.4.1_e8.2_400bps_hac@v4.3.0
46	b962f423-45ea-4811-95d3-4ba4e9316a13 runid=0dfb5b492dc86ce99bf7c61c734eb364afcdb5c8 ch=20 start_time=2025-09-25T21:06:19.398161+00:00 flow_cell_id=AWX817 basecall_gpu=NVIDIA_Tegra_X2 protocol_group_id=ONT_trialEb_250925 sample_id=ONT_trail_250925 barcode=barcode15 barcode_alias=barcode15 parent_read_id=b962f423-45ea-4811-95d3-4ba4e9316a13 basecall_model_version_id=dna_r10.4.1_e8.2_400bps_hac@v4.3.0
46	89584109-3899-4a80-bf94-7d428e5a9bad runid=0dfb5b492dc86ce99bf7c61c734eb364afcdb5c8 ch=20 start_time=2025-09-26T03:03:51.398161+00:00 flow_cell_id=AWX817 basecall_gpu=NVIDIA_Tegra_X2 protocol_group_id=ONT_trialEb_250925 sample_id=ONT_trail_250925 barcode=barcode15 barcode_alias=barcode15 parent_read_id=89584109-3899-4a80-bf94-7d428e5a9bad basecall_model_version_id=dna_r10.4.1_e8.2_400bps_hac@v4.3.0 rc
46	8c462a1e-efe8-4354-8fa3-997e26fc29dd runid=0dfb5b492dc86ce99bf7c61c734eb364afcdb5c8 ch=20 start_time=2025-09-25T21:07:27.398161+00:00 flow_cell_id=AWX817 basecall_gpu=NVIDIA_Tegra_X2 protocol_group_id=ONT_trialEb_250925 sample_id=ONT_trail_250925 barcode=barcode23 barcode_alias=barcode23 parent_read_id=8c462a1e-efe8-4354-8fa3-997e26fc29dd basecall_model_version_id=dna_r10.4.1_e8.2_400bps_hac@v4.3.0 rc
46	d0de2d88-3059-4e69-957e-765f54af4263 runid=0dfb5b492dc86ce99bf7c61c734eb364afcdb5c8 ch=77 start_time=2025-09-25T16:14:15.398161+00:00 flow_cell_id=AWX817 basecall_gpu=NVIDIA_Tegra_X2 protocol_group_id=ONT_trialEb_250925 sample_id=ONT_trail_250925 barcode=barcode23 barcode_alias=barcode23 parent_read_id=d0de2d88-3059-4e69-957e-765f54af4263 basecall_model_version_id=dna_r10.4.1_e8.2_400bps_hac@v4.3.0 rc
46	9fdadc21-8e4a-4231-852b-20e105044f90 runid=0dfb5b492dc86ce99bf7c61c734eb364afcdb5c8 ch=15 start_time=2025-09-25T17:20:46.398161+00:00 flow_cell_id=AWX817 basecall_gpu=NVIDIA_Tegra_X2 protocol_group_id=ONT_trialEb_250925 sample_id=ONT_trail_250925 barcode=barcode22 barcode_alias=barcode22 parent_read_id=9fdadc21-8e4a-4231-852b-20e105044f90 basecall_model_version_id=dna_r10.4.1_e8.2_400bps_hac@v4.3.0 rc
46	9fdadc21-8e4a-4231-852b-20e105044f90 runid=0dfb5b492dc86ce99bf7c61c734eb364afcdb5c8 ch=15 start_time=2025-09-25T17:20:46.398161+00:00 flow_cell_id=AWX817 basecall_gpu=NVIDIA_Tegra_X2 protocol_group_id=ONT_trialEb_250925 sample_id=ONT_trail_250925 barcode=barcode22 barcode_alias=barcode22 parent_read_id=9fdadc21-8e4a-4231-852b-20e105044f90 basecall_model_version_id=dna_r10.4.1_e8.2_400bps_hac@v4.3.0 rc
46	62ed4f07-f9b9-46c6-b9c5-eb1eedd197dc runid=0dfb5b492dc86ce99bf7c61c734eb364afcdb5c8 ch=49 start_time=2025-09-26T10:19:23.398161+00:00 flow_cell_id=AWX817 basecall_gpu=NVIDIA_Tegra_X2 protocol_group_id=ONT_trialEb_250925 sample_id=ONT_trail_250925 barcode=barcode22 barcode_alias=barcode22 parent_read_id=62ed4f07-f9b9-46c6-b9c5-eb1eedd197dc basecall_model_version_id=dna_r10.4.1_e8.2_400bps_hac@v4.3.0 rc
46	62ed4f07-f9b9-46c6-b9c5-eb1eedd197dc runid=0dfb5b492dc86ce99bf7c61c734eb364afcdb5c8 ch=49 start_time=2025-09-26T10:19:23.398161+00:00 flow_cell_id=AWX817 basecall_gpu=NVIDIA_Tegra_X2 protocol_group_id=ONT_trialEb_250925 sample_id=ONT_trail_250925 barcode=barcode22 barcode_alias=barcode22 parent_read_id=62ed4f07-f9b9-46c6-b9c5-eb1eedd197dc basecall_model_version_id=dna_r10.4.1_e8.2_400bps_hac@v4.3.0 rc
46	f943a1f9-afb9-47df-82b4-f5634e1cda89 runid=0dfb5b492dc86ce99bf7c61c734eb364afcdb5c8 ch=44 start_time=2025-09-26T00:03:24.398161+00:00 flow_cell_id=AWX817 basecall_gpu=NVIDIA_Tegra_X2 protocol_group_id=ONT_trialEb_250925 sample_id=ONT_trail_250925 barcode=barcode14 barcode_alias=barcode14 parent_read_id=f943a1f9-afb9-47df-82b4-f5634e1cda89 basecall_model_version_id=dna_r10.4.1_e8.2_400bps_hac@v4.3.0 rc
46	f943a1f9-afb9-47df-82b4-f5634e1cda89 runid=0dfb5b492dc86ce99bf7c61c734eb364afcdb5c8 ch=44 start_time=2025-09-26T00:03:24.398161+00:00 flow_cell_id=AWX817 basecall_gpu=NVIDIA_Tegra_X2 protocol_group_id=ONT_trialEb_250925 sample_id=ONT_trail_250925 barcode=barcode14 barcode_alias=barcode14 parent_read_id=f943a1f9-afb9-47df-82b4-f5634e1cda89 basecall_model_version_id=dna_r10.4.1_e8.2_400bps_hac@v4.3.0 rc
0	d1bf8b8c-5980-4216-902d-0eade735580e runid=0dfb5b492dc86ce99bf7c61c734eb364afcdb5c8 ch=57 start_time=2025-09-25T15:45:19.398161+00:00 flow_cell_id=AWX817 basecall_gpu=NVIDIA_Tegra_X2 protocol_group_id=ONT_trialEb_250925 sample_id=ONT_trail_250925 barcode=barcode22 barcode_alias=barcode22 parent_read_id=d1bf8b8c-5980-4216-902d-0eade735580e basecall_model_version_id=dna_r10.4.1_e8.2_400bps_hac@v4.3.0
0	d1bf8b8c-5980-4216-902d-0eade735580e runid=0dfb5b492dc86ce99bf7c61c734eb364afcdb5c8 ch=57 start_time=2025-09-25T15:45:19.398161+00:00 flow_cell_id=AWX817 basecall_gpu=NVIDIA_Tegra_X2 protocol_group_id=ONT_trialEb_250925 sample_id=ONT_trail_250925 barcode=barcode22 barcode_alias=barcode22 parent_read_id=d1bf8b8c-5980-4216-902d-0eade735580e basecall_model_version_id=dna_r10.4.1_e8.2_400bps_hac@v4.3.0
0	cbc2f4d7-6483-4525-a593-70ab775afcac runid=0dfb5b492dc86ce99bf7c61c734eb364afcdb5c8 ch=44 start_time=2025-09-25T23:50:34.398161+00:00 flow_cell_id=AWX817 basecall_gpu=NVIDIA_Tegra_X2 protocol_group_id=ONT_trialEb_250925 sample_id=ONT_trail_250925 barcode=barcode15 barcode_alias=barcode15 parent_read_id=cbc2f4d7-6483-4525-a593-70ab775afcac basecall_model_version_id=dna_r10.4.1_e8.2_400bps_hac@v4.3.0
0	78c7f5a1-88e6-4d68-af77-8e1e3b49aa71 runid=0dfb5b492dc86ce99bf7c61c734eb364afcdb5c8 ch=94 start_time=2025-09-25T17:02:28.398161+00:00 flow_cell_id=AWX817 basecall_gpu=NVIDIA_Tegra_X2 protocol_group_id=ONT_trialEb_250925 sample_id=ONT_trail_250925 barcode=barcode22 barcode_alias=barcode22 parent_read_id=78c7f5a1-88e6-4d68-af77-8e1e3b49aa71 basecall_model_version_id=dna_r10.4.1_e8.2_400bps_hac@v4.3.0 rc
0	78c7f5a1-88e6-4d68-af77-8e1e3b49aa71 runid=0dfb5b492dc86ce99bf7c61c734eb364afcdb5c8 ch=94 start_time=2025-09-25T17:02:28.398161+00:00 flow_cell_id=AWX817 basecall_gpu=NVIDIA_Tegra_X2 protocol_group_id=ONT_trialEb_250925 sample_id=ONT_trail_250925 barcode=barcode22 barcode_alias=barcode22 parent_read_id=78c7f5a1-88e6-4d68-af77-8e1e3b49aa71 basecall_model_version_id=dna_r10.4.1_e8.2_400bps_hac@v4.3.0 rc
0	741803cc-00f7-40bb-b70b-d2963a8c3be9 runid=0dfb5b492dc86ce99bf7c61c734eb364afcdb5c8 ch=110 start_time=2025-09-25T18:07:19.398161+00:00 flow_cell_id=AWX817 basecall_gpu=NVIDIA_Tegra_X2 protocol_group_id=ONT_trialEb_250925 sample_id=ONT_trail_250925 barcode=barcode22 barcode_alias=barcode22 parent_read_id=741803cc-00f7-40bb-b70b-d2963a8c3be9 basecall_model_version_id=dna_r10.4.1_e8.2_400bps_hac@v4.3.0 rc
0	741803cc-00f7-40bb-b70b-d2963a8c3be9 runid=0dfb5b492dc86ce99bf7c61c734eb364afcdb5c8 ch=110 start_time=2025-09-25T18:07:19.398161+00:00 flow_cell_id=AWX817 basecall_gpu=NVIDIA_Tegra_X2 protocol_group_id=ONT_trialEb_250925 sample_id=ONT_trail_250925 barcode=barcode22 barcode_alias=barcode22 parent_read_id=741803cc-00f7-40bb-b70b-d2963a8c3be9 basecall_model_version_id=dna_r10.4.1_e8.2_400bps_hac@v4.3.0 rc
0	d0cfb0f6-0f5b-412a-b672-f94521e73fd7 runid=0dfb5b492dc86ce99bf7c61c734eb364afcdb5c8 ch=6 start_time=2025-09-25T22:05:45.398161+00:00 flow_cell_id=AWX817 basecall_gpu=NVIDIA_Tegra_X2 protocol_group_id=ONT_trialEb_250925 sample_id=ONT_trail_250925 barcode=barcode14 barcode_alias=barcode14 parent_read_id=d0cfb0f6-0f5b-412a-b672-f94521e73fd7 basecall_model_version_id=dna_r10.4.1_e8.2_400bps_hac@v4.3.0 rc
0	d0cfb0f6-0f5b-412a-b672-f94521e73fd7 runid=0dfb5b492dc86ce99bf7c61c734eb364afcdb5c8 ch=6 start_time=2025-09-25T22:05:45.398161+00:00 flow_cell_id=AWX817 basecall_gpu=NVIDIA_Tegra_X2 protocol_group_id=ONT_trialEb_250925 sample_id=ONT_trail_250925 barcode=barcode14 barcode_alias=barcode14 parent_read_id=d0cfb0f6-0f5b-412a-b672-f94521e73fd7 basecall_model_version_id=dna_r10.4.1_e8.2_400bps_hac@v4.3.0 rc
0	ab7cca17-ca5f-4616-9d75-54b8596fb7f2 runid=0dfb5b492dc86ce99bf7c61c734eb364afcdb5c8 ch=58 start_time=2025-09-25T22:12:16.398161+00:00 flow_cell_id=AWX817 basecall_gpu=NVIDIA_Tegra_X2 protocol_group_id=ONT_trialEb_250925 sample_id=ONT_trail_250925 barcode=barcode22 barcode_alias=barcode22 parent_read_id=e46a008a-064b-4c87-865d-f8b26c18f35c basecall_model_version_id=dna_r10.4.1_e8.2_400bps_hac@v4.3.0
0	ab7cca17-ca5f-4616-9d75-54b8596fb7f2 runid=0dfb5b492dc86ce99bf7c61c734eb364afcdb5c8 ch=58 start_time=2025-09-25T22:12:16.398161+00:00 flow_cell_id=AWX817 basecall_gpu=NVIDIA_Tegra_X2 protocol_group_id=ONT_trialEb_250925 sample_id=ONT_trail_250925 barcode=barcode22 barcode_alias=barcode22 parent_read_id=e46a008a-064b-4c87-865d-f8b26c18f35c basecall_model_version_id=dna_r10.4.1_e8.2_400bps_hac@v4.3.0
298	c38f4124-abc9-41c6-beb1-bb0a08847712 runid=0dfb5b492dc86ce99bf7c61c734eb364afcdb5c8 ch=40 start_time=2025-09-25T17:07:02.398161+00:00 flow_cell_id=AWX817 basecall_gpu=NVIDIA_Tegra_X2 protocol_group_id=ONT_trialEb_250925 sample_id=ONT_trail_250925 barcode=barcode22 barcode_alias=barcode22 parent_read_id=c38f4124-abc9-41c6-beb1-bb0a08847712 basecall_model_version_id=dna_r10.4.1_e8.2_400bps_hac@v4.3.0 rc
298	c38f4124-abc9-41c6-beb1-bb0a08847712 runid=0dfb5b492dc86ce99bf7c61c734eb364afcdb5c8 ch=40 start_time=2025-09-25T17:07:02.398161+00:00 flow_cell_id=AWX817 basecall_gpu=NVIDIA_Tegra_X2 protocol_group_id=ONT_trialEb_250925 sample_id=ONT_trail_250925 barcode=barcode22 barcode_alias=barcode22 parent_read_id=c38f4124-abc9-41c6-beb1-bb0a08847712 basecall_model_version_id=dna_r10.4.1_e8.2_400bps_hac@v4.3.0 rc
298	aba1b80a-c319-4348-9559-4e1bbb7897f3 runid=0dfb5b492dc86ce99bf7c61c734eb364afcdb5c8 ch=4 start_time=2025-09-26T04:54:09.398161+00:00 flow_cell_id=AWX817 basecall_gpu=NVIDIA_Tegra_X2 protocol_group_id=ONT_trialEb_250925 sample_id=ONT_trail_250925 barcode=barcode23 barcode_alias=barcode23 parent_read_id=aba1b80a-c319-4348-9559-4e1bbb7897f3 basecall_model_version_id=dna_r10.4.1_e8.2_400bps_hac@v4.3.0 rc
298	21d9689a-b044-445e-a5b7-67c85724fe5d runid=0dfb5b492dc86ce99bf7c61c734eb364afcdb5c8 ch=118 start_time=2025-09-25T20:39:59.398161+00:00 flow_cell_id=AWX817 basecall_gpu=NVIDIA_Tegra_X2 protocol_group_id=ONT_trialEb_250925 sample_id=ONT_trail_250925 barcode=barcode24 barcode_alias=barcode24 parent_read_id=21d9689a-b044-445e-a5b7-67c85724fe5d basecall_model_version_id=dna_r10.4.1_e8.2_400bps_hac@v4.3.0
298	db8e2b7e-d2a7-459e-950f-0ead5daf1811 runid=0dfb5b492dc86ce99bf7c61c734eb364afcdb5c8 ch=6 start_time=2025-09-25T18:20:37.398161+00:00 flow_cell_id=AWX817 basecall_gpu=NVIDIA_Tegra_X2 protocol_group_id=ONT_trialEb_250925 sample_id=ONT_trail_250925 barcode=barcode15 barcode_alias=barcode15 parent_read_id=db8e2b7e-d2a7-459e-950f-0ead5daf1811 basecall_model_version_id=dna_r10.4.1_e8.2_400bps_hac@v4.3.0
298	7d53759e-ba6a-4f67-a111-8aa2cfc13448 runid=0dfb5b492dc86ce99bf7c61c734eb364afcdb5c8 ch=113 start_time=2025-09-25T17:00:04.398161+00:00 flow_cell_id=AWX817 basecall_gpu=NVIDIA_Tegra_X2 protocol_group_id=ONT_trialEb_250925 sample_id=ONT_trail_250925 barcode=barcode22 barcode_alias=barcode22 parent_read_id=7d53759e-ba6a-4f67-a111-8aa2cfc13448 basecall_model_version_id=dna_r10.4.1_e8.2_400bps_hac@v4.3.0 rc
298	7d53759e-ba6a-4f67-a111-8aa2cfc13448 runid=0dfb5b492dc86ce99bf7c61c734eb364afcdb5c8 ch=113 start_time=2025-09-25T17:00:04.398161+00:00 flow_cell_id=AWX817 basecall_gpu=NVIDIA_Tegra_X2 protocol_group_id=ONT_trialEb_250925 sample_id=ONT_trail_250925 barcode=barcode22 barcode_alias=barcode22 parent_read_id=7d53759e-ba6a-4f67-a111-8aa2cfc13448 basecall_model_version_id=dna_r10.4.1_e8.2_400bps_hac@v4.3.0 rc
298	4dcc246b-97a9-4e60-9802-09a926696336 runid=0dfb5b492dc86ce99bf7c61c734eb364afcdb5c8 ch=73 start_time=2025-09-25T21:29:08.398161+00:00 flow_cell_id=AWX817 basecall_gpu=NVIDIA_Tegra_X2 protocol_group_id=ONT_trialEb_250925 sample_id=ONT_trail_250925 barcode=barcode13 barcode_alias=barcode13 parent_read_id=4dcc246b-97a9-4e60-9802-09a926696336 basecall_model_version_id=dna_r10.4.1_e8.2_400bps_hac@v4.3.0 rc
298	1733b374-35a8-49ce-92c4-62d3db56c302 runid=0dfb5b492dc86ce99bf7c61c734eb364afcdb5c8 ch=20 start_time=2025-09-26T00:42:40.398161+00:00 flow_cell_id=AWX817 basecall_gpu=NVIDIA_Tegra_X2 protocol_group_id=ONT_trialEb_250925 sample_id=ONT_trail_250925 barcode=barcode15 barcode_alias=barcode15 parent_read_id=1733b374-35a8-49ce-92c4-62d3db56c302 basecall_model_version_id=dna_r10.4.1_e8.2_400bps_hac@v4.3.0
298	7284df59-bb56-4704-8fc1-fa83510d9fd1 runid=0dfb5b492dc86ce99bf7c61c734eb364afcdb5c8 ch=79 start_time=2025-09-26T00:43:35.398161+00:00 flow_cell_id=AWX817 basecall_gpu=NVIDIA_Tegra_X2 protocol_group_id=ONT_trialEb_250925 sample_id=ONT_trail_250925 barcode=barcode22 barcode_alias=barcode22 parent_read_id=7284df59-bb56-4704-8fc1-fa83510d9fd1 basecall_model_version_id=dna_r10.4.1_e8.2_400bps_hac@v4.3.0
298	7284df59-bb56-4704-8fc1-fa83510d9fd1 runid=0dfb5b492dc86ce99bf7c61c734eb364afcdb5c8 ch=79 start_time=2025-09-26T00:43:35.398161+00:00 flow_cell_id=AWX817 basecall_gpu=NVIDIA_Tegra_X2 protocol_group_id=ONT_trialEb_250925 sample_id=ONT_trail_250925 barcode=barcode22 barcode_alias=barcode22 parent_read_id=7284df59-bb56-4704-8fc1-fa83510d9fd1 basecall_model_version_id=dna_r10.4.1_e8.2_400bps_hac@v4.3.0
332	5ca4bbf8-846e-4d10-8193-762a290e304d runid=0dfb5b492dc86ce99bf7c61c734eb364afcdb5c8 ch=20 start_time=2025-09-26T03:53:13.398161+00:00 flow_cell_id=AWX817 basecall_gpu=NVIDIA_Tegra_X2 protocol_group_id=ONT_trialEb_250925 sample_id=ONT_trail_250925 barcode=barcode22 barcode_alias=barcode22 parent_read_id=5ca4bbf8-846e-4d10-8193-762a290e304d basecall_model_version_id=dna_r10.4.1_e8.2_400bps_hac@v4.3.0 rc
332	5ca4bbf8-846e-4d10-8193-762a290e304d runid=0dfb5b492dc86ce99bf7c61c734eb364afcdb5c8 ch=20 start_time=2025-09-26T03:53:13.398161+00:00 flow_cell_id=AWX817 basecall_gpu=NVIDIA_Tegra_X2 protocol_group_id=ONT_trialEb_250925 sample_id=ONT_trail_250925 barcode=barcode22 barcode_alias=barcode22 parent_read_id=5ca4bbf8-846e-4d10-8193-762a290e304d basecall_model_version_id=dna_r10.4.1_e8.2_400bps_hac@v4.3.0 rc
332	cd6c52e2-7a36-4b9f-8bca-99a8f802e816 runid=0dfb5b492dc86ce99bf7c61c734eb364afcdb5c8 ch=40 start_time=2025-09-25T17:32:11.398161+00:00 flow_cell_id=AWX817 basecall_gpu=NVIDIA_Tegra_X2 protocol_group_id=ONT_trialEb_250925 sample_id=ONT_trail_250925 barcode=barcode13 barcode_alias=barcode13 parent_read_id=cd6c52e2-7a36-4b9f-8bca-99a8f802e816 basecall_model_version_id=dna_r10.4.1_e8.2_400bps_hac@v4.3.0 rc
332	e1122dd2-c1ca-4b76-bd2f-219f410cde93 runid=0dfb5b492dc86ce99bf7c61c734eb364afcdb5c8 ch=4 start_time=2025-09-26T00:35:11.398161+00:00 flow_cell_id=AWX817 basecall_gpu=NVIDIA_Tegra_X2 protocol_group_id=ONT_trialEb_250925 sample_id=ONT_trail_250925 barcode=barcode22 barcode_alias=barcode22 parent_read_id=e1122dd2-c1ca-4b76-bd2f-219f410cde93 basecall_model_version_id=dna_r10.4.1_e8.2_400bps_hac@v4.3.0 rc
332	e1122dd2-c1ca-4b76-bd2f-219f410cde93 runid=0dfb5b492dc86ce99bf7c61c734eb364afcdb5c8 ch=4 start_time=2025-09-26T00:35:11.398161+00:00 flow_cell_id=AWX817 basecall_gpu=NVIDIA_Tegra_X2 protocol_group_id=ONT_trialEb_250925 sample_id=ONT_trail_250925 barcode=barcode22 barcode_alias=barcode22 parent_read_id=e1122dd2-c1ca-4b76-bd2f-219f410cde93 basecall_model_version_id=dna_r10.4.1_e8.2_400bps_hac@v4.3.0 rc
332	d17ac396-6454-4478-8bea-34204f0c0b54 runid=0dfb5b492dc86ce99bf7c61c734eb364afcdb5c8 ch=100 start_time=2025-09-25T22:11:15.398161+00:00 flow_cell_id=AWX817 basecall_gpu=NVIDIA_Tegra_X2 protocol_group_id=ONT_trialEb_250925 sample_id=ONT_trail_250925 barcode=barcode15 barcode_alias=barcode15 parent_read_id=d17ac396-6454-4478-8bea-34204f0c0b54 basecall_model_version_id=dna_r10.4.1_e8.2_400bps_hac@v4.3.0
332	3257704f-d420-48e0-8836-e4404d7e14b9 runid=0dfb5b492dc86ce99bf7c61c734eb364afcdb5c8 ch=94 start_time=2025-09-25T16:22:45.398161+00:00 flow_cell_id=AWX817 basecall_gpu=NVIDIA_Tegra_X2 protocol_group_id=ONT_trialEb_250925 sample_id=ONT_trail_250925 barcode=barcode13 barcode_alias=barcode13 parent_read_id=3257704f-d420-48e0-8836-e4404d7e14b9 basecall_model_version_id=dna_r10.4.1_e8.2_400bps_hac@v4.3.0 rc
332	a3264daf-d547-4555-be64-7cf973da705b runid=0dfb5b492dc86ce99bf7c61c734eb364afcdb5c8 ch=5 start_time=2025-09-25T21:16:31.398161+00:00 flow_cell_id=AWX817 basecall_gpu=NVIDIA_Tegra_X2 protocol_group_id=ONT_trialEb_250925 sample_id=ONT_trail_250925 barcode=barcode22 barcode_alias=barcode22 parent_read_id=a3264daf-d547-4555-be64-7cf973da705b basecall_model_version_id=dna_r10.4.1_e8.2_400bps_hac@v4.3.0 rc
332	a3264daf-d547-4555-be64-7cf973da705b runid=0dfb5b492dc86ce99bf7c61c734eb364afcdb5c8 ch=5 start_time=2025-09-25T21:16:31.398161+00:00 flow_cell_id=AWX817 basecall_gpu=NVIDIA_Tegra_X2 protocol_group_id=ONT_trialEb_250925 sample_id=ONT_trail_250925 barcode=barcode22 barcode_alias=barcode22 parent_read_id=a3264daf-d547-4555-be64-7cf973da705b basecall_model_version_id=dna_r10.4.1_e8.2_400bps_hac@v4.3.0 rc
95	c8deae05-f8e9-42d9-b3ce-4cbcc5adc587 runid=0dfb5b492dc86ce99bf7c61c734eb364afcdb5c8 ch=4 start_time=2025-09-26T01:28:59.398161+00:00 flow_cell_id=AWX817 basecall_gpu=NVIDIA_Tegra_X2 protocol_group_id=ONT_trialEb_250925 sample_id=ONT_trail_250925 barcode=barcode14 barcode_alias=barcode14 parent_read_id=c8deae05-f8e9-42d9-b3ce-4cbcc5adc587 basecall_model_version_id=dna_r10.4.1_e8.2_400bps_hac@v4.3.0 rc
95	c8deae05-f8e9-42d9-b3ce-4cbcc5adc587 runid=0dfb5b492dc86ce99bf7c61c734eb364afcdb5c8 ch=4 start_time=2025-09-26T01:28:59.398161+00:00 flow_cell_id=AWX817 basecall_gpu=NVIDIA_Tegra_X2 protocol_group_id=ONT_trialEb_250925 sample_id=ONT_trail_250925 barcode=barcode14 barcode_alias=barcode14 parent_read_id=c8deae05-f8e9-42d9-b3ce-4cbcc5adc587 basecall_model_version_id=dna_r10.4.1_e8.2_400bps_hac@v4.3.0 rc
95	25253a3e-4a96-4394-a97e-9384e216ed5e runid=0dfb5b492dc86ce99bf7c61c734eb364afcdb5c8 ch=39 start_time=2025-09-25T21:09:26.398161+00:00 flow_cell_id=AWX817 basecall_gpu=NVIDIA_Tegra_X2 protocol_group_id=ONT_trialEb_250925 sample_id=ONT_trail_250925 barcode=barcode14 barcode_alias=barcode14 parent_read_id=25253a3e-4a96-4394-a97e-9384e216ed5e basecall_model_version_id=dna_r10.4.1_e8.2_400bps_hac@v4.3.0 rc
95	25253a3e-4a96-4394-a97e-9384e216ed5e runid=0dfb5b492dc86ce99bf7c61c734eb364afcdb5c8 ch=39 start_time=2025-09-25T21:09:26.398161+00:00 flow_cell_id=AWX817 basecall_gpu=NVIDIA_Tegra_X2 protocol_group_id=ONT_trialEb_250925 sample_id=ONT_trail_250925 barcode=barcode14 barcode_alias=barcode14 parent_read_id=25253a3e-4a96-4394-a97e-9384e216ed5e basecall_model_version_id=dna_r10.4.1_e8.2_400bps_hac@v4.3.0 rc
95	4a502255-5feb-4d67-8d10-6e3874ee4ad0 runid=0dfb5b492dc86ce99bf7c61c734eb364afcdb5c8 ch=20 start_time=2025-09-26T07:10:52.398161+00:00 flow_cell_id=AWX817 basecall_gpu=NVIDIA_Tegra_X2 protocol_group_id=ONT_trialEb_250925 sample_id=ONT_trail_250925 barcode=barcode14 barcode_alias=barcode14 parent_read_id=4a502255-5feb-4d67-8d10-6e3874ee4ad0 basecall_model_version_id=dna_r10.4.1_e8.2_400bps_hac@v4.3.0
95	4a502255-5feb-4d67-8d10-6e3874ee4ad0 runid=0dfb5b492dc86ce99bf7c61c734eb364afcdb5c8 ch=20 start_time=2025-09-26T07:10:52.398161+00:00 flow_cell_id=AWX817 basecall_gpu=NVIDIA_Tegra_X2 protocol_group_id=ONT_trialEb_250925 sample_id=ONT_trail_250925 barcode=barcode14 barcode_alias=barcode14 parent_read_id=4a502255-5feb-4d67-8d10-6e3874ee4ad0 basecall_model_version_id=dna_r10.4.1_e8.2_400bps_hac@v4.3.0
95	4302be46-f5ed-4d21-a36a-637b19fa5b25 runid=0dfb5b492dc86ce99bf7c61c734eb364afcdb5c8 ch=4 start_time=2025-09-25T17:36:37.398161+00:00 flow_cell_id=AWX817 basecall_gpu=NVIDIA_Tegra_X2 protocol_group_id=ONT_trialEb_250925 sample_id=ONT_trail_250925 barcode=barcode15 barcode_alias=barcode15 parent_read_id=4302be46-f5ed-4d21-a36a-637b19fa5b25 basecall_model_version_id=dna_r10.4.1_e8.2_400bps_hac@v4.3.0 rc
95	5620dda5-a88a-4efa-810a-19a315bd3924 runid=0dfb5b492dc86ce99bf7c61c734eb364afcdb5c8 ch=44 start_time=2025-09-26T02:26:41.398161+00:00 flow_cell_id=AWX817 basecall_gpu=NVIDIA_Tegra_X2 protocol_group_id=ONT_trialEb_250925 sample_id=ONT_trail_250925 barcode=barcode23 barcode_alias=barcode23 parent_read_id=89fb21d9-6368-4bb3-96b1-f64fb1ae00eb basecall_model_version_id=dna_r10.4.1_e8.2_400bps_hac@v4.3.0
112	81ecda97-23f8-4411-a921-f67ca0534e68 runid=0dfb5b492dc86ce99bf7c61c734eb364afcdb5c8 ch=49 start_time=2025-09-26T10:21:52.398161+00:00 flow_cell_id=AWX817 basecall_gpu=NVIDIA_Tegra_X2 protocol_group_id=ONT_trialEb_250925 sample_id=ONT_trail_250925 barcode=barcode22 barcode_alias=barcode22 parent_read_id=81ecda97-23f8-4411-a921-f67ca0534e68 basecall_model_version_id=dna_r10.4.1_e8.2_400bps_hac@v4.3.0
112	81ecda97-23f8-4411-a921-f67ca0534e68 runid=0dfb5b492dc86ce99bf7c61c734eb364afcdb5c8 ch=49 start_time=2025-09-26T10:21:52.398161+00:00 flow_cell_id=AWX817 basecall_gpu=NVIDIA_Tegra_X2 protocol_group_id=ONT_trialEb_250925 sample_id=ONT_trail_250925 barcode=barcode22 barcode_alias=barcode22 parent_read_id=81ecda97-23f8-4411-a921-f67ca0534e68 basecall_model_version_id=dna_r10.4.1_e8.2_400bps_hac@v4.3.0
112	81589a71-795b-4cf5-baf0-45eed41a7f24 runid=0dfb5b492dc86ce99bf7c61c734eb364afcdb5c8 ch=44 start_time=2025-09-26T05:32:51.398161+00:00 flow_cell_id=AWX817 basecall_gpu=NVIDIA_Tegra_X2 protocol_group_id=ONT_trialEb_250925 sample_id=ONT_trail_250925 barcode=barcode22 barcode_alias=barcode22 parent_read_id=81589a71-795b-4cf5-baf0-45eed41a7f24 basecall_model_version_id=dna_r10.4.1_e8.2_400bps_hac@v4.3.0 rc
112	81589a71-795b-4cf5-baf0-45eed41a7f24 runid=0dfb5b492dc86ce99bf7c61c734eb364afcdb5c8 ch=44 start_time=2025-09-26T05:32:51.398161+00:00 flow_cell_id=AWX817 basecall_gpu=NVIDIA_Tegra_X2 protocol_group_id=ONT_trialEb_250925 sample_id=ONT_trail_250925 barcode=barcode22 barcode_alias=barcode22 parent_read_id=81589a71-795b-4cf5-baf0-45eed41a7f24 basecall_model_version_id=dna_r10.4.1_e8.2_400bps_hac@v4.3.0 rc
112	df032c25-c6c0-4c59-8484-db166b933f35 runid=0dfb5b492dc86ce99bf7c61c734eb364afcdb5c8 ch=110 start_time=2025-09-25T21:56:25.398161+00:00 flow_cell_id=AWX817 basecall_gpu=NVIDIA_Tegra_X2 protocol_group_id=ONT_trialEb_250925 sample_id=ONT_trail_250925 barcode=barcode22 barcode_alias=barcode22 parent_read_id=df032c25-c6c0-4c59-8484-db166b933f35 basecall_model_version_id=dna_r10.4.1_e8.2_400bps_hac@v4.3.0 rc
112	df032c25-c6c0-4c59-8484-db166b933f35 runid=0dfb5b492dc86ce99bf7c61c734eb364afcdb5c8 ch=110 start_time=2025-09-25T21:56:25.398161+00:00 flow_cell_id=AWX817 basecall_gpu=NVIDIA_Tegra_X2 protocol_group_id=ONT_trialEb_250925 sample_id=ONT_trail_250925 barcode=barcode22 barcode_alias=barcode22 parent_read_id=df032c25-c6c0-4c59-8484-db166b933f35 basecall_model_version_id=dna_r10.4.1_e8.2_400bps_hac@v4.3.0 rc
112	49d1240e-32dd-475f-84af-4065d8918ad6 runid=0dfb5b492dc86ce99bf7c61c734eb364afcdb5c8 ch=110 start_time=2025-09-25T21:40:24.398161+00:00 flow_cell_id=AWX817 basecall_gpu=NVIDIA_Tegra_X2 protocol_group_id=ONT_trialEb_250925 sample_id=ONT_trail_250925 barcode=barcode22 barcode_alias=barcode22 parent_read_id=49d1240e-32dd-475f-84af-4065d8918ad6 basecall_model_version_id=dna_r10.4.1_e8.2_400bps_hac@v4.3.0 rc
112	49d1240e-32dd-475f-84af-4065d8918ad6 runid=0dfb5b492dc86ce99bf7c61c734eb364afcdb5c8 ch=110 start_time=2025-09-25T21:40:24.398161+00:00 flow_cell_id=AWX817 basecall_gpu=NVIDIA_Tegra_X2 protocol_group_id=ONT_trialEb_250925 sample_id=ONT_trail_250925 barcode=barcode22 barcode_alias=barcode22 parent_read_id=49d1240e-32dd-475f-84af-4065d8918ad6 basecall_model_version_id=dna_r10.4.1_e8.2_400bps_hac@v4.3.0 rc
286	4ec9cea8-fb19-42c3-a48c-584190db72ac runid=0dfb5b492dc86ce99bf7c61c734eb364afcdb5c8 ch=20 start_time=2025-09-25T21:29:38.398161+00:00 flow_cell_id=AWX817 basecall_gpu=NVIDIA_Tegra_X2 protocol_group_id=ONT_trialEb_250925 sample_id=ONT_trail_250925 barcode=barcode24 barcode_alias=barcode24 parent_read_id=4ec9cea8-fb19-42c3-a48c-584190db72ac basecall_model_version_id=dna_r10.4.1_e8.2_400bps_hac@v4.3.0
286	7a8334ed-5597-47be-b9e2-55865202e9a9 runid=0dfb5b492dc86ce99bf7c61c734eb364afcdb5c8 ch=106 start_time=2025-09-25T19:08:10.398161+00:00 flow_cell_id=AWX817 basecall_gpu=NVIDIA_Tegra_X2 protocol_group_id=ONT_trialEb_250925 sample_id=ONT_trail_250925 barcode=barcode15 barcode_alias=barcode15 parent_read_id=7a8334ed-5597-47be-b9e2-55865202e9a9 basecall_model_version_id=dna_r10.4.1_e8.2_400bps_hac@v4.3.0
286	04b9215b-441f-44d7-acec-a306051f4d41 runid=0dfb5b492dc86ce99bf7c61c734eb364afcdb5c8 ch=85 start_time=2025-09-26T04:12:13.398161+00:00 flow_cell_id=AWX817 basecall_gpu=NVIDIA_Tegra_X2 protocol_group_id=ONT_trialEb_250925 sample_id=ONT_trail_250925 barcode=barcode14 barcode_alias=barcode14 parent_read_id=04b9215b-441f-44d7-acec-a306051f4d41 basecall_model_version_id=dna_r10.4.1_e8.2_400bps_hac@v4.3.0
286	04b9215b-441f-44d7-acec-a306051f4d41 runid=0dfb5b492dc86ce99bf7c61c734eb364afcdb5c8 ch=85 start_time=2025-09-26T04:12:13.398161+00:00 flow_cell_id=AWX817 basecall_gpu=NVIDIA_Tegra_X2 protocol_group_id=ONT_trialEb_250925 sample_id=ONT_trail_250925 barcode=barcode14 barcode_alias=barcode14 parent_read_id=04b9215b-441f-44d7-acec-a306051f4d41 basecall_model_version_id=dna_r10.4.1_e8.2_400bps_hac@v4.3.0
286	a1089d4f-0999-4a37-9b7f-01d351c75612 runid=0dfb5b492dc86ce99bf7c61c734eb364afcdb5c8 ch=106 start_time=2025-09-25T18:03:46.398161+00:00 flow_cell_id=AWX817 basecall_gpu=NVIDIA_Tegra_X2 protocol_group_id=ONT_trialEb_250925 sample_id=ONT_trail_250925 barcode=barcode15 barcode_alias=barcode15 parent_read_id=a1089d4f-0999-4a37-9b7f-01d351c75612 basecall_model_version_id=dna_r10.4.1_e8.2_400bps_hac@v4.3.0
286	80f882c4-6b91-4c4a-9a01-a7259a02a8c4 runid=0dfb5b492dc86ce99bf7c61c734eb364afcdb5c8 ch=20 start_time=2025-09-25T22:02:16.398161+00:00 flow_cell_id=AWX817 basecall_gpu=NVIDIA_Tegra_X2 protocol_group_id=ONT_trialEb_250925 sample_id=ONT_trail_250925 barcode=barcode15 barcode_alias=barcode15 parent_read_id=80f882c4-6b91-4c4a-9a01-a7259a02a8c4 basecall_model_version_id=dna_r10.4.1_e8.2_400bps_hac@v4.3.0 rc
286	310f455c-56cf-4123-951b-495d37a6b299 runid=0dfb5b492dc86ce99bf7c61c734eb364afcdb5c8 ch=79 start_time=2025-09-25T23:17:59.398161+00:00 flow_cell_id=AWX817 basecall_gpu=NVIDIA_Tegra_X2 protocol_group_id=ONT_trialEb_250925 sample_id=ONT_trail_250925 barcode=barcode14 barcode_alias=barcode14 parent_read_id=310f455c-56cf-4123-951b-495d37a6b299 basecall_model_version_id=dna_r10.4.1_e8.2_400bps_hac@v4.3.0
286	310f455c-56cf-4123-951b-495d37a6b299 runid=0dfb5b492dc86ce99bf7c61c734eb364afcdb5c8 ch=79 start_time=2025-09-25T23:17:59.398161+00:00 flow_cell_id=AWX817 basecall_gpu=NVIDIA_Tegra_X2 protocol_group_id=ONT_trialEb_250925 sample_id=ONT_trail_250925 barcode=barcode14 barcode_alias=barcode14 parent_read_id=310f455c-56cf-4123-951b-495d37a6b299 basecall_model_version_id=dna_r10.4.1_e8.2_400bps_hac@v4.3.0
296	9480fedd-ead9-4e59-a597-991b0994be14 runid=0dfb5b492dc86ce99bf7c61c734eb364afcdb5c8 ch=92 start_time=2025-09-26T02:31:24.398161+00:00 flow_cell_id=AWX817 basecall_gpu=NVIDIA_Tegra_X2 protocol_group_id=ONT_trialEb_250925 sample_id=ONT_trail_250925 barcode=barcode22 barcode_alias=barcode22 parent_read_id=9480fedd-ead9-4e59-a597-991b0994be14 basecall_model_version_id=dna_r10.4.1_e8.2_400bps_hac@v4.3.0
296	9480fedd-ead9-4e59-a597-991b0994be14 runid=0dfb5b492dc86ce99bf7c61c734eb364afcdb5c8 ch=92 start_time=2025-09-26T02:31:24.398161+00:00 flow_cell_id=AWX817 basecall_gpu=NVIDIA_Tegra_X2 protocol_group_id=ONT_trialEb_250925 sample_id=ONT_trail_250925 barcode=barcode22 barcode_alias=barcode22 parent_read_id=9480fedd-ead9-4e59-a597-991b0994be14 basecall_model_version_id=dna_r10.4.1_e8.2_400bps_hac@v4.3.0
296	69da46e8-fc82-44a2-870c-1f6c6a5648a1 runid=0dfb5b492dc86ce99bf7c61c734eb364afcdb5c8 ch=94 start_time=2025-09-25T17:00:11.398161+00:00 flow_cell_id=AWX817 basecall_gpu=NVIDIA_Tegra_X2 protocol_group_id=ONT_trialEb_250925 sample_id=ONT_trail_250925 barcode=barcode13 barcode_alias=barcode13 parent_read_id=69da46e8-fc82-44a2-870c-1f6c6a5648a1 basecall_model_version_id=dna_r10.4.1_e8.2_400bps_hac@v4.3.0
296	0f5827f2-2c49-4d9b-9615-38840e4c3526 runid=0dfb5b492dc86ce99bf7c61c734eb364afcdb5c8 ch=20 start_time=2025-09-25T22:50:37.398161+00:00 flow_cell_id=AWX817 basecall_gpu=NVIDIA_Tegra_X2 protocol_group_id=ONT_trialEb_250925 sample_id=ONT_trail_250925 barcode=barcode15 barcode_alias=barcode15 parent_read_id=0f5827f2-2c49-4d9b-9615-38840e4c3526 basecall_model_version_id=dna_r10.4.1_e8.2_400bps_hac@v4.3.0
296	6dff66a1-b262-4b2c-8a7b-b34374991240 runid=0dfb5b492dc86ce99bf7c61c734eb364afcdb5c8 ch=43 start_time=2025-09-25T17:10:07.398161+00:00 flow_cell_id=AWX817 basecall_gpu=NVIDIA_Tegra_X2 protocol_group_id=ONT_trialEb_250925 sample_id=ONT_trail_250925 barcode=barcode22 barcode_alias=barcode22 parent_read_id=6dff66a1-b262-4b2c-8a7b-b34374991240 basecall_model_version_id=dna_r10.4.1_e8.2_400bps_hac@v4.3.0
296	6dff66a1-b262-4b2c-8a7b-b34374991240 runid=0dfb5b492dc86ce99bf7c61c734eb364afcdb5c8 ch=43 start_time=2025-09-25T17:10:07.398161+00:00 flow_cell_id=AWX817 basecall_gpu=NVIDIA_Tegra_X2 protocol_group_id=ONT_trialEb_250925 sample_id=ONT_trail_250925 barcode=barcode22 barcode_alias=barcode22 parent_read_id=6dff66a1-b262-4b2c-8a7b-b34374991240 basecall_model_version_id=dna_r10.4.1_e8.2_400bps_hac@v4.3.0
296	3ade8b0a-acc8-436b-8dd0-0458bc3ce862 runid=0dfb5b492dc86ce99bf7c61c734eb364afcdb5c8 ch=55 start_time=2025-09-25T17:00:06.398161+00:00 flow_cell_id=AWX817 basecall_gpu=NVIDIA_Tegra_X2 protocol_group_id=ONT_trialEb_250925 sample_id=ONT_trail_250925 barcode=barcode22 barcode_alias=barcode22 parent_read_id=3ade8b0a-acc8-436b-8dd0-0458bc3ce862 basecall_model_version_id=dna_r10.4.1_e8.2_400bps_hac@v4.3.0
296	3ade8b0a-acc8-436b-8dd0-0458bc3ce862 runid=0dfb5b492dc86ce99bf7c61c734eb364afcdb5c8 ch=55 start_time=2025-09-25T17:00:06.398161+00:00 flow_cell_id=AWX817 basecall_gpu=NVIDIA_Tegra_X2 protocol_group_id=ONT_trialEb_250925 sample_id=ONT_trail_250925 barcode=barcode22 barcode_alias=barcode22 parent_read_id=3ade8b0a-acc8-436b-8dd0-0458bc3ce862 basecall_model_version_id=dna_r10.4.1_e8.2_400bps_hac@v4.3.0
12	04711ffd-2be1-481b-9701-8d4fdb1b1a21 runid=0dfb5b492dc86ce99bf7c61c734eb364afcdb5c8 ch=44 start_time=2025-09-25T22:32:22.398161+00:00 flow_cell_id=AWX817 basecall_gpu=NVIDIA_Tegra_X2 protocol_group_id=ONT_trialEb_250925 sample_id=ONT_trail_250925 barcode=barcode22 barcode_alias=barcode22 parent_read_id=04711ffd-2be1-481b-9701-8d4fdb1b1a21 basecall_model_version_id=dna_r10.4.1_e8.2_400bps_hac@v4.3.0 rc
12	04711ffd-2be1-481b-9701-8d4fdb1b1a21 runid=0dfb5b492dc86ce99bf7c61c734eb364afcdb5c8 ch=44 start_time=2025-09-25T22:32:22.398161+00:00 flow_cell_id=AWX817 basecall_gpu=NVIDIA_Tegra_X2 protocol_group_id=ONT_trialEb_250925 sample_id=ONT_trail_250925 barcode=barcode22 barcode_alias=barcode22 parent_read_id=04711ffd-2be1-481b-9701-8d4fdb1b1a21 basecall_model_version_id=dna_r10.4.1_e8.2_400bps_hac@v4.3.0 rc
12	63ed2ffd-f10f-43c5-a133-8d1360377f68 runid=0dfb5b492dc86ce99bf7c61c734eb364afcdb5c8 ch=77 start_time=2025-09-25T22:49:03.398161+00:00 flow_cell_id=AWX817 basecall_gpu=NVIDIA_Tegra_X2 protocol_group_id=ONT_trialEb_250925 sample_id=ONT_trail_250925 barcode=barcode14 barcode_alias=barcode14 parent_read_id=63ed2ffd-f10f-43c5-a133-8d1360377f68 basecall_model_version_id=dna_r10.4.1_e8.2_400bps_hac@v4.3.0 rc
12	63ed2ffd-f10f-43c5-a133-8d1360377f68 runid=0dfb5b492dc86ce99bf7c61c734eb364afcdb5c8 ch=77 start_time=2025-09-25T22:49:03.398161+00:00 flow_cell_id=AWX817 basecall_gpu=NVIDIA_Tegra_X2 protocol_group_id=ONT_trialEb_250925 sample_id=ONT_trail_250925 barcode=barcode14 barcode_alias=barcode14 parent_read_id=63ed2ffd-f10f-43c5-a133-8d1360377f68 basecall_model_version_id=dna_r10.4.1_e8.2_400bps_hac@v4.3.0 rc
12	01b6eec4-c754-4fec-8108-d3e322768219 runid=0dfb5b492dc86ce99bf7c61c734eb364afcdb5c8 ch=44 start_time=2025-09-25T16:38:50.398161+00:00 flow_cell_id=AWX817 basecall_gpu=NVIDIA_Tegra_X2 protocol_group_id=ONT_trialEb_250925 sample_id=ONT_trail_250925 barcode=barcode14 barcode_alias=barcode14 parent_read_id=01b6eec4-c754-4fec-8108-d3e322768219 basecall_model_version_id=dna_r10.4.1_e8.2_400bps_hac@v4.3.0 rc
12	01b6eec4-c754-4fec-8108-d3e322768219 runid=0dfb5b492dc86ce99bf7c61c734eb364afcdb5c8 ch=44 start_time=2025-09-25T16:38:50.398161+00:00 flow_cell_id=AWX817 basecall_gpu=NVIDIA_Tegra_X2 protocol_group_id=ONT_trialEb_250925 sample_id=ONT_trail_250925 barcode=barcode14 barcode_alias=barcode14 parent_read_id=01b6eec4-c754-4fec-8108-d3e322768219 basecall_model_version_id=dna_r10.4.1_e8.2_400bps_hac@v4.3.0 rc
99	7657eb88-95e1-49cd-af27-5ae9e0827796 runid=0dfb5b492dc86ce99bf7c61c734eb364afcdb5c8 ch=4 start_time=2025-09-25T19:07:43.398161+00:00 flow_cell_id=AWX817 basecall_gpu=NVIDIA_Tegra_X2 protocol_group_id=ONT_trialEb_250925 sample_id=ONT_trail_250925 barcode=barcode22 barcode_alias=barcode22 parent_read_id=7657eb88-95e1-49cd-af27-5ae9e0827796 basecall_model_version_id=dna_r10.4.1_e8.2_400bps_hac@v4.3.0
99	7657eb88-95e1-49cd-af27-5ae9e0827796 runid=0dfb5b492dc86ce99bf7c61c734eb364afcdb5c8 ch=4 start_time=2025-09-25T19:07:43.398161+00:00 flow_cell_id=AWX817 basecall_gpu=NVIDIA_Tegra_X2 protocol_group_id=ONT_trialEb_250925 sample_id=ONT_trail_250925 barcode=barcode22 barcode_alias=barcode22 parent_read_id=7657eb88-95e1-49cd-af27-5ae9e0827796 basecall_model_version_id=dna_r10.4.1_e8.2_400bps_hac@v4.3.0
99	4d0b59ad-5589-48e8-bbf0-405aa9de5ef0 runid=0dfb5b492dc86ce99bf7c61c734eb364afcdb5c8 ch=79 start_time=2025-09-26T00:38:53.398161+00:00 flow_cell_id=AWX817 basecall_gpu=NVIDIA_Tegra_X2 protocol_group_id=ONT_trialEb_250925 sample_id=ONT_trail_250925 barcode=barcode22 barcode_alias=barcode22 parent_read_id=4d0b59ad-5589-48e8-bbf0-405aa9de5ef0 basecall_model_version_id=dna_r10.4.1_e8.2_400bps_hac@v4.3.0
99	4d0b59ad-5589-48e8-bbf0-405aa9de5ef0 runid=0dfb5b492dc86ce99bf7c61c734eb364afcdb5c8 ch=79 start_time=2025-09-26T00:38:53.398161+00:00 flow_cell_id=AWX817 basecall_gpu=NVIDIA_Tegra_X2 protocol_group_id=ONT_trialEb_250925 sample_id=ONT_trail_250925 barcode=barcode22 barcode_alias=barcode22 parent_read_id=4d0b59ad-5589-48e8-bbf0-405aa9de5ef0 basecall_model_version_id=dna_r10.4.1_e8.2_400bps_hac@v4.3.0
101	517b7bef-e66d-4fca-99dd-b913889865ab runid=0dfb5b492dc86ce99bf7c61c734eb364afcdb5c8 ch=20 start_time=2025-09-26T03:33:34.398161+00:00 flow_cell_id=AWX817 basecall_gpu=NVIDIA_Tegra_X2 protocol_group_id=ONT_trialEb_250925 sample_id=ONT_trail_250925 barcode=barcode24 barcode_alias=barcode24 parent_read_id=517b7bef-e66d-4fca-99dd-b913889865ab basecall_model_version_id=dna_r10.4.1_e8.2_400bps_hac@v4.3.0 rc
101	066e6111-1aba-4993-b42e-2a81d246e036 runid=0dfb5b492dc86ce99bf7c61c734eb364afcdb5c8 ch=57 start_time=2025-09-25T16:12:34.398161+00:00 flow_cell_id=AWX817 basecall_gpu=NVIDIA_Tegra_X2 protocol_group_id=ONT_trialEb_250925 sample_id=ONT_trail_250925 barcode=barcode14 barcode_alias=barcode14 parent_read_id=701f07a8-89dd-4a9f-b731-129c19f612ba basecall_model_version_id=dna_r10.4.1_e8.2_400bps_hac@v4.3.0 rc
101	066e6111-1aba-4993-b42e-2a81d246e036 runid=0dfb5b492dc86ce99bf7c61c734eb364afcdb5c8 ch=57 start_time=2025-09-25T16:12:34.398161+00:00 flow_cell_id=AWX817 basecall_gpu=NVIDIA_Tegra_X2 protocol_group_id=ONT_trialEb_250925 sample_id=ONT_trail_250925 barcode=barcode14 barcode_alias=barcode14 parent_read_id=701f07a8-89dd-4a9f-b731-129c19f612ba basecall_model_version_id=dna_r10.4.1_e8.2_400bps_hac@v4.3.0 rc
101	6cf52479-224b-462a-b2e9-210956bf559d runid=0dfb5b492dc86ce99bf7c61c734eb364afcdb5c8 ch=44 start_time=2025-09-26T03:55:34.398161+00:00 flow_cell_id=AWX817 basecall_gpu=NVIDIA_Tegra_X2 protocol_group_id=ONT_trialEb_250925 sample_id=ONT_trail_250925 barcode=barcode13 barcode_alias=barcode13 parent_read_id=6cf52479-224b-462a-b2e9-210956bf559d basecall_model_version_id=dna_r10.4.1_e8.2_400bps_hac@v4.3.0 rc
119	3df357a0-8985-45e9-8a14-e87aa94bcbcb runid=0dfb5b492dc86ce99bf7c61c734eb364afcdb5c8 ch=79 start_time=2025-09-26T00:49:08.398161+00:00 flow_cell_id=AWX817 basecall_gpu=NVIDIA_Tegra_X2 protocol_group_id=ONT_trialEb_250925 sample_id=ONT_trail_250925 barcode=barcode14 barcode_alias=barcode14 parent_read_id=3df357a0-8985-45e9-8a14-e87aa94bcbcb basecall_model_version_id=dna_r10.4.1_e8.2_400bps_hac@v4.3.0 rc
119	3df357a0-8985-45e9-8a14-e87aa94bcbcb runid=0dfb5b492dc86ce99bf7c61c734eb364afcdb5c8 ch=79 start_time=2025-09-26T00:49:08.398161+00:00 flow_cell_id=AWX817 basecall_gpu=NVIDIA_Tegra_X2 protocol_group_id=ONT_trialEb_250925 sample_id=ONT_trail_250925 barcode=barcode14 barcode_alias=barcode14 parent_read_id=3df357a0-8985-45e9-8a14-e87aa94bcbcb basecall_model_version_id=dna_r10.4.1_e8.2_400bps_hac@v4.3.0 rc
119	2f5168c1-c1ed-40e5-92c1-6e1dd3cdcc8b runid=0dfb5b492dc86ce99bf7c61c734eb364afcdb5c8 ch=5 start_time=2025-09-25T23:23:02.398161+00:00 flow_cell_id=AWX817 basecall_gpu=NVIDIA_Tegra_X2 protocol_group_id=ONT_trialEb_250925 sample_id=ONT_trail_250925 barcode=barcode14 barcode_alias=barcode14 parent_read_id=2f5168c1-c1ed-40e5-92c1-6e1dd3cdcc8b basecall_model_version_id=dna_r10.4.1_e8.2_400bps_hac@v4.3.0
119	2f5168c1-c1ed-40e5-92c1-6e1dd3cdcc8b runid=0dfb5b492dc86ce99bf7c61c734eb364afcdb5c8 ch=5 start_time=2025-09-25T23:23:02.398161+00:00 flow_cell_id=AWX817 basecall_gpu=NVIDIA_Tegra_X2 protocol_group_id=ONT_trialEb_250925 sample_id=ONT_trail_250925 barcode=barcode14 barcode_alias=barcode14 parent_read_id=2f5168c1-c1ed-40e5-92c1-6e1dd3cdcc8b basecall_model_version_id=dna_r10.4.1_e8.2_400bps_hac@v4.3.0
193	829372e1-2f0c-4b9a-a705-ca876e6bd26d runid=0dfb5b492dc86ce99bf7c61c734eb364afcdb5c8 ch=57 start_time=2025-09-25T16:09:14.398161+00:00 flow_cell_id=AWX817 basecall_gpu=NVIDIA_Tegra_X2 protocol_group_id=ONT_trialEb_250925 sample_id=ONT_trail_250925 barcode=barcode23 barcode_alias=barcode23 parent_read_id=829372e1-2f0c-4b9a-a705-ca876e6bd26d basecall_model_version_id=dna_r10.4.1_e8.2_400bps_hac@v4.3.0 rc
193	52adf09c-93ce-41fc-829c-1d9fd08f95f2 runid=0dfb5b492dc86ce99bf7c61c734eb364afcdb5c8 ch=5 start_time=2025-09-25T17:38:17.398161+00:00 flow_cell_id=AWX817 basecall_gpu=NVIDIA_Tegra_X2 protocol_group_id=ONT_trialEb_250925 sample_id=ONT_trail_250925 barcode=barcode23 barcode_alias=barcode23 parent_read_id=52adf09c-93ce-41fc-829c-1d9fd08f95f2 basecall_model_version_id=dna_r10.4.1_e8.2_400bps_hac@v4.3.0 rc
193	d2e1b0e8-8f20-4300-83bc-2ba4c6734b9c runid=0dfb5b492dc86ce99bf7c61c734eb364afcdb5c8 ch=20 start_time=2025-09-26T09:26:54.398161+00:00 flow_cell_id=AWX817 basecall_gpu=NVIDIA_Tegra_X2 protocol_group_id=ONT_trialEb_250925 sample_id=ONT_trail_250925 barcode=barcode22 barcode_alias=barcode22 parent_read_id=d2e1b0e8-8f20-4300-83bc-2ba4c6734b9c basecall_model_version_id=dna_r10.4.1_e8.2_400bps_hac@v4.3.0
193	d2e1b0e8-8f20-4300-83bc-2ba4c6734b9c runid=0dfb5b492dc86ce99bf7c61c734eb364afcdb5c8 ch=20 start_time=2025-09-26T09:26:54.398161+00:00 flow_cell_id=AWX817 basecall_gpu=NVIDIA_Tegra_X2 protocol_group_id=ONT_trialEb_250925 sample_id=ONT_trail_250925 barcode=barcode22 barcode_alias=barcode22 parent_read_id=d2e1b0e8-8f20-4300-83bc-2ba4c6734b9c basecall_model_version_id=dna_r10.4.1_e8.2_400bps_hac@v4.3.0
314	4ad9f279-0c38-43c3-8107-a42164197a0a runid=0dfb5b492dc86ce99bf7c61c734eb364afcdb5c8 ch=79 start_time=2025-09-26T00:46:39.398161+00:00 flow_cell_id=AWX817 basecall_gpu=NVIDIA_Tegra_X2 protocol_group_id=ONT_trialEb_250925 sample_id=ONT_trail_250925 barcode=barcode14 barcode_alias=barcode14 parent_read_id=4ad9f279-0c38-43c3-8107-a42164197a0a basecall_model_version_id=dna_r10.4.1_e8.2_400bps_hac@v4.3.0
314	4ad9f279-0c38-43c3-8107-a42164197a0a runid=0dfb5b492dc86ce99bf7c61c734eb364afcdb5c8 ch=79 start_time=2025-09-26T00:46:39.398161+00:00 flow_cell_id=AWX817 basecall_gpu=NVIDIA_Tegra_X2 protocol_group_id=ONT_trialEb_250925 sample_id=ONT_trail_250925 barcode=barcode14 barcode_alias=barcode14 parent_read_id=4ad9f279-0c38-43c3-8107-a42164197a0a basecall_model_version_id=dna_r10.4.1_e8.2_400bps_hac@v4.3.0
314	a982f478-2c05-46f5-a0bc-a9b47b9fa5a3 runid=0dfb5b492dc86ce99bf7c61c734eb364afcdb5c8 ch=4 start_time=2025-09-26T05:00:29.398161+00:00 flow_cell_id=AWX817 basecall_gpu=NVIDIA_Tegra_X2 protocol_group_id=ONT_trialEb_250925 sample_id=ONT_trail_250925 barcode=barcode15 barcode_alias=barcode15 parent_read_id=a982f478-2c05-46f5-a0bc-a9b47b9fa5a3 basecall_model_version_id=dna_r10.4.1_e8.2_400bps_hac@v4.3.0 rc
314	4550895f-d6f0-4a23-aebb-bf5071536681 runid=0dfb5b492dc86ce99bf7c61c734eb364afcdb5c8 ch=43 start_time=2025-09-25T20:35:18.398161+00:00 flow_cell_id=AWX817 basecall_gpu=NVIDIA_Tegra_X2 protocol_group_id=ONT_trialEb_250925 sample_id=ONT_trail_250925 barcode=barcode15 barcode_alias=barcode15 parent_read_id=4550895f-d6f0-4a23-aebb-bf5071536681 basecall_model_version_id=dna_r10.4.1_e8.2_400bps_hac@v4.3.0 rc
321	c8d11be0-bc02-4761-98b8-f73059cf8bc2 runid=0dfb5b492dc86ce99bf7c61c734eb364afcdb5c8 ch=41 start_time=2025-09-25T20:59:33.398161+00:00 flow_cell_id=AWX817 basecall_gpu=NVIDIA_Tegra_X2 protocol_group_id=ONT_trialEb_250925 sample_id=ONT_trail_250925 barcode=barcode22 barcode_alias=barcode22 parent_read_id=c8d11be0-bc02-4761-98b8-f73059cf8bc2 basecall_model_version_id=dna_r10.4.1_e8.2_400bps_hac@v4.3.0
321	c8d11be0-bc02-4761-98b8-f73059cf8bc2 runid=0dfb5b492dc86ce99bf7c61c734eb364afcdb5c8 ch=41 start_time=2025-09-25T20:59:33.398161+00:00 flow_cell_id=AWX817 basecall_gpu=NVIDIA_Tegra_X2 protocol_group_id=ONT_trialEb_250925 sample_id=ONT_trail_250925 barcode=barcode22 barcode_alias=barcode22 parent_read_id=c8d11be0-bc02-4761-98b8-f73059cf8bc2 basecall_model_version_id=dna_r10.4.1_e8.2_400bps_hac@v4.3.0
321	427ebee5-e181-4da5-883d-abcd14889aed runid=0dfb5b492dc86ce99bf7c61c734eb364afcdb5c8 ch=39 start_time=2025-09-25T19:25:02.398161+00:00 flow_cell_id=AWX817 basecall_gpu=NVIDIA_Tegra_X2 protocol_group_id=ONT_trialEb_250925 sample_id=ONT_trail_250925 barcode=barcode14 barcode_alias=barcode14 parent_read_id=427ebee5-e181-4da5-883d-abcd14889aed basecall_model_version_id=dna_r10.4.1_e8.2_400bps_hac@v4.3.0
321	427ebee5-e181-4da5-883d-abcd14889aed runid=0dfb5b492dc86ce99bf7c61c734eb364afcdb5c8 ch=39 start_time=2025-09-25T19:25:02.398161+00:00 flow_cell_id=AWX817 basecall_gpu=NVIDIA_Tegra_X2 protocol_group_id=ONT_trialEb_250925 sample_id=ONT_trail_250925 barcode=barcode14 barcode_alias=barcode14 parent_read_id=427ebee5-e181-4da5-883d-abcd14889aed basecall_model_version_id=dna_r10.4.1_e8.2_400bps_hac@v4.3.0
48	45f1c4a3-eb4d-48f4-94e4-0952ed577216 runid=0dfb5b492dc86ce99bf7c61c734eb364afcdb5c8 ch=56 start_time=2025-09-25T17:45:42.398161+00:00 flow_cell_id=AWX817 basecall_gpu=NVIDIA_Tegra_X2 protocol_group_id=ONT_trialEb_250925 sample_id=ONT_trail_250925 barcode=barcode13 barcode_alias=barcode13 parent_read_id=45f1c4a3-eb4d-48f4-94e4-0952ed577216 basecall_model_version_id=dna_r10.4.1_e8.2_400bps_hac@v4.3.0 rc
48	c4883274-b198-4b4b-8e89-3f0188a46f6f runid=0dfb5b492dc86ce99bf7c61c734eb364afcdb5c8 ch=41 start_time=2025-09-25T20:06:19.398161+00:00 flow_cell_id=AWX817 basecall_gpu=NVIDIA_Tegra_X2 protocol_group_id=ONT_trialEb_250925 sample_id=ONT_trail_250925 barcode=barcode22 barcode_alias=barcode22 parent_read_id=c4883274-b198-4b4b-8e89-3f0188a46f6f basecall_model_version_id=dna_r10.4.1_e8.2_400bps_hac@v4.3.0
48	c4883274-b198-4b4b-8e89-3f0188a46f6f runid=0dfb5b492dc86ce99bf7c61c734eb364afcdb5c8 ch=41 start_time=2025-09-25T20:06:19.398161+00:00 flow_cell_id=AWX817 basecall_gpu=NVIDIA_Tegra_X2 protocol_group_id=ONT_trialEb_250925 sample_id=ONT_trail_250925 barcode=barcode22 barcode_alias=barcode22 parent_read_id=c4883274-b198-4b4b-8e89-3f0188a46f6f basecall_model_version_id=dna_r10.4.1_e8.2_400bps_hac@v4.3.0
105	7ce7f803-50c9-4b2c-ab82-2064167205ba runid=0dfb5b492dc86ce99bf7c61c734eb364afcdb5c8 ch=10 start_time=2025-09-25T17:50:19.398161+00:00 flow_cell_id=AWX817 basecall_gpu=NVIDIA_Tegra_X2 protocol_group_id=ONT_trialEb_250925 sample_id=ONT_trail_250925 barcode=barcode14 barcode_alias=barcode14 parent_read_id=7ce7f803-50c9-4b2c-ab82-2064167205ba basecall_model_version_id=dna_r10.4.1_e8.2_400bps_hac@v4.3.0
105	7ce7f803-50c9-4b2c-ab82-2064167205ba runid=0dfb5b492dc86ce99bf7c61c734eb364afcdb5c8 ch=10 start_time=2025-09-25T17:50:19.398161+00:00 flow_cell_id=AWX817 basecall_gpu=NVIDIA_Tegra_X2 protocol_group_id=ONT_trialEb_250925 sample_id=ONT_trail_250925 barcode=barcode14 barcode_alias=barcode14 parent_read_id=7ce7f803-50c9-4b2c-ab82-2064167205ba basecall_model_version_id=dna_r10.4.1_e8.2_400bps_hac@v4.3.0
105	a0b96980-d495-414f-9a08-c88aa9024270 runid=0dfb5b492dc86ce99bf7c61c734eb364afcdb5c8 ch=110 start_time=2025-09-25T16:16:11.398161+00:00 flow_cell_id=AWX817 basecall_gpu=NVIDIA_Tegra_X2 protocol_group_id=ONT_trialEb_250925 sample_id=ONT_trail_250925 barcode=barcode13 barcode_alias=barcode13 parent_read_id=a0b96980-d495-414f-9a08-c88aa9024270 basecall_model_version_id=dna_r10.4.1_e8.2_400bps_hac@v4.3.0
280	c238da2a-4723-426c-9880-64a9b18d3648 runid=0dfb5b492dc86ce99bf7c61c734eb364afcdb5c8 ch=80 start_time=2025-09-25T21:09:34.398161+00:00 flow_cell_id=AWX817 basecall_gpu=NVIDIA_Tegra_X2 protocol_group_id=ONT_trialEb_250925 sample_id=ONT_trail_250925 barcode=barcode23 barcode_alias=barcode23 parent_read_id=c238da2a-4723-426c-9880-64a9b18d3648 basecall_model_version_id=dna_r10.4.1_e8.2_400bps_hac@v4.3.0
280	3067deba-0b15-4ff6-89bf-f0aee6704f92 runid=0dfb5b492dc86ce99bf7c61c734eb364afcdb5c8 ch=4 start_time=2025-09-26T02:54:54.398161+00:00 flow_cell_id=AWX817 basecall_gpu=NVIDIA_Tegra_X2 protocol_group_id=ONT_trialEb_250925 sample_id=ONT_trail_250925 barcode=barcode22 barcode_alias=barcode22 parent_read_id=3067deba-0b15-4ff6-89bf-f0aee6704f92 basecall_model_version_id=dna_r10.4.1_e8.2_400bps_hac@v4.3.0 rc
280	3067deba-0b15-4ff6-89bf-f0aee6704f92 runid=0dfb5b492dc86ce99bf7c61c734eb364afcdb5c8 ch=4 start_time=2025-09-26T02:54:54.398161+00:00 flow_cell_id=AWX817 basecall_gpu=NVIDIA_Tegra_X2 protocol_group_id=ONT_trialEb_250925 sample_id=ONT_trail_250925 barcode=barcode22 barcode_alias=barcode22 parent_read_id=3067deba-0b15-4ff6-89bf-f0aee6704f92 basecall_model_version_id=dna_r10.4.1_e8.2_400bps_hac@v4.3.0 rc
289	cb089788-2dec-4181-9f6d-1799683e2033 runid=0dfb5b492dc86ce99bf7c61c734eb364afcdb5c8 ch=10 start_time=2025-09-25T19:28:27.398161+00:00 flow_cell_id=AWX817 basecall_gpu=NVIDIA_Tegra_X2 protocol_group_id=ONT_trialEb_250925 sample_id=ONT_trail_250925 barcode=barcode13 barcode_alias=barcode13 parent_read_id=cb089788-2dec-4181-9f6d-1799683e2033 basecall_model_version_id=dna_r10.4.1_e8.2_400bps_hac@v4.3.0
289	be2befe1-1445-4b61-93a0-beefbb740035 runid=0dfb5b492dc86ce99bf7c61c734eb364afcdb5c8 ch=73 start_time=2025-09-25T18:11:07.398161+00:00 flow_cell_id=AWX817 basecall_gpu=NVIDIA_Tegra_X2 protocol_group_id=ONT_trialEb_250925 sample_id=ONT_trail_250925 barcode=barcode23 barcode_alias=barcode23 parent_read_id=be2befe1-1445-4b61-93a0-beefbb740035 basecall_model_version_id=dna_r10.4.1_e8.2_400bps_hac@v4.3.0
289	ffcddfcd-8928-47b7-8856-b99fa6a6553b runid=0dfb5b492dc86ce99bf7c61c734eb364afcdb5c8 ch=5 start_time=2025-09-25T17:53:26.398161+00:00 flow_cell_id=AWX817 basecall_gpu=NVIDIA_Tegra_X2 protocol_group_id=ONT_trialEb_250925 sample_id=ONT_trail_250925 barcode=barcode13 barcode_alias=barcode13 parent_read_id=ffcddfcd-8928-47b7-8856-b99fa6a6553b basecall_model_version_id=dna_r10.4.1_e8.2_400bps_hac@v4.3.0 rc
290	8c67f5b0-ee8f-4828-8b1f-d4bbf8597a72 runid=0dfb5b492dc86ce99bf7c61c734eb364afcdb5c8 ch=4 start_time=2025-09-25T18:58:34.398161+00:00 flow_cell_id=AWX817 basecall_gpu=NVIDIA_Tegra_X2 protocol_group_id=ONT_trialEb_250925 sample_id=ONT_trail_250925 barcode=barcode23 barcode_alias=barcode23 parent_read_id=8c67f5b0-ee8f-4828-8b1f-d4bbf8597a72 basecall_model_version_id=dna_r10.4.1_e8.2_400bps_hac@v4.3.0 rc
290	94b91b72-a77d-41b8-a7b1-fd9843c630f5 runid=0dfb5b492dc86ce99bf7c61c734eb364afcdb5c8 ch=79 start_time=2025-09-25T20:44:06.398161+00:00 flow_cell_id=AWX817 basecall_gpu=NVIDIA_Tegra_X2 protocol_group_id=ONT_trialEb_250925 sample_id=ONT_trail_250925 barcode=barcode22 barcode_alias=barcode22 parent_read_id=94b91b72-a77d-41b8-a7b1-fd9843c630f5 basecall_model_version_id=dna_r10.4.1_e8.2_400bps_hac@v4.3.0 rc
290	94b91b72-a77d-41b8-a7b1-fd9843c630f5 runid=0dfb5b492dc86ce99bf7c61c734eb364afcdb5c8 ch=79 start_time=2025-09-25T20:44:06.398161+00:00 flow_cell_id=AWX817 basecall_gpu=NVIDIA_Tegra_X2 protocol_group_id=ONT_trialEb_250925 sample_id=ONT_trail_250925 barcode=barcode22 barcode_alias=barcode22 parent_read_id=94b91b72-a77d-41b8-a7b1-fd9843c630f5 basecall_model_version_id=dna_r10.4.1_e8.2_400bps_hac@v4.3.0 rc
2	1ade7879-8d98-45d5-868f-b1af8fe5caff runid=0dfb5b492dc86ce99bf7c61c734eb364afcdb5c8 ch=108 start_time=2025-09-25T16:10:50.398161+00:00 flow_cell_id=AWX817 basecall_gpu=NVIDIA_Tegra_X2 protocol_group_id=ONT_trialEb_250925 sample_id=ONT_trail_250925 barcode=barcode14 barcode_alias=barcode14 parent_read_id=1ade7879-8d98-45d5-868f-b1af8fe5caff basecall_model_version_id=dna_r10.4.1_e8.2_400bps_hac@v4.3.0 rc
2	1ade7879-8d98-45d5-868f-b1af8fe5caff runid=0dfb5b492dc86ce99bf7c61c734eb364afcdb5c8 ch=108 start_time=2025-09-25T16:10:50.398161+00:00 flow_cell_id=AWX817 basecall_gpu=NVIDIA_Tegra_X2 protocol_group_id=ONT_trialEb_250925 sample_id=ONT_trail_250925 barcode=barcode14 barcode_alias=barcode14 parent_read_id=1ade7879-8d98-45d5-868f-b1af8fe5caff basecall_model_version_id=dna_r10.4.1_e8.2_400bps_hac@v4.3.0 rc
20	d0cf638e-b5d6-48cb-b8ff-f050422c0f91 runid=0dfb5b492dc86ce99bf7c61c734eb364afcdb5c8 ch=39 start_time=2025-09-26T11:40:38.398161+00:00 flow_cell_id=AWX817 basecall_gpu=NVIDIA_Tegra_X2 protocol_group_id=ONT_trialEb_250925 sample_id=ONT_trail_250925 barcode=barcode14 barcode_alias=barcode14 parent_read_id=d0cf638e-b5d6-48cb-b8ff-f050422c0f91 basecall_model_version_id=dna_r10.4.1_e8.2_400bps_hac@v4.3.0
20	d0cf638e-b5d6-48cb-b8ff-f050422c0f91 runid=0dfb5b492dc86ce99bf7c61c734eb364afcdb5c8 ch=39 start_time=2025-09-26T11:40:38.398161+00:00 flow_cell_id=AWX817 basecall_gpu=NVIDIA_Tegra_X2 protocol_group_id=ONT_trialEb_250925 sample_id=ONT_trail_250925 barcode=barcode14 barcode_alias=barcode14 parent_read_id=d0cf638e-b5d6-48cb-b8ff-f050422c0f91 basecall_model_version_id=dna_r10.4.1_e8.2_400bps_hac@v4.3.0
122	cd9ed258-cff4-4d63-8df4-04f0a4d361aa runid=0dfb5b492dc86ce99bf7c61c734eb364afcdb5c8 ch=80 start_time=2025-09-25T17:46:29.398161+00:00 flow_cell_id=AWX817 basecall_gpu=NVIDIA_Tegra_X2 protocol_group_id=ONT_trialEb_250925 sample_id=ONT_trail_250925 barcode=barcode14 barcode_alias=barcode14 parent_read_id=cd9ed258-cff4-4d63-8df4-04f0a4d361aa basecall_model_version_id=dna_r10.4.1_e8.2_400bps_hac@v4.3.0 rc
122	cd9ed258-cff4-4d63-8df4-04f0a4d361aa runid=0dfb5b492dc86ce99bf7c61c734eb364afcdb5c8 ch=80 start_time=2025-09-25T17:46:29.398161+00:00 flow_cell_id=AWX817 basecall_gpu=NVIDIA_Tegra_X2 protocol_group_id=ONT_trialEb_250925 sample_id=ONT_trail_250925 barcode=barcode14 barcode_alias=barcode14 parent_read_id=cd9ed258-cff4-4d63-8df4-04f0a4d361aa basecall_model_version_id=dna_r10.4.1_e8.2_400bps_hac@v4.3.0 rc
124	ad630240-e21e-41f5-a319-404db62fabc9 runid=0dfb5b492dc86ce99bf7c61c734eb364afcdb5c8 ch=44 start_time=2025-09-26T04:36:43.398161+00:00 flow_cell_id=AWX817 basecall_gpu=NVIDIA_Tegra_X2 protocol_group_id=ONT_trialEb_250925 sample_id=ONT_trail_250925 barcode=barcode14 barcode_alias=barcode14 parent_read_id=ad630240-e21e-41f5-a319-404db62fabc9 basecall_model_version_id=dna_r10.4.1_e8.2_400bps_hac@v4.3.0 rc
124	ad630240-e21e-41f5-a319-404db62fabc9 runid=0dfb5b492dc86ce99bf7c61c734eb364afcdb5c8 ch=44 start_time=2025-09-26T04:36:43.398161+00:00 flow_cell_id=AWX817 basecall_gpu=NVIDIA_Tegra_X2 protocol_group_id=ONT_trialEb_250925 sample_id=ONT_trail_250925 barcode=barcode14 barcode_alias=barcode14 parent_read_id=ad630240-e21e-41f5-a319-404db62fabc9 basecall_model_version_id=dna_r10.4.1_e8.2_400bps_hac@v4.3.0 rc
135	aebf9806-8bd9-421b-a3b5-a6365329c281 runid=0dfb5b492dc86ce99bf7c61c734eb364afcdb5c8 ch=42 start_time=2025-09-26T04:11:44.398161+00:00 flow_cell_id=AWX817 basecall_gpu=NVIDIA_Tegra_X2 protocol_group_id=ONT_trialEb_250925 sample_id=ONT_trail_250925 barcode=barcode22 barcode_alias=barcode22 parent_read_id=aebf9806-8bd9-421b-a3b5-a6365329c281 basecall_model_version_id=dna_r10.4.1_e8.2_400bps_hac@v4.3.0 rc
135	aebf9806-8bd9-421b-a3b5-a6365329c281 runid=0dfb5b492dc86ce99bf7c61c734eb364afcdb5c8 ch=42 start_time=2025-09-26T04:11:44.398161+00:00 flow_cell_id=AWX817 basecall_gpu=NVIDIA_Tegra_X2 protocol_group_id=ONT_trialEb_250925 sample_id=ONT_trail_250925 barcode=barcode22 barcode_alias=barcode22 parent_read_id=aebf9806-8bd9-421b-a3b5-a6365329c281 basecall_model_version_id=dna_r10.4.1_e8.2_400bps_hac@v4.3.0 rc
184	6cd52f2a-6361-4e9c-8b44-a4ce14820e12 runid=0dfb5b492dc86ce99bf7c61c734eb364afcdb5c8 ch=15 start_time=2025-09-25T17:21:25.398161+00:00 flow_cell_id=AWX817 basecall_gpu=NVIDIA_Tegra_X2 protocol_group_id=ONT_trialEb_250925 sample_id=ONT_trail_250925 barcode=barcode22 barcode_alias=barcode22 parent_read_id=6cd52f2a-6361-4e9c-8b44-a4ce14820e12 basecall_model_version_id=dna_r10.4.1_e8.2_400bps_hac@v4.3.0
184	6cd52f2a-6361-4e9c-8b44-a4ce14820e12 runid=0dfb5b492dc86ce99bf7c61c734eb364afcdb5c8 ch=15 start_time=2025-09-25T17:21:25.398161+00:00 flow_cell_id=AWX817 basecall_gpu=NVIDIA_Tegra_X2 protocol_group_id=ONT_trialEb_250925 sample_id=ONT_trail_250925 barcode=barcode22 barcode_alias=barcode22 parent_read_id=6cd52f2a-6361-4e9c-8b44-a4ce14820e12 basecall_model_version_id=dna_r10.4.1_e8.2_400bps_hac@v4.3.0
216	58685c0f-0471-4944-8c37-0369e36f9397 runid=0dfb5b492dc86ce99bf7c61c734eb364afcdb5c8 ch=80 start_time=2025-09-25T19:47:53.398161+00:00 flow_cell_id=AWX817 basecall_gpu=NVIDIA_Tegra_X2 protocol_group_id=ONT_trialEb_250925 sample_id=ONT_trail_250925 barcode=barcode14 barcode_alias=barcode14 parent_read_id=58685c0f-0471-4944-8c37-0369e36f9397 basecall_model_version_id=dna_r10.4.1_e8.2_400bps_hac@v4.3.0
216	58685c0f-0471-4944-8c37-0369e36f9397 runid=0dfb5b492dc86ce99bf7c61c734eb364afcdb5c8 ch=80 start_time=2025-09-25T19:47:53.398161+00:00 flow_cell_id=AWX817 basecall_gpu=NVIDIA_Tegra_X2 protocol_group_id=ONT_trialEb_250925 sample_id=ONT_trail_250925 barcode=barcode14 barcode_alias=barcode14 parent_read_id=58685c0f-0471-4944-8c37-0369e36f9397 basecall_model_version_id=dna_r10.4.1_e8.2_400bps_hac@v4.3.0
260	b8018dbd-1cfa-4fcc-a771-e57c051b2974 runid=0dfb5b492dc86ce99bf7c61c734eb364afcdb5c8 ch=41 start_time=2025-09-25T20:48:53.398161+00:00 flow_cell_id=AWX817 basecall_gpu=NVIDIA_Tegra_X2 protocol_group_id=ONT_trialEb_250925 sample_id=ONT_trail_250925 barcode=barcode22 barcode_alias=barcode22 parent_read_id=561b4c8a-5e17-4aa1-88e0-102a9ce5ca30 basecall_model_version_id=dna_r10.4.1_e8.2_400bps_hac@v4.3.0 rc
260	b8018dbd-1cfa-4fcc-a771-e57c051b2974 runid=0dfb5b492dc86ce99bf7c61c734eb364afcdb5c8 ch=41 start_time=2025-09-25T20:48:53.398161+00:00 flow_cell_id=AWX817 basecall_gpu=NVIDIA_Tegra_X2 protocol_group_id=ONT_trialEb_250925 sample_id=ONT_trail_250925 barcode=barcode22 barcode_alias=barcode22 parent_read_id=561b4c8a-5e17-4aa1-88e0-102a9ce5ca30 basecall_model_version_id=dna_r10.4.1_e8.2_400bps_hac@v4.3.0 rc
281	33063a17-2a71-4768-841b-9213068271c6 runid=0dfb5b492dc86ce99bf7c61c734eb364afcdb5c8 ch=41 start_time=2025-09-26T01:24:03.398161+00:00 flow_cell_id=AWX817 basecall_gpu=NVIDIA_Tegra_X2 protocol_group_id=ONT_trialEb_250925 sample_id=ONT_trail_250925 barcode=barcode22 barcode_alias=barcode22 parent_read_id=33063a17-2a71-4768-841b-9213068271c6 basecall_model_version_id=dna_r10.4.1_e8.2_400bps_hac@v4.3.0 rc
281	33063a17-2a71-4768-841b-9213068271c6 runid=0dfb5b492dc86ce99bf7c61c734eb364afcdb5c8 ch=41 start_time=2025-09-26T01:24:03.398161+00:00 flow_cell_id=AWX817 basecall_gpu=NVIDIA_Tegra_X2 protocol_group_id=ONT_trialEb_250925 sample_id=ONT_trail_250925 barcode=barcode22 barcode_alias=barcode22 parent_read_id=33063a17-2a71-4768-841b-9213068271c6 basecall_model_version_id=dna_r10.4.1_e8.2_400bps_hac@v4.3.0 rc
283	dd02376e-ff10-40a9-af01-9234bc9ac27b runid=0dfb5b492dc86ce99bf7c61c734eb364afcdb5c8 ch=85 start_time=2025-09-25T21:25:47.398161+00:00 flow_cell_id=AWX817 basecall_gpu=NVIDIA_Tegra_X2 protocol_group_id=ONT_trialEb_250925 sample_id=ONT_trail_250925 barcode=barcode22 barcode_alias=barcode22 parent_read_id=dd02376e-ff10-40a9-af01-9234bc9ac27b basecall_model_version_id=dna_r10.4.1_e8.2_400bps_hac@v4.3.0 rc
283	dd02376e-ff10-40a9-af01-9234bc9ac27b runid=0dfb5b492dc86ce99bf7c61c734eb364afcdb5c8 ch=85 start_time=2025-09-25T21:25:47.398161+00:00 flow_cell_id=AWX817 basecall_gpu=NVIDIA_Tegra_X2 protocol_group_id=ONT_trialEb_250925 sample_id=ONT_trail_250925 barcode=barcode22 barcode_alias=barcode22 parent_read_id=dd02376e-ff10-40a9-af01-9234bc9ac27b basecall_model_version_id=dna_r10.4.1_e8.2_400bps_hac@v4.3.0 rc
291	f1123a9a-a59b-49a1-9d44-71027977b976 runid=0dfb5b492dc86ce99bf7c61c734eb364afcdb5c8 ch=85 start_time=2025-09-25T22:27:36.398161+00:00 flow_cell_id=AWX817 basecall_gpu=NVIDIA_Tegra_X2 protocol_group_id=ONT_trialEb_250925 sample_id=ONT_trail_250925 barcode=barcode14 barcode_alias=barcode14 parent_read_id=f1123a9a-a59b-49a1-9d44-71027977b976 basecall_model_version_id=dna_r10.4.1_e8.2_400bps_hac@v4.3.0
291	f1123a9a-a59b-49a1-9d44-71027977b976 runid=0dfb5b492dc86ce99bf7c61c734eb364afcdb5c8 ch=85 start_time=2025-09-25T22:27:36.398161+00:00 flow_cell_id=AWX817 basecall_gpu=NVIDIA_Tegra_X2 protocol_group_id=ONT_trialEb_250925 sample_id=ONT_trail_250925 barcode=barcode14 barcode_alias=barcode14 parent_read_id=f1123a9a-a59b-49a1-9d44-71027977b976 basecall_model_version_id=dna_r10.4.1_e8.2_400bps_hac@v4.3.0
308	e524300d-143d-4b51-912d-4d8855afeeda runid=0dfb5b492dc86ce99bf7c61c734eb364afcdb5c8 ch=80 start_time=2025-09-25T21:16:20.398161+00:00 flow_cell_id=AWX817 basecall_gpu=NVIDIA_Tegra_X2 protocol_group_id=ONT_trialEb_250925 sample_id=ONT_trail_250925 barcode=barcode14 barcode_alias=barcode14 parent_read_id=e524300d-143d-4b51-912d-4d8855afeeda basecall_model_version_id=dna_r10.4.1_e8.2_400bps_hac@v4.3.0 rc
308	e524300d-143d-4b51-912d-4d8855afeeda runid=0dfb5b492dc86ce99bf7c61c734eb364afcdb5c8 ch=80 start_time=2025-09-25T21:16:20.398161+00:00 flow_cell_id=AWX817 basecall_gpu=NVIDIA_Tegra_X2 protocol_group_id=ONT_trialEb_250925 sample_id=ONT_trail_250925 barcode=barcode14 barcode_alias=barcode14 parent_read_id=e524300d-143d-4b51-912d-4d8855afeeda basecall_model_version_id=dna_r10.4.1_e8.2_400bps_hac@v4.3.0 rc
38	3e730930-3dc2-472d-a641-973fb38b9255 runid=0dfb5b492dc86ce99bf7c61c734eb364afcdb5c8 ch=20 start_time=2025-09-25T21:47:17.398161+00:00 flow_cell_id=AWX817 basecall_gpu=NVIDIA_Tegra_X2 protocol_group_id=ONT_trialEb_250925 sample_id=ONT_trail_250925 barcode=barcode15 barcode_alias=barcode15 parent_read_id=3e730930-3dc2-472d-a641-973fb38b9255 basecall_model_version_id=dna_r10.4.1_e8.2_400bps_hac@v4.3.0 rc
39	53cc4b29-0d28-4838-b4d5-9eb4844f152f runid=0dfb5b492dc86ce99bf7c61c734eb364afcdb5c8 ch=113 start_time=2025-09-25T16:25:21.398161+00:00 flow_cell_id=AWX817 basecall_gpu=NVIDIA_Tegra_X2 protocol_group_id=ONT_trialEb_250925 sample_id=ONT_trail_250925 barcode=barcode23 barcode_alias=barcode23 parent_read_id=53cc4b29-0d28-4838-b4d5-9eb4844f152f basecall_model_version_id=dna_r10.4.1_e8.2_400bps_hac@v4.3.0
54	f449a29d-ce9b-4c17-b8a3-3140d5172be7 runid=0dfb5b492dc86ce99bf7c61c734eb364afcdb5c8 ch=108 start_time=2025-09-25T16:39:55.398161+00:00 flow_cell_id=AWX817 basecall_gpu=NVIDIA_Tegra_X2 protocol_group_id=ONT_trialEb_250925 sample_id=ONT_trail_250925 barcode=barcode13 barcode_alias=barcode13 parent_read_id=f449a29d-ce9b-4c17-b8a3-3140d5172be7 basecall_model_version_id=dna_r10.4.1_e8.2_400bps_hac@v4.3.0 rc
78	50c2c612-d7ce-4369-adc4-614e5ad4586a runid=0dfb5b492dc86ce99bf7c61c734eb364afcdb5c8 ch=20 start_time=2025-09-26T08:31:13.398161+00:00 flow_cell_id=AWX817 basecall_gpu=NVIDIA_Tegra_X2 protocol_group_id=ONT_trialEb_250925 sample_id=ONT_trail_250925 barcode=barcode24 barcode_alias=barcode24 parent_read_id=50c2c612-d7ce-4369-adc4-614e5ad4586a basecall_model_version_id=dna_r10.4.1_e8.2_400bps_hac@v4.3.0
110	e466aab1-3cd2-4fdb-8f75-06c31b9285f5 runid=0dfb5b492dc86ce99bf7c61c734eb364afcdb5c8 ch=44 start_time=2025-09-26T01:13:23.398161+00:00 flow_cell_id=AWX817 basecall_gpu=NVIDIA_Tegra_X2 protocol_group_id=ONT_trialEb_250925 sample_id=ONT_trail_250925 barcode=barcode23 barcode_alias=barcode23 parent_read_id=e466aab1-3cd2-4fdb-8f75-06c31b9285f5 basecall_model_version_id=dna_r10.4.1_e8.2_400bps_hac@v4.3.0 rc
151	66004c01-5ac1-49cc-bd88-e795e361b7d0 runid=0dfb5b492dc86ce99bf7c61c734eb364afcdb5c8 ch=18 start_time=2025-09-25T19:00:29.398161+00:00 flow_cell_id=AWX817 basecall_gpu=NVIDIA_Tegra_X2 protocol_group_id=ONT_trialEb_250925 sample_id=ONT_trail_250925 barcode=barcode15 barcode_alias=barcode15 parent_read_id=66004c01-5ac1-49cc-bd88-e795e361b7d0 basecall_model_version_id=dna_r10.4.1_e8.2_400bps_hac@v4.3.0 rc
192	11e1120c-9519-437b-aaae-616105801dc4 runid=0dfb5b492dc86ce99bf7c61c734eb364afcdb5c8 ch=94 start_time=2025-09-25T16:47:55.398161+00:00 flow_cell_id=AWX817 basecall_gpu=NVIDIA_Tegra_X2 protocol_group_id=ONT_trialEb_250925 sample_id=ONT_trail_250925 barcode=barcode15 barcode_alias=barcode15 parent_read_id=11e1120c-9519-437b-aaae-616105801dc4 basecall_model_version_id=dna_r10.4.1_e8.2_400bps_hac@v4.3.0
205	ac13a40e-bd7c-4d4d-a832-d2e06ee94ab4 runid=0dfb5b492dc86ce99bf7c61c734eb364afcdb5c8 ch=94 start_time=2025-09-25T17:09:11.398161+00:00 flow_cell_id=AWX817 basecall_gpu=NVIDIA_Tegra_X2 protocol_group_id=ONT_trialEb_250925 sample_id=ONT_trail_250925 barcode=barcode13 barcode_alias=barcode13 parent_read_id=ac13a40e-bd7c-4d4d-a832-d2e06ee94ab4 basecall_model_version_id=dna_r10.4.1_e8.2_400bps_hac@v4.3.0
253	2eaa0f70-4163-434c-888e-0c9cb9247d52 runid=0dfb5b492dc86ce99bf7c61c734eb364afcdb5c8 ch=4 start_time=2025-09-26T05:42:23.398161+00:00 flow_cell_id=AWX817 basecall_gpu=NVIDIA_Tegra_X2 protocol_group_id=ONT_trialEb_250925 sample_id=ONT_trail_250925 barcode=barcode23 barcode_alias=barcode23 parent_read_id=2eaa0f70-4163-434c-888e-0c9cb9247d52 basecall_model_version_id=dna_r10.4.1_e8.2_400bps_hac@v4.3.0 rc
255	bd6541cf-acb1-4258-b279-a6154b350a36 runid=0dfb5b492dc86ce99bf7c61c734eb364afcdb5c8 ch=41 start_time=2025-09-25T18:10:59.398161+00:00 flow_cell_id=AWX817 basecall_gpu=NVIDIA_Tegra_X2 protocol_group_id=ONT_trialEb_250925 sample_id=ONT_trail_250925 barcode=barcode24 barcode_alias=barcode24 parent_read_id=bd6541cf-acb1-4258-b279-a6154b350a36 basecall_model_version_id=dna_r10.4.1_e8.2_400bps_hac@v4.3.0 rc
293	46fcd91b-a0b0-432b-94b5-c4e8bb49d7fd runid=0dfb5b492dc86ce99bf7c61c734eb364afcdb5c8 ch=49 start_time=2025-09-26T08:02:10.398161+00:00 flow_cell_id=AWX817 basecall_gpu=NVIDIA_Tegra_X2 protocol_group_id=ONT_trialEb_250925 sample_id=ONT_trail_250925 barcode=barcode13 barcode_alias=barcode13 parent_read_id=46fcd91b-a0b0-432b-94b5-c4e8bb49d7fd basecall_model_version_id=dna_r10.4.1_e8.2_400bps_hac@v4.3.0
328	1f6124c2-e05f-4952-9ded-847d36bc1bec runid=0dfb5b492dc86ce99bf7c61c734eb364afcdb5c8 ch=5 start_time=2025-09-25T16:14:30.398161+00:00 flow_cell_id=AWX817 basecall_gpu=NVIDIA_Tegra_X2 protocol_group_id=ONT_trialEb_250925 sample_id=ONT_trail_250925 barcode=barcode24 barcode_alias=barcode24 parent_read_id=1f6124c2-e05f-4952-9ded-847d36bc1bec basecall_model_version_id=dna_r10.4.1_e8.2_400bps_hac@v4.3.0
343	dbe5ecb2-70e8-4923-8f7b-177d47f193df runid=0dfb5b492dc86ce99bf7c61c734eb364afcdb5c8 ch=42 start_time=2025-09-26T03:28:10.398161+00:00 flow_cell_id=AWX817 basecall_gpu=NVIDIA_Tegra_X2 protocol_group_id=ONT_trialEb_250925 sample_id=ONT_trail_250925 barcode=barcode13 barcode_alias=barcode13 parent_read_id=dbe5ecb2-70e8-4923-8f7b-177d47f193df basecall_model_version_id=dna_r10.4.1_e8.2_400bps_hac@v4.3.0 rc
355	10b92c6b-ccca-42b7-a954-0bdb86fda572 runid=0dfb5b492dc86ce99bf7c61c734eb364afcdb5c8 ch=106 start_time=2025-09-25T17:25:38.398161+00:00 flow_cell_id=AWX817 basecall_gpu=NVIDIA_Tegra_X2 protocol_group_id=ONT_trialEb_250925 sample_id=ONT_trail_250925 barcode=barcode23 barcode_alias=barcode23 parent_read_id=10b92c6b-ccca-42b7-a954-0bdb86fda572 basecall_model_version_id=dna_r10.4.1_e8.2_400bps_hac@v4.3.0
368	ef1bdfb5-f17e-46d5-a3d8-2a4a9fcdf111 runid=0dfb5b492dc86ce99bf7c61c734eb364afcdb5c8 ch=57 start_time=2025-09-26T10:20:45.398161+00:00 flow_cell_id=AWX817 basecall_gpu=NVIDIA_Tegra_X2 protocol_group_id=ONT_trialEb_250925 sample_id=ONT_trail_250925 barcode=barcode13 barcode_alias=barcode13 parent_read_id=ef1bdfb5-f17e-46d5-a3d8-2a4a9fcdf111 basecall_model_version_id=dna_r10.4.1_e8.2_400bps_hac@v4.3.0 rc
