0	f70bd755-8a9d-4988-bd1b-aba98e798878	qs:f:24.634	ch:i:241	st:Z:2026-07-15T15:44:12.941000+00:00	RG:Z:a40d6b40-d3ad-4fe7-8245-9c92f794f831_dna_r10.4.1_e8.2_400bps_sup@v5.2.0	DS:Z:gpu:NVIDIA GeForce RTX 4070 SUPER	PU:Z:FBG39641	DT:Z:2026-07-15T14:17:26.508000+00:00	tm:Z:adapter,primer rc
0	1e7f7183-41e9-4d4a-9fcc-e9e8103bf195	qs:f:17.758	ch:i:120	st:Z:2026-07-16T00:54:14.259000+00:00	RG:Z:a40d6b40-d3ad-4fe7-8245-9c92f794f831_dna_r10.4.1_e8.2_400bps_sup@v5.2.0	DS:Z:gpu:NVIDIA GeForce RTX 4070 SUPER	PU:Z:FBG39641	DT:Z:2026-07-15T14:17:26.508000+00:00	tm:Z:none rc
0	06890ef1-1c87-49ea-86d0-ce9c2ad87bbe	qs:f:23.2859	ch:i:370	st:Z:2026-07-16T00:21:42.942000+00:00	RG:Z:a40d6b40-d3ad-4fe7-8245-9c92f794f831_dna_r10.4.1_e8.2_400bps_sup@v5.2.0	DS:Z:gpu:NVIDIA GeForce RTX 4070 SUPER	PU:Z:FBG39641	DT:Z:2026-07-15T14:17:26.508000+00:00	tm:Z:adapter,primer
0	8999791d-a49e-4cec-a4ac-b1bdb8724392	qs:f:15.1954	ch:i:408	st:Z:2026-07-15T23:51:44.269000+00:00	RG:Z:a40d6b40-d3ad-4fe7-8245-9c92f794f831_dna_r10.4.1_e8.2_400bps_sup@v5.2.0	DS:Z:gpu:NVIDIA GeForce RTX 4070 SUPER	PU:Z:FBG39641	DT:Z:2026-07-15T14:17:26.508000+00:00	tm:Z:none rc
0	b30092fc-b00a-44c4-bd2a-42c5a18f1990	qs:f:13.5977	ch:i:168	st:Z:2026-07-15T15:39:18.218000+00:00	RG:Z:a40d6b40-d3ad-4fe7-8245-9c92f794f831_dna_r10.4.1_e8.2_400bps_sup@v5.2.0	DS:Z:gpu:NVIDIA GeForce RTX 4070 SUPER	PU:Z:FBG39641	DT:Z:2026-07-15T14:17:26.508000+00:00	tm:Z:adapter,primer
0	79442273-53ca-46ff-96f6-e398f2fd8b06	qs:f:22.1969	ch:i:137	st:Z:2026-07-15T17:24:04.582000+00:00	RG:Z:a40d6b40-d3ad-4fe7-8245-9c92f794f831_dna_r10.4.1_e8.2_400bps_sup@v5.2.0	DS:Z:gpu:NVIDIA GeForce RTX 4070 SUPER	PU:Z:FBG39641	DT:Z:2026-07-15T14:17:26.508000+00:00	tm:Z:adapter,primer
0	e05346e3-160e-44e8-acb4-0310ad84fccc	qs:f:19.9345	ch:i:317	st:Z:2026-07-15T20:28:47.391000+00:00	RG:Z:a40d6b40-d3ad-4fe7-8245-9c92f794f831_dna_r10.4.1_e8.2_400bps_sup@v5.2.0	DS:Z:gpu:NVIDIA GeForce RTX 4070 SUPER	PU:Z:FBG39641	DT:Z:2026-07-15T14:17:26.508000+00:00	tm:Z:none
0	38e34543-c97e-453a-9f65-bf88b55aa45b	qs:f:18.5367	ch:i:298	st:Z:2026-07-15T18:53:44.452000+00:00	RG:Z:a40d6b40-d3ad-4fe7-8245-9c92f794f831_dna_r10.4.1_e8.2_400bps_sup@v5.2.0	DS:Z:gpu:NVIDIA GeForce RTX 4070 SUPER	PU:Z:FBG39641	DT:Z:2026-07-15T14:17:26.508000+00:00	tm:Z:none rc
0	7de1888c-813f-4dcb-9aa2-abbcf8d07cb8	qs:f:21.1996	ch:i:495	st:Z:2026-07-15T18:17:00.162000+00:00	RG:Z:a40d6b40-d3ad-4fe7-8245-9c92f794f831_dna_r10.4.1_e8.2_400bps_sup@v5.2.0	DS:Z:gpu:NVIDIA GeForce RTX 4070 SUPER	PU:Z:FBG39641	DT:Z:2026-07-15T14:17:26.508000+00:00	tm:Z:none
0	1fc083ab-f52d-47cd-9f65-13d19b36f9fc	qs:f:17.8993	ch:i:408	st:Z:2026-07-15T14:37:53.879000+00:00	RG:Z:a40d6b40-d3ad-4fe7-8245-9c92f794f831_dna_r10.4.1_e8.2_400bps_sup@v5.2.0	DS:Z:gpu:NVIDIA GeForce RTX 4070 SUPER	PU:Z:FBG39641	DT:Z:2026-07-15T14:17:26.508000+00:00	tm:Z:adapter,primer
0	57f4d0a5-5ea8-4273-a513-541f929e6e20	qs:f:21.4398	ch:i:411	st:Z:2026-07-15T21:21:51.560000+00:00	RG:Z:a40d6b40-d3ad-4fe7-8245-9c92f794f831_dna_r10.4.1_e8.2_400bps_sup@v5.2.0	DS:Z:gpu:NVIDIA GeForce RTX 4070 SUPER	PU:Z:FBG39641	DT:Z:2026-07-15T14:17:26.508000+00:00	tm:Z:none rc
0	49f5324f-2a17-4a0a-94a2-a22b378a5649	qs:f:21.2576	ch:i:48	st:Z:2026-07-15T21:04:38.922000+00:00	RG:Z:a40d6b40-d3ad-4fe7-8245-9c92f794f831_dna_r10.4.1_e8.2_400bps_sup@v5.2.0	DS:Z:gpu:NVIDIA GeForce RTX 4070 SUPER	PU:Z:FBG39641	DT:Z:2026-07-15T14:17:26.508000+00:00	tm:Z:adapter,primer
0	10eafd2a-23b1-4155-985c-892529fe5322	qs:f:14.7562	ch:i:130	st:Z:2026-07-15T17:58:21.456000+00:00	RG:Z:a40d6b40-d3ad-4fe7-8245-9c92f794f831_dna_r10.4.1_e8.2_400bps_sup@v5.2.0	DS:Z:gpu:NVIDIA GeForce RTX 4070 SUPER	PU:Z:FBG39641	DT:Z:2026-07-15T14:17:26.508000+00:00	tm:Z:adapter,primer rc
0	73dd7b09-eedd-448c-b45d-a4619999a43b	qs:f:19.4453	ch:i:155	st:Z:2026-07-15T17:07:38.794000+00:00	RG:Z:a40d6b40-d3ad-4fe7-8245-9c92f794f831_dna_r10.4.1_e8.2_400bps_sup@v5.2.0	DS:Z:gpu:NVIDIA GeForce RTX 4070 SUPER	PU:Z:FBG39641	DT:Z:2026-07-15T14:17:26.508000+00:00	tm:Z:none rc
0	ed013843-5bd7-49be-85e8-f29bc07c8c3f	qs:f:17.842	ch:i:408	st:Z:2026-07-15T18:50:03.293000+00:00	RG:Z:a40d6b40-d3ad-4fe7-8245-9c92f794f831_dna_r10.4.1_e8.2_400bps_sup@v5.2.0	DS:Z:gpu:NVIDIA GeForce RTX 4070 SUPER	PU:Z:FBG39641	DT:Z:2026-07-15T14:17:26.508000+00:00	tm:Z:adapter,primer rc
0	3f82db01-4da5-4bca-9b19-016157e08faf	qs:f:16.753	ch:i:502	st:Z:2026-07-15T20:20:16.398000+00:00	RG:Z:a40d6b40-d3ad-4fe7-8245-9c92f794f831_dna_r10.4.1_e8.2_400bps_sup@v5.2.0	DS:Z:gpu:NVIDIA GeForce RTX 4070 SUPER	PU:Z:FBG39641	DT:Z:2026-07-15T14:17:26.508000+00:00	tm:Z:adapter,primer rc
0	8ad9a07b-71f8-4c95-8665-3ab58b43099c	qs:f:23.9685	ch:i:24	st:Z:2026-07-15T15:51:13.740000+00:00	RG:Z:a40d6b40-d3ad-4fe7-8245-9c92f794f831_dna_r10.4.1_e8.2_400bps_sup@v5.2.0	DS:Z:gpu:NVIDIA GeForce RTX 4070 SUPER	PU:Z:FBG39641	DT:Z:2026-07-15T14:17:26.508000+00:00	tm:Z:adapter,primer rc
0	36c80850-02b4-4f87-b28f-3a2ed91ebae0	qs:f:21.7145	ch:i:99	st:Z:2026-07-15T18:44:54.407000+00:00	RG:Z:a40d6b40-d3ad-4fe7-8245-9c92f794f831_dna_r10.4.1_e8.2_400bps_sup@v5.2.0	DS:Z:gpu:NVIDIA GeForce RTX 4070 SUPER	PU:Z:FBG39641	DT:Z:2026-07-15T14:17:26.508000+00:00	tm:Z:adapter,primer
0	bb7d35e3-fbad-4f34-b413-647cf3bb3079	qs:f:14.9942	ch:i:331	st:Z:2026-07-16T00:11:56.061000+00:00	RG:Z:a40d6b40-d3ad-4fe7-8245-9c92f794f831_dna_r10.4.1_e8.2_400bps_sup@v5.2.0	DS:Z:gpu:NVIDIA GeForce RTX 4070 SUPER	PU:Z:FBG39641	DT:Z:2026-07-15T14:17:26.508000+00:00	tm:Z:none rc
0	cbf5d227-45b6-4db8-a783-085c65dc94e0	qs:f:19.683	ch:i:374	st:Z:2026-07-15T16:19:43.602000+00:00	RG:Z:a40d6b40-d3ad-4fe7-8245-9c92f794f831_dna_r10.4.1_e8.2_400bps_sup@v5.2.0	DS:Z:gpu:NVIDIA GeForce RTX 4070 SUPER	PU:Z:FBG39641	DT:Z:2026-07-15T14:17:26.508000+00:00	tm:Z:none rc
0	0a33a5e6-2c4c-4ec4-a647-56fdadf02f9f	qs:f:16.8484	ch:i:296	st:Z:2026-07-15T16:20:04.664000+00:00	RG:Z:a40d6b40-d3ad-4fe7-8245-9c92f794f831_dna_r10.4.1_e8.2_400bps_sup@v5.2.0	DS:Z:gpu:NVIDIA GeForce RTX 4070 SUPER	PU:Z:FBG39641	DT:Z:2026-07-15T14:17:26.508000+00:00	tm:Z:none rc
0	73de8b94-2bb1-4c6d-ab92-287de5eb1daa	qs:f:17.0813	ch:i:165	st:Z:2026-07-15T16:15:39.210000+00:00	RG:Z:a40d6b40-d3ad-4fe7-8245-9c92f794f831_dna_r10.4.1_e8.2_400bps_sup@v5.2.0	DS:Z:gpu:NVIDIA GeForce RTX 4070 SUPER	PU:Z:FBG39641	DT:Z:2026-07-15T14:17:26.508000+00:00	tm:Z:adapter,primer
0	fa561e10-f0c3-415e-89db-b47a30f61dbe	qs:f:15.017	ch:i:223	st:Z:2026-07-15T22:40:53.977000+00:00	RG:Z:a40d6b40-d3ad-4fe7-8245-9c92f794f831_dna_r10.4.1_e8.2_400bps_sup@v5.2.0	DS:Z:gpu:NVIDIA GeForce RTX 4070 SUPER	PU:Z:FBG39641	DT:Z:2026-07-15T14:17:26.508000+00:00	tm:Z:adapter,primer
0	7d8d2dfe-11ca-454c-8d58-4e2d5c47e0ae	qs:f:17.1492	ch:i:276	st:Z:2026-07-15T23:09:02.884000+00:00	RG:Z:a40d6b40-d3ad-4fe7-8245-9c92f794f831_dna_r10.4.1_e8.2_400bps_sup@v5.2.0	DS:Z:gpu:NVIDIA GeForce RTX 4070 SUPER	PU:Z:FBG39641	DT:Z:2026-07-15T14:17:26.508000+00:00	tm:Z:adapter,primer rc
0	ee88c6c2-8643-4458-ba24-c6a63e32cf61	qs:f:19.2621	ch:i:281	st:Z:2026-07-15T15:54:33.595000+00:00	RG:Z:a40d6b40-d3ad-4fe7-8245-9c92f794f831_dna_r10.4.1_e8.2_400bps_sup@v5.2.0	DS:Z:gpu:NVIDIA GeForce RTX 4070 SUPER	PU:Z:FBG39641	DT:Z:2026-07-15T14:17:26.508000+00:00	tm:Z:adapter,primer rc
0	10c37cba-cc56-41c5-bcaa-6badedc2cea8	qs:f:18.7537	ch:i:434	st:Z:2026-07-15T21:09:55.989000+00:00	RG:Z:a40d6b40-d3ad-4fe7-8245-9c92f794f831_dna_r10.4.1_e8.2_400bps_sup@v5.2.0	DS:Z:gpu:NVIDIA GeForce RTX 4070 SUPER	PU:Z:FBG39641	DT:Z:2026-07-15T14:17:26.508000+00:00	tm:Z:none
0	3f2422b5-87d0-472b-a694-3d59e9a9eff4	qs:f:19.2523	ch:i:263	st:Z:2026-07-15T15:36:43.609000+00:00	RG:Z:a40d6b40-d3ad-4fe7-8245-9c92f794f831_dna_r10.4.1_e8.2_400bps_sup@v5.2.0	DS:Z:gpu:NVIDIA GeForce RTX 4070 SUPER	PU:Z:FBG39641	DT:Z:2026-07-15T14:17:26.508000+00:00	tm:Z:adapter,primer rc
0	7c8eeeba-2da8-4fa5-b44e-23bf66924ffa	qs:f:21.7202	ch:i:86	st:Z:2026-07-15T22:44:07.755000+00:00	RG:Z:a40d6b40-d3ad-4fe7-8245-9c92f794f831_dna_r10.4.1_e8.2_400bps_sup@v5.2.0	DS:Z:gpu:NVIDIA GeForce RTX 4070 SUPER	PU:Z:FBG39641	DT:Z:2026-07-15T14:17:26.508000+00:00	tm:Z:none
0	2e9ab427-7905-43d0-9271-1a2fdc6a6c52	qs:f:18.6708	ch:i:302	st:Z:2026-07-15T19:39:24.793000+00:00	RG:Z:a40d6b40-d3ad-4fe7-8245-9c92f794f831_dna_r10.4.1_e8.2_400bps_sup@v5.2.0	DS:Z:gpu:NVIDIA GeForce RTX 4070 SUPER	PU:Z:FBG39641	DT:Z:2026-07-15T14:17:26.508000+00:00	tm:Z:adapter,primer rc
0	43f51a71-3168-42ef-8113-b51bf198275b	qs:f:19.0158	ch:i:295	st:Z:2026-07-16T01:32:15.353000+00:00	RG:Z:a40d6b40-d3ad-4fe7-8245-9c92f794f831_dna_r10.4.1_e8.2_400bps_sup@v5.2.0	DS:Z:gpu:NVIDIA GeForce RTX 4070 SUPER	PU:Z:FBG39641	DT:Z:2026-07-15T14:17:26.508000+00:00	tm:Z:adapter,primer rc
0	b87bd813-04ca-4fad-b12e-bcef0b0aec3f	qs:f:14.4878	ch:i:174	st:Z:2026-07-15T23:01:29.789000+00:00	RG:Z:a40d6b40-d3ad-4fe7-8245-9c92f794f831_dna_r10.4.1_e8.2_400bps_sup@v5.2.0	DS:Z:gpu:NVIDIA GeForce RTX 4070 SUPER	PU:Z:FBG39641	DT:Z:2026-07-15T14:17:26.508000+00:00	tm:Z:none rc
0	e34c1f12-3b07-447e-9255-81dae23295a9	qs:f:16.1569	ch:i:194	st:Z:2026-07-15T15:53:52.552000+00:00	RG:Z:a40d6b40-d3ad-4fe7-8245-9c92f794f831_dna_r10.4.1_e8.2_400bps_sup@v5.2.0	DS:Z:gpu:NVIDIA GeForce RTX 4070 SUPER	PU:Z:FBG39641	DT:Z:2026-07-15T14:17:26.508000+00:00	tm:Z:adapter,primer
0	1412a002-fd62-4aea-b63a-d2bfe2c91b90	qs:f:19.3216	ch:i:18	st:Z:2026-07-15T20:31:33.603000+00:00	RG:Z:a40d6b40-d3ad-4fe7-8245-9c92f794f831_dna_r10.4.1_e8.2_400bps_sup@v5.2.0	DS:Z:gpu:NVIDIA GeForce RTX 4070 SUPER	PU:Z:FBG39641	DT:Z:2026-07-15T14:17:26.508000+00:00	tm:Z:none rc
0	d7cc74be-fa74-4c1d-8d02-d167c62e5361	qs:f:11.601	ch:i:395	st:Z:2026-07-15T22:57:58.945000+00:00	RG:Z:a40d6b40-d3ad-4fe7-8245-9c92f794f831_dna_r10.4.1_e8.2_400bps_sup@v5.2.0	DS:Z:gpu:NVIDIA GeForce RTX 4070 SUPER	PU:Z:FBG39641	DT:Z:2026-07-15T14:17:26.508000+00:00	tm:Z:none rc
0	7f18a84c-b9ad-4fc1-9a58-4cdf616f815d	qs:f:15.964	ch:i:388	st:Z:2026-07-16T00:28:09.724000+00:00	RG:Z:a40d6b40-d3ad-4fe7-8245-9c92f794f831_dna_r10.4.1_e8.2_400bps_sup@v5.2.0	DS:Z:gpu:NVIDIA GeForce RTX 4070 SUPER	PU:Z:FBG39641	DT:Z:2026-07-15T14:17:26.508000+00:00	tm:Z:adapter,primer rc
0	ca0c3ebc-956a-49e8-a498-bbb0cf5acfd3	qs:f:13.3637	ch:i:129	st:Z:2026-07-15T21:14:45.501000+00:00	RG:Z:a40d6b40-d3ad-4fe7-8245-9c92f794f831_dna_r10.4.1_e8.2_400bps_sup@v5.2.0	DS:Z:gpu:NVIDIA GeForce RTX 4070 SUPER	PU:Z:FBG39641	DT:Z:2026-07-15T14:17:26.508000+00:00	tm:Z:adapter,primer rc
0	7bdd5ec0-8a2b-488a-8150-a44b0bfc1b4b	qs:f:19.2912	ch:i:237	st:Z:2026-07-15T23:05:46.749000+00:00	RG:Z:a40d6b40-d3ad-4fe7-8245-9c92f794f831_dna_r10.4.1_e8.2_400bps_sup@v5.2.0	DS:Z:gpu:NVIDIA GeForce RTX 4070 SUPER	PU:Z:FBG39641	DT:Z:2026-07-15T14:17:26.508000+00:00	tm:Z:adapter,primer rc
0	6641be41-4987-4db1-b738-e048663ac2d8	qs:f:14.4463	ch:i:3	st:Z:2026-07-16T00:12:32.165000+00:00	RG:Z:a40d6b40-d3ad-4fe7-8245-9c92f794f831_dna_r10.4.1_e8.2_400bps_sup@v5.2.0	DS:Z:gpu:NVIDIA GeForce RTX 4070 SUPER	PU:Z:FBG39641	DT:Z:2026-07-15T14:17:26.508000+00:00	tm:Z:adapter,primer
0	97bfa4b4-f85b-4b88-9f73-2ff16f66583f	qs:f:17.4437	ch:i:168	st:Z:2026-07-15T19:19:50.719000+00:00	RG:Z:a40d6b40-d3ad-4fe7-8245-9c92f794f831_dna_r10.4.1_e8.2_400bps_sup@v5.2.0	DS:Z:gpu:NVIDIA GeForce RTX 4070 SUPER	PU:Z:FBG39641	DT:Z:2026-07-15T14:17:26.508000+00:00	tm:Z:adapter,primer rc
0	f6fade7c-6045-4a9e-9e81-9dec156898a0	qs:f:16.8989	ch:i:473	st:Z:2026-07-16T01:12:11.647000+00:00	RG:Z:a40d6b40-d3ad-4fe7-8245-9c92f794f831_dna_r10.4.1_e8.2_400bps_sup@v5.2.0	DS:Z:gpu:NVIDIA GeForce RTX 4070 SUPER	PU:Z:FBG39641	DT:Z:2026-07-15T14:17:26.508000+00:00	tm:Z:adapter,primer rc
0	e34baf57-6469-4ba9-8bc9-35e9ea0bb633	qs:f:19.7531	ch:i:132	st:Z:2026-07-16T01:43:34.284000+00:00	RG:Z:a40d6b40-d3ad-4fe7-8245-9c92f794f831_dna_r10.4.1_e8.2_400bps_sup@v5.2.0	DS:Z:gpu:NVIDIA GeForce RTX 4070 SUPER	PU:Z:FBG39641	DT:Z:2026-07-15T14:17:26.508000+00:00	tm:Z:adapter,primer rc
0	59b74dd0-2e0b-4a24-bc95-60c98675e147	qs:f:14.6197	ch:i:271	st:Z:2026-07-15T18:26:26.682000+00:00	RG:Z:a40d6b40-d3ad-4fe7-8245-9c92f794f831_dna_r10.4.1_e8.2_400bps_sup@v5.2.0	DS:Z:gpu:NVIDIA GeForce RTX 4070 SUPER	PU:Z:FBG39641	DT:Z:2026-07-15T14:17:26.508000+00:00	tm:Z:adapter,primer rc
0	b14695c3-47f1-4a03-84f8-fab55471b600	qs:f:20.2276	ch:i:300	st:Z:2026-07-15T17:25:10.466000+00:00	RG:Z:a40d6b40-d3ad-4fe7-8245-9c92f794f831_dna_r10.4.1_e8.2_400bps_sup@v5.2.0	DS:Z:gpu:NVIDIA GeForce RTX 4070 SUPER	PU:Z:FBG39641	DT:Z:2026-07-15T14:17:26.508000+00:00	tm:Z:adapter,primer
0	694ef8f9-cd16-49f8-9524-fa3290ac4ebe	qs:f:17.7503	ch:i:218	st:Z:2026-07-15T22:30:29.795000+00:00	RG:Z:a40d6b40-d3ad-4fe7-8245-9c92f794f831_dna_r10.4.1_e8.2_400bps_sup@v5.2.0	DS:Z:gpu:NVIDIA GeForce RTX 4070 SUPER	PU:Z:FBG39641	DT:Z:2026-07-15T14:17:26.508000+00:00	tm:Z:adapter,primer rc
0	07b6e37b-918a-406a-9c06-634d9ca54688	qs:f:16.193	ch:i:360	st:Z:2026-07-15T14:34:56.960000+00:00	RG:Z:a40d6b40-d3ad-4fe7-8245-9c92f794f831_dna_r10.4.1_e8.2_400bps_sup@v5.2.0	DS:Z:gpu:NVIDIA GeForce RTX 4070 SUPER	PU:Z:FBG39641	DT:Z:2026-07-15T14:17:26.508000+00:00	tm:Z:adapter,primer rc
0	33a41f7b-2fa7-4814-8664-de046f0e4dbc	qs:f:17.2392	ch:i:406	st:Z:2026-07-15T16:47:30.439000+00:00	RG:Z:a40d6b40-d3ad-4fe7-8245-9c92f794f831_dna_r10.4.1_e8.2_400bps_sup@v5.2.0	DS:Z:gpu:NVIDIA GeForce RTX 4070 SUPER	PU:Z:FBG39641	DT:Z:2026-07-15T14:17:26.508000+00:00	tm:Z:none
0	08499950-956e-4c0a-b5b6-edee30bdc9aa	qs:f:9.13933	ch:i:308	st:Z:2026-07-15T16:30:40.866000+00:00	RG:Z:a40d6b40-d3ad-4fe7-8245-9c92f794f831_dna_r10.4.1_e8.2_400bps_sup@v5.2.0	DS:Z:gpu:NVIDIA GeForce RTX 4070 SUPER	PU:Z:FBG39641	DT:Z:2026-07-15T14:17:26.508000+00:00	tm:Z:none rc
0	ca57fbd5-f16f-474f-9627-3bb08145fb3c	qs:f:20.1037	ch:i:153	st:Z:2026-07-15T21:18:40.348000+00:00	RG:Z:a40d6b40-d3ad-4fe7-8245-9c92f794f831_dna_r10.4.1_e8.2_400bps_sup@v5.2.0	DS:Z:gpu:NVIDIA GeForce RTX 4070 SUPER	PU:Z:FBG39641	DT:Z:2026-07-15T14:17:26.508000+00:00	tm:Z:none
0	d68b256b-4405-4387-b0bc-7cd96f25919d	qs:f:16.3554	ch:i:351	st:Z:2026-07-15T21:34:33.829000+00:00	RG:Z:a40d6b40-d3ad-4fe7-8245-9c92f794f831_dna_r10.4.1_e8.2_400bps_sup@v5.2.0	DS:Z:gpu:NVIDIA GeForce RTX 4070 SUPER	PU:Z:FBG39641	DT:Z:2026-07-15T14:17:26.508000+00:00	tm:Z:adapter,primer rc
0	414f9241-10f2-42ca-b474-489d0cbb31e8	qs:f:12.7456	ch:i:418	st:Z:2026-07-15T19:17:32.080000+00:00	RG:Z:a40d6b40-d3ad-4fe7-8245-9c92f794f831_dna_r10.4.1_e8.2_400bps_sup@v5.2.0	DS:Z:gpu:NVIDIA GeForce RTX 4070 SUPER	PU:Z:FBG39641	DT:Z:2026-07-15T14:17:26.508000+00:00	tm:Z:none
0	3949fdb8-e51c-49ce-a25c-244af87ec4da	qs:f:18.2106	ch:i:434	st:Z:2026-07-15T22:55:46.115000+00:00	RG:Z:a40d6b40-d3ad-4fe7-8245-9c92f794f831_dna_r10.4.1_e8.2_400bps_sup@v5.2.0	DS:Z:gpu:NVIDIA GeForce RTX 4070 SUPER	PU:Z:FBG39641	DT:Z:2026-07-15T14:17:26.508000+00:00	tm:Z:none rc
0	1282dc05-675b-4568-88a7-14974d636db5	qs:f:14.2589	ch:i:156	st:Z:2026-07-15T17:12:44.626000+00:00	RG:Z:a40d6b40-d3ad-4fe7-8245-9c92f794f831_dna_r10.4.1_e8.2_400bps_sup@v5.2.0	DS:Z:gpu:NVIDIA GeForce RTX 4070 SUPER	PU:Z:FBG39641	DT:Z:2026-07-15T14:17:26.508000+00:00	tm:Z:none rc
0	1b2722ab-5ff5-4a17-a20d-8fc73064aef1	qs:f:16.1983	ch:i:312	st:Z:2026-07-15T15:54:25.759000+00:00	RG:Z:a40d6b40-d3ad-4fe7-8245-9c92f794f831_dna_r10.4.1_e8.2_400bps_sup@v5.2.0	DS:Z:gpu:NVIDIA GeForce RTX 4070 SUPER	PU:Z:FBG39641	DT:Z:2026-07-15T14:17:26.508000+00:00	tm:Z:adapter,primer
0	8979db27-e8f1-4870-aca2-85091f8f6f07	qs:f:14.3365	ch:i:458	st:Z:2026-07-15T19:19:47.460000+00:00	RG:Z:a40d6b40-d3ad-4fe7-8245-9c92f794f831_dna_r10.4.1_e8.2_400bps_sup@v5.2.0	DS:Z:gpu:NVIDIA GeForce RTX 4070 SUPER	PU:Z:FBG39641	DT:Z:2026-07-15T14:17:26.508000+00:00	tm:Z:adapter,primer
0	10bb1860-d294-4a28-9f29-943fb3c84a79	qs:f:15.4311	ch:i:156	st:Z:2026-07-15T22:49:59.091000+00:00	RG:Z:a40d6b40-d3ad-4fe7-8245-9c92f794f831_dna_r10.4.1_e8.2_400bps_sup@v5.2.0	DS:Z:gpu:NVIDIA GeForce RTX 4070 SUPER	PU:Z:FBG39641	DT:Z:2026-07-15T14:17:26.508000+00:00	tm:Z:adapter,primer
0	de7ce04f-a600-4d22-8db0-1064891d89a5	qs:f:18.554	ch:i:28	st:Z:2026-07-15T23:31:01.816000+00:00	RG:Z:a40d6b40-d3ad-4fe7-8245-9c92f794f831_dna_r10.4.1_e8.2_400bps_sup@v5.2.0	DS:Z:gpu:NVIDIA GeForce RTX 4070 SUPER	PU:Z:FBG39641	DT:Z:2026-07-15T14:17:26.508000+00:00	tm:Z:none
0	7b5e6ec7-0126-4229-b6e4-7a612c18649b	qs:f:14.1209	ch:i:214	st:Z:2026-07-15T21:31:57.657000+00:00	RG:Z:a40d6b40-d3ad-4fe7-8245-9c92f794f831_dna_r10.4.1_e8.2_400bps_sup@v5.2.0	DS:Z:gpu:NVIDIA GeForce RTX 4070 SUPER	PU:Z:FBG39641	DT:Z:2026-07-15T14:17:26.508000+00:00	tm:Z:adapter,primer
0	6fbea4ec-174e-4f48-ada5-cd9cf2870634	qs:f:19.4686	ch:i:314	st:Z:2026-07-15T23:07:42.967000+00:00	RG:Z:a40d6b40-d3ad-4fe7-8245-9c92f794f831_dna_r10.4.1_e8.2_400bps_sup@v5.2.0	DS:Z:gpu:NVIDIA GeForce RTX 4070 SUPER	PU:Z:FBG39641	DT:Z:2026-07-15T14:17:26.508000+00:00	tm:Z:adapter,primer rc
0	843c9d77-931b-4402-8cf1-b90681aae34b	qs:f:11.8538	ch:i:473	st:Z:2026-07-16T00:04:48.709000+00:00	RG:Z:a40d6b40-d3ad-4fe7-8245-9c92f794f831_dna_r10.4.1_e8.2_400bps_sup@v5.2.0	DS:Z:gpu:NVIDIA GeForce RTX 4070 SUPER	PU:Z:FBG39641	DT:Z:2026-07-15T14:17:26.508000+00:00	tm:Z:adapter,primer rc
0	c8da0663-bbf4-4419-9fec-6ae04bf0957a	qs:f:13.9862	ch:i:461	st:Z:2026-07-15T17:03:02.978000+00:00	RG:Z:a40d6b40-d3ad-4fe7-8245-9c92f794f831_dna_r10.4.1_e8.2_400bps_sup@v5.2.0	DS:Z:gpu:NVIDIA GeForce RTX 4070 SUPER	PU:Z:FBG39641	DT:Z:2026-07-15T14:17:26.508000+00:00	tm:Z:adapter,primer rc
0	c31cc335-2df0-42ee-8821-a58976247032	qs:f:17.8969	ch:i:20	st:Z:2026-07-15T14:53:13.842000+00:00	RG:Z:a40d6b40-d3ad-4fe7-8245-9c92f794f831_dna_r10.4.1_e8.2_400bps_sup@v5.2.0	DS:Z:gpu:NVIDIA GeForce RTX 4070 SUPER	PU:Z:FBG39641	DT:Z:2026-07-15T14:17:26.508000+00:00	tm:Z:adapter,primer rc
0	df8d5f9f-4f21-4d88-829a-27de5cfddbfb	qs:f:17.5098	ch:i:456	st:Z:2026-07-15T23:50:40.358000+00:00	RG:Z:a40d6b40-d3ad-4fe7-8245-9c92f794f831_dna_r10.4.1_e8.2_400bps_sup@v5.2.0	DS:Z:gpu:NVIDIA GeForce RTX 4070 SUPER	PU:Z:FBG39641	DT:Z:2026-07-15T14:17:26.508000+00:00	tm:Z:adapter,primer
0	67a81969-07c2-477d-9d65-3dd1b5b8f5c1	qs:f:12.1035	ch:i:78	st:Z:2026-07-15T17:41:55.450000+00:00	RG:Z:a40d6b40-d3ad-4fe7-8245-9c92f794f831_dna_r10.4.1_e8.2_400bps_sup@v5.2.0	DS:Z:gpu:NVIDIA GeForce RTX 4070 SUPER	PU:Z:FBG39641	DT:Z:2026-07-15T14:17:26.508000+00:00	tm:Z:adapter,primer rc
0	a0f0c172-517d-4691-9656-a6a9de21932c	qs:f:17.4114	ch:i:401	st:Z:2026-07-15T23:25:57.696000+00:00	RG:Z:a40d6b40-d3ad-4fe7-8245-9c92f794f831_dna_r10.4.1_e8.2_400bps_sup@v5.2.0	DS:Z:gpu:NVIDIA GeForce RTX 4070 SUPER	PU:Z:FBG39641	DT:Z:2026-07-15T14:17:26.508000+00:00	tm:Z:adapter,primer rc
0	be51a347-9f5a-49fe-9cb3-9f7c44444141	qs:f:19.3856	ch:i:359	st:Z:2026-07-15T15:08:39.109000+00:00	RG:Z:a40d6b40-d3ad-4fe7-8245-9c92f794f831_dna_r10.4.1_e8.2_400bps_sup@v5.2.0	DS:Z:gpu:NVIDIA GeForce RTX 4070 SUPER	PU:Z:FBG39641	DT:Z:2026-07-15T14:17:26.508000+00:00	tm:Z:adapter,primer
0	1c88715f-5731-464d-94a3-2aa1db8822ed	qs:f:14.2139	ch:i:168	st:Z:2026-07-15T20:28:33.073000+00:00	RG:Z:a40d6b40-d3ad-4fe7-8245-9c92f794f831_dna_r10.4.1_e8.2_400bps_sup@v5.2.0	DS:Z:gpu:NVIDIA GeForce RTX 4070 SUPER	PU:Z:FBG39641	DT:Z:2026-07-15T14:17:26.508000+00:00	tm:Z:adapter,primer rc
0	509c4e3d-0a43-4062-83a7-f3b2b20dd76f	qs:f:14.6908	ch:i:263	st:Z:2026-07-16T01:48:24.796000+00:00	RG:Z:a40d6b40-d3ad-4fe7-8245-9c92f794f831_dna_r10.4.1_e8.2_400bps_sup@v5.2.0	DS:Z:gpu:NVIDIA GeForce RTX 4070 SUPER	PU:Z:FBG39641	DT:Z:2026-07-15T14:17:26.508000+00:00	tm:Z:adapter,primer rc
0	b60128ff-f3c6-4816-a520-aee00a7e32bf	qs:f:14.73	ch:i:411	st:Z:2026-07-15T20:44:27.413000+00:00	RG:Z:a40d6b40-d3ad-4fe7-8245-9c92f794f831_dna_r10.4.1_e8.2_400bps_sup@v5.2.0	DS:Z:gpu:NVIDIA GeForce RTX 4070 SUPER	PU:Z:FBG39641	DT:Z:2026-07-15T14:17:26.508000+00:00	tm:Z:adapter,primer rc
0	72b8f61e-65cd-4a0a-be25-18dc0ed3b9d4	qs:f:17.2209	ch:i:333	st:Z:2026-07-15T15:03:39.062000+00:00	RG:Z:a40d6b40-d3ad-4fe7-8245-9c92f794f831_dna_r10.4.1_e8.2_400bps_sup@v5.2.0	DS:Z:gpu:NVIDIA GeForce RTX 4070 SUPER	PU:Z:FBG39641	DT:Z:2026-07-15T14:17:26.508000+00:00	tm:Z:adapter,primer rc
0	f431c090-6a94-4ff2-b0a5-5bc602d94dce	qs:f:13.0686	ch:i:178	st:Z:2026-07-16T01:27:25.147000+00:00	RG:Z:a40d6b40-d3ad-4fe7-8245-9c92f794f831_dna_r10.4.1_e8.2_400bps_sup@v5.2.0	DS:Z:gpu:NVIDIA GeForce RTX 4070 SUPER	PU:Z:FBG39641	DT:Z:2026-07-15T14:17:26.508000+00:00	tm:Z:adapter,primer
0	ddf2d56b-0c0b-4d08-93f6-e1e9424143be	qs:f:14.341	ch:i:293	st:Z:2026-07-15T14:47:22.279000+00:00	RG:Z:a40d6b40-d3ad-4fe7-8245-9c92f794f831_dna_r10.4.1_e8.2_400bps_sup@v5.2.0	DS:Z:gpu:NVIDIA GeForce RTX 4070 SUPER	PU:Z:FBG39641	DT:Z:2026-07-15T14:17:26.508000+00:00	tm:Z:adapter,primer rc
0	f3d9db9c-a0e0-4a03-8e07-420c1a16dad6	qs:f:14.2891	ch:i:196	st:Z:2026-07-15T14:37:01.295000+00:00	RG:Z:a40d6b40-d3ad-4fe7-8245-9c92f794f831_dna_r10.4.1_e8.2_400bps_sup@v5.2.0	DS:Z:gpu:NVIDIA GeForce RTX 4070 SUPER	PU:Z:FBG39641	DT:Z:2026-07-15T14:17:26.508000+00:00	tm:Z:none
0	92ab2eba-067f-4b07-b138-a6cd7092d10f	qs:f:16.1574	ch:i:409	st:Z:2026-07-16T01:33:12.656000+00:00	RG:Z:a40d6b40-d3ad-4fe7-8245-9c92f794f831_dna_r10.4.1_e8.2_400bps_sup@v5.2.0	DS:Z:gpu:NVIDIA GeForce RTX 4070 SUPER	PU:Z:FBG39641	DT:Z:2026-07-15T14:17:26.508000+00:00	tm:Z:adapter,primer rc
0	631197e7-34fb-4c0e-a6a0-9b5e24304cf5	qs:f:14.7519	ch:i:71	st:Z:2026-07-15T18:04:35.837000+00:00	RG:Z:a40d6b40-d3ad-4fe7-8245-9c92f794f831_dna_r10.4.1_e8.2_400bps_sup@v5.2.0	DS:Z:gpu:NVIDIA GeForce RTX 4070 SUPER	PU:Z:FBG39641	DT:Z:2026-07-15T14:17:26.508000+00:00	tm:Z:adapter,primer rc
0	78a7fdb5-6d61-4e1b-9bb8-059ae676fb97	qs:f:15.6985	ch:i:330	st:Z:2026-07-15T17:00:32.603000+00:00	RG:Z:a40d6b40-d3ad-4fe7-8245-9c92f794f831_dna_r10.4.1_e8.2_400bps_sup@v5.2.0	DS:Z:gpu:NVIDIA GeForce RTX 4070 SUPER	PU:Z:FBG39641	DT:Z:2026-07-15T14:17:26.508000+00:00	tm:Z:adapter,primer
0	dc26d8c0-8353-494c-b4da-89348628cd5b	qs:f:16.5654	ch:i:100	st:Z:2026-07-15T23:06:28.936000+00:00	RG:Z:a40d6b40-d3ad-4fe7-8245-9c92f794f831_dna_r10.4.1_e8.2_400bps_sup@v5.2.0	DS:Z:gpu:NVIDIA GeForce RTX 4070 SUPER	PU:Z:FBG39641	DT:Z:2026-07-15T14:17:26.508000+00:00	tm:Z:adapter,primer rc
0	4223b968-e870-407a-a0f4-ae1d3ff01e6c	qs:f:13.6576	ch:i:6	st:Z:2026-07-15T23:29:55.040000+00:00	RG:Z:a40d6b40-d3ad-4fe7-8245-9c92f794f831_dna_r10.4.1_e8.2_400bps_sup@v5.2.0	DS:Z:gpu:NVIDIA GeForce RTX 4070 SUPER	PU:Z:FBG39641	DT:Z:2026-07-15T14:17:26.508000+00:00	tm:Z:none
0	1a5b154e-4920-4591-9dbc-2c96c222293e	qs:f:9.89077	ch:i:236	st:Z:2026-07-15T17:20:31.158000+00:00	RG:Z:a40d6b40-d3ad-4fe7-8245-9c92f794f831_dna_r10.4.1_e8.2_400bps_sup@v5.2.0	DS:Z:gpu:NVIDIA GeForce RTX 4070 SUPER	PU:Z:FBG39641	DT:Z:2026-07-15T14:17:26.508000+00:00	tm:Z:adapter,primer
0	9533c2d2-06b0-4486-951e-957a11b8e0ef	qs:f:14.4152	ch:i:356	st:Z:2026-07-15T18:21:12.558000+00:00	RG:Z:a40d6b40-d3ad-4fe7-8245-9c92f794f831_dna_r10.4.1_e8.2_400bps_sup@v5.2.0	DS:Z:gpu:NVIDIA GeForce RTX 4070 SUPER	PU:Z:FBG39641	DT:Z:2026-07-15T14:17:26.508000+00:00	tm:Z:adapter,primer rc
0	8b31b928-5d59-470a-a38b-b677f4944dfb	qs:f:9.03473	ch:i:352	st:Z:2026-07-15T19:55:44.331000+00:00	RG:Z:a40d6b40-d3ad-4fe7-8245-9c92f794f831_dna_r10.4.1_e8.2_400bps_sup@v5.2.0	DS:Z:gpu:NVIDIA GeForce RTX 4070 SUPER	PU:Z:FBG39641	DT:Z:2026-07-15T14:17:26.508000+00:00	tm:Z:none rc
0	e43d9ac5-a74a-47a6-8d62-e8a24f0ef8a2	qs:f:15.5955	ch:i:411	st:Z:2026-07-15T16:36:08.217000+00:00	RG:Z:a40d6b40-d3ad-4fe7-8245-9c92f794f831_dna_r10.4.1_e8.2_400bps_sup@v5.2.0	DS:Z:gpu:NVIDIA GeForce RTX 4070 SUPER	PU:Z:FBG39641	DT:Z:2026-07-15T14:17:26.508000+00:00	tm:Z:adapter,primer
0	05bd5bad-6128-41ed-abde-1c781c567131	qs:f:14.7496	ch:i:101	st:Z:2026-07-15T15:01:43.030000+00:00	RG:Z:a40d6b40-d3ad-4fe7-8245-9c92f794f831_dna_r10.4.1_e8.2_400bps_sup@v5.2.0	DS:Z:gpu:NVIDIA GeForce RTX 4070 SUPER	PU:Z:FBG39641	DT:Z:2026-07-15T14:17:26.508000+00:00	tm:Z:adapter,primer
0	fa5cda09-1d49-4e21-b8e7-9bb9f949b0b8	qs:f:14.9988	ch:i:317	st:Z:2026-07-15T23:04:08.569000+00:00	RG:Z:a40d6b40-d3ad-4fe7-8245-9c92f794f831_dna_r10.4.1_e8.2_400bps_sup@v5.2.0	DS:Z:gpu:NVIDIA GeForce RTX 4070 SUPER	PU:Z:FBG39641	DT:Z:2026-07-15T14:17:26.508000+00:00	tm:Z:adapter,primer
0	3a6af5c0-38bf-4a0e-ba60-d03da51e0341	qs:f:16.167	ch:i:504	st:Z:2026-07-15T15:29:11.704000+00:00	RG:Z:a40d6b40-d3ad-4fe7-8245-9c92f794f831_dna_r10.4.1_e8.2_400bps_sup@v5.2.0	DS:Z:gpu:NVIDIA GeForce RTX 4070 SUPER	PU:Z:FBG39641	DT:Z:2026-07-15T14:17:26.508000+00:00	tm:Z:none
0	8fff8443-7f4d-4625-8333-81fc3b54e360	qs:f:17.3212	ch:i:421	st:Z:2026-07-15T23:26:39.055000+00:00	RG:Z:a40d6b40-d3ad-4fe7-8245-9c92f794f831_dna_r10.4.1_e8.2_400bps_sup@v5.2.0	DS:Z:gpu:NVIDIA GeForce RTX 4070 SUPER	PU:Z:FBG39641	DT:Z:2026-07-15T14:17:26.508000+00:00	tm:Z:none
0	4403816b-5415-4576-969b-35d1cb19a32b	qs:f:15.5457	ch:i:165	st:Z:2026-07-15T16:31:28.831000+00:00	RG:Z:a40d6b40-d3ad-4fe7-8245-9c92f794f831_dna_r10.4.1_e8.2_400bps_sup@v5.2.0	DS:Z:gpu:NVIDIA GeForce RTX 4070 SUPER	PU:Z:FBG39641	DT:Z:2026-07-15T14:17:26.508000+00:00	tm:Z:adapter,primer rc
0	ff731602-8edb-4158-8763-3d46b1bb8185	qs:f:16.2673	ch:i:73	st:Z:2026-07-16T01:21:42.242000+00:00	RG:Z:a40d6b40-d3ad-4fe7-8245-9c92f794f831_dna_r10.4.1_e8.2_400bps_sup@v5.2.0	DS:Z:gpu:NVIDIA GeForce RTX 4070 SUPER	PU:Z:FBG39641	DT:Z:2026-07-15T14:17:26.508000+00:00	tm:Z:adapter,primer rc
0	a14dab84-d22b-426a-ba36-a95cc662be4c	qs:f:12.7438	ch:i:203	st:Z:2026-07-15T15:27:33.886000+00:00	RG:Z:a40d6b40-d3ad-4fe7-8245-9c92f794f831_dna_r10.4.1_e8.2_400bps_sup@v5.2.0	DS:Z:gpu:NVIDIA GeForce RTX 4070 SUPER	PU:Z:FBG39641	DT:Z:2026-07-15T14:17:26.508000+00:00	tm:Z:adapter,primer rc
0	3b9389ca-cc79-4cb6-92a9-af656caab483	qs:f:13.2928	ch:i:42	st:Z:2026-07-15T17:45:40.841000+00:00	RG:Z:a40d6b40-d3ad-4fe7-8245-9c92f794f831_dna_r10.4.1_e8.2_400bps_sup@v5.2.0	DS:Z:gpu:NVIDIA GeForce RTX 4070 SUPER	PU:Z:FBG39641	DT:Z:2026-07-15T14:17:26.508000+00:00	tm:Z:adapter,primer rc
0	f7a3bf40-32fb-40d0-99f9-d35d08ef1935	qs:f:12.0034	ch:i:22	st:Z:2026-07-15T16:24:03.011000+00:00	RG:Z:a40d6b40-d3ad-4fe7-8245-9c92f794f831_dna_r10.4.1_e8.2_400bps_sup@v5.2.0	DS:Z:gpu:NVIDIA GeForce RTX 4070 SUPER	PU:Z:FBG39641	DT:Z:2026-07-15T14:17:26.508000+00:00	tm:Z:adapter,primer rc
0	4f734aea-7eca-4c5a-a24b-974311a2fa57	qs:f:15.6205	ch:i:474	st:Z:2026-07-16T01:42:56.864000+00:00	RG:Z:a40d6b40-d3ad-4fe7-8245-9c92f794f831_dna_r10.4.1_e8.2_400bps_sup@v5.2.0	DS:Z:gpu:NVIDIA GeForce RTX 4070 SUPER	PU:Z:FBG39641	DT:Z:2026-07-15T14:17:26.508000+00:00	tm:Z:adapter,primer
0	b22ae6cf-a086-4024-9d0c-c673ac751e91	qs:f:15.4387	ch:i:242	st:Z:2026-07-15T22:19:54.567000+00:00	RG:Z:a40d6b40-d3ad-4fe7-8245-9c92f794f831_dna_r10.4.1_e8.2_400bps_sup@v5.2.0	DS:Z:gpu:NVIDIA GeForce RTX 4070 SUPER	PU:Z:FBG39641	DT:Z:2026-07-15T14:17:26.508000+00:00	tm:Z:adapter,primer
0	d782bae4-ff07-43ab-bb91-bcd30fdc9aa4	qs:f:14.3314	ch:i:53	st:Z:2026-07-16T01:02:19.672000+00:00	RG:Z:a40d6b40-d3ad-4fe7-8245-9c92f794f831_dna_r10.4.1_e8.2_400bps_sup@v5.2.0	DS:Z:gpu:NVIDIA GeForce RTX 4070 SUPER	PU:Z:FBG39641	DT:Z:2026-07-15T14:17:26.508000+00:00	tm:Z:none
0	b8cf6eb2-e133-49b9-9cbb-1ffff1fd70f0	qs:f:14.1545	ch:i:468	st:Z:2026-07-15T16:24:21.405000+00:00	RG:Z:a40d6b40-d3ad-4fe7-8245-9c92f794f831_dna_r10.4.1_e8.2_400bps_sup@v5.2.0	DS:Z:gpu:NVIDIA GeForce RTX 4070 SUPER	PU:Z:FBG39641	DT:Z:2026-07-15T14:17:26.508000+00:00	tm:Z:adapter,primer rc
0	60836124-1e12-4629-9a8f-4505e49173e5	qs:f:12.7676	ch:i:154	st:Z:2026-07-15T17:15:45.680000+00:00	RG:Z:a40d6b40-d3ad-4fe7-8245-9c92f794f831_dna_r10.4.1_e8.2_400bps_sup@v5.2.0	DS:Z:gpu:NVIDIA GeForce RTX 4070 SUPER	PU:Z:FBG39641	DT:Z:2026-07-15T14:17:26.508000+00:00	tm:Z:adapter,primer rc
0	ca373311-7015-49d6-9cf2-e9220b72dd31	qs:f:15.9947	ch:i:185	st:Z:2026-07-15T15:36:33.486000+00:00	RG:Z:a40d6b40-d3ad-4fe7-8245-9c92f794f831_dna_r10.4.1_e8.2_400bps_sup@v5.2.0	DS:Z:gpu:NVIDIA GeForce RTX 4070 SUPER	PU:Z:FBG39641	DT:Z:2026-07-15T14:17:26.508000+00:00	tm:Z:adapter,primer
0	3d1dd4d8-063a-4616-ad69-8941ecf990e1	qs:f:13.3877	ch:i:58	st:Z:2026-07-15T19:43:54.326000+00:00	RG:Z:a40d6b40-d3ad-4fe7-8245-9c92f794f831_dna_r10.4.1_e8.2_400bps_sup@v5.2.0	DS:Z:gpu:NVIDIA GeForce RTX 4070 SUPER	PU:Z:FBG39641	DT:Z:2026-07-15T14:17:26.508000+00:00	tm:Z:adapter,primer rc
0	b53350e4-8ea5-40da-8915-1fc862adf416	qs:f:14.2987	ch:i:216	st:Z:2026-07-15T17:24:49.538000+00:00	RG:Z:a40d6b40-d3ad-4fe7-8245-9c92f794f831_dna_r10.4.1_e8.2_400bps_sup@v5.2.0	DS:Z:gpu:NVIDIA GeForce RTX 4070 SUPER	PU:Z:FBG39641	DT:Z:2026-07-15T14:17:26.508000+00:00	tm:Z:none rc
0	b38a3c9d-135a-4bb6-a1f6-5cc9eda93b21	qs:f:13.9684	ch:i:244	st:Z:2026-07-15T23:14:19.820000+00:00	RG:Z:a40d6b40-d3ad-4fe7-8245-9c92f794f831_dna_r10.4.1_e8.2_400bps_sup@v5.2.0	DS:Z:gpu:NVIDIA GeForce RTX 4070 SUPER	PU:Z:FBG39641	DT:Z:2026-07-15T14:17:26.508000+00:00	tm:Z:adapter,primer
0	a0f643b9-965f-40a0-95be-0a6bed318f63	qs:f:15.2127	ch:i:449	st:Z:2026-07-15T21:21:59.042000+00:00	RG:Z:a40d6b40-d3ad-4fe7-8245-9c92f794f831_dna_r10.4.1_e8.2_400bps_sup@v5.2.0	DS:Z:gpu:NVIDIA GeForce RTX 4070 SUPER	PU:Z:FBG39641	DT:Z:2026-07-15T14:17:26.508000+00:00	tm:Z:adapter,primer rc
0	22bca5e6-45e4-4279-8b6d-994638a0bd31	qs:f:15.2224	ch:i:156	st:Z:2026-07-15T23:30:16.001000+00:00	RG:Z:a40d6b40-d3ad-4fe7-8245-9c92f794f831_dna_r10.4.1_e8.2_400bps_sup@v5.2.0	DS:Z:gpu:NVIDIA GeForce RTX 4070 SUPER	PU:Z:FBG39641	DT:Z:2026-07-15T14:17:26.508000+00:00	tm:Z:none rc
0	3950e4d9-478c-46bb-ae92-44d2861c4576	qs:f:13.7159	ch:i:300	st:Z:2026-07-16T02:12:15.908000+00:00	RG:Z:a40d6b40-d3ad-4fe7-8245-9c92f794f831_dna_r10.4.1_e8.2_400bps_sup@v5.2.0	DS:Z:gpu:NVIDIA GeForce RTX 4070 SUPER	PU:Z:FBG39641	DT:Z:2026-07-15T14:17:26.508000+00:00	tm:Z:none rc
0	933788ea-1c8d-41f0-a684-b9ab32e72c98	qs:f:13.1692	ch:i:21	st:Z:2026-07-15T18:12:51.019000+00:00	RG:Z:a40d6b40-d3ad-4fe7-8245-9c92f794f831_dna_r10.4.1_e8.2_400bps_sup@v5.2.0	DS:Z:gpu:NVIDIA GeForce RTX 4070 SUPER	PU:Z:FBG39641	DT:Z:2026-07-15T14:17:26.508000+00:00	tm:Z:adapter,primer
0	b01495da-d6ed-4ded-9400-6df2f17dc138	qs:f:14.4976	ch:i:20	st:Z:2026-07-15T21:10:24.164000+00:00	RG:Z:a40d6b40-d3ad-4fe7-8245-9c92f794f831_dna_r10.4.1_e8.2_400bps_sup@v5.2.0	DS:Z:gpu:NVIDIA GeForce RTX 4070 SUPER	PU:Z:FBG39641	DT:Z:2026-07-15T14:17:26.508000+00:00	tm:Z:adapter,primer rc
0	826ccb1b-bbb2-41df-8bf5-4ffdd904d9cd	qs:f:14.0442	ch:i:258	st:Z:2026-07-15T21:40:27.772000+00:00	RG:Z:a40d6b40-d3ad-4fe7-8245-9c92f794f831_dna_r10.4.1_e8.2_400bps_sup@v5.2.0	DS:Z:gpu:NVIDIA GeForce RTX 4070 SUPER	PU:Z:FBG39641	DT:Z:2026-07-15T14:17:26.508000+00:00	tm:Z:adapter,primer rc
0	ca54f8c3-9371-498b-ba62-6a43954c26bf	qs:f:14.8892	ch:i:82	st:Z:2026-07-15T22:10:20.464000+00:00	RG:Z:a40d6b40-d3ad-4fe7-8245-9c92f794f831_dna_r10.4.1_e8.2_400bps_sup@v5.2.0	DS:Z:gpu:NVIDIA GeForce RTX 4070 SUPER	PU:Z:FBG39641	DT:Z:2026-07-15T14:17:26.508000+00:00	tm:Z:adapter,primer
0	763ff455-1e9a-4a7b-91e3-671128141154	qs:f:11.7969	ch:i:129	st:Z:2026-07-16T01:20:28.820000+00:00	RG:Z:a40d6b40-d3ad-4fe7-8245-9c92f794f831_dna_r10.4.1_e8.2_400bps_sup@v5.2.0	DS:Z:gpu:NVIDIA GeForce RTX 4070 SUPER	PU:Z:FBG39641	DT:Z:2026-07-15T14:17:26.508000+00:00	tm:Z:none rc
0	22f26ad3-efb3-4ab7-8f6b-1a47a34fb0f3	qs:f:12.2502	ch:i:59	st:Z:2026-07-15T17:49:46.858000+00:00	RG:Z:a40d6b40-d3ad-4fe7-8245-9c92f794f831_dna_r10.4.1_e8.2_400bps_sup@v5.2.0	DS:Z:gpu:NVIDIA GeForce RTX 4070 SUPER	PU:Z:FBG39641	DT:Z:2026-07-15T14:17:26.508000+00:00	tm:Z:adapter,primer
0	ced33a85-ccd1-4931-845b-ca6ab3fff12e	qs:f:12.8136	ch:i:198	st:Z:2026-07-15T21:49:24.820000+00:00	RG:Z:a40d6b40-d3ad-4fe7-8245-9c92f794f831_dna_r10.4.1_e8.2_400bps_sup@v5.2.0	DS:Z:gpu:NVIDIA GeForce RTX 4070 SUPER	PU:Z:FBG39641	DT:Z:2026-07-15T14:17:26.508000+00:00	tm:Z:adapter,primer rc
0	9692d52e-10b3-4776-8d2e-03de15d0caa4	qs:f:14.3944	ch:i:293	st:Z:2026-07-15T18:32:21.036000+00:00	RG:Z:a40d6b40-d3ad-4fe7-8245-9c92f794f831_dna_r10.4.1_e8.2_400bps_sup@v5.2.0	DS:Z:gpu:NVIDIA GeForce RTX 4070 SUPER	PU:Z:FBG39641	DT:Z:2026-07-15T14:17:26.508000+00:00	tm:Z:adapter,primer
0	f636b1f1-2067-46fb-a6e8-b6d52eb731a1	qs:f:13.4228	ch:i:277	st:Z:2026-07-15T16:26:43.069000+00:00	RG:Z:a40d6b40-d3ad-4fe7-8245-9c92f794f831_dna_r10.4.1_e8.2_400bps_sup@v5.2.0	DS:Z:gpu:NVIDIA GeForce RTX 4070 SUPER	PU:Z:FBG39641	DT:Z:2026-07-15T14:17:26.508000+00:00	tm:Z:adapter,primer rc
0	dcb4bb5e-e2b2-467f-a17a-55bcb0d48e6f	qs:f:10.8784	ch:i:19	st:Z:2026-07-15T16:53:27.590000+00:00	RG:Z:a40d6b40-d3ad-4fe7-8245-9c92f794f831_dna_r10.4.1_e8.2_400bps_sup@v5.2.0	DS:Z:gpu:NVIDIA GeForce RTX 4070 SUPER	PU:Z:FBG39641	DT:Z:2026-07-15T14:17:26.508000+00:00	tm:Z:adapter,primer rc
0	1b792314-b84a-4f64-a264-92ef249900c5	qs:f:10.6626	ch:i:127	st:Z:2026-07-15T21:29:41.880000+00:00	RG:Z:a40d6b40-d3ad-4fe7-8245-9c92f794f831_dna_r10.4.1_e8.2_400bps_sup@v5.2.0	DS:Z:gpu:NVIDIA GeForce RTX 4070 SUPER	PU:Z:FBG39641	DT:Z:2026-07-15T14:17:26.508000+00:00	tm:Z:none rc
0	6de457b2-02cf-4a96-8e85-6281e5669c20	qs:f:13.1869	ch:i:194	st:Z:2026-07-15T18:37:06.763000+00:00	RG:Z:a40d6b40-d3ad-4fe7-8245-9c92f794f831_dna_r10.4.1_e8.2_400bps_sup@v5.2.0	DS:Z:gpu:NVIDIA GeForce RTX 4070 SUPER	PU:Z:FBG39641	DT:Z:2026-07-15T14:17:26.508000+00:00	tm:Z:adapter,primer
0	b8d2b74f-5214-4cf8-b0c4-761eb81a4dc0	qs:f:15.0591	ch:i:386	st:Z:2026-07-15T17:21:29.230000+00:00	RG:Z:a40d6b40-d3ad-4fe7-8245-9c92f794f831_dna_r10.4.1_e8.2_400bps_sup@v5.2.0	DS:Z:gpu:NVIDIA GeForce RTX 4070 SUPER	PU:Z:FBG39641	DT:Z:2026-07-15T14:17:26.508000+00:00	tm:Z:adapter,primer rc
0	f982af11-a611-4df7-817b-49aedb666caa	qs:f:13.832	ch:i:305	st:Z:2026-07-15T19:24:30.527000+00:00	RG:Z:a40d6b40-d3ad-4fe7-8245-9c92f794f831_dna_r10.4.1_e8.2_400bps_sup@v5.2.0	DS:Z:gpu:NVIDIA GeForce RTX 4070 SUPER	PU:Z:FBG39641	DT:Z:2026-07-15T14:17:26.508000+00:00	tm:Z:adapter,primer rc
0	101a9133-6b6e-45fc-9fb3-d1141abf5878	qs:f:14.3864	ch:i:272	st:Z:2026-07-15T18:17:31.547000+00:00	RG:Z:a40d6b40-d3ad-4fe7-8245-9c92f794f831_dna_r10.4.1_e8.2_400bps_sup@v5.2.0	DS:Z:gpu:NVIDIA GeForce RTX 4070 SUPER	PU:Z:FBG39641	DT:Z:2026-07-15T14:17:26.508000+00:00	tm:Z:adapter,primer rc
0	06cac309-4c3f-4d0f-93c1-c1a55bb85846	qs:f:13.5509	ch:i:166	st:Z:2026-07-16T00:47:45.574000+00:00	RG:Z:a40d6b40-d3ad-4fe7-8245-9c92f794f831_dna_r10.4.1_e8.2_400bps_sup@v5.2.0	DS:Z:gpu:NVIDIA GeForce RTX 4070 SUPER	PU:Z:FBG39641	DT:Z:2026-07-15T14:17:26.508000+00:00	tm:Z:adapter,primer
0	0711b166-f42c-4bcf-ba6b-61d5c0aef991	qs:f:14.0642	ch:i:140	st:Z:2026-07-16T01:01:15.648000+00:00	RG:Z:a40d6b40-d3ad-4fe7-8245-9c92f794f831_dna_r10.4.1_e8.2_400bps_sup@v5.2.0	DS:Z:gpu:NVIDIA GeForce RTX 4070 SUPER	PU:Z:FBG39641	DT:Z:2026-07-15T14:17:26.508000+00:00	tm:Z:adapter,primer rc
0	6ae174f9-e823-4e6e-b980-911912986fe3	qs:f:13.7063	ch:i:272	st:Z:2026-07-15T15:26:13.716000+00:00	RG:Z:a40d6b40-d3ad-4fe7-8245-9c92f794f831_dna_r10.4.1_e8.2_400bps_sup@v5.2.0	DS:Z:gpu:NVIDIA GeForce RTX 4070 SUPER	PU:Z:FBG39641	DT:Z:2026-07-15T14:17:26.508000+00:00	tm:Z:adapter,primer rc
0	18d26ed0-d425-4742-b076-c80828dee29d	qs:f:13.9408	ch:i:173	st:Z:2026-07-15T15:03:03.497000+00:00	RG:Z:a40d6b40-d3ad-4fe7-8245-9c92f794f831_dna_r10.4.1_e8.2_400bps_sup@v5.2.0	DS:Z:gpu:NVIDIA GeForce RTX 4070 SUPER	PU:Z:FBG39641	DT:Z:2026-07-15T14:17:26.508000+00:00	tm:Z:adapter,primer
0	ed4eac43-f96f-43a4-9d90-32916d3a4b0a	qs:f:9.44125	ch:i:260	st:Z:2026-07-15T16:14:19.444000+00:00	RG:Z:a40d6b40-d3ad-4fe7-8245-9c92f794f831_dna_r10.4.1_e8.2_400bps_sup@v5.2.0	DS:Z:gpu:NVIDIA GeForce RTX 4070 SUPER	PU:Z:FBG39641	DT:Z:2026-07-15T14:17:26.508000+00:00	tm:Z:adapter,primer rc
0	98fcb7b0-8680-488a-8c8e-c4786f8393c0	qs:f:12.9378	ch:i:289	st:Z:2026-07-15T19:45:57.695000+00:00	RG:Z:a40d6b40-d3ad-4fe7-8245-9c92f794f831_dna_r10.4.1_e8.2_400bps_sup@v5.2.0	DS:Z:gpu:NVIDIA GeForce RTX 4070 SUPER	PU:Z:FBG39641	DT:Z:2026-07-15T14:17:26.508000+00:00	tm:Z:adapter,primer
0	31cdfce8-f017-4d31-bc6e-4d85633760ed	qs:f:14.5822	ch:i:140	st:Z:2026-07-15T18:33:40.961000+00:00	RG:Z:a40d6b40-d3ad-4fe7-8245-9c92f794f831_dna_r10.4.1_e8.2_400bps_sup@v5.2.0	DS:Z:gpu:NVIDIA GeForce RTX 4070 SUPER	PU:Z:FBG39641	DT:Z:2026-07-15T14:17:26.508000+00:00	tm:Z:adapter,primer rc
0	04ac687d-6c3d-4625-9450-0220d4c707fe	qs:f:12.3509	ch:i:299	st:Z:2026-07-15T21:55:54.231000+00:00	RG:Z:a40d6b40-d3ad-4fe7-8245-9c92f794f831_dna_r10.4.1_e8.2_400bps_sup@v5.2.0	DS:Z:gpu:NVIDIA GeForce RTX 4070 SUPER	PU:Z:FBG39641	DT:Z:2026-07-15T14:17:26.508000+00:00	tm:Z:none rc
0	14a65311-bede-45d9-a6fd-61f4ca141dfd	qs:f:13.9654	ch:i:11	st:Z:2026-07-16T00:41:14.489000+00:00	RG:Z:a40d6b40-d3ad-4fe7-8245-9c92f794f831_dna_r10.4.1_e8.2_400bps_sup@v5.2.0	DS:Z:gpu:NVIDIA GeForce RTX 4070 SUPER	PU:Z:FBG39641	DT:Z:2026-07-15T14:17:26.508000+00:00	tm:Z:adapter,primer
0	5f8a5f83-4c58-44e7-8902-bee05b8f04d9	qs:f:12.061	ch:i:168	st:Z:2026-07-15T17:16:04.097000+00:00	RG:Z:a40d6b40-d3ad-4fe7-8245-9c92f794f831_dna_r10.4.1_e8.2_400bps_sup@v5.2.0	DS:Z:gpu:NVIDIA GeForce RTX 4070 SUPER	PU:Z:FBG39641	DT:Z:2026-07-15T14:17:26.508000+00:00	tm:Z:none
0	bb42e5a7-8bb6-434e-b532-2d35e6fe581a	qs:f:11.6075	ch:i:293	st:Z:2026-07-15T21:12:20.637000+00:00	RG:Z:a40d6b40-d3ad-4fe7-8245-9c92f794f831_dna_r10.4.1_e8.2_400bps_sup@v5.2.0	DS:Z:gpu:NVIDIA GeForce RTX 4070 SUPER	PU:Z:FBG39641	DT:Z:2026-07-15T14:17:26.508000+00:00	tm:Z:adapter,primer rc
0	bf74048d-2ce0-438f-8992-0ce5ad58a90e	qs:f:11.1438	ch:i:217	st:Z:2026-07-15T18:11:14.951000+00:00	RG:Z:a40d6b40-d3ad-4fe7-8245-9c92f794f831_dna_r10.4.1_e8.2_400bps_sup@v5.2.0	DS:Z:gpu:NVIDIA GeForce RTX 4070 SUPER	PU:Z:FBG39641	DT:Z:2026-07-15T14:17:26.508000+00:00	tm:Z:adapter,primer rc
0	9b72cb17-74e1-4e70-9baa-34afcc0cef96	qs:f:12.2949	ch:i:140	st:Z:2026-07-16T01:17:52.856000+00:00	RG:Z:a40d6b40-d3ad-4fe7-8245-9c92f794f831_dna_r10.4.1_e8.2_400bps_sup@v5.2.0	DS:Z:gpu:NVIDIA GeForce RTX 4070 SUPER	PU:Z:FBG39641	DT:Z:2026-07-15T14:17:26.508000+00:00	tm:Z:none rc
0	c1923e28-d206-4cac-826f-bbe13330630e	qs:f:11.6753	ch:i:157	st:Z:2026-07-15T15:08:13.801000+00:00	RG:Z:a40d6b40-d3ad-4fe7-8245-9c92f794f831_dna_r10.4.1_e8.2_400bps_sup@v5.2.0	DS:Z:gpu:NVIDIA GeForce RTX 4070 SUPER	PU:Z:FBG39641	DT:Z:2026-07-15T14:17:26.508000+00:00	tm:Z:adapter,primer
0	f2842142-fdc9-49e0-b170-2c2bcea82383	qs:f:13.1558	ch:i:75	st:Z:2026-07-15T19:55:53.329000+00:00	RG:Z:a40d6b40-d3ad-4fe7-8245-9c92f794f831_dna_r10.4.1_e8.2_400bps_sup@v5.2.0	DS:Z:gpu:NVIDIA GeForce RTX 4070 SUPER	PU:Z:FBG39641	DT:Z:2026-07-15T14:17:26.508000+00:00	tm:Z:adapter,primer rc
0	3a3eeb5e-ebc9-4748-b753-25ca50cff39d	qs:f:11.3283	ch:i:405	st:Z:2026-07-15T22:12:41.165000+00:00	RG:Z:a40d6b40-d3ad-4fe7-8245-9c92f794f831_dna_r10.4.1_e8.2_400bps_sup@v5.2.0	DS:Z:gpu:NVIDIA GeForce RTX 4070 SUPER	PU:Z:FBG39641	DT:Z:2026-07-15T14:17:26.508000+00:00	tm:Z:adapter,primer rc
0	c88bd69c-491d-4201-a1aa-d53fb76b7e85	qs:f:12.1997	ch:i:42	st:Z:2026-07-15T20:09:25.360000+00:00	RG:Z:a40d6b40-d3ad-4fe7-8245-9c92f794f831_dna_r10.4.1_e8.2_400bps_sup@v5.2.0	DS:Z:gpu:NVIDIA GeForce RTX 4070 SUPER	PU:Z:FBG39641	DT:Z:2026-07-15T14:17:26.508000+00:00	tm:Z:adapter,primer
0	0ec39fd0-f89d-436f-a292-cf7ba5c4268c	qs:f:10.2804	ch:i:6	st:Z:2026-07-15T16:37:58.378000+00:00	RG:Z:a40d6b40-d3ad-4fe7-8245-9c92f794f831_dna_r10.4.1_e8.2_400bps_sup@v5.2.0	DS:Z:gpu:NVIDIA GeForce RTX 4070 SUPER	PU:Z:FBG39641	DT:Z:2026-07-15T14:17:26.508000+00:00	tm:Z:none rc
0	1c2e2317-1fa8-41d2-8439-7be5dd58318f	qs:f:12.1966	ch:i:237	st:Z:2026-07-15T22:49:53.595000+00:00	RG:Z:a40d6b40-d3ad-4fe7-8245-9c92f794f831_dna_r10.4.1_e8.2_400bps_sup@v5.2.0	DS:Z:gpu:NVIDIA GeForce RTX 4070 SUPER	PU:Z:FBG39641	DT:Z:2026-07-15T14:17:26.508000+00:00	tm:Z:adapter,primer rc
0	6070001e-105b-45b3-bab8-d5340b426bf3	qs:f:12.0405	ch:i:330	st:Z:2026-07-15T19:23:39.607000+00:00	RG:Z:a40d6b40-d3ad-4fe7-8245-9c92f794f831_dna_r10.4.1_e8.2_400bps_sup@v5.2.0	DS:Z:gpu:NVIDIA GeForce RTX 4070 SUPER	PU:Z:FBG39641	DT:Z:2026-07-15T14:17:26.508000+00:00	tm:Z:adapter,primer rc
0	c16d3953-9e60-40bd-a058-f8bf6dc0a2f1	qs:f:12.6691	ch:i:272	st:Z:2026-07-15T15:46:26.521000+00:00	RG:Z:a40d6b40-d3ad-4fe7-8245-9c92f794f831_dna_r10.4.1_e8.2_400bps_sup@v5.2.0	DS:Z:gpu:NVIDIA GeForce RTX 4070 SUPER	PU:Z:FBG39641	DT:Z:2026-07-15T14:17:26.508000+00:00	tm:Z:adapter,primer rc
0	06b10ed2-f4f9-48a0-8747-a4c98a322c3d	qs:f:13.4603	ch:i:268	st:Z:2026-07-15T14:29:46.112000+00:00	RG:Z:a40d6b40-d3ad-4fe7-8245-9c92f794f831_dna_r10.4.1_e8.2_400bps_sup@v5.2.0	DS:Z:gpu:NVIDIA GeForce RTX 4070 SUPER	PU:Z:FBG39641	DT:Z:2026-07-15T14:17:26.508000+00:00	tm:Z:none rc
0	08902ecb-9322-48a9-888b-ae9979f6a456	qs:f:9.26961	ch:i:453	st:Z:2026-07-15T16:28:58.208000+00:00	RG:Z:a40d6b40-d3ad-4fe7-8245-9c92f794f831_dna_r10.4.1_e8.2_400bps_sup@v5.2.0	DS:Z:gpu:NVIDIA GeForce RTX 4070 SUPER	PU:Z:FBG39641	DT:Z:2026-07-15T14:17:26.508000+00:00	tm:Z:adapter,primer rc
0	cb1ee8c3-143e-48a4-bd90-239a6a9e1fb8	qs:f:11.3047	ch:i:96	st:Z:2026-07-15T19:34:57.836000+00:00	RG:Z:a40d6b40-d3ad-4fe7-8245-9c92f794f831_dna_r10.4.1_e8.2_400bps_sup@v5.2.0	DS:Z:gpu:NVIDIA GeForce RTX 4070 SUPER	PU:Z:FBG39641	DT:Z:2026-07-15T14:17:26.508000+00:00	tm:Z:adapter,primer
0	fbf29115-60ae-403a-887b-28299e947da9	qs:f:12.4501	ch:i:299	st:Z:2026-07-16T00:07:36.593000+00:00	RG:Z:a40d6b40-d3ad-4fe7-8245-9c92f794f831_dna_r10.4.1_e8.2_400bps_sup@v5.2.0	DS:Z:gpu:NVIDIA GeForce RTX 4070 SUPER	PU:Z:FBG39641	DT:Z:2026-07-15T14:17:26.508000+00:00	tm:Z:adapter,primer
0	5e5d1aa7-236d-4e96-982b-84f38ed57186	qs:f:11.3073	ch:i:21	st:Z:2026-07-15T17:58:10.423000+00:00	RG:Z:a40d6b40-d3ad-4fe7-8245-9c92f794f831_dna_r10.4.1_e8.2_400bps_sup@v5.2.0	DS:Z:gpu:NVIDIA GeForce RTX 4070 SUPER	PU:Z:FBG39641	DT:Z:2026-07-15T14:17:26.508000+00:00	tm:Z:adapter,primer rc
0	977b2b44-1929-476d-9cc7-5ef5e5ccc546	qs:f:11.7841	ch:i:507	st:Z:2026-07-15T19:35:13.960000+00:00	RG:Z:a40d6b40-d3ad-4fe7-8245-9c92f794f831_dna_r10.4.1_e8.2_400bps_sup@v5.2.0	DS:Z:gpu:NVIDIA GeForce RTX 4070 SUPER	PU:Z:FBG39641	DT:Z:2026-07-15T14:17:26.508000+00:00	tm:Z:adapter,primer
0	2acb6a73-a88d-4abe-a7ca-abe77569df87	qs:f:10.356	ch:i:405	st:Z:2026-07-15T20:43:32.179000+00:00	RG:Z:a40d6b40-d3ad-4fe7-8245-9c92f794f831_dna_r10.4.1_e8.2_400bps_sup@v5.2.0	DS:Z:gpu:NVIDIA GeForce RTX 4070 SUPER	PU:Z:FBG39641	DT:Z:2026-07-15T14:17:26.508000+00:00	tm:Z:none
0	c24799e7-98d4-4d54-92db-5207f8b56a04	qs:f:12.6442	ch:i:140	st:Z:2026-07-15T21:15:05.197000+00:00	RG:Z:a40d6b40-d3ad-4fe7-8245-9c92f794f831_dna_r10.4.1_e8.2_400bps_sup@v5.2.0	DS:Z:gpu:NVIDIA GeForce RTX 4070 SUPER	PU:Z:FBG39641	DT:Z:2026-07-15T14:17:26.508000+00:00	tm:Z:adapter,primer rc
0	66a0fbc5-d94e-495f-8c9b-822cbeea033d	qs:f:9.67754	ch:i:299	st:Z:2026-07-15T17:09:03.063000+00:00	RG:Z:a40d6b40-d3ad-4fe7-8245-9c92f794f831_dna_r10.4.1_e8.2_400bps_sup@v5.2.0	DS:Z:gpu:NVIDIA GeForce RTX 4070 SUPER	PU:Z:FBG39641	DT:Z:2026-07-15T14:17:26.508000+00:00	tm:Z:none
0	54b2e64a-1980-41ca-9fd7-77ad6631080d	qs:f:12.6618	ch:i:328	st:Z:2026-07-15T19:05:46.200000+00:00	RG:Z:a40d6b40-d3ad-4fe7-8245-9c92f794f831_dna_r10.4.1_e8.2_400bps_sup@v5.2.0	DS:Z:gpu:NVIDIA GeForce RTX 4070 SUPER	PU:Z:FBG39641	DT:Z:2026-07-15T14:17:26.508000+00:00	tm:Z:none
0	ded2846e-0cd1-4cfc-b392-80f96414f9d0	qs:f:11.1209	ch:i:493	st:Z:2026-07-15T16:15:20.671000+00:00	RG:Z:a40d6b40-d3ad-4fe7-8245-9c92f794f831_dna_r10.4.1_e8.2_400bps_sup@v5.2.0	DS:Z:gpu:NVIDIA GeForce RTX 4070 SUPER	PU:Z:FBG39641	DT:Z:2026-07-15T14:17:26.508000+00:00	tm:Z:adapter,primer
0	efb136b3-ddaa-43b6-bc60-8fc5353ed52c	qs:f:9.24435	ch:i:260	st:Z:2026-07-15T18:52:13.261000+00:00	RG:Z:a40d6b40-d3ad-4fe7-8245-9c92f794f831_dna_r10.4.1_e8.2_400bps_sup@v5.2.0	DS:Z:gpu:NVIDIA GeForce RTX 4070 SUPER	PU:Z:FBG39641	DT:Z:2026-07-15T14:17:26.508000+00:00	tm:Z:adapter,primer rc
0	a2338cdf-ea73-4ddf-a4c9-9ca68cf366b4	qs:f:10.8285	ch:i:260	st:Z:2026-07-15T21:54:39.129000+00:00	RG:Z:a40d6b40-d3ad-4fe7-8245-9c92f794f831_dna_r10.4.1_e8.2_400bps_sup@v5.2.0	DS:Z:gpu:NVIDIA GeForce RTX 4070 SUPER	PU:Z:FBG39641	DT:Z:2026-07-15T14:17:26.508000+00:00	tm:Z:none rc
0	079e66eb-67cb-4619-907e-d1c55927da17	qs:f:12.4565	ch:i:456	st:Z:2026-07-15T23:20:22.490000+00:00	RG:Z:a40d6b40-d3ad-4fe7-8245-9c92f794f831_dna_r10.4.1_e8.2_400bps_sup@v5.2.0	DS:Z:gpu:NVIDIA GeForce RTX 4070 SUPER	PU:Z:FBG39641	DT:Z:2026-07-15T14:17:26.508000+00:00	tm:Z:adapter,primer
0	af808e4c-7a39-412f-92b0-e753271bd0a7	qs:f:10.1029	ch:i:500	st:Z:2026-07-16T01:03:01.591000+00:00	RG:Z:a40d6b40-d3ad-4fe7-8245-9c92f794f831_dna_r10.4.1_e8.2_400bps_sup@v5.2.0	DS:Z:gpu:NVIDIA GeForce RTX 4070 SUPER	PU:Z:FBG39641	DT:Z:2026-07-15T14:17:26.508000+00:00	tm:Z:adapter,primer rc
0	416de59f-b84f-4cfd-9229-1c749b55708d	qs:f:11.2785	ch:i:260	st:Z:2026-07-15T20:40:12.890000+00:00	RG:Z:a40d6b40-d3ad-4fe7-8245-9c92f794f831_dna_r10.4.1_e8.2_400bps_sup@v5.2.0	DS:Z:gpu:NVIDIA GeForce RTX 4070 SUPER	PU:Z:FBG39641	DT:Z:2026-07-15T14:17:26.508000+00:00	tm:Z:adapter,primer
0	4a6787f8-c432-4055-a634-1a1011061c3b	qs:f:11.6563	ch:i:299	st:Z:2026-07-15T21:56:23.362000+00:00	RG:Z:a40d6b40-d3ad-4fe7-8245-9c92f794f831_dna_r10.4.1_e8.2_400bps_sup@v5.2.0	DS:Z:gpu:NVIDIA GeForce RTX 4070 SUPER	PU:Z:FBG39641	DT:Z:2026-07-15T14:17:26.508000+00:00	tm:Z:none rc
0	d656597e-20be-4d51-9454-b2eed3e1f7d2	qs:f:10.6754	ch:i:406	st:Z:2026-07-15T21:50:54.019000+00:00	RG:Z:a40d6b40-d3ad-4fe7-8245-9c92f794f831_dna_r10.4.1_e8.2_400bps_sup@v5.2.0	DS:Z:gpu:NVIDIA GeForce RTX 4070 SUPER	PU:Z:FBG39641	DT:Z:2026-07-15T14:17:26.508000+00:00	tm:Z:adapter,primer rc
0	d50dea08-4302-4444-8cf2-a6d7952574e1	qs:f:10.4484	ch:i:421	st:Z:2026-07-15T16:47:29.624000+00:00	RG:Z:a40d6b40-d3ad-4fe7-8245-9c92f794f831_dna_r10.4.1_e8.2_400bps_sup@v5.2.0	DS:Z:gpu:NVIDIA GeForce RTX 4070 SUPER	PU:Z:FBG39641	DT:Z:2026-07-15T14:17:26.508000+00:00	tm:Z:adapter,primer rc
0	30c8781f-2e2f-4396-b03c-88319ae202fc	qs:f:10.7792	ch:i:293	st:Z:2026-07-15T21:14:27.871000+00:00	RG:Z:a40d6b40-d3ad-4fe7-8245-9c92f794f831_dna_r10.4.1_e8.2_400bps_sup@v5.2.0	DS:Z:gpu:NVIDIA GeForce RTX 4070 SUPER	PU:Z:FBG39641	DT:Z:2026-07-15T14:17:26.508000+00:00	tm:Z:adapter,primer
0	04aed951-f4bc-43f2-a740-2db89e62db1b	qs:f:11.1478	ch:i:327	st:Z:2026-07-15T19:16:36.729000+00:00	RG:Z:a40d6b40-d3ad-4fe7-8245-9c92f794f831_dna_r10.4.1_e8.2_400bps_sup@v5.2.0	DS:Z:gpu:NVIDIA GeForce RTX 4070 SUPER	PU:Z:FBG39641	DT:Z:2026-07-15T14:17:26.508000+00:00	tm:Z:adapter,primer rc
0	e1e87b83-fc87-4a00-9e42-f836e37a5067	qs:f:11.3292	ch:i:300	st:Z:2026-07-15T23:25:30.949000+00:00	RG:Z:a40d6b40-d3ad-4fe7-8245-9c92f794f831_dna_r10.4.1_e8.2_400bps_sup@v5.2.0	DS:Z:gpu:NVIDIA GeForce RTX 4070 SUPER	PU:Z:FBG39641	DT:Z:2026-07-15T14:17:26.508000+00:00	tm:Z:adapter,primer
0	43d9b78f-618a-44f0-aa6a-832d217928d5	qs:f:11.7467	ch:i:501	st:Z:2026-07-15T14:50:35.219000+00:00	RG:Z:a40d6b40-d3ad-4fe7-8245-9c92f794f831_dna_r10.4.1_e8.2_400bps_sup@v5.2.0	DS:Z:gpu:NVIDIA GeForce RTX 4070 SUPER	PU:Z:FBG39641	DT:Z:2026-07-15T14:17:26.508000+00:00	tm:Z:adapter,primer rc
0	f6f204a1-a79a-4931-8825-2df16d4c608e	qs:f:10.7643	ch:i:140	st:Z:2026-07-15T20:56:36.704000+00:00	RG:Z:a40d6b40-d3ad-4fe7-8245-9c92f794f831_dna_r10.4.1_e8.2_400bps_sup@v5.2.0	DS:Z:gpu:NVIDIA GeForce RTX 4070 SUPER	PU:Z:FBG39641	DT:Z:2026-07-15T14:17:26.508000+00:00	tm:Z:adapter,primer rc
0	2d15a150-f6fb-4d12-a6db-dd1b3d8d69f8	qs:f:11.1845	ch:i:405	st:Z:2026-07-15T20:35:53.621000+00:00	RG:Z:a40d6b40-d3ad-4fe7-8245-9c92f794f831_dna_r10.4.1_e8.2_400bps_sup@v5.2.0	DS:Z:gpu:NVIDIA GeForce RTX 4070 SUPER	PU:Z:FBG39641	DT:Z:2026-07-15T14:17:26.508000+00:00	tm:Z:none rc
0	dbe238bd-bb4e-4088-85da-ae9c99e85154	qs:f:11.067	ch:i:299	st:Z:2026-07-15T21:03:51.275000+00:00	RG:Z:a40d6b40-d3ad-4fe7-8245-9c92f794f831_dna_r10.4.1_e8.2_400bps_sup@v5.2.0	DS:Z:gpu:NVIDIA GeForce RTX 4070 SUPER	PU:Z:FBG39641	DT:Z:2026-07-15T14:17:26.508000+00:00	tm:Z:none
0	d81be415-3ba2-4fbd-90cb-1369993510dc	qs:f:11.3017	ch:i:328	st:Z:2026-07-15T15:01:36.179000+00:00	RG:Z:a40d6b40-d3ad-4fe7-8245-9c92f794f831_dna_r10.4.1_e8.2_400bps_sup@v5.2.0	DS:Z:gpu:NVIDIA GeForce RTX 4070 SUPER	PU:Z:FBG39641	DT:Z:2026-07-15T14:17:26.508000+00:00	tm:Z:none rc
0	408dab41-4822-4532-94b8-efb00398b3c6	qs:f:8.17589	ch:i:96	st:Z:2026-07-15T21:42:07.262000+00:00	RG:Z:a40d6b40-d3ad-4fe7-8245-9c92f794f831_dna_r10.4.1_e8.2_400bps_sup@v5.2.0	DS:Z:gpu:NVIDIA GeForce RTX 4070 SUPER	PU:Z:FBG39641	DT:Z:2026-07-15T14:17:26.508000+00:00	tm:Z:none rc
0	8bf897e8-ee16-485d-a06d-9912438c286a	qs:f:9.8896	ch:i:140	st:Z:2026-07-15T14:48:20.912000+00:00	RG:Z:a40d6b40-d3ad-4fe7-8245-9c92f794f831_dna_r10.4.1_e8.2_400bps_sup@v5.2.0	DS:Z:gpu:NVIDIA GeForce RTX 4070 SUPER	PU:Z:FBG39641	DT:Z:2026-07-15T14:17:26.508000+00:00	tm:Z:adapter,primer rc
0	70a2bf5d-f0e2-45d8-b61f-1886cd8009a9	qs:f:10.0434	ch:i:240	st:Z:2026-07-16T01:20:52.881000+00:00	RG:Z:a40d6b40-d3ad-4fe7-8245-9c92f794f831_dna_r10.4.1_e8.2_400bps_sup@v5.2.0	DS:Z:gpu:NVIDIA GeForce RTX 4070 SUPER	PU:Z:FBG39641	DT:Z:2026-07-15T14:17:26.508000+00:00	tm:Z:adapter,primer
0	86efe33f-610c-4e2c-b870-f49c50c4da10	qs:f:8.71847	ch:i:500	st:Z:2026-07-15T16:21:17.423000+00:00	RG:Z:a40d6b40-d3ad-4fe7-8245-9c92f794f831_dna_r10.4.1_e8.2_400bps_sup@v5.2.0	DS:Z:gpu:NVIDIA GeForce RTX 4070 SUPER	PU:Z:FBG39641	DT:Z:2026-07-15T14:17:26.508000+00:00	tm:Z:adapter,primer
0	82bc205d-c8e2-4314-a1f4-9523e210f918	qs:f:8.96863	ch:i:223	st:Z:2026-07-15T21:45:55.604000+00:00	RG:Z:a40d6b40-d3ad-4fe7-8245-9c92f794f831_dna_r10.4.1_e8.2_400bps_sup@v5.2.0	DS:Z:gpu:NVIDIA GeForce RTX 4070 SUPER	PU:Z:FBG39641	DT:Z:2026-07-15T14:17:26.508000+00:00	tm:Z:none rc
0	6077afc0-4f14-4e05-8fa7-d567832ce9d3	qs:f:8.62759	ch:i:240	st:Z:2026-07-15T17:29:51.159000+00:00	RG:Z:a40d6b40-d3ad-4fe7-8245-9c92f794f831_dna_r10.4.1_e8.2_400bps_sup@v5.2.0	DS:Z:gpu:NVIDIA GeForce RTX 4070 SUPER	PU:Z:FBG39641	DT:Z:2026-07-15T14:17:26.508000+00:00	tm:Z:adapter,primer rc
0	da7ff234-6778-4105-a46f-42762a610144	qs:f:9.79171	ch:i:240	st:Z:2026-07-15T22:33:23.465000+00:00	RG:Z:a40d6b40-d3ad-4fe7-8245-9c92f794f831_dna_r10.4.1_e8.2_400bps_sup@v5.2.0	DS:Z:gpu:NVIDIA GeForce RTX 4070 SUPER	PU:Z:FBG39641	DT:Z:2026-07-15T14:17:26.508000+00:00	tm:Z:adapter,primer rc
0	7fc69d28-7a83-4514-b4b4-149aaf0924a4	qs:f:9.24185	ch:i:274	st:Z:2026-07-15T16:51:53.034000+00:00	RG:Z:a40d6b40-d3ad-4fe7-8245-9c92f794f831_dna_r10.4.1_e8.2_400bps_sup@v5.2.0	DS:Z:gpu:NVIDIA GeForce RTX 4070 SUPER	PU:Z:FBG39641	DT:Z:2026-07-15T14:17:26.508000+00:00	tm:Z:adapter,primer rc
0	b68be16a-3fa4-4ae4-bf76-c404e350c234	qs:f:8.11084	ch:i:96	st:Z:2026-07-15T19:07:01.230000+00:00	RG:Z:a40d6b40-d3ad-4fe7-8245-9c92f794f831_dna_r10.4.1_e8.2_400bps_sup@v5.2.0	DS:Z:gpu:NVIDIA GeForce RTX 4070 SUPER	PU:Z:FBG39641	DT:Z:2026-07-15T14:17:26.508000+00:00	tm:Z:adapter,primer
0	fc708de2-e77c-4dcd-b075-c93f16c58712	qs:f:8.97119	ch:i:45	st:Z:2026-07-15T20:08:23.950000+00:00	RG:Z:a40d6b40-d3ad-4fe7-8245-9c92f794f831_dna_r10.4.1_e8.2_400bps_sup@v5.2.0	DS:Z:gpu:NVIDIA GeForce RTX 4070 SUPER	PU:Z:FBG39641	DT:Z:2026-07-15T14:17:26.508000+00:00	tm:Z:none rc
0	14f305dd-3e64-4027-aae6-4ef021962f84	qs:f:9.00462	ch:i:144	st:Z:2026-07-15T14:47:08.712000+00:00	RG:Z:a40d6b40-d3ad-4fe7-8245-9c92f794f831_dna_r10.4.1_e8.2_400bps_sup@v5.2.0	DS:Z:gpu:NVIDIA GeForce RTX 4070 SUPER	PU:Z:FBG39641	DT:Z:2026-07-15T14:17:26.508000+00:00	tm:Z:none rc
0	6acd5fe5-fe49-4c3d-b1cd-3f52814537c6	qs:f:8.39528	ch:i:323	st:Z:2026-07-15T19:25:07.500000+00:00	RG:Z:a40d6b40-d3ad-4fe7-8245-9c92f794f831_dna_r10.4.1_e8.2_400bps_sup@v5.2.0	DS:Z:gpu:NVIDIA GeForce RTX 4070 SUPER	PU:Z:FBG39641	DT:Z:2026-07-15T14:17:26.508000+00:00	tm:Z:adapter,primer
1	1169fece-5207-4503-a486-2cd922de8e19	qs:f:23.6572	ch:i:341	st:Z:2026-07-15T22:59:34.643000+00:00	RG:Z:a40d6b40-d3ad-4fe7-8245-9c92f794f831_dna_r10.4.1_e8.2_400bps_sup@v5.2.0	DS:Z:gpu:NVIDIA GeForce RTX 4070 SUPER	PU:Z:FBG39641	DT:Z:2026-07-15T14:17:26.508000+00:00	tm:Z:adapter,primer
1	8d432dbd-6ee1-432e-94aa-16d7eef2b1fd	qs:f:14.3162	ch:i:220	st:Z:2026-07-15T17:28:03.351000+00:00	RG:Z:a40d6b40-d3ad-4fe7-8245-9c92f794f831_dna_r10.4.1_e8.2_400bps_sup@v5.2.0	DS:Z:gpu:NVIDIA GeForce RTX 4070 SUPER	PU:Z:FBG39641	DT:Z:2026-07-15T14:17:26.508000+00:00	tm:Z:none rc
1	d25e6374-91c0-416e-b65c-220fd8d61893	qs:f:20.6703	ch:i:347	st:Z:2026-07-15T18:24:19.478000+00:00	RG:Z:a40d6b40-d3ad-4fe7-8245-9c92f794f831_dna_r10.4.1_e8.2_400bps_sup@v5.2.0	DS:Z:gpu:NVIDIA GeForce RTX 4070 SUPER	PU:Z:FBG39641	DT:Z:2026-07-15T14:17:26.508000+00:00	tm:Z:adapter,primer rc
1	e50bdb8c-25ed-40b0-af93-cf95902e6a9f	qs:f:30.2237	ch:i:446	st:Z:2026-07-15T23:48:09.938000+00:00	RG:Z:a40d6b40-d3ad-4fe7-8245-9c92f794f831_dna_r10.4.1_e8.2_400bps_sup@v5.2.0	DS:Z:gpu:NVIDIA GeForce RTX 4070 SUPER	PU:Z:FBG39641	DT:Z:2026-07-15T14:17:26.508000+00:00	tm:Z:adapter,primer rc
1	672cd8bd-d743-4b4e-bf61-fdb25d235804	qs:f:28.7	ch:i:138	st:Z:2026-07-15T18:16:36.476000+00:00	RG:Z:a40d6b40-d3ad-4fe7-8245-9c92f794f831_dna_r10.4.1_e8.2_400bps_sup@v5.2.0	DS:Z:gpu:NVIDIA GeForce RTX 4070 SUPER	PU:Z:FBG39641	DT:Z:2026-07-15T14:17:26.508000+00:00	tm:Z:adapter,primer
1	21621d3e-289b-4846-8ed8-d1cb8153c3f0	qs:f:19.5427	ch:i:284	st:Z:2026-07-15T19:53:31.100000+00:00	RG:Z:a40d6b40-d3ad-4fe7-8245-9c92f794f831_dna_r10.4.1_e8.2_400bps_sup@v5.2.0	DS:Z:gpu:NVIDIA GeForce RTX 4070 SUPER	PU:Z:FBG39641	DT:Z:2026-07-15T14:17:26.508000+00:00	tm:Z:none
1	38e956b3-277e-4376-b4ca-6e106e7ef727	qs:f:24.3884	ch:i:85	st:Z:2026-07-15T21:21:23.697000+00:00	RG:Z:a40d6b40-d3ad-4fe7-8245-9c92f794f831_dna_r10.4.1_e8.2_400bps_sup@v5.2.0	DS:Z:gpu:NVIDIA GeForce RTX 4070 SUPER	PU:Z:FBG39641	DT:Z:2026-07-15T14:17:26.508000+00:00	tm:Z:none
1	d141184d-ce32-4421-8d78-1aeee8838642	qs:f:33.9099	ch:i:466	st:Z:2026-07-15T18:01:19.936000+00:00	RG:Z:a40d6b40-d3ad-4fe7-8245-9c92f794f831_dna_r10.4.1_e8.2_400bps_sup@v5.2.0	DS:Z:gpu:NVIDIA GeForce RTX 4070 SUPER	PU:Z:FBG39641	DT:Z:2026-07-15T14:17:26.508000+00:00	tm:Z:adapter,primer
1	6ff9a35f-0166-463d-9e29-74493991e047	qs:f:25.3331	ch:i:392	st:Z:2026-07-15T19:37:25.992000+00:00	RG:Z:a40d6b40-d3ad-4fe7-8245-9c92f794f831_dna_r10.4.1_e8.2_400bps_sup@v5.2.0	DS:Z:gpu:NVIDIA GeForce RTX 4070 SUPER	PU:Z:FBG39641	DT:Z:2026-07-15T14:17:26.508000+00:00	tm:Z:adapter,primer rc
1	592a7552-96a7-427e-9144-50dc67521c0f	qs:f:26.7816	ch:i:17	st:Z:2026-07-15T14:43:05.217000+00:00	RG:Z:a40d6b40-d3ad-4fe7-8245-9c92f794f831_dna_r10.4.1_e8.2_400bps_sup@v5.2.0	DS:Z:gpu:NVIDIA GeForce RTX 4070 SUPER	PU:Z:FBG39641	DT:Z:2026-07-15T14:17:26.508000+00:00	tm:Z:adapter,primer rc
1	f064caa4-7a04-4d9c-ba23-cbf433b0342e	qs:f:20.9594	ch:i:86	st:Z:2026-07-15T17:56:03.734000+00:00	RG:Z:a40d6b40-d3ad-4fe7-8245-9c92f794f831_dna_r10.4.1_e8.2_400bps_sup@v5.2.0	DS:Z:gpu:NVIDIA GeForce RTX 4070 SUPER	PU:Z:FBG39641	DT:Z:2026-07-15T14:17:26.508000+00:00	tm:Z:none
1	8ae7b810-f828-4136-92aa-125043918fe2	qs:f:22.4306	ch:i:132	st:Z:2026-07-15T19:02:32.188000+00:00	RG:Z:a40d6b40-d3ad-4fe7-8245-9c92f794f831_dna_r10.4.1_e8.2_400bps_sup@v5.2.0	DS:Z:gpu:NVIDIA GeForce RTX 4070 SUPER	PU:Z:FBG39641	DT:Z:2026-07-15T14:17:26.508000+00:00	tm:Z:adapter,primer
1	850915dd-f451-41f9-8515-5475d1be0e7c	qs:f:18.0109	ch:i:459	st:Z:2026-07-15T20:16:36.421000+00:00	RG:Z:a40d6b40-d3ad-4fe7-8245-9c92f794f831_dna_r10.4.1_e8.2_400bps_sup@v5.2.0	DS:Z:gpu:NVIDIA GeForce RTX 4070 SUPER	PU:Z:FBG39641	DT:Z:2026-07-15T14:17:26.508000+00:00	tm:Z:none
1	d4ed9161-fe75-4dde-a427-e95e9b1fd189	qs:f:24.6841	ch:i:297	st:Z:2026-07-15T23:01:26.364000+00:00	RG:Z:a40d6b40-d3ad-4fe7-8245-9c92f794f831_dna_r10.4.1_e8.2_400bps_sup@v5.2.0	DS:Z:gpu:NVIDIA GeForce RTX 4070 SUPER	PU:Z:FBG39641	DT:Z:2026-07-15T14:17:26.508000+00:00	tm:Z:adapter,primer
1	bdbe098b-9b88-4cda-a469-47629225c07c	qs:f:29.784	ch:i:71	st:Z:2026-07-15T20:58:54.229000+00:00	RG:Z:a40d6b40-d3ad-4fe7-8245-9c92f794f831_dna_r10.4.1_e8.2_400bps_sup@v5.2.0	DS:Z:gpu:NVIDIA GeForce RTX 4070 SUPER	PU:Z:FBG39641	DT:Z:2026-07-15T14:17:26.508000+00:00	tm:Z:adapter,primer
1	ec896bd1-5e6a-4edb-b51b-9b52cafdfec1	qs:f:18.9417	ch:i:297	st:Z:2026-07-15T20:01:47.198000+00:00	RG:Z:a40d6b40-d3ad-4fe7-8245-9c92f794f831_dna_r10.4.1_e8.2_400bps_sup@v5.2.0	DS:Z:gpu:NVIDIA GeForce RTX 4070 SUPER	PU:Z:FBG39641	DT:Z:2026-07-15T14:17:26.508000+00:00	tm:Z:none
1	6b36bd9d-63bf-4a7f-8b92-e1ca3c44a72f	qs:f:23.7296	ch:i:451	st:Z:2026-07-15T16:36:09.752000+00:00	RG:Z:a40d6b40-d3ad-4fe7-8245-9c92f794f831_dna_r10.4.1_e8.2_400bps_sup@v5.2.0	DS:Z:gpu:NVIDIA GeForce RTX 4070 SUPER	PU:Z:FBG39641	DT:Z:2026-07-15T14:17:26.508000+00:00	tm:Z:adapter,primer rc
1	c81de97b-afdb-47f0-9b93-927e874abef9	qs:f:16.7	ch:i:75	st:Z:2026-07-16T00:59:41.648000+00:00	RG:Z:a40d6b40-d3ad-4fe7-8245-9c92f794f831_dna_r10.4.1_e8.2_400bps_sup@v5.2.0	DS:Z:gpu:NVIDIA GeForce RTX 4070 SUPER	PU:Z:FBG39641	DT:Z:2026-07-15T14:17:26.508000+00:00	tm:Z:adapter,primer
1	9a7c7c68-5d65-4d41-ba80-96edfef6b073	qs:f:25.2839	ch:i:150	st:Z:2026-07-15T22:14:38.741000+00:00	RG:Z:a40d6b40-d3ad-4fe7-8245-9c92f794f831_dna_r10.4.1_e8.2_400bps_sup@v5.2.0	DS:Z:gpu:NVIDIA GeForce RTX 4070 SUPER	PU:Z:FBG39641	DT:Z:2026-07-15T14:17:26.508000+00:00	tm:Z:adapter,primer rc
1	55dcb4af-5b39-4c41-a73c-c60d04ad46b3	qs:f:16.105	ch:i:145	st:Z:2026-07-15T21:26:03.307000+00:00	RG:Z:a40d6b40-d3ad-4fe7-8245-9c92f794f831_dna_r10.4.1_e8.2_400bps_sup@v5.2.0	DS:Z:gpu:NVIDIA GeForce RTX 4070 SUPER	PU:Z:FBG39641	DT:Z:2026-07-15T14:17:26.508000+00:00	tm:Z:adapter,primer rc
1	6c8a66cc-eab2-4cf2-8aaf-4d0476ca0b29	qs:f:24.4996	ch:i:473	st:Z:2026-07-15T17:23:06.957000+00:00	RG:Z:a40d6b40-d3ad-4fe7-8245-9c92f794f831_dna_r10.4.1_e8.2_400bps_sup@v5.2.0	DS:Z:gpu:NVIDIA GeForce RTX 4070 SUPER	PU:Z:FBG39641	DT:Z:2026-07-15T14:17:26.508000+00:00	tm:Z:adapter,primer
1	0ad23ae7-82ee-481e-b774-f52eede9c57f	qs:f:15.596	ch:i:130	st:Z:2026-07-15T14:36:23.624000+00:00	RG:Z:a40d6b40-d3ad-4fe7-8245-9c92f794f831_dna_r10.4.1_e8.2_400bps_sup@v5.2.0	DS:Z:gpu:NVIDIA GeForce RTX 4070 SUPER	PU:Z:FBG39641	DT:Z:2026-07-15T14:17:26.508000+00:00	tm:Z:none rc
1	0c907769-50c9-4a63-a5b9-7d70d77b9fa3	qs:f:20.4199	ch:i:155	st:Z:2026-07-15T18:27:10.355000+00:00	RG:Z:a40d6b40-d3ad-4fe7-8245-9c92f794f831_dna_r10.4.1_e8.2_400bps_sup@v5.2.0	DS:Z:gpu:NVIDIA GeForce RTX 4070 SUPER	PU:Z:FBG39641	DT:Z:2026-07-15T14:17:26.508000+00:00	tm:Z:none rc
1	1a258895-378c-462a-9cab-4135516caaec	qs:f:21.1323	ch:i:184	st:Z:2026-07-15T20:53:28.525000+00:00	RG:Z:a40d6b40-d3ad-4fe7-8245-9c92f794f831_dna_r10.4.1_e8.2_400bps_sup@v5.2.0	DS:Z:gpu:NVIDIA GeForce RTX 4070 SUPER	PU:Z:FBG39641	DT:Z:2026-07-15T14:17:26.508000+00:00	tm:Z:none
1	4edafdc6-95f1-4c5d-a55b-f050e5cc227f	qs:f:25.4856	ch:i:412	st:Z:2026-07-15T19:51:58.773000+00:00	RG:Z:a40d6b40-d3ad-4fe7-8245-9c92f794f831_dna_r10.4.1_e8.2_400bps_sup@v5.2.0	DS:Z:gpu:NVIDIA GeForce RTX 4070 SUPER	PU:Z:FBG39641	DT:Z:2026-07-15T14:17:26.508000+00:00	tm:Z:adapter,primer rc
1	da0a3f31-89a7-4b6a-ab27-d4a00778625b	qs:f:22.1482	ch:i:356	st:Z:2026-07-15T23:20:06.447000+00:00	RG:Z:a40d6b40-d3ad-4fe7-8245-9c92f794f831_dna_r10.4.1_e8.2_400bps_sup@v5.2.0	DS:Z:gpu:NVIDIA GeForce RTX 4070 SUPER	PU:Z:FBG39641	DT:Z:2026-07-15T14:17:26.508000+00:00	tm:Z:adapter,primer
1	a0d237e2-2332-4081-8ff0-ecf4ac5c5f99	qs:f:25.5095	ch:i:236	st:Z:2026-07-15T19:02:04.721000+00:00	RG:Z:a40d6b40-d3ad-4fe7-8245-9c92f794f831_dna_r10.4.1_e8.2_400bps_sup@v5.2.0	DS:Z:gpu:NVIDIA GeForce RTX 4070 SUPER	PU:Z:FBG39641	DT:Z:2026-07-15T14:17:26.508000+00:00	tm:Z:adapter,primer
1	6c0374fe-0890-4093-8eba-4f7f7d6c8b85	qs:f:24.6374	ch:i:380	st:Z:2026-07-15T17:19:57.746000+00:00	RG:Z:a40d6b40-d3ad-4fe7-8245-9c92f794f831_dna_r10.4.1_e8.2_400bps_sup@v5.2.0	DS:Z:gpu:NVIDIA GeForce RTX 4070 SUPER	PU:Z:FBG39641	DT:Z:2026-07-15T14:17:26.508000+00:00	tm:Z:none
1	e4fb17a0-d123-4639-a281-f0bd2f894912	qs:f:20.4892	ch:i:378	st:Z:2026-07-15T20:43:08.301000+00:00	RG:Z:a40d6b40-d3ad-4fe7-8245-9c92f794f831_dna_r10.4.1_e8.2_400bps_sup@v5.2.0	DS:Z:gpu:NVIDIA GeForce RTX 4070 SUPER	PU:Z:FBG39641	DT:Z:2026-07-15T14:17:26.508000+00:00	tm:Z:none
1	15c773b5-b2de-4503-9c8f-ab6b5f6c4076	qs:f:19.4992	ch:i:412	st:Z:2026-07-16T01:28:14.764000+00:00	RG:Z:a40d6b40-d3ad-4fe7-8245-9c92f794f831_dna_r10.4.1_e8.2_400bps_sup@v5.2.0	DS:Z:gpu:NVIDIA GeForce RTX 4070 SUPER	PU:Z:FBG39641	DT:Z:2026-07-15T14:17:26.508000+00:00	tm:Z:adapter,primer
1	d71bba28-d14e-40ba-abe5-d7c4bed0413c	qs:f:21.6986	ch:i:471	st:Z:2026-07-15T19:53:00.149000+00:00	RG:Z:a40d6b40-d3ad-4fe7-8245-9c92f794f831_dna_r10.4.1_e8.2_400bps_sup@v5.2.0	DS:Z:gpu:NVIDIA GeForce RTX 4070 SUPER	PU:Z:FBG39641	DT:Z:2026-07-15T14:17:26.508000+00:00	tm:Z:adapter,primer
1	5a74ceb5-f3dc-496d-9a02-ccd6a32afb5a	qs:f:27.7394	ch:i:203	st:Z:2026-07-15T15:18:03.619000+00:00	RG:Z:a40d6b40-d3ad-4fe7-8245-9c92f794f831_dna_r10.4.1_e8.2_400bps_sup@v5.2.0	DS:Z:gpu:NVIDIA GeForce RTX 4070 SUPER	PU:Z:FBG39641	DT:Z:2026-07-15T14:17:26.508000+00:00	tm:Z:adapter,primer
1	d5c5aac8-e2ec-410b-8fd5-ec60413d9b25	qs:f:24.3614	ch:i:71	st:Z:2026-07-15T14:39:09.346000+00:00	RG:Z:a40d6b40-d3ad-4fe7-8245-9c92f794f831_dna_r10.4.1_e8.2_400bps_sup@v5.2.0	DS:Z:gpu:NVIDIA GeForce RTX 4070 SUPER	PU:Z:FBG39641	DT:Z:2026-07-15T14:17:26.508000+00:00	tm:Z:adapter,primer
1	cd4bbdd2-8753-4e20-ae4a-454f756aa96d	qs:f:22.7202	ch:i:438	st:Z:2026-07-15T19:40:52.841000+00:00	RG:Z:a40d6b40-d3ad-4fe7-8245-9c92f794f831_dna_r10.4.1_e8.2_400bps_sup@v5.2.0	DS:Z:gpu:NVIDIA GeForce RTX 4070 SUPER	PU:Z:FBG39641	DT:Z:2026-07-15T14:17:26.508000+00:00	tm:Z:adapter,primer
1	cab1f05b-9c01-4131-bd29-03200098977c	qs:f:26.6386	ch:i:66	st:Z:2026-07-15T17:12:57.691000+00:00	RG:Z:a40d6b40-d3ad-4fe7-8245-9c92f794f831_dna_r10.4.1_e8.2_400bps_sup@v5.2.0	DS:Z:gpu:NVIDIA GeForce RTX 4070 SUPER	PU:Z:FBG39641	DT:Z:2026-07-15T14:17:26.508000+00:00	tm:Z:adapter,primer rc
1	59ed971f-c05e-46c6-bfa1-27c73c1a5019	qs:f:30.7451	ch:i:156	st:Z:2026-07-15T19:54:01.124000+00:00	RG:Z:a40d6b40-d3ad-4fe7-8245-9c92f794f831_dna_r10.4.1_e8.2_400bps_sup@v5.2.0	DS:Z:gpu:NVIDIA GeForce RTX 4070 SUPER	PU:Z:FBG39641	DT:Z:2026-07-15T14:17:26.508000+00:00	tm:Z:adapter,primer
1	fde3f49e-ff6c-41cb-aad1-aef40a1b542b	qs:f:17.922	ch:i:459	st:Z:2026-07-15T19:30:56.151000+00:00	RG:Z:a40d6b40-d3ad-4fe7-8245-9c92f794f831_dna_r10.4.1_e8.2_400bps_sup@v5.2.0	DS:Z:gpu:NVIDIA GeForce RTX 4070 SUPER	PU:Z:FBG39641	DT:Z:2026-07-15T14:17:26.508000+00:00	tm:Z:adapter,primer rc
1	301bbb48-3984-4ff2-99fb-7128965faf88	qs:f:17.6281	ch:i:382	st:Z:2026-07-15T17:40:20.631000+00:00	RG:Z:a40d6b40-d3ad-4fe7-8245-9c92f794f831_dna_r10.4.1_e8.2_400bps_sup@v5.2.0	DS:Z:gpu:NVIDIA GeForce RTX 4070 SUPER	PU:Z:FBG39641	DT:Z:2026-07-15T14:17:26.508000+00:00	tm:Z:adapter,primer
1	9bc947a1-dece-4eb3-b491-2874b3c736a8	qs:f:26.9605	ch:i:33	st:Z:2026-07-15T16:23:08.992000+00:00	RG:Z:a40d6b40-d3ad-4fe7-8245-9c92f794f831_dna_r10.4.1_e8.2_400bps_sup@v5.2.0	DS:Z:gpu:NVIDIA GeForce RTX 4070 SUPER	PU:Z:FBG39641	DT:Z:2026-07-15T14:17:26.508000+00:00	tm:Z:adapter,primer rc
1	88b131b3-1a13-4c44-885c-cdde80e96765	qs:f:24.9121	ch:i:118	st:Z:2026-07-15T14:31:30.306000+00:00	RG:Z:a40d6b40-d3ad-4fe7-8245-9c92f794f831_dna_r10.4.1_e8.2_400bps_sup@v5.2.0	DS:Z:gpu:NVIDIA GeForce RTX 4070 SUPER	PU:Z:FBG39641	DT:Z:2026-07-15T14:17:26.508000+00:00	tm:Z:adapter,primer rc
1	0cd8e76f-5432-479f-91ab-6f74b09ae000	qs:f:25.2574	ch:i:457	st:Z:2026-07-15T20:39:56.570000+00:00	RG:Z:a40d6b40-d3ad-4fe7-8245-9c92f794f831_dna_r10.4.1_e8.2_400bps_sup@v5.2.0	DS:Z:gpu:NVIDIA GeForce RTX 4070 SUPER	PU:Z:FBG39641	DT:Z:2026-07-15T14:17:26.508000+00:00	tm:Z:adapter,primer
1	31191172-18b0-40d5-b090-e13e6e712742	qs:f:20.6757	ch:i:404	st:Z:2026-07-15T18:39:16.147000+00:00	RG:Z:a40d6b40-d3ad-4fe7-8245-9c92f794f831_dna_r10.4.1_e8.2_400bps_sup@v5.2.0	DS:Z:gpu:NVIDIA GeForce RTX 4070 SUPER	PU:Z:FBG39641	DT:Z:2026-07-15T14:17:26.508000+00:00	tm:Z:adapter,primer
1	39760823-d779-484d-b9b0-8d7dee6866ae	qs:f:21.9052	ch:i:105	st:Z:2026-07-15T16:49:15.579000+00:00	RG:Z:a40d6b40-d3ad-4fe7-8245-9c92f794f831_dna_r10.4.1_e8.2_400bps_sup@v5.2.0	DS:Z:gpu:NVIDIA GeForce RTX 4070 SUPER	PU:Z:FBG39641	DT:Z:2026-07-15T14:17:26.508000+00:00	tm:Z:adapter,primer
1	d49aca49-e404-4b2c-aa1e-939d5125417a	qs:f:23.8021	ch:i:465	st:Z:2026-07-15T19:02:44.576000+00:00	RG:Z:a40d6b40-d3ad-4fe7-8245-9c92f794f831_dna_r10.4.1_e8.2_400bps_sup@v5.2.0	DS:Z:gpu:NVIDIA GeForce RTX 4070 SUPER	PU:Z:FBG39641	DT:Z:2026-07-15T14:17:26.508000+00:00	tm:Z:adapter,primer
1	788f2b59-2829-4e54-96da-8bdf06ce426a	qs:f:17.0937	ch:i:126	st:Z:2026-07-15T19:39:08.131000+00:00	RG:Z:a40d6b40-d3ad-4fe7-8245-9c92f794f831_dna_r10.4.1_e8.2_400bps_sup@v5.2.0	DS:Z:gpu:NVIDIA GeForce RTX 4070 SUPER	PU:Z:FBG39641	DT:Z:2026-07-15T14:17:26.508000+00:00	tm:Z:adapter,primer rc
1	8fe2a8e0-0000-4f16-9986-139fcc26283c	qs:f:23.1076	ch:i:341	st:Z:2026-07-15T23:20:06.989000+00:00	RG:Z:a40d6b40-d3ad-4fe7-8245-9c92f794f831_dna_r10.4.1_e8.2_400bps_sup@v5.2.0	DS:Z:gpu:NVIDIA GeForce RTX 4070 SUPER	PU:Z:FBG39641	DT:Z:2026-07-15T14:17:26.508000+00:00	tm:Z:adapter,primer
1	d36cb304-267d-48cb-98b4-ebf141322012	qs:f:25.4895	ch:i:397	st:Z:2026-07-15T21:01:39.003000+00:00	RG:Z:a40d6b40-d3ad-4fe7-8245-9c92f794f831_dna_r10.4.1_e8.2_400bps_sup@v5.2.0	DS:Z:gpu:NVIDIA GeForce RTX 4070 SUPER	PU:Z:FBG39641	DT:Z:2026-07-15T14:17:26.508000+00:00	tm:Z:adapter,primer rc
1	bb4f9ea0-03d2-40ec-a2f8-41ba9eee390e	qs:f:19.6834	ch:i:429	st:Z:2026-07-15T22:30:47.416000+00:00	RG:Z:a40d6b40-d3ad-4fe7-8245-9c92f794f831_dna_r10.4.1_e8.2_400bps_sup@v5.2.0	DS:Z:gpu:NVIDIA GeForce RTX 4070 SUPER	PU:Z:FBG39641	DT:Z:2026-07-15T14:17:26.508000+00:00	tm:Z:none rc
1	c22bc74d-a036-4d1a-b384-c96534161828	qs:f:14.4988	ch:i:20	st:Z:2026-07-15T19:59:11.475000+00:00	RG:Z:a40d6b40-d3ad-4fe7-8245-9c92f794f831_dna_r10.4.1_e8.2_400bps_sup@v5.2.0	DS:Z:gpu:NVIDIA GeForce RTX 4070 SUPER	PU:Z:FBG39641	DT:Z:2026-07-15T14:17:26.508000+00:00	tm:Z:none rc
1	38c9f8ef-cdd4-4d58-8d31-44b45e88fbd1	qs:f:16.3556	ch:i:502	st:Z:2026-07-15T21:48:27.968000+00:00	RG:Z:a40d6b40-d3ad-4fe7-8245-9c92f794f831_dna_r10.4.1_e8.2_400bps_sup@v5.2.0	DS:Z:gpu:NVIDIA GeForce RTX 4070 SUPER	PU:Z:FBG39641	DT:Z:2026-07-15T14:17:26.508000+00:00	tm:Z:none rc
1	b83c08b9-2e9c-48a8-8c9a-e74b1244b91d	qs:f:22.7205	ch:i:452	st:Z:2026-07-15T15:09:55.151000+00:00	RG:Z:a40d6b40-d3ad-4fe7-8245-9c92f794f831_dna_r10.4.1_e8.2_400bps_sup@v5.2.0	DS:Z:gpu:NVIDIA GeForce RTX 4070 SUPER	PU:Z:FBG39641	DT:Z:2026-07-15T14:17:26.508000+00:00	tm:Z:adapter,primer
1	cd45a792-01f0-4e27-b4ca-de792d625ede	qs:f:21.493	ch:i:194	st:Z:2026-07-16T00:39:41.533000+00:00	RG:Z:a40d6b40-d3ad-4fe7-8245-9c92f794f831_dna_r10.4.1_e8.2_400bps_sup@v5.2.0	DS:Z:gpu:NVIDIA GeForce RTX 4070 SUPER	PU:Z:FBG39641	DT:Z:2026-07-15T14:17:26.508000+00:00	tm:Z:adapter,primer rc
1	362ef0e9-29b6-4869-85a2-5ba3e241b4fc	qs:f:22.2989	ch:i:78	st:Z:2026-07-15T15:32:00.648000+00:00	RG:Z:a40d6b40-d3ad-4fe7-8245-9c92f794f831_dna_r10.4.1_e8.2_400bps_sup@v5.2.0	DS:Z:gpu:NVIDIA GeForce RTX 4070 SUPER	PU:Z:FBG39641	DT:Z:2026-07-15T14:17:26.508000+00:00	tm:Z:adapter,primer rc
1	e1230de2-a1b4-4092-a507-b90a22f0bd0d	qs:f:19.9222	ch:i:404	st:Z:2026-07-15T22:00:39.200000+00:00	RG:Z:a40d6b40-d3ad-4fe7-8245-9c92f794f831_dna_r10.4.1_e8.2_400bps_sup@v5.2.0	DS:Z:gpu:NVIDIA GeForce RTX 4070 SUPER	PU:Z:FBG39641	DT:Z:2026-07-15T14:17:26.508000+00:00	tm:Z:adapter,primer
1	9dffac0a-b288-4113-9833-dcc2b1da0d88	qs:f:23.8093	ch:i:296	st:Z:2026-07-15T14:41:42.929000+00:00	RG:Z:a40d6b40-d3ad-4fe7-8245-9c92f794f831_dna_r10.4.1_e8.2_400bps_sup@v5.2.0	DS:Z:gpu:NVIDIA GeForce RTX 4070 SUPER	PU:Z:FBG39641	DT:Z:2026-07-15T14:17:26.508000+00:00	tm:Z:adapter,primer
1	5512b6d5-a926-4355-a5ad-9f110e088fae	qs:f:24.2482	ch:i:31	st:Z:2026-07-16T00:39:43.234000+00:00	RG:Z:a40d6b40-d3ad-4fe7-8245-9c92f794f831_dna_r10.4.1_e8.2_400bps_sup@v5.2.0	DS:Z:gpu:NVIDIA GeForce RTX 4070 SUPER	PU:Z:FBG39641	DT:Z:2026-07-15T14:17:26.508000+00:00	tm:Z:none rc
1	5e06f93c-1d74-4a27-9697-4bfe108685b5	qs:f:16.3571	ch:i:87	st:Z:2026-07-15T23:41:07.124000+00:00	RG:Z:a40d6b40-d3ad-4fe7-8245-9c92f794f831_dna_r10.4.1_e8.2_400bps_sup@v5.2.0	DS:Z:gpu:NVIDIA GeForce RTX 4070 SUPER	PU:Z:FBG39641	DT:Z:2026-07-15T14:17:26.508000+00:00	tm:Z:adapter,primer
1	a3d8c3f6-04ca-42df-889c-aaa35f3e4b10	qs:f:22.4879	ch:i:308	st:Z:2026-07-15T14:39:18.899000+00:00	RG:Z:a40d6b40-d3ad-4fe7-8245-9c92f794f831_dna_r10.4.1_e8.2_400bps_sup@v5.2.0	DS:Z:gpu:NVIDIA GeForce RTX 4070 SUPER	PU:Z:FBG39641	DT:Z:2026-07-15T14:17:26.508000+00:00	tm:Z:adapter,primer rc
1	35253a3f-8cda-4374-b8de-05be4e2431ad	qs:f:14.9556	ch:i:290	st:Z:2026-07-15T15:38:16.249000+00:00	RG:Z:a40d6b40-d3ad-4fe7-8245-9c92f794f831_dna_r10.4.1_e8.2_400bps_sup@v5.2.0	DS:Z:gpu:NVIDIA GeForce RTX 4070 SUPER	PU:Z:FBG39641	DT:Z:2026-07-15T14:17:26.508000+00:00	tm:Z:none
1	267ce1c6-aee3-4ef1-ab54-d7ae51cafd5b	qs:f:17.0185	ch:i:28	st:Z:2026-07-16T02:05:27.589000+00:00	RG:Z:a40d6b40-d3ad-4fe7-8245-9c92f794f831_dna_r10.4.1_e8.2_400bps_sup@v5.2.0	DS:Z:gpu:NVIDIA GeForce RTX 4070 SUPER	PU:Z:FBG39641	DT:Z:2026-07-15T14:17:26.508000+00:00	tm:Z:none rc
1	58030cdb-5ea4-4306-89ca-6d1bc962d634	qs:f:18.5615	ch:i:402	st:Z:2026-07-15T17:48:46.955000+00:00	RG:Z:a40d6b40-d3ad-4fe7-8245-9c92f794f831_dna_r10.4.1_e8.2_400bps_sup@v5.2.0	DS:Z:gpu:NVIDIA GeForce RTX 4070 SUPER	PU:Z:FBG39641	DT:Z:2026-07-15T14:17:26.508000+00:00	tm:Z:adapter,primer rc
1	504aeb63-94b9-446b-9365-c71711b6a457	qs:f:22.189	ch:i:491	st:Z:2026-07-15T17:40:01.934000+00:00	RG:Z:a40d6b40-d3ad-4fe7-8245-9c92f794f831_dna_r10.4.1_e8.2_400bps_sup@v5.2.0	DS:Z:gpu:NVIDIA GeForce RTX 4070 SUPER	PU:Z:FBG39641	DT:Z:2026-07-15T14:17:26.508000+00:00	tm:Z:none rc
1	5e3a5345-b595-41b8-b503-a0ff1f9f7ddb	qs:f:20.2416	ch:i:15	st:Z:2026-07-15T20:43:08.879000+00:00	RG:Z:a40d6b40-d3ad-4fe7-8245-9c92f794f831_dna_r10.4.1_e8.2_400bps_sup@v5.2.0	DS:Z:gpu:NVIDIA GeForce RTX 4070 SUPER	PU:Z:FBG39641	DT:Z:2026-07-15T14:17:26.508000+00:00	tm:Z:none
1	ee2f2487-671b-48cf-b6ee-08e70f4b60df	qs:f:21.7712	ch:i:132	st:Z:2026-07-16T00:57:47.332000+00:00	RG:Z:a40d6b40-d3ad-4fe7-8245-9c92f794f831_dna_r10.4.1_e8.2_400bps_sup@v5.2.0	DS:Z:gpu:NVIDIA GeForce RTX 4070 SUPER	PU:Z:FBG39641	DT:Z:2026-07-15T14:17:26.508000+00:00	tm:Z:adapter,primer rc
1	0e3be080-3a69-419e-944e-3cf08fb2cb47	qs:f:21.4489	ch:i:194	st:Z:2026-07-15T23:33:58.216000+00:00	RG:Z:a40d6b40-d3ad-4fe7-8245-9c92f794f831_dna_r10.4.1_e8.2_400bps_sup@v5.2.0	DS:Z:gpu:NVIDIA GeForce RTX 4070 SUPER	PU:Z:FBG39641	DT:Z:2026-07-15T14:17:26.508000+00:00	tm:Z:none rc
1	a11efeb9-bb9e-495f-a67c-17c78ee08854	qs:f:18.9052	ch:i:423	st:Z:2026-07-15T20:36:45.170000+00:00	RG:Z:a40d6b40-d3ad-4fe7-8245-9c92f794f831_dna_r10.4.1_e8.2_400bps_sup@v5.2.0	DS:Z:gpu:NVIDIA GeForce RTX 4070 SUPER	PU:Z:FBG39641	DT:Z:2026-07-15T14:17:26.508000+00:00	tm:Z:none
1	29ef1b97-2483-4ad0-b538-6d811a861aa4	qs:f:15.1306	ch:i:283	st:Z:2026-07-15T20:08:45.228000+00:00	RG:Z:a40d6b40-d3ad-4fe7-8245-9c92f794f831_dna_r10.4.1_e8.2_400bps_sup@v5.2.0	DS:Z:gpu:NVIDIA GeForce RTX 4070 SUPER	PU:Z:FBG39641	DT:Z:2026-07-15T14:17:26.508000+00:00	tm:Z:none
1	ede39deb-da45-4cdc-977a-c0b0eba7b49d	qs:f:23.0868	ch:i:327	st:Z:2026-07-15T19:20:46.045000+00:00	RG:Z:a40d6b40-d3ad-4fe7-8245-9c92f794f831_dna_r10.4.1_e8.2_400bps_sup@v5.2.0	DS:Z:gpu:NVIDIA GeForce RTX 4070 SUPER	PU:Z:FBG39641	DT:Z:2026-07-15T14:17:26.508000+00:00	tm:Z:adapter,primer rc
1	1d39a13f-f71c-4e10-aa3b-57ffb844c37a	qs:f:20.7292	ch:i:422	st:Z:2026-07-16T01:18:10.711000+00:00	RG:Z:a40d6b40-d3ad-4fe7-8245-9c92f794f831_dna_r10.4.1_e8.2_400bps_sup@v5.2.0	DS:Z:gpu:NVIDIA GeForce RTX 4070 SUPER	PU:Z:FBG39641	DT:Z:2026-07-15T14:17:26.508000+00:00	tm:Z:none rc
1	210202c9-d896-4697-b96d-c9f500b4eca0	qs:f:21.3801	ch:i:197	st:Z:2026-07-15T22:04:55.515000+00:00	RG:Z:a40d6b40-d3ad-4fe7-8245-9c92f794f831_dna_r10.4.1_e8.2_400bps_sup@v5.2.0	DS:Z:gpu:NVIDIA GeForce RTX 4070 SUPER	PU:Z:FBG39641	DT:Z:2026-07-15T14:17:26.508000+00:00	tm:Z:none rc
1	c883861e-0447-4736-82a3-063f11a845c4	qs:f:20.7632	ch:i:242	st:Z:2026-07-15T20:55:25.776000+00:00	RG:Z:a40d6b40-d3ad-4fe7-8245-9c92f794f831_dna_r10.4.1_e8.2_400bps_sup@v5.2.0	DS:Z:gpu:NVIDIA GeForce RTX 4070 SUPER	PU:Z:FBG39641	DT:Z:2026-07-15T14:17:26.508000+00:00	tm:Z:adapter,primer rc
1	39526334-f7ac-4074-8c64-0d0e51b6902b	qs:f:21.4551	ch:i:140	st:Z:2026-07-15T17:02:37.542000+00:00	RG:Z:a40d6b40-d3ad-4fe7-8245-9c92f794f831_dna_r10.4.1_e8.2_400bps_sup@v5.2.0	DS:Z:gpu:NVIDIA GeForce RTX 4070 SUPER	PU:Z:FBG39641	DT:Z:2026-07-15T14:17:26.508000+00:00	tm:Z:adapter,primer
1	332d3e64-3506-4f4c-a5df-7045cb8821dd	qs:f:22.4062	ch:i:302	st:Z:2026-07-15T16:15:23.110000+00:00	RG:Z:a40d6b40-d3ad-4fe7-8245-9c92f794f831_dna_r10.4.1_e8.2_400bps_sup@v5.2.0	DS:Z:gpu:NVIDIA GeForce RTX 4070 SUPER	PU:Z:FBG39641	DT:Z:2026-07-15T14:17:26.508000+00:00	tm:Z:adapter,primer
1	c2bb5b1d-201e-42d6-8505-e50597f7697d	qs:f:18.1311	ch:i:68	st:Z:2026-07-16T01:22:07.682000+00:00	RG:Z:a40d6b40-d3ad-4fe7-8245-9c92f794f831_dna_r10.4.1_e8.2_400bps_sup@v5.2.0	DS:Z:gpu:NVIDIA GeForce RTX 4070 SUPER	PU:Z:FBG39641	DT:Z:2026-07-15T14:17:26.508000+00:00	tm:Z:none rc
1	5c29e2ee-a95a-4173-b88a-4d278c70a6be	qs:f:18.6969	ch:i:156	st:Z:2026-07-15T14:26:00.754000+00:00	RG:Z:a40d6b40-d3ad-4fe7-8245-9c92f794f831_dna_r10.4.1_e8.2_400bps_sup@v5.2.0	DS:Z:gpu:NVIDIA GeForce RTX 4070 SUPER	PU:Z:FBG39641	DT:Z:2026-07-15T14:17:26.508000+00:00	tm:Z:adapter,primer rc
1	83f1d39d-b4bb-4c93-8cbf-f1e2b502c851	qs:f:21.2808	ch:i:397	st:Z:2026-07-15T17:52:28.532000+00:00	RG:Z:a40d6b40-d3ad-4fe7-8245-9c92f794f831_dna_r10.4.1_e8.2_400bps_sup@v5.2.0	DS:Z:gpu:NVIDIA GeForce RTX 4070 SUPER	PU:Z:FBG39641	DT:Z:2026-07-15T14:17:26.508000+00:00	tm:Z:none rc
1	0835ba3f-8a2d-4eeb-b243-97e2cd09b334	qs:f:18.8028	ch:i:156	st:Z:2026-07-15T15:53:56.287000+00:00	RG:Z:a40d6b40-d3ad-4fe7-8245-9c92f794f831_dna_r10.4.1_e8.2_400bps_sup@v5.2.0	DS:Z:gpu:NVIDIA GeForce RTX 4070 SUPER	PU:Z:FBG39641	DT:Z:2026-07-15T14:17:26.508000+00:00	tm:Z:none
1	4865ce09-c4ef-4d98-8318-b25917980145	qs:f:14.5156	ch:i:422	st:Z:2026-07-16T00:42:34.467000+00:00	RG:Z:a40d6b40-d3ad-4fe7-8245-9c92f794f831_dna_r10.4.1_e8.2_400bps_sup@v5.2.0	DS:Z:gpu:NVIDIA GeForce RTX 4070 SUPER	PU:Z:FBG39641	DT:Z:2026-07-15T14:17:26.508000+00:00	tm:Z:adapter,primer
1	e140f891-813a-4028-bb28-5f4179e413a2	qs:f:19.2458	ch:i:469	st:Z:2026-07-15T21:07:22.272000+00:00	RG:Z:a40d6b40-d3ad-4fe7-8245-9c92f794f831_dna_r10.4.1_e8.2_400bps_sup@v5.2.0	DS:Z:gpu:NVIDIA GeForce RTX 4070 SUPER	PU:Z:FBG39641	DT:Z:2026-07-15T14:17:26.508000+00:00	tm:Z:adapter,primer
1	6ab5f09f-73ae-4090-b1c0-2c5934a92f05	qs:f:19.819	ch:i:224	st:Z:2026-07-15T15:20:46.123000+00:00	RG:Z:a40d6b40-d3ad-4fe7-8245-9c92f794f831_dna_r10.4.1_e8.2_400bps_sup@v5.2.0	DS:Z:gpu:NVIDIA GeForce RTX 4070 SUPER	PU:Z:FBG39641	DT:Z:2026-07-15T14:17:26.508000+00:00	tm:Z:adapter,primer rc
1	d05d678b-2a13-4eba-8c3e-81482109a017	qs:f:19.6451	ch:i:330	st:Z:2026-07-15T17:06:19.554000+00:00	RG:Z:a40d6b40-d3ad-4fe7-8245-9c92f794f831_dna_r10.4.1_e8.2_400bps_sup@v5.2.0	DS:Z:gpu:NVIDIA GeForce RTX 4070 SUPER	PU:Z:FBG39641	DT:Z:2026-07-15T14:17:26.508000+00:00	tm:Z:adapter,primer rc
1	9dfc1fb1-b186-4ad8-826b-10cb42581040	qs:f:19.9158	ch:i:255	st:Z:2026-07-16T00:09:38.730000+00:00	RG:Z:a40d6b40-d3ad-4fe7-8245-9c92f794f831_dna_r10.4.1_e8.2_400bps_sup@v5.2.0	DS:Z:gpu:NVIDIA GeForce RTX 4070 SUPER	PU:Z:FBG39641	DT:Z:2026-07-15T14:17:26.508000+00:00	tm:Z:adapter,primer rc
1	603f8ec8-f4ee-47a2-8c28-cebde2ad78d1	qs:f:18.9124	ch:i:268	st:Z:2026-07-15T22:12:06.794000+00:00	RG:Z:a40d6b40-d3ad-4fe7-8245-9c92f794f831_dna_r10.4.1_e8.2_400bps_sup@v5.2.0	DS:Z:gpu:NVIDIA GeForce RTX 4070 SUPER	PU:Z:FBG39641	DT:Z:2026-07-15T14:17:26.508000+00:00	tm:Z:adapter,primer rc
1	1e9bcdc0-b7d0-4d38-a039-adaf78e3c95a	qs:f:14.9939	ch:i:276	st:Z:2026-07-15T21:44:21.858000+00:00	RG:Z:a40d6b40-d3ad-4fe7-8245-9c92f794f831_dna_r10.4.1_e8.2_400bps_sup@v5.2.0	DS:Z:gpu:NVIDIA GeForce RTX 4070 SUPER	PU:Z:FBG39641	DT:Z:2026-07-15T14:17:26.508000+00:00	tm:Z:adapter,primer
1	e791f31f-a5fb-4d5c-9861-0bccda9080a6	qs:f:19.565	ch:i:66	st:Z:2026-07-16T00:27:08.805000+00:00	RG:Z:a40d6b40-d3ad-4fe7-8245-9c92f794f831_dna_r10.4.1_e8.2_400bps_sup@v5.2.0	DS:Z:gpu:NVIDIA GeForce RTX 4070 SUPER	PU:Z:FBG39641	DT:Z:2026-07-15T14:17:26.508000+00:00	tm:Z:adapter,primer
1	d8edb74b-baca-4c0a-8661-e89b78d21242	qs:f:18.9262	ch:i:138	st:Z:2026-07-15T21:57:30.363000+00:00	RG:Z:a40d6b40-d3ad-4fe7-8245-9c92f794f831_dna_r10.4.1_e8.2_400bps_sup@v5.2.0	DS:Z:gpu:NVIDIA GeForce RTX 4070 SUPER	PU:Z:FBG39641	DT:Z:2026-07-15T14:17:26.508000+00:00	tm:Z:none
1	a69310c3-f0d7-48fa-923c-371b00cb27fc	qs:f:20.5934	ch:i:34	st:Z:2026-07-15T20:35:52.145000+00:00	RG:Z:a40d6b40-d3ad-4fe7-8245-9c92f794f831_dna_r10.4.1_e8.2_400bps_sup@v5.2.0	DS:Z:gpu:NVIDIA GeForce RTX 4070 SUPER	PU:Z:FBG39641	DT:Z:2026-07-15T14:17:26.508000+00:00	tm:Z:adapter,primer
1	2278aaab-6587-442b-a0cd-50a2e0880da2	qs:f:19.4803	ch:i:321	st:Z:2026-07-15T15:00:24.143000+00:00	RG:Z:a40d6b40-d3ad-4fe7-8245-9c92f794f831_dna_r10.4.1_e8.2_400bps_sup@v5.2.0	DS:Z:gpu:NVIDIA GeForce RTX 4070 SUPER	PU:Z:FBG39641	DT:Z:2026-07-15T14:17:26.508000+00:00	tm:Z:adapter,primer
1	1ebb4911-3522-4d86-b54e-5f1fb7e4f7c7	qs:f:18.5735	ch:i:198	st:Z:2026-07-15T17:13:29.554000+00:00	RG:Z:a40d6b40-d3ad-4fe7-8245-9c92f794f831_dna_r10.4.1_e8.2_400bps_sup@v5.2.0	DS:Z:gpu:NVIDIA GeForce RTX 4070 SUPER	PU:Z:FBG39641	DT:Z:2026-07-15T14:17:26.508000+00:00	tm:Z:adapter,primer rc
1	99845ab7-1145-4128-bc37-31c3ec7746db	qs:f:17.2862	ch:i:130	st:Z:2026-07-16T02:15:15.446000+00:00	RG:Z:a40d6b40-d3ad-4fe7-8245-9c92f794f831_dna_r10.4.1_e8.2_400bps_sup@v5.2.0	DS:Z:gpu:NVIDIA GeForce RTX 4070 SUPER	PU:Z:FBG39641	DT:Z:2026-07-15T14:17:26.508000+00:00	tm:Z:adapter,primer rc
1	356c4fd9-ddc4-495b-9fd1-4a879aa6d926	qs:f:17.5734	ch:i:295	st:Z:2026-07-15T21:20:15.546000+00:00	RG:Z:a40d6b40-d3ad-4fe7-8245-9c92f794f831_dna_r10.4.1_e8.2_400bps_sup@v5.2.0	DS:Z:gpu:NVIDIA GeForce RTX 4070 SUPER	PU:Z:FBG39641	DT:Z:2026-07-15T14:17:26.508000+00:00	tm:Z:adapter,primer
1	6c2624f2-9ce3-49de-a7fe-af858154bafb	qs:f:20.8323	ch:i:454	st:Z:2026-07-15T17:18:21.223000+00:00	RG:Z:a40d6b40-d3ad-4fe7-8245-9c92f794f831_dna_r10.4.1_e8.2_400bps_sup@v5.2.0	DS:Z:gpu:NVIDIA GeForce RTX 4070 SUPER	PU:Z:FBG39641	DT:Z:2026-07-15T14:17:26.508000+00:00	tm:Z:adapter,primer rc
1	4d83ec7f-26b6-432e-9ed0-da6fba75321b	qs:f:19.624	ch:i:355	st:Z:2026-07-15T19:15:55.187000+00:00	RG:Z:a40d6b40-d3ad-4fe7-8245-9c92f794f831_dna_r10.4.1_e8.2_400bps_sup@v5.2.0	DS:Z:gpu:NVIDIA GeForce RTX 4070 SUPER	PU:Z:FBG39641	DT:Z:2026-07-15T14:17:26.508000+00:00	tm:Z:adapter,primer
1	ebe1bae0-d95e-4cad-b8a5-86869fed5c4a	qs:f:17.1805	ch:i:204	st:Z:2026-07-15T16:40:24.287000+00:00	RG:Z:a40d6b40-d3ad-4fe7-8245-9c92f794f831_dna_r10.4.1_e8.2_400bps_sup@v5.2.0	DS:Z:gpu:NVIDIA GeForce RTX 4070 SUPER	PU:Z:FBG39641	DT:Z:2026-07-15T14:17:26.508000+00:00	tm:Z:adapter,primer rc
1	db07ed8d-7834-4203-80d4-caa02d836d9d	qs:f:20.4309	ch:i:194	st:Z:2026-07-15T19:35:45.356000+00:00	RG:Z:a40d6b40-d3ad-4fe7-8245-9c92f794f831_dna_r10.4.1_e8.2_400bps_sup@v5.2.0	DS:Z:gpu:NVIDIA GeForce RTX 4070 SUPER	PU:Z:FBG39641	DT:Z:2026-07-15T14:17:26.508000+00:00	tm:Z:adapter,primer rc
1	53fea2ac-d0c3-410a-992b-ab172424f8d7	qs:f:19.0083	ch:i:120	st:Z:2026-07-15T19:23:48.946000+00:00	RG:Z:a40d6b40-d3ad-4fe7-8245-9c92f794f831_dna_r10.4.1_e8.2_400bps_sup@v5.2.0	DS:Z:gpu:NVIDIA GeForce RTX 4070 SUPER	PU:Z:FBG39641	DT:Z:2026-07-15T14:17:26.508000+00:00	tm:Z:none
1	d75ec60c-e8bc-4a8a-ad3d-82357dfc1108	qs:f:20.592	ch:i:194	st:Z:2026-07-15T20:10:06.018000+00:00	RG:Z:a40d6b40-d3ad-4fe7-8245-9c92f794f831_dna_r10.4.1_e8.2_400bps_sup@v5.2.0	DS:Z:gpu:NVIDIA GeForce RTX 4070 SUPER	PU:Z:FBG39641	DT:Z:2026-07-15T14:17:26.508000+00:00	tm:Z:none
1	c61892bc-c7e5-492e-8970-f8ad6574070e	qs:f:16.8532	ch:i:242	st:Z:2026-07-15T21:04:19.420000+00:00	RG:Z:a40d6b40-d3ad-4fe7-8245-9c92f794f831_dna_r10.4.1_e8.2_400bps_sup@v5.2.0	DS:Z:gpu:NVIDIA GeForce RTX 4070 SUPER	PU:Z:FBG39641	DT:Z:2026-07-15T14:17:26.508000+00:00	tm:Z:adapter,primer rc
1	90f13eec-eece-47cd-962d-53e1b46f6287	qs:f:18.8498	ch:i:235	st:Z:2026-07-15T17:55:22.731000+00:00	RG:Z:a40d6b40-d3ad-4fe7-8245-9c92f794f831_dna_r10.4.1_e8.2_400bps_sup@v5.2.0	DS:Z:gpu:NVIDIA GeForce RTX 4070 SUPER	PU:Z:FBG39641	DT:Z:2026-07-15T14:17:26.508000+00:00	tm:Z:adapter,primer
1	0c0a686a-ecde-42a0-bdb3-9c0aff5bd5b4	qs:f:18.2972	ch:i:7	st:Z:2026-07-15T21:01:48.072000+00:00	RG:Z:a40d6b40-d3ad-4fe7-8245-9c92f794f831_dna_r10.4.1_e8.2_400bps_sup@v5.2.0	DS:Z:gpu:NVIDIA GeForce RTX 4070 SUPER	PU:Z:FBG39641	DT:Z:2026-07-15T14:17:26.508000+00:00	tm:Z:none rc
1	1701ad43-eacb-4870-bba0-43d4f64c575d	qs:f:18.0088	ch:i:99	st:Z:2026-07-15T16:32:40.748000+00:00	RG:Z:a40d6b40-d3ad-4fe7-8245-9c92f794f831_dna_r10.4.1_e8.2_400bps_sup@v5.2.0	DS:Z:gpu:NVIDIA GeForce RTX 4070 SUPER	PU:Z:FBG39641	DT:Z:2026-07-15T14:17:26.508000+00:00	tm:Z:none
1	693d3550-e940-4f44-9aee-29ab11cdba62	qs:f:17.9576	ch:i:33	st:Z:2026-07-15T18:00:19.974000+00:00	RG:Z:a40d6b40-d3ad-4fe7-8245-9c92f794f831_dna_r10.4.1_e8.2_400bps_sup@v5.2.0	DS:Z:gpu:NVIDIA GeForce RTX 4070 SUPER	PU:Z:FBG39641	DT:Z:2026-07-15T14:17:26.508000+00:00	tm:Z:adapter,primer rc
1	a6d842e7-1ece-4300-85fd-fabc03690652	qs:f:16.0803	ch:i:386	st:Z:2026-07-15T18:58:58.421000+00:00	RG:Z:a40d6b40-d3ad-4fe7-8245-9c92f794f831_dna_r10.4.1_e8.2_400bps_sup@v5.2.0	DS:Z:gpu:NVIDIA GeForce RTX 4070 SUPER	PU:Z:FBG39641	DT:Z:2026-07-15T14:17:26.508000+00:00	tm:Z:adapter,primer rc
1	63685b88-3f09-473e-9a4d-af42ba59928f	qs:f:15.253	ch:i:479	st:Z:2026-07-15T17:41:13.817000+00:00	RG:Z:a40d6b40-d3ad-4fe7-8245-9c92f794f831_dna_r10.4.1_e8.2_400bps_sup@v5.2.0	DS:Z:gpu:NVIDIA GeForce RTX 4070 SUPER	PU:Z:FBG39641	DT:Z:2026-07-15T14:17:26.508000+00:00	tm:Z:adapter,primer rc
1	e31fa90c-cfea-4f87-bfb9-53b9978b9b75	qs:f:17.4391	ch:i:105	st:Z:2026-07-15T21:12:57.662000+00:00	RG:Z:a40d6b40-d3ad-4fe7-8245-9c92f794f831_dna_r10.4.1_e8.2_400bps_sup@v5.2.0	DS:Z:gpu:NVIDIA GeForce RTX 4070 SUPER	PU:Z:FBG39641	DT:Z:2026-07-15T14:17:26.508000+00:00	tm:Z:adapter,primer
1	8f5640a2-c9e0-40f5-bfc3-60ce37fa1bff	qs:f:17.9385	ch:i:443	st:Z:2026-07-15T17:47:53.086000+00:00	RG:Z:a40d6b40-d3ad-4fe7-8245-9c92f794f831_dna_r10.4.1_e8.2_400bps_sup@v5.2.0	DS:Z:gpu:NVIDIA GeForce RTX 4070 SUPER	PU:Z:FBG39641	DT:Z:2026-07-15T14:17:26.508000+00:00	tm:Z:adapter,primer rc
1	e8e2f354-4d00-476a-8aa5-da8e69b73311	qs:f:16.2865	ch:i:158	st:Z:2026-07-15T17:14:57.494000+00:00	RG:Z:a40d6b40-d3ad-4fe7-8245-9c92f794f831_dna_r10.4.1_e8.2_400bps_sup@v5.2.0	DS:Z:gpu:NVIDIA GeForce RTX 4070 SUPER	PU:Z:FBG39641	DT:Z:2026-07-15T14:17:26.508000+00:00	tm:Z:adapter,primer rc
1	f4a01ecd-af0c-4b98-80b2-674038ef9e5d	qs:f:17.2648	ch:i:155	st:Z:2026-07-15T15:14:05.051000+00:00	RG:Z:a40d6b40-d3ad-4fe7-8245-9c92f794f831_dna_r10.4.1_e8.2_400bps_sup@v5.2.0	DS:Z:gpu:NVIDIA GeForce RTX 4070 SUPER	PU:Z:FBG39641	DT:Z:2026-07-15T14:17:26.508000+00:00	tm:Z:none
1	7497bf5b-3d20-425d-9d5a-425ed2f6168a	qs:f:14.6481	ch:i:157	st:Z:2026-07-15T21:09:12.988000+00:00	RG:Z:a40d6b40-d3ad-4fe7-8245-9c92f794f831_dna_r10.4.1_e8.2_400bps_sup@v5.2.0	DS:Z:gpu:NVIDIA GeForce RTX 4070 SUPER	PU:Z:FBG39641	DT:Z:2026-07-15T14:17:26.508000+00:00	tm:Z:none rc
1	51ff52d9-b8d7-488d-8342-ee29a8079060	qs:f:16.1306	ch:i:344	st:Z:2026-07-15T16:15:17.103000+00:00	RG:Z:a40d6b40-d3ad-4fe7-8245-9c92f794f831_dna_r10.4.1_e8.2_400bps_sup@v5.2.0	DS:Z:gpu:NVIDIA GeForce RTX 4070 SUPER	PU:Z:FBG39641	DT:Z:2026-07-15T14:17:26.508000+00:00	tm:Z:adapter,primer rc
1	321147e3-8d32-4d3f-b32f-b41f9ce502c3	qs:f:13.0183	ch:i:108	st:Z:2026-07-16T00:44:35.450000+00:00	RG:Z:a40d6b40-d3ad-4fe7-8245-9c92f794f831_dna_r10.4.1_e8.2_400bps_sup@v5.2.0	DS:Z:gpu:NVIDIA GeForce RTX 4070 SUPER	PU:Z:FBG39641	DT:Z:2026-07-15T14:17:26.508000+00:00	tm:Z:none rc
1	23d9cb55-e380-4f33-8b5d-a9c4a6e624dc	qs:f:13.9851	ch:i:352	st:Z:2026-07-15T16:51:53.089000+00:00	RG:Z:a40d6b40-d3ad-4fe7-8245-9c92f794f831_dna_r10.4.1_e8.2_400bps_sup@v5.2.0	DS:Z:gpu:NVIDIA GeForce RTX 4070 SUPER	PU:Z:FBG39641	DT:Z:2026-07-15T14:17:26.508000+00:00	tm:Z:none
1	c179dc5e-8d3e-4629-b2e2-7e70f405c273	qs:f:13.7288	ch:i:63	st:Z:2026-07-15T23:08:46.753000+00:00	RG:Z:a40d6b40-d3ad-4fe7-8245-9c92f794f831_dna_r10.4.1_e8.2_400bps_sup@v5.2.0	DS:Z:gpu:NVIDIA GeForce RTX 4070 SUPER	PU:Z:FBG39641	DT:Z:2026-07-15T14:17:26.508000+00:00	tm:Z:none
1	9109c7bf-1924-43ab-b052-1dde84b960d0	qs:f:13.6347	ch:i:339	st:Z:2026-07-15T14:35:26.753000+00:00	RG:Z:a40d6b40-d3ad-4fe7-8245-9c92f794f831_dna_r10.4.1_e8.2_400bps_sup@v5.2.0	DS:Z:gpu:NVIDIA GeForce RTX 4070 SUPER	PU:Z:FBG39641	DT:Z:2026-07-15T14:17:26.508000+00:00	tm:Z:none rc
1	3f370602-ac02-4d29-a2c2-c1871e021bbc	qs:f:15.6156	ch:i:190	st:Z:2026-07-15T21:23:51.684000+00:00	RG:Z:a40d6b40-d3ad-4fe7-8245-9c92f794f831_dna_r10.4.1_e8.2_400bps_sup@v5.2.0	DS:Z:gpu:NVIDIA GeForce RTX 4070 SUPER	PU:Z:FBG39641	DT:Z:2026-07-15T14:17:26.508000+00:00	tm:Z:none
1	cc717633-6336-473b-8941-62432ce24e5a	qs:f:15.7737	ch:i:452	st:Z:2026-07-15T23:25:32.420000+00:00	RG:Z:a40d6b40-d3ad-4fe7-8245-9c92f794f831_dna_r10.4.1_e8.2_400bps_sup@v5.2.0	DS:Z:gpu:NVIDIA GeForce RTX 4070 SUPER	PU:Z:FBG39641	DT:Z:2026-07-15T14:17:26.508000+00:00	tm:Z:adapter,primer rc
1	7a752111-fdb2-47ef-9787-ab2e88aff44b	qs:f:14.769	ch:i:374	st:Z:2026-07-15T18:48:04.426000+00:00	RG:Z:a40d6b40-d3ad-4fe7-8245-9c92f794f831_dna_r10.4.1_e8.2_400bps_sup@v5.2.0	DS:Z:gpu:NVIDIA GeForce RTX 4070 SUPER	PU:Z:FBG39641	DT:Z:2026-07-15T14:17:26.508000+00:00	tm:Z:adapter,primer rc
1	dad3b634-c3c5-41da-aac9-814284ce3021	qs:f:13.8627	ch:i:120	st:Z:2026-07-15T16:57:22.227000+00:00	RG:Z:a40d6b40-d3ad-4fe7-8245-9c92f794f831_dna_r10.4.1_e8.2_400bps_sup@v5.2.0	DS:Z:gpu:NVIDIA GeForce RTX 4070 SUPER	PU:Z:FBG39641	DT:Z:2026-07-15T14:17:26.508000+00:00	tm:Z:none rc
1	1ad022b0-98dc-47a3-af04-3c850d332eec	qs:f:13.2114	ch:i:63	st:Z:2026-07-15T20:40:36.836000+00:00	RG:Z:a40d6b40-d3ad-4fe7-8245-9c92f794f831_dna_r10.4.1_e8.2_400bps_sup@v5.2.0	DS:Z:gpu:NVIDIA GeForce RTX 4070 SUPER	PU:Z:FBG39641	DT:Z:2026-07-15T14:17:26.508000+00:00	tm:Z:adapter,primer
1	f37e9b06-23ce-4d26-9c77-a6b1e36c63dc	qs:f:15.0002	ch:i:129	st:Z:2026-07-15T21:50:41.017000+00:00	RG:Z:a40d6b40-d3ad-4fe7-8245-9c92f794f831_dna_r10.4.1_e8.2_400bps_sup@v5.2.0	DS:Z:gpu:NVIDIA GeForce RTX 4070 SUPER	PU:Z:FBG39641	DT:Z:2026-07-15T14:17:26.508000+00:00	tm:Z:none
1	27534b88-6c50-40a1-b6c7-6a101172f6ef	qs:f:13.9063	ch:i:71	st:Z:2026-07-15T20:08:12.052000+00:00	RG:Z:a40d6b40-d3ad-4fe7-8245-9c92f794f831_dna_r10.4.1_e8.2_400bps_sup@v5.2.0	DS:Z:gpu:NVIDIA GeForce RTX 4070 SUPER	PU:Z:FBG39641	DT:Z:2026-07-15T14:17:26.508000+00:00	tm:Z:adapter,primer
1	1f9f76df-05d7-4896-8725-16b9f63d6945	qs:f:12.1164	ch:i:298	st:Z:2026-07-15T20:25:55.232000+00:00	RG:Z:a40d6b40-d3ad-4fe7-8245-9c92f794f831_dna_r10.4.1_e8.2_400bps_sup@v5.2.0	DS:Z:gpu:NVIDIA GeForce RTX 4070 SUPER	PU:Z:FBG39641	DT:Z:2026-07-15T14:17:26.508000+00:00	tm:Z:none rc
1	86587efa-c90f-43a5-bf32-047e62434494	qs:f:10.5087	ch:i:106	st:Z:2026-07-15T22:18:48.594000+00:00	RG:Z:a40d6b40-d3ad-4fe7-8245-9c92f794f831_dna_r10.4.1_e8.2_400bps_sup@v5.2.0	DS:Z:gpu:NVIDIA GeForce RTX 4070 SUPER	PU:Z:FBG39641	DT:Z:2026-07-15T14:17:26.508000+00:00	tm:Z:none rc
1	7ad7d3ff-06f7-4580-900f-8f26ab6c481e	qs:f:11.5152	ch:i:374	st:Z:2026-07-15T16:11:21.125000+00:00	RG:Z:a40d6b40-d3ad-4fe7-8245-9c92f794f831_dna_r10.4.1_e8.2_400bps_sup@v5.2.0	DS:Z:gpu:NVIDIA GeForce RTX 4070 SUPER	PU:Z:FBG39641	DT:Z:2026-07-15T14:17:26.508000+00:00	tm:Z:none rc
2	95113a51-8f1c-448d-9add-dfba7bbc641a	qs:f:28.007	ch:i:388	st:Z:2026-07-15T18:24:01.243000+00:00	RG:Z:a40d6b40-d3ad-4fe7-8245-9c92f794f831_dna_r10.4.1_e8.2_400bps_sup@v5.2.0	DS:Z:gpu:NVIDIA GeForce RTX 4070 SUPER	PU:Z:FBG39641	DT:Z:2026-07-15T14:17:26.508000+00:00	tm:Z:adapter,primer rc
2	d105c449-bc8a-4f70-9162-037ef877f999	qs:f:22.8203	ch:i:454	st:Z:2026-07-16T00:41:08.027000+00:00	RG:Z:a40d6b40-d3ad-4fe7-8245-9c92f794f831_dna_r10.4.1_e8.2_400bps_sup@v5.2.0	DS:Z:gpu:NVIDIA GeForce RTX 4070 SUPER	PU:Z:FBG39641	DT:Z:2026-07-15T14:17:26.508000+00:00	tm:Z:adapter,primer
2	a66199ac-521c-471e-89cc-0dfbbbb86b34	qs:f:28.5539	ch:i:491	st:Z:2026-07-15T18:15:06.376000+00:00	RG:Z:a40d6b40-d3ad-4fe7-8245-9c92f794f831_dna_r10.4.1_e8.2_400bps_sup@v5.2.0	DS:Z:gpu:NVIDIA GeForce RTX 4070 SUPER	PU:Z:FBG39641	DT:Z:2026-07-15T14:17:26.508000+00:00	tm:Z:adapter,primer rc
2	27defeb8-f819-4d82-9ba4-442961447f78	qs:f:32.9387	ch:i:185	st:Z:2026-07-15T23:32:56.203000+00:00	RG:Z:a40d6b40-d3ad-4fe7-8245-9c92f794f831_dna_r10.4.1_e8.2_400bps_sup@v5.2.0	DS:Z:gpu:NVIDIA GeForce RTX 4070 SUPER	PU:Z:FBG39641	DT:Z:2026-07-15T14:17:26.508000+00:00	tm:Z:adapter,primer
2	64fb295a-a0e6-4028-957e-bddf9478c7d8	qs:f:17.0529	ch:i:452	st:Z:2026-07-15T16:38:11.215000+00:00	RG:Z:a40d6b40-d3ad-4fe7-8245-9c92f794f831_dna_r10.4.1_e8.2_400bps_sup@v5.2.0	DS:Z:gpu:NVIDIA GeForce RTX 4070 SUPER	PU:Z:FBG39641	DT:Z:2026-07-15T14:17:26.508000+00:00	tm:Z:none
2	c61fc8dd-f510-4483-a021-db101945b6ac	qs:f:17.4359	ch:i:85	st:Z:2026-07-15T21:20:45.647000+00:00	RG:Z:a40d6b40-d3ad-4fe7-8245-9c92f794f831_dna_r10.4.1_e8.2_400bps_sup@v5.2.0	DS:Z:gpu:NVIDIA GeForce RTX 4070 SUPER	PU:Z:FBG39641	DT:Z:2026-07-15T14:17:26.508000+00:00	tm:Z:none
2	f471220e-f0e3-462f-a8ca-4463a7f9153e	qs:f:24.019	ch:i:155	st:Z:2026-07-15T21:11:35.497000+00:00	RG:Z:a40d6b40-d3ad-4fe7-8245-9c92f794f831_dna_r10.4.1_e8.2_400bps_sup@v5.2.0	DS:Z:gpu:NVIDIA GeForce RTX 4070 SUPER	PU:Z:FBG39641	DT:Z:2026-07-15T14:17:26.508000+00:00	tm:Z:adapter,primer rc
2	58867afb-446f-4d29-9ad3-9c30c680ca54	qs:f:27.0893	ch:i:100	st:Z:2026-07-16T01:20:42.506000+00:00	RG:Z:a40d6b40-d3ad-4fe7-8245-9c92f794f831_dna_r10.4.1_e8.2_400bps_sup@v5.2.0	DS:Z:gpu:NVIDIA GeForce RTX 4070 SUPER	PU:Z:FBG39641	DT:Z:2026-07-15T14:17:26.508000+00:00	tm:Z:adapter,primer rc
2	55c4b1cb-158e-433b-840f-0a2fa0ae023b	qs:f:25.917	ch:i:78	st:Z:2026-07-15T15:25:35.996000+00:00	RG:Z:a40d6b40-d3ad-4fe7-8245-9c92f794f831_dna_r10.4.1_e8.2_400bps_sup@v5.2.0	DS:Z:gpu:NVIDIA GeForce RTX 4070 SUPER	PU:Z:FBG39641	DT:Z:2026-07-15T14:17:26.508000+00:00	tm:Z:adapter,primer
2	c38604ca-63b9-4b44-b181-565fff2a938d	qs:f:24.6744	ch:i:291	st:Z:2026-07-15T22:49:11.740000+00:00	RG:Z:a40d6b40-d3ad-4fe7-8245-9c92f794f831_dna_r10.4.1_e8.2_400bps_sup@v5.2.0	DS:Z:gpu:NVIDIA GeForce RTX 4070 SUPER	PU:Z:FBG39641	DT:Z:2026-07-15T14:17:26.508000+00:00	tm:Z:none rc
2	14ab9043-18e6-4b55-a43a-0f8a84a7d676	qs:f:25.6554	ch:i:150	st:Z:2026-07-15T14:28:50.029000+00:00	RG:Z:a40d6b40-d3ad-4fe7-8245-9c92f794f831_dna_r10.4.1_e8.2_400bps_sup@v5.2.0	DS:Z:gpu:NVIDIA GeForce RTX 4070 SUPER	PU:Z:FBG39641	DT:Z:2026-07-15T14:17:26.508000+00:00	tm:Z:adapter,primer rc
2	f4dc990d-0053-4d72-a4a5-5b4e00bd461a	qs:f:19.5539	ch:i:389	st:Z:2026-07-15T17:39:30.151000+00:00	RG:Z:a40d6b40-d3ad-4fe7-8245-9c92f794f831_dna_r10.4.1_e8.2_400bps_sup@v5.2.0	DS:Z:gpu:NVIDIA GeForce RTX 4070 SUPER	PU:Z:FBG39641	DT:Z:2026-07-15T14:17:26.508000+00:00	tm:Z:adapter,primer rc
2	d68571aa-904f-48c8-9cf4-89376748f44f	qs:f:17.1824	ch:i:93	st:Z:2026-07-15T22:34:36.101000+00:00	RG:Z:a40d6b40-d3ad-4fe7-8245-9c92f794f831_dna_r10.4.1_e8.2_400bps_sup@v5.2.0	DS:Z:gpu:NVIDIA GeForce RTX 4070 SUPER	PU:Z:FBG39641	DT:Z:2026-07-15T14:17:26.508000+00:00	tm:Z:adapter,primer
2	ee6cc812-9079-4e9d-a71a-e8c5f25ca5ba	qs:f:19.0191	ch:i:81	st:Z:2026-07-15T17:23:15.889000+00:00	RG:Z:a40d6b40-d3ad-4fe7-8245-9c92f794f831_dna_r10.4.1_e8.2_400bps_sup@v5.2.0	DS:Z:gpu:NVIDIA GeForce RTX 4070 SUPER	PU:Z:FBG39641	DT:Z:2026-07-15T14:17:26.508000+00:00	tm:Z:adapter,primer rc
2	d11de606-b481-4651-a707-a47812f5817a	qs:f:21.6808	ch:i:451	st:Z:2026-07-15T23:57:00.778000+00:00	RG:Z:a40d6b40-d3ad-4fe7-8245-9c92f794f831_dna_r10.4.1_e8.2_400bps_sup@v5.2.0	DS:Z:gpu:NVIDIA GeForce RTX 4070 SUPER	PU:Z:FBG39641	DT:Z:2026-07-15T14:17:26.508000+00:00	tm:Z:none
2	29f278a6-964d-478f-99ab-af3b01dbf25d	qs:f:23.0543	ch:i:495	st:Z:2026-07-15T15:54:19.226000+00:00	RG:Z:a40d6b40-d3ad-4fe7-8245-9c92f794f831_dna_r10.4.1_e8.2_400bps_sup@v5.2.0	DS:Z:gpu:NVIDIA GeForce RTX 4070 SUPER	PU:Z:FBG39641	DT:Z:2026-07-15T14:17:26.508000+00:00	tm:Z:none
2	85ff8c13-07a8-4d6e-9f41-eb68a55bcf5b	qs:f:20.6917	ch:i:352	st:Z:2026-07-15T23:37:17.113000+00:00	RG:Z:a40d6b40-d3ad-4fe7-8245-9c92f794f831_dna_r10.4.1_e8.2_400bps_sup@v5.2.0	DS:Z:gpu:NVIDIA GeForce RTX 4070 SUPER	PU:Z:FBG39641	DT:Z:2026-07-15T14:17:26.508000+00:00	tm:Z:none
2	8559f025-693d-4159-8dd9-e2a965f96a01	qs:f:24.6574	ch:i:261	st:Z:2026-07-16T01:00:10.163000+00:00	RG:Z:a40d6b40-d3ad-4fe7-8245-9c92f794f831_dna_r10.4.1_e8.2_400bps_sup@v5.2.0	DS:Z:gpu:NVIDIA GeForce RTX 4070 SUPER	PU:Z:FBG39641	DT:Z:2026-07-15T14:17:26.508000+00:00	tm:Z:none
2	acd670fe-3965-4264-b818-7f92bb83566b	qs:f:15.7441	ch:i:401	st:Z:2026-07-15T14:56:42.269000+00:00	RG:Z:a40d6b40-d3ad-4fe7-8245-9c92f794f831_dna_r10.4.1_e8.2_400bps_sup@v5.2.0	DS:Z:gpu:NVIDIA GeForce RTX 4070 SUPER	PU:Z:FBG39641	DT:Z:2026-07-15T14:17:26.508000+00:00	tm:Z:adapter,primer rc
2	95f55b4c-982b-4dc8-8443-ee0560dc7c87	qs:f:17.682	ch:i:197	st:Z:2026-07-15T21:01:53.157000+00:00	RG:Z:a40d6b40-d3ad-4fe7-8245-9c92f794f831_dna_r10.4.1_e8.2_400bps_sup@v5.2.0	DS:Z:gpu:NVIDIA GeForce RTX 4070 SUPER	PU:Z:FBG39641	DT:Z:2026-07-15T14:17:26.508000+00:00	tm:Z:adapter,primer rc
2	6fcecd1f-0e8f-4076-b13f-bdd35b3adff9	qs:f:18.9864	ch:i:460	st:Z:2026-07-15T19:26:18.457000+00:00	RG:Z:a40d6b40-d3ad-4fe7-8245-9c92f794f831_dna_r10.4.1_e8.2_400bps_sup@v5.2.0	DS:Z:gpu:NVIDIA GeForce RTX 4070 SUPER	PU:Z:FBG39641	DT:Z:2026-07-15T14:17:26.508000+00:00	tm:Z:adapter,primer
2	d57562fc-9e32-4498-a978-4e724ef69464	qs:f:25.6215	ch:i:350	st:Z:2026-07-15T14:43:54.124000+00:00	RG:Z:a40d6b40-d3ad-4fe7-8245-9c92f794f831_dna_r10.4.1_e8.2_400bps_sup@v5.2.0	DS:Z:gpu:NVIDIA GeForce RTX 4070 SUPER	PU:Z:FBG39641	DT:Z:2026-07-15T14:17:26.508000+00:00	tm:Z:adapter,primer rc
2	7e7054a6-f4e5-49b3-ab40-f38419f84296	qs:f:13.3383	ch:i:94	st:Z:2026-07-15T15:08:36.592000+00:00	RG:Z:a40d6b40-d3ad-4fe7-8245-9c92f794f831_dna_r10.4.1_e8.2_400bps_sup@v5.2.0	DS:Z:gpu:NVIDIA GeForce RTX 4070 SUPER	PU:Z:FBG39641	DT:Z:2026-07-15T14:17:26.508000+00:00	tm:Z:none rc
2	fd326124-28ae-4b1a-a6ba-e9b8049eed0e	qs:f:22.731	ch:i:19	st:Z:2026-07-16T00:57:46.722000+00:00	RG:Z:a40d6b40-d3ad-4fe7-8245-9c92f794f831_dna_r10.4.1_e8.2_400bps_sup@v5.2.0	DS:Z:gpu:NVIDIA GeForce RTX 4070 SUPER	PU:Z:FBG39641	DT:Z:2026-07-15T14:17:26.508000+00:00	tm:Z:adapter,primer rc
2	0a9c5df7-401b-4bd6-8de7-f7bb7bf129ed	qs:f:21.9894	ch:i:133	st:Z:2026-07-15T15:38:40.858000+00:00	RG:Z:a40d6b40-d3ad-4fe7-8245-9c92f794f831_dna_r10.4.1_e8.2_400bps_sup@v5.2.0	DS:Z:gpu:NVIDIA GeForce RTX 4070 SUPER	PU:Z:FBG39641	DT:Z:2026-07-15T14:17:26.508000+00:00	tm:Z:none rc
2	0d9420a6-926d-4f7b-ad8d-bbba3d4537e2	qs:f:13.5369	ch:i:244	st:Z:2026-07-16T00:24:50.568000+00:00	RG:Z:a40d6b40-d3ad-4fe7-8245-9c92f794f831_dna_r10.4.1_e8.2_400bps_sup@v5.2.0	DS:Z:gpu:NVIDIA GeForce RTX 4070 SUPER	PU:Z:FBG39641	DT:Z:2026-07-15T14:17:26.508000+00:00	tm:Z:none
2	554e53bc-078c-4db8-b236-8ffaddb8d85c	qs:f:21.7296	ch:i:370	st:Z:2026-07-15T16:45:23.276000+00:00	RG:Z:a40d6b40-d3ad-4fe7-8245-9c92f794f831_dna_r10.4.1_e8.2_400bps_sup@v5.2.0	DS:Z:gpu:NVIDIA GeForce RTX 4070 SUPER	PU:Z:FBG39641	DT:Z:2026-07-15T14:17:26.508000+00:00	tm:Z:none
2	333bedbd-0b6f-420a-91c6-3d9cc17b0a64	qs:f:17.4416	ch:i:168	st:Z:2026-07-15T14:27:14.061000+00:00	RG:Z:a40d6b40-d3ad-4fe7-8245-9c92f794f831_dna_r10.4.1_e8.2_400bps_sup@v5.2.0	DS:Z:gpu:NVIDIA GeForce RTX 4070 SUPER	PU:Z:FBG39641	DT:Z:2026-07-15T14:17:26.508000+00:00	tm:Z:adapter,primer rc
2	db448488-c9ac-4c7e-9eee-f5e67b79a7e3	qs:f:18.4417	ch:i:507	st:Z:2026-07-15T19:08:05.474000+00:00	RG:Z:a40d6b40-d3ad-4fe7-8245-9c92f794f831_dna_r10.4.1_e8.2_400bps_sup@v5.2.0	DS:Z:gpu:NVIDIA GeForce RTX 4070 SUPER	PU:Z:FBG39641	DT:Z:2026-07-15T14:17:26.508000+00:00	tm:Z:adapter,primer
2	b4f82e35-3a73-44c6-ae15-c657f613904e	qs:f:20.6518	ch:i:346	st:Z:2026-07-16T01:28:49.093000+00:00	RG:Z:a40d6b40-d3ad-4fe7-8245-9c92f794f831_dna_r10.4.1_e8.2_400bps_sup@v5.2.0	DS:Z:gpu:NVIDIA GeForce RTX 4070 SUPER	PU:Z:FBG39641	DT:Z:2026-07-15T14:17:26.508000+00:00	tm:Z:none rc
2	0baa05ee-538b-4247-b206-61873076e577	qs:f:16.4565	ch:i:397	st:Z:2026-07-15T17:46:48.641000+00:00	RG:Z:a40d6b40-d3ad-4fe7-8245-9c92f794f831_dna_r10.4.1_e8.2_400bps_sup@v5.2.0	DS:Z:gpu:NVIDIA GeForce RTX 4070 SUPER	PU:Z:FBG39641	DT:Z:2026-07-15T14:17:26.508000+00:00	tm:Z:adapter,primer rc
2	3e4500ec-76dc-4180-a55b-1e2c6241e03b	qs:f:13.8227	ch:i:319	st:Z:2026-07-16T00:52:15.586000+00:00	RG:Z:a40d6b40-d3ad-4fe7-8245-9c92f794f831_dna_r10.4.1_e8.2_400bps_sup@v5.2.0	DS:Z:gpu:NVIDIA GeForce RTX 4070 SUPER	PU:Z:FBG39641	DT:Z:2026-07-15T14:17:26.508000+00:00	tm:Z:none
2	4b9a710a-9ef4-4fd0-bd6c-38b8a118acc4	qs:f:14.5005	ch:i:222	st:Z:2026-07-15T18:23:12.814000+00:00	RG:Z:a40d6b40-d3ad-4fe7-8245-9c92f794f831_dna_r10.4.1_e8.2_400bps_sup@v5.2.0	DS:Z:gpu:NVIDIA GeForce RTX 4070 SUPER	PU:Z:FBG39641	DT:Z:2026-07-15T14:17:26.508000+00:00	tm:Z:adapter,primer rc
2	847c5104-c9d9-44eb-82ee-a784ba2152af	qs:f:12.8816	ch:i:268	st:Z:2026-07-15T18:04:55.074000+00:00	RG:Z:a40d6b40-d3ad-4fe7-8245-9c92f794f831_dna_r10.4.1_e8.2_400bps_sup@v5.2.0	DS:Z:gpu:NVIDIA GeForce RTX 4070 SUPER	PU:Z:FBG39641	DT:Z:2026-07-15T14:17:26.508000+00:00	tm:Z:adapter,primer rc
2	10aa970b-1443-4b66-ad5e-7875e15041f1	qs:f:18.1831	ch:i:105	st:Z:2026-07-15T21:19:04.479000+00:00	RG:Z:a40d6b40-d3ad-4fe7-8245-9c92f794f831_dna_r10.4.1_e8.2_400bps_sup@v5.2.0	DS:Z:gpu:NVIDIA GeForce RTX 4070 SUPER	PU:Z:FBG39641	DT:Z:2026-07-15T14:17:26.508000+00:00	tm:Z:adapter,primer rc
2	6a4c0e01-b948-46a2-9375-c8d07644a1f5	qs:f:20.4066	ch:i:491	st:Z:2026-07-15T17:48:52.466000+00:00	RG:Z:a40d6b40-d3ad-4fe7-8245-9c92f794f831_dna_r10.4.1_e8.2_400bps_sup@v5.2.0	DS:Z:gpu:NVIDIA GeForce RTX 4070 SUPER	PU:Z:FBG39641	DT:Z:2026-07-15T14:17:26.508000+00:00	tm:Z:none rc
2	6026fc6f-a8b8-4768-8bcc-b6b57dcdf452	qs:f:18.6783	ch:i:341	st:Z:2026-07-16T00:36:56.831000+00:00	RG:Z:a40d6b40-d3ad-4fe7-8245-9c92f794f831_dna_r10.4.1_e8.2_400bps_sup@v5.2.0	DS:Z:gpu:NVIDIA GeForce RTX 4070 SUPER	PU:Z:FBG39641	DT:Z:2026-07-15T14:17:26.508000+00:00	tm:Z:adapter,primer
2	3683ecf1-cca1-40ba-a443-0a2bcbaa4206	qs:f:18.6827	ch:i:72	st:Z:2026-07-15T23:49:58.406000+00:00	RG:Z:a40d6b40-d3ad-4fe7-8245-9c92f794f831_dna_r10.4.1_e8.2_400bps_sup@v5.2.0	DS:Z:gpu:NVIDIA GeForce RTX 4070 SUPER	PU:Z:FBG39641	DT:Z:2026-07-15T14:17:26.508000+00:00	tm:Z:adapter,primer rc
2	ac7dce60-a01f-4688-9e58-394c756d8604	qs:f:16.5721	ch:i:440	st:Z:2026-07-15T15:29:54.930000+00:00	RG:Z:a40d6b40-d3ad-4fe7-8245-9c92f794f831_dna_r10.4.1_e8.2_400bps_sup@v5.2.0	DS:Z:gpu:NVIDIA GeForce RTX 4070 SUPER	PU:Z:FBG39641	DT:Z:2026-07-15T14:17:26.508000+00:00	tm:Z:none rc
2	f916bf83-492f-49b5-83b8-f78b31462b96	qs:f:14.7499	ch:i:407	st:Z:2026-07-15T18:12:50.473000+00:00	RG:Z:a40d6b40-d3ad-4fe7-8245-9c92f794f831_dna_r10.4.1_e8.2_400bps_sup@v5.2.0	DS:Z:gpu:NVIDIA GeForce RTX 4070 SUPER	PU:Z:FBG39641	DT:Z:2026-07-15T14:17:26.508000+00:00	tm:Z:none rc
2	e1457126-5816-4836-b347-bbb66cdebb83	qs:f:14.8324	ch:i:237	st:Z:2026-07-15T17:07:09.276000+00:00	RG:Z:a40d6b40-d3ad-4fe7-8245-9c92f794f831_dna_r10.4.1_e8.2_400bps_sup@v5.2.0	DS:Z:gpu:NVIDIA GeForce RTX 4070 SUPER	PU:Z:FBG39641	DT:Z:2026-07-15T14:17:26.508000+00:00	tm:Z:adapter,primer rc
2	ca247dd4-e134-4663-b0c4-6574dfed6705	qs:f:15.9534	ch:i:473	st:Z:2026-07-15T18:28:54.052000+00:00	RG:Z:a40d6b40-d3ad-4fe7-8245-9c92f794f831_dna_r10.4.1_e8.2_400bps_sup@v5.2.0	DS:Z:gpu:NVIDIA GeForce RTX 4070 SUPER	PU:Z:FBG39641	DT:Z:2026-07-15T14:17:26.508000+00:00	tm:Z:adapter,primer
2	2246df29-0e05-40ec-b215-843155bad378	qs:f:19.3132	ch:i:269	st:Z:2026-07-15T19:38:02.482000+00:00	RG:Z:a40d6b40-d3ad-4fe7-8245-9c92f794f831_dna_r10.4.1_e8.2_400bps_sup@v5.2.0	DS:Z:gpu:NVIDIA GeForce RTX 4070 SUPER	PU:Z:FBG39641	DT:Z:2026-07-15T14:17:26.508000+00:00	tm:Z:none rc
2	c7283a76-bfe7-424f-83a0-7c3248ba0ce6	qs:f:19.4824	ch:i:129	st:Z:2026-07-15T17:13:30.653000+00:00	RG:Z:a40d6b40-d3ad-4fe7-8245-9c92f794f831_dna_r10.4.1_e8.2_400bps_sup@v5.2.0	DS:Z:gpu:NVIDIA GeForce RTX 4070 SUPER	PU:Z:FBG39641	DT:Z:2026-07-15T14:17:26.508000+00:00	tm:Z:adapter,primer rc
2	d9e472ca-ef50-432c-b5f3-78be61da2102	qs:f:15.0688	ch:i:191	st:Z:2026-07-15T21:48:55.822000+00:00	RG:Z:a40d6b40-d3ad-4fe7-8245-9c92f794f831_dna_r10.4.1_e8.2_400bps_sup@v5.2.0	DS:Z:gpu:NVIDIA GeForce RTX 4070 SUPER	PU:Z:FBG39641	DT:Z:2026-07-15T14:17:26.508000+00:00	tm:Z:none rc
2	6ec07a64-49b5-4abc-a19e-c17c46ae7165	qs:f:18.707	ch:i:288	st:Z:2026-07-15T22:27:58.071000+00:00	RG:Z:a40d6b40-d3ad-4fe7-8245-9c92f794f831_dna_r10.4.1_e8.2_400bps_sup@v5.2.0	DS:Z:gpu:NVIDIA GeForce RTX 4070 SUPER	PU:Z:FBG39641	DT:Z:2026-07-15T14:17:26.508000+00:00	tm:Z:adapter,primer rc
2	68dcdff7-bd97-4acb-8ead-546d50d45531	qs:f:16.3578	ch:i:273	st:Z:2026-07-15T19:52:00.244000+00:00	RG:Z:a40d6b40-d3ad-4fe7-8245-9c92f794f831_dna_r10.4.1_e8.2_400bps_sup@v5.2.0	DS:Z:gpu:NVIDIA GeForce RTX 4070 SUPER	PU:Z:FBG39641	DT:Z:2026-07-15T14:17:26.508000+00:00	tm:Z:adapter,primer rc
2	2d550e93-7e97-4dd3-8585-18adb00d6fab	qs:f:16.9649	ch:i:382	st:Z:2026-07-15T18:11:04.291000+00:00	RG:Z:a40d6b40-d3ad-4fe7-8245-9c92f794f831_dna_r10.4.1_e8.2_400bps_sup@v5.2.0	DS:Z:gpu:NVIDIA GeForce RTX 4070 SUPER	PU:Z:FBG39641	DT:Z:2026-07-15T14:17:26.508000+00:00	tm:Z:none
2	f30f6ff2-cdcd-4bb3-904c-6d698870614d	qs:f:20.7499	ch:i:230	st:Z:2026-07-16T02:00:41.093000+00:00	RG:Z:a40d6b40-d3ad-4fe7-8245-9c92f794f831_dna_r10.4.1_e8.2_400bps_sup@v5.2.0	DS:Z:gpu:NVIDIA GeForce RTX 4070 SUPER	PU:Z:FBG39641	DT:Z:2026-07-15T14:17:26.508000+00:00	tm:Z:adapter,primer rc
2	1644b7fc-3733-4bc5-a991-814cbd3d72e6	qs:f:14.7863	ch:i:460	st:Z:2026-07-15T21:24:33.875000+00:00	RG:Z:a40d6b40-d3ad-4fe7-8245-9c92f794f831_dna_r10.4.1_e8.2_400bps_sup@v5.2.0	DS:Z:gpu:NVIDIA GeForce RTX 4070 SUPER	PU:Z:FBG39641	DT:Z:2026-07-15T14:17:26.508000+00:00	tm:Z:adapter,primer rc
2	ba1a279d-5371-4a21-93e5-f8360a078bd9	qs:f:19.4612	ch:i:283	st:Z:2026-07-16T00:09:54.241000+00:00	RG:Z:a40d6b40-d3ad-4fe7-8245-9c92f794f831_dna_r10.4.1_e8.2_400bps_sup@v5.2.0	DS:Z:gpu:NVIDIA GeForce RTX 4070 SUPER	PU:Z:FBG39641	DT:Z:2026-07-15T14:17:26.508000+00:00	tm:Z:adapter,primer rc
2	a803ce0d-8ce2-4ee3-9c0a-9229fa05505d	qs:f:16.9669	ch:i:167	st:Z:2026-07-15T21:42:52.241000+00:00	RG:Z:a40d6b40-d3ad-4fe7-8245-9c92f794f831_dna_r10.4.1_e8.2_400bps_sup@v5.2.0	DS:Z:gpu:NVIDIA GeForce RTX 4070 SUPER	PU:Z:FBG39641	DT:Z:2026-07-15T14:17:26.508000+00:00	tm:Z:adapter,primer rc
2	a92c5504-ba13-4ead-90f3-e4d12bb879f9	qs:f:15.9304	ch:i:344	st:Z:2026-07-16T01:15:26.657000+00:00	RG:Z:a40d6b40-d3ad-4fe7-8245-9c92f794f831_dna_r10.4.1_e8.2_400bps_sup@v5.2.0	DS:Z:gpu:NVIDIA GeForce RTX 4070 SUPER	PU:Z:FBG39641	DT:Z:2026-07-15T14:17:26.508000+00:00	tm:Z:none rc
2	17b0b5d7-6c01-4d39-94b8-f12e98d014ea	qs:f:15.0557	ch:i:297	st:Z:2026-07-15T22:55:46.888000+00:00	RG:Z:a40d6b40-d3ad-4fe7-8245-9c92f794f831_dna_r10.4.1_e8.2_400bps_sup@v5.2.0	DS:Z:gpu:NVIDIA GeForce RTX 4070 SUPER	PU:Z:FBG39641	DT:Z:2026-07-15T14:17:26.508000+00:00	tm:Z:adapter,primer rc
2	43def402-82bf-4d9f-8144-db46c7e582f7	qs:f:15.4821	ch:i:456	st:Z:2026-07-15T15:44:25.542000+00:00	RG:Z:a40d6b40-d3ad-4fe7-8245-9c92f794f831_dna_r10.4.1_e8.2_400bps_sup@v5.2.0	DS:Z:gpu:NVIDIA GeForce RTX 4070 SUPER	PU:Z:FBG39641	DT:Z:2026-07-15T14:17:26.508000+00:00	tm:Z:adapter,primer rc
2	3467d1d4-e7d9-48f2-bdaa-0dec37a01972	qs:f:14.9006	ch:i:485	st:Z:2026-07-15T17:11:55.073000+00:00	RG:Z:a40d6b40-d3ad-4fe7-8245-9c92f794f831_dna_r10.4.1_e8.2_400bps_sup@v5.2.0	DS:Z:gpu:NVIDIA GeForce RTX 4070 SUPER	PU:Z:FBG39641	DT:Z:2026-07-15T14:17:26.508000+00:00	tm:Z:adapter,primer
2	de466095-6f50-4ad1-a9bb-ba2b54ac3014	qs:f:16.4818	ch:i:327	st:Z:2026-07-15T17:09:00.526000+00:00	RG:Z:a40d6b40-d3ad-4fe7-8245-9c92f794f831_dna_r10.4.1_e8.2_400bps_sup@v5.2.0	DS:Z:gpu:NVIDIA GeForce RTX 4070 SUPER	PU:Z:FBG39641	DT:Z:2026-07-15T14:17:26.508000+00:00	tm:Z:none rc
2	72611391-61fb-4da4-9b65-ca199eaf67e3	qs:f:13.5109	ch:i:220	st:Z:2026-07-15T19:28:44.012000+00:00	RG:Z:a40d6b40-d3ad-4fe7-8245-9c92f794f831_dna_r10.4.1_e8.2_400bps_sup@v5.2.0	DS:Z:gpu:NVIDIA GeForce RTX 4070 SUPER	PU:Z:FBG39641	DT:Z:2026-07-15T14:17:26.508000+00:00	tm:Z:adapter,primer rc
2	65f4dd0e-afda-4d39-90be-3a67e176ed65	qs:f:16.4064	ch:i:418	st:Z:2026-07-15T14:38:56.445000+00:00	RG:Z:a40d6b40-d3ad-4fe7-8245-9c92f794f831_dna_r10.4.1_e8.2_400bps_sup@v5.2.0	DS:Z:gpu:NVIDIA GeForce RTX 4070 SUPER	PU:Z:FBG39641	DT:Z:2026-07-15T14:17:26.508000+00:00	tm:Z:adapter,primer rc
2	b2da90e9-8337-4c0f-a186-b47e7afda3c5	qs:f:16.7531	ch:i:112	st:Z:2026-07-15T19:31:59.796000+00:00	RG:Z:a40d6b40-d3ad-4fe7-8245-9c92f794f831_dna_r10.4.1_e8.2_400bps_sup@v5.2.0	DS:Z:gpu:NVIDIA GeForce RTX 4070 SUPER	PU:Z:FBG39641	DT:Z:2026-07-15T14:17:26.508000+00:00	tm:Z:adapter,primer rc
2	9de31693-5b2b-4e93-88d1-3bdf65b966c9	qs:f:16.2964	ch:i:407	st:Z:2026-07-15T15:09:38.244000+00:00	RG:Z:a40d6b40-d3ad-4fe7-8245-9c92f794f831_dna_r10.4.1_e8.2_400bps_sup@v5.2.0	DS:Z:gpu:NVIDIA GeForce RTX 4070 SUPER	PU:Z:FBG39641	DT:Z:2026-07-15T14:17:26.508000+00:00	tm:Z:adapter,primer
2	0139b765-bc1f-4bda-9844-84ae9128c962	qs:f:16.6841	ch:i:456	st:Z:2026-07-16T00:09:14.370000+00:00	RG:Z:a40d6b40-d3ad-4fe7-8245-9c92f794f831_dna_r10.4.1_e8.2_400bps_sup@v5.2.0	DS:Z:gpu:NVIDIA GeForce RTX 4070 SUPER	PU:Z:FBG39641	DT:Z:2026-07-15T14:17:26.508000+00:00	tm:Z:adapter,primer rc
2	cf26ae56-efab-44f1-8060-4607f3aa4a2c	qs:f:15.9401	ch:i:322	st:Z:2026-07-15T22:07:16.933000+00:00	RG:Z:a40d6b40-d3ad-4fe7-8245-9c92f794f831_dna_r10.4.1_e8.2_400bps_sup@v5.2.0	DS:Z:gpu:NVIDIA GeForce RTX 4070 SUPER	PU:Z:FBG39641	DT:Z:2026-07-15T14:17:26.508000+00:00	tm:Z:adapter,primer rc
2	1490da32-eb3d-4672-94df-2f08ac000039	qs:f:15.6906	ch:i:333	st:Z:2026-07-15T15:18:05.434000+00:00	RG:Z:a40d6b40-d3ad-4fe7-8245-9c92f794f831_dna_r10.4.1_e8.2_400bps_sup@v5.2.0	DS:Z:gpu:NVIDIA GeForce RTX 4070 SUPER	PU:Z:FBG39641	DT:Z:2026-07-15T14:17:26.508000+00:00	tm:Z:adapter,primer
2	daa5e44c-e79f-44fb-b9d3-d5fd00ef572a	qs:f:15.1884	ch:i:386	st:Z:2026-07-15T19:56:36.626000+00:00	RG:Z:a40d6b40-d3ad-4fe7-8245-9c92f794f831_dna_r10.4.1_e8.2_400bps_sup@v5.2.0	DS:Z:gpu:NVIDIA GeForce RTX 4070 SUPER	PU:Z:FBG39641	DT:Z:2026-07-15T14:17:26.508000+00:00	tm:Z:adapter,primer rc
2	f6edf0f2-4288-40d0-93d5-3648a5256cd6	qs:f:12.541	ch:i:207	st:Z:2026-07-15T23:24:50.128000+00:00	RG:Z:a40d6b40-d3ad-4fe7-8245-9c92f794f831_dna_r10.4.1_e8.2_400bps_sup@v5.2.0	DS:Z:gpu:NVIDIA GeForce RTX 4070 SUPER	PU:Z:FBG39641	DT:Z:2026-07-15T14:17:26.508000+00:00	tm:Z:adapter,primer rc
2	563efae4-dfd1-485c-8180-247341a56673	qs:f:14.0614	ch:i:360	st:Z:2026-07-15T21:17:25.071000+00:00	RG:Z:a40d6b40-d3ad-4fe7-8245-9c92f794f831_dna_r10.4.1_e8.2_400bps_sup@v5.2.0	DS:Z:gpu:NVIDIA GeForce RTX 4070 SUPER	PU:Z:FBG39641	DT:Z:2026-07-15T14:17:26.508000+00:00	tm:Z:adapter,primer rc
2	1d45772d-5ea3-4294-8f5f-311bf9279df5	qs:f:13.2343	ch:i:343	st:Z:2026-07-15T14:34:05.382000+00:00	RG:Z:a40d6b40-d3ad-4fe7-8245-9c92f794f831_dna_r10.4.1_e8.2_400bps_sup@v5.2.0	DS:Z:gpu:NVIDIA GeForce RTX 4070 SUPER	PU:Z:FBG39641	DT:Z:2026-07-15T14:17:26.508000+00:00	tm:Z:adapter,primer
2	a9fa1978-c6a2-440a-a025-09ce194242c8	qs:f:13.709	ch:i:366	st:Z:2026-07-16T01:42:19.862000+00:00	RG:Z:a40d6b40-d3ad-4fe7-8245-9c92f794f831_dna_r10.4.1_e8.2_400bps_sup@v5.2.0	DS:Z:gpu:NVIDIA GeForce RTX 4070 SUPER	PU:Z:FBG39641	DT:Z:2026-07-15T14:17:26.508000+00:00	tm:Z:none rc
2	3c6fcc3b-c2b9-42f4-95d2-41abe2400381	qs:f:12.5595	ch:i:31	st:Z:2026-07-15T22:09:39.102000+00:00	RG:Z:a40d6b40-d3ad-4fe7-8245-9c92f794f831_dna_r10.4.1_e8.2_400bps_sup@v5.2.0	DS:Z:gpu:NVIDIA GeForce RTX 4070 SUPER	PU:Z:FBG39641	DT:Z:2026-07-15T14:17:26.508000+00:00	tm:Z:adapter,primer rc
2	dd90dbd2-6d80-48fd-bdcf-530ead4f77d4	qs:f:11.9591	ch:i:299	st:Z:2026-07-15T14:28:26.429000+00:00	RG:Z:a40d6b40-d3ad-4fe7-8245-9c92f794f831_dna_r10.4.1_e8.2_400bps_sup@v5.2.0	DS:Z:gpu:NVIDIA GeForce RTX 4070 SUPER	PU:Z:FBG39641	DT:Z:2026-07-15T14:17:26.508000+00:00	tm:Z:adapter,primer
2	d3d132a9-c12c-459d-b84f-a2a671a47cdd	qs:f:11.41	ch:i:214	st:Z:2026-07-15T21:55:01.968000+00:00	RG:Z:a40d6b40-d3ad-4fe7-8245-9c92f794f831_dna_r10.4.1_e8.2_400bps_sup@v5.2.0	DS:Z:gpu:NVIDIA GeForce RTX 4070 SUPER	PU:Z:FBG39641	DT:Z:2026-07-15T14:17:26.508000+00:00	tm:Z:none
2	0d3faab6-7f49-462e-a729-a41ab97998cb	qs:f:10.6586	ch:i:21	st:Z:2026-07-15T16:46:13.229000+00:00	RG:Z:a40d6b40-d3ad-4fe7-8245-9c92f794f831_dna_r10.4.1_e8.2_400bps_sup@v5.2.0	DS:Z:gpu:NVIDIA GeForce RTX 4070 SUPER	PU:Z:FBG39641	DT:Z:2026-07-15T14:17:26.508000+00:00	tm:Z:none rc
2	cd4b1eb6-0543-48ac-9a76-b1f15dd94eb2	qs:f:10.7662	ch:i:39	st:Z:2026-07-15T21:42:00.549000+00:00	RG:Z:a40d6b40-d3ad-4fe7-8245-9c92f794f831_dna_r10.4.1_e8.2_400bps_sup@v5.2.0	DS:Z:gpu:NVIDIA GeForce RTX 4070 SUPER	PU:Z:FBG39641	DT:Z:2026-07-15T14:17:26.508000+00:00	tm:Z:adapter,primer rc
2	bfdada56-634d-4e57-a018-fb86f2cef688	qs:f:9.60517	ch:i:328	st:Z:2026-07-15T22:35:20.846000+00:00	RG:Z:a40d6b40-d3ad-4fe7-8245-9c92f794f831_dna_r10.4.1_e8.2_400bps_sup@v5.2.0	DS:Z:gpu:NVIDIA GeForce RTX 4070 SUPER	PU:Z:FBG39641	DT:Z:2026-07-15T14:17:26.508000+00:00	tm:Z:adapter,primer
3	0bbefc32-5018-42c7-ad31-153e392d11f0	qs:f:19.2459	ch:i:271	st:Z:2026-07-15T18:04:54.210000+00:00	RG:Z:a40d6b40-d3ad-4fe7-8245-9c92f794f831_dna_r10.4.1_e8.2_400bps_sup@v5.2.0	DS:Z:gpu:NVIDIA GeForce RTX 4070 SUPER	PU:Z:FBG39641	DT:Z:2026-07-15T14:17:26.508000+00:00	tm:Z:adapter,primer
3	638fda1f-309e-4d53-bfe9-dd456d7756b2	qs:f:16.7861	ch:i:72	st:Z:2026-07-16T01:09:00.319000+00:00	RG:Z:a40d6b40-d3ad-4fe7-8245-9c92f794f831_dna_r10.4.1_e8.2_400bps_sup@v5.2.0	DS:Z:gpu:NVIDIA GeForce RTX 4070 SUPER	PU:Z:FBG39641	DT:Z:2026-07-15T14:17:26.508000+00:00	tm:Z:adapter,primer
3	1e6b91aa-df38-44a0-baca-0788d946de95	qs:f:32.3068	ch:i:364	st:Z:2026-07-15T23:00:05.666000+00:00	RG:Z:a40d6b40-d3ad-4fe7-8245-9c92f794f831_dna_r10.4.1_e8.2_400bps_sup@v5.2.0	DS:Z:gpu:NVIDIA GeForce RTX 4070 SUPER	PU:Z:FBG39641	DT:Z:2026-07-15T14:17:26.508000+00:00	tm:Z:none
3	1691dc68-438a-4b29-85c7-b2c75a4842cb	qs:f:17.4221	ch:i:267	st:Z:2026-07-15T16:39:58.935000+00:00	RG:Z:a40d6b40-d3ad-4fe7-8245-9c92f794f831_dna_r10.4.1_e8.2_400bps_sup@v5.2.0	DS:Z:gpu:NVIDIA GeForce RTX 4070 SUPER	PU:Z:FBG39641	DT:Z:2026-07-15T14:17:26.508000+00:00	tm:Z:adapter,primer
3	9c0c1cc6-89b5-4eaf-a34f-d3715b78787c	qs:f:14.0183	ch:i:414	st:Z:2026-07-15T15:52:17.336000+00:00	RG:Z:a40d6b40-d3ad-4fe7-8245-9c92f794f831_dna_r10.4.1_e8.2_400bps_sup@v5.2.0	DS:Z:gpu:NVIDIA GeForce RTX 4070 SUPER	PU:Z:FBG39641	DT:Z:2026-07-15T14:17:26.508000+00:00	tm:Z:adapter,primer rc
3	50494de2-ec53-4e5a-ab96-433a9421c83c	qs:f:26.5816	ch:i:76	st:Z:2026-07-15T14:58:12.925000+00:00	RG:Z:a40d6b40-d3ad-4fe7-8245-9c92f794f831_dna_r10.4.1_e8.2_400bps_sup@v5.2.0	DS:Z:gpu:NVIDIA GeForce RTX 4070 SUPER	PU:Z:FBG39641	DT:Z:2026-07-15T14:17:26.508000+00:00	tm:Z:adapter,primer rc
3	9a8169d6-1481-4391-9a03-0e00c34de08c	qs:f:33.0503	ch:i:76	st:Z:2026-07-15T23:34:10.760000+00:00	RG:Z:a40d6b40-d3ad-4fe7-8245-9c92f794f831_dna_r10.4.1_e8.2_400bps_sup@v5.2.0	DS:Z:gpu:NVIDIA GeForce RTX 4070 SUPER	PU:Z:FBG39641	DT:Z:2026-07-15T14:17:26.508000+00:00	tm:Z:none rc
3	de80c2b6-1437-4ab6-bed7-6896ed72e232	qs:f:13.67	ch:i:312	st:Z:2026-07-15T23:48:06.503000+00:00	RG:Z:a40d6b40-d3ad-4fe7-8245-9c92f794f831_dna_r10.4.1_e8.2_400bps_sup@v5.2.0	DS:Z:gpu:NVIDIA GeForce RTX 4070 SUPER	PU:Z:FBG39641	DT:Z:2026-07-15T14:17:26.508000+00:00	tm:Z:adapter,primer rc
3	82d32786-7951-43d1-8192-a652b32ea214	qs:f:28.3973	ch:i:108	st:Z:2026-07-15T22:17:18.190000+00:00	RG:Z:a40d6b40-d3ad-4fe7-8245-9c92f794f831_dna_r10.4.1_e8.2_400bps_sup@v5.2.0	DS:Z:gpu:NVIDIA GeForce RTX 4070 SUPER	PU:Z:FBG39641	DT:Z:2026-07-15T14:17:26.508000+00:00	tm:Z:none rc
3	37890c6f-c51b-419a-9003-6e5411e0c387	qs:f:28.4328	ch:i:327	st:Z:2026-07-15T16:26:47.016000+00:00	RG:Z:a40d6b40-d3ad-4fe7-8245-9c92f794f831_dna_r10.4.1_e8.2_400bps_sup@v5.2.0	DS:Z:gpu:NVIDIA GeForce RTX 4070 SUPER	PU:Z:FBG39641	DT:Z:2026-07-15T14:17:26.508000+00:00	tm:Z:adapter,primer rc
3	72a11ad0-1aa1-4331-8ee2-43d4f3d7b75f	qs:f:24.4192	ch:i:241	st:Z:2026-07-15T20:34:22.083000+00:00	RG:Z:a40d6b40-d3ad-4fe7-8245-9c92f794f831_dna_r10.4.1_e8.2_400bps_sup@v5.2.0	DS:Z:gpu:NVIDIA GeForce RTX 4070 SUPER	PU:Z:FBG39641	DT:Z:2026-07-15T14:17:26.508000+00:00	tm:Z:adapter,primer
3	7763b7ea-4cae-453f-b522-002bd0087153	qs:f:26.1186	ch:i:381	st:Z:2026-07-15T15:06:59.121000+00:00	RG:Z:a40d6b40-d3ad-4fe7-8245-9c92f794f831_dna_r10.4.1_e8.2_400bps_sup@v5.2.0	DS:Z:gpu:NVIDIA GeForce RTX 4070 SUPER	PU:Z:FBG39641	DT:Z:2026-07-15T14:17:26.508000+00:00	tm:Z:none rc
3	9b0270a4-1996-4f57-945c-91b556204b93	qs:f:15.2227	ch:i:221	st:Z:2026-07-15T17:42:45.960000+00:00	RG:Z:a40d6b40-d3ad-4fe7-8245-9c92f794f831_dna_r10.4.1_e8.2_400bps_sup@v5.2.0	DS:Z:gpu:NVIDIA GeForce RTX 4070 SUPER	PU:Z:FBG39641	DT:Z:2026-07-15T14:17:26.508000+00:00	tm:Z:adapter,primer
3	44990f5f-93fb-4df3-a021-799a4295c93a	qs:f:25.1988	ch:i:274	st:Z:2026-07-15T22:36:21.240000+00:00	RG:Z:a40d6b40-d3ad-4fe7-8245-9c92f794f831_dna_r10.4.1_e8.2_400bps_sup@v5.2.0	DS:Z:gpu:NVIDIA GeForce RTX 4070 SUPER	PU:Z:FBG39641	DT:Z:2026-07-15T14:17:26.508000+00:00	tm:Z:adapter,primer
3	85a298d0-ffa1-43b6-95ea-d498b9067704	qs:f:22.2527	ch:i:291	st:Z:2026-07-16T01:23:39.335000+00:00	RG:Z:a40d6b40-d3ad-4fe7-8245-9c92f794f831_dna_r10.4.1_e8.2_400bps_sup@v5.2.0	DS:Z:gpu:NVIDIA GeForce RTX 4070 SUPER	PU:Z:FBG39641	DT:Z:2026-07-15T14:17:26.508000+00:00	tm:Z:adapter,primer
3	a9ba2ef9-1850-418a-bee6-7291470ff19c	qs:f:25.3143	ch:i:73	st:Z:2026-07-15T16:31:35.443000+00:00	RG:Z:a40d6b40-d3ad-4fe7-8245-9c92f794f831_dna_r10.4.1_e8.2_400bps_sup@v5.2.0	DS:Z:gpu:NVIDIA GeForce RTX 4070 SUPER	PU:Z:FBG39641	DT:Z:2026-07-15T14:17:26.508000+00:00	tm:Z:adapter,primer
3	d46a2474-17b7-4b9c-a354-25eccc3d93b7	qs:f:29.1239	ch:i:148	st:Z:2026-07-15T18:20:10.028000+00:00	RG:Z:a40d6b40-d3ad-4fe7-8245-9c92f794f831_dna_r10.4.1_e8.2_400bps_sup@v5.2.0	DS:Z:gpu:NVIDIA GeForce RTX 4070 SUPER	PU:Z:FBG39641	DT:Z:2026-07-15T14:17:26.508000+00:00	tm:Z:adapter,primer
3	eeced41c-7342-4e84-969c-07a1b205ea25	qs:f:27.5345	ch:i:203	st:Z:2026-07-16T01:13:04.504000+00:00	RG:Z:a40d6b40-d3ad-4fe7-8245-9c92f794f831_dna_r10.4.1_e8.2_400bps_sup@v5.2.0	DS:Z:gpu:NVIDIA GeForce RTX 4070 SUPER	PU:Z:FBG39641	DT:Z:2026-07-15T14:17:26.508000+00:00	tm:Z:adapter,primer
3	9e475677-1584-4ae6-8ab1-ed3e30641e18	qs:f:26.8435	ch:i:451	st:Z:2026-07-15T20:29:48.852000+00:00	RG:Z:a40d6b40-d3ad-4fe7-8245-9c92f794f831_dna_r10.4.1_e8.2_400bps_sup@v5.2.0	DS:Z:gpu:NVIDIA GeForce RTX 4070 SUPER	PU:Z:FBG39641	DT:Z:2026-07-15T14:17:26.508000+00:00	tm:Z:adapter,primer
3	72588cb8-4d99-4a79-b54c-18541495e959	qs:f:28.6456	ch:i:74	st:Z:2026-07-15T19:25:16.034000+00:00	RG:Z:a40d6b40-d3ad-4fe7-8245-9c92f794f831_dna_r10.4.1_e8.2_400bps_sup@v5.2.0	DS:Z:gpu:NVIDIA GeForce RTX 4070 SUPER	PU:Z:FBG39641	DT:Z:2026-07-15T14:17:26.508000+00:00	tm:Z:adapter,primer
3	84552991-e15d-496f-bb94-d9970d5d7a04	qs:f:24.7658	ch:i:75	st:Z:2026-07-16T01:08:04.730000+00:00	RG:Z:a40d6b40-d3ad-4fe7-8245-9c92f794f831_dna_r10.4.1_e8.2_400bps_sup@v5.2.0	DS:Z:gpu:NVIDIA GeForce RTX 4070 SUPER	PU:Z:FBG39641	DT:Z:2026-07-15T14:17:26.508000+00:00	tm:Z:none rc
3	9d0e02d3-d7f5-427d-8ddf-e51299c8d63a	qs:f:14.8589	ch:i:291	st:Z:2026-07-15T23:14:51.238000+00:00	RG:Z:a40d6b40-d3ad-4fe7-8245-9c92f794f831_dna_r10.4.1_e8.2_400bps_sup@v5.2.0	DS:Z:gpu:NVIDIA GeForce RTX 4070 SUPER	PU:Z:FBG39641	DT:Z:2026-07-15T14:17:26.508000+00:00	tm:Z:adapter,primer
3	bc62cc01-23ed-459e-8780-2db410d4756c	qs:f:30.6669	ch:i:76	st:Z:2026-07-15T15:12:44.681000+00:00	RG:Z:a40d6b40-d3ad-4fe7-8245-9c92f794f831_dna_r10.4.1_e8.2_400bps_sup@v5.2.0	DS:Z:gpu:NVIDIA GeForce RTX 4070 SUPER	PU:Z:FBG39641	DT:Z:2026-07-15T14:17:26.508000+00:00	tm:Z:adapter,primer
3	229c15e5-7887-41e3-b607-0d932ace95cc	qs:f:26.6175	ch:i:460	st:Z:2026-07-15T20:57:52.221000+00:00	RG:Z:a40d6b40-d3ad-4fe7-8245-9c92f794f831_dna_r10.4.1_e8.2_400bps_sup@v5.2.0	DS:Z:gpu:NVIDIA GeForce RTX 4070 SUPER	PU:Z:FBG39641	DT:Z:2026-07-15T14:17:26.508000+00:00	tm:Z:adapter,primer
3	cdd5d49f-c91b-49d9-9530-5f493e52e35c	qs:f:20.575	ch:i:356	st:Z:2026-07-15T19:58:48.864000+00:00	RG:Z:a40d6b40-d3ad-4fe7-8245-9c92f794f831_dna_r10.4.1_e8.2_400bps_sup@v5.2.0	DS:Z:gpu:NVIDIA GeForce RTX 4070 SUPER	PU:Z:FBG39641	DT:Z:2026-07-15T14:17:26.508000+00:00	tm:Z:adapter,primer
3	d6963339-22f8-44bd-9329-75aa496e903e	qs:f:20.364	ch:i:291	st:Z:2026-07-16T01:06:49.838000+00:00	RG:Z:a40d6b40-d3ad-4fe7-8245-9c92f794f831_dna_r10.4.1_e8.2_400bps_sup@v5.2.0	DS:Z:gpu:NVIDIA GeForce RTX 4070 SUPER	PU:Z:FBG39641	DT:Z:2026-07-15T14:17:26.508000+00:00	tm:Z:none rc
3	b1a0504b-6bea-4688-a6f9-ce9974da3ae9	qs:f:26.4668	ch:i:170	st:Z:2026-07-15T16:59:50.922000+00:00	RG:Z:a40d6b40-d3ad-4fe7-8245-9c92f794f831_dna_r10.4.1_e8.2_400bps_sup@v5.2.0	DS:Z:gpu:NVIDIA GeForce RTX 4070 SUPER	PU:Z:FBG39641	DT:Z:2026-07-15T14:17:26.508000+00:00	tm:Z:adapter,primer
3	6d7b89f9-c7f0-49d8-9e82-729961cdb593	qs:f:15.7168	ch:i:388	st:Z:2026-07-15T17:24:35.206000+00:00	RG:Z:a40d6b40-d3ad-4fe7-8245-9c92f794f831_dna_r10.4.1_e8.2_400bps_sup@v5.2.0	DS:Z:gpu:NVIDIA GeForce RTX 4070 SUPER	PU:Z:FBG39641	DT:Z:2026-07-15T14:17:26.508000+00:00	tm:Z:adapter,primer rc
3	47c5f87c-934a-4e06-b1c0-6dbe51c8388d	qs:f:25.5852	ch:i:296	st:Z:2026-07-15T17:15:26.086000+00:00	RG:Z:a40d6b40-d3ad-4fe7-8245-9c92f794f831_dna_r10.4.1_e8.2_400bps_sup@v5.2.0	DS:Z:gpu:NVIDIA GeForce RTX 4070 SUPER	PU:Z:FBG39641	DT:Z:2026-07-15T14:17:26.508000+00:00	tm:Z:adapter,primer
3	cee34cde-5dbc-48f4-b1a9-2b6d2d7ce4d6	qs:f:22.894	ch:i:258	st:Z:2026-07-15T20:08:20.538000+00:00	RG:Z:a40d6b40-d3ad-4fe7-8245-9c92f794f831_dna_r10.4.1_e8.2_400bps_sup@v5.2.0	DS:Z:gpu:NVIDIA GeForce RTX 4070 SUPER	PU:Z:FBG39641	DT:Z:2026-07-15T14:17:26.508000+00:00	tm:Z:none
3	4994a5f1-82f3-49b3-9b42-567b1217667b	qs:f:16.7385	ch:i:53	st:Z:2026-07-15T15:15:03.523000+00:00	RG:Z:a40d6b40-d3ad-4fe7-8245-9c92f794f831_dna_r10.4.1_e8.2_400bps_sup@v5.2.0	DS:Z:gpu:NVIDIA GeForce RTX 4070 SUPER	PU:Z:FBG39641	DT:Z:2026-07-15T14:17:26.508000+00:00	tm:Z:none
3	dbac0a92-8925-4881-9f1f-e2ade02682ee	qs:f:22.4088	ch:i:463	st:Z:2026-07-15T22:46:48.193000+00:00	RG:Z:a40d6b40-d3ad-4fe7-8245-9c92f794f831_dna_r10.4.1_e8.2_400bps_sup@v5.2.0	DS:Z:gpu:NVIDIA GeForce RTX 4070 SUPER	PU:Z:FBG39641	DT:Z:2026-07-15T14:17:26.508000+00:00	tm:Z:adapter,primer
3	e4a8a5c2-7771-4c5e-8261-204765bcb6c1	qs:f:17.6457	ch:i:413	st:Z:2026-07-15T18:29:06.570000+00:00	RG:Z:a40d6b40-d3ad-4fe7-8245-9c92f794f831_dna_r10.4.1_e8.2_400bps_sup@v5.2.0	DS:Z:gpu:NVIDIA GeForce RTX 4070 SUPER	PU:Z:FBG39641	DT:Z:2026-07-15T14:17:26.508000+00:00	tm:Z:adapter,primer
3	804e356c-f402-4713-aace-bf451d74057a	qs:f:21.9868	ch:i:202	st:Z:2026-07-15T23:09:27.912000+00:00	RG:Z:a40d6b40-d3ad-4fe7-8245-9c92f794f831_dna_r10.4.1_e8.2_400bps_sup@v5.2.0	DS:Z:gpu:NVIDIA GeForce RTX 4070 SUPER	PU:Z:FBG39641	DT:Z:2026-07-15T14:17:26.508000+00:00	tm:Z:adapter,primer
3	3c3dde3c-bbd8-466a-b964-fe4057a93b1e	qs:f:22.4801	ch:i:393	st:Z:2026-07-15T18:12:05.832000+00:00	RG:Z:a40d6b40-d3ad-4fe7-8245-9c92f794f831_dna_r10.4.1_e8.2_400bps_sup@v5.2.0	DS:Z:gpu:NVIDIA GeForce RTX 4070 SUPER	PU:Z:FBG39641	DT:Z:2026-07-15T14:17:26.508000+00:00	tm:Z:adapter,primer rc
3	d80a4da8-ea9f-4abd-a13f-165732ba8303	qs:f:19.887	ch:i:123	st:Z:2026-07-15T23:19:13.309000+00:00	RG:Z:a40d6b40-d3ad-4fe7-8245-9c92f794f831_dna_r10.4.1_e8.2_400bps_sup@v5.2.0	DS:Z:gpu:NVIDIA GeForce RTX 4070 SUPER	PU:Z:FBG39641	DT:Z:2026-07-15T14:17:26.508000+00:00	tm:Z:adapter,primer rc
3	27d56ec4-43ad-4fda-806f-e7651b90ba95	qs:f:22.8263	ch:i:31	st:Z:2026-07-15T20:58:23.773000+00:00	RG:Z:a40d6b40-d3ad-4fe7-8245-9c92f794f831_dna_r10.4.1_e8.2_400bps_sup@v5.2.0	DS:Z:gpu:NVIDIA GeForce RTX 4070 SUPER	PU:Z:FBG39641	DT:Z:2026-07-15T14:17:26.508000+00:00	tm:Z:none rc
3	3cce2048-2103-4735-9eba-345ab34a1cbf	qs:f:19.0935	ch:i:294	st:Z:2026-07-15T18:56:40.841000+00:00	RG:Z:a40d6b40-d3ad-4fe7-8245-9c92f794f831_dna_r10.4.1_e8.2_400bps_sup@v5.2.0	DS:Z:gpu:NVIDIA GeForce RTX 4070 SUPER	PU:Z:FBG39641	DT:Z:2026-07-15T14:17:26.508000+00:00	tm:Z:adapter,primer rc
3	0951919b-166c-4b0e-bc17-82844188c659	qs:f:21.9675	ch:i:341	st:Z:2026-07-15T18:22:14.254000+00:00	RG:Z:a40d6b40-d3ad-4fe7-8245-9c92f794f831_dna_r10.4.1_e8.2_400bps_sup@v5.2.0	DS:Z:gpu:NVIDIA GeForce RTX 4070 SUPER	PU:Z:FBG39641	DT:Z:2026-07-15T14:17:26.508000+00:00	tm:Z:none rc
3	ec2e30d0-5395-4761-b422-75cbdb6ac53b	qs:f:22.8068	ch:i:429	st:Z:2026-07-15T22:39:35.374000+00:00	RG:Z:a40d6b40-d3ad-4fe7-8245-9c92f794f831_dna_r10.4.1_e8.2_400bps_sup@v5.2.0	DS:Z:gpu:NVIDIA GeForce RTX 4070 SUPER	PU:Z:FBG39641	DT:Z:2026-07-15T14:17:26.508000+00:00	tm:Z:adapter,primer
3	e897125d-9c5e-47e1-a8c4-ee3e5b7ec645	qs:f:19.7625	ch:i:409	st:Z:2026-07-15T16:29:56.883000+00:00	RG:Z:a40d6b40-d3ad-4fe7-8245-9c92f794f831_dna_r10.4.1_e8.2_400bps_sup@v5.2.0	DS:Z:gpu:NVIDIA GeForce RTX 4070 SUPER	PU:Z:FBG39641	DT:Z:2026-07-15T14:17:26.508000+00:00	tm:Z:adapter,primer rc
3	dd42b558-d862-427f-9231-d3b7d7821730	qs:f:19.751	ch:i:271	st:Z:2026-07-15T19:01:29.006000+00:00	RG:Z:a40d6b40-d3ad-4fe7-8245-9c92f794f831_dna_r10.4.1_e8.2_400bps_sup@v5.2.0	DS:Z:gpu:NVIDIA GeForce RTX 4070 SUPER	PU:Z:FBG39641	DT:Z:2026-07-15T14:17:26.508000+00:00	tm:Z:adapter,primer
3	bddd63f5-ef06-4743-9604-ed074ca10e9b	qs:f:22.215	ch:i:185	st:Z:2026-07-15T15:41:41.992000+00:00	RG:Z:a40d6b40-d3ad-4fe7-8245-9c92f794f831_dna_r10.4.1_e8.2_400bps_sup@v5.2.0	DS:Z:gpu:NVIDIA GeForce RTX 4070 SUPER	PU:Z:FBG39641	DT:Z:2026-07-15T14:17:26.508000+00:00	tm:Z:adapter,primer
3	2b13521c-f93c-4828-aa33-cd7fb8816838	qs:f:23.5727	ch:i:469	st:Z:2026-07-15T21:32:40.122000+00:00	RG:Z:a40d6b40-d3ad-4fe7-8245-9c92f794f831_dna_r10.4.1_e8.2_400bps_sup@v5.2.0	DS:Z:gpu:NVIDIA GeForce RTX 4070 SUPER	PU:Z:FBG39641	DT:Z:2026-07-15T14:17:26.508000+00:00	tm:Z:adapter,primer
3	422a5791-eede-44d5-a05f-0ad9b057724f	qs:f:18.5083	ch:i:112	st:Z:2026-07-15T15:17:53.507000+00:00	RG:Z:a40d6b40-d3ad-4fe7-8245-9c92f794f831_dna_r10.4.1_e8.2_400bps_sup@v5.2.0	DS:Z:gpu:NVIDIA GeForce RTX 4070 SUPER	PU:Z:FBG39641	DT:Z:2026-07-15T14:17:26.508000+00:00	tm:Z:none rc
3	f5e97b65-1930-4dcf-84b9-a888fc3a33ac	qs:f:20.0055	ch:i:172	st:Z:2026-07-15T17:31:06.024000+00:00	RG:Z:a40d6b40-d3ad-4fe7-8245-9c92f794f831_dna_r10.4.1_e8.2_400bps_sup@v5.2.0	DS:Z:gpu:NVIDIA GeForce RTX 4070 SUPER	PU:Z:FBG39641	DT:Z:2026-07-15T14:17:26.508000+00:00	tm:Z:adapter,primer rc
3	06f224c4-af6e-40a9-beae-c7e2ecf3d8c3	qs:f:21.2513	ch:i:263	st:Z:2026-07-15T16:37:42.843000+00:00	RG:Z:a40d6b40-d3ad-4fe7-8245-9c92f794f831_dna_r10.4.1_e8.2_400bps_sup@v5.2.0	DS:Z:gpu:NVIDIA GeForce RTX 4070 SUPER	PU:Z:FBG39641	DT:Z:2026-07-15T14:17:26.508000+00:00	tm:Z:adapter,primer
3	20dba5bf-3c98-472f-a0f4-f325fca389b2	qs:f:12.776	ch:i:133	st:Z:2026-07-15T23:47:22.496000+00:00	RG:Z:a40d6b40-d3ad-4fe7-8245-9c92f794f831_dna_r10.4.1_e8.2_400bps_sup@v5.2.0	DS:Z:gpu:NVIDIA GeForce RTX 4070 SUPER	PU:Z:FBG39641	DT:Z:2026-07-15T14:17:26.508000+00:00	tm:Z:none rc
3	b2e830e0-5468-48bf-ac64-a894ef3d6d78	qs:f:21.5943	ch:i:450	st:Z:2026-07-15T15:52:54.100000+00:00	RG:Z:a40d6b40-d3ad-4fe7-8245-9c92f794f831_dna_r10.4.1_e8.2_400bps_sup@v5.2.0	DS:Z:gpu:NVIDIA GeForce RTX 4070 SUPER	PU:Z:FBG39641	DT:Z:2026-07-15T14:17:26.508000+00:00	tm:Z:adapter,primer
3	8f2580f4-2e42-4cc6-9e0b-f56dea254b70	qs:f:22.3383	ch:i:456	st:Z:2026-07-15T17:04:22.609000+00:00	RG:Z:a40d6b40-d3ad-4fe7-8245-9c92f794f831_dna_r10.4.1_e8.2_400bps_sup@v5.2.0	DS:Z:gpu:NVIDIA GeForce RTX 4070 SUPER	PU:Z:FBG39641	DT:Z:2026-07-15T14:17:26.508000+00:00	tm:Z:adapter,primer rc
3	414f612b-023b-41e1-8097-6858af4351db	qs:f:14.6121	ch:i:221	st:Z:2026-07-15T23:39:28.850000+00:00	RG:Z:a40d6b40-d3ad-4fe7-8245-9c92f794f831_dna_r10.4.1_e8.2_400bps_sup@v5.2.0	DS:Z:gpu:NVIDIA GeForce RTX 4070 SUPER	PU:Z:FBG39641	DT:Z:2026-07-15T14:17:26.508000+00:00	tm:Z:none rc
3	4e5a981e-14ee-488d-999b-f88d9b742989	qs:f:15.3106	ch:i:280	st:Z:2026-07-15T22:06:51.290000+00:00	RG:Z:a40d6b40-d3ad-4fe7-8245-9c92f794f831_dna_r10.4.1_e8.2_400bps_sup@v5.2.0	DS:Z:gpu:NVIDIA GeForce RTX 4070 SUPER	PU:Z:FBG39641	DT:Z:2026-07-15T14:17:26.508000+00:00	tm:Z:none
3	7d5a3edd-075c-4cba-a2a7-cae914a0c014	qs:f:15.1292	ch:i:94	st:Z:2026-07-15T15:35:25.318000+00:00	RG:Z:a40d6b40-d3ad-4fe7-8245-9c92f794f831_dna_r10.4.1_e8.2_400bps_sup@v5.2.0	DS:Z:gpu:NVIDIA GeForce RTX 4070 SUPER	PU:Z:FBG39641	DT:Z:2026-07-15T14:17:26.508000+00:00	tm:Z:adapter,primer rc
3	a1e9cd2c-fbf7-40d2-a85b-e30975a8ffc7	qs:f:21.5501	ch:i:1	st:Z:2026-07-15T16:02:22.768000+00:00	RG:Z:a40d6b40-d3ad-4fe7-8245-9c92f794f831_dna_r10.4.1_e8.2_400bps_sup@v5.2.0	DS:Z:gpu:NVIDIA GeForce RTX 4070 SUPER	PU:Z:FBG39641	DT:Z:2026-07-15T14:17:26.508000+00:00	tm:Z:adapter,primer
3	812555a2-137e-4889-baee-493b04777b1c	qs:f:20.7469	ch:i:319	st:Z:2026-07-15T18:39:51.923000+00:00	RG:Z:a40d6b40-d3ad-4fe7-8245-9c92f794f831_dna_r10.4.1_e8.2_400bps_sup@v5.2.0	DS:Z:gpu:NVIDIA GeForce RTX 4070 SUPER	PU:Z:FBG39641	DT:Z:2026-07-15T14:17:26.508000+00:00	tm:Z:adapter,primer rc
3	eaeb80b4-1efa-4d44-bcb4-6bbf2d62a69e	qs:f:21.2176	ch:i:404	st:Z:2026-07-15T16:23:34.729000+00:00	RG:Z:a40d6b40-d3ad-4fe7-8245-9c92f794f831_dna_r10.4.1_e8.2_400bps_sup@v5.2.0	DS:Z:gpu:NVIDIA GeForce RTX 4070 SUPER	PU:Z:FBG39641	DT:Z:2026-07-15T14:17:26.508000+00:00	tm:Z:adapter,primer rc
3	71db6d47-46f9-4103-b723-541dde82b498	qs:f:19.2586	ch:i:363	st:Z:2026-07-15T14:28:36.932000+00:00	RG:Z:a40d6b40-d3ad-4fe7-8245-9c92f794f831_dna_r10.4.1_e8.2_400bps_sup@v5.2.0	DS:Z:gpu:NVIDIA GeForce RTX 4070 SUPER	PU:Z:FBG39641	DT:Z:2026-07-15T14:17:26.508000+00:00	tm:Z:adapter,primer
3	fa2fc7c2-2aee-4cc4-b32c-954b6360d000	qs:f:20.5937	ch:i:429	st:Z:2026-07-15T20:15:13.324000+00:00	RG:Z:a40d6b40-d3ad-4fe7-8245-9c92f794f831_dna_r10.4.1_e8.2_400bps_sup@v5.2.0	DS:Z:gpu:NVIDIA GeForce RTX 4070 SUPER	PU:Z:FBG39641	DT:Z:2026-07-15T14:17:26.508000+00:00	tm:Z:adapter,primer
3	ffa8cca3-a6ee-44a6-9bcc-0a23eb8af4a7	qs:f:19.024	ch:i:108	st:Z:2026-07-15T21:57:06.125000+00:00	RG:Z:a40d6b40-d3ad-4fe7-8245-9c92f794f831_dna_r10.4.1_e8.2_400bps_sup@v5.2.0	DS:Z:gpu:NVIDIA GeForce RTX 4070 SUPER	PU:Z:FBG39641	DT:Z:2026-07-15T14:17:26.508000+00:00	tm:Z:adapter,primer
3	54b9d213-89fc-4836-adc2-d98a819508ac	qs:f:19.1485	ch:i:74	st:Z:2026-07-15T20:51:06.044000+00:00	RG:Z:a40d6b40-d3ad-4fe7-8245-9c92f794f831_dna_r10.4.1_e8.2_400bps_sup@v5.2.0	DS:Z:gpu:NVIDIA GeForce RTX 4070 SUPER	PU:Z:FBG39641	DT:Z:2026-07-15T14:17:26.508000+00:00	tm:Z:adapter,primer
3	92272ec1-72a5-48e3-852f-aebd0192df76	qs:f:17.1714	ch:i:156	st:Z:2026-07-15T14:38:22.450000+00:00	RG:Z:a40d6b40-d3ad-4fe7-8245-9c92f794f831_dna_r10.4.1_e8.2_400bps_sup@v5.2.0	DS:Z:gpu:NVIDIA GeForce RTX 4070 SUPER	PU:Z:FBG39641	DT:Z:2026-07-15T14:17:26.508000+00:00	tm:Z:adapter,primer
3	ddc042e0-0565-47d9-aa0d-e2fdca91132f	qs:f:16.1393	ch:i:157	st:Z:2026-07-16T01:11:09.921000+00:00	RG:Z:a40d6b40-d3ad-4fe7-8245-9c92f794f831_dna_r10.4.1_e8.2_400bps_sup@v5.2.0	DS:Z:gpu:NVIDIA GeForce RTX 4070 SUPER	PU:Z:FBG39641	DT:Z:2026-07-15T14:17:26.508000+00:00	tm:Z:none rc
3	9ae06102-fa27-4247-bcc1-724821e3ec76	qs:f:17.8926	ch:i:296	st:Z:2026-07-15T23:33:38.220000+00:00	RG:Z:a40d6b40-d3ad-4fe7-8245-9c92f794f831_dna_r10.4.1_e8.2_400bps_sup@v5.2.0	DS:Z:gpu:NVIDIA GeForce RTX 4070 SUPER	PU:Z:FBG39641	DT:Z:2026-07-15T14:17:26.508000+00:00	tm:Z:none
3	7ab3979b-c065-4320-a107-b1f811cd3f0b	qs:f:19.5702	ch:i:413	st:Z:2026-07-15T21:56:30.185000+00:00	RG:Z:a40d6b40-d3ad-4fe7-8245-9c92f794f831_dna_r10.4.1_e8.2_400bps_sup@v5.2.0	DS:Z:gpu:NVIDIA GeForce RTX 4070 SUPER	PU:Z:FBG39641	DT:Z:2026-07-15T14:17:26.508000+00:00	tm:Z:adapter,primer
3	23939868-1108-4dea-94d5-1b6338e563c9	qs:f:17.0338	ch:i:413	st:Z:2026-07-15T14:48:46.554000+00:00	RG:Z:a40d6b40-d3ad-4fe7-8245-9c92f794f831_dna_r10.4.1_e8.2_400bps_sup@v5.2.0	DS:Z:gpu:NVIDIA GeForce RTX 4070 SUPER	PU:Z:FBG39641	DT:Z:2026-07-15T14:17:26.508000+00:00	tm:Z:adapter,primer rc
3	54fd3970-716c-4bd9-8f26-39bfa51820fe	qs:f:18.7647	ch:i:470	st:Z:2026-07-15T19:24:11.062000+00:00	RG:Z:a40d6b40-d3ad-4fe7-8245-9c92f794f831_dna_r10.4.1_e8.2_400bps_sup@v5.2.0	DS:Z:gpu:NVIDIA GeForce RTX 4070 SUPER	PU:Z:FBG39641	DT:Z:2026-07-15T14:17:26.508000+00:00	tm:Z:none
3	b470d9cc-239d-49d1-b980-75aea7aa7737	qs:f:16.0368	ch:i:217	st:Z:2026-07-15T19:44:25.091000+00:00	RG:Z:a40d6b40-d3ad-4fe7-8245-9c92f794f831_dna_r10.4.1_e8.2_400bps_sup@v5.2.0	DS:Z:gpu:NVIDIA GeForce RTX 4070 SUPER	PU:Z:FBG39641	DT:Z:2026-07-15T14:17:26.508000+00:00	tm:Z:adapter,primer rc
3	188e1f11-d8b0-41ab-83b5-788f13252450	qs:f:12.8406	ch:i:263	st:Z:2026-07-15T17:01:18.473000+00:00	RG:Z:a40d6b40-d3ad-4fe7-8245-9c92f794f831_dna_r10.4.1_e8.2_400bps_sup@v5.2.0	DS:Z:gpu:NVIDIA GeForce RTX 4070 SUPER	PU:Z:FBG39641	DT:Z:2026-07-15T14:17:26.508000+00:00	tm:Z:adapter,primer rc
3	8402c72b-1bc3-415c-9bb3-800fecd638ff	qs:f:16.8205	ch:i:212	st:Z:2026-07-15T22:42:16.118000+00:00	RG:Z:a40d6b40-d3ad-4fe7-8245-9c92f794f831_dna_r10.4.1_e8.2_400bps_sup@v5.2.0	DS:Z:gpu:NVIDIA GeForce RTX 4070 SUPER	PU:Z:FBG39641	DT:Z:2026-07-15T14:17:26.508000+00:00	tm:Z:none
3	23bb1b1c-8191-4b3b-a87e-ea35852864fd	qs:f:13.0644	ch:i:408	st:Z:2026-07-15T16:46:34.538000+00:00	RG:Z:a40d6b40-d3ad-4fe7-8245-9c92f794f831_dna_r10.4.1_e8.2_400bps_sup@v5.2.0	DS:Z:gpu:NVIDIA GeForce RTX 4070 SUPER	PU:Z:FBG39641	DT:Z:2026-07-15T14:17:26.508000+00:00	tm:Z:none
3	0fae6aa0-aa68-41ca-a081-c3c82a737e21	qs:f:12.8651	ch:i:382	st:Z:2026-07-15T15:49:42.033000+00:00	RG:Z:a40d6b40-d3ad-4fe7-8245-9c92f794f831_dna_r10.4.1_e8.2_400bps_sup@v5.2.0	DS:Z:gpu:NVIDIA GeForce RTX 4070 SUPER	PU:Z:FBG39641	DT:Z:2026-07-15T14:17:26.508000+00:00	tm:Z:adapter,primer rc
3	82685524-c21f-4f5c-8d61-51db2f14e0d4	qs:f:13.751	ch:i:185	st:Z:2026-07-16T01:41:57.182000+00:00	RG:Z:a40d6b40-d3ad-4fe7-8245-9c92f794f831_dna_r10.4.1_e8.2_400bps_sup@v5.2.0	DS:Z:gpu:NVIDIA GeForce RTX 4070 SUPER	PU:Z:FBG39641	DT:Z:2026-07-15T14:17:26.508000+00:00	tm:Z:adapter,primer
3	8831c3b9-1378-484f-a9e3-fb61701504a3	qs:f:11.9826	ch:i:300	st:Z:2026-07-15T17:02:01.851000+00:00	RG:Z:a40d6b40-d3ad-4fe7-8245-9c92f794f831_dna_r10.4.1_e8.2_400bps_sup@v5.2.0	DS:Z:gpu:NVIDIA GeForce RTX 4070 SUPER	PU:Z:FBG39641	DT:Z:2026-07-15T14:17:26.508000+00:00	tm:Z:adapter,primer rc
3	17150ec5-c7ed-404a-8802-84ae2ddb112b	qs:f:9.13701	ch:i:299	st:Z:2026-07-15T17:52:58.595000+00:00	RG:Z:a40d6b40-d3ad-4fe7-8245-9c92f794f831_dna_r10.4.1_e8.2_400bps_sup@v5.2.0	DS:Z:gpu:NVIDIA GeForce RTX 4070 SUPER	PU:Z:FBG39641	DT:Z:2026-07-15T14:17:26.508000+00:00	tm:Z:adapter,primer rc
4	029a8df2-6020-4da1-a355-5ea73dcd50b7	qs:f:16.836	ch:i:3	st:Z:2026-07-15T15:34:31.190000+00:00	RG:Z:a40d6b40-d3ad-4fe7-8245-9c92f794f831_dna_r10.4.1_e8.2_400bps_sup@v5.2.0	DS:Z:gpu:NVIDIA GeForce RTX 4070 SUPER	PU:Z:FBG39641	DT:Z:2026-07-15T14:17:26.508000+00:00	tm:Z:none rc
4	1c0efe48-58f6-4c3e-b7e5-06eeee707bfe	qs:f:27.367	ch:i:414	st:Z:2026-07-15T18:56:46.209000+00:00	RG:Z:a40d6b40-d3ad-4fe7-8245-9c92f794f831_dna_r10.4.1_e8.2_400bps_sup@v5.2.0	DS:Z:gpu:NVIDIA GeForce RTX 4070 SUPER	PU:Z:FBG39641	DT:Z:2026-07-15T14:17:26.508000+00:00	tm:Z:adapter,primer
4	e8793cbb-2c29-4e1c-b7ff-93509071e791	qs:f:28.5877	ch:i:357	st:Z:2026-07-15T20:52:25.749000+00:00	RG:Z:a40d6b40-d3ad-4fe7-8245-9c92f794f831_dna_r10.4.1_e8.2_400bps_sup@v5.2.0	DS:Z:gpu:NVIDIA GeForce RTX 4070 SUPER	PU:Z:FBG39641	DT:Z:2026-07-15T14:17:26.508000+00:00	tm:Z:none rc
4	686b5717-ebab-423a-bba6-88eafb05a635	qs:f:22.5086	ch:i:390	st:Z:2026-07-16T00:16:30.539000+00:00	RG:Z:a40d6b40-d3ad-4fe7-8245-9c92f794f831_dna_r10.4.1_e8.2_400bps_sup@v5.2.0	DS:Z:gpu:NVIDIA GeForce RTX 4070 SUPER	PU:Z:FBG39641	DT:Z:2026-07-15T14:17:26.508000+00:00	tm:Z:adapter,primer rc
4	44323ef9-2bb9-46d8-9ca8-83b96337ed25	qs:f:23.7861	ch:i:132	st:Z:2026-07-15T15:42:32.093000+00:00	RG:Z:a40d6b40-d3ad-4fe7-8245-9c92f794f831_dna_r10.4.1_e8.2_400bps_sup@v5.2.0	DS:Z:gpu:NVIDIA GeForce RTX 4070 SUPER	PU:Z:FBG39641	DT:Z:2026-07-15T14:17:26.508000+00:00	tm:Z:adapter,primer
4	dc1593a1-69f4-4aeb-8f7c-2b829d68a1d7	qs:f:20.0977	ch:i:295	st:Z:2026-07-16T00:33:10.769000+00:00	RG:Z:a40d6b40-d3ad-4fe7-8245-9c92f794f831_dna_r10.4.1_e8.2_400bps_sup@v5.2.0	DS:Z:gpu:NVIDIA GeForce RTX 4070 SUPER	PU:Z:FBG39641	DT:Z:2026-07-15T14:17:26.508000+00:00	tm:Z:adapter,primer
4	0d1eb0b4-52e6-4d1d-9a78-c77e4e00c0e3	qs:f:26.2432	ch:i:148	st:Z:2026-07-15T16:13:27.896000+00:00	RG:Z:a40d6b40-d3ad-4fe7-8245-9c92f794f831_dna_r10.4.1_e8.2_400bps_sup@v5.2.0	DS:Z:gpu:NVIDIA GeForce RTX 4070 SUPER	PU:Z:FBG39641	DT:Z:2026-07-15T14:17:26.508000+00:00	tm:Z:adapter,primer rc
4	430133ba-d056-4568-8fbc-ccb8f1c94f7c	qs:f:26.4076	ch:i:138	st:Z:2026-07-15T21:00:22.197000+00:00	RG:Z:a40d6b40-d3ad-4fe7-8245-9c92f794f831_dna_r10.4.1_e8.2_400bps_sup@v5.2.0	DS:Z:gpu:NVIDIA GeForce RTX 4070 SUPER	PU:Z:FBG39641	DT:Z:2026-07-15T14:17:26.508000+00:00	tm:Z:adapter,primer rc
4	e434e934-3327-4374-9f4d-364419ffccfe	qs:f:20.7428	ch:i:290	st:Z:2026-07-15T17:58:20.275000+00:00	RG:Z:a40d6b40-d3ad-4fe7-8245-9c92f794f831_dna_r10.4.1_e8.2_400bps_sup@v5.2.0	DS:Z:gpu:NVIDIA GeForce RTX 4070 SUPER	PU:Z:FBG39641	DT:Z:2026-07-15T14:17:26.508000+00:00	tm:Z:adapter,primer rc
4	96681b9f-c540-4376-8dd1-9d6be59cd40c	qs:f:11.6003	ch:i:220	st:Z:2026-07-15T21:04:13.316000+00:00	RG:Z:a40d6b40-d3ad-4fe7-8245-9c92f794f831_dna_r10.4.1_e8.2_400bps_sup@v5.2.0	DS:Z:gpu:NVIDIA GeForce RTX 4070 SUPER	PU:Z:FBG39641	DT:Z:2026-07-15T14:17:26.508000+00:00	tm:Z:none
4	8a90cf31-9218-4213-bc1b-7e79410c5169	qs:f:19.9206	ch:i:68	st:Z:2026-07-15T22:27:38.183000+00:00	RG:Z:a40d6b40-d3ad-4fe7-8245-9c92f794f831_dna_r10.4.1_e8.2_400bps_sup@v5.2.0	DS:Z:gpu:NVIDIA GeForce RTX 4070 SUPER	PU:Z:FBG39641	DT:Z:2026-07-15T14:17:26.508000+00:00	tm:Z:none rc
4	0ae8f12b-2694-41e8-8672-9c0bcca4bf0c	qs:f:25.6304	ch:i:277	st:Z:2026-07-15T19:42:33.954000+00:00	RG:Z:a40d6b40-d3ad-4fe7-8245-9c92f794f831_dna_r10.4.1_e8.2_400bps_sup@v5.2.0	DS:Z:gpu:NVIDIA GeForce RTX 4070 SUPER	PU:Z:FBG39641	DT:Z:2026-07-15T14:17:26.508000+00:00	tm:Z:adapter,primer rc
4	a9891cc9-c379-4faf-97ea-15732e088873	qs:f:27.6002	ch:i:291	st:Z:2026-07-15T22:06:33.850000+00:00	RG:Z:a40d6b40-d3ad-4fe7-8245-9c92f794f831_dna_r10.4.1_e8.2_400bps_sup@v5.2.0	DS:Z:gpu:NVIDIA GeForce RTX 4070 SUPER	PU:Z:FBG39641	DT:Z:2026-07-15T14:17:26.508000+00:00	tm:Z:adapter,primer
4	29654fe1-5e27-41fa-bab7-321e8c3df4fb	qs:f:17.7707	ch:i:40	st:Z:2026-07-15T18:15:11.796000+00:00	RG:Z:a40d6b40-d3ad-4fe7-8245-9c92f794f831_dna_r10.4.1_e8.2_400bps_sup@v5.2.0	DS:Z:gpu:NVIDIA GeForce RTX 4070 SUPER	PU:Z:FBG39641	DT:Z:2026-07-15T14:17:26.508000+00:00	tm:Z:adapter,primer
4	1ee7d265-4b6f-4c43-bdc2-f35f97b0538d	qs:f:22.8578	ch:i:201	st:Z:2026-07-16T00:34:15.619000+00:00	RG:Z:a40d6b40-d3ad-4fe7-8245-9c92f794f831_dna_r10.4.1_e8.2_400bps_sup@v5.2.0	DS:Z:gpu:NVIDIA GeForce RTX 4070 SUPER	PU:Z:FBG39641	DT:Z:2026-07-15T14:17:26.508000+00:00	tm:Z:none
4	1ff7c664-1930-4126-9275-d19a9e25a231	qs:f:20.1722	ch:i:281	st:Z:2026-07-15T17:41:57.956000+00:00	RG:Z:a40d6b40-d3ad-4fe7-8245-9c92f794f831_dna_r10.4.1_e8.2_400bps_sup@v5.2.0	DS:Z:gpu:NVIDIA GeForce RTX 4070 SUPER	PU:Z:FBG39641	DT:Z:2026-07-15T14:17:26.508000+00:00	tm:Z:none rc
4	34473301-d1c5-48bb-b70a-3f12ecb9321e	qs:f:15.3479	ch:i:185	st:Z:2026-07-15T19:27:27.026000+00:00	RG:Z:a40d6b40-d3ad-4fe7-8245-9c92f794f831_dna_r10.4.1_e8.2_400bps_sup@v5.2.0	DS:Z:gpu:NVIDIA GeForce RTX 4070 SUPER	PU:Z:FBG39641	DT:Z:2026-07-15T14:17:26.508000+00:00	tm:Z:adapter,primer rc
4	a527ecee-7a8d-4a71-bbfb-62985d0d666f	qs:f:20.8421	ch:i:314	st:Z:2026-07-15T21:20:52.361000+00:00	RG:Z:a40d6b40-d3ad-4fe7-8245-9c92f794f831_dna_r10.4.1_e8.2_400bps_sup@v5.2.0	DS:Z:gpu:NVIDIA GeForce RTX 4070 SUPER	PU:Z:FBG39641	DT:Z:2026-07-15T14:17:26.508000+00:00	tm:Z:adapter,primer
4	cceca29d-390d-4c76-82e9-df3e1ead24d7	qs:f:17.3406	ch:i:153	st:Z:2026-07-15T19:19:59.783000+00:00	RG:Z:a40d6b40-d3ad-4fe7-8245-9c92f794f831_dna_r10.4.1_e8.2_400bps_sup@v5.2.0	DS:Z:gpu:NVIDIA GeForce RTX 4070 SUPER	PU:Z:FBG39641	DT:Z:2026-07-15T14:17:26.508000+00:00	tm:Z:adapter,primer
4	f4152430-4a6e-43d1-ae24-b2f6d4d323f2	qs:f:19.3096	ch:i:239	st:Z:2026-07-16T01:21:32.301000+00:00	RG:Z:a40d6b40-d3ad-4fe7-8245-9c92f794f831_dna_r10.4.1_e8.2_400bps_sup@v5.2.0	DS:Z:gpu:NVIDIA GeForce RTX 4070 SUPER	PU:Z:FBG39641	DT:Z:2026-07-15T14:17:26.508000+00:00	tm:Z:none
4	cb281594-cb19-4e60-93ba-3293f4bb294a	qs:f:18.6659	ch:i:6	st:Z:2026-07-15T15:42:33.308000+00:00	RG:Z:a40d6b40-d3ad-4fe7-8245-9c92f794f831_dna_r10.4.1_e8.2_400bps_sup@v5.2.0	DS:Z:gpu:NVIDIA GeForce RTX 4070 SUPER	PU:Z:FBG39641	DT:Z:2026-07-15T14:17:26.508000+00:00	tm:Z:none
4	dcb0fd52-7718-410e-b9b0-65850a9dbd5f	qs:f:13.875	ch:i:276	st:Z:2026-07-15T20:38:13.469000+00:00	RG:Z:a40d6b40-d3ad-4fe7-8245-9c92f794f831_dna_r10.4.1_e8.2_400bps_sup@v5.2.0	DS:Z:gpu:NVIDIA GeForce RTX 4070 SUPER	PU:Z:FBG39641	DT:Z:2026-07-15T14:17:26.508000+00:00	tm:Z:none
4	5971afd4-6d19-4bf1-b4a4-96e1de6cbe1b	qs:f:15.513	ch:i:387	st:Z:2026-07-15T22:49:42.531000+00:00	RG:Z:a40d6b40-d3ad-4fe7-8245-9c92f794f831_dna_r10.4.1_e8.2_400bps_sup@v5.2.0	DS:Z:gpu:NVIDIA GeForce RTX 4070 SUPER	PU:Z:FBG39641	DT:Z:2026-07-15T14:17:26.508000+00:00	tm:Z:adapter,primer rc
4	5a828e8c-0e6b-4a83-85d2-3f97f3b28cd1	qs:f:19.5877	ch:i:154	st:Z:2026-07-15T18:32:26.401000+00:00	RG:Z:a40d6b40-d3ad-4fe7-8245-9c92f794f831_dna_r10.4.1_e8.2_400bps_sup@v5.2.0	DS:Z:gpu:NVIDIA GeForce RTX 4070 SUPER	PU:Z:FBG39641	DT:Z:2026-07-15T14:17:26.508000+00:00	tm:Z:adapter,primer
4	4d839989-e20f-4b79-a4a8-1e8e936f46d4	qs:f:17.2263	ch:i:217	st:Z:2026-07-15T21:56:14.105000+00:00	RG:Z:a40d6b40-d3ad-4fe7-8245-9c92f794f831_dna_r10.4.1_e8.2_400bps_sup@v5.2.0	DS:Z:gpu:NVIDIA GeForce RTX 4070 SUPER	PU:Z:FBG39641	DT:Z:2026-07-15T14:17:26.508000+00:00	tm:Z:adapter,primer rc
4	da5ae184-99c1-44bb-8198-dc942302b7d0	qs:f:15.8238	ch:i:153	st:Z:2026-07-15T16:58:27.624000+00:00	RG:Z:a40d6b40-d3ad-4fe7-8245-9c92f794f831_dna_r10.4.1_e8.2_400bps_sup@v5.2.0	DS:Z:gpu:NVIDIA GeForce RTX 4070 SUPER	PU:Z:FBG39641	DT:Z:2026-07-15T14:17:26.508000+00:00	tm:Z:adapter,primer rc
4	d3e57612-384f-4776-a433-ce5ac7af15fa	qs:f:14.4907	ch:i:34	st:Z:2026-07-16T01:54:15.176000+00:00	RG:Z:a40d6b40-d3ad-4fe7-8245-9c92f794f831_dna_r10.4.1_e8.2_400bps_sup@v5.2.0	DS:Z:gpu:NVIDIA GeForce RTX 4070 SUPER	PU:Z:FBG39641	DT:Z:2026-07-15T14:17:26.508000+00:00	tm:Z:adapter,primer rc
4	f86f4a4f-c6d4-4eb2-9df3-acc5ec4fdfc6	qs:f:14.0847	ch:i:473	st:Z:2026-07-15T19:25:10.519000+00:00	RG:Z:a40d6b40-d3ad-4fe7-8245-9c92f794f831_dna_r10.4.1_e8.2_400bps_sup@v5.2.0	DS:Z:gpu:NVIDIA GeForce RTX 4070 SUPER	PU:Z:FBG39641	DT:Z:2026-07-15T14:17:26.508000+00:00	tm:Z:adapter,primer rc
4	34a56925-3ae9-4c64-9f12-6f58349c71c4	qs:f:14.7428	ch:i:305	st:Z:2026-07-15T23:00:50.074000+00:00	RG:Z:a40d6b40-d3ad-4fe7-8245-9c92f794f831_dna_r10.4.1_e8.2_400bps_sup@v5.2.0	DS:Z:gpu:NVIDIA GeForce RTX 4070 SUPER	PU:Z:FBG39641	DT:Z:2026-07-15T14:17:26.508000+00:00	tm:Z:adapter,primer rc
4	d96f4a8b-1b4b-4e52-b148-0f8214583e2f	qs:f:15.5561	ch:i:140	st:Z:2026-07-15T15:05:55.834000+00:00	RG:Z:a40d6b40-d3ad-4fe7-8245-9c92f794f831_dna_r10.4.1_e8.2_400bps_sup@v5.2.0	DS:Z:gpu:NVIDIA GeForce RTX 4070 SUPER	PU:Z:FBG39641	DT:Z:2026-07-15T14:17:26.508000+00:00	tm:Z:adapter,primer rc
4	51fd80da-e686-486c-8281-db915a8c3bf9	qs:f:13.912	ch:i:140	st:Z:2026-07-15T15:25:47.079000+00:00	RG:Z:a40d6b40-d3ad-4fe7-8245-9c92f794f831_dna_r10.4.1_e8.2_400bps_sup@v5.2.0	DS:Z:gpu:NVIDIA GeForce RTX 4070 SUPER	PU:Z:FBG39641	DT:Z:2026-07-15T14:17:26.508000+00:00	tm:Z:adapter,primer
5	b1678a9f-3bdb-414c-99da-951f313c2897	qs:f:32.2228	ch:i:507	st:Z:2026-07-15T17:38:14.926000+00:00	RG:Z:a40d6b40-d3ad-4fe7-8245-9c92f794f831_dna_r10.4.1_e8.2_400bps_sup@v5.2.0	DS:Z:gpu:NVIDIA GeForce RTX 4070 SUPER	PU:Z:FBG39641	DT:Z:2026-07-15T14:17:26.508000+00:00	tm:Z:adapter,primer rc
5	ce2ca771-a8f4-4053-9a7e-d7c4cb41e0c9	qs:f:33.8755	ch:i:375	st:Z:2026-07-15T16:22:22.858000+00:00	RG:Z:a40d6b40-d3ad-4fe7-8245-9c92f794f831_dna_r10.4.1_e8.2_400bps_sup@v5.2.0	DS:Z:gpu:NVIDIA GeForce RTX 4070 SUPER	PU:Z:FBG39641	DT:Z:2026-07-15T14:17:26.508000+00:00	tm:Z:adapter,primer
5	aa3364aa-4a12-43e8-ad77-973bbed7ab54	qs:f:31.6818	ch:i:244	st:Z:2026-07-16T02:16:48.446000+00:00	RG:Z:a40d6b40-d3ad-4fe7-8245-9c92f794f831_dna_r10.4.1_e8.2_400bps_sup@v5.2.0	DS:Z:gpu:NVIDIA GeForce RTX 4070 SUPER	PU:Z:FBG39641	DT:Z:2026-07-15T14:17:26.508000+00:00	tm:Z:adapter,primer rc
5	ec080f16-b6d0-4767-8c70-db06ce2a2a5f	qs:f:23.5744	ch:i:318	st:Z:2026-07-15T21:06:04.854000+00:00	RG:Z:a40d6b40-d3ad-4fe7-8245-9c92f794f831_dna_r10.4.1_e8.2_400bps_sup@v5.2.0	DS:Z:gpu:NVIDIA GeForce RTX 4070 SUPER	PU:Z:FBG39641	DT:Z:2026-07-15T14:17:26.508000+00:00	tm:Z:none rc
5	31d274c4-479a-4a74-891e-714a015a94bd	qs:f:21.9294	ch:i:217	st:Z:2026-07-16T00:58:36.774000+00:00	RG:Z:a40d6b40-d3ad-4fe7-8245-9c92f794f831_dna_r10.4.1_e8.2_400bps_sup@v5.2.0	DS:Z:gpu:NVIDIA GeForce RTX 4070 SUPER	PU:Z:FBG39641	DT:Z:2026-07-15T14:17:26.508000+00:00	tm:Z:adapter,primer rc
5	43aa16bf-31c7-4a59-b045-0b3baefdb961	qs:f:23.3135	ch:i:73	st:Z:2026-07-16T01:05:58.447000+00:00	RG:Z:a40d6b40-d3ad-4fe7-8245-9c92f794f831_dna_r10.4.1_e8.2_400bps_sup@v5.2.0	DS:Z:gpu:NVIDIA GeForce RTX 4070 SUPER	PU:Z:FBG39641	DT:Z:2026-07-15T14:17:26.508000+00:00	tm:Z:adapter,primer rc
5	f3f83c05-4fdb-474e-a81a-e1a4e458c94d	qs:f:24.104	ch:i:356	st:Z:2026-07-16T00:08:03.150000+00:00	RG:Z:a40d6b40-d3ad-4fe7-8245-9c92f794f831_dna_r10.4.1_e8.2_400bps_sup@v5.2.0	DS:Z:gpu:NVIDIA GeForce RTX 4070 SUPER	PU:Z:FBG39641	DT:Z:2026-07-15T14:17:26.508000+00:00	tm:Z:adapter,primer
5	5d6096a6-096c-4dfb-a85c-e5cfd3bd7098	qs:f:19.1545	ch:i:68	st:Z:2026-07-16T00:42:58.426000+00:00	RG:Z:a40d6b40-d3ad-4fe7-8245-9c92f794f831_dna_r10.4.1_e8.2_400bps_sup@v5.2.0	DS:Z:gpu:NVIDIA GeForce RTX 4070 SUPER	PU:Z:FBG39641	DT:Z:2026-07-15T14:17:26.508000+00:00	tm:Z:adapter,primer rc
5	2bbea3b6-1887-4d64-adc0-a327639bb0e3	qs:f:25.7545	ch:i:154	st:Z:2026-07-16T00:34:02.807000+00:00	RG:Z:a40d6b40-d3ad-4fe7-8245-9c92f794f831_dna_r10.4.1_e8.2_400bps_sup@v5.2.0	DS:Z:gpu:NVIDIA GeForce RTX 4070 SUPER	PU:Z:FBG39641	DT:Z:2026-07-15T14:17:26.508000+00:00	tm:Z:adapter,primer rc
5	60a423d1-7b52-4d15-a25c-12bf638b6e2d	qs:f:27.1332	ch:i:471	st:Z:2026-07-15T19:14:38.100000+00:00	RG:Z:a40d6b40-d3ad-4fe7-8245-9c92f794f831_dna_r10.4.1_e8.2_400bps_sup@v5.2.0	DS:Z:gpu:NVIDIA GeForce RTX 4070 SUPER	PU:Z:FBG39641	DT:Z:2026-07-15T14:17:26.508000+00:00	tm:Z:adapter,primer
5	987b74fb-6f52-4c41-a004-87aecea1127e	qs:f:17.6004	ch:i:485	st:Z:2026-07-15T14:44:57.554000+00:00	RG:Z:a40d6b40-d3ad-4fe7-8245-9c92f794f831_dna_r10.4.1_e8.2_400bps_sup@v5.2.0	DS:Z:gpu:NVIDIA GeForce RTX 4070 SUPER	PU:Z:FBG39641	DT:Z:2026-07-15T14:17:26.508000+00:00	tm:Z:adapter,primer rc
5	8c4b06af-413a-41da-811f-f7984591c155	qs:f:20.7677	ch:i:133	st:Z:2026-07-15T14:36:01.596000+00:00	RG:Z:a40d6b40-d3ad-4fe7-8245-9c92f794f831_dna_r10.4.1_e8.2_400bps_sup@v5.2.0	DS:Z:gpu:NVIDIA GeForce RTX 4070 SUPER	PU:Z:FBG39641	DT:Z:2026-07-15T14:17:26.508000+00:00	tm:Z:adapter,primer
5	151fa143-486f-4838-b297-00918e1438f7	qs:f:16.7756	ch:i:466	st:Z:2026-07-15T15:30:44.337000+00:00	RG:Z:a40d6b40-d3ad-4fe7-8245-9c92f794f831_dna_r10.4.1_e8.2_400bps_sup@v5.2.0	DS:Z:gpu:NVIDIA GeForce RTX 4070 SUPER	PU:Z:FBG39641	DT:Z:2026-07-15T14:17:26.508000+00:00	tm:Z:adapter,primer
5	e7fb9947-3b55-40c1-8a8c-0e8d5a54e71c	qs:f:15.283	ch:i:223	st:Z:2026-07-15T18:35:18.094000+00:00	RG:Z:a40d6b40-d3ad-4fe7-8245-9c92f794f831_dna_r10.4.1_e8.2_400bps_sup@v5.2.0	DS:Z:gpu:NVIDIA GeForce RTX 4070 SUPER	PU:Z:FBG39641	DT:Z:2026-07-15T14:17:26.508000+00:00	tm:Z:none
5	bcec28d6-4160-4d92-9193-e3f980e27bbf	qs:f:22.4928	ch:i:140	st:Z:2026-07-15T19:31:13.019000+00:00	RG:Z:a40d6b40-d3ad-4fe7-8245-9c92f794f831_dna_r10.4.1_e8.2_400bps_sup@v5.2.0	DS:Z:gpu:NVIDIA GeForce RTX 4070 SUPER	PU:Z:FBG39641	DT:Z:2026-07-15T14:17:26.508000+00:00	tm:Z:adapter,primer rc
5	1fa88db2-623b-4aae-b302-4189cfac6d0c	qs:f:23.1965	ch:i:357	st:Z:2026-07-15T14:27:49.594000+00:00	RG:Z:a40d6b40-d3ad-4fe7-8245-9c92f794f831_dna_r10.4.1_e8.2_400bps_sup@v5.2.0	DS:Z:gpu:NVIDIA GeForce RTX 4070 SUPER	PU:Z:FBG39641	DT:Z:2026-07-15T14:17:26.508000+00:00	tm:Z:none
5	0a2daa86-13f8-431e-8105-1bfe69dabc70	qs:f:25.4595	ch:i:196	st:Z:2026-07-15T23:30:42.209000+00:00	RG:Z:a40d6b40-d3ad-4fe7-8245-9c92f794f831_dna_r10.4.1_e8.2_400bps_sup@v5.2.0	DS:Z:gpu:NVIDIA GeForce RTX 4070 SUPER	PU:Z:FBG39641	DT:Z:2026-07-15T14:17:26.508000+00:00	tm:Z:adapter,primer
5	a9e17e50-bd7a-41f0-b89c-c855d6ed6f7f	qs:f:20.7424	ch:i:235	st:Z:2026-07-15T18:49:53.773000+00:00	RG:Z:a40d6b40-d3ad-4fe7-8245-9c92f794f831_dna_r10.4.1_e8.2_400bps_sup@v5.2.0	DS:Z:gpu:NVIDIA GeForce RTX 4070 SUPER	PU:Z:FBG39641	DT:Z:2026-07-15T14:17:26.508000+00:00	tm:Z:adapter,primer rc
5	7a1a678b-489f-45db-a04f-61a8a35d882e	qs:f:21.7963	ch:i:364	st:Z:2026-07-15T18:09:17.421000+00:00	RG:Z:a40d6b40-d3ad-4fe7-8245-9c92f794f831_dna_r10.4.1_e8.2_400bps_sup@v5.2.0	DS:Z:gpu:NVIDIA GeForce RTX 4070 SUPER	PU:Z:FBG39641	DT:Z:2026-07-15T14:17:26.508000+00:00	tm:Z:adapter,primer
5	8d87408c-119a-479e-a684-3272f3cb2346	qs:f:19.7164	ch:i:412	st:Z:2026-07-16T02:11:45.082000+00:00	RG:Z:a40d6b40-d3ad-4fe7-8245-9c92f794f831_dna_r10.4.1_e8.2_400bps_sup@v5.2.0	DS:Z:gpu:NVIDIA GeForce RTX 4070 SUPER	PU:Z:FBG39641	DT:Z:2026-07-15T14:17:26.508000+00:00	tm:Z:adapter,primer rc
5	74a293f6-3d64-409a-be40-7b33dd2387f2	qs:f:17.5555	ch:i:377	st:Z:2026-07-15T22:31:29.916000+00:00	RG:Z:a40d6b40-d3ad-4fe7-8245-9c92f794f831_dna_r10.4.1_e8.2_400bps_sup@v5.2.0	DS:Z:gpu:NVIDIA GeForce RTX 4070 SUPER	PU:Z:FBG39641	DT:Z:2026-07-15T14:17:26.508000+00:00	tm:Z:adapter,primer rc
5	958a7eb4-94fd-4b3e-a8dd-ac9dc7fe431c	qs:f:20.4117	ch:i:120	st:Z:2026-07-15T19:32:41.597000+00:00	RG:Z:a40d6b40-d3ad-4fe7-8245-9c92f794f831_dna_r10.4.1_e8.2_400bps_sup@v5.2.0	DS:Z:gpu:NVIDIA GeForce RTX 4070 SUPER	PU:Z:FBG39641	DT:Z:2026-07-15T14:17:26.508000+00:00	tm:Z:none rc
5	892f16c1-b9f2-4dfc-9543-99cb2882b0a8	qs:f:15.493	ch:i:365	st:Z:2026-07-15T18:57:53.578000+00:00	RG:Z:a40d6b40-d3ad-4fe7-8245-9c92f794f831_dna_r10.4.1_e8.2_400bps_sup@v5.2.0	DS:Z:gpu:NVIDIA GeForce RTX 4070 SUPER	PU:Z:FBG39641	DT:Z:2026-07-15T14:17:26.508000+00:00	tm:Z:none
5	8b66d4f8-9d79-48a4-a6dc-fe564553c0b8	qs:f:14.619	ch:i:84	st:Z:2026-07-15T19:04:33.960000+00:00	RG:Z:a40d6b40-d3ad-4fe7-8245-9c92f794f831_dna_r10.4.1_e8.2_400bps_sup@v5.2.0	DS:Z:gpu:NVIDIA GeForce RTX 4070 SUPER	PU:Z:FBG39641	DT:Z:2026-07-15T14:17:26.508000+00:00	tm:Z:none
5	ba6a34fc-07f5-4fbf-8cfe-d2d273d387a2	qs:f:16.8604	ch:i:438	st:Z:2026-07-15T14:42:18.034000+00:00	RG:Z:a40d6b40-d3ad-4fe7-8245-9c92f794f831_dna_r10.4.1_e8.2_400bps_sup@v5.2.0	DS:Z:gpu:NVIDIA GeForce RTX 4070 SUPER	PU:Z:FBG39641	DT:Z:2026-07-15T14:17:26.508000+00:00	tm:Z:adapter,primer
5	67e42e74-34f1-44ae-9e99-02ee4b61a479	qs:f:14.905	ch:i:65	st:Z:2026-07-15T17:15:39.233000+00:00	RG:Z:a40d6b40-d3ad-4fe7-8245-9c92f794f831_dna_r10.4.1_e8.2_400bps_sup@v5.2.0	DS:Z:gpu:NVIDIA GeForce RTX 4070 SUPER	PU:Z:FBG39641	DT:Z:2026-07-15T14:17:26.508000+00:00	tm:Z:adapter,primer
5	b9c2ac84-9de5-4397-ae73-3d70f8ac1d36	qs:f:13.3252	ch:i:493	st:Z:2026-07-15T14:54:57.586000+00:00	RG:Z:a40d6b40-d3ad-4fe7-8245-9c92f794f831_dna_r10.4.1_e8.2_400bps_sup@v5.2.0	DS:Z:gpu:NVIDIA GeForce RTX 4070 SUPER	PU:Z:FBG39641	DT:Z:2026-07-15T14:17:26.508000+00:00	tm:Z:adapter,primer rc
5	5cbd52e0-5ee9-49fd-9999-5014f895831f	qs:f:14.3769	ch:i:20	st:Z:2026-07-15T17:39:59.485000+00:00	RG:Z:a40d6b40-d3ad-4fe7-8245-9c92f794f831_dna_r10.4.1_e8.2_400bps_sup@v5.2.0	DS:Z:gpu:NVIDIA GeForce RTX 4070 SUPER	PU:Z:FBG39641	DT:Z:2026-07-15T14:17:26.508000+00:00	tm:Z:none
5	ae492f4e-4c5d-435b-9753-0bd26d4130a3	qs:f:12.9682	ch:i:456	st:Z:2026-07-15T17:46:51.243000+00:00	RG:Z:a40d6b40-d3ad-4fe7-8245-9c92f794f831_dna_r10.4.1_e8.2_400bps_sup@v5.2.0	DS:Z:gpu:NVIDIA GeForce RTX 4070 SUPER	PU:Z:FBG39641	DT:Z:2026-07-15T14:17:26.508000+00:00	tm:Z:adapter,primer rc
5	c2b2509a-341e-4379-b7b9-12b7532a8ced	qs:f:10.9984	ch:i:105	st:Z:2026-07-15T23:03:16.742000+00:00	RG:Z:a40d6b40-d3ad-4fe7-8245-9c92f794f831_dna_r10.4.1_e8.2_400bps_sup@v5.2.0	DS:Z:gpu:NVIDIA GeForce RTX 4070 SUPER	PU:Z:FBG39641	DT:Z:2026-07-15T14:17:26.508000+00:00	tm:Z:adapter,primer rc
6	9bcfec64-88b5-44bc-856c-b4064a1f3d7b	qs:f:20.1966	ch:i:220	st:Z:2026-07-15T20:20:43.013000+00:00	RG:Z:a40d6b40-d3ad-4fe7-8245-9c92f794f831_dna_r10.4.1_e8.2_400bps_sup@v5.2.0	DS:Z:gpu:NVIDIA GeForce RTX 4070 SUPER	PU:Z:FBG39641	DT:Z:2026-07-15T14:17:26.508000+00:00	tm:Z:none rc
6	4ce85369-e876-470b-8aef-fe7fc668e683	qs:f:28.6797	ch:i:419	st:Z:2026-07-15T16:14:50.152000+00:00	RG:Z:a40d6b40-d3ad-4fe7-8245-9c92f794f831_dna_r10.4.1_e8.2_400bps_sup@v5.2.0	DS:Z:gpu:NVIDIA GeForce RTX 4070 SUPER	PU:Z:FBG39641	DT:Z:2026-07-15T14:17:26.508000+00:00	tm:Z:adapter,primer rc
6	6e48f9b4-b783-4ecf-87b1-173f00da4884	qs:f:20.6172	ch:i:370	st:Z:2026-07-16T00:44:22.836000+00:00	RG:Z:a40d6b40-d3ad-4fe7-8245-9c92f794f831_dna_r10.4.1_e8.2_400bps_sup@v5.2.0	DS:Z:gpu:NVIDIA GeForce RTX 4070 SUPER	PU:Z:FBG39641	DT:Z:2026-07-15T14:17:26.508000+00:00	tm:Z:none
6	a2289cdb-4b9b-4c63-bc13-f70606fcf3c7	qs:f:32.7143	ch:i:172	st:Z:2026-07-15T19:35:08.375000+00:00	RG:Z:a40d6b40-d3ad-4fe7-8245-9c92f794f831_dna_r10.4.1_e8.2_400bps_sup@v5.2.0	DS:Z:gpu:NVIDIA GeForce RTX 4070 SUPER	PU:Z:FBG39641	DT:Z:2026-07-15T14:17:26.508000+00:00	tm:Z:adapter,primer rc
6	38c0e431-d6d7-41aa-8134-84deca327d3b	qs:f:19.5088	ch:i:339	st:Z:2026-07-15T16:12:21.746000+00:00	RG:Z:a40d6b40-d3ad-4fe7-8245-9c92f794f831_dna_r10.4.1_e8.2_400bps_sup@v5.2.0	DS:Z:gpu:NVIDIA GeForce RTX 4070 SUPER	PU:Z:FBG39641	DT:Z:2026-07-15T14:17:26.508000+00:00	tm:Z:adapter,primer rc
6	81e86126-ceb6-4051-85b1-39324aabba16	qs:f:24.0612	ch:i:143	st:Z:2026-07-15T19:58:48.903000+00:00	RG:Z:a40d6b40-d3ad-4fe7-8245-9c92f794f831_dna_r10.4.1_e8.2_400bps_sup@v5.2.0	DS:Z:gpu:NVIDIA GeForce RTX 4070 SUPER	PU:Z:FBG39641	DT:Z:2026-07-15T14:17:26.508000+00:00	tm:Z:none
6	3adf73b7-88ca-4176-9a30-4f670190aaef	qs:f:17.3661	ch:i:335	st:Z:2026-07-16T01:07:04.052000+00:00	RG:Z:a40d6b40-d3ad-4fe7-8245-9c92f794f831_dna_r10.4.1_e8.2_400bps_sup@v5.2.0	DS:Z:gpu:NVIDIA GeForce RTX 4070 SUPER	PU:Z:FBG39641	DT:Z:2026-07-15T14:17:26.508000+00:00	tm:Z:none
6	ede523e4-9af1-42a5-a54b-9a5c99452c52	qs:f:14.0092	ch:i:452	st:Z:2026-07-15T19:17:50.713000+00:00	RG:Z:a40d6b40-d3ad-4fe7-8245-9c92f794f831_dna_r10.4.1_e8.2_400bps_sup@v5.2.0	DS:Z:gpu:NVIDIA GeForce RTX 4070 SUPER	PU:Z:FBG39641	DT:Z:2026-07-15T14:17:26.508000+00:00	tm:Z:none
6	75ade1a7-49a5-4ad5-88eb-82241bbfa36a	qs:f:21.158	ch:i:93	st:Z:2026-07-15T19:46:52.293000+00:00	RG:Z:a40d6b40-d3ad-4fe7-8245-9c92f794f831_dna_r10.4.1_e8.2_400bps_sup@v5.2.0	DS:Z:gpu:NVIDIA GeForce RTX 4070 SUPER	PU:Z:FBG39641	DT:Z:2026-07-15T14:17:26.508000+00:00	tm:Z:none rc
6	490e9937-3f87-4985-b47c-159260c70a83	qs:f:30.655	ch:i:312	st:Z:2026-07-15T22:31:24.339000+00:00	RG:Z:a40d6b40-d3ad-4fe7-8245-9c92f794f831_dna_r10.4.1_e8.2_400bps_sup@v5.2.0	DS:Z:gpu:NVIDIA GeForce RTX 4070 SUPER	PU:Z:FBG39641	DT:Z:2026-07-15T14:17:26.508000+00:00	tm:Z:none rc
6	154af563-7103-4268-af06-6abfd0b12b1d	qs:f:20.0764	ch:i:280	st:Z:2026-07-15T18:59:55.886000+00:00	RG:Z:a40d6b40-d3ad-4fe7-8245-9c92f794f831_dna_r10.4.1_e8.2_400bps_sup@v5.2.0	DS:Z:gpu:NVIDIA GeForce RTX 4070 SUPER	PU:Z:FBG39641	DT:Z:2026-07-15T14:17:26.508000+00:00	tm:Z:adapter,primer rc
6	b811128d-764b-4787-86b1-16cf0fa8e1b0	qs:f:27.0836	ch:i:198	st:Z:2026-07-15T23:02:16.610000+00:00	RG:Z:a40d6b40-d3ad-4fe7-8245-9c92f794f831_dna_r10.4.1_e8.2_400bps_sup@v5.2.0	DS:Z:gpu:NVIDIA GeForce RTX 4070 SUPER	PU:Z:FBG39641	DT:Z:2026-07-15T14:17:26.508000+00:00	tm:Z:adapter,primer rc
6	bca43a39-d127-4e9d-b820-e44835a6924a	qs:f:17.7858	ch:i:133	st:Z:2026-07-15T15:07:35.918000+00:00	RG:Z:a40d6b40-d3ad-4fe7-8245-9c92f794f831_dna_r10.4.1_e8.2_400bps_sup@v5.2.0	DS:Z:gpu:NVIDIA GeForce RTX 4070 SUPER	PU:Z:FBG39641	DT:Z:2026-07-15T14:17:26.508000+00:00	tm:Z:none rc
6	d23e3008-a8b0-41a2-a498-f500fa6b6043	qs:f:24.3741	ch:i:418	st:Z:2026-07-15T19:31:09.485000+00:00	RG:Z:a40d6b40-d3ad-4fe7-8245-9c92f794f831_dna_r10.4.1_e8.2_400bps_sup@v5.2.0	DS:Z:gpu:NVIDIA GeForce RTX 4070 SUPER	PU:Z:FBG39641	DT:Z:2026-07-15T14:17:26.508000+00:00	tm:Z:none rc
6	cc9a54ef-22ff-4846-87d2-a53b162651df	qs:f:25.3191	ch:i:183	st:Z:2026-07-15T17:10:03.394000+00:00	RG:Z:a40d6b40-d3ad-4fe7-8245-9c92f794f831_dna_r10.4.1_e8.2_400bps_sup@v5.2.0	DS:Z:gpu:NVIDIA GeForce RTX 4070 SUPER	PU:Z:FBG39641	DT:Z:2026-07-15T14:17:26.508000+00:00	tm:Z:none rc
6	59efd55f-59e2-428f-a540-0dcb72e6bb13	qs:f:22.3481	ch:i:335	st:Z:2026-07-16T00:39:58.719000+00:00	RG:Z:a40d6b40-d3ad-4fe7-8245-9c92f794f831_dna_r10.4.1_e8.2_400bps_sup@v5.2.0	DS:Z:gpu:NVIDIA GeForce RTX 4070 SUPER	PU:Z:FBG39641	DT:Z:2026-07-15T14:17:26.508000+00:00	tm:Z:none
6	c97d6379-1e67-4095-bc1d-138489bd1ca2	qs:f:20.6739	ch:i:47	st:Z:2026-07-15T14:25:39.957000+00:00	RG:Z:a40d6b40-d3ad-4fe7-8245-9c92f794f831_dna_r10.4.1_e8.2_400bps_sup@v5.2.0	DS:Z:gpu:NVIDIA GeForce RTX 4070 SUPER	PU:Z:FBG39641	DT:Z:2026-07-15T14:17:26.508000+00:00	tm:Z:none
6	035c5f55-a55d-4123-aea1-6ee92d1aaeb8	qs:f:20.1916	ch:i:120	st:Z:2026-07-15T21:55:53.177000+00:00	RG:Z:a40d6b40-d3ad-4fe7-8245-9c92f794f831_dna_r10.4.1_e8.2_400bps_sup@v5.2.0	DS:Z:gpu:NVIDIA GeForce RTX 4070 SUPER	PU:Z:FBG39641	DT:Z:2026-07-15T14:17:26.508000+00:00	tm:Z:adapter,primer rc
6	61f92f63-88ef-40cf-99d0-87f3bc5aeba7	qs:f:18.6597	ch:i:468	st:Z:2026-07-16T02:00:00.009000+00:00	RG:Z:a40d6b40-d3ad-4fe7-8245-9c92f794f831_dna_r10.4.1_e8.2_400bps_sup@v5.2.0	DS:Z:gpu:NVIDIA GeForce RTX 4070 SUPER	PU:Z:FBG39641	DT:Z:2026-07-15T14:17:26.508000+00:00	tm:Z:adapter,primer rc
6	746815d9-8daa-411c-969e-e2babfadea86	qs:f:17.3132	ch:i:365	st:Z:2026-07-15T22:43:47.002000+00:00	RG:Z:a40d6b40-d3ad-4fe7-8245-9c92f794f831_dna_r10.4.1_e8.2_400bps_sup@v5.2.0	DS:Z:gpu:NVIDIA GeForce RTX 4070 SUPER	PU:Z:FBG39641	DT:Z:2026-07-15T14:17:26.508000+00:00	tm:Z:adapter,primer rc
6	40cdeae8-a3c4-49de-aa99-490c2c5ec12a	qs:f:18.632	ch:i:283	st:Z:2026-07-15T16:43:22.919000+00:00	RG:Z:a40d6b40-d3ad-4fe7-8245-9c92f794f831_dna_r10.4.1_e8.2_400bps_sup@v5.2.0	DS:Z:gpu:NVIDIA GeForce RTX 4070 SUPER	PU:Z:FBG39641	DT:Z:2026-07-15T14:17:26.508000+00:00	tm:Z:adapter,primer rc
6	bc531869-2e80-4311-9ce2-c58bbaf2062a	qs:f:16.8468	ch:i:465	st:Z:2026-07-15T14:41:33.834000+00:00	RG:Z:a40d6b40-d3ad-4fe7-8245-9c92f794f831_dna_r10.4.1_e8.2_400bps_sup@v5.2.0	DS:Z:gpu:NVIDIA GeForce RTX 4070 SUPER	PU:Z:FBG39641	DT:Z:2026-07-15T14:17:26.508000+00:00	tm:Z:adapter,primer rc
6	074cc435-c9d0-415f-83e0-981961e2e6f9	qs:f:20.5146	ch:i:381	st:Z:2026-07-15T18:00:10.373000+00:00	RG:Z:a40d6b40-d3ad-4fe7-8245-9c92f794f831_dna_r10.4.1_e8.2_400bps_sup@v5.2.0	DS:Z:gpu:NVIDIA GeForce RTX 4070 SUPER	PU:Z:FBG39641	DT:Z:2026-07-15T14:17:26.508000+00:00	tm:Z:adapter,primer rc
6	abb03f80-5b9f-4b36-94f4-9448af108f89	qs:f:19.5705	ch:i:474	st:Z:2026-07-15T17:49:38.865000+00:00	RG:Z:a40d6b40-d3ad-4fe7-8245-9c92f794f831_dna_r10.4.1_e8.2_400bps_sup@v5.2.0	DS:Z:gpu:NVIDIA GeForce RTX 4070 SUPER	PU:Z:FBG39641	DT:Z:2026-07-15T14:17:26.508000+00:00	tm:Z:adapter,primer
6	b201daf9-e615-42f2-8b8c-f233e4596fdd	qs:f:17.9993	ch:i:475	st:Z:2026-07-15T19:42:39.825000+00:00	RG:Z:a40d6b40-d3ad-4fe7-8245-9c92f794f831_dna_r10.4.1_e8.2_400bps_sup@v5.2.0	DS:Z:gpu:NVIDIA GeForce RTX 4070 SUPER	PU:Z:FBG39641	DT:Z:2026-07-15T14:17:26.508000+00:00	tm:Z:adapter,primer
6	c23f9567-f3d3-4ff0-908b-574a859dccdf	qs:f:20.5689	ch:i:185	st:Z:2026-07-15T16:09:55.747000+00:00	RG:Z:a40d6b40-d3ad-4fe7-8245-9c92f794f831_dna_r10.4.1_e8.2_400bps_sup@v5.2.0	DS:Z:gpu:NVIDIA GeForce RTX 4070 SUPER	PU:Z:FBG39641	DT:Z:2026-07-15T14:17:26.508000+00:00	tm:Z:none
6	3235208d-225f-4776-b568-0cef35f24cea	qs:f:15.1329	ch:i:48	st:Z:2026-07-15T22:49:14.115000+00:00	RG:Z:a40d6b40-d3ad-4fe7-8245-9c92f794f831_dna_r10.4.1_e8.2_400bps_sup@v5.2.0	DS:Z:gpu:NVIDIA GeForce RTX 4070 SUPER	PU:Z:FBG39641	DT:Z:2026-07-15T14:17:26.508000+00:00	tm:Z:adapter,primer
6	77f3c18d-da0c-4399-b7e8-5749315c8dd4	qs:f:12.6226	ch:i:395	st:Z:2026-07-15T16:18:35.954000+00:00	RG:Z:a40d6b40-d3ad-4fe7-8245-9c92f794f831_dna_r10.4.1_e8.2_400bps_sup@v5.2.0	DS:Z:gpu:NVIDIA GeForce RTX 4070 SUPER	PU:Z:FBG39641	DT:Z:2026-07-15T14:17:26.508000+00:00	tm:Z:none rc
7	ce849709-dd13-4b07-a8e4-66b26d917b4d	qs:f:30.3192	ch:i:110	st:Z:2026-07-15T20:54:01.458000+00:00	RG:Z:a40d6b40-d3ad-4fe7-8245-9c92f794f831_dna_r10.4.1_e8.2_400bps_sup@v5.2.0	DS:Z:gpu:NVIDIA GeForce RTX 4070 SUPER	PU:Z:FBG39641	DT:Z:2026-07-15T14:17:26.508000+00:00	tm:Z:none rc
7	0c37929f-f9b3-4e11-bfc5-47890e1ae3d6	qs:f:29.6334	ch:i:446	st:Z:2026-07-15T18:58:12.711000+00:00	RG:Z:a40d6b40-d3ad-4fe7-8245-9c92f794f831_dna_r10.4.1_e8.2_400bps_sup@v5.2.0	DS:Z:gpu:NVIDIA GeForce RTX 4070 SUPER	PU:Z:FBG39641	DT:Z:2026-07-15T14:17:26.508000+00:00	tm:Z:adapter,primer
7	1dc3aa8c-50e1-410c-9ea6-6b250ac050a6	qs:f:22.1882	ch:i:398	st:Z:2026-07-15T17:43:16.157000+00:00	RG:Z:a40d6b40-d3ad-4fe7-8245-9c92f794f831_dna_r10.4.1_e8.2_400bps_sup@v5.2.0	DS:Z:gpu:NVIDIA GeForce RTX 4070 SUPER	PU:Z:FBG39641	DT:Z:2026-07-15T14:17:26.508000+00:00	tm:Z:adapter,primer rc
7	2bd416fb-ee46-4ab0-b945-31fd81be69c6	qs:f:16.9125	ch:i:380	st:Z:2026-07-15T16:29:48.976000+00:00	RG:Z:a40d6b40-d3ad-4fe7-8245-9c92f794f831_dna_r10.4.1_e8.2_400bps_sup@v5.2.0	DS:Z:gpu:NVIDIA GeForce RTX 4070 SUPER	PU:Z:FBG39641	DT:Z:2026-07-15T14:17:26.508000+00:00	tm:Z:none rc
7	98abc693-274a-461d-bd34-9186a8fbd744	qs:f:19.6189	ch:i:57	st:Z:2026-07-15T19:28:13.564000+00:00	RG:Z:a40d6b40-d3ad-4fe7-8245-9c92f794f831_dna_r10.4.1_e8.2_400bps_sup@v5.2.0	DS:Z:gpu:NVIDIA GeForce RTX 4070 SUPER	PU:Z:FBG39641	DT:Z:2026-07-15T14:17:26.508000+00:00	tm:Z:adapter,primer
7	eebb2629-1dbf-4fed-be6e-9e84ed74a0aa	qs:f:14.6905	ch:i:110	st:Z:2026-07-16T00:11:01.706000+00:00	RG:Z:a40d6b40-d3ad-4fe7-8245-9c92f794f831_dna_r10.4.1_e8.2_400bps_sup@v5.2.0	DS:Z:gpu:NVIDIA GeForce RTX 4070 SUPER	PU:Z:FBG39641	DT:Z:2026-07-15T14:17:26.508000+00:00	tm:Z:adapter,primer
7	7207206f-f246-49a3-b982-784471cf357f	qs:f:21.9879	ch:i:438	st:Z:2026-07-15T22:31:58.240000+00:00	RG:Z:a40d6b40-d3ad-4fe7-8245-9c92f794f831_dna_r10.4.1_e8.2_400bps_sup@v5.2.0	DS:Z:gpu:NVIDIA GeForce RTX 4070 SUPER	PU:Z:FBG39641	DT:Z:2026-07-15T14:17:26.508000+00:00	tm:Z:adapter,primer rc
7	85816e64-f60b-4ba9-8f3c-fcbb1705275f	qs:f:18.2142	ch:i:275	st:Z:2026-07-15T21:00:58.272000+00:00	RG:Z:a40d6b40-d3ad-4fe7-8245-9c92f794f831_dna_r10.4.1_e8.2_400bps_sup@v5.2.0	DS:Z:gpu:NVIDIA GeForce RTX 4070 SUPER	PU:Z:FBG39641	DT:Z:2026-07-15T14:17:26.508000+00:00	tm:Z:adapter,primer
7	b6626c12-a1b7-4101-bd7e-fcc6d8b0d79c	qs:f:20.0601	ch:i:45	st:Z:2026-07-15T22:19:03.893000+00:00	RG:Z:a40d6b40-d3ad-4fe7-8245-9c92f794f831_dna_r10.4.1_e8.2_400bps_sup@v5.2.0	DS:Z:gpu:NVIDIA GeForce RTX 4070 SUPER	PU:Z:FBG39641	DT:Z:2026-07-15T14:17:26.508000+00:00	tm:Z:none
7	b585c3e0-b2b0-4c76-842d-9cb161e30893	qs:f:19.1383	ch:i:243	st:Z:2026-07-15T16:44:41.697000+00:00	RG:Z:a40d6b40-d3ad-4fe7-8245-9c92f794f831_dna_r10.4.1_e8.2_400bps_sup@v5.2.0	DS:Z:gpu:NVIDIA GeForce RTX 4070 SUPER	PU:Z:FBG39641	DT:Z:2026-07-15T14:17:26.508000+00:00	tm:Z:adapter,primer
7	ff266a39-d64c-480e-a89c-db8382da0e4d	qs:f:14.9461	ch:i:126	st:Z:2026-07-15T21:33:22.980000+00:00	RG:Z:a40d6b40-d3ad-4fe7-8245-9c92f794f831_dna_r10.4.1_e8.2_400bps_sup@v5.2.0	DS:Z:gpu:NVIDIA GeForce RTX 4070 SUPER	PU:Z:FBG39641	DT:Z:2026-07-15T14:17:26.508000+00:00	tm:Z:adapter,primer rc
7	e881aa1d-34a0-4978-9d2a-504ed0a73a82	qs:f:18.264	ch:i:284	st:Z:2026-07-15T18:43:09.877000+00:00	RG:Z:a40d6b40-d3ad-4fe7-8245-9c92f794f831_dna_r10.4.1_e8.2_400bps_sup@v5.2.0	DS:Z:gpu:NVIDIA GeForce RTX 4070 SUPER	PU:Z:FBG39641	DT:Z:2026-07-15T14:17:26.508000+00:00	tm:Z:adapter,primer rc
7	ed4327e3-66ae-4c6c-bb72-4bd36bdd726b	qs:f:17.4795	ch:i:157	st:Z:2026-07-16T01:22:44.127000+00:00	RG:Z:a40d6b40-d3ad-4fe7-8245-9c92f794f831_dna_r10.4.1_e8.2_400bps_sup@v5.2.0	DS:Z:gpu:NVIDIA GeForce RTX 4070 SUPER	PU:Z:FBG39641	DT:Z:2026-07-15T14:17:26.508000+00:00	tm:Z:none
7	0d007f61-9ae2-4625-a22b-fc3e8bae746d	qs:f:19.9761	ch:i:440	st:Z:2026-07-15T19:48:30.235000+00:00	RG:Z:a40d6b40-d3ad-4fe7-8245-9c92f794f831_dna_r10.4.1_e8.2_400bps_sup@v5.2.0	DS:Z:gpu:NVIDIA GeForce RTX 4070 SUPER	PU:Z:FBG39641	DT:Z:2026-07-15T14:17:26.508000+00:00	tm:Z:none
7	ddcd6f23-8a11-4bae-b4d7-4ff1518aefad	qs:f:16.6524	ch:i:21	st:Z:2026-07-15T20:08:48.635000+00:00	RG:Z:a40d6b40-d3ad-4fe7-8245-9c92f794f831_dna_r10.4.1_e8.2_400bps_sup@v5.2.0	DS:Z:gpu:NVIDIA GeForce RTX 4070 SUPER	PU:Z:FBG39641	DT:Z:2026-07-15T14:17:26.508000+00:00	tm:Z:none
7	034beecc-f62a-48a5-acb5-91a91ee95f6a	qs:f:18.0046	ch:i:129	st:Z:2026-07-15T21:18:54.397000+00:00	RG:Z:a40d6b40-d3ad-4fe7-8245-9c92f794f831_dna_r10.4.1_e8.2_400bps_sup@v5.2.0	DS:Z:gpu:NVIDIA GeForce RTX 4070 SUPER	PU:Z:FBG39641	DT:Z:2026-07-15T14:17:26.508000+00:00	tm:Z:adapter,primer rc
7	94bcb47b-85f5-48d6-bdaf-ed6ec4bb0101	qs:f:14.4938	ch:i:93	st:Z:2026-07-15T17:02:28.729000+00:00	RG:Z:a40d6b40-d3ad-4fe7-8245-9c92f794f831_dna_r10.4.1_e8.2_400bps_sup@v5.2.0	DS:Z:gpu:NVIDIA GeForce RTX 4070 SUPER	PU:Z:FBG39641	DT:Z:2026-07-15T14:17:26.508000+00:00	tm:Z:none rc
7	d8092034-fd6b-45fe-b3b3-a5a889b1d41a	qs:f:16.9713	ch:i:66	st:Z:2026-07-15T17:28:43.778000+00:00	RG:Z:a40d6b40-d3ad-4fe7-8245-9c92f794f831_dna_r10.4.1_e8.2_400bps_sup@v5.2.0	DS:Z:gpu:NVIDIA GeForce RTX 4070 SUPER	PU:Z:FBG39641	DT:Z:2026-07-15T14:17:26.508000+00:00	tm:Z:adapter,primer
7	b0722662-f0fb-41fa-8510-537bcef88cbc	qs:f:16.384	ch:i:261	st:Z:2026-07-15T22:47:59.105000+00:00	RG:Z:a40d6b40-d3ad-4fe7-8245-9c92f794f831_dna_r10.4.1_e8.2_400bps_sup@v5.2.0	DS:Z:gpu:NVIDIA GeForce RTX 4070 SUPER	PU:Z:FBG39641	DT:Z:2026-07-15T14:17:26.508000+00:00	tm:Z:none
7	7bb7610e-5cdf-4f1e-a178-3aa8f033aa50	qs:f:16.7816	ch:i:18	st:Z:2026-07-15T20:10:06.012000+00:00	RG:Z:a40d6b40-d3ad-4fe7-8245-9c92f794f831_dna_r10.4.1_e8.2_400bps_sup@v5.2.0	DS:Z:gpu:NVIDIA GeForce RTX 4070 SUPER	PU:Z:FBG39641	DT:Z:2026-07-15T14:17:26.508000+00:00	tm:Z:adapter,primer
7	3de6e163-8fb7-4024-b434-908bcac528fc	qs:f:17.8839	ch:i:190	st:Z:2026-07-16T00:36:44.394000+00:00	RG:Z:a40d6b40-d3ad-4fe7-8245-9c92f794f831_dna_r10.4.1_e8.2_400bps_sup@v5.2.0	DS:Z:gpu:NVIDIA GeForce RTX 4070 SUPER	PU:Z:FBG39641	DT:Z:2026-07-15T14:17:26.508000+00:00	tm:Z:none
7	9a36f10b-85bb-45df-9f92-75c6f79ba1a6	qs:f:15.3503	ch:i:470	st:Z:2026-07-15T23:31:44.092000+00:00	RG:Z:a40d6b40-d3ad-4fe7-8245-9c92f794f831_dna_r10.4.1_e8.2_400bps_sup@v5.2.0	DS:Z:gpu:NVIDIA GeForce RTX 4070 SUPER	PU:Z:FBG39641	DT:Z:2026-07-15T14:17:26.508000+00:00	tm:Z:adapter,primer rc
7	60fd1427-b3ba-4bb7-9cfe-2fc948945486	qs:f:10.0408	ch:i:96	st:Z:2026-07-15T18:11:58.815000+00:00	RG:Z:a40d6b40-d3ad-4fe7-8245-9c92f794f831_dna_r10.4.1_e8.2_400bps_sup@v5.2.0	DS:Z:gpu:NVIDIA GeForce RTX 4070 SUPER	PU:Z:FBG39641	DT:Z:2026-07-15T14:17:26.508000+00:00	tm:Z:adapter,primer
7	be520c3c-496c-4c34-8f02-a5020d4ccae0	qs:f:8.57225	ch:i:159	st:Z:2026-07-15T16:08:15.077000+00:00	RG:Z:a40d6b40-d3ad-4fe7-8245-9c92f794f831_dna_r10.4.1_e8.2_400bps_sup@v5.2.0	DS:Z:gpu:NVIDIA GeForce RTX 4070 SUPER	PU:Z:FBG39641	DT:Z:2026-07-15T14:17:26.508000+00:00	tm:Z:none
8	cc416ca3-87bb-4ec8-9624-7fe00368ae26	qs:f:19.4279	ch:i:365	st:Z:2026-07-15T20:16:49.395000+00:00	RG:Z:a40d6b40-d3ad-4fe7-8245-9c92f794f831_dna_r10.4.1_e8.2_400bps_sup@v5.2.0	DS:Z:gpu:NVIDIA GeForce RTX 4070 SUPER	PU:Z:FBG39641	DT:Z:2026-07-15T14:17:26.508000+00:00	tm:Z:none rc
8	c20a8448-9936-4a20-84ae-195d4a276a82	qs:f:21.0032	ch:i:28	st:Z:2026-07-16T02:12:04.800000+00:00	RG:Z:a40d6b40-d3ad-4fe7-8245-9c92f794f831_dna_r10.4.1_e8.2_400bps_sup@v5.2.0	DS:Z:gpu:NVIDIA GeForce RTX 4070 SUPER	PU:Z:FBG39641	DT:Z:2026-07-15T14:17:26.508000+00:00	tm:Z:adapter,primer rc
8	5025ec9e-81fe-47b3-90aa-7ad5266605d9	qs:f:15.0818	ch:i:220	st:Z:2026-07-15T20:17:11.594000+00:00	RG:Z:a40d6b40-d3ad-4fe7-8245-9c92f794f831_dna_r10.4.1_e8.2_400bps_sup@v5.2.0	DS:Z:gpu:NVIDIA GeForce RTX 4070 SUPER	PU:Z:FBG39641	DT:Z:2026-07-15T14:17:26.508000+00:00	tm:Z:none rc
8	c01ce0b9-b8f1-453a-a015-1794c10a9551	qs:f:20.898	ch:i:386	st:Z:2026-07-15T21:13:47.756000+00:00	RG:Z:a40d6b40-d3ad-4fe7-8245-9c92f794f831_dna_r10.4.1_e8.2_400bps_sup@v5.2.0	DS:Z:gpu:NVIDIA GeForce RTX 4070 SUPER	PU:Z:FBG39641	DT:Z:2026-07-15T14:17:26.508000+00:00	tm:Z:adapter,primer
8	3cbebedd-d379-40f9-a7a9-a4b0434d7023	qs:f:21.4058	ch:i:157	st:Z:2026-07-15T21:51:34.851000+00:00	RG:Z:a40d6b40-d3ad-4fe7-8245-9c92f794f831_dna_r10.4.1_e8.2_400bps_sup@v5.2.0	DS:Z:gpu:NVIDIA GeForce RTX 4070 SUPER	PU:Z:FBG39641	DT:Z:2026-07-15T14:17:26.508000+00:00	tm:Z:adapter,primer rc
8	16399396-4f8a-44c9-94b8-736c153e6f81	qs:f:18.5121	ch:i:411	st:Z:2026-07-15T16:26:11.162000+00:00	RG:Z:a40d6b40-d3ad-4fe7-8245-9c92f794f831_dna_r10.4.1_e8.2_400bps_sup@v5.2.0	DS:Z:gpu:NVIDIA GeForce RTX 4070 SUPER	PU:Z:FBG39641	DT:Z:2026-07-15T14:17:26.508000+00:00	tm:Z:adapter,primer rc
8	e41940d2-b3c9-4f08-ae46-5640c2b33d92	qs:f:16.8811	ch:i:427	st:Z:2026-07-16T01:59:01.811000+00:00	RG:Z:a40d6b40-d3ad-4fe7-8245-9c92f794f831_dna_r10.4.1_e8.2_400bps_sup@v5.2.0	DS:Z:gpu:NVIDIA GeForce RTX 4070 SUPER	PU:Z:FBG39641	DT:Z:2026-07-15T14:17:26.508000+00:00	tm:Z:none rc
8	d6ec3613-5710-49a2-a754-da19ea50ea3b	qs:f:19.3884	ch:i:94	st:Z:2026-07-15T19:26:01.419000+00:00	RG:Z:a40d6b40-d3ad-4fe7-8245-9c92f794f831_dna_r10.4.1_e8.2_400bps_sup@v5.2.0	DS:Z:gpu:NVIDIA GeForce RTX 4070 SUPER	PU:Z:FBG39641	DT:Z:2026-07-15T14:17:26.508000+00:00	tm:Z:none
8	8bc770a8-2157-4308-8d65-5a6fd683950f	qs:f:17.8683	ch:i:345	st:Z:2026-07-16T02:02:27.867000+00:00	RG:Z:a40d6b40-d3ad-4fe7-8245-9c92f794f831_dna_r10.4.1_e8.2_400bps_sup@v5.2.0	DS:Z:gpu:NVIDIA GeForce RTX 4070 SUPER	PU:Z:FBG39641	DT:Z:2026-07-15T14:17:26.508000+00:00	tm:Z:adapter,primer rc
8	6627827d-a963-4035-910c-10d28b242178	qs:f:19.0339	ch:i:456	st:Z:2026-07-15T15:05:58.151000+00:00	RG:Z:a40d6b40-d3ad-4fe7-8245-9c92f794f831_dna_r10.4.1_e8.2_400bps_sup@v5.2.0	DS:Z:gpu:NVIDIA GeForce RTX 4070 SUPER	PU:Z:FBG39641	DT:Z:2026-07-15T14:17:26.508000+00:00	tm:Z:adapter,primer rc
8	4058e67c-6261-4948-ba13-87155976a430	qs:f:15.515	ch:i:434	st:Z:2026-07-15T16:23:01.979000+00:00	RG:Z:a40d6b40-d3ad-4fe7-8245-9c92f794f831_dna_r10.4.1_e8.2_400bps_sup@v5.2.0	DS:Z:gpu:NVIDIA GeForce RTX 4070 SUPER	PU:Z:FBG39641	DT:Z:2026-07-15T14:17:26.508000+00:00	tm:Z:adapter,primer rc
8	5320ef20-38a7-4407-8755-13a531ebdca1	qs:f:21.8188	ch:i:148	st:Z:2026-07-15T16:46:13.971000+00:00	RG:Z:a40d6b40-d3ad-4fe7-8245-9c92f794f831_dna_r10.4.1_e8.2_400bps_sup@v5.2.0	DS:Z:gpu:NVIDIA GeForce RTX 4070 SUPER	PU:Z:FBG39641	DT:Z:2026-07-15T14:17:26.508000+00:00	tm:Z:adapter,primer
8	39bef67c-f3ed-4909-8a53-6a9d193d38cf	qs:f:18.9666	ch:i:382	st:Z:2026-07-15T15:08:45.138000+00:00	RG:Z:a40d6b40-d3ad-4fe7-8245-9c92f794f831_dna_r10.4.1_e8.2_400bps_sup@v5.2.0	DS:Z:gpu:NVIDIA GeForce RTX 4070 SUPER	PU:Z:FBG39641	DT:Z:2026-07-15T14:17:26.508000+00:00	tm:Z:adapter,primer rc
8	4694db5c-4ea7-4edc-b178-9e05388c7f7d	qs:f:18.288	ch:i:386	st:Z:2026-07-15T16:47:01.075000+00:00	RG:Z:a40d6b40-d3ad-4fe7-8245-9c92f794f831_dna_r10.4.1_e8.2_400bps_sup@v5.2.0	DS:Z:gpu:NVIDIA GeForce RTX 4070 SUPER	PU:Z:FBG39641	DT:Z:2026-07-15T14:17:26.508000+00:00	tm:Z:adapter,primer rc
8	b47d0890-d9eb-4402-8b19-2519f38b0a10	qs:f:17.5617	ch:i:305	st:Z:2026-07-15T16:40:59.170000+00:00	RG:Z:a40d6b40-d3ad-4fe7-8245-9c92f794f831_dna_r10.4.1_e8.2_400bps_sup@v5.2.0	DS:Z:gpu:NVIDIA GeForce RTX 4070 SUPER	PU:Z:FBG39641	DT:Z:2026-07-15T14:17:26.508000+00:00	tm:Z:adapter,primer rc
8	b71766e6-3253-4313-acdd-34b8bd5082e7	qs:f:10.4526	ch:i:378	st:Z:2026-07-15T14:37:23.406000+00:00	RG:Z:a40d6b40-d3ad-4fe7-8245-9c92f794f831_dna_r10.4.1_e8.2_400bps_sup@v5.2.0	DS:Z:gpu:NVIDIA GeForce RTX 4070 SUPER	PU:Z:FBG39641	DT:Z:2026-07-15T14:17:26.508000+00:00	tm:Z:adapter,primer
8	7cecb0c1-3759-427f-9ba3-16915dbf8b65	qs:f:15.2828	ch:i:406	st:Z:2026-07-16T01:59:49.935000+00:00	RG:Z:a40d6b40-d3ad-4fe7-8245-9c92f794f831_dna_r10.4.1_e8.2_400bps_sup@v5.2.0	DS:Z:gpu:NVIDIA GeForce RTX 4070 SUPER	PU:Z:FBG39641	DT:Z:2026-07-15T14:17:26.508000+00:00	tm:Z:none rc
8	809fddd1-87af-4d52-98fb-7023412e2282	qs:f:16.7536	ch:i:328	st:Z:2026-07-16T02:07:05.789000+00:00	RG:Z:a40d6b40-d3ad-4fe7-8245-9c92f794f831_dna_r10.4.1_e8.2_400bps_sup@v5.2.0	DS:Z:gpu:NVIDIA GeForce RTX 4070 SUPER	PU:Z:FBG39641	DT:Z:2026-07-15T14:17:26.508000+00:00	tm:Z:adapter,primer rc
8	cf9095a1-dbf7-4eaf-a817-5b9475f1da03	qs:f:25.2066	ch:i:34	st:Z:2026-07-15T17:18:10.662000+00:00	RG:Z:a40d6b40-d3ad-4fe7-8245-9c92f794f831_dna_r10.4.1_e8.2_400bps_sup@v5.2.0	DS:Z:gpu:NVIDIA GeForce RTX 4070 SUPER	PU:Z:FBG39641	DT:Z:2026-07-15T14:17:26.508000+00:00	tm:Z:adapter,primer
8	7361ada7-bf3b-4ea8-9a02-ffda521c4f29	qs:f:15.9856	ch:i:419	st:Z:2026-07-15T20:20:33.474000+00:00	RG:Z:a40d6b40-d3ad-4fe7-8245-9c92f794f831_dna_r10.4.1_e8.2_400bps_sup@v5.2.0	DS:Z:gpu:NVIDIA GeForce RTX 4070 SUPER	PU:Z:FBG39641	DT:Z:2026-07-15T14:17:26.508000+00:00	tm:Z:none
8	999e8cad-e7eb-4a8c-abe5-8456792de7ee	qs:f:18.07	ch:i:255	st:Z:2026-07-15T17:59:29.225000+00:00	RG:Z:a40d6b40-d3ad-4fe7-8245-9c92f794f831_dna_r10.4.1_e8.2_400bps_sup@v5.2.0	DS:Z:gpu:NVIDIA GeForce RTX 4070 SUPER	PU:Z:FBG39641	DT:Z:2026-07-15T14:17:26.508000+00:00	tm:Z:adapter,primer
8	45cda2c6-d72c-46ad-b593-3e8ae7b0fabe	qs:f:15.8143	ch:i:391	st:Z:2026-07-15T15:18:22.766000+00:00	RG:Z:a40d6b40-d3ad-4fe7-8245-9c92f794f831_dna_r10.4.1_e8.2_400bps_sup@v5.2.0	DS:Z:gpu:NVIDIA GeForce RTX 4070 SUPER	PU:Z:FBG39641	DT:Z:2026-07-15T14:17:26.508000+00:00	tm:Z:adapter,primer
8	e4f5e3db-9089-42d5-81d4-55a6831433c8	qs:f:15.64	ch:i:469	st:Z:2026-07-16T00:11:23.901000+00:00	RG:Z:a40d6b40-d3ad-4fe7-8245-9c92f794f831_dna_r10.4.1_e8.2_400bps_sup@v5.2.0	DS:Z:gpu:NVIDIA GeForce RTX 4070 SUPER	PU:Z:FBG39641	DT:Z:2026-07-15T14:17:26.508000+00:00	tm:Z:none rc
9	d9a6ec85-ac15-41d3-8376-1be580c9bcb5	qs:f:20.125	ch:i:424	st:Z:2026-07-16T01:58:20.898000+00:00	RG:Z:a40d6b40-d3ad-4fe7-8245-9c92f794f831_dna_r10.4.1_e8.2_400bps_sup@v5.2.0	DS:Z:gpu:NVIDIA GeForce RTX 4070 SUPER	PU:Z:FBG39641	DT:Z:2026-07-15T14:17:26.508000+00:00	tm:Z:adapter,primer
9	39e6efc6-2e15-4002-9b17-0177bf5cde7e	qs:f:19.5107	ch:i:31	st:Z:2026-07-15T23:16:05.763000+00:00	RG:Z:a40d6b40-d3ad-4fe7-8245-9c92f794f831_dna_r10.4.1_e8.2_400bps_sup@v5.2.0	DS:Z:gpu:NVIDIA GeForce RTX 4070 SUPER	PU:Z:FBG39641	DT:Z:2026-07-15T14:17:26.508000+00:00	tm:Z:adapter,primer
9	b83c24ec-6ead-478e-8a71-a31a886ea914	qs:f:18.7692	ch:i:158	st:Z:2026-07-15T16:25:02.349000+00:00	RG:Z:a40d6b40-d3ad-4fe7-8245-9c92f794f831_dna_r10.4.1_e8.2_400bps_sup@v5.2.0	DS:Z:gpu:NVIDIA GeForce RTX 4070 SUPER	PU:Z:FBG39641	DT:Z:2026-07-15T14:17:26.508000+00:00	tm:Z:none rc
9	1216dc00-9627-4480-a331-4fd62ea79e11	qs:f:27.9333	ch:i:339	st:Z:2026-07-16T01:47:31.779000+00:00	RG:Z:a40d6b40-d3ad-4fe7-8245-9c92f794f831_dna_r10.4.1_e8.2_400bps_sup@v5.2.0	DS:Z:gpu:NVIDIA GeForce RTX 4070 SUPER	PU:Z:FBG39641	DT:Z:2026-07-15T14:17:26.508000+00:00	tm:Z:adapter,primer rc
9	8ba6e9b5-47c5-4936-8ee2-11dc71dfe97a	qs:f:20.5372	ch:i:274	st:Z:2026-07-15T21:08:47.552000+00:00	RG:Z:a40d6b40-d3ad-4fe7-8245-9c92f794f831_dna_r10.4.1_e8.2_400bps_sup@v5.2.0	DS:Z:gpu:NVIDIA GeForce RTX 4070 SUPER	PU:Z:FBG39641	DT:Z:2026-07-15T14:17:26.508000+00:00	tm:Z:none rc
9	7b4a075f-1e0a-4daa-9b93-fd013c880b51	qs:f:22.2959	ch:i:328	st:Z:2026-07-15T19:00:12.885000+00:00	RG:Z:a40d6b40-d3ad-4fe7-8245-9c92f794f831_dna_r10.4.1_e8.2_400bps_sup@v5.2.0	DS:Z:gpu:NVIDIA GeForce RTX 4070 SUPER	PU:Z:FBG39641	DT:Z:2026-07-15T14:17:26.508000+00:00	tm:Z:none rc
9	3c2f88f0-51d2-439d-988d-6e1ee3cb9151	qs:f:22.4586	ch:i:322	st:Z:2026-07-15T14:59:14.352000+00:00	RG:Z:a40d6b40-d3ad-4fe7-8245-9c92f794f831_dna_r10.4.1_e8.2_400bps_sup@v5.2.0	DS:Z:gpu:NVIDIA GeForce RTX 4070 SUPER	PU:Z:FBG39641	DT:Z:2026-07-15T14:17:26.508000+00:00	tm:Z:adapter,primer
9	a08e6a0a-67b9-44a6-a65c-42318c2c46b5	qs:f:19.2457	ch:i:196	st:Z:2026-07-16T02:12:16.033000+00:00	RG:Z:a40d6b40-d3ad-4fe7-8245-9c92f794f831_dna_r10.4.1_e8.2_400bps_sup@v5.2.0	DS:Z:gpu:NVIDIA GeForce RTX 4070 SUPER	PU:Z:FBG39641	DT:Z:2026-07-15T14:17:26.508000+00:00	tm:Z:adapter,primer
9	446a10d6-76b2-4441-a302-9727eb1cc66c	qs:f:24.6832	ch:i:84	st:Z:2026-07-15T17:40:47.088000+00:00	RG:Z:a40d6b40-d3ad-4fe7-8245-9c92f794f831_dna_r10.4.1_e8.2_400bps_sup@v5.2.0	DS:Z:gpu:NVIDIA GeForce RTX 4070 SUPER	PU:Z:FBG39641	DT:Z:2026-07-15T14:17:26.508000+00:00	tm:Z:adapter,primer
9	883025ee-4d42-47fb-b717-9d535991d4e0	qs:f:18.6329	ch:i:485	st:Z:2026-07-15T15:24:26.222000+00:00	RG:Z:a40d6b40-d3ad-4fe7-8245-9c92f794f831_dna_r10.4.1_e8.2_400bps_sup@v5.2.0	DS:Z:gpu:NVIDIA GeForce RTX 4070 SUPER	PU:Z:FBG39641	DT:Z:2026-07-15T14:17:26.508000+00:00	tm:Z:none rc
9	1a0e7231-a1ff-4fc1-8ca8-cbc8ed0da4a2	qs:f:18.6595	ch:i:168	st:Z:2026-07-15T18:25:38.026000+00:00	RG:Z:a40d6b40-d3ad-4fe7-8245-9c92f794f831_dna_r10.4.1_e8.2_400bps_sup@v5.2.0	DS:Z:gpu:NVIDIA GeForce RTX 4070 SUPER	PU:Z:FBG39641	DT:Z:2026-07-15T14:17:26.508000+00:00	tm:Z:adapter,primer
9	abb990b8-3ead-4517-ab6c-32403abd1d38	qs:f:21.5454	ch:i:288	st:Z:2026-07-15T19:31:53.253000+00:00	RG:Z:a40d6b40-d3ad-4fe7-8245-9c92f794f831_dna_r10.4.1_e8.2_400bps_sup@v5.2.0	DS:Z:gpu:NVIDIA GeForce RTX 4070 SUPER	PU:Z:FBG39641	DT:Z:2026-07-15T14:17:26.508000+00:00	tm:Z:adapter,primer
9	db25f9f7-3722-4bbe-8be3-4dbe9dcebafe	qs:f:19.3211	ch:i:255	st:Z:2026-07-16T00:43:27.085000+00:00	RG:Z:a40d6b40-d3ad-4fe7-8245-9c92f794f831_dna_r10.4.1_e8.2_400bps_sup@v5.2.0	DS:Z:gpu:NVIDIA GeForce RTX 4070 SUPER	PU:Z:FBG39641	DT:Z:2026-07-15T14:17:26.508000+00:00	tm:Z:adapter,primer rc
9	3adf7d33-1384-4879-969e-a5e83d3b1ef6	qs:f:14.8649	ch:i:381	st:Z:2026-07-15T15:50:56.800000+00:00	RG:Z:a40d6b40-d3ad-4fe7-8245-9c92f794f831_dna_r10.4.1_e8.2_400bps_sup@v5.2.0	DS:Z:gpu:NVIDIA GeForce RTX 4070 SUPER	PU:Z:FBG39641	DT:Z:2026-07-15T14:17:26.508000+00:00	tm:Z:none rc
9	65ecbda8-3a85-4834-b654-0d447a5fb33d	qs:f:21.0283	ch:i:180	st:Z:2026-07-15T17:14:37.335000+00:00	RG:Z:a40d6b40-d3ad-4fe7-8245-9c92f794f831_dna_r10.4.1_e8.2_400bps_sup@v5.2.0	DS:Z:gpu:NVIDIA GeForce RTX 4070 SUPER	PU:Z:FBG39641	DT:Z:2026-07-15T14:17:26.508000+00:00	tm:Z:none
9	6f9b6e6f-95c6-4045-a15d-9d8fd6e37544	qs:f:22.387	ch:i:475	st:Z:2026-07-15T18:43:02.812000+00:00	RG:Z:a40d6b40-d3ad-4fe7-8245-9c92f794f831_dna_r10.4.1_e8.2_400bps_sup@v5.2.0	DS:Z:gpu:NVIDIA GeForce RTX 4070 SUPER	PU:Z:FBG39641	DT:Z:2026-07-15T14:17:26.508000+00:00	tm:Z:adapter,primer rc
9	eb19628d-2e41-414f-864f-357df326a405	qs:f:15.0187	ch:i:214	st:Z:2026-07-15T15:27:44.344000+00:00	RG:Z:a40d6b40-d3ad-4fe7-8245-9c92f794f831_dna_r10.4.1_e8.2_400bps_sup@v5.2.0	DS:Z:gpu:NVIDIA GeForce RTX 4070 SUPER	PU:Z:FBG39641	DT:Z:2026-07-15T14:17:26.508000+00:00	tm:Z:adapter,primer rc
9	2494df4d-a2b1-400f-8980-64e19cf61aae	qs:f:12.1985	ch:i:280	st:Z:2026-07-15T21:37:06.686000+00:00	RG:Z:a40d6b40-d3ad-4fe7-8245-9c92f794f831_dna_r10.4.1_e8.2_400bps_sup@v5.2.0	DS:Z:gpu:NVIDIA GeForce RTX 4070 SUPER	PU:Z:FBG39641	DT:Z:2026-07-15T14:17:26.508000+00:00	tm:Z:none rc
9	0621c976-8cf5-4975-9b1f-c642f574a05e	qs:f:12.8916	ch:i:397	st:Z:2026-07-15T17:42:54.520000+00:00	RG:Z:a40d6b40-d3ad-4fe7-8245-9c92f794f831_dna_r10.4.1_e8.2_400bps_sup@v5.2.0	DS:Z:gpu:NVIDIA GeForce RTX 4070 SUPER	PU:Z:FBG39641	DT:Z:2026-07-15T14:17:26.508000+00:00	tm:Z:none rc
9	ee449492-780d-464f-87dc-0c2ca9d4070c	qs:f:16.9024	ch:i:280	st:Z:2026-07-15T21:05:32.047000+00:00	RG:Z:a40d6b40-d3ad-4fe7-8245-9c92f794f831_dna_r10.4.1_e8.2_400bps_sup@v5.2.0	DS:Z:gpu:NVIDIA GeForce RTX 4070 SUPER	PU:Z:FBG39641	DT:Z:2026-07-15T14:17:26.508000+00:00	tm:Z:adapter,primer
9	db29b3af-ca69-4ec1-bf33-1743272c14c7	qs:f:20.7023	ch:i:404	st:Z:2026-07-15T22:06:08.948000+00:00	RG:Z:a40d6b40-d3ad-4fe7-8245-9c92f794f831_dna_r10.4.1_e8.2_400bps_sup@v5.2.0	DS:Z:gpu:NVIDIA GeForce RTX 4070 SUPER	PU:Z:FBG39641	DT:Z:2026-07-15T14:17:26.508000+00:00	tm:Z:none rc
10	94a1ea9f-1acd-481d-a349-bed21b01f237	qs:f:29.8052	ch:i:387	st:Z:2026-07-15T22:00:55.054000+00:00	RG:Z:a40d6b40-d3ad-4fe7-8245-9c92f794f831_dna_r10.4.1_e8.2_400bps_sup@v5.2.0	DS:Z:gpu:NVIDIA GeForce RTX 4070 SUPER	PU:Z:FBG39641	DT:Z:2026-07-15T14:17:26.508000+00:00	tm:Z:adapter,primer rc
10	3df5e791-56ea-42d7-922d-2f2d094415f7	qs:f:19.6934	ch:i:87	st:Z:2026-07-15T15:16:39.813000+00:00	RG:Z:a40d6b40-d3ad-4fe7-8245-9c92f794f831_dna_r10.4.1_e8.2_400bps_sup@v5.2.0	DS:Z:gpu:NVIDIA GeForce RTX 4070 SUPER	PU:Z:FBG39641	DT:Z:2026-07-15T14:17:26.508000+00:00	tm:Z:none rc
10	19790061-5efc-4873-b1e7-644ba37c99d7	qs:f:25.281	ch:i:15	st:Z:2026-07-15T16:59:47.374000+00:00	RG:Z:a40d6b40-d3ad-4fe7-8245-9c92f794f831_dna_r10.4.1_e8.2_400bps_sup@v5.2.0	DS:Z:gpu:NVIDIA GeForce RTX 4070 SUPER	PU:Z:FBG39641	DT:Z:2026-07-15T14:17:26.508000+00:00	tm:Z:adapter,primer
10	47272ce9-dacc-4065-adad-a7a20f6d8212	qs:f:17.9876	ch:i:276	st:Z:2026-07-15T22:44:28.159000+00:00	RG:Z:a40d6b40-d3ad-4fe7-8245-9c92f794f831_dna_r10.4.1_e8.2_400bps_sup@v5.2.0	DS:Z:gpu:NVIDIA GeForce RTX 4070 SUPER	PU:Z:FBG39641	DT:Z:2026-07-15T14:17:26.508000+00:00	tm:Z:none
10	57287f08-a63e-4a17-8d60-6bea52d6bd0e	qs:f:25.8217	ch:i:275	st:Z:2026-07-15T17:28:02.363000+00:00	RG:Z:a40d6b40-d3ad-4fe7-8245-9c92f794f831_dna_r10.4.1_e8.2_400bps_sup@v5.2.0	DS:Z:gpu:NVIDIA GeForce RTX 4070 SUPER	PU:Z:FBG39641	DT:Z:2026-07-15T14:17:26.508000+00:00	tm:Z:adapter,primer rc
10	320c0224-2f76-4684-a7f7-25e2e4b9bc62	qs:f:15.9386	ch:i:474	st:Z:2026-07-16T02:05:53.586000+00:00	RG:Z:a40d6b40-d3ad-4fe7-8245-9c92f794f831_dna_r10.4.1_e8.2_400bps_sup@v5.2.0	DS:Z:gpu:NVIDIA GeForce RTX 4070 SUPER	PU:Z:FBG39641	DT:Z:2026-07-15T14:17:26.508000+00:00	tm:Z:adapter,primer rc
10	6b2e9535-9f74-4832-879b-42f35ee6c371	qs:f:15.7984	ch:i:351	st:Z:2026-07-16T00:43:49.779000+00:00	RG:Z:a40d6b40-d3ad-4fe7-8245-9c92f794f831_dna_r10.4.1_e8.2_400bps_sup@v5.2.0	DS:Z:gpu:NVIDIA GeForce RTX 4070 SUPER	PU:Z:FBG39641	DT:Z:2026-07-15T14:17:26.508000+00:00	tm:Z:adapter,primer rc
10	054458fa-03d3-4859-818e-9ec3cb8408f4	qs:f:24.5925	ch:i:423	st:Z:2026-07-15T21:11:07.580000+00:00	RG:Z:a40d6b40-d3ad-4fe7-8245-9c92f794f831_dna_r10.4.1_e8.2_400bps_sup@v5.2.0	DS:Z:gpu:NVIDIA GeForce RTX 4070 SUPER	PU:Z:FBG39641	DT:Z:2026-07-15T14:17:26.508000+00:00	tm:Z:adapter,primer rc
10	a8c39fa2-e2ae-475b-bd56-b6d356eaec13	qs:f:22.7431	ch:i:31	st:Z:2026-07-15T19:59:27.801000+00:00	RG:Z:a40d6b40-d3ad-4fe7-8245-9c92f794f831_dna_r10.4.1_e8.2_400bps_sup@v5.2.0	DS:Z:gpu:NVIDIA GeForce RTX 4070 SUPER	PU:Z:FBG39641	DT:Z:2026-07-15T14:17:26.508000+00:00	tm:Z:none
10	840e34e9-016b-4184-8249-88a57b637d3e	qs:f:21.8738	ch:i:132	st:Z:2026-07-15T23:26:33.603000+00:00	RG:Z:a40d6b40-d3ad-4fe7-8245-9c92f794f831_dna_r10.4.1_e8.2_400bps_sup@v5.2.0	DS:Z:gpu:NVIDIA GeForce RTX 4070 SUPER	PU:Z:FBG39641	DT:Z:2026-07-15T14:17:26.508000+00:00	tm:Z:adapter,primer
10	3e0cd8f8-37c3-4915-919c-a79739353eea	qs:f:24.0996	ch:i:59	st:Z:2026-07-15T15:21:25.745000+00:00	RG:Z:a40d6b40-d3ad-4fe7-8245-9c92f794f831_dna_r10.4.1_e8.2_400bps_sup@v5.2.0	DS:Z:gpu:NVIDIA GeForce RTX 4070 SUPER	PU:Z:FBG39641	DT:Z:2026-07-15T14:17:26.508000+00:00	tm:Z:adapter,primer
10	33f312af-c968-4de9-860e-84d0c8672e2f	qs:f:15.5534	ch:i:134	st:Z:2026-07-15T15:40:21.651000+00:00	RG:Z:a40d6b40-d3ad-4fe7-8245-9c92f794f831_dna_r10.4.1_e8.2_400bps_sup@v5.2.0	DS:Z:gpu:NVIDIA GeForce RTX 4070 SUPER	PU:Z:FBG39641	DT:Z:2026-07-15T14:17:26.508000+00:00	tm:Z:adapter,primer
10	82c9dfa2-d2ae-4b2f-a094-c409c6b5479b	qs:f:16.5108	ch:i:112	st:Z:2026-07-15T15:28:19.394000+00:00	RG:Z:a40d6b40-d3ad-4fe7-8245-9c92f794f831_dna_r10.4.1_e8.2_400bps_sup@v5.2.0	DS:Z:gpu:NVIDIA GeForce RTX 4070 SUPER	PU:Z:FBG39641	DT:Z:2026-07-15T14:17:26.508000+00:00	tm:Z:none
10	722c11b1-7708-4e16-91a4-1d4b08c57015	qs:f:25.1384	ch:i:152	st:Z:2026-07-15T15:10:09.500000+00:00	RG:Z:a40d6b40-d3ad-4fe7-8245-9c92f794f831_dna_r10.4.1_e8.2_400bps_sup@v5.2.0	DS:Z:gpu:NVIDIA GeForce RTX 4070 SUPER	PU:Z:FBG39641	DT:Z:2026-07-15T14:17:26.508000+00:00	tm:Z:adapter,primer rc
10	a525dde0-c7ff-432b-8578-52e148125e15	qs:f:22.1738	ch:i:194	st:Z:2026-07-15T18:47:55.421000+00:00	RG:Z:a40d6b40-d3ad-4fe7-8245-9c92f794f831_dna_r10.4.1_e8.2_400bps_sup@v5.2.0	DS:Z:gpu:NVIDIA GeForce RTX 4070 SUPER	PU:Z:FBG39641	DT:Z:2026-07-15T14:17:26.508000+00:00	tm:Z:adapter,primer
10	b3122e12-8284-41ed-9809-d93981fdf284	qs:f:21.163	ch:i:84	st:Z:2026-07-15T21:44:38.533000+00:00	RG:Z:a40d6b40-d3ad-4fe7-8245-9c92f794f831_dna_r10.4.1_e8.2_400bps_sup@v5.2.0	DS:Z:gpu:NVIDIA GeForce RTX 4070 SUPER	PU:Z:FBG39641	DT:Z:2026-07-15T14:17:26.508000+00:00	tm:Z:none
10	b484095e-0985-4ff5-8e98-fc28d79896a2	qs:f:23.3795	ch:i:123	st:Z:2026-07-15T21:12:00.781000+00:00	RG:Z:a40d6b40-d3ad-4fe7-8245-9c92f794f831_dna_r10.4.1_e8.2_400bps_sup@v5.2.0	DS:Z:gpu:NVIDIA GeForce RTX 4070 SUPER	PU:Z:FBG39641	DT:Z:2026-07-15T14:17:26.508000+00:00	tm:Z:adapter,primer rc
10	f46b9346-3c19-41c8-bc27-cd5a4edd5f32	qs:f:19.8879	ch:i:235	st:Z:2026-07-15T15:47:25.159000+00:00	RG:Z:a40d6b40-d3ad-4fe7-8245-9c92f794f831_dna_r10.4.1_e8.2_400bps_sup@v5.2.0	DS:Z:gpu:NVIDIA GeForce RTX 4070 SUPER	PU:Z:FBG39641	DT:Z:2026-07-15T14:17:26.508000+00:00	tm:Z:adapter,primer rc
10	e208fdd2-9464-4e90-b703-6d18bccd39a2	qs:f:18.1007	ch:i:273	st:Z:2026-07-15T19:33:08.238000+00:00	RG:Z:a40d6b40-d3ad-4fe7-8245-9c92f794f831_dna_r10.4.1_e8.2_400bps_sup@v5.2.0	DS:Z:gpu:NVIDIA GeForce RTX 4070 SUPER	PU:Z:FBG39641	DT:Z:2026-07-15T14:17:26.508000+00:00	tm:Z:adapter,primer
10	05d76bd4-494b-4dc8-a187-85a8d44cbc87	qs:f:13.5884	ch:i:353	st:Z:2026-07-15T18:00:13.426000+00:00	RG:Z:a40d6b40-d3ad-4fe7-8245-9c92f794f831_dna_r10.4.1_e8.2_400bps_sup@v5.2.0	DS:Z:gpu:NVIDIA GeForce RTX 4070 SUPER	PU:Z:FBG39641	DT:Z:2026-07-15T14:17:26.508000+00:00	tm:Z:none rc
10	a0279224-2e24-4669-b078-3cf319d8beec	qs:f:12.3172	ch:i:148	st:Z:2026-07-15T15:28:49.784000+00:00	RG:Z:a40d6b40-d3ad-4fe7-8245-9c92f794f831_dna_r10.4.1_e8.2_400bps_sup@v5.2.0	DS:Z:gpu:NVIDIA GeForce RTX 4070 SUPER	PU:Z:FBG39641	DT:Z:2026-07-15T14:17:26.508000+00:00	tm:Z:adapter,primer rc
11	c7459e0d-6993-4875-807d-b6b818544f49	qs:f:16.0586	ch:i:17	st:Z:2026-07-15T21:36:41.651000+00:00	RG:Z:a40d6b40-d3ad-4fe7-8245-9c92f794f831_dna_r10.4.1_e8.2_400bps_sup@v5.2.0	DS:Z:gpu:NVIDIA GeForce RTX 4070 SUPER	PU:Z:FBG39641	DT:Z:2026-07-15T14:17:26.508000+00:00	tm:Z:none
11	f941db64-1b88-457a-9621-4f3c02809b7a	qs:f:24.5824	ch:i:290	st:Z:2026-07-15T18:26:15.781000+00:00	RG:Z:a40d6b40-d3ad-4fe7-8245-9c92f794f831_dna_r10.4.1_e8.2_400bps_sup@v5.2.0	DS:Z:gpu:NVIDIA GeForce RTX 4070 SUPER	PU:Z:FBG39641	DT:Z:2026-07-15T14:17:26.508000+00:00	tm:Z:none rc
11	f0f88c38-161a-4776-8c61-d924b72bf81f	qs:f:23.7531	ch:i:465	st:Z:2026-07-15T15:11:27.356000+00:00	RG:Z:a40d6b40-d3ad-4fe7-8245-9c92f794f831_dna_r10.4.1_e8.2_400bps_sup@v5.2.0	DS:Z:gpu:NVIDIA GeForce RTX 4070 SUPER	PU:Z:FBG39641	DT:Z:2026-07-15T14:17:26.508000+00:00	tm:Z:adapter,primer rc
11	79aa140f-f290-4f47-a9c7-6103ea6d6fc5	qs:f:19.7378	ch:i:153	st:Z:2026-07-15T23:02:58.549000+00:00	RG:Z:a40d6b40-d3ad-4fe7-8245-9c92f794f831_dna_r10.4.1_e8.2_400bps_sup@v5.2.0	DS:Z:gpu:NVIDIA GeForce RTX 4070 SUPER	PU:Z:FBG39641	DT:Z:2026-07-15T14:17:26.508000+00:00	tm:Z:adapter,primer
11	8049f4b9-8daf-4e43-b264-46e9b79c8915	qs:f:29.5709	ch:i:151	st:Z:2026-07-15T15:20:17.791000+00:00	RG:Z:a40d6b40-d3ad-4fe7-8245-9c92f794f831_dna_r10.4.1_e8.2_400bps_sup@v5.2.0	DS:Z:gpu:NVIDIA GeForce RTX 4070 SUPER	PU:Z:FBG39641	DT:Z:2026-07-15T14:17:26.508000+00:00	tm:Z:none rc
11	6e5a654e-d4cb-40a3-996c-1c93f1e5c8b5	qs:f:27.1959	ch:i:277	st:Z:2026-07-15T17:43:59.304000+00:00	RG:Z:a40d6b40-d3ad-4fe7-8245-9c92f794f831_dna_r10.4.1_e8.2_400bps_sup@v5.2.0	DS:Z:gpu:NVIDIA GeForce RTX 4070 SUPER	PU:Z:FBG39641	DT:Z:2026-07-15T14:17:26.508000+00:00	tm:Z:adapter,primer rc
11	d02397ed-2aed-40e2-985f-5df80b51da97	qs:f:24.8716	ch:i:449	st:Z:2026-07-15T23:15:23.203000+00:00	RG:Z:a40d6b40-d3ad-4fe7-8245-9c92f794f831_dna_r10.4.1_e8.2_400bps_sup@v5.2.0	DS:Z:gpu:NVIDIA GeForce RTX 4070 SUPER	PU:Z:FBG39641	DT:Z:2026-07-15T14:17:26.508000+00:00	tm:Z:none
11	57322a2c-3c8e-4258-8d5f-91bd202452d0	qs:f:28.3176	ch:i:78	st:Z:2026-07-15T16:04:43.486000+00:00	RG:Z:a40d6b40-d3ad-4fe7-8245-9c92f794f831_dna_r10.4.1_e8.2_400bps_sup@v5.2.0	DS:Z:gpu:NVIDIA GeForce RTX 4070 SUPER	PU:Z:FBG39641	DT:Z:2026-07-15T14:17:26.508000+00:00	tm:Z:none rc
11	2ccd5037-9b20-412d-91a2-9ed4ba03ceb9	qs:f:26.3754	ch:i:407	st:Z:2026-07-15T18:30:55.919000+00:00	RG:Z:a40d6b40-d3ad-4fe7-8245-9c92f794f831_dna_r10.4.1_e8.2_400bps_sup@v5.2.0	DS:Z:gpu:NVIDIA GeForce RTX 4070 SUPER	PU:Z:FBG39641	DT:Z:2026-07-15T14:17:26.508000+00:00	tm:Z:none
11	46bcb1e6-394d-43a3-a2f7-ff245db923fa	qs:f:24.8363	ch:i:462	st:Z:2026-07-15T19:26:23.121000+00:00	RG:Z:a40d6b40-d3ad-4fe7-8245-9c92f794f831_dna_r10.4.1_e8.2_400bps_sup@v5.2.0	DS:Z:gpu:NVIDIA GeForce RTX 4070 SUPER	PU:Z:FBG39641	DT:Z:2026-07-15T14:17:26.508000+00:00	tm:Z:none rc
11	325d5a6f-cab7-4702-88a3-7c8ca1d0a119	qs:f:19.653	ch:i:108	st:Z:2026-07-15T21:26:26.822000+00:00	RG:Z:a40d6b40-d3ad-4fe7-8245-9c92f794f831_dna_r10.4.1_e8.2_400bps_sup@v5.2.0	DS:Z:gpu:NVIDIA GeForce RTX 4070 SUPER	PU:Z:FBG39641	DT:Z:2026-07-15T14:17:26.508000+00:00	tm:Z:none rc
11	07fa4911-6d6f-4b7c-81d7-e18601d3a2c3	qs:f:29.3765	ch:i:341	st:Z:2026-07-15T18:30:21.119000+00:00	RG:Z:a40d6b40-d3ad-4fe7-8245-9c92f794f831_dna_r10.4.1_e8.2_400bps_sup@v5.2.0	DS:Z:gpu:NVIDIA GeForce RTX 4070 SUPER	PU:Z:FBG39641	DT:Z:2026-07-15T14:17:26.508000+00:00	tm:Z:adapter,primer rc
11	5757160b-5a0b-4268-8a4e-2cea3d6627fb	qs:f:16.7353	ch:i:120	st:Z:2026-07-15T19:57:03.117000+00:00	RG:Z:a40d6b40-d3ad-4fe7-8245-9c92f794f831_dna_r10.4.1_e8.2_400bps_sup@v5.2.0	DS:Z:gpu:NVIDIA GeForce RTX 4070 SUPER	PU:Z:FBG39641	DT:Z:2026-07-15T14:17:26.508000+00:00	tm:Z:none rc
11	8b62c5ae-7b76-456f-a45f-051e2a4c7c26	qs:f:39.175	ch:i:198	st:Z:2026-07-15T22:59:14.958000+00:00	RG:Z:a40d6b40-d3ad-4fe7-8245-9c92f794f831_dna_r10.4.1_e8.2_400bps_sup@v5.2.0	DS:Z:gpu:NVIDIA GeForce RTX 4070 SUPER	PU:Z:FBG39641	DT:Z:2026-07-15T14:17:26.508000+00:00	tm:Z:none rc
11	b4ed2ef9-af02-40b2-a8b4-9f3c0fb49607	qs:f:20.598	ch:i:210	st:Z:2026-07-15T22:13:15.004000+00:00	RG:Z:a40d6b40-d3ad-4fe7-8245-9c92f794f831_dna_r10.4.1_e8.2_400bps_sup@v5.2.0	DS:Z:gpu:NVIDIA GeForce RTX 4070 SUPER	PU:Z:FBG39641	DT:Z:2026-07-15T14:17:26.508000+00:00	tm:Z:adapter,primer rc
11	ce6d4d09-23ce-424b-aef3-48383dd3f342	qs:f:15.0456	ch:i:134	st:Z:2026-07-15T17:30:27.330000+00:00	RG:Z:a40d6b40-d3ad-4fe7-8245-9c92f794f831_dna_r10.4.1_e8.2_400bps_sup@v5.2.0	DS:Z:gpu:NVIDIA GeForce RTX 4070 SUPER	PU:Z:FBG39641	DT:Z:2026-07-15T14:17:26.508000+00:00	tm:Z:adapter,primer
11	e9c4a01f-34d2-4e48-8b17-86a154d60616	qs:f:15.5577	ch:i:402	st:Z:2026-07-15T14:33:39.454000+00:00	RG:Z:a40d6b40-d3ad-4fe7-8245-9c92f794f831_dna_r10.4.1_e8.2_400bps_sup@v5.2.0	DS:Z:gpu:NVIDIA GeForce RTX 4070 SUPER	PU:Z:FBG39641	DT:Z:2026-07-15T14:17:26.508000+00:00	tm:Z:adapter,primer rc
11	75dfa1d2-adc8-462b-8879-6d1f618beb2b	qs:f:14.1767	ch:i:185	st:Z:2026-07-15T16:08:08.210000+00:00	RG:Z:a40d6b40-d3ad-4fe7-8245-9c92f794f831_dna_r10.4.1_e8.2_400bps_sup@v5.2.0	DS:Z:gpu:NVIDIA GeForce RTX 4070 SUPER	PU:Z:FBG39641	DT:Z:2026-07-15T14:17:26.508000+00:00	tm:Z:adapter,primer
11	eb043221-017b-4d5f-b6e4-f91f75c3e4e5	qs:f:16.9186	ch:i:470	st:Z:2026-07-15T23:35:59.874000+00:00	RG:Z:a40d6b40-d3ad-4fe7-8245-9c92f794f831_dna_r10.4.1_e8.2_400bps_sup@v5.2.0	DS:Z:gpu:NVIDIA GeForce RTX 4070 SUPER	PU:Z:FBG39641	DT:Z:2026-07-15T14:17:26.508000+00:00	tm:Z:adapter,primer
12	724443b6-44be-4abb-bb41-1ce33e9a9cfe	qs:f:25.1761	ch:i:196	st:Z:2026-07-15T23:48:33.749000+00:00	RG:Z:a40d6b40-d3ad-4fe7-8245-9c92f794f831_dna_r10.4.1_e8.2_400bps_sup@v5.2.0	DS:Z:gpu:NVIDIA GeForce RTX 4070 SUPER	PU:Z:FBG39641	DT:Z:2026-07-15T14:17:26.508000+00:00	tm:Z:none
12	bc70d4d1-b54e-42f8-884e-e2721a327e6b	qs:f:20.644	ch:i:449	st:Z:2026-07-15T22:17:47.713000+00:00	RG:Z:a40d6b40-d3ad-4fe7-8245-9c92f794f831_dna_r10.4.1_e8.2_400bps_sup@v5.2.0	DS:Z:gpu:NVIDIA GeForce RTX 4070 SUPER	PU:Z:FBG39641	DT:Z:2026-07-15T14:17:26.508000+00:00	tm:Z:adapter,primer rc
12	7c983559-240f-45d7-8240-7de368526477	qs:f:19.336	ch:i:98	st:Z:2026-07-16T02:11:44.913000+00:00	RG:Z:a40d6b40-d3ad-4fe7-8245-9c92f794f831_dna_r10.4.1_e8.2_400bps_sup@v5.2.0	DS:Z:gpu:NVIDIA GeForce RTX 4070 SUPER	PU:Z:FBG39641	DT:Z:2026-07-15T14:17:26.508000+00:00	tm:Z:none
12	a1878add-0d40-4763-b990-d36bf0786b7a	qs:f:16.047	ch:i:154	st:Z:2026-07-15T21:06:37.686000+00:00	RG:Z:a40d6b40-d3ad-4fe7-8245-9c92f794f831_dna_r10.4.1_e8.2_400bps_sup@v5.2.0	DS:Z:gpu:NVIDIA GeForce RTX 4070 SUPER	PU:Z:FBG39641	DT:Z:2026-07-15T14:17:26.508000+00:00	tm:Z:none
12	06ff3b77-1e8b-49f7-b169-5fec7fd8ae33	qs:f:29.0108	ch:i:201	st:Z:2026-07-15T15:36:37.013000+00:00	RG:Z:a40d6b40-d3ad-4fe7-8245-9c92f794f831_dna_r10.4.1_e8.2_400bps_sup@v5.2.0	DS:Z:gpu:NVIDIA GeForce RTX 4070 SUPER	PU:Z:FBG39641	DT:Z:2026-07-15T14:17:26.508000+00:00	tm:Z:none rc
12	509a4430-4a28-48f3-957e-e23bc2fc470d	qs:f:21.5429	ch:i:350	st:Z:2026-07-15T23:00:38.218000+00:00	RG:Z:a40d6b40-d3ad-4fe7-8245-9c92f794f831_dna_r10.4.1_e8.2_400bps_sup@v5.2.0	DS:Z:gpu:NVIDIA GeForce RTX 4070 SUPER	PU:Z:FBG39641	DT:Z:2026-07-15T14:17:26.508000+00:00	tm:Z:adapter,primer rc
12	53ae9c0f-fbc6-4909-a498-5d6854dcd69d	qs:f:19.7162	ch:i:162	st:Z:2026-07-16T02:06:42.377000+00:00	RG:Z:a40d6b40-d3ad-4fe7-8245-9c92f794f831_dna_r10.4.1_e8.2_400bps_sup@v5.2.0	DS:Z:gpu:NVIDIA GeForce RTX 4070 SUPER	PU:Z:FBG39641	DT:Z:2026-07-15T14:17:26.508000+00:00	tm:Z:adapter,primer rc
12	01eb7307-a1bc-4742-86bf-bfdb52206b69	qs:f:21.513	ch:i:190	st:Z:2026-07-15T22:04:45.479000+00:00	RG:Z:a40d6b40-d3ad-4fe7-8245-9c92f794f831_dna_r10.4.1_e8.2_400bps_sup@v5.2.0	DS:Z:gpu:NVIDIA GeForce RTX 4070 SUPER	PU:Z:FBG39641	DT:Z:2026-07-15T14:17:26.508000+00:00	tm:Z:adapter,primer rc
12	3a5437c5-91d1-4fc5-b9b3-a1c99bdfbc18	qs:f:14.6662	ch:i:359	st:Z:2026-07-15T22:28:40.513000+00:00	RG:Z:a40d6b40-d3ad-4fe7-8245-9c92f794f831_dna_r10.4.1_e8.2_400bps_sup@v5.2.0	DS:Z:gpu:NVIDIA GeForce RTX 4070 SUPER	PU:Z:FBG39641	DT:Z:2026-07-15T14:17:26.508000+00:00	tm:Z:adapter,primer
12	d1a8e98f-0f05-4b9b-8e12-92c0228e8940	qs:f:25.3079	ch:i:116	st:Z:2026-07-15T18:37:54.374000+00:00	RG:Z:a40d6b40-d3ad-4fe7-8245-9c92f794f831_dna_r10.4.1_e8.2_400bps_sup@v5.2.0	DS:Z:gpu:NVIDIA GeForce RTX 4070 SUPER	PU:Z:FBG39641	DT:Z:2026-07-15T14:17:26.508000+00:00	tm:Z:adapter,primer
12	06f358f8-9e02-412f-be3b-3f23685a7e87	qs:f:26.85	ch:i:397	st:Z:2026-07-15T18:55:20.235000+00:00	RG:Z:a40d6b40-d3ad-4fe7-8245-9c92f794f831_dna_r10.4.1_e8.2_400bps_sup@v5.2.0	DS:Z:gpu:NVIDIA GeForce RTX 4070 SUPER	PU:Z:FBG39641	DT:Z:2026-07-15T14:17:26.508000+00:00	tm:Z:none rc
12	f07875a3-8ecb-43b1-9561-6b713f61dd2c	qs:f:17.4274	ch:i:357	st:Z:2026-07-15T23:09:05.705000+00:00	RG:Z:a40d6b40-d3ad-4fe7-8245-9c92f794f831_dna_r10.4.1_e8.2_400bps_sup@v5.2.0	DS:Z:gpu:NVIDIA GeForce RTX 4070 SUPER	PU:Z:FBG39641	DT:Z:2026-07-15T14:17:26.508000+00:00	tm:Z:adapter,primer rc
12	796cb042-8cff-4ac3-9a51-65086b627cb8	qs:f:23.055	ch:i:404	st:Z:2026-07-15T21:03:19.903000+00:00	RG:Z:a40d6b40-d3ad-4fe7-8245-9c92f794f831_dna_r10.4.1_e8.2_400bps_sup@v5.2.0	DS:Z:gpu:NVIDIA GeForce RTX 4070 SUPER	PU:Z:FBG39641	DT:Z:2026-07-15T14:17:26.508000+00:00	tm:Z:none
12	4912a0b8-a155-4728-bdad-c220bfcf6690	qs:f:20.9409	ch:i:474	st:Z:2026-07-15T20:12:09.199000+00:00	RG:Z:a40d6b40-d3ad-4fe7-8245-9c92f794f831_dna_r10.4.1_e8.2_400bps_sup@v5.2.0	DS:Z:gpu:NVIDIA GeForce RTX 4070 SUPER	PU:Z:FBG39641	DT:Z:2026-07-15T14:17:26.508000+00:00	tm:Z:adapter,primer rc
12	9a127cf0-dd0a-4e4f-856d-0c83024713c2	qs:f:18.9079	ch:i:87	st:Z:2026-07-15T23:27:02.698000+00:00	RG:Z:a40d6b40-d3ad-4fe7-8245-9c92f794f831_dna_r10.4.1_e8.2_400bps_sup@v5.2.0	DS:Z:gpu:NVIDIA GeForce RTX 4070 SUPER	PU:Z:FBG39641	DT:Z:2026-07-15T14:17:26.508000+00:00	tm:Z:none
12	fd381b26-cee6-4364-be3c-375b4de14dde	qs:f:19.876	ch:i:165	st:Z:2026-07-15T21:08:43.453000+00:00	RG:Z:a40d6b40-d3ad-4fe7-8245-9c92f794f831_dna_r10.4.1_e8.2_400bps_sup@v5.2.0	DS:Z:gpu:NVIDIA GeForce RTX 4070 SUPER	PU:Z:FBG39641	DT:Z:2026-07-15T14:17:26.508000+00:00	tm:Z:adapter,primer
12	707dd059-ed0b-4f84-9b0d-3def5599490d	qs:f:19.6669	ch:i:345	st:Z:2026-07-15T17:27:53.386000+00:00	RG:Z:a40d6b40-d3ad-4fe7-8245-9c92f794f831_dna_r10.4.1_e8.2_400bps_sup@v5.2.0	DS:Z:gpu:NVIDIA GeForce RTX 4070 SUPER	PU:Z:FBG39641	DT:Z:2026-07-15T14:17:26.508000+00:00	tm:Z:adapter,primer
12	6cf175ec-6b51-4230-b5dc-0fc52a315923	qs:f:15.0186	ch:i:392	st:Z:2026-07-15T16:07:03.958000+00:00	RG:Z:a40d6b40-d3ad-4fe7-8245-9c92f794f831_dna_r10.4.1_e8.2_400bps_sup@v5.2.0	DS:Z:gpu:NVIDIA GeForce RTX 4070 SUPER	PU:Z:FBG39641	DT:Z:2026-07-15T14:17:26.508000+00:00	tm:Z:adapter,primer
12	ed1a8fa0-3b29-48aa-86f9-be2d58aeaf1d	qs:f:14.9275	ch:i:360	st:Z:2026-07-16T00:17:55.679000+00:00	RG:Z:a40d6b40-d3ad-4fe7-8245-9c92f794f831_dna_r10.4.1_e8.2_400bps_sup@v5.2.0	DS:Z:gpu:NVIDIA GeForce RTX 4070 SUPER	PU:Z:FBG39641	DT:Z:2026-07-15T14:17:26.508000+00:00	tm:Z:adapter,primer rc
13	7ef83f89-3154-493f-bcbc-636cc1073f02	qs:f:16.8356	ch:i:387	st:Z:2026-07-15T20:21:25.902000+00:00	RG:Z:a40d6b40-d3ad-4fe7-8245-9c92f794f831_dna_r10.4.1_e8.2_400bps_sup@v5.2.0	DS:Z:gpu:NVIDIA GeForce RTX 4070 SUPER	PU:Z:FBG39641	DT:Z:2026-07-15T14:17:26.508000+00:00	tm:Z:adapter,primer
13	8092a8ec-8e03-435d-b85a-fdf987252873	qs:f:21.3602	ch:i:155	st:Z:2026-07-15T22:03:07.785000+00:00	RG:Z:a40d6b40-d3ad-4fe7-8245-9c92f794f831_dna_r10.4.1_e8.2_400bps_sup@v5.2.0	DS:Z:gpu:NVIDIA GeForce RTX 4070 SUPER	PU:Z:FBG39641	DT:Z:2026-07-15T14:17:26.508000+00:00	tm:Z:none
13	5f2916c7-cf3b-4356-9597-8962944e30f6	qs:f:26.0452	ch:i:509	st:Z:2026-07-15T23:45:13.210000+00:00	RG:Z:a40d6b40-d3ad-4fe7-8245-9c92f794f831_dna_r10.4.1_e8.2_400bps_sup@v5.2.0	DS:Z:gpu:NVIDIA GeForce RTX 4070 SUPER	PU:Z:FBG39641	DT:Z:2026-07-15T14:17:26.508000+00:00	tm:Z:adapter,primer rc
13	23e74ac7-4060-4388-8cf3-c2d55c6c5590	qs:f:20.1718	ch:i:185	st:Z:2026-07-15T19:01:01.489000+00:00	RG:Z:a40d6b40-d3ad-4fe7-8245-9c92f794f831_dna_r10.4.1_e8.2_400bps_sup@v5.2.0	DS:Z:gpu:NVIDIA GeForce RTX 4070 SUPER	PU:Z:FBG39641	DT:Z:2026-07-15T14:17:26.508000+00:00	tm:Z:adapter,primer rc
13	52d01ddb-441e-43bb-965a-1205f4b3d285	qs:f:28.2375	ch:i:379	st:Z:2026-07-15T14:59:50.831000+00:00	RG:Z:a40d6b40-d3ad-4fe7-8245-9c92f794f831_dna_r10.4.1_e8.2_400bps_sup@v5.2.0	DS:Z:gpu:NVIDIA GeForce RTX 4070 SUPER	PU:Z:FBG39641	DT:Z:2026-07-15T14:17:26.508000+00:00	tm:Z:adapter,primer rc
13	2357ce04-a3e9-477c-9f8d-b4e839cb19a8	qs:f:23.068	ch:i:3	st:Z:2026-07-15T22:42:21.077000+00:00	RG:Z:a40d6b40-d3ad-4fe7-8245-9c92f794f831_dna_r10.4.1_e8.2_400bps_sup@v5.2.0	DS:Z:gpu:NVIDIA GeForce RTX 4070 SUPER	PU:Z:FBG39641	DT:Z:2026-07-15T14:17:26.508000+00:00	tm:Z:none
13	4e57a1dd-de61-4ad7-9fe1-45cae3a2ee20	qs:f:14.2096	ch:i:410	st:Z:2026-07-15T17:49:57.356000+00:00	RG:Z:a40d6b40-d3ad-4fe7-8245-9c92f794f831_dna_r10.4.1_e8.2_400bps_sup@v5.2.0	DS:Z:gpu:NVIDIA GeForce RTX 4070 SUPER	PU:Z:FBG39641	DT:Z:2026-07-15T14:17:26.508000+00:00	tm:Z:adapter,primer
13	fc21bfc0-b33f-455b-93d0-1964a0751d16	qs:f:21.7668	ch:i:365	st:Z:2026-07-15T18:37:23.136000+00:00	RG:Z:a40d6b40-d3ad-4fe7-8245-9c92f794f831_dna_r10.4.1_e8.2_400bps_sup@v5.2.0	DS:Z:gpu:NVIDIA GeForce RTX 4070 SUPER	PU:Z:FBG39641	DT:Z:2026-07-15T14:17:26.508000+00:00	tm:Z:adapter,primer
13	0e487553-68fb-4867-a71a-67e4486486ba	qs:f:27.7265	ch:i:469	st:Z:2026-07-15T20:53:47.234000+00:00	RG:Z:a40d6b40-d3ad-4fe7-8245-9c92f794f831_dna_r10.4.1_e8.2_400bps_sup@v5.2.0	DS:Z:gpu:NVIDIA GeForce RTX 4070 SUPER	PU:Z:FBG39641	DT:Z:2026-07-15T14:17:26.508000+00:00	tm:Z:adapter,primer rc
13	ee8e7a45-6816-4bcb-b39a-6f17e8c03c6a	qs:f:19.6924	ch:i:293	st:Z:2026-07-15T19:54:44.310000+00:00	RG:Z:a40d6b40-d3ad-4fe7-8245-9c92f794f831_dna_r10.4.1_e8.2_400bps_sup@v5.2.0	DS:Z:gpu:NVIDIA GeForce RTX 4070 SUPER	PU:Z:FBG39641	DT:Z:2026-07-15T14:17:26.508000+00:00	tm:Z:adapter,primer
13	1eac9424-c1b1-4866-b685-e0f94e3cd02f	qs:f:20.526	ch:i:214	st:Z:2026-07-15T19:55:00.241000+00:00	RG:Z:a40d6b40-d3ad-4fe7-8245-9c92f794f831_dna_r10.4.1_e8.2_400bps_sup@v5.2.0	DS:Z:gpu:NVIDIA GeForce RTX 4070 SUPER	PU:Z:FBG39641	DT:Z:2026-07-15T14:17:26.508000+00:00	tm:Z:adapter,primer rc
13	965f13b7-849a-432b-80cb-a9f4455b238b	qs:f:18.4699	ch:i:170	st:Z:2026-07-15T20:24:29.219000+00:00	RG:Z:a40d6b40-d3ad-4fe7-8245-9c92f794f831_dna_r10.4.1_e8.2_400bps_sup@v5.2.0	DS:Z:gpu:NVIDIA GeForce RTX 4070 SUPER	PU:Z:FBG39641	DT:Z:2026-07-15T14:17:26.508000+00:00	tm:Z:adapter,primer rc
13	1b39048f-d4aa-4727-a4bb-c21ff76c4d07	qs:f:27.4867	ch:i:458	st:Z:2026-07-15T15:30:19.507000+00:00	RG:Z:a40d6b40-d3ad-4fe7-8245-9c92f794f831_dna_r10.4.1_e8.2_400bps_sup@v5.2.0	DS:Z:gpu:NVIDIA GeForce RTX 4070 SUPER	PU:Z:FBG39641	DT:Z:2026-07-15T14:17:26.508000+00:00	tm:Z:adapter,primer rc
13	7889267d-b8fc-40a8-8c27-02f19384feb6	qs:f:14.9226	ch:i:361	st:Z:2026-07-15T14:58:03.462000+00:00	RG:Z:a40d6b40-d3ad-4fe7-8245-9c92f794f831_dna_r10.4.1_e8.2_400bps_sup@v5.2.0	DS:Z:gpu:NVIDIA GeForce RTX 4070 SUPER	PU:Z:FBG39641	DT:Z:2026-07-15T14:17:26.508000+00:00	tm:Z:adapter,primer rc
13	fc42e1ba-b5b6-47de-aedb-87ed79d7789d	qs:f:21.8266	ch:i:167	st:Z:2026-07-15T21:13:00.978000+00:00	RG:Z:a40d6b40-d3ad-4fe7-8245-9c92f794f831_dna_r10.4.1_e8.2_400bps_sup@v5.2.0	DS:Z:gpu:NVIDIA GeForce RTX 4070 SUPER	PU:Z:FBG39641	DT:Z:2026-07-15T14:17:26.508000+00:00	tm:Z:adapter,primer rc
13	cfe4baf5-4bd7-4f4e-ac2a-b56a61df2eda	qs:f:13.8412	ch:i:149	st:Z:2026-07-15T16:18:08.857000+00:00	RG:Z:a40d6b40-d3ad-4fe7-8245-9c92f794f831_dna_r10.4.1_e8.2_400bps_sup@v5.2.0	DS:Z:gpu:NVIDIA GeForce RTX 4070 SUPER	PU:Z:FBG39641	DT:Z:2026-07-15T14:17:26.508000+00:00	tm:Z:adapter,primer
13	b918246f-00d6-4100-8900-fb795992642a	qs:f:15.1603	ch:i:45	st:Z:2026-07-15T16:48:24.809000+00:00	RG:Z:a40d6b40-d3ad-4fe7-8245-9c92f794f831_dna_r10.4.1_e8.2_400bps_sup@v5.2.0	DS:Z:gpu:NVIDIA GeForce RTX 4070 SUPER	PU:Z:FBG39641	DT:Z:2026-07-15T14:17:26.508000+00:00	tm:Z:adapter,primer
14	d9ae5d0e-d2d7-4325-9e6e-e9f72152194b	qs:f:17.2551	ch:i:446	st:Z:2026-07-15T19:50:31.950000+00:00	RG:Z:a40d6b40-d3ad-4fe7-8245-9c92f794f831_dna_r10.4.1_e8.2_400bps_sup@v5.2.0	DS:Z:gpu:NVIDIA GeForce RTX 4070 SUPER	PU:Z:FBG39641	DT:Z:2026-07-15T14:17:26.508000+00:00	tm:Z:adapter,primer rc
14	bba797c2-f14c-4f48-9cb1-0ca2957efaed	qs:f:37.6601	ch:i:66	st:Z:2026-07-15T21:07:26.851000+00:00	RG:Z:a40d6b40-d3ad-4fe7-8245-9c92f794f831_dna_r10.4.1_e8.2_400bps_sup@v5.2.0	DS:Z:gpu:NVIDIA GeForce RTX 4070 SUPER	PU:Z:FBG39641	DT:Z:2026-07-15T14:17:26.508000+00:00	tm:Z:adapter,primer rc
14	8c6d65f8-6d4b-4c14-b117-cfcda64c074e	qs:f:27.1621	ch:i:322	st:Z:2026-07-15T14:34:50.433000+00:00	RG:Z:a40d6b40-d3ad-4fe7-8245-9c92f794f831_dna_r10.4.1_e8.2_400bps_sup@v5.2.0	DS:Z:gpu:NVIDIA GeForce RTX 4070 SUPER	PU:Z:FBG39641	DT:Z:2026-07-15T14:17:26.508000+00:00	tm:Z:adapter,primer rc
14	579e3bd0-271b-4d70-9938-9371ebed167f	qs:f:30.7203	ch:i:341	st:Z:2026-07-15T18:51:49.129000+00:00	RG:Z:a40d6b40-d3ad-4fe7-8245-9c92f794f831_dna_r10.4.1_e8.2_400bps_sup@v5.2.0	DS:Z:gpu:NVIDIA GeForce RTX 4070 SUPER	PU:Z:FBG39641	DT:Z:2026-07-15T14:17:26.508000+00:00	tm:Z:adapter,primer
14	b7021edd-16ad-4e0f-8603-859c85789073	qs:f:13.8521	ch:i:222	st:Z:2026-07-15T21:20:13.512000+00:00	RG:Z:a40d6b40-d3ad-4fe7-8245-9c92f794f831_dna_r10.4.1_e8.2_400bps_sup@v5.2.0	DS:Z:gpu:NVIDIA GeForce RTX 4070 SUPER	PU:Z:FBG39641	DT:Z:2026-07-15T14:17:26.508000+00:00	tm:Z:none rc
14	bd2fbf8c-f5a3-45fd-8961-09ad82fccaed	qs:f:18.0247	ch:i:457	st:Z:2026-07-16T00:16:01.260000+00:00	RG:Z:a40d6b40-d3ad-4fe7-8245-9c92f794f831_dna_r10.4.1_e8.2_400bps_sup@v5.2.0	DS:Z:gpu:NVIDIA GeForce RTX 4070 SUPER	PU:Z:FBG39641	DT:Z:2026-07-15T14:17:26.508000+00:00	tm:Z:adapter,primer rc
14	491a9f39-d3b2-421a-8046-27d106dc7703	qs:f:17.1387	ch:i:397	st:Z:2026-07-15T20:08:41.709000+00:00	RG:Z:a40d6b40-d3ad-4fe7-8245-9c92f794f831_dna_r10.4.1_e8.2_400bps_sup@v5.2.0	DS:Z:gpu:NVIDIA GeForce RTX 4070 SUPER	PU:Z:FBG39641	DT:Z:2026-07-15T14:17:26.508000+00:00	tm:Z:adapter,primer
14	74509442-5609-4d63-9ed7-f440669a991b	qs:f:18.5749	ch:i:383	st:Z:2026-07-15T22:15:55.370000+00:00	RG:Z:a40d6b40-d3ad-4fe7-8245-9c92f794f831_dna_r10.4.1_e8.2_400bps_sup@v5.2.0	DS:Z:gpu:NVIDIA GeForce RTX 4070 SUPER	PU:Z:FBG39641	DT:Z:2026-07-15T14:17:26.508000+00:00	tm:Z:adapter,primer rc
14	f2b37136-5480-496f-a8bf-85315aa5e957	qs:f:16.8624	ch:i:346	st:Z:2026-07-16T00:57:16.459000+00:00	RG:Z:a40d6b40-d3ad-4fe7-8245-9c92f794f831_dna_r10.4.1_e8.2_400bps_sup@v5.2.0	DS:Z:gpu:NVIDIA GeForce RTX 4070 SUPER	PU:Z:FBG39641	DT:Z:2026-07-15T14:17:26.508000+00:00	tm:Z:adapter,primer
14	702bde64-3c18-4ddc-b2da-6eb0eeb9c584	qs:f:23.2302	ch:i:207	st:Z:2026-07-16T01:29:49.036000+00:00	RG:Z:a40d6b40-d3ad-4fe7-8245-9c92f794f831_dna_r10.4.1_e8.2_400bps_sup@v5.2.0	DS:Z:gpu:NVIDIA GeForce RTX 4070 SUPER	PU:Z:FBG39641	DT:Z:2026-07-15T14:17:26.508000+00:00	tm:Z:none rc
14	53556451-f5cd-4b40-8525-c32a140c8232	qs:f:22.0921	ch:i:1	st:Z:2026-07-15T18:21:57.220000+00:00	RG:Z:a40d6b40-d3ad-4fe7-8245-9c92f794f831_dna_r10.4.1_e8.2_400bps_sup@v5.2.0	DS:Z:gpu:NVIDIA GeForce RTX 4070 SUPER	PU:Z:FBG39641	DT:Z:2026-07-15T14:17:26.508000+00:00	tm:Z:adapter,primer rc
14	0e03f579-2600-47f9-8622-2958b0d8cd11	qs:f:22.4032	ch:i:399	st:Z:2026-07-15T20:21:18.061000+00:00	RG:Z:a40d6b40-d3ad-4fe7-8245-9c92f794f831_dna_r10.4.1_e8.2_400bps_sup@v5.2.0	DS:Z:gpu:NVIDIA GeForce RTX 4070 SUPER	PU:Z:FBG39641	DT:Z:2026-07-15T14:17:26.508000+00:00	tm:Z:none rc
14	b1d05aa1-f047-4108-bd84-f7d35d7e07ea	qs:f:22.214	ch:i:56	st:Z:2026-07-15T22:18:13.022000+00:00	RG:Z:a40d6b40-d3ad-4fe7-8245-9c92f794f831_dna_r10.4.1_e8.2_400bps_sup@v5.2.0	DS:Z:gpu:NVIDIA GeForce RTX 4070 SUPER	PU:Z:FBG39641	DT:Z:2026-07-15T14:17:26.508000+00:00	tm:Z:none
14	b15f4584-ddc8-4fb5-913b-254256446bef	qs:f:19.6104	ch:i:288	st:Z:2026-07-15T20:15:18.413000+00:00	RG:Z:a40d6b40-d3ad-4fe7-8245-9c92f794f831_dna_r10.4.1_e8.2_400bps_sup@v5.2.0	DS:Z:gpu:NVIDIA GeForce RTX 4070 SUPER	PU:Z:FBG39641	DT:Z:2026-07-15T14:17:26.508000+00:00	tm:Z:adapter,primer rc
14	cbc78f91-8629-4771-b7cc-17db3e0b8d6c	qs:f:15.4228	ch:i:244	st:Z:2026-07-15T21:08:17.781000+00:00	RG:Z:a40d6b40-d3ad-4fe7-8245-9c92f794f831_dna_r10.4.1_e8.2_400bps_sup@v5.2.0	DS:Z:gpu:NVIDIA GeForce RTX 4070 SUPER	PU:Z:FBG39641	DT:Z:2026-07-15T14:17:26.508000+00:00	tm:Z:adapter,primer
14	c53560b0-fa14-4022-a423-2df59963ffad	qs:f:20.3734	ch:i:327	st:Z:2026-07-15T19:03:12.782000+00:00	RG:Z:a40d6b40-d3ad-4fe7-8245-9c92f794f831_dna_r10.4.1_e8.2_400bps_sup@v5.2.0	DS:Z:gpu:NVIDIA GeForce RTX 4070 SUPER	PU:Z:FBG39641	DT:Z:2026-07-15T14:17:26.508000+00:00	tm:Z:none rc
14	b012edd5-1659-4565-b871-6419e4fc9fef	qs:f:19.2278	ch:i:207	st:Z:2026-07-15T22:49:03.056000+00:00	RG:Z:a40d6b40-d3ad-4fe7-8245-9c92f794f831_dna_r10.4.1_e8.2_400bps_sup@v5.2.0	DS:Z:gpu:NVIDIA GeForce RTX 4070 SUPER	PU:Z:FBG39641	DT:Z:2026-07-15T14:17:26.508000+00:00	tm:Z:adapter,primer
15	0f7ac2a2-dc3e-491c-a509-b128fd944bd9	qs:f:21.7385	ch:i:410	st:Z:2026-07-15T18:17:07.440000+00:00	RG:Z:a40d6b40-d3ad-4fe7-8245-9c92f794f831_dna_r10.4.1_e8.2_400bps_sup@v5.2.0	DS:Z:gpu:NVIDIA GeForce RTX 4070 SUPER	PU:Z:FBG39641	DT:Z:2026-07-15T14:17:26.508000+00:00	tm:Z:none
15	9469f7d6-27e9-4f0d-ae86-04dd50191fbd	qs:f:19.1	ch:i:373	st:Z:2026-07-15T15:11:36.552000+00:00	RG:Z:a40d6b40-d3ad-4fe7-8245-9c92f794f831_dna_r10.4.1_e8.2_400bps_sup@v5.2.0	DS:Z:gpu:NVIDIA GeForce RTX 4070 SUPER	PU:Z:FBG39641	DT:Z:2026-07-15T14:17:26.508000+00:00	tm:Z:adapter,primer
15	e51b6438-8283-456c-a35c-59c82a75d4e5	qs:f:27.9456	ch:i:466	st:Z:2026-07-15T14:54:15.042000+00:00	RG:Z:a40d6b40-d3ad-4fe7-8245-9c92f794f831_dna_r10.4.1_e8.2_400bps_sup@v5.2.0	DS:Z:gpu:NVIDIA GeForce RTX 4070 SUPER	PU:Z:FBG39641	DT:Z:2026-07-15T14:17:26.508000+00:00	tm:Z:adapter,primer
15	186edaa4-1632-49df-b5f8-9ed377280429	qs:f:25.4747	ch:i:477	st:Z:2026-07-16T00:28:23.399000+00:00	RG:Z:a40d6b40-d3ad-4fe7-8245-9c92f794f831_dna_r10.4.1_e8.2_400bps_sup@v5.2.0	DS:Z:gpu:NVIDIA GeForce RTX 4070 SUPER	PU:Z:FBG39641	DT:Z:2026-07-15T14:17:26.508000+00:00	tm:Z:none
15	5a87c4f6-f94f-4961-bf5a-f93a0130c254	qs:f:21.7931	ch:i:507	st:Z:2026-07-15T18:31:55.558000+00:00	RG:Z:a40d6b40-d3ad-4fe7-8245-9c92f794f831_dna_r10.4.1_e8.2_400bps_sup@v5.2.0	DS:Z:gpu:NVIDIA GeForce RTX 4070 SUPER	PU:Z:FBG39641	DT:Z:2026-07-15T14:17:26.508000+00:00	tm:Z:adapter,primer rc
15	c731bac7-ad6d-4e8f-adfc-2212c9be2aec	qs:f:23.1465	ch:i:255	st:Z:2026-07-16T01:33:20.979000+00:00	RG:Z:a40d6b40-d3ad-4fe7-8245-9c92f794f831_dna_r10.4.1_e8.2_400bps_sup@v5.2.0	DS:Z:gpu:NVIDIA GeForce RTX 4070 SUPER	PU:Z:FBG39641	DT:Z:2026-07-15T14:17:26.508000+00:00	tm:Z:adapter,primer
15	e945ef0b-5b5b-46cf-8e07-9b6d3f71b4f2	qs:f:20.7036	ch:i:120	st:Z:2026-07-16T00:27:50.892000+00:00	RG:Z:a40d6b40-d3ad-4fe7-8245-9c92f794f831_dna_r10.4.1_e8.2_400bps_sup@v5.2.0	DS:Z:gpu:NVIDIA GeForce RTX 4070 SUPER	PU:Z:FBG39641	DT:Z:2026-07-15T14:17:26.508000+00:00	tm:Z:none
15	cc2acb9d-c83a-4d37-83e0-f631d96f5338	qs:f:18.5904	ch:i:93	st:Z:2026-07-15T21:07:22.546000+00:00	RG:Z:a40d6b40-d3ad-4fe7-8245-9c92f794f831_dna_r10.4.1_e8.2_400bps_sup@v5.2.0	DS:Z:gpu:NVIDIA GeForce RTX 4070 SUPER	PU:Z:FBG39641	DT:Z:2026-07-15T14:17:26.508000+00:00	tm:Z:none
15	923f9e08-1686-4bfb-9fa1-0f319b18471a	qs:f:14.5178	ch:i:224	st:Z:2026-07-15T17:22:13.127000+00:00	RG:Z:a40d6b40-d3ad-4fe7-8245-9c92f794f831_dna_r10.4.1_e8.2_400bps_sup@v5.2.0	DS:Z:gpu:NVIDIA GeForce RTX 4070 SUPER	PU:Z:FBG39641	DT:Z:2026-07-15T14:17:26.508000+00:00	tm:Z:none
15	26859a25-a347-4e97-b655-e4156091fd2a	qs:f:15.3245	ch:i:136	st:Z:2026-07-16T00:55:19.331000+00:00	RG:Z:a40d6b40-d3ad-4fe7-8245-9c92f794f831_dna_r10.4.1_e8.2_400bps_sup@v5.2.0	DS:Z:gpu:NVIDIA GeForce RTX 4070 SUPER	PU:Z:FBG39641	DT:Z:2026-07-15T14:17:26.508000+00:00	tm:Z:none
15	4b41d83f-fdb1-411a-8d90-cb4f35095c39	qs:f:19.0092	ch:i:350	st:Z:2026-07-15T14:54:37.317000+00:00	RG:Z:a40d6b40-d3ad-4fe7-8245-9c92f794f831_dna_r10.4.1_e8.2_400bps_sup@v5.2.0	DS:Z:gpu:NVIDIA GeForce RTX 4070 SUPER	PU:Z:FBG39641	DT:Z:2026-07-15T14:17:26.508000+00:00	tm:Z:none rc
15	ff9deec6-5353-43e4-b13b-fdf928ef7fde	qs:f:17.8439	ch:i:125	st:Z:2026-07-15T17:44:46.907000+00:00	RG:Z:a40d6b40-d3ad-4fe7-8245-9c92f794f831_dna_r10.4.1_e8.2_400bps_sup@v5.2.0	DS:Z:gpu:NVIDIA GeForce RTX 4070 SUPER	PU:Z:FBG39641	DT:Z:2026-07-15T14:17:26.508000+00:00	tm:Z:none rc
16	f0f8121a-5b9e-4c1c-8490-7c2492d94f0a	qs:f:23.3357	ch:i:466	st:Z:2026-07-15T21:20:04.484000+00:00	RG:Z:a40d6b40-d3ad-4fe7-8245-9c92f794f831_dna_r10.4.1_e8.2_400bps_sup@v5.2.0	DS:Z:gpu:NVIDIA GeForce RTX 4070 SUPER	PU:Z:FBG39641	DT:Z:2026-07-15T14:17:26.508000+00:00	tm:Z:none
16	c3db59e9-0ca6-42d3-ba5a-28401b633c11	qs:f:16.9196	ch:i:482	st:Z:2026-07-15T15:36:20.216000+00:00	RG:Z:a40d6b40-d3ad-4fe7-8245-9c92f794f831_dna_r10.4.1_e8.2_400bps_sup@v5.2.0	DS:Z:gpu:NVIDIA GeForce RTX 4070 SUPER	PU:Z:FBG39641	DT:Z:2026-07-15T14:17:26.508000+00:00	tm:Z:adapter,primer
16	484648b9-3f34-47e9-b856-aec484770720	qs:f:16.683	ch:i:434	st:Z:2026-07-15T16:11:35.161000+00:00	RG:Z:a40d6b40-d3ad-4fe7-8245-9c92f794f831_dna_r10.4.1_e8.2_400bps_sup@v5.2.0	DS:Z:gpu:NVIDIA GeForce RTX 4070 SUPER	PU:Z:FBG39641	DT:Z:2026-07-15T14:17:26.508000+00:00	tm:Z:adapter,primer
16	ba634268-0ba5-4582-ab2d-4050a6ab27de	qs:f:16.0851	ch:i:222	st:Z:2026-07-15T21:38:40.050000+00:00	RG:Z:a40d6b40-d3ad-4fe7-8245-9c92f794f831_dna_r10.4.1_e8.2_400bps_sup@v5.2.0	DS:Z:gpu:NVIDIA GeForce RTX 4070 SUPER	PU:Z:FBG39641	DT:Z:2026-07-15T14:17:26.508000+00:00	tm:Z:adapter,primer
16	22597a44-a1ed-4486-b608-af1c552e7eb8	qs:f:17.8725	ch:i:141	st:Z:2026-07-15T17:49:39.915000+00:00	RG:Z:a40d6b40-d3ad-4fe7-8245-9c92f794f831_dna_r10.4.1_e8.2_400bps_sup@v5.2.0	DS:Z:gpu:NVIDIA GeForce RTX 4070 SUPER	PU:Z:FBG39641	DT:Z:2026-07-15T14:17:26.508000+00:00	tm:Z:none rc
16	5c2b2d39-0061-4b76-88c2-c14e24cba19e	qs:f:17.2682	ch:i:56	st:Z:2026-07-15T19:02:07.417000+00:00	RG:Z:a40d6b40-d3ad-4fe7-8245-9c92f794f831_dna_r10.4.1_e8.2_400bps_sup@v5.2.0	DS:Z:gpu:NVIDIA GeForce RTX 4070 SUPER	PU:Z:FBG39641	DT:Z:2026-07-15T14:17:26.508000+00:00	tm:Z:adapter,primer rc
16	b91cf141-632e-44a0-b882-77ef6f8623c2	qs:f:17.3585	ch:i:77	st:Z:2026-07-15T15:41:36.836000+00:00	RG:Z:a40d6b40-d3ad-4fe7-8245-9c92f794f831_dna_r10.4.1_e8.2_400bps_sup@v5.2.0	DS:Z:gpu:NVIDIA GeForce RTX 4070 SUPER	PU:Z:FBG39641	DT:Z:2026-07-15T14:17:26.508000+00:00	tm:Z:adapter,primer
16	a11a9fe2-e5d3-4711-92f4-f5fb81c4358d	qs:f:21.8308	ch:i:20	st:Z:2026-07-15T22:48:21.326000+00:00	RG:Z:a40d6b40-d3ad-4fe7-8245-9c92f794f831_dna_r10.4.1_e8.2_400bps_sup@v5.2.0	DS:Z:gpu:NVIDIA GeForce RTX 4070 SUPER	PU:Z:FBG39641	DT:Z:2026-07-15T14:17:26.508000+00:00	tm:Z:none rc
16	54edddc5-a7e8-402b-8761-cd17a324a777	qs:f:14.2421	ch:i:284	st:Z:2026-07-15T18:28:23.205000+00:00	RG:Z:a40d6b40-d3ad-4fe7-8245-9c92f794f831_dna_r10.4.1_e8.2_400bps_sup@v5.2.0	DS:Z:gpu:NVIDIA GeForce RTX 4070 SUPER	PU:Z:FBG39641	DT:Z:2026-07-15T14:17:26.508000+00:00	tm:Z:adapter,primer rc
16	004c3ba1-0072-40ce-b5a5-14026c8a72d9	qs:f:15.4979	ch:i:257	st:Z:2026-07-15T15:21:36.907000+00:00	RG:Z:a40d6b40-d3ad-4fe7-8245-9c92f794f831_dna_r10.4.1_e8.2_400bps_sup@v5.2.0	DS:Z:gpu:NVIDIA GeForce RTX 4070 SUPER	PU:Z:FBG39641	DT:Z:2026-07-15T14:17:26.508000+00:00	tm:Z:adapter,primer
16	63baaeeb-20fa-41f7-9fae-0a4e0fa12db1	qs:f:14.4971	ch:i:332	st:Z:2026-07-15T14:57:47.767000+00:00	RG:Z:a40d6b40-d3ad-4fe7-8245-9c92f794f831_dna_r10.4.1_e8.2_400bps_sup@v5.2.0	DS:Z:gpu:NVIDIA GeForce RTX 4070 SUPER	PU:Z:FBG39641	DT:Z:2026-07-15T14:17:26.508000+00:00	tm:Z:adapter,primer rc
16	8d3cfdfb-4376-4160-9d72-1d7b88d29e38	qs:f:13.1238	ch:i:140	st:Z:2026-07-16T01:12:43.233000+00:00	RG:Z:a40d6b40-d3ad-4fe7-8245-9c92f794f831_dna_r10.4.1_e8.2_400bps_sup@v5.2.0	DS:Z:gpu:NVIDIA GeForce RTX 4070 SUPER	PU:Z:FBG39641	DT:Z:2026-07-15T14:17:26.508000+00:00	tm:Z:none rc
17	254551af-b429-4c84-b90d-9db3092fcccf	qs:f:27.2956	ch:i:81	st:Z:2026-07-15T22:58:54.814000+00:00	RG:Z:a40d6b40-d3ad-4fe7-8245-9c92f794f831_dna_r10.4.1_e8.2_400bps_sup@v5.2.0	DS:Z:gpu:NVIDIA GeForce RTX 4070 SUPER	PU:Z:FBG39641	DT:Z:2026-07-15T14:17:26.508000+00:00	tm:Z:adapter,primer rc
17	63608eca-a8bc-4218-a5f2-d90a1055e9d2	qs:f:15.3519	ch:i:463	st:Z:2026-07-16T01:51:02.240000+00:00	RG:Z:a40d6b40-d3ad-4fe7-8245-9c92f794f831_dna_r10.4.1_e8.2_400bps_sup@v5.2.0	DS:Z:gpu:NVIDIA GeForce RTX 4070 SUPER	PU:Z:FBG39641	DT:Z:2026-07-15T14:17:26.508000+00:00	tm:Z:adapter,primer rc
17	fb773610-b00a-4f24-b178-d33deacc503f	qs:f:26.96	ch:i:364	st:Z:2026-07-15T16:56:51.560000+00:00	RG:Z:a40d6b40-d3ad-4fe7-8245-9c92f794f831_dna_r10.4.1_e8.2_400bps_sup@v5.2.0	DS:Z:gpu:NVIDIA GeForce RTX 4070 SUPER	PU:Z:FBG39641	DT:Z:2026-07-15T14:17:26.508000+00:00	tm:Z:adapter,primer
17	42039ab2-147c-465c-b740-cbe88bebf856	qs:f:24.041	ch:i:274	st:Z:2026-07-15T17:22:10.033000+00:00	RG:Z:a40d6b40-d3ad-4fe7-8245-9c92f794f831_dna_r10.4.1_e8.2_400bps_sup@v5.2.0	DS:Z:gpu:NVIDIA GeForce RTX 4070 SUPER	PU:Z:FBG39641	DT:Z:2026-07-15T14:17:26.508000+00:00	tm:Z:adapter,primer
17	d3a54de7-c7df-4a03-8e4f-1dead8dca1b2	qs:f:20.2793	ch:i:197	st:Z:2026-07-15T20:01:41.049000+00:00	RG:Z:a40d6b40-d3ad-4fe7-8245-9c92f794f831_dna_r10.4.1_e8.2_400bps_sup@v5.2.0	DS:Z:gpu:NVIDIA GeForce RTX 4070 SUPER	PU:Z:FBG39641	DT:Z:2026-07-15T14:17:26.508000+00:00	tm:Z:adapter,primer rc
17	41e92f10-9252-4490-b866-e6c0ebbc75ed	qs:f:30.2345	ch:i:181	st:Z:2026-07-15T22:59:03.883000+00:00	RG:Z:a40d6b40-d3ad-4fe7-8245-9c92f794f831_dna_r10.4.1_e8.2_400bps_sup@v5.2.0	DS:Z:gpu:NVIDIA GeForce RTX 4070 SUPER	PU:Z:FBG39641	DT:Z:2026-07-15T14:17:26.508000+00:00	tm:Z:adapter,primer
17	3bacf528-acee-40d3-a4bf-2899b56d7587	qs:f:17.4215	ch:i:223	st:Z:2026-07-15T18:29:29.395000+00:00	RG:Z:a40d6b40-d3ad-4fe7-8245-9c92f794f831_dna_r10.4.1_e8.2_400bps_sup@v5.2.0	DS:Z:gpu:NVIDIA GeForce RTX 4070 SUPER	PU:Z:FBG39641	DT:Z:2026-07-15T14:17:26.508000+00:00	tm:Z:adapter,primer rc
17	5fd7b7c1-bbec-4238-a1e1-da0afd268af8	qs:f:25.5573	ch:i:148	st:Z:2026-07-15T15:55:05.144000+00:00	RG:Z:a40d6b40-d3ad-4fe7-8245-9c92f794f831_dna_r10.4.1_e8.2_400bps_sup@v5.2.0	DS:Z:gpu:NVIDIA GeForce RTX 4070 SUPER	PU:Z:FBG39641	DT:Z:2026-07-15T14:17:26.508000+00:00	tm:Z:adapter,primer rc
17	4790279d-41bd-4747-af5c-dbe5b0c64739	qs:f:19.1339	ch:i:167	st:Z:2026-07-15T22:33:00.916000+00:00	RG:Z:a40d6b40-d3ad-4fe7-8245-9c92f794f831_dna_r10.4.1_e8.2_400bps_sup@v5.2.0	DS:Z:gpu:NVIDIA GeForce RTX 4070 SUPER	PU:Z:FBG39641	DT:Z:2026-07-15T14:17:26.508000+00:00	tm:Z:adapter,primer rc
17	ccf8793e-1b33-4ada-ac6f-ac0dec37643d	qs:f:16.1858	ch:i:318	st:Z:2026-07-15T16:06:43.158000+00:00	RG:Z:a40d6b40-d3ad-4fe7-8245-9c92f794f831_dna_r10.4.1_e8.2_400bps_sup@v5.2.0	DS:Z:gpu:NVIDIA GeForce RTX 4070 SUPER	PU:Z:FBG39641	DT:Z:2026-07-15T14:17:26.508000+00:00	tm:Z:none
18	114a9b82-792e-4fc9-9b81-fbcfd6faba30	qs:f:29.7503	ch:i:79	st:Z:2026-07-15T18:19:39.920000+00:00	RG:Z:a40d6b40-d3ad-4fe7-8245-9c92f794f831_dna_r10.4.1_e8.2_400bps_sup@v5.2.0	DS:Z:gpu:NVIDIA GeForce RTX 4070 SUPER	PU:Z:FBG39641	DT:Z:2026-07-15T14:17:26.508000+00:00	tm:Z:adapter,primer rc
18	b4dfed61-1a1d-4e6f-be93-970fffa3e36e	qs:f:22.5457	ch:i:451	st:Z:2026-07-15T21:17:25.751000+00:00	RG:Z:a40d6b40-d3ad-4fe7-8245-9c92f794f831_dna_r10.4.1_e8.2_400bps_sup@v5.2.0	DS:Z:gpu:NVIDIA GeForce RTX 4070 SUPER	PU:Z:FBG39641	DT:Z:2026-07-15T14:17:26.508000+00:00	tm:Z:none rc
18	a688966e-1328-4236-9e1e-7b9224a8db40	qs:f:21.7628	ch:i:248	st:Z:2026-07-15T21:20:04.385000+00:00	RG:Z:a40d6b40-d3ad-4fe7-8245-9c92f794f831_dna_r10.4.1_e8.2_400bps_sup@v5.2.0	DS:Z:gpu:NVIDIA GeForce RTX 4070 SUPER	PU:Z:FBG39641	DT:Z:2026-07-15T14:17:26.508000+00:00	tm:Z:none rc
18	02b2aa45-c337-4e8b-9cdc-698fc5e40b03	qs:f:29.1453	ch:i:454	st:Z:2026-07-15T19:28:07.965000+00:00	RG:Z:a40d6b40-d3ad-4fe7-8245-9c92f794f831_dna_r10.4.1_e8.2_400bps_sup@v5.2.0	DS:Z:gpu:NVIDIA GeForce RTX 4070 SUPER	PU:Z:FBG39641	DT:Z:2026-07-15T14:17:26.508000+00:00	tm:Z:adapter,primer
18	fbb9e6ce-3beb-43dc-939c-71e545885c15	qs:f:24.6096	ch:i:347	st:Z:2026-07-15T15:04:49.352000+00:00	RG:Z:a40d6b40-d3ad-4fe7-8245-9c92f794f831_dna_r10.4.1_e8.2_400bps_sup@v5.2.0	DS:Z:gpu:NVIDIA GeForce RTX 4070 SUPER	PU:Z:FBG39641	DT:Z:2026-07-15T14:17:26.508000+00:00	tm:Z:none rc
18	fc2ad447-f999-497f-85b0-4a44cf22b08b	qs:f:15.8461	ch:i:68	st:Z:2026-07-15T18:25:45.874000+00:00	RG:Z:a40d6b40-d3ad-4fe7-8245-9c92f794f831_dna_r10.4.1_e8.2_400bps_sup@v5.2.0	DS:Z:gpu:NVIDIA GeForce RTX 4070 SUPER	PU:Z:FBG39641	DT:Z:2026-07-15T14:17:26.508000+00:00	tm:Z:none rc
18	9b895bdf-3314-432e-b685-0892bf1b2376	qs:f:21.3508	ch:i:98	st:Z:2026-07-16T01:05:02.400000+00:00	RG:Z:a40d6b40-d3ad-4fe7-8245-9c92f794f831_dna_r10.4.1_e8.2_400bps_sup@v5.2.0	DS:Z:gpu:NVIDIA GeForce RTX 4070 SUPER	PU:Z:FBG39641	DT:Z:2026-07-15T14:17:26.508000+00:00	tm:Z:adapter,primer rc
18	ab25f92e-7d1c-4620-9c81-a83ad787fb63	qs:f:17.4291	ch:i:221	st:Z:2026-07-15T17:16:20.800000+00:00	RG:Z:a40d6b40-d3ad-4fe7-8245-9c92f794f831_dna_r10.4.1_e8.2_400bps_sup@v5.2.0	DS:Z:gpu:NVIDIA GeForce RTX 4070 SUPER	PU:Z:FBG39641	DT:Z:2026-07-15T14:17:26.508000+00:00	tm:Z:adapter,primer
18	a3005186-8711-41b8-bbd9-ddff8d43e060	qs:f:12.1784	ch:i:322	st:Z:2026-07-15T19:41:47.686000+00:00	RG:Z:a40d6b40-d3ad-4fe7-8245-9c92f794f831_dna_r10.4.1_e8.2_400bps_sup@v5.2.0	DS:Z:gpu:NVIDIA GeForce RTX 4070 SUPER	PU:Z:FBG39641	DT:Z:2026-07-15T14:17:26.508000+00:00	tm:Z:adapter,primer rc
18	883042c9-bbb0-44a1-a983-3ea24dad2d00	qs:f:10.8097	ch:i:299	st:Z:2026-07-15T18:19:38.979000+00:00	RG:Z:a40d6b40-d3ad-4fe7-8245-9c92f794f831_dna_r10.4.1_e8.2_400bps_sup@v5.2.0	DS:Z:gpu:NVIDIA GeForce RTX 4070 SUPER	PU:Z:FBG39641	DT:Z:2026-07-15T14:17:26.508000+00:00	tm:Z:none rc
19	6c43c130-9a04-464b-97b1-beab9beb2be2	qs:f:15.9759	ch:i:179	st:Z:2026-07-15T22:05:18.434000+00:00	RG:Z:a40d6b40-d3ad-4fe7-8245-9c92f794f831_dna_r10.4.1_e8.2_400bps_sup@v5.2.0	DS:Z:gpu:NVIDIA GeForce RTX 4070 SUPER	PU:Z:FBG39641	DT:Z:2026-07-15T14:17:26.508000+00:00	tm:Z:none rc
19	4bb5e79b-2ae4-4fca-aadf-4c36e1e0f1b4	qs:f:25.1548	ch:i:201	st:Z:2026-07-15T21:36:10.693000+00:00	RG:Z:a40d6b40-d3ad-4fe7-8245-9c92f794f831_dna_r10.4.1_e8.2_400bps_sup@v5.2.0	DS:Z:gpu:NVIDIA GeForce RTX 4070 SUPER	PU:Z:FBG39641	DT:Z:2026-07-15T14:17:26.508000+00:00	tm:Z:none rc
19	2b1e4850-d77a-4dc9-bf77-cf55532815ce	qs:f:33.9247	ch:i:261	st:Z:2026-07-16T00:26:35.652000+00:00	RG:Z:a40d6b40-d3ad-4fe7-8245-9c92f794f831_dna_r10.4.1_e8.2_400bps_sup@v5.2.0	DS:Z:gpu:NVIDIA GeForce RTX 4070 SUPER	PU:Z:FBG39641	DT:Z:2026-07-15T14:17:26.508000+00:00	tm:Z:adapter,primer rc
19	735301c1-c176-432f-8074-87854b48f2e6	qs:f:22.4803	ch:i:305	st:Z:2026-07-16T00:23:49.842000+00:00	RG:Z:a40d6b40-d3ad-4fe7-8245-9c92f794f831_dna_r10.4.1_e8.2_400bps_sup@v5.2.0	DS:Z:gpu:NVIDIA GeForce RTX 4070 SUPER	PU:Z:FBG39641	DT:Z:2026-07-15T14:17:26.508000+00:00	tm:Z:adapter,primer rc
19	9d663902-a386-46d5-aa00-a502391901cd	qs:f:15.5136	ch:i:15	st:Z:2026-07-15T23:44:55.024000+00:00	RG:Z:a40d6b40-d3ad-4fe7-8245-9c92f794f831_dna_r10.4.1_e8.2_400bps_sup@v5.2.0	DS:Z:gpu:NVIDIA GeForce RTX 4070 SUPER	PU:Z:FBG39641	DT:Z:2026-07-15T14:17:26.508000+00:00	tm:Z:none
19	67bc7127-db5c-48c0-b923-f6e53f1bf566	qs:f:12.201	ch:i:149	st:Z:2026-07-15T21:30:11.703000+00:00	RG:Z:a40d6b40-d3ad-4fe7-8245-9c92f794f831_dna_r10.4.1_e8.2_400bps_sup@v5.2.0	DS:Z:gpu:NVIDIA GeForce RTX 4070 SUPER	PU:Z:FBG39641	DT:Z:2026-07-15T14:17:26.508000+00:00	tm:Z:none
19	0e9dcc8a-ccde-4de7-913b-32167b800b93	qs:f:19.2333	ch:i:28	st:Z:2026-07-15T23:11:51.037000+00:00	RG:Z:a40d6b40-d3ad-4fe7-8245-9c92f794f831_dna_r10.4.1_e8.2_400bps_sup@v5.2.0	DS:Z:gpu:NVIDIA GeForce RTX 4070 SUPER	PU:Z:FBG39641	DT:Z:2026-07-15T14:17:26.508000+00:00	tm:Z:none rc
19	a4b77abf-1cc9-4b4e-bc67-5d2d0a1dad22	qs:f:17.158	ch:i:393	st:Z:2026-07-15T17:19:53.376000+00:00	RG:Z:a40d6b40-d3ad-4fe7-8245-9c92f794f831_dna_r10.4.1_e8.2_400bps_sup@v5.2.0	DS:Z:gpu:NVIDIA GeForce RTX 4070 SUPER	PU:Z:FBG39641	DT:Z:2026-07-15T14:17:26.508000+00:00	tm:Z:none
19	be692da6-3ef3-4e16-8a51-f4f38f2f1457	qs:f:11.1866	ch:i:305	st:Z:2026-07-15T22:40:15.908000+00:00	RG:Z:a40d6b40-d3ad-4fe7-8245-9c92f794f831_dna_r10.4.1_e8.2_400bps_sup@v5.2.0	DS:Z:gpu:NVIDIA GeForce RTX 4070 SUPER	PU:Z:FBG39641	DT:Z:2026-07-15T14:17:26.508000+00:00	tm:Z:adapter,primer rc
20	c003c800-9674-4675-9f58-04ed5e33c5d5	qs:f:16.9494	ch:i:434	st:Z:2026-07-16T02:04:52.304000+00:00	RG:Z:a40d6b40-d3ad-4fe7-8245-9c92f794f831_dna_r10.4.1_e8.2_400bps_sup@v5.2.0	DS:Z:gpu:NVIDIA GeForce RTX 4070 SUPER	PU:Z:FBG39641	DT:Z:2026-07-15T14:17:26.508000+00:00	tm:Z:adapter,primer
20	b0c7a6aa-b49a-4836-8b2d-e3b1499c0d47	qs:f:27.2902	ch:i:474	st:Z:2026-07-15T20:22:04.038000+00:00	RG:Z:a40d6b40-d3ad-4fe7-8245-9c92f794f831_dna_r10.4.1_e8.2_400bps_sup@v5.2.0	DS:Z:gpu:NVIDIA GeForce RTX 4070 SUPER	PU:Z:FBG39641	DT:Z:2026-07-15T14:17:26.508000+00:00	tm:Z:adapter,primer rc
20	051415ac-f1a5-428c-8440-295d8e18e681	qs:f:19.7369	ch:i:110	st:Z:2026-07-15T17:50:33.007000+00:00	RG:Z:a40d6b40-d3ad-4fe7-8245-9c92f794f831_dna_r10.4.1_e8.2_400bps_sup@v5.2.0	DS:Z:gpu:NVIDIA GeForce RTX 4070 SUPER	PU:Z:FBG39641	DT:Z:2026-07-15T14:17:26.508000+00:00	tm:Z:adapter,primer rc
20	fee9170c-a82a-41ff-82de-bbda0bd85baa	qs:f:15.285	ch:i:421	st:Z:2026-07-15T14:56:18.338000+00:00	RG:Z:a40d6b40-d3ad-4fe7-8245-9c92f794f831_dna_r10.4.1_e8.2_400bps_sup@v5.2.0	DS:Z:gpu:NVIDIA GeForce RTX 4070 SUPER	PU:Z:FBG39641	DT:Z:2026-07-15T14:17:26.508000+00:00	tm:Z:adapter,primer rc
20	400d69cb-3fb3-4514-9fc3-20fc81001277	qs:f:19.5304	ch:i:237	st:Z:2026-07-15T17:58:53.063000+00:00	RG:Z:a40d6b40-d3ad-4fe7-8245-9c92f794f831_dna_r10.4.1_e8.2_400bps_sup@v5.2.0	DS:Z:gpu:NVIDIA GeForce RTX 4070 SUPER	PU:Z:FBG39641	DT:Z:2026-07-15T14:17:26.508000+00:00	tm:Z:adapter,primer rc
20	357162c3-a6d2-4c52-a9c0-e3197adedd74	qs:f:11.6928	ch:i:350	st:Z:2026-07-15T22:27:21.793000+00:00	RG:Z:a40d6b40-d3ad-4fe7-8245-9c92f794f831_dna_r10.4.1_e8.2_400bps_sup@v5.2.0	DS:Z:gpu:NVIDIA GeForce RTX 4070 SUPER	PU:Z:FBG39641	DT:Z:2026-07-15T14:17:26.508000+00:00	tm:Z:none
20	3c81ad08-a017-4ff3-b7e9-de9a8e6acb66	qs:f:21.8028	ch:i:140	st:Z:2026-07-15T17:07:29.824000+00:00	RG:Z:a40d6b40-d3ad-4fe7-8245-9c92f794f831_dna_r10.4.1_e8.2_400bps_sup@v5.2.0	DS:Z:gpu:NVIDIA GeForce RTX 4070 SUPER	PU:Z:FBG39641	DT:Z:2026-07-15T14:17:26.508000+00:00	tm:Z:adapter,primer rc
20	76f39db1-8463-4495-ad6e-a9e0769d1a27	qs:f:17.6065	ch:i:125	st:Z:2026-07-15T22:49:24.598000+00:00	RG:Z:a40d6b40-d3ad-4fe7-8245-9c92f794f831_dna_r10.4.1_e8.2_400bps_sup@v5.2.0	DS:Z:gpu:NVIDIA GeForce RTX 4070 SUPER	PU:Z:FBG39641	DT:Z:2026-07-15T14:17:26.508000+00:00	tm:Z:adapter,primer rc
20	e04e71d9-86e1-4e6a-a81a-5c654f96c92e	qs:f:18.2958	ch:i:74	st:Z:2026-07-15T15:13:47.346000+00:00	RG:Z:a40d6b40-d3ad-4fe7-8245-9c92f794f831_dna_r10.4.1_e8.2_400bps_sup@v5.2.0	DS:Z:gpu:NVIDIA GeForce RTX 4070 SUPER	PU:Z:FBG39641	DT:Z:2026-07-15T14:17:26.508000+00:00	tm:Z:adapter,primer rc
21	68b64c6d-94e3-45dc-9f52-047d329e506e	qs:f:16.9782	ch:i:145	st:Z:2026-07-15T20:37:34.408000+00:00	RG:Z:a40d6b40-d3ad-4fe7-8245-9c92f794f831_dna_r10.4.1_e8.2_400bps_sup@v5.2.0	DS:Z:gpu:NVIDIA GeForce RTX 4070 SUPER	PU:Z:FBG39641	DT:Z:2026-07-15T14:17:26.508000+00:00	tm:Z:adapter,primer
21	4569ef4a-0151-40b8-8c86-d86587e44ee1	qs:f:20.2706	ch:i:392	st:Z:2026-07-15T17:56:49.193000+00:00	RG:Z:a40d6b40-d3ad-4fe7-8245-9c92f794f831_dna_r10.4.1_e8.2_400bps_sup@v5.2.0	DS:Z:gpu:NVIDIA GeForce RTX 4070 SUPER	PU:Z:FBG39641	DT:Z:2026-07-15T14:17:26.508000+00:00	tm:Z:adapter,primer
21	ab7a9211-d481-4db8-851a-a13ea4af120b	qs:f:21.3399	ch:i:285	st:Z:2026-07-15T16:23:42.131000+00:00	RG:Z:a40d6b40-d3ad-4fe7-8245-9c92f794f831_dna_r10.4.1_e8.2_400bps_sup@v5.2.0	DS:Z:gpu:NVIDIA GeForce RTX 4070 SUPER	PU:Z:FBG39641	DT:Z:2026-07-15T14:17:26.508000+00:00	tm:Z:adapter,primer rc
21	7de19f62-bff3-4746-8b8b-cf67fe4979d9	qs:f:15.3002	ch:i:455	st:Z:2026-07-15T17:46:54.706000+00:00	RG:Z:a40d6b40-d3ad-4fe7-8245-9c92f794f831_dna_r10.4.1_e8.2_400bps_sup@v5.2.0	DS:Z:gpu:NVIDIA GeForce RTX 4070 SUPER	PU:Z:FBG39641	DT:Z:2026-07-15T14:17:26.508000+00:00	tm:Z:adapter,primer
21	d1266a57-c4d4-425d-970d-7ab6d2b019ed	qs:f:18.8285	ch:i:33	st:Z:2026-07-15T23:40:19.401000+00:00	RG:Z:a40d6b40-d3ad-4fe7-8245-9c92f794f831_dna_r10.4.1_e8.2_400bps_sup@v5.2.0	DS:Z:gpu:NVIDIA GeForce RTX 4070 SUPER	PU:Z:FBG39641	DT:Z:2026-07-15T14:17:26.508000+00:00	tm:Z:adapter,primer rc
21	2c63d1f5-1654-4b42-9f9d-71a0472eac41	qs:f:17.2907	ch:i:408	st:Z:2026-07-15T21:04:22.944000+00:00	RG:Z:a40d6b40-d3ad-4fe7-8245-9c92f794f831_dna_r10.4.1_e8.2_400bps_sup@v5.2.0	DS:Z:gpu:NVIDIA GeForce RTX 4070 SUPER	PU:Z:FBG39641	DT:Z:2026-07-15T14:17:26.508000+00:00	tm:Z:adapter,primer rc
21	15c79c06-aa86-4956-bedb-2ce72f3e2283	qs:f:15.1789	ch:i:30	st:Z:2026-07-15T22:46:47.433000+00:00	RG:Z:a40d6b40-d3ad-4fe7-8245-9c92f794f831_dna_r10.4.1_e8.2_400bps_sup@v5.2.0	DS:Z:gpu:NVIDIA GeForce RTX 4070 SUPER	PU:Z:FBG39641	DT:Z:2026-07-15T14:17:26.508000+00:00	tm:Z:adapter,primer
21	9dcde892-4a0d-4a16-b49e-d890f569bca8	qs:f:15.9465	ch:i:229	st:Z:2026-07-15T15:13:47.141000+00:00	RG:Z:a40d6b40-d3ad-4fe7-8245-9c92f794f831_dna_r10.4.1_e8.2_400bps_sup@v5.2.0	DS:Z:gpu:NVIDIA GeForce RTX 4070 SUPER	PU:Z:FBG39641	DT:Z:2026-07-15T14:17:26.508000+00:00	tm:Z:none rc
21	b602a3e1-e388-4093-84e6-22b6806d516d	qs:f:13.4035	ch:i:21	st:Z:2026-07-15T20:11:14.315000+00:00	RG:Z:a40d6b40-d3ad-4fe7-8245-9c92f794f831_dna_r10.4.1_e8.2_400bps_sup@v5.2.0	DS:Z:gpu:NVIDIA GeForce RTX 4070 SUPER	PU:Z:FBG39641	DT:Z:2026-07-15T14:17:26.508000+00:00	tm:Z:adapter,primer
22	536f2e35-b2f5-4eb9-b66f-a8b89d6a464a	qs:f:30.4299	ch:i:291	st:Z:2026-07-15T18:25:45.901000+00:00	RG:Z:a40d6b40-d3ad-4fe7-8245-9c92f794f831_dna_r10.4.1_e8.2_400bps_sup@v5.2.0	DS:Z:gpu:NVIDIA GeForce RTX 4070 SUPER	PU:Z:FBG39641	DT:Z:2026-07-15T14:17:26.508000+00:00	tm:Z:adapter,primer rc
22	55d63a3a-bde4-4733-8443-55e656dce84b	qs:f:29.5149	ch:i:324	st:Z:2026-07-15T16:48:20.542000+00:00	RG:Z:a40d6b40-d3ad-4fe7-8245-9c92f794f831_dna_r10.4.1_e8.2_400bps_sup@v5.2.0	DS:Z:gpu:NVIDIA GeForce RTX 4070 SUPER	PU:Z:FBG39641	DT:Z:2026-07-15T14:17:26.508000+00:00	tm:Z:adapter,primer rc
22	3bd8bda0-e3ea-4f65-aa80-847975e22b12	qs:f:15.2798	ch:i:91	st:Z:2026-07-16T00:22:35.421000+00:00	RG:Z:a40d6b40-d3ad-4fe7-8245-9c92f794f831_dna_r10.4.1_e8.2_400bps_sup@v5.2.0	DS:Z:gpu:NVIDIA GeForce RTX 4070 SUPER	PU:Z:FBG39641	DT:Z:2026-07-15T14:17:26.508000+00:00	tm:Z:adapter,primer
22	9f0a66f6-91c0-493b-ac10-43905a067608	qs:f:14.8888	ch:i:73	st:Z:2026-07-15T20:31:40.208000+00:00	RG:Z:a40d6b40-d3ad-4fe7-8245-9c92f794f831_dna_r10.4.1_e8.2_400bps_sup@v5.2.0	DS:Z:gpu:NVIDIA GeForce RTX 4070 SUPER	PU:Z:FBG39641	DT:Z:2026-07-15T14:17:26.508000+00:00	tm:Z:adapter,primer rc
22	e6b2b630-e950-46e1-a33e-89ebcfb1d468	qs:f:19.0861	ch:i:509	st:Z:2026-07-16T01:00:19.056000+00:00	RG:Z:a40d6b40-d3ad-4fe7-8245-9c92f794f831_dna_r10.4.1_e8.2_400bps_sup@v5.2.0	DS:Z:gpu:NVIDIA GeForce RTX 4070 SUPER	PU:Z:FBG39641	DT:Z:2026-07-15T14:17:26.508000+00:00	tm:Z:none rc
22	ce9a5dbe-1434-4af9-ab70-24ebe35dccda	qs:f:14.5021	ch:i:39	st:Z:2026-07-15T17:08:42.560000+00:00	RG:Z:a40d6b40-d3ad-4fe7-8245-9c92f794f831_dna_r10.4.1_e8.2_400bps_sup@v5.2.0	DS:Z:gpu:NVIDIA GeForce RTX 4070 SUPER	PU:Z:FBG39641	DT:Z:2026-07-15T14:17:26.508000+00:00	tm:Z:none rc
22	8c8ba001-a682-479d-8f16-07d28163bb89	qs:f:13.2901	ch:i:154	st:Z:2026-07-16T01:22:00.571000+00:00	RG:Z:a40d6b40-d3ad-4fe7-8245-9c92f794f831_dna_r10.4.1_e8.2_400bps_sup@v5.2.0	DS:Z:gpu:NVIDIA GeForce RTX 4070 SUPER	PU:Z:FBG39641	DT:Z:2026-07-15T14:17:26.508000+00:00	tm:Z:adapter,primer rc
22	b8f6be4f-d968-496e-a7bf-0738101ab304	qs:f:16.4841	ch:i:258	st:Z:2026-07-15T22:28:34.981000+00:00	RG:Z:a40d6b40-d3ad-4fe7-8245-9c92f794f831_dna_r10.4.1_e8.2_400bps_sup@v5.2.0	DS:Z:gpu:NVIDIA GeForce RTX 4070 SUPER	PU:Z:FBG39641	DT:Z:2026-07-15T14:17:26.508000+00:00	tm:Z:none rc
23	08e5b6df-67ba-4a8a-b832-905dcce9b913	qs:f:19.4377	ch:i:34	st:Z:2026-07-15T17:44:07.346000+00:00	RG:Z:a40d6b40-d3ad-4fe7-8245-9c92f794f831_dna_r10.4.1_e8.2_400bps_sup@v5.2.0	DS:Z:gpu:NVIDIA GeForce RTX 4070 SUPER	PU:Z:FBG39641	DT:Z:2026-07-15T14:17:26.508000+00:00	tm:Z:adapter,primer rc
23	735d232f-d7c1-42bd-b249-3d461b1bf277	qs:f:30.2676	ch:i:180	st:Z:2026-07-15T16:20:01.965000+00:00	RG:Z:a40d6b40-d3ad-4fe7-8245-9c92f794f831_dna_r10.4.1_e8.2_400bps_sup@v5.2.0	DS:Z:gpu:NVIDIA GeForce RTX 4070 SUPER	PU:Z:FBG39641	DT:Z:2026-07-15T14:17:26.508000+00:00	tm:Z:none rc
23	bd700908-62a5-42a6-8192-76191ea279e6	qs:f:29.3638	ch:i:393	st:Z:2026-07-16T01:52:51.793000+00:00	RG:Z:a40d6b40-d3ad-4fe7-8245-9c92f794f831_dna_r10.4.1_e8.2_400bps_sup@v5.2.0	DS:Z:gpu:NVIDIA GeForce RTX 4070 SUPER	PU:Z:FBG39641	DT:Z:2026-07-15T14:17:26.508000+00:00	tm:Z:adapter,primer rc
23	51b07dfd-d9bd-4cef-ae81-df0e0cd1f313	qs:f:26.8143	ch:i:353	st:Z:2026-07-15T18:02:44.427000+00:00	RG:Z:a40d6b40-d3ad-4fe7-8245-9c92f794f831_dna_r10.4.1_e8.2_400bps_sup@v5.2.0	DS:Z:gpu:NVIDIA GeForce RTX 4070 SUPER	PU:Z:FBG39641	DT:Z:2026-07-15T14:17:26.508000+00:00	tm:Z:adapter,primer
23	d853a811-acfe-4f49-a1cb-bd838cc2fb01	qs:f:19.1012	ch:i:312	st:Z:2026-07-15T22:30:16.933000+00:00	RG:Z:a40d6b40-d3ad-4fe7-8245-9c92f794f831_dna_r10.4.1_e8.2_400bps_sup@v5.2.0	DS:Z:gpu:NVIDIA GeForce RTX 4070 SUPER	PU:Z:FBG39641	DT:Z:2026-07-15T14:17:26.508000+00:00	tm:Z:none rc
23	7ae4dd67-0072-42d1-b638-83b07db66507	qs:f:19.4976	ch:i:339	st:Z:2026-07-15T15:43:08.100000+00:00	RG:Z:a40d6b40-d3ad-4fe7-8245-9c92f794f831_dna_r10.4.1_e8.2_400bps_sup@v5.2.0	DS:Z:gpu:NVIDIA GeForce RTX 4070 SUPER	PU:Z:FBG39641	DT:Z:2026-07-15T14:17:26.508000+00:00	tm:Z:adapter,primer rc
23	a4e7392d-04ec-4af1-85c8-8d80c1f774ba	qs:f:18.384	ch:i:284	st:Z:2026-07-16T01:06:13.882000+00:00	RG:Z:a40d6b40-d3ad-4fe7-8245-9c92f794f831_dna_r10.4.1_e8.2_400bps_sup@v5.2.0	DS:Z:gpu:NVIDIA GeForce RTX 4070 SUPER	PU:Z:FBG39641	DT:Z:2026-07-15T14:17:26.508000+00:00	tm:Z:adapter,primer
23	48d6eb27-5b65-4b68-b886-039aa3b18c66	qs:f:17.0589	ch:i:156	st:Z:2026-07-15T23:22:12.879000+00:00	RG:Z:a40d6b40-d3ad-4fe7-8245-9c92f794f831_dna_r10.4.1_e8.2_400bps_sup@v5.2.0	DS:Z:gpu:NVIDIA GeForce RTX 4070 SUPER	PU:Z:FBG39641	DT:Z:2026-07-15T14:17:26.508000+00:00	tm:Z:adapter,primer
24	cc24253d-7663-4812-b39a-860941336db3	qs:f:24.515	ch:i:192	st:Z:2026-07-15T21:34:09.346000+00:00	RG:Z:a40d6b40-d3ad-4fe7-8245-9c92f794f831_dna_r10.4.1_e8.2_400bps_sup@v5.2.0	DS:Z:gpu:NVIDIA GeForce RTX 4070 SUPER	PU:Z:FBG39641	DT:Z:2026-07-15T14:17:26.508000+00:00	tm:Z:adapter,primer rc
24	2aff808e-bda6-41ab-b06f-4067631e3388	qs:f:27.5788	ch:i:227	st:Z:2026-07-15T17:50:19.646000+00:00	RG:Z:a40d6b40-d3ad-4fe7-8245-9c92f794f831_dna_r10.4.1_e8.2_400bps_sup@v5.2.0	DS:Z:gpu:NVIDIA GeForce RTX 4070 SUPER	PU:Z:FBG39641	DT:Z:2026-07-15T14:17:26.508000+00:00	tm:Z:adapter,primer rc
24	7bc70757-4de6-4f1a-b842-772704715d0d	qs:f:26.0439	ch:i:477	st:Z:2026-07-15T14:39:16.514000+00:00	RG:Z:a40d6b40-d3ad-4fe7-8245-9c92f794f831_dna_r10.4.1_e8.2_400bps_sup@v5.2.0	DS:Z:gpu:NVIDIA GeForce RTX 4070 SUPER	PU:Z:FBG39641	DT:Z:2026-07-15T14:17:26.508000+00:00	tm:Z:none
24	c78c9c53-5896-4cce-b3c5-fbbd96e6f14b	qs:f:29.159	ch:i:66	st:Z:2026-07-15T16:24:00.534000+00:00	RG:Z:a40d6b40-d3ad-4fe7-8245-9c92f794f831_dna_r10.4.1_e8.2_400bps_sup@v5.2.0	DS:Z:gpu:NVIDIA GeForce RTX 4070 SUPER	PU:Z:FBG39641	DT:Z:2026-07-15T14:17:26.508000+00:00	tm:Z:adapter,primer rc
24	dd66a745-13f4-48c6-98fa-18fb3bcb46b3	qs:f:24.9839	ch:i:346	st:Z:2026-07-15T19:33:36.108000+00:00	RG:Z:a40d6b40-d3ad-4fe7-8245-9c92f794f831_dna_r10.4.1_e8.2_400bps_sup@v5.2.0	DS:Z:gpu:NVIDIA GeForce RTX 4070 SUPER	PU:Z:FBG39641	DT:Z:2026-07-15T14:17:26.508000+00:00	tm:Z:adapter,primer rc
24	c74309b5-4609-417a-a88f-6b78cd905551	qs:f:17.0795	ch:i:65	st:Z:2026-07-15T16:32:45.188000+00:00	RG:Z:a40d6b40-d3ad-4fe7-8245-9c92f794f831_dna_r10.4.1_e8.2_400bps_sup@v5.2.0	DS:Z:gpu:NVIDIA GeForce RTX 4070 SUPER	PU:Z:FBG39641	DT:Z:2026-07-15T14:17:26.508000+00:00	tm:Z:adapter,primer
24	3c1e98d1-6eda-4117-bf47-ba52ce4a47ee	qs:f:19.2729	ch:i:142	st:Z:2026-07-15T17:26:45.968000+00:00	RG:Z:a40d6b40-d3ad-4fe7-8245-9c92f794f831_dna_r10.4.1_e8.2_400bps_sup@v5.2.0	DS:Z:gpu:NVIDIA GeForce RTX 4070 SUPER	PU:Z:FBG39641	DT:Z:2026-07-15T14:17:26.508000+00:00	tm:Z:none rc
24	38d62f8f-ff15-4427-88be-43d6451608f7	qs:f:13.9768	ch:i:30	st:Z:2026-07-15T15:44:45.859000+00:00	RG:Z:a40d6b40-d3ad-4fe7-8245-9c92f794f831_dna_r10.4.1_e8.2_400bps_sup@v5.2.0	DS:Z:gpu:NVIDIA GeForce RTX 4070 SUPER	PU:Z:FBG39641	DT:Z:2026-07-15T14:17:26.508000+00:00	tm:Z:none
25	7e2e39a5-e1bb-4656-bbbe-a8d6570a11f4	qs:f:15.2712	ch:i:85	st:Z:2026-07-15T19:05:04.209000+00:00	RG:Z:a40d6b40-d3ad-4fe7-8245-9c92f794f831_dna_r10.4.1_e8.2_400bps_sup@v5.2.0	DS:Z:gpu:NVIDIA GeForce RTX 4070 SUPER	PU:Z:FBG39641	DT:Z:2026-07-15T14:17:26.508000+00:00	tm:Z:adapter,primer
25	dfc2ebeb-3c1e-47ec-8bb8-3bf8e3dc7681	qs:f:22.3307	ch:i:390	st:Z:2026-07-15T22:12:02.013000+00:00	RG:Z:a40d6b40-d3ad-4fe7-8245-9c92f794f831_dna_r10.4.1_e8.2_400bps_sup@v5.2.0	DS:Z:gpu:NVIDIA GeForce RTX 4070 SUPER	PU:Z:FBG39641	DT:Z:2026-07-15T14:17:26.508000+00:00	tm:Z:adapter,primer rc
25	55df7691-ebe0-4673-8c74-e1c6fab422fa	qs:f:18.5635	ch:i:194	st:Z:2026-07-15T18:59:25.419000+00:00	RG:Z:a40d6b40-d3ad-4fe7-8245-9c92f794f831_dna_r10.4.1_e8.2_400bps_sup@v5.2.0	DS:Z:gpu:NVIDIA GeForce RTX 4070 SUPER	PU:Z:FBG39641	DT:Z:2026-07-15T14:17:26.508000+00:00	tm:Z:adapter,primer rc
25	66c37e97-0a9e-4970-951a-958cc00dfc8a	qs:f:20.4554	ch:i:94	st:Z:2026-07-15T22:41:16.468000+00:00	RG:Z:a40d6b40-d3ad-4fe7-8245-9c92f794f831_dna_r10.4.1_e8.2_400bps_sup@v5.2.0	DS:Z:gpu:NVIDIA GeForce RTX 4070 SUPER	PU:Z:FBG39641	DT:Z:2026-07-15T14:17:26.508000+00:00	tm:Z:none
25	47a183f7-64a1-42d0-bd55-faccf190a660	qs:f:21.0654	ch:i:115	st:Z:2026-07-15T17:38:52.986000+00:00	RG:Z:a40d6b40-d3ad-4fe7-8245-9c92f794f831_dna_r10.4.1_e8.2_400bps_sup@v5.2.0	DS:Z:gpu:NVIDIA GeForce RTX 4070 SUPER	PU:Z:FBG39641	DT:Z:2026-07-15T14:17:26.508000+00:00	tm:Z:adapter,primer rc
25	b473dff1-41a0-4197-a94c-0299c51ca6e5	qs:f:20.7103	ch:i:33	st:Z:2026-07-15T22:28:06.209000+00:00	RG:Z:a40d6b40-d3ad-4fe7-8245-9c92f794f831_dna_r10.4.1_e8.2_400bps_sup@v5.2.0	DS:Z:gpu:NVIDIA GeForce RTX 4070 SUPER	PU:Z:FBG39641	DT:Z:2026-07-15T14:17:26.508000+00:00	tm:Z:adapter,primer rc
25	d1916351-a139-4c9e-8022-59f2cefc66f2	qs:f:14.3001	ch:i:393	st:Z:2026-07-16T00:07:23.555000+00:00	RG:Z:a40d6b40-d3ad-4fe7-8245-9c92f794f831_dna_r10.4.1_e8.2_400bps_sup@v5.2.0	DS:Z:gpu:NVIDIA GeForce RTX 4070 SUPER	PU:Z:FBG39641	DT:Z:2026-07-15T14:17:26.508000+00:00	tm:Z:none rc
26	9307b43d-6dd8-4209-b818-4f554798b563	qs:f:29.0247	ch:i:396	st:Z:2026-07-15T14:28:57.324000+00:00	RG:Z:a40d6b40-d3ad-4fe7-8245-9c92f794f831_dna_r10.4.1_e8.2_400bps_sup@v5.2.0	DS:Z:gpu:NVIDIA GeForce RTX 4070 SUPER	PU:Z:FBG39641	DT:Z:2026-07-15T14:17:26.508000+00:00	tm:Z:adapter,primer
26	c59fe229-1959-4da7-9c51-d9b825f5355e	qs:f:25.4591	ch:i:276	st:Z:2026-07-15T23:06:23.639000+00:00	RG:Z:a40d6b40-d3ad-4fe7-8245-9c92f794f831_dna_r10.4.1_e8.2_400bps_sup@v5.2.0	DS:Z:gpu:NVIDIA GeForce RTX 4070 SUPER	PU:Z:FBG39641	DT:Z:2026-07-15T14:17:26.508000+00:00	tm:Z:none rc
26	6824ec00-3987-45a0-a07c-f03d4784bef3	qs:f:14.3219	ch:i:438	st:Z:2026-07-15T21:47:28.964000+00:00	RG:Z:a40d6b40-d3ad-4fe7-8245-9c92f794f831_dna_r10.4.1_e8.2_400bps_sup@v5.2.0	DS:Z:gpu:NVIDIA GeForce RTX 4070 SUPER	PU:Z:FBG39641	DT:Z:2026-07-15T14:17:26.508000+00:00	tm:Z:adapter,primer
26	230979a9-7fa4-4e95-a591-6955819fe15f	qs:f:19.9474	ch:i:326	st:Z:2026-07-15T23:02:34.533000+00:00	RG:Z:a40d6b40-d3ad-4fe7-8245-9c92f794f831_dna_r10.4.1_e8.2_400bps_sup@v5.2.0	DS:Z:gpu:NVIDIA GeForce RTX 4070 SUPER	PU:Z:FBG39641	DT:Z:2026-07-15T14:17:26.508000+00:00	tm:Z:none
26	02e4f278-6d90-4ea0-9a4b-d02b4339e0d0	qs:f:18.8499	ch:i:204	st:Z:2026-07-15T17:00:58.573000+00:00	RG:Z:a40d6b40-d3ad-4fe7-8245-9c92f794f831_dna_r10.4.1_e8.2_400bps_sup@v5.2.0	DS:Z:gpu:NVIDIA GeForce RTX 4070 SUPER	PU:Z:FBG39641	DT:Z:2026-07-15T14:17:26.508000+00:00	tm:Z:adapter,primer rc
26	d586966e-adf2-433f-83e9-226f1e1d5e60	qs:f:17.5765	ch:i:85	st:Z:2026-07-15T19:25:07.778000+00:00	RG:Z:a40d6b40-d3ad-4fe7-8245-9c92f794f831_dna_r10.4.1_e8.2_400bps_sup@v5.2.0	DS:Z:gpu:NVIDIA GeForce RTX 4070 SUPER	PU:Z:FBG39641	DT:Z:2026-07-15T14:17:26.508000+00:00	tm:Z:adapter,primer
26	ed79a127-9aff-4841-b36c-23db6908b951	qs:f:14.8656	ch:i:269	st:Z:2026-07-15T15:34:59.680000+00:00	RG:Z:a40d6b40-d3ad-4fe7-8245-9c92f794f831_dna_r10.4.1_e8.2_400bps_sup@v5.2.0	DS:Z:gpu:NVIDIA GeForce RTX 4070 SUPER	PU:Z:FBG39641	DT:Z:2026-07-15T14:17:26.508000+00:00	tm:Z:adapter,primer
27	0f85c6ed-c5d0-48e2-8674-26c8bbb4fe8e	qs:f:19.0466	ch:i:33	st:Z:2026-07-15T19:52:05.701000+00:00	RG:Z:a40d6b40-d3ad-4fe7-8245-9c92f794f831_dna_r10.4.1_e8.2_400bps_sup@v5.2.0	DS:Z:gpu:NVIDIA GeForce RTX 4070 SUPER	PU:Z:FBG39641	DT:Z:2026-07-15T14:17:26.508000+00:00	tm:Z:none
27	ff9a39d2-ebb2-4032-b15c-307d5118bb86	qs:f:16.5642	ch:i:20	st:Z:2026-07-15T22:49:09.815000+00:00	RG:Z:a40d6b40-d3ad-4fe7-8245-9c92f794f831_dna_r10.4.1_e8.2_400bps_sup@v5.2.0	DS:Z:gpu:NVIDIA GeForce RTX 4070 SUPER	PU:Z:FBG39641	DT:Z:2026-07-15T14:17:26.508000+00:00	tm:Z:adapter,primer
27	cd4f3a48-550f-43ec-a89e-52a0f408465e	qs:f:12.8926	ch:i:159	st:Z:2026-07-15T19:26:53.744000+00:00	RG:Z:a40d6b40-d3ad-4fe7-8245-9c92f794f831_dna_r10.4.1_e8.2_400bps_sup@v5.2.0	DS:Z:gpu:NVIDIA GeForce RTX 4070 SUPER	PU:Z:FBG39641	DT:Z:2026-07-15T14:17:26.508000+00:00	tm:Z:adapter,primer
27	c3601691-da12-4431-93dc-0b571d3aa555	qs:f:14.1218	ch:i:341	st:Z:2026-07-15T20:20:14.644000+00:00	RG:Z:a40d6b40-d3ad-4fe7-8245-9c92f794f831_dna_r10.4.1_e8.2_400bps_sup@v5.2.0	DS:Z:gpu:NVIDIA GeForce RTX 4070 SUPER	PU:Z:FBG39641	DT:Z:2026-07-15T14:17:26.508000+00:00	tm:Z:adapter,primer
27	661d66b0-f83d-483d-a47b-d859f3f8ad29	qs:f:12.7891	ch:i:167	st:Z:2026-07-15T18:37:39.729000+00:00	RG:Z:a40d6b40-d3ad-4fe7-8245-9c92f794f831_dna_r10.4.1_e8.2_400bps_sup@v5.2.0	DS:Z:gpu:NVIDIA GeForce RTX 4070 SUPER	PU:Z:FBG39641	DT:Z:2026-07-15T14:17:26.508000+00:00	tm:Z:adapter,primer rc
27	f8a14f09-cfb7-4598-ba00-be80a7e477a9	qs:f:12.5904	ch:i:299	st:Z:2026-07-15T21:55:01.761000+00:00	RG:Z:a40d6b40-d3ad-4fe7-8245-9c92f794f831_dna_r10.4.1_e8.2_400bps_sup@v5.2.0	DS:Z:gpu:NVIDIA GeForce RTX 4070 SUPER	PU:Z:FBG39641	DT:Z:2026-07-15T14:17:26.508000+00:00	tm:Z:adapter,primer rc
27	637642fc-e3d8-4709-b901-5f6176fa539d	qs:f:8.99657	ch:i:144	st:Z:2026-07-15T18:34:24.594000+00:00	RG:Z:a40d6b40-d3ad-4fe7-8245-9c92f794f831_dna_r10.4.1_e8.2_400bps_sup@v5.2.0	DS:Z:gpu:NVIDIA GeForce RTX 4070 SUPER	PU:Z:FBG39641	DT:Z:2026-07-15T14:17:26.508000+00:00	tm:Z:adapter,primer rc
28	b67d20bb-d7e7-4bcb-91d8-4dcafc7603ed	qs:f:28.1236	ch:i:387	st:Z:2026-07-15T21:56:35.866000+00:00	RG:Z:a40d6b40-d3ad-4fe7-8245-9c92f794f831_dna_r10.4.1_e8.2_400bps_sup@v5.2.0	DS:Z:gpu:NVIDIA GeForce RTX 4070 SUPER	PU:Z:FBG39641	DT:Z:2026-07-15T14:17:26.508000+00:00	tm:Z:none
28	6bbc6ede-6425-4764-8bca-29b3e1423f9d	qs:f:19.3881	ch:i:110	st:Z:2026-07-15T17:03:46.868000+00:00	RG:Z:a40d6b40-d3ad-4fe7-8245-9c92f794f831_dna_r10.4.1_e8.2_400bps_sup@v5.2.0	DS:Z:gpu:NVIDIA GeForce RTX 4070 SUPER	PU:Z:FBG39641	DT:Z:2026-07-15T14:17:26.508000+00:00	tm:Z:none rc
28	8537aabe-8fe4-4f25-805a-7430e2bb5d21	qs:f:13.9686	ch:i:456	st:Z:2026-07-15T14:48:18.133000+00:00	RG:Z:a40d6b40-d3ad-4fe7-8245-9c92f794f831_dna_r10.4.1_e8.2_400bps_sup@v5.2.0	DS:Z:gpu:NVIDIA GeForce RTX 4070 SUPER	PU:Z:FBG39641	DT:Z:2026-07-15T14:17:26.508000+00:00	tm:Z:adapter,primer rc
28	ac28c08a-dc8c-41ad-9845-183d60f39436	qs:f:17.784	ch:i:326	st:Z:2026-07-15T16:46:59.969000+00:00	RG:Z:a40d6b40-d3ad-4fe7-8245-9c92f794f831_dna_r10.4.1_e8.2_400bps_sup@v5.2.0	DS:Z:gpu:NVIDIA GeForce RTX 4070 SUPER	PU:Z:FBG39641	DT:Z:2026-07-15T14:17:26.508000+00:00	tm:Z:none
28	47550bb0-198e-4d14-9aff-07b4d59ae9a0	qs:f:28.9583	ch:i:399	st:Z:2026-07-15T19:22:06.213000+00:00	RG:Z:a40d6b40-d3ad-4fe7-8245-9c92f794f831_dna_r10.4.1_e8.2_400bps_sup@v5.2.0	DS:Z:gpu:NVIDIA GeForce RTX 4070 SUPER	PU:Z:FBG39641	DT:Z:2026-07-15T14:17:26.508000+00:00	tm:Z:adapter,primer
28	a14eecbd-45b9-44c7-983a-dd52d4a292b2	qs:f:16.2669	ch:i:33	st:Z:2026-07-15T23:32:38.631000+00:00	RG:Z:a40d6b40-d3ad-4fe7-8245-9c92f794f831_dna_r10.4.1_e8.2_400bps_sup@v5.2.0	DS:Z:gpu:NVIDIA GeForce RTX 4070 SUPER	PU:Z:FBG39641	DT:Z:2026-07-15T14:17:26.508000+00:00	tm:Z:adapter,primer rc
29	abadd260-b876-4a16-91b3-3533ffc11a5c	qs:f:20.808	ch:i:375	st:Z:2026-07-15T16:43:10.465000+00:00	RG:Z:a40d6b40-d3ad-4fe7-8245-9c92f794f831_dna_r10.4.1_e8.2_400bps_sup@v5.2.0	DS:Z:gpu:NVIDIA GeForce RTX 4070 SUPER	PU:Z:FBG39641	DT:Z:2026-07-15T14:17:26.508000+00:00	tm:Z:none rc
29	8604f80d-557a-4b73-9232-632d54a3d9cc	qs:f:24.0221	ch:i:347	st:Z:2026-07-15T17:07:21.856000+00:00	RG:Z:a40d6b40-d3ad-4fe7-8245-9c92f794f831_dna_r10.4.1_e8.2_400bps_sup@v5.2.0	DS:Z:gpu:NVIDIA GeForce RTX 4070 SUPER	PU:Z:FBG39641	DT:Z:2026-07-15T14:17:26.508000+00:00	tm:Z:adapter,primer
29	38bd70ae-3e57-4df4-9689-dea13adeaa23	qs:f:15.7161	ch:i:147	st:Z:2026-07-15T18:44:44.603000+00:00	RG:Z:a40d6b40-d3ad-4fe7-8245-9c92f794f831_dna_r10.4.1_e8.2_400bps_sup@v5.2.0	DS:Z:gpu:NVIDIA GeForce RTX 4070 SUPER	PU:Z:FBG39641	DT:Z:2026-07-15T14:17:26.508000+00:00	tm:Z:none
29	509b4b9d-f324-496e-ac09-63a5911be45b	qs:f:17.8215	ch:i:389	st:Z:2026-07-15T23:23:19.641000+00:00	RG:Z:a40d6b40-d3ad-4fe7-8245-9c92f794f831_dna_r10.4.1_e8.2_400bps_sup@v5.2.0	DS:Z:gpu:NVIDIA GeForce RTX 4070 SUPER	PU:Z:FBG39641	DT:Z:2026-07-15T14:17:26.508000+00:00	tm:Z:none rc
29	47166766-d6da-42e6-bdfb-5a9fe7ee72a0	qs:f:13.9821	ch:i:314	st:Z:2026-07-15T15:03:08.536000+00:00	RG:Z:a40d6b40-d3ad-4fe7-8245-9c92f794f831_dna_r10.4.1_e8.2_400bps_sup@v5.2.0	DS:Z:gpu:NVIDIA GeForce RTX 4070 SUPER	PU:Z:FBG39641	DT:Z:2026-07-15T14:17:26.508000+00:00	tm:Z:adapter,primer rc
30	7e23f2d1-dd92-4f4d-9e26-65a143339762	qs:f:14.7125	ch:i:86	st:Z:2026-07-15T21:17:22.654000+00:00	RG:Z:a40d6b40-d3ad-4fe7-8245-9c92f794f831_dna_r10.4.1_e8.2_400bps_sup@v5.2.0	DS:Z:gpu:NVIDIA GeForce RTX 4070 SUPER	PU:Z:FBG39641	DT:Z:2026-07-15T14:17:26.508000+00:00	tm:Z:none rc
30	543974ef-73bd-40ff-88df-097b23a578f4	qs:f:18.9426	ch:i:126	st:Z:2026-07-15T22:58:21.659000+00:00	RG:Z:a40d6b40-d3ad-4fe7-8245-9c92f794f831_dna_r10.4.1_e8.2_400bps_sup@v5.2.0	DS:Z:gpu:NVIDIA GeForce RTX 4070 SUPER	PU:Z:FBG39641	DT:Z:2026-07-15T14:17:26.508000+00:00	tm:Z:adapter,primer
30	d755f8b6-3689-44ec-86c1-4253ff049a0d	qs:f:20.2269	ch:i:82	st:Z:2026-07-15T22:18:16.465000+00:00	RG:Z:a40d6b40-d3ad-4fe7-8245-9c92f794f831_dna_r10.4.1_e8.2_400bps_sup@v5.2.0	DS:Z:gpu:NVIDIA GeForce RTX 4070 SUPER	PU:Z:FBG39641	DT:Z:2026-07-15T14:17:26.508000+00:00	tm:Z:none
30	0c24bf9d-b1ec-429e-af2e-959ca04a1f27	qs:f:16.0446	ch:i:436	st:Z:2026-07-15T17:42:29.059000+00:00	RG:Z:a40d6b40-d3ad-4fe7-8245-9c92f794f831_dna_r10.4.1_e8.2_400bps_sup@v5.2.0	DS:Z:gpu:NVIDIA GeForce RTX 4070 SUPER	PU:Z:FBG39641	DT:Z:2026-07-15T14:17:26.508000+00:00	tm:Z:adapter,primer rc
30	d5486997-dc35-4115-9007-cc33261e9042	qs:f:12.0689	ch:i:326	st:Z:2026-07-15T17:22:38.391000+00:00	RG:Z:a40d6b40-d3ad-4fe7-8245-9c92f794f831_dna_r10.4.1_e8.2_400bps_sup@v5.2.0	DS:Z:gpu:NVIDIA GeForce RTX 4070 SUPER	PU:Z:FBG39641	DT:Z:2026-07-15T14:17:26.508000+00:00	tm:Z:adapter,primer
31	a0e81375-53a8-4021-a502-109834ac1576	qs:f:29.0518	ch:i:452	st:Z:2026-07-15T21:46:46.684000+00:00	RG:Z:a40d6b40-d3ad-4fe7-8245-9c92f794f831_dna_r10.4.1_e8.2_400bps_sup@v5.2.0	DS:Z:gpu:NVIDIA GeForce RTX 4070 SUPER	PU:Z:FBG39641	DT:Z:2026-07-15T14:17:26.508000+00:00	tm:Z:none rc
31	19f3b83f-c0b6-4250-a0e9-d68d15e83e34	qs:f:19.2772	ch:i:356	st:Z:2026-07-15T18:54:37.289000+00:00	RG:Z:a40d6b40-d3ad-4fe7-8245-9c92f794f831_dna_r10.4.1_e8.2_400bps_sup@v5.2.0	DS:Z:gpu:NVIDIA GeForce RTX 4070 SUPER	PU:Z:FBG39641	DT:Z:2026-07-15T14:17:26.508000+00:00	tm:Z:adapter,primer rc
31	1810385d-1a19-4c34-9fa9-d7b11ece904c	qs:f:23.4817	ch:i:145	st:Z:2026-07-16T02:10:06.680000+00:00	RG:Z:a40d6b40-d3ad-4fe7-8245-9c92f794f831_dna_r10.4.1_e8.2_400bps_sup@v5.2.0	DS:Z:gpu:NVIDIA GeForce RTX 4070 SUPER	PU:Z:FBG39641	DT:Z:2026-07-15T14:17:26.508000+00:00	tm:Z:adapter,primer
31	76b2bdae-8c31-40bb-8645-97a22e846c7e	qs:f:18.4555	ch:i:319	st:Z:2026-07-15T16:33:11.500000+00:00	RG:Z:a40d6b40-d3ad-4fe7-8245-9c92f794f831_dna_r10.4.1_e8.2_400bps_sup@v5.2.0	DS:Z:gpu:NVIDIA GeForce RTX 4070 SUPER	PU:Z:FBG39641	DT:Z:2026-07-15T14:17:26.508000+00:00	tm:Z:adapter,primer rc
31	35d28bba-fc3c-4ebe-aaa6-2d1f5b3b72e8	qs:f:18.2286	ch:i:26	st:Z:2026-07-15T15:39:23.699000+00:00	RG:Z:a40d6b40-d3ad-4fe7-8245-9c92f794f831_dna_r10.4.1_e8.2_400bps_sup@v5.2.0	DS:Z:gpu:NVIDIA GeForce RTX 4070 SUPER	PU:Z:FBG39641	DT:Z:2026-07-15T14:17:26.508000+00:00	tm:Z:adapter,primer rc
32	78bbbd1a-dd96-4ed9-a7fe-eb8fda39cbbc	qs:f:21.0384	ch:i:404	st:Z:2026-07-15T17:58:39.578000+00:00	RG:Z:a40d6b40-d3ad-4fe7-8245-9c92f794f831_dna_r10.4.1_e8.2_400bps_sup@v5.2.0	DS:Z:gpu:NVIDIA GeForce RTX 4070 SUPER	PU:Z:FBG39641	DT:Z:2026-07-15T14:17:26.508000+00:00	tm:Z:adapter,primer
32	01beb25b-ab5c-41c0-8dd3-96803f6a8f95	qs:f:19.4501	ch:i:243	st:Z:2026-07-16T02:09:34.720000+00:00	RG:Z:a40d6b40-d3ad-4fe7-8245-9c92f794f831_dna_r10.4.1_e8.2_400bps_sup@v5.2.0	DS:Z:gpu:NVIDIA GeForce RTX 4070 SUPER	PU:Z:FBG39641	DT:Z:2026-07-15T14:17:26.508000+00:00	tm:Z:adapter,primer
32	684fb493-2d28-4dab-af85-0155c367d284	qs:f:19.9578	ch:i:224	st:Z:2026-07-16T01:19:12.386000+00:00	RG:Z:a40d6b40-d3ad-4fe7-8245-9c92f794f831_dna_r10.4.1_e8.2_400bps_sup@v5.2.0	DS:Z:gpu:NVIDIA GeForce RTX 4070 SUPER	PU:Z:FBG39641	DT:Z:2026-07-15T14:17:26.508000+00:00	tm:Z:adapter,primer rc
32	455e8e59-aabd-4361-8576-5350259263d0	qs:f:16.317	ch:i:74	st:Z:2026-07-15T18:32:13.421000+00:00	RG:Z:a40d6b40-d3ad-4fe7-8245-9c92f794f831_dna_r10.4.1_e8.2_400bps_sup@v5.2.0	DS:Z:gpu:NVIDIA GeForce RTX 4070 SUPER	PU:Z:FBG39641	DT:Z:2026-07-15T14:17:26.508000+00:00	tm:Z:none rc
32	0c54c974-95f6-49b9-b808-48fbaa0c9647	qs:f:19.0793	ch:i:116	st:Z:2026-07-15T20:25:57.411000+00:00	RG:Z:a40d6b40-d3ad-4fe7-8245-9c92f794f831_dna_r10.4.1_e8.2_400bps_sup@v5.2.0	DS:Z:gpu:NVIDIA GeForce RTX 4070 SUPER	PU:Z:FBG39641	DT:Z:2026-07-15T14:17:26.508000+00:00	tm:Z:adapter,primer rc
33	a5263779-5e25-4fd7-a7ff-7ede2b820c41	qs:f:19.2569	ch:i:74	st:Z:2026-07-15T17:12:58.886000+00:00	RG:Z:a40d6b40-d3ad-4fe7-8245-9c92f794f831_dna_r10.4.1_e8.2_400bps_sup@v5.2.0	DS:Z:gpu:NVIDIA GeForce RTX 4070 SUPER	PU:Z:FBG39641	DT:Z:2026-07-15T14:17:26.508000+00:00	tm:Z:adapter,primer rc
33	2080d746-06ba-4523-ae99-3222cecbd5ed	qs:f:23.736	ch:i:316	st:Z:2026-07-15T20:34:10.477000+00:00	RG:Z:a40d6b40-d3ad-4fe7-8245-9c92f794f831_dna_r10.4.1_e8.2_400bps_sup@v5.2.0	DS:Z:gpu:NVIDIA GeForce RTX 4070 SUPER	PU:Z:FBG39641	DT:Z:2026-07-15T14:17:26.508000+00:00	tm:Z:none
33	17d9c30d-6700-48b0-a618-f91a25305e41	qs:f:16.0658	ch:i:452	st:Z:2026-07-15T17:42:31.258000+00:00	RG:Z:a40d6b40-d3ad-4fe7-8245-9c92f794f831_dna_r10.4.1_e8.2_400bps_sup@v5.2.0	DS:Z:gpu:NVIDIA GeForce RTX 4070 SUPER	PU:Z:FBG39641	DT:Z:2026-07-15T14:17:26.508000+00:00	tm:Z:adapter,primer rc
33	ff06d35d-f0fb-45f6-8eb4-3dd2849ca921	qs:f:13.6514	ch:i:17	st:Z:2026-07-15T18:14:51.788000+00:00	RG:Z:a40d6b40-d3ad-4fe7-8245-9c92f794f831_dna_r10.4.1_e8.2_400bps_sup@v5.2.0	DS:Z:gpu:NVIDIA GeForce RTX 4070 SUPER	PU:Z:FBG39641	DT:Z:2026-07-15T14:17:26.508000+00:00	tm:Z:adapter,primer
34	9b6f0b48-e09b-4749-ad03-2cbbf3fdb452	qs:f:33.4021	ch:i:511	st:Z:2026-07-15T15:30:08.043000+00:00	RG:Z:a40d6b40-d3ad-4fe7-8245-9c92f794f831_dna_r10.4.1_e8.2_400bps_sup@v5.2.0	DS:Z:gpu:NVIDIA GeForce RTX 4070 SUPER	PU:Z:FBG39641	DT:Z:2026-07-15T14:17:26.508000+00:00	tm:Z:adapter,primer
34	d0695a3a-067b-4e20-885d-f8fabd28cd7e	qs:f:28.0256	ch:i:192	st:Z:2026-07-15T19:35:16.105000+00:00	RG:Z:a40d6b40-d3ad-4fe7-8245-9c92f794f831_dna_r10.4.1_e8.2_400bps_sup@v5.2.0	DS:Z:gpu:NVIDIA GeForce RTX 4070 SUPER	PU:Z:FBG39641	DT:Z:2026-07-15T14:17:26.508000+00:00	tm:Z:none rc
34	966339e1-7865-45ab-8abe-54eb5d0bbf3d	qs:f:33.4242	ch:i:98	st:Z:2026-07-15T15:38:38.627000+00:00	RG:Z:a40d6b40-d3ad-4fe7-8245-9c92f794f831_dna_r10.4.1_e8.2_400bps_sup@v5.2.0	DS:Z:gpu:NVIDIA GeForce RTX 4070 SUPER	PU:Z:FBG39641	DT:Z:2026-07-15T14:17:26.508000+00:00	tm:Z:adapter,primer rc
34	7aae8ef1-0c13-48f2-9944-8efde5a6eb65	qs:f:23.6948	ch:i:336	st:Z:2026-07-15T14:25:33.943000+00:00	RG:Z:a40d6b40-d3ad-4fe7-8245-9c92f794f831_dna_r10.4.1_e8.2_400bps_sup@v5.2.0	DS:Z:gpu:NVIDIA GeForce RTX 4070 SUPER	PU:Z:FBG39641	DT:Z:2026-07-15T14:17:26.508000+00:00	tm:Z:adapter,primer rc
35	eb5ef1aa-55c1-4941-857b-e76686b9d453	qs:f:30.2399	ch:i:277	st:Z:2026-07-15T14:50:25.698000+00:00	RG:Z:a40d6b40-d3ad-4fe7-8245-9c92f794f831_dna_r10.4.1_e8.2_400bps_sup@v5.2.0	DS:Z:gpu:NVIDIA GeForce RTX 4070 SUPER	PU:Z:FBG39641	DT:Z:2026-07-15T14:17:26.508000+00:00	tm:Z:none rc
35	a28dba3c-e885-4bae-abc4-249bf753af22	qs:f:27.5572	ch:i:276	st:Z:2026-07-15T15:00:53.309000+00:00	RG:Z:a40d6b40-d3ad-4fe7-8245-9c92f794f831_dna_r10.4.1_e8.2_400bps_sup@v5.2.0	DS:Z:gpu:NVIDIA GeForce RTX 4070 SUPER	PU:Z:FBG39641	DT:Z:2026-07-15T14:17:26.508000+00:00	tm:Z:adapter,primer
35	aa171fec-cf5a-4dc0-9054-fff59fa96c00	qs:f:24.9314	ch:i:351	st:Z:2026-07-15T23:34:40.954000+00:00	RG:Z:a40d6b40-d3ad-4fe7-8245-9c92f794f831_dna_r10.4.1_e8.2_400bps_sup@v5.2.0	DS:Z:gpu:NVIDIA GeForce RTX 4070 SUPER	PU:Z:FBG39641	DT:Z:2026-07-15T14:17:26.508000+00:00	tm:Z:adapter,primer rc
35	0b654656-1f8c-40e2-99b5-e1ab960a6fd6	qs:f:16.6287	ch:i:227	st:Z:2026-07-15T16:09:28.683000+00:00	RG:Z:a40d6b40-d3ad-4fe7-8245-9c92f794f831_dna_r10.4.1_e8.2_400bps_sup@v5.2.0	DS:Z:gpu:NVIDIA GeForce RTX 4070 SUPER	PU:Z:FBG39641	DT:Z:2026-07-15T14:17:26.508000+00:00	tm:Z:adapter,primer
36	f5b1a2be-2def-4167-a475-aabdca8e7b26	qs:f:24.0288	ch:i:212	st:Z:2026-07-15T16:17:07.698000+00:00	RG:Z:a40d6b40-d3ad-4fe7-8245-9c92f794f831_dna_r10.4.1_e8.2_400bps_sup@v5.2.0	DS:Z:gpu:NVIDIA GeForce RTX 4070 SUPER	PU:Z:FBG39641	DT:Z:2026-07-15T14:17:26.508000+00:00	tm:Z:none rc
36	b0f70aa2-861a-4f07-ae36-814f981c9ff8	qs:f:18.6876	ch:i:40	st:Z:2026-07-16T01:12:29.987000+00:00	RG:Z:a40d6b40-d3ad-4fe7-8245-9c92f794f831_dna_r10.4.1_e8.2_400bps_sup@v5.2.0	DS:Z:gpu:NVIDIA GeForce RTX 4070 SUPER	PU:Z:FBG39641	DT:Z:2026-07-15T14:17:26.508000+00:00	tm:Z:none rc
36	2d7dd7c8-2586-4280-bc7e-9a0364efb141	qs:f:18.5644	ch:i:274	st:Z:2026-07-15T17:45:56.845000+00:00	RG:Z:a40d6b40-d3ad-4fe7-8245-9c92f794f831_dna_r10.4.1_e8.2_400bps_sup@v5.2.0	DS:Z:gpu:NVIDIA GeForce RTX 4070 SUPER	PU:Z:FBG39641	DT:Z:2026-07-15T14:17:26.508000+00:00	tm:Z:adapter,primer rc
36	66978b7c-82d5-4d92-8f79-8eb1ba71f275	qs:f:26.2908	ch:i:446	st:Z:2026-07-15T19:34:24.886000+00:00	RG:Z:a40d6b40-d3ad-4fe7-8245-9c92f794f831_dna_r10.4.1_e8.2_400bps_sup@v5.2.0	DS:Z:gpu:NVIDIA GeForce RTX 4070 SUPER	PU:Z:FBG39641	DT:Z:2026-07-15T14:17:26.508000+00:00	tm:Z:adapter,primer
37	8f066e39-7e59-4343-9e5a-72a9731b9738	qs:f:27.3493	ch:i:452	st:Z:2026-07-15T23:02:18.192000+00:00	RG:Z:a40d6b40-d3ad-4fe7-8245-9c92f794f831_dna_r10.4.1_e8.2_400bps_sup@v5.2.0	DS:Z:gpu:NVIDIA GeForce RTX 4070 SUPER	PU:Z:FBG39641	DT:Z:2026-07-15T14:17:26.508000+00:00	tm:Z:adapter,primer
37	2a4c145a-b247-4709-84f8-daa0aaa6e621	qs:f:23.3871	ch:i:344	st:Z:2026-07-15T20:56:21.808000+00:00	RG:Z:a40d6b40-d3ad-4fe7-8245-9c92f794f831_dna_r10.4.1_e8.2_400bps_sup@v5.2.0	DS:Z:gpu:NVIDIA GeForce RTX 4070 SUPER	PU:Z:FBG39641	DT:Z:2026-07-15T14:17:26.508000+00:00	tm:Z:adapter,primer
37	64cfa4c5-8a4d-4120-bfc8-fe0f5d3d798e	qs:f:16.5959	ch:i:300	st:Z:2026-07-15T18:16:37.906000+00:00	RG:Z:a40d6b40-d3ad-4fe7-8245-9c92f794f831_dna_r10.4.1_e8.2_400bps_sup@v5.2.0	DS:Z:gpu:NVIDIA GeForce RTX 4070 SUPER	PU:Z:FBG39641	DT:Z:2026-07-15T14:17:26.508000+00:00	tm:Z:none
37	dc8e832e-302f-49ef-abe4-f945abeb2d1b	qs:f:10.1655	ch:i:96	st:Z:2026-07-15T20:51:17.853000+00:00	RG:Z:a40d6b40-d3ad-4fe7-8245-9c92f794f831_dna_r10.4.1_e8.2_400bps_sup@v5.2.0	DS:Z:gpu:NVIDIA GeForce RTX 4070 SUPER	PU:Z:FBG39641	DT:Z:2026-07-15T14:17:26.508000+00:00	tm:Z:adapter,primer rc
38	0c0bd486-d10c-4c47-a414-0c12d231cfae	qs:f:22.0167	ch:i:158	st:Z:2026-07-15T16:59:35.545000+00:00	RG:Z:a40d6b40-d3ad-4fe7-8245-9c92f794f831_dna_r10.4.1_e8.2_400bps_sup@v5.2.0	DS:Z:gpu:NVIDIA GeForce RTX 4070 SUPER	PU:Z:FBG39641	DT:Z:2026-07-15T14:17:26.508000+00:00	tm:Z:adapter,primer
38	d4feff54-f490-4ccf-8b49-70688b6599cd	qs:f:27.3038	ch:i:399	st:Z:2026-07-15T16:32:23.815000+00:00	RG:Z:a40d6b40-d3ad-4fe7-8245-9c92f794f831_dna_r10.4.1_e8.2_400bps_sup@v5.2.0	DS:Z:gpu:NVIDIA GeForce RTX 4070 SUPER	PU:Z:FBG39641	DT:Z:2026-07-15T14:17:26.508000+00:00	tm:Z:none
38	b74aed70-b129-41fd-9459-4256398fb5ea	qs:f:17.8467	ch:i:398	st:Z:2026-07-16T00:22:38.964000+00:00	RG:Z:a40d6b40-d3ad-4fe7-8245-9c92f794f831_dna_r10.4.1_e8.2_400bps_sup@v5.2.0	DS:Z:gpu:NVIDIA GeForce RTX 4070 SUPER	PU:Z:FBG39641	DT:Z:2026-07-15T14:17:26.508000+00:00	tm:Z:adapter,primer rc
38	b76127db-c806-4251-b809-525333a70d6b	qs:f:15.7158	ch:i:446	st:Z:2026-07-15T21:39:26.544000+00:00	RG:Z:a40d6b40-d3ad-4fe7-8245-9c92f794f831_dna_r10.4.1_e8.2_400bps_sup@v5.2.0	DS:Z:gpu:NVIDIA GeForce RTX 4070 SUPER	PU:Z:FBG39641	DT:Z:2026-07-15T14:17:26.508000+00:00	tm:Z:adapter,primer rc
39	be62b46f-03a4-433f-b4af-79fae3c1240a	qs:f:22.0125	ch:i:209	st:Z:2026-07-15T18:54:26.056000+00:00	RG:Z:a40d6b40-d3ad-4fe7-8245-9c92f794f831_dna_r10.4.1_e8.2_400bps_sup@v5.2.0	DS:Z:gpu:NVIDIA GeForce RTX 4070 SUPER	PU:Z:FBG39641	DT:Z:2026-07-15T14:17:26.508000+00:00	tm:Z:adapter,primer
39	74acb17e-b030-4ce0-a049-431d8401c63c	qs:f:26.3732	ch:i:126	st:Z:2026-07-15T15:08:56.012000+00:00	RG:Z:a40d6b40-d3ad-4fe7-8245-9c92f794f831_dna_r10.4.1_e8.2_400bps_sup@v5.2.0	DS:Z:gpu:NVIDIA GeForce RTX 4070 SUPER	PU:Z:FBG39641	DT:Z:2026-07-15T14:17:26.508000+00:00	tm:Z:adapter,primer
39	4971c568-358e-41c8-ab7e-61a9724e0458	qs:f:27.5981	ch:i:427	st:Z:2026-07-16T01:43:38.308000+00:00	RG:Z:a40d6b40-d3ad-4fe7-8245-9c92f794f831_dna_r10.4.1_e8.2_400bps_sup@v5.2.0	DS:Z:gpu:NVIDIA GeForce RTX 4070 SUPER	PU:Z:FBG39641	DT:Z:2026-07-15T14:17:26.508000+00:00	tm:Z:none rc
39	6aa06bce-fec4-4d65-b063-e2541258d359	qs:f:22.5942	ch:i:440	st:Z:2026-07-15T15:38:14.719000+00:00	RG:Z:a40d6b40-d3ad-4fe7-8245-9c92f794f831_dna_r10.4.1_e8.2_400bps_sup@v5.2.0	DS:Z:gpu:NVIDIA GeForce RTX 4070 SUPER	PU:Z:FBG39641	DT:Z:2026-07-15T14:17:26.508000+00:00	tm:Z:adapter,primer
40	b82dc5a3-0987-4516-93b8-a9bbf2cd328d	qs:f:26.2804	ch:i:153	st:Z:2026-07-15T17:12:04.703000+00:00	RG:Z:a40d6b40-d3ad-4fe7-8245-9c92f794f831_dna_r10.4.1_e8.2_400bps_sup@v5.2.0	DS:Z:gpu:NVIDIA GeForce RTX 4070 SUPER	PU:Z:FBG39641	DT:Z:2026-07-15T14:17:26.508000+00:00	tm:Z:none rc
40	59015a02-83ea-441f-bdb4-f105d25f458c	qs:f:23.8236	ch:i:357	st:Z:2026-07-15T23:25:31.565000+00:00	RG:Z:a40d6b40-d3ad-4fe7-8245-9c92f794f831_dna_r10.4.1_e8.2_400bps_sup@v5.2.0	DS:Z:gpu:NVIDIA GeForce RTX 4070 SUPER	PU:Z:FBG39641	DT:Z:2026-07-15T14:17:26.508000+00:00	tm:Z:adapter,primer rc
40	6c1662e4-dc12-4c02-8839-293a069959b6	qs:f:21.9628	ch:i:475	st:Z:2026-07-15T20:57:58.141000+00:00	RG:Z:a40d6b40-d3ad-4fe7-8245-9c92f794f831_dna_r10.4.1_e8.2_400bps_sup@v5.2.0	DS:Z:gpu:NVIDIA GeForce RTX 4070 SUPER	PU:Z:FBG39641	DT:Z:2026-07-15T14:17:26.508000+00:00	tm:Z:none rc
40	f7110213-b680-49e3-ad66-1572567f4167	qs:f:20.2496	ch:i:34	st:Z:2026-07-15T23:47:16.454000+00:00	RG:Z:a40d6b40-d3ad-4fe7-8245-9c92f794f831_dna_r10.4.1_e8.2_400bps_sup@v5.2.0	DS:Z:gpu:NVIDIA GeForce RTX 4070 SUPER	PU:Z:FBG39641	DT:Z:2026-07-15T14:17:26.508000+00:00	tm:Z:adapter,primer rc
41	540d2003-e3c4-4f8f-a4bc-21c53470dd62	qs:f:30.6257	ch:i:132	st:Z:2026-07-16T01:26:33.620000+00:00	RG:Z:a40d6b40-d3ad-4fe7-8245-9c92f794f831_dna_r10.4.1_e8.2_400bps_sup@v5.2.0	DS:Z:gpu:NVIDIA GeForce RTX 4070 SUPER	PU:Z:FBG39641	DT:Z:2026-07-15T14:17:26.508000+00:00	tm:Z:adapter,primer
41	5fb91efe-b21c-40df-b3b6-e8a15525587f	qs:f:15.6628	ch:i:212	st:Z:2026-07-15T17:13:42.738000+00:00	RG:Z:a40d6b40-d3ad-4fe7-8245-9c92f794f831_dna_r10.4.1_e8.2_400bps_sup@v5.2.0	DS:Z:gpu:NVIDIA GeForce RTX 4070 SUPER	PU:Z:FBG39641	DT:Z:2026-07-15T14:17:26.508000+00:00	tm:Z:none
41	3888be44-c4a0-4629-a67a-5b22305db906	qs:f:20.4183	ch:i:378	st:Z:2026-07-15T19:25:22.253000+00:00	RG:Z:a40d6b40-d3ad-4fe7-8245-9c92f794f831_dna_r10.4.1_e8.2_400bps_sup@v5.2.0	DS:Z:gpu:NVIDIA GeForce RTX 4070 SUPER	PU:Z:FBG39641	DT:Z:2026-07-15T14:17:26.508000+00:00	tm:Z:adapter,primer
41	0445470c-b991-4efe-b7e6-08f9d2b04e82	qs:f:15.2799	ch:i:457	st:Z:2026-07-15T23:02:23.680000+00:00	RG:Z:a40d6b40-d3ad-4fe7-8245-9c92f794f831_dna_r10.4.1_e8.2_400bps_sup@v5.2.0	DS:Z:gpu:NVIDIA GeForce RTX 4070 SUPER	PU:Z:FBG39641	DT:Z:2026-07-15T14:17:26.508000+00:00	tm:Z:adapter,primer
42	3e85bb59-feac-418b-8b64-0bddda920bdc	qs:f:20.1746	ch:i:129	st:Z:2026-07-15T22:48:20.894000+00:00	RG:Z:a40d6b40-d3ad-4fe7-8245-9c92f794f831_dna_r10.4.1_e8.2_400bps_sup@v5.2.0	DS:Z:gpu:NVIDIA GeForce RTX 4070 SUPER	PU:Z:FBG39641	DT:Z:2026-07-15T14:17:26.508000+00:00	tm:Z:adapter,primer
42	9769ad30-3750-4ee2-ab14-aa3f8af407bd	qs:f:19.6538	ch:i:333	st:Z:2026-07-15T15:08:26.167000+00:00	RG:Z:a40d6b40-d3ad-4fe7-8245-9c92f794f831_dna_r10.4.1_e8.2_400bps_sup@v5.2.0	DS:Z:gpu:NVIDIA GeForce RTX 4070 SUPER	PU:Z:FBG39641	DT:Z:2026-07-15T14:17:26.508000+00:00	tm:Z:adapter,primer rc
42	c4232b5d-3a4e-458f-ac6f-99506180a0a0	qs:f:18.3878	ch:i:281	st:Z:2026-07-15T22:11:28.134000+00:00	RG:Z:a40d6b40-d3ad-4fe7-8245-9c92f794f831_dna_r10.4.1_e8.2_400bps_sup@v5.2.0	DS:Z:gpu:NVIDIA GeForce RTX 4070 SUPER	PU:Z:FBG39641	DT:Z:2026-07-15T14:17:26.508000+00:00	tm:Z:adapter,primer rc
42	0bafe665-5b62-4078-b5c3-400c548c0adb	qs:f:12.7002	ch:i:226	st:Z:2026-07-15T16:48:01.511000+00:00	RG:Z:a40d6b40-d3ad-4fe7-8245-9c92f794f831_dna_r10.4.1_e8.2_400bps_sup@v5.2.0	DS:Z:gpu:NVIDIA GeForce RTX 4070 SUPER	PU:Z:FBG39641	DT:Z:2026-07-15T14:17:26.508000+00:00	tm:Z:none
43	8d5d00a7-0105-46cc-9314-103a78fbc7f8	qs:f:25.9224	ch:i:394	st:Z:2026-07-15T14:31:19.493000+00:00	RG:Z:a40d6b40-d3ad-4fe7-8245-9c92f794f831_dna_r10.4.1_e8.2_400bps_sup@v5.2.0	DS:Z:gpu:NVIDIA GeForce RTX 4070 SUPER	PU:Z:FBG39641	DT:Z:2026-07-15T14:17:26.508000+00:00	tm:Z:adapter,primer rc
43	0204a697-3ed7-4c71-a28f-9be890367247	qs:f:16.8433	ch:i:332	st:Z:2026-07-15T15:44:18.858000+00:00	RG:Z:a40d6b40-d3ad-4fe7-8245-9c92f794f831_dna_r10.4.1_e8.2_400bps_sup@v5.2.0	DS:Z:gpu:NVIDIA GeForce RTX 4070 SUPER	PU:Z:FBG39641	DT:Z:2026-07-15T14:17:26.508000+00:00	tm:Z:none rc
43	1b0a5ee4-5f0a-47a4-8531-adf9c6216fac	qs:f:17.689	ch:i:456	st:Z:2026-07-15T17:47:54.561000+00:00	RG:Z:a40d6b40-d3ad-4fe7-8245-9c92f794f831_dna_r10.4.1_e8.2_400bps_sup@v5.2.0	DS:Z:gpu:NVIDIA GeForce RTX 4070 SUPER	PU:Z:FBG39641	DT:Z:2026-07-15T14:17:26.508000+00:00	tm:Z:adapter,primer rc
44	fca3bc55-f154-4877-95f6-4e5964f22ab2	qs:f:25.4749	ch:i:207	st:Z:2026-07-15T14:26:14.607000+00:00	RG:Z:a40d6b40-d3ad-4fe7-8245-9c92f794f831_dna_r10.4.1_e8.2_400bps_sup@v5.2.0	DS:Z:gpu:NVIDIA GeForce RTX 4070 SUPER	PU:Z:FBG39641	DT:Z:2026-07-15T14:17:26.508000+00:00	tm:Z:none
44	beef51d2-6863-481f-bfa5-3343ede34447	qs:f:27.2495	ch:i:248	st:Z:2026-07-15T21:20:09.807000+00:00	RG:Z:a40d6b40-d3ad-4fe7-8245-9c92f794f831_dna_r10.4.1_e8.2_400bps_sup@v5.2.0	DS:Z:gpu:NVIDIA GeForce RTX 4070 SUPER	PU:Z:FBG39641	DT:Z:2026-07-15T14:17:26.508000+00:00	tm:Z:none
44	e4fd7616-2a19-4ad1-a5a0-15ecafa45fe1	qs:f:22.6234	ch:i:395	st:Z:2026-07-15T23:35:24.632000+00:00	RG:Z:a40d6b40-d3ad-4fe7-8245-9c92f794f831_dna_r10.4.1_e8.2_400bps_sup@v5.2.0	DS:Z:gpu:NVIDIA GeForce RTX 4070 SUPER	PU:Z:FBG39641	DT:Z:2026-07-15T14:17:26.508000+00:00	tm:Z:none
45	2708e618-9196-454e-bd0f-eb12e669b0cf	qs:f:26.416	ch:i:341	st:Z:2026-07-15T15:17:47.957000+00:00	RG:Z:a40d6b40-d3ad-4fe7-8245-9c92f794f831_dna_r10.4.1_e8.2_400bps_sup@v5.2.0	DS:Z:gpu:NVIDIA GeForce RTX 4070 SUPER	PU:Z:FBG39641	DT:Z:2026-07-15T14:17:26.508000+00:00	tm:Z:adapter,primer
45	0fed57a2-3ce6-412e-9761-4e1d53ff8a89	qs:f:32.2569	ch:i:268	st:Z:2026-07-15T21:15:43.582000+00:00	RG:Z:a40d6b40-d3ad-4fe7-8245-9c92f794f831_dna_r10.4.1_e8.2_400bps_sup@v5.2.0	DS:Z:gpu:NVIDIA GeForce RTX 4070 SUPER	PU:Z:FBG39641	DT:Z:2026-07-15T14:17:26.508000+00:00	tm:Z:adapter,primer rc
45	63c2ead0-1060-4584-a3d2-8e6bcaf2bd76	qs:f:19.119	ch:i:201	st:Z:2026-07-15T21:55:35.632000+00:00	RG:Z:a40d6b40-d3ad-4fe7-8245-9c92f794f831_dna_r10.4.1_e8.2_400bps_sup@v5.2.0	DS:Z:gpu:NVIDIA GeForce RTX 4070 SUPER	PU:Z:FBG39641	DT:Z:2026-07-15T14:17:26.508000+00:00	tm:Z:adapter,primer
46	9c74ddb1-2cb5-45ef-85e8-ad7f245632f5	qs:f:28.7128	ch:i:387	st:Z:2026-07-15T20:10:41.995000+00:00	RG:Z:a40d6b40-d3ad-4fe7-8245-9c92f794f831_dna_r10.4.1_e8.2_400bps_sup@v5.2.0	DS:Z:gpu:NVIDIA GeForce RTX 4070 SUPER	PU:Z:FBG39641	DT:Z:2026-07-15T14:17:26.508000+00:00	tm:Z:adapter,primer
46	9958ccd2-737c-4e09-8c17-228ce0941c6f	qs:f:26.7139	ch:i:289	st:Z:2026-07-15T18:36:09.601000+00:00	RG:Z:a40d6b40-d3ad-4fe7-8245-9c92f794f831_dna_r10.4.1_e8.2_400bps_sup@v5.2.0	DS:Z:gpu:NVIDIA GeForce RTX 4070 SUPER	PU:Z:FBG39641	DT:Z:2026-07-15T14:17:26.508000+00:00	tm:Z:adapter,primer
46	47ae09bf-387e-4fec-8dce-5a4803e707a9	qs:f:14.698	ch:i:53	st:Z:2026-07-15T22:16:09.170000+00:00	RG:Z:a40d6b40-d3ad-4fe7-8245-9c92f794f831_dna_r10.4.1_e8.2_400bps_sup@v5.2.0	DS:Z:gpu:NVIDIA GeForce RTX 4070 SUPER	PU:Z:FBG39641	DT:Z:2026-07-15T14:17:26.508000+00:00	tm:Z:none rc
47	666d7bda-17d3-4e1c-9a34-6090c45113bd	qs:f:20.2367	ch:i:86	st:Z:2026-07-15T15:31:11.007000+00:00	RG:Z:a40d6b40-d3ad-4fe7-8245-9c92f794f831_dna_r10.4.1_e8.2_400bps_sup@v5.2.0	DS:Z:gpu:NVIDIA GeForce RTX 4070 SUPER	PU:Z:FBG39641	DT:Z:2026-07-15T14:17:26.508000+00:00	tm:Z:adapter,primer
47	0af8420f-566e-49ae-85b1-c930de4873ed	qs:f:16.9356	ch:i:63	st:Z:2026-07-15T16:58:51.006000+00:00	RG:Z:a40d6b40-d3ad-4fe7-8245-9c92f794f831_dna_r10.4.1_e8.2_400bps_sup@v5.2.0	DS:Z:gpu:NVIDIA GeForce RTX 4070 SUPER	PU:Z:FBG39641	DT:Z:2026-07-15T14:17:26.508000+00:00	tm:Z:adapter,primer
47	ca6f6da7-639e-41a0-a23b-327996f6b42d	qs:f:12.688	ch:i:456	st:Z:2026-07-15T19:25:38.170000+00:00	RG:Z:a40d6b40-d3ad-4fe7-8245-9c92f794f831_dna_r10.4.1_e8.2_400bps_sup@v5.2.0	DS:Z:gpu:NVIDIA GeForce RTX 4070 SUPER	PU:Z:FBG39641	DT:Z:2026-07-15T14:17:26.508000+00:00	tm:Z:adapter,primer
48	660bb7bc-3fab-4d25-8eb9-241ce86af8d2	qs:f:25.9287	ch:i:327	st:Z:2026-07-16T01:28:10.319000+00:00	RG:Z:a40d6b40-d3ad-4fe7-8245-9c92f794f831_dna_r10.4.1_e8.2_400bps_sup@v5.2.0	DS:Z:gpu:NVIDIA GeForce RTX 4070 SUPER	PU:Z:FBG39641	DT:Z:2026-07-15T14:17:26.508000+00:00	tm:Z:adapter,primer rc
48	e6d793fe-2801-4a07-a422-f0b41e0c7a22	qs:f:30.8957	ch:i:310	st:Z:2026-07-15T15:49:45.500000+00:00	RG:Z:a40d6b40-d3ad-4fe7-8245-9c92f794f831_dna_r10.4.1_e8.2_400bps_sup@v5.2.0	DS:Z:gpu:NVIDIA GeForce RTX 4070 SUPER	PU:Z:FBG39641	DT:Z:2026-07-15T14:17:26.508000+00:00	tm:Z:adapter,primer rc
48	7c2231fb-2d59-4128-91b0-90a4eb1ac8ed	qs:f:16.0914	ch:i:125	st:Z:2026-07-15T17:06:44.567000+00:00	RG:Z:a40d6b40-d3ad-4fe7-8245-9c92f794f831_dna_r10.4.1_e8.2_400bps_sup@v5.2.0	DS:Z:gpu:NVIDIA GeForce RTX 4070 SUPER	PU:Z:FBG39641	DT:Z:2026-07-15T14:17:26.508000+00:00	tm:Z:adapter,primer rc
49	12f98d2a-9bdb-4e1d-a7c9-342289a6df21	qs:f:20.2757	ch:i:457	st:Z:2026-07-15T23:56:35.804000+00:00	RG:Z:a40d6b40-d3ad-4fe7-8245-9c92f794f831_dna_r10.4.1_e8.2_400bps_sup@v5.2.0	DS:Z:gpu:NVIDIA GeForce RTX 4070 SUPER	PU:Z:FBG39641	DT:Z:2026-07-15T14:17:26.508000+00:00	tm:Z:none rc
49	8e5ba0a3-48c6-44f4-8375-9c37c5145e3e	qs:f:18.6654	ch:i:421	st:Z:2026-07-15T20:06:21.436000+00:00	RG:Z:a40d6b40-d3ad-4fe7-8245-9c92f794f831_dna_r10.4.1_e8.2_400bps_sup@v5.2.0	DS:Z:gpu:NVIDIA GeForce RTX 4070 SUPER	PU:Z:FBG39641	DT:Z:2026-07-15T14:17:26.508000+00:00	tm:Z:adapter,primer rc
49	e21d83dd-748b-407e-b47f-d5649c492d60	qs:f:19.8926	ch:i:288	st:Z:2026-07-15T22:50:28.109000+00:00	RG:Z:a40d6b40-d3ad-4fe7-8245-9c92f794f831_dna_r10.4.1_e8.2_400bps_sup@v5.2.0	DS:Z:gpu:NVIDIA GeForce RTX 4070 SUPER	PU:Z:FBG39641	DT:Z:2026-07-15T14:17:26.508000+00:00	tm:Z:none rc
50	518b18f7-e8ae-4967-8170-b3b6beb1c1fe	qs:f:23.6267	ch:i:359	st:Z:2026-07-15T18:31:41.248000+00:00	RG:Z:a40d6b40-d3ad-4fe7-8245-9c92f794f831_dna_r10.4.1_e8.2_400bps_sup@v5.2.0	DS:Z:gpu:NVIDIA GeForce RTX 4070 SUPER	PU:Z:FBG39641	DT:Z:2026-07-15T14:17:26.508000+00:00	tm:Z:adapter,primer
50	e1c2f0c2-d9aa-49b2-984b-06e57a56d23e	qs:f:20.3641	ch:i:108	st:Z:2026-07-15T14:28:12.426000+00:00	RG:Z:a40d6b40-d3ad-4fe7-8245-9c92f794f831_dna_r10.4.1_e8.2_400bps_sup@v5.2.0	DS:Z:gpu:NVIDIA GeForce RTX 4070 SUPER	PU:Z:FBG39641	DT:Z:2026-07-15T14:17:26.508000+00:00	tm:Z:adapter,primer rc
50	a4e53fdb-43db-4dfe-bf01-ffb2274b3502	qs:f:22.2932	ch:i:255	st:Z:2026-07-15T21:36:53.386000+00:00	RG:Z:a40d6b40-d3ad-4fe7-8245-9c92f794f831_dna_r10.4.1_e8.2_400bps_sup@v5.2.0	DS:Z:gpu:NVIDIA GeForce RTX 4070 SUPER	PU:Z:FBG39641	DT:Z:2026-07-15T14:17:26.508000+00:00	tm:Z:none rc
51	8003a0e9-0ae3-42ad-a68f-62a7c3bc4b6e	qs:f:15.1304	ch:i:469	st:Z:2026-07-15T22:34:58.290000+00:00	RG:Z:a40d6b40-d3ad-4fe7-8245-9c92f794f831_dna_r10.4.1_e8.2_400bps_sup@v5.2.0	DS:Z:gpu:NVIDIA GeForce RTX 4070 SUPER	PU:Z:FBG39641	DT:Z:2026-07-15T14:17:26.508000+00:00	tm:Z:adapter,primer
51	9d898ec2-b6e8-476f-8ff9-c7b699c28594	qs:f:22.9504	ch:i:277	st:Z:2026-07-15T16:33:23.734000+00:00	RG:Z:a40d6b40-d3ad-4fe7-8245-9c92f794f831_dna_r10.4.1_e8.2_400bps_sup@v5.2.0	DS:Z:gpu:NVIDIA GeForce RTX 4070 SUPER	PU:Z:FBG39641	DT:Z:2026-07-15T14:17:26.508000+00:00	tm:Z:none rc
51	5a1bdf4d-2566-405c-895a-dd932d248336	qs:f:18.9161	ch:i:378	st:Z:2026-07-16T01:53:21.801000+00:00	RG:Z:a40d6b40-d3ad-4fe7-8245-9c92f794f831_dna_r10.4.1_e8.2_400bps_sup@v5.2.0	DS:Z:gpu:NVIDIA GeForce RTX 4070 SUPER	PU:Z:FBG39641	DT:Z:2026-07-15T14:17:26.508000+00:00	tm:Z:adapter,primer rc
52	408e9427-3992-472a-986c-2ed5ced8ef0d	qs:f:25.8372	ch:i:229	st:Z:2026-07-15T23:10:27.244000+00:00	RG:Z:a40d6b40-d3ad-4fe7-8245-9c92f794f831_dna_r10.4.1_e8.2_400bps_sup@v5.2.0	DS:Z:gpu:NVIDIA GeForce RTX 4070 SUPER	PU:Z:FBG39641	DT:Z:2026-07-15T14:17:26.508000+00:00	tm:Z:none
52	374bcfec-7612-4e70-8567-e89bcb3be83b	qs:f:26.4505	ch:i:281	st:Z:2026-07-15T21:06:45.303000+00:00	RG:Z:a40d6b40-d3ad-4fe7-8245-9c92f794f831_dna_r10.4.1_e8.2_400bps_sup@v5.2.0	DS:Z:gpu:NVIDIA GeForce RTX 4070 SUPER	PU:Z:FBG39641	DT:Z:2026-07-15T14:17:26.508000+00:00	tm:Z:adapter,primer rc
52	353e0590-a746-4332-8a06-4384b28d7970	qs:f:21.2516	ch:i:346	st:Z:2026-07-15T19:16:00.558000+00:00	RG:Z:a40d6b40-d3ad-4fe7-8245-9c92f794f831_dna_r10.4.1_e8.2_400bps_sup@v5.2.0	DS:Z:gpu:NVIDIA GeForce RTX 4070 SUPER	PU:Z:FBG39641	DT:Z:2026-07-15T14:17:26.508000+00:00	tm:Z:adapter,primer rc
53	e90c9d91-a049-441b-a8e0-18676b3edf59	qs:f:25.2591	ch:i:204	st:Z:2026-07-16T02:08:24.977000+00:00	RG:Z:a40d6b40-d3ad-4fe7-8245-9c92f794f831_dna_r10.4.1_e8.2_400bps_sup@v5.2.0	DS:Z:gpu:NVIDIA GeForce RTX 4070 SUPER	PU:Z:FBG39641	DT:Z:2026-07-15T14:17:26.508000+00:00	tm:Z:none rc
53	4d0a8e30-ffd9-4bc8-b1ca-0c91432ed81e	qs:f:16.6466	ch:i:347	st:Z:2026-07-15T16:54:05.236000+00:00	RG:Z:a40d6b40-d3ad-4fe7-8245-9c92f794f831_dna_r10.4.1_e8.2_400bps_sup@v5.2.0	DS:Z:gpu:NVIDIA GeForce RTX 4070 SUPER	PU:Z:FBG39641	DT:Z:2026-07-15T14:17:26.508000+00:00	tm:Z:adapter,primer
53	087e1ee4-93ee-4f79-a7b4-03d4518dd87e	qs:f:14.76	ch:i:107	st:Z:2026-07-15T21:44:10.844000+00:00	RG:Z:a40d6b40-d3ad-4fe7-8245-9c92f794f831_dna_r10.4.1_e8.2_400bps_sup@v5.2.0	DS:Z:gpu:NVIDIA GeForce RTX 4070 SUPER	PU:Z:FBG39641	DT:Z:2026-07-15T14:17:26.508000+00:00	tm:Z:adapter,primer rc
54	71aec7ab-d91f-4fb1-b6e7-22a425d7d460	qs:f:15.2057	ch:i:329	st:Z:2026-07-15T15:25:56.279000+00:00	RG:Z:a40d6b40-d3ad-4fe7-8245-9c92f794f831_dna_r10.4.1_e8.2_400bps_sup@v5.2.0	DS:Z:gpu:NVIDIA GeForce RTX 4070 SUPER	PU:Z:FBG39641	DT:Z:2026-07-15T14:17:26.508000+00:00	tm:Z:adapter,primer
54	c844d249-bccb-4426-b101-a167f4658bb4	qs:f:22.2662	ch:i:512	st:Z:2026-07-15T16:57:18.951000+00:00	RG:Z:a40d6b40-d3ad-4fe7-8245-9c92f794f831_dna_r10.4.1_e8.2_400bps_sup@v5.2.0	DS:Z:gpu:NVIDIA GeForce RTX 4070 SUPER	PU:Z:FBG39641	DT:Z:2026-07-15T14:17:26.508000+00:00	tm:Z:none
54	af7cf51f-44fa-42eb-900f-8913f98616df	qs:f:13.9871	ch:i:217	st:Z:2026-07-15T23:36:14.795000+00:00	RG:Z:a40d6b40-d3ad-4fe7-8245-9c92f794f831_dna_r10.4.1_e8.2_400bps_sup@v5.2.0	DS:Z:gpu:NVIDIA GeForce RTX 4070 SUPER	PU:Z:FBG39641	DT:Z:2026-07-15T14:17:26.508000+00:00	tm:Z:adapter,primer
55	e4f7b0c7-a4ca-4c14-a3bb-e0984863c11b	qs:f:13.1544	ch:i:291	st:Z:2026-07-15T23:19:56.364000+00:00	RG:Z:a40d6b40-d3ad-4fe7-8245-9c92f794f831_dna_r10.4.1_e8.2_400bps_sup@v5.2.0	DS:Z:gpu:NVIDIA GeForce RTX 4070 SUPER	PU:Z:FBG39641	DT:Z:2026-07-15T14:17:26.508000+00:00	tm:Z:adapter,primer
55	01e3f1f0-5ac2-4207-8f15-4ba96e5cce45	qs:f:16.5086	ch:i:400	st:Z:2026-07-15T14:46:12.674000+00:00	RG:Z:a40d6b40-d3ad-4fe7-8245-9c92f794f831_dna_r10.4.1_e8.2_400bps_sup@v5.2.0	DS:Z:gpu:NVIDIA GeForce RTX 4070 SUPER	PU:Z:FBG39641	DT:Z:2026-07-15T14:17:26.508000+00:00	tm:Z:adapter,primer rc
55	29667018-ecc5-46ba-afd2-dd6e9ef5c185	qs:f:11.7198	ch:i:390	st:Z:2026-07-15T20:02:16.572000+00:00	RG:Z:a40d6b40-d3ad-4fe7-8245-9c92f794f831_dna_r10.4.1_e8.2_400bps_sup@v5.2.0	DS:Z:gpu:NVIDIA GeForce RTX 4070 SUPER	PU:Z:FBG39641	DT:Z:2026-07-15T14:17:26.508000+00:00	tm:Z:adapter,primer rc
56	1f5d5dd2-e53b-4b63-8cf5-6ae55d040168	qs:f:22.8578	ch:i:28	st:Z:2026-07-15T16:16:45.224000+00:00	RG:Z:a40d6b40-d3ad-4fe7-8245-9c92f794f831_dna_r10.4.1_e8.2_400bps_sup@v5.2.0	DS:Z:gpu:NVIDIA GeForce RTX 4070 SUPER	PU:Z:FBG39641	DT:Z:2026-07-15T14:17:26.508000+00:00	tm:Z:adapter,primer
56	aef09ae8-0c53-4971-9039-56f350447b5c	qs:f:27.5867	ch:i:296	st:Z:2026-07-15T20:11:17.202000+00:00	RG:Z:a40d6b40-d3ad-4fe7-8245-9c92f794f831_dna_r10.4.1_e8.2_400bps_sup@v5.2.0	DS:Z:gpu:NVIDIA GeForce RTX 4070 SUPER	PU:Z:FBG39641	DT:Z:2026-07-15T14:17:26.508000+00:00	tm:Z:none
57	e0ee0410-6c10-4526-8163-15e5649c6a95	qs:f:17.5984	ch:i:383	st:Z:2026-07-15T20:55:01.525000+00:00	RG:Z:a40d6b40-d3ad-4fe7-8245-9c92f794f831_dna_r10.4.1_e8.2_400bps_sup@v5.2.0	DS:Z:gpu:NVIDIA GeForce RTX 4070 SUPER	PU:Z:FBG39641	DT:Z:2026-07-15T14:17:26.508000+00:00	tm:Z:none rc
57	01a7149d-e892-4c62-97f7-8914befb6990	qs:f:10.6186	ch:i:501	st:Z:2026-07-15T15:37:37.261000+00:00	RG:Z:a40d6b40-d3ad-4fe7-8245-9c92f794f831_dna_r10.4.1_e8.2_400bps_sup@v5.2.0	DS:Z:gpu:NVIDIA GeForce RTX 4070 SUPER	PU:Z:FBG39641	DT:Z:2026-07-15T14:17:26.508000+00:00	tm:Z:adapter,primer
58	326be231-77af-4aca-88a6-68a9881dc3e3	qs:f:27.0384	ch:i:383	st:Z:2026-07-15T18:05:40.858000+00:00	RG:Z:a40d6b40-d3ad-4fe7-8245-9c92f794f831_dna_r10.4.1_e8.2_400bps_sup@v5.2.0	DS:Z:gpu:NVIDIA GeForce RTX 4070 SUPER	PU:Z:FBG39641	DT:Z:2026-07-15T14:17:26.508000+00:00	tm:Z:none rc
58	abc12348-9f2d-4314-a663-d3e026e25fd2	qs:f:25.5081	ch:i:143	st:Z:2026-07-15T16:03:51.511000+00:00	RG:Z:a40d6b40-d3ad-4fe7-8245-9c92f794f831_dna_r10.4.1_e8.2_400bps_sup@v5.2.0	DS:Z:gpu:NVIDIA GeForce RTX 4070 SUPER	PU:Z:FBG39641	DT:Z:2026-07-15T14:17:26.508000+00:00	tm:Z:none
59	e947ec39-7448-41a7-b591-2276dcfdb3f3	qs:f:27.2649	ch:i:399	st:Z:2026-07-15T18:28:48.928000+00:00	RG:Z:a40d6b40-d3ad-4fe7-8245-9c92f794f831_dna_r10.4.1_e8.2_400bps_sup@v5.2.0	DS:Z:gpu:NVIDIA GeForce RTX 4070 SUPER	PU:Z:FBG39641	DT:Z:2026-07-15T14:17:26.508000+00:00	tm:Z:adapter,primer rc
59	90af57f7-1b58-4401-ace6-ed4f4323442f	qs:f:15.4449	ch:i:191	st:Z:2026-07-15T22:06:01.021000+00:00	RG:Z:a40d6b40-d3ad-4fe7-8245-9c92f794f831_dna_r10.4.1_e8.2_400bps_sup@v5.2.0	DS:Z:gpu:NVIDIA GeForce RTX 4070 SUPER	PU:Z:FBG39641	DT:Z:2026-07-15T14:17:26.508000+00:00	tm:Z:adapter,primer
60	c9a4469d-c574-4f64-a36e-2e6e9d1342ae	qs:f:22.796	ch:i:423	st:Z:2026-07-15T21:17:35.053000+00:00	RG:Z:a40d6b40-d3ad-4fe7-8245-9c92f794f831_dna_r10.4.1_e8.2_400bps_sup@v5.2.0	DS:Z:gpu:NVIDIA GeForce RTX 4070 SUPER	PU:Z:FBG39641	DT:Z:2026-07-15T14:17:26.508000+00:00	tm:Z:none rc
60	8f0dee68-e9da-4716-98f1-4cc41f06ea36	qs:f:13.6287	ch:i:120	st:Z:2026-07-16T01:43:23.293000+00:00	RG:Z:a40d6b40-d3ad-4fe7-8245-9c92f794f831_dna_r10.4.1_e8.2_400bps_sup@v5.2.0	DS:Z:gpu:NVIDIA GeForce RTX 4070 SUPER	PU:Z:FBG39641	DT:Z:2026-07-15T14:17:26.508000+00:00	tm:Z:none rc
61	55c699e3-8a64-499e-a819-072ab283ea62	qs:f:25.4401	ch:i:296	st:Z:2026-07-15T19:54:15.513000+00:00	RG:Z:a40d6b40-d3ad-4fe7-8245-9c92f794f831_dna_r10.4.1_e8.2_400bps_sup@v5.2.0	DS:Z:gpu:NVIDIA GeForce RTX 4070 SUPER	PU:Z:FBG39641	DT:Z:2026-07-15T14:17:26.508000+00:00	tm:Z:adapter,primer
61	31eda218-27fa-4aef-a6bf-05c7c167fc3f	qs:f:19.718	ch:i:86	st:Z:2026-07-16T00:09:44.572000+00:00	RG:Z:a40d6b40-d3ad-4fe7-8245-9c92f794f831_dna_r10.4.1_e8.2_400bps_sup@v5.2.0	DS:Z:gpu:NVIDIA GeForce RTX 4070 SUPER	PU:Z:FBG39641	DT:Z:2026-07-15T14:17:26.508000+00:00	tm:Z:adapter,primer rc
62	7709e79e-07cc-4a90-99ea-9e878a4eb5b3	qs:f:29.6434	ch:i:180	st:Z:2026-07-15T21:39:27.526000+00:00	RG:Z:a40d6b40-d3ad-4fe7-8245-9c92f794f831_dna_r10.4.1_e8.2_400bps_sup@v5.2.0	DS:Z:gpu:NVIDIA GeForce RTX 4070 SUPER	PU:Z:FBG39641	DT:Z:2026-07-15T14:17:26.508000+00:00	tm:Z:none rc
62	35b9d567-790f-431e-9179-52e556466636	qs:f:16.5294	ch:i:267	st:Z:2026-07-15T20:38:16.976000+00:00	RG:Z:a40d6b40-d3ad-4fe7-8245-9c92f794f831_dna_r10.4.1_e8.2_400bps_sup@v5.2.0	DS:Z:gpu:NVIDIA GeForce RTX 4070 SUPER	PU:Z:FBG39641	DT:Z:2026-07-15T14:17:26.508000+00:00	tm:Z:none
63	55b0185b-2d6e-4dd9-b169-71fb9254128a	qs:f:23.3018	ch:i:449	st:Z:2026-07-15T14:49:14.179000+00:00	RG:Z:a40d6b40-d3ad-4fe7-8245-9c92f794f831_dna_r10.4.1_e8.2_400bps_sup@v5.2.0	DS:Z:gpu:NVIDIA GeForce RTX 4070 SUPER	PU:Z:FBG39641	DT:Z:2026-07-15T14:17:26.508000+00:00	tm:Z:adapter,primer rc
63	f9c2af44-fc98-4f94-afb0-158d81e79e5b	qs:f:25.7486	ch:i:392	st:Z:2026-07-16T00:41:14.205000+00:00	RG:Z:a40d6b40-d3ad-4fe7-8245-9c92f794f831_dna_r10.4.1_e8.2_400bps_sup@v5.2.0	DS:Z:gpu:NVIDIA GeForce RTX 4070 SUPER	PU:Z:FBG39641	DT:Z:2026-07-15T14:17:26.508000+00:00	tm:Z:none
64	e4e5106e-192f-49f9-97ca-dac5d4ae96df	qs:f:29.7423	ch:i:180	st:Z:2026-07-15T14:58:44.765000+00:00	RG:Z:a40d6b40-d3ad-4fe7-8245-9c92f794f831_dna_r10.4.1_e8.2_400bps_sup@v5.2.0	DS:Z:gpu:NVIDIA GeForce RTX 4070 SUPER	PU:Z:FBG39641	DT:Z:2026-07-15T14:17:26.508000+00:00	tm:Z:none
64	3670fbc1-56ca-403e-812c-e2691c5d4016	qs:f:24.3202	ch:i:24	st:Z:2026-07-15T18:44:12.748000+00:00	RG:Z:a40d6b40-d3ad-4fe7-8245-9c92f794f831_dna_r10.4.1_e8.2_400bps_sup@v5.2.0	DS:Z:gpu:NVIDIA GeForce RTX 4070 SUPER	PU:Z:FBG39641	DT:Z:2026-07-15T14:17:26.508000+00:00	tm:Z:adapter,primer
65	b9f2cb74-72e2-48f6-aab3-5b5e08d7cdd7	qs:f:17.6438	ch:i:183	st:Z:2026-07-15T16:38:42.435000+00:00	RG:Z:a40d6b40-d3ad-4fe7-8245-9c92f794f831_dna_r10.4.1_e8.2_400bps_sup@v5.2.0	DS:Z:gpu:NVIDIA GeForce RTX 4070 SUPER	PU:Z:FBG39641	DT:Z:2026-07-15T14:17:26.508000+00:00	tm:Z:adapter,primer
65	660734a6-b736-4ad5-9c47-425b9441c059	qs:f:19.193	ch:i:330	st:Z:2026-07-15T16:20:51.938000+00:00	RG:Z:a40d6b40-d3ad-4fe7-8245-9c92f794f831_dna_r10.4.1_e8.2_400bps_sup@v5.2.0	DS:Z:gpu:NVIDIA GeForce RTX 4070 SUPER	PU:Z:FBG39641	DT:Z:2026-07-15T14:17:26.508000+00:00	tm:Z:adapter,primer rc
66	46964ea4-4aee-4a3c-962b-fc2a2419a513	qs:f:17.6194	ch:i:9	st:Z:2026-07-15T17:00:22.386000+00:00	RG:Z:a40d6b40-d3ad-4fe7-8245-9c92f794f831_dna_r10.4.1_e8.2_400bps_sup@v5.2.0	DS:Z:gpu:NVIDIA GeForce RTX 4070 SUPER	PU:Z:FBG39641	DT:Z:2026-07-15T14:17:26.508000+00:00	tm:Z:none rc
66	e1fbd485-2010-40e5-82e8-536bde4e579a	qs:f:25.6855	ch:i:229	st:Z:2026-07-15T14:28:04.623000+00:00	RG:Z:a40d6b40-d3ad-4fe7-8245-9c92f794f831_dna_r10.4.1_e8.2_400bps_sup@v5.2.0	DS:Z:gpu:NVIDIA GeForce RTX 4070 SUPER	PU:Z:FBG39641	DT:Z:2026-07-15T14:17:26.508000+00:00	tm:Z:adapter,primer
67	ad8fd4b8-9393-4e94-8982-f72896ea7d16	qs:f:31.9337	ch:i:429	st:Z:2026-07-15T22:00:17.082000+00:00	RG:Z:a40d6b40-d3ad-4fe7-8245-9c92f794f831_dna_r10.4.1_e8.2_400bps_sup@v5.2.0	DS:Z:gpu:NVIDIA GeForce RTX 4070 SUPER	PU:Z:FBG39641	DT:Z:2026-07-15T14:17:26.508000+00:00	tm:Z:none rc
67	c43458a3-b7b3-473c-8aed-5702c38a6c4a	qs:f:21.6754	ch:i:108	st:Z:2026-07-15T15:11:34.430000+00:00	RG:Z:a40d6b40-d3ad-4fe7-8245-9c92f794f831_dna_r10.4.1_e8.2_400bps_sup@v5.2.0	DS:Z:gpu:NVIDIA GeForce RTX 4070 SUPER	PU:Z:FBG39641	DT:Z:2026-07-15T14:17:26.508000+00:00	tm:Z:none
68	1626cc32-554c-4f2e-9d67-f454cc99a1bd	qs:f:21.0445	ch:i:207	st:Z:2026-07-15T20:15:56.747000+00:00	RG:Z:a40d6b40-d3ad-4fe7-8245-9c92f794f831_dna_r10.4.1_e8.2_400bps_sup@v5.2.0	DS:Z:gpu:NVIDIA GeForce RTX 4070 SUPER	PU:Z:FBG39641	DT:Z:2026-07-15T14:17:26.508000+00:00	tm:Z:adapter,primer
68	2e085bfb-9f1f-4d2f-b0b1-e4aa6e1f1403	qs:f:16.8611	ch:i:381	st:Z:2026-07-16T00:22:43.644000+00:00	RG:Z:a40d6b40-d3ad-4fe7-8245-9c92f794f831_dna_r10.4.1_e8.2_400bps_sup@v5.2.0	DS:Z:gpu:NVIDIA GeForce RTX 4070 SUPER	PU:Z:FBG39641	DT:Z:2026-07-15T14:17:26.508000+00:00	tm:Z:adapter,primer
69	f916ed0d-0ab6-4f55-bfce-c02b0c8c22a5	qs:f:14.88	ch:i:473	st:Z:2026-07-16T00:24:09.435000+00:00	RG:Z:a40d6b40-d3ad-4fe7-8245-9c92f794f831_dna_r10.4.1_e8.2_400bps_sup@v5.2.0	DS:Z:gpu:NVIDIA GeForce RTX 4070 SUPER	PU:Z:FBG39641	DT:Z:2026-07-15T14:17:26.508000+00:00	tm:Z:adapter,primer
69	011624af-c4bc-4c17-899b-cf8e9859fb0f	qs:f:12.4512	ch:i:300	st:Z:2026-07-15T14:50:05.062000+00:00	RG:Z:a40d6b40-d3ad-4fe7-8245-9c92f794f831_dna_r10.4.1_e8.2_400bps_sup@v5.2.0	DS:Z:gpu:NVIDIA GeForce RTX 4070 SUPER	PU:Z:FBG39641	DT:Z:2026-07-15T14:17:26.508000+00:00	tm:Z:adapter,primer
70	81af42cb-6bc5-4a37-bff9-1ce44fe6fe97	qs:f:19.1594	ch:i:422	st:Z:2026-07-15T19:38:07.390000+00:00	RG:Z:a40d6b40-d3ad-4fe7-8245-9c92f794f831_dna_r10.4.1_e8.2_400bps_sup@v5.2.0	DS:Z:gpu:NVIDIA GeForce RTX 4070 SUPER	PU:Z:FBG39641	DT:Z:2026-07-15T14:17:26.508000+00:00	tm:Z:adapter,primer
70	da1c9518-47db-4d89-ac27-a59a33b0dc84	qs:f:17.5435	ch:i:473	st:Z:2026-07-15T20:21:13.122000+00:00	RG:Z:a40d6b40-d3ad-4fe7-8245-9c92f794f831_dna_r10.4.1_e8.2_400bps_sup@v5.2.0	DS:Z:gpu:NVIDIA GeForce RTX 4070 SUPER	PU:Z:FBG39641	DT:Z:2026-07-15T14:17:26.508000+00:00	tm:Z:adapter,primer rc
71	db2315b9-ec78-46fc-9aeb-3034676c9e38	qs:f:27.8447	ch:i:387	st:Z:2026-07-15T21:30:17.293000+00:00	RG:Z:a40d6b40-d3ad-4fe7-8245-9c92f794f831_dna_r10.4.1_e8.2_400bps_sup@v5.2.0	DS:Z:gpu:NVIDIA GeForce RTX 4070 SUPER	PU:Z:FBG39641	DT:Z:2026-07-15T14:17:26.508000+00:00	tm:Z:adapter,primer rc
71	3d12e6ff-70f7-4dc7-9b17-50688ec19f76	qs:f:19.6922	ch:i:378	st:Z:2026-07-15T21:56:43.532000+00:00	RG:Z:a40d6b40-d3ad-4fe7-8245-9c92f794f831_dna_r10.4.1_e8.2_400bps_sup@v5.2.0	DS:Z:gpu:NVIDIA GeForce RTX 4070 SUPER	PU:Z:FBG39641	DT:Z:2026-07-15T14:17:26.508000+00:00	tm:Z:adapter,primer rc
72	360d6ad7-242a-444a-9847-e3b007947548	qs:f:22.9863	ch:i:365	st:Z:2026-07-15T23:19:44.335000+00:00	RG:Z:a40d6b40-d3ad-4fe7-8245-9c92f794f831_dna_r10.4.1_e8.2_400bps_sup@v5.2.0	DS:Z:gpu:NVIDIA GeForce RTX 4070 SUPER	PU:Z:FBG39641	DT:Z:2026-07-15T14:17:26.508000+00:00	tm:Z:adapter,primer
72	808b288d-931f-4adf-926e-a7cb76f904e2	qs:f:19.8825	ch:i:223	st:Z:2026-07-15T15:30:53.725000+00:00	RG:Z:a40d6b40-d3ad-4fe7-8245-9c92f794f831_dna_r10.4.1_e8.2_400bps_sup@v5.2.0	DS:Z:gpu:NVIDIA GeForce RTX 4070 SUPER	PU:Z:FBG39641	DT:Z:2026-07-15T14:17:26.508000+00:00	tm:Z:none
73	4d416c96-a570-4e31-adf7-b8290e50890b	qs:f:18.8266	ch:i:222	st:Z:2026-07-15T22:58:23.829000+00:00	RG:Z:a40d6b40-d3ad-4fe7-8245-9c92f794f831_dna_r10.4.1_e8.2_400bps_sup@v5.2.0	DS:Z:gpu:NVIDIA GeForce RTX 4070 SUPER	PU:Z:FBG39641	DT:Z:2026-07-15T14:17:26.508000+00:00	tm:Z:adapter,primer
73	fb4bb6f1-2d09-45c3-8852-c435210c7997	qs:f:19.8224	ch:i:298	st:Z:2026-07-15T21:42:40.339000+00:00	RG:Z:a40d6b40-d3ad-4fe7-8245-9c92f794f831_dna_r10.4.1_e8.2_400bps_sup@v5.2.0	DS:Z:gpu:NVIDIA GeForce RTX 4070 SUPER	PU:Z:FBG39641	DT:Z:2026-07-15T14:17:26.508000+00:00	tm:Z:adapter,primer rc
74	f6b2f36c-e401-467b-b21d-752a389d31ea	qs:f:20.6797	ch:i:108	st:Z:2026-07-16T00:42:58.450000+00:00	RG:Z:a40d6b40-d3ad-4fe7-8245-9c92f794f831_dna_r10.4.1_e8.2_400bps_sup@v5.2.0	DS:Z:gpu:NVIDIA GeForce RTX 4070 SUPER	PU:Z:FBG39641	DT:Z:2026-07-15T14:17:26.508000+00:00	tm:Z:adapter,primer
75	e8cd3583-0bc2-45a9-b093-03768308ccd6	qs:f:20.0919	ch:i:133	st:Z:2026-07-15T22:40:03.595000+00:00	RG:Z:a40d6b40-d3ad-4fe7-8245-9c92f794f831_dna_r10.4.1_e8.2_400bps_sup@v5.2.0	DS:Z:gpu:NVIDIA GeForce RTX 4070 SUPER	PU:Z:FBG39641	DT:Z:2026-07-15T14:17:26.508000+00:00	tm:Z:adapter,primer rc
76	e6154aad-949f-4d9b-95bc-0b7b8f8ab405	qs:f:26.165	ch:i:318	st:Z:2026-07-15T18:39:16.010000+00:00	RG:Z:a40d6b40-d3ad-4fe7-8245-9c92f794f831_dna_r10.4.1_e8.2_400bps_sup@v5.2.0	DS:Z:gpu:NVIDIA GeForce RTX 4070 SUPER	PU:Z:FBG39641	DT:Z:2026-07-15T14:17:26.508000+00:00	tm:Z:none rc
77	9b6b3e7b-433c-4965-819a-49ec560ce3c7	qs:f:24.8177	ch:i:117	st:Z:2026-07-16T00:13:14.085000+00:00	RG:Z:a40d6b40-d3ad-4fe7-8245-9c92f794f831_dna_r10.4.1_e8.2_400bps_sup@v5.2.0	DS:Z:gpu:NVIDIA GeForce RTX 4070 SUPER	PU:Z:FBG39641	DT:Z:2026-07-15T14:17:26.508000+00:00	tm:Z:adapter,primer
78	9b1ebc89-07a0-4399-9ce9-929da082c012	qs:f:24.5041	ch:i:20	st:Z:2026-07-15T21:32:14.878000+00:00	RG:Z:a40d6b40-d3ad-4fe7-8245-9c92f794f831_dna_r10.4.1_e8.2_400bps_sup@v5.2.0	DS:Z:gpu:NVIDIA GeForce RTX 4070 SUPER	PU:Z:FBG39641	DT:Z:2026-07-15T14:17:26.508000+00:00	tm:Z:none
79	04249c31-0b83-413a-99d9-ec45c2a23b97	qs:f:19.707	ch:i:469	st:Z:2026-07-15T21:55:30.846000+00:00	RG:Z:a40d6b40-d3ad-4fe7-8245-9c92f794f831_dna_r10.4.1_e8.2_400bps_sup@v5.2.0	DS:Z:gpu:NVIDIA GeForce RTX 4070 SUPER	PU:Z:FBG39641	DT:Z:2026-07-15T14:17:26.508000+00:00	tm:Z:adapter,primer
80	d6fd9f2e-9325-40d3-b026-7ac3f072d036	qs:f:16.2353	ch:i:155	st:Z:2026-07-15T18:09:02.350000+00:00	RG:Z:a40d6b40-d3ad-4fe7-8245-9c92f794f831_dna_r10.4.1_e8.2_400bps_sup@v5.2.0	DS:Z:gpu:NVIDIA GeForce RTX 4070 SUPER	PU:Z:FBG39641	DT:Z:2026-07-15T14:17:26.508000+00:00	tm:Z:adapter,primer
81	3217d1a2-8f2c-470c-80e4-3db97630323a	qs:f:17.9461	ch:i:235	st:Z:2026-07-15T18:01:29.101000+00:00	RG:Z:a40d6b40-d3ad-4fe7-8245-9c92f794f831_dna_r10.4.1_e8.2_400bps_sup@v5.2.0	DS:Z:gpu:NVIDIA GeForce RTX 4070 SUPER	PU:Z:FBG39641	DT:Z:2026-07-15T14:17:26.508000+00:00	tm:Z:adapter,primer
82	93df6f19-cf9f-4558-8f21-f432a90b553d	qs:f:18.3558	ch:i:209	st:Z:2026-07-15T15:19:58.190000+00:00	RG:Z:a40d6b40-d3ad-4fe7-8245-9c92f794f831_dna_r10.4.1_e8.2_400bps_sup@v5.2.0	DS:Z:gpu:NVIDIA GeForce RTX 4070 SUPER	PU:Z:FBG39641	DT:Z:2026-07-15T14:17:26.508000+00:00	tm:Z:adapter,primer rc
83	eaf694e0-d680-498f-a726-f47a524ca598	qs:f:18.6518	ch:i:82	st:Z:2026-07-15T18:16:46.497000+00:00	RG:Z:a40d6b40-d3ad-4fe7-8245-9c92f794f831_dna_r10.4.1_e8.2_400bps_sup@v5.2.0	DS:Z:gpu:NVIDIA GeForce RTX 4070 SUPER	PU:Z:FBG39641	DT:Z:2026-07-15T14:17:26.508000+00:00	tm:Z:adapter,primer
84	960e1e2c-9137-4b25-99b7-5c2011802324	qs:f:36.2322	ch:i:130	st:Z:2026-07-16T00:10:45.149000+00:00	RG:Z:a40d6b40-d3ad-4fe7-8245-9c92f794f831_dna_r10.4.1_e8.2_400bps_sup@v5.2.0	DS:Z:gpu:NVIDIA GeForce RTX 4070 SUPER	PU:Z:FBG39641	DT:Z:2026-07-15T14:17:26.508000+00:00	tm:Z:adapter,primer
85	a30518d3-e924-484c-91da-a2cfb78de5af	qs:f:27.2253	ch:i:422	st:Z:2026-07-15T15:48:37.408000+00:00	RG:Z:a40d6b40-d3ad-4fe7-8245-9c92f794f831_dna_r10.4.1_e8.2_400bps_sup@v5.2.0	DS:Z:gpu:NVIDIA GeForce RTX 4070 SUPER	PU:Z:FBG39641	DT:Z:2026-07-15T14:17:26.508000+00:00	tm:Z:adapter,primer rc
86	815b1896-3109-4450-ac54-073a19eb4c18	qs:f:16.5595	ch:i:388	st:Z:2026-07-16T00:50:30.050000+00:00	RG:Z:a40d6b40-d3ad-4fe7-8245-9c92f794f831_dna_r10.4.1_e8.2_400bps_sup@v5.2.0	DS:Z:gpu:NVIDIA GeForce RTX 4070 SUPER	PU:Z:FBG39641	DT:Z:2026-07-15T14:17:26.508000+00:00	tm:Z:adapter,primer rc
87	67f6b915-9aec-4b75-aac0-059cee22e4e7	qs:f:22.5415	ch:i:510	st:Z:2026-07-15T17:28:17.376000+00:00	RG:Z:a40d6b40-d3ad-4fe7-8245-9c92f794f831_dna_r10.4.1_e8.2_400bps_sup@v5.2.0	DS:Z:gpu:NVIDIA GeForce RTX 4070 SUPER	PU:Z:FBG39641	DT:Z:2026-07-15T14:17:26.508000+00:00	tm:Z:none rc
88	bec49149-8256-4740-a291-44192ed13836	qs:f:19.5412	ch:i:30	st:Z:2026-07-16T02:08:00.263000+00:00	RG:Z:a40d6b40-d3ad-4fe7-8245-9c92f794f831_dna_r10.4.1_e8.2_400bps_sup@v5.2.0	DS:Z:gpu:NVIDIA GeForce RTX 4070 SUPER	PU:Z:FBG39641	DT:Z:2026-07-15T14:17:26.508000+00:00	tm:Z:none
89	c96b69a4-292d-45a4-ace1-59a1298bd16d	qs:f:23.2349	ch:i:85	st:Z:2026-07-15T21:25:46.411000+00:00	RG:Z:a40d6b40-d3ad-4fe7-8245-9c92f794f831_dna_r10.4.1_e8.2_400bps_sup@v5.2.0	DS:Z:gpu:NVIDIA GeForce RTX 4070 SUPER	PU:Z:FBG39641	DT:Z:2026-07-15T14:17:26.508000+00:00	tm:Z:none
90	0eacaf3c-3a0f-43df-82ff-fc3d3fa94ee4	qs:f:20.1203	ch:i:210	st:Z:2026-07-16T00:46:31.951000+00:00	RG:Z:a40d6b40-d3ad-4fe7-8245-9c92f794f831_dna_r10.4.1_e8.2_400bps_sup@v5.2.0	DS:Z:gpu:NVIDIA GeForce RTX 4070 SUPER	PU:Z:FBG39641	DT:Z:2026-07-15T14:17:26.508000+00:00	tm:Z:adapter,primer rc
91	5d7ef6e4-b3f4-4afd-9c23-ebf87624d466	qs:f:17.2109	ch:i:322	st:Z:2026-07-15T23:07:07.462000+00:00	RG:Z:a40d6b40-d3ad-4fe7-8245-9c92f794f831_dna_r10.4.1_e8.2_400bps_sup@v5.2.0	DS:Z:gpu:NVIDIA GeForce RTX 4070 SUPER	PU:Z:FBG39641	DT:Z:2026-07-15T14:17:26.508000+00:00	tm:Z:none
92	98ed6254-2b97-4b1b-82fc-4d91f52989ba	qs:f:23.9878	ch:i:462	st:Z:2026-07-15T16:14:53.286000+00:00	RG:Z:a40d6b40-d3ad-4fe7-8245-9c92f794f831_dna_r10.4.1_e8.2_400bps_sup@v5.2.0	DS:Z:gpu:NVIDIA GeForce RTX 4070 SUPER	PU:Z:FBG39641	DT:Z:2026-07-15T14:17:26.508000+00:00	tm:Z:adapter,primer
93	7b3e7881-227a-4ffd-b042-9e85d7fc2fb3	qs:f:31.6142	ch:i:344	st:Z:2026-07-16T01:27:10.484000+00:00	RG:Z:a40d6b40-d3ad-4fe7-8245-9c92f794f831_dna_r10.4.1_e8.2_400bps_sup@v5.2.0	DS:Z:gpu:NVIDIA GeForce RTX 4070 SUPER	PU:Z:FBG39641	DT:Z:2026-07-15T14:17:26.508000+00:00	tm:Z:none
94	898fcbfb-56de-471c-b61e-f0e919e730c7	qs:f:14.0793	ch:i:123	st:Z:2026-07-15T17:44:59.527000+00:00	RG:Z:a40d6b40-d3ad-4fe7-8245-9c92f794f831_dna_r10.4.1_e8.2_400bps_sup@v5.2.0	DS:Z:gpu:NVIDIA GeForce RTX 4070 SUPER	PU:Z:FBG39641	DT:Z:2026-07-15T14:17:26.508000+00:00	tm:Z:adapter,primer rc
95	d686ae28-b2ad-4e4f-abd4-9a341d4bde3a	qs:f:9.78434	ch:i:38	st:Z:2026-07-15T16:03:54.664000+00:00	RG:Z:a40d6b40-d3ad-4fe7-8245-9c92f794f831_dna_r10.4.1_e8.2_400bps_sup@v5.2.0	DS:Z:gpu:NVIDIA GeForce RTX 4070 SUPER	PU:Z:FBG39641	DT:Z:2026-07-15T14:17:26.508000+00:00	tm:Z:none rc
96	f777c6e0-a97c-4eb5-a342-9410990335b8	qs:f:21.8102	ch:i:485	st:Z:2026-07-15T21:32:08.297000+00:00	RG:Z:a40d6b40-d3ad-4fe7-8245-9c92f794f831_dna_r10.4.1_e8.2_400bps_sup@v5.2.0	DS:Z:gpu:NVIDIA GeForce RTX 4070 SUPER	PU:Z:FBG39641	DT:Z:2026-07-15T14:17:26.508000+00:00	tm:Z:none
97	763f19df-be92-4a7b-a0b1-1d6531f1e02a	qs:f:24.516	ch:i:150	st:Z:2026-07-15T14:55:28.370000+00:00	RG:Z:a40d6b40-d3ad-4fe7-8245-9c92f794f831_dna_r10.4.1_e8.2_400bps_sup@v5.2.0	DS:Z:gpu:NVIDIA GeForce RTX 4070 SUPER	PU:Z:FBG39641	DT:Z:2026-07-15T14:17:26.508000+00:00	tm:Z:none rc
98	afd456df-779f-4523-bfee-11f344ac6d93	qs:f:12.8508	ch:i:429	st:Z:2026-07-15T15:06:57.365000+00:00	RG:Z:a40d6b40-d3ad-4fe7-8245-9c92f794f831_dna_r10.4.1_e8.2_400bps_sup@v5.2.0	DS:Z:gpu:NVIDIA GeForce RTX 4070 SUPER	PU:Z:FBG39641	DT:Z:2026-07-15T14:17:26.508000+00:00	tm:Z:adapter,primer
99	fcbf449c-d7b2-411d-bf3a-4162c170f81a	qs:f:18.9801	ch:i:449	st:Z:2026-07-15T15:15:54.436000+00:00	RG:Z:a40d6b40-d3ad-4fe7-8245-9c92f794f831_dna_r10.4.1_e8.2_400bps_sup@v5.2.0	DS:Z:gpu:NVIDIA GeForce RTX 4070 SUPER	PU:Z:FBG39641	DT:Z:2026-07-15T14:17:26.508000+00:00	tm:Z:none rc
100	ec8f6c61-590b-4a55-a4f4-aa0116539d9f	qs:f:20.609	ch:i:298	st:Z:2026-07-15T22:06:43.561000+00:00	RG:Z:a40d6b40-d3ad-4fe7-8245-9c92f794f831_dna_r10.4.1_e8.2_400bps_sup@v5.2.0	DS:Z:gpu:NVIDIA GeForce RTX 4070 SUPER	PU:Z:FBG39641	DT:Z:2026-07-15T14:17:26.508000+00:00	tm:Z:adapter,primer
101	bbca988e-f149-46e6-95ba-bbd03347b441	qs:f:14.1154	ch:i:394	st:Z:2026-07-15T19:56:50.199000+00:00	RG:Z:a40d6b40-d3ad-4fe7-8245-9c92f794f831_dna_r10.4.1_e8.2_400bps_sup@v5.2.0	DS:Z:gpu:NVIDIA GeForce RTX 4070 SUPER	PU:Z:FBG39641	DT:Z:2026-07-15T14:17:26.508000+00:00	tm:Z:none
102	60d0b80f-4743-4477-9454-8775c44b8dbd	qs:f:20.231	ch:i:434	st:Z:2026-07-15T17:09:37.460000+00:00	RG:Z:a40d6b40-d3ad-4fe7-8245-9c92f794f831_dna_r10.4.1_e8.2_400bps_sup@v5.2.0	DS:Z:gpu:NVIDIA GeForce RTX 4070 SUPER	PU:Z:FBG39641	DT:Z:2026-07-15T14:17:26.508000+00:00	tm:Z:adapter,primer rc
103	b96ea4c3-023d-4cec-832c-e532cbea9661	qs:f:14.1904	ch:i:63	st:Z:2026-07-15T19:21:51.047000+00:00	RG:Z:a40d6b40-d3ad-4fe7-8245-9c92f794f831_dna_r10.4.1_e8.2_400bps_sup@v5.2.0	DS:Z:gpu:NVIDIA GeForce RTX 4070 SUPER	PU:Z:FBG39641	DT:Z:2026-07-15T14:17:26.508000+00:00	tm:Z:adapter,primer rc
104	7f89df26-df34-4b97-893f-886fc9b41420	qs:f:12.5278	ch:i:411	st:Z:2026-07-15T23:32:12.272000+00:00	RG:Z:a40d6b40-d3ad-4fe7-8245-9c92f794f831_dna_r10.4.1_e8.2_400bps_sup@v5.2.0	DS:Z:gpu:NVIDIA GeForce RTX 4070 SUPER	PU:Z:FBG39641	DT:Z:2026-07-15T14:17:26.508000+00:00	tm:Z:adapter,primer
105	50e70c7f-781a-4a3b-a2b7-130d0dc1ab03	qs:f:15.4861	ch:i:217	st:Z:2026-07-15T22:31:25.397000+00:00	RG:Z:a40d6b40-d3ad-4fe7-8245-9c92f794f831_dna_r10.4.1_e8.2_400bps_sup@v5.2.0	DS:Z:gpu:NVIDIA GeForce RTX 4070 SUPER	PU:Z:FBG39641	DT:Z:2026-07-15T14:17:26.508000+00:00	tm:Z:adapter,primer rc
106	f6b40c42-f99c-4e13-8bb9-1e22bc42c14d	qs:f:13.6292	ch:i:229	st:Z:2026-07-15T22:46:04.142000+00:00	RG:Z:a40d6b40-d3ad-4fe7-8245-9c92f794f831_dna_r10.4.1_e8.2_400bps_sup@v5.2.0	DS:Z:gpu:NVIDIA GeForce RTX 4070 SUPER	PU:Z:FBG39641	DT:Z:2026-07-15T14:17:26.508000+00:00	tm:Z:none rc
107	d221b448-2d65-4a8e-8c73-bce0c690c876	qs:f:17.088	ch:i:214	st:Z:2026-07-15T19:48:57.709000+00:00	RG:Z:a40d6b40-d3ad-4fe7-8245-9c92f794f831_dna_r10.4.1_e8.2_400bps_sup@v5.2.0	DS:Z:gpu:NVIDIA GeForce RTX 4070 SUPER	PU:Z:FBG39641	DT:Z:2026-07-15T14:17:26.508000+00:00	tm:Z:adapter,primer rc
108	fa6b1da8-394d-4831-b8cf-964036e756a4	qs:f:14.7893	ch:i:404	st:Z:2026-07-15T22:07:11.451000+00:00	RG:Z:a40d6b40-d3ad-4fe7-8245-9c92f794f831_dna_r10.4.1_e8.2_400bps_sup@v5.2.0	DS:Z:gpu:NVIDIA GeForce RTX 4070 SUPER	PU:Z:FBG39641	DT:Z:2026-07-15T14:17:26.508000+00:00	tm:Z:none rc
109	13debafb-86c0-40a2-a6a1-d48775d63549	qs:f:12.8923	ch:i:485	st:Z:2026-07-15T21:50:08.439000+00:00	RG:Z:a40d6b40-d3ad-4fe7-8245-9c92f794f831_dna_r10.4.1_e8.2_400bps_sup@v5.2.0	DS:Z:gpu:NVIDIA GeForce RTX 4070 SUPER	PU:Z:FBG39641	DT:Z:2026-07-15T14:17:26.508000+00:00	tm:Z:none rc
110	e9f77743-5e76-4efa-b5e5-436372b4b8ba	qs:f:14.3907	ch:i:273	st:Z:2026-07-15T20:53:34.265000+00:00	RG:Z:a40d6b40-d3ad-4fe7-8245-9c92f794f831_dna_r10.4.1_e8.2_400bps_sup@v5.2.0	DS:Z:gpu:NVIDIA GeForce RTX 4070 SUPER	PU:Z:FBG39641	DT:Z:2026-07-15T14:17:26.508000+00:00	tm:Z:adapter,primer rc
111	96e8b318-9083-435d-a37b-fbf3de86d991	qs:f:14.5989	ch:i:365	st:Z:2026-07-15T19:45:50.994000+00:00	RG:Z:a40d6b40-d3ad-4fe7-8245-9c92f794f831_dna_r10.4.1_e8.2_400bps_sup@v5.2.0	DS:Z:gpu:NVIDIA GeForce RTX 4070 SUPER	PU:Z:FBG39641	DT:Z:2026-07-15T14:17:26.508000+00:00	tm:Z:adapter,primer
112	387d0536-085b-4773-b01e-d9cafe183e0c	qs:f:16.8278	ch:i:457	st:Z:2026-07-15T14:26:06.178000+00:00	RG:Z:a40d6b40-d3ad-4fe7-8245-9c92f794f831_dna_r10.4.1_e8.2_400bps_sup@v5.2.0	DS:Z:gpu:NVIDIA GeForce RTX 4070 SUPER	PU:Z:FBG39641	DT:Z:2026-07-15T14:17:26.508000+00:00	tm:Z:adapter,primer
113	95bd6068-fa84-4d73-a172-fa14f01937e0	qs:f:17.9713	ch:i:337	st:Z:2026-07-15T15:07:17.788000+00:00	RG:Z:a40d6b40-d3ad-4fe7-8245-9c92f794f831_dna_r10.4.1_e8.2_400bps_sup@v5.2.0	DS:Z:gpu:NVIDIA GeForce RTX 4070 SUPER	PU:Z:FBG39641	DT:Z:2026-07-15T14:17:26.508000+00:00	tm:Z:adapter,primer
114	88983fb5-fe4d-440c-9963-2f33c8ae72ec	qs:f:16.4989	ch:i:336	st:Z:2026-07-15T15:26:10.087000+00:00	RG:Z:a40d6b40-d3ad-4fe7-8245-9c92f794f831_dna_r10.4.1_e8.2_400bps_sup@v5.2.0	DS:Z:gpu:NVIDIA GeForce RTX 4070 SUPER	PU:Z:FBG39641	DT:Z:2026-07-15T14:17:26.508000+00:00	tm:Z:adapter,primer rc
115	9623e0fa-d493-4e5a-b12d-091ee8d1e0b3	qs:f:15.7255	ch:i:198	st:Z:2026-07-15T14:58:18.833000+00:00	RG:Z:a40d6b40-d3ad-4fe7-8245-9c92f794f831_dna_r10.4.1_e8.2_400bps_sup@v5.2.0	DS:Z:gpu:NVIDIA GeForce RTX 4070 SUPER	PU:Z:FBG39641	DT:Z:2026-07-15T14:17:26.508000+00:00	tm:Z:adapter,primer
116	0e388a1c-15dd-4241-8001-15a6b2f69348	qs:f:11.8963	ch:i:299	st:Z:2026-07-16T01:08:02.967000+00:00	RG:Z:a40d6b40-d3ad-4fe7-8245-9c92f794f831_dna_r10.4.1_e8.2_400bps_sup@v5.2.0	DS:Z:gpu:NVIDIA GeForce RTX 4070 SUPER	PU:Z:FBG39641	DT:Z:2026-07-15T14:17:26.508000+00:00	tm:Z:adapter,primer rc
