0	b5f54106-85cb-4ca6-b247-9dcbe24b9803 runid=0dfb5b492dc86ce99bf7c61c734eb364afcdb5c8 ch=41 start_time=2025-09-25T20:20:04.398161+00:00 flow_cell_id=AWX817 basecall_gpu=NVIDIA_Tegra_X2 protocol_group_id=ONT_trialEb_250925 sample_id=ONT_trail_250925 barcode=barcode13 barcode_alias=barcode13 parent_read_id=b5f54106-85cb-4ca6-b247-9dcbe24b9803 basecall_model_version_id=dna_r10.4.1_e8.2_400bps_hac@v4.3.0 rc
0	6f59ce07-2471-45b6-957d-8ac485e4d999 runid=0dfb5b492dc86ce99bf7c61c734eb364afcdb5c8 ch=44 start_time=2025-09-25T21:55:51.398161+00:00 flow_cell_id=AWX817 basecall_gpu=NVIDIA_Tegra_X2 protocol_group_id=ONT_trialEb_250925 sample_id=ONT_trail_250925 barcode=barcode23 barcode_alias=barcode23 parent_read_id=6f59ce07-2471-45b6-957d-8ac485e4d999 basecall_model_version_id=dna_r10.4.1_e8.2_400bps_hac@v4.3.0
0	40b3b71f-a277-4567-b1a1-248d7b9c78ce runid=0dfb5b492dc86ce99bf7c61c734eb364afcdb5c8 ch=23 start_time=2025-09-25T19:34:25.398161+00:00 flow_cell_id=AWX817 basecall_gpu=NVIDIA_Tegra_X2 protocol_group_id=ONT_trialEb_250925 sample_id=ONT_trail_250925 barcode=barcode14 barcode_alias=barcode14 parent_read_id=40b3b71f-a277-4567-b1a1-248d7b9c78ce basecall_model_version_id=dna_r10.4.1_e8.2_400bps_hac@v4.3.0 rc
0	40b3b71f-a277-4567-b1a1-248d7b9c78ce runid=0dfb5b492dc86ce99bf7c61c734eb364afcdb5c8 ch=23 start_time=2025-09-25T19:34:25.398161+00:00 flow_cell_id=AWX817 basecall_gpu=NVIDIA_Tegra_X2 protocol_group_id=ONT_trialEb_250925 sample_id=ONT_trail_250925 barcode=barcode14 barcode_alias=barcode14 parent_read_id=40b3b71f-a277-4567-b1a1-248d7b9c78ce basecall_model_version_id=dna_r10.4.1_e8.2_400bps_hac@v4.3.0 rc
0	90f7baa3-a5ee-4997-92b3-8604d6eb3c00 runid=0dfb5b492dc86ce99bf7c61c734eb364afcdb5c8 ch=56 start_time=2025-09-25T16:25:21.398161+00:00 flow_cell_id=AWX817 basecall_gpu=NVIDIA_Tegra_X2 protocol_group_id=ONT_trialEb_250925 sample_id=ONT_trail_250925 barcode=barcode23 barcode_alias=barcode23 parent_read_id=90f7baa3-a5ee-4997-92b3-8604d6eb3c00 basecall_model_version_id=dna_r10.4.1_e8.2_400bps_hac@v4.3.0
0	af727664-4f59-4c1b-8185-8ed418c938b8 runid=0dfb5b492dc86ce99bf7c61c734eb364afcdb5c8 ch=20 start_time=2025-09-26T02:51:17.398161+00:00 flow_cell_id=AWX817 basecall_gpu=NVIDIA_Tegra_X2 protocol_group_id=ONT_trialEb_250925 sample_id=ONT_trail_250925 barcode=barcode22 barcode_alias=barcode22 parent_read_id=af727664-4f59-4c1b-8185-8ed418c938b8 basecall_model_version_id=dna_r10.4.1_e8.2_400bps_hac@v4.3.0
0	af727664-4f59-4c1b-8185-8ed418c938b8 runid=0dfb5b492dc86ce99bf7c61c734eb364afcdb5c8 ch=20 start_time=2025-09-26T02:51:17.398161+00:00 flow_cell_id=AWX817 basecall_gpu=NVIDIA_Tegra_X2 protocol_group_id=ONT_trialEb_250925 sample_id=ONT_trail_250925 barcode=barcode22 barcode_alias=barcode22 parent_read_id=af727664-4f59-4c1b-8185-8ed418c938b8 basecall_model_version_id=dna_r10.4.1_e8.2_400bps_hac@v4.3.0
0	b0121ebd-bfb6-4f19-ae27-d39b527b241b runid=0dfb5b492dc86ce99bf7c61c734eb364afcdb5c8 ch=44 start_time=2025-09-26T00:40:01.398161+00:00 flow_cell_id=AWX817 basecall_gpu=NVIDIA_Tegra_X2 protocol_group_id=ONT_trialEb_250925 sample_id=ONT_trail_250925 barcode=barcode23 barcode_alias=barcode23 parent_read_id=b0121ebd-bfb6-4f19-ae27-d39b527b241b basecall_model_version_id=dna_r10.4.1_e8.2_400bps_hac@v4.3.0
0	225a8634-a9df-4a1f-b42c-48698636f736 runid=0dfb5b492dc86ce99bf7c61c734eb364afcdb5c8 ch=44 start_time=2025-09-25T18:53:14.398161+00:00 flow_cell_id=AWX817 basecall_gpu=NVIDIA_Tegra_X2 protocol_group_id=ONT_trialEb_250925 sample_id=ONT_trail_250925 barcode=barcode23 barcode_alias=barcode23 parent_read_id=225a8634-a9df-4a1f-b42c-48698636f736 basecall_model_version_id=dna_r10.4.1_e8.2_400bps_hac@v4.3.0 rc
0	bc4501db-41c3-4c9c-be82-95922c2879a6 runid=0dfb5b492dc86ce99bf7c61c734eb364afcdb5c8 ch=108 start_time=2025-09-25T18:26:04.398161+00:00 flow_cell_id=AWX817 basecall_gpu=NVIDIA_Tegra_X2 protocol_group_id=ONT_trialEb_250925 sample_id=ONT_trail_250925 barcode=barcode23 barcode_alias=barcode23 parent_read_id=4b73ad58-3e28-49d6-8230-1850369b6cc9 basecall_model_version_id=dna_r10.4.1_e8.2_400bps_hac@v4.3.0
0	803197c0-ccf0-4cf0-8a35-0de3de694280 runid=0dfb5b492dc86ce99bf7c61c734eb364afcdb5c8 ch=49 start_time=2025-09-26T12:22:03.398161+00:00 flow_cell_id=AWX817 basecall_gpu=NVIDIA_Tegra_X2 protocol_group_id=ONT_trialEb_250925 sample_id=ONT_trail_250925 barcode=barcode14 barcode_alias=barcode14 parent_read_id=803197c0-ccf0-4cf0-8a35-0de3de694280 basecall_model_version_id=dna_r10.4.1_e8.2_400bps_hac@v4.3.0
0	803197c0-ccf0-4cf0-8a35-0de3de694280 runid=0dfb5b492dc86ce99bf7c61c734eb364afcdb5c8 ch=49 start_time=2025-09-26T12:22:03.398161+00:00 flow_cell_id=AWX817 basecall_gpu=NVIDIA_Tegra_X2 protocol_group_id=ONT_trialEb_250925 sample_id=ONT_trail_250925 barcode=barcode14 barcode_alias=barcode14 parent_read_id=803197c0-ccf0-4cf0-8a35-0de3de694280 basecall_model_version_id=dna_r10.4.1_e8.2_400bps_hac@v4.3.0
0	d72ef5d5-c834-4186-9808-2db57b2b0e90 runid=0dfb5b492dc86ce99bf7c61c734eb364afcdb5c8 ch=49 start_time=2025-09-25T18:02:54.398161+00:00 flow_cell_id=AWX817 basecall_gpu=NVIDIA_Tegra_X2 protocol_group_id=ONT_trialEb_250925 sample_id=ONT_trail_250925 barcode=barcode14 barcode_alias=barcode14 parent_read_id=d72ef5d5-c834-4186-9808-2db57b2b0e90 basecall_model_version_id=dna_r10.4.1_e8.2_400bps_hac@v4.3.0
0	d72ef5d5-c834-4186-9808-2db57b2b0e90 runid=0dfb5b492dc86ce99bf7c61c734eb364afcdb5c8 ch=49 start_time=2025-09-25T18:02:54.398161+00:00 flow_cell_id=AWX817 basecall_gpu=NVIDIA_Tegra_X2 protocol_group_id=ONT_trialEb_250925 sample_id=ONT_trail_250925 barcode=barcode14 barcode_alias=barcode14 parent_read_id=d72ef5d5-c834-4186-9808-2db57b2b0e90 basecall_model_version_id=dna_r10.4.1_e8.2_400bps_hac@v4.3.0
0	2acc9d74-16b4-40d5-a0af-739a43227c29 runid=0dfb5b492dc86ce99bf7c61c734eb364afcdb5c8 ch=113 start_time=2025-09-25T16:34:29.398161+00:00 flow_cell_id=AWX817 basecall_gpu=NVIDIA_Tegra_X2 protocol_group_id=ONT_trialEb_250925 sample_id=ONT_trail_250925 barcode=barcode24 barcode_alias=barcode24 parent_read_id=2acc9d74-16b4-40d5-a0af-739a43227c29 basecall_model_version_id=dna_r10.4.1_e8.2_400bps_hac@v4.3.0
0	d346b3f3-db6f-4ff9-972b-c23cc08b4741 runid=0dfb5b492dc86ce99bf7c61c734eb364afcdb5c8 ch=20 start_time=2025-09-26T02:54:19.398161+00:00 flow_cell_id=AWX817 basecall_gpu=NVIDIA_Tegra_X2 protocol_group_id=ONT_trialEb_250925 sample_id=ONT_trail_250925 barcode=barcode14 barcode_alias=barcode14 parent_read_id=d346b3f3-db6f-4ff9-972b-c23cc08b4741 basecall_model_version_id=dna_r10.4.1_e8.2_400bps_hac@v4.3.0
0	d346b3f3-db6f-4ff9-972b-c23cc08b4741 runid=0dfb5b492dc86ce99bf7c61c734eb364afcdb5c8 ch=20 start_time=2025-09-26T02:54:19.398161+00:00 flow_cell_id=AWX817 basecall_gpu=NVIDIA_Tegra_X2 protocol_group_id=ONT_trialEb_250925 sample_id=ONT_trail_250925 barcode=barcode14 barcode_alias=barcode14 parent_read_id=d346b3f3-db6f-4ff9-972b-c23cc08b4741 basecall_model_version_id=dna_r10.4.1_e8.2_400bps_hac@v4.3.0
0	193f939d-b328-4cb6-8e93-5e95b0626021 runid=0dfb5b492dc86ce99bf7c61c734eb364afcdb5c8 ch=44 start_time=2025-09-25T18:28:39.398161+00:00 flow_cell_id=AWX817 basecall_gpu=NVIDIA_Tegra_X2 protocol_group_id=ONT_trialEb_250925 sample_id=ONT_trail_250925 barcode=barcode13 barcode_alias=barcode13 parent_read_id=193f939d-b328-4cb6-8e93-5e95b0626021 basecall_model_version_id=dna_r10.4.1_e8.2_400bps_hac@v4.3.0
0	39549b7f-733f-4c0b-b28e-f358ed9fa04e runid=0dfb5b492dc86ce99bf7c61c734eb364afcdb5c8 ch=44 start_time=2025-09-25T18:26:40.398161+00:00 flow_cell_id=AWX817 basecall_gpu=NVIDIA_Tegra_X2 protocol_group_id=ONT_trialEb_250925 sample_id=ONT_trail_250925 barcode=barcode24 barcode_alias=barcode24 parent_read_id=39549b7f-733f-4c0b-b28e-f358ed9fa04e basecall_model_version_id=dna_r10.4.1_e8.2_400bps_hac@v4.3.0
0	6a431483-4056-470d-811a-355d11ec1311 runid=0dfb5b492dc86ce99bf7c61c734eb364afcdb5c8 ch=49 start_time=2025-09-25T17:34:46.398161+00:00 flow_cell_id=AWX817 basecall_gpu=NVIDIA_Tegra_X2 protocol_group_id=ONT_trialEb_250925 sample_id=ONT_trail_250925 barcode=barcode15 barcode_alias=barcode15 parent_read_id=6a431483-4056-470d-811a-355d11ec1311 basecall_model_version_id=dna_r10.4.1_e8.2_400bps_hac@v4.3.0
0	c1123317-f62f-4169-99ef-96c4bdefcd24 runid=0dfb5b492dc86ce99bf7c61c734eb364afcdb5c8 ch=44 start_time=2025-09-25T21:08:51.398161+00:00 flow_cell_id=AWX817 basecall_gpu=NVIDIA_Tegra_X2 protocol_group_id=ONT_trialEb_250925 sample_id=ONT_trail_250925 barcode=barcode23 barcode_alias=barcode23 parent_read_id=c1123317-f62f-4169-99ef-96c4bdefcd24 basecall_model_version_id=dna_r10.4.1_e8.2_400bps_hac@v4.3.0 rc
0	6d59ef80-76f9-4b56-abef-9c6b380a14ef runid=0dfb5b492dc86ce99bf7c61c734eb364afcdb5c8 ch=39 start_time=2025-09-25T17:34:15.398161+00:00 flow_cell_id=AWX817 basecall_gpu=NVIDIA_Tegra_X2 protocol_group_id=ONT_trialEb_250925 sample_id=ONT_trail_250925 barcode=barcode22 barcode_alias=barcode22 parent_read_id=6d59ef80-76f9-4b56-abef-9c6b380a14ef basecall_model_version_id=dna_r10.4.1_e8.2_400bps_hac@v4.3.0 rc
0	6d59ef80-76f9-4b56-abef-9c6b380a14ef runid=0dfb5b492dc86ce99bf7c61c734eb364afcdb5c8 ch=39 start_time=2025-09-25T17:34:15.398161+00:00 flow_cell_id=AWX817 basecall_gpu=NVIDIA_Tegra_X2 protocol_group_id=ONT_trialEb_250925 sample_id=ONT_trail_250925 barcode=barcode22 barcode_alias=barcode22 parent_read_id=6d59ef80-76f9-4b56-abef-9c6b380a14ef basecall_model_version_id=dna_r10.4.1_e8.2_400bps_hac@v4.3.0 rc
0	1228b57c-94cc-42b4-940c-61b77ddd969e runid=0dfb5b492dc86ce99bf7c61c734eb364afcdb5c8 ch=58 start_time=2025-09-25T22:05:34.398161+00:00 flow_cell_id=AWX817 basecall_gpu=NVIDIA_Tegra_X2 protocol_group_id=ONT_trialEb_250925 sample_id=ONT_trail_250925 barcode=barcode22 barcode_alias=barcode22 parent_read_id=1228b57c-94cc-42b4-940c-61b77ddd969e basecall_model_version_id=dna_r10.4.1_e8.2_400bps_hac@v4.3.0
0	1228b57c-94cc-42b4-940c-61b77ddd969e runid=0dfb5b492dc86ce99bf7c61c734eb364afcdb5c8 ch=58 start_time=2025-09-25T22:05:34.398161+00:00 flow_cell_id=AWX817 basecall_gpu=NVIDIA_Tegra_X2 protocol_group_id=ONT_trialEb_250925 sample_id=ONT_trail_250925 barcode=barcode22 barcode_alias=barcode22 parent_read_id=1228b57c-94cc-42b4-940c-61b77ddd969e basecall_model_version_id=dna_r10.4.1_e8.2_400bps_hac@v4.3.0
0	c11daf29-a451-4729-93a5-d38e90c7a99b runid=0dfb5b492dc86ce99bf7c61c734eb364afcdb5c8 ch=110 start_time=2025-09-25T17:23:15.398161+00:00 flow_cell_id=AWX817 basecall_gpu=NVIDIA_Tegra_X2 protocol_group_id=ONT_trialEb_250925 sample_id=ONT_trail_250925 barcode=barcode22 barcode_alias=barcode22 parent_read_id=c11daf29-a451-4729-93a5-d38e90c7a99b basecall_model_version_id=dna_r10.4.1_e8.2_400bps_hac@v4.3.0 rc
0	c11daf29-a451-4729-93a5-d38e90c7a99b runid=0dfb5b492dc86ce99bf7c61c734eb364afcdb5c8 ch=110 start_time=2025-09-25T17:23:15.398161+00:00 flow_cell_id=AWX817 basecall_gpu=NVIDIA_Tegra_X2 protocol_group_id=ONT_trialEb_250925 sample_id=ONT_trail_250925 barcode=barcode22 barcode_alias=barcode22 parent_read_id=c11daf29-a451-4729-93a5-d38e90c7a99b basecall_model_version_id=dna_r10.4.1_e8.2_400bps_hac@v4.3.0 rc
0	9d09af58-5653-4fc8-ba5e-9e1a285c2c36 runid=0dfb5b492dc86ce99bf7c61c734eb364afcdb5c8 ch=58 start_time=2025-09-25T17:53:51.398161+00:00 flow_cell_id=AWX817 basecall_gpu=NVIDIA_Tegra_X2 protocol_group_id=ONT_trialEb_250925 sample_id=ONT_trail_250925 barcode=barcode23 barcode_alias=barcode23 parent_read_id=9d09af58-5653-4fc8-ba5e-9e1a285c2c36 basecall_model_version_id=dna_r10.4.1_e8.2_400bps_hac@v4.3.0
0	23027f8e-12c1-46ac-962b-b019450a5164 runid=0dfb5b492dc86ce99bf7c61c734eb364afcdb5c8 ch=39 start_time=2025-09-25T17:20:33.398161+00:00 flow_cell_id=AWX817 basecall_gpu=NVIDIA_Tegra_X2 protocol_group_id=ONT_trialEb_250925 sample_id=ONT_trail_250925 barcode=barcode23 barcode_alias=barcode23 parent_read_id=23027f8e-12c1-46ac-962b-b019450a5164 basecall_model_version_id=dna_r10.4.1_e8.2_400bps_hac@v4.3.0
0	0db28803-4681-4bb5-8100-ce936e64cc8e runid=0dfb5b492dc86ce99bf7c61c734eb364afcdb5c8 ch=20 start_time=2025-09-25T17:00:32.398161+00:00 flow_cell_id=AWX817 basecall_gpu=NVIDIA_Tegra_X2 protocol_group_id=ONT_trialEb_250925 sample_id=ONT_trail_250925 barcode=barcode23 barcode_alias=barcode23 parent_read_id=0db28803-4681-4bb5-8100-ce936e64cc8e basecall_model_version_id=dna_r10.4.1_e8.2_400bps_hac@v4.3.0
0	4df8e6e6-a747-4631-9c98-a0ca7f990bc0 runid=0dfb5b492dc86ce99bf7c61c734eb364afcdb5c8 ch=4 start_time=2025-09-25T16:26:23.398161+00:00 flow_cell_id=AWX817 basecall_gpu=NVIDIA_Tegra_X2 protocol_group_id=ONT_trialEb_250925 sample_id=ONT_trail_250925 barcode=barcode22 barcode_alias=barcode22 parent_read_id=4df8e6e6-a747-4631-9c98-a0ca7f990bc0 basecall_model_version_id=dna_r10.4.1_e8.2_400bps_hac@v4.3.0
0	4df8e6e6-a747-4631-9c98-a0ca7f990bc0 runid=0dfb5b492dc86ce99bf7c61c734eb364afcdb5c8 ch=4 start_time=2025-09-25T16:26:23.398161+00:00 flow_cell_id=AWX817 basecall_gpu=NVIDIA_Tegra_X2 protocol_group_id=ONT_trialEb_250925 sample_id=ONT_trail_250925 barcode=barcode22 barcode_alias=barcode22 parent_read_id=4df8e6e6-a747-4631-9c98-a0ca7f990bc0 basecall_model_version_id=dna_r10.4.1_e8.2_400bps_hac@v4.3.0
0	d8038c5d-ca6d-4021-93ba-c205c4947591 runid=0dfb5b492dc86ce99bf7c61c734eb364afcdb5c8 ch=57 start_time=2025-09-25T17:35:11.398161+00:00 flow_cell_id=AWX817 basecall_gpu=NVIDIA_Tegra_X2 protocol_group_id=ONT_trialEb_250925 sample_id=ONT_trail_250925 barcode=barcode15 barcode_alias=barcode15 parent_read_id=860fe0e3-f336-4924-ada9-abcb17daf7fd basecall_model_version_id=dna_r10.4.1_e8.2_400bps_hac@v4.3.0 rc
0	b76748ea-7e5a-4b61-b459-e566224014ab runid=0dfb5b492dc86ce99bf7c61c734eb364afcdb5c8 ch=85 start_time=2025-09-25T17:39:08.398161+00:00 flow_cell_id=AWX817 basecall_gpu=NVIDIA_Tegra_X2 protocol_group_id=ONT_trialEb_250925 sample_id=ONT_trail_250925 barcode=barcode22 barcode_alias=barcode22 parent_read_id=b76748ea-7e5a-4b61-b459-e566224014ab basecall_model_version_id=dna_r10.4.1_e8.2_400bps_hac@v4.3.0 rc
0	b76748ea-7e5a-4b61-b459-e566224014ab runid=0dfb5b492dc86ce99bf7c61c734eb364afcdb5c8 ch=85 start_time=2025-09-25T17:39:08.398161+00:00 flow_cell_id=AWX817 basecall_gpu=NVIDIA_Tegra_X2 protocol_group_id=ONT_trialEb_250925 sample_id=ONT_trail_250925 barcode=barcode22 barcode_alias=barcode22 parent_read_id=b76748ea-7e5a-4b61-b459-e566224014ab basecall_model_version_id=dna_r10.4.1_e8.2_400bps_hac@v4.3.0 rc
0	2c279944-4c0a-47bd-a8b3-a576cbab960b runid=0dfb5b492dc86ce99bf7c61c734eb364afcdb5c8 ch=110 start_time=2025-09-25T17:12:20.398161+00:00 flow_cell_id=AWX817 basecall_gpu=NVIDIA_Tegra_X2 protocol_group_id=ONT_trialEb_250925 sample_id=ONT_trail_250925 barcode=barcode15 barcode_alias=barcode15 parent_read_id=2c279944-4c0a-47bd-a8b3-a576cbab960b basecall_model_version_id=dna_r10.4.1_e8.2_400bps_hac@v4.3.0 rc
0	7d285fd3-961c-419f-81b8-54d14503f74d runid=0dfb5b492dc86ce99bf7c61c734eb364afcdb5c8 ch=44 start_time=2025-09-25T23:11:47.398161+00:00 flow_cell_id=AWX817 basecall_gpu=NVIDIA_Tegra_X2 protocol_group_id=ONT_trialEb_250925 sample_id=ONT_trail_250925 barcode=barcode22 barcode_alias=barcode22 parent_read_id=7d285fd3-961c-419f-81b8-54d14503f74d basecall_model_version_id=dna_r10.4.1_e8.2_400bps_hac@v4.3.0
0	7d285fd3-961c-419f-81b8-54d14503f74d runid=0dfb5b492dc86ce99bf7c61c734eb364afcdb5c8 ch=44 start_time=2025-09-25T23:11:47.398161+00:00 flow_cell_id=AWX817 basecall_gpu=NVIDIA_Tegra_X2 protocol_group_id=ONT_trialEb_250925 sample_id=ONT_trail_250925 barcode=barcode22 barcode_alias=barcode22 parent_read_id=7d285fd3-961c-419f-81b8-54d14503f74d basecall_model_version_id=dna_r10.4.1_e8.2_400bps_hac@v4.3.0
0	1d677a22-01ea-48f9-80ee-a606582b2e01 runid=0dfb5b492dc86ce99bf7c61c734eb364afcdb5c8 ch=44 start_time=2025-09-26T03:50:24.398161+00:00 flow_cell_id=AWX817 basecall_gpu=NVIDIA_Tegra_X2 protocol_group_id=ONT_trialEb_250925 sample_id=ONT_trail_250925 barcode=barcode22 barcode_alias=barcode22 parent_read_id=1d677a22-01ea-48f9-80ee-a606582b2e01 basecall_model_version_id=dna_r10.4.1_e8.2_400bps_hac@v4.3.0
0	1d677a22-01ea-48f9-80ee-a606582b2e01 runid=0dfb5b492dc86ce99bf7c61c734eb364afcdb5c8 ch=44 start_time=2025-09-26T03:50:24.398161+00:00 flow_cell_id=AWX817 basecall_gpu=NVIDIA_Tegra_X2 protocol_group_id=ONT_trialEb_250925 sample_id=ONT_trail_250925 barcode=barcode22 barcode_alias=barcode22 parent_read_id=1d677a22-01ea-48f9-80ee-a606582b2e01 basecall_model_version_id=dna_r10.4.1_e8.2_400bps_hac@v4.3.0
0	392df9f7-fd69-43e1-88fc-d092cadf0a37 runid=0dfb5b492dc86ce99bf7c61c734eb364afcdb5c8 ch=110 start_time=2025-09-25T16:41:51.398161+00:00 flow_cell_id=AWX817 basecall_gpu=NVIDIA_Tegra_X2 protocol_group_id=ONT_trialEb_250925 sample_id=ONT_trail_250925 barcode=barcode13 barcode_alias=barcode13 parent_read_id=392df9f7-fd69-43e1-88fc-d092cadf0a37 basecall_model_version_id=dna_r10.4.1_e8.2_400bps_hac@v4.3.0
0	b073deaf-dedf-4084-bea2-a689d3a8f5f3 runid=0dfb5b492dc86ce99bf7c61c734eb364afcdb5c8 ch=20 start_time=2025-09-26T04:36:33.398161+00:00 flow_cell_id=AWX817 basecall_gpu=NVIDIA_Tegra_X2 protocol_group_id=ONT_trialEb_250925 sample_id=ONT_trail_250925 barcode=barcode24 barcode_alias=barcode24 parent_read_id=b073deaf-dedf-4084-bea2-a689d3a8f5f3 basecall_model_version_id=dna_r10.4.1_e8.2_400bps_hac@v4.3.0 rc
0	be0c6a66-ff76-4570-8dac-b7c1d261c76e runid=0dfb5b492dc86ce99bf7c61c734eb364afcdb5c8 ch=20 start_time=2025-09-26T06:25:35.398161+00:00 flow_cell_id=AWX817 basecall_gpu=NVIDIA_Tegra_X2 protocol_group_id=ONT_trialEb_250925 sample_id=ONT_trail_250925 barcode=barcode22 barcode_alias=barcode22 parent_read_id=be0c6a66-ff76-4570-8dac-b7c1d261c76e basecall_model_version_id=dna_r10.4.1_e8.2_400bps_hac@v4.3.0
0	be0c6a66-ff76-4570-8dac-b7c1d261c76e runid=0dfb5b492dc86ce99bf7c61c734eb364afcdb5c8 ch=20 start_time=2025-09-26T06:25:35.398161+00:00 flow_cell_id=AWX817 basecall_gpu=NVIDIA_Tegra_X2 protocol_group_id=ONT_trialEb_250925 sample_id=ONT_trail_250925 barcode=barcode22 barcode_alias=barcode22 parent_read_id=be0c6a66-ff76-4570-8dac-b7c1d261c76e basecall_model_version_id=dna_r10.4.1_e8.2_400bps_hac@v4.3.0
0	86a7ba20-a256-4950-80b7-b4157c0bc6fe runid=0dfb5b492dc86ce99bf7c61c734eb364afcdb5c8 ch=56 start_time=2025-09-25T16:41:25.398161+00:00 flow_cell_id=AWX817 basecall_gpu=NVIDIA_Tegra_X2 protocol_group_id=ONT_trialEb_250925 sample_id=ONT_trail_250925 barcode=barcode14 barcode_alias=barcode14 parent_read_id=86a7ba20-a256-4950-80b7-b4157c0bc6fe basecall_model_version_id=dna_r10.4.1_e8.2_400bps_hac@v4.3.0
0	86a7ba20-a256-4950-80b7-b4157c0bc6fe runid=0dfb5b492dc86ce99bf7c61c734eb364afcdb5c8 ch=56 start_time=2025-09-25T16:41:25.398161+00:00 flow_cell_id=AWX817 basecall_gpu=NVIDIA_Tegra_X2 protocol_group_id=ONT_trialEb_250925 sample_id=ONT_trail_250925 barcode=barcode14 barcode_alias=barcode14 parent_read_id=86a7ba20-a256-4950-80b7-b4157c0bc6fe basecall_model_version_id=dna_r10.4.1_e8.2_400bps_hac@v4.3.0
0	1e91b150-2ad2-487f-8474-cfebd1d4725d runid=0dfb5b492dc86ce99bf7c61c734eb364afcdb5c8 ch=80 start_time=2025-09-25T20:00:17.398161+00:00 flow_cell_id=AWX817 basecall_gpu=NVIDIA_Tegra_X2 protocol_group_id=ONT_trialEb_250925 sample_id=ONT_trail_250925 barcode=barcode14 barcode_alias=barcode14 parent_read_id=1e91b150-2ad2-487f-8474-cfebd1d4725d basecall_model_version_id=dna_r10.4.1_e8.2_400bps_hac@v4.3.0
0	1e91b150-2ad2-487f-8474-cfebd1d4725d runid=0dfb5b492dc86ce99bf7c61c734eb364afcdb5c8 ch=80 start_time=2025-09-25T20:00:17.398161+00:00 flow_cell_id=AWX817 basecall_gpu=NVIDIA_Tegra_X2 protocol_group_id=ONT_trialEb_250925 sample_id=ONT_trail_250925 barcode=barcode14 barcode_alias=barcode14 parent_read_id=1e91b150-2ad2-487f-8474-cfebd1d4725d basecall_model_version_id=dna_r10.4.1_e8.2_400bps_hac@v4.3.0
0	eae80258-66ec-4933-b37d-bacd32fd5ed5 runid=0dfb5b492dc86ce99bf7c61c734eb364afcdb5c8 ch=96 start_time=2025-09-26T00:31:56.398161+00:00 flow_cell_id=AWX817 basecall_gpu=NVIDIA_Tegra_X2 protocol_group_id=ONT_trialEb_250925 sample_id=ONT_trail_250925 barcode=barcode23 barcode_alias=barcode23 parent_read_id=f5fff41e-9ea1-4d16-8a39-b8337007522e basecall_model_version_id=dna_r10.4.1_e8.2_400bps_hac@v4.3.0
0	f3e0c767-7fad-4c19-927f-7ed8ba156e5e runid=0dfb5b492dc86ce99bf7c61c734eb364afcdb5c8 ch=4 start_time=2025-09-25T18:31:46.398161+00:00 flow_cell_id=AWX817 basecall_gpu=NVIDIA_Tegra_X2 protocol_group_id=ONT_trialEb_250925 sample_id=ONT_trail_250925 barcode=barcode22 barcode_alias=barcode22 parent_read_id=05a3e115-b72a-43d6-b6ca-909c7d0dac64 basecall_model_version_id=dna_r10.4.1_e8.2_400bps_hac@v4.3.0
0	f3e0c767-7fad-4c19-927f-7ed8ba156e5e runid=0dfb5b492dc86ce99bf7c61c734eb364afcdb5c8 ch=4 start_time=2025-09-25T18:31:46.398161+00:00 flow_cell_id=AWX817 basecall_gpu=NVIDIA_Tegra_X2 protocol_group_id=ONT_trialEb_250925 sample_id=ONT_trail_250925 barcode=barcode22 barcode_alias=barcode22 parent_read_id=05a3e115-b72a-43d6-b6ca-909c7d0dac64 basecall_model_version_id=dna_r10.4.1_e8.2_400bps_hac@v4.3.0
0	48c137e1-4fbf-42e1-9261-daf1864519a5 runid=0dfb5b492dc86ce99bf7c61c734eb364afcdb5c8 ch=106 start_time=2025-09-25T17:50:23.398161+00:00 flow_cell_id=AWX817 basecall_gpu=NVIDIA_Tegra_X2 protocol_group_id=ONT_trialEb_250925 sample_id=ONT_trail_250925 barcode=barcode22 barcode_alias=barcode22 parent_read_id=48c137e1-4fbf-42e1-9261-daf1864519a5 basecall_model_version_id=dna_r10.4.1_e8.2_400bps_hac@v4.3.0
0	48c137e1-4fbf-42e1-9261-daf1864519a5 runid=0dfb5b492dc86ce99bf7c61c734eb364afcdb5c8 ch=106 start_time=2025-09-25T17:50:23.398161+00:00 flow_cell_id=AWX817 basecall_gpu=NVIDIA_Tegra_X2 protocol_group_id=ONT_trialEb_250925 sample_id=ONT_trail_250925 barcode=barcode22 barcode_alias=barcode22 parent_read_id=48c137e1-4fbf-42e1-9261-daf1864519a5 basecall_model_version_id=dna_r10.4.1_e8.2_400bps_hac@v4.3.0
0	c7473ea6-cb37-4559-82f0-b47f42fe5b10 runid=0dfb5b492dc86ce99bf7c61c734eb364afcdb5c8 ch=20 start_time=2025-09-26T03:14:13.398161+00:00 flow_cell_id=AWX817 basecall_gpu=NVIDIA_Tegra_X2 protocol_group_id=ONT_trialEb_250925 sample_id=ONT_trail_250925 barcode=barcode24 barcode_alias=barcode24 parent_read_id=c7473ea6-cb37-4559-82f0-b47f42fe5b10 basecall_model_version_id=dna_r10.4.1_e8.2_400bps_hac@v4.3.0
0	db3d8934-6713-403f-b627-fb378b629ac6 runid=0dfb5b492dc86ce99bf7c61c734eb364afcdb5c8 ch=94 start_time=2025-09-25T16:50:24.398161+00:00 flow_cell_id=AWX817 basecall_gpu=NVIDIA_Tegra_X2 protocol_group_id=ONT_trialEb_250925 sample_id=ONT_trail_250925 barcode=barcode15 barcode_alias=barcode15 parent_read_id=db3d8934-6713-403f-b627-fb378b629ac6 basecall_model_version_id=dna_r10.4.1_e8.2_400bps_hac@v4.3.0
0	bb0e40cd-cbf4-45be-8ea7-2c753850d67b runid=0dfb5b492dc86ce99bf7c61c734eb364afcdb5c8 ch=44 start_time=2025-09-25T18:55:24.398161+00:00 flow_cell_id=AWX817 basecall_gpu=NVIDIA_Tegra_X2 protocol_group_id=ONT_trialEb_250925 sample_id=ONT_trail_250925 barcode=barcode22 barcode_alias=barcode22 parent_read_id=bb0e40cd-cbf4-45be-8ea7-2c753850d67b basecall_model_version_id=dna_r10.4.1_e8.2_400bps_hac@v4.3.0
0	bb0e40cd-cbf4-45be-8ea7-2c753850d67b runid=0dfb5b492dc86ce99bf7c61c734eb364afcdb5c8 ch=44 start_time=2025-09-25T18:55:24.398161+00:00 flow_cell_id=AWX817 basecall_gpu=NVIDIA_Tegra_X2 protocol_group_id=ONT_trialEb_250925 sample_id=ONT_trail_250925 barcode=barcode22 barcode_alias=barcode22 parent_read_id=bb0e40cd-cbf4-45be-8ea7-2c753850d67b basecall_model_version_id=dna_r10.4.1_e8.2_400bps_hac@v4.3.0
0	a7dfb013-c683-4bbf-9580-bfbbde89e67d runid=0dfb5b492dc86ce99bf7c61c734eb364afcdb5c8 ch=44 start_time=2025-09-25T21:11:16.398161+00:00 flow_cell_id=AWX817 basecall_gpu=NVIDIA_Tegra_X2 protocol_group_id=ONT_trialEb_250925 sample_id=ONT_trail_250925 barcode=barcode22 barcode_alias=barcode22 parent_read_id=a7dfb013-c683-4bbf-9580-bfbbde89e67d basecall_model_version_id=dna_r10.4.1_e8.2_400bps_hac@v4.3.0
0	a7dfb013-c683-4bbf-9580-bfbbde89e67d runid=0dfb5b492dc86ce99bf7c61c734eb364afcdb5c8 ch=44 start_time=2025-09-25T21:11:16.398161+00:00 flow_cell_id=AWX817 basecall_gpu=NVIDIA_Tegra_X2 protocol_group_id=ONT_trialEb_250925 sample_id=ONT_trail_250925 barcode=barcode22 barcode_alias=barcode22 parent_read_id=a7dfb013-c683-4bbf-9580-bfbbde89e67d basecall_model_version_id=dna_r10.4.1_e8.2_400bps_hac@v4.3.0
0	003d7973-e8c6-4eb9-b29b-b795dc75d05e runid=0dfb5b492dc86ce99bf7c61c734eb364afcdb5c8 ch=57 start_time=2025-09-25T17:28:11.398161+00:00 flow_cell_id=AWX817 basecall_gpu=NVIDIA_Tegra_X2 protocol_group_id=ONT_trialEb_250925 sample_id=ONT_trail_250925 barcode=barcode14 barcode_alias=barcode14 parent_read_id=003d7973-e8c6-4eb9-b29b-b795dc75d05e basecall_model_version_id=dna_r10.4.1_e8.2_400bps_hac@v4.3.0 rc
0	003d7973-e8c6-4eb9-b29b-b795dc75d05e runid=0dfb5b492dc86ce99bf7c61c734eb364afcdb5c8 ch=57 start_time=2025-09-25T17:28:11.398161+00:00 flow_cell_id=AWX817 basecall_gpu=NVIDIA_Tegra_X2 protocol_group_id=ONT_trialEb_250925 sample_id=ONT_trail_250925 barcode=barcode14 barcode_alias=barcode14 parent_read_id=003d7973-e8c6-4eb9-b29b-b795dc75d05e basecall_model_version_id=dna_r10.4.1_e8.2_400bps_hac@v4.3.0 rc
0	39851717-d6a2-43cb-bf4c-0cdf118aa7a0 runid=0dfb5b492dc86ce99bf7c61c734eb364afcdb5c8 ch=85 start_time=2025-09-25T19:00:56.398161+00:00 flow_cell_id=AWX817 basecall_gpu=NVIDIA_Tegra_X2 protocol_group_id=ONT_trialEb_250925 sample_id=ONT_trail_250925 barcode=barcode14 barcode_alias=barcode14 parent_read_id=39851717-d6a2-43cb-bf4c-0cdf118aa7a0 basecall_model_version_id=dna_r10.4.1_e8.2_400bps_hac@v4.3.0
0	39851717-d6a2-43cb-bf4c-0cdf118aa7a0 runid=0dfb5b492dc86ce99bf7c61c734eb364afcdb5c8 ch=85 start_time=2025-09-25T19:00:56.398161+00:00 flow_cell_id=AWX817 basecall_gpu=NVIDIA_Tegra_X2 protocol_group_id=ONT_trialEb_250925 sample_id=ONT_trail_250925 barcode=barcode14 barcode_alias=barcode14 parent_read_id=39851717-d6a2-43cb-bf4c-0cdf118aa7a0 basecall_model_version_id=dna_r10.4.1_e8.2_400bps_hac@v4.3.0
0	0cef928d-971c-4e56-adfd-59befe5b7d29 runid=0dfb5b492dc86ce99bf7c61c734eb364afcdb5c8 ch=23 start_time=2025-09-25T19:38:21.398161+00:00 flow_cell_id=AWX817 basecall_gpu=NVIDIA_Tegra_X2 protocol_group_id=ONT_trialEb_250925 sample_id=ONT_trail_250925 barcode=barcode23 barcode_alias=barcode23 parent_read_id=0cef928d-971c-4e56-adfd-59befe5b7d29 basecall_model_version_id=dna_r10.4.1_e8.2_400bps_hac@v4.3.0
0	e15c80b7-7480-4bf9-90f3-6af72c6d745c runid=0dfb5b492dc86ce99bf7c61c734eb364afcdb5c8 ch=57 start_time=2025-09-25T17:32:21.398161+00:00 flow_cell_id=AWX817 basecall_gpu=NVIDIA_Tegra_X2 protocol_group_id=ONT_trialEb_250925 sample_id=ONT_trail_250925 barcode=barcode22 barcode_alias=barcode22 parent_read_id=e15c80b7-7480-4bf9-90f3-6af72c6d745c basecall_model_version_id=dna_r10.4.1_e8.2_400bps_hac@v4.3.0
0	e15c80b7-7480-4bf9-90f3-6af72c6d745c runid=0dfb5b492dc86ce99bf7c61c734eb364afcdb5c8 ch=57 start_time=2025-09-25T17:32:21.398161+00:00 flow_cell_id=AWX817 basecall_gpu=NVIDIA_Tegra_X2 protocol_group_id=ONT_trialEb_250925 sample_id=ONT_trail_250925 barcode=barcode22 barcode_alias=barcode22 parent_read_id=e15c80b7-7480-4bf9-90f3-6af72c6d745c basecall_model_version_id=dna_r10.4.1_e8.2_400bps_hac@v4.3.0
0	c81dc9a0-1e2a-446f-b04b-6ab37ea70748 runid=0dfb5b492dc86ce99bf7c61c734eb364afcdb5c8 ch=40 start_time=2025-09-25T18:03:09.398161+00:00 flow_cell_id=AWX817 basecall_gpu=NVIDIA_Tegra_X2 protocol_group_id=ONT_trialEb_250925 sample_id=ONT_trail_250925 barcode=barcode23 barcode_alias=barcode23 parent_read_id=c81dc9a0-1e2a-446f-b04b-6ab37ea70748 basecall_model_version_id=dna_r10.4.1_e8.2_400bps_hac@v4.3.0 rc
0	ad135d44-1983-4e3a-b172-1c239779cf27 runid=0dfb5b492dc86ce99bf7c61c734eb364afcdb5c8 ch=79 start_time=2025-09-25T21:43:59.398161+00:00 flow_cell_id=AWX817 basecall_gpu=NVIDIA_Tegra_X2 protocol_group_id=ONT_trialEb_250925 sample_id=ONT_trail_250925 barcode=barcode22 barcode_alias=barcode22 parent_read_id=b070b2b2-de8c-4c2b-802a-ebf94ab97ae5 basecall_model_version_id=dna_r10.4.1_e8.2_400bps_hac@v4.3.0
0	ad135d44-1983-4e3a-b172-1c239779cf27 runid=0dfb5b492dc86ce99bf7c61c734eb364afcdb5c8 ch=79 start_time=2025-09-25T21:43:59.398161+00:00 flow_cell_id=AWX817 basecall_gpu=NVIDIA_Tegra_X2 protocol_group_id=ONT_trialEb_250925 sample_id=ONT_trail_250925 barcode=barcode22 barcode_alias=barcode22 parent_read_id=b070b2b2-de8c-4c2b-802a-ebf94ab97ae5 basecall_model_version_id=dna_r10.4.1_e8.2_400bps_hac@v4.3.0
0	7482625c-8152-4f95-862c-c98f8ecee3a7 runid=0dfb5b492dc86ce99bf7c61c734eb364afcdb5c8 ch=15 start_time=2025-09-25T17:43:25.398161+00:00 flow_cell_id=AWX817 basecall_gpu=NVIDIA_Tegra_X2 protocol_group_id=ONT_trialEb_250925 sample_id=ONT_trail_250925 barcode=barcode15 barcode_alias=barcode15 parent_read_id=7482625c-8152-4f95-862c-c98f8ecee3a7 basecall_model_version_id=dna_r10.4.1_e8.2_400bps_hac@v4.3.0 rc
0	9c6c4a6b-e1f5-43a7-8d5d-6c716bb175bf runid=0dfb5b492dc86ce99bf7c61c734eb364afcdb5c8 ch=80 start_time=2025-09-25T17:45:03.398161+00:00 flow_cell_id=AWX817 basecall_gpu=NVIDIA_Tegra_X2 protocol_group_id=ONT_trialEb_250925 sample_id=ONT_trail_250925 barcode=barcode15 barcode_alias=barcode15 parent_read_id=9c6c4a6b-e1f5-43a7-8d5d-6c716bb175bf basecall_model_version_id=dna_r10.4.1_e8.2_400bps_hac@v4.3.0
0	508536d3-a4ec-4619-86b8-6ebf40a15d2e runid=0dfb5b492dc86ce99bf7c61c734eb364afcdb5c8 ch=77 start_time=2025-09-25T21:18:24.398161+00:00 flow_cell_id=AWX817 basecall_gpu=NVIDIA_Tegra_X2 protocol_group_id=ONT_trialEb_250925 sample_id=ONT_trail_250925 barcode=barcode22 barcode_alias=barcode22 parent_read_id=508536d3-a4ec-4619-86b8-6ebf40a15d2e basecall_model_version_id=dna_r10.4.1_e8.2_400bps_hac@v4.3.0
0	508536d3-a4ec-4619-86b8-6ebf40a15d2e runid=0dfb5b492dc86ce99bf7c61c734eb364afcdb5c8 ch=77 start_time=2025-09-25T21:18:24.398161+00:00 flow_cell_id=AWX817 basecall_gpu=NVIDIA_Tegra_X2 protocol_group_id=ONT_trialEb_250925 sample_id=ONT_trail_250925 barcode=barcode22 barcode_alias=barcode22 parent_read_id=508536d3-a4ec-4619-86b8-6ebf40a15d2e basecall_model_version_id=dna_r10.4.1_e8.2_400bps_hac@v4.3.0
0	8779d6a7-173f-43f4-a681-0eddc41e25bd runid=0dfb5b492dc86ce99bf7c61c734eb364afcdb5c8 ch=4 start_time=2025-09-25T21:24:03.398161+00:00 flow_cell_id=AWX817 basecall_gpu=NVIDIA_Tegra_X2 protocol_group_id=ONT_trialEb_250925 sample_id=ONT_trail_250925 barcode=barcode23 barcode_alias=barcode23 parent_read_id=8779d6a7-173f-43f4-a681-0eddc41e25bd basecall_model_version_id=dna_r10.4.1_e8.2_400bps_hac@v4.3.0
0	d55b90c3-b3bf-46ee-9489-5c7143177237 runid=0dfb5b492dc86ce99bf7c61c734eb364afcdb5c8 ch=56 start_time=2025-09-25T16:35:19.398161+00:00 flow_cell_id=AWX817 basecall_gpu=NVIDIA_Tegra_X2 protocol_group_id=ONT_trialEb_250925 sample_id=ONT_trail_250925 barcode=barcode22 barcode_alias=barcode22 parent_read_id=d55b90c3-b3bf-46ee-9489-5c7143177237 basecall_model_version_id=dna_r10.4.1_e8.2_400bps_hac@v4.3.0
0	d55b90c3-b3bf-46ee-9489-5c7143177237 runid=0dfb5b492dc86ce99bf7c61c734eb364afcdb5c8 ch=56 start_time=2025-09-25T16:35:19.398161+00:00 flow_cell_id=AWX817 basecall_gpu=NVIDIA_Tegra_X2 protocol_group_id=ONT_trialEb_250925 sample_id=ONT_trail_250925 barcode=barcode22 barcode_alias=barcode22 parent_read_id=d55b90c3-b3bf-46ee-9489-5c7143177237 basecall_model_version_id=dna_r10.4.1_e8.2_400bps_hac@v4.3.0
0	c49d3484-b6e8-4462-930a-13803cf2b0ea runid=0dfb5b492dc86ce99bf7c61c734eb364afcdb5c8 ch=44 start_time=2025-09-26T04:08:49.398161+00:00 flow_cell_id=AWX817 basecall_gpu=NVIDIA_Tegra_X2 protocol_group_id=ONT_trialEb_250925 sample_id=ONT_trail_250925 barcode=barcode24 barcode_alias=barcode24 parent_read_id=c49d3484-b6e8-4462-930a-13803cf2b0ea basecall_model_version_id=dna_r10.4.1_e8.2_400bps_hac@v4.3.0 rc
0	233d5e8e-987c-46dd-960b-1596f011b626 runid=0dfb5b492dc86ce99bf7c61c734eb364afcdb5c8 ch=39 start_time=2025-09-25T21:31:42.398161+00:00 flow_cell_id=AWX817 basecall_gpu=NVIDIA_Tegra_X2 protocol_group_id=ONT_trialEb_250925 sample_id=ONT_trail_250925 barcode=barcode23 barcode_alias=barcode23 parent_read_id=233d5e8e-987c-46dd-960b-1596f011b626 basecall_model_version_id=dna_r10.4.1_e8.2_400bps_hac@v4.3.0 rc
0	9a19ffed-78d8-4220-a745-5f96e791acf1 runid=0dfb5b492dc86ce99bf7c61c734eb364afcdb5c8 ch=44 start_time=2025-09-25T23:54:44.398161+00:00 flow_cell_id=AWX817 basecall_gpu=NVIDIA_Tegra_X2 protocol_group_id=ONT_trialEb_250925 sample_id=ONT_trail_250925 barcode=barcode22 barcode_alias=barcode22 parent_read_id=9a19ffed-78d8-4220-a745-5f96e791acf1 basecall_model_version_id=dna_r10.4.1_e8.2_400bps_hac@v4.3.0 rc
0	9a19ffed-78d8-4220-a745-5f96e791acf1 runid=0dfb5b492dc86ce99bf7c61c734eb364afcdb5c8 ch=44 start_time=2025-09-25T23:54:44.398161+00:00 flow_cell_id=AWX817 basecall_gpu=NVIDIA_Tegra_X2 protocol_group_id=ONT_trialEb_250925 sample_id=ONT_trail_250925 barcode=barcode22 barcode_alias=barcode22 parent_read_id=9a19ffed-78d8-4220-a745-5f96e791acf1 basecall_model_version_id=dna_r10.4.1_e8.2_400bps_hac@v4.3.0 rc
0	748985ff-d90e-454b-8ff6-61de8b0a0b11 runid=0dfb5b492dc86ce99bf7c61c734eb364afcdb5c8 ch=39 start_time=2025-09-25T17:19:55.398161+00:00 flow_cell_id=AWX817 basecall_gpu=NVIDIA_Tegra_X2 protocol_group_id=ONT_trialEb_250925 sample_id=ONT_trail_250925 barcode=barcode24 barcode_alias=barcode24 parent_read_id=748985ff-d90e-454b-8ff6-61de8b0a0b11 basecall_model_version_id=dna_r10.4.1_e8.2_400bps_hac@v4.3.0
0	82d73ff5-d3ce-42ce-855b-ea2a8af97536 runid=0dfb5b492dc86ce99bf7c61c734eb364afcdb5c8 ch=79 start_time=2025-09-25T20:57:15.398161+00:00 flow_cell_id=AWX817 basecall_gpu=NVIDIA_Tegra_X2 protocol_group_id=ONT_trialEb_250925 sample_id=ONT_trail_250925 barcode=barcode23 barcode_alias=barcode23 parent_read_id=82d73ff5-d3ce-42ce-855b-ea2a8af97536 basecall_model_version_id=dna_r10.4.1_e8.2_400bps_hac@v4.3.0
0	7c5843b5-4a3b-4dca-beab-fc776c471c33 runid=0dfb5b492dc86ce99bf7c61c734eb364afcdb5c8 ch=20 start_time=2025-09-25T23:08:30.398161+00:00 flow_cell_id=AWX817 basecall_gpu=NVIDIA_Tegra_X2 protocol_group_id=ONT_trialEb_250925 sample_id=ONT_trail_250925 barcode=barcode22 barcode_alias=barcode22 parent_read_id=7c5843b5-4a3b-4dca-beab-fc776c471c33 basecall_model_version_id=dna_r10.4.1_e8.2_400bps_hac@v4.3.0
0	7c5843b5-4a3b-4dca-beab-fc776c471c33 runid=0dfb5b492dc86ce99bf7c61c734eb364afcdb5c8 ch=20 start_time=2025-09-25T23:08:30.398161+00:00 flow_cell_id=AWX817 basecall_gpu=NVIDIA_Tegra_X2 protocol_group_id=ONT_trialEb_250925 sample_id=ONT_trail_250925 barcode=barcode22 barcode_alias=barcode22 parent_read_id=7c5843b5-4a3b-4dca-beab-fc776c471c33 basecall_model_version_id=dna_r10.4.1_e8.2_400bps_hac@v4.3.0
0	b3446b99-1337-46ed-b481-6129d690bd92 runid=0dfb5b492dc86ce99bf7c61c734eb364afcdb5c8 ch=41 start_time=2025-09-25T21:20:38.398161+00:00 flow_cell_id=AWX817 basecall_gpu=NVIDIA_Tegra_X2 protocol_group_id=ONT_trialEb_250925 sample_id=ONT_trail_250925 barcode=barcode15 barcode_alias=barcode15 parent_read_id=b3446b99-1337-46ed-b481-6129d690bd92 basecall_model_version_id=dna_r10.4.1_e8.2_400bps_hac@v4.3.0
0	e3804c00-0ba5-4e55-afcd-cadd4dae78ec runid=0dfb5b492dc86ce99bf7c61c734eb364afcdb5c8 ch=39 start_time=2025-09-25T18:32:00.398161+00:00 flow_cell_id=AWX817 basecall_gpu=NVIDIA_Tegra_X2 protocol_group_id=ONT_trialEb_250925 sample_id=ONT_trail_250925 barcode=barcode22 barcode_alias=barcode22 parent_read_id=e3804c00-0ba5-4e55-afcd-cadd4dae78ec basecall_model_version_id=dna_r10.4.1_e8.2_400bps_hac@v4.3.0
0	e3804c00-0ba5-4e55-afcd-cadd4dae78ec runid=0dfb5b492dc86ce99bf7c61c734eb364afcdb5c8 ch=39 start_time=2025-09-25T18:32:00.398161+00:00 flow_cell_id=AWX817 basecall_gpu=NVIDIA_Tegra_X2 protocol_group_id=ONT_trialEb_250925 sample_id=ONT_trail_250925 barcode=barcode22 barcode_alias=barcode22 parent_read_id=e3804c00-0ba5-4e55-afcd-cadd4dae78ec basecall_model_version_id=dna_r10.4.1_e8.2_400bps_hac@v4.3.0
0	0ea96fd3-d646-493b-a018-0186da38e49e runid=0dfb5b492dc86ce99bf7c61c734eb364afcdb5c8 ch=44 start_time=2025-09-25T23:22:12.398161+00:00 flow_cell_id=AWX817 basecall_gpu=NVIDIA_Tegra_X2 protocol_group_id=ONT_trialEb_250925 sample_id=ONT_trail_250925 barcode=barcode15 barcode_alias=barcode15 parent_read_id=0ea96fd3-d646-493b-a018-0186da38e49e basecall_model_version_id=dna_r10.4.1_e8.2_400bps_hac@v4.3.0
0	26f29e34-60ee-48fa-9752-dc10ceaed729 runid=0dfb5b492dc86ce99bf7c61c734eb364afcdb5c8 ch=20 start_time=2025-09-25T20:30:37.398161+00:00 flow_cell_id=AWX817 basecall_gpu=NVIDIA_Tegra_X2 protocol_group_id=ONT_trialEb_250925 sample_id=ONT_trail_250925 barcode=barcode22 barcode_alias=barcode22 parent_read_id=26f29e34-60ee-48fa-9752-dc10ceaed729 basecall_model_version_id=dna_r10.4.1_e8.2_400bps_hac@v4.3.0
0	26f29e34-60ee-48fa-9752-dc10ceaed729 runid=0dfb5b492dc86ce99bf7c61c734eb364afcdb5c8 ch=20 start_time=2025-09-25T20:30:37.398161+00:00 flow_cell_id=AWX817 basecall_gpu=NVIDIA_Tegra_X2 protocol_group_id=ONT_trialEb_250925 sample_id=ONT_trail_250925 barcode=barcode22 barcode_alias=barcode22 parent_read_id=26f29e34-60ee-48fa-9752-dc10ceaed729 basecall_model_version_id=dna_r10.4.1_e8.2_400bps_hac@v4.3.0
0	9b763796-1a08-42a8-bc9c-c210ae58eea6 runid=0dfb5b492dc86ce99bf7c61c734eb364afcdb5c8 ch=58 start_time=2025-09-25T20:00:43.398161+00:00 flow_cell_id=AWX817 basecall_gpu=NVIDIA_Tegra_X2 protocol_group_id=ONT_trialEb_250925 sample_id=ONT_trail_250925 barcode=barcode24 barcode_alias=barcode24 parent_read_id=9b763796-1a08-42a8-bc9c-c210ae58eea6 basecall_model_version_id=dna_r10.4.1_e8.2_400bps_hac@v4.3.0 rc
0	6bf4df2b-0e03-4f52-b295-798691a59a9a runid=0dfb5b492dc86ce99bf7c61c734eb364afcdb5c8 ch=91 start_time=2025-09-25T18:37:06.398161+00:00 flow_cell_id=AWX817 basecall_gpu=NVIDIA_Tegra_X2 protocol_group_id=ONT_trialEb_250925 sample_id=ONT_trail_250925 barcode=barcode24 barcode_alias=barcode24 parent_read_id=6bf4df2b-0e03-4f52-b295-798691a59a9a basecall_model_version_id=dna_r10.4.1_e8.2_400bps_hac@v4.3.0
0	cbe12401-27e8-4c4a-8b15-e672b03bd0df runid=0dfb5b492dc86ce99bf7c61c734eb364afcdb5c8 ch=4 start_time=2025-09-25T20:44:24.398161+00:00 flow_cell_id=AWX817 basecall_gpu=NVIDIA_Tegra_X2 protocol_group_id=ONT_trialEb_250925 sample_id=ONT_trail_250925 barcode=barcode24 barcode_alias=barcode24 parent_read_id=cbe12401-27e8-4c4a-8b15-e672b03bd0df basecall_model_version_id=dna_r10.4.1_e8.2_400bps_hac@v4.3.0 rc
0	5aa74023-76d2-416c-8d3b-516debbeca55 runid=0dfb5b492dc86ce99bf7c61c734eb364afcdb5c8 ch=94 start_time=2025-09-25T16:49:46.398161+00:00 flow_cell_id=AWX817 basecall_gpu=NVIDIA_Tegra_X2 protocol_group_id=ONT_trialEb_250925 sample_id=ONT_trail_250925 barcode=barcode24 barcode_alias=barcode24 parent_read_id=5aa74023-76d2-416c-8d3b-516debbeca55 basecall_model_version_id=dna_r10.4.1_e8.2_400bps_hac@v4.3.0
0	6d0e5afe-497b-4f67-8f2d-b328e8cacecf runid=0dfb5b492dc86ce99bf7c61c734eb364afcdb5c8 ch=58 start_time=2025-09-25T17:35:47.398161+00:00 flow_cell_id=AWX817 basecall_gpu=NVIDIA_Tegra_X2 protocol_group_id=ONT_trialEb_250925 sample_id=ONT_trail_250925 barcode=barcode15 barcode_alias=barcode15 parent_read_id=6d0e5afe-497b-4f67-8f2d-b328e8cacecf basecall_model_version_id=dna_r10.4.1_e8.2_400bps_hac@v4.3.0 rc
0	da2a67ab-9977-45f4-a5e7-f2e59bd787bd runid=0dfb5b492dc86ce99bf7c61c734eb364afcdb5c8 ch=85 start_time=2025-09-25T22:46:12.398161+00:00 flow_cell_id=AWX817 basecall_gpu=NVIDIA_Tegra_X2 protocol_group_id=ONT_trialEb_250925 sample_id=ONT_trail_250925 barcode=barcode22 barcode_alias=barcode22 parent_read_id=da2a67ab-9977-45f4-a5e7-f2e59bd787bd basecall_model_version_id=dna_r10.4.1_e8.2_400bps_hac@v4.3.0
0	da2a67ab-9977-45f4-a5e7-f2e59bd787bd runid=0dfb5b492dc86ce99bf7c61c734eb364afcdb5c8 ch=85 start_time=2025-09-25T22:46:12.398161+00:00 flow_cell_id=AWX817 basecall_gpu=NVIDIA_Tegra_X2 protocol_group_id=ONT_trialEb_250925 sample_id=ONT_trail_250925 barcode=barcode22 barcode_alias=barcode22 parent_read_id=da2a67ab-9977-45f4-a5e7-f2e59bd787bd basecall_model_version_id=dna_r10.4.1_e8.2_400bps_hac@v4.3.0
0	94c03db8-5d67-4b7b-88f7-8e07b3775db6 runid=0dfb5b492dc86ce99bf7c61c734eb364afcdb5c8 ch=20 start_time=2025-09-25T16:49:39.398161+00:00 flow_cell_id=AWX817 basecall_gpu=NVIDIA_Tegra_X2 protocol_group_id=ONT_trialEb_250925 sample_id=ONT_trail_250925 barcode=barcode15 barcode_alias=barcode15 parent_read_id=94c03db8-5d67-4b7b-88f7-8e07b3775db6 basecall_model_version_id=dna_r10.4.1_e8.2_400bps_hac@v4.3.0
0	c732f6a9-95a3-4ddf-95c3-759165df17be runid=0dfb5b492dc86ce99bf7c61c734eb364afcdb5c8 ch=6 start_time=2025-09-25T17:55:07.398161+00:00 flow_cell_id=AWX817 basecall_gpu=NVIDIA_Tegra_X2 protocol_group_id=ONT_trialEb_250925 sample_id=ONT_trail_250925 barcode=barcode14 barcode_alias=barcode14 parent_read_id=c732f6a9-95a3-4ddf-95c3-759165df17be basecall_model_version_id=dna_r10.4.1_e8.2_400bps_hac@v4.3.0
0	c732f6a9-95a3-4ddf-95c3-759165df17be runid=0dfb5b492dc86ce99bf7c61c734eb364afcdb5c8 ch=6 start_time=2025-09-25T17:55:07.398161+00:00 flow_cell_id=AWX817 basecall_gpu=NVIDIA_Tegra_X2 protocol_group_id=ONT_trialEb_250925 sample_id=ONT_trail_250925 barcode=barcode14 barcode_alias=barcode14 parent_read_id=c732f6a9-95a3-4ddf-95c3-759165df17be basecall_model_version_id=dna_r10.4.1_e8.2_400bps_hac@v4.3.0
0	737397d1-00bd-49b5-8c93-802ae8d459fd runid=0dfb5b492dc86ce99bf7c61c734eb364afcdb5c8 ch=4 start_time=2025-09-26T03:27:43.398161+00:00 flow_cell_id=AWX817 basecall_gpu=NVIDIA_Tegra_X2 protocol_group_id=ONT_trialEb_250925 sample_id=ONT_trail_250925 barcode=barcode23 barcode_alias=barcode23 parent_read_id=737397d1-00bd-49b5-8c93-802ae8d459fd basecall_model_version_id=dna_r10.4.1_e8.2_400bps_hac@v4.3.0
0	7a74aca6-78b7-46a6-b4e0-7b7d8334c120 runid=0dfb5b492dc86ce99bf7c61c734eb364afcdb5c8 ch=40 start_time=2025-09-25T16:50:21.398161+00:00 flow_cell_id=AWX817 basecall_gpu=NVIDIA_Tegra_X2 protocol_group_id=ONT_trialEb_250925 sample_id=ONT_trail_250925 barcode=barcode22 barcode_alias=barcode22 parent_read_id=7a74aca6-78b7-46a6-b4e0-7b7d8334c120 basecall_model_version_id=dna_r10.4.1_e8.2_400bps_hac@v4.3.0 rc
0	7a74aca6-78b7-46a6-b4e0-7b7d8334c120 runid=0dfb5b492dc86ce99bf7c61c734eb364afcdb5c8 ch=40 start_time=2025-09-25T16:50:21.398161+00:00 flow_cell_id=AWX817 basecall_gpu=NVIDIA_Tegra_X2 protocol_group_id=ONT_trialEb_250925 sample_id=ONT_trail_250925 barcode=barcode22 barcode_alias=barcode22 parent_read_id=7a74aca6-78b7-46a6-b4e0-7b7d8334c120 basecall_model_version_id=dna_r10.4.1_e8.2_400bps_hac@v4.3.0 rc
0	7565077f-cb35-4bc3-8a3e-6271e9a44084 runid=0dfb5b492dc86ce99bf7c61c734eb364afcdb5c8 ch=41 start_time=2025-09-26T01:46:41.398161+00:00 flow_cell_id=AWX817 basecall_gpu=NVIDIA_Tegra_X2 protocol_group_id=ONT_trialEb_250925 sample_id=ONT_trail_250925 barcode=barcode23 barcode_alias=barcode23 parent_read_id=7565077f-cb35-4bc3-8a3e-6271e9a44084 basecall_model_version_id=dna_r10.4.1_e8.2_400bps_hac@v4.3.0
0	db90800c-56aa-46ea-a20c-a1433709c2e0 runid=0dfb5b492dc86ce99bf7c61c734eb364afcdb5c8 ch=110 start_time=2025-09-25T19:37:40.398161+00:00 flow_cell_id=AWX817 basecall_gpu=NVIDIA_Tegra_X2 protocol_group_id=ONT_trialEb_250925 sample_id=ONT_trail_250925 barcode=barcode23 barcode_alias=barcode23 parent_read_id=db90800c-56aa-46ea-a20c-a1433709c2e0 basecall_model_version_id=dna_r10.4.1_e8.2_400bps_hac@v4.3.0
0	830f43d3-b949-417a-994a-2fc60c612952 runid=0dfb5b492dc86ce99bf7c61c734eb364afcdb5c8 ch=73 start_time=2025-09-25T17:25:19.398161+00:00 flow_cell_id=AWX817 basecall_gpu=NVIDIA_Tegra_X2 protocol_group_id=ONT_trialEb_250925 sample_id=ONT_trail_250925 barcode=barcode23 barcode_alias=barcode23 parent_read_id=62910020-6a46-40c8-9cf6-a38d44bbb98a basecall_model_version_id=dna_r10.4.1_e8.2_400bps_hac@v4.3.0 rc
0	65bb2d4a-313f-427a-962c-c04f75d10c51 runid=0dfb5b492dc86ce99bf7c61c734eb364afcdb5c8 ch=44 start_time=2025-09-26T05:32:01.398161+00:00 flow_cell_id=AWX817 basecall_gpu=NVIDIA_Tegra_X2 protocol_group_id=ONT_trialEb_250925 sample_id=ONT_trail_250925 barcode=barcode24 barcode_alias=barcode24 parent_read_id=65bb2d4a-313f-427a-962c-c04f75d10c51 basecall_model_version_id=dna_r10.4.1_e8.2_400bps_hac@v4.3.0
0	4f40bf04-51ca-4b1a-bb72-c54cb5b87108 runid=0dfb5b492dc86ce99bf7c61c734eb364afcdb5c8 ch=79 start_time=2025-09-25T18:20:03.398161+00:00 flow_cell_id=AWX817 basecall_gpu=NVIDIA_Tegra_X2 protocol_group_id=ONT_trialEb_250925 sample_id=ONT_trail_250925 barcode=barcode23 barcode_alias=barcode23 parent_read_id=4f40bf04-51ca-4b1a-bb72-c54cb5b87108 basecall_model_version_id=dna_r10.4.1_e8.2_400bps_hac@v4.3.0
0	4e198a3d-a784-4c7c-94e2-353e00f6ee17 runid=0dfb5b492dc86ce99bf7c61c734eb364afcdb5c8 ch=49 start_time=2025-09-26T03:24:13.398161+00:00 flow_cell_id=AWX817 basecall_gpu=NVIDIA_Tegra_X2 protocol_group_id=ONT_trialEb_250925 sample_id=ONT_trail_250925 barcode=barcode22 barcode_alias=barcode22 parent_read_id=4e198a3d-a784-4c7c-94e2-353e00f6ee17 basecall_model_version_id=dna_r10.4.1_e8.2_400bps_hac@v4.3.0
0	4e198a3d-a784-4c7c-94e2-353e00f6ee17 runid=0dfb5b492dc86ce99bf7c61c734eb364afcdb5c8 ch=49 start_time=2025-09-26T03:24:13.398161+00:00 flow_cell_id=AWX817 basecall_gpu=NVIDIA_Tegra_X2 protocol_group_id=ONT_trialEb_250925 sample_id=ONT_trail_250925 barcode=barcode22 barcode_alias=barcode22 parent_read_id=4e198a3d-a784-4c7c-94e2-353e00f6ee17 basecall_model_version_id=dna_r10.4.1_e8.2_400bps_hac@v4.3.0
0	b53e9431-9990-42db-83f6-6e5ecaaa2424 runid=0dfb5b492dc86ce99bf7c61c734eb364afcdb5c8 ch=20 start_time=2025-09-25T20:36:30.398161+00:00 flow_cell_id=AWX817 basecall_gpu=NVIDIA_Tegra_X2 protocol_group_id=ONT_trialEb_250925 sample_id=ONT_trail_250925 barcode=barcode14 barcode_alias=barcode14 parent_read_id=b53e9431-9990-42db-83f6-6e5ecaaa2424 basecall_model_version_id=dna_r10.4.1_e8.2_400bps_hac@v4.3.0
0	b53e9431-9990-42db-83f6-6e5ecaaa2424 runid=0dfb5b492dc86ce99bf7c61c734eb364afcdb5c8 ch=20 start_time=2025-09-25T20:36:30.398161+00:00 flow_cell_id=AWX817 basecall_gpu=NVIDIA_Tegra_X2 protocol_group_id=ONT_trialEb_250925 sample_id=ONT_trail_250925 barcode=barcode14 barcode_alias=barcode14 parent_read_id=b53e9431-9990-42db-83f6-6e5ecaaa2424 basecall_model_version_id=dna_r10.4.1_e8.2_400bps_hac@v4.3.0
0	27c7e5b7-7fda-4651-98d3-f0ba9e7e9f4a runid=0dfb5b492dc86ce99bf7c61c734eb364afcdb5c8 ch=44 start_time=2025-09-25T17:10:21.398161+00:00 flow_cell_id=AWX817 basecall_gpu=NVIDIA_Tegra_X2 protocol_group_id=ONT_trialEb_250925 sample_id=ONT_trail_250925 barcode=barcode23 barcode_alias=barcode23 parent_read_id=27c7e5b7-7fda-4651-98d3-f0ba9e7e9f4a basecall_model_version_id=dna_r10.4.1_e8.2_400bps_hac@v4.3.0 rc
0	7a8553f4-0a77-490a-a7c3-03624a5ed90b runid=0dfb5b492dc86ce99bf7c61c734eb364afcdb5c8 ch=77 start_time=2025-09-25T22:15:24.398161+00:00 flow_cell_id=AWX817 basecall_gpu=NVIDIA_Tegra_X2 protocol_group_id=ONT_trialEb_250925 sample_id=ONT_trail_250925 barcode=barcode23 barcode_alias=barcode23 parent_read_id=7a8553f4-0a77-490a-a7c3-03624a5ed90b basecall_model_version_id=dna_r10.4.1_e8.2_400bps_hac@v4.3.0 rc
0	fce884ad-9f86-4695-820e-cd4bb558adf2 runid=0dfb5b492dc86ce99bf7c61c734eb364afcdb5c8 ch=41 start_time=2025-09-25T18:02:44.398161+00:00 flow_cell_id=AWX817 basecall_gpu=NVIDIA_Tegra_X2 protocol_group_id=ONT_trialEb_250925 sample_id=ONT_trail_250925 barcode=barcode23 barcode_alias=barcode23 parent_read_id=fce884ad-9f86-4695-820e-cd4bb558adf2 basecall_model_version_id=dna_r10.4.1_e8.2_400bps_hac@v4.3.0
0	75ff3f92-820f-42e6-9e4f-fadbfc0e4992 runid=0dfb5b492dc86ce99bf7c61c734eb364afcdb5c8 ch=5 start_time=2025-09-25T20:50:28.398161+00:00 flow_cell_id=AWX817 basecall_gpu=NVIDIA_Tegra_X2 protocol_group_id=ONT_trialEb_250925 sample_id=ONT_trail_250925 barcode=barcode24 barcode_alias=barcode24 parent_read_id=75ff3f92-820f-42e6-9e4f-fadbfc0e4992 basecall_model_version_id=dna_r10.4.1_e8.2_400bps_hac@v4.3.0
0	6d8a556d-3ede-4b56-b3c2-fe0ccb4753e6 runid=0dfb5b492dc86ce99bf7c61c734eb364afcdb5c8 ch=4 start_time=2025-09-25T20:16:44.398161+00:00 flow_cell_id=AWX817 basecall_gpu=NVIDIA_Tegra_X2 protocol_group_id=ONT_trialEb_250925 sample_id=ONT_trail_250925 barcode=barcode23 barcode_alias=barcode23 parent_read_id=6d8a556d-3ede-4b56-b3c2-fe0ccb4753e6 basecall_model_version_id=dna_r10.4.1_e8.2_400bps_hac@v4.3.0
0	8edd67e8-4ba9-48b5-b84a-0bfb549b5668 runid=0dfb5b492dc86ce99bf7c61c734eb364afcdb5c8 ch=39 start_time=2025-09-25T18:30:50.398161+00:00 flow_cell_id=AWX817 basecall_gpu=NVIDIA_Tegra_X2 protocol_group_id=ONT_trialEb_250925 sample_id=ONT_trail_250925 barcode=barcode23 barcode_alias=barcode23 parent_read_id=8edd67e8-4ba9-48b5-b84a-0bfb549b5668 basecall_model_version_id=dna_r10.4.1_e8.2_400bps_hac@v4.3.0 rc
0	5c40cb1a-a14b-4b75-9088-c51bba79e8c5 runid=0dfb5b492dc86ce99bf7c61c734eb364afcdb5c8 ch=39 start_time=2025-09-26T10:08:04.398161+00:00 flow_cell_id=AWX817 basecall_gpu=NVIDIA_Tegra_X2 protocol_group_id=ONT_trialEb_250925 sample_id=ONT_trail_250925 barcode=barcode22 barcode_alias=barcode22 parent_read_id=5c40cb1a-a14b-4b75-9088-c51bba79e8c5 basecall_model_version_id=dna_r10.4.1_e8.2_400bps_hac@v4.3.0
0	5c40cb1a-a14b-4b75-9088-c51bba79e8c5 runid=0dfb5b492dc86ce99bf7c61c734eb364afcdb5c8 ch=39 start_time=2025-09-26T10:08:04.398161+00:00 flow_cell_id=AWX817 basecall_gpu=NVIDIA_Tegra_X2 protocol_group_id=ONT_trialEb_250925 sample_id=ONT_trail_250925 barcode=barcode22 barcode_alias=barcode22 parent_read_id=5c40cb1a-a14b-4b75-9088-c51bba79e8c5 basecall_model_version_id=dna_r10.4.1_e8.2_400bps_hac@v4.3.0
0	4e8830f4-14cf-46f2-8d7b-32535221c354 runid=0dfb5b492dc86ce99bf7c61c734eb364afcdb5c8 ch=118 start_time=2025-09-26T01:18:42.398161+00:00 flow_cell_id=AWX817 basecall_gpu=NVIDIA_Tegra_X2 protocol_group_id=ONT_trialEb_250925 sample_id=ONT_trail_250925 barcode=barcode22 barcode_alias=barcode22 parent_read_id=4e8830f4-14cf-46f2-8d7b-32535221c354 basecall_model_version_id=dna_r10.4.1_e8.2_400bps_hac@v4.3.0 rc
0	4e8830f4-14cf-46f2-8d7b-32535221c354 runid=0dfb5b492dc86ce99bf7c61c734eb364afcdb5c8 ch=118 start_time=2025-09-26T01:18:42.398161+00:00 flow_cell_id=AWX817 basecall_gpu=NVIDIA_Tegra_X2 protocol_group_id=ONT_trialEb_250925 sample_id=ONT_trail_250925 barcode=barcode22 barcode_alias=barcode22 parent_read_id=4e8830f4-14cf-46f2-8d7b-32535221c354 basecall_model_version_id=dna_r10.4.1_e8.2_400bps_hac@v4.3.0 rc
0	8a20d84c-81f6-4f3f-a79f-b07f063a3104 runid=0dfb5b492dc86ce99bf7c61c734eb364afcdb5c8 ch=41 start_time=2025-09-26T01:42:40.398161+00:00 flow_cell_id=AWX817 basecall_gpu=NVIDIA_Tegra_X2 protocol_group_id=ONT_trialEb_250925 sample_id=ONT_trail_250925 barcode=barcode15 barcode_alias=barcode15 parent_read_id=8a20d84c-81f6-4f3f-a79f-b07f063a3104 basecall_model_version_id=dna_r10.4.1_e8.2_400bps_hac@v4.3.0 rc
0	608077c1-ee19-4a3a-ae77-ff4f5098e571 runid=0dfb5b492dc86ce99bf7c61c734eb364afcdb5c8 ch=4 start_time=2025-09-26T02:53:01.398161+00:00 flow_cell_id=AWX817 basecall_gpu=NVIDIA_Tegra_X2 protocol_group_id=ONT_trialEb_250925 sample_id=ONT_trail_250925 barcode=barcode23 barcode_alias=barcode23 parent_read_id=608077c1-ee19-4a3a-ae77-ff4f5098e571 basecall_model_version_id=dna_r10.4.1_e8.2_400bps_hac@v4.3.0
0	e4b2c039-46a0-487e-b549-6f67ac92a5cb runid=0dfb5b492dc86ce99bf7c61c734eb364afcdb5c8 ch=42 start_time=2025-09-25T21:35:16.398161+00:00 flow_cell_id=AWX817 basecall_gpu=NVIDIA_Tegra_X2 protocol_group_id=ONT_trialEb_250925 sample_id=ONT_trail_250925 barcode=barcode22 barcode_alias=barcode22 parent_read_id=e4b2c039-46a0-487e-b549-6f67ac92a5cb basecall_model_version_id=dna_r10.4.1_e8.2_400bps_hac@v4.3.0
0	e4b2c039-46a0-487e-b549-6f67ac92a5cb runid=0dfb5b492dc86ce99bf7c61c734eb364afcdb5c8 ch=42 start_time=2025-09-25T21:35:16.398161+00:00 flow_cell_id=AWX817 basecall_gpu=NVIDIA_Tegra_X2 protocol_group_id=ONT_trialEb_250925 sample_id=ONT_trail_250925 barcode=barcode22 barcode_alias=barcode22 parent_read_id=e4b2c039-46a0-487e-b549-6f67ac92a5cb basecall_model_version_id=dna_r10.4.1_e8.2_400bps_hac@v4.3.0
0	14777907-14ba-4f03-861c-b50fe0613669 runid=0dfb5b492dc86ce99bf7c61c734eb364afcdb5c8 ch=58 start_time=2025-09-25T17:35:48.398161+00:00 flow_cell_id=AWX817 basecall_gpu=NVIDIA_Tegra_X2 protocol_group_id=ONT_trialEb_250925 sample_id=ONT_trail_250925 barcode=barcode15 barcode_alias=barcode15 parent_read_id=14777907-14ba-4f03-861c-b50fe0613669 basecall_model_version_id=dna_r10.4.1_e8.2_400bps_hac@v4.3.0
0	3471635d-44ef-4b86-b80e-bd758cc4b4b8 runid=0dfb5b492dc86ce99bf7c61c734eb364afcdb5c8 ch=79 start_time=2025-09-25T18:35:05.398161+00:00 flow_cell_id=AWX817 basecall_gpu=NVIDIA_Tegra_X2 protocol_group_id=ONT_trialEb_250925 sample_id=ONT_trail_250925 barcode=barcode15 barcode_alias=barcode15 parent_read_id=3471635d-44ef-4b86-b80e-bd758cc4b4b8 basecall_model_version_id=dna_r10.4.1_e8.2_400bps_hac@v4.3.0
0	f231f94b-f775-4f2b-8216-a93e6a194547 runid=0dfb5b492dc86ce99bf7c61c734eb364afcdb5c8 ch=44 start_time=2025-09-25T22:36:01.398161+00:00 flow_cell_id=AWX817 basecall_gpu=NVIDIA_Tegra_X2 protocol_group_id=ONT_trialEb_250925 sample_id=ONT_trail_250925 barcode=barcode22 barcode_alias=barcode22 parent_read_id=f231f94b-f775-4f2b-8216-a93e6a194547 basecall_model_version_id=dna_r10.4.1_e8.2_400bps_hac@v4.3.0 rc
0	f231f94b-f775-4f2b-8216-a93e6a194547 runid=0dfb5b492dc86ce99bf7c61c734eb364afcdb5c8 ch=44 start_time=2025-09-25T22:36:01.398161+00:00 flow_cell_id=AWX817 basecall_gpu=NVIDIA_Tegra_X2 protocol_group_id=ONT_trialEb_250925 sample_id=ONT_trail_250925 barcode=barcode22 barcode_alias=barcode22 parent_read_id=f231f94b-f775-4f2b-8216-a93e6a194547 basecall_model_version_id=dna_r10.4.1_e8.2_400bps_hac@v4.3.0 rc
0	4afb8a12-bcaa-410a-b5ae-95d3ca9f78a7 runid=0dfb5b492dc86ce99bf7c61c734eb364afcdb5c8 ch=77 start_time=2025-09-26T00:30:06.398161+00:00 flow_cell_id=AWX817 basecall_gpu=NVIDIA_Tegra_X2 protocol_group_id=ONT_trialEb_250925 sample_id=ONT_trail_250925 barcode=barcode22 barcode_alias=barcode22 parent_read_id=4afb8a12-bcaa-410a-b5ae-95d3ca9f78a7 basecall_model_version_id=dna_r10.4.1_e8.2_400bps_hac@v4.3.0 rc
0	4afb8a12-bcaa-410a-b5ae-95d3ca9f78a7 runid=0dfb5b492dc86ce99bf7c61c734eb364afcdb5c8 ch=77 start_time=2025-09-26T00:30:06.398161+00:00 flow_cell_id=AWX817 basecall_gpu=NVIDIA_Tegra_X2 protocol_group_id=ONT_trialEb_250925 sample_id=ONT_trail_250925 barcode=barcode22 barcode_alias=barcode22 parent_read_id=4afb8a12-bcaa-410a-b5ae-95d3ca9f78a7 basecall_model_version_id=dna_r10.4.1_e8.2_400bps_hac@v4.3.0 rc
0	e0d9a672-526b-4097-b9d8-ab523c2bfcaa runid=0dfb5b492dc86ce99bf7c61c734eb364afcdb5c8 ch=20 start_time=2025-09-26T00:32:43.398161+00:00 flow_cell_id=AWX817 basecall_gpu=NVIDIA_Tegra_X2 protocol_group_id=ONT_trialEb_250925 sample_id=ONT_trail_250925 barcode=barcode22 barcode_alias=barcode22 parent_read_id=e0d9a672-526b-4097-b9d8-ab523c2bfcaa basecall_model_version_id=dna_r10.4.1_e8.2_400bps_hac@v4.3.0 rc
0	e0d9a672-526b-4097-b9d8-ab523c2bfcaa runid=0dfb5b492dc86ce99bf7c61c734eb364afcdb5c8 ch=20 start_time=2025-09-26T00:32:43.398161+00:00 flow_cell_id=AWX817 basecall_gpu=NVIDIA_Tegra_X2 protocol_group_id=ONT_trialEb_250925 sample_id=ONT_trail_250925 barcode=barcode22 barcode_alias=barcode22 parent_read_id=e0d9a672-526b-4097-b9d8-ab523c2bfcaa basecall_model_version_id=dna_r10.4.1_e8.2_400bps_hac@v4.3.0 rc
0	a6dc3048-f285-403d-83f0-2e119a9e9d2e runid=0dfb5b492dc86ce99bf7c61c734eb364afcdb5c8 ch=106 start_time=2025-09-25T16:34:47.398161+00:00 flow_cell_id=AWX817 basecall_gpu=NVIDIA_Tegra_X2 protocol_group_id=ONT_trialEb_250925 sample_id=ONT_trail_250925 barcode=barcode14 barcode_alias=barcode14 parent_read_id=a6dc3048-f285-403d-83f0-2e119a9e9d2e basecall_model_version_id=dna_r10.4.1_e8.2_400bps_hac@v4.3.0
0	a6dc3048-f285-403d-83f0-2e119a9e9d2e runid=0dfb5b492dc86ce99bf7c61c734eb364afcdb5c8 ch=106 start_time=2025-09-25T16:34:47.398161+00:00 flow_cell_id=AWX817 basecall_gpu=NVIDIA_Tegra_X2 protocol_group_id=ONT_trialEb_250925 sample_id=ONT_trail_250925 barcode=barcode14 barcode_alias=barcode14 parent_read_id=a6dc3048-f285-403d-83f0-2e119a9e9d2e basecall_model_version_id=dna_r10.4.1_e8.2_400bps_hac@v4.3.0
0	97035f88-2094-4137-97f4-3704b18324a0 runid=0dfb5b492dc86ce99bf7c61c734eb364afcdb5c8 ch=73 start_time=2025-09-25T19:44:21.398161+00:00 flow_cell_id=AWX817 basecall_gpu=NVIDIA_Tegra_X2 protocol_group_id=ONT_trialEb_250925 sample_id=ONT_trail_250925 barcode=barcode23 barcode_alias=barcode23 parent_read_id=97035f88-2094-4137-97f4-3704b18324a0 basecall_model_version_id=dna_r10.4.1_e8.2_400bps_hac@v4.3.0
0	fc907f6b-c04d-42f9-909b-8a66770605fd runid=0dfb5b492dc86ce99bf7c61c734eb364afcdb5c8 ch=44 start_time=2025-09-26T03:46:56.398161+00:00 flow_cell_id=AWX817 basecall_gpu=NVIDIA_Tegra_X2 protocol_group_id=ONT_trialEb_250925 sample_id=ONT_trail_250925 barcode=barcode14 barcode_alias=barcode14 parent_read_id=fc907f6b-c04d-42f9-909b-8a66770605fd basecall_model_version_id=dna_r10.4.1_e8.2_400bps_hac@v4.3.0 rc
0	fc907f6b-c04d-42f9-909b-8a66770605fd runid=0dfb5b492dc86ce99bf7c61c734eb364afcdb5c8 ch=44 start_time=2025-09-26T03:46:56.398161+00:00 flow_cell_id=AWX817 basecall_gpu=NVIDIA_Tegra_X2 protocol_group_id=ONT_trialEb_250925 sample_id=ONT_trail_250925 barcode=barcode14 barcode_alias=barcode14 parent_read_id=fc907f6b-c04d-42f9-909b-8a66770605fd basecall_model_version_id=dna_r10.4.1_e8.2_400bps_hac@v4.3.0 rc
0	998ee13c-0ecf-4ce5-9f05-6f035a050995 runid=0dfb5b492dc86ce99bf7c61c734eb364afcdb5c8 ch=39 start_time=2025-09-25T17:51:50.398161+00:00 flow_cell_id=AWX817 basecall_gpu=NVIDIA_Tegra_X2 protocol_group_id=ONT_trialEb_250925 sample_id=ONT_trail_250925 barcode=barcode22 barcode_alias=barcode22 parent_read_id=998ee13c-0ecf-4ce5-9f05-6f035a050995 basecall_model_version_id=dna_r10.4.1_e8.2_400bps_hac@v4.3.0
0	998ee13c-0ecf-4ce5-9f05-6f035a050995 runid=0dfb5b492dc86ce99bf7c61c734eb364afcdb5c8 ch=39 start_time=2025-09-25T17:51:50.398161+00:00 flow_cell_id=AWX817 basecall_gpu=NVIDIA_Tegra_X2 protocol_group_id=ONT_trialEb_250925 sample_id=ONT_trail_250925 barcode=barcode22 barcode_alias=barcode22 parent_read_id=998ee13c-0ecf-4ce5-9f05-6f035a050995 basecall_model_version_id=dna_r10.4.1_e8.2_400bps_hac@v4.3.0
0	b473968b-da2a-4d4f-afbe-dbe654682db8 runid=0dfb5b492dc86ce99bf7c61c734eb364afcdb5c8 ch=20 start_time=2025-09-25T20:01:47.398161+00:00 flow_cell_id=AWX817 basecall_gpu=NVIDIA_Tegra_X2 protocol_group_id=ONT_trialEb_250925 sample_id=ONT_trail_250925 barcode=barcode13 barcode_alias=barcode13 parent_read_id=b473968b-da2a-4d4f-afbe-dbe654682db8 basecall_model_version_id=dna_r10.4.1_e8.2_400bps_hac@v4.3.0 rc
0	2d79bb6c-23cf-4252-938f-87d99a3ab6b7 runid=0dfb5b492dc86ce99bf7c61c734eb364afcdb5c8 ch=57 start_time=2025-09-25T17:02:04.398161+00:00 flow_cell_id=AWX817 basecall_gpu=NVIDIA_Tegra_X2 protocol_group_id=ONT_trialEb_250925 sample_id=ONT_trail_250925 barcode=barcode15 barcode_alias=barcode15 parent_read_id=2d79bb6c-23cf-4252-938f-87d99a3ab6b7 basecall_model_version_id=dna_r10.4.1_e8.2_400bps_hac@v4.3.0 rc
0	8edb1398-9aa2-44cc-87b6-a6e9e245bf76 runid=0dfb5b492dc86ce99bf7c61c734eb364afcdb5c8 ch=118 start_time=2025-09-25T16:45:56.398161+00:00 flow_cell_id=AWX817 basecall_gpu=NVIDIA_Tegra_X2 protocol_group_id=ONT_trialEb_250925 sample_id=ONT_trail_250925 barcode=barcode14 barcode_alias=barcode14 parent_read_id=8edb1398-9aa2-44cc-87b6-a6e9e245bf76 basecall_model_version_id=dna_r10.4.1_e8.2_400bps_hac@v4.3.0
0	8edb1398-9aa2-44cc-87b6-a6e9e245bf76 runid=0dfb5b492dc86ce99bf7c61c734eb364afcdb5c8 ch=118 start_time=2025-09-25T16:45:56.398161+00:00 flow_cell_id=AWX817 basecall_gpu=NVIDIA_Tegra_X2 protocol_group_id=ONT_trialEb_250925 sample_id=ONT_trail_250925 barcode=barcode14 barcode_alias=barcode14 parent_read_id=8edb1398-9aa2-44cc-87b6-a6e9e245bf76 basecall_model_version_id=dna_r10.4.1_e8.2_400bps_hac@v4.3.0
0	54c32ebc-80b5-4ecc-bb59-80a43965a5d0 runid=0dfb5b492dc86ce99bf7c61c734eb364afcdb5c8 ch=15 start_time=2025-09-25T18:41:25.398161+00:00 flow_cell_id=AWX817 basecall_gpu=NVIDIA_Tegra_X2 protocol_group_id=ONT_trialEb_250925 sample_id=ONT_trail_250925 barcode=barcode24 barcode_alias=barcode24 parent_read_id=54c32ebc-80b5-4ecc-bb59-80a43965a5d0 basecall_model_version_id=dna_r10.4.1_e8.2_400bps_hac@v4.3.0 rc
0	b29844ee-2f4d-4580-bafe-c3fd2bfd098c runid=0dfb5b492dc86ce99bf7c61c734eb364afcdb5c8 ch=91 start_time=2025-09-25T18:47:54.398161+00:00 flow_cell_id=AWX817 basecall_gpu=NVIDIA_Tegra_X2 protocol_group_id=ONT_trialEb_250925 sample_id=ONT_trail_250925 barcode=barcode22 barcode_alias=barcode22 parent_read_id=b29844ee-2f4d-4580-bafe-c3fd2bfd098c basecall_model_version_id=dna_r10.4.1_e8.2_400bps_hac@v4.3.0
0	b29844ee-2f4d-4580-bafe-c3fd2bfd098c runid=0dfb5b492dc86ce99bf7c61c734eb364afcdb5c8 ch=91 start_time=2025-09-25T18:47:54.398161+00:00 flow_cell_id=AWX817 basecall_gpu=NVIDIA_Tegra_X2 protocol_group_id=ONT_trialEb_250925 sample_id=ONT_trail_250925 barcode=barcode22 barcode_alias=barcode22 parent_read_id=b29844ee-2f4d-4580-bafe-c3fd2bfd098c basecall_model_version_id=dna_r10.4.1_e8.2_400bps_hac@v4.3.0
0	1518747b-df7e-47d2-97a1-d921f1213290 runid=0dfb5b492dc86ce99bf7c61c734eb364afcdb5c8 ch=49 start_time=2025-09-26T11:23:19.398161+00:00 flow_cell_id=AWX817 basecall_gpu=NVIDIA_Tegra_X2 protocol_group_id=ONT_trialEb_250925 sample_id=ONT_trail_250925 barcode=barcode24 barcode_alias=barcode24 parent_read_id=1518747b-df7e-47d2-97a1-d921f1213290 basecall_model_version_id=dna_r10.4.1_e8.2_400bps_hac@v4.3.0
0	d964eb3a-e643-42e9-b9b2-52f452a9e255 runid=0dfb5b492dc86ce99bf7c61c734eb364afcdb5c8 ch=5 start_time=2025-09-25T16:12:06.398161+00:00 flow_cell_id=AWX817 basecall_gpu=NVIDIA_Tegra_X2 protocol_group_id=ONT_trialEb_250925 sample_id=ONT_trail_250925 barcode=barcode22 barcode_alias=barcode22 parent_read_id=d964eb3a-e643-42e9-b9b2-52f452a9e255 basecall_model_version_id=dna_r10.4.1_e8.2_400bps_hac@v4.3.0 rc
0	d964eb3a-e643-42e9-b9b2-52f452a9e255 runid=0dfb5b492dc86ce99bf7c61c734eb364afcdb5c8 ch=5 start_time=2025-09-25T16:12:06.398161+00:00 flow_cell_id=AWX817 basecall_gpu=NVIDIA_Tegra_X2 protocol_group_id=ONT_trialEb_250925 sample_id=ONT_trail_250925 barcode=barcode22 barcode_alias=barcode22 parent_read_id=d964eb3a-e643-42e9-b9b2-52f452a9e255 basecall_model_version_id=dna_r10.4.1_e8.2_400bps_hac@v4.3.0 rc
0	4959a622-7192-4082-94da-583a43a1b327 runid=0dfb5b492dc86ce99bf7c61c734eb364afcdb5c8 ch=56 start_time=2025-09-25T16:27:57.398161+00:00 flow_cell_id=AWX817 basecall_gpu=NVIDIA_Tegra_X2 protocol_group_id=ONT_trialEb_250925 sample_id=ONT_trail_250925 barcode=barcode22 barcode_alias=barcode22 parent_read_id=4959a622-7192-4082-94da-583a43a1b327 basecall_model_version_id=dna_r10.4.1_e8.2_400bps_hac@v4.3.0 rc
0	4959a622-7192-4082-94da-583a43a1b327 runid=0dfb5b492dc86ce99bf7c61c734eb364afcdb5c8 ch=56 start_time=2025-09-25T16:27:57.398161+00:00 flow_cell_id=AWX817 basecall_gpu=NVIDIA_Tegra_X2 protocol_group_id=ONT_trialEb_250925 sample_id=ONT_trail_250925 barcode=barcode22 barcode_alias=barcode22 parent_read_id=4959a622-7192-4082-94da-583a43a1b327 basecall_model_version_id=dna_r10.4.1_e8.2_400bps_hac@v4.3.0 rc
0	373d13b6-24a5-492b-93fd-81e61c5f7fde runid=0dfb5b492dc86ce99bf7c61c734eb364afcdb5c8 ch=4 start_time=2025-09-25T21:17:08.398161+00:00 flow_cell_id=AWX817 basecall_gpu=NVIDIA_Tegra_X2 protocol_group_id=ONT_trialEb_250925 sample_id=ONT_trail_250925 barcode=barcode22 barcode_alias=barcode22 parent_read_id=373d13b6-24a5-492b-93fd-81e61c5f7fde basecall_model_version_id=dna_r10.4.1_e8.2_400bps_hac@v4.3.0
0	373d13b6-24a5-492b-93fd-81e61c5f7fde runid=0dfb5b492dc86ce99bf7c61c734eb364afcdb5c8 ch=4 start_time=2025-09-25T21:17:08.398161+00:00 flow_cell_id=AWX817 basecall_gpu=NVIDIA_Tegra_X2 protocol_group_id=ONT_trialEb_250925 sample_id=ONT_trail_250925 barcode=barcode22 barcode_alias=barcode22 parent_read_id=373d13b6-24a5-492b-93fd-81e61c5f7fde basecall_model_version_id=dna_r10.4.1_e8.2_400bps_hac@v4.3.0
0	e58a29ff-b8dd-4e5d-8826-aabfa3db2902 runid=0dfb5b492dc86ce99bf7c61c734eb364afcdb5c8 ch=49 start_time=2025-09-25T17:29:46.398161+00:00 flow_cell_id=AWX817 basecall_gpu=NVIDIA_Tegra_X2 protocol_group_id=ONT_trialEb_250925 sample_id=ONT_trail_250925 barcode=barcode24 barcode_alias=barcode24 parent_read_id=e58a29ff-b8dd-4e5d-8826-aabfa3db2902 basecall_model_version_id=dna_r10.4.1_e8.2_400bps_hac@v4.3.0 rc
0	151f0f8e-21da-44a9-91af-380138754407 runid=0dfb5b492dc86ce99bf7c61c734eb364afcdb5c8 ch=20 start_time=2025-09-25T19:35:10.398161+00:00 flow_cell_id=AWX817 basecall_gpu=NVIDIA_Tegra_X2 protocol_group_id=ONT_trialEb_250925 sample_id=ONT_trail_250925 barcode=barcode15 barcode_alias=barcode15 parent_read_id=151f0f8e-21da-44a9-91af-380138754407 basecall_model_version_id=dna_r10.4.1_e8.2_400bps_hac@v4.3.0
0	815b29c8-8b0a-429b-baf7-f73ecdb6938a runid=0dfb5b492dc86ce99bf7c61c734eb364afcdb5c8 ch=56 start_time=2025-09-25T18:24:36.398161+00:00 flow_cell_id=AWX817 basecall_gpu=NVIDIA_Tegra_X2 protocol_group_id=ONT_trialEb_250925 sample_id=ONT_trail_250925 barcode=barcode22 barcode_alias=barcode22 parent_read_id=815b29c8-8b0a-429b-baf7-f73ecdb6938a basecall_model_version_id=dna_r10.4.1_e8.2_400bps_hac@v4.3.0 rc
0	815b29c8-8b0a-429b-baf7-f73ecdb6938a runid=0dfb5b492dc86ce99bf7c61c734eb364afcdb5c8 ch=56 start_time=2025-09-25T18:24:36.398161+00:00 flow_cell_id=AWX817 basecall_gpu=NVIDIA_Tegra_X2 protocol_group_id=ONT_trialEb_250925 sample_id=ONT_trail_250925 barcode=barcode22 barcode_alias=barcode22 parent_read_id=815b29c8-8b0a-429b-baf7-f73ecdb6938a basecall_model_version_id=dna_r10.4.1_e8.2_400bps_hac@v4.3.0 rc
0	5f13462d-2213-420d-a06f-8bf8dce2f665 runid=0dfb5b492dc86ce99bf7c61c734eb364afcdb5c8 ch=20 start_time=2025-09-25T23:59:49.398161+00:00 flow_cell_id=AWX817 basecall_gpu=NVIDIA_Tegra_X2 protocol_group_id=ONT_trialEb_250925 sample_id=ONT_trail_250925 barcode=barcode15 barcode_alias=barcode15 parent_read_id=5f13462d-2213-420d-a06f-8bf8dce2f665 basecall_model_version_id=dna_r10.4.1_e8.2_400bps_hac@v4.3.0
0	ca793ea5-c2da-4faa-a00d-aaacb90addaa runid=0dfb5b492dc86ce99bf7c61c734eb364afcdb5c8 ch=10 start_time=2025-09-25T18:18:59.398161+00:00 flow_cell_id=AWX817 basecall_gpu=NVIDIA_Tegra_X2 protocol_group_id=ONT_trialEb_250925 sample_id=ONT_trail_250925 barcode=barcode15 barcode_alias=barcode15 parent_read_id=8188e528-84af-4ea1-84ec-bd28d7fdd2e8 basecall_model_version_id=dna_r10.4.1_e8.2_400bps_hac@v4.3.0 rc
0	3eadbd79-f4bc-40e7-8111-1b1e90610361 runid=0dfb5b492dc86ce99bf7c61c734eb364afcdb5c8 ch=44 start_time=2025-09-25T17:10:20.398161+00:00 flow_cell_id=AWX817 basecall_gpu=NVIDIA_Tegra_X2 protocol_group_id=ONT_trialEb_250925 sample_id=ONT_trail_250925 barcode=barcode23 barcode_alias=barcode23 parent_read_id=3eadbd79-f4bc-40e7-8111-1b1e90610361 basecall_model_version_id=dna_r10.4.1_e8.2_400bps_hac@v4.3.0
0	bca40ffc-a6cb-44c0-a415-f34cf12db774 runid=0dfb5b492dc86ce99bf7c61c734eb364afcdb5c8 ch=94 start_time=2025-09-25T16:26:19.398161+00:00 flow_cell_id=AWX817 basecall_gpu=NVIDIA_Tegra_X2 protocol_group_id=ONT_trialEb_250925 sample_id=ONT_trail_250925 barcode=barcode23 barcode_alias=barcode23 parent_read_id=bca40ffc-a6cb-44c0-a415-f34cf12db774 basecall_model_version_id=dna_r10.4.1_e8.2_400bps_hac@v4.3.0
0	ec169ebd-9996-4275-8fcb-1ad8623a4682 runid=0dfb5b492dc86ce99bf7c61c734eb364afcdb5c8 ch=80 start_time=2025-09-25T18:59:31.398161+00:00 flow_cell_id=AWX817 basecall_gpu=NVIDIA_Tegra_X2 protocol_group_id=ONT_trialEb_250925 sample_id=ONT_trail_250925 barcode=barcode14 barcode_alias=barcode14 parent_read_id=ec169ebd-9996-4275-8fcb-1ad8623a4682 basecall_model_version_id=dna_r10.4.1_e8.2_400bps_hac@v4.3.0
0	ec169ebd-9996-4275-8fcb-1ad8623a4682 runid=0dfb5b492dc86ce99bf7c61c734eb364afcdb5c8 ch=80 start_time=2025-09-25T18:59:31.398161+00:00 flow_cell_id=AWX817 basecall_gpu=NVIDIA_Tegra_X2 protocol_group_id=ONT_trialEb_250925 sample_id=ONT_trail_250925 barcode=barcode14 barcode_alias=barcode14 parent_read_id=ec169ebd-9996-4275-8fcb-1ad8623a4682 basecall_model_version_id=dna_r10.4.1_e8.2_400bps_hac@v4.3.0
0	b9a42c1c-8a6a-4787-9359-4d09f352fe1f runid=0dfb5b492dc86ce99bf7c61c734eb364afcdb5c8 ch=58 start_time=2025-09-25T18:02:37.398161+00:00 flow_cell_id=AWX817 basecall_gpu=NVIDIA_Tegra_X2 protocol_group_id=ONT_trialEb_250925 sample_id=ONT_trail_250925 barcode=barcode22 barcode_alias=barcode22 parent_read_id=b9a42c1c-8a6a-4787-9359-4d09f352fe1f basecall_model_version_id=dna_r10.4.1_e8.2_400bps_hac@v4.3.0
0	b9a42c1c-8a6a-4787-9359-4d09f352fe1f runid=0dfb5b492dc86ce99bf7c61c734eb364afcdb5c8 ch=58 start_time=2025-09-25T18:02:37.398161+00:00 flow_cell_id=AWX817 basecall_gpu=NVIDIA_Tegra_X2 protocol_group_id=ONT_trialEb_250925 sample_id=ONT_trail_250925 barcode=barcode22 barcode_alias=barcode22 parent_read_id=b9a42c1c-8a6a-4787-9359-4d09f352fe1f basecall_model_version_id=dna_r10.4.1_e8.2_400bps_hac@v4.3.0
0	cf00d176-13ba-43c6-bc86-95dfcbf5ca4c runid=0dfb5b492dc86ce99bf7c61c734eb364afcdb5c8 ch=41 start_time=2025-09-25T17:19:48.398161+00:00 flow_cell_id=AWX817 basecall_gpu=NVIDIA_Tegra_X2 protocol_group_id=ONT_trialEb_250925 sample_id=ONT_trail_250925 barcode=barcode24 barcode_alias=barcode24 parent_read_id=cf00d176-13ba-43c6-bc86-95dfcbf5ca4c basecall_model_version_id=dna_r10.4.1_e8.2_400bps_hac@v4.3.0 rc
0	865cb803-cf24-44f6-90fe-e3c3c284e2a2 runid=0dfb5b492dc86ce99bf7c61c734eb364afcdb5c8 ch=79 start_time=2025-09-26T00:23:55.398161+00:00 flow_cell_id=AWX817 basecall_gpu=NVIDIA_Tegra_X2 protocol_group_id=ONT_trialEb_250925 sample_id=ONT_trail_250925 barcode=barcode22 barcode_alias=barcode22 parent_read_id=865cb803-cf24-44f6-90fe-e3c3c284e2a2 basecall_model_version_id=dna_r10.4.1_e8.2_400bps_hac@v4.3.0
0	865cb803-cf24-44f6-90fe-e3c3c284e2a2 runid=0dfb5b492dc86ce99bf7c61c734eb364afcdb5c8 ch=79 start_time=2025-09-26T00:23:55.398161+00:00 flow_cell_id=AWX817 basecall_gpu=NVIDIA_Tegra_X2 protocol_group_id=ONT_trialEb_250925 sample_id=ONT_trail_250925 barcode=barcode22 barcode_alias=barcode22 parent_read_id=865cb803-cf24-44f6-90fe-e3c3c284e2a2 basecall_model_version_id=dna_r10.4.1_e8.2_400bps_hac@v4.3.0
0	57fac628-64d7-4fe7-b2a2-949f86a53159 runid=0dfb5b492dc86ce99bf7c61c734eb364afcdb5c8 ch=77 start_time=2025-09-25T22:11:42.398161+00:00 flow_cell_id=AWX817 basecall_gpu=NVIDIA_Tegra_X2 protocol_group_id=ONT_trialEb_250925 sample_id=ONT_trail_250925 barcode=barcode24 barcode_alias=barcode24 parent_read_id=a52381bd-d256-4a96-8ece-9ea5db79fdb9 basecall_model_version_id=dna_r10.4.1_e8.2_400bps_hac@v4.3.0 rc
0	811f719c-3787-4f3a-a395-a6e9eeebd725 runid=0dfb5b492dc86ce99bf7c61c734eb364afcdb5c8 ch=110 start_time=2025-09-25T21:18:24.398161+00:00 flow_cell_id=AWX817 basecall_gpu=NVIDIA_Tegra_X2 protocol_group_id=ONT_trialEb_250925 sample_id=ONT_trail_250925 barcode=barcode15 barcode_alias=barcode15 parent_read_id=811f719c-3787-4f3a-a395-a6e9eeebd725 basecall_model_version_id=dna_r10.4.1_e8.2_400bps_hac@v4.3.0
0	4cee149c-3746-4698-8af2-d7bab1687d45 runid=0dfb5b492dc86ce99bf7c61c734eb364afcdb5c8 ch=20 start_time=2025-09-25T17:39:13.398161+00:00 flow_cell_id=AWX817 basecall_gpu=NVIDIA_Tegra_X2 protocol_group_id=ONT_trialEb_250925 sample_id=ONT_trail_250925 barcode=barcode22 barcode_alias=barcode22 parent_read_id=4cee149c-3746-4698-8af2-d7bab1687d45 basecall_model_version_id=dna_r10.4.1_e8.2_400bps_hac@v4.3.0
0	4cee149c-3746-4698-8af2-d7bab1687d45 runid=0dfb5b492dc86ce99bf7c61c734eb364afcdb5c8 ch=20 start_time=2025-09-25T17:39:13.398161+00:00 flow_cell_id=AWX817 basecall_gpu=NVIDIA_Tegra_X2 protocol_group_id=ONT_trialEb_250925 sample_id=ONT_trail_250925 barcode=barcode22 barcode_alias=barcode22 parent_read_id=4cee149c-3746-4698-8af2-d7bab1687d45 basecall_model_version_id=dna_r10.4.1_e8.2_400bps_hac@v4.3.0
0	b2ac958c-0c8f-412a-8fee-577853f341b9 runid=0dfb5b492dc86ce99bf7c61c734eb364afcdb5c8 ch=41 start_time=2025-09-26T00:24:20.398161+00:00 flow_cell_id=AWX817 basecall_gpu=NVIDIA_Tegra_X2 protocol_group_id=ONT_trialEb_250925 sample_id=ONT_trail_250925 barcode=barcode14 barcode_alias=barcode14 parent_read_id=b2ac958c-0c8f-412a-8fee-577853f341b9 basecall_model_version_id=dna_r10.4.1_e8.2_400bps_hac@v4.3.0 rc
0	b2ac958c-0c8f-412a-8fee-577853f341b9 runid=0dfb5b492dc86ce99bf7c61c734eb364afcdb5c8 ch=41 start_time=2025-09-26T00:24:20.398161+00:00 flow_cell_id=AWX817 basecall_gpu=NVIDIA_Tegra_X2 protocol_group_id=ONT_trialEb_250925 sample_id=ONT_trail_250925 barcode=barcode14 barcode_alias=barcode14 parent_read_id=b2ac958c-0c8f-412a-8fee-577853f341b9 basecall_model_version_id=dna_r10.4.1_e8.2_400bps_hac@v4.3.0 rc
0	21675061-9bb0-4bb4-9952-91fc189d0090 runid=0dfb5b492dc86ce99bf7c61c734eb364afcdb5c8 ch=20 start_time=2025-09-25T23:49:01.398161+00:00 flow_cell_id=AWX817 basecall_gpu=NVIDIA_Tegra_X2 protocol_group_id=ONT_trialEb_250925 sample_id=ONT_trail_250925 barcode=barcode22 barcode_alias=barcode22 parent_read_id=21675061-9bb0-4bb4-9952-91fc189d0090 basecall_model_version_id=dna_r10.4.1_e8.2_400bps_hac@v4.3.0
0	21675061-9bb0-4bb4-9952-91fc189d0090 runid=0dfb5b492dc86ce99bf7c61c734eb364afcdb5c8 ch=20 start_time=2025-09-25T23:49:01.398161+00:00 flow_cell_id=AWX817 basecall_gpu=NVIDIA_Tegra_X2 protocol_group_id=ONT_trialEb_250925 sample_id=ONT_trail_250925 barcode=barcode22 barcode_alias=barcode22 parent_read_id=21675061-9bb0-4bb4-9952-91fc189d0090 basecall_model_version_id=dna_r10.4.1_e8.2_400bps_hac@v4.3.0
0	03b03c97-3dba-4ce1-bbaa-4d7c324a0f22 runid=0dfb5b492dc86ce99bf7c61c734eb364afcdb5c8 ch=43 start_time=2025-09-25T19:56:38.398161+00:00 flow_cell_id=AWX817 basecall_gpu=NVIDIA_Tegra_X2 protocol_group_id=ONT_trialEb_250925 sample_id=ONT_trail_250925 barcode=barcode24 barcode_alias=barcode24 parent_read_id=03b03c97-3dba-4ce1-bbaa-4d7c324a0f22 basecall_model_version_id=dna_r10.4.1_e8.2_400bps_hac@v4.3.0
0	3d7ffbbd-f641-4a49-9720-0de5994ea186 runid=0dfb5b492dc86ce99bf7c61c734eb364afcdb5c8 ch=79 start_time=2025-09-25T20:47:09.398161+00:00 flow_cell_id=AWX817 basecall_gpu=NVIDIA_Tegra_X2 protocol_group_id=ONT_trialEb_250925 sample_id=ONT_trail_250925 barcode=barcode23 barcode_alias=barcode23 parent_read_id=3d7ffbbd-f641-4a49-9720-0de5994ea186 basecall_model_version_id=dna_r10.4.1_e8.2_400bps_hac@v4.3.0 rc
0	3346a076-dbaf-4372-8245-08fd7c47f6f2 runid=0dfb5b492dc86ce99bf7c61c734eb364afcdb5c8 ch=4 start_time=2025-09-25T19:21:06.398161+00:00 flow_cell_id=AWX817 basecall_gpu=NVIDIA_Tegra_X2 protocol_group_id=ONT_trialEb_250925 sample_id=ONT_trail_250925 barcode=barcode13 barcode_alias=barcode13 parent_read_id=3346a076-dbaf-4372-8245-08fd7c47f6f2 basecall_model_version_id=dna_r10.4.1_e8.2_400bps_hac@v4.3.0
0	ea0cf28d-9b81-494d-a85d-d0441d639b9c runid=0dfb5b492dc86ce99bf7c61c734eb364afcdb5c8 ch=85 start_time=2025-09-25T21:51:30.398161+00:00 flow_cell_id=AWX817 basecall_gpu=NVIDIA_Tegra_X2 protocol_group_id=ONT_trialEb_250925 sample_id=ONT_trail_250925 barcode=barcode22 barcode_alias=barcode22 parent_read_id=ea0cf28d-9b81-494d-a85d-d0441d639b9c basecall_model_version_id=dna_r10.4.1_e8.2_400bps_hac@v4.3.0 rc
0	ea0cf28d-9b81-494d-a85d-d0441d639b9c runid=0dfb5b492dc86ce99bf7c61c734eb364afcdb5c8 ch=85 start_time=2025-09-25T21:51:30.398161+00:00 flow_cell_id=AWX817 basecall_gpu=NVIDIA_Tegra_X2 protocol_group_id=ONT_trialEb_250925 sample_id=ONT_trail_250925 barcode=barcode22 barcode_alias=barcode22 parent_read_id=ea0cf28d-9b81-494d-a85d-d0441d639b9c basecall_model_version_id=dna_r10.4.1_e8.2_400bps_hac@v4.3.0 rc
224	07c8a557-9674-4dc3-9733-224901b6f8b0 runid=0dfb5b492dc86ce99bf7c61c734eb364afcdb5c8 ch=4 start_time=2025-09-26T02:53:02.398161+00:00 flow_cell_id=AWX817 basecall_gpu=NVIDIA_Tegra_X2 protocol_group_id=ONT_trialEb_250925 sample_id=ONT_trail_250925 barcode=barcode22 barcode_alias=barcode22 parent_read_id=07c8a557-9674-4dc3-9733-224901b6f8b0 basecall_model_version_id=dna_r10.4.1_e8.2_400bps_hac@v4.3.0
224	07c8a557-9674-4dc3-9733-224901b6f8b0 runid=0dfb5b492dc86ce99bf7c61c734eb364afcdb5c8 ch=4 start_time=2025-09-26T02:53:02.398161+00:00 flow_cell_id=AWX817 basecall_gpu=NVIDIA_Tegra_X2 protocol_group_id=ONT_trialEb_250925 sample_id=ONT_trail_250925 barcode=barcode22 barcode_alias=barcode22 parent_read_id=07c8a557-9674-4dc3-9733-224901b6f8b0 basecall_model_version_id=dna_r10.4.1_e8.2_400bps_hac@v4.3.0
224	8d01caeb-d76f-4499-be7e-6384ca5e79cd runid=0dfb5b492dc86ce99bf7c61c734eb364afcdb5c8 ch=49 start_time=2025-09-26T11:03:18.398161+00:00 flow_cell_id=AWX817 basecall_gpu=NVIDIA_Tegra_X2 protocol_group_id=ONT_trialEb_250925 sample_id=ONT_trail_250925 barcode=barcode24 barcode_alias=barcode24 parent_read_id=8d01caeb-d76f-4499-be7e-6384ca5e79cd basecall_model_version_id=dna_r10.4.1_e8.2_400bps_hac@v4.3.0
224	113188b7-5c0e-4744-8e57-fe1b7bd28cf9 runid=0dfb5b492dc86ce99bf7c61c734eb364afcdb5c8 ch=106 start_time=2025-09-25T15:51:52.398161+00:00 flow_cell_id=AWX817 basecall_gpu=NVIDIA_Tegra_X2 protocol_group_id=ONT_trialEb_250925 sample_id=ONT_trail_250925 barcode=barcode22 barcode_alias=barcode22 parent_read_id=113188b7-5c0e-4744-8e57-fe1b7bd28cf9 basecall_model_version_id=dna_r10.4.1_e8.2_400bps_hac@v4.3.0 rc
224	113188b7-5c0e-4744-8e57-fe1b7bd28cf9 runid=0dfb5b492dc86ce99bf7c61c734eb364afcdb5c8 ch=106 start_time=2025-09-25T15:51:52.398161+00:00 flow_cell_id=AWX817 basecall_gpu=NVIDIA_Tegra_X2 protocol_group_id=ONT_trialEb_250925 sample_id=ONT_trail_250925 barcode=barcode22 barcode_alias=barcode22 parent_read_id=113188b7-5c0e-4744-8e57-fe1b7bd28cf9 basecall_model_version_id=dna_r10.4.1_e8.2_400bps_hac@v4.3.0 rc
224	a2572040-ecf6-4732-9ecb-9a3ed7dbe224 runid=0dfb5b492dc86ce99bf7c61c734eb364afcdb5c8 ch=5 start_time=2025-09-25T18:24:40.398161+00:00 flow_cell_id=AWX817 basecall_gpu=NVIDIA_Tegra_X2 protocol_group_id=ONT_trialEb_250925 sample_id=ONT_trail_250925 barcode=barcode24 barcode_alias=barcode24 parent_read_id=a2572040-ecf6-4732-9ecb-9a3ed7dbe224 basecall_model_version_id=dna_r10.4.1_e8.2_400bps_hac@v4.3.0
224	95ad01bd-9be2-44d9-a46b-16b270df437c runid=0dfb5b492dc86ce99bf7c61c734eb364afcdb5c8 ch=43 start_time=2025-09-25T18:31:14.398161+00:00 flow_cell_id=AWX817 basecall_gpu=NVIDIA_Tegra_X2 protocol_group_id=ONT_trialEb_250925 sample_id=ONT_trail_250925 barcode=barcode22 barcode_alias=barcode22 parent_read_id=95ad01bd-9be2-44d9-a46b-16b270df437c basecall_model_version_id=dna_r10.4.1_e8.2_400bps_hac@v4.3.0
224	95ad01bd-9be2-44d9-a46b-16b270df437c runid=0dfb5b492dc86ce99bf7c61c734eb364afcdb5c8 ch=43 start_time=2025-09-25T18:31:14.398161+00:00 flow_cell_id=AWX817 basecall_gpu=NVIDIA_Tegra_X2 protocol_group_id=ONT_trialEb_250925 sample_id=ONT_trail_250925 barcode=barcode22 barcode_alias=barcode22 parent_read_id=95ad01bd-9be2-44d9-a46b-16b270df437c basecall_model_version_id=dna_r10.4.1_e8.2_400bps_hac@v4.3.0
224	2adcc14d-1f13-4322-9566-9867a8651158 runid=0dfb5b492dc86ce99bf7c61c734eb364afcdb5c8 ch=77 start_time=2025-09-25T20:09:05.398161+00:00 flow_cell_id=AWX817 basecall_gpu=NVIDIA_Tegra_X2 protocol_group_id=ONT_trialEb_250925 sample_id=ONT_trail_250925 barcode=barcode22 barcode_alias=barcode22 parent_read_id=2adcc14d-1f13-4322-9566-9867a8651158 basecall_model_version_id=dna_r10.4.1_e8.2_400bps_hac@v4.3.0 rc
224	2adcc14d-1f13-4322-9566-9867a8651158 runid=0dfb5b492dc86ce99bf7c61c734eb364afcdb5c8 ch=77 start_time=2025-09-25T20:09:05.398161+00:00 flow_cell_id=AWX817 basecall_gpu=NVIDIA_Tegra_X2 protocol_group_id=ONT_trialEb_250925 sample_id=ONT_trail_250925 barcode=barcode22 barcode_alias=barcode22 parent_read_id=2adcc14d-1f13-4322-9566-9867a8651158 basecall_model_version_id=dna_r10.4.1_e8.2_400bps_hac@v4.3.0 rc
224	4768a738-8ced-46c5-b30c-93fb12555fc7 runid=0dfb5b492dc86ce99bf7c61c734eb364afcdb5c8 ch=56 start_time=2025-09-25T16:51:05.398161+00:00 flow_cell_id=AWX817 basecall_gpu=NVIDIA_Tegra_X2 protocol_group_id=ONT_trialEb_250925 sample_id=ONT_trail_250925 barcode=barcode23 barcode_alias=barcode23 parent_read_id=4768a738-8ced-46c5-b30c-93fb12555fc7 basecall_model_version_id=dna_r10.4.1_e8.2_400bps_hac@v4.3.0
224	f7b727bd-fe09-4070-ac5d-2a0e231184c7 runid=0dfb5b492dc86ce99bf7c61c734eb364afcdb5c8 ch=41 start_time=2025-09-25T22:03:35.398161+00:00 flow_cell_id=AWX817 basecall_gpu=NVIDIA_Tegra_X2 protocol_group_id=ONT_trialEb_250925 sample_id=ONT_trail_250925 barcode=barcode23 barcode_alias=barcode23 parent_read_id=f7b727bd-fe09-4070-ac5d-2a0e231184c7 basecall_model_version_id=dna_r10.4.1_e8.2_400bps_hac@v4.3.0
224	5ca52685-72d7-4123-8b84-8d2ab0ed83af runid=0dfb5b492dc86ce99bf7c61c734eb364afcdb5c8 ch=44 start_time=2025-09-26T03:46:06.398161+00:00 flow_cell_id=AWX817 basecall_gpu=NVIDIA_Tegra_X2 protocol_group_id=ONT_trialEb_250925 sample_id=ONT_trail_250925 barcode=barcode23 barcode_alias=barcode23 parent_read_id=5ca52685-72d7-4123-8b84-8d2ab0ed83af basecall_model_version_id=dna_r10.4.1_e8.2_400bps_hac@v4.3.0
224	3d996ed6-4387-4198-bd77-c36e7503a1ba runid=0dfb5b492dc86ce99bf7c61c734eb364afcdb5c8 ch=20 start_time=2025-09-25T21:34:14.398161+00:00 flow_cell_id=AWX817 basecall_gpu=NVIDIA_Tegra_X2 protocol_group_id=ONT_trialEb_250925 sample_id=ONT_trail_250925 barcode=barcode14 barcode_alias=barcode14 parent_read_id=3d996ed6-4387-4198-bd77-c36e7503a1ba basecall_model_version_id=dna_r10.4.1_e8.2_400bps_hac@v4.3.0
224	3d996ed6-4387-4198-bd77-c36e7503a1ba runid=0dfb5b492dc86ce99bf7c61c734eb364afcdb5c8 ch=20 start_time=2025-09-25T21:34:14.398161+00:00 flow_cell_id=AWX817 basecall_gpu=NVIDIA_Tegra_X2 protocol_group_id=ONT_trialEb_250925 sample_id=ONT_trail_250925 barcode=barcode14 barcode_alias=barcode14 parent_read_id=3d996ed6-4387-4198-bd77-c36e7503a1ba basecall_model_version_id=dna_r10.4.1_e8.2_400bps_hac@v4.3.0
224	fa5360e8-4389-477b-be54-058a96c69272 runid=0dfb5b492dc86ce99bf7c61c734eb364afcdb5c8 ch=20 start_time=2025-09-25T18:03:06.398161+00:00 flow_cell_id=AWX817 basecall_gpu=NVIDIA_Tegra_X2 protocol_group_id=ONT_trialEb_250925 sample_id=ONT_trail_250925 barcode=barcode14 barcode_alias=barcode14 parent_read_id=fa5360e8-4389-477b-be54-058a96c69272 basecall_model_version_id=dna_r10.4.1_e8.2_400bps_hac@v4.3.0
224	fa5360e8-4389-477b-be54-058a96c69272 runid=0dfb5b492dc86ce99bf7c61c734eb364afcdb5c8 ch=20 start_time=2025-09-25T18:03:06.398161+00:00 flow_cell_id=AWX817 basecall_gpu=NVIDIA_Tegra_X2 protocol_group_id=ONT_trialEb_250925 sample_id=ONT_trail_250925 barcode=barcode14 barcode_alias=barcode14 parent_read_id=fa5360e8-4389-477b-be54-058a96c69272 basecall_model_version_id=dna_r10.4.1_e8.2_400bps_hac@v4.3.0
224	2f28bf1c-ba63-4066-8778-5e2840759e67 runid=0dfb5b492dc86ce99bf7c61c734eb364afcdb5c8 ch=73 start_time=2025-09-25T20:20:53.398161+00:00 flow_cell_id=AWX817 basecall_gpu=NVIDIA_Tegra_X2 protocol_group_id=ONT_trialEb_250925 sample_id=ONT_trail_250925 barcode=barcode23 barcode_alias=barcode23 parent_read_id=2f28bf1c-ba63-4066-8778-5e2840759e67 basecall_model_version_id=dna_r10.4.1_e8.2_400bps_hac@v4.3.0
224	dbfa6a85-6446-41d7-aa55-551a32e785bb runid=0dfb5b492dc86ce99bf7c61c734eb364afcdb5c8 ch=108 start_time=2025-09-25T17:21:18.398161+00:00 flow_cell_id=AWX817 basecall_gpu=NVIDIA_Tegra_X2 protocol_group_id=ONT_trialEb_250925 sample_id=ONT_trail_250925 barcode=barcode24 barcode_alias=barcode24 parent_read_id=dbfa6a85-6446-41d7-aa55-551a32e785bb basecall_model_version_id=dna_r10.4.1_e8.2_400bps_hac@v4.3.0 rc
224	bc3194f1-254c-4b8a-bbda-1cf921aeab86 runid=0dfb5b492dc86ce99bf7c61c734eb364afcdb5c8 ch=110 start_time=2025-09-25T20:33:35.398161+00:00 flow_cell_id=AWX817 basecall_gpu=NVIDIA_Tegra_X2 protocol_group_id=ONT_trialEb_250925 sample_id=ONT_trail_250925 barcode=barcode22 barcode_alias=barcode22 parent_read_id=bc3194f1-254c-4b8a-bbda-1cf921aeab86 basecall_model_version_id=dna_r10.4.1_e8.2_400bps_hac@v4.3.0
224	bc3194f1-254c-4b8a-bbda-1cf921aeab86 runid=0dfb5b492dc86ce99bf7c61c734eb364afcdb5c8 ch=110 start_time=2025-09-25T20:33:35.398161+00:00 flow_cell_id=AWX817 basecall_gpu=NVIDIA_Tegra_X2 protocol_group_id=ONT_trialEb_250925 sample_id=ONT_trail_250925 barcode=barcode22 barcode_alias=barcode22 parent_read_id=bc3194f1-254c-4b8a-bbda-1cf921aeab86 basecall_model_version_id=dna_r10.4.1_e8.2_400bps_hac@v4.3.0
224	2e6ac331-1246-4824-871f-238c10514ea1 runid=0dfb5b492dc86ce99bf7c61c734eb364afcdb5c8 ch=41 start_time=2025-09-25T21:49:07.398161+00:00 flow_cell_id=AWX817 basecall_gpu=NVIDIA_Tegra_X2 protocol_group_id=ONT_trialEb_250925 sample_id=ONT_trail_250925 barcode=barcode14 barcode_alias=barcode14 parent_read_id=2e6ac331-1246-4824-871f-238c10514ea1 basecall_model_version_id=dna_r10.4.1_e8.2_400bps_hac@v4.3.0
224	2e6ac331-1246-4824-871f-238c10514ea1 runid=0dfb5b492dc86ce99bf7c61c734eb364afcdb5c8 ch=41 start_time=2025-09-25T21:49:07.398161+00:00 flow_cell_id=AWX817 basecall_gpu=NVIDIA_Tegra_X2 protocol_group_id=ONT_trialEb_250925 sample_id=ONT_trail_250925 barcode=barcode14 barcode_alias=barcode14 parent_read_id=2e6ac331-1246-4824-871f-238c10514ea1 basecall_model_version_id=dna_r10.4.1_e8.2_400bps_hac@v4.3.0
224	781c00de-5fb6-41d6-af3c-b63ac2db1f20 runid=0dfb5b492dc86ce99bf7c61c734eb364afcdb5c8 ch=4 start_time=2025-09-25T16:22:02.398161+00:00 flow_cell_id=AWX817 basecall_gpu=NVIDIA_Tegra_X2 protocol_group_id=ONT_trialEb_250925 sample_id=ONT_trail_250925 barcode=barcode24 barcode_alias=barcode24 parent_read_id=781c00de-5fb6-41d6-af3c-b63ac2db1f20 basecall_model_version_id=dna_r10.4.1_e8.2_400bps_hac@v4.3.0 rc
224	b8d69d44-4315-4bec-a475-d407d62c6dfe runid=0dfb5b492dc86ce99bf7c61c734eb364afcdb5c8 ch=79 start_time=2025-09-25T19:49:23.398161+00:00 flow_cell_id=AWX817 basecall_gpu=NVIDIA_Tegra_X2 protocol_group_id=ONT_trialEb_250925 sample_id=ONT_trail_250925 barcode=barcode23 barcode_alias=barcode23 parent_read_id=b8d69d44-4315-4bec-a475-d407d62c6dfe basecall_model_version_id=dna_r10.4.1_e8.2_400bps_hac@v4.3.0
224	6e205055-c0a2-4dbc-afd4-94e53161524e runid=0dfb5b492dc86ce99bf7c61c734eb364afcdb5c8 ch=40 start_time=2025-09-25T20:36:25.398161+00:00 flow_cell_id=AWX817 basecall_gpu=NVIDIA_Tegra_X2 protocol_group_id=ONT_trialEb_250925 sample_id=ONT_trail_250925 barcode=barcode22 barcode_alias=barcode22 parent_read_id=6e205055-c0a2-4dbc-afd4-94e53161524e basecall_model_version_id=dna_r10.4.1_e8.2_400bps_hac@v4.3.0 rc
224	6e205055-c0a2-4dbc-afd4-94e53161524e runid=0dfb5b492dc86ce99bf7c61c734eb364afcdb5c8 ch=40 start_time=2025-09-25T20:36:25.398161+00:00 flow_cell_id=AWX817 basecall_gpu=NVIDIA_Tegra_X2 protocol_group_id=ONT_trialEb_250925 sample_id=ONT_trail_250925 barcode=barcode22 barcode_alias=barcode22 parent_read_id=6e205055-c0a2-4dbc-afd4-94e53161524e basecall_model_version_id=dna_r10.4.1_e8.2_400bps_hac@v4.3.0 rc
224	0786a8f2-029c-4761-a227-0622310c5588 runid=0dfb5b492dc86ce99bf7c61c734eb364afcdb5c8 ch=92 start_time=2025-09-25T23:21:31.398161+00:00 flow_cell_id=AWX817 basecall_gpu=NVIDIA_Tegra_X2 protocol_group_id=ONT_trialEb_250925 sample_id=ONT_trail_250925 barcode=barcode22 barcode_alias=barcode22 parent_read_id=0786a8f2-029c-4761-a227-0622310c5588 basecall_model_version_id=dna_r10.4.1_e8.2_400bps_hac@v4.3.0
224	0786a8f2-029c-4761-a227-0622310c5588 runid=0dfb5b492dc86ce99bf7c61c734eb364afcdb5c8 ch=92 start_time=2025-09-25T23:21:31.398161+00:00 flow_cell_id=AWX817 basecall_gpu=NVIDIA_Tegra_X2 protocol_group_id=ONT_trialEb_250925 sample_id=ONT_trail_250925 barcode=barcode22 barcode_alias=barcode22 parent_read_id=0786a8f2-029c-4761-a227-0622310c5588 basecall_model_version_id=dna_r10.4.1_e8.2_400bps_hac@v4.3.0
224	4d0f4a8a-ff19-4cac-985e-86e88376755e runid=0dfb5b492dc86ce99bf7c61c734eb364afcdb5c8 ch=56 start_time=2025-09-25T16:45:05.398161+00:00 flow_cell_id=AWX817 basecall_gpu=NVIDIA_Tegra_X2 protocol_group_id=ONT_trialEb_250925 sample_id=ONT_trail_250925 barcode=barcode14 barcode_alias=barcode14 parent_read_id=4d0f4a8a-ff19-4cac-985e-86e88376755e basecall_model_version_id=dna_r10.4.1_e8.2_400bps_hac@v4.3.0
224	4d0f4a8a-ff19-4cac-985e-86e88376755e runid=0dfb5b492dc86ce99bf7c61c734eb364afcdb5c8 ch=56 start_time=2025-09-25T16:45:05.398161+00:00 flow_cell_id=AWX817 basecall_gpu=NVIDIA_Tegra_X2 protocol_group_id=ONT_trialEb_250925 sample_id=ONT_trail_250925 barcode=barcode14 barcode_alias=barcode14 parent_read_id=4d0f4a8a-ff19-4cac-985e-86e88376755e basecall_model_version_id=dna_r10.4.1_e8.2_400bps_hac@v4.3.0
224	6375ea71-1d2c-4a9d-a52e-924f9a92eb2b runid=0dfb5b492dc86ce99bf7c61c734eb364afcdb5c8 ch=79 start_time=2025-09-25T19:50:01.398161+00:00 flow_cell_id=AWX817 basecall_gpu=NVIDIA_Tegra_X2 protocol_group_id=ONT_trialEb_250925 sample_id=ONT_trail_250925 barcode=barcode14 barcode_alias=barcode14 parent_read_id=6375ea71-1d2c-4a9d-a52e-924f9a92eb2b basecall_model_version_id=dna_r10.4.1_e8.2_400bps_hac@v4.3.0
224	6375ea71-1d2c-4a9d-a52e-924f9a92eb2b runid=0dfb5b492dc86ce99bf7c61c734eb364afcdb5c8 ch=79 start_time=2025-09-25T19:50:01.398161+00:00 flow_cell_id=AWX817 basecall_gpu=NVIDIA_Tegra_X2 protocol_group_id=ONT_trialEb_250925 sample_id=ONT_trail_250925 barcode=barcode14 barcode_alias=barcode14 parent_read_id=6375ea71-1d2c-4a9d-a52e-924f9a92eb2b basecall_model_version_id=dna_r10.4.1_e8.2_400bps_hac@v4.3.0
224	a7f176ac-5579-49a0-a8f9-12e2a071085b runid=0dfb5b492dc86ce99bf7c61c734eb364afcdb5c8 ch=43 start_time=2025-09-25T19:33:05.398161+00:00 flow_cell_id=AWX817 basecall_gpu=NVIDIA_Tegra_X2 protocol_group_id=ONT_trialEb_250925 sample_id=ONT_trail_250925 barcode=barcode15 barcode_alias=barcode15 parent_read_id=a7f176ac-5579-49a0-a8f9-12e2a071085b basecall_model_version_id=dna_r10.4.1_e8.2_400bps_hac@v4.3.0 rc
224	dc977f4e-c3b8-4f6c-9f1b-1d4993687572 runid=0dfb5b492dc86ce99bf7c61c734eb364afcdb5c8 ch=91 start_time=2025-09-25T17:31:09.398161+00:00 flow_cell_id=AWX817 basecall_gpu=NVIDIA_Tegra_X2 protocol_group_id=ONT_trialEb_250925 sample_id=ONT_trail_250925 barcode=barcode15 barcode_alias=barcode15 parent_read_id=dc977f4e-c3b8-4f6c-9f1b-1d4993687572 basecall_model_version_id=dna_r10.4.1_e8.2_400bps_hac@v4.3.0
224	efae02cb-0ae7-47d2-bb73-0eff2499d053 runid=0dfb5b492dc86ce99bf7c61c734eb364afcdb5c8 ch=49 start_time=2025-09-26T11:31:49.398161+00:00 flow_cell_id=AWX817 basecall_gpu=NVIDIA_Tegra_X2 protocol_group_id=ONT_trialEb_250925 sample_id=ONT_trail_250925 barcode=barcode14 barcode_alias=barcode14 parent_read_id=efae02cb-0ae7-47d2-bb73-0eff2499d053 basecall_model_version_id=dna_r10.4.1_e8.2_400bps_hac@v4.3.0
224	efae02cb-0ae7-47d2-bb73-0eff2499d053 runid=0dfb5b492dc86ce99bf7c61c734eb364afcdb5c8 ch=49 start_time=2025-09-26T11:31:49.398161+00:00 flow_cell_id=AWX817 basecall_gpu=NVIDIA_Tegra_X2 protocol_group_id=ONT_trialEb_250925 sample_id=ONT_trail_250925 barcode=barcode14 barcode_alias=barcode14 parent_read_id=efae02cb-0ae7-47d2-bb73-0eff2499d053 basecall_model_version_id=dna_r10.4.1_e8.2_400bps_hac@v4.3.0
224	92ea4942-e3b0-435c-b4c5-ab568ec05310 runid=0dfb5b492dc86ce99bf7c61c734eb364afcdb5c8 ch=39 start_time=2025-09-26T02:04:40.398161+00:00 flow_cell_id=AWX817 basecall_gpu=NVIDIA_Tegra_X2 protocol_group_id=ONT_trialEb_250925 sample_id=ONT_trail_250925 barcode=barcode14 barcode_alias=barcode14 parent_read_id=92ea4942-e3b0-435c-b4c5-ab568ec05310 basecall_model_version_id=dna_r10.4.1_e8.2_400bps_hac@v4.3.0
224	92ea4942-e3b0-435c-b4c5-ab568ec05310 runid=0dfb5b492dc86ce99bf7c61c734eb364afcdb5c8 ch=39 start_time=2025-09-26T02:04:40.398161+00:00 flow_cell_id=AWX817 basecall_gpu=NVIDIA_Tegra_X2 protocol_group_id=ONT_trialEb_250925 sample_id=ONT_trail_250925 barcode=barcode14 barcode_alias=barcode14 parent_read_id=92ea4942-e3b0-435c-b4c5-ab568ec05310 basecall_model_version_id=dna_r10.4.1_e8.2_400bps_hac@v4.3.0
224	e7ec3c28-7840-4133-8fa8-1eabb1532372 runid=0dfb5b492dc86ce99bf7c61c734eb364afcdb5c8 ch=110 start_time=2025-09-25T17:20:38.398161+00:00 flow_cell_id=AWX817 basecall_gpu=NVIDIA_Tegra_X2 protocol_group_id=ONT_trialEb_250925 sample_id=ONT_trail_250925 barcode=barcode23 barcode_alias=barcode23 parent_read_id=e7ec3c28-7840-4133-8fa8-1eabb1532372 basecall_model_version_id=dna_r10.4.1_e8.2_400bps_hac@v4.3.0
224	c0ab4b5d-e4eb-4221-8fd0-3f7c20701b86 runid=0dfb5b492dc86ce99bf7c61c734eb364afcdb5c8 ch=77 start_time=2025-09-25T23:55:47.398161+00:00 flow_cell_id=AWX817 basecall_gpu=NVIDIA_Tegra_X2 protocol_group_id=ONT_trialEb_250925 sample_id=ONT_trail_250925 barcode=barcode23 barcode_alias=barcode23 parent_read_id=c0ab4b5d-e4eb-4221-8fd0-3f7c20701b86 basecall_model_version_id=dna_r10.4.1_e8.2_400bps_hac@v4.3.0 rc
224	7f6abe95-74f4-4822-87ca-bf0127fc686b runid=0dfb5b492dc86ce99bf7c61c734eb364afcdb5c8 ch=20 start_time=2025-09-26T07:36:33.398161+00:00 flow_cell_id=AWX817 basecall_gpu=NVIDIA_Tegra_X2 protocol_group_id=ONT_trialEb_250925 sample_id=ONT_trail_250925 barcode=barcode22 barcode_alias=barcode22 parent_read_id=feda92d2-7629-47b7-ac34-0e151ec30878 basecall_model_version_id=dna_r10.4.1_e8.2_400bps_hac@v4.3.0 rc
224	7f6abe95-74f4-4822-87ca-bf0127fc686b runid=0dfb5b492dc86ce99bf7c61c734eb364afcdb5c8 ch=20 start_time=2025-09-26T07:36:33.398161+00:00 flow_cell_id=AWX817 basecall_gpu=NVIDIA_Tegra_X2 protocol_group_id=ONT_trialEb_250925 sample_id=ONT_trail_250925 barcode=barcode22 barcode_alias=barcode22 parent_read_id=feda92d2-7629-47b7-ac34-0e151ec30878 basecall_model_version_id=dna_r10.4.1_e8.2_400bps_hac@v4.3.0 rc
224	124586ce-3ce0-4faa-b61c-812966b21081 runid=0dfb5b492dc86ce99bf7c61c734eb364afcdb5c8 ch=79 start_time=2025-09-25T18:13:22.398161+00:00 flow_cell_id=AWX817 basecall_gpu=NVIDIA_Tegra_X2 protocol_group_id=ONT_trialEb_250925 sample_id=ONT_trail_250925 barcode=barcode14 barcode_alias=barcode14 parent_read_id=124586ce-3ce0-4faa-b61c-812966b21081 basecall_model_version_id=dna_r10.4.1_e8.2_400bps_hac@v4.3.0
224	124586ce-3ce0-4faa-b61c-812966b21081 runid=0dfb5b492dc86ce99bf7c61c734eb364afcdb5c8 ch=79 start_time=2025-09-25T18:13:22.398161+00:00 flow_cell_id=AWX817 basecall_gpu=NVIDIA_Tegra_X2 protocol_group_id=ONT_trialEb_250925 sample_id=ONT_trail_250925 barcode=barcode14 barcode_alias=barcode14 parent_read_id=124586ce-3ce0-4faa-b61c-812966b21081 basecall_model_version_id=dna_r10.4.1_e8.2_400bps_hac@v4.3.0
224	39a97e67-13eb-43b4-8684-7f72d1eafec8 runid=0dfb5b492dc86ce99bf7c61c734eb364afcdb5c8 ch=39 start_time=2025-09-25T19:37:05.398161+00:00 flow_cell_id=AWX817 basecall_gpu=NVIDIA_Tegra_X2 protocol_group_id=ONT_trialEb_250925 sample_id=ONT_trail_250925 barcode=barcode22 barcode_alias=barcode22 parent_read_id=39a97e67-13eb-43b4-8684-7f72d1eafec8 basecall_model_version_id=dna_r10.4.1_e8.2_400bps_hac@v4.3.0
224	39a97e67-13eb-43b4-8684-7f72d1eafec8 runid=0dfb5b492dc86ce99bf7c61c734eb364afcdb5c8 ch=39 start_time=2025-09-25T19:37:05.398161+00:00 flow_cell_id=AWX817 basecall_gpu=NVIDIA_Tegra_X2 protocol_group_id=ONT_trialEb_250925 sample_id=ONT_trail_250925 barcode=barcode22 barcode_alias=barcode22 parent_read_id=39a97e67-13eb-43b4-8684-7f72d1eafec8 basecall_model_version_id=dna_r10.4.1_e8.2_400bps_hac@v4.3.0
224	9359cc7a-2f9b-42a1-8126-19bfd85e443a runid=0dfb5b492dc86ce99bf7c61c734eb364afcdb5c8 ch=90 start_time=2025-09-25T17:38:45.398161+00:00 flow_cell_id=AWX817 basecall_gpu=NVIDIA_Tegra_X2 protocol_group_id=ONT_trialEb_250925 sample_id=ONT_trail_250925 barcode=barcode24 barcode_alias=barcode24 parent_read_id=9359cc7a-2f9b-42a1-8126-19bfd85e443a basecall_model_version_id=dna_r10.4.1_e8.2_400bps_hac@v4.3.0 rc
224	08a0c6e7-1fe5-42fa-bf8e-81d97397c94a runid=0dfb5b492dc86ce99bf7c61c734eb364afcdb5c8 ch=44 start_time=2025-09-26T01:43:55.398161+00:00 flow_cell_id=AWX817 basecall_gpu=NVIDIA_Tegra_X2 protocol_group_id=ONT_trialEb_250925 sample_id=ONT_trail_250925 barcode=barcode15 barcode_alias=barcode15 parent_read_id=08a0c6e7-1fe5-42fa-bf8e-81d97397c94a basecall_model_version_id=dna_r10.4.1_e8.2_400bps_hac@v4.3.0
224	c961fc17-a893-4712-a508-3c1f8c8de0d3 runid=0dfb5b492dc86ce99bf7c61c734eb364afcdb5c8 ch=85 start_time=2025-09-25T20:40:38.398161+00:00 flow_cell_id=AWX817 basecall_gpu=NVIDIA_Tegra_X2 protocol_group_id=ONT_trialEb_250925 sample_id=ONT_trail_250925 barcode=barcode14 barcode_alias=barcode14 parent_read_id=c961fc17-a893-4712-a508-3c1f8c8de0d3 basecall_model_version_id=dna_r10.4.1_e8.2_400bps_hac@v4.3.0
224	c961fc17-a893-4712-a508-3c1f8c8de0d3 runid=0dfb5b492dc86ce99bf7c61c734eb364afcdb5c8 ch=85 start_time=2025-09-25T20:40:38.398161+00:00 flow_cell_id=AWX817 basecall_gpu=NVIDIA_Tegra_X2 protocol_group_id=ONT_trialEb_250925 sample_id=ONT_trail_250925 barcode=barcode14 barcode_alias=barcode14 parent_read_id=c961fc17-a893-4712-a508-3c1f8c8de0d3 basecall_model_version_id=dna_r10.4.1_e8.2_400bps_hac@v4.3.0
224	c9f8d945-71f1-437b-a1fc-2607c3091f55 runid=0dfb5b492dc86ce99bf7c61c734eb364afcdb5c8 ch=4 start_time=2025-09-26T07:13:38.398161+00:00 flow_cell_id=AWX817 basecall_gpu=NVIDIA_Tegra_X2 protocol_group_id=ONT_trialEb_250925 sample_id=ONT_trail_250925 barcode=barcode15 barcode_alias=barcode15 parent_read_id=c9f8d945-71f1-437b-a1fc-2607c3091f55 basecall_model_version_id=dna_r10.4.1_e8.2_400bps_hac@v4.3.0
224	4dc7ed27-8c3f-4da9-8cdf-661cdcc1c36f runid=0dfb5b492dc86ce99bf7c61c734eb364afcdb5c8 ch=94 start_time=2025-09-25T15:45:08.398161+00:00 flow_cell_id=AWX817 basecall_gpu=NVIDIA_Tegra_X2 protocol_group_id=ONT_trialEb_250925 sample_id=ONT_trail_250925 barcode=barcode24 barcode_alias=barcode24 parent_read_id=4dc7ed27-8c3f-4da9-8cdf-661cdcc1c36f basecall_model_version_id=dna_r10.4.1_e8.2_400bps_hac@v4.3.0 rc
224	3317954e-15da-4d43-8ce5-0d1d52ad8159 runid=0dfb5b492dc86ce99bf7c61c734eb364afcdb5c8 ch=77 start_time=2025-09-25T23:30:40.398161+00:00 flow_cell_id=AWX817 basecall_gpu=NVIDIA_Tegra_X2 protocol_group_id=ONT_trialEb_250925 sample_id=ONT_trail_250925 barcode=barcode23 barcode_alias=barcode23 parent_read_id=3317954e-15da-4d43-8ce5-0d1d52ad8159 basecall_model_version_id=dna_r10.4.1_e8.2_400bps_hac@v4.3.0 rc
224	414be03c-b590-4398-ae16-0ea09f664eaa runid=0dfb5b492dc86ce99bf7c61c734eb364afcdb5c8 ch=58 start_time=2025-09-25T19:54:53.398161+00:00 flow_cell_id=AWX817 basecall_gpu=NVIDIA_Tegra_X2 protocol_group_id=ONT_trialEb_250925 sample_id=ONT_trail_250925 barcode=barcode24 barcode_alias=barcode24 parent_read_id=f36bea2a-73dd-48d6-b06e-3f81812936b7 basecall_model_version_id=dna_r10.4.1_e8.2_400bps_hac@v4.3.0
224	65be1168-7dd9-43ba-96b1-47df5465dd50 runid=0dfb5b492dc86ce99bf7c61c734eb364afcdb5c8 ch=58 start_time=2025-09-25T21:00:26.398161+00:00 flow_cell_id=AWX817 basecall_gpu=NVIDIA_Tegra_X2 protocol_group_id=ONT_trialEb_250925 sample_id=ONT_trail_250925 barcode=barcode22 barcode_alias=barcode22 parent_read_id=65be1168-7dd9-43ba-96b1-47df5465dd50 basecall_model_version_id=dna_r10.4.1_e8.2_400bps_hac@v4.3.0 rc
224	65be1168-7dd9-43ba-96b1-47df5465dd50 runid=0dfb5b492dc86ce99bf7c61c734eb364afcdb5c8 ch=58 start_time=2025-09-25T21:00:26.398161+00:00 flow_cell_id=AWX817 basecall_gpu=NVIDIA_Tegra_X2 protocol_group_id=ONT_trialEb_250925 sample_id=ONT_trail_250925 barcode=barcode22 barcode_alias=barcode22 parent_read_id=65be1168-7dd9-43ba-96b1-47df5465dd50 basecall_model_version_id=dna_r10.4.1_e8.2_400bps_hac@v4.3.0 rc
224	39a9adeb-c84c-4f85-a102-fbb029481fbb runid=0dfb5b492dc86ce99bf7c61c734eb364afcdb5c8 ch=41 start_time=2025-09-26T01:12:12.398161+00:00 flow_cell_id=AWX817 basecall_gpu=NVIDIA_Tegra_X2 protocol_group_id=ONT_trialEb_250925 sample_id=ONT_trail_250925 barcode=barcode22 barcode_alias=barcode22 parent_read_id=39a9adeb-c84c-4f85-a102-fbb029481fbb basecall_model_version_id=dna_r10.4.1_e8.2_400bps_hac@v4.3.0 rc
224	39a9adeb-c84c-4f85-a102-fbb029481fbb runid=0dfb5b492dc86ce99bf7c61c734eb364afcdb5c8 ch=41 start_time=2025-09-26T01:12:12.398161+00:00 flow_cell_id=AWX817 basecall_gpu=NVIDIA_Tegra_X2 protocol_group_id=ONT_trialEb_250925 sample_id=ONT_trail_250925 barcode=barcode22 barcode_alias=barcode22 parent_read_id=39a9adeb-c84c-4f85-a102-fbb029481fbb basecall_model_version_id=dna_r10.4.1_e8.2_400bps_hac@v4.3.0 rc
224	962929f2-2d9c-4ab1-ad00-4ec5dc795377 runid=0dfb5b492dc86ce99bf7c61c734eb364afcdb5c8 ch=5 start_time=2025-09-25T23:07:06.398161+00:00 flow_cell_id=AWX817 basecall_gpu=NVIDIA_Tegra_X2 protocol_group_id=ONT_trialEb_250925 sample_id=ONT_trail_250925 barcode=barcode22 barcode_alias=barcode22 parent_read_id=962929f2-2d9c-4ab1-ad00-4ec5dc795377 basecall_model_version_id=dna_r10.4.1_e8.2_400bps_hac@v4.3.0
224	962929f2-2d9c-4ab1-ad00-4ec5dc795377 runid=0dfb5b492dc86ce99bf7c61c734eb364afcdb5c8 ch=5 start_time=2025-09-25T23:07:06.398161+00:00 flow_cell_id=AWX817 basecall_gpu=NVIDIA_Tegra_X2 protocol_group_id=ONT_trialEb_250925 sample_id=ONT_trail_250925 barcode=barcode22 barcode_alias=barcode22 parent_read_id=962929f2-2d9c-4ab1-ad00-4ec5dc795377 basecall_model_version_id=dna_r10.4.1_e8.2_400bps_hac@v4.3.0
224	cbc4666b-7833-4109-945e-2a671108f361 runid=0dfb5b492dc86ce99bf7c61c734eb364afcdb5c8 ch=20 start_time=2025-09-25T16:27:54.398161+00:00 flow_cell_id=AWX817 basecall_gpu=NVIDIA_Tegra_X2 protocol_group_id=ONT_trialEb_250925 sample_id=ONT_trail_250925 barcode=barcode23 barcode_alias=barcode23 parent_read_id=cbc4666b-7833-4109-945e-2a671108f361 basecall_model_version_id=dna_r10.4.1_e8.2_400bps_hac@v4.3.0 rc
224	556acd5b-312e-4cdd-b41b-ec0b0fb406c6 runid=0dfb5b492dc86ce99bf7c61c734eb364afcdb5c8 ch=85 start_time=2025-09-26T02:13:33.398161+00:00 flow_cell_id=AWX817 basecall_gpu=NVIDIA_Tegra_X2 protocol_group_id=ONT_trialEb_250925 sample_id=ONT_trail_250925 barcode=barcode24 barcode_alias=barcode24 parent_read_id=556acd5b-312e-4cdd-b41b-ec0b0fb406c6 basecall_model_version_id=dna_r10.4.1_e8.2_400bps_hac@v4.3.0
224	614f25dc-31f7-4886-8927-5b60c879f9b6 runid=0dfb5b492dc86ce99bf7c61c734eb364afcdb5c8 ch=41 start_time=2025-09-25T21:52:42.398161+00:00 flow_cell_id=AWX817 basecall_gpu=NVIDIA_Tegra_X2 protocol_group_id=ONT_trialEb_250925 sample_id=ONT_trail_250925 barcode=barcode24 barcode_alias=barcode24 parent_read_id=614f25dc-31f7-4886-8927-5b60c879f9b6 basecall_model_version_id=dna_r10.4.1_e8.2_400bps_hac@v4.3.0
224	e9c11fdf-24d8-4c2a-ae6d-322aa242da0b runid=0dfb5b492dc86ce99bf7c61c734eb364afcdb5c8 ch=4 start_time=2025-09-26T07:18:05.398161+00:00 flow_cell_id=AWX817 basecall_gpu=NVIDIA_Tegra_X2 protocol_group_id=ONT_trialEb_250925 sample_id=ONT_trail_250925 barcode=barcode23 barcode_alias=barcode23 parent_read_id=e9c11fdf-24d8-4c2a-ae6d-322aa242da0b basecall_model_version_id=dna_r10.4.1_e8.2_400bps_hac@v4.3.0
224	a2061059-f079-493c-96d3-a24db3140a04 runid=0dfb5b492dc86ce99bf7c61c734eb364afcdb5c8 ch=56 start_time=2025-09-25T17:55:52.398161+00:00 flow_cell_id=AWX817 basecall_gpu=NVIDIA_Tegra_X2 protocol_group_id=ONT_trialEb_250925 sample_id=ONT_trail_250925 barcode=barcode23 barcode_alias=barcode23 parent_read_id=a2061059-f079-493c-96d3-a24db3140a04 basecall_model_version_id=dna_r10.4.1_e8.2_400bps_hac@v4.3.0
224	ab4cb806-3725-405b-b15e-5ab318217285 runid=0dfb5b492dc86ce99bf7c61c734eb364afcdb5c8 ch=10 start_time=2025-09-25T17:21:41.398161+00:00 flow_cell_id=AWX817 basecall_gpu=NVIDIA_Tegra_X2 protocol_group_id=ONT_trialEb_250925 sample_id=ONT_trail_250925 barcode=barcode23 barcode_alias=barcode23 parent_read_id=ab4cb806-3725-405b-b15e-5ab318217285 basecall_model_version_id=dna_r10.4.1_e8.2_400bps_hac@v4.3.0
224	8ea80ba4-806e-4c8b-b660-c45275ad3eec runid=0dfb5b492dc86ce99bf7c61c734eb364afcdb5c8 ch=106 start_time=2025-09-25T17:25:09.398161+00:00 flow_cell_id=AWX817 basecall_gpu=NVIDIA_Tegra_X2 protocol_group_id=ONT_trialEb_250925 sample_id=ONT_trail_250925 barcode=barcode24 barcode_alias=barcode24 parent_read_id=8ea80ba4-806e-4c8b-b660-c45275ad3eec basecall_model_version_id=dna_r10.4.1_e8.2_400bps_hac@v4.3.0 rc
224	c4e43285-e192-4f09-9fbf-15ab5a488c61 runid=0dfb5b492dc86ce99bf7c61c734eb364afcdb5c8 ch=94 start_time=2025-09-25T18:17:20.398161+00:00 flow_cell_id=AWX817 basecall_gpu=NVIDIA_Tegra_X2 protocol_group_id=ONT_trialEb_250925 sample_id=ONT_trail_250925 barcode=barcode24 barcode_alias=barcode24 parent_read_id=c4e43285-e192-4f09-9fbf-15ab5a488c61 basecall_model_version_id=dna_r10.4.1_e8.2_400bps_hac@v4.3.0
224	4c6f1a41-f019-4c0c-b3fa-5989a539dd7a runid=0dfb5b492dc86ce99bf7c61c734eb364afcdb5c8 ch=80 start_time=2025-09-25T19:17:06.398161+00:00 flow_cell_id=AWX817 basecall_gpu=NVIDIA_Tegra_X2 protocol_group_id=ONT_trialEb_250925 sample_id=ONT_trail_250925 barcode=barcode23 barcode_alias=barcode23 parent_read_id=4c6f1a41-f019-4c0c-b3fa-5989a539dd7a basecall_model_version_id=dna_r10.4.1_e8.2_400bps_hac@v4.3.0
224	38e275fc-746c-43cf-aa23-eb75c2c11f4e runid=0dfb5b492dc86ce99bf7c61c734eb364afcdb5c8 ch=20 start_time=2025-09-26T08:07:20.398161+00:00 flow_cell_id=AWX817 basecall_gpu=NVIDIA_Tegra_X2 protocol_group_id=ONT_trialEb_250925 sample_id=ONT_trail_250925 barcode=barcode24 barcode_alias=barcode24 parent_read_id=38e275fc-746c-43cf-aa23-eb75c2c11f4e basecall_model_version_id=dna_r10.4.1_e8.2_400bps_hac@v4.3.0
224	125e08cd-570f-4b5c-8179-9bd6945144b4 runid=0dfb5b492dc86ce99bf7c61c734eb364afcdb5c8 ch=23 start_time=2025-09-25T18:58:43.398161+00:00 flow_cell_id=AWX817 basecall_gpu=NVIDIA_Tegra_X2 protocol_group_id=ONT_trialEb_250925 sample_id=ONT_trail_250925 barcode=barcode24 barcode_alias=barcode24 parent_read_id=125e08cd-570f-4b5c-8179-9bd6945144b4 basecall_model_version_id=dna_r10.4.1_e8.2_400bps_hac@v4.3.0 rc
224	4ad305f6-e0b9-43ed-97ca-07c6574d372e runid=0dfb5b492dc86ce99bf7c61c734eb364afcdb5c8 ch=41 start_time=2025-09-25T20:41:25.398161+00:00 flow_cell_id=AWX817 basecall_gpu=NVIDIA_Tegra_X2 protocol_group_id=ONT_trialEb_250925 sample_id=ONT_trail_250925 barcode=barcode15 barcode_alias=barcode15 parent_read_id=4ad305f6-e0b9-43ed-97ca-07c6574d372e basecall_model_version_id=dna_r10.4.1_e8.2_400bps_hac@v4.3.0
224	e46f203a-8c59-4982-90a8-4edb8ed7b122 runid=0dfb5b492dc86ce99bf7c61c734eb364afcdb5c8 ch=106 start_time=2025-09-25T17:48:48.398161+00:00 flow_cell_id=AWX817 basecall_gpu=NVIDIA_Tegra_X2 protocol_group_id=ONT_trialEb_250925 sample_id=ONT_trail_250925 barcode=barcode24 barcode_alias=barcode24 parent_read_id=e46f203a-8c59-4982-90a8-4edb8ed7b122 basecall_model_version_id=dna_r10.4.1_e8.2_400bps_hac@v4.3.0
224	2a161b23-ac28-42db-9dfe-22a06d307f97 runid=0dfb5b492dc86ce99bf7c61c734eb364afcdb5c8 ch=20 start_time=2025-09-25T17:37:56.398161+00:00 flow_cell_id=AWX817 basecall_gpu=NVIDIA_Tegra_X2 protocol_group_id=ONT_trialEb_250925 sample_id=ONT_trail_250925 barcode=barcode22 barcode_alias=barcode22 parent_read_id=2a161b23-ac28-42db-9dfe-22a06d307f97 basecall_model_version_id=dna_r10.4.1_e8.2_400bps_hac@v4.3.0 rc
224	2a161b23-ac28-42db-9dfe-22a06d307f97 runid=0dfb5b492dc86ce99bf7c61c734eb364afcdb5c8 ch=20 start_time=2025-09-25T17:37:56.398161+00:00 flow_cell_id=AWX817 basecall_gpu=NVIDIA_Tegra_X2 protocol_group_id=ONT_trialEb_250925 sample_id=ONT_trail_250925 barcode=barcode22 barcode_alias=barcode22 parent_read_id=2a161b23-ac28-42db-9dfe-22a06d307f97 basecall_model_version_id=dna_r10.4.1_e8.2_400bps_hac@v4.3.0 rc
224	aacdffab-fbc5-4837-a587-de5a855e57da runid=0dfb5b492dc86ce99bf7c61c734eb364afcdb5c8 ch=41 start_time=2025-09-25T18:25:02.398161+00:00 flow_cell_id=AWX817 basecall_gpu=NVIDIA_Tegra_X2 protocol_group_id=ONT_trialEb_250925 sample_id=ONT_trail_250925 barcode=barcode22 barcode_alias=barcode22 parent_read_id=aacdffab-fbc5-4837-a587-de5a855e57da basecall_model_version_id=dna_r10.4.1_e8.2_400bps_hac@v4.3.0 rc
224	aacdffab-fbc5-4837-a587-de5a855e57da runid=0dfb5b492dc86ce99bf7c61c734eb364afcdb5c8 ch=41 start_time=2025-09-25T18:25:02.398161+00:00 flow_cell_id=AWX817 basecall_gpu=NVIDIA_Tegra_X2 protocol_group_id=ONT_trialEb_250925 sample_id=ONT_trail_250925 barcode=barcode22 barcode_alias=barcode22 parent_read_id=aacdffab-fbc5-4837-a587-de5a855e57da basecall_model_version_id=dna_r10.4.1_e8.2_400bps_hac@v4.3.0 rc
224	bb6040a7-4b3d-443c-86a7-4912c37bc444 runid=0dfb5b492dc86ce99bf7c61c734eb364afcdb5c8 ch=80 start_time=2025-09-25T17:51:52.398161+00:00 flow_cell_id=AWX817 basecall_gpu=NVIDIA_Tegra_X2 protocol_group_id=ONT_trialEb_250925 sample_id=ONT_trail_250925 barcode=barcode22 barcode_alias=barcode22 parent_read_id=bb6040a7-4b3d-443c-86a7-4912c37bc444 basecall_model_version_id=dna_r10.4.1_e8.2_400bps_hac@v4.3.0
224	bb6040a7-4b3d-443c-86a7-4912c37bc444 runid=0dfb5b492dc86ce99bf7c61c734eb364afcdb5c8 ch=80 start_time=2025-09-25T17:51:52.398161+00:00 flow_cell_id=AWX817 basecall_gpu=NVIDIA_Tegra_X2 protocol_group_id=ONT_trialEb_250925 sample_id=ONT_trail_250925 barcode=barcode22 barcode_alias=barcode22 parent_read_id=bb6040a7-4b3d-443c-86a7-4912c37bc444 basecall_model_version_id=dna_r10.4.1_e8.2_400bps_hac@v4.3.0
224	0312ca72-4bb6-4fa5-a7d8-449de0a23970 runid=0dfb5b492dc86ce99bf7c61c734eb364afcdb5c8 ch=40 start_time=2025-09-25T20:16:22.398161+00:00 flow_cell_id=AWX817 basecall_gpu=NVIDIA_Tegra_X2 protocol_group_id=ONT_trialEb_250925 sample_id=ONT_trail_250925 barcode=barcode23 barcode_alias=barcode23 parent_read_id=0312ca72-4bb6-4fa5-a7d8-449de0a23970 basecall_model_version_id=dna_r10.4.1_e8.2_400bps_hac@v4.3.0 rc
224	ba648e03-4fab-4347-83b4-4406507c9118 runid=0dfb5b492dc86ce99bf7c61c734eb364afcdb5c8 ch=20 start_time=2025-09-26T09:16:19.398161+00:00 flow_cell_id=AWX817 basecall_gpu=NVIDIA_Tegra_X2 protocol_group_id=ONT_trialEb_250925 sample_id=ONT_trail_250925 barcode=barcode15 barcode_alias=barcode15 parent_read_id=ba648e03-4fab-4347-83b4-4406507c9118 basecall_model_version_id=dna_r10.4.1_e8.2_400bps_hac@v4.3.0 rc
224	f4e12b4d-7e7f-4121-807c-5baa3eb460a8 runid=0dfb5b492dc86ce99bf7c61c734eb364afcdb5c8 ch=41 start_time=2025-09-25T16:44:23.398161+00:00 flow_cell_id=AWX817 basecall_gpu=NVIDIA_Tegra_X2 protocol_group_id=ONT_trialEb_250925 sample_id=ONT_trail_250925 barcode=barcode23 barcode_alias=barcode23 parent_read_id=f4e12b4d-7e7f-4121-807c-5baa3eb460a8 basecall_model_version_id=dna_r10.4.1_e8.2_400bps_hac@v4.3.0 rc
224	d068c1d1-37cb-4983-b796-a95195f692e0 runid=0dfb5b492dc86ce99bf7c61c734eb364afcdb5c8 ch=20 start_time=2025-09-25T17:44:28.398161+00:00 flow_cell_id=AWX817 basecall_gpu=NVIDIA_Tegra_X2 protocol_group_id=ONT_trialEb_250925 sample_id=ONT_trail_250925 barcode=barcode14 barcode_alias=barcode14 parent_read_id=d068c1d1-37cb-4983-b796-a95195f692e0 basecall_model_version_id=dna_r10.4.1_e8.2_400bps_hac@v4.3.0
224	d068c1d1-37cb-4983-b796-a95195f692e0 runid=0dfb5b492dc86ce99bf7c61c734eb364afcdb5c8 ch=20 start_time=2025-09-25T17:44:28.398161+00:00 flow_cell_id=AWX817 basecall_gpu=NVIDIA_Tegra_X2 protocol_group_id=ONT_trialEb_250925 sample_id=ONT_trail_250925 barcode=barcode14 barcode_alias=barcode14 parent_read_id=d068c1d1-37cb-4983-b796-a95195f692e0 basecall_model_version_id=dna_r10.4.1_e8.2_400bps_hac@v4.3.0
224	e555476e-0a29-45fb-b1ac-42d9427b629b runid=0dfb5b492dc86ce99bf7c61c734eb364afcdb5c8 ch=15 start_time=2025-09-25T19:15:39.398161+00:00 flow_cell_id=AWX817 basecall_gpu=NVIDIA_Tegra_X2 protocol_group_id=ONT_trialEb_250925 sample_id=ONT_trail_250925 barcode=barcode24 barcode_alias=barcode24 parent_read_id=e555476e-0a29-45fb-b1ac-42d9427b629b basecall_model_version_id=dna_r10.4.1_e8.2_400bps_hac@v4.3.0
224	6c313548-a858-4968-b958-a66e903d725f runid=0dfb5b492dc86ce99bf7c61c734eb364afcdb5c8 ch=85 start_time=2025-09-25T19:14:43.398161+00:00 flow_cell_id=AWX817 basecall_gpu=NVIDIA_Tegra_X2 protocol_group_id=ONT_trialEb_250925 sample_id=ONT_trail_250925 barcode=barcode15 barcode_alias=barcode15 parent_read_id=6c313548-a858-4968-b958-a66e903d725f basecall_model_version_id=dna_r10.4.1_e8.2_400bps_hac@v4.3.0 rc
224	7f530065-c84e-4a54-896b-03e60c4362d2 runid=0dfb5b492dc86ce99bf7c61c734eb364afcdb5c8 ch=4 start_time=2025-09-26T04:10:44.398161+00:00 flow_cell_id=AWX817 basecall_gpu=NVIDIA_Tegra_X2 protocol_group_id=ONT_trialEb_250925 sample_id=ONT_trail_250925 barcode=barcode24 barcode_alias=barcode24 parent_read_id=7f530065-c84e-4a54-896b-03e60c4362d2 basecall_model_version_id=dna_r10.4.1_e8.2_400bps_hac@v4.3.0
224	70a503a3-de23-4a16-b582-56f355468334 runid=0dfb5b492dc86ce99bf7c61c734eb364afcdb5c8 ch=4 start_time=2025-09-25T16:48:56.398161+00:00 flow_cell_id=AWX817 basecall_gpu=NVIDIA_Tegra_X2 protocol_group_id=ONT_trialEb_250925 sample_id=ONT_trail_250925 barcode=barcode14 barcode_alias=barcode14 parent_read_id=70a503a3-de23-4a16-b582-56f355468334 basecall_model_version_id=dna_r10.4.1_e8.2_400bps_hac@v4.3.0 rc
224	70a503a3-de23-4a16-b582-56f355468334 runid=0dfb5b492dc86ce99bf7c61c734eb364afcdb5c8 ch=4 start_time=2025-09-25T16:48:56.398161+00:00 flow_cell_id=AWX817 basecall_gpu=NVIDIA_Tegra_X2 protocol_group_id=ONT_trialEb_250925 sample_id=ONT_trail_250925 barcode=barcode14 barcode_alias=barcode14 parent_read_id=70a503a3-de23-4a16-b582-56f355468334 basecall_model_version_id=dna_r10.4.1_e8.2_400bps_hac@v4.3.0 rc
224	9a3952d2-2551-4e20-bfc3-4216607abac4 runid=0dfb5b492dc86ce99bf7c61c734eb364afcdb5c8 ch=77 start_time=2025-09-25T23:41:20.398161+00:00 flow_cell_id=AWX817 basecall_gpu=NVIDIA_Tegra_X2 protocol_group_id=ONT_trialEb_250925 sample_id=ONT_trail_250925 barcode=barcode24 barcode_alias=barcode24 parent_read_id=9a3952d2-2551-4e20-bfc3-4216607abac4 basecall_model_version_id=dna_r10.4.1_e8.2_400bps_hac@v4.3.0
224	3e687322-12db-444c-8a58-51a4435291c9 runid=0dfb5b492dc86ce99bf7c61c734eb364afcdb5c8 ch=85 start_time=2025-09-25T15:51:17.398161+00:00 flow_cell_id=AWX817 basecall_gpu=NVIDIA_Tegra_X2 protocol_group_id=ONT_trialEb_250925 sample_id=ONT_trail_250925 barcode=barcode24 barcode_alias=barcode24 parent_read_id=3e687322-12db-444c-8a58-51a4435291c9 basecall_model_version_id=dna_r10.4.1_e8.2_400bps_hac@v4.3.0
224	ed31cb0d-8f40-428b-8108-044b3d1d29ac runid=0dfb5b492dc86ce99bf7c61c734eb364afcdb5c8 ch=56 start_time=2025-09-25T15:55:18.398161+00:00 flow_cell_id=AWX817 basecall_gpu=NVIDIA_Tegra_X2 protocol_group_id=ONT_trialEb_250925 sample_id=ONT_trail_250925 barcode=barcode14 barcode_alias=barcode14 parent_read_id=ed31cb0d-8f40-428b-8108-044b3d1d29ac basecall_model_version_id=dna_r10.4.1_e8.2_400bps_hac@v4.3.0
224	ed31cb0d-8f40-428b-8108-044b3d1d29ac runid=0dfb5b492dc86ce99bf7c61c734eb364afcdb5c8 ch=56 start_time=2025-09-25T15:55:18.398161+00:00 flow_cell_id=AWX817 basecall_gpu=NVIDIA_Tegra_X2 protocol_group_id=ONT_trialEb_250925 sample_id=ONT_trail_250925 barcode=barcode14 barcode_alias=barcode14 parent_read_id=ed31cb0d-8f40-428b-8108-044b3d1d29ac basecall_model_version_id=dna_r10.4.1_e8.2_400bps_hac@v4.3.0
224	59a698f4-7cfe-423e-a37f-101ae5e1a23f runid=0dfb5b492dc86ce99bf7c61c734eb364afcdb5c8 ch=41 start_time=2025-09-25T22:26:15.398161+00:00 flow_cell_id=AWX817 basecall_gpu=NVIDIA_Tegra_X2 protocol_group_id=ONT_trialEb_250925 sample_id=ONT_trail_250925 barcode=barcode22 barcode_alias=barcode22 parent_read_id=59a698f4-7cfe-423e-a37f-101ae5e1a23f basecall_model_version_id=dna_r10.4.1_e8.2_400bps_hac@v4.3.0 rc
224	59a698f4-7cfe-423e-a37f-101ae5e1a23f runid=0dfb5b492dc86ce99bf7c61c734eb364afcdb5c8 ch=41 start_time=2025-09-25T22:26:15.398161+00:00 flow_cell_id=AWX817 basecall_gpu=NVIDIA_Tegra_X2 protocol_group_id=ONT_trialEb_250925 sample_id=ONT_trail_250925 barcode=barcode22 barcode_alias=barcode22 parent_read_id=59a698f4-7cfe-423e-a37f-101ae5e1a23f basecall_model_version_id=dna_r10.4.1_e8.2_400bps_hac@v4.3.0 rc
224	b1aa7fe2-21e4-4a82-857f-8e8472b422b6 runid=0dfb5b492dc86ce99bf7c61c734eb364afcdb5c8 ch=44 start_time=2025-09-25T21:12:01.398161+00:00 flow_cell_id=AWX817 basecall_gpu=NVIDIA_Tegra_X2 protocol_group_id=ONT_trialEb_250925 sample_id=ONT_trail_250925 barcode=barcode22 barcode_alias=barcode22 parent_read_id=b1aa7fe2-21e4-4a82-857f-8e8472b422b6 basecall_model_version_id=dna_r10.4.1_e8.2_400bps_hac@v4.3.0
224	b1aa7fe2-21e4-4a82-857f-8e8472b422b6 runid=0dfb5b492dc86ce99bf7c61c734eb364afcdb5c8 ch=44 start_time=2025-09-25T21:12:01.398161+00:00 flow_cell_id=AWX817 basecall_gpu=NVIDIA_Tegra_X2 protocol_group_id=ONT_trialEb_250925 sample_id=ONT_trail_250925 barcode=barcode22 barcode_alias=barcode22 parent_read_id=b1aa7fe2-21e4-4a82-857f-8e8472b422b6 basecall_model_version_id=dna_r10.4.1_e8.2_400bps_hac@v4.3.0
224	89eab4f2-c23f-48ad-ba90-5dad2993eb40 runid=0dfb5b492dc86ce99bf7c61c734eb364afcdb5c8 ch=106 start_time=2025-09-25T20:19:43.398161+00:00 flow_cell_id=AWX817 basecall_gpu=NVIDIA_Tegra_X2 protocol_group_id=ONT_trialEb_250925 sample_id=ONT_trail_250925 barcode=barcode22 barcode_alias=barcode22 parent_read_id=89eab4f2-c23f-48ad-ba90-5dad2993eb40 basecall_model_version_id=dna_r10.4.1_e8.2_400bps_hac@v4.3.0 rc
224	89eab4f2-c23f-48ad-ba90-5dad2993eb40 runid=0dfb5b492dc86ce99bf7c61c734eb364afcdb5c8 ch=106 start_time=2025-09-25T20:19:43.398161+00:00 flow_cell_id=AWX817 basecall_gpu=NVIDIA_Tegra_X2 protocol_group_id=ONT_trialEb_250925 sample_id=ONT_trail_250925 barcode=barcode22 barcode_alias=barcode22 parent_read_id=89eab4f2-c23f-48ad-ba90-5dad2993eb40 basecall_model_version_id=dna_r10.4.1_e8.2_400bps_hac@v4.3.0 rc
224	e2d44144-5668-4cdc-80fd-7991ccdc4f3b runid=0dfb5b492dc86ce99bf7c61c734eb364afcdb5c8 ch=91 start_time=2025-09-25T18:40:26.398161+00:00 flow_cell_id=AWX817 basecall_gpu=NVIDIA_Tegra_X2 protocol_group_id=ONT_trialEb_250925 sample_id=ONT_trail_250925 barcode=barcode23 barcode_alias=barcode23 parent_read_id=e2d44144-5668-4cdc-80fd-7991ccdc4f3b basecall_model_version_id=dna_r10.4.1_e8.2_400bps_hac@v4.3.0
224	af6ec58e-a25d-465f-8792-f1dfadc94d08 runid=0dfb5b492dc86ce99bf7c61c734eb364afcdb5c8 ch=73 start_time=2025-09-25T19:05:51.398161+00:00 flow_cell_id=AWX817 basecall_gpu=NVIDIA_Tegra_X2 protocol_group_id=ONT_trialEb_250925 sample_id=ONT_trail_250925 barcode=barcode15 barcode_alias=barcode15 parent_read_id=af6ec58e-a25d-465f-8792-f1dfadc94d08 basecall_model_version_id=dna_r10.4.1_e8.2_400bps_hac@v4.3.0
224	1c3294a7-0d2b-4edd-b1f8-85b36d792ba8 runid=0dfb5b492dc86ce99bf7c61c734eb364afcdb5c8 ch=57 start_time=2025-09-25T17:13:21.398161+00:00 flow_cell_id=AWX817 basecall_gpu=NVIDIA_Tegra_X2 protocol_group_id=ONT_trialEb_250925 sample_id=ONT_trail_250925 barcode=barcode22 barcode_alias=barcode22 parent_read_id=1c3294a7-0d2b-4edd-b1f8-85b36d792ba8 basecall_model_version_id=dna_r10.4.1_e8.2_400bps_hac@v4.3.0 rc
224	1c3294a7-0d2b-4edd-b1f8-85b36d792ba8 runid=0dfb5b492dc86ce99bf7c61c734eb364afcdb5c8 ch=57 start_time=2025-09-25T17:13:21.398161+00:00 flow_cell_id=AWX817 basecall_gpu=NVIDIA_Tegra_X2 protocol_group_id=ONT_trialEb_250925 sample_id=ONT_trail_250925 barcode=barcode22 barcode_alias=barcode22 parent_read_id=1c3294a7-0d2b-4edd-b1f8-85b36d792ba8 basecall_model_version_id=dna_r10.4.1_e8.2_400bps_hac@v4.3.0 rc
224	35420e82-9075-4105-b980-c233b0430942 runid=0dfb5b492dc86ce99bf7c61c734eb364afcdb5c8 ch=20 start_time=2025-09-25T19:40:25.398161+00:00 flow_cell_id=AWX817 basecall_gpu=NVIDIA_Tegra_X2 protocol_group_id=ONT_trialEb_250925 sample_id=ONT_trail_250925 barcode=barcode23 barcode_alias=barcode23 parent_read_id=35420e82-9075-4105-b980-c233b0430942 basecall_model_version_id=dna_r10.4.1_e8.2_400bps_hac@v4.3.0
224	d3a7ec33-4db5-46f8-bfd6-452e214ddc1b runid=0dfb5b492dc86ce99bf7c61c734eb364afcdb5c8 ch=79 start_time=2025-09-25T19:00:11.398161+00:00 flow_cell_id=AWX817 basecall_gpu=NVIDIA_Tegra_X2 protocol_group_id=ONT_trialEb_250925 sample_id=ONT_trail_250925 barcode=barcode22 barcode_alias=barcode22 parent_read_id=d3a7ec33-4db5-46f8-bfd6-452e214ddc1b basecall_model_version_id=dna_r10.4.1_e8.2_400bps_hac@v4.3.0
224	d3a7ec33-4db5-46f8-bfd6-452e214ddc1b runid=0dfb5b492dc86ce99bf7c61c734eb364afcdb5c8 ch=79 start_time=2025-09-25T19:00:11.398161+00:00 flow_cell_id=AWX817 basecall_gpu=NVIDIA_Tegra_X2 protocol_group_id=ONT_trialEb_250925 sample_id=ONT_trail_250925 barcode=barcode22 barcode_alias=barcode22 parent_read_id=d3a7ec33-4db5-46f8-bfd6-452e214ddc1b basecall_model_version_id=dna_r10.4.1_e8.2_400bps_hac@v4.3.0
224	74af4373-3495-4ba4-a610-35efc14bffa1 runid=0dfb5b492dc86ce99bf7c61c734eb364afcdb5c8 ch=5 start_time=2025-09-25T19:17:34.398161+00:00 flow_cell_id=AWX817 basecall_gpu=NVIDIA_Tegra_X2 protocol_group_id=ONT_trialEb_250925 sample_id=ONT_trail_250925 barcode=barcode15 barcode_alias=barcode15 parent_read_id=74af4373-3495-4ba4-a610-35efc14bffa1 basecall_model_version_id=dna_r10.4.1_e8.2_400bps_hac@v4.3.0
224	271ea317-a1f2-4bb0-a28c-cd7e01abe726 runid=0dfb5b492dc86ce99bf7c61c734eb364afcdb5c8 ch=40 start_time=2025-09-25T19:32:53.398161+00:00 flow_cell_id=AWX817 basecall_gpu=NVIDIA_Tegra_X2 protocol_group_id=ONT_trialEb_250925 sample_id=ONT_trail_250925 barcode=barcode23 barcode_alias=barcode23 parent_read_id=271ea317-a1f2-4bb0-a28c-cd7e01abe726 basecall_model_version_id=dna_r10.4.1_e8.2_400bps_hac@v4.3.0 rc
224	0828981d-e390-4e4f-9c7f-3bd00d2bb6b5 runid=0dfb5b492dc86ce99bf7c61c734eb364afcdb5c8 ch=77 start_time=2025-09-26T00:35:50.398161+00:00 flow_cell_id=AWX817 basecall_gpu=NVIDIA_Tegra_X2 protocol_group_id=ONT_trialEb_250925 sample_id=ONT_trail_250925 barcode=barcode14 barcode_alias=barcode14 parent_read_id=0828981d-e390-4e4f-9c7f-3bd00d2bb6b5 basecall_model_version_id=dna_r10.4.1_e8.2_400bps_hac@v4.3.0
224	0828981d-e390-4e4f-9c7f-3bd00d2bb6b5 runid=0dfb5b492dc86ce99bf7c61c734eb364afcdb5c8 ch=77 start_time=2025-09-26T00:35:50.398161+00:00 flow_cell_id=AWX817 basecall_gpu=NVIDIA_Tegra_X2 protocol_group_id=ONT_trialEb_250925 sample_id=ONT_trail_250925 barcode=barcode14 barcode_alias=barcode14 parent_read_id=0828981d-e390-4e4f-9c7f-3bd00d2bb6b5 basecall_model_version_id=dna_r10.4.1_e8.2_400bps_hac@v4.3.0
224	f76d6d09-d311-403b-aecc-12cd784f7292 runid=0dfb5b492dc86ce99bf7c61c734eb364afcdb5c8 ch=45 start_time=2025-09-25T18:12:23.398161+00:00 flow_cell_id=AWX817 basecall_gpu=NVIDIA_Tegra_X2 protocol_group_id=ONT_trialEb_250925 sample_id=ONT_trail_250925 barcode=barcode13 barcode_alias=barcode13 parent_read_id=f76d6d09-d311-403b-aecc-12cd784f7292 basecall_model_version_id=dna_r10.4.1_e8.2_400bps_hac@v4.3.0 rc
224	7bce1d26-1ec0-499f-a298-b8058eea0366 runid=0dfb5b492dc86ce99bf7c61c734eb364afcdb5c8 ch=106 start_time=2025-09-25T18:20:31.398161+00:00 flow_cell_id=AWX817 basecall_gpu=NVIDIA_Tegra_X2 protocol_group_id=ONT_trialEb_250925 sample_id=ONT_trail_250925 barcode=barcode23 barcode_alias=barcode23 parent_read_id=7bce1d26-1ec0-499f-a298-b8058eea0366 basecall_model_version_id=dna_r10.4.1_e8.2_400bps_hac@v4.3.0
224	e3bb87aa-4b61-443a-ab27-b9994a22fb34 runid=0dfb5b492dc86ce99bf7c61c734eb364afcdb5c8 ch=40 start_time=2025-09-25T16:43:30.398161+00:00 flow_cell_id=AWX817 basecall_gpu=NVIDIA_Tegra_X2 protocol_group_id=ONT_trialEb_250925 sample_id=ONT_trail_250925 barcode=barcode22 barcode_alias=barcode22 parent_read_id=e3bb87aa-4b61-443a-ab27-b9994a22fb34 basecall_model_version_id=dna_r10.4.1_e8.2_400bps_hac@v4.3.0
224	e3bb87aa-4b61-443a-ab27-b9994a22fb34 runid=0dfb5b492dc86ce99bf7c61c734eb364afcdb5c8 ch=40 start_time=2025-09-25T16:43:30.398161+00:00 flow_cell_id=AWX817 basecall_gpu=NVIDIA_Tegra_X2 protocol_group_id=ONT_trialEb_250925 sample_id=ONT_trail_250925 barcode=barcode22 barcode_alias=barcode22 parent_read_id=e3bb87aa-4b61-443a-ab27-b9994a22fb34 basecall_model_version_id=dna_r10.4.1_e8.2_400bps_hac@v4.3.0
224	538bf5cb-7310-4135-bdec-4f47b59b3b55 runid=0dfb5b492dc86ce99bf7c61c734eb364afcdb5c8 ch=44 start_time=2025-09-26T01:34:34.398161+00:00 flow_cell_id=AWX817 basecall_gpu=NVIDIA_Tegra_X2 protocol_group_id=ONT_trialEb_250925 sample_id=ONT_trail_250925 barcode=barcode14 barcode_alias=barcode14 parent_read_id=538bf5cb-7310-4135-bdec-4f47b59b3b55 basecall_model_version_id=dna_r10.4.1_e8.2_400bps_hac@v4.3.0
224	538bf5cb-7310-4135-bdec-4f47b59b3b55 runid=0dfb5b492dc86ce99bf7c61c734eb364afcdb5c8 ch=44 start_time=2025-09-26T01:34:34.398161+00:00 flow_cell_id=AWX817 basecall_gpu=NVIDIA_Tegra_X2 protocol_group_id=ONT_trialEb_250925 sample_id=ONT_trail_250925 barcode=barcode14 barcode_alias=barcode14 parent_read_id=538bf5cb-7310-4135-bdec-4f47b59b3b55 basecall_model_version_id=dna_r10.4.1_e8.2_400bps_hac@v4.3.0
224	fbc93cd3-7f49-411a-b60f-af8557862aa5 runid=0dfb5b492dc86ce99bf7c61c734eb364afcdb5c8 ch=20 start_time=2025-09-26T03:50:14.398161+00:00 flow_cell_id=AWX817 basecall_gpu=NVIDIA_Tegra_X2 protocol_group_id=ONT_trialEb_250925 sample_id=ONT_trail_250925 barcode=barcode22 barcode_alias=barcode22 parent_read_id=fbc93cd3-7f49-411a-b60f-af8557862aa5 basecall_model_version_id=dna_r10.4.1_e8.2_400bps_hac@v4.3.0 rc
224	fbc93cd3-7f49-411a-b60f-af8557862aa5 runid=0dfb5b492dc86ce99bf7c61c734eb364afcdb5c8 ch=20 start_time=2025-09-26T03:50:14.398161+00:00 flow_cell_id=AWX817 basecall_gpu=NVIDIA_Tegra_X2 protocol_group_id=ONT_trialEb_250925 sample_id=ONT_trail_250925 barcode=barcode22 barcode_alias=barcode22 parent_read_id=fbc93cd3-7f49-411a-b60f-af8557862aa5 basecall_model_version_id=dna_r10.4.1_e8.2_400bps_hac@v4.3.0 rc
224	0785d10d-f86e-4bef-8bbc-892da099fdfb runid=0dfb5b492dc86ce99bf7c61c734eb364afcdb5c8 ch=6 start_time=2025-09-25T16:02:41.398161+00:00 flow_cell_id=AWX817 basecall_gpu=NVIDIA_Tegra_X2 protocol_group_id=ONT_trialEb_250925 sample_id=ONT_trail_250925 barcode=barcode22 barcode_alias=barcode22 parent_read_id=0785d10d-f86e-4bef-8bbc-892da099fdfb basecall_model_version_id=dna_r10.4.1_e8.2_400bps_hac@v4.3.0
224	0785d10d-f86e-4bef-8bbc-892da099fdfb runid=0dfb5b492dc86ce99bf7c61c734eb364afcdb5c8 ch=6 start_time=2025-09-25T16:02:41.398161+00:00 flow_cell_id=AWX817 basecall_gpu=NVIDIA_Tegra_X2 protocol_group_id=ONT_trialEb_250925 sample_id=ONT_trail_250925 barcode=barcode22 barcode_alias=barcode22 parent_read_id=0785d10d-f86e-4bef-8bbc-892da099fdfb basecall_model_version_id=dna_r10.4.1_e8.2_400bps_hac@v4.3.0
224	b7df3055-39f4-4230-8aa2-94acd46b4be4 runid=0dfb5b492dc86ce99bf7c61c734eb364afcdb5c8 ch=85 start_time=2025-09-26T03:45:57.398161+00:00 flow_cell_id=AWX817 basecall_gpu=NVIDIA_Tegra_X2 protocol_group_id=ONT_trialEb_250925 sample_id=ONT_trail_250925 barcode=barcode15 barcode_alias=barcode15 parent_read_id=b7df3055-39f4-4230-8aa2-94acd46b4be4 basecall_model_version_id=dna_r10.4.1_e8.2_400bps_hac@v4.3.0
224	79de551a-8f00-4b72-8e98-24dc1c5c6653 runid=0dfb5b492dc86ce99bf7c61c734eb364afcdb5c8 ch=79 start_time=2025-09-25T21:02:24.398161+00:00 flow_cell_id=AWX817 basecall_gpu=NVIDIA_Tegra_X2 protocol_group_id=ONT_trialEb_250925 sample_id=ONT_trail_250925 barcode=barcode23 barcode_alias=barcode23 parent_read_id=79de551a-8f00-4b72-8e98-24dc1c5c6653 basecall_model_version_id=dna_r10.4.1_e8.2_400bps_hac@v4.3.0 rc
224	d1be7c5b-cb29-4cbb-9448-3e470eb95fab runid=0dfb5b492dc86ce99bf7c61c734eb364afcdb5c8 ch=5 start_time=2025-09-25T19:51:11.398161+00:00 flow_cell_id=AWX817 basecall_gpu=NVIDIA_Tegra_X2 protocol_group_id=ONT_trialEb_250925 sample_id=ONT_trail_250925 barcode=barcode14 barcode_alias=barcode14 parent_read_id=d1be7c5b-cb29-4cbb-9448-3e470eb95fab basecall_model_version_id=dna_r10.4.1_e8.2_400bps_hac@v4.3.0
224	d1be7c5b-cb29-4cbb-9448-3e470eb95fab runid=0dfb5b492dc86ce99bf7c61c734eb364afcdb5c8 ch=5 start_time=2025-09-25T19:51:11.398161+00:00 flow_cell_id=AWX817 basecall_gpu=NVIDIA_Tegra_X2 protocol_group_id=ONT_trialEb_250925 sample_id=ONT_trail_250925 barcode=barcode14 barcode_alias=barcode14 parent_read_id=d1be7c5b-cb29-4cbb-9448-3e470eb95fab basecall_model_version_id=dna_r10.4.1_e8.2_400bps_hac@v4.3.0
224	96a69006-80e9-40a2-8a35-3c7fd328c7f4 runid=0dfb5b492dc86ce99bf7c61c734eb364afcdb5c8 ch=43 start_time=2025-09-25T15:45:39.398161+00:00 flow_cell_id=AWX817 basecall_gpu=NVIDIA_Tegra_X2 protocol_group_id=ONT_trialEb_250925 sample_id=ONT_trail_250925 barcode=barcode24 barcode_alias=barcode24 parent_read_id=96a69006-80e9-40a2-8a35-3c7fd328c7f4 basecall_model_version_id=dna_r10.4.1_e8.2_400bps_hac@v4.3.0
224	509f814b-fd83-4e81-a531-b46cb9cee682 runid=0dfb5b492dc86ce99bf7c61c734eb364afcdb5c8 ch=44 start_time=2025-09-26T05:25:07.398161+00:00 flow_cell_id=AWX817 basecall_gpu=NVIDIA_Tegra_X2 protocol_group_id=ONT_trialEb_250925 sample_id=ONT_trail_250925 barcode=barcode22 barcode_alias=barcode22 parent_read_id=509f814b-fd83-4e81-a531-b46cb9cee682 basecall_model_version_id=dna_r10.4.1_e8.2_400bps_hac@v4.3.0 rc
224	509f814b-fd83-4e81-a531-b46cb9cee682 runid=0dfb5b492dc86ce99bf7c61c734eb364afcdb5c8 ch=44 start_time=2025-09-26T05:25:07.398161+00:00 flow_cell_id=AWX817 basecall_gpu=NVIDIA_Tegra_X2 protocol_group_id=ONT_trialEb_250925 sample_id=ONT_trail_250925 barcode=barcode22 barcode_alias=barcode22 parent_read_id=509f814b-fd83-4e81-a531-b46cb9cee682 basecall_model_version_id=dna_r10.4.1_e8.2_400bps_hac@v4.3.0 rc
224	983bc2b6-1255-4d01-b611-74e49748fd3c runid=0dfb5b492dc86ce99bf7c61c734eb364afcdb5c8 ch=58 start_time=2025-09-25T19:34:38.398161+00:00 flow_cell_id=AWX817 basecall_gpu=NVIDIA_Tegra_X2 protocol_group_id=ONT_trialEb_250925 sample_id=ONT_trail_250925 barcode=barcode22 barcode_alias=barcode22 parent_read_id=983bc2b6-1255-4d01-b611-74e49748fd3c basecall_model_version_id=dna_r10.4.1_e8.2_400bps_hac@v4.3.0
224	983bc2b6-1255-4d01-b611-74e49748fd3c runid=0dfb5b492dc86ce99bf7c61c734eb364afcdb5c8 ch=58 start_time=2025-09-25T19:34:38.398161+00:00 flow_cell_id=AWX817 basecall_gpu=NVIDIA_Tegra_X2 protocol_group_id=ONT_trialEb_250925 sample_id=ONT_trail_250925 barcode=barcode22 barcode_alias=barcode22 parent_read_id=983bc2b6-1255-4d01-b611-74e49748fd3c basecall_model_version_id=dna_r10.4.1_e8.2_400bps_hac@v4.3.0
224	6faa7924-2ac6-4b38-b69b-b81eff10ffab runid=0dfb5b492dc86ce99bf7c61c734eb364afcdb5c8 ch=110 start_time=2025-09-25T17:38:10.398161+00:00 flow_cell_id=AWX817 basecall_gpu=NVIDIA_Tegra_X2 protocol_group_id=ONT_trialEb_250925 sample_id=ONT_trail_250925 barcode=barcode15 barcode_alias=barcode15 parent_read_id=6faa7924-2ac6-4b38-b69b-b81eff10ffab basecall_model_version_id=dna_r10.4.1_e8.2_400bps_hac@v4.3.0 rc
224	4fa6020b-3c7a-4c7c-88b3-68dceca85c93 runid=0dfb5b492dc86ce99bf7c61c734eb364afcdb5c8 ch=90 start_time=2025-09-25T16:37:39.398161+00:00 flow_cell_id=AWX817 basecall_gpu=NVIDIA_Tegra_X2 protocol_group_id=ONT_trialEb_250925 sample_id=ONT_trail_250925 barcode=barcode23 barcode_alias=barcode23 parent_read_id=4fa6020b-3c7a-4c7c-88b3-68dceca85c93 basecall_model_version_id=dna_r10.4.1_e8.2_400bps_hac@v4.3.0
224	bfb63891-f976-4fa4-a98d-32de0ba2606c runid=0dfb5b492dc86ce99bf7c61c734eb364afcdb5c8 ch=85 start_time=2025-09-25T23:02:19.398161+00:00 flow_cell_id=AWX817 basecall_gpu=NVIDIA_Tegra_X2 protocol_group_id=ONT_trialEb_250925 sample_id=ONT_trail_250925 barcode=barcode14 barcode_alias=barcode14 parent_read_id=51a9e00c-ddfd-4522-a9dd-94e10962cb34 basecall_model_version_id=dna_r10.4.1_e8.2_400bps_hac@v4.3.0 rc
224	bfb63891-f976-4fa4-a98d-32de0ba2606c runid=0dfb5b492dc86ce99bf7c61c734eb364afcdb5c8 ch=85 start_time=2025-09-25T23:02:19.398161+00:00 flow_cell_id=AWX817 basecall_gpu=NVIDIA_Tegra_X2 protocol_group_id=ONT_trialEb_250925 sample_id=ONT_trail_250925 barcode=barcode14 barcode_alias=barcode14 parent_read_id=51a9e00c-ddfd-4522-a9dd-94e10962cb34 basecall_model_version_id=dna_r10.4.1_e8.2_400bps_hac@v4.3.0 rc
224	3c1902d3-be5c-4487-a6c2-ccfb19797968 runid=0dfb5b492dc86ce99bf7c61c734eb364afcdb5c8 ch=93 start_time=2025-09-25T19:03:23.398161+00:00 flow_cell_id=AWX817 basecall_gpu=NVIDIA_Tegra_X2 protocol_group_id=ONT_trialEb_250925 sample_id=ONT_trail_250925 barcode=barcode22 barcode_alias=barcode22 parent_read_id=3c1902d3-be5c-4487-a6c2-ccfb19797968 basecall_model_version_id=dna_r10.4.1_e8.2_400bps_hac@v4.3.0 rc
224	3c1902d3-be5c-4487-a6c2-ccfb19797968 runid=0dfb5b492dc86ce99bf7c61c734eb364afcdb5c8 ch=93 start_time=2025-09-25T19:03:23.398161+00:00 flow_cell_id=AWX817 basecall_gpu=NVIDIA_Tegra_X2 protocol_group_id=ONT_trialEb_250925 sample_id=ONT_trail_250925 barcode=barcode22 barcode_alias=barcode22 parent_read_id=3c1902d3-be5c-4487-a6c2-ccfb19797968 basecall_model_version_id=dna_r10.4.1_e8.2_400bps_hac@v4.3.0 rc
224	9e0ed687-eb40-4347-ba1b-f2e422d7530f runid=0dfb5b492dc86ce99bf7c61c734eb364afcdb5c8 ch=43 start_time=2025-09-25T18:19:30.398161+00:00 flow_cell_id=AWX817 basecall_gpu=NVIDIA_Tegra_X2 protocol_group_id=ONT_trialEb_250925 sample_id=ONT_trail_250925 barcode=barcode22 barcode_alias=barcode22 parent_read_id=9e0ed687-eb40-4347-ba1b-f2e422d7530f basecall_model_version_id=dna_r10.4.1_e8.2_400bps_hac@v4.3.0 rc
224	9e0ed687-eb40-4347-ba1b-f2e422d7530f runid=0dfb5b492dc86ce99bf7c61c734eb364afcdb5c8 ch=43 start_time=2025-09-25T18:19:30.398161+00:00 flow_cell_id=AWX817 basecall_gpu=NVIDIA_Tegra_X2 protocol_group_id=ONT_trialEb_250925 sample_id=ONT_trail_250925 barcode=barcode22 barcode_alias=barcode22 parent_read_id=9e0ed687-eb40-4347-ba1b-f2e422d7530f basecall_model_version_id=dna_r10.4.1_e8.2_400bps_hac@v4.3.0 rc
224	48e0f1f8-a7af-4b1e-8257-cf8e9224b73d runid=0dfb5b492dc86ce99bf7c61c734eb364afcdb5c8 ch=20 start_time=2025-09-26T05:23:37.398161+00:00 flow_cell_id=AWX817 basecall_gpu=NVIDIA_Tegra_X2 protocol_group_id=ONT_trialEb_250925 sample_id=ONT_trail_250925 barcode=barcode22 barcode_alias=barcode22 parent_read_id=48e0f1f8-a7af-4b1e-8257-cf8e9224b73d basecall_model_version_id=dna_r10.4.1_e8.2_400bps_hac@v4.3.0
224	48e0f1f8-a7af-4b1e-8257-cf8e9224b73d runid=0dfb5b492dc86ce99bf7c61c734eb364afcdb5c8 ch=20 start_time=2025-09-26T05:23:37.398161+00:00 flow_cell_id=AWX817 basecall_gpu=NVIDIA_Tegra_X2 protocol_group_id=ONT_trialEb_250925 sample_id=ONT_trail_250925 barcode=barcode22 barcode_alias=barcode22 parent_read_id=48e0f1f8-a7af-4b1e-8257-cf8e9224b73d basecall_model_version_id=dna_r10.4.1_e8.2_400bps_hac@v4.3.0
224	adc57048-e16f-4b85-aa65-353786b09f0e runid=0dfb5b492dc86ce99bf7c61c734eb364afcdb5c8 ch=55 start_time=2025-09-25T17:59:12.398161+00:00 flow_cell_id=AWX817 basecall_gpu=NVIDIA_Tegra_X2 protocol_group_id=ONT_trialEb_250925 sample_id=ONT_trail_250925 barcode=barcode23 barcode_alias=barcode23 parent_read_id=adc57048-e16f-4b85-aa65-353786b09f0e basecall_model_version_id=dna_r10.4.1_e8.2_400bps_hac@v4.3.0 rc
224	65616a36-24cf-40ed-bd07-6bb8e93b1f82 runid=0dfb5b492dc86ce99bf7c61c734eb364afcdb5c8 ch=77 start_time=2025-09-26T01:14:29.398161+00:00 flow_cell_id=AWX817 basecall_gpu=NVIDIA_Tegra_X2 protocol_group_id=ONT_trialEb_250925 sample_id=ONT_trail_250925 barcode=barcode24 barcode_alias=barcode24 parent_read_id=65616a36-24cf-40ed-bd07-6bb8e93b1f82 basecall_model_version_id=dna_r10.4.1_e8.2_400bps_hac@v4.3.0 rc
236	33ec538b-bb8d-4341-b2ca-e24952cb01b0 runid=0dfb5b492dc86ce99bf7c61c734eb364afcdb5c8 ch=20 start_time=2025-09-26T04:12:16.398161+00:00 flow_cell_id=AWX817 basecall_gpu=NVIDIA_Tegra_X2 protocol_group_id=ONT_trialEb_250925 sample_id=ONT_trail_250925 barcode=barcode23 barcode_alias=barcode23 parent_read_id=33ec538b-bb8d-4341-b2ca-e24952cb01b0 basecall_model_version_id=dna_r10.4.1_e8.2_400bps_hac@v4.3.0 rc
236	c55019e5-399c-4d3d-843b-9c70e31e9b5d runid=0dfb5b492dc86ce99bf7c61c734eb364afcdb5c8 ch=80 start_time=2025-09-25T20:50:19.398161+00:00 flow_cell_id=AWX817 basecall_gpu=NVIDIA_Tegra_X2 protocol_group_id=ONT_trialEb_250925 sample_id=ONT_trail_250925 barcode=barcode13 barcode_alias=barcode13 parent_read_id=c55019e5-399c-4d3d-843b-9c70e31e9b5d basecall_model_version_id=dna_r10.4.1_e8.2_400bps_hac@v4.3.0 rc
236	70df8bca-719c-4e49-88bd-c9b115a564a5 runid=0dfb5b492dc86ce99bf7c61c734eb364afcdb5c8 ch=113 start_time=2025-09-25T16:48:43.398161+00:00 flow_cell_id=AWX817 basecall_gpu=NVIDIA_Tegra_X2 protocol_group_id=ONT_trialEb_250925 sample_id=ONT_trail_250925 barcode=barcode14 barcode_alias=barcode14 parent_read_id=70df8bca-719c-4e49-88bd-c9b115a564a5 basecall_model_version_id=dna_r10.4.1_e8.2_400bps_hac@v4.3.0 rc
236	70df8bca-719c-4e49-88bd-c9b115a564a5 runid=0dfb5b492dc86ce99bf7c61c734eb364afcdb5c8 ch=113 start_time=2025-09-25T16:48:43.398161+00:00 flow_cell_id=AWX817 basecall_gpu=NVIDIA_Tegra_X2 protocol_group_id=ONT_trialEb_250925 sample_id=ONT_trail_250925 barcode=barcode14 barcode_alias=barcode14 parent_read_id=70df8bca-719c-4e49-88bd-c9b115a564a5 basecall_model_version_id=dna_r10.4.1_e8.2_400bps_hac@v4.3.0 rc
236	e61d45b4-ea13-4a57-98cb-982683a1d453 runid=0dfb5b492dc86ce99bf7c61c734eb364afcdb5c8 ch=39 start_time=2025-09-25T19:50:59.398161+00:00 flow_cell_id=AWX817 basecall_gpu=NVIDIA_Tegra_X2 protocol_group_id=ONT_trialEb_250925 sample_id=ONT_trail_250925 barcode=barcode22 barcode_alias=barcode22 parent_read_id=e61d45b4-ea13-4a57-98cb-982683a1d453 basecall_model_version_id=dna_r10.4.1_e8.2_400bps_hac@v4.3.0 rc
236	e61d45b4-ea13-4a57-98cb-982683a1d453 runid=0dfb5b492dc86ce99bf7c61c734eb364afcdb5c8 ch=39 start_time=2025-09-25T19:50:59.398161+00:00 flow_cell_id=AWX817 basecall_gpu=NVIDIA_Tegra_X2 protocol_group_id=ONT_trialEb_250925 sample_id=ONT_trail_250925 barcode=barcode22 barcode_alias=barcode22 parent_read_id=e61d45b4-ea13-4a57-98cb-982683a1d453 basecall_model_version_id=dna_r10.4.1_e8.2_400bps_hac@v4.3.0 rc
236	971aee77-9b9b-4708-947e-609aa97b464e runid=0dfb5b492dc86ce99bf7c61c734eb364afcdb5c8 ch=40 start_time=2025-09-25T19:37:23.398161+00:00 flow_cell_id=AWX817 basecall_gpu=NVIDIA_Tegra_X2 protocol_group_id=ONT_trialEb_250925 sample_id=ONT_trail_250925 barcode=barcode23 barcode_alias=barcode23 parent_read_id=971aee77-9b9b-4708-947e-609aa97b464e basecall_model_version_id=dna_r10.4.1_e8.2_400bps_hac@v4.3.0 rc
236	8205c1ad-249c-4676-99a4-acf5f41d6b9d runid=0dfb5b492dc86ce99bf7c61c734eb364afcdb5c8 ch=93 start_time=2025-09-25T17:26:01.398161+00:00 flow_cell_id=AWX817 basecall_gpu=NVIDIA_Tegra_X2 protocol_group_id=ONT_trialEb_250925 sample_id=ONT_trail_250925 barcode=barcode13 barcode_alias=barcode13 parent_read_id=8205c1ad-249c-4676-99a4-acf5f41d6b9d basecall_model_version_id=dna_r10.4.1_e8.2_400bps_hac@v4.3.0
236	a3de1237-92bc-4051-b551-df4ba364aee9 runid=0dfb5b492dc86ce99bf7c61c734eb364afcdb5c8 ch=110 start_time=2025-09-25T16:42:16.398161+00:00 flow_cell_id=AWX817 basecall_gpu=NVIDIA_Tegra_X2 protocol_group_id=ONT_trialEb_250925 sample_id=ONT_trail_250925 barcode=barcode22 barcode_alias=barcode22 parent_read_id=a3de1237-92bc-4051-b551-df4ba364aee9 basecall_model_version_id=dna_r10.4.1_e8.2_400bps_hac@v4.3.0
236	a3de1237-92bc-4051-b551-df4ba364aee9 runid=0dfb5b492dc86ce99bf7c61c734eb364afcdb5c8 ch=110 start_time=2025-09-25T16:42:16.398161+00:00 flow_cell_id=AWX817 basecall_gpu=NVIDIA_Tegra_X2 protocol_group_id=ONT_trialEb_250925 sample_id=ONT_trail_250925 barcode=barcode22 barcode_alias=barcode22 parent_read_id=a3de1237-92bc-4051-b551-df4ba364aee9 basecall_model_version_id=dna_r10.4.1_e8.2_400bps_hac@v4.3.0
236	6795022e-35c2-4413-abf8-b06ea127a53b runid=0dfb5b492dc86ce99bf7c61c734eb364afcdb5c8 ch=90 start_time=2025-09-25T17:40:50.398161+00:00 flow_cell_id=AWX817 basecall_gpu=NVIDIA_Tegra_X2 protocol_group_id=ONT_trialEb_250925 sample_id=ONT_trail_250925 barcode=barcode22 barcode_alias=barcode22 parent_read_id=6795022e-35c2-4413-abf8-b06ea127a53b basecall_model_version_id=dna_r10.4.1_e8.2_400bps_hac@v4.3.0
236	6795022e-35c2-4413-abf8-b06ea127a53b runid=0dfb5b492dc86ce99bf7c61c734eb364afcdb5c8 ch=90 start_time=2025-09-25T17:40:50.398161+00:00 flow_cell_id=AWX817 basecall_gpu=NVIDIA_Tegra_X2 protocol_group_id=ONT_trialEb_250925 sample_id=ONT_trail_250925 barcode=barcode22 barcode_alias=barcode22 parent_read_id=6795022e-35c2-4413-abf8-b06ea127a53b basecall_model_version_id=dna_r10.4.1_e8.2_400bps_hac@v4.3.0
236	f06c28b5-b74c-491d-a5d5-33b222d3db42 runid=0dfb5b492dc86ce99bf7c61c734eb364afcdb5c8 ch=96 start_time=2025-09-26T02:25:46.398161+00:00 flow_cell_id=AWX817 basecall_gpu=NVIDIA_Tegra_X2 protocol_group_id=ONT_trialEb_250925 sample_id=ONT_trail_250925 barcode=barcode15 barcode_alias=barcode15 parent_read_id=f06c28b5-b74c-491d-a5d5-33b222d3db42 basecall_model_version_id=dna_r10.4.1_e8.2_400bps_hac@v4.3.0 rc
236	a9f4498d-0622-41c6-baeb-8d12b43d15ce runid=0dfb5b492dc86ce99bf7c61c734eb364afcdb5c8 ch=91 start_time=2025-09-25T18:48:45.398161+00:00 flow_cell_id=AWX817 basecall_gpu=NVIDIA_Tegra_X2 protocol_group_id=ONT_trialEb_250925 sample_id=ONT_trail_250925 barcode=barcode13 barcode_alias=barcode13 parent_read_id=a9f4498d-0622-41c6-baeb-8d12b43d15ce basecall_model_version_id=dna_r10.4.1_e8.2_400bps_hac@v4.3.0 rc
236	de4e6314-9cce-4795-8ae6-a74b46b29806 runid=0dfb5b492dc86ce99bf7c61c734eb364afcdb5c8 ch=20 start_time=2025-09-26T06:33:21.398161+00:00 flow_cell_id=AWX817 basecall_gpu=NVIDIA_Tegra_X2 protocol_group_id=ONT_trialEb_250925 sample_id=ONT_trail_250925 barcode=barcode14 barcode_alias=barcode14 parent_read_id=de4e6314-9cce-4795-8ae6-a74b46b29806 basecall_model_version_id=dna_r10.4.1_e8.2_400bps_hac@v4.3.0
236	de4e6314-9cce-4795-8ae6-a74b46b29806 runid=0dfb5b492dc86ce99bf7c61c734eb364afcdb5c8 ch=20 start_time=2025-09-26T06:33:21.398161+00:00 flow_cell_id=AWX817 basecall_gpu=NVIDIA_Tegra_X2 protocol_group_id=ONT_trialEb_250925 sample_id=ONT_trail_250925 barcode=barcode14 barcode_alias=barcode14 parent_read_id=de4e6314-9cce-4795-8ae6-a74b46b29806 basecall_model_version_id=dna_r10.4.1_e8.2_400bps_hac@v4.3.0
236	40d458c7-1e66-4c06-ae16-c7a7e746e885 runid=0dfb5b492dc86ce99bf7c61c734eb364afcdb5c8 ch=39 start_time=2025-09-26T01:39:09.398161+00:00 flow_cell_id=AWX817 basecall_gpu=NVIDIA_Tegra_X2 protocol_group_id=ONT_trialEb_250925 sample_id=ONT_trail_250925 barcode=barcode14 barcode_alias=barcode14 parent_read_id=40d458c7-1e66-4c06-ae16-c7a7e746e885 basecall_model_version_id=dna_r10.4.1_e8.2_400bps_hac@v4.3.0
236	40d458c7-1e66-4c06-ae16-c7a7e746e885 runid=0dfb5b492dc86ce99bf7c61c734eb364afcdb5c8 ch=39 start_time=2025-09-26T01:39:09.398161+00:00 flow_cell_id=AWX817 basecall_gpu=NVIDIA_Tegra_X2 protocol_group_id=ONT_trialEb_250925 sample_id=ONT_trail_250925 barcode=barcode14 barcode_alias=barcode14 parent_read_id=40d458c7-1e66-4c06-ae16-c7a7e746e885 basecall_model_version_id=dna_r10.4.1_e8.2_400bps_hac@v4.3.0
236	9967baa2-cf38-4781-b835-b4da62d2730f runid=0dfb5b492dc86ce99bf7c61c734eb364afcdb5c8 ch=93 start_time=2025-09-25T15:45:01.398161+00:00 flow_cell_id=AWX817 basecall_gpu=NVIDIA_Tegra_X2 protocol_group_id=ONT_trialEb_250925 sample_id=ONT_trail_250925 barcode=barcode22 barcode_alias=barcode22 parent_read_id=9967baa2-cf38-4781-b835-b4da62d2730f basecall_model_version_id=dna_r10.4.1_e8.2_400bps_hac@v4.3.0 rc
236	9967baa2-cf38-4781-b835-b4da62d2730f runid=0dfb5b492dc86ce99bf7c61c734eb364afcdb5c8 ch=93 start_time=2025-09-25T15:45:01.398161+00:00 flow_cell_id=AWX817 basecall_gpu=NVIDIA_Tegra_X2 protocol_group_id=ONT_trialEb_250925 sample_id=ONT_trail_250925 barcode=barcode22 barcode_alias=barcode22 parent_read_id=9967baa2-cf38-4781-b835-b4da62d2730f basecall_model_version_id=dna_r10.4.1_e8.2_400bps_hac@v4.3.0 rc
236	8994d382-b52d-4b07-bc61-78ed4f2a86c3 runid=0dfb5b492dc86ce99bf7c61c734eb364afcdb5c8 ch=85 start_time=2025-09-25T17:40:05.398161+00:00 flow_cell_id=AWX817 basecall_gpu=NVIDIA_Tegra_X2 protocol_group_id=ONT_trialEb_250925 sample_id=ONT_trail_250925 barcode=barcode22 barcode_alias=barcode22 parent_read_id=8994d382-b52d-4b07-bc61-78ed4f2a86c3 basecall_model_version_id=dna_r10.4.1_e8.2_400bps_hac@v4.3.0
236	8994d382-b52d-4b07-bc61-78ed4f2a86c3 runid=0dfb5b492dc86ce99bf7c61c734eb364afcdb5c8 ch=85 start_time=2025-09-25T17:40:05.398161+00:00 flow_cell_id=AWX817 basecall_gpu=NVIDIA_Tegra_X2 protocol_group_id=ONT_trialEb_250925 sample_id=ONT_trail_250925 barcode=barcode22 barcode_alias=barcode22 parent_read_id=8994d382-b52d-4b07-bc61-78ed4f2a86c3 basecall_model_version_id=dna_r10.4.1_e8.2_400bps_hac@v4.3.0
236	42cc8e2f-d5b2-48ee-9147-b3bef465e653 runid=0dfb5b492dc86ce99bf7c61c734eb364afcdb5c8 ch=5 start_time=2025-09-25T23:54:35.398161+00:00 flow_cell_id=AWX817 basecall_gpu=NVIDIA_Tegra_X2 protocol_group_id=ONT_trialEb_250925 sample_id=ONT_trail_250925 barcode=barcode24 barcode_alias=barcode24 parent_read_id=42cc8e2f-d5b2-48ee-9147-b3bef465e653 basecall_model_version_id=dna_r10.4.1_e8.2_400bps_hac@v4.3.0
236	51453d59-d4d5-4339-88a1-2984871c7a03 runid=0dfb5b492dc86ce99bf7c61c734eb364afcdb5c8 ch=44 start_time=2025-09-26T04:39:05.398161+00:00 flow_cell_id=AWX817 basecall_gpu=NVIDIA_Tegra_X2 protocol_group_id=ONT_trialEb_250925 sample_id=ONT_trail_250925 barcode=barcode14 barcode_alias=barcode14 parent_read_id=51453d59-d4d5-4339-88a1-2984871c7a03 basecall_model_version_id=dna_r10.4.1_e8.2_400bps_hac@v4.3.0
236	51453d59-d4d5-4339-88a1-2984871c7a03 runid=0dfb5b492dc86ce99bf7c61c734eb364afcdb5c8 ch=44 start_time=2025-09-26T04:39:05.398161+00:00 flow_cell_id=AWX817 basecall_gpu=NVIDIA_Tegra_X2 protocol_group_id=ONT_trialEb_250925 sample_id=ONT_trail_250925 barcode=barcode14 barcode_alias=barcode14 parent_read_id=51453d59-d4d5-4339-88a1-2984871c7a03 basecall_model_version_id=dna_r10.4.1_e8.2_400bps_hac@v4.3.0
236	9cbb1365-3d04-4c24-bc26-3eab587f83ff runid=0dfb5b492dc86ce99bf7c61c734eb364afcdb5c8 ch=6 start_time=2025-09-25T18:05:27.398161+00:00 flow_cell_id=AWX817 basecall_gpu=NVIDIA_Tegra_X2 protocol_group_id=ONT_trialEb_250925 sample_id=ONT_trail_250925 barcode=barcode22 barcode_alias=barcode22 parent_read_id=9cbb1365-3d04-4c24-bc26-3eab587f83ff basecall_model_version_id=dna_r10.4.1_e8.2_400bps_hac@v4.3.0 rc
236	9cbb1365-3d04-4c24-bc26-3eab587f83ff runid=0dfb5b492dc86ce99bf7c61c734eb364afcdb5c8 ch=6 start_time=2025-09-25T18:05:27.398161+00:00 flow_cell_id=AWX817 basecall_gpu=NVIDIA_Tegra_X2 protocol_group_id=ONT_trialEb_250925 sample_id=ONT_trail_250925 barcode=barcode22 barcode_alias=barcode22 parent_read_id=9cbb1365-3d04-4c24-bc26-3eab587f83ff basecall_model_version_id=dna_r10.4.1_e8.2_400bps_hac@v4.3.0 rc
236	c87e9d9c-5542-4182-943a-6df407ab55da runid=0dfb5b492dc86ce99bf7c61c734eb364afcdb5c8 ch=58 start_time=2025-09-25T22:04:48.398161+00:00 flow_cell_id=AWX817 basecall_gpu=NVIDIA_Tegra_X2 protocol_group_id=ONT_trialEb_250925 sample_id=ONT_trail_250925 barcode=barcode22 barcode_alias=barcode22 parent_read_id=c87e9d9c-5542-4182-943a-6df407ab55da basecall_model_version_id=dna_r10.4.1_e8.2_400bps_hac@v4.3.0
236	c87e9d9c-5542-4182-943a-6df407ab55da runid=0dfb5b492dc86ce99bf7c61c734eb364afcdb5c8 ch=58 start_time=2025-09-25T22:04:48.398161+00:00 flow_cell_id=AWX817 basecall_gpu=NVIDIA_Tegra_X2 protocol_group_id=ONT_trialEb_250925 sample_id=ONT_trail_250925 barcode=barcode22 barcode_alias=barcode22 parent_read_id=c87e9d9c-5542-4182-943a-6df407ab55da basecall_model_version_id=dna_r10.4.1_e8.2_400bps_hac@v4.3.0
236	7e14b040-5a08-4e86-8940-138cc8daa070 runid=0dfb5b492dc86ce99bf7c61c734eb364afcdb5c8 ch=20 start_time=2025-09-26T03:43:43.398161+00:00 flow_cell_id=AWX817 basecall_gpu=NVIDIA_Tegra_X2 protocol_group_id=ONT_trialEb_250925 sample_id=ONT_trail_250925 barcode=barcode23 barcode_alias=barcode23 parent_read_id=7e14b040-5a08-4e86-8940-138cc8daa070 basecall_model_version_id=dna_r10.4.1_e8.2_400bps_hac@v4.3.0
236	6800ecc3-0b76-486a-accf-30b3e2655d83 runid=0dfb5b492dc86ce99bf7c61c734eb364afcdb5c8 ch=73 start_time=2025-09-25T19:23:43.398161+00:00 flow_cell_id=AWX817 basecall_gpu=NVIDIA_Tegra_X2 protocol_group_id=ONT_trialEb_250925 sample_id=ONT_trail_250925 barcode=barcode23 barcode_alias=barcode23 parent_read_id=6800ecc3-0b76-486a-accf-30b3e2655d83 basecall_model_version_id=dna_r10.4.1_e8.2_400bps_hac@v4.3.0 rc
236	4671a76e-992f-4352-9726-bff2a66c5f44 runid=0dfb5b492dc86ce99bf7c61c734eb364afcdb5c8 ch=80 start_time=2025-09-25T21:15:32.398161+00:00 flow_cell_id=AWX817 basecall_gpu=NVIDIA_Tegra_X2 protocol_group_id=ONT_trialEb_250925 sample_id=ONT_trail_250925 barcode=barcode22 barcode_alias=barcode22 parent_read_id=4671a76e-992f-4352-9726-bff2a66c5f44 basecall_model_version_id=dna_r10.4.1_e8.2_400bps_hac@v4.3.0
236	4671a76e-992f-4352-9726-bff2a66c5f44 runid=0dfb5b492dc86ce99bf7c61c734eb364afcdb5c8 ch=80 start_time=2025-09-25T21:15:32.398161+00:00 flow_cell_id=AWX817 basecall_gpu=NVIDIA_Tegra_X2 protocol_group_id=ONT_trialEb_250925 sample_id=ONT_trail_250925 barcode=barcode22 barcode_alias=barcode22 parent_read_id=4671a76e-992f-4352-9726-bff2a66c5f44 basecall_model_version_id=dna_r10.4.1_e8.2_400bps_hac@v4.3.0
236	f8c08b46-609b-4bbb-bbd8-28aecaa28cce runid=0dfb5b492dc86ce99bf7c61c734eb364afcdb5c8 ch=6 start_time=2025-09-25T18:30:54.398161+00:00 flow_cell_id=AWX817 basecall_gpu=NVIDIA_Tegra_X2 protocol_group_id=ONT_trialEb_250925 sample_id=ONT_trail_250925 barcode=barcode22 barcode_alias=barcode22 parent_read_id=f8c08b46-609b-4bbb-bbd8-28aecaa28cce basecall_model_version_id=dna_r10.4.1_e8.2_400bps_hac@v4.3.0
236	f8c08b46-609b-4bbb-bbd8-28aecaa28cce runid=0dfb5b492dc86ce99bf7c61c734eb364afcdb5c8 ch=6 start_time=2025-09-25T18:30:54.398161+00:00 flow_cell_id=AWX817 basecall_gpu=NVIDIA_Tegra_X2 protocol_group_id=ONT_trialEb_250925 sample_id=ONT_trail_250925 barcode=barcode22 barcode_alias=barcode22 parent_read_id=f8c08b46-609b-4bbb-bbd8-28aecaa28cce basecall_model_version_id=dna_r10.4.1_e8.2_400bps_hac@v4.3.0
236	ca952dcd-f9ac-49a9-9473-0286057bc8df runid=0dfb5b492dc86ce99bf7c61c734eb364afcdb5c8 ch=77 start_time=2025-09-25T22:23:35.398161+00:00 flow_cell_id=AWX817 basecall_gpu=NVIDIA_Tegra_X2 protocol_group_id=ONT_trialEb_250925 sample_id=ONT_trail_250925 barcode=barcode14 barcode_alias=barcode14 parent_read_id=ca952dcd-f9ac-49a9-9473-0286057bc8df basecall_model_version_id=dna_r10.4.1_e8.2_400bps_hac@v4.3.0
236	ca952dcd-f9ac-49a9-9473-0286057bc8df runid=0dfb5b492dc86ce99bf7c61c734eb364afcdb5c8 ch=77 start_time=2025-09-25T22:23:35.398161+00:00 flow_cell_id=AWX817 basecall_gpu=NVIDIA_Tegra_X2 protocol_group_id=ONT_trialEb_250925 sample_id=ONT_trail_250925 barcode=barcode14 barcode_alias=barcode14 parent_read_id=ca952dcd-f9ac-49a9-9473-0286057bc8df basecall_model_version_id=dna_r10.4.1_e8.2_400bps_hac@v4.3.0
236	0a560f55-3fba-4c9b-9b34-f5ebe06449af runid=0dfb5b492dc86ce99bf7c61c734eb364afcdb5c8 ch=41 start_time=2025-09-26T02:46:49.398161+00:00 flow_cell_id=AWX817 basecall_gpu=NVIDIA_Tegra_X2 protocol_group_id=ONT_trialEb_250925 sample_id=ONT_trail_250925 barcode=barcode24 barcode_alias=barcode24 parent_read_id=0a560f55-3fba-4c9b-9b34-f5ebe06449af basecall_model_version_id=dna_r10.4.1_e8.2_400bps_hac@v4.3.0
236	97f1d112-a687-4f50-9e6e-db4a160cd960 runid=0dfb5b492dc86ce99bf7c61c734eb364afcdb5c8 ch=41 start_time=2025-09-25T15:46:29.398161+00:00 flow_cell_id=AWX817 basecall_gpu=NVIDIA_Tegra_X2 protocol_group_id=ONT_trialEb_250925 sample_id=ONT_trail_250925 barcode=barcode14 barcode_alias=barcode14 parent_read_id=97f1d112-a687-4f50-9e6e-db4a160cd960 basecall_model_version_id=dna_r10.4.1_e8.2_400bps_hac@v4.3.0 rc
236	97f1d112-a687-4f50-9e6e-db4a160cd960 runid=0dfb5b492dc86ce99bf7c61c734eb364afcdb5c8 ch=41 start_time=2025-09-25T15:46:29.398161+00:00 flow_cell_id=AWX817 basecall_gpu=NVIDIA_Tegra_X2 protocol_group_id=ONT_trialEb_250925 sample_id=ONT_trail_250925 barcode=barcode14 barcode_alias=barcode14 parent_read_id=97f1d112-a687-4f50-9e6e-db4a160cd960 basecall_model_version_id=dna_r10.4.1_e8.2_400bps_hac@v4.3.0 rc
236	96b12c53-c185-472b-aee2-14550f885f71 runid=0dfb5b492dc86ce99bf7c61c734eb364afcdb5c8 ch=4 start_time=2025-09-25T23:58:57.398161+00:00 flow_cell_id=AWX817 basecall_gpu=NVIDIA_Tegra_X2 protocol_group_id=ONT_trialEb_250925 sample_id=ONT_trail_250925 barcode=barcode22 barcode_alias=barcode22 parent_read_id=96b12c53-c185-472b-aee2-14550f885f71 basecall_model_version_id=dna_r10.4.1_e8.2_400bps_hac@v4.3.0 rc
236	96b12c53-c185-472b-aee2-14550f885f71 runid=0dfb5b492dc86ce99bf7c61c734eb364afcdb5c8 ch=4 start_time=2025-09-25T23:58:57.398161+00:00 flow_cell_id=AWX817 basecall_gpu=NVIDIA_Tegra_X2 protocol_group_id=ONT_trialEb_250925 sample_id=ONT_trail_250925 barcode=barcode22 barcode_alias=barcode22 parent_read_id=96b12c53-c185-472b-aee2-14550f885f71 basecall_model_version_id=dna_r10.4.1_e8.2_400bps_hac@v4.3.0 rc
236	4d8c6466-9edf-4f1b-892f-5f6ac96f1bc5 runid=0dfb5b492dc86ce99bf7c61c734eb364afcdb5c8 ch=118 start_time=2025-09-25T17:56:53.398161+00:00 flow_cell_id=AWX817 basecall_gpu=NVIDIA_Tegra_X2 protocol_group_id=ONT_trialEb_250925 sample_id=ONT_trail_250925 barcode=barcode14 barcode_alias=barcode14 parent_read_id=4d8c6466-9edf-4f1b-892f-5f6ac96f1bc5 basecall_model_version_id=dna_r10.4.1_e8.2_400bps_hac@v4.3.0 rc
236	4d8c6466-9edf-4f1b-892f-5f6ac96f1bc5 runid=0dfb5b492dc86ce99bf7c61c734eb364afcdb5c8 ch=118 start_time=2025-09-25T17:56:53.398161+00:00 flow_cell_id=AWX817 basecall_gpu=NVIDIA_Tegra_X2 protocol_group_id=ONT_trialEb_250925 sample_id=ONT_trail_250925 barcode=barcode14 barcode_alias=barcode14 parent_read_id=4d8c6466-9edf-4f1b-892f-5f6ac96f1bc5 basecall_model_version_id=dna_r10.4.1_e8.2_400bps_hac@v4.3.0 rc
236	1dea9f85-d7d8-4681-9cc0-e5c4ed0f2e9c runid=0dfb5b492dc86ce99bf7c61c734eb364afcdb5c8 ch=92 start_time=2025-09-26T00:14:05.398161+00:00 flow_cell_id=AWX817 basecall_gpu=NVIDIA_Tegra_X2 protocol_group_id=ONT_trialEb_250925 sample_id=ONT_trail_250925 barcode=barcode22 barcode_alias=barcode22 parent_read_id=1dea9f85-d7d8-4681-9cc0-e5c4ed0f2e9c basecall_model_version_id=dna_r10.4.1_e8.2_400bps_hac@v4.3.0 rc
236	1dea9f85-d7d8-4681-9cc0-e5c4ed0f2e9c runid=0dfb5b492dc86ce99bf7c61c734eb364afcdb5c8 ch=92 start_time=2025-09-26T00:14:05.398161+00:00 flow_cell_id=AWX817 basecall_gpu=NVIDIA_Tegra_X2 protocol_group_id=ONT_trialEb_250925 sample_id=ONT_trail_250925 barcode=barcode22 barcode_alias=barcode22 parent_read_id=1dea9f85-d7d8-4681-9cc0-e5c4ed0f2e9c basecall_model_version_id=dna_r10.4.1_e8.2_400bps_hac@v4.3.0 rc
236	ffe18b9d-055f-4cdb-99bf-8c5baaa82d61 runid=0dfb5b492dc86ce99bf7c61c734eb364afcdb5c8 ch=85 start_time=2025-09-26T00:24:24.398161+00:00 flow_cell_id=AWX817 basecall_gpu=NVIDIA_Tegra_X2 protocol_group_id=ONT_trialEb_250925 sample_id=ONT_trail_250925 barcode=barcode24 barcode_alias=barcode24 parent_read_id=ffe18b9d-055f-4cdb-99bf-8c5baaa82d61 basecall_model_version_id=dna_r10.4.1_e8.2_400bps_hac@v4.3.0 rc
236	c8a36680-951f-45dc-894b-32a0a34765d0 runid=0dfb5b492dc86ce99bf7c61c734eb364afcdb5c8 ch=110 start_time=2025-09-25T19:03:18.398161+00:00 flow_cell_id=AWX817 basecall_gpu=NVIDIA_Tegra_X2 protocol_group_id=ONT_trialEb_250925 sample_id=ONT_trail_250925 barcode=barcode13 barcode_alias=barcode13 parent_read_id=c8a36680-951f-45dc-894b-32a0a34765d0 basecall_model_version_id=dna_r10.4.1_e8.2_400bps_hac@v4.3.0
236	e0417ae2-5fc3-4c4b-9427-157df0a1538e runid=0dfb5b492dc86ce99bf7c61c734eb364afcdb5c8 ch=85 start_time=2025-09-25T18:08:27.398161+00:00 flow_cell_id=AWX817 basecall_gpu=NVIDIA_Tegra_X2 protocol_group_id=ONT_trialEb_250925 sample_id=ONT_trail_250925 barcode=barcode24 barcode_alias=barcode24 parent_read_id=e0417ae2-5fc3-4c4b-9427-157df0a1538e basecall_model_version_id=dna_r10.4.1_e8.2_400bps_hac@v4.3.0
236	a064e13a-317c-4a06-bbcc-7e43aa747b18 runid=0dfb5b492dc86ce99bf7c61c734eb364afcdb5c8 ch=67 start_time=2025-09-25T22:11:20.398161+00:00 flow_cell_id=AWX817 basecall_gpu=NVIDIA_Tegra_X2 protocol_group_id=ONT_trialEb_250925 sample_id=ONT_trail_250925 barcode=barcode23 barcode_alias=barcode23 parent_read_id=a064e13a-317c-4a06-bbcc-7e43aa747b18 basecall_model_version_id=dna_r10.4.1_e8.2_400bps_hac@v4.3.0
236	ce40954e-f43e-4459-b921-03dfc3d33589 runid=0dfb5b492dc86ce99bf7c61c734eb364afcdb5c8 ch=85 start_time=2025-09-25T20:12:28.398161+00:00 flow_cell_id=AWX817 basecall_gpu=NVIDIA_Tegra_X2 protocol_group_id=ONT_trialEb_250925 sample_id=ONT_trail_250925 barcode=barcode14 barcode_alias=barcode14 parent_read_id=ce40954e-f43e-4459-b921-03dfc3d33589 basecall_model_version_id=dna_r10.4.1_e8.2_400bps_hac@v4.3.0
236	ce40954e-f43e-4459-b921-03dfc3d33589 runid=0dfb5b492dc86ce99bf7c61c734eb364afcdb5c8 ch=85 start_time=2025-09-25T20:12:28.398161+00:00 flow_cell_id=AWX817 basecall_gpu=NVIDIA_Tegra_X2 protocol_group_id=ONT_trialEb_250925 sample_id=ONT_trail_250925 barcode=barcode14 barcode_alias=barcode14 parent_read_id=ce40954e-f43e-4459-b921-03dfc3d33589 basecall_model_version_id=dna_r10.4.1_e8.2_400bps_hac@v4.3.0
236	54d00929-acbe-478b-a5f4-06dee88bc770 runid=0dfb5b492dc86ce99bf7c61c734eb364afcdb5c8 ch=6 start_time=2025-09-25T18:10:49.398161+00:00 flow_cell_id=AWX817 basecall_gpu=NVIDIA_Tegra_X2 protocol_group_id=ONT_trialEb_250925 sample_id=ONT_trail_250925 barcode=barcode22 barcode_alias=barcode22 parent_read_id=54d00929-acbe-478b-a5f4-06dee88bc770 basecall_model_version_id=dna_r10.4.1_e8.2_400bps_hac@v4.3.0
236	54d00929-acbe-478b-a5f4-06dee88bc770 runid=0dfb5b492dc86ce99bf7c61c734eb364afcdb5c8 ch=6 start_time=2025-09-25T18:10:49.398161+00:00 flow_cell_id=AWX817 basecall_gpu=NVIDIA_Tegra_X2 protocol_group_id=ONT_trialEb_250925 sample_id=ONT_trail_250925 barcode=barcode22 barcode_alias=barcode22 parent_read_id=54d00929-acbe-478b-a5f4-06dee88bc770 basecall_model_version_id=dna_r10.4.1_e8.2_400bps_hac@v4.3.0
236	6a74343c-9e6e-4f99-b1ee-48a2df5f094a runid=0dfb5b492dc86ce99bf7c61c734eb364afcdb5c8 ch=77 start_time=2025-09-25T22:46:25.398161+00:00 flow_cell_id=AWX817 basecall_gpu=NVIDIA_Tegra_X2 protocol_group_id=ONT_trialEb_250925 sample_id=ONT_trail_250925 barcode=barcode14 barcode_alias=barcode14 parent_read_id=6a74343c-9e6e-4f99-b1ee-48a2df5f094a basecall_model_version_id=dna_r10.4.1_e8.2_400bps_hac@v4.3.0
236	6a74343c-9e6e-4f99-b1ee-48a2df5f094a runid=0dfb5b492dc86ce99bf7c61c734eb364afcdb5c8 ch=77 start_time=2025-09-25T22:46:25.398161+00:00 flow_cell_id=AWX817 basecall_gpu=NVIDIA_Tegra_X2 protocol_group_id=ONT_trialEb_250925 sample_id=ONT_trail_250925 barcode=barcode14 barcode_alias=barcode14 parent_read_id=6a74343c-9e6e-4f99-b1ee-48a2df5f094a basecall_model_version_id=dna_r10.4.1_e8.2_400bps_hac@v4.3.0
64	813032d7-3222-4ee8-886a-a8867fa66610 runid=0dfb5b492dc86ce99bf7c61c734eb364afcdb5c8 ch=44 start_time=2025-09-26T00:33:32.398161+00:00 flow_cell_id=AWX817 basecall_gpu=NVIDIA_Tegra_X2 protocol_group_id=ONT_trialEb_250925 sample_id=ONT_trail_250925 barcode=barcode22 barcode_alias=barcode22 parent_read_id=da09b155-c5b8-49ba-8663-0f39f14649f7 basecall_model_version_id=dna_r10.4.1_e8.2_400bps_hac@v4.3.0
64	813032d7-3222-4ee8-886a-a8867fa66610 runid=0dfb5b492dc86ce99bf7c61c734eb364afcdb5c8 ch=44 start_time=2025-09-26T00:33:32.398161+00:00 flow_cell_id=AWX817 basecall_gpu=NVIDIA_Tegra_X2 protocol_group_id=ONT_trialEb_250925 sample_id=ONT_trail_250925 barcode=barcode22 barcode_alias=barcode22 parent_read_id=da09b155-c5b8-49ba-8663-0f39f14649f7 basecall_model_version_id=dna_r10.4.1_e8.2_400bps_hac@v4.3.0
64	37ba7150-d223-4944-8cfb-fff3d7014b66 runid=0dfb5b492dc86ce99bf7c61c734eb364afcdb5c8 ch=91 start_time=2025-09-25T18:13:04.398161+00:00 flow_cell_id=AWX817 basecall_gpu=NVIDIA_Tegra_X2 protocol_group_id=ONT_trialEb_250925 sample_id=ONT_trail_250925 barcode=barcode22 barcode_alias=barcode22 parent_read_id=37ba7150-d223-4944-8cfb-fff3d7014b66 basecall_model_version_id=dna_r10.4.1_e8.2_400bps_hac@v4.3.0
64	37ba7150-d223-4944-8cfb-fff3d7014b66 runid=0dfb5b492dc86ce99bf7c61c734eb364afcdb5c8 ch=91 start_time=2025-09-25T18:13:04.398161+00:00 flow_cell_id=AWX817 basecall_gpu=NVIDIA_Tegra_X2 protocol_group_id=ONT_trialEb_250925 sample_id=ONT_trail_250925 barcode=barcode22 barcode_alias=barcode22 parent_read_id=37ba7150-d223-4944-8cfb-fff3d7014b66 basecall_model_version_id=dna_r10.4.1_e8.2_400bps_hac@v4.3.0
64	563ed430-02b2-4702-a57e-025dcd6479be runid=0dfb5b492dc86ce99bf7c61c734eb364afcdb5c8 ch=57 start_time=2025-09-25T17:31:38.398161+00:00 flow_cell_id=AWX817 basecall_gpu=NVIDIA_Tegra_X2 protocol_group_id=ONT_trialEb_250925 sample_id=ONT_trail_250925 barcode=barcode22 barcode_alias=barcode22 parent_read_id=563ed430-02b2-4702-a57e-025dcd6479be basecall_model_version_id=dna_r10.4.1_e8.2_400bps_hac@v4.3.0
64	563ed430-02b2-4702-a57e-025dcd6479be runid=0dfb5b492dc86ce99bf7c61c734eb364afcdb5c8 ch=57 start_time=2025-09-25T17:31:38.398161+00:00 flow_cell_id=AWX817 basecall_gpu=NVIDIA_Tegra_X2 protocol_group_id=ONT_trialEb_250925 sample_id=ONT_trail_250925 barcode=barcode22 barcode_alias=barcode22 parent_read_id=563ed430-02b2-4702-a57e-025dcd6479be basecall_model_version_id=dna_r10.4.1_e8.2_400bps_hac@v4.3.0
64	cd183bf7-1225-4edc-931b-49b7ea492798 runid=0dfb5b492dc86ce99bf7c61c734eb364afcdb5c8 ch=58 start_time=2025-09-25T20:46:07.398161+00:00 flow_cell_id=AWX817 basecall_gpu=NVIDIA_Tegra_X2 protocol_group_id=ONT_trialEb_250925 sample_id=ONT_trail_250925 barcode=barcode22 barcode_alias=barcode22 parent_read_id=cd183bf7-1225-4edc-931b-49b7ea492798 basecall_model_version_id=dna_r10.4.1_e8.2_400bps_hac@v4.3.0 rc
64	cd183bf7-1225-4edc-931b-49b7ea492798 runid=0dfb5b492dc86ce99bf7c61c734eb364afcdb5c8 ch=58 start_time=2025-09-25T20:46:07.398161+00:00 flow_cell_id=AWX817 basecall_gpu=NVIDIA_Tegra_X2 protocol_group_id=ONT_trialEb_250925 sample_id=ONT_trail_250925 barcode=barcode22 barcode_alias=barcode22 parent_read_id=cd183bf7-1225-4edc-931b-49b7ea492798 basecall_model_version_id=dna_r10.4.1_e8.2_400bps_hac@v4.3.0 rc
64	e394bc4d-3780-47f4-9d34-ca736c93b40e runid=0dfb5b492dc86ce99bf7c61c734eb364afcdb5c8 ch=44 start_time=2025-09-25T23:10:13.398161+00:00 flow_cell_id=AWX817 basecall_gpu=NVIDIA_Tegra_X2 protocol_group_id=ONT_trialEb_250925 sample_id=ONT_trail_250925 barcode=barcode22 barcode_alias=barcode22 parent_read_id=e394bc4d-3780-47f4-9d34-ca736c93b40e basecall_model_version_id=dna_r10.4.1_e8.2_400bps_hac@v4.3.0
64	e394bc4d-3780-47f4-9d34-ca736c93b40e runid=0dfb5b492dc86ce99bf7c61c734eb364afcdb5c8 ch=44 start_time=2025-09-25T23:10:13.398161+00:00 flow_cell_id=AWX817 basecall_gpu=NVIDIA_Tegra_X2 protocol_group_id=ONT_trialEb_250925 sample_id=ONT_trail_250925 barcode=barcode22 barcode_alias=barcode22 parent_read_id=e394bc4d-3780-47f4-9d34-ca736c93b40e basecall_model_version_id=dna_r10.4.1_e8.2_400bps_hac@v4.3.0
64	2268e1e4-3d98-43d8-ac38-904034cec45b runid=0dfb5b492dc86ce99bf7c61c734eb364afcdb5c8 ch=79 start_time=2025-09-25T18:15:54.398161+00:00 flow_cell_id=AWX817 basecall_gpu=NVIDIA_Tegra_X2 protocol_group_id=ONT_trialEb_250925 sample_id=ONT_trail_250925 barcode=barcode24 barcode_alias=barcode24 parent_read_id=2268e1e4-3d98-43d8-ac38-904034cec45b basecall_model_version_id=dna_r10.4.1_e8.2_400bps_hac@v4.3.0
64	0017c448-8ea5-4694-b5b4-3cbe45dffef1 runid=0dfb5b492dc86ce99bf7c61c734eb364afcdb5c8 ch=15 start_time=2025-09-25T18:23:54.398161+00:00 flow_cell_id=AWX817 basecall_gpu=NVIDIA_Tegra_X2 protocol_group_id=ONT_trialEb_250925 sample_id=ONT_trail_250925 barcode=barcode13 barcode_alias=barcode13 parent_read_id=0017c448-8ea5-4694-b5b4-3cbe45dffef1 basecall_model_version_id=dna_r10.4.1_e8.2_400bps_hac@v4.3.0 rc
64	808ba0d4-8111-4938-91fd-58a1b0e0d5fc runid=0dfb5b492dc86ce99bf7c61c734eb364afcdb5c8 ch=20 start_time=2025-09-26T04:02:43.398161+00:00 flow_cell_id=AWX817 basecall_gpu=NVIDIA_Tegra_X2 protocol_group_id=ONT_trialEb_250925 sample_id=ONT_trail_250925 barcode=barcode15 barcode_alias=barcode15 parent_read_id=808ba0d4-8111-4938-91fd-58a1b0e0d5fc basecall_model_version_id=dna_r10.4.1_e8.2_400bps_hac@v4.3.0
64	62db2bf8-6c65-4597-9d74-1473740f25f6 runid=0dfb5b492dc86ce99bf7c61c734eb364afcdb5c8 ch=20 start_time=2025-09-25T23:17:23.398161+00:00 flow_cell_id=AWX817 basecall_gpu=NVIDIA_Tegra_X2 protocol_group_id=ONT_trialEb_250925 sample_id=ONT_trail_250925 barcode=barcode14 barcode_alias=barcode14 parent_read_id=62db2bf8-6c65-4597-9d74-1473740f25f6 basecall_model_version_id=dna_r10.4.1_e8.2_400bps_hac@v4.3.0 rc
64	62db2bf8-6c65-4597-9d74-1473740f25f6 runid=0dfb5b492dc86ce99bf7c61c734eb364afcdb5c8 ch=20 start_time=2025-09-25T23:17:23.398161+00:00 flow_cell_id=AWX817 basecall_gpu=NVIDIA_Tegra_X2 protocol_group_id=ONT_trialEb_250925 sample_id=ONT_trail_250925 barcode=barcode14 barcode_alias=barcode14 parent_read_id=62db2bf8-6c65-4597-9d74-1473740f25f6 basecall_model_version_id=dna_r10.4.1_e8.2_400bps_hac@v4.3.0 rc
64	495a8a67-2781-416c-86df-139cbaadaee9 runid=0dfb5b492dc86ce99bf7c61c734eb364afcdb5c8 ch=108 start_time=2025-09-25T16:06:59.398161+00:00 flow_cell_id=AWX817 basecall_gpu=NVIDIA_Tegra_X2 protocol_group_id=ONT_trialEb_250925 sample_id=ONT_trail_250925 barcode=barcode15 barcode_alias=barcode15 parent_read_id=495a8a67-2781-416c-86df-139cbaadaee9 basecall_model_version_id=dna_r10.4.1_e8.2_400bps_hac@v4.3.0 rc
64	7e299e50-7867-4f5c-ba97-a6e85640dac9 runid=0dfb5b492dc86ce99bf7c61c734eb364afcdb5c8 ch=58 start_time=2025-09-25T19:41:13.398161+00:00 flow_cell_id=AWX817 basecall_gpu=NVIDIA_Tegra_X2 protocol_group_id=ONT_trialEb_250925 sample_id=ONT_trail_250925 barcode=barcode22 barcode_alias=barcode22 parent_read_id=7e299e50-7867-4f5c-ba97-a6e85640dac9 basecall_model_version_id=dna_r10.4.1_e8.2_400bps_hac@v4.3.0
64	7e299e50-7867-4f5c-ba97-a6e85640dac9 runid=0dfb5b492dc86ce99bf7c61c734eb364afcdb5c8 ch=58 start_time=2025-09-25T19:41:13.398161+00:00 flow_cell_id=AWX817 basecall_gpu=NVIDIA_Tegra_X2 protocol_group_id=ONT_trialEb_250925 sample_id=ONT_trail_250925 barcode=barcode22 barcode_alias=barcode22 parent_read_id=7e299e50-7867-4f5c-ba97-a6e85640dac9 basecall_model_version_id=dna_r10.4.1_e8.2_400bps_hac@v4.3.0
64	f56836d0-d9f3-497f-b18b-0295a0446d5d runid=0dfb5b492dc86ce99bf7c61c734eb364afcdb5c8 ch=39 start_time=2025-09-25T19:35:33.398161+00:00 flow_cell_id=AWX817 basecall_gpu=NVIDIA_Tegra_X2 protocol_group_id=ONT_trialEb_250925 sample_id=ONT_trail_250925 barcode=barcode15 barcode_alias=barcode15 parent_read_id=f56836d0-d9f3-497f-b18b-0295a0446d5d basecall_model_version_id=dna_r10.4.1_e8.2_400bps_hac@v4.3.0 rc
39	f9554587-c088-42b6-a63e-4f270678d4d5 runid=0dfb5b492dc86ce99bf7c61c734eb364afcdb5c8 ch=6 start_time=2025-09-25T17:49:24.398161+00:00 flow_cell_id=AWX817 basecall_gpu=NVIDIA_Tegra_X2 protocol_group_id=ONT_trialEb_250925 sample_id=ONT_trail_250925 barcode=barcode23 barcode_alias=barcode23 parent_read_id=f9554587-c088-42b6-a63e-4f270678d4d5 basecall_model_version_id=dna_r10.4.1_e8.2_400bps_hac@v4.3.0
39	df2c92e9-f742-41c9-9045-549c466b3c8e runid=0dfb5b492dc86ce99bf7c61c734eb364afcdb5c8 ch=41 start_time=2025-09-25T17:19:23.398161+00:00 flow_cell_id=AWX817 basecall_gpu=NVIDIA_Tegra_X2 protocol_group_id=ONT_trialEb_250925 sample_id=ONT_trail_250925 barcode=barcode14 barcode_alias=barcode14 parent_read_id=df2c92e9-f742-41c9-9045-549c466b3c8e basecall_model_version_id=dna_r10.4.1_e8.2_400bps_hac@v4.3.0
39	df2c92e9-f742-41c9-9045-549c466b3c8e runid=0dfb5b492dc86ce99bf7c61c734eb364afcdb5c8 ch=41 start_time=2025-09-25T17:19:23.398161+00:00 flow_cell_id=AWX817 basecall_gpu=NVIDIA_Tegra_X2 protocol_group_id=ONT_trialEb_250925 sample_id=ONT_trail_250925 barcode=barcode14 barcode_alias=barcode14 parent_read_id=df2c92e9-f742-41c9-9045-549c466b3c8e basecall_model_version_id=dna_r10.4.1_e8.2_400bps_hac@v4.3.0
39	1bd62856-dc76-4da2-814f-afb60759c044 runid=0dfb5b492dc86ce99bf7c61c734eb364afcdb5c8 ch=113 start_time=2025-09-25T15:59:35.398161+00:00 flow_cell_id=AWX817 basecall_gpu=NVIDIA_Tegra_X2 protocol_group_id=ONT_trialEb_250925 sample_id=ONT_trail_250925 barcode=barcode15 barcode_alias=barcode15 parent_read_id=1bd62856-dc76-4da2-814f-afb60759c044 basecall_model_version_id=dna_r10.4.1_e8.2_400bps_hac@v4.3.0 rc
39	69d3598b-2b5c-4641-b485-96e24bba1f19 runid=0dfb5b492dc86ce99bf7c61c734eb364afcdb5c8 ch=79 start_time=2025-09-25T22:43:00.398161+00:00 flow_cell_id=AWX817 basecall_gpu=NVIDIA_Tegra_X2 protocol_group_id=ONT_trialEb_250925 sample_id=ONT_trail_250925 barcode=barcode24 barcode_alias=barcode24 parent_read_id=69d3598b-2b5c-4641-b485-96e24bba1f19 basecall_model_version_id=dna_r10.4.1_e8.2_400bps_hac@v4.3.0
39	5f9f4f4e-35ef-4c11-be0d-d74aecae6a74 runid=0dfb5b492dc86ce99bf7c61c734eb364afcdb5c8 ch=43 start_time=2025-09-25T19:42:18.398161+00:00 flow_cell_id=AWX817 basecall_gpu=NVIDIA_Tegra_X2 protocol_group_id=ONT_trialEb_250925 sample_id=ONT_trail_250925 barcode=barcode15 barcode_alias=barcode15 parent_read_id=5f9f4f4e-35ef-4c11-be0d-d74aecae6a74 basecall_model_version_id=dna_r10.4.1_e8.2_400bps_hac@v4.3.0
335	553f9492-d496-4be5-a6e6-917727052308 runid=0dfb5b492dc86ce99bf7c61c734eb364afcdb5c8 ch=49 start_time=2025-09-26T09:00:15.398161+00:00 flow_cell_id=AWX817 basecall_gpu=NVIDIA_Tegra_X2 protocol_group_id=ONT_trialEb_250925 sample_id=ONT_trail_250925 barcode=barcode14 barcode_alias=barcode14 parent_read_id=553f9492-d496-4be5-a6e6-917727052308 basecall_model_version_id=dna_r10.4.1_e8.2_400bps_hac@v4.3.0 rc
335	553f9492-d496-4be5-a6e6-917727052308 runid=0dfb5b492dc86ce99bf7c61c734eb364afcdb5c8 ch=49 start_time=2025-09-26T09:00:15.398161+00:00 flow_cell_id=AWX817 basecall_gpu=NVIDIA_Tegra_X2 protocol_group_id=ONT_trialEb_250925 sample_id=ONT_trail_250925 barcode=barcode14 barcode_alias=barcode14 parent_read_id=553f9492-d496-4be5-a6e6-917727052308 basecall_model_version_id=dna_r10.4.1_e8.2_400bps_hac@v4.3.0 rc
335	f0dad7a9-fcc5-4f73-b84a-850d23c5f0d1 runid=0dfb5b492dc86ce99bf7c61c734eb364afcdb5c8 ch=49 start_time=2025-09-26T03:35:07.398161+00:00 flow_cell_id=AWX817 basecall_gpu=NVIDIA_Tegra_X2 protocol_group_id=ONT_trialEb_250925 sample_id=ONT_trail_250925 barcode=barcode13 barcode_alias=barcode13 parent_read_id=f0dad7a9-fcc5-4f73-b84a-850d23c5f0d1 basecall_model_version_id=dna_r10.4.1_e8.2_400bps_hac@v4.3.0
335	83654b9e-a4cb-474a-b6f1-68db0e981053 runid=0dfb5b492dc86ce99bf7c61c734eb364afcdb5c8 ch=85 start_time=2025-09-25T19:23:39.398161+00:00 flow_cell_id=AWX817 basecall_gpu=NVIDIA_Tegra_X2 protocol_group_id=ONT_trialEb_250925 sample_id=ONT_trail_250925 barcode=barcode22 barcode_alias=barcode22 parent_read_id=83654b9e-a4cb-474a-b6f1-68db0e981053 basecall_model_version_id=dna_r10.4.1_e8.2_400bps_hac@v4.3.0 rc
335	83654b9e-a4cb-474a-b6f1-68db0e981053 runid=0dfb5b492dc86ce99bf7c61c734eb364afcdb5c8 ch=85 start_time=2025-09-25T19:23:39.398161+00:00 flow_cell_id=AWX817 basecall_gpu=NVIDIA_Tegra_X2 protocol_group_id=ONT_trialEb_250925 sample_id=ONT_trail_250925 barcode=barcode22 barcode_alias=barcode22 parent_read_id=83654b9e-a4cb-474a-b6f1-68db0e981053 basecall_model_version_id=dna_r10.4.1_e8.2_400bps_hac@v4.3.0 rc
382	735506d2-d6a8-4b5b-8ee6-64153350c548 runid=0dfb5b492dc86ce99bf7c61c734eb364afcdb5c8 ch=80 start_time=2025-09-25T18:16:25.398161+00:00 flow_cell_id=AWX817 basecall_gpu=NVIDIA_Tegra_X2 protocol_group_id=ONT_trialEb_250925 sample_id=ONT_trail_250925 barcode=barcode22 barcode_alias=barcode22 parent_read_id=735506d2-d6a8-4b5b-8ee6-64153350c548 basecall_model_version_id=dna_r10.4.1_e8.2_400bps_hac@v4.3.0
382	735506d2-d6a8-4b5b-8ee6-64153350c548 runid=0dfb5b492dc86ce99bf7c61c734eb364afcdb5c8 ch=80 start_time=2025-09-25T18:16:25.398161+00:00 flow_cell_id=AWX817 basecall_gpu=NVIDIA_Tegra_X2 protocol_group_id=ONT_trialEb_250925 sample_id=ONT_trail_250925 barcode=barcode22 barcode_alias=barcode22 parent_read_id=735506d2-d6a8-4b5b-8ee6-64153350c548 basecall_model_version_id=dna_r10.4.1_e8.2_400bps_hac@v4.3.0
382	f191196e-b4ac-4484-a085-01eb29be26ec runid=0dfb5b492dc86ce99bf7c61c734eb364afcdb5c8 ch=118 start_time=2025-09-26T05:58:18.398161+00:00 flow_cell_id=AWX817 basecall_gpu=NVIDIA_Tegra_X2 protocol_group_id=ONT_trialEb_250925 sample_id=ONT_trail_250925 barcode=barcode22 barcode_alias=barcode22 parent_read_id=f191196e-b4ac-4484-a085-01eb29be26ec basecall_model_version_id=dna_r10.4.1_e8.2_400bps_hac@v4.3.0
382	f191196e-b4ac-4484-a085-01eb29be26ec runid=0dfb5b492dc86ce99bf7c61c734eb364afcdb5c8 ch=118 start_time=2025-09-26T05:58:18.398161+00:00 flow_cell_id=AWX817 basecall_gpu=NVIDIA_Tegra_X2 protocol_group_id=ONT_trialEb_250925 sample_id=ONT_trail_250925 barcode=barcode22 barcode_alias=barcode22 parent_read_id=f191196e-b4ac-4484-a085-01eb29be26ec basecall_model_version_id=dna_r10.4.1_e8.2_400bps_hac@v4.3.0
382	05d350a8-cba8-4ac4-aa3a-df966d95bce3 runid=0dfb5b492dc86ce99bf7c61c734eb364afcdb5c8 ch=43 start_time=2025-09-25T19:34:08.398161+00:00 flow_cell_id=AWX817 basecall_gpu=NVIDIA_Tegra_X2 protocol_group_id=ONT_trialEb_250925 sample_id=ONT_trail_250925 barcode=barcode23 barcode_alias=barcode23 parent_read_id=05d350a8-cba8-4ac4-aa3a-df966d95bce3 basecall_model_version_id=dna_r10.4.1_e8.2_400bps_hac@v4.3.0 rc
251	c040c22a-8de4-43e6-9f80-bd9a641582a8 runid=0dfb5b492dc86ce99bf7c61c734eb364afcdb5c8 ch=44 start_time=2025-09-26T05:32:19.398161+00:00 flow_cell_id=AWX817 basecall_gpu=NVIDIA_Tegra_X2 protocol_group_id=ONT_trialEb_250925 sample_id=ONT_trail_250925 barcode=barcode22 barcode_alias=barcode22 parent_read_id=c040c22a-8de4-43e6-9f80-bd9a641582a8 basecall_model_version_id=dna_r10.4.1_e8.2_400bps_hac@v4.3.0 rc
251	c040c22a-8de4-43e6-9f80-bd9a641582a8 runid=0dfb5b492dc86ce99bf7c61c734eb364afcdb5c8 ch=44 start_time=2025-09-26T05:32:19.398161+00:00 flow_cell_id=AWX817 basecall_gpu=NVIDIA_Tegra_X2 protocol_group_id=ONT_trialEb_250925 sample_id=ONT_trail_250925 barcode=barcode22 barcode_alias=barcode22 parent_read_id=c040c22a-8de4-43e6-9f80-bd9a641582a8 basecall_model_version_id=dna_r10.4.1_e8.2_400bps_hac@v4.3.0 rc
251	6b8980fe-d288-483d-8d6d-c79041aa8857 runid=0dfb5b492dc86ce99bf7c61c734eb364afcdb5c8 ch=41 start_time=2025-09-25T17:10:13.398161+00:00 flow_cell_id=AWX817 basecall_gpu=NVIDIA_Tegra_X2 protocol_group_id=ONT_trialEb_250925 sample_id=ONT_trail_250925 barcode=barcode22 barcode_alias=barcode22 parent_read_id=6b8980fe-d288-483d-8d6d-c79041aa8857 basecall_model_version_id=dna_r10.4.1_e8.2_400bps_hac@v4.3.0 rc
251	6b8980fe-d288-483d-8d6d-c79041aa8857 runid=0dfb5b492dc86ce99bf7c61c734eb364afcdb5c8 ch=41 start_time=2025-09-25T17:10:13.398161+00:00 flow_cell_id=AWX817 basecall_gpu=NVIDIA_Tegra_X2 protocol_group_id=ONT_trialEb_250925 sample_id=ONT_trail_250925 barcode=barcode22 barcode_alias=barcode22 parent_read_id=6b8980fe-d288-483d-8d6d-c79041aa8857 basecall_model_version_id=dna_r10.4.1_e8.2_400bps_hac@v4.3.0 rc
346	4e047667-47d7-4319-a410-eb6c92178078 runid=0dfb5b492dc86ce99bf7c61c734eb364afcdb5c8 ch=110 start_time=2025-09-25T21:07:47.398161+00:00 flow_cell_id=AWX817 basecall_gpu=NVIDIA_Tegra_X2 protocol_group_id=ONT_trialEb_250925 sample_id=ONT_trail_250925 barcode=barcode14 barcode_alias=barcode14 parent_read_id=4e047667-47d7-4319-a410-eb6c92178078 basecall_model_version_id=dna_r10.4.1_e8.2_400bps_hac@v4.3.0
346	4e047667-47d7-4319-a410-eb6c92178078 runid=0dfb5b492dc86ce99bf7c61c734eb364afcdb5c8 ch=110 start_time=2025-09-25T21:07:47.398161+00:00 flow_cell_id=AWX817 basecall_gpu=NVIDIA_Tegra_X2 protocol_group_id=ONT_trialEb_250925 sample_id=ONT_trail_250925 barcode=barcode14 barcode_alias=barcode14 parent_read_id=4e047667-47d7-4319-a410-eb6c92178078 basecall_model_version_id=dna_r10.4.1_e8.2_400bps_hac@v4.3.0
346	b370badc-2b18-45d4-8f1e-bb949351e33d runid=0dfb5b492dc86ce99bf7c61c734eb364afcdb5c8 ch=44 start_time=2025-09-26T00:21:35.398161+00:00 flow_cell_id=AWX817 basecall_gpu=NVIDIA_Tegra_X2 protocol_group_id=ONT_trialEb_250925 sample_id=ONT_trail_250925 barcode=barcode14 barcode_alias=barcode14 parent_read_id=b370badc-2b18-45d4-8f1e-bb949351e33d basecall_model_version_id=dna_r10.4.1_e8.2_400bps_hac@v4.3.0
346	b370badc-2b18-45d4-8f1e-bb949351e33d runid=0dfb5b492dc86ce99bf7c61c734eb364afcdb5c8 ch=44 start_time=2025-09-26T00:21:35.398161+00:00 flow_cell_id=AWX817 basecall_gpu=NVIDIA_Tegra_X2 protocol_group_id=ONT_trialEb_250925 sample_id=ONT_trail_250925 barcode=barcode14 barcode_alias=barcode14 parent_read_id=b370badc-2b18-45d4-8f1e-bb949351e33d basecall_model_version_id=dna_r10.4.1_e8.2_400bps_hac@v4.3.0
264	c74cca55-6d8c-4889-8c04-5aff2184eae4 runid=0dfb5b492dc86ce99bf7c61c734eb364afcdb5c8 ch=58 start_time=2025-09-25T17:45:06.398161+00:00 flow_cell_id=AWX817 basecall_gpu=NVIDIA_Tegra_X2 protocol_group_id=ONT_trialEb_250925 sample_id=ONT_trail_250925 barcode=barcode13 barcode_alias=barcode13 parent_read_id=c74cca55-6d8c-4889-8c04-5aff2184eae4 basecall_model_version_id=dna_r10.4.1_e8.2_400bps_hac@v4.3.0
264	41ce80d9-b5dd-4845-bfa4-4ee93f19892b runid=0dfb5b492dc86ce99bf7c61c734eb364afcdb5c8 ch=4 start_time=2025-09-26T06:51:24.398161+00:00 flow_cell_id=AWX817 basecall_gpu=NVIDIA_Tegra_X2 protocol_group_id=ONT_trialEb_250925 sample_id=ONT_trail_250925 barcode=barcode14 barcode_alias=barcode14 parent_read_id=41ce80d9-b5dd-4845-bfa4-4ee93f19892b basecall_model_version_id=dna_r10.4.1_e8.2_400bps_hac@v4.3.0
264	41ce80d9-b5dd-4845-bfa4-4ee93f19892b runid=0dfb5b492dc86ce99bf7c61c734eb364afcdb5c8 ch=4 start_time=2025-09-26T06:51:24.398161+00:00 flow_cell_id=AWX817 basecall_gpu=NVIDIA_Tegra_X2 protocol_group_id=ONT_trialEb_250925 sample_id=ONT_trail_250925 barcode=barcode14 barcode_alias=barcode14 parent_read_id=41ce80d9-b5dd-4845-bfa4-4ee93f19892b basecall_model_version_id=dna_r10.4.1_e8.2_400bps_hac@v4.3.0
357	727032e9-a1f4-45eb-a596-99ff0e45ac00 runid=0dfb5b492dc86ce99bf7c61c734eb364afcdb5c8 ch=100 start_time=2025-09-25T22:42:37.398161+00:00 flow_cell_id=AWX817 basecall_gpu=NVIDIA_Tegra_X2 protocol_group_id=ONT_trialEb_250925 sample_id=ONT_trail_250925 barcode=barcode15 barcode_alias=barcode15 parent_read_id=727032e9-a1f4-45eb-a596-99ff0e45ac00 basecall_model_version_id=dna_r10.4.1_e8.2_400bps_hac@v4.3.0
357	57e3389f-70eb-4aa0-921c-a44698fda73f runid=0dfb5b492dc86ce99bf7c61c734eb364afcdb5c8 ch=39 start_time=2025-09-25T17:41:34.398161+00:00 flow_cell_id=AWX817 basecall_gpu=NVIDIA_Tegra_X2 protocol_group_id=ONT_trialEb_250925 sample_id=ONT_trail_250925 barcode=barcode22 barcode_alias=barcode22 parent_read_id=57e3389f-70eb-4aa0-921c-a44698fda73f basecall_model_version_id=dna_r10.4.1_e8.2_400bps_hac@v4.3.0 rc
357	57e3389f-70eb-4aa0-921c-a44698fda73f runid=0dfb5b492dc86ce99bf7c61c734eb364afcdb5c8 ch=39 start_time=2025-09-25T17:41:34.398161+00:00 flow_cell_id=AWX817 basecall_gpu=NVIDIA_Tegra_X2 protocol_group_id=ONT_trialEb_250925 sample_id=ONT_trail_250925 barcode=barcode22 barcode_alias=barcode22 parent_read_id=57e3389f-70eb-4aa0-921c-a44698fda73f basecall_model_version_id=dna_r10.4.1_e8.2_400bps_hac@v4.3.0 rc
11	c771e0b4-76f5-4a89-ab22-2b79aa4d4610 runid=0dfb5b492dc86ce99bf7c61c734eb364afcdb5c8 ch=4 start_time=2025-09-25T21:10:59.398161+00:00 flow_cell_id=AWX817 basecall_gpu=NVIDIA_Tegra_X2 protocol_group_id=ONT_trialEb_250925 sample_id=ONT_trail_250925 barcode=barcode22 barcode_alias=barcode22 parent_read_id=c771e0b4-76f5-4a89-ab22-2b79aa4d4610 basecall_model_version_id=dna_r10.4.1_e8.2_400bps_hac@v4.3.0 rc
11	c771e0b4-76f5-4a89-ab22-2b79aa4d4610 runid=0dfb5b492dc86ce99bf7c61c734eb364afcdb5c8 ch=4 start_time=2025-09-25T21:10:59.398161+00:00 flow_cell_id=AWX817 basecall_gpu=NVIDIA_Tegra_X2 protocol_group_id=ONT_trialEb_250925 sample_id=ONT_trail_250925 barcode=barcode22 barcode_alias=barcode22 parent_read_id=c771e0b4-76f5-4a89-ab22-2b79aa4d4610 basecall_model_version_id=dna_r10.4.1_e8.2_400bps_hac@v4.3.0 rc
73	a25d9844-7615-40b7-adf0-9abbae668cf9 runid=0dfb5b492dc86ce99bf7c61c734eb364afcdb5c8 ch=110 start_time=2025-09-25T21:06:48.398161+00:00 flow_cell_id=AWX817 basecall_gpu=NVIDIA_Tegra_X2 protocol_group_id=ONT_trialEb_250925 sample_id=ONT_trail_250925 barcode=barcode22 barcode_alias=barcode22 parent_read_id=a25d9844-7615-40b7-adf0-9abbae668cf9 basecall_model_version_id=dna_r10.4.1_e8.2_400bps_hac@v4.3.0 rc
73	a25d9844-7615-40b7-adf0-9abbae668cf9 runid=0dfb5b492dc86ce99bf7c61c734eb364afcdb5c8 ch=110 start_time=2025-09-25T21:06:48.398161+00:00 flow_cell_id=AWX817 basecall_gpu=NVIDIA_Tegra_X2 protocol_group_id=ONT_trialEb_250925 sample_id=ONT_trail_250925 barcode=barcode22 barcode_alias=barcode22 parent_read_id=a25d9844-7615-40b7-adf0-9abbae668cf9 basecall_model_version_id=dna_r10.4.1_e8.2_400bps_hac@v4.3.0 rc
95	61c33ed7-37e9-408d-b6d1-a033a9029fe7 runid=0dfb5b492dc86ce99bf7c61c734eb364afcdb5c8 ch=4 start_time=2025-09-25T22:09:00.398161+00:00 flow_cell_id=AWX817 basecall_gpu=NVIDIA_Tegra_X2 protocol_group_id=ONT_trialEb_250925 sample_id=ONT_trail_250925 barcode=barcode24 barcode_alias=barcode24 parent_read_id=61c33ed7-37e9-408d-b6d1-a033a9029fe7 basecall_model_version_id=dna_r10.4.1_e8.2_400bps_hac@v4.3.0
95	ea43d5d5-1dea-4736-8441-8a5cde4f3a19 runid=0dfb5b492dc86ce99bf7c61c734eb364afcdb5c8 ch=20 start_time=2025-09-25T20:32:17.398161+00:00 flow_cell_id=AWX817 basecall_gpu=NVIDIA_Tegra_X2 protocol_group_id=ONT_trialEb_250925 sample_id=ONT_trail_250925 barcode=barcode15 barcode_alias=barcode15 parent_read_id=ea43d5d5-1dea-4736-8441-8a5cde4f3a19 basecall_model_version_id=dna_r10.4.1_e8.2_400bps_hac@v4.3.0
106	2123d68c-a6da-4ed2-b577-ce7b2d15c555 runid=0dfb5b492dc86ce99bf7c61c734eb364afcdb5c8 ch=15 start_time=2025-09-25T17:55:45.398161+00:00 flow_cell_id=AWX817 basecall_gpu=NVIDIA_Tegra_X2 protocol_group_id=ONT_trialEb_250925 sample_id=ONT_trail_250925 barcode=barcode24 barcode_alias=barcode24 parent_read_id=2123d68c-a6da-4ed2-b577-ce7b2d15c555 basecall_model_version_id=dna_r10.4.1_e8.2_400bps_hac@v4.3.0 rc
106	6a006aa9-ffcf-442f-a5dc-3cb20d0aa3ae runid=0dfb5b492dc86ce99bf7c61c734eb364afcdb5c8 ch=85 start_time=2025-09-25T19:01:57.398161+00:00 flow_cell_id=AWX817 basecall_gpu=NVIDIA_Tegra_X2 protocol_group_id=ONT_trialEb_250925 sample_id=ONT_trail_250925 barcode=barcode13 barcode_alias=barcode13 parent_read_id=6a006aa9-ffcf-442f-a5dc-3cb20d0aa3ae basecall_model_version_id=dna_r10.4.1_e8.2_400bps_hac@v4.3.0
190	ae549bc7-5d65-4dad-8e4d-6c0c0eb27bad runid=0dfb5b492dc86ce99bf7c61c734eb364afcdb5c8 ch=44 start_time=2025-09-26T03:18:13.398161+00:00 flow_cell_id=AWX817 basecall_gpu=NVIDIA_Tegra_X2 protocol_group_id=ONT_trialEb_250925 sample_id=ONT_trail_250925 barcode=barcode22 barcode_alias=barcode22 parent_read_id=ae549bc7-5d65-4dad-8e4d-6c0c0eb27bad basecall_model_version_id=dna_r10.4.1_e8.2_400bps_hac@v4.3.0
190	ae549bc7-5d65-4dad-8e4d-6c0c0eb27bad runid=0dfb5b492dc86ce99bf7c61c734eb364afcdb5c8 ch=44 start_time=2025-09-26T03:18:13.398161+00:00 flow_cell_id=AWX817 basecall_gpu=NVIDIA_Tegra_X2 protocol_group_id=ONT_trialEb_250925 sample_id=ONT_trail_250925 barcode=barcode22 barcode_alias=barcode22 parent_read_id=ae549bc7-5d65-4dad-8e4d-6c0c0eb27bad basecall_model_version_id=dna_r10.4.1_e8.2_400bps_hac@v4.3.0
213	ef733b7f-35ab-4100-a571-177a9630e53d runid=0dfb5b492dc86ce99bf7c61c734eb364afcdb5c8 ch=10 start_time=2025-09-26T04:02:52.398161+00:00 flow_cell_id=AWX817 basecall_gpu=NVIDIA_Tegra_X2 protocol_group_id=ONT_trialEb_250925 sample_id=ONT_trail_250925 barcode=barcode22 barcode_alias=barcode22 parent_read_id=ef733b7f-35ab-4100-a571-177a9630e53d basecall_model_version_id=dna_r10.4.1_e8.2_400bps_hac@v4.3.0
213	ef733b7f-35ab-4100-a571-177a9630e53d runid=0dfb5b492dc86ce99bf7c61c734eb364afcdb5c8 ch=10 start_time=2025-09-26T04:02:52.398161+00:00 flow_cell_id=AWX817 basecall_gpu=NVIDIA_Tegra_X2 protocol_group_id=ONT_trialEb_250925 sample_id=ONT_trail_250925 barcode=barcode22 barcode_alias=barcode22 parent_read_id=ef733b7f-35ab-4100-a571-177a9630e53d basecall_model_version_id=dna_r10.4.1_e8.2_400bps_hac@v4.3.0
232	361010da-c38e-431c-8570-4df37aefa134 runid=0dfb5b492dc86ce99bf7c61c734eb364afcdb5c8 ch=92 start_time=2025-09-25T22:24:58.398161+00:00 flow_cell_id=AWX817 basecall_gpu=NVIDIA_Tegra_X2 protocol_group_id=ONT_trialEb_250925 sample_id=ONT_trail_250925 barcode=barcode13 barcode_alias=barcode13 parent_read_id=361010da-c38e-431c-8570-4df37aefa134 basecall_model_version_id=dna_r10.4.1_e8.2_400bps_hac@v4.3.0
232	9062ca6f-42d9-4cea-ab98-0023ab2d4bb0 runid=0dfb5b492dc86ce99bf7c61c734eb364afcdb5c8 ch=41 start_time=2025-09-26T02:21:11.398161+00:00 flow_cell_id=AWX817 basecall_gpu=NVIDIA_Tegra_X2 protocol_group_id=ONT_trialEb_250925 sample_id=ONT_trail_250925 barcode=barcode15 barcode_alias=barcode15 parent_read_id=9062ca6f-42d9-4cea-ab98-0023ab2d4bb0 basecall_model_version_id=dna_r10.4.1_e8.2_400bps_hac@v4.3.0
277	5f274a4c-6254-430a-90c1-ddf9dd8fb040 runid=0dfb5b492dc86ce99bf7c61c734eb364afcdb5c8 ch=67 start_time=2025-09-26T07:21:01.398161+00:00 flow_cell_id=AWX817 basecall_gpu=NVIDIA_Tegra_X2 protocol_group_id=ONT_trialEb_250925 sample_id=ONT_trail_250925 barcode=barcode22 barcode_alias=barcode22 parent_read_id=5f274a4c-6254-430a-90c1-ddf9dd8fb040 basecall_model_version_id=dna_r10.4.1_e8.2_400bps_hac@v4.3.0
277	5f274a4c-6254-430a-90c1-ddf9dd8fb040 runid=0dfb5b492dc86ce99bf7c61c734eb364afcdb5c8 ch=67 start_time=2025-09-26T07:21:01.398161+00:00 flow_cell_id=AWX817 basecall_gpu=NVIDIA_Tegra_X2 protocol_group_id=ONT_trialEb_250925 sample_id=ONT_trail_250925 barcode=barcode22 barcode_alias=barcode22 parent_read_id=5f274a4c-6254-430a-90c1-ddf9dd8fb040 basecall_model_version_id=dna_r10.4.1_e8.2_400bps_hac@v4.3.0
388	a63894c5-d9f0-46bd-804c-ecb40cafd377 runid=0dfb5b492dc86ce99bf7c61c734eb364afcdb5c8 ch=85 start_time=2025-09-25T23:14:51.398161+00:00 flow_cell_id=AWX817 basecall_gpu=NVIDIA_Tegra_X2 protocol_group_id=ONT_trialEb_250925 sample_id=ONT_trail_250925 barcode=barcode22 barcode_alias=barcode22 parent_read_id=a63894c5-d9f0-46bd-804c-ecb40cafd377 basecall_model_version_id=dna_r10.4.1_e8.2_400bps_hac@v4.3.0 rc
388	a63894c5-d9f0-46bd-804c-ecb40cafd377 runid=0dfb5b492dc86ce99bf7c61c734eb364afcdb5c8 ch=85 start_time=2025-09-25T23:14:51.398161+00:00 flow_cell_id=AWX817 basecall_gpu=NVIDIA_Tegra_X2 protocol_group_id=ONT_trialEb_250925 sample_id=ONT_trail_250925 barcode=barcode22 barcode_alias=barcode22 parent_read_id=a63894c5-d9f0-46bd-804c-ecb40cafd377 basecall_model_version_id=dna_r10.4.1_e8.2_400bps_hac@v4.3.0 rc
434	deba5744-62ae-4810-86b8-be7d05ae41c1 runid=0dfb5b492dc86ce99bf7c61c734eb364afcdb5c8 ch=40 start_time=2025-09-25T19:15:49.398161+00:00 flow_cell_id=AWX817 basecall_gpu=NVIDIA_Tegra_X2 protocol_group_id=ONT_trialEb_250925 sample_id=ONT_trail_250925 barcode=barcode15 barcode_alias=barcode15 parent_read_id=deba5744-62ae-4810-86b8-be7d05ae41c1 basecall_model_version_id=dna_r10.4.1_e8.2_400bps_hac@v4.3.0 rc
434	9a402057-2bbb-4a55-acd0-46861e577a2d runid=0dfb5b492dc86ce99bf7c61c734eb364afcdb5c8 ch=106 start_time=2025-09-25T21:18:44.398161+00:00 flow_cell_id=AWX817 basecall_gpu=NVIDIA_Tegra_X2 protocol_group_id=ONT_trialEb_250925 sample_id=ONT_trail_250925 barcode=barcode23 barcode_alias=barcode23 parent_read_id=9a402057-2bbb-4a55-acd0-46861e577a2d basecall_model_version_id=dna_r10.4.1_e8.2_400bps_hac@v4.3.0
451	69d56512-847d-4241-9b23-2480f7d77af0 runid=0dfb5b492dc86ce99bf7c61c734eb364afcdb5c8 ch=55 start_time=2025-09-25T17:32:49.398161+00:00 flow_cell_id=AWX817 basecall_gpu=NVIDIA_Tegra_X2 protocol_group_id=ONT_trialEb_250925 sample_id=ONT_trail_250925 barcode=barcode22 barcode_alias=barcode22 parent_read_id=69d56512-847d-4241-9b23-2480f7d77af0 basecall_model_version_id=dna_r10.4.1_e8.2_400bps_hac@v4.3.0 rc
451	69d56512-847d-4241-9b23-2480f7d77af0 runid=0dfb5b492dc86ce99bf7c61c734eb364afcdb5c8 ch=55 start_time=2025-09-25T17:32:49.398161+00:00 flow_cell_id=AWX817 basecall_gpu=NVIDIA_Tegra_X2 protocol_group_id=ONT_trialEb_250925 sample_id=ONT_trail_250925 barcode=barcode22 barcode_alias=barcode22 parent_read_id=69d56512-847d-4241-9b23-2480f7d77af0 basecall_model_version_id=dna_r10.4.1_e8.2_400bps_hac@v4.3.0 rc
453	e9d03e23-b9af-41f7-9af3-119193a9fc70 runid=0dfb5b492dc86ce99bf7c61c734eb364afcdb5c8 ch=85 start_time=2025-09-26T03:07:23.398161+00:00 flow_cell_id=AWX817 basecall_gpu=NVIDIA_Tegra_X2 protocol_group_id=ONT_trialEb_250925 sample_id=ONT_trail_250925 barcode=barcode22 barcode_alias=barcode22 parent_read_id=e9d03e23-b9af-41f7-9af3-119193a9fc70 basecall_model_version_id=dna_r10.4.1_e8.2_400bps_hac@v4.3.0
453	e9d03e23-b9af-41f7-9af3-119193a9fc70 runid=0dfb5b492dc86ce99bf7c61c734eb364afcdb5c8 ch=85 start_time=2025-09-26T03:07:23.398161+00:00 flow_cell_id=AWX817 basecall_gpu=NVIDIA_Tegra_X2 protocol_group_id=ONT_trialEb_250925 sample_id=ONT_trail_250925 barcode=barcode22 barcode_alias=barcode22 parent_read_id=e9d03e23-b9af-41f7-9af3-119193a9fc70 basecall_model_version_id=dna_r10.4.1_e8.2_400bps_hac@v4.3.0
463	3d4627e1-fb26-40c8-ba53-3fb86c60780c runid=0dfb5b492dc86ce99bf7c61c734eb364afcdb5c8 ch=40 start_time=2025-09-25T15:53:23.398161+00:00 flow_cell_id=AWX817 basecall_gpu=NVIDIA_Tegra_X2 protocol_group_id=ONT_trialEb_250925 sample_id=ONT_trail_250925 barcode=barcode22 barcode_alias=barcode22 parent_read_id=3d4627e1-fb26-40c8-ba53-3fb86c60780c basecall_model_version_id=dna_r10.4.1_e8.2_400bps_hac@v4.3.0 rc
463	3d4627e1-fb26-40c8-ba53-3fb86c60780c runid=0dfb5b492dc86ce99bf7c61c734eb364afcdb5c8 ch=40 start_time=2025-09-25T15:53:23.398161+00:00 flow_cell_id=AWX817 basecall_gpu=NVIDIA_Tegra_X2 protocol_group_id=ONT_trialEb_250925 sample_id=ONT_trail_250925 barcode=barcode22 barcode_alias=barcode22 parent_read_id=3d4627e1-fb26-40c8-ba53-3fb86c60780c basecall_model_version_id=dna_r10.4.1_e8.2_400bps_hac@v4.3.0 rc
466	756fcc1e-9084-4703-b625-8355fb99bbcb runid=0dfb5b492dc86ce99bf7c61c734eb364afcdb5c8 ch=106 start_time=2025-09-25T17:51:31.398161+00:00 flow_cell_id=AWX817 basecall_gpu=NVIDIA_Tegra_X2 protocol_group_id=ONT_trialEb_250925 sample_id=ONT_trail_250925 barcode=barcode22 barcode_alias=barcode22 parent_read_id=756fcc1e-9084-4703-b625-8355fb99bbcb basecall_model_version_id=dna_r10.4.1_e8.2_400bps_hac@v4.3.0
466	756fcc1e-9084-4703-b625-8355fb99bbcb runid=0dfb5b492dc86ce99bf7c61c734eb364afcdb5c8 ch=106 start_time=2025-09-25T17:51:31.398161+00:00 flow_cell_id=AWX817 basecall_gpu=NVIDIA_Tegra_X2 protocol_group_id=ONT_trialEb_250925 sample_id=ONT_trail_250925 barcode=barcode22 barcode_alias=barcode22 parent_read_id=756fcc1e-9084-4703-b625-8355fb99bbcb basecall_model_version_id=dna_r10.4.1_e8.2_400bps_hac@v4.3.0
10	2a7bc88c-3ffc-4025-9afc-fc9918fa360f runid=0dfb5b492dc86ce99bf7c61c734eb364afcdb5c8 ch=49 start_time=2025-09-25T18:10:47.398161+00:00 flow_cell_id=AWX817 basecall_gpu=NVIDIA_Tegra_X2 protocol_group_id=ONT_trialEb_250925 sample_id=ONT_trail_250925 barcode=barcode23 barcode_alias=barcode23 parent_read_id=2a7bc88c-3ffc-4025-9afc-fc9918fa360f basecall_model_version_id=dna_r10.4.1_e8.2_400bps_hac@v4.3.0
187	787f3082-7635-46a1-810d-acdd5a5f4049 runid=0dfb5b492dc86ce99bf7c61c734eb364afcdb5c8 ch=15 start_time=2025-09-25T19:13:09.398161+00:00 flow_cell_id=AWX817 basecall_gpu=NVIDIA_Tegra_X2 protocol_group_id=ONT_trialEb_250925 sample_id=ONT_trail_250925 barcode=barcode23 barcode_alias=barcode23 parent_read_id=787f3082-7635-46a1-810d-acdd5a5f4049 basecall_model_version_id=dna_r10.4.1_e8.2_400bps_hac@v4.3.0
189	6366a8f6-9f81-42ff-897c-08af02cd7e00 runid=0dfb5b492dc86ce99bf7c61c734eb364afcdb5c8 ch=41 start_time=2025-09-25T19:24:12.398161+00:00 flow_cell_id=AWX817 basecall_gpu=NVIDIA_Tegra_X2 protocol_group_id=ONT_trialEb_250925 sample_id=ONT_trail_250925 barcode=barcode13 barcode_alias=barcode13 parent_read_id=6366a8f6-9f81-42ff-897c-08af02cd7e00 basecall_model_version_id=dna_r10.4.1_e8.2_400bps_hac@v4.3.0
208	a6669797-55ae-4329-aa0c-a4c2c0341433 runid=0dfb5b492dc86ce99bf7c61c734eb364afcdb5c8 ch=41 start_time=2025-09-26T00:54:49.398161+00:00 flow_cell_id=AWX817 basecall_gpu=NVIDIA_Tegra_X2 protocol_group_id=ONT_trialEb_250925 sample_id=ONT_trail_250925 barcode=barcode13 barcode_alias=barcode13 parent_read_id=a6669797-55ae-4329-aa0c-a4c2c0341433 basecall_model_version_id=dna_r10.4.1_e8.2_400bps_hac@v4.3.0 rc
401	6b24d546-773a-4c78-b6d6-0f8773edfaa4 runid=0dfb5b492dc86ce99bf7c61c734eb364afcdb5c8 ch=20 start_time=2025-09-25T18:21:25.398161+00:00 flow_cell_id=AWX817 basecall_gpu=NVIDIA_Tegra_X2 protocol_group_id=ONT_trialEb_250925 sample_id=ONT_trail_250925 barcode=barcode15 barcode_alias=barcode15 parent_read_id=4bf1f352-ed15-408b-b247-fcac3a881b6a basecall_model_version_id=dna_r10.4.1_e8.2_400bps_hac@v4.3.0 rc
413	eaf073d1-c003-432e-b0bc-c66bc5d3ac98 runid=0dfb5b492dc86ce99bf7c61c734eb364afcdb5c8 ch=44 start_time=2025-09-25T23:19:52.398161+00:00 flow_cell_id=AWX817 basecall_gpu=NVIDIA_Tegra_X2 protocol_group_id=ONT_trialEb_250925 sample_id=ONT_trail_250925 barcode=barcode13 barcode_alias=barcode13 parent_read_id=eaf073d1-c003-432e-b0bc-c66bc5d3ac98 basecall_model_version_id=dna_r10.4.1_e8.2_400bps_hac@v4.3.0
422	be04e37f-0d3b-4668-806e-ec380992e5a0 runid=0dfb5b492dc86ce99bf7c61c734eb364afcdb5c8 ch=91 start_time=2025-09-25T17:40:05.398161+00:00 flow_cell_id=AWX817 basecall_gpu=NVIDIA_Tegra_X2 protocol_group_id=ONT_trialEb_250925 sample_id=ONT_trail_250925 barcode=barcode15 barcode_alias=barcode15 parent_read_id=be04e37f-0d3b-4668-806e-ec380992e5a0 basecall_model_version_id=dna_r10.4.1_e8.2_400bps_hac@v4.3.0
446	f3c43aef-c25c-4404-ba5d-b2c558a57df3 runid=0dfb5b492dc86ce99bf7c61c734eb364afcdb5c8 ch=20 start_time=2025-09-25T20:30:31.398161+00:00 flow_cell_id=AWX817 basecall_gpu=NVIDIA_Tegra_X2 protocol_group_id=ONT_trialEb_250925 sample_id=ONT_trail_250925 barcode=barcode15 barcode_alias=barcode15 parent_read_id=f3c43aef-c25c-4404-ba5d-b2c558a57df3 basecall_model_version_id=dna_r10.4.1_e8.2_400bps_hac@v4.3.0
450	eea1937b-25b9-46fa-aa06-09dcda816bd9 runid=0dfb5b492dc86ce99bf7c61c734eb364afcdb5c8 ch=93 start_time=2025-09-25T17:23:31.398161+00:00 flow_cell_id=AWX817 basecall_gpu=NVIDIA_Tegra_X2 protocol_group_id=ONT_trialEb_250925 sample_id=ONT_trail_250925 barcode=barcode15 barcode_alias=barcode15 parent_read_id=eea1937b-25b9-46fa-aa06-09dcda816bd9 basecall_model_version_id=dna_r10.4.1_e8.2_400bps_hac@v4.3.0
465	9c4d3ec3-4306-4d4c-89b5-bdc3e6a6001e runid=0dfb5b492dc86ce99bf7c61c734eb364afcdb5c8 ch=15 start_time=2025-09-25T18:30:03.398161+00:00 flow_cell_id=AWX817 basecall_gpu=NVIDIA_Tegra_X2 protocol_group_id=ONT_trialEb_250925 sample_id=ONT_trail_250925 barcode=barcode15 barcode_alias=barcode15 parent_read_id=9c4d3ec3-4306-4d4c-89b5-bdc3e6a6001e basecall_model_version_id=dna_r10.4.1_e8.2_400bps_hac@v4.3.0
