2079	c18e2633-10ff-4218-8998-ea29309bd386 runid=0dfb5b492dc86ce99bf7c61c734eb364afcdb5c8 ch=58 start_time=2025-09-25T21:56:06.398161+00:00 flow_cell_id=AWX817 basecall_gpu=NVIDIA_Tegra_X2 protocol_group_id=ONT_trialEb_250925 sample_id=ONT_trail_250925 barcode=barcode24 barcode_alias=barcode24 parent_read_id=c18e2633-10ff-4218-8998-ea29309bd386 basecall_model_version_id=dna_r10.4.1_e8.2_400bps_hac@v4.3.0 rc
2079	d8b4558e-20aa-4bc2-b87f-5b195b17ef3f runid=0dfb5b492dc86ce99bf7c61c734eb364afcdb5c8 ch=4 start_time=2025-09-25T23:56:01.398161+00:00 flow_cell_id=AWX817 basecall_gpu=NVIDIA_Tegra_X2 protocol_group_id=ONT_trialEb_250925 sample_id=ONT_trail_250925 barcode=barcode24 barcode_alias=barcode24 parent_read_id=d8b4558e-20aa-4bc2-b87f-5b195b17ef3f basecall_model_version_id=dna_r10.4.1_e8.2_400bps_hac@v4.3.0 rc
2079	e6439da4-adde-4d5d-b923-aeaf75ef30de runid=0dfb5b492dc86ce99bf7c61c734eb364afcdb5c8 ch=5 start_time=2025-09-25T17:58:31.398161+00:00 flow_cell_id=AWX817 basecall_gpu=NVIDIA_Tegra_X2 protocol_group_id=ONT_trialEb_250925 sample_id=ONT_trail_250925 barcode=barcode24 barcode_alias=barcode24 parent_read_id=e6439da4-adde-4d5d-b923-aeaf75ef30de basecall_model_version_id=dna_r10.4.1_e8.2_400bps_hac@v4.3.0 rc
2079	d05c7b79-bcda-4edb-bbf5-bfed040a6187 runid=0dfb5b492dc86ce99bf7c61c734eb364afcdb5c8 ch=15 start_time=2025-09-25T19:24:29.398161+00:00 flow_cell_id=AWX817 basecall_gpu=NVIDIA_Tegra_X2 protocol_group_id=ONT_trialEb_250925 sample_id=ONT_trail_250925 barcode=barcode15 barcode_alias=barcode15 parent_read_id=d05c7b79-bcda-4edb-bbf5-bfed040a6187 basecall_model_version_id=dna_r10.4.1_e8.2_400bps_hac@v4.3.0
2079	ecf78b1f-00bd-4a22-ad3e-256d48d909e7 runid=0dfb5b492dc86ce99bf7c61c734eb364afcdb5c8 ch=23 start_time=2025-09-25T19:53:05.398161+00:00 flow_cell_id=AWX817 basecall_gpu=NVIDIA_Tegra_X2 protocol_group_id=ONT_trialEb_250925 sample_id=ONT_trail_250925 barcode=barcode15 barcode_alias=barcode15 parent_read_id=ecf78b1f-00bd-4a22-ad3e-256d48d909e7 basecall_model_version_id=dna_r10.4.1_e8.2_400bps_hac@v4.3.0 rc
2079	0d1ce402-05de-45a7-8525-4265675b1135 runid=0dfb5b492dc86ce99bf7c61c734eb364afcdb5c8 ch=110 start_time=2025-09-25T16:27:50.398161+00:00 flow_cell_id=AWX817 basecall_gpu=NVIDIA_Tegra_X2 protocol_group_id=ONT_trialEb_250925 sample_id=ONT_trail_250925 barcode=barcode14 barcode_alias=barcode14 parent_read_id=0d1ce402-05de-45a7-8525-4265675b1135 basecall_model_version_id=dna_r10.4.1_e8.2_400bps_hac@v4.3.0 rc
2079	060a6b79-dde3-4a00-906d-b11789a2d083 runid=0dfb5b492dc86ce99bf7c61c734eb364afcdb5c8 ch=85 start_time=2025-09-25T17:06:43.398161+00:00 flow_cell_id=AWX817 basecall_gpu=NVIDIA_Tegra_X2 protocol_group_id=ONT_trialEb_250925 sample_id=ONT_trail_250925 barcode=barcode15 barcode_alias=barcode15 parent_read_id=060a6b79-dde3-4a00-906d-b11789a2d083 basecall_model_version_id=dna_r10.4.1_e8.2_400bps_hac@v4.3.0 rc
2079	8905fda7-c9b1-4f49-ba9c-e5b3add2ade8 runid=0dfb5b492dc86ce99bf7c61c734eb364afcdb5c8 ch=39 start_time=2025-09-26T01:44:49.398161+00:00 flow_cell_id=AWX817 basecall_gpu=NVIDIA_Tegra_X2 protocol_group_id=ONT_trialEb_250925 sample_id=ONT_trail_250925 barcode=barcode14 barcode_alias=barcode14 parent_read_id=971a4aaf-c272-4ecb-af72-775ba76f64cd basecall_model_version_id=dna_r10.4.1_e8.2_400bps_hac@v4.3.0 rc
2079	2dc1ac86-da4e-4cd0-88de-df92e16e5856 runid=0dfb5b492dc86ce99bf7c61c734eb364afcdb5c8 ch=44 start_time=2025-09-25T21:50:28.398161+00:00 flow_cell_id=AWX817 basecall_gpu=NVIDIA_Tegra_X2 protocol_group_id=ONT_trialEb_250925 sample_id=ONT_trail_250925 barcode=barcode24 barcode_alias=barcode24 parent_read_id=2dc1ac86-da4e-4cd0-88de-df92e16e5856 basecall_model_version_id=dna_r10.4.1_e8.2_400bps_hac@v4.3.0 rc
2079	526127b4-96b3-4f03-95c3-cc2a5e45dd1a runid=0dfb5b492dc86ce99bf7c61c734eb364afcdb5c8 ch=20 start_time=2025-09-25T16:26:22.398161+00:00 flow_cell_id=AWX817 basecall_gpu=NVIDIA_Tegra_X2 protocol_group_id=ONT_trialEb_250925 sample_id=ONT_trail_250925 barcode=barcode15 barcode_alias=barcode15 parent_read_id=526127b4-96b3-4f03-95c3-cc2a5e45dd1a basecall_model_version_id=dna_r10.4.1_e8.2_400bps_hac@v4.3.0
2079	8b372a7c-6256-4b2c-8f47-bc06827ce5e8 runid=0dfb5b492dc86ce99bf7c61c734eb364afcdb5c8 ch=79 start_time=2025-09-25T22:33:56.398161+00:00 flow_cell_id=AWX817 basecall_gpu=NVIDIA_Tegra_X2 protocol_group_id=ONT_trialEb_250925 sample_id=ONT_trail_250925 barcode=barcode15 barcode_alias=barcode15 parent_read_id=8b372a7c-6256-4b2c-8f47-bc06827ce5e8 basecall_model_version_id=dna_r10.4.1_e8.2_400bps_hac@v4.3.0 rc
2079	d4e2f14b-2d82-439e-8aa0-896a33fc56f4 runid=0dfb5b492dc86ce99bf7c61c734eb364afcdb5c8 ch=44 start_time=2025-09-25T16:30:41.398161+00:00 flow_cell_id=AWX817 basecall_gpu=NVIDIA_Tegra_X2 protocol_group_id=ONT_trialEb_250925 sample_id=ONT_trail_250925 barcode=barcode24 barcode_alias=barcode24 parent_read_id=d4e2f14b-2d82-439e-8aa0-896a33fc56f4 basecall_model_version_id=dna_r10.4.1_e8.2_400bps_hac@v4.3.0
2079	dd677637-9736-4a7d-ae21-86e32a7791b7 runid=0dfb5b492dc86ce99bf7c61c734eb364afcdb5c8 ch=20 start_time=2025-09-26T03:46:29.398161+00:00 flow_cell_id=AWX817 basecall_gpu=NVIDIA_Tegra_X2 protocol_group_id=ONT_trialEb_250925 sample_id=ONT_trail_250925 barcode=barcode14 barcode_alias=barcode14 parent_read_id=dd677637-9736-4a7d-ae21-86e32a7791b7 basecall_model_version_id=dna_r10.4.1_e8.2_400bps_hac@v4.3.0 rc
2079	dd677637-9736-4a7d-ae21-86e32a7791b7 runid=0dfb5b492dc86ce99bf7c61c734eb364afcdb5c8 ch=20 start_time=2025-09-26T03:46:29.398161+00:00 flow_cell_id=AWX817 basecall_gpu=NVIDIA_Tegra_X2 protocol_group_id=ONT_trialEb_250925 sample_id=ONT_trail_250925 barcode=barcode14 barcode_alias=barcode14 parent_read_id=dd677637-9736-4a7d-ae21-86e32a7791b7 basecall_model_version_id=dna_r10.4.1_e8.2_400bps_hac@v4.3.0 rc
2079	c6fd220c-47ec-457b-ac33-fa3f2edac88b runid=0dfb5b492dc86ce99bf7c61c734eb364afcdb5c8 ch=110 start_time=2025-09-25T16:09:22.398161+00:00 flow_cell_id=AWX817 basecall_gpu=NVIDIA_Tegra_X2 protocol_group_id=ONT_trialEb_250925 sample_id=ONT_trail_250925 barcode=barcode24 barcode_alias=barcode24 parent_read_id=c6fd220c-47ec-457b-ac33-fa3f2edac88b basecall_model_version_id=dna_r10.4.1_e8.2_400bps_hac@v4.3.0 rc
2079	3bfc247f-ffa0-4a75-aa20-d514582d7227 runid=0dfb5b492dc86ce99bf7c61c734eb364afcdb5c8 ch=58 start_time=2025-09-25T19:35:13.398161+00:00 flow_cell_id=AWX817 basecall_gpu=NVIDIA_Tegra_X2 protocol_group_id=ONT_trialEb_250925 sample_id=ONT_trail_250925 barcode=barcode15 barcode_alias=barcode15 parent_read_id=3bfc247f-ffa0-4a75-aa20-d514582d7227 basecall_model_version_id=dna_r10.4.1_e8.2_400bps_hac@v4.3.0 rc
2079	cb73ed9f-331c-4ef4-8b29-5a3f7897c5cb runid=0dfb5b492dc86ce99bf7c61c734eb364afcdb5c8 ch=6 start_time=2025-09-25T17:56:12.398161+00:00 flow_cell_id=AWX817 basecall_gpu=NVIDIA_Tegra_X2 protocol_group_id=ONT_trialEb_250925 sample_id=ONT_trail_250925 barcode=barcode14 barcode_alias=barcode14 parent_read_id=cb73ed9f-331c-4ef4-8b29-5a3f7897c5cb basecall_model_version_id=dna_r10.4.1_e8.2_400bps_hac@v4.3.0 rc
2079	30d216bb-17b4-4786-9a52-98bb4bf51a8c runid=0dfb5b492dc86ce99bf7c61c734eb364afcdb5c8 ch=4 start_time=2025-09-26T04:46:00.398161+00:00 flow_cell_id=AWX817 basecall_gpu=NVIDIA_Tegra_X2 protocol_group_id=ONT_trialEb_250925 sample_id=ONT_trail_250925 barcode=barcode24 barcode_alias=barcode24 parent_read_id=30d216bb-17b4-4786-9a52-98bb4bf51a8c basecall_model_version_id=dna_r10.4.1_e8.2_400bps_hac@v4.3.0 rc
2079	c4b3703e-99d2-4769-a774-1a040a8a0c67 runid=0dfb5b492dc86ce99bf7c61c734eb364afcdb5c8 ch=58 start_time=2025-09-25T19:50:49.398161+00:00 flow_cell_id=AWX817 basecall_gpu=NVIDIA_Tegra_X2 protocol_group_id=ONT_trialEb_250925 sample_id=ONT_trail_250925 barcode=barcode13 barcode_alias=barcode13 parent_read_id=c4b3703e-99d2-4769-a774-1a040a8a0c67 basecall_model_version_id=dna_r10.4.1_e8.2_400bps_hac@v4.3.0 rc
2079	2ea27a06-0921-407d-97dd-a2c606d54a02 runid=0dfb5b492dc86ce99bf7c61c734eb364afcdb5c8 ch=44 start_time=2025-09-26T02:53:54.398161+00:00 flow_cell_id=AWX817 basecall_gpu=NVIDIA_Tegra_X2 protocol_group_id=ONT_trialEb_250925 sample_id=ONT_trail_250925 barcode=barcode13 barcode_alias=barcode13 parent_read_id=2ea27a06-0921-407d-97dd-a2c606d54a02 basecall_model_version_id=dna_r10.4.1_e8.2_400bps_hac@v4.3.0
2079	7ad9e4af-1db5-4948-b222-1cb1b99d835b runid=0dfb5b492dc86ce99bf7c61c734eb364afcdb5c8 ch=40 start_time=2025-09-25T20:17:08.398161+00:00 flow_cell_id=AWX817 basecall_gpu=NVIDIA_Tegra_X2 protocol_group_id=ONT_trialEb_250925 sample_id=ONT_trail_250925 barcode=barcode13 barcode_alias=barcode13 parent_read_id=7ad9e4af-1db5-4948-b222-1cb1b99d835b basecall_model_version_id=dna_r10.4.1_e8.2_400bps_hac@v4.3.0 rc
2079	9eaa1bb8-bad3-490f-8391-75c5fb111c0f runid=0dfb5b492dc86ce99bf7c61c734eb364afcdb5c8 ch=44 start_time=2025-09-26T02:51:10.398161+00:00 flow_cell_id=AWX817 basecall_gpu=NVIDIA_Tegra_X2 protocol_group_id=ONT_trialEb_250925 sample_id=ONT_trail_250925 barcode=barcode14 barcode_alias=barcode14 parent_read_id=9eaa1bb8-bad3-490f-8391-75c5fb111c0f basecall_model_version_id=dna_r10.4.1_e8.2_400bps_hac@v4.3.0 rc
2079	fd3792ef-e753-40cb-8b51-f2b600ab507e runid=0dfb5b492dc86ce99bf7c61c734eb364afcdb5c8 ch=40 start_time=2025-09-25T17:38:02.398161+00:00 flow_cell_id=AWX817 basecall_gpu=NVIDIA_Tegra_X2 protocol_group_id=ONT_trialEb_250925 sample_id=ONT_trail_250925 barcode=barcode24 barcode_alias=barcode24 parent_read_id=fd3792ef-e753-40cb-8b51-f2b600ab507e basecall_model_version_id=dna_r10.4.1_e8.2_400bps_hac@v4.3.0
2079	c3369015-cffd-4c61-9426-9099100da89b runid=0dfb5b492dc86ce99bf7c61c734eb364afcdb5c8 ch=40 start_time=2025-09-25T17:13:02.398161+00:00 flow_cell_id=AWX817 basecall_gpu=NVIDIA_Tegra_X2 protocol_group_id=ONT_trialEb_250925 sample_id=ONT_trail_250925 barcode=barcode24 barcode_alias=barcode24 parent_read_id=c919e517-dd14-4c1b-a07a-18163d217ef6 basecall_model_version_id=dna_r10.4.1_e8.2_400bps_hac@v4.3.0 rc
2079	07b77c3f-4960-431e-ac98-655bc4e09c05 runid=0dfb5b492dc86ce99bf7c61c734eb364afcdb5c8 ch=4 start_time=2025-09-26T02:54:40.398161+00:00 flow_cell_id=AWX817 basecall_gpu=NVIDIA_Tegra_X2 protocol_group_id=ONT_trialEb_250925 sample_id=ONT_trail_250925 barcode=barcode14 barcode_alias=barcode14 parent_read_id=07b77c3f-4960-431e-ac98-655bc4e09c05 basecall_model_version_id=dna_r10.4.1_e8.2_400bps_hac@v4.3.0 rc
2079	a57c7035-6bea-4b9a-bcc1-0b90f51f9dbf runid=0dfb5b492dc86ce99bf7c61c734eb364afcdb5c8 ch=20 start_time=2025-09-26T00:07:48.398161+00:00 flow_cell_id=AWX817 basecall_gpu=NVIDIA_Tegra_X2 protocol_group_id=ONT_trialEb_250925 sample_id=ONT_trail_250925 barcode=barcode13 barcode_alias=barcode13 parent_read_id=a57c7035-6bea-4b9a-bcc1-0b90f51f9dbf basecall_model_version_id=dna_r10.4.1_e8.2_400bps_hac@v4.3.0
2079	214e6310-a62b-4722-bf90-4ca142bf8cab runid=0dfb5b492dc86ce99bf7c61c734eb364afcdb5c8 ch=4 start_time=2025-09-25T19:20:18.398161+00:00 flow_cell_id=AWX817 basecall_gpu=NVIDIA_Tegra_X2 protocol_group_id=ONT_trialEb_250925 sample_id=ONT_trail_250925 barcode=barcode24 barcode_alias=barcode24 parent_read_id=214e6310-a62b-4722-bf90-4ca142bf8cab basecall_model_version_id=dna_r10.4.1_e8.2_400bps_hac@v4.3.0 rc
2079	7c80a3c7-b627-4616-a2b8-a1ce3ea51ea8 runid=0dfb5b492dc86ce99bf7c61c734eb364afcdb5c8 ch=58 start_time=2025-09-25T17:27:14.398161+00:00 flow_cell_id=AWX817 basecall_gpu=NVIDIA_Tegra_X2 protocol_group_id=ONT_trialEb_250925 sample_id=ONT_trail_250925 barcode=barcode14 barcode_alias=barcode14 parent_read_id=7c80a3c7-b627-4616-a2b8-a1ce3ea51ea8 basecall_model_version_id=dna_r10.4.1_e8.2_400bps_hac@v4.3.0
2079	b6ad1a3e-83d5-42dc-868d-9046cb0c3999 runid=0dfb5b492dc86ce99bf7c61c734eb364afcdb5c8 ch=23 start_time=2025-09-25T19:47:43.398161+00:00 flow_cell_id=AWX817 basecall_gpu=NVIDIA_Tegra_X2 protocol_group_id=ONT_trialEb_250925 sample_id=ONT_trail_250925 barcode=barcode24 barcode_alias=barcode24 parent_read_id=b6ad1a3e-83d5-42dc-868d-9046cb0c3999 basecall_model_version_id=dna_r10.4.1_e8.2_400bps_hac@v4.3.0 rc
2079	dbe8352c-cb68-43dc-81b8-6a3ffd301e29 runid=0dfb5b492dc86ce99bf7c61c734eb364afcdb5c8 ch=80 start_time=2025-09-25T21:07:28.398161+00:00 flow_cell_id=AWX817 basecall_gpu=NVIDIA_Tegra_X2 protocol_group_id=ONT_trialEb_250925 sample_id=ONT_trail_250925 barcode=barcode24 barcode_alias=barcode24 parent_read_id=dbe8352c-cb68-43dc-81b8-6a3ffd301e29 basecall_model_version_id=dna_r10.4.1_e8.2_400bps_hac@v4.3.0 rc
2079	7c4c284e-c575-4580-bb24-86bb21bcaf01 runid=0dfb5b492dc86ce99bf7c61c734eb364afcdb5c8 ch=110 start_time=2025-09-25T21:08:29.398161+00:00 flow_cell_id=AWX817 basecall_gpu=NVIDIA_Tegra_X2 protocol_group_id=ONT_trialEb_250925 sample_id=ONT_trail_250925 barcode=barcode14 barcode_alias=barcode14 parent_read_id=7c4c284e-c575-4580-bb24-86bb21bcaf01 basecall_model_version_id=dna_r10.4.1_e8.2_400bps_hac@v4.3.0 rc
2079	703892dd-12b0-4681-87e4-585313fae56e runid=0dfb5b492dc86ce99bf7c61c734eb364afcdb5c8 ch=106 start_time=2025-09-25T18:48:10.398161+00:00 flow_cell_id=AWX817 basecall_gpu=NVIDIA_Tegra_X2 protocol_group_id=ONT_trialEb_250925 sample_id=ONT_trail_250925 barcode=barcode24 barcode_alias=barcode24 parent_read_id=703892dd-12b0-4681-87e4-585313fae56e basecall_model_version_id=dna_r10.4.1_e8.2_400bps_hac@v4.3.0
2079	f4c23064-e788-48e0-8beb-bbc81b9352b3 runid=0dfb5b492dc86ce99bf7c61c734eb364afcdb5c8 ch=4 start_time=2025-09-26T02:06:02.398161+00:00 flow_cell_id=AWX817 basecall_gpu=NVIDIA_Tegra_X2 protocol_group_id=ONT_trialEb_250925 sample_id=ONT_trail_250925 barcode=barcode15 barcode_alias=barcode15 parent_read_id=f4c23064-e788-48e0-8beb-bbc81b9352b3 basecall_model_version_id=dna_r10.4.1_e8.2_400bps_hac@v4.3.0
2079	8333f16c-b7b7-4ea6-a0e7-90826bc9d550 runid=0dfb5b492dc86ce99bf7c61c734eb364afcdb5c8 ch=44 start_time=2025-09-25T16:17:26.398161+00:00 flow_cell_id=AWX817 basecall_gpu=NVIDIA_Tegra_X2 protocol_group_id=ONT_trialEb_250925 sample_id=ONT_trail_250925 barcode=barcode14 barcode_alias=barcode14 parent_read_id=8333f16c-b7b7-4ea6-a0e7-90826bc9d550 basecall_model_version_id=dna_r10.4.1_e8.2_400bps_hac@v4.3.0 rc
2079	6a091303-a231-4394-8daa-e4b23141c864 runid=0dfb5b492dc86ce99bf7c61c734eb364afcdb5c8 ch=80 start_time=2025-09-25T19:29:32.398161+00:00 flow_cell_id=AWX817 basecall_gpu=NVIDIA_Tegra_X2 protocol_group_id=ONT_trialEb_250925 sample_id=ONT_trail_250925 barcode=barcode14 barcode_alias=barcode14 parent_read_id=6a091303-a231-4394-8daa-e4b23141c864 basecall_model_version_id=dna_r10.4.1_e8.2_400bps_hac@v4.3.0 rc
2079	9dd66fc1-e4f8-476d-a21c-a35e726a1077 runid=0dfb5b492dc86ce99bf7c61c734eb364afcdb5c8 ch=44 start_time=2025-09-25T17:49:46.398161+00:00 flow_cell_id=AWX817 basecall_gpu=NVIDIA_Tegra_X2 protocol_group_id=ONT_trialEb_250925 sample_id=ONT_trail_250925 barcode=barcode24 barcode_alias=barcode24 parent_read_id=9dd66fc1-e4f8-476d-a21c-a35e726a1077 basecall_model_version_id=dna_r10.4.1_e8.2_400bps_hac@v4.3.0 rc
2079	1dcf023b-f2f3-4348-bba1-7277084b09a5 runid=0dfb5b492dc86ce99bf7c61c734eb364afcdb5c8 ch=79 start_time=2025-09-25T18:19:01.398161+00:00 flow_cell_id=AWX817 basecall_gpu=NVIDIA_Tegra_X2 protocol_group_id=ONT_trialEb_250925 sample_id=ONT_trail_250925 barcode=barcode13 barcode_alias=barcode13 parent_read_id=1dcf023b-f2f3-4348-bba1-7277084b09a5 basecall_model_version_id=dna_r10.4.1_e8.2_400bps_hac@v4.3.0
2079	7e920092-2858-4069-8d53-0b0b92d4dd17 runid=0dfb5b492dc86ce99bf7c61c734eb364afcdb5c8 ch=40 start_time=2025-09-25T18:07:18.398161+00:00 flow_cell_id=AWX817 basecall_gpu=NVIDIA_Tegra_X2 protocol_group_id=ONT_trialEb_250925 sample_id=ONT_trail_250925 barcode=barcode14 barcode_alias=barcode14 parent_read_id=7e920092-2858-4069-8d53-0b0b92d4dd17 basecall_model_version_id=dna_r10.4.1_e8.2_400bps_hac@v4.3.0 rc
2079	7e920092-2858-4069-8d53-0b0b92d4dd17 runid=0dfb5b492dc86ce99bf7c61c734eb364afcdb5c8 ch=40 start_time=2025-09-25T18:07:18.398161+00:00 flow_cell_id=AWX817 basecall_gpu=NVIDIA_Tegra_X2 protocol_group_id=ONT_trialEb_250925 sample_id=ONT_trail_250925 barcode=barcode14 barcode_alias=barcode14 parent_read_id=7e920092-2858-4069-8d53-0b0b92d4dd17 basecall_model_version_id=dna_r10.4.1_e8.2_400bps_hac@v4.3.0 rc
2079	5ea4b0ed-1e05-42e2-b4aa-0b6c3281a748 runid=0dfb5b492dc86ce99bf7c61c734eb364afcdb5c8 ch=93 start_time=2025-09-25T18:58:25.398161+00:00 flow_cell_id=AWX817 basecall_gpu=NVIDIA_Tegra_X2 protocol_group_id=ONT_trialEb_250925 sample_id=ONT_trail_250925 barcode=barcode13 barcode_alias=barcode13 parent_read_id=5ea4b0ed-1e05-42e2-b4aa-0b6c3281a748 basecall_model_version_id=dna_r10.4.1_e8.2_400bps_hac@v4.3.0 rc
2079	81c987e3-7639-40fd-89ed-70359299405e runid=0dfb5b492dc86ce99bf7c61c734eb364afcdb5c8 ch=44 start_time=2025-09-25T20:35:58.398161+00:00 flow_cell_id=AWX817 basecall_gpu=NVIDIA_Tegra_X2 protocol_group_id=ONT_trialEb_250925 sample_id=ONT_trail_250925 barcode=barcode15 barcode_alias=barcode15 parent_read_id=81c987e3-7639-40fd-89ed-70359299405e basecall_model_version_id=dna_r10.4.1_e8.2_400bps_hac@v4.3.0 rc
2079	3b57da58-de2f-47ec-9a83-5c8e2f1a8f9c runid=0dfb5b492dc86ce99bf7c61c734eb364afcdb5c8 ch=40 start_time=2025-09-25T17:42:55.398161+00:00 flow_cell_id=AWX817 basecall_gpu=NVIDIA_Tegra_X2 protocol_group_id=ONT_trialEb_250925 sample_id=ONT_trail_250925 barcode=barcode13 barcode_alias=barcode13 parent_read_id=3b57da58-de2f-47ec-9a83-5c8e2f1a8f9c basecall_model_version_id=dna_r10.4.1_e8.2_400bps_hac@v4.3.0 rc
2079	0d1285c7-ff74-4b1d-8dff-17e698ea26c1 runid=0dfb5b492dc86ce99bf7c61c734eb364afcdb5c8 ch=39 start_time=2025-09-26T11:22:50.398161+00:00 flow_cell_id=AWX817 basecall_gpu=NVIDIA_Tegra_X2 protocol_group_id=ONT_trialEb_250925 sample_id=ONT_trail_250925 barcode=barcode14 barcode_alias=barcode14 parent_read_id=0d1285c7-ff74-4b1d-8dff-17e698ea26c1 basecall_model_version_id=dna_r10.4.1_e8.2_400bps_hac@v4.3.0 rc
2079	202c5b9b-0520-46fd-8ac1-b1648cfde32b runid=0dfb5b492dc86ce99bf7c61c734eb364afcdb5c8 ch=79 start_time=2025-09-25T21:33:00.398161+00:00 flow_cell_id=AWX817 basecall_gpu=NVIDIA_Tegra_X2 protocol_group_id=ONT_trialEb_250925 sample_id=ONT_trail_250925 barcode=barcode24 barcode_alias=barcode24 parent_read_id=202c5b9b-0520-46fd-8ac1-b1648cfde32b basecall_model_version_id=dna_r10.4.1_e8.2_400bps_hac@v4.3.0 rc
2079	91ea39ac-315f-4768-989e-87d48a7831f5 runid=0dfb5b492dc86ce99bf7c61c734eb364afcdb5c8 ch=40 start_time=2025-09-25T17:01:19.398161+00:00 flow_cell_id=AWX817 basecall_gpu=NVIDIA_Tegra_X2 protocol_group_id=ONT_trialEb_250925 sample_id=ONT_trail_250925 barcode=barcode13 barcode_alias=barcode13 parent_read_id=91ea39ac-315f-4768-989e-87d48a7831f5 basecall_model_version_id=dna_r10.4.1_e8.2_400bps_hac@v4.3.0 rc
2079	97105fea-f278-4028-9af1-8f44b80e7275 runid=0dfb5b492dc86ce99bf7c61c734eb364afcdb5c8 ch=108 start_time=2025-09-25T18:22:36.398161+00:00 flow_cell_id=AWX817 basecall_gpu=NVIDIA_Tegra_X2 protocol_group_id=ONT_trialEb_250925 sample_id=ONT_trail_250925 barcode=barcode24 barcode_alias=barcode24 parent_read_id=e620a4d8-a410-49d3-ae0e-a019ad567cca basecall_model_version_id=dna_r10.4.1_e8.2_400bps_hac@v4.3.0 rc
2079	2a389e77-2717-4e6d-891f-c7c9d6b8b0c8 runid=0dfb5b492dc86ce99bf7c61c734eb364afcdb5c8 ch=114 start_time=2025-09-25T15:56:30.398161+00:00 flow_cell_id=AWX817 basecall_gpu=NVIDIA_Tegra_X2 protocol_group_id=ONT_trialEb_250925 sample_id=ONT_trail_250925 barcode=barcode14 barcode_alias=barcode14 parent_read_id=2a389e77-2717-4e6d-891f-c7c9d6b8b0c8 basecall_model_version_id=dna_r10.4.1_e8.2_400bps_hac@v4.3.0 rc
2079	7c568dd4-04c5-4546-81bf-fde37c32be31 runid=0dfb5b492dc86ce99bf7c61c734eb364afcdb5c8 ch=20 start_time=2025-09-25T17:22:47.398161+00:00 flow_cell_id=AWX817 basecall_gpu=NVIDIA_Tegra_X2 protocol_group_id=ONT_trialEb_250925 sample_id=ONT_trail_250925 barcode=barcode14 barcode_alias=barcode14 parent_read_id=7c568dd4-04c5-4546-81bf-fde37c32be31 basecall_model_version_id=dna_r10.4.1_e8.2_400bps_hac@v4.3.0
2079	85f12c94-21d0-4e7c-a93d-7128857073ca runid=0dfb5b492dc86ce99bf7c61c734eb364afcdb5c8 ch=93 start_time=2025-09-25T16:36:35.398161+00:00 flow_cell_id=AWX817 basecall_gpu=NVIDIA_Tegra_X2 protocol_group_id=ONT_trialEb_250925 sample_id=ONT_trail_250925 barcode=barcode13 barcode_alias=barcode13 parent_read_id=85f12c94-21d0-4e7c-a93d-7128857073ca basecall_model_version_id=dna_r10.4.1_e8.2_400bps_hac@v4.3.0 rc
2079	a3448e6f-80b8-4b03-80a1-7e6ea47189f7 runid=0dfb5b492dc86ce99bf7c61c734eb364afcdb5c8 ch=20 start_time=2025-09-25T17:58:22.398161+00:00 flow_cell_id=AWX817 basecall_gpu=NVIDIA_Tegra_X2 protocol_group_id=ONT_trialEb_250925 sample_id=ONT_trail_250925 barcode=barcode13 barcode_alias=barcode13 parent_read_id=a3448e6f-80b8-4b03-80a1-7e6ea47189f7 basecall_model_version_id=dna_r10.4.1_e8.2_400bps_hac@v4.3.0 rc
2079	cdbb3b2a-42f8-44f6-8e2b-d2aaae835b69 runid=0dfb5b492dc86ce99bf7c61c734eb364afcdb5c8 ch=4 start_time=2025-09-25T23:48:47.398161+00:00 flow_cell_id=AWX817 basecall_gpu=NVIDIA_Tegra_X2 protocol_group_id=ONT_trialEb_250925 sample_id=ONT_trail_250925 barcode=barcode15 barcode_alias=barcode15 parent_read_id=cdbb3b2a-42f8-44f6-8e2b-d2aaae835b69 basecall_model_version_id=dna_r10.4.1_e8.2_400bps_hac@v4.3.0
2079	c9eb3137-cb8d-44ea-b90c-0fc7a4e7cd9e runid=0dfb5b492dc86ce99bf7c61c734eb364afcdb5c8 ch=110 start_time=2025-09-25T19:14:46.398161+00:00 flow_cell_id=AWX817 basecall_gpu=NVIDIA_Tegra_X2 protocol_group_id=ONT_trialEb_250925 sample_id=ONT_trail_250925 barcode=barcode24 barcode_alias=barcode24 parent_read_id=c9eb3137-cb8d-44ea-b90c-0fc7a4e7cd9e basecall_model_version_id=dna_r10.4.1_e8.2_400bps_hac@v4.3.0 rc
2079	0fd39540-062e-4b36-b822-941f74a04ba6 runid=0dfb5b492dc86ce99bf7c61c734eb364afcdb5c8 ch=58 start_time=2025-09-25T19:11:31.398161+00:00 flow_cell_id=AWX817 basecall_gpu=NVIDIA_Tegra_X2 protocol_group_id=ONT_trialEb_250925 sample_id=ONT_trail_250925 barcode=barcode24 barcode_alias=barcode24 parent_read_id=0fd39540-062e-4b36-b822-941f74a04ba6 basecall_model_version_id=dna_r10.4.1_e8.2_400bps_hac@v4.3.0
2079	0dd2408b-fcd3-41c8-ba89-b8d1d550e3c2 runid=0dfb5b492dc86ce99bf7c61c734eb364afcdb5c8 ch=4 start_time=2025-09-26T03:48:34.398161+00:00 flow_cell_id=AWX817 basecall_gpu=NVIDIA_Tegra_X2 protocol_group_id=ONT_trialEb_250925 sample_id=ONT_trail_250925 barcode=barcode15 barcode_alias=barcode15 parent_read_id=0dd2408b-fcd3-41c8-ba89-b8d1d550e3c2 basecall_model_version_id=dna_r10.4.1_e8.2_400bps_hac@v4.3.0
2079	2581c493-6bd1-4d64-8707-33ac65a7bc9b runid=0dfb5b492dc86ce99bf7c61c734eb364afcdb5c8 ch=77 start_time=2025-09-25T23:18:00.398161+00:00 flow_cell_id=AWX817 basecall_gpu=NVIDIA_Tegra_X2 protocol_group_id=ONT_trialEb_250925 sample_id=ONT_trail_250925 barcode=barcode24 barcode_alias=barcode24 parent_read_id=2581c493-6bd1-4d64-8707-33ac65a7bc9b basecall_model_version_id=dna_r10.4.1_e8.2_400bps_hac@v4.3.0 rc
2079	f515bbce-f63f-4327-9c1b-6cb34079e258 runid=0dfb5b492dc86ce99bf7c61c734eb364afcdb5c8 ch=44 start_time=2025-09-26T00:26:34.398161+00:00 flow_cell_id=AWX817 basecall_gpu=NVIDIA_Tegra_X2 protocol_group_id=ONT_trialEb_250925 sample_id=ONT_trail_250925 barcode=barcode13 barcode_alias=barcode13 parent_read_id=27cdcd6e-37bf-4f7d-bd21-3dbf8552602b basecall_model_version_id=dna_r10.4.1_e8.2_400bps_hac@v4.3.0 rc
2079	cb3a08e6-4df7-4c4e-b835-0e08ec29fce3 runid=0dfb5b492dc86ce99bf7c61c734eb364afcdb5c8 ch=58 start_time=2025-09-25T17:40:02.398161+00:00 flow_cell_id=AWX817 basecall_gpu=NVIDIA_Tegra_X2 protocol_group_id=ONT_trialEb_250925 sample_id=ONT_trail_250925 barcode=barcode14 barcode_alias=barcode14 parent_read_id=cb3a08e6-4df7-4c4e-b835-0e08ec29fce3 basecall_model_version_id=dna_r10.4.1_e8.2_400bps_hac@v4.3.0 rc
2079	256adf0e-4ad1-4ae6-a3e2-7d457fee58db runid=0dfb5b492dc86ce99bf7c61c734eb364afcdb5c8 ch=44 start_time=2025-09-26T00:45:46.398161+00:00 flow_cell_id=AWX817 basecall_gpu=NVIDIA_Tegra_X2 protocol_group_id=ONT_trialEb_250925 sample_id=ONT_trail_250925 barcode=barcode13 barcode_alias=barcode13 parent_read_id=256adf0e-4ad1-4ae6-a3e2-7d457fee58db basecall_model_version_id=dna_r10.4.1_e8.2_400bps_hac@v4.3.0 rc
2079	ca0343b6-607f-4f87-a8cb-8eab70c9a3d1 runid=0dfb5b492dc86ce99bf7c61c734eb364afcdb5c8 ch=80 start_time=2025-09-25T19:47:27.398161+00:00 flow_cell_id=AWX817 basecall_gpu=NVIDIA_Tegra_X2 protocol_group_id=ONT_trialEb_250925 sample_id=ONT_trail_250925 barcode=barcode15 barcode_alias=barcode15 parent_read_id=ca0343b6-607f-4f87-a8cb-8eab70c9a3d1 basecall_model_version_id=dna_r10.4.1_e8.2_400bps_hac@v4.3.0 rc
2079	023c62ef-a7d5-493b-9fac-c9ca6fad51f1 runid=0dfb5b492dc86ce99bf7c61c734eb364afcdb5c8 ch=4 start_time=2025-09-25T19:27:36.398161+00:00 flow_cell_id=AWX817 basecall_gpu=NVIDIA_Tegra_X2 protocol_group_id=ONT_trialEb_250925 sample_id=ONT_trail_250925 barcode=barcode15 barcode_alias=barcode15 parent_read_id=330b2b30-db32-4edc-aa4d-77dcdbcd91a5 basecall_model_version_id=dna_r10.4.1_e8.2_400bps_hac@v4.3.0 rc
2079	4c8845ad-5cae-41e0-b141-0b7a3c1becb1 runid=0dfb5b492dc86ce99bf7c61c734eb364afcdb5c8 ch=4 start_time=2025-09-26T07:21:28.398161+00:00 flow_cell_id=AWX817 basecall_gpu=NVIDIA_Tegra_X2 protocol_group_id=ONT_trialEb_250925 sample_id=ONT_trail_250925 barcode=barcode14 barcode_alias=barcode14 parent_read_id=4c8845ad-5cae-41e0-b141-0b7a3c1becb1 basecall_model_version_id=dna_r10.4.1_e8.2_400bps_hac@v4.3.0 rc
2079	1671a612-a39a-41ac-9596-824a516639ea runid=0dfb5b492dc86ce99bf7c61c734eb364afcdb5c8 ch=41 start_time=2025-09-25T21:17:59.398161+00:00 flow_cell_id=AWX817 basecall_gpu=NVIDIA_Tegra_X2 protocol_group_id=ONT_trialEb_250925 sample_id=ONT_trail_250925 barcode=barcode14 barcode_alias=barcode14 parent_read_id=1671a612-a39a-41ac-9596-824a516639ea basecall_model_version_id=dna_r10.4.1_e8.2_400bps_hac@v4.3.0 rc
2079	520a18cc-ba1c-4c72-801c-52ced33ae6ba runid=0dfb5b492dc86ce99bf7c61c734eb364afcdb5c8 ch=96 start_time=2025-09-26T01:38:01.398161+00:00 flow_cell_id=AWX817 basecall_gpu=NVIDIA_Tegra_X2 protocol_group_id=ONT_trialEb_250925 sample_id=ONT_trail_250925 barcode=barcode24 barcode_alias=barcode24 parent_read_id=520a18cc-ba1c-4c72-801c-52ced33ae6ba basecall_model_version_id=dna_r10.4.1_e8.2_400bps_hac@v4.3.0 rc
2079	b0bd0e30-e0e0-42ec-a899-19f1e7f1b9e8 runid=0dfb5b492dc86ce99bf7c61c734eb364afcdb5c8 ch=4 start_time=2025-09-25T16:46:43.398161+00:00 flow_cell_id=AWX817 basecall_gpu=NVIDIA_Tegra_X2 protocol_group_id=ONT_trialEb_250925 sample_id=ONT_trail_250925 barcode=barcode13 barcode_alias=barcode13 parent_read_id=b0bd0e30-e0e0-42ec-a899-19f1e7f1b9e8 basecall_model_version_id=dna_r10.4.1_e8.2_400bps_hac@v4.3.0
2079	43cbd464-6056-4ec7-8114-de80c8b8a244 runid=0dfb5b492dc86ce99bf7c61c734eb364afcdb5c8 ch=20 start_time=2025-09-25T19:57:25.398161+00:00 flow_cell_id=AWX817 basecall_gpu=NVIDIA_Tegra_X2 protocol_group_id=ONT_trialEb_250925 sample_id=ONT_trail_250925 barcode=barcode24 barcode_alias=barcode24 parent_read_id=43cbd464-6056-4ec7-8114-de80c8b8a244 basecall_model_version_id=dna_r10.4.1_e8.2_400bps_hac@v4.3.0 rc
2079	78e82f2c-355f-4e4d-85bf-4c2eb9ad6cf4 runid=0dfb5b492dc86ce99bf7c61c734eb364afcdb5c8 ch=43 start_time=2025-09-25T18:54:49.398161+00:00 flow_cell_id=AWX817 basecall_gpu=NVIDIA_Tegra_X2 protocol_group_id=ONT_trialEb_250925 sample_id=ONT_trail_250925 barcode=barcode24 barcode_alias=barcode24 parent_read_id=78e82f2c-355f-4e4d-85bf-4c2eb9ad6cf4 basecall_model_version_id=dna_r10.4.1_e8.2_400bps_hac@v4.3.0 rc
2079	cc3d99f4-4b7e-421f-be67-44bdb028f7ce runid=0dfb5b492dc86ce99bf7c61c734eb364afcdb5c8 ch=43 start_time=2025-09-25T16:37:38.398161+00:00 flow_cell_id=AWX817 basecall_gpu=NVIDIA_Tegra_X2 protocol_group_id=ONT_trialEb_250925 sample_id=ONT_trail_250925 barcode=barcode14 barcode_alias=barcode14 parent_read_id=cc3d99f4-4b7e-421f-be67-44bdb028f7ce basecall_model_version_id=dna_r10.4.1_e8.2_400bps_hac@v4.3.0
2079	022c3726-b787-4187-a2a1-ce5e0859f3fa runid=0dfb5b492dc86ce99bf7c61c734eb364afcdb5c8 ch=56 start_time=2025-09-25T17:01:11.398161+00:00 flow_cell_id=AWX817 basecall_gpu=NVIDIA_Tegra_X2 protocol_group_id=ONT_trialEb_250925 sample_id=ONT_trail_250925 barcode=barcode14 barcode_alias=barcode14 parent_read_id=022c3726-b787-4187-a2a1-ce5e0859f3fa basecall_model_version_id=dna_r10.4.1_e8.2_400bps_hac@v4.3.0 rc
2079	265b8de8-383e-44f0-a4ed-c819a5b4e2f8 runid=0dfb5b492dc86ce99bf7c61c734eb364afcdb5c8 ch=106 start_time=2025-09-25T17:22:44.398161+00:00 flow_cell_id=AWX817 basecall_gpu=NVIDIA_Tegra_X2 protocol_group_id=ONT_trialEb_250925 sample_id=ONT_trail_250925 barcode=barcode13 barcode_alias=barcode13 parent_read_id=265b8de8-383e-44f0-a4ed-c819a5b4e2f8 basecall_model_version_id=dna_r10.4.1_e8.2_400bps_hac@v4.3.0 rc
2079	0e63159c-929e-4288-876b-9b669b9def63 runid=0dfb5b492dc86ce99bf7c61c734eb364afcdb5c8 ch=108 start_time=2025-09-25T18:37:55.398161+00:00 flow_cell_id=AWX817 basecall_gpu=NVIDIA_Tegra_X2 protocol_group_id=ONT_trialEb_250925 sample_id=ONT_trail_250925 barcode=barcode14 barcode_alias=barcode14 parent_read_id=0e63159c-929e-4288-876b-9b669b9def63 basecall_model_version_id=dna_r10.4.1_e8.2_400bps_hac@v4.3.0 rc
2079	9b0735d7-51f8-44bc-a7a0-da42ce962643 runid=0dfb5b492dc86ce99bf7c61c734eb364afcdb5c8 ch=4 start_time=2025-09-26T05:35:40.398161+00:00 flow_cell_id=AWX817 basecall_gpu=NVIDIA_Tegra_X2 protocol_group_id=ONT_trialEb_250925 sample_id=ONT_trail_250925 barcode=barcode14 barcode_alias=barcode14 parent_read_id=9b0735d7-51f8-44bc-a7a0-da42ce962643 basecall_model_version_id=dna_r10.4.1_e8.2_400bps_hac@v4.3.0 rc
2079	623a092a-c88f-452f-81fb-d2152739851e runid=0dfb5b492dc86ce99bf7c61c734eb364afcdb5c8 ch=94 start_time=2025-09-25T17:23:01.398161+00:00 flow_cell_id=AWX817 basecall_gpu=NVIDIA_Tegra_X2 protocol_group_id=ONT_trialEb_250925 sample_id=ONT_trail_250925 barcode=barcode15 barcode_alias=barcode15 parent_read_id=623a092a-c88f-452f-81fb-d2152739851e basecall_model_version_id=dna_r10.4.1_e8.2_400bps_hac@v4.3.0 rc
2079	ae81fd09-0ded-4e89-89d5-528eab5a4195 runid=0dfb5b492dc86ce99bf7c61c734eb364afcdb5c8 ch=85 start_time=2025-09-25T18:33:56.398161+00:00 flow_cell_id=AWX817 basecall_gpu=NVIDIA_Tegra_X2 protocol_group_id=ONT_trialEb_250925 sample_id=ONT_trail_250925 barcode=barcode15 barcode_alias=barcode15 parent_read_id=fd219d80-5b8d-4c59-aded-4f4645fda217 basecall_model_version_id=dna_r10.4.1_e8.2_400bps_hac@v4.3.0 rc
2079	787230aa-9710-4b15-9545-82c7e052fbeb runid=0dfb5b492dc86ce99bf7c61c734eb364afcdb5c8 ch=15 start_time=2025-09-25T18:01:18.398161+00:00 flow_cell_id=AWX817 basecall_gpu=NVIDIA_Tegra_X2 protocol_group_id=ONT_trialEb_250925 sample_id=ONT_trail_250925 barcode=barcode14 barcode_alias=barcode14 parent_read_id=787230aa-9710-4b15-9545-82c7e052fbeb basecall_model_version_id=dna_r10.4.1_e8.2_400bps_hac@v4.3.0 rc
2079	2dffb242-7e4c-4eba-92e2-2711524e6ec0 runid=0dfb5b492dc86ce99bf7c61c734eb364afcdb5c8 ch=110 start_time=2025-09-25T20:35:33.398161+00:00 flow_cell_id=AWX817 basecall_gpu=NVIDIA_Tegra_X2 protocol_group_id=ONT_trialEb_250925 sample_id=ONT_trail_250925 barcode=barcode15 barcode_alias=barcode15 parent_read_id=2dffb242-7e4c-4eba-92e2-2711524e6ec0 basecall_model_version_id=dna_r10.4.1_e8.2_400bps_hac@v4.3.0 rc
2079	420980f8-a99c-4ac0-89ee-d9e15b263cfc runid=0dfb5b492dc86ce99bf7c61c734eb364afcdb5c8 ch=39 start_time=2025-09-26T12:08:33.398161+00:00 flow_cell_id=AWX817 basecall_gpu=NVIDIA_Tegra_X2 protocol_group_id=ONT_trialEb_250925 sample_id=ONT_trail_250925 barcode=barcode14 barcode_alias=barcode14 parent_read_id=420980f8-a99c-4ac0-89ee-d9e15b263cfc basecall_model_version_id=dna_r10.4.1_e8.2_400bps_hac@v4.3.0 rc
2079	0b990ad3-a803-440e-9eb5-14b7be9b4e50 runid=0dfb5b492dc86ce99bf7c61c734eb364afcdb5c8 ch=58 start_time=2025-09-25T21:37:39.398161+00:00 flow_cell_id=AWX817 basecall_gpu=NVIDIA_Tegra_X2 protocol_group_id=ONT_trialEb_250925 sample_id=ONT_trail_250925 barcode=barcode13 barcode_alias=barcode13 parent_read_id=0b990ad3-a803-440e-9eb5-14b7be9b4e50 basecall_model_version_id=dna_r10.4.1_e8.2_400bps_hac@v4.3.0
2079	51f602bd-e0d6-4a92-86d6-a51af7e0b7e2 runid=0dfb5b492dc86ce99bf7c61c734eb364afcdb5c8 ch=4 start_time=2025-09-25T17:31:18.398161+00:00 flow_cell_id=AWX817 basecall_gpu=NVIDIA_Tegra_X2 protocol_group_id=ONT_trialEb_250925 sample_id=ONT_trail_250925 barcode=barcode13 barcode_alias=barcode13 parent_read_id=51f602bd-e0d6-4a92-86d6-a51af7e0b7e2 basecall_model_version_id=dna_r10.4.1_e8.2_400bps_hac@v4.3.0 rc
2079	5c2024b8-62ce-467e-b658-6605976d5d0a runid=0dfb5b492dc86ce99bf7c61c734eb364afcdb5c8 ch=39 start_time=2025-09-25T21:24:45.398161+00:00 flow_cell_id=AWX817 basecall_gpu=NVIDIA_Tegra_X2 protocol_group_id=ONT_trialEb_250925 sample_id=ONT_trail_250925 barcode=barcode14 barcode_alias=barcode14 parent_read_id=5c2024b8-62ce-467e-b658-6605976d5d0a basecall_model_version_id=dna_r10.4.1_e8.2_400bps_hac@v4.3.0
2079	37c065b0-9092-4808-b98f-60a6a2ddeeb3 runid=0dfb5b492dc86ce99bf7c61c734eb364afcdb5c8 ch=79 start_time=2025-09-25T16:47:03.398161+00:00 flow_cell_id=AWX817 basecall_gpu=NVIDIA_Tegra_X2 protocol_group_id=ONT_trialEb_250925 sample_id=ONT_trail_250925 barcode=barcode14 barcode_alias=barcode14 parent_read_id=37c065b0-9092-4808-b98f-60a6a2ddeeb3 basecall_model_version_id=dna_r10.4.1_e8.2_400bps_hac@v4.3.0
2079	10a75769-61e0-47d4-8b2f-a9f7a692f0ec runid=0dfb5b492dc86ce99bf7c61c734eb364afcdb5c8 ch=4 start_time=2025-09-25T19:24:40.398161+00:00 flow_cell_id=AWX817 basecall_gpu=NVIDIA_Tegra_X2 protocol_group_id=ONT_trialEb_250925 sample_id=ONT_trail_250925 barcode=barcode14 barcode_alias=barcode14 parent_read_id=10a75769-61e0-47d4-8b2f-a9f7a692f0ec basecall_model_version_id=dna_r10.4.1_e8.2_400bps_hac@v4.3.0
2079	3dc07d96-f092-4292-b9ab-c5e1d25b67d2 runid=0dfb5b492dc86ce99bf7c61c734eb364afcdb5c8 ch=6 start_time=2025-09-25T16:43:08.398161+00:00 flow_cell_id=AWX817 basecall_gpu=NVIDIA_Tegra_X2 protocol_group_id=ONT_trialEb_250925 sample_id=ONT_trail_250925 barcode=barcode24 barcode_alias=barcode24 parent_read_id=3dc07d96-f092-4292-b9ab-c5e1d25b67d2 basecall_model_version_id=dna_r10.4.1_e8.2_400bps_hac@v4.3.0 rc
2079	cd9395f0-a49f-4cd5-88e1-6e41960b1a8c runid=0dfb5b492dc86ce99bf7c61c734eb364afcdb5c8 ch=20 start_time=2025-09-26T09:32:45.398161+00:00 flow_cell_id=AWX817 basecall_gpu=NVIDIA_Tegra_X2 protocol_group_id=ONT_trialEb_250925 sample_id=ONT_trail_250925 barcode=barcode13 barcode_alias=barcode13 parent_read_id=cd9395f0-a49f-4cd5-88e1-6e41960b1a8c basecall_model_version_id=dna_r10.4.1_e8.2_400bps_hac@v4.3.0 rc
2079	987a6cab-e51a-40c1-b0ed-5909769f7e9c runid=0dfb5b492dc86ce99bf7c61c734eb364afcdb5c8 ch=4 start_time=2025-09-26T07:57:25.398161+00:00 flow_cell_id=AWX817 basecall_gpu=NVIDIA_Tegra_X2 protocol_group_id=ONT_trialEb_250925 sample_id=ONT_trail_250925 barcode=barcode14 barcode_alias=barcode14 parent_read_id=987a6cab-e51a-40c1-b0ed-5909769f7e9c basecall_model_version_id=dna_r10.4.1_e8.2_400bps_hac@v4.3.0 rc
2079	ceba088e-f970-4666-a0fa-8dc994a308c3 runid=0dfb5b492dc86ce99bf7c61c734eb364afcdb5c8 ch=110 start_time=2025-09-25T15:55:16.398161+00:00 flow_cell_id=AWX817 basecall_gpu=NVIDIA_Tegra_X2 protocol_group_id=ONT_trialEb_250925 sample_id=ONT_trail_250925 barcode=barcode24 barcode_alias=barcode24 parent_read_id=ceba088e-f970-4666-a0fa-8dc994a308c3 basecall_model_version_id=dna_r10.4.1_e8.2_400bps_hac@v4.3.0
2079	1c8e1de8-32c6-4f13-9036-a90bdd409f5d runid=0dfb5b492dc86ce99bf7c61c734eb364afcdb5c8 ch=57 start_time=2025-09-25T17:37:24.398161+00:00 flow_cell_id=AWX817 basecall_gpu=NVIDIA_Tegra_X2 protocol_group_id=ONT_trialEb_250925 sample_id=ONT_trail_250925 barcode=barcode13 barcode_alias=barcode13 parent_read_id=1c8e1de8-32c6-4f13-9036-a90bdd409f5d basecall_model_version_id=dna_r10.4.1_e8.2_400bps_hac@v4.3.0 rc
2079	b606b241-d925-4a41-95ba-518a31729691 runid=0dfb5b492dc86ce99bf7c61c734eb364afcdb5c8 ch=4 start_time=2025-09-26T06:46:26.398161+00:00 flow_cell_id=AWX817 basecall_gpu=NVIDIA_Tegra_X2 protocol_group_id=ONT_trialEb_250925 sample_id=ONT_trail_250925 barcode=barcode13 barcode_alias=barcode13 parent_read_id=b606b241-d925-4a41-95ba-518a31729691 basecall_model_version_id=dna_r10.4.1_e8.2_400bps_hac@v4.3.0
2079	a9ac1c0f-e535-428a-ac96-cdf5a7790893 runid=0dfb5b492dc86ce99bf7c61c734eb364afcdb5c8 ch=43 start_time=2025-09-25T18:41:29.398161+00:00 flow_cell_id=AWX817 basecall_gpu=NVIDIA_Tegra_X2 protocol_group_id=ONT_trialEb_250925 sample_id=ONT_trail_250925 barcode=barcode13 barcode_alias=barcode13 parent_read_id=a9ac1c0f-e535-428a-ac96-cdf5a7790893 basecall_model_version_id=dna_r10.4.1_e8.2_400bps_hac@v4.3.0 rc
2079	774a9d09-88da-4ef4-ae7f-c477654802a1 runid=0dfb5b492dc86ce99bf7c61c734eb364afcdb5c8 ch=44 start_time=2025-09-26T00:43:26.398161+00:00 flow_cell_id=AWX817 basecall_gpu=NVIDIA_Tegra_X2 protocol_group_id=ONT_trialEb_250925 sample_id=ONT_trail_250925 barcode=barcode14 barcode_alias=barcode14 parent_read_id=774a9d09-88da-4ef4-ae7f-c477654802a1 basecall_model_version_id=dna_r10.4.1_e8.2_400bps_hac@v4.3.0
2079	d604a609-5679-46d9-adbd-1513fff79ee3 runid=0dfb5b492dc86ce99bf7c61c734eb364afcdb5c8 ch=41 start_time=2025-09-25T20:48:33.398161+00:00 flow_cell_id=AWX817 basecall_gpu=NVIDIA_Tegra_X2 protocol_group_id=ONT_trialEb_250925 sample_id=ONT_trail_250925 barcode=barcode13 barcode_alias=barcode13 parent_read_id=d604a609-5679-46d9-adbd-1513fff79ee3 basecall_model_version_id=dna_r10.4.1_e8.2_400bps_hac@v4.3.0 rc
2079	4917d621-e9b4-47f9-8b37-1bee58862e8e runid=0dfb5b492dc86ce99bf7c61c734eb364afcdb5c8 ch=106 start_time=2025-09-25T21:08:23.398161+00:00 flow_cell_id=AWX817 basecall_gpu=NVIDIA_Tegra_X2 protocol_group_id=ONT_trialEb_250925 sample_id=ONT_trail_250925 barcode=barcode15 barcode_alias=barcode15 parent_read_id=4917d621-e9b4-47f9-8b37-1bee58862e8e basecall_model_version_id=dna_r10.4.1_e8.2_400bps_hac@v4.3.0 rc
2079	2788696f-295c-453b-a1ea-92373654a62e runid=0dfb5b492dc86ce99bf7c61c734eb364afcdb5c8 ch=43 start_time=2025-09-25T20:11:18.398161+00:00 flow_cell_id=AWX817 basecall_gpu=NVIDIA_Tegra_X2 protocol_group_id=ONT_trialEb_250925 sample_id=ONT_trail_250925 barcode=barcode14 barcode_alias=barcode14 parent_read_id=2788696f-295c-453b-a1ea-92373654a62e basecall_model_version_id=dna_r10.4.1_e8.2_400bps_hac@v4.3.0 rc
2079	2788696f-295c-453b-a1ea-92373654a62e runid=0dfb5b492dc86ce99bf7c61c734eb364afcdb5c8 ch=43 start_time=2025-09-25T20:11:18.398161+00:00 flow_cell_id=AWX817 basecall_gpu=NVIDIA_Tegra_X2 protocol_group_id=ONT_trialEb_250925 sample_id=ONT_trail_250925 barcode=barcode14 barcode_alias=barcode14 parent_read_id=2788696f-295c-453b-a1ea-92373654a62e basecall_model_version_id=dna_r10.4.1_e8.2_400bps_hac@v4.3.0 rc
2079	d7c129f3-8344-4789-9053-3863ac044daf runid=0dfb5b492dc86ce99bf7c61c734eb364afcdb5c8 ch=20 start_time=2025-09-26T07:05:07.398161+00:00 flow_cell_id=AWX817 basecall_gpu=NVIDIA_Tegra_X2 protocol_group_id=ONT_trialEb_250925 sample_id=ONT_trail_250925 barcode=barcode15 barcode_alias=barcode15 parent_read_id=d7c129f3-8344-4789-9053-3863ac044daf basecall_model_version_id=dna_r10.4.1_e8.2_400bps_hac@v4.3.0 rc
2079	51f124c0-eebe-4b59-ab38-b6a4964ae94e runid=0dfb5b492dc86ce99bf7c61c734eb364afcdb5c8 ch=44 start_time=2025-09-25T22:34:34.398161+00:00 flow_cell_id=AWX817 basecall_gpu=NVIDIA_Tegra_X2 protocol_group_id=ONT_trialEb_250925 sample_id=ONT_trail_250925 barcode=barcode24 barcode_alias=barcode24 parent_read_id=51f124c0-eebe-4b59-ab38-b6a4964ae94e basecall_model_version_id=dna_r10.4.1_e8.2_400bps_hac@v4.3.0 rc
2079	be01fc34-9b55-4f69-b4ce-3d6088db6058 runid=0dfb5b492dc86ce99bf7c61c734eb364afcdb5c8 ch=77 start_time=2025-09-25T21:35:12.398161+00:00 flow_cell_id=AWX817 basecall_gpu=NVIDIA_Tegra_X2 protocol_group_id=ONT_trialEb_250925 sample_id=ONT_trail_250925 barcode=barcode13 barcode_alias=barcode13 parent_read_id=be01fc34-9b55-4f69-b4ce-3d6088db6058 basecall_model_version_id=dna_r10.4.1_e8.2_400bps_hac@v4.3.0 rc
2079	9aa07727-89b8-4365-8bf9-e4ed16618d41 runid=0dfb5b492dc86ce99bf7c61c734eb364afcdb5c8 ch=44 start_time=2025-09-25T16:29:57.398161+00:00 flow_cell_id=AWX817 basecall_gpu=NVIDIA_Tegra_X2 protocol_group_id=ONT_trialEb_250925 sample_id=ONT_trail_250925 barcode=barcode15 barcode_alias=barcode15 parent_read_id=9aa07727-89b8-4365-8bf9-e4ed16618d41 basecall_model_version_id=dna_r10.4.1_e8.2_400bps_hac@v4.3.0 rc
2079	882a1b22-33c0-4b7a-aece-d7593012ba27 runid=0dfb5b492dc86ce99bf7c61c734eb364afcdb5c8 ch=100 start_time=2025-09-25T22:32:28.398161+00:00 flow_cell_id=AWX817 basecall_gpu=NVIDIA_Tegra_X2 protocol_group_id=ONT_trialEb_250925 sample_id=ONT_trail_250925 barcode=barcode24 barcode_alias=barcode24 parent_read_id=882a1b22-33c0-4b7a-aece-d7593012ba27 basecall_model_version_id=dna_r10.4.1_e8.2_400bps_hac@v4.3.0 rc
2079	16ef14ae-faf5-4f29-a908-0591f1e160df runid=0dfb5b492dc86ce99bf7c61c734eb364afcdb5c8 ch=39 start_time=2025-09-26T09:01:33.398161+00:00 flow_cell_id=AWX817 basecall_gpu=NVIDIA_Tegra_X2 protocol_group_id=ONT_trialEb_250925 sample_id=ONT_trail_250925 barcode=barcode13 barcode_alias=barcode13 parent_read_id=16ef14ae-faf5-4f29-a908-0591f1e160df basecall_model_version_id=dna_r10.4.1_e8.2_400bps_hac@v4.3.0 rc
2079	f224138e-4d27-47e4-81c7-d0c66997d976 runid=0dfb5b492dc86ce99bf7c61c734eb364afcdb5c8 ch=4 start_time=2025-09-25T21:07:19.398161+00:00 flow_cell_id=AWX817 basecall_gpu=NVIDIA_Tegra_X2 protocol_group_id=ONT_trialEb_250925 sample_id=ONT_trail_250925 barcode=barcode14 barcode_alias=barcode14 parent_read_id=f224138e-4d27-47e4-81c7-d0c66997d976 basecall_model_version_id=dna_r10.4.1_e8.2_400bps_hac@v4.3.0 rc
2079	52b83e55-da73-47b5-a1c0-c502538540ff runid=0dfb5b492dc86ce99bf7c61c734eb364afcdb5c8 ch=57 start_time=2025-09-25T17:43:41.398161+00:00 flow_cell_id=AWX817 basecall_gpu=NVIDIA_Tegra_X2 protocol_group_id=ONT_trialEb_250925 sample_id=ONT_trail_250925 barcode=barcode24 barcode_alias=barcode24 parent_read_id=52b83e55-da73-47b5-a1c0-c502538540ff basecall_model_version_id=dna_r10.4.1_e8.2_400bps_hac@v4.3.0 rc
2079	031e5a8a-a05f-456b-b3e1-8a90ad3d517a runid=0dfb5b492dc86ce99bf7c61c734eb364afcdb5c8 ch=4 start_time=2025-09-26T00:34:02.398161+00:00 flow_cell_id=AWX817 basecall_gpu=NVIDIA_Tegra_X2 protocol_group_id=ONT_trialEb_250925 sample_id=ONT_trail_250925 barcode=barcode13 barcode_alias=barcode13 parent_read_id=031e5a8a-a05f-456b-b3e1-8a90ad3d517a basecall_model_version_id=dna_r10.4.1_e8.2_400bps_hac@v4.3.0 rc
2079	74c91b9d-15d0-4e2c-9e55-7be34ec6c49a runid=0dfb5b492dc86ce99bf7c61c734eb364afcdb5c8 ch=80 start_time=2025-09-25T17:52:47.398161+00:00 flow_cell_id=AWX817 basecall_gpu=NVIDIA_Tegra_X2 protocol_group_id=ONT_trialEb_250925 sample_id=ONT_trail_250925 barcode=barcode14 barcode_alias=barcode14 parent_read_id=74c91b9d-15d0-4e2c-9e55-7be34ec6c49a basecall_model_version_id=dna_r10.4.1_e8.2_400bps_hac@v4.3.0 rc
2079	747f1b3a-4175-4900-9986-92c87481e9ab runid=0dfb5b492dc86ce99bf7c61c734eb364afcdb5c8 ch=20 start_time=2025-09-25T17:21:28.398161+00:00 flow_cell_id=AWX817 basecall_gpu=NVIDIA_Tegra_X2 protocol_group_id=ONT_trialEb_250925 sample_id=ONT_trail_250925 barcode=barcode13 barcode_alias=barcode13 parent_read_id=747f1b3a-4175-4900-9986-92c87481e9ab basecall_model_version_id=dna_r10.4.1_e8.2_400bps_hac@v4.3.0 rc
2079	050bb5b8-3615-4fda-9d1d-3f65013883fc runid=0dfb5b492dc86ce99bf7c61c734eb364afcdb5c8 ch=40 start_time=2025-09-25T19:18:09.398161+00:00 flow_cell_id=AWX817 basecall_gpu=NVIDIA_Tegra_X2 protocol_group_id=ONT_trialEb_250925 sample_id=ONT_trail_250925 barcode=barcode24 barcode_alias=barcode24 parent_read_id=050bb5b8-3615-4fda-9d1d-3f65013883fc basecall_model_version_id=dna_r10.4.1_e8.2_400bps_hac@v4.3.0
2079	7ca204f9-3c4e-45f0-b1b3-8db4385cb094 runid=0dfb5b492dc86ce99bf7c61c734eb364afcdb5c8 ch=85 start_time=2025-09-25T21:00:17.398161+00:00 flow_cell_id=AWX817 basecall_gpu=NVIDIA_Tegra_X2 protocol_group_id=ONT_trialEb_250925 sample_id=ONT_trail_250925 barcode=barcode15 barcode_alias=barcode15 parent_read_id=7ca204f9-3c4e-45f0-b1b3-8db4385cb094 basecall_model_version_id=dna_r10.4.1_e8.2_400bps_hac@v4.3.0 rc
2079	1ce07cc5-8397-4c31-8067-e6c543426465 runid=0dfb5b492dc86ce99bf7c61c734eb364afcdb5c8 ch=39 start_time=2025-09-26T01:45:14.398161+00:00 flow_cell_id=AWX817 basecall_gpu=NVIDIA_Tegra_X2 protocol_group_id=ONT_trialEb_250925 sample_id=ONT_trail_250925 barcode=barcode15 barcode_alias=barcode15 parent_read_id=1ce07cc5-8397-4c31-8067-e6c543426465 basecall_model_version_id=dna_r10.4.1_e8.2_400bps_hac@v4.3.0 rc
2079	ccb25b93-91d9-4e1c-b266-cf4c0104efeb runid=0dfb5b492dc86ce99bf7c61c734eb364afcdb5c8 ch=44 start_time=2025-09-26T03:26:09.398161+00:00 flow_cell_id=AWX817 basecall_gpu=NVIDIA_Tegra_X2 protocol_group_id=ONT_trialEb_250925 sample_id=ONT_trail_250925 barcode=barcode14 barcode_alias=barcode14 parent_read_id=ccb25b93-91d9-4e1c-b266-cf4c0104efeb basecall_model_version_id=dna_r10.4.1_e8.2_400bps_hac@v4.3.0 rc
2079	6edcc5db-03cb-44ea-a401-1805979d3b0a runid=0dfb5b492dc86ce99bf7c61c734eb364afcdb5c8 ch=4 start_time=2025-09-25T21:07:44.398161+00:00 flow_cell_id=AWX817 basecall_gpu=NVIDIA_Tegra_X2 protocol_group_id=ONT_trialEb_250925 sample_id=ONT_trail_250925 barcode=barcode24 barcode_alias=barcode24 parent_read_id=6edcc5db-03cb-44ea-a401-1805979d3b0a basecall_model_version_id=dna_r10.4.1_e8.2_400bps_hac@v4.3.0
2079	d682cb7b-2499-4d30-affb-0304bf956fcf runid=0dfb5b492dc86ce99bf7c61c734eb364afcdb5c8 ch=80 start_time=2025-09-25T20:27:21.398161+00:00 flow_cell_id=AWX817 basecall_gpu=NVIDIA_Tegra_X2 protocol_group_id=ONT_trialEb_250925 sample_id=ONT_trail_250925 barcode=barcode24 barcode_alias=barcode24 parent_read_id=d682cb7b-2499-4d30-affb-0304bf956fcf basecall_model_version_id=dna_r10.4.1_e8.2_400bps_hac@v4.3.0 rc
2079	a8611010-3d4e-4220-a5a3-3351be5e6e8d runid=0dfb5b492dc86ce99bf7c61c734eb364afcdb5c8 ch=80 start_time=2025-09-25T20:40:48.398161+00:00 flow_cell_id=AWX817 basecall_gpu=NVIDIA_Tegra_X2 protocol_group_id=ONT_trialEb_250925 sample_id=ONT_trail_250925 barcode=barcode14 barcode_alias=barcode14 parent_read_id=cbb75808-11a5-4b3d-8691-2baf46f7e2f9 basecall_model_version_id=dna_r10.4.1_e8.2_400bps_hac@v4.3.0 rc
2079	4b160c91-6b9b-48ba-bf87-ad172b95548b runid=0dfb5b492dc86ce99bf7c61c734eb364afcdb5c8 ch=91 start_time=2025-09-25T18:31:59.398161+00:00 flow_cell_id=AWX817 basecall_gpu=NVIDIA_Tegra_X2 protocol_group_id=ONT_trialEb_250925 sample_id=ONT_trail_250925 barcode=barcode14 barcode_alias=barcode14 parent_read_id=4b160c91-6b9b-48ba-bf87-ad172b95548b basecall_model_version_id=dna_r10.4.1_e8.2_400bps_hac@v4.3.0 rc
2079	29899fed-7b9f-4af1-af5d-bbf359a56c10 runid=0dfb5b492dc86ce99bf7c61c734eb364afcdb5c8 ch=4 start_time=2025-09-26T06:40:23.398161+00:00 flow_cell_id=AWX817 basecall_gpu=NVIDIA_Tegra_X2 protocol_group_id=ONT_trialEb_250925 sample_id=ONT_trail_250925 barcode=barcode24 barcode_alias=barcode24 parent_read_id=29899fed-7b9f-4af1-af5d-bbf359a56c10 basecall_model_version_id=dna_r10.4.1_e8.2_400bps_hac@v4.3.0 rc
2079	3ee944f1-8251-4b5b-a1f7-9824dfbfaca1 runid=0dfb5b492dc86ce99bf7c61c734eb364afcdb5c8 ch=57 start_time=2025-09-25T18:12:35.398161+00:00 flow_cell_id=AWX817 basecall_gpu=NVIDIA_Tegra_X2 protocol_group_id=ONT_trialEb_250925 sample_id=ONT_trail_250925 barcode=barcode24 barcode_alias=barcode24 parent_read_id=3ee944f1-8251-4b5b-a1f7-9824dfbfaca1 basecall_model_version_id=dna_r10.4.1_e8.2_400bps_hac@v4.3.0
2079	9cdece2a-e358-471f-80db-e8b0208ce2e3 runid=0dfb5b492dc86ce99bf7c61c734eb364afcdb5c8 ch=39 start_time=2025-09-25T20:20:14.398161+00:00 flow_cell_id=AWX817 basecall_gpu=NVIDIA_Tegra_X2 protocol_group_id=ONT_trialEb_250925 sample_id=ONT_trail_250925 barcode=barcode24 barcode_alias=barcode24 parent_read_id=9cdece2a-e358-471f-80db-e8b0208ce2e3 basecall_model_version_id=dna_r10.4.1_e8.2_400bps_hac@v4.3.0 rc
2079	156d83dc-c056-4f58-8cdf-d1cda26d16a7 runid=0dfb5b492dc86ce99bf7c61c734eb364afcdb5c8 ch=29 start_time=2025-09-26T10:45:25.398161+00:00 flow_cell_id=AWX817 basecall_gpu=NVIDIA_Tegra_X2 protocol_group_id=ONT_trialEb_250925 sample_id=ONT_trail_250925 barcode=barcode13 barcode_alias=barcode13 parent_read_id=156d83dc-c056-4f58-8cdf-d1cda26d16a7 basecall_model_version_id=dna_r10.4.1_e8.2_400bps_hac@v4.3.0
2079	dd21ae56-bfb1-4ada-a468-c6c2897eb623 runid=0dfb5b492dc86ce99bf7c61c734eb364afcdb5c8 ch=41 start_time=2025-09-26T01:15:49.398161+00:00 flow_cell_id=AWX817 basecall_gpu=NVIDIA_Tegra_X2 protocol_group_id=ONT_trialEb_250925 sample_id=ONT_trail_250925 barcode=barcode14 barcode_alias=barcode14 parent_read_id=dd21ae56-bfb1-4ada-a468-c6c2897eb623 basecall_model_version_id=dna_r10.4.1_e8.2_400bps_hac@v4.3.0 rc
2079	5dc53f02-293a-4e6a-843e-32a915f246d7 runid=0dfb5b492dc86ce99bf7c61c734eb364afcdb5c8 ch=44 start_time=2025-09-25T20:49:26.398161+00:00 flow_cell_id=AWX817 basecall_gpu=NVIDIA_Tegra_X2 protocol_group_id=ONT_trialEb_250925 sample_id=ONT_trail_250925 barcode=barcode13 barcode_alias=barcode13 parent_read_id=5dc53f02-293a-4e6a-843e-32a915f246d7 basecall_model_version_id=dna_r10.4.1_e8.2_400bps_hac@v4.3.0
2079	6c525e99-30c6-45c4-b752-e17512035b42 runid=0dfb5b492dc86ce99bf7c61c734eb364afcdb5c8 ch=80 start_time=2025-09-25T21:40:19.398161+00:00 flow_cell_id=AWX817 basecall_gpu=NVIDIA_Tegra_X2 protocol_group_id=ONT_trialEb_250925 sample_id=ONT_trail_250925 barcode=barcode24 barcode_alias=barcode24 parent_read_id=6c525e99-30c6-45c4-b752-e17512035b42 basecall_model_version_id=dna_r10.4.1_e8.2_400bps_hac@v4.3.0
2079	722fc564-9002-41e9-97c4-e1d25b28f171 runid=0dfb5b492dc86ce99bf7c61c734eb364afcdb5c8 ch=6 start_time=2025-09-25T17:46:56.398161+00:00 flow_cell_id=AWX817 basecall_gpu=NVIDIA_Tegra_X2 protocol_group_id=ONT_trialEb_250925 sample_id=ONT_trail_250925 barcode=barcode24 barcode_alias=barcode24 parent_read_id=722fc564-9002-41e9-97c4-e1d25b28f171 basecall_model_version_id=dna_r10.4.1_e8.2_400bps_hac@v4.3.0
2079	eb95d4e1-cdeb-43d5-87a0-505e8a26d878 runid=0dfb5b492dc86ce99bf7c61c734eb364afcdb5c8 ch=79 start_time=2025-09-25T17:27:31.398161+00:00 flow_cell_id=AWX817 basecall_gpu=NVIDIA_Tegra_X2 protocol_group_id=ONT_trialEb_250925 sample_id=ONT_trail_250925 barcode=barcode14 barcode_alias=barcode14 parent_read_id=eb95d4e1-cdeb-43d5-87a0-505e8a26d878 basecall_model_version_id=dna_r10.4.1_e8.2_400bps_hac@v4.3.0 rc
2079	eb95d4e1-cdeb-43d5-87a0-505e8a26d878 runid=0dfb5b492dc86ce99bf7c61c734eb364afcdb5c8 ch=79 start_time=2025-09-25T17:27:31.398161+00:00 flow_cell_id=AWX817 basecall_gpu=NVIDIA_Tegra_X2 protocol_group_id=ONT_trialEb_250925 sample_id=ONT_trail_250925 barcode=barcode14 barcode_alias=barcode14 parent_read_id=eb95d4e1-cdeb-43d5-87a0-505e8a26d878 basecall_model_version_id=dna_r10.4.1_e8.2_400bps_hac@v4.3.0 rc
2079	b8057ddd-7817-40f4-ab50-fa7bed41eab4 runid=0dfb5b492dc86ce99bf7c61c734eb364afcdb5c8 ch=20 start_time=2025-09-25T21:07:12.398161+00:00 flow_cell_id=AWX817 basecall_gpu=NVIDIA_Tegra_X2 protocol_group_id=ONT_trialEb_250925 sample_id=ONT_trail_250925 barcode=barcode24 barcode_alias=barcode24 parent_read_id=b8057ddd-7817-40f4-ab50-fa7bed41eab4 basecall_model_version_id=dna_r10.4.1_e8.2_400bps_hac@v4.3.0 rc
2079	0f00ae28-b79f-46db-9776-e2fb12325946 runid=0dfb5b492dc86ce99bf7c61c734eb364afcdb5c8 ch=20 start_time=2025-09-25T16:49:28.398161+00:00 flow_cell_id=AWX817 basecall_gpu=NVIDIA_Tegra_X2 protocol_group_id=ONT_trialEb_250925 sample_id=ONT_trail_250925 barcode=barcode13 barcode_alias=barcode13 parent_read_id=0f00ae28-b79f-46db-9776-e2fb12325946 basecall_model_version_id=dna_r10.4.1_e8.2_400bps_hac@v4.3.0 rc
2079	6653530e-1aea-42d8-bd3e-78a2835acbae runid=0dfb5b492dc86ce99bf7c61c734eb364afcdb5c8 ch=41 start_time=2025-09-26T02:39:08.398161+00:00 flow_cell_id=AWX817 basecall_gpu=NVIDIA_Tegra_X2 protocol_group_id=ONT_trialEb_250925 sample_id=ONT_trail_250925 barcode=barcode14 barcode_alias=barcode14 parent_read_id=6653530e-1aea-42d8-bd3e-78a2835acbae basecall_model_version_id=dna_r10.4.1_e8.2_400bps_hac@v4.3.0 rc
2079	839c7418-80fd-4ad5-8bf2-94c51f155867 runid=0dfb5b492dc86ce99bf7c61c734eb364afcdb5c8 ch=80 start_time=2025-09-25T17:53:18.398161+00:00 flow_cell_id=AWX817 basecall_gpu=NVIDIA_Tegra_X2 protocol_group_id=ONT_trialEb_250925 sample_id=ONT_trail_250925 barcode=barcode13 barcode_alias=barcode13 parent_read_id=839c7418-80fd-4ad5-8bf2-94c51f155867 basecall_model_version_id=dna_r10.4.1_e8.2_400bps_hac@v4.3.0
3727	694647aa-2ba7-427a-81aa-4cec21e0f25e runid=0dfb5b492dc86ce99bf7c61c734eb364afcdb5c8 ch=20 start_time=2025-09-25T22:23:05.398161+00:00 flow_cell_id=AWX817 basecall_gpu=NVIDIA_Tegra_X2 protocol_group_id=ONT_trialEb_250925 sample_id=ONT_trail_250925 barcode=barcode14 barcode_alias=barcode14 parent_read_id=694647aa-2ba7-427a-81aa-4cec21e0f25e basecall_model_version_id=dna_r10.4.1_e8.2_400bps_hac@v4.3.0
3727	fc495325-2d5d-425d-b62d-e813d446ccf7 runid=0dfb5b492dc86ce99bf7c61c734eb364afcdb5c8 ch=93 start_time=2025-09-25T17:42:20.398161+00:00 flow_cell_id=AWX817 basecall_gpu=NVIDIA_Tegra_X2 protocol_group_id=ONT_trialEb_250925 sample_id=ONT_trail_250925 barcode=barcode24 barcode_alias=barcode24 parent_read_id=fc495325-2d5d-425d-b62d-e813d446ccf7 basecall_model_version_id=dna_r10.4.1_e8.2_400bps_hac@v4.3.0
3727	781ba77b-eaae-429c-8540-43cf48ae375b runid=0dfb5b492dc86ce99bf7c61c734eb364afcdb5c8 ch=110 start_time=2025-09-25T19:24:42.398161+00:00 flow_cell_id=AWX817 basecall_gpu=NVIDIA_Tegra_X2 protocol_group_id=ONT_trialEb_250925 sample_id=ONT_trail_250925 barcode=barcode14 barcode_alias=barcode14 parent_read_id=781ba77b-eaae-429c-8540-43cf48ae375b basecall_model_version_id=dna_r10.4.1_e8.2_400bps_hac@v4.3.0
3727	e29346d9-c709-4309-ac05-9c4a3d453cbc runid=0dfb5b492dc86ce99bf7c61c734eb364afcdb5c8 ch=4 start_time=2025-09-25T18:47:43.398161+00:00 flow_cell_id=AWX817 basecall_gpu=NVIDIA_Tegra_X2 protocol_group_id=ONT_trialEb_250925 sample_id=ONT_trail_250925 barcode=barcode15 barcode_alias=barcode15 parent_read_id=70cd04ea-18e3-49a4-8229-ff8819f4f4a8 basecall_model_version_id=dna_r10.4.1_e8.2_400bps_hac@v4.3.0 rc
3727	8a8cad0e-1f7f-44fc-bcb4-6238cadb4eda runid=0dfb5b492dc86ce99bf7c61c734eb364afcdb5c8 ch=4 start_time=2025-09-26T07:19:58.398161+00:00 flow_cell_id=AWX817 basecall_gpu=NVIDIA_Tegra_X2 protocol_group_id=ONT_trialEb_250925 sample_id=ONT_trail_250925 barcode=barcode14 barcode_alias=barcode14 parent_read_id=8a8cad0e-1f7f-44fc-bcb4-6238cadb4eda basecall_model_version_id=dna_r10.4.1_e8.2_400bps_hac@v4.3.0 rc
3727	811bc315-39a2-400f-ab59-680f429d5e78 runid=0dfb5b492dc86ce99bf7c61c734eb364afcdb5c8 ch=43 start_time=2025-09-25T19:27:03.398161+00:00 flow_cell_id=AWX817 basecall_gpu=NVIDIA_Tegra_X2 protocol_group_id=ONT_trialEb_250925 sample_id=ONT_trail_250925 barcode=barcode15 barcode_alias=barcode15 parent_read_id=3e4fe523-db72-4942-b2ea-2a425cefc09b basecall_model_version_id=dna_r10.4.1_e8.2_400bps_hac@v4.3.0
3727	0067996c-d728-477f-bac2-c86a08c432df runid=0dfb5b492dc86ce99bf7c61c734eb364afcdb5c8 ch=106 start_time=2025-09-25T20:42:36.398161+00:00 flow_cell_id=AWX817 basecall_gpu=NVIDIA_Tegra_X2 protocol_group_id=ONT_trialEb_250925 sample_id=ONT_trail_250925 barcode=barcode13 barcode_alias=barcode13 parent_read_id=0067996c-d728-477f-bac2-c86a08c432df basecall_model_version_id=dna_r10.4.1_e8.2_400bps_hac@v4.3.0 rc
3727	39b42659-955d-4fe7-82e7-b014fac2c07a runid=0dfb5b492dc86ce99bf7c61c734eb364afcdb5c8 ch=41 start_time=2025-09-26T01:01:41.398161+00:00 flow_cell_id=AWX817 basecall_gpu=NVIDIA_Tegra_X2 protocol_group_id=ONT_trialEb_250925 sample_id=ONT_trail_250925 barcode=barcode24 barcode_alias=barcode24 parent_read_id=39b42659-955d-4fe7-82e7-b014fac2c07a basecall_model_version_id=dna_r10.4.1_e8.2_400bps_hac@v4.3.0 rc
3727	7458b8dd-8505-4c66-9b19-71aca23b4c65 runid=0dfb5b492dc86ce99bf7c61c734eb364afcdb5c8 ch=58 start_time=2025-09-25T17:59:01.398161+00:00 flow_cell_id=AWX817 basecall_gpu=NVIDIA_Tegra_X2 protocol_group_id=ONT_trialEb_250925 sample_id=ONT_trail_250925 barcode=barcode14 barcode_alias=barcode14 parent_read_id=7458b8dd-8505-4c66-9b19-71aca23b4c65 basecall_model_version_id=dna_r10.4.1_e8.2_400bps_hac@v4.3.0 rc
3727	d2f3f21c-0d06-4dcd-bc65-6772a5dd8688 runid=0dfb5b492dc86ce99bf7c61c734eb364afcdb5c8 ch=4 start_time=2025-09-25T22:02:19.398161+00:00 flow_cell_id=AWX817 basecall_gpu=NVIDIA_Tegra_X2 protocol_group_id=ONT_trialEb_250925 sample_id=ONT_trail_250925 barcode=barcode14 barcode_alias=barcode14 parent_read_id=d2f3f21c-0d06-4dcd-bc65-6772a5dd8688 basecall_model_version_id=dna_r10.4.1_e8.2_400bps_hac@v4.3.0 rc
3727	37ea31fa-b33b-477e-a8d5-405cd5d8216a runid=0dfb5b492dc86ce99bf7c61c734eb364afcdb5c8 ch=4 start_time=2025-09-25T18:03:10.398161+00:00 flow_cell_id=AWX817 basecall_gpu=NVIDIA_Tegra_X2 protocol_group_id=ONT_trialEb_250925 sample_id=ONT_trail_250925 barcode=barcode15 barcode_alias=barcode15 parent_read_id=0835f15f-ef83-4638-8943-9d30a31ce0b7 basecall_model_version_id=dna_r10.4.1_e8.2_400bps_hac@v4.3.0 rc
3727	25742060-0b6b-4ae4-b4ff-addca4137761 runid=0dfb5b492dc86ce99bf7c61c734eb364afcdb5c8 ch=40 start_time=2025-09-25T18:05:57.398161+00:00 flow_cell_id=AWX817 basecall_gpu=NVIDIA_Tegra_X2 protocol_group_id=ONT_trialEb_250925 sample_id=ONT_trail_250925 barcode=barcode14 barcode_alias=barcode14 parent_read_id=25742060-0b6b-4ae4-b4ff-addca4137761 basecall_model_version_id=dna_r10.4.1_e8.2_400bps_hac@v4.3.0
3727	f1042505-d129-4ba7-8caf-42c3c8601f05 runid=0dfb5b492dc86ce99bf7c61c734eb364afcdb5c8 ch=44 start_time=2025-09-25T18:21:13.398161+00:00 flow_cell_id=AWX817 basecall_gpu=NVIDIA_Tegra_X2 protocol_group_id=ONT_trialEb_250925 sample_id=ONT_trail_250925 barcode=barcode15 barcode_alias=barcode15 parent_read_id=f1042505-d129-4ba7-8caf-42c3c8601f05 basecall_model_version_id=dna_r10.4.1_e8.2_400bps_hac@v4.3.0 rc
3727	6282926a-7f55-45e4-823a-aa17bb1f2bff runid=0dfb5b492dc86ce99bf7c61c734eb364afcdb5c8 ch=39 start_time=2025-09-25T17:39:43.398161+00:00 flow_cell_id=AWX817 basecall_gpu=NVIDIA_Tegra_X2 protocol_group_id=ONT_trialEb_250925 sample_id=ONT_trail_250925 barcode=barcode14 barcode_alias=barcode14 parent_read_id=6282926a-7f55-45e4-823a-aa17bb1f2bff basecall_model_version_id=dna_r10.4.1_e8.2_400bps_hac@v4.3.0
3727	3f2ec76c-bb48-425f-bc5a-36cdbbd96442 runid=0dfb5b492dc86ce99bf7c61c734eb364afcdb5c8 ch=110 start_time=2025-09-25T21:22:10.398161+00:00 flow_cell_id=AWX817 basecall_gpu=NVIDIA_Tegra_X2 protocol_group_id=ONT_trialEb_250925 sample_id=ONT_trail_250925 barcode=barcode24 barcode_alias=barcode24 parent_read_id=3f2ec76c-bb48-425f-bc5a-36cdbbd96442 basecall_model_version_id=dna_r10.4.1_e8.2_400bps_hac@v4.3.0 rc
3727	b98fef9e-5e1e-4b8c-b7f0-9e2dd0cab268 runid=0dfb5b492dc86ce99bf7c61c734eb364afcdb5c8 ch=6 start_time=2025-09-25T16:52:43.398161+00:00 flow_cell_id=AWX817 basecall_gpu=NVIDIA_Tegra_X2 protocol_group_id=ONT_trialEb_250925 sample_id=ONT_trail_250925 barcode=barcode14 barcode_alias=barcode14 parent_read_id=b98fef9e-5e1e-4b8c-b7f0-9e2dd0cab268 basecall_model_version_id=dna_r10.4.1_e8.2_400bps_hac@v4.3.0
3727	5b127e19-f21c-4e28-810b-45c6029ad6c0 runid=0dfb5b492dc86ce99bf7c61c734eb364afcdb5c8 ch=57 start_time=2025-09-25T16:03:44.398161+00:00 flow_cell_id=AWX817 basecall_gpu=NVIDIA_Tegra_X2 protocol_group_id=ONT_trialEb_250925 sample_id=ONT_trail_250925 barcode=barcode13 barcode_alias=barcode13 parent_read_id=5b127e19-f21c-4e28-810b-45c6029ad6c0 basecall_model_version_id=dna_r10.4.1_e8.2_400bps_hac@v4.3.0 rc
3727	618af257-5cbf-4df3-aefe-73ec29e7a09a runid=0dfb5b492dc86ce99bf7c61c734eb364afcdb5c8 ch=20 start_time=2025-09-25T19:56:56.398161+00:00 flow_cell_id=AWX817 basecall_gpu=NVIDIA_Tegra_X2 protocol_group_id=ONT_trialEb_250925 sample_id=ONT_trail_250925 barcode=barcode14 barcode_alias=barcode14 parent_read_id=618af257-5cbf-4df3-aefe-73ec29e7a09a basecall_model_version_id=dna_r10.4.1_e8.2_400bps_hac@v4.3.0
3727	ff1b8c09-fed5-46e9-861e-222a3c8f51de runid=0dfb5b492dc86ce99bf7c61c734eb364afcdb5c8 ch=94 start_time=2025-09-25T17:43:25.398161+00:00 flow_cell_id=AWX817 basecall_gpu=NVIDIA_Tegra_X2 protocol_group_id=ONT_trialEb_250925 sample_id=ONT_trail_250925 barcode=barcode14 barcode_alias=barcode14 parent_read_id=ff1b8c09-fed5-46e9-861e-222a3c8f51de basecall_model_version_id=dna_r10.4.1_e8.2_400bps_hac@v4.3.0 rc
3727	0fd61360-e601-4dfc-ac2b-93ad01f490f4 runid=0dfb5b492dc86ce99bf7c61c734eb364afcdb5c8 ch=79 start_time=2025-09-25T19:24:02.398161+00:00 flow_cell_id=AWX817 basecall_gpu=NVIDIA_Tegra_X2 protocol_group_id=ONT_trialEb_250925 sample_id=ONT_trail_250925 barcode=barcode13 barcode_alias=barcode13 parent_read_id=0fd61360-e601-4dfc-ac2b-93ad01f490f4 basecall_model_version_id=dna_r10.4.1_e8.2_400bps_hac@v4.3.0 rc
3727	a89c102f-391d-4af7-8bd1-c8330582dfaa runid=0dfb5b492dc86ce99bf7c61c734eb364afcdb5c8 ch=44 start_time=2025-09-26T00:35:22.398161+00:00 flow_cell_id=AWX817 basecall_gpu=NVIDIA_Tegra_X2 protocol_group_id=ONT_trialEb_250925 sample_id=ONT_trail_250925 barcode=barcode14 barcode_alias=barcode14 parent_read_id=a89c102f-391d-4af7-8bd1-c8330582dfaa basecall_model_version_id=dna_r10.4.1_e8.2_400bps_hac@v4.3.0 rc
3727	f8b28876-7670-43b9-88b6-5419b74b9182 runid=0dfb5b492dc86ce99bf7c61c734eb364afcdb5c8 ch=20 start_time=2025-09-26T00:16:29.398161+00:00 flow_cell_id=AWX817 basecall_gpu=NVIDIA_Tegra_X2 protocol_group_id=ONT_trialEb_250925 sample_id=ONT_trail_250925 barcode=barcode15 barcode_alias=barcode15 parent_read_id=f8b28876-7670-43b9-88b6-5419b74b9182 basecall_model_version_id=dna_r10.4.1_e8.2_400bps_hac@v4.3.0 rc
3727	e5230948-fdfe-42fd-9093-5d97b21c4e51 runid=0dfb5b492dc86ce99bf7c61c734eb364afcdb5c8 ch=57 start_time=2025-09-25T17:34:18.398161+00:00 flow_cell_id=AWX817 basecall_gpu=NVIDIA_Tegra_X2 protocol_group_id=ONT_trialEb_250925 sample_id=ONT_trail_250925 barcode=barcode14 barcode_alias=barcode14 parent_read_id=e5230948-fdfe-42fd-9093-5d97b21c4e51 basecall_model_version_id=dna_r10.4.1_e8.2_400bps_hac@v4.3.0
3727	f51f2578-6c8e-44e2-a9c4-9cc7f4fdecae runid=0dfb5b492dc86ce99bf7c61c734eb364afcdb5c8 ch=58 start_time=2025-09-25T21:13:37.398161+00:00 flow_cell_id=AWX817 basecall_gpu=NVIDIA_Tegra_X2 protocol_group_id=ONT_trialEb_250925 sample_id=ONT_trail_250925 barcode=barcode15 barcode_alias=barcode15 parent_read_id=f51f2578-6c8e-44e2-a9c4-9cc7f4fdecae basecall_model_version_id=dna_r10.4.1_e8.2_400bps_hac@v4.3.0 rc
3727	fd15c727-c193-4501-b1b1-02568aab1896 runid=0dfb5b492dc86ce99bf7c61c734eb364afcdb5c8 ch=5 start_time=2025-09-25T22:04:05.398161+00:00 flow_cell_id=AWX817 basecall_gpu=NVIDIA_Tegra_X2 protocol_group_id=ONT_trialEb_250925 sample_id=ONT_trail_250925 barcode=barcode15 barcode_alias=barcode15 parent_read_id=fd15c727-c193-4501-b1b1-02568aab1896 basecall_model_version_id=dna_r10.4.1_e8.2_400bps_hac@v4.3.0 rc
3727	9fb33287-67c5-463d-9bc4-0a14b62b9701 runid=0dfb5b492dc86ce99bf7c61c734eb364afcdb5c8 ch=94 start_time=2025-09-25T16:32:09.398161+00:00 flow_cell_id=AWX817 basecall_gpu=NVIDIA_Tegra_X2 protocol_group_id=ONT_trialEb_250925 sample_id=ONT_trail_250925 barcode=barcode14 barcode_alias=barcode14 parent_read_id=9fb33287-67c5-463d-9bc4-0a14b62b9701 basecall_model_version_id=dna_r10.4.1_e8.2_400bps_hac@v4.3.0
3727	bf2708fb-79e7-4e18-bcbd-39f8a23721c3 runid=0dfb5b492dc86ce99bf7c61c734eb364afcdb5c8 ch=90 start_time=2025-09-25T19:02:07.398161+00:00 flow_cell_id=AWX817 basecall_gpu=NVIDIA_Tegra_X2 protocol_group_id=ONT_trialEb_250925 sample_id=ONT_trail_250925 barcode=barcode24 barcode_alias=barcode24 parent_read_id=bf2708fb-79e7-4e18-bcbd-39f8a23721c3 basecall_model_version_id=dna_r10.4.1_e8.2_400bps_hac@v4.3.0 rc
3727	f47be28e-723b-4cd3-922d-ede0e69ab7bf runid=0dfb5b492dc86ce99bf7c61c734eb364afcdb5c8 ch=44 start_time=2025-09-25T22:04:23.398161+00:00 flow_cell_id=AWX817 basecall_gpu=NVIDIA_Tegra_X2 protocol_group_id=ONT_trialEb_250925 sample_id=ONT_trail_250925 barcode=barcode15 barcode_alias=barcode15 parent_read_id=f47be28e-723b-4cd3-922d-ede0e69ab7bf basecall_model_version_id=dna_r10.4.1_e8.2_400bps_hac@v4.3.0 rc
3727	be9f26c6-91bd-4501-a8e5-89da8cd062f1 runid=0dfb5b492dc86ce99bf7c61c734eb364afcdb5c8 ch=18 start_time=2025-09-25T19:01:48.398161+00:00 flow_cell_id=AWX817 basecall_gpu=NVIDIA_Tegra_X2 protocol_group_id=ONT_trialEb_250925 sample_id=ONT_trail_250925 barcode=barcode14 barcode_alias=barcode14 parent_read_id=be9f26c6-91bd-4501-a8e5-89da8cd062f1 basecall_model_version_id=dna_r10.4.1_e8.2_400bps_hac@v4.3.0
3727	951e9792-02ce-4697-8ab2-6f83562f01d4 runid=0dfb5b492dc86ce99bf7c61c734eb364afcdb5c8 ch=20 start_time=2025-09-26T00:11:37.398161+00:00 flow_cell_id=AWX817 basecall_gpu=NVIDIA_Tegra_X2 protocol_group_id=ONT_trialEb_250925 sample_id=ONT_trail_250925 barcode=barcode14 barcode_alias=barcode14 parent_read_id=951e9792-02ce-4697-8ab2-6f83562f01d4 basecall_model_version_id=dna_r10.4.1_e8.2_400bps_hac@v4.3.0
3727	35e85c92-4f5d-4093-b711-6ca49b38069e runid=0dfb5b492dc86ce99bf7c61c734eb364afcdb5c8 ch=44 start_time=2025-09-26T05:14:29.398161+00:00 flow_cell_id=AWX817 basecall_gpu=NVIDIA_Tegra_X2 protocol_group_id=ONT_trialEb_250925 sample_id=ONT_trail_250925 barcode=barcode24 barcode_alias=barcode24 parent_read_id=35e85c92-4f5d-4093-b711-6ca49b38069e basecall_model_version_id=dna_r10.4.1_e8.2_400bps_hac@v4.3.0
3727	b51ea87c-c4df-4c90-9580-5e4539fc21e0 runid=0dfb5b492dc86ce99bf7c61c734eb364afcdb5c8 ch=5 start_time=2025-09-25T17:49:33.398161+00:00 flow_cell_id=AWX817 basecall_gpu=NVIDIA_Tegra_X2 protocol_group_id=ONT_trialEb_250925 sample_id=ONT_trail_250925 barcode=barcode24 barcode_alias=barcode24 parent_read_id=b51ea87c-c4df-4c90-9580-5e4539fc21e0 basecall_model_version_id=dna_r10.4.1_e8.2_400bps_hac@v4.3.0 rc
3727	da89c4c5-e102-4d39-891c-658670a9b5fc runid=0dfb5b492dc86ce99bf7c61c734eb364afcdb5c8 ch=42 start_time=2025-09-26T00:35:45.398161+00:00 flow_cell_id=AWX817 basecall_gpu=NVIDIA_Tegra_X2 protocol_group_id=ONT_trialEb_250925 sample_id=ONT_trail_250925 barcode=barcode13 barcode_alias=barcode13 parent_read_id=da89c4c5-e102-4d39-891c-658670a9b5fc basecall_model_version_id=dna_r10.4.1_e8.2_400bps_hac@v4.3.0 rc
3727	b96c2415-4dd8-45d6-af4d-85a995eb5e01 runid=0dfb5b492dc86ce99bf7c61c734eb364afcdb5c8 ch=92 start_time=2025-09-26T00:17:33.398161+00:00 flow_cell_id=AWX817 basecall_gpu=NVIDIA_Tegra_X2 protocol_group_id=ONT_trialEb_250925 sample_id=ONT_trail_250925 barcode=barcode14 barcode_alias=barcode14 parent_read_id=b96c2415-4dd8-45d6-af4d-85a995eb5e01 basecall_model_version_id=dna_r10.4.1_e8.2_400bps_hac@v4.3.0 rc
3727	f34807ae-e38c-4c1a-bb56-f81f8525576b runid=0dfb5b492dc86ce99bf7c61c734eb364afcdb5c8 ch=20 start_time=2025-09-25T19:21:53.398161+00:00 flow_cell_id=AWX817 basecall_gpu=NVIDIA_Tegra_X2 protocol_group_id=ONT_trialEb_250925 sample_id=ONT_trail_250925 barcode=barcode15 barcode_alias=barcode15 parent_read_id=f34807ae-e38c-4c1a-bb56-f81f8525576b basecall_model_version_id=dna_r10.4.1_e8.2_400bps_hac@v4.3.0
3727	b52301bc-82b7-409c-a2de-d76a4ae44976 runid=0dfb5b492dc86ce99bf7c61c734eb364afcdb5c8 ch=20 start_time=2025-09-26T06:39:23.398161+00:00 flow_cell_id=AWX817 basecall_gpu=NVIDIA_Tegra_X2 protocol_group_id=ONT_trialEb_250925 sample_id=ONT_trail_250925 barcode=barcode24 barcode_alias=barcode24 parent_read_id=b52301bc-82b7-409c-a2de-d76a4ae44976 basecall_model_version_id=dna_r10.4.1_e8.2_400bps_hac@v4.3.0 rc
3727	6ccfb448-65eb-42c1-ae68-31e30e344506 runid=0dfb5b492dc86ce99bf7c61c734eb364afcdb5c8 ch=44 start_time=2025-09-26T02:43:45.398161+00:00 flow_cell_id=AWX817 basecall_gpu=NVIDIA_Tegra_X2 protocol_group_id=ONT_trialEb_250925 sample_id=ONT_trail_250925 barcode=barcode14 barcode_alias=barcode14 parent_read_id=6ccfb448-65eb-42c1-ae68-31e30e344506 basecall_model_version_id=dna_r10.4.1_e8.2_400bps_hac@v4.3.0 rc
3727	50132d27-3936-4ee6-9edc-b825343819ab runid=0dfb5b492dc86ce99bf7c61c734eb364afcdb5c8 ch=23 start_time=2025-09-25T18:36:58.398161+00:00 flow_cell_id=AWX817 basecall_gpu=NVIDIA_Tegra_X2 protocol_group_id=ONT_trialEb_250925 sample_id=ONT_trail_250925 barcode=barcode13 barcode_alias=barcode13 parent_read_id=50132d27-3936-4ee6-9edc-b825343819ab basecall_model_version_id=dna_r10.4.1_e8.2_400bps_hac@v4.3.0
3727	94b698a1-097f-4be8-bf47-6aa34084b6dd runid=0dfb5b492dc86ce99bf7c61c734eb364afcdb5c8 ch=49 start_time=2025-09-26T09:17:45.398161+00:00 flow_cell_id=AWX817 basecall_gpu=NVIDIA_Tegra_X2 protocol_group_id=ONT_trialEb_250925 sample_id=ONT_trail_250925 barcode=barcode14 barcode_alias=barcode14 parent_read_id=94b698a1-097f-4be8-bf47-6aa34084b6dd basecall_model_version_id=dna_r10.4.1_e8.2_400bps_hac@v4.3.0 rc
3727	2ab449c6-1dea-4f93-8fb5-03c03c7a1c1a runid=0dfb5b492dc86ce99bf7c61c734eb364afcdb5c8 ch=40 start_time=2025-09-25T18:45:30.398161+00:00 flow_cell_id=AWX817 basecall_gpu=NVIDIA_Tegra_X2 protocol_group_id=ONT_trialEb_250925 sample_id=ONT_trail_250925 barcode=barcode15 barcode_alias=barcode15 parent_read_id=2ab449c6-1dea-4f93-8fb5-03c03c7a1c1a basecall_model_version_id=dna_r10.4.1_e8.2_400bps_hac@v4.3.0 rc
3727	e66f8146-1601-49e0-9fe5-8bba4b899049 runid=0dfb5b492dc86ce99bf7c61c734eb364afcdb5c8 ch=20 start_time=2025-09-26T08:06:17.398161+00:00 flow_cell_id=AWX817 basecall_gpu=NVIDIA_Tegra_X2 protocol_group_id=ONT_trialEb_250925 sample_id=ONT_trail_250925 barcode=barcode15 barcode_alias=barcode15 parent_read_id=e66f8146-1601-49e0-9fe5-8bba4b899049 basecall_model_version_id=dna_r10.4.1_e8.2_400bps_hac@v4.3.0 rc
3727	8d7bed00-d0c6-46e5-b536-6dc2c771021f runid=0dfb5b492dc86ce99bf7c61c734eb364afcdb5c8 ch=39 start_time=2025-09-26T09:29:38.398161+00:00 flow_cell_id=AWX817 basecall_gpu=NVIDIA_Tegra_X2 protocol_group_id=ONT_trialEb_250925 sample_id=ONT_trail_250925 barcode=barcode13 barcode_alias=barcode13 parent_read_id=8d7bed00-d0c6-46e5-b536-6dc2c771021f basecall_model_version_id=dna_r10.4.1_e8.2_400bps_hac@v4.3.0 rc
3727	dfbb0d91-00f1-4c54-891e-3b10f28bdc75 runid=0dfb5b492dc86ce99bf7c61c734eb364afcdb5c8 ch=15 start_time=2025-09-25T18:04:03.398161+00:00 flow_cell_id=AWX817 basecall_gpu=NVIDIA_Tegra_X2 protocol_group_id=ONT_trialEb_250925 sample_id=ONT_trail_250925 barcode=barcode24 barcode_alias=barcode24 parent_read_id=dfbb0d91-00f1-4c54-891e-3b10f28bdc75 basecall_model_version_id=dna_r10.4.1_e8.2_400bps_hac@v4.3.0 rc
3727	4482f175-2f86-4b29-a40d-ba8f991763ac runid=0dfb5b492dc86ce99bf7c61c734eb364afcdb5c8 ch=4 start_time=2025-09-26T07:33:14.398161+00:00 flow_cell_id=AWX817 basecall_gpu=NVIDIA_Tegra_X2 protocol_group_id=ONT_trialEb_250925 sample_id=ONT_trail_250925 barcode=barcode14 barcode_alias=barcode14 parent_read_id=865ce7c7-e843-498b-8ae1-0fed63c3e489 basecall_model_version_id=dna_r10.4.1_e8.2_400bps_hac@v4.3.0 rc
3727	e3a8500c-137b-4883-bf8e-84a8f0113961 runid=0dfb5b492dc86ce99bf7c61c734eb364afcdb5c8 ch=44 start_time=2025-09-25T19:13:58.398161+00:00 flow_cell_id=AWX817 basecall_gpu=NVIDIA_Tegra_X2 protocol_group_id=ONT_trialEb_250925 sample_id=ONT_trail_250925 barcode=barcode14 barcode_alias=barcode14 parent_read_id=e3a8500c-137b-4883-bf8e-84a8f0113961 basecall_model_version_id=dna_r10.4.1_e8.2_400bps_hac@v4.3.0 rc
3727	4c20e961-138a-4a8b-9ac8-0f585bcfc3f3 runid=0dfb5b492dc86ce99bf7c61c734eb364afcdb5c8 ch=20 start_time=2025-09-26T05:56:12.398161+00:00 flow_cell_id=AWX817 basecall_gpu=NVIDIA_Tegra_X2 protocol_group_id=ONT_trialEb_250925 sample_id=ONT_trail_250925 barcode=barcode24 barcode_alias=barcode24 parent_read_id=4c20e961-138a-4a8b-9ac8-0f585bcfc3f3 basecall_model_version_id=dna_r10.4.1_e8.2_400bps_hac@v4.3.0 rc
3727	488ac6c5-8c2d-4786-9b40-b2ce4b376244 runid=0dfb5b492dc86ce99bf7c61c734eb364afcdb5c8 ch=4 start_time=2025-09-25T21:53:17.398161+00:00 flow_cell_id=AWX817 basecall_gpu=NVIDIA_Tegra_X2 protocol_group_id=ONT_trialEb_250925 sample_id=ONT_trail_250925 barcode=barcode14 barcode_alias=barcode14 parent_read_id=488ac6c5-8c2d-4786-9b40-b2ce4b376244 basecall_model_version_id=dna_r10.4.1_e8.2_400bps_hac@v4.3.0 rc
3727	20889fe0-3b97-4318-87dc-d0e3bbb9e93e runid=0dfb5b492dc86ce99bf7c61c734eb364afcdb5c8 ch=49 start_time=2025-09-26T11:00:02.398161+00:00 flow_cell_id=AWX817 basecall_gpu=NVIDIA_Tegra_X2 protocol_group_id=ONT_trialEb_250925 sample_id=ONT_trail_250925 barcode=barcode13 barcode_alias=barcode13 parent_read_id=20889fe0-3b97-4318-87dc-d0e3bbb9e93e basecall_model_version_id=dna_r10.4.1_e8.2_400bps_hac@v4.3.0 rc
3727	6e0d8c54-a7ba-4192-8c26-9cd09287c0bb runid=0dfb5b492dc86ce99bf7c61c734eb364afcdb5c8 ch=43 start_time=2025-09-25T20:54:27.398161+00:00 flow_cell_id=AWX817 basecall_gpu=NVIDIA_Tegra_X2 protocol_group_id=ONT_trialEb_250925 sample_id=ONT_trail_250925 barcode=barcode14 barcode_alias=barcode14 parent_read_id=6e0d8c54-a7ba-4192-8c26-9cd09287c0bb basecall_model_version_id=dna_r10.4.1_e8.2_400bps_hac@v4.3.0 rc
3727	cf2b0ac8-a7b5-4e90-86d9-3b9871bc0d7d runid=0dfb5b492dc86ce99bf7c61c734eb364afcdb5c8 ch=110 start_time=2025-09-25T17:27:59.398161+00:00 flow_cell_id=AWX817 basecall_gpu=NVIDIA_Tegra_X2 protocol_group_id=ONT_trialEb_250925 sample_id=ONT_trail_250925 barcode=barcode14 barcode_alias=barcode14 parent_read_id=cf2b0ac8-a7b5-4e90-86d9-3b9871bc0d7d basecall_model_version_id=dna_r10.4.1_e8.2_400bps_hac@v4.3.0
3727	a38c7280-403c-43fb-9cc0-8407b28ed532 runid=0dfb5b492dc86ce99bf7c61c734eb364afcdb5c8 ch=77 start_time=2025-09-25T21:28:13.398161+00:00 flow_cell_id=AWX817 basecall_gpu=NVIDIA_Tegra_X2 protocol_group_id=ONT_trialEb_250925 sample_id=ONT_trail_250925 barcode=barcode13 barcode_alias=barcode13 parent_read_id=a38c7280-403c-43fb-9cc0-8407b28ed532 basecall_model_version_id=dna_r10.4.1_e8.2_400bps_hac@v4.3.0
3727	7862f9bf-1eb9-414a-bf8f-b3bf4d7d4c04 runid=0dfb5b492dc86ce99bf7c61c734eb364afcdb5c8 ch=77 start_time=2025-09-26T00:06:14.398161+00:00 flow_cell_id=AWX817 basecall_gpu=NVIDIA_Tegra_X2 protocol_group_id=ONT_trialEb_250925 sample_id=ONT_trail_250925 barcode=barcode14 barcode_alias=barcode14 parent_read_id=f87132f6-466e-4bac-8628-39dd41445717 basecall_model_version_id=dna_r10.4.1_e8.2_400bps_hac@v4.3.0 rc
3727	a35b758d-def9-41d7-aa9b-22f8a3215118 runid=0dfb5b492dc86ce99bf7c61c734eb364afcdb5c8 ch=23 start_time=2025-09-25T18:11:16.398161+00:00 flow_cell_id=AWX817 basecall_gpu=NVIDIA_Tegra_X2 protocol_group_id=ONT_trialEb_250925 sample_id=ONT_trail_250925 barcode=barcode24 barcode_alias=barcode24 parent_read_id=a35b758d-def9-41d7-aa9b-22f8a3215118 basecall_model_version_id=dna_r10.4.1_e8.2_400bps_hac@v4.3.0
3727	18f77e46-37a1-4cd9-a8d9-524188667841 runid=0dfb5b492dc86ce99bf7c61c734eb364afcdb5c8 ch=44 start_time=2025-09-25T22:25:21.398161+00:00 flow_cell_id=AWX817 basecall_gpu=NVIDIA_Tegra_X2 protocol_group_id=ONT_trialEb_250925 sample_id=ONT_trail_250925 barcode=barcode14 barcode_alias=barcode14 parent_read_id=18f77e46-37a1-4cd9-a8d9-524188667841 basecall_model_version_id=dna_r10.4.1_e8.2_400bps_hac@v4.3.0 rc
3727	4d092ab5-baca-482e-98bb-923c836484d8 runid=0dfb5b492dc86ce99bf7c61c734eb364afcdb5c8 ch=100 start_time=2025-09-25T22:36:10.398161+00:00 flow_cell_id=AWX817 basecall_gpu=NVIDIA_Tegra_X2 protocol_group_id=ONT_trialEb_250925 sample_id=ONT_trail_250925 barcode=barcode13 barcode_alias=barcode13 parent_read_id=4d092ab5-baca-482e-98bb-923c836484d8 basecall_model_version_id=dna_r10.4.1_e8.2_400bps_hac@v4.3.0 rc
3727	36c9b72e-0336-4111-b8c9-249974057db8 runid=0dfb5b492dc86ce99bf7c61c734eb364afcdb5c8 ch=4 start_time=2025-09-25T23:25:23.398161+00:00 flow_cell_id=AWX817 basecall_gpu=NVIDIA_Tegra_X2 protocol_group_id=ONT_trialEb_250925 sample_id=ONT_trail_250925 barcode=barcode13 barcode_alias=barcode13 parent_read_id=36c9b72e-0336-4111-b8c9-249974057db8 basecall_model_version_id=dna_r10.4.1_e8.2_400bps_hac@v4.3.0
3727	f0644d6b-08a9-4a2c-9fd7-a791bf8a5116 runid=0dfb5b492dc86ce99bf7c61c734eb364afcdb5c8 ch=20 start_time=2025-09-25T23:40:52.398161+00:00 flow_cell_id=AWX817 basecall_gpu=NVIDIA_Tegra_X2 protocol_group_id=ONT_trialEb_250925 sample_id=ONT_trail_250925 barcode=barcode13 barcode_alias=barcode13 parent_read_id=f0644d6b-08a9-4a2c-9fd7-a791bf8a5116 basecall_model_version_id=dna_r10.4.1_e8.2_400bps_hac@v4.3.0 rc
3727	ac689b37-2710-485e-a0f6-6a5e63411be4 runid=0dfb5b492dc86ce99bf7c61c734eb364afcdb5c8 ch=49 start_time=2025-09-25T17:40:25.398161+00:00 flow_cell_id=AWX817 basecall_gpu=NVIDIA_Tegra_X2 protocol_group_id=ONT_trialEb_250925 sample_id=ONT_trail_250925 barcode=barcode24 barcode_alias=barcode24 parent_read_id=ac689b37-2710-485e-a0f6-6a5e63411be4 basecall_model_version_id=dna_r10.4.1_e8.2_400bps_hac@v4.3.0 rc
3727	33b6ac50-31b3-4318-91b8-c99c84fd265a runid=0dfb5b492dc86ce99bf7c61c734eb364afcdb5c8 ch=79 start_time=2025-09-25T16:27:25.398161+00:00 flow_cell_id=AWX817 basecall_gpu=NVIDIA_Tegra_X2 protocol_group_id=ONT_trialEb_250925 sample_id=ONT_trail_250925 barcode=barcode13 barcode_alias=barcode13 parent_read_id=33b6ac50-31b3-4318-91b8-c99c84fd265a basecall_model_version_id=dna_r10.4.1_e8.2_400bps_hac@v4.3.0 rc
3727	db3574f6-9402-4a17-9fac-33182fcd9bed runid=0dfb5b492dc86ce99bf7c61c734eb364afcdb5c8 ch=85 start_time=2025-09-25T21:24:10.398161+00:00 flow_cell_id=AWX817 basecall_gpu=NVIDIA_Tegra_X2 protocol_group_id=ONT_trialEb_250925 sample_id=ONT_trail_250925 barcode=barcode13 barcode_alias=barcode13 parent_read_id=db3574f6-9402-4a17-9fac-33182fcd9bed basecall_model_version_id=dna_r10.4.1_e8.2_400bps_hac@v4.3.0
3727	18b0dedf-14e5-4634-ac53-dd53286c5de6 runid=0dfb5b492dc86ce99bf7c61c734eb364afcdb5c8 ch=85 start_time=2025-09-26T00:54:35.398161+00:00 flow_cell_id=AWX817 basecall_gpu=NVIDIA_Tegra_X2 protocol_group_id=ONT_trialEb_250925 sample_id=ONT_trail_250925 barcode=barcode14 barcode_alias=barcode14 parent_read_id=18b0dedf-14e5-4634-ac53-dd53286c5de6 basecall_model_version_id=dna_r10.4.1_e8.2_400bps_hac@v4.3.0
3727	c6df74ab-26fc-457e-a8ce-2ff09b712822 runid=0dfb5b492dc86ce99bf7c61c734eb364afcdb5c8 ch=108 start_time=2025-09-25T16:58:09.398161+00:00 flow_cell_id=AWX817 basecall_gpu=NVIDIA_Tegra_X2 protocol_group_id=ONT_trialEb_250925 sample_id=ONT_trail_250925 barcode=barcode13 barcode_alias=barcode13 parent_read_id=c6df74ab-26fc-457e-a8ce-2ff09b712822 basecall_model_version_id=dna_r10.4.1_e8.2_400bps_hac@v4.3.0
3727	e003c950-8bb5-428c-bc1a-e993db7041cf runid=0dfb5b492dc86ce99bf7c61c734eb364afcdb5c8 ch=110 start_time=2025-09-25T18:08:53.398161+00:00 flow_cell_id=AWX817 basecall_gpu=NVIDIA_Tegra_X2 protocol_group_id=ONT_trialEb_250925 sample_id=ONT_trail_250925 barcode=barcode13 barcode_alias=barcode13 parent_read_id=e003c950-8bb5-428c-bc1a-e993db7041cf basecall_model_version_id=dna_r10.4.1_e8.2_400bps_hac@v4.3.0 rc
3727	1dba85aa-e0e8-4000-8c68-5c71fdbc7e9e runid=0dfb5b492dc86ce99bf7c61c734eb364afcdb5c8 ch=10 start_time=2025-09-25T23:54:55.398161+00:00 flow_cell_id=AWX817 basecall_gpu=NVIDIA_Tegra_X2 protocol_group_id=ONT_trialEb_250925 sample_id=ONT_trail_250925 barcode=barcode13 barcode_alias=barcode13 parent_read_id=1dba85aa-e0e8-4000-8c68-5c71fdbc7e9e basecall_model_version_id=dna_r10.4.1_e8.2_400bps_hac@v4.3.0 rc
3727	6450f2ed-5e78-4636-af9d-002dfc5501a0 runid=0dfb5b492dc86ce99bf7c61c734eb364afcdb5c8 ch=39 start_time=2025-09-25T18:00:50.398161+00:00 flow_cell_id=AWX817 basecall_gpu=NVIDIA_Tegra_X2 protocol_group_id=ONT_trialEb_250925 sample_id=ONT_trail_250925 barcode=barcode14 barcode_alias=barcode14 parent_read_id=6450f2ed-5e78-4636-af9d-002dfc5501a0 basecall_model_version_id=dna_r10.4.1_e8.2_400bps_hac@v4.3.0
3727	fd72f02c-47c1-421c-afed-e2486df768ad runid=0dfb5b492dc86ce99bf7c61c734eb364afcdb5c8 ch=15 start_time=2025-09-25T19:32:54.398161+00:00 flow_cell_id=AWX817 basecall_gpu=NVIDIA_Tegra_X2 protocol_group_id=ONT_trialEb_250925 sample_id=ONT_trail_250925 barcode=barcode15 barcode_alias=barcode15 parent_read_id=fd72f02c-47c1-421c-afed-e2486df768ad basecall_model_version_id=dna_r10.4.1_e8.2_400bps_hac@v4.3.0 rc
3727	a77d2cba-6f6c-4938-b1d0-22488e9d2161 runid=0dfb5b492dc86ce99bf7c61c734eb364afcdb5c8 ch=4 start_time=2025-09-25T23:29:33.398161+00:00 flow_cell_id=AWX817 basecall_gpu=NVIDIA_Tegra_X2 protocol_group_id=ONT_trialEb_250925 sample_id=ONT_trail_250925 barcode=barcode13 barcode_alias=barcode13 parent_read_id=a77d2cba-6f6c-4938-b1d0-22488e9d2161 basecall_model_version_id=dna_r10.4.1_e8.2_400bps_hac@v4.3.0 rc
3727	d1bb9a22-2a33-4875-b3b2-00ee5ea2cc53 runid=0dfb5b492dc86ce99bf7c61c734eb364afcdb5c8 ch=110 start_time=2025-09-25T21:22:40.398161+00:00 flow_cell_id=AWX817 basecall_gpu=NVIDIA_Tegra_X2 protocol_group_id=ONT_trialEb_250925 sample_id=ONT_trail_250925 barcode=barcode14 barcode_alias=barcode14 parent_read_id=d1bb9a22-2a33-4875-b3b2-00ee5ea2cc53 basecall_model_version_id=dna_r10.4.1_e8.2_400bps_hac@v4.3.0
3727	f07f8f77-07e4-41b0-862e-76204e56f652 runid=0dfb5b492dc86ce99bf7c61c734eb364afcdb5c8 ch=41 start_time=2025-09-25T20:04:31.398161+00:00 flow_cell_id=AWX817 basecall_gpu=NVIDIA_Tegra_X2 protocol_group_id=ONT_trialEb_250925 sample_id=ONT_trail_250925 barcode=barcode14 barcode_alias=barcode14 parent_read_id=f07f8f77-07e4-41b0-862e-76204e56f652 basecall_model_version_id=dna_r10.4.1_e8.2_400bps_hac@v4.3.0 rc
3727	4a5ecd02-34dd-4bd4-bfcc-6c227f8a7f34 runid=0dfb5b492dc86ce99bf7c61c734eb364afcdb5c8 ch=44 start_time=2025-09-26T02:48:48.398161+00:00 flow_cell_id=AWX817 basecall_gpu=NVIDIA_Tegra_X2 protocol_group_id=ONT_trialEb_250925 sample_id=ONT_trail_250925 barcode=barcode24 barcode_alias=barcode24 parent_read_id=4a5ecd02-34dd-4bd4-bfcc-6c227f8a7f34 basecall_model_version_id=dna_r10.4.1_e8.2_400bps_hac@v4.3.0 rc
3727	0cc9a3dd-aa15-4f91-9558-d3f222436e1a runid=0dfb5b492dc86ce99bf7c61c734eb364afcdb5c8 ch=108 start_time=2025-09-25T16:55:35.398161+00:00 flow_cell_id=AWX817 basecall_gpu=NVIDIA_Tegra_X2 protocol_group_id=ONT_trialEb_250925 sample_id=ONT_trail_250925 barcode=barcode13 barcode_alias=barcode13 parent_read_id=0cc9a3dd-aa15-4f91-9558-d3f222436e1a basecall_model_version_id=dna_r10.4.1_e8.2_400bps_hac@v4.3.0 rc
3727	c3e0b59a-c9e3-4595-8d23-b35c6c466158 runid=0dfb5b492dc86ce99bf7c61c734eb364afcdb5c8 ch=106 start_time=2025-09-25T16:00:50.398161+00:00 flow_cell_id=AWX817 basecall_gpu=NVIDIA_Tegra_X2 protocol_group_id=ONT_trialEb_250925 sample_id=ONT_trail_250925 barcode=barcode13 barcode_alias=barcode13 parent_read_id=c3e0b59a-c9e3-4595-8d23-b35c6c466158 basecall_model_version_id=dna_r10.4.1_e8.2_400bps_hac@v4.3.0 rc
3727	cb2d9ef2-aeae-4898-aa11-6e08e1929d70 runid=0dfb5b492dc86ce99bf7c61c734eb364afcdb5c8 ch=79 start_time=2025-09-25T21:15:26.398161+00:00 flow_cell_id=AWX817 basecall_gpu=NVIDIA_Tegra_X2 protocol_group_id=ONT_trialEb_250925 sample_id=ONT_trail_250925 barcode=barcode13 barcode_alias=barcode13 parent_read_id=cb2d9ef2-aeae-4898-aa11-6e08e1929d70 basecall_model_version_id=dna_r10.4.1_e8.2_400bps_hac@v4.3.0 rc
3727	1a8df52c-aad6-450e-ad5e-c6ce503794ab runid=0dfb5b492dc86ce99bf7c61c734eb364afcdb5c8 ch=49 start_time=2025-09-26T11:44:43.398161+00:00 flow_cell_id=AWX817 basecall_gpu=NVIDIA_Tegra_X2 protocol_group_id=ONT_trialEb_250925 sample_id=ONT_trail_250925 barcode=barcode14 barcode_alias=barcode14 parent_read_id=1a8df52c-aad6-450e-ad5e-c6ce503794ab basecall_model_version_id=dna_r10.4.1_e8.2_400bps_hac@v4.3.0 rc
3727	bf372218-b6e7-4e59-acc7-208246e58dd0 runid=0dfb5b492dc86ce99bf7c61c734eb364afcdb5c8 ch=20 start_time=2025-09-26T11:55:35.398161+00:00 flow_cell_id=AWX817 basecall_gpu=NVIDIA_Tegra_X2 protocol_group_id=ONT_trialEb_250925 sample_id=ONT_trail_250925 barcode=barcode14 barcode_alias=barcode14 parent_read_id=2d9281b5-457b-4baf-80d1-84ad4b9bd50f basecall_model_version_id=dna_r10.4.1_e8.2_400bps_hac@v4.3.0 rc
3727	bf372218-b6e7-4e59-acc7-208246e58dd0 runid=0dfb5b492dc86ce99bf7c61c734eb364afcdb5c8 ch=20 start_time=2025-09-26T11:55:35.398161+00:00 flow_cell_id=AWX817 basecall_gpu=NVIDIA_Tegra_X2 protocol_group_id=ONT_trialEb_250925 sample_id=ONT_trail_250925 barcode=barcode14 barcode_alias=barcode14 parent_read_id=2d9281b5-457b-4baf-80d1-84ad4b9bd50f basecall_model_version_id=dna_r10.4.1_e8.2_400bps_hac@v4.3.0 rc
3727	2248a07e-8d40-4fc5-9bb2-f1fdefdb679c runid=0dfb5b492dc86ce99bf7c61c734eb364afcdb5c8 ch=4 start_time=2025-09-25T22:45:09.398161+00:00 flow_cell_id=AWX817 basecall_gpu=NVIDIA_Tegra_X2 protocol_group_id=ONT_trialEb_250925 sample_id=ONT_trail_250925 barcode=barcode13 barcode_alias=barcode13 parent_read_id=edffb3f3-d0e2-4078-bce1-f43e02dd9302 basecall_model_version_id=dna_r10.4.1_e8.2_400bps_hac@v4.3.0 rc
3727	4f5ce678-4d28-462c-a08e-68c2b253bddb runid=0dfb5b492dc86ce99bf7c61c734eb364afcdb5c8 ch=39 start_time=2025-09-25T18:23:15.398161+00:00 flow_cell_id=AWX817 basecall_gpu=NVIDIA_Tegra_X2 protocol_group_id=ONT_trialEb_250925 sample_id=ONT_trail_250925 barcode=barcode14 barcode_alias=barcode14 parent_read_id=4f5ce678-4d28-462c-a08e-68c2b253bddb basecall_model_version_id=dna_r10.4.1_e8.2_400bps_hac@v4.3.0 rc
3727	c0eb8f59-0b29-4cb0-89e9-dac3fbcd8cdb runid=0dfb5b492dc86ce99bf7c61c734eb364afcdb5c8 ch=55 start_time=2025-09-25T17:11:10.398161+00:00 flow_cell_id=AWX817 basecall_gpu=NVIDIA_Tegra_X2 protocol_group_id=ONT_trialEb_250925 sample_id=ONT_trail_250925 barcode=barcode14 barcode_alias=barcode14 parent_read_id=c0eb8f59-0b29-4cb0-89e9-dac3fbcd8cdb basecall_model_version_id=dna_r10.4.1_e8.2_400bps_hac@v4.3.0 rc
3727	7f947284-ae92-4eb5-8725-1952cc8098ce runid=0dfb5b492dc86ce99bf7c61c734eb364afcdb5c8 ch=4 start_time=2025-09-25T22:02:46.398161+00:00 flow_cell_id=AWX817 basecall_gpu=NVIDIA_Tegra_X2 protocol_group_id=ONT_trialEb_250925 sample_id=ONT_trail_250925 barcode=barcode15 barcode_alias=barcode15 parent_read_id=7f947284-ae92-4eb5-8725-1952cc8098ce basecall_model_version_id=dna_r10.4.1_e8.2_400bps_hac@v4.3.0 rc
3727	26718f69-128a-4e07-9827-0dc64e53d933 runid=0dfb5b492dc86ce99bf7c61c734eb364afcdb5c8 ch=79 start_time=2025-09-25T20:41:46.398161+00:00 flow_cell_id=AWX817 basecall_gpu=NVIDIA_Tegra_X2 protocol_group_id=ONT_trialEb_250925 sample_id=ONT_trail_250925 barcode=barcode14 barcode_alias=barcode14 parent_read_id=26718f69-128a-4e07-9827-0dc64e53d933 basecall_model_version_id=dna_r10.4.1_e8.2_400bps_hac@v4.3.0 rc
3727	2a5b9aaa-8a6e-41cb-ac03-9f7e903ed53e runid=0dfb5b492dc86ce99bf7c61c734eb364afcdb5c8 ch=4 start_time=2025-09-26T01:21:49.398161+00:00 flow_cell_id=AWX817 basecall_gpu=NVIDIA_Tegra_X2 protocol_group_id=ONT_trialEb_250925 sample_id=ONT_trail_250925 barcode=barcode14 barcode_alias=barcode14 parent_read_id=2a5b9aaa-8a6e-41cb-ac03-9f7e903ed53e basecall_model_version_id=dna_r10.4.1_e8.2_400bps_hac@v4.3.0 rc
3727	d563b540-1b2d-490e-9661-54a7ce6570aa runid=0dfb5b492dc86ce99bf7c61c734eb364afcdb5c8 ch=92 start_time=2025-09-26T00:12:42.398161+00:00 flow_cell_id=AWX817 basecall_gpu=NVIDIA_Tegra_X2 protocol_group_id=ONT_trialEb_250925 sample_id=ONT_trail_250925 barcode=barcode14 barcode_alias=barcode14 parent_read_id=d563b540-1b2d-490e-9661-54a7ce6570aa basecall_model_version_id=dna_r10.4.1_e8.2_400bps_hac@v4.3.0 rc
3727	eaef3a0e-6b8b-44ab-baea-9e1d5c7052db runid=0dfb5b492dc86ce99bf7c61c734eb364afcdb5c8 ch=41 start_time=2025-09-26T02:12:47.398161+00:00 flow_cell_id=AWX817 basecall_gpu=NVIDIA_Tegra_X2 protocol_group_id=ONT_trialEb_250925 sample_id=ONT_trail_250925 barcode=barcode24 barcode_alias=barcode24 parent_read_id=eaef3a0e-6b8b-44ab-baea-9e1d5c7052db basecall_model_version_id=dna_r10.4.1_e8.2_400bps_hac@v4.3.0 rc
3727	add2ed9e-c75b-4a04-83f5-00cd5cc61b6f runid=0dfb5b492dc86ce99bf7c61c734eb364afcdb5c8 ch=40 start_time=2025-09-25T17:49:39.398161+00:00 flow_cell_id=AWX817 basecall_gpu=NVIDIA_Tegra_X2 protocol_group_id=ONT_trialEb_250925 sample_id=ONT_trail_250925 barcode=barcode14 barcode_alias=barcode14 parent_read_id=add2ed9e-c75b-4a04-83f5-00cd5cc61b6f basecall_model_version_id=dna_r10.4.1_e8.2_400bps_hac@v4.3.0 rc
3727	b2e845e9-3a0a-4821-bca0-1df5c89aafc2 runid=0dfb5b492dc86ce99bf7c61c734eb364afcdb5c8 ch=106 start_time=2025-09-25T18:51:33.398161+00:00 flow_cell_id=AWX817 basecall_gpu=NVIDIA_Tegra_X2 protocol_group_id=ONT_trialEb_250925 sample_id=ONT_trail_250925 barcode=barcode14 barcode_alias=barcode14 parent_read_id=b2e845e9-3a0a-4821-bca0-1df5c89aafc2 basecall_model_version_id=dna_r10.4.1_e8.2_400bps_hac@v4.3.0 rc
3727	97488d49-a3a1-4588-b9c1-7e4a1c261b04 runid=0dfb5b492dc86ce99bf7c61c734eb364afcdb5c8 ch=79 start_time=2025-09-26T00:13:17.398161+00:00 flow_cell_id=AWX817 basecall_gpu=NVIDIA_Tegra_X2 protocol_group_id=ONT_trialEb_250925 sample_id=ONT_trail_250925 barcode=barcode14 barcode_alias=barcode14 parent_read_id=97488d49-a3a1-4588-b9c1-7e4a1c261b04 basecall_model_version_id=dna_r10.4.1_e8.2_400bps_hac@v4.3.0 rc
3727	7a3ac9aa-ec42-4f6f-a981-50c34678f3f8 runid=0dfb5b492dc86ce99bf7c61c734eb364afcdb5c8 ch=44 start_time=2025-09-26T01:27:13.398161+00:00 flow_cell_id=AWX817 basecall_gpu=NVIDIA_Tegra_X2 protocol_group_id=ONT_trialEb_250925 sample_id=ONT_trail_250925 barcode=barcode13 barcode_alias=barcode13 parent_read_id=7a3ac9aa-ec42-4f6f-a981-50c34678f3f8 basecall_model_version_id=dna_r10.4.1_e8.2_400bps_hac@v4.3.0 rc
3727	2256e5db-5aa6-4fb5-a487-4f91e49e8bdd runid=0dfb5b492dc86ce99bf7c61c734eb364afcdb5c8 ch=110 start_time=2025-09-25T20:36:49.398161+00:00 flow_cell_id=AWX817 basecall_gpu=NVIDIA_Tegra_X2 protocol_group_id=ONT_trialEb_250925 sample_id=ONT_trail_250925 barcode=barcode13 barcode_alias=barcode13 parent_read_id=2256e5db-5aa6-4fb5-a487-4f91e49e8bdd basecall_model_version_id=dna_r10.4.1_e8.2_400bps_hac@v4.3.0
3727	29391ac7-0503-45ef-a9aa-90b031e0c4ef runid=0dfb5b492dc86ce99bf7c61c734eb364afcdb5c8 ch=20 start_time=2025-09-26T05:46:20.398161+00:00 flow_cell_id=AWX817 basecall_gpu=NVIDIA_Tegra_X2 protocol_group_id=ONT_trialEb_250925 sample_id=ONT_trail_250925 barcode=barcode13 barcode_alias=barcode13 parent_read_id=29391ac7-0503-45ef-a9aa-90b031e0c4ef basecall_model_version_id=dna_r10.4.1_e8.2_400bps_hac@v4.3.0 rc
3727	dddc33a8-7773-4117-be2a-32f52b08d90e runid=0dfb5b492dc86ce99bf7c61c734eb364afcdb5c8 ch=49 start_time=2025-09-26T08:07:14.398161+00:00 flow_cell_id=AWX817 basecall_gpu=NVIDIA_Tegra_X2 protocol_group_id=ONT_trialEb_250925 sample_id=ONT_trail_250925 barcode=barcode24 barcode_alias=barcode24 parent_read_id=dddc33a8-7773-4117-be2a-32f52b08d90e basecall_model_version_id=dna_r10.4.1_e8.2_400bps_hac@v4.3.0 rc
3727	3365f5c3-880f-4f60-957d-383ad9993455 runid=0dfb5b492dc86ce99bf7c61c734eb364afcdb5c8 ch=77 start_time=2025-09-25T19:26:13.398161+00:00 flow_cell_id=AWX817 basecall_gpu=NVIDIA_Tegra_X2 protocol_group_id=ONT_trialEb_250925 sample_id=ONT_trail_250925 barcode=barcode14 barcode_alias=barcode14 parent_read_id=3365f5c3-880f-4f60-957d-383ad9993455 basecall_model_version_id=dna_r10.4.1_e8.2_400bps_hac@v4.3.0 rc
3727	c2fcc038-b4ff-4e67-834e-dd91b401f5f2 runid=0dfb5b492dc86ce99bf7c61c734eb364afcdb5c8 ch=106 start_time=2025-09-25T16:41:35.398161+00:00 flow_cell_id=AWX817 basecall_gpu=NVIDIA_Tegra_X2 protocol_group_id=ONT_trialEb_250925 sample_id=ONT_trail_250925 barcode=barcode24 barcode_alias=barcode24 parent_read_id=c2fcc038-b4ff-4e67-834e-dd91b401f5f2 basecall_model_version_id=dna_r10.4.1_e8.2_400bps_hac@v4.3.0 rc
3727	2a5f9251-a864-4ea1-8a23-6743c369050b runid=0dfb5b492dc86ce99bf7c61c734eb364afcdb5c8 ch=20 start_time=2025-09-26T06:29:53.398161+00:00 flow_cell_id=AWX817 basecall_gpu=NVIDIA_Tegra_X2 protocol_group_id=ONT_trialEb_250925 sample_id=ONT_trail_250925 barcode=barcode14 barcode_alias=barcode14 parent_read_id=2a5f9251-a864-4ea1-8a23-6743c369050b basecall_model_version_id=dna_r10.4.1_e8.2_400bps_hac@v4.3.0 rc
3727	5992d457-2b24-4839-871e-63048c782a75 runid=0dfb5b492dc86ce99bf7c61c734eb364afcdb5c8 ch=6 start_time=2025-09-25T15:50:49.398161+00:00 flow_cell_id=AWX817 basecall_gpu=NVIDIA_Tegra_X2 protocol_group_id=ONT_trialEb_250925 sample_id=ONT_trail_250925 barcode=barcode15 barcode_alias=barcode15 parent_read_id=5992d457-2b24-4839-871e-63048c782a75 basecall_model_version_id=dna_r10.4.1_e8.2_400bps_hac@v4.3.0
3727	850ce098-e648-449f-9039-2d0370fbfd23 runid=0dfb5b492dc86ce99bf7c61c734eb364afcdb5c8 ch=58 start_time=2025-09-25T20:19:17.398161+00:00 flow_cell_id=AWX817 basecall_gpu=NVIDIA_Tegra_X2 protocol_group_id=ONT_trialEb_250925 sample_id=ONT_trail_250925 barcode=barcode13 barcode_alias=barcode13 parent_read_id=850ce098-e648-449f-9039-2d0370fbfd23 basecall_model_version_id=dna_r10.4.1_e8.2_400bps_hac@v4.3.0 rc
3727	46f600c3-786d-4110-b2c6-ea6df6d613fc runid=0dfb5b492dc86ce99bf7c61c734eb364afcdb5c8 ch=41 start_time=2025-09-25T16:44:29.398161+00:00 flow_cell_id=AWX817 basecall_gpu=NVIDIA_Tegra_X2 protocol_group_id=ONT_trialEb_250925 sample_id=ONT_trail_250925 barcode=barcode24 barcode_alias=barcode24 parent_read_id=46f600c3-786d-4110-b2c6-ea6df6d613fc basecall_model_version_id=dna_r10.4.1_e8.2_400bps_hac@v4.3.0 rc
3727	b98a2a96-c562-430a-a587-17fec2e55b1f runid=0dfb5b492dc86ce99bf7c61c734eb364afcdb5c8 ch=40 start_time=2025-09-25T19:25:49.398161+00:00 flow_cell_id=AWX817 basecall_gpu=NVIDIA_Tegra_X2 protocol_group_id=ONT_trialEb_250925 sample_id=ONT_trail_250925 barcode=barcode13 barcode_alias=barcode13 parent_read_id=b98a2a96-c562-430a-a587-17fec2e55b1f basecall_model_version_id=dna_r10.4.1_e8.2_400bps_hac@v4.3.0
3727	bcec77d0-299f-4205-8069-8586d90ac122 runid=0dfb5b492dc86ce99bf7c61c734eb364afcdb5c8 ch=20 start_time=2025-09-26T03:01:24.398161+00:00 flow_cell_id=AWX817 basecall_gpu=NVIDIA_Tegra_X2 protocol_group_id=ONT_trialEb_250925 sample_id=ONT_trail_250925 barcode=barcode13 barcode_alias=barcode13 parent_read_id=bcec77d0-299f-4205-8069-8586d90ac122 basecall_model_version_id=dna_r10.4.1_e8.2_400bps_hac@v4.3.0 rc
3727	44675be9-89fc-45ea-9a4c-e8bb2c414036 runid=0dfb5b492dc86ce99bf7c61c734eb364afcdb5c8 ch=39 start_time=2025-09-25T21:43:13.398161+00:00 flow_cell_id=AWX817 basecall_gpu=NVIDIA_Tegra_X2 protocol_group_id=ONT_trialEb_250925 sample_id=ONT_trail_250925 barcode=barcode24 barcode_alias=barcode24 parent_read_id=44675be9-89fc-45ea-9a4c-e8bb2c414036 basecall_model_version_id=dna_r10.4.1_e8.2_400bps_hac@v4.3.0 rc
3727	75786384-e92b-4c5f-a235-0c22c7b61f1b runid=0dfb5b492dc86ce99bf7c61c734eb364afcdb5c8 ch=85 start_time=2025-09-25T21:17:40.398161+00:00 flow_cell_id=AWX817 basecall_gpu=NVIDIA_Tegra_X2 protocol_group_id=ONT_trialEb_250925 sample_id=ONT_trail_250925 barcode=barcode13 barcode_alias=barcode13 parent_read_id=75786384-e92b-4c5f-a235-0c22c7b61f1b basecall_model_version_id=dna_r10.4.1_e8.2_400bps_hac@v4.3.0 rc
3727	10e46c1a-a746-4e2d-addd-6c91d60bc49f runid=0dfb5b492dc86ce99bf7c61c734eb364afcdb5c8 ch=110 start_time=2025-09-25T20:36:51.398161+00:00 flow_cell_id=AWX817 basecall_gpu=NVIDIA_Tegra_X2 protocol_group_id=ONT_trialEb_250925 sample_id=ONT_trail_250925 barcode=barcode14 barcode_alias=barcode14 parent_read_id=10e46c1a-a746-4e2d-addd-6c91d60bc49f basecall_model_version_id=dna_r10.4.1_e8.2_400bps_hac@v4.3.0 rc
3727	64626321-d96a-4dea-9d4b-cb7c04fa4d12 runid=0dfb5b492dc86ce99bf7c61c734eb364afcdb5c8 ch=106 start_time=2025-09-25T16:02:20.398161+00:00 flow_cell_id=AWX817 basecall_gpu=NVIDIA_Tegra_X2 protocol_group_id=ONT_trialEb_250925 sample_id=ONT_trail_250925 barcode=barcode14 barcode_alias=barcode14 parent_read_id=64626321-d96a-4dea-9d4b-cb7c04fa4d12 basecall_model_version_id=dna_r10.4.1_e8.2_400bps_hac@v4.3.0
3727	cd74696f-bc4f-49a7-856b-40dbd427f2c2 runid=0dfb5b492dc86ce99bf7c61c734eb364afcdb5c8 ch=20 start_time=2025-09-26T03:36:34.398161+00:00 flow_cell_id=AWX817 basecall_gpu=NVIDIA_Tegra_X2 protocol_group_id=ONT_trialEb_250925 sample_id=ONT_trail_250925 barcode=barcode24 barcode_alias=barcode24 parent_read_id=7f664485-1da4-46b4-9464-422ffbce6b74 basecall_model_version_id=dna_r10.4.1_e8.2_400bps_hac@v4.3.0 rc
3727	d71365e7-a911-435f-b7d5-3284b88c5142 runid=0dfb5b492dc86ce99bf7c61c734eb364afcdb5c8 ch=79 start_time=2025-09-25T17:27:28.398161+00:00 flow_cell_id=AWX817 basecall_gpu=NVIDIA_Tegra_X2 protocol_group_id=ONT_trialEb_250925 sample_id=ONT_trail_250925 barcode=barcode14 barcode_alias=barcode14 parent_read_id=d71365e7-a911-435f-b7d5-3284b88c5142 basecall_model_version_id=dna_r10.4.1_e8.2_400bps_hac@v4.3.0 rc
3727	fbe6aef9-6e42-44e7-97f5-125e3b6291d7 runid=0dfb5b492dc86ce99bf7c61c734eb364afcdb5c8 ch=41 start_time=2025-09-26T01:36:30.398161+00:00 flow_cell_id=AWX817 basecall_gpu=NVIDIA_Tegra_X2 protocol_group_id=ONT_trialEb_250925 sample_id=ONT_trail_250925 barcode=barcode13 barcode_alias=barcode13 parent_read_id=7fa449f4-bdc9-4658-809a-7c04368338a2 basecall_model_version_id=dna_r10.4.1_e8.2_400bps_hac@v4.3.0 rc
3727	667a0c05-f9f9-48e9-b4b4-59a87b6de922 runid=0dfb5b492dc86ce99bf7c61c734eb364afcdb5c8 ch=41 start_time=2025-09-25T20:34:27.398161+00:00 flow_cell_id=AWX817 basecall_gpu=NVIDIA_Tegra_X2 protocol_group_id=ONT_trialEb_250925 sample_id=ONT_trail_250925 barcode=barcode14 barcode_alias=barcode14 parent_read_id=667a0c05-f9f9-48e9-b4b4-59a87b6de922 basecall_model_version_id=dna_r10.4.1_e8.2_400bps_hac@v4.3.0 rc
3727	abd2fd28-04cd-4eeb-96c6-63a8678dce2d runid=0dfb5b492dc86ce99bf7c61c734eb364afcdb5c8 ch=5 start_time=2025-09-25T21:27:55.398161+00:00 flow_cell_id=AWX817 basecall_gpu=NVIDIA_Tegra_X2 protocol_group_id=ONT_trialEb_250925 sample_id=ONT_trail_250925 barcode=barcode15 barcode_alias=barcode15 parent_read_id=a47cc783-4e9e-4a29-aaff-9544cf61ef72 basecall_model_version_id=dna_r10.4.1_e8.2_400bps_hac@v4.3.0 rc
3727	f0f32bde-f45c-4a64-bf25-001323b831ed runid=0dfb5b492dc86ce99bf7c61c734eb364afcdb5c8 ch=85 start_time=2025-09-25T20:32:31.398161+00:00 flow_cell_id=AWX817 basecall_gpu=NVIDIA_Tegra_X2 protocol_group_id=ONT_trialEb_250925 sample_id=ONT_trail_250925 barcode=barcode24 barcode_alias=barcode24 parent_read_id=f0f32bde-f45c-4a64-bf25-001323b831ed basecall_model_version_id=dna_r10.4.1_e8.2_400bps_hac@v4.3.0 rc
3727	aaa2f9d8-8e27-4428-a471-fbf2e04057f7 runid=0dfb5b492dc86ce99bf7c61c734eb364afcdb5c8 ch=94 start_time=2025-09-25T16:50:39.398161+00:00 flow_cell_id=AWX817 basecall_gpu=NVIDIA_Tegra_X2 protocol_group_id=ONT_trialEb_250925 sample_id=ONT_trail_250925 barcode=barcode24 barcode_alias=barcode24 parent_read_id=aaa2f9d8-8e27-4428-a471-fbf2e04057f7 basecall_model_version_id=dna_r10.4.1_e8.2_400bps_hac@v4.3.0
3727	465f2b2c-96fe-43da-aa18-7d16d4b95674 runid=0dfb5b492dc86ce99bf7c61c734eb364afcdb5c8 ch=85 start_time=2025-09-25T23:10:59.398161+00:00 flow_cell_id=AWX817 basecall_gpu=NVIDIA_Tegra_X2 protocol_group_id=ONT_trialEb_250925 sample_id=ONT_trail_250925 barcode=barcode13 barcode_alias=barcode13 parent_read_id=465f2b2c-96fe-43da-aa18-7d16d4b95674 basecall_model_version_id=dna_r10.4.1_e8.2_400bps_hac@v4.3.0 rc
3727	eb6fa6ce-b79d-4cb4-97a6-5a362cf23365 runid=0dfb5b492dc86ce99bf7c61c734eb364afcdb5c8 ch=42 start_time=2025-09-26T00:27:31.398161+00:00 flow_cell_id=AWX817 basecall_gpu=NVIDIA_Tegra_X2 protocol_group_id=ONT_trialEb_250925 sample_id=ONT_trail_250925 barcode=barcode13 barcode_alias=barcode13 parent_read_id=eb6fa6ce-b79d-4cb4-97a6-5a362cf23365 basecall_model_version_id=dna_r10.4.1_e8.2_400bps_hac@v4.3.0 rc
3727	14a9b7c9-2d1a-41be-ae93-29e51f7fb40e runid=0dfb5b492dc86ce99bf7c61c734eb364afcdb5c8 ch=79 start_time=2025-09-25T22:37:55.398161+00:00 flow_cell_id=AWX817 basecall_gpu=NVIDIA_Tegra_X2 protocol_group_id=ONT_trialEb_250925 sample_id=ONT_trail_250925 barcode=barcode14 barcode_alias=barcode14 parent_read_id=14a9b7c9-2d1a-41be-ae93-29e51f7fb40e basecall_model_version_id=dna_r10.4.1_e8.2_400bps_hac@v4.3.0
3727	af64f1ee-e4cf-4d81-9cf7-237b02f38a83 runid=0dfb5b492dc86ce99bf7c61c734eb364afcdb5c8 ch=20 start_time=2025-09-25T18:14:25.398161+00:00 flow_cell_id=AWX817 basecall_gpu=NVIDIA_Tegra_X2 protocol_group_id=ONT_trialEb_250925 sample_id=ONT_trail_250925 barcode=barcode24 barcode_alias=barcode24 parent_read_id=af64f1ee-e4cf-4d81-9cf7-237b02f38a83 basecall_model_version_id=dna_r10.4.1_e8.2_400bps_hac@v4.3.0 rc
3727	4db14c2c-89a1-4814-b410-98f226837201 runid=0dfb5b492dc86ce99bf7c61c734eb364afcdb5c8 ch=41 start_time=2025-09-25T22:42:32.398161+00:00 flow_cell_id=AWX817 basecall_gpu=NVIDIA_Tegra_X2 protocol_group_id=ONT_trialEb_250925 sample_id=ONT_trail_250925 barcode=barcode14 barcode_alias=barcode14 parent_read_id=4db14c2c-89a1-4814-b410-98f226837201 basecall_model_version_id=dna_r10.4.1_e8.2_400bps_hac@v4.3.0
3727	5cbfd74d-f797-4966-ac68-ac94774d2b85 runid=0dfb5b492dc86ce99bf7c61c734eb364afcdb5c8 ch=96 start_time=2025-09-26T02:03:49.398161+00:00 flow_cell_id=AWX817 basecall_gpu=NVIDIA_Tegra_X2 protocol_group_id=ONT_trialEb_250925 sample_id=ONT_trail_250925 barcode=barcode14 barcode_alias=barcode14 parent_read_id=5cbfd74d-f797-4966-ac68-ac94774d2b85 basecall_model_version_id=dna_r10.4.1_e8.2_400bps_hac@v4.3.0 rc
3727	8db73c3c-7354-4a0e-b74c-b59821ad63d2 runid=0dfb5b492dc86ce99bf7c61c734eb364afcdb5c8 ch=80 start_time=2025-09-25T21:03:27.398161+00:00 flow_cell_id=AWX817 basecall_gpu=NVIDIA_Tegra_X2 protocol_group_id=ONT_trialEb_250925 sample_id=ONT_trail_250925 barcode=barcode13 barcode_alias=barcode13 parent_read_id=8db73c3c-7354-4a0e-b74c-b59821ad63d2 basecall_model_version_id=dna_r10.4.1_e8.2_400bps_hac@v4.3.0
3727	aecc81e9-86c2-49d5-a645-5790593a58dc runid=0dfb5b492dc86ce99bf7c61c734eb364afcdb5c8 ch=113 start_time=2025-09-25T16:37:20.398161+00:00 flow_cell_id=AWX817 basecall_gpu=NVIDIA_Tegra_X2 protocol_group_id=ONT_trialEb_250925 sample_id=ONT_trail_250925 barcode=barcode14 barcode_alias=barcode14 parent_read_id=aecc81e9-86c2-49d5-a645-5790593a58dc basecall_model_version_id=dna_r10.4.1_e8.2_400bps_hac@v4.3.0
3727	0a93a712-c400-4e1b-9264-2b83d77d55d9 runid=0dfb5b492dc86ce99bf7c61c734eb364afcdb5c8 ch=92 start_time=2025-09-25T19:51:17.398161+00:00 flow_cell_id=AWX817 basecall_gpu=NVIDIA_Tegra_X2 protocol_group_id=ONT_trialEb_250925 sample_id=ONT_trail_250925 barcode=barcode24 barcode_alias=barcode24 parent_read_id=0a93a712-c400-4e1b-9264-2b83d77d55d9 basecall_model_version_id=dna_r10.4.1_e8.2_400bps_hac@v4.3.0
3727	aecb5bc3-4a48-40fc-bab4-8ac515768bdf runid=0dfb5b492dc86ce99bf7c61c734eb364afcdb5c8 ch=44 start_time=2025-09-25T15:49:05.398161+00:00 flow_cell_id=AWX817 basecall_gpu=NVIDIA_Tegra_X2 protocol_group_id=ONT_trialEb_250925 sample_id=ONT_trail_250925 barcode=barcode15 barcode_alias=barcode15 parent_read_id=e8206ac8-2610-46ae-81d5-7b2bd85515a3 basecall_model_version_id=dna_r10.4.1_e8.2_400bps_hac@v4.3.0 rc
3727	3e3898c0-3d54-4e3f-9fca-08fc0a45ef72 runid=0dfb5b492dc86ce99bf7c61c734eb364afcdb5c8 ch=6 start_time=2025-09-25T17:42:29.398161+00:00 flow_cell_id=AWX817 basecall_gpu=NVIDIA_Tegra_X2 protocol_group_id=ONT_trialEb_250925 sample_id=ONT_trail_250925 barcode=barcode13 barcode_alias=barcode13 parent_read_id=3e3898c0-3d54-4e3f-9fca-08fc0a45ef72 basecall_model_version_id=dna_r10.4.1_e8.2_400bps_hac@v4.3.0
3727	86c13297-9921-44fe-90cc-e8431633e49b runid=0dfb5b492dc86ce99bf7c61c734eb364afcdb5c8 ch=67 start_time=2025-09-26T05:59:41.398161+00:00 flow_cell_id=AWX817 basecall_gpu=NVIDIA_Tegra_X2 protocol_group_id=ONT_trialEb_250925 sample_id=ONT_trail_250925 barcode=barcode14 barcode_alias=barcode14 parent_read_id=86c13297-9921-44fe-90cc-e8431633e49b basecall_model_version_id=dna_r10.4.1_e8.2_400bps_hac@v4.3.0 rc
3727	a46df6c0-c613-417e-808d-576599dcc341 runid=0dfb5b492dc86ce99bf7c61c734eb364afcdb5c8 ch=94 start_time=2025-09-25T17:26:23.398161+00:00 flow_cell_id=AWX817 basecall_gpu=NVIDIA_Tegra_X2 protocol_group_id=ONT_trialEb_250925 sample_id=ONT_trail_250925 barcode=barcode15 barcode_alias=barcode15 parent_read_id=a46df6c0-c613-417e-808d-576599dcc341 basecall_model_version_id=dna_r10.4.1_e8.2_400bps_hac@v4.3.0
3727	3fd2b7d0-ef33-4d09-ba0c-94234400022e runid=0dfb5b492dc86ce99bf7c61c734eb364afcdb5c8 ch=92 start_time=2025-09-25T22:41:21.398161+00:00 flow_cell_id=AWX817 basecall_gpu=NVIDIA_Tegra_X2 protocol_group_id=ONT_trialEb_250925 sample_id=ONT_trail_250925 barcode=barcode15 barcode_alias=barcode15 parent_read_id=3fd2b7d0-ef33-4d09-ba0c-94234400022e basecall_model_version_id=dna_r10.4.1_e8.2_400bps_hac@v4.3.0
3727	290a590d-5a2f-418b-bf56-d9c871227e18 runid=0dfb5b492dc86ce99bf7c61c734eb364afcdb5c8 ch=41 start_time=2025-09-25T18:06:29.398161+00:00 flow_cell_id=AWX817 basecall_gpu=NVIDIA_Tegra_X2 protocol_group_id=ONT_trialEb_250925 sample_id=ONT_trail_250925 barcode=barcode15 barcode_alias=barcode15 parent_read_id=290a590d-5a2f-418b-bf56-d9c871227e18 basecall_model_version_id=dna_r10.4.1_e8.2_400bps_hac@v4.3.0
3727	51aa0825-b66c-48c3-a807-5ad99b963c57 runid=0dfb5b492dc86ce99bf7c61c734eb364afcdb5c8 ch=106 start_time=2025-09-25T17:08:34.398161+00:00 flow_cell_id=AWX817 basecall_gpu=NVIDIA_Tegra_X2 protocol_group_id=ONT_trialEb_250925 sample_id=ONT_trail_250925 barcode=barcode24 barcode_alias=barcode24 parent_read_id=51aa0825-b66c-48c3-a807-5ad99b963c57 basecall_model_version_id=dna_r10.4.1_e8.2_400bps_hac@v4.3.0
1	fe6b9fbf-6ba1-4735-9836-c872c77758d2 runid=0dfb5b492dc86ce99bf7c61c734eb364afcdb5c8 ch=44 start_time=2025-09-26T00:02:30.398161+00:00 flow_cell_id=AWX817 basecall_gpu=NVIDIA_Tegra_X2 protocol_group_id=ONT_trialEb_250925 sample_id=ONT_trail_250925 barcode=barcode13 barcode_alias=barcode13 parent_read_id=fe6b9fbf-6ba1-4735-9836-c872c77758d2 basecall_model_version_id=dna_r10.4.1_e8.2_400bps_hac@v4.3.0 rc
1	494c70ed-ef14-48d9-b44d-8569c69f356c runid=0dfb5b492dc86ce99bf7c61c734eb364afcdb5c8 ch=58 start_time=2025-09-25T20:12:22.398161+00:00 flow_cell_id=AWX817 basecall_gpu=NVIDIA_Tegra_X2 protocol_group_id=ONT_trialEb_250925 sample_id=ONT_trail_250925 barcode=barcode14 barcode_alias=barcode14 parent_read_id=494c70ed-ef14-48d9-b44d-8569c69f356c basecall_model_version_id=dna_r10.4.1_e8.2_400bps_hac@v4.3.0 rc
1	60ddeb2c-f73c-4a3c-aa2b-80a5162e1661 runid=0dfb5b492dc86ce99bf7c61c734eb364afcdb5c8 ch=44 start_time=2025-09-25T15:57:33.398161+00:00 flow_cell_id=AWX817 basecall_gpu=NVIDIA_Tegra_X2 protocol_group_id=ONT_trialEb_250925 sample_id=ONT_trail_250925 barcode=barcode13 barcode_alias=barcode13 parent_read_id=60ddeb2c-f73c-4a3c-aa2b-80a5162e1661 basecall_model_version_id=dna_r10.4.1_e8.2_400bps_hac@v4.3.0 rc
1	58b6a083-327c-4aa8-bcea-15b74c5aa7db runid=0dfb5b492dc86ce99bf7c61c734eb364afcdb5c8 ch=44 start_time=2025-09-26T02:26:28.398161+00:00 flow_cell_id=AWX817 basecall_gpu=NVIDIA_Tegra_X2 protocol_group_id=ONT_trialEb_250925 sample_id=ONT_trail_250925 barcode=barcode24 barcode_alias=barcode24 parent_read_id=58b6a083-327c-4aa8-bcea-15b74c5aa7db basecall_model_version_id=dna_r10.4.1_e8.2_400bps_hac@v4.3.0 rc
1	9a23de45-92d7-49af-9523-1ab9845113de runid=0dfb5b492dc86ce99bf7c61c734eb364afcdb5c8 ch=20 start_time=2025-09-25T16:27:49.398161+00:00 flow_cell_id=AWX817 basecall_gpu=NVIDIA_Tegra_X2 protocol_group_id=ONT_trialEb_250925 sample_id=ONT_trail_250925 barcode=barcode14 barcode_alias=barcode14 parent_read_id=9a23de45-92d7-49af-9523-1ab9845113de basecall_model_version_id=dna_r10.4.1_e8.2_400bps_hac@v4.3.0 rc
1	97face99-dae1-4440-b655-6b8b4e2a85e5 runid=0dfb5b492dc86ce99bf7c61c734eb364afcdb5c8 ch=15 start_time=2025-09-25T18:32:13.398161+00:00 flow_cell_id=AWX817 basecall_gpu=NVIDIA_Tegra_X2 protocol_group_id=ONT_trialEb_250925 sample_id=ONT_trail_250925 barcode=barcode24 barcode_alias=barcode24 parent_read_id=97face99-dae1-4440-b655-6b8b4e2a85e5 basecall_model_version_id=dna_r10.4.1_e8.2_400bps_hac@v4.3.0 rc
1	56c24ca2-0e10-4b10-b20c-a9c7c9509046 runid=0dfb5b492dc86ce99bf7c61c734eb364afcdb5c8 ch=4 start_time=2025-09-25T23:07:00.398161+00:00 flow_cell_id=AWX817 basecall_gpu=NVIDIA_Tegra_X2 protocol_group_id=ONT_trialEb_250925 sample_id=ONT_trail_250925 barcode=barcode24 barcode_alias=barcode24 parent_read_id=56c24ca2-0e10-4b10-b20c-a9c7c9509046 basecall_model_version_id=dna_r10.4.1_e8.2_400bps_hac@v4.3.0 rc
1	0ed53953-9c77-40a9-b0d5-529d5db107a5 runid=0dfb5b492dc86ce99bf7c61c734eb364afcdb5c8 ch=20 start_time=2025-09-26T00:35:16.398161+00:00 flow_cell_id=AWX817 basecall_gpu=NVIDIA_Tegra_X2 protocol_group_id=ONT_trialEb_250925 sample_id=ONT_trail_250925 barcode=barcode14 barcode_alias=barcode14 parent_read_id=0ed53953-9c77-40a9-b0d5-529d5db107a5 basecall_model_version_id=dna_r10.4.1_e8.2_400bps_hac@v4.3.0 rc
1	0ed53953-9c77-40a9-b0d5-529d5db107a5 runid=0dfb5b492dc86ce99bf7c61c734eb364afcdb5c8 ch=20 start_time=2025-09-26T00:35:16.398161+00:00 flow_cell_id=AWX817 basecall_gpu=NVIDIA_Tegra_X2 protocol_group_id=ONT_trialEb_250925 sample_id=ONT_trail_250925 barcode=barcode14 barcode_alias=barcode14 parent_read_id=0ed53953-9c77-40a9-b0d5-529d5db107a5 basecall_model_version_id=dna_r10.4.1_e8.2_400bps_hac@v4.3.0 rc
1	613abf77-7863-4606-86ef-54f1aebd819d runid=0dfb5b492dc86ce99bf7c61c734eb364afcdb5c8 ch=110 start_time=2025-09-25T18:42:35.398161+00:00 flow_cell_id=AWX817 basecall_gpu=NVIDIA_Tegra_X2 protocol_group_id=ONT_trialEb_250925 sample_id=ONT_trail_250925 barcode=barcode15 barcode_alias=barcode15 parent_read_id=613abf77-7863-4606-86ef-54f1aebd819d basecall_model_version_id=dna_r10.4.1_e8.2_400bps_hac@v4.3.0 rc
1	cd411e6e-3d31-4a37-adab-da472ad73d01 runid=0dfb5b492dc86ce99bf7c61c734eb364afcdb5c8 ch=6 start_time=2025-09-25T17:50:22.398161+00:00 flow_cell_id=AWX817 basecall_gpu=NVIDIA_Tegra_X2 protocol_group_id=ONT_trialEb_250925 sample_id=ONT_trail_250925 barcode=barcode15 barcode_alias=barcode15 parent_read_id=cd411e6e-3d31-4a37-adab-da472ad73d01 basecall_model_version_id=dna_r10.4.1_e8.2_400bps_hac@v4.3.0 rc
1	f31c7bba-56cd-4af1-af2b-0f63edcfb2fb runid=0dfb5b492dc86ce99bf7c61c734eb364afcdb5c8 ch=23 start_time=2025-09-25T18:14:30.398161+00:00 flow_cell_id=AWX817 basecall_gpu=NVIDIA_Tegra_X2 protocol_group_id=ONT_trialEb_250925 sample_id=ONT_trail_250925 barcode=barcode24 barcode_alias=barcode24 parent_read_id=f31c7bba-56cd-4af1-af2b-0f63edcfb2fb basecall_model_version_id=dna_r10.4.1_e8.2_400bps_hac@v4.3.0 rc
1	44c67220-59b1-4837-826d-c823e04fa9a9 runid=0dfb5b492dc86ce99bf7c61c734eb364afcdb5c8 ch=56 start_time=2025-09-25T18:01:39.398161+00:00 flow_cell_id=AWX817 basecall_gpu=NVIDIA_Tegra_X2 protocol_group_id=ONT_trialEb_250925 sample_id=ONT_trail_250925 barcode=barcode15 barcode_alias=barcode15 parent_read_id=44c67220-59b1-4837-826d-c823e04fa9a9 basecall_model_version_id=dna_r10.4.1_e8.2_400bps_hac@v4.3.0 rc
1	a6aceb9b-9a81-450d-942f-ca81b7675a99 runid=0dfb5b492dc86ce99bf7c61c734eb364afcdb5c8 ch=56 start_time=2025-09-25T15:54:25.398161+00:00 flow_cell_id=AWX817 basecall_gpu=NVIDIA_Tegra_X2 protocol_group_id=ONT_trialEb_250925 sample_id=ONT_trail_250925 barcode=barcode14 barcode_alias=barcode14 parent_read_id=a6aceb9b-9a81-450d-942f-ca81b7675a99 basecall_model_version_id=dna_r10.4.1_e8.2_400bps_hac@v4.3.0 rc
1	30ee28db-890d-4514-8041-b458f6a4a4c6 runid=0dfb5b492dc86ce99bf7c61c734eb364afcdb5c8 ch=20 start_time=2025-09-25T22:22:30.398161+00:00 flow_cell_id=AWX817 basecall_gpu=NVIDIA_Tegra_X2 protocol_group_id=ONT_trialEb_250925 sample_id=ONT_trail_250925 barcode=barcode15 barcode_alias=barcode15 parent_read_id=30ee28db-890d-4514-8041-b458f6a4a4c6 basecall_model_version_id=dna_r10.4.1_e8.2_400bps_hac@v4.3.0 rc
1	184f7c81-a006-4679-a937-5b8e39104fbd runid=0dfb5b492dc86ce99bf7c61c734eb364afcdb5c8 ch=56 start_time=2025-09-25T17:51:20.398161+00:00 flow_cell_id=AWX817 basecall_gpu=NVIDIA_Tegra_X2 protocol_group_id=ONT_trialEb_250925 sample_id=ONT_trail_250925 barcode=barcode14 barcode_alias=barcode14 parent_read_id=184f7c81-a006-4679-a937-5b8e39104fbd basecall_model_version_id=dna_r10.4.1_e8.2_400bps_hac@v4.3.0 rc
1	40cf48ad-58e5-48cc-b920-3318ebef592b runid=0dfb5b492dc86ce99bf7c61c734eb364afcdb5c8 ch=110 start_time=2025-09-25T19:48:09.398161+00:00 flow_cell_id=AWX817 basecall_gpu=NVIDIA_Tegra_X2 protocol_group_id=ONT_trialEb_250925 sample_id=ONT_trail_250925 barcode=barcode14 barcode_alias=barcode14 parent_read_id=40cf48ad-58e5-48cc-b920-3318ebef592b basecall_model_version_id=dna_r10.4.1_e8.2_400bps_hac@v4.3.0 rc
1	6d0835ba-2100-4766-9a37-9133e0a3aaba runid=0dfb5b492dc86ce99bf7c61c734eb364afcdb5c8 ch=110 start_time=2025-09-25T15:48:52.398161+00:00 flow_cell_id=AWX817 basecall_gpu=NVIDIA_Tegra_X2 protocol_group_id=ONT_trialEb_250925 sample_id=ONT_trail_250925 barcode=barcode13 barcode_alias=barcode13 parent_read_id=6d0835ba-2100-4766-9a37-9133e0a3aaba basecall_model_version_id=dna_r10.4.1_e8.2_400bps_hac@v4.3.0 rc
1	8ef2e6ed-1e5f-4509-81f5-97a2cda732c8 runid=0dfb5b492dc86ce99bf7c61c734eb364afcdb5c8 ch=4 start_time=2025-09-26T00:22:38.398161+00:00 flow_cell_id=AWX817 basecall_gpu=NVIDIA_Tegra_X2 protocol_group_id=ONT_trialEb_250925 sample_id=ONT_trail_250925 barcode=barcode14 barcode_alias=barcode14 parent_read_id=8ef2e6ed-1e5f-4509-81f5-97a2cda732c8 basecall_model_version_id=dna_r10.4.1_e8.2_400bps_hac@v4.3.0 rc
1	b93a3c43-a6a1-4288-8229-9cf7dab72557 runid=0dfb5b492dc86ce99bf7c61c734eb364afcdb5c8 ch=93 start_time=2025-09-25T18:38:03.398161+00:00 flow_cell_id=AWX817 basecall_gpu=NVIDIA_Tegra_X2 protocol_group_id=ONT_trialEb_250925 sample_id=ONT_trail_250925 barcode=barcode13 barcode_alias=barcode13 parent_read_id=b93a3c43-a6a1-4288-8229-9cf7dab72557 basecall_model_version_id=dna_r10.4.1_e8.2_400bps_hac@v4.3.0 rc
1	7e0745c9-1309-4b07-bd74-8585389473ba runid=0dfb5b492dc86ce99bf7c61c734eb364afcdb5c8 ch=44 start_time=2025-09-25T16:12:29.398161+00:00 flow_cell_id=AWX817 basecall_gpu=NVIDIA_Tegra_X2 protocol_group_id=ONT_trialEb_250925 sample_id=ONT_trail_250925 barcode=barcode13 barcode_alias=barcode13 parent_read_id=7e0745c9-1309-4b07-bd74-8585389473ba basecall_model_version_id=dna_r10.4.1_e8.2_400bps_hac@v4.3.0 rc
1	4240ec0e-4c61-48d6-9d11-330a7ea62a66 runid=0dfb5b492dc86ce99bf7c61c734eb364afcdb5c8 ch=92 start_time=2025-09-26T09:00:08.398161+00:00 flow_cell_id=AWX817 basecall_gpu=NVIDIA_Tegra_X2 protocol_group_id=ONT_trialEb_250925 sample_id=ONT_trail_250925 barcode=barcode13 barcode_alias=barcode13 parent_read_id=4240ec0e-4c61-48d6-9d11-330a7ea62a66 basecall_model_version_id=dna_r10.4.1_e8.2_400bps_hac@v4.3.0 rc
1	2527ad8c-8f66-41f1-800f-d82ee6128e4a runid=0dfb5b492dc86ce99bf7c61c734eb364afcdb5c8 ch=15 start_time=2025-09-25T17:33:30.398161+00:00 flow_cell_id=AWX817 basecall_gpu=NVIDIA_Tegra_X2 protocol_group_id=ONT_trialEb_250925 sample_id=ONT_trail_250925 barcode=barcode13 barcode_alias=barcode13 parent_read_id=2527ad8c-8f66-41f1-800f-d82ee6128e4a basecall_model_version_id=dna_r10.4.1_e8.2_400bps_hac@v4.3.0 rc
1	9ff12030-fe29-4505-be66-bf23b2bee63e runid=0dfb5b492dc86ce99bf7c61c734eb364afcdb5c8 ch=57 start_time=2025-09-25T17:07:18.398161+00:00 flow_cell_id=AWX817 basecall_gpu=NVIDIA_Tegra_X2 protocol_group_id=ONT_trialEb_250925 sample_id=ONT_trail_250925 barcode=barcode13 barcode_alias=barcode13 parent_read_id=9ff12030-fe29-4505-be66-bf23b2bee63e basecall_model_version_id=dna_r10.4.1_e8.2_400bps_hac@v4.3.0
1	73af068e-3e1d-43f9-98fd-e7d1f1fe5221 runid=0dfb5b492dc86ce99bf7c61c734eb364afcdb5c8 ch=44 start_time=2025-09-26T02:04:50.398161+00:00 flow_cell_id=AWX817 basecall_gpu=NVIDIA_Tegra_X2 protocol_group_id=ONT_trialEb_250925 sample_id=ONT_trail_250925 barcode=barcode14 barcode_alias=barcode14 parent_read_id=73af068e-3e1d-43f9-98fd-e7d1f1fe5221 basecall_model_version_id=dna_r10.4.1_e8.2_400bps_hac@v4.3.0 rc
1	62efdab6-9e1d-4416-9b8b-d6cb446f2dc5 runid=0dfb5b492dc86ce99bf7c61c734eb364afcdb5c8 ch=110 start_time=2025-09-25T20:21:49.398161+00:00 flow_cell_id=AWX817 basecall_gpu=NVIDIA_Tegra_X2 protocol_group_id=ONT_trialEb_250925 sample_id=ONT_trail_250925 barcode=barcode24 barcode_alias=barcode24 parent_read_id=62efdab6-9e1d-4416-9b8b-d6cb446f2dc5 basecall_model_version_id=dna_r10.4.1_e8.2_400bps_hac@v4.3.0 rc
1	eb69bc2a-83d5-4d5b-a024-f59d287f828d runid=0dfb5b492dc86ce99bf7c61c734eb364afcdb5c8 ch=58 start_time=2025-09-25T18:26:50.398161+00:00 flow_cell_id=AWX817 basecall_gpu=NVIDIA_Tegra_X2 protocol_group_id=ONT_trialEb_250925 sample_id=ONT_trail_250925 barcode=barcode13 barcode_alias=barcode13 parent_read_id=eb69bc2a-83d5-4d5b-a024-f59d287f828d basecall_model_version_id=dna_r10.4.1_e8.2_400bps_hac@v4.3.0 rc
1	30027076-1490-4e8e-84b8-28124b88f2ea runid=0dfb5b492dc86ce99bf7c61c734eb364afcdb5c8 ch=49 start_time=2025-09-26T11:18:20.398161+00:00 flow_cell_id=AWX817 basecall_gpu=NVIDIA_Tegra_X2 protocol_group_id=ONT_trialEb_250925 sample_id=ONT_trail_250925 barcode=barcode13 barcode_alias=barcode13 parent_read_id=30027076-1490-4e8e-84b8-28124b88f2ea basecall_model_version_id=dna_r10.4.1_e8.2_400bps_hac@v4.3.0 rc
1	b56e1048-d188-4eb0-93cb-80d8eb75802f runid=0dfb5b492dc86ce99bf7c61c734eb364afcdb5c8 ch=4 start_time=2025-09-25T16:01:13.398161+00:00 flow_cell_id=AWX817 basecall_gpu=NVIDIA_Tegra_X2 protocol_group_id=ONT_trialEb_250925 sample_id=ONT_trail_250925 barcode=barcode24 barcode_alias=barcode24 parent_read_id=b56e1048-d188-4eb0-93cb-80d8eb75802f basecall_model_version_id=dna_r10.4.1_e8.2_400bps_hac@v4.3.0
1	f6b9e252-b74d-4ed5-9104-9f82c4583d47 runid=0dfb5b492dc86ce99bf7c61c734eb364afcdb5c8 ch=40 start_time=2025-09-25T19:32:19.398161+00:00 flow_cell_id=AWX817 basecall_gpu=NVIDIA_Tegra_X2 protocol_group_id=ONT_trialEb_250925 sample_id=ONT_trail_250925 barcode=barcode13 barcode_alias=barcode13 parent_read_id=f6b9e252-b74d-4ed5-9104-9f82c4583d47 basecall_model_version_id=dna_r10.4.1_e8.2_400bps_hac@v4.3.0 rc
1	6164883c-a42a-4e68-ad6c-3eda8dea477b runid=0dfb5b492dc86ce99bf7c61c734eb364afcdb5c8 ch=44 start_time=2025-09-26T03:24:49.398161+00:00 flow_cell_id=AWX817 basecall_gpu=NVIDIA_Tegra_X2 protocol_group_id=ONT_trialEb_250925 sample_id=ONT_trail_250925 barcode=barcode14 barcode_alias=barcode14 parent_read_id=6164883c-a42a-4e68-ad6c-3eda8dea477b basecall_model_version_id=dna_r10.4.1_e8.2_400bps_hac@v4.3.0 rc
1	cec91cb3-c12e-419b-be52-99d29224732d runid=0dfb5b492dc86ce99bf7c61c734eb364afcdb5c8 ch=77 start_time=2025-09-25T23:20:55.398161+00:00 flow_cell_id=AWX817 basecall_gpu=NVIDIA_Tegra_X2 protocol_group_id=ONT_trialEb_250925 sample_id=ONT_trail_250925 barcode=barcode13 barcode_alias=barcode13 parent_read_id=cec91cb3-c12e-419b-be52-99d29224732d basecall_model_version_id=dna_r10.4.1_e8.2_400bps_hac@v4.3.0 rc
1	3707b316-8152-46e4-93d9-98a7b795ab3e runid=0dfb5b492dc86ce99bf7c61c734eb364afcdb5c8 ch=108 start_time=2025-09-25T17:22:56.398161+00:00 flow_cell_id=AWX817 basecall_gpu=NVIDIA_Tegra_X2 protocol_group_id=ONT_trialEb_250925 sample_id=ONT_trail_250925 barcode=barcode13 barcode_alias=barcode13 parent_read_id=3707b316-8152-46e4-93d9-98a7b795ab3e basecall_model_version_id=dna_r10.4.1_e8.2_400bps_hac@v4.3.0
1	1be42f44-9bcc-430b-a082-4fbde30bfbe1 runid=0dfb5b492dc86ce99bf7c61c734eb364afcdb5c8 ch=57 start_time=2025-09-25T18:13:30.398161+00:00 flow_cell_id=AWX817 basecall_gpu=NVIDIA_Tegra_X2 protocol_group_id=ONT_trialEb_250925 sample_id=ONT_trail_250925 barcode=barcode14 barcode_alias=barcode14 parent_read_id=1be42f44-9bcc-430b-a082-4fbde30bfbe1 basecall_model_version_id=dna_r10.4.1_e8.2_400bps_hac@v4.3.0 rc
1	88d55ec8-8553-4554-91c4-2c8fec60af5e runid=0dfb5b492dc86ce99bf7c61c734eb364afcdb5c8 ch=44 start_time=2025-09-26T03:25:12.398161+00:00 flow_cell_id=AWX817 basecall_gpu=NVIDIA_Tegra_X2 protocol_group_id=ONT_trialEb_250925 sample_id=ONT_trail_250925 barcode=barcode24 barcode_alias=barcode24 parent_read_id=88d55ec8-8553-4554-91c4-2c8fec60af5e basecall_model_version_id=dna_r10.4.1_e8.2_400bps_hac@v4.3.0 rc
1	5c83847f-487b-4d84-9d92-31cad9cd40f9 runid=0dfb5b492dc86ce99bf7c61c734eb364afcdb5c8 ch=39 start_time=2025-09-25T21:33:14.398161+00:00 flow_cell_id=AWX817 basecall_gpu=NVIDIA_Tegra_X2 protocol_group_id=ONT_trialEb_250925 sample_id=ONT_trail_250925 barcode=barcode13 barcode_alias=barcode13 parent_read_id=5c83847f-487b-4d84-9d92-31cad9cd40f9 basecall_model_version_id=dna_r10.4.1_e8.2_400bps_hac@v4.3.0
1	2649e136-0404-4e0f-a599-aa0ba4d1bf4d runid=0dfb5b492dc86ce99bf7c61c734eb364afcdb5c8 ch=44 start_time=2025-09-25T21:02:16.398161+00:00 flow_cell_id=AWX817 basecall_gpu=NVIDIA_Tegra_X2 protocol_group_id=ONT_trialEb_250925 sample_id=ONT_trail_250925 barcode=barcode14 barcode_alias=barcode14 parent_read_id=87db311c-3219-4a84-aff4-8e4dd0294687 basecall_model_version_id=dna_r10.4.1_e8.2_400bps_hac@v4.3.0
1	3b71f71e-9157-4d2a-aeac-ba39cc6b3b67 runid=0dfb5b492dc86ce99bf7c61c734eb364afcdb5c8 ch=49 start_time=2025-09-26T10:01:42.398161+00:00 flow_cell_id=AWX817 basecall_gpu=NVIDIA_Tegra_X2 protocol_group_id=ONT_trialEb_250925 sample_id=ONT_trail_250925 barcode=barcode13 barcode_alias=barcode13 parent_read_id=3b71f71e-9157-4d2a-aeac-ba39cc6b3b67 basecall_model_version_id=dna_r10.4.1_e8.2_400bps_hac@v4.3.0 rc
1	6701786e-7d2a-4370-b127-6aaf5de95876 runid=0dfb5b492dc86ce99bf7c61c734eb364afcdb5c8 ch=41 start_time=2025-09-25T18:02:48.398161+00:00 flow_cell_id=AWX817 basecall_gpu=NVIDIA_Tegra_X2 protocol_group_id=ONT_trialEb_250925 sample_id=ONT_trail_250925 barcode=barcode14 barcode_alias=barcode14 parent_read_id=6701786e-7d2a-4370-b127-6aaf5de95876 basecall_model_version_id=dna_r10.4.1_e8.2_400bps_hac@v4.3.0 rc
1	cf36e58f-b905-446c-ac18-a45c83a1d145 runid=0dfb5b492dc86ce99bf7c61c734eb364afcdb5c8 ch=44 start_time=2025-09-25T22:10:12.398161+00:00 flow_cell_id=AWX817 basecall_gpu=NVIDIA_Tegra_X2 protocol_group_id=ONT_trialEb_250925 sample_id=ONT_trail_250925 barcode=barcode14 barcode_alias=barcode14 parent_read_id=cf36e58f-b905-446c-ac18-a45c83a1d145 basecall_model_version_id=dna_r10.4.1_e8.2_400bps_hac@v4.3.0 rc
1	c9387e50-e657-4627-8581-8dceade68e76 runid=0dfb5b492dc86ce99bf7c61c734eb364afcdb5c8 ch=44 start_time=2025-09-25T19:03:01.398161+00:00 flow_cell_id=AWX817 basecall_gpu=NVIDIA_Tegra_X2 protocol_group_id=ONT_trialEb_250925 sample_id=ONT_trail_250925 barcode=barcode14 barcode_alias=barcode14 parent_read_id=c9387e50-e657-4627-8581-8dceade68e76 basecall_model_version_id=dna_r10.4.1_e8.2_400bps_hac@v4.3.0 rc
1	7cdcaf3b-5085-48c3-9bc7-74f033d8d4e0 runid=0dfb5b492dc86ce99bf7c61c734eb364afcdb5c8 ch=57 start_time=2025-09-25T16:47:38.398161+00:00 flow_cell_id=AWX817 basecall_gpu=NVIDIA_Tegra_X2 protocol_group_id=ONT_trialEb_250925 sample_id=ONT_trail_250925 barcode=barcode24 barcode_alias=barcode24 parent_read_id=7cdcaf3b-5085-48c3-9bc7-74f033d8d4e0 basecall_model_version_id=dna_r10.4.1_e8.2_400bps_hac@v4.3.0 rc
1	e2c26de2-dc33-4c93-8035-38822bc3b9c4 runid=0dfb5b492dc86ce99bf7c61c734eb364afcdb5c8 ch=73 start_time=2025-09-25T21:39:08.398161+00:00 flow_cell_id=AWX817 basecall_gpu=NVIDIA_Tegra_X2 protocol_group_id=ONT_trialEb_250925 sample_id=ONT_trail_250925 barcode=barcode24 barcode_alias=barcode24 parent_read_id=e2c26de2-dc33-4c93-8035-38822bc3b9c4 basecall_model_version_id=dna_r10.4.1_e8.2_400bps_hac@v4.3.0 rc
1	a94d46bf-8b08-4d6c-8029-09c0e2630f54 runid=0dfb5b492dc86ce99bf7c61c734eb364afcdb5c8 ch=77 start_time=2025-09-25T16:04:51.398161+00:00 flow_cell_id=AWX817 basecall_gpu=NVIDIA_Tegra_X2 protocol_group_id=ONT_trialEb_250925 sample_id=ONT_trail_250925 barcode=barcode14 barcode_alias=barcode14 parent_read_id=a94d46bf-8b08-4d6c-8029-09c0e2630f54 basecall_model_version_id=dna_r10.4.1_e8.2_400bps_hac@v4.3.0 rc
1	e200c37f-d7bc-4fa2-8d23-8d2870cb9c15 runid=0dfb5b492dc86ce99bf7c61c734eb364afcdb5c8 ch=4 start_time=2025-09-25T17:44:40.398161+00:00 flow_cell_id=AWX817 basecall_gpu=NVIDIA_Tegra_X2 protocol_group_id=ONT_trialEb_250925 sample_id=ONT_trail_250925 barcode=barcode13 barcode_alias=barcode13 parent_read_id=e200c37f-d7bc-4fa2-8d23-8d2870cb9c15 basecall_model_version_id=dna_r10.4.1_e8.2_400bps_hac@v4.3.0 rc
1	c5d6f6cd-8152-413a-aaa7-4db8799fc82c runid=0dfb5b492dc86ce99bf7c61c734eb364afcdb5c8 ch=20 start_time=2025-09-26T07:08:41.398161+00:00 flow_cell_id=AWX817 basecall_gpu=NVIDIA_Tegra_X2 protocol_group_id=ONT_trialEb_250925 sample_id=ONT_trail_250925 barcode=barcode24 barcode_alias=barcode24 parent_read_id=c5d6f6cd-8152-413a-aaa7-4db8799fc82c basecall_model_version_id=dna_r10.4.1_e8.2_400bps_hac@v4.3.0 rc
1	2ffd15b0-25b7-40a9-b9a1-e2c4fc77f23e runid=0dfb5b492dc86ce99bf7c61c734eb364afcdb5c8 ch=40 start_time=2025-09-25T16:12:28.398161+00:00 flow_cell_id=AWX817 basecall_gpu=NVIDIA_Tegra_X2 protocol_group_id=ONT_trialEb_250925 sample_id=ONT_trail_250925 barcode=barcode14 barcode_alias=barcode14 parent_read_id=2ffd15b0-25b7-40a9-b9a1-e2c4fc77f23e basecall_model_version_id=dna_r10.4.1_e8.2_400bps_hac@v4.3.0 rc
1	b5f2c1e2-5c5d-424d-aa7a-8f90629d03d9 runid=0dfb5b492dc86ce99bf7c61c734eb364afcdb5c8 ch=4 start_time=2025-09-25T23:01:35.398161+00:00 flow_cell_id=AWX817 basecall_gpu=NVIDIA_Tegra_X2 protocol_group_id=ONT_trialEb_250925 sample_id=ONT_trail_250925 barcode=barcode15 barcode_alias=barcode15 parent_read_id=b5f2c1e2-5c5d-424d-aa7a-8f90629d03d9 basecall_model_version_id=dna_r10.4.1_e8.2_400bps_hac@v4.3.0
1	8ac6a5a7-8eea-4892-ba5f-6b758ee3420e runid=0dfb5b492dc86ce99bf7c61c734eb364afcdb5c8 ch=5 start_time=2025-09-25T17:53:19.398161+00:00 flow_cell_id=AWX817 basecall_gpu=NVIDIA_Tegra_X2 protocol_group_id=ONT_trialEb_250925 sample_id=ONT_trail_250925 barcode=barcode13 barcode_alias=barcode13 parent_read_id=8ac6a5a7-8eea-4892-ba5f-6b758ee3420e basecall_model_version_id=dna_r10.4.1_e8.2_400bps_hac@v4.3.0 rc
1	39d7b592-d9e1-481b-a119-ce64c3364d78 runid=0dfb5b492dc86ce99bf7c61c734eb364afcdb5c8 ch=4 start_time=2025-09-26T05:10:23.398161+00:00 flow_cell_id=AWX817 basecall_gpu=NVIDIA_Tegra_X2 protocol_group_id=ONT_trialEb_250925 sample_id=ONT_trail_250925 barcode=barcode14 barcode_alias=barcode14 parent_read_id=39d7b592-d9e1-481b-a119-ce64c3364d78 basecall_model_version_id=dna_r10.4.1_e8.2_400bps_hac@v4.3.0 rc
1	ef5957c8-cb1e-4d40-82e0-c3a2e3fde1a4 runid=0dfb5b492dc86ce99bf7c61c734eb364afcdb5c8 ch=58 start_time=2025-09-25T22:17:01.398161+00:00 flow_cell_id=AWX817 basecall_gpu=NVIDIA_Tegra_X2 protocol_group_id=ONT_trialEb_250925 sample_id=ONT_trail_250925 barcode=barcode13 barcode_alias=barcode13 parent_read_id=ef5957c8-cb1e-4d40-82e0-c3a2e3fde1a4 basecall_model_version_id=dna_r10.4.1_e8.2_400bps_hac@v4.3.0 rc
1	656628a9-5625-4c4a-9a26-09b6f06356a2 runid=0dfb5b492dc86ce99bf7c61c734eb364afcdb5c8 ch=100 start_time=2025-09-25T22:16:11.398161+00:00 flow_cell_id=AWX817 basecall_gpu=NVIDIA_Tegra_X2 protocol_group_id=ONT_trialEb_250925 sample_id=ONT_trail_250925 barcode=barcode14 barcode_alias=barcode14 parent_read_id=656628a9-5625-4c4a-9a26-09b6f06356a2 basecall_model_version_id=dna_r10.4.1_e8.2_400bps_hac@v4.3.0 rc
1	fa3dec53-48b5-4268-b4ae-6067ce625310 runid=0dfb5b492dc86ce99bf7c61c734eb364afcdb5c8 ch=56 start_time=2025-09-25T18:12:01.398161+00:00 flow_cell_id=AWX817 basecall_gpu=NVIDIA_Tegra_X2 protocol_group_id=ONT_trialEb_250925 sample_id=ONT_trail_250925 barcode=barcode15 barcode_alias=barcode15 parent_read_id=fa3dec53-48b5-4268-b4ae-6067ce625310 basecall_model_version_id=dna_r10.4.1_e8.2_400bps_hac@v4.3.0
1	4c43368a-fcbc-43fb-b575-ee142ccf063d runid=0dfb5b492dc86ce99bf7c61c734eb364afcdb5c8 ch=77 start_time=2025-09-26T00:27:17.398161+00:00 flow_cell_id=AWX817 basecall_gpu=NVIDIA_Tegra_X2 protocol_group_id=ONT_trialEb_250925 sample_id=ONT_trail_250925 barcode=barcode13 barcode_alias=barcode13 parent_read_id=4c43368a-fcbc-43fb-b575-ee142ccf063d basecall_model_version_id=dna_r10.4.1_e8.2_400bps_hac@v4.3.0 rc
1	8fb6ea01-2880-466f-9a8a-e3f20ff581c3 runid=0dfb5b492dc86ce99bf7c61c734eb364afcdb5c8 ch=73 start_time=2025-09-25T21:54:36.398161+00:00 flow_cell_id=AWX817 basecall_gpu=NVIDIA_Tegra_X2 protocol_group_id=ONT_trialEb_250925 sample_id=ONT_trail_250925 barcode=barcode24 barcode_alias=barcode24 parent_read_id=8fb6ea01-2880-466f-9a8a-e3f20ff581c3 basecall_model_version_id=dna_r10.4.1_e8.2_400bps_hac@v4.3.0 rc
1	f6cbb2f3-7edc-455f-a001-ccc7c245f6af runid=0dfb5b492dc86ce99bf7c61c734eb364afcdb5c8 ch=57 start_time=2025-09-26T10:23:55.398161+00:00 flow_cell_id=AWX817 basecall_gpu=NVIDIA_Tegra_X2 protocol_group_id=ONT_trialEb_250925 sample_id=ONT_trail_250925 barcode=barcode24 barcode_alias=barcode24 parent_read_id=f6cbb2f3-7edc-455f-a001-ccc7c245f6af basecall_model_version_id=dna_r10.4.1_e8.2_400bps_hac@v4.3.0 rc
1	d0848dc1-4328-4e32-b414-4cd846278fdc runid=0dfb5b492dc86ce99bf7c61c734eb364afcdb5c8 ch=44 start_time=2025-09-25T20:41:11.398161+00:00 flow_cell_id=AWX817 basecall_gpu=NVIDIA_Tegra_X2 protocol_group_id=ONT_trialEb_250925 sample_id=ONT_trail_250925 barcode=barcode13 barcode_alias=barcode13 parent_read_id=d0848dc1-4328-4e32-b414-4cd846278fdc basecall_model_version_id=dna_r10.4.1_e8.2_400bps_hac@v4.3.0 rc
1	b3969a5c-e66d-4db2-a16b-8c7e2006fadd runid=0dfb5b492dc86ce99bf7c61c734eb364afcdb5c8 ch=44 start_time=2025-09-26T05:12:42.398161+00:00 flow_cell_id=AWX817 basecall_gpu=NVIDIA_Tegra_X2 protocol_group_id=ONT_trialEb_250925 sample_id=ONT_trail_250925 barcode=barcode14 barcode_alias=barcode14 parent_read_id=b3969a5c-e66d-4db2-a16b-8c7e2006fadd basecall_model_version_id=dna_r10.4.1_e8.2_400bps_hac@v4.3.0 rc
1	c567ad90-c034-440c-b119-d6e4891ba1a0 runid=0dfb5b492dc86ce99bf7c61c734eb364afcdb5c8 ch=58 start_time=2025-09-25T17:19:44.398161+00:00 flow_cell_id=AWX817 basecall_gpu=NVIDIA_Tegra_X2 protocol_group_id=ONT_trialEb_250925 sample_id=ONT_trail_250925 barcode=barcode24 barcode_alias=barcode24 parent_read_id=c567ad90-c034-440c-b119-d6e4891ba1a0 basecall_model_version_id=dna_r10.4.1_e8.2_400bps_hac@v4.3.0 rc
1	8b3a8c19-b9cd-480e-9416-9768ee81ddbd runid=0dfb5b492dc86ce99bf7c61c734eb364afcdb5c8 ch=110 start_time=2025-09-25T17:50:29.398161+00:00 flow_cell_id=AWX817 basecall_gpu=NVIDIA_Tegra_X2 protocol_group_id=ONT_trialEb_250925 sample_id=ONT_trail_250925 barcode=barcode13 barcode_alias=barcode13 parent_read_id=8b3a8c19-b9cd-480e-9416-9768ee81ddbd basecall_model_version_id=dna_r10.4.1_e8.2_400bps_hac@v4.3.0 rc
1	0fe14238-ac21-4f11-8fa7-fa31f1bd1dd6 runid=0dfb5b492dc86ce99bf7c61c734eb364afcdb5c8 ch=40 start_time=2025-09-25T16:32:58.398161+00:00 flow_cell_id=AWX817 basecall_gpu=NVIDIA_Tegra_X2 protocol_group_id=ONT_trialEb_250925 sample_id=ONT_trail_250925 barcode=barcode15 barcode_alias=barcode15 parent_read_id=0fe14238-ac21-4f11-8fa7-fa31f1bd1dd6 basecall_model_version_id=dna_r10.4.1_e8.2_400bps_hac@v4.3.0 rc
1	23f423ad-2629-4db7-a71d-655b6019bb5b runid=0dfb5b492dc86ce99bf7c61c734eb364afcdb5c8 ch=39 start_time=2025-09-26T01:39:32.398161+00:00 flow_cell_id=AWX817 basecall_gpu=NVIDIA_Tegra_X2 protocol_group_id=ONT_trialEb_250925 sample_id=ONT_trail_250925 barcode=barcode14 barcode_alias=barcode14 parent_read_id=23f423ad-2629-4db7-a71d-655b6019bb5b basecall_model_version_id=dna_r10.4.1_e8.2_400bps_hac@v4.3.0 rc
1	36ace89a-2d3b-4c08-aa10-0458872b5965 runid=0dfb5b492dc86ce99bf7c61c734eb364afcdb5c8 ch=114 start_time=2025-09-25T15:47:12.398161+00:00 flow_cell_id=AWX817 basecall_gpu=NVIDIA_Tegra_X2 protocol_group_id=ONT_trialEb_250925 sample_id=ONT_trail_250925 barcode=barcode14 barcode_alias=barcode14 parent_read_id=36ace89a-2d3b-4c08-aa10-0458872b5965 basecall_model_version_id=dna_r10.4.1_e8.2_400bps_hac@v4.3.0
1	ba83510b-c5b0-4c60-8bd5-065302458318 runid=0dfb5b492dc86ce99bf7c61c734eb364afcdb5c8 ch=44 start_time=2025-09-26T04:47:36.398161+00:00 flow_cell_id=AWX817 basecall_gpu=NVIDIA_Tegra_X2 protocol_group_id=ONT_trialEb_250925 sample_id=ONT_trail_250925 barcode=barcode24 barcode_alias=barcode24 parent_read_id=ba83510b-c5b0-4c60-8bd5-065302458318 basecall_model_version_id=dna_r10.4.1_e8.2_400bps_hac@v4.3.0 rc
1	8fe78991-3743-4f4f-8e7b-bdcf8be21124 runid=0dfb5b492dc86ce99bf7c61c734eb364afcdb5c8 ch=40 start_time=2025-09-25T18:08:05.398161+00:00 flow_cell_id=AWX817 basecall_gpu=NVIDIA_Tegra_X2 protocol_group_id=ONT_trialEb_250925 sample_id=ONT_trail_250925 barcode=barcode14 barcode_alias=barcode14 parent_read_id=8fe78991-3743-4f4f-8e7b-bdcf8be21124 basecall_model_version_id=dna_r10.4.1_e8.2_400bps_hac@v4.3.0 rc
1	33f27142-2ef7-4bff-a0c4-c294107b5b15 runid=0dfb5b492dc86ce99bf7c61c734eb364afcdb5c8 ch=44 start_time=2025-09-25T16:55:03.398161+00:00 flow_cell_id=AWX817 basecall_gpu=NVIDIA_Tegra_X2 protocol_group_id=ONT_trialEb_250925 sample_id=ONT_trail_250925 barcode=barcode13 barcode_alias=barcode13 parent_read_id=33f27142-2ef7-4bff-a0c4-c294107b5b15 basecall_model_version_id=dna_r10.4.1_e8.2_400bps_hac@v4.3.0 rc
1	c3625baa-c4ad-4256-8107-b22feee77cb1 runid=0dfb5b492dc86ce99bf7c61c734eb364afcdb5c8 ch=56 start_time=2025-09-25T16:46:07.398161+00:00 flow_cell_id=AWX817 basecall_gpu=NVIDIA_Tegra_X2 protocol_group_id=ONT_trialEb_250925 sample_id=ONT_trail_250925 barcode=barcode15 barcode_alias=barcode15 parent_read_id=c3625baa-c4ad-4256-8107-b22feee77cb1 basecall_model_version_id=dna_r10.4.1_e8.2_400bps_hac@v4.3.0
1	268813b1-cef0-40d3-9c61-235621823e24 runid=0dfb5b492dc86ce99bf7c61c734eb364afcdb5c8 ch=5 start_time=2025-09-25T16:36:56.398161+00:00 flow_cell_id=AWX817 basecall_gpu=NVIDIA_Tegra_X2 protocol_group_id=ONT_trialEb_250925 sample_id=ONT_trail_250925 barcode=barcode13 barcode_alias=barcode13 parent_read_id=268813b1-cef0-40d3-9c61-235621823e24 basecall_model_version_id=dna_r10.4.1_e8.2_400bps_hac@v4.3.0 rc
1	803067a6-4c8f-4027-93a5-62b9baff5ce8 runid=0dfb5b492dc86ce99bf7c61c734eb364afcdb5c8 ch=49 start_time=2025-09-25T18:33:59.398161+00:00 flow_cell_id=AWX817 basecall_gpu=NVIDIA_Tegra_X2 protocol_group_id=ONT_trialEb_250925 sample_id=ONT_trail_250925 barcode=barcode15 barcode_alias=barcode15 parent_read_id=803067a6-4c8f-4027-93a5-62b9baff5ce8 basecall_model_version_id=dna_r10.4.1_e8.2_400bps_hac@v4.3.0
1	27fb0bed-cc22-4a96-91df-09f1bb78ef9a runid=0dfb5b492dc86ce99bf7c61c734eb364afcdb5c8 ch=49 start_time=2025-09-26T10:03:37.398161+00:00 flow_cell_id=AWX817 basecall_gpu=NVIDIA_Tegra_X2 protocol_group_id=ONT_trialEb_250925 sample_id=ONT_trail_250925 barcode=barcode24 barcode_alias=barcode24 parent_read_id=27fb0bed-cc22-4a96-91df-09f1bb78ef9a basecall_model_version_id=dna_r10.4.1_e8.2_400bps_hac@v4.3.0 rc
1	d07c0d89-4678-45f2-9a4f-01c67ac09d0a runid=0dfb5b492dc86ce99bf7c61c734eb364afcdb5c8 ch=4 start_time=2025-09-25T18:57:34.398161+00:00 flow_cell_id=AWX817 basecall_gpu=NVIDIA_Tegra_X2 protocol_group_id=ONT_trialEb_250925 sample_id=ONT_trail_250925 barcode=barcode15 barcode_alias=barcode15 parent_read_id=d07c0d89-4678-45f2-9a4f-01c67ac09d0a basecall_model_version_id=dna_r10.4.1_e8.2_400bps_hac@v4.3.0 rc
1	425c1456-c0a5-4102-9cb7-aeb45470d74e runid=0dfb5b492dc86ce99bf7c61c734eb364afcdb5c8 ch=91 start_time=2025-09-25T17:34:45.398161+00:00 flow_cell_id=AWX817 basecall_gpu=NVIDIA_Tegra_X2 protocol_group_id=ONT_trialEb_250925 sample_id=ONT_trail_250925 barcode=barcode13 barcode_alias=barcode13 parent_read_id=425c1456-c0a5-4102-9cb7-aeb45470d74e basecall_model_version_id=dna_r10.4.1_e8.2_400bps_hac@v4.3.0 rc
1	4d78b239-f6b6-4a4c-8e30-08f0278bb0d1 runid=0dfb5b492dc86ce99bf7c61c734eb364afcdb5c8 ch=4 start_time=2025-09-25T18:02:19.398161+00:00 flow_cell_id=AWX817 basecall_gpu=NVIDIA_Tegra_X2 protocol_group_id=ONT_trialEb_250925 sample_id=ONT_trail_250925 barcode=barcode24 barcode_alias=barcode24 parent_read_id=4d78b239-f6b6-4a4c-8e30-08f0278bb0d1 basecall_model_version_id=dna_r10.4.1_e8.2_400bps_hac@v4.3.0 rc
1	82e80bfd-b2d9-4733-8b02-a667b76ce9e8 runid=0dfb5b492dc86ce99bf7c61c734eb364afcdb5c8 ch=58 start_time=2025-09-25T19:05:49.398161+00:00 flow_cell_id=AWX817 basecall_gpu=NVIDIA_Tegra_X2 protocol_group_id=ONT_trialEb_250925 sample_id=ONT_trail_250925 barcode=barcode13 barcode_alias=barcode13 parent_read_id=82e80bfd-b2d9-4733-8b02-a667b76ce9e8 basecall_model_version_id=dna_r10.4.1_e8.2_400bps_hac@v4.3.0
1	11997882-9de3-48fc-ac4e-c326d5a70d23 runid=0dfb5b492dc86ce99bf7c61c734eb364afcdb5c8 ch=93 start_time=2025-09-25T17:35:38.398161+00:00 flow_cell_id=AWX817 basecall_gpu=NVIDIA_Tegra_X2 protocol_group_id=ONT_trialEb_250925 sample_id=ONT_trail_250925 barcode=barcode24 barcode_alias=barcode24 parent_read_id=11997882-9de3-48fc-ac4e-c326d5a70d23 basecall_model_version_id=dna_r10.4.1_e8.2_400bps_hac@v4.3.0 rc
1	eeb9dc3b-0ca1-4706-8a86-6eb1ddc6f7b4 runid=0dfb5b492dc86ce99bf7c61c734eb364afcdb5c8 ch=20 start_time=2025-09-26T05:55:59.398161+00:00 flow_cell_id=AWX817 basecall_gpu=NVIDIA_Tegra_X2 protocol_group_id=ONT_trialEb_250925 sample_id=ONT_trail_250925 barcode=barcode13 barcode_alias=barcode13 parent_read_id=eeb9dc3b-0ca1-4706-8a86-6eb1ddc6f7b4 basecall_model_version_id=dna_r10.4.1_e8.2_400bps_hac@v4.3.0 rc
1	96468ce7-8a15-40ba-bc8e-77da91a1e97f runid=0dfb5b492dc86ce99bf7c61c734eb364afcdb5c8 ch=5 start_time=2025-09-25T18:06:35.398161+00:00 flow_cell_id=AWX817 basecall_gpu=NVIDIA_Tegra_X2 protocol_group_id=ONT_trialEb_250925 sample_id=ONT_trail_250925 barcode=barcode24 barcode_alias=barcode24 parent_read_id=96468ce7-8a15-40ba-bc8e-77da91a1e97f basecall_model_version_id=dna_r10.4.1_e8.2_400bps_hac@v4.3.0 rc
1	a93108b1-6b30-486d-a838-b62f7b082179 runid=0dfb5b492dc86ce99bf7c61c734eb364afcdb5c8 ch=44 start_time=2025-09-26T03:37:56.398161+00:00 flow_cell_id=AWX817 basecall_gpu=NVIDIA_Tegra_X2 protocol_group_id=ONT_trialEb_250925 sample_id=ONT_trail_250925 barcode=barcode14 barcode_alias=barcode14 parent_read_id=a93108b1-6b30-486d-a838-b62f7b082179 basecall_model_version_id=dna_r10.4.1_e8.2_400bps_hac@v4.3.0 rc
1	c919f483-ae67-420a-b64f-421eaca1fe87 runid=0dfb5b492dc86ce99bf7c61c734eb364afcdb5c8 ch=110 start_time=2025-09-25T18:53:45.398161+00:00 flow_cell_id=AWX817 basecall_gpu=NVIDIA_Tegra_X2 protocol_group_id=ONT_trialEb_250925 sample_id=ONT_trail_250925 barcode=barcode14 barcode_alias=barcode14 parent_read_id=c919f483-ae67-420a-b64f-421eaca1fe87 basecall_model_version_id=dna_r10.4.1_e8.2_400bps_hac@v4.3.0 rc
1	9a8af36b-79bd-4ec9-8669-aead78df5362 runid=0dfb5b492dc86ce99bf7c61c734eb364afcdb5c8 ch=20 start_time=2025-09-25T20:48:51.398161+00:00 flow_cell_id=AWX817 basecall_gpu=NVIDIA_Tegra_X2 protocol_group_id=ONT_trialEb_250925 sample_id=ONT_trail_250925 barcode=barcode14 barcode_alias=barcode14 parent_read_id=9a8af36b-79bd-4ec9-8669-aead78df5362 basecall_model_version_id=dna_r10.4.1_e8.2_400bps_hac@v4.3.0 rc
1	85f9e231-99d1-4a70-9865-9b46c73e95e9 runid=0dfb5b492dc86ce99bf7c61c734eb364afcdb5c8 ch=110 start_time=2025-09-25T17:02:37.398161+00:00 flow_cell_id=AWX817 basecall_gpu=NVIDIA_Tegra_X2 protocol_group_id=ONT_trialEb_250925 sample_id=ONT_trail_250925 barcode=barcode13 barcode_alias=barcode13 parent_read_id=8a3df035-7349-4cd9-8b0c-c4bc26ddb272 basecall_model_version_id=dna_r10.4.1_e8.2_400bps_hac@v4.3.0
1	06fd6e6f-ff8a-4cf1-b3b9-bfa2dccd5326 runid=0dfb5b492dc86ce99bf7c61c734eb364afcdb5c8 ch=4 start_time=2025-09-25T21:21:49.398161+00:00 flow_cell_id=AWX817 basecall_gpu=NVIDIA_Tegra_X2 protocol_group_id=ONT_trialEb_250925 sample_id=ONT_trail_250925 barcode=barcode13 barcode_alias=barcode13 parent_read_id=5f4620d3-3a5b-4e30-9b57-ae783e6de5fd basecall_model_version_id=dna_r10.4.1_e8.2_400bps_hac@v4.3.0 rc
1	c55d9e1b-2a03-464d-9f6b-ee35785acc04 runid=0dfb5b492dc86ce99bf7c61c734eb364afcdb5c8 ch=20 start_time=2025-09-25T17:30:50.398161+00:00 flow_cell_id=AWX817 basecall_gpu=NVIDIA_Tegra_X2 protocol_group_id=ONT_trialEb_250925 sample_id=ONT_trail_250925 barcode=barcode15 barcode_alias=barcode15 parent_read_id=c55d9e1b-2a03-464d-9f6b-ee35785acc04 basecall_model_version_id=dna_r10.4.1_e8.2_400bps_hac@v4.3.0 rc
1	5b117e5f-d7be-4267-87ab-2fb7954026bb runid=0dfb5b492dc86ce99bf7c61c734eb364afcdb5c8 ch=113 start_time=2025-09-25T17:02:21.398161+00:00 flow_cell_id=AWX817 basecall_gpu=NVIDIA_Tegra_X2 protocol_group_id=ONT_trialEb_250925 sample_id=ONT_trail_250925 barcode=barcode13 barcode_alias=barcode13 parent_read_id=5b117e5f-d7be-4267-87ab-2fb7954026bb basecall_model_version_id=dna_r10.4.1_e8.2_400bps_hac@v4.3.0 rc
1	714c7eab-24d0-4202-9fa0-2b30639ff140 runid=0dfb5b492dc86ce99bf7c61c734eb364afcdb5c8 ch=80 start_time=2025-09-25T18:36:33.398161+00:00 flow_cell_id=AWX817 basecall_gpu=NVIDIA_Tegra_X2 protocol_group_id=ONT_trialEb_250925 sample_id=ONT_trail_250925 barcode=barcode24 barcode_alias=barcode24 parent_read_id=714c7eab-24d0-4202-9fa0-2b30639ff140 basecall_model_version_id=dna_r10.4.1_e8.2_400bps_hac@v4.3.0 rc
1	7f97d1da-3556-44cb-abfc-6596cfc8329a runid=0dfb5b492dc86ce99bf7c61c734eb364afcdb5c8 ch=113 start_time=2025-09-25T16:11:36.398161+00:00 flow_cell_id=AWX817 basecall_gpu=NVIDIA_Tegra_X2 protocol_group_id=ONT_trialEb_250925 sample_id=ONT_trail_250925 barcode=barcode13 barcode_alias=barcode13 parent_read_id=7f97d1da-3556-44cb-abfc-6596cfc8329a basecall_model_version_id=dna_r10.4.1_e8.2_400bps_hac@v4.3.0 rc
1	cc67d606-0951-4fe8-8738-2e65297fc6b4 runid=0dfb5b492dc86ce99bf7c61c734eb364afcdb5c8 ch=39 start_time=2025-09-25T20:04:27.398161+00:00 flow_cell_id=AWX817 basecall_gpu=NVIDIA_Tegra_X2 protocol_group_id=ONT_trialEb_250925 sample_id=ONT_trail_250925 barcode=barcode24 barcode_alias=barcode24 parent_read_id=cc67d606-0951-4fe8-8738-2e65297fc6b4 basecall_model_version_id=dna_r10.4.1_e8.2_400bps_hac@v4.3.0 rc
1	7edf4a74-fe3b-473b-8333-dc328fc53686 runid=0dfb5b492dc86ce99bf7c61c734eb364afcdb5c8 ch=44 start_time=2025-09-25T23:02:11.398161+00:00 flow_cell_id=AWX817 basecall_gpu=NVIDIA_Tegra_X2 protocol_group_id=ONT_trialEb_250925 sample_id=ONT_trail_250925 barcode=barcode13 barcode_alias=barcode13 parent_read_id=7edf4a74-fe3b-473b-8333-dc328fc53686 basecall_model_version_id=dna_r10.4.1_e8.2_400bps_hac@v4.3.0 rc
1	c643f03e-7933-436a-8d34-97f5135e7d34 runid=0dfb5b492dc86ce99bf7c61c734eb364afcdb5c8 ch=49 start_time=2025-09-26T11:45:40.398161+00:00 flow_cell_id=AWX817 basecall_gpu=NVIDIA_Tegra_X2 protocol_group_id=ONT_trialEb_250925 sample_id=ONT_trail_250925 barcode=barcode14 barcode_alias=barcode14 parent_read_id=c643f03e-7933-436a-8d34-97f5135e7d34 basecall_model_version_id=dna_r10.4.1_e8.2_400bps_hac@v4.3.0 rc
1	c672f597-f25e-448c-b3e0-3f7e5d40dd70 runid=0dfb5b492dc86ce99bf7c61c734eb364afcdb5c8 ch=113 start_time=2025-09-25T16:44:53.398161+00:00 flow_cell_id=AWX817 basecall_gpu=NVIDIA_Tegra_X2 protocol_group_id=ONT_trialEb_250925 sample_id=ONT_trail_250925 barcode=barcode14 barcode_alias=barcode14 parent_read_id=c672f597-f25e-448c-b3e0-3f7e5d40dd70 basecall_model_version_id=dna_r10.4.1_e8.2_400bps_hac@v4.3.0 rc
1	6741a3aa-76b1-4001-895e-54e66463df16 runid=0dfb5b492dc86ce99bf7c61c734eb364afcdb5c8 ch=20 start_time=2025-09-26T05:38:33.398161+00:00 flow_cell_id=AWX817 basecall_gpu=NVIDIA_Tegra_X2 protocol_group_id=ONT_trialEb_250925 sample_id=ONT_trail_250925 barcode=barcode24 barcode_alias=barcode24 parent_read_id=6741a3aa-76b1-4001-895e-54e66463df16 basecall_model_version_id=dna_r10.4.1_e8.2_400bps_hac@v4.3.0 rc
1	8d0ac141-e70b-47a2-ac33-cd43183e4acc runid=0dfb5b492dc86ce99bf7c61c734eb364afcdb5c8 ch=20 start_time=2025-09-25T19:14:41.398161+00:00 flow_cell_id=AWX817 basecall_gpu=NVIDIA_Tegra_X2 protocol_group_id=ONT_trialEb_250925 sample_id=ONT_trail_250925 barcode=barcode14 barcode_alias=barcode14 parent_read_id=8d0ac141-e70b-47a2-ac33-cd43183e4acc basecall_model_version_id=dna_r10.4.1_e8.2_400bps_hac@v4.3.0 rc
1	c19ce39f-c57d-49c7-b297-a21da967bfd7 runid=0dfb5b492dc86ce99bf7c61c734eb364afcdb5c8 ch=41 start_time=2025-09-25T19:44:22.398161+00:00 flow_cell_id=AWX817 basecall_gpu=NVIDIA_Tegra_X2 protocol_group_id=ONT_trialEb_250925 sample_id=ONT_trail_250925 barcode=barcode15 barcode_alias=barcode15 parent_read_id=c19ce39f-c57d-49c7-b297-a21da967bfd7 basecall_model_version_id=dna_r10.4.1_e8.2_400bps_hac@v4.3.0 rc
1	42f0a6d0-7cec-4080-b324-b0ac7f7d440f runid=0dfb5b492dc86ce99bf7c61c734eb364afcdb5c8 ch=93 start_time=2025-09-25T17:21:37.398161+00:00 flow_cell_id=AWX817 basecall_gpu=NVIDIA_Tegra_X2 protocol_group_id=ONT_trialEb_250925 sample_id=ONT_trail_250925 barcode=barcode14 barcode_alias=barcode14 parent_read_id=42f0a6d0-7cec-4080-b324-b0ac7f7d440f basecall_model_version_id=dna_r10.4.1_e8.2_400bps_hac@v4.3.0 rc
1	54ec98e5-3055-43a1-a840-5f4a6a3bff27 runid=0dfb5b492dc86ce99bf7c61c734eb364afcdb5c8 ch=44 start_time=2025-09-25T18:30:56.398161+00:00 flow_cell_id=AWX817 basecall_gpu=NVIDIA_Tegra_X2 protocol_group_id=ONT_trialEb_250925 sample_id=ONT_trail_250925 barcode=barcode13 barcode_alias=barcode13 parent_read_id=54ec98e5-3055-43a1-a840-5f4a6a3bff27 basecall_model_version_id=dna_r10.4.1_e8.2_400bps_hac@v4.3.0 rc
1	ac07bb0f-8b64-4689-bd00-e3b2e7c6cbc2 runid=0dfb5b492dc86ce99bf7c61c734eb364afcdb5c8 ch=106 start_time=2025-09-25T21:08:44.398161+00:00 flow_cell_id=AWX817 basecall_gpu=NVIDIA_Tegra_X2 protocol_group_id=ONT_trialEb_250925 sample_id=ONT_trail_250925 barcode=barcode24 barcode_alias=barcode24 parent_read_id=ac07bb0f-8b64-4689-bd00-e3b2e7c6cbc2 basecall_model_version_id=dna_r10.4.1_e8.2_400bps_hac@v4.3.0 rc
1	eb529cc6-c2f2-4073-936a-ae1138cea0ab runid=0dfb5b492dc86ce99bf7c61c734eb364afcdb5c8 ch=58 start_time=2025-09-25T22:11:02.398161+00:00 flow_cell_id=AWX817 basecall_gpu=NVIDIA_Tegra_X2 protocol_group_id=ONT_trialEb_250925 sample_id=ONT_trail_250925 barcode=barcode14 barcode_alias=barcode14 parent_read_id=eb529cc6-c2f2-4073-936a-ae1138cea0ab basecall_model_version_id=dna_r10.4.1_e8.2_400bps_hac@v4.3.0 rc
1	e877ada1-589e-4c17-be41-da2d229b7ed1 runid=0dfb5b492dc86ce99bf7c61c734eb364afcdb5c8 ch=15 start_time=2025-09-25T17:29:53.398161+00:00 flow_cell_id=AWX817 basecall_gpu=NVIDIA_Tegra_X2 protocol_group_id=ONT_trialEb_250925 sample_id=ONT_trail_250925 barcode=barcode14 barcode_alias=barcode14 parent_read_id=e877ada1-589e-4c17-be41-da2d229b7ed1 basecall_model_version_id=dna_r10.4.1_e8.2_400bps_hac@v4.3.0
1	afe8b396-4f9e-4b8c-9907-0cd31f8f9538 runid=0dfb5b492dc86ce99bf7c61c734eb364afcdb5c8 ch=20 start_time=2025-09-25T21:02:44.398161+00:00 flow_cell_id=AWX817 basecall_gpu=NVIDIA_Tegra_X2 protocol_group_id=ONT_trialEb_250925 sample_id=ONT_trail_250925 barcode=barcode15 barcode_alias=barcode15 parent_read_id=afe8b396-4f9e-4b8c-9907-0cd31f8f9538 basecall_model_version_id=dna_r10.4.1_e8.2_400bps_hac@v4.3.0 rc
1	3b1ef19b-1a83-4fc0-985b-edd792be9131 runid=0dfb5b492dc86ce99bf7c61c734eb364afcdb5c8 ch=110 start_time=2025-09-25T20:20:32.398161+00:00 flow_cell_id=AWX817 basecall_gpu=NVIDIA_Tegra_X2 protocol_group_id=ONT_trialEb_250925 sample_id=ONT_trail_250925 barcode=barcode14 barcode_alias=barcode14 parent_read_id=3b1ef19b-1a83-4fc0-985b-edd792be9131 basecall_model_version_id=dna_r10.4.1_e8.2_400bps_hac@v4.3.0
1	3b1ef19b-1a83-4fc0-985b-edd792be9131 runid=0dfb5b492dc86ce99bf7c61c734eb364afcdb5c8 ch=110 start_time=2025-09-25T20:20:32.398161+00:00 flow_cell_id=AWX817 basecall_gpu=NVIDIA_Tegra_X2 protocol_group_id=ONT_trialEb_250925 sample_id=ONT_trail_250925 barcode=barcode14 barcode_alias=barcode14 parent_read_id=3b1ef19b-1a83-4fc0-985b-edd792be9131 basecall_model_version_id=dna_r10.4.1_e8.2_400bps_hac@v4.3.0
1	18876620-3217-40f6-9b09-2c9cdc379477 runid=0dfb5b492dc86ce99bf7c61c734eb364afcdb5c8 ch=44 start_time=2025-09-25T17:58:17.398161+00:00 flow_cell_id=AWX817 basecall_gpu=NVIDIA_Tegra_X2 protocol_group_id=ONT_trialEb_250925 sample_id=ONT_trail_250925 barcode=barcode15 barcode_alias=barcode15 parent_read_id=18876620-3217-40f6-9b09-2c9cdc379477 basecall_model_version_id=dna_r10.4.1_e8.2_400bps_hac@v4.3.0 rc
1	154c9802-3568-4491-955f-d1e7e8c5de6e runid=0dfb5b492dc86ce99bf7c61c734eb364afcdb5c8 ch=4 start_time=2025-09-26T03:34:16.398161+00:00 flow_cell_id=AWX817 basecall_gpu=NVIDIA_Tegra_X2 protocol_group_id=ONT_trialEb_250925 sample_id=ONT_trail_250925 barcode=barcode14 barcode_alias=barcode14 parent_read_id=154c9802-3568-4491-955f-d1e7e8c5de6e basecall_model_version_id=dna_r10.4.1_e8.2_400bps_hac@v4.3.0 rc
1	154c9802-3568-4491-955f-d1e7e8c5de6e runid=0dfb5b492dc86ce99bf7c61c734eb364afcdb5c8 ch=4 start_time=2025-09-26T03:34:16.398161+00:00 flow_cell_id=AWX817 basecall_gpu=NVIDIA_Tegra_X2 protocol_group_id=ONT_trialEb_250925 sample_id=ONT_trail_250925 barcode=barcode14 barcode_alias=barcode14 parent_read_id=154c9802-3568-4491-955f-d1e7e8c5de6e basecall_model_version_id=dna_r10.4.1_e8.2_400bps_hac@v4.3.0 rc
1	92dd8630-acb9-40f4-b733-c47a83a9188c runid=0dfb5b492dc86ce99bf7c61c734eb364afcdb5c8 ch=44 start_time=2025-09-26T05:27:44.398161+00:00 flow_cell_id=AWX817 basecall_gpu=NVIDIA_Tegra_X2 protocol_group_id=ONT_trialEb_250925 sample_id=ONT_trail_250925 barcode=barcode24 barcode_alias=barcode24 parent_read_id=92dd8630-acb9-40f4-b733-c47a83a9188c basecall_model_version_id=dna_r10.4.1_e8.2_400bps_hac@v4.3.0
1	6217b8a7-1460-485f-99de-941cf05adb52 runid=0dfb5b492dc86ce99bf7c61c734eb364afcdb5c8 ch=43 start_time=2025-09-25T16:19:04.398161+00:00 flow_cell_id=AWX817 basecall_gpu=NVIDIA_Tegra_X2 protocol_group_id=ONT_trialEb_250925 sample_id=ONT_trail_250925 barcode=barcode14 barcode_alias=barcode14 parent_read_id=6217b8a7-1460-485f-99de-941cf05adb52 basecall_model_version_id=dna_r10.4.1_e8.2_400bps_hac@v4.3.0 rc
1	0d07f50a-2b88-4d8c-9c57-d813b2b6f6c2 runid=0dfb5b492dc86ce99bf7c61c734eb364afcdb5c8 ch=44 start_time=2025-09-26T02:11:09.398161+00:00 flow_cell_id=AWX817 basecall_gpu=NVIDIA_Tegra_X2 protocol_group_id=ONT_trialEb_250925 sample_id=ONT_trail_250925 barcode=barcode24 barcode_alias=barcode24 parent_read_id=0d07f50a-2b88-4d8c-9c57-d813b2b6f6c2 basecall_model_version_id=dna_r10.4.1_e8.2_400bps_hac@v4.3.0 rc
1	0530e13c-68d1-4e64-aeb5-41d2db37b091 runid=0dfb5b492dc86ce99bf7c61c734eb364afcdb5c8 ch=43 start_time=2025-09-25T18:36:53.398161+00:00 flow_cell_id=AWX817 basecall_gpu=NVIDIA_Tegra_X2 protocol_group_id=ONT_trialEb_250925 sample_id=ONT_trail_250925 barcode=barcode15 barcode_alias=barcode15 parent_read_id=0530e13c-68d1-4e64-aeb5-41d2db37b091 basecall_model_version_id=dna_r10.4.1_e8.2_400bps_hac@v4.3.0 rc
1	00429772-439f-4318-b386-19a9f435eaaa runid=0dfb5b492dc86ce99bf7c61c734eb364afcdb5c8 ch=85 start_time=2025-09-25T23:04:34.398161+00:00 flow_cell_id=AWX817 basecall_gpu=NVIDIA_Tegra_X2 protocol_group_id=ONT_trialEb_250925 sample_id=ONT_trail_250925 barcode=barcode15 barcode_alias=barcode15 parent_read_id=00429772-439f-4318-b386-19a9f435eaaa basecall_model_version_id=dna_r10.4.1_e8.2_400bps_hac@v4.3.0 rc
1	29ec9d3d-2979-4ff8-bf5c-710845c58d15 runid=0dfb5b492dc86ce99bf7c61c734eb364afcdb5c8 ch=79 start_time=2025-09-25T17:44:01.398161+00:00 flow_cell_id=AWX817 basecall_gpu=NVIDIA_Tegra_X2 protocol_group_id=ONT_trialEb_250925 sample_id=ONT_trail_250925 barcode=barcode13 barcode_alias=barcode13 parent_read_id=29ec9d3d-2979-4ff8-bf5c-710845c58d15 basecall_model_version_id=dna_r10.4.1_e8.2_400bps_hac@v4.3.0 rc
1	6ddfabf0-061d-480e-ab2e-977cdb4d39aa runid=0dfb5b492dc86ce99bf7c61c734eb364afcdb5c8 ch=44 start_time=2025-09-25T22:19:13.398161+00:00 flow_cell_id=AWX817 basecall_gpu=NVIDIA_Tegra_X2 protocol_group_id=ONT_trialEb_250925 sample_id=ONT_trail_250925 barcode=barcode14 barcode_alias=barcode14 parent_read_id=6ddfabf0-061d-480e-ab2e-977cdb4d39aa basecall_model_version_id=dna_r10.4.1_e8.2_400bps_hac@v4.3.0
1	19cafa6f-ebf6-4f64-8cd8-a6708b86d04b runid=0dfb5b492dc86ce99bf7c61c734eb364afcdb5c8 ch=57 start_time=2025-09-25T16:40:57.398161+00:00 flow_cell_id=AWX817 basecall_gpu=NVIDIA_Tegra_X2 protocol_group_id=ONT_trialEb_250925 sample_id=ONT_trail_250925 barcode=barcode13 barcode_alias=barcode13 parent_read_id=19cafa6f-ebf6-4f64-8cd8-a6708b86d04b basecall_model_version_id=dna_r10.4.1_e8.2_400bps_hac@v4.3.0 rc
1	93b1f9dd-9060-4d81-9cfc-20084c6795e5 runid=0dfb5b492dc86ce99bf7c61c734eb364afcdb5c8 ch=20 start_time=2025-09-26T05:35:17.398161+00:00 flow_cell_id=AWX817 basecall_gpu=NVIDIA_Tegra_X2 protocol_group_id=ONT_trialEb_250925 sample_id=ONT_trail_250925 barcode=barcode14 barcode_alias=barcode14 parent_read_id=93b1f9dd-9060-4d81-9cfc-20084c6795e5 basecall_model_version_id=dna_r10.4.1_e8.2_400bps_hac@v4.3.0 rc
1	c6b0f8c9-bf40-4562-a168-259aa24a055e runid=0dfb5b492dc86ce99bf7c61c734eb364afcdb5c8 ch=110 start_time=2025-09-25T16:11:30.398161+00:00 flow_cell_id=AWX817 basecall_gpu=NVIDIA_Tegra_X2 protocol_group_id=ONT_trialEb_250925 sample_id=ONT_trail_250925 barcode=barcode15 barcode_alias=barcode15 parent_read_id=c6b0f8c9-bf40-4562-a168-259aa24a055e basecall_model_version_id=dna_r10.4.1_e8.2_400bps_hac@v4.3.0 rc
1	294836c6-bc30-4053-8f29-a294c924b31a runid=0dfb5b492dc86ce99bf7c61c734eb364afcdb5c8 ch=106 start_time=2025-09-25T17:31:57.398161+00:00 flow_cell_id=AWX817 basecall_gpu=NVIDIA_Tegra_X2 protocol_group_id=ONT_trialEb_250925 sample_id=ONT_trail_250925 barcode=barcode13 barcode_alias=barcode13 parent_read_id=294836c6-bc30-4053-8f29-a294c924b31a basecall_model_version_id=dna_r10.4.1_e8.2_400bps_hac@v4.3.0
1	2afa6468-1900-4c4f-9fcd-b317229ebfe1 runid=0dfb5b492dc86ce99bf7c61c734eb364afcdb5c8 ch=4 start_time=2025-09-25T16:49:28.398161+00:00 flow_cell_id=AWX817 basecall_gpu=NVIDIA_Tegra_X2 protocol_group_id=ONT_trialEb_250925 sample_id=ONT_trail_250925 barcode=barcode14 barcode_alias=barcode14 parent_read_id=2afa6468-1900-4c4f-9fcd-b317229ebfe1 basecall_model_version_id=dna_r10.4.1_e8.2_400bps_hac@v4.3.0 rc
1	bde47a9b-3c47-41e2-8981-f6a2c2ca2086 runid=0dfb5b492dc86ce99bf7c61c734eb364afcdb5c8 ch=4 start_time=2025-09-25T17:32:36.398161+00:00 flow_cell_id=AWX817 basecall_gpu=NVIDIA_Tegra_X2 protocol_group_id=ONT_trialEb_250925 sample_id=ONT_trail_250925 barcode=barcode24 barcode_alias=barcode24 parent_read_id=bde47a9b-3c47-41e2-8981-f6a2c2ca2086 basecall_model_version_id=dna_r10.4.1_e8.2_400bps_hac@v4.3.0
1	0d474d94-acb7-4024-916c-0ade5d1592a7 runid=0dfb5b492dc86ce99bf7c61c734eb364afcdb5c8 ch=49 start_time=2025-09-26T09:23:50.398161+00:00 flow_cell_id=AWX817 basecall_gpu=NVIDIA_Tegra_X2 protocol_group_id=ONT_trialEb_250925 sample_id=ONT_trail_250925 barcode=barcode14 barcode_alias=barcode14 parent_read_id=0d474d94-acb7-4024-916c-0ade5d1592a7 basecall_model_version_id=dna_r10.4.1_e8.2_400bps_hac@v4.3.0 rc
1	b5749e9f-7ae0-4c9a-b63e-252e25ad0da8 runid=0dfb5b492dc86ce99bf7c61c734eb364afcdb5c8 ch=73 start_time=2025-09-25T19:06:48.398161+00:00 flow_cell_id=AWX817 basecall_gpu=NVIDIA_Tegra_X2 protocol_group_id=ONT_trialEb_250925 sample_id=ONT_trail_250925 barcode=barcode13 barcode_alias=barcode13 parent_read_id=b5749e9f-7ae0-4c9a-b63e-252e25ad0da8 basecall_model_version_id=dna_r10.4.1_e8.2_400bps_hac@v4.3.0 rc
1	aa5f7497-295d-4ef5-8597-c5f1c0135dd1 runid=0dfb5b492dc86ce99bf7c61c734eb364afcdb5c8 ch=57 start_time=2025-09-25T17:42:43.398161+00:00 flow_cell_id=AWX817 basecall_gpu=NVIDIA_Tegra_X2 protocol_group_id=ONT_trialEb_250925 sample_id=ONT_trail_250925 barcode=barcode24 barcode_alias=barcode24 parent_read_id=aa5f7497-295d-4ef5-8597-c5f1c0135dd1 basecall_model_version_id=dna_r10.4.1_e8.2_400bps_hac@v4.3.0 rc
1	982be9f6-8b02-45d0-a1f0-e0639a6eb4e9 runid=0dfb5b492dc86ce99bf7c61c734eb364afcdb5c8 ch=20 start_time=2025-09-25T19:20:36.398161+00:00 flow_cell_id=AWX817 basecall_gpu=NVIDIA_Tegra_X2 protocol_group_id=ONT_trialEb_250925 sample_id=ONT_trail_250925 barcode=barcode24 barcode_alias=barcode24 parent_read_id=982be9f6-8b02-45d0-a1f0-e0639a6eb4e9 basecall_model_version_id=dna_r10.4.1_e8.2_400bps_hac@v4.3.0 rc
1	8d7cdbf4-c80e-4799-8cbe-e6b054902c8a runid=0dfb5b492dc86ce99bf7c61c734eb364afcdb5c8 ch=58 start_time=2025-09-25T20:18:38.398161+00:00 flow_cell_id=AWX817 basecall_gpu=NVIDIA_Tegra_X2 protocol_group_id=ONT_trialEb_250925 sample_id=ONT_trail_250925 barcode=barcode15 barcode_alias=barcode15 parent_read_id=8d7cdbf4-c80e-4799-8cbe-e6b054902c8a basecall_model_version_id=dna_r10.4.1_e8.2_400bps_hac@v4.3.0 rc
1	2bb42150-37bd-4574-ba5a-58f7b9eddf6c runid=0dfb5b492dc86ce99bf7c61c734eb364afcdb5c8 ch=44 start_time=2025-09-26T02:33:23.398161+00:00 flow_cell_id=AWX817 basecall_gpu=NVIDIA_Tegra_X2 protocol_group_id=ONT_trialEb_250925 sample_id=ONT_trail_250925 barcode=barcode13 barcode_alias=barcode13 parent_read_id=2bb42150-37bd-4574-ba5a-58f7b9eddf6c basecall_model_version_id=dna_r10.4.1_e8.2_400bps_hac@v4.3.0
1	23635bd9-266b-4188-92bf-ace59269a9ee runid=0dfb5b492dc86ce99bf7c61c734eb364afcdb5c8 ch=94 start_time=2025-09-25T16:57:12.398161+00:00 flow_cell_id=AWX817 basecall_gpu=NVIDIA_Tegra_X2 protocol_group_id=ONT_trialEb_250925 sample_id=ONT_trail_250925 barcode=barcode13 barcode_alias=barcode13 parent_read_id=23635bd9-266b-4188-92bf-ace59269a9ee basecall_model_version_id=dna_r10.4.1_e8.2_400bps_hac@v4.3.0 rc
1	8e797d3b-bd88-4d4a-bf2c-1bde9f3828ca runid=0dfb5b492dc86ce99bf7c61c734eb364afcdb5c8 ch=44 start_time=2025-09-26T02:51:24.398161+00:00 flow_cell_id=AWX817 basecall_gpu=NVIDIA_Tegra_X2 protocol_group_id=ONT_trialEb_250925 sample_id=ONT_trail_250925 barcode=barcode13 barcode_alias=barcode13 parent_read_id=8e797d3b-bd88-4d4a-bf2c-1bde9f3828ca basecall_model_version_id=dna_r10.4.1_e8.2_400bps_hac@v4.3.0 rc
5566	c67cbd7d-144f-43b0-832e-c7d5056caece runid=0dfb5b492dc86ce99bf7c61c734eb364afcdb5c8 ch=5 start_time=2025-09-25T20:31:31.398161+00:00 flow_cell_id=AWX817 basecall_gpu=NVIDIA_Tegra_X2 protocol_group_id=ONT_trialEb_250925 sample_id=ONT_trail_250925 barcode=barcode15 barcode_alias=barcode15 parent_read_id=c67cbd7d-144f-43b0-832e-c7d5056caece basecall_model_version_id=dna_r10.4.1_e8.2_400bps_hac@v4.3.0 rc
5566	4bf1829b-a51a-4d62-b19b-a67d042d5448 runid=0dfb5b492dc86ce99bf7c61c734eb364afcdb5c8 ch=18 start_time=2025-09-25T18:54:56.398161+00:00 flow_cell_id=AWX817 basecall_gpu=NVIDIA_Tegra_X2 protocol_group_id=ONT_trialEb_250925 sample_id=ONT_trail_250925 barcode=barcode24 barcode_alias=barcode24 parent_read_id=4bf1829b-a51a-4d62-b19b-a67d042d5448 basecall_model_version_id=dna_r10.4.1_e8.2_400bps_hac@v4.3.0 rc
5566	4d7f2c2a-a8ff-4b97-8146-6c5aa6f5d22e runid=0dfb5b492dc86ce99bf7c61c734eb364afcdb5c8 ch=15 start_time=2025-09-25T17:39:08.398161+00:00 flow_cell_id=AWX817 basecall_gpu=NVIDIA_Tegra_X2 protocol_group_id=ONT_trialEb_250925 sample_id=ONT_trail_250925 barcode=barcode13 barcode_alias=barcode13 parent_read_id=48b108df-e9a2-45b1-82eb-02f254528af3 basecall_model_version_id=dna_r10.4.1_e8.2_400bps_hac@v4.3.0 rc
5566	fe57ad38-4e30-4854-ac3d-78a27211f8a7 runid=0dfb5b492dc86ce99bf7c61c734eb364afcdb5c8 ch=44 start_time=2025-09-25T16:10:38.398161+00:00 flow_cell_id=AWX817 basecall_gpu=NVIDIA_Tegra_X2 protocol_group_id=ONT_trialEb_250925 sample_id=ONT_trail_250925 barcode=barcode14 barcode_alias=barcode14 parent_read_id=fe57ad38-4e30-4854-ac3d-78a27211f8a7 basecall_model_version_id=dna_r10.4.1_e8.2_400bps_hac@v4.3.0
5566	5f189f80-802a-4d9b-b422-86bcda53a268 runid=0dfb5b492dc86ce99bf7c61c734eb364afcdb5c8 ch=106 start_time=2025-09-25T18:38:56.398161+00:00 flow_cell_id=AWX817 basecall_gpu=NVIDIA_Tegra_X2 protocol_group_id=ONT_trialEb_250925 sample_id=ONT_trail_250925 barcode=barcode14 barcode_alias=barcode14 parent_read_id=5f189f80-802a-4d9b-b422-86bcda53a268 basecall_model_version_id=dna_r10.4.1_e8.2_400bps_hac@v4.3.0
5566	29e18bce-5d12-4f2d-bb7d-f5728df6c273 runid=0dfb5b492dc86ce99bf7c61c734eb364afcdb5c8 ch=20 start_time=2025-09-25T18:46:55.398161+00:00 flow_cell_id=AWX817 basecall_gpu=NVIDIA_Tegra_X2 protocol_group_id=ONT_trialEb_250925 sample_id=ONT_trail_250925 barcode=barcode24 barcode_alias=barcode24 parent_read_id=29e18bce-5d12-4f2d-bb7d-f5728df6c273 basecall_model_version_id=dna_r10.4.1_e8.2_400bps_hac@v4.3.0 rc
5566	f65b82a3-f16c-4799-98a0-101381bb80cc runid=0dfb5b492dc86ce99bf7c61c734eb364afcdb5c8 ch=5 start_time=2025-09-25T21:04:46.398161+00:00 flow_cell_id=AWX817 basecall_gpu=NVIDIA_Tegra_X2 protocol_group_id=ONT_trialEb_250925 sample_id=ONT_trail_250925 barcode=barcode14 barcode_alias=barcode14 parent_read_id=f65b82a3-f16c-4799-98a0-101381bb80cc basecall_model_version_id=dna_r10.4.1_e8.2_400bps_hac@v4.3.0 rc
5566	2816c092-772f-44fe-80d5-1eaf2e1218aa runid=0dfb5b492dc86ce99bf7c61c734eb364afcdb5c8 ch=85 start_time=2025-09-25T18:17:37.398161+00:00 flow_cell_id=AWX817 basecall_gpu=NVIDIA_Tegra_X2 protocol_group_id=ONT_trialEb_250925 sample_id=ONT_trail_250925 barcode=barcode24 barcode_alias=barcode24 parent_read_id=2816c092-772f-44fe-80d5-1eaf2e1218aa basecall_model_version_id=dna_r10.4.1_e8.2_400bps_hac@v4.3.0
5566	5a0bfaeb-ce7f-44a6-9709-d0b0ed28bd5c runid=0dfb5b492dc86ce99bf7c61c734eb364afcdb5c8 ch=73 start_time=2025-09-25T21:08:53.398161+00:00 flow_cell_id=AWX817 basecall_gpu=NVIDIA_Tegra_X2 protocol_group_id=ONT_trialEb_250925 sample_id=ONT_trail_250925 barcode=barcode13 barcode_alias=barcode13 parent_read_id=5a0bfaeb-ce7f-44a6-9709-d0b0ed28bd5c basecall_model_version_id=dna_r10.4.1_e8.2_400bps_hac@v4.3.0 rc
5566	8b732ca8-172d-4de6-a745-08167f01aa07 runid=0dfb5b492dc86ce99bf7c61c734eb364afcdb5c8 ch=4 start_time=2025-09-25T23:06:09.398161+00:00 flow_cell_id=AWX817 basecall_gpu=NVIDIA_Tegra_X2 protocol_group_id=ONT_trialEb_250925 sample_id=ONT_trail_250925 barcode=barcode14 barcode_alias=barcode14 parent_read_id=8b732ca8-172d-4de6-a745-08167f01aa07 basecall_model_version_id=dna_r10.4.1_e8.2_400bps_hac@v4.3.0
5566	63a6f3c0-5953-4a70-9748-c021137bf734 runid=0dfb5b492dc86ce99bf7c61c734eb364afcdb5c8 ch=79 start_time=2025-09-25T21:49:58.398161+00:00 flow_cell_id=AWX817 basecall_gpu=NVIDIA_Tegra_X2 protocol_group_id=ONT_trialEb_250925 sample_id=ONT_trail_250925 barcode=barcode14 barcode_alias=barcode14 parent_read_id=63a6f3c0-5953-4a70-9748-c021137bf734 basecall_model_version_id=dna_r10.4.1_e8.2_400bps_hac@v4.3.0 rc
5566	478842a6-cddd-4b1a-aa9b-0b36eb2a7d6e runid=0dfb5b492dc86ce99bf7c61c734eb364afcdb5c8 ch=43 start_time=2025-09-25T21:05:31.398161+00:00 flow_cell_id=AWX817 basecall_gpu=NVIDIA_Tegra_X2 protocol_group_id=ONT_trialEb_250925 sample_id=ONT_trail_250925 barcode=barcode24 barcode_alias=barcode24 parent_read_id=478842a6-cddd-4b1a-aa9b-0b36eb2a7d6e basecall_model_version_id=dna_r10.4.1_e8.2_400bps_hac@v4.3.0 rc
5566	2a5c8978-48e6-4a5a-aeda-aef3bb312b0b runid=0dfb5b492dc86ce99bf7c61c734eb364afcdb5c8 ch=58 start_time=2025-09-25T18:39:39.398161+00:00 flow_cell_id=AWX817 basecall_gpu=NVIDIA_Tegra_X2 protocol_group_id=ONT_trialEb_250925 sample_id=ONT_trail_250925 barcode=barcode14 barcode_alias=barcode14 parent_read_id=2a5c8978-48e6-4a5a-aeda-aef3bb312b0b basecall_model_version_id=dna_r10.4.1_e8.2_400bps_hac@v4.3.0
5566	a7dcf2e0-6be9-4c0d-ae59-8617353d9900 runid=0dfb5b492dc86ce99bf7c61c734eb364afcdb5c8 ch=110 start_time=2025-09-25T16:54:34.398161+00:00 flow_cell_id=AWX817 basecall_gpu=NVIDIA_Tegra_X2 protocol_group_id=ONT_trialEb_250925 sample_id=ONT_trail_250925 barcode=barcode13 barcode_alias=barcode13 parent_read_id=a7dcf2e0-6be9-4c0d-ae59-8617353d9900 basecall_model_version_id=dna_r10.4.1_e8.2_400bps_hac@v4.3.0 rc
5566	6fe7d7d6-06d1-4b9d-a115-64cd6be969ab runid=0dfb5b492dc86ce99bf7c61c734eb364afcdb5c8 ch=41 start_time=2025-09-25T19:36:31.398161+00:00 flow_cell_id=AWX817 basecall_gpu=NVIDIA_Tegra_X2 protocol_group_id=ONT_trialEb_250925 sample_id=ONT_trail_250925 barcode=barcode13 barcode_alias=barcode13 parent_read_id=6fe7d7d6-06d1-4b9d-a115-64cd6be969ab basecall_model_version_id=dna_r10.4.1_e8.2_400bps_hac@v4.3.0 rc
5566	30e7f655-cdf0-440a-b9cb-46f93bee3e4c runid=0dfb5b492dc86ce99bf7c61c734eb364afcdb5c8 ch=23 start_time=2025-09-25T18:53:39.398161+00:00 flow_cell_id=AWX817 basecall_gpu=NVIDIA_Tegra_X2 protocol_group_id=ONT_trialEb_250925 sample_id=ONT_trail_250925 barcode=barcode14 barcode_alias=barcode14 parent_read_id=30e7f655-cdf0-440a-b9cb-46f93bee3e4c basecall_model_version_id=dna_r10.4.1_e8.2_400bps_hac@v4.3.0
5566	78b13cdd-9d07-4224-8bb9-0d2ed41bfc4d runid=0dfb5b492dc86ce99bf7c61c734eb364afcdb5c8 ch=43 start_time=2025-09-25T16:43:32.398161+00:00 flow_cell_id=AWX817 basecall_gpu=NVIDIA_Tegra_X2 protocol_group_id=ONT_trialEb_250925 sample_id=ONT_trail_250925 barcode=barcode24 barcode_alias=barcode24 parent_read_id=78b13cdd-9d07-4224-8bb9-0d2ed41bfc4d basecall_model_version_id=dna_r10.4.1_e8.2_400bps_hac@v4.3.0
5566	507f7f89-2187-408b-b5ce-0d1d4e5c9183 runid=0dfb5b492dc86ce99bf7c61c734eb364afcdb5c8 ch=4 start_time=2025-09-25T23:18:29.398161+00:00 flow_cell_id=AWX817 basecall_gpu=NVIDIA_Tegra_X2 protocol_group_id=ONT_trialEb_250925 sample_id=ONT_trail_250925 barcode=barcode24 barcode_alias=barcode24 parent_read_id=507f7f89-2187-408b-b5ce-0d1d4e5c9183 basecall_model_version_id=dna_r10.4.1_e8.2_400bps_hac@v4.3.0 rc
5566	3cecb8a3-1ed2-44f6-8e34-8d15ff28e04b runid=0dfb5b492dc86ce99bf7c61c734eb364afcdb5c8 ch=85 start_time=2025-09-26T00:11:31.398161+00:00 flow_cell_id=AWX817 basecall_gpu=NVIDIA_Tegra_X2 protocol_group_id=ONT_trialEb_250925 sample_id=ONT_trail_250925 barcode=barcode13 barcode_alias=barcode13 parent_read_id=3cecb8a3-1ed2-44f6-8e34-8d15ff28e04b basecall_model_version_id=dna_r10.4.1_e8.2_400bps_hac@v4.3.0
5566	4a7f5116-78e5-4bd4-9123-d6abd2e07385 runid=0dfb5b492dc86ce99bf7c61c734eb364afcdb5c8 ch=49 start_time=2025-09-26T11:48:20.398161+00:00 flow_cell_id=AWX817 basecall_gpu=NVIDIA_Tegra_X2 protocol_group_id=ONT_trialEb_250925 sample_id=ONT_trail_250925 barcode=barcode13 barcode_alias=barcode13 parent_read_id=4a7f5116-78e5-4bd4-9123-d6abd2e07385 basecall_model_version_id=dna_r10.4.1_e8.2_400bps_hac@v4.3.0 rc
5566	8e783e2e-fd72-4cdc-8156-061491d53fef runid=0dfb5b492dc86ce99bf7c61c734eb364afcdb5c8 ch=4 start_time=2025-09-26T04:56:38.398161+00:00 flow_cell_id=AWX817 basecall_gpu=NVIDIA_Tegra_X2 protocol_group_id=ONT_trialEb_250925 sample_id=ONT_trail_250925 barcode=barcode13 barcode_alias=barcode13 parent_read_id=8e783e2e-fd72-4cdc-8156-061491d53fef basecall_model_version_id=dna_r10.4.1_e8.2_400bps_hac@v4.3.0 rc
5566	ed81295d-1466-4a2f-902f-1c8c6e747eb9 runid=0dfb5b492dc86ce99bf7c61c734eb364afcdb5c8 ch=73 start_time=2025-09-25T20:43:52.398161+00:00 flow_cell_id=AWX817 basecall_gpu=NVIDIA_Tegra_X2 protocol_group_id=ONT_trialEb_250925 sample_id=ONT_trail_250925 barcode=barcode14 barcode_alias=barcode14 parent_read_id=ed81295d-1466-4a2f-902f-1c8c6e747eb9 basecall_model_version_id=dna_r10.4.1_e8.2_400bps_hac@v4.3.0 rc
5566	3405e804-01c1-497d-9ff8-dd649d1fd225 runid=0dfb5b492dc86ce99bf7c61c734eb364afcdb5c8 ch=77 start_time=2025-09-25T22:20:30.398161+00:00 flow_cell_id=AWX817 basecall_gpu=NVIDIA_Tegra_X2 protocol_group_id=ONT_trialEb_250925 sample_id=ONT_trail_250925 barcode=barcode24 barcode_alias=barcode24 parent_read_id=3405e804-01c1-497d-9ff8-dd649d1fd225 basecall_model_version_id=dna_r10.4.1_e8.2_400bps_hac@v4.3.0 rc
5566	ff887fb7-177b-4456-a212-3644217562f9 runid=0dfb5b492dc86ce99bf7c61c734eb364afcdb5c8 ch=43 start_time=2025-09-25T19:30:29.398161+00:00 flow_cell_id=AWX817 basecall_gpu=NVIDIA_Tegra_X2 protocol_group_id=ONT_trialEb_250925 sample_id=ONT_trail_250925 barcode=barcode24 barcode_alias=barcode24 parent_read_id=ff887fb7-177b-4456-a212-3644217562f9 basecall_model_version_id=dna_r10.4.1_e8.2_400bps_hac@v4.3.0
5566	2b47f75d-49b7-4e60-96c0-08bf859a2ad0 runid=0dfb5b492dc86ce99bf7c61c734eb364afcdb5c8 ch=39 start_time=2025-09-26T02:38:10.398161+00:00 flow_cell_id=AWX817 basecall_gpu=NVIDIA_Tegra_X2 protocol_group_id=ONT_trialEb_250925 sample_id=ONT_trail_250925 barcode=barcode14 barcode_alias=barcode14 parent_read_id=2b47f75d-49b7-4e60-96c0-08bf859a2ad0 basecall_model_version_id=dna_r10.4.1_e8.2_400bps_hac@v4.3.0 rc
5566	1b178ac7-7688-4510-84f8-3e7c7129f988 runid=0dfb5b492dc86ce99bf7c61c734eb364afcdb5c8 ch=5 start_time=2025-09-25T21:43:58.398161+00:00 flow_cell_id=AWX817 basecall_gpu=NVIDIA_Tegra_X2 protocol_group_id=ONT_trialEb_250925 sample_id=ONT_trail_250925 barcode=barcode24 barcode_alias=barcode24 parent_read_id=1b178ac7-7688-4510-84f8-3e7c7129f988 basecall_model_version_id=dna_r10.4.1_e8.2_400bps_hac@v4.3.0 rc
5566	2a46ed02-52f1-46aa-9edd-b860e9a4b76e runid=0dfb5b492dc86ce99bf7c61c734eb364afcdb5c8 ch=4 start_time=2025-09-26T06:49:06.398161+00:00 flow_cell_id=AWX817 basecall_gpu=NVIDIA_Tegra_X2 protocol_group_id=ONT_trialEb_250925 sample_id=ONT_trail_250925 barcode=barcode13 barcode_alias=barcode13 parent_read_id=2a46ed02-52f1-46aa-9edd-b860e9a4b76e basecall_model_version_id=dna_r10.4.1_e8.2_400bps_hac@v4.3.0 rc
5566	ba448619-8da5-4fad-b265-40f48394ba73 runid=0dfb5b492dc86ce99bf7c61c734eb364afcdb5c8 ch=106 start_time=2025-09-25T18:54:51.398161+00:00 flow_cell_id=AWX817 basecall_gpu=NVIDIA_Tegra_X2 protocol_group_id=ONT_trialEb_250925 sample_id=ONT_trail_250925 barcode=barcode24 barcode_alias=barcode24 parent_read_id=ba448619-8da5-4fad-b265-40f48394ba73 basecall_model_version_id=dna_r10.4.1_e8.2_400bps_hac@v4.3.0 rc
5566	8da9c8a2-90a4-4863-a3bc-feef7f81abfc runid=0dfb5b492dc86ce99bf7c61c734eb364afcdb5c8 ch=85 start_time=2025-09-25T22:23:42.398161+00:00 flow_cell_id=AWX817 basecall_gpu=NVIDIA_Tegra_X2 protocol_group_id=ONT_trialEb_250925 sample_id=ONT_trail_250925 barcode=barcode15 barcode_alias=barcode15 parent_read_id=8da9c8a2-90a4-4863-a3bc-feef7f81abfc basecall_model_version_id=dna_r10.4.1_e8.2_400bps_hac@v4.3.0 rc
5566	71b036c5-241e-4afd-b4b0-6813ba0b35df runid=0dfb5b492dc86ce99bf7c61c734eb364afcdb5c8 ch=5 start_time=2025-09-25T16:11:19.398161+00:00 flow_cell_id=AWX817 basecall_gpu=NVIDIA_Tegra_X2 protocol_group_id=ONT_trialEb_250925 sample_id=ONT_trail_250925 barcode=barcode24 barcode_alias=barcode24 parent_read_id=71b036c5-241e-4afd-b4b0-6813ba0b35df basecall_model_version_id=dna_r10.4.1_e8.2_400bps_hac@v4.3.0 rc
5566	84f57fa0-b356-46a1-8a84-164cabee8850 runid=0dfb5b492dc86ce99bf7c61c734eb364afcdb5c8 ch=77 start_time=2025-09-26T00:36:20.398161+00:00 flow_cell_id=AWX817 basecall_gpu=NVIDIA_Tegra_X2 protocol_group_id=ONT_trialEb_250925 sample_id=ONT_trail_250925 barcode=barcode13 barcode_alias=barcode13 parent_read_id=84f57fa0-b356-46a1-8a84-164cabee8850 basecall_model_version_id=dna_r10.4.1_e8.2_400bps_hac@v4.3.0 rc
5566	bccdbd4f-0df0-426e-8a2e-2243772c82eb runid=0dfb5b492dc86ce99bf7c61c734eb364afcdb5c8 ch=42 start_time=2025-09-26T02:05:46.398161+00:00 flow_cell_id=AWX817 basecall_gpu=NVIDIA_Tegra_X2 protocol_group_id=ONT_trialEb_250925 sample_id=ONT_trail_250925 barcode=barcode13 barcode_alias=barcode13 parent_read_id=bccdbd4f-0df0-426e-8a2e-2243772c82eb basecall_model_version_id=dna_r10.4.1_e8.2_400bps_hac@v4.3.0 rc
5566	2f90de8c-3af3-4eac-93ab-34702a4dbf00 runid=0dfb5b492dc86ce99bf7c61c734eb364afcdb5c8 ch=4 start_time=2025-09-25T18:38:18.398161+00:00 flow_cell_id=AWX817 basecall_gpu=NVIDIA_Tegra_X2 protocol_group_id=ONT_trialEb_250925 sample_id=ONT_trail_250925 barcode=barcode13 barcode_alias=barcode13 parent_read_id=2f90de8c-3af3-4eac-93ab-34702a4dbf00 basecall_model_version_id=dna_r10.4.1_e8.2_400bps_hac@v4.3.0
5566	bc014650-5f66-4552-8289-e37619d74448 runid=0dfb5b492dc86ce99bf7c61c734eb364afcdb5c8 ch=23 start_time=2025-09-25T18:20:07.398161+00:00 flow_cell_id=AWX817 basecall_gpu=NVIDIA_Tegra_X2 protocol_group_id=ONT_trialEb_250925 sample_id=ONT_trail_250925 barcode=barcode24 barcode_alias=barcode24 parent_read_id=bc014650-5f66-4552-8289-e37619d74448 basecall_model_version_id=dna_r10.4.1_e8.2_400bps_hac@v4.3.0
5566	bde4959f-adab-4695-b09c-8293e99eb4bb runid=0dfb5b492dc86ce99bf7c61c734eb364afcdb5c8 ch=39 start_time=2025-09-26T04:42:38.398161+00:00 flow_cell_id=AWX817 basecall_gpu=NVIDIA_Tegra_X2 protocol_group_id=ONT_trialEb_250925 sample_id=ONT_trail_250925 barcode=barcode13 barcode_alias=barcode13 parent_read_id=bde4959f-adab-4695-b09c-8293e99eb4bb basecall_model_version_id=dna_r10.4.1_e8.2_400bps_hac@v4.3.0
5566	8c8d0cc4-f423-4e63-9f71-6243bfaec336 runid=0dfb5b492dc86ce99bf7c61c734eb364afcdb5c8 ch=39 start_time=2025-09-25T19:24:12.398161+00:00 flow_cell_id=AWX817 basecall_gpu=NVIDIA_Tegra_X2 protocol_group_id=ONT_trialEb_250925 sample_id=ONT_trail_250925 barcode=barcode14 barcode_alias=barcode14 parent_read_id=8c8d0cc4-f423-4e63-9f71-6243bfaec336 basecall_model_version_id=dna_r10.4.1_e8.2_400bps_hac@v4.3.0
5566	19426a4c-9260-498c-8e25-f24c55a38d07 runid=0dfb5b492dc86ce99bf7c61c734eb364afcdb5c8 ch=20 start_time=2025-09-26T05:33:00.398161+00:00 flow_cell_id=AWX817 basecall_gpu=NVIDIA_Tegra_X2 protocol_group_id=ONT_trialEb_250925 sample_id=ONT_trail_250925 barcode=barcode24 barcode_alias=barcode24 parent_read_id=19426a4c-9260-498c-8e25-f24c55a38d07 basecall_model_version_id=dna_r10.4.1_e8.2_400bps_hac@v4.3.0
5566	34695f06-b092-454b-94dc-7733358ffc2d runid=0dfb5b492dc86ce99bf7c61c734eb364afcdb5c8 ch=4 start_time=2025-09-25T18:45:24.398161+00:00 flow_cell_id=AWX817 basecall_gpu=NVIDIA_Tegra_X2 protocol_group_id=ONT_trialEb_250925 sample_id=ONT_trail_250925 barcode=barcode14 barcode_alias=barcode14 parent_read_id=34695f06-b092-454b-94dc-7733358ffc2d basecall_model_version_id=dna_r10.4.1_e8.2_400bps_hac@v4.3.0 rc
5566	4d09e039-9290-4df5-8b32-971744a06876 runid=0dfb5b492dc86ce99bf7c61c734eb364afcdb5c8 ch=79 start_time=2025-09-25T18:09:24.398161+00:00 flow_cell_id=AWX817 basecall_gpu=NVIDIA_Tegra_X2 protocol_group_id=ONT_trialEb_250925 sample_id=ONT_trail_250925 barcode=barcode13 barcode_alias=barcode13 parent_read_id=4d09e039-9290-4df5-8b32-971744a06876 basecall_model_version_id=dna_r10.4.1_e8.2_400bps_hac@v4.3.0 rc
5566	8cdcf8cb-0c93-4319-82f8-b557380858b1 runid=0dfb5b492dc86ce99bf7c61c734eb364afcdb5c8 ch=77 start_time=2025-09-26T00:37:06.398161+00:00 flow_cell_id=AWX817 basecall_gpu=NVIDIA_Tegra_X2 protocol_group_id=ONT_trialEb_250925 sample_id=ONT_trail_250925 barcode=barcode15 barcode_alias=barcode15 parent_read_id=8cdcf8cb-0c93-4319-82f8-b557380858b1 basecall_model_version_id=dna_r10.4.1_e8.2_400bps_hac@v4.3.0
5566	1255de64-b3d4-44b7-acbc-5bcdb64356b8 runid=0dfb5b492dc86ce99bf7c61c734eb364afcdb5c8 ch=49 start_time=2025-09-26T10:15:26.398161+00:00 flow_cell_id=AWX817 basecall_gpu=NVIDIA_Tegra_X2 protocol_group_id=ONT_trialEb_250925 sample_id=ONT_trail_250925 barcode=barcode24 barcode_alias=barcode24 parent_read_id=1255de64-b3d4-44b7-acbc-5bcdb64356b8 basecall_model_version_id=dna_r10.4.1_e8.2_400bps_hac@v4.3.0
5566	c6b08972-039d-49f7-b442-ba6b17779416 runid=0dfb5b492dc86ce99bf7c61c734eb364afcdb5c8 ch=73 start_time=2025-09-25T18:39:01.398161+00:00 flow_cell_id=AWX817 basecall_gpu=NVIDIA_Tegra_X2 protocol_group_id=ONT_trialEb_250925 sample_id=ONT_trail_250925 barcode=barcode14 barcode_alias=barcode14 parent_read_id=61293f89-d3d3-473c-85c1-1e4acaa93760 basecall_model_version_id=dna_r10.4.1_e8.2_400bps_hac@v4.3.0 rc
5566	7ffae72d-f7fd-48a8-b8d5-f67dece714bf runid=0dfb5b492dc86ce99bf7c61c734eb364afcdb5c8 ch=106 start_time=2025-09-25T20:20:48.398161+00:00 flow_cell_id=AWX817 basecall_gpu=NVIDIA_Tegra_X2 protocol_group_id=ONT_trialEb_250925 sample_id=ONT_trail_250925 barcode=barcode24 barcode_alias=barcode24 parent_read_id=7ffae72d-f7fd-48a8-b8d5-f67dece714bf basecall_model_version_id=dna_r10.4.1_e8.2_400bps_hac@v4.3.0 rc
5566	7a4a743b-bd4d-4b70-8a31-5c524821c2eb runid=0dfb5b492dc86ce99bf7c61c734eb364afcdb5c8 ch=106 start_time=2025-09-25T16:20:21.398161+00:00 flow_cell_id=AWX817 basecall_gpu=NVIDIA_Tegra_X2 protocol_group_id=ONT_trialEb_250925 sample_id=ONT_trail_250925 barcode=barcode13 barcode_alias=barcode13 parent_read_id=7a4a743b-bd4d-4b70-8a31-5c524821c2eb basecall_model_version_id=dna_r10.4.1_e8.2_400bps_hac@v4.3.0 rc
5566	2a59e089-57e7-4d01-9395-364d8ce30ae1 runid=0dfb5b492dc86ce99bf7c61c734eb364afcdb5c8 ch=118 start_time=2025-09-26T05:04:55.398161+00:00 flow_cell_id=AWX817 basecall_gpu=NVIDIA_Tegra_X2 protocol_group_id=ONT_trialEb_250925 sample_id=ONT_trail_250925 barcode=barcode15 barcode_alias=barcode15 parent_read_id=2a59e089-57e7-4d01-9395-364d8ce30ae1 basecall_model_version_id=dna_r10.4.1_e8.2_400bps_hac@v4.3.0
5566	72e637bf-f20f-417f-b7f2-d63c1ac766e5 runid=0dfb5b492dc86ce99bf7c61c734eb364afcdb5c8 ch=58 start_time=2025-09-25T19:47:18.398161+00:00 flow_cell_id=AWX817 basecall_gpu=NVIDIA_Tegra_X2 protocol_group_id=ONT_trialEb_250925 sample_id=ONT_trail_250925 barcode=barcode24 barcode_alias=barcode24 parent_read_id=72e637bf-f20f-417f-b7f2-d63c1ac766e5 basecall_model_version_id=dna_r10.4.1_e8.2_400bps_hac@v4.3.0 rc
5566	25fee5d7-db5c-4d63-b8cc-40890447ca13 runid=0dfb5b492dc86ce99bf7c61c734eb364afcdb5c8 ch=20 start_time=2025-09-25T20:50:55.398161+00:00 flow_cell_id=AWX817 basecall_gpu=NVIDIA_Tegra_X2 protocol_group_id=ONT_trialEb_250925 sample_id=ONT_trail_250925 barcode=barcode24 barcode_alias=barcode24 parent_read_id=25fee5d7-db5c-4d63-b8cc-40890447ca13 basecall_model_version_id=dna_r10.4.1_e8.2_400bps_hac@v4.3.0 rc
5566	09a5c3d4-a8cb-41fb-beeb-df7cecb091ef runid=0dfb5b492dc86ce99bf7c61c734eb364afcdb5c8 ch=49 start_time=2025-09-25T18:16:05.398161+00:00 flow_cell_id=AWX817 basecall_gpu=NVIDIA_Tegra_X2 protocol_group_id=ONT_trialEb_250925 sample_id=ONT_trail_250925 barcode=barcode14 barcode_alias=barcode14 parent_read_id=09a5c3d4-a8cb-41fb-beeb-df7cecb091ef basecall_model_version_id=dna_r10.4.1_e8.2_400bps_hac@v4.3.0
5566	867dc016-75e5-4e98-9a18-59bac3fb2acd runid=0dfb5b492dc86ce99bf7c61c734eb364afcdb5c8 ch=49 start_time=2025-09-25T18:45:06.398161+00:00 flow_cell_id=AWX817 basecall_gpu=NVIDIA_Tegra_X2 protocol_group_id=ONT_trialEb_250925 sample_id=ONT_trail_250925 barcode=barcode14 barcode_alias=barcode14 parent_read_id=867dc016-75e5-4e98-9a18-59bac3fb2acd basecall_model_version_id=dna_r10.4.1_e8.2_400bps_hac@v4.3.0
5566	25d63865-b8ff-458b-90ba-b7631116b64a runid=0dfb5b492dc86ce99bf7c61c734eb364afcdb5c8 ch=41 start_time=2025-09-25T20:09:30.398161+00:00 flow_cell_id=AWX817 basecall_gpu=NVIDIA_Tegra_X2 protocol_group_id=ONT_trialEb_250925 sample_id=ONT_trail_250925 barcode=barcode24 barcode_alias=barcode24 parent_read_id=25d63865-b8ff-458b-90ba-b7631116b64a basecall_model_version_id=dna_r10.4.1_e8.2_400bps_hac@v4.3.0 rc
5566	10acd167-b6c4-40dc-8597-6c51f90ebe23 runid=0dfb5b492dc86ce99bf7c61c734eb364afcdb5c8 ch=100 start_time=2025-09-25T22:27:56.398161+00:00 flow_cell_id=AWX817 basecall_gpu=NVIDIA_Tegra_X2 protocol_group_id=ONT_trialEb_250925 sample_id=ONT_trail_250925 barcode=barcode14 barcode_alias=barcode14 parent_read_id=10acd167-b6c4-40dc-8597-6c51f90ebe23 basecall_model_version_id=dna_r10.4.1_e8.2_400bps_hac@v4.3.0 rc
5566	d41d8a8e-2b2e-44ae-a062-ebba0c0c7a72 runid=0dfb5b492dc86ce99bf7c61c734eb364afcdb5c8 ch=6 start_time=2025-09-25T15:57:11.398161+00:00 flow_cell_id=AWX817 basecall_gpu=NVIDIA_Tegra_X2 protocol_group_id=ONT_trialEb_250925 sample_id=ONT_trail_250925 barcode=barcode13 barcode_alias=barcode13 parent_read_id=d41d8a8e-2b2e-44ae-a062-ebba0c0c7a72 basecall_model_version_id=dna_r10.4.1_e8.2_400bps_hac@v4.3.0
5566	5c4676b0-ce05-45d3-be0b-0489cce2b1b9 runid=0dfb5b492dc86ce99bf7c61c734eb364afcdb5c8 ch=90 start_time=2025-09-25T18:28:21.398161+00:00 flow_cell_id=AWX817 basecall_gpu=NVIDIA_Tegra_X2 protocol_group_id=ONT_trialEb_250925 sample_id=ONT_trail_250925 barcode=barcode13 barcode_alias=barcode13 parent_read_id=5c4676b0-ce05-45d3-be0b-0489cce2b1b9 basecall_model_version_id=dna_r10.4.1_e8.2_400bps_hac@v4.3.0 rc
5566	a1d15fc5-732f-4d99-9adc-d75152f77445 runid=0dfb5b492dc86ce99bf7c61c734eb364afcdb5c8 ch=41 start_time=2025-09-26T01:42:27.398161+00:00 flow_cell_id=AWX817 basecall_gpu=NVIDIA_Tegra_X2 protocol_group_id=ONT_trialEb_250925 sample_id=ONT_trail_250925 barcode=barcode15 barcode_alias=barcode15 parent_read_id=a1d15fc5-732f-4d99-9adc-d75152f77445 basecall_model_version_id=dna_r10.4.1_e8.2_400bps_hac@v4.3.0 rc
5566	982dd2ed-039c-48c5-bdee-7f77e5802c68 runid=0dfb5b492dc86ce99bf7c61c734eb364afcdb5c8 ch=4 start_time=2025-09-25T19:54:39.398161+00:00 flow_cell_id=AWX817 basecall_gpu=NVIDIA_Tegra_X2 protocol_group_id=ONT_trialEb_250925 sample_id=ONT_trail_250925 barcode=barcode14 barcode_alias=barcode14 parent_read_id=982dd2ed-039c-48c5-bdee-7f77e5802c68 basecall_model_version_id=dna_r10.4.1_e8.2_400bps_hac@v4.3.0 rc
5566	fc08a33a-128a-475c-9486-0163b26c0fbd runid=0dfb5b492dc86ce99bf7c61c734eb364afcdb5c8 ch=41 start_time=2025-09-26T02:27:44.398161+00:00 flow_cell_id=AWX817 basecall_gpu=NVIDIA_Tegra_X2 protocol_group_id=ONT_trialEb_250925 sample_id=ONT_trail_250925 barcode=barcode24 barcode_alias=barcode24 parent_read_id=fc08a33a-128a-475c-9486-0163b26c0fbd basecall_model_version_id=dna_r10.4.1_e8.2_400bps_hac@v4.3.0 rc
5566	d1ff0797-e3ea-4040-93fa-d329900d29db runid=0dfb5b492dc86ce99bf7c61c734eb364afcdb5c8 ch=10 start_time=2025-09-25T18:22:46.398161+00:00 flow_cell_id=AWX817 basecall_gpu=NVIDIA_Tegra_X2 protocol_group_id=ONT_trialEb_250925 sample_id=ONT_trail_250925 barcode=barcode24 barcode_alias=barcode24 parent_read_id=d1ff0797-e3ea-4040-93fa-d329900d29db basecall_model_version_id=dna_r10.4.1_e8.2_400bps_hac@v4.3.0
5566	5a9e94b3-e22a-4ac4-81aa-3ee60b63f851 runid=0dfb5b492dc86ce99bf7c61c734eb364afcdb5c8 ch=20 start_time=2025-09-25T21:27:42.398161+00:00 flow_cell_id=AWX817 basecall_gpu=NVIDIA_Tegra_X2 protocol_group_id=ONT_trialEb_250925 sample_id=ONT_trail_250925 barcode=barcode15 barcode_alias=barcode15 parent_read_id=5a9e94b3-e22a-4ac4-81aa-3ee60b63f851 basecall_model_version_id=dna_r10.4.1_e8.2_400bps_hac@v4.3.0 rc
5566	c24241f8-01b6-43cf-a728-17dee94b1de2 runid=0dfb5b492dc86ce99bf7c61c734eb364afcdb5c8 ch=20 start_time=2025-09-25T19:25:49.398161+00:00 flow_cell_id=AWX817 basecall_gpu=NVIDIA_Tegra_X2 protocol_group_id=ONT_trialEb_250925 sample_id=ONT_trail_250925 barcode=barcode15 barcode_alias=barcode15 parent_read_id=c24241f8-01b6-43cf-a728-17dee94b1de2 basecall_model_version_id=dna_r10.4.1_e8.2_400bps_hac@v4.3.0
5566	2af07193-e966-469f-97bc-da0269f89070 runid=0dfb5b492dc86ce99bf7c61c734eb364afcdb5c8 ch=41 start_time=2025-09-25T22:09:38.398161+00:00 flow_cell_id=AWX817 basecall_gpu=NVIDIA_Tegra_X2 protocol_group_id=ONT_trialEb_250925 sample_id=ONT_trail_250925 barcode=barcode15 barcode_alias=barcode15 parent_read_id=2af07193-e966-469f-97bc-da0269f89070 basecall_model_version_id=dna_r10.4.1_e8.2_400bps_hac@v4.3.0 rc
5566	96f1e917-b4b3-4e67-b76a-207805ba6b87 runid=0dfb5b492dc86ce99bf7c61c734eb364afcdb5c8 ch=106 start_time=2025-09-25T19:57:42.398161+00:00 flow_cell_id=AWX817 basecall_gpu=NVIDIA_Tegra_X2 protocol_group_id=ONT_trialEb_250925 sample_id=ONT_trail_250925 barcode=barcode24 barcode_alias=barcode24 parent_read_id=96f1e917-b4b3-4e67-b76a-207805ba6b87 basecall_model_version_id=dna_r10.4.1_e8.2_400bps_hac@v4.3.0 rc
5566	ad1e84b1-e423-43bb-960c-333e2cb5bf36 runid=0dfb5b492dc86ce99bf7c61c734eb364afcdb5c8 ch=92 start_time=2025-09-25T23:19:57.398161+00:00 flow_cell_id=AWX817 basecall_gpu=NVIDIA_Tegra_X2 protocol_group_id=ONT_trialEb_250925 sample_id=ONT_trail_250925 barcode=barcode13 barcode_alias=barcode13 parent_read_id=ad1e84b1-e423-43bb-960c-333e2cb5bf36 basecall_model_version_id=dna_r10.4.1_e8.2_400bps_hac@v4.3.0 rc
5566	0a24c413-57a0-446b-8226-337c675566ac runid=0dfb5b492dc86ce99bf7c61c734eb364afcdb5c8 ch=106 start_time=2025-09-25T18:23:24.398161+00:00 flow_cell_id=AWX817 basecall_gpu=NVIDIA_Tegra_X2 protocol_group_id=ONT_trialEb_250925 sample_id=ONT_trail_250925 barcode=barcode24 barcode_alias=barcode24 parent_read_id=a01f282b-01c3-494c-8446-249f63667acf basecall_model_version_id=dna_r10.4.1_e8.2_400bps_hac@v4.3.0 rc
5566	4da30cfc-10b9-4240-8a2d-22765684a3a2 runid=0dfb5b492dc86ce99bf7c61c734eb364afcdb5c8 ch=110 start_time=2025-09-25T21:16:56.398161+00:00 flow_cell_id=AWX817 basecall_gpu=NVIDIA_Tegra_X2 protocol_group_id=ONT_trialEb_250925 sample_id=ONT_trail_250925 barcode=barcode14 barcode_alias=barcode14 parent_read_id=4da30cfc-10b9-4240-8a2d-22765684a3a2 basecall_model_version_id=dna_r10.4.1_e8.2_400bps_hac@v4.3.0
5566	92838e76-925c-4fd1-84f2-7bd187cca551 runid=0dfb5b492dc86ce99bf7c61c734eb364afcdb5c8 ch=20 start_time=2025-09-26T06:14:11.398161+00:00 flow_cell_id=AWX817 basecall_gpu=NVIDIA_Tegra_X2 protocol_group_id=ONT_trialEb_250925 sample_id=ONT_trail_250925 barcode=barcode13 barcode_alias=barcode13 parent_read_id=92838e76-925c-4fd1-84f2-7bd187cca551 basecall_model_version_id=dna_r10.4.1_e8.2_400bps_hac@v4.3.0
5566	3fc3aeb6-e1ca-48da-8572-6b95c1f1fc98 runid=0dfb5b492dc86ce99bf7c61c734eb364afcdb5c8 ch=40 start_time=2025-09-25T20:14:55.398161+00:00 flow_cell_id=AWX817 basecall_gpu=NVIDIA_Tegra_X2 protocol_group_id=ONT_trialEb_250925 sample_id=ONT_trail_250925 barcode=barcode14 barcode_alias=barcode14 parent_read_id=3fc3aeb6-e1ca-48da-8572-6b95c1f1fc98 basecall_model_version_id=dna_r10.4.1_e8.2_400bps_hac@v4.3.0 rc
5566	c8069362-debd-49cd-9006-7cc7d9350522 runid=0dfb5b492dc86ce99bf7c61c734eb364afcdb5c8 ch=85 start_time=2025-09-26T01:47:52.398161+00:00 flow_cell_id=AWX817 basecall_gpu=NVIDIA_Tegra_X2 protocol_group_id=ONT_trialEb_250925 sample_id=ONT_trail_250925 barcode=barcode13 barcode_alias=barcode13 parent_read_id=c8069362-debd-49cd-9006-7cc7d9350522 basecall_model_version_id=dna_r10.4.1_e8.2_400bps_hac@v4.3.0 rc
5566	6bde6f2f-a927-472b-b305-0836b059eee7 runid=0dfb5b492dc86ce99bf7c61c734eb364afcdb5c8 ch=41 start_time=2025-09-25T21:17:15.398161+00:00 flow_cell_id=AWX817 basecall_gpu=NVIDIA_Tegra_X2 protocol_group_id=ONT_trialEb_250925 sample_id=ONT_trail_250925 barcode=barcode14 barcode_alias=barcode14 parent_read_id=6bde6f2f-a927-472b-b305-0836b059eee7 basecall_model_version_id=dna_r10.4.1_e8.2_400bps_hac@v4.3.0 rc
5566	ce17779c-b166-41ff-b710-e70a63da9c34 runid=0dfb5b492dc86ce99bf7c61c734eb364afcdb5c8 ch=85 start_time=2025-09-26T04:13:06.398161+00:00 flow_cell_id=AWX817 basecall_gpu=NVIDIA_Tegra_X2 protocol_group_id=ONT_trialEb_250925 sample_id=ONT_trail_250925 barcode=barcode15 barcode_alias=barcode15 parent_read_id=ce17779c-b166-41ff-b710-e70a63da9c34 basecall_model_version_id=dna_r10.4.1_e8.2_400bps_hac@v4.3.0 rc
5566	bf6bd983-0e40-4256-925a-67148097754a runid=0dfb5b492dc86ce99bf7c61c734eb364afcdb5c8 ch=5 start_time=2025-09-25T20:28:36.398161+00:00 flow_cell_id=AWX817 basecall_gpu=NVIDIA_Tegra_X2 protocol_group_id=ONT_trialEb_250925 sample_id=ONT_trail_250925 barcode=barcode13 barcode_alias=barcode13 parent_read_id=bf6bd983-0e40-4256-925a-67148097754a basecall_model_version_id=dna_r10.4.1_e8.2_400bps_hac@v4.3.0
5566	be9981f6-c5a3-47e1-bc93-f28d497e3303 runid=0dfb5b492dc86ce99bf7c61c734eb364afcdb5c8 ch=43 start_time=2025-09-25T20:01:58.398161+00:00 flow_cell_id=AWX817 basecall_gpu=NVIDIA_Tegra_X2 protocol_group_id=ONT_trialEb_250925 sample_id=ONT_trail_250925 barcode=barcode13 barcode_alias=barcode13 parent_read_id=be9981f6-c5a3-47e1-bc93-f28d497e3303 basecall_model_version_id=dna_r10.4.1_e8.2_400bps_hac@v4.3.0 rc
5566	ee0e3c08-51c9-4ab7-ba9d-548bfe04656b runid=0dfb5b492dc86ce99bf7c61c734eb364afcdb5c8 ch=44 start_time=2025-09-25T23:45:46.398161+00:00 flow_cell_id=AWX817 basecall_gpu=NVIDIA_Tegra_X2 protocol_group_id=ONT_trialEb_250925 sample_id=ONT_trail_250925 barcode=barcode14 barcode_alias=barcode14 parent_read_id=ee0e3c08-51c9-4ab7-ba9d-548bfe04656b basecall_model_version_id=dna_r10.4.1_e8.2_400bps_hac@v4.3.0 rc
5566	4cae7929-e5cb-4342-98de-9f7ad17e70da runid=0dfb5b492dc86ce99bf7c61c734eb364afcdb5c8 ch=20 start_time=2025-09-25T17:54:37.398161+00:00 flow_cell_id=AWX817 basecall_gpu=NVIDIA_Tegra_X2 protocol_group_id=ONT_trialEb_250925 sample_id=ONT_trail_250925 barcode=barcode14 barcode_alias=barcode14 parent_read_id=4cae7929-e5cb-4342-98de-9f7ad17e70da basecall_model_version_id=dna_r10.4.1_e8.2_400bps_hac@v4.3.0 rc
5566	aa7d0580-4c2b-49c1-b834-483636823075 runid=0dfb5b492dc86ce99bf7c61c734eb364afcdb5c8 ch=45 start_time=2025-09-25T16:52:58.398161+00:00 flow_cell_id=AWX817 basecall_gpu=NVIDIA_Tegra_X2 protocol_group_id=ONT_trialEb_250925 sample_id=ONT_trail_250925 barcode=barcode24 barcode_alias=barcode24 parent_read_id=aa7d0580-4c2b-49c1-b834-483636823075 basecall_model_version_id=dna_r10.4.1_e8.2_400bps_hac@v4.3.0
5566	45d3b226-0f37-4e60-b2c9-0e64c25cc67e runid=0dfb5b492dc86ce99bf7c61c734eb364afcdb5c8 ch=85 start_time=2025-09-25T17:26:49.398161+00:00 flow_cell_id=AWX817 basecall_gpu=NVIDIA_Tegra_X2 protocol_group_id=ONT_trialEb_250925 sample_id=ONT_trail_250925 barcode=barcode24 barcode_alias=barcode24 parent_read_id=45d3b226-0f37-4e60-b2c9-0e64c25cc67e basecall_model_version_id=dna_r10.4.1_e8.2_400bps_hac@v4.3.0 rc
5566	1b0c5250-52ba-4eaf-9006-fc2b30155a56 runid=0dfb5b492dc86ce99bf7c61c734eb364afcdb5c8 ch=4 start_time=2025-09-26T07:41:23.398161+00:00 flow_cell_id=AWX817 basecall_gpu=NVIDIA_Tegra_X2 protocol_group_id=ONT_trialEb_250925 sample_id=ONT_trail_250925 barcode=barcode14 barcode_alias=barcode14 parent_read_id=1b0c5250-52ba-4eaf-9006-fc2b30155a56 basecall_model_version_id=dna_r10.4.1_e8.2_400bps_hac@v4.3.0 rc
5566	47468282-f49e-4abe-b71b-8e36a04db65d runid=0dfb5b492dc86ce99bf7c61c734eb364afcdb5c8 ch=77 start_time=2025-09-26T00:59:11.398161+00:00 flow_cell_id=AWX817 basecall_gpu=NVIDIA_Tegra_X2 protocol_group_id=ONT_trialEb_250925 sample_id=ONT_trail_250925 barcode=barcode24 barcode_alias=barcode24 parent_read_id=47468282-f49e-4abe-b71b-8e36a04db65d basecall_model_version_id=dna_r10.4.1_e8.2_400bps_hac@v4.3.0
5566	cf8fb2a3-7c04-4850-9336-f08555d0337d runid=0dfb5b492dc86ce99bf7c61c734eb364afcdb5c8 ch=79 start_time=2025-09-25T15:53:36.398161+00:00 flow_cell_id=AWX817 basecall_gpu=NVIDIA_Tegra_X2 protocol_group_id=ONT_trialEb_250925 sample_id=ONT_trail_250925 barcode=barcode24 barcode_alias=barcode24 parent_read_id=cf8fb2a3-7c04-4850-9336-f08555d0337d basecall_model_version_id=dna_r10.4.1_e8.2_400bps_hac@v4.3.0 rc
5566	5f6019ee-8632-4689-aa84-a61a3aaec39a runid=0dfb5b492dc86ce99bf7c61c734eb364afcdb5c8 ch=23 start_time=2025-09-25T17:41:12.398161+00:00 flow_cell_id=AWX817 basecall_gpu=NVIDIA_Tegra_X2 protocol_group_id=ONT_trialEb_250925 sample_id=ONT_trail_250925 barcode=barcode24 barcode_alias=barcode24 parent_read_id=5f6019ee-8632-4689-aa84-a61a3aaec39a basecall_model_version_id=dna_r10.4.1_e8.2_400bps_hac@v4.3.0
5566	da0fd1dc-f051-4216-8004-61f60b8f2562 runid=0dfb5b492dc86ce99bf7c61c734eb364afcdb5c8 ch=5 start_time=2025-09-25T22:01:09.398161+00:00 flow_cell_id=AWX817 basecall_gpu=NVIDIA_Tegra_X2 protocol_group_id=ONT_trialEb_250925 sample_id=ONT_trail_250925 barcode=barcode13 barcode_alias=barcode13 parent_read_id=da0fd1dc-f051-4216-8004-61f60b8f2562 basecall_model_version_id=dna_r10.4.1_e8.2_400bps_hac@v4.3.0
5566	b67337a1-54ee-4b8b-9ca7-13a81240c338 runid=0dfb5b492dc86ce99bf7c61c734eb364afcdb5c8 ch=41 start_time=2025-09-25T18:51:35.398161+00:00 flow_cell_id=AWX817 basecall_gpu=NVIDIA_Tegra_X2 protocol_group_id=ONT_trialEb_250925 sample_id=ONT_trail_250925 barcode=barcode24 barcode_alias=barcode24 parent_read_id=b67337a1-54ee-4b8b-9ca7-13a81240c338 basecall_model_version_id=dna_r10.4.1_e8.2_400bps_hac@v4.3.0
5566	58ab56dd-17b4-40e2-8170-3bccbea57502 runid=0dfb5b492dc86ce99bf7c61c734eb364afcdb5c8 ch=20 start_time=2025-09-25T18:12:35.398161+00:00 flow_cell_id=AWX817 basecall_gpu=NVIDIA_Tegra_X2 protocol_group_id=ONT_trialEb_250925 sample_id=ONT_trail_250925 barcode=barcode13 barcode_alias=barcode13 parent_read_id=1ef4ab96-ee19-4960-8206-b9aa8c85aef1 basecall_model_version_id=dna_r10.4.1_e8.2_400bps_hac@v4.3.0 rc
5566	cac77fbc-3de1-4e3b-abf4-d1d2ed26605b runid=0dfb5b492dc86ce99bf7c61c734eb364afcdb5c8 ch=113 start_time=2025-09-25T16:14:31.398161+00:00 flow_cell_id=AWX817 basecall_gpu=NVIDIA_Tegra_X2 protocol_group_id=ONT_trialEb_250925 sample_id=ONT_trail_250925 barcode=barcode15 barcode_alias=barcode15 parent_read_id=cac77fbc-3de1-4e3b-abf4-d1d2ed26605b basecall_model_version_id=dna_r10.4.1_e8.2_400bps_hac@v4.3.0
5566	ff611284-6f7e-48e1-84d4-66422d26c96d runid=0dfb5b492dc86ce99bf7c61c734eb364afcdb5c8 ch=90 start_time=2025-09-25T16:26:15.398161+00:00 flow_cell_id=AWX817 basecall_gpu=NVIDIA_Tegra_X2 protocol_group_id=ONT_trialEb_250925 sample_id=ONT_trail_250925 barcode=barcode24 barcode_alias=barcode24 parent_read_id=ff611284-6f7e-48e1-84d4-66422d26c96d basecall_model_version_id=dna_r10.4.1_e8.2_400bps_hac@v4.3.0 rc
5566	95dd5fdf-8a3d-4908-b1d6-2e9e94c5a380 runid=0dfb5b492dc86ce99bf7c61c734eb364afcdb5c8 ch=43 start_time=2025-09-25T17:40:53.398161+00:00 flow_cell_id=AWX817 basecall_gpu=NVIDIA_Tegra_X2 protocol_group_id=ONT_trialEb_250925 sample_id=ONT_trail_250925 barcode=barcode15 barcode_alias=barcode15 parent_read_id=95dd5fdf-8a3d-4908-b1d6-2e9e94c5a380 basecall_model_version_id=dna_r10.4.1_e8.2_400bps_hac@v4.3.0
5566	c2449ae5-471d-4362-9107-e838614f7217 runid=0dfb5b492dc86ce99bf7c61c734eb364afcdb5c8 ch=41 start_time=2025-09-25T22:08:04.398161+00:00 flow_cell_id=AWX817 basecall_gpu=NVIDIA_Tegra_X2 protocol_group_id=ONT_trialEb_250925 sample_id=ONT_trail_250925 barcode=barcode24 barcode_alias=barcode24 parent_read_id=c2449ae5-471d-4362-9107-e838614f7217 basecall_model_version_id=dna_r10.4.1_e8.2_400bps_hac@v4.3.0
5566	18f7a485-40af-4f2b-a37d-856eb353ad51 runid=0dfb5b492dc86ce99bf7c61c734eb364afcdb5c8 ch=41 start_time=2025-09-25T20:19:42.398161+00:00 flow_cell_id=AWX817 basecall_gpu=NVIDIA_Tegra_X2 protocol_group_id=ONT_trialEb_250925 sample_id=ONT_trail_250925 barcode=barcode24 barcode_alias=barcode24 parent_read_id=18f7a485-40af-4f2b-a37d-856eb353ad51 basecall_model_version_id=dna_r10.4.1_e8.2_400bps_hac@v4.3.0 rc
5566	778bc6f0-a507-46a1-8b8e-6f2d0c479417 runid=0dfb5b492dc86ce99bf7c61c734eb364afcdb5c8 ch=94 start_time=2025-09-25T17:08:56.398161+00:00 flow_cell_id=AWX817 basecall_gpu=NVIDIA_Tegra_X2 protocol_group_id=ONT_trialEb_250925 sample_id=ONT_trail_250925 barcode=barcode13 barcode_alias=barcode13 parent_read_id=d37e07f6-bacb-49f7-884c-b3a5d8280ad1 basecall_model_version_id=dna_r10.4.1_e8.2_400bps_hac@v4.3.0
5566	c873325c-fbce-4cb7-b07f-9891163f751f runid=0dfb5b492dc86ce99bf7c61c734eb364afcdb5c8 ch=79 start_time=2025-09-25T15:56:13.398161+00:00 flow_cell_id=AWX817 basecall_gpu=NVIDIA_Tegra_X2 protocol_group_id=ONT_trialEb_250925 sample_id=ONT_trail_250925 barcode=barcode24 barcode_alias=barcode24 parent_read_id=c873325c-fbce-4cb7-b07f-9891163f751f basecall_model_version_id=dna_r10.4.1_e8.2_400bps_hac@v4.3.0
5566	3d7fe86f-c0bf-49e2-90d0-0c4712959f2c runid=0dfb5b492dc86ce99bf7c61c734eb364afcdb5c8 ch=43 start_time=2025-09-25T16:55:32.398161+00:00 flow_cell_id=AWX817 basecall_gpu=NVIDIA_Tegra_X2 protocol_group_id=ONT_trialEb_250925 sample_id=ONT_trail_250925 barcode=barcode14 barcode_alias=barcode14 parent_read_id=3d7fe86f-c0bf-49e2-90d0-0c4712959f2c basecall_model_version_id=dna_r10.4.1_e8.2_400bps_hac@v4.3.0 rc
5566	c108203a-7e03-4caa-b908-38c8f99fa4b6 runid=0dfb5b492dc86ce99bf7c61c734eb364afcdb5c8 ch=118 start_time=2025-09-26T00:09:23.398161+00:00 flow_cell_id=AWX817 basecall_gpu=NVIDIA_Tegra_X2 protocol_group_id=ONT_trialEb_250925 sample_id=ONT_trail_250925 barcode=barcode24 barcode_alias=barcode24 parent_read_id=c108203a-7e03-4caa-b908-38c8f99fa4b6 basecall_model_version_id=dna_r10.4.1_e8.2_400bps_hac@v4.3.0
5566	cbc5306f-9556-49a6-a23a-081e1df7cbbd runid=0dfb5b492dc86ce99bf7c61c734eb364afcdb5c8 ch=85 start_time=2025-09-26T02:24:47.398161+00:00 flow_cell_id=AWX817 basecall_gpu=NVIDIA_Tegra_X2 protocol_group_id=ONT_trialEb_250925 sample_id=ONT_trail_250925 barcode=barcode24 barcode_alias=barcode24 parent_read_id=cbc5306f-9556-49a6-a23a-081e1df7cbbd basecall_model_version_id=dna_r10.4.1_e8.2_400bps_hac@v4.3.0
5566	31f27614-9ad4-484e-8a27-43c7796a9701 runid=0dfb5b492dc86ce99bf7c61c734eb364afcdb5c8 ch=5 start_time=2025-09-25T15:51:15.398161+00:00 flow_cell_id=AWX817 basecall_gpu=NVIDIA_Tegra_X2 protocol_group_id=ONT_trialEb_250925 sample_id=ONT_trail_250925 barcode=barcode14 barcode_alias=barcode14 parent_read_id=31f27614-9ad4-484e-8a27-43c7796a9701 basecall_model_version_id=dna_r10.4.1_e8.2_400bps_hac@v4.3.0 rc
5566	00bb530a-48fc-4888-bd52-b0d45cf9d4c7 runid=0dfb5b492dc86ce99bf7c61c734eb364afcdb5c8 ch=85 start_time=2025-09-25T16:02:25.398161+00:00 flow_cell_id=AWX817 basecall_gpu=NVIDIA_Tegra_X2 protocol_group_id=ONT_trialEb_250925 sample_id=ONT_trail_250925 barcode=barcode15 barcode_alias=barcode15 parent_read_id=00bb530a-48fc-4888-bd52-b0d45cf9d4c7 basecall_model_version_id=dna_r10.4.1_e8.2_400bps_hac@v4.3.0 rc
5566	8e133c1e-c7d3-413f-8f17-81019a47bd5b runid=0dfb5b492dc86ce99bf7c61c734eb364afcdb5c8 ch=6 start_time=2025-09-25T16:13:01.398161+00:00 flow_cell_id=AWX817 basecall_gpu=NVIDIA_Tegra_X2 protocol_group_id=ONT_trialEb_250925 sample_id=ONT_trail_250925 barcode=barcode13 barcode_alias=barcode13 parent_read_id=8e133c1e-c7d3-413f-8f17-81019a47bd5b basecall_model_version_id=dna_r10.4.1_e8.2_400bps_hac@v4.3.0 rc
5566	ac9a24eb-2653-48e5-8dae-d385f0c290c1 runid=0dfb5b492dc86ce99bf7c61c734eb364afcdb5c8 ch=118 start_time=2025-09-25T15:55:30.398161+00:00 flow_cell_id=AWX817 basecall_gpu=NVIDIA_Tegra_X2 protocol_group_id=ONT_trialEb_250925 sample_id=ONT_trail_250925 barcode=barcode15 barcode_alias=barcode15 parent_read_id=ac9a24eb-2653-48e5-8dae-d385f0c290c1 basecall_model_version_id=dna_r10.4.1_e8.2_400bps_hac@v4.3.0
5566	f4915cde-31c9-41a2-8a30-6904fe9ee784 runid=0dfb5b492dc86ce99bf7c61c734eb364afcdb5c8 ch=118 start_time=2025-09-26T03:17:00.398161+00:00 flow_cell_id=AWX817 basecall_gpu=NVIDIA_Tegra_X2 protocol_group_id=ONT_trialEb_250925 sample_id=ONT_trail_250925 barcode=barcode24 barcode_alias=barcode24 parent_read_id=f4915cde-31c9-41a2-8a30-6904fe9ee784 basecall_model_version_id=dna_r10.4.1_e8.2_400bps_hac@v4.3.0 rc
5566	5f8f3bb9-20c8-4286-887b-59a6cc8e8558 runid=0dfb5b492dc86ce99bf7c61c734eb364afcdb5c8 ch=92 start_time=2025-09-26T01:36:34.398161+00:00 flow_cell_id=AWX817 basecall_gpu=NVIDIA_Tegra_X2 protocol_group_id=ONT_trialEb_250925 sample_id=ONT_trail_250925 barcode=barcode15 barcode_alias=barcode15 parent_read_id=5f8f3bb9-20c8-4286-887b-59a6cc8e8558 basecall_model_version_id=dna_r10.4.1_e8.2_400bps_hac@v4.3.0
5566	debf1733-8108-41cf-89c4-40e0abe243d7 runid=0dfb5b492dc86ce99bf7c61c734eb364afcdb5c8 ch=41 start_time=2025-09-25T20:00:30.398161+00:00 flow_cell_id=AWX817 basecall_gpu=NVIDIA_Tegra_X2 protocol_group_id=ONT_trialEb_250925 sample_id=ONT_trail_250925 barcode=barcode13 barcode_alias=barcode13 parent_read_id=debf1733-8108-41cf-89c4-40e0abe243d7 basecall_model_version_id=dna_r10.4.1_e8.2_400bps_hac@v4.3.0
5566	2b6c609e-5a03-462a-8f1e-09eaa695d8ad runid=0dfb5b492dc86ce99bf7c61c734eb364afcdb5c8 ch=79 start_time=2025-09-25T20:12:28.398161+00:00 flow_cell_id=AWX817 basecall_gpu=NVIDIA_Tegra_X2 protocol_group_id=ONT_trialEb_250925 sample_id=ONT_trail_250925 barcode=barcode15 barcode_alias=barcode15 parent_read_id=2b6c609e-5a03-462a-8f1e-09eaa695d8ad basecall_model_version_id=dna_r10.4.1_e8.2_400bps_hac@v4.3.0
5566	9516194b-f3ac-447f-a9c9-7b737dd9004f runid=0dfb5b492dc86ce99bf7c61c734eb364afcdb5c8 ch=77 start_time=2025-09-25T20:06:27.398161+00:00 flow_cell_id=AWX817 basecall_gpu=NVIDIA_Tegra_X2 protocol_group_id=ONT_trialEb_250925 sample_id=ONT_trail_250925 barcode=barcode15 barcode_alias=barcode15 parent_read_id=9516194b-f3ac-447f-a9c9-7b737dd9004f basecall_model_version_id=dna_r10.4.1_e8.2_400bps_hac@v4.3.0
5566	08a72d46-96bb-43de-ba29-be032e7fceda runid=0dfb5b492dc86ce99bf7c61c734eb364afcdb5c8 ch=5 start_time=2025-09-25T23:16:02.398161+00:00 flow_cell_id=AWX817 basecall_gpu=NVIDIA_Tegra_X2 protocol_group_id=ONT_trialEb_250925 sample_id=ONT_trail_250925 barcode=barcode15 barcode_alias=barcode15 parent_read_id=08a72d46-96bb-43de-ba29-be032e7fceda basecall_model_version_id=dna_r10.4.1_e8.2_400bps_hac@v4.3.0
5566	7506d582-432a-4bdd-858a-57a8be39960f runid=0dfb5b492dc86ce99bf7c61c734eb364afcdb5c8 ch=92 start_time=2025-09-25T23:00:33.398161+00:00 flow_cell_id=AWX817 basecall_gpu=NVIDIA_Tegra_X2 protocol_group_id=ONT_trialEb_250925 sample_id=ONT_trail_250925 barcode=barcode15 barcode_alias=barcode15 parent_read_id=7506d582-432a-4bdd-858a-57a8be39960f basecall_model_version_id=dna_r10.4.1_e8.2_400bps_hac@v4.3.0 rc
5566	1c97f420-f775-45bd-bcaf-b40304895599 runid=0dfb5b492dc86ce99bf7c61c734eb364afcdb5c8 ch=5 start_time=2025-09-25T18:57:05.398161+00:00 flow_cell_id=AWX817 basecall_gpu=NVIDIA_Tegra_X2 protocol_group_id=ONT_trialEb_250925 sample_id=ONT_trail_250925 barcode=barcode14 barcode_alias=barcode14 parent_read_id=1c97f420-f775-45bd-bcaf-b40304895599 basecall_model_version_id=dna_r10.4.1_e8.2_400bps_hac@v4.3.0 rc
5566	fb339512-5552-4f5a-b824-900a3efca022 runid=0dfb5b492dc86ce99bf7c61c734eb364afcdb5c8 ch=77 start_time=2025-09-26T01:10:56.398161+00:00 flow_cell_id=AWX817 basecall_gpu=NVIDIA_Tegra_X2 protocol_group_id=ONT_trialEb_250925 sample_id=ONT_trail_250925 barcode=barcode14 barcode_alias=barcode14 parent_read_id=fb339512-5552-4f5a-b824-900a3efca022 basecall_model_version_id=dna_r10.4.1_e8.2_400bps_hac@v4.3.0
5566	b1b65941-a4e6-4578-a719-0c6e5b5667aa runid=0dfb5b492dc86ce99bf7c61c734eb364afcdb5c8 ch=85 start_time=2025-09-26T03:13:47.398161+00:00 flow_cell_id=AWX817 basecall_gpu=NVIDIA_Tegra_X2 protocol_group_id=ONT_trialEb_250925 sample_id=ONT_trail_250925 barcode=barcode13 barcode_alias=barcode13 parent_read_id=b1b65941-a4e6-4578-a719-0c6e5b5667aa basecall_model_version_id=dna_r10.4.1_e8.2_400bps_hac@v4.3.0 rc
5566	25200c74-6fd8-4ca8-b61c-71650ce2910d runid=0dfb5b492dc86ce99bf7c61c734eb364afcdb5c8 ch=105 start_time=2025-09-25T17:12:32.398161+00:00 flow_cell_id=AWX817 basecall_gpu=NVIDIA_Tegra_X2 protocol_group_id=ONT_trialEb_250925 sample_id=ONT_trail_250925 barcode=barcode24 barcode_alias=barcode24 parent_read_id=25200c74-6fd8-4ca8-b61c-71650ce2910d basecall_model_version_id=dna_r10.4.1_e8.2_400bps_hac@v4.3.0 rc
5566	62d6924e-991f-4c8f-a866-bd1260fcce80 runid=0dfb5b492dc86ce99bf7c61c734eb364afcdb5c8 ch=85 start_time=2025-09-25T23:01:03.398161+00:00 flow_cell_id=AWX817 basecall_gpu=NVIDIA_Tegra_X2 protocol_group_id=ONT_trialEb_250925 sample_id=ONT_trail_250925 barcode=barcode14 barcode_alias=barcode14 parent_read_id=62d6924e-991f-4c8f-a866-bd1260fcce80 basecall_model_version_id=dna_r10.4.1_e8.2_400bps_hac@v4.3.0
5566	6eede49f-8686-4eb9-a70b-6c0a057d7e58 runid=0dfb5b492dc86ce99bf7c61c734eb364afcdb5c8 ch=43 start_time=2025-09-25T17:26:21.398161+00:00 flow_cell_id=AWX817 basecall_gpu=NVIDIA_Tegra_X2 protocol_group_id=ONT_trialEb_250925 sample_id=ONT_trail_250925 barcode=barcode15 barcode_alias=barcode15 parent_read_id=6eede49f-8686-4eb9-a70b-6c0a057d7e58 basecall_model_version_id=dna_r10.4.1_e8.2_400bps_hac@v4.3.0
5566	c4519439-fa3d-4010-b734-d6660fb8dad5 runid=0dfb5b492dc86ce99bf7c61c734eb364afcdb5c8 ch=5 start_time=2025-09-25T19:30:29.398161+00:00 flow_cell_id=AWX817 basecall_gpu=NVIDIA_Tegra_X2 protocol_group_id=ONT_trialEb_250925 sample_id=ONT_trail_250925 barcode=barcode14 barcode_alias=barcode14 parent_read_id=c4519439-fa3d-4010-b734-d6660fb8dad5 basecall_model_version_id=dna_r10.4.1_e8.2_400bps_hac@v4.3.0
5566	a098f72b-fec8-462b-ada5-4088cafc02d3 runid=0dfb5b492dc86ce99bf7c61c734eb364afcdb5c8 ch=49 start_time=2025-09-26T08:00:53.398161+00:00 flow_cell_id=AWX817 basecall_gpu=NVIDIA_Tegra_X2 protocol_group_id=ONT_trialEb_250925 sample_id=ONT_trail_250925 barcode=barcode15 barcode_alias=barcode15 parent_read_id=a098f72b-fec8-462b-ada5-4088cafc02d3 basecall_model_version_id=dna_r10.4.1_e8.2_400bps_hac@v4.3.0 rc
5566	65827913-b787-4ec7-8175-12902e52c999 runid=0dfb5b492dc86ce99bf7c61c734eb364afcdb5c8 ch=81 start_time=2025-09-25T22:26:28.398161+00:00 flow_cell_id=AWX817 basecall_gpu=NVIDIA_Tegra_X2 protocol_group_id=ONT_trialEb_250925 sample_id=ONT_trail_250925 barcode=barcode14 barcode_alias=barcode14 parent_read_id=65827913-b787-4ec7-8175-12902e52c999 basecall_model_version_id=dna_r10.4.1_e8.2_400bps_hac@v4.3.0
5566	a68e57d2-71c7-4b20-b91f-8bd240cbb0a5 runid=0dfb5b492dc86ce99bf7c61c734eb364afcdb5c8 ch=44 start_time=2025-09-25T20:58:55.398161+00:00 flow_cell_id=AWX817 basecall_gpu=NVIDIA_Tegra_X2 protocol_group_id=ONT_trialEb_250925 sample_id=ONT_trail_250925 barcode=barcode14 barcode_alias=barcode14 parent_read_id=a68e57d2-71c7-4b20-b91f-8bd240cbb0a5 basecall_model_version_id=dna_r10.4.1_e8.2_400bps_hac@v4.3.0
5566	550700d6-d1cf-431f-832d-f8889d30eab2 runid=0dfb5b492dc86ce99bf7c61c734eb364afcdb5c8 ch=41 start_time=2025-09-26T02:52:41.398161+00:00 flow_cell_id=AWX817 basecall_gpu=NVIDIA_Tegra_X2 protocol_group_id=ONT_trialEb_250925 sample_id=ONT_trail_250925 barcode=barcode14 barcode_alias=barcode14 parent_read_id=550700d6-d1cf-431f-832d-f8889d30eab2 basecall_model_version_id=dna_r10.4.1_e8.2_400bps_hac@v4.3.0 rc
5566	b6940760-9082-4751-ad1c-f948a7f91a42 runid=0dfb5b492dc86ce99bf7c61c734eb364afcdb5c8 ch=41 start_time=2025-09-25T20:45:17.398161+00:00 flow_cell_id=AWX817 basecall_gpu=NVIDIA_Tegra_X2 protocol_group_id=ONT_trialEb_250925 sample_id=ONT_trail_250925 barcode=barcode13 barcode_alias=barcode13 parent_read_id=b6940760-9082-4751-ad1c-f948a7f91a42 basecall_model_version_id=dna_r10.4.1_e8.2_400bps_hac@v4.3.0 rc
5566	42fd3161-be30-4180-b383-16466cbf91c9 runid=0dfb5b492dc86ce99bf7c61c734eb364afcdb5c8 ch=85 start_time=2025-09-26T05:55:45.398161+00:00 flow_cell_id=AWX817 basecall_gpu=NVIDIA_Tegra_X2 protocol_group_id=ONT_trialEb_250925 sample_id=ONT_trail_250925 barcode=barcode14 barcode_alias=barcode14 parent_read_id=42fd3161-be30-4180-b383-16466cbf91c9 basecall_model_version_id=dna_r10.4.1_e8.2_400bps_hac@v4.3.0 rc
5566	42fd3161-be30-4180-b383-16466cbf91c9 runid=0dfb5b492dc86ce99bf7c61c734eb364afcdb5c8 ch=85 start_time=2025-09-26T05:55:45.398161+00:00 flow_cell_id=AWX817 basecall_gpu=NVIDIA_Tegra_X2 protocol_group_id=ONT_trialEb_250925 sample_id=ONT_trail_250925 barcode=barcode14 barcode_alias=barcode14 parent_read_id=42fd3161-be30-4180-b383-16466cbf91c9 basecall_model_version_id=dna_r10.4.1_e8.2_400bps_hac@v4.3.0 rc
5566	ccf651b9-eed7-4884-b152-10b25f42cf8d runid=0dfb5b492dc86ce99bf7c61c734eb364afcdb5c8 ch=118 start_time=2025-09-25T17:12:11.398161+00:00 flow_cell_id=AWX817 basecall_gpu=NVIDIA_Tegra_X2 protocol_group_id=ONT_trialEb_250925 sample_id=ONT_trail_250925 barcode=barcode13 barcode_alias=barcode13 parent_read_id=ccf651b9-eed7-4884-b152-10b25f42cf8d basecall_model_version_id=dna_r10.4.1_e8.2_400bps_hac@v4.3.0 rc
5566	9fccc104-3284-4c98-a740-77eefb7d7a70 runid=0dfb5b492dc86ce99bf7c61c734eb364afcdb5c8 ch=106 start_time=2025-09-25T18:22:50.398161+00:00 flow_cell_id=AWX817 basecall_gpu=NVIDIA_Tegra_X2 protocol_group_id=ONT_trialEb_250925 sample_id=ONT_trail_250925 barcode=barcode13 barcode_alias=barcode13 parent_read_id=9fccc104-3284-4c98-a740-77eefb7d7a70 basecall_model_version_id=dna_r10.4.1_e8.2_400bps_hac@v4.3.0
5566	ccfccc10-5f37-4461-a79b-4ebac5e39eb0 runid=0dfb5b492dc86ce99bf7c61c734eb364afcdb5c8 ch=79 start_time=2025-09-25T16:31:55.398161+00:00 flow_cell_id=AWX817 basecall_gpu=NVIDIA_Tegra_X2 protocol_group_id=ONT_trialEb_250925 sample_id=ONT_trail_250925 barcode=barcode13 barcode_alias=barcode13 parent_read_id=ccfccc10-5f37-4461-a79b-4ebac5e39eb0 basecall_model_version_id=dna_r10.4.1_e8.2_400bps_hac@v4.3.0
5566	9d580aea-7172-4d9f-ad9c-62418300da1a runid=0dfb5b492dc86ce99bf7c61c734eb364afcdb5c8 ch=4 start_time=2025-09-26T00:14:54.398161+00:00 flow_cell_id=AWX817 basecall_gpu=NVIDIA_Tegra_X2 protocol_group_id=ONT_trialEb_250925 sample_id=ONT_trail_250925 barcode=barcode24 barcode_alias=barcode24 parent_read_id=9d580aea-7172-4d9f-ad9c-62418300da1a basecall_model_version_id=dna_r10.4.1_e8.2_400bps_hac@v4.3.0
5566	8738ef09-0aff-4bb3-b42a-f748ae9f89b2 runid=0dfb5b492dc86ce99bf7c61c734eb364afcdb5c8 ch=4 start_time=2025-09-26T01:21:00.398161+00:00 flow_cell_id=AWX817 basecall_gpu=NVIDIA_Tegra_X2 protocol_group_id=ONT_trialEb_250925 sample_id=ONT_trail_250925 barcode=barcode14 barcode_alias=barcode14 parent_read_id=8738ef09-0aff-4bb3-b42a-f748ae9f89b2 basecall_model_version_id=dna_r10.4.1_e8.2_400bps_hac@v4.3.0
7555	95514b8e-83b0-4c72-9162-b59bd0ccc916 runid=0dfb5b492dc86ce99bf7c61c734eb364afcdb5c8 ch=55 start_time=2025-09-25T17:02:47.398161+00:00 flow_cell_id=AWX817 basecall_gpu=NVIDIA_Tegra_X2 protocol_group_id=ONT_trialEb_250925 sample_id=ONT_trail_250925 barcode=barcode13 barcode_alias=barcode13 parent_read_id=95514b8e-83b0-4c72-9162-b59bd0ccc916 basecall_model_version_id=dna_r10.4.1_e8.2_400bps_hac@v4.3.0 rc
