13	0447c398-b56d-4629-a474-380048e998ea runid=0dfb5b492dc86ce99bf7c61c734eb364afcdb5c8 ch=44 start_time=2025-09-25T22:38:43.398161+00:00 flow_cell_id=AWX817 basecall_gpu=NVIDIA_Tegra_X2 protocol_group_id=ONT_trialEb_250925 sample_id=ONT_trail_250925 barcode=barcode24 barcode_alias=barcode24 parent_read_id=0447c398-b56d-4629-a474-380048e998ea basecall_model_version_id=dna_r10.4.1_e8.2_400bps_hac@v4.3.0 rc
13	61844c72-46df-4354-a938-721ab94d2ab2 runid=0dfb5b492dc86ce99bf7c61c734eb364afcdb5c8 ch=44 start_time=2025-09-25T18:38:30.398161+00:00 flow_cell_id=AWX817 basecall_gpu=NVIDIA_Tegra_X2 protocol_group_id=ONT_trialEb_250925 sample_id=ONT_trail_250925 barcode=barcode14 barcode_alias=barcode14 parent_read_id=61844c72-46df-4354-a938-721ab94d2ab2 basecall_model_version_id=dna_r10.4.1_e8.2_400bps_hac@v4.3.0
13	bf6fa97a-2e13-4244-918d-ad1f560ad86a runid=0dfb5b492dc86ce99bf7c61c734eb364afcdb5c8 ch=113 start_time=2025-09-25T17:23:36.398161+00:00 flow_cell_id=AWX817 basecall_gpu=NVIDIA_Tegra_X2 protocol_group_id=ONT_trialEb_250925 sample_id=ONT_trail_250925 barcode=barcode24 barcode_alias=barcode24 parent_read_id=bf6fa97a-2e13-4244-918d-ad1f560ad86a basecall_model_version_id=dna_r10.4.1_e8.2_400bps_hac@v4.3.0 rc
13	01587b38-dd4f-4eb2-8b48-9020843bc426 runid=0dfb5b492dc86ce99bf7c61c734eb364afcdb5c8 ch=44 start_time=2025-09-25T16:18:07.398161+00:00 flow_cell_id=AWX817 basecall_gpu=NVIDIA_Tegra_X2 protocol_group_id=ONT_trialEb_250925 sample_id=ONT_trail_250925 barcode=barcode13 barcode_alias=barcode13 parent_read_id=01587b38-dd4f-4eb2-8b48-9020843bc426 basecall_model_version_id=dna_r10.4.1_e8.2_400bps_hac@v4.3.0 rc
13	d21143a0-00ad-43f2-ad10-9e2dfbbb2e8f runid=0dfb5b492dc86ce99bf7c61c734eb364afcdb5c8 ch=44 start_time=2025-09-25T16:04:27.398161+00:00 flow_cell_id=AWX817 basecall_gpu=NVIDIA_Tegra_X2 protocol_group_id=ONT_trialEb_250925 sample_id=ONT_trail_250925 barcode=barcode14 barcode_alias=barcode14 parent_read_id=d21143a0-00ad-43f2-ad10-9e2dfbbb2e8f basecall_model_version_id=dna_r10.4.1_e8.2_400bps_hac@v4.3.0
13	d21143a0-00ad-43f2-ad10-9e2dfbbb2e8f runid=0dfb5b492dc86ce99bf7c61c734eb364afcdb5c8 ch=44 start_time=2025-09-25T16:04:27.398161+00:00 flow_cell_id=AWX817 basecall_gpu=NVIDIA_Tegra_X2 protocol_group_id=ONT_trialEb_250925 sample_id=ONT_trail_250925 barcode=barcode14 barcode_alias=barcode14 parent_read_id=d21143a0-00ad-43f2-ad10-9e2dfbbb2e8f basecall_model_version_id=dna_r10.4.1_e8.2_400bps_hac@v4.3.0
13	1064af2f-72e2-4834-88f1-4ed8cfe576cd runid=0dfb5b492dc86ce99bf7c61c734eb364afcdb5c8 ch=57 start_time=2025-09-25T16:48:46.398161+00:00 flow_cell_id=AWX817 basecall_gpu=NVIDIA_Tegra_X2 protocol_group_id=ONT_trialEb_250925 sample_id=ONT_trail_250925 barcode=barcode15 barcode_alias=barcode15 parent_read_id=1064af2f-72e2-4834-88f1-4ed8cfe576cd basecall_model_version_id=dna_r10.4.1_e8.2_400bps_hac@v4.3.0
13	92a7e6d6-8632-4a84-b30e-37b08d68bd61 runid=0dfb5b492dc86ce99bf7c61c734eb364afcdb5c8 ch=58 start_time=2025-09-25T20:53:04.398161+00:00 flow_cell_id=AWX817 basecall_gpu=NVIDIA_Tegra_X2 protocol_group_id=ONT_trialEb_250925 sample_id=ONT_trail_250925 barcode=barcode13 barcode_alias=barcode13 parent_read_id=92a7e6d6-8632-4a84-b30e-37b08d68bd61 basecall_model_version_id=dna_r10.4.1_e8.2_400bps_hac@v4.3.0 rc
13	45d4f1cf-4e28-4c5f-ab9c-ac7bee89f708 runid=0dfb5b492dc86ce99bf7c61c734eb364afcdb5c8 ch=44 start_time=2025-09-26T04:18:54.398161+00:00 flow_cell_id=AWX817 basecall_gpu=NVIDIA_Tegra_X2 protocol_group_id=ONT_trialEb_250925 sample_id=ONT_trail_250925 barcode=barcode14 barcode_alias=barcode14 parent_read_id=45d4f1cf-4e28-4c5f-ab9c-ac7bee89f708 basecall_model_version_id=dna_r10.4.1_e8.2_400bps_hac@v4.3.0 rc
13	91b42ef6-3b9c-43f2-9874-49726c0377c5 runid=0dfb5b492dc86ce99bf7c61c734eb364afcdb5c8 ch=80 start_time=2025-09-25T18:09:50.398161+00:00 flow_cell_id=AWX817 basecall_gpu=NVIDIA_Tegra_X2 protocol_group_id=ONT_trialEb_250925 sample_id=ONT_trail_250925 barcode=barcode24 barcode_alias=barcode24 parent_read_id=91b42ef6-3b9c-43f2-9874-49726c0377c5 basecall_model_version_id=dna_r10.4.1_e8.2_400bps_hac@v4.3.0
13	ca81f8cb-196c-499f-98db-b950ad378640 runid=0dfb5b492dc86ce99bf7c61c734eb364afcdb5c8 ch=44 start_time=2025-09-25T19:12:13.398161+00:00 flow_cell_id=AWX817 basecall_gpu=NVIDIA_Tegra_X2 protocol_group_id=ONT_trialEb_250925 sample_id=ONT_trail_250925 barcode=barcode24 barcode_alias=barcode24 parent_read_id=ca81f8cb-196c-499f-98db-b950ad378640 basecall_model_version_id=dna_r10.4.1_e8.2_400bps_hac@v4.3.0
13	255bb2de-0a13-4bc7-8808-1616322f5208 runid=0dfb5b492dc86ce99bf7c61c734eb364afcdb5c8 ch=39 start_time=2025-09-26T00:47:18.398161+00:00 flow_cell_id=AWX817 basecall_gpu=NVIDIA_Tegra_X2 protocol_group_id=ONT_trialEb_250925 sample_id=ONT_trail_250925 barcode=barcode15 barcode_alias=barcode15 parent_read_id=255bb2de-0a13-4bc7-8808-1616322f5208 basecall_model_version_id=dna_r10.4.1_e8.2_400bps_hac@v4.3.0 rc
13	6581618f-4133-40d4-8333-5cf06526b111 runid=0dfb5b492dc86ce99bf7c61c734eb364afcdb5c8 ch=58 start_time=2025-09-25T20:16:11.398161+00:00 flow_cell_id=AWX817 basecall_gpu=NVIDIA_Tegra_X2 protocol_group_id=ONT_trialEb_250925 sample_id=ONT_trail_250925 barcode=barcode15 barcode_alias=barcode15 parent_read_id=6581618f-4133-40d4-8333-5cf06526b111 basecall_model_version_id=dna_r10.4.1_e8.2_400bps_hac@v4.3.0 rc
13	d36f9efb-fad6-41a3-b89d-72e3d62bd885 runid=0dfb5b492dc86ce99bf7c61c734eb364afcdb5c8 ch=44 start_time=2025-09-26T03:28:19.398161+00:00 flow_cell_id=AWX817 basecall_gpu=NVIDIA_Tegra_X2 protocol_group_id=ONT_trialEb_250925 sample_id=ONT_trail_250925 barcode=barcode13 barcode_alias=barcode13 parent_read_id=d36f9efb-fad6-41a3-b89d-72e3d62bd885 basecall_model_version_id=dna_r10.4.1_e8.2_400bps_hac@v4.3.0 rc
13	1fc658c0-dc35-4fe2-8cd8-0e161d1355c0 runid=0dfb5b492dc86ce99bf7c61c734eb364afcdb5c8 ch=4 start_time=2025-09-25T18:04:45.398161+00:00 flow_cell_id=AWX817 basecall_gpu=NVIDIA_Tegra_X2 protocol_group_id=ONT_trialEb_250925 sample_id=ONT_trail_250925 barcode=barcode15 barcode_alias=barcode15 parent_read_id=6cfbcc06-7e7a-4bc2-846a-d48860765f25 basecall_model_version_id=dna_r10.4.1_e8.2_400bps_hac@v4.3.0 rc
13	2eba6b3b-51d8-40cd-9f87-d8397e677f60 runid=0dfb5b492dc86ce99bf7c61c734eb364afcdb5c8 ch=58 start_time=2025-09-25T19:08:17.398161+00:00 flow_cell_id=AWX817 basecall_gpu=NVIDIA_Tegra_X2 protocol_group_id=ONT_trialEb_250925 sample_id=ONT_trail_250925 barcode=barcode24 barcode_alias=barcode24 parent_read_id=2eba6b3b-51d8-40cd-9f87-d8397e677f60 basecall_model_version_id=dna_r10.4.1_e8.2_400bps_hac@v4.3.0
13	ffad6a7e-e918-41e9-83bf-e238e54c18ee runid=0dfb5b492dc86ce99bf7c61c734eb364afcdb5c8 ch=58 start_time=2025-09-25T19:28:31.398161+00:00 flow_cell_id=AWX817 basecall_gpu=NVIDIA_Tegra_X2 protocol_group_id=ONT_trialEb_250925 sample_id=ONT_trail_250925 barcode=barcode13 barcode_alias=barcode13 parent_read_id=ffad6a7e-e918-41e9-83bf-e238e54c18ee basecall_model_version_id=dna_r10.4.1_e8.2_400bps_hac@v4.3.0 rc
13	c1d2b6fa-0fa1-4b2d-8d51-d2d89dcfa35d runid=0dfb5b492dc86ce99bf7c61c734eb364afcdb5c8 ch=44 start_time=2025-09-25T22:15:22.398161+00:00 flow_cell_id=AWX817 basecall_gpu=NVIDIA_Tegra_X2 protocol_group_id=ONT_trialEb_250925 sample_id=ONT_trail_250925 barcode=barcode14 barcode_alias=barcode14 parent_read_id=c1d2b6fa-0fa1-4b2d-8d51-d2d89dcfa35d basecall_model_version_id=dna_r10.4.1_e8.2_400bps_hac@v4.3.0 rc
13	ad7ad6ee-7191-4191-a042-f6b9fda435b6 runid=0dfb5b492dc86ce99bf7c61c734eb364afcdb5c8 ch=93 start_time=2025-09-25T16:24:05.398161+00:00 flow_cell_id=AWX817 basecall_gpu=NVIDIA_Tegra_X2 protocol_group_id=ONT_trialEb_250925 sample_id=ONT_trail_250925 barcode=barcode13 barcode_alias=barcode13 parent_read_id=ad7ad6ee-7191-4191-a042-f6b9fda435b6 basecall_model_version_id=dna_r10.4.1_e8.2_400bps_hac@v4.3.0 rc
13	c1f53832-6e81-4dd7-a287-2b317e1f92d7 runid=0dfb5b492dc86ce99bf7c61c734eb364afcdb5c8 ch=4 start_time=2025-09-25T21:37:41.398161+00:00 flow_cell_id=AWX817 basecall_gpu=NVIDIA_Tegra_X2 protocol_group_id=ONT_trialEb_250925 sample_id=ONT_trail_250925 barcode=barcode13 barcode_alias=barcode13 parent_read_id=c1f53832-6e81-4dd7-a287-2b317e1f92d7 basecall_model_version_id=dna_r10.4.1_e8.2_400bps_hac@v4.3.0
13	655161bb-1442-46ea-84c7-d3a605119e30 runid=0dfb5b492dc86ce99bf7c61c734eb364afcdb5c8 ch=44 start_time=2025-09-25T22:13:40.398161+00:00 flow_cell_id=AWX817 basecall_gpu=NVIDIA_Tegra_X2 protocol_group_id=ONT_trialEb_250925 sample_id=ONT_trail_250925 barcode=barcode24 barcode_alias=barcode24 parent_read_id=655161bb-1442-46ea-84c7-d3a605119e30 basecall_model_version_id=dna_r10.4.1_e8.2_400bps_hac@v4.3.0
13	db8f5c78-e4d4-4237-90c1-84b84e8f328b runid=0dfb5b492dc86ce99bf7c61c734eb364afcdb5c8 ch=44 start_time=2025-09-26T00:09:36.398161+00:00 flow_cell_id=AWX817 basecall_gpu=NVIDIA_Tegra_X2 protocol_group_id=ONT_trialEb_250925 sample_id=ONT_trail_250925 barcode=barcode13 barcode_alias=barcode13 parent_read_id=db8f5c78-e4d4-4237-90c1-84b84e8f328b basecall_model_version_id=dna_r10.4.1_e8.2_400bps_hac@v4.3.0
13	cfd2bdd3-addd-45b5-b503-d5fcb814a99a runid=0dfb5b492dc86ce99bf7c61c734eb364afcdb5c8 ch=44 start_time=2025-09-25T22:41:21.398161+00:00 flow_cell_id=AWX817 basecall_gpu=NVIDIA_Tegra_X2 protocol_group_id=ONT_trialEb_250925 sample_id=ONT_trail_250925 barcode=barcode13 barcode_alias=barcode13 parent_read_id=cfd2bdd3-addd-45b5-b503-d5fcb814a99a basecall_model_version_id=dna_r10.4.1_e8.2_400bps_hac@v4.3.0 rc
13	0f69ffcb-8ddd-47a8-97f3-5f8aa6d71f32 runid=0dfb5b492dc86ce99bf7c61c734eb364afcdb5c8 ch=39 start_time=2025-09-26T02:22:16.398161+00:00 flow_cell_id=AWX817 basecall_gpu=NVIDIA_Tegra_X2 protocol_group_id=ONT_trialEb_250925 sample_id=ONT_trail_250925 barcode=barcode24 barcode_alias=barcode24 parent_read_id=0f69ffcb-8ddd-47a8-97f3-5f8aa6d71f32 basecall_model_version_id=dna_r10.4.1_e8.2_400bps_hac@v4.3.0
13	2744128c-95ea-44cd-a084-95560c4cfa6c runid=0dfb5b492dc86ce99bf7c61c734eb364afcdb5c8 ch=20 start_time=2025-09-26T06:45:44.398161+00:00 flow_cell_id=AWX817 basecall_gpu=NVIDIA_Tegra_X2 protocol_group_id=ONT_trialEb_250925 sample_id=ONT_trail_250925 barcode=barcode24 barcode_alias=barcode24 parent_read_id=2744128c-95ea-44cd-a084-95560c4cfa6c basecall_model_version_id=dna_r10.4.1_e8.2_400bps_hac@v4.3.0
13	b4c4ee1f-1efd-408c-9a09-f3c95322ec5e runid=0dfb5b492dc86ce99bf7c61c734eb364afcdb5c8 ch=40 start_time=2025-09-25T17:22:13.398161+00:00 flow_cell_id=AWX817 basecall_gpu=NVIDIA_Tegra_X2 protocol_group_id=ONT_trialEb_250925 sample_id=ONT_trail_250925 barcode=barcode24 barcode_alias=barcode24 parent_read_id=b4c4ee1f-1efd-408c-9a09-f3c95322ec5e basecall_model_version_id=dna_r10.4.1_e8.2_400bps_hac@v4.3.0 rc
13	5bd6d609-6f46-4a8f-8e91-71e26c9687cc runid=0dfb5b492dc86ce99bf7c61c734eb364afcdb5c8 ch=93 start_time=2025-09-25T17:52:16.398161+00:00 flow_cell_id=AWX817 basecall_gpu=NVIDIA_Tegra_X2 protocol_group_id=ONT_trialEb_250925 sample_id=ONT_trail_250925 barcode=barcode24 barcode_alias=barcode24 parent_read_id=5bd6d609-6f46-4a8f-8e91-71e26c9687cc basecall_model_version_id=dna_r10.4.1_e8.2_400bps_hac@v4.3.0
13	c462d6ac-bf69-4b05-8cd4-c407062c2a08 runid=0dfb5b492dc86ce99bf7c61c734eb364afcdb5c8 ch=94 start_time=2025-09-25T16:06:55.398161+00:00 flow_cell_id=AWX817 basecall_gpu=NVIDIA_Tegra_X2 protocol_group_id=ONT_trialEb_250925 sample_id=ONT_trail_250925 barcode=barcode15 barcode_alias=barcode15 parent_read_id=c462d6ac-bf69-4b05-8cd4-c407062c2a08 basecall_model_version_id=dna_r10.4.1_e8.2_400bps_hac@v4.3.0 rc
13	cbeed5a5-1e66-4df8-8161-e8874717793a runid=0dfb5b492dc86ce99bf7c61c734eb364afcdb5c8 ch=44 start_time=2025-09-26T01:51:56.398161+00:00 flow_cell_id=AWX817 basecall_gpu=NVIDIA_Tegra_X2 protocol_group_id=ONT_trialEb_250925 sample_id=ONT_trail_250925 barcode=barcode14 barcode_alias=barcode14 parent_read_id=cbeed5a5-1e66-4df8-8161-e8874717793a basecall_model_version_id=dna_r10.4.1_e8.2_400bps_hac@v4.3.0
13	cbeed5a5-1e66-4df8-8161-e8874717793a runid=0dfb5b492dc86ce99bf7c61c734eb364afcdb5c8 ch=44 start_time=2025-09-26T01:51:56.398161+00:00 flow_cell_id=AWX817 basecall_gpu=NVIDIA_Tegra_X2 protocol_group_id=ONT_trialEb_250925 sample_id=ONT_trail_250925 barcode=barcode14 barcode_alias=barcode14 parent_read_id=cbeed5a5-1e66-4df8-8161-e8874717793a basecall_model_version_id=dna_r10.4.1_e8.2_400bps_hac@v4.3.0
13	7fbc67d2-5706-4a50-9866-58aa73b5dd9a runid=0dfb5b492dc86ce99bf7c61c734eb364afcdb5c8 ch=40 start_time=2025-09-25T18:34:20.398161+00:00 flow_cell_id=AWX817 basecall_gpu=NVIDIA_Tegra_X2 protocol_group_id=ONT_trialEb_250925 sample_id=ONT_trail_250925 barcode=barcode14 barcode_alias=barcode14 parent_read_id=7fbc67d2-5706-4a50-9866-58aa73b5dd9a basecall_model_version_id=dna_r10.4.1_e8.2_400bps_hac@v4.3.0 rc
13	7fbc67d2-5706-4a50-9866-58aa73b5dd9a runid=0dfb5b492dc86ce99bf7c61c734eb364afcdb5c8 ch=40 start_time=2025-09-25T18:34:20.398161+00:00 flow_cell_id=AWX817 basecall_gpu=NVIDIA_Tegra_X2 protocol_group_id=ONT_trialEb_250925 sample_id=ONT_trail_250925 barcode=barcode14 barcode_alias=barcode14 parent_read_id=7fbc67d2-5706-4a50-9866-58aa73b5dd9a basecall_model_version_id=dna_r10.4.1_e8.2_400bps_hac@v4.3.0 rc
13	e054e516-8aa6-42ba-8173-62986699da35 runid=0dfb5b492dc86ce99bf7c61c734eb364afcdb5c8 ch=39 start_time=2025-09-25T19:55:46.398161+00:00 flow_cell_id=AWX817 basecall_gpu=NVIDIA_Tegra_X2 protocol_group_id=ONT_trialEb_250925 sample_id=ONT_trail_250925 barcode=barcode15 barcode_alias=barcode15 parent_read_id=e054e516-8aa6-42ba-8173-62986699da35 basecall_model_version_id=dna_r10.4.1_e8.2_400bps_hac@v4.3.0 rc
13	5a529cac-d2cf-42c6-9783-225c1c450ec1 runid=0dfb5b492dc86ce99bf7c61c734eb364afcdb5c8 ch=4 start_time=2025-09-25T18:16:35.398161+00:00 flow_cell_id=AWX817 basecall_gpu=NVIDIA_Tegra_X2 protocol_group_id=ONT_trialEb_250925 sample_id=ONT_trail_250925 barcode=barcode24 barcode_alias=barcode24 parent_read_id=5a529cac-d2cf-42c6-9783-225c1c450ec1 basecall_model_version_id=dna_r10.4.1_e8.2_400bps_hac@v4.3.0 rc
13	c94bbe15-48c6-467e-824b-3d1e4e5c11cf runid=0dfb5b492dc86ce99bf7c61c734eb364afcdb5c8 ch=49 start_time=2025-09-26T12:21:07.398161+00:00 flow_cell_id=AWX817 basecall_gpu=NVIDIA_Tegra_X2 protocol_group_id=ONT_trialEb_250925 sample_id=ONT_trail_250925 barcode=barcode24 barcode_alias=barcode24 parent_read_id=c94bbe15-48c6-467e-824b-3d1e4e5c11cf basecall_model_version_id=dna_r10.4.1_e8.2_400bps_hac@v4.3.0
13	6e732e08-1a6f-47b9-8377-f58b32d2877e runid=0dfb5b492dc86ce99bf7c61c734eb364afcdb5c8 ch=4 start_time=2025-09-26T00:20:59.398161+00:00 flow_cell_id=AWX817 basecall_gpu=NVIDIA_Tegra_X2 protocol_group_id=ONT_trialEb_250925 sample_id=ONT_trail_250925 barcode=barcode24 barcode_alias=barcode24 parent_read_id=6e732e08-1a6f-47b9-8377-f58b32d2877e basecall_model_version_id=dna_r10.4.1_e8.2_400bps_hac@v4.3.0
13	3d664c2f-72eb-42ba-afef-2ee1349e5f5d runid=0dfb5b492dc86ce99bf7c61c734eb364afcdb5c8 ch=40 start_time=2025-09-25T17:22:57.398161+00:00 flow_cell_id=AWX817 basecall_gpu=NVIDIA_Tegra_X2 protocol_group_id=ONT_trialEb_250925 sample_id=ONT_trail_250925 barcode=barcode15 barcode_alias=barcode15 parent_read_id=3d664c2f-72eb-42ba-afef-2ee1349e5f5d basecall_model_version_id=dna_r10.4.1_e8.2_400bps_hac@v4.3.0
13	1438d860-f95f-4da2-8901-6e5d6f8e825f runid=0dfb5b492dc86ce99bf7c61c734eb364afcdb5c8 ch=39 start_time=2025-09-26T02:27:01.398161+00:00 flow_cell_id=AWX817 basecall_gpu=NVIDIA_Tegra_X2 protocol_group_id=ONT_trialEb_250925 sample_id=ONT_trail_250925 barcode=barcode15 barcode_alias=barcode15 parent_read_id=1438d860-f95f-4da2-8901-6e5d6f8e825f basecall_model_version_id=dna_r10.4.1_e8.2_400bps_hac@v4.3.0 rc
13	b169d47c-6055-464f-8adb-466f0097a8a6 runid=0dfb5b492dc86ce99bf7c61c734eb364afcdb5c8 ch=40 start_time=2025-09-25T15:47:12.398161+00:00 flow_cell_id=AWX817 basecall_gpu=NVIDIA_Tegra_X2 protocol_group_id=ONT_trialEb_250925 sample_id=ONT_trail_250925 barcode=barcode14 barcode_alias=barcode14 parent_read_id=b169d47c-6055-464f-8adb-466f0097a8a6 basecall_model_version_id=dna_r10.4.1_e8.2_400bps_hac@v4.3.0 rc
13	b169d47c-6055-464f-8adb-466f0097a8a6 runid=0dfb5b492dc86ce99bf7c61c734eb364afcdb5c8 ch=40 start_time=2025-09-25T15:47:12.398161+00:00 flow_cell_id=AWX817 basecall_gpu=NVIDIA_Tegra_X2 protocol_group_id=ONT_trialEb_250925 sample_id=ONT_trail_250925 barcode=barcode14 barcode_alias=barcode14 parent_read_id=b169d47c-6055-464f-8adb-466f0097a8a6 basecall_model_version_id=dna_r10.4.1_e8.2_400bps_hac@v4.3.0 rc
13	00e9c2dd-9f6e-4366-bd0c-71aab9c2de0e runid=0dfb5b492dc86ce99bf7c61c734eb364afcdb5c8 ch=40 start_time=2025-09-25T19:47:51.398161+00:00 flow_cell_id=AWX817 basecall_gpu=NVIDIA_Tegra_X2 protocol_group_id=ONT_trialEb_250925 sample_id=ONT_trail_250925 barcode=barcode14 barcode_alias=barcode14 parent_read_id=00e9c2dd-9f6e-4366-bd0c-71aab9c2de0e basecall_model_version_id=dna_r10.4.1_e8.2_400bps_hac@v4.3.0 rc
13	ca36dc75-07ef-4aea-a25a-7803963f47d4 runid=0dfb5b492dc86ce99bf7c61c734eb364afcdb5c8 ch=39 start_time=2025-09-25T19:06:55.398161+00:00 flow_cell_id=AWX817 basecall_gpu=NVIDIA_Tegra_X2 protocol_group_id=ONT_trialEb_250925 sample_id=ONT_trail_250925 barcode=barcode13 barcode_alias=barcode13 parent_read_id=ca36dc75-07ef-4aea-a25a-7803963f47d4 basecall_model_version_id=dna_r10.4.1_e8.2_400bps_hac@v4.3.0 rc
13	a725b936-bffd-4422-b354-ede4ab0b033b runid=0dfb5b492dc86ce99bf7c61c734eb364afcdb5c8 ch=44 start_time=2025-09-25T17:55:20.398161+00:00 flow_cell_id=AWX817 basecall_gpu=NVIDIA_Tegra_X2 protocol_group_id=ONT_trialEb_250925 sample_id=ONT_trail_250925 barcode=barcode14 barcode_alias=barcode14 parent_read_id=a725b936-bffd-4422-b354-ede4ab0b033b basecall_model_version_id=dna_r10.4.1_e8.2_400bps_hac@v4.3.0 rc
13	a725b936-bffd-4422-b354-ede4ab0b033b runid=0dfb5b492dc86ce99bf7c61c734eb364afcdb5c8 ch=44 start_time=2025-09-25T17:55:20.398161+00:00 flow_cell_id=AWX817 basecall_gpu=NVIDIA_Tegra_X2 protocol_group_id=ONT_trialEb_250925 sample_id=ONT_trail_250925 barcode=barcode14 barcode_alias=barcode14 parent_read_id=a725b936-bffd-4422-b354-ede4ab0b033b basecall_model_version_id=dna_r10.4.1_e8.2_400bps_hac@v4.3.0 rc
13	258cc995-8a4f-43e9-ac59-bf1a70fbb0ac runid=0dfb5b492dc86ce99bf7c61c734eb364afcdb5c8 ch=44 start_time=2025-09-25T23:51:06.398161+00:00 flow_cell_id=AWX817 basecall_gpu=NVIDIA_Tegra_X2 protocol_group_id=ONT_trialEb_250925 sample_id=ONT_trail_250925 barcode=barcode13 barcode_alias=barcode13 parent_read_id=258cc995-8a4f-43e9-ac59-bf1a70fbb0ac basecall_model_version_id=dna_r10.4.1_e8.2_400bps_hac@v4.3.0
13	d5c2718a-10d2-4561-8255-383c55e71b97 runid=0dfb5b492dc86ce99bf7c61c734eb364afcdb5c8 ch=58 start_time=2025-09-25T20:44:19.398161+00:00 flow_cell_id=AWX817 basecall_gpu=NVIDIA_Tegra_X2 protocol_group_id=ONT_trialEb_250925 sample_id=ONT_trail_250925 barcode=barcode24 barcode_alias=barcode24 parent_read_id=d5c2718a-10d2-4561-8255-383c55e71b97 basecall_model_version_id=dna_r10.4.1_e8.2_400bps_hac@v4.3.0 rc
13	79bb6ec1-a4c8-47e3-a63a-44a2fdfa5437 runid=0dfb5b492dc86ce99bf7c61c734eb364afcdb5c8 ch=39 start_time=2025-09-25T18:26:52.398161+00:00 flow_cell_id=AWX817 basecall_gpu=NVIDIA_Tegra_X2 protocol_group_id=ONT_trialEb_250925 sample_id=ONT_trail_250925 barcode=barcode24 barcode_alias=barcode24 parent_read_id=79bb6ec1-a4c8-47e3-a63a-44a2fdfa5437 basecall_model_version_id=dna_r10.4.1_e8.2_400bps_hac@v4.3.0 rc
13	955569ed-b6e7-440d-9db9-1c4329f3b966 runid=0dfb5b492dc86ce99bf7c61c734eb364afcdb5c8 ch=6 start_time=2025-09-25T17:31:51.398161+00:00 flow_cell_id=AWX817 basecall_gpu=NVIDIA_Tegra_X2 protocol_group_id=ONT_trialEb_250925 sample_id=ONT_trail_250925 barcode=barcode24 barcode_alias=barcode24 parent_read_id=955569ed-b6e7-440d-9db9-1c4329f3b966 basecall_model_version_id=dna_r10.4.1_e8.2_400bps_hac@v4.3.0 rc
13	2313abb0-3d4a-4962-9b2b-96944eaa670f runid=0dfb5b492dc86ce99bf7c61c734eb364afcdb5c8 ch=110 start_time=2025-09-25T16:55:40.398161+00:00 flow_cell_id=AWX817 basecall_gpu=NVIDIA_Tegra_X2 protocol_group_id=ONT_trialEb_250925 sample_id=ONT_trail_250925 barcode=barcode14 barcode_alias=barcode14 parent_read_id=2313abb0-3d4a-4962-9b2b-96944eaa670f basecall_model_version_id=dna_r10.4.1_e8.2_400bps_hac@v4.3.0
13	640c154d-21f9-4926-8a1b-64faa45cbb10 runid=0dfb5b492dc86ce99bf7c61c734eb364afcdb5c8 ch=40 start_time=2025-09-25T18:05:38.398161+00:00 flow_cell_id=AWX817 basecall_gpu=NVIDIA_Tegra_X2 protocol_group_id=ONT_trialEb_250925 sample_id=ONT_trail_250925 barcode=barcode24 barcode_alias=barcode24 parent_read_id=640c154d-21f9-4926-8a1b-64faa45cbb10 basecall_model_version_id=dna_r10.4.1_e8.2_400bps_hac@v4.3.0
13	88c11765-d25d-4d6c-919b-db27117ca9cc runid=0dfb5b492dc86ce99bf7c61c734eb364afcdb5c8 ch=4 start_time=2025-09-26T02:32:03.398161+00:00 flow_cell_id=AWX817 basecall_gpu=NVIDIA_Tegra_X2 protocol_group_id=ONT_trialEb_250925 sample_id=ONT_trail_250925 barcode=barcode14 barcode_alias=barcode14 parent_read_id=88c11765-d25d-4d6c-919b-db27117ca9cc basecall_model_version_id=dna_r10.4.1_e8.2_400bps_hac@v4.3.0
13	823b0300-5ea6-424a-ad87-48f68c413bba runid=0dfb5b492dc86ce99bf7c61c734eb364afcdb5c8 ch=58 start_time=2025-09-25T17:23:27.398161+00:00 flow_cell_id=AWX817 basecall_gpu=NVIDIA_Tegra_X2 protocol_group_id=ONT_trialEb_250925 sample_id=ONT_trail_250925 barcode=barcode15 barcode_alias=barcode15 parent_read_id=823b0300-5ea6-424a-ad87-48f68c413bba basecall_model_version_id=dna_r10.4.1_e8.2_400bps_hac@v4.3.0
13	303ffecd-3d96-4a78-a1e7-5b633ff70e72 runid=0dfb5b492dc86ce99bf7c61c734eb364afcdb5c8 ch=94 start_time=2025-09-25T16:32:37.398161+00:00 flow_cell_id=AWX817 basecall_gpu=NVIDIA_Tegra_X2 protocol_group_id=ONT_trialEb_250925 sample_id=ONT_trail_250925 barcode=barcode24 barcode_alias=barcode24 parent_read_id=303ffecd-3d96-4a78-a1e7-5b633ff70e72 basecall_model_version_id=dna_r10.4.1_e8.2_400bps_hac@v4.3.0
13	8f3bfabb-23cb-42a9-bec8-572133ddffdf runid=0dfb5b492dc86ce99bf7c61c734eb364afcdb5c8 ch=49 start_time=2025-09-26T08:01:34.398161+00:00 flow_cell_id=AWX817 basecall_gpu=NVIDIA_Tegra_X2 protocol_group_id=ONT_trialEb_250925 sample_id=ONT_trail_250925 barcode=barcode13 barcode_alias=barcode13 parent_read_id=8f3bfabb-23cb-42a9-bec8-572133ddffdf basecall_model_version_id=dna_r10.4.1_e8.2_400bps_hac@v4.3.0 rc
13	c8f7bc71-b5c7-4843-92c2-812dae82c2e2 runid=0dfb5b492dc86ce99bf7c61c734eb364afcdb5c8 ch=6 start_time=2025-09-25T15:53:12.398161+00:00 flow_cell_id=AWX817 basecall_gpu=NVIDIA_Tegra_X2 protocol_group_id=ONT_trialEb_250925 sample_id=ONT_trail_250925 barcode=barcode14 barcode_alias=barcode14 parent_read_id=c8f7bc71-b5c7-4843-92c2-812dae82c2e2 basecall_model_version_id=dna_r10.4.1_e8.2_400bps_hac@v4.3.0 rc
13	7ba60be8-1e5e-41dd-801c-c60f856b916f runid=0dfb5b492dc86ce99bf7c61c734eb364afcdb5c8 ch=44 start_time=2025-09-25T15:54:18.398161+00:00 flow_cell_id=AWX817 basecall_gpu=NVIDIA_Tegra_X2 protocol_group_id=ONT_trialEb_250925 sample_id=ONT_trail_250925 barcode=barcode24 barcode_alias=barcode24 parent_read_id=7ba60be8-1e5e-41dd-801c-c60f856b916f basecall_model_version_id=dna_r10.4.1_e8.2_400bps_hac@v4.3.0
13	1028b124-48ca-4e9e-b051-c5e6d1ea05bc runid=0dfb5b492dc86ce99bf7c61c734eb364afcdb5c8 ch=44 start_time=2025-09-25T21:45:56.398161+00:00 flow_cell_id=AWX817 basecall_gpu=NVIDIA_Tegra_X2 protocol_group_id=ONT_trialEb_250925 sample_id=ONT_trail_250925 barcode=barcode24 barcode_alias=barcode24 parent_read_id=1028b124-48ca-4e9e-b051-c5e6d1ea05bc basecall_model_version_id=dna_r10.4.1_e8.2_400bps_hac@v4.3.0 rc
13	dbc61e99-3a33-4e62-a737-58e89311f399 runid=0dfb5b492dc86ce99bf7c61c734eb364afcdb5c8 ch=57 start_time=2025-09-25T17:01:19.398161+00:00 flow_cell_id=AWX817 basecall_gpu=NVIDIA_Tegra_X2 protocol_group_id=ONT_trialEb_250925 sample_id=ONT_trail_250925 barcode=barcode14 barcode_alias=barcode14 parent_read_id=dbc61e99-3a33-4e62-a737-58e89311f399 basecall_model_version_id=dna_r10.4.1_e8.2_400bps_hac@v4.3.0 rc
13	dbc61e99-3a33-4e62-a737-58e89311f399 runid=0dfb5b492dc86ce99bf7c61c734eb364afcdb5c8 ch=57 start_time=2025-09-25T17:01:19.398161+00:00 flow_cell_id=AWX817 basecall_gpu=NVIDIA_Tegra_X2 protocol_group_id=ONT_trialEb_250925 sample_id=ONT_trail_250925 barcode=barcode14 barcode_alias=barcode14 parent_read_id=dbc61e99-3a33-4e62-a737-58e89311f399 basecall_model_version_id=dna_r10.4.1_e8.2_400bps_hac@v4.3.0 rc
13	9aa4b144-627a-44b6-b1e5-53a643acc32e runid=0dfb5b492dc86ce99bf7c61c734eb364afcdb5c8 ch=44 start_time=2025-09-25T20:39:21.398161+00:00 flow_cell_id=AWX817 basecall_gpu=NVIDIA_Tegra_X2 protocol_group_id=ONT_trialEb_250925 sample_id=ONT_trail_250925 barcode=barcode14 barcode_alias=barcode14 parent_read_id=9aa4b144-627a-44b6-b1e5-53a643acc32e basecall_model_version_id=dna_r10.4.1_e8.2_400bps_hac@v4.3.0
13	da018c85-40db-4c91-9357-a6c31105565d runid=0dfb5b492dc86ce99bf7c61c734eb364afcdb5c8 ch=58 start_time=2025-09-25T18:23:24.398161+00:00 flow_cell_id=AWX817 basecall_gpu=NVIDIA_Tegra_X2 protocol_group_id=ONT_trialEb_250925 sample_id=ONT_trail_250925 barcode=barcode13 barcode_alias=barcode13 parent_read_id=da018c85-40db-4c91-9357-a6c31105565d basecall_model_version_id=dna_r10.4.1_e8.2_400bps_hac@v4.3.0
13	d3c2b72c-0d9f-40d8-8cd5-03baf0fc2d39 runid=0dfb5b492dc86ce99bf7c61c734eb364afcdb5c8 ch=56 start_time=2025-09-25T15:55:50.398161+00:00 flow_cell_id=AWX817 basecall_gpu=NVIDIA_Tegra_X2 protocol_group_id=ONT_trialEb_250925 sample_id=ONT_trail_250925 barcode=barcode13 barcode_alias=barcode13 parent_read_id=d3c2b72c-0d9f-40d8-8cd5-03baf0fc2d39 basecall_model_version_id=dna_r10.4.1_e8.2_400bps_hac@v4.3.0 rc
13	3ea2ee5a-3509-4310-8c91-997e8913ffa2 runid=0dfb5b492dc86ce99bf7c61c734eb364afcdb5c8 ch=4 start_time=2025-09-26T01:34:50.398161+00:00 flow_cell_id=AWX817 basecall_gpu=NVIDIA_Tegra_X2 protocol_group_id=ONT_trialEb_250925 sample_id=ONT_trail_250925 barcode=barcode24 barcode_alias=barcode24 parent_read_id=3ea2ee5a-3509-4310-8c91-997e8913ffa2 basecall_model_version_id=dna_r10.4.1_e8.2_400bps_hac@v4.3.0 rc
13	c644ddd2-9a19-452f-8408-6505c9fddd34 runid=0dfb5b492dc86ce99bf7c61c734eb364afcdb5c8 ch=79 start_time=2025-09-25T18:10:46.398161+00:00 flow_cell_id=AWX817 basecall_gpu=NVIDIA_Tegra_X2 protocol_group_id=ONT_trialEb_250925 sample_id=ONT_trail_250925 barcode=barcode13 barcode_alias=barcode13 parent_read_id=c644ddd2-9a19-452f-8408-6505c9fddd34 basecall_model_version_id=dna_r10.4.1_e8.2_400bps_hac@v4.3.0 rc
13	4c8c9105-677c-45fd-8692-a498b04fca46 runid=0dfb5b492dc86ce99bf7c61c734eb364afcdb5c8 ch=110 start_time=2025-09-25T21:28:51.398161+00:00 flow_cell_id=AWX817 basecall_gpu=NVIDIA_Tegra_X2 protocol_group_id=ONT_trialEb_250925 sample_id=ONT_trail_250925 barcode=barcode24 barcode_alias=barcode24 parent_read_id=4c8c9105-677c-45fd-8692-a498b04fca46 basecall_model_version_id=dna_r10.4.1_e8.2_400bps_hac@v4.3.0
13	ef052794-4f69-48fd-83e9-244478e99203 runid=0dfb5b492dc86ce99bf7c61c734eb364afcdb5c8 ch=40 start_time=2025-09-25T17:28:05.398161+00:00 flow_cell_id=AWX817 basecall_gpu=NVIDIA_Tegra_X2 protocol_group_id=ONT_trialEb_250925 sample_id=ONT_trail_250925 barcode=barcode14 barcode_alias=barcode14 parent_read_id=ef052794-4f69-48fd-83e9-244478e99203 basecall_model_version_id=dna_r10.4.1_e8.2_400bps_hac@v4.3.0
13	733a37e6-b2ef-4fb2-b02d-c52aa98be98e runid=0dfb5b492dc86ce99bf7c61c734eb364afcdb5c8 ch=73 start_time=2025-09-25T21:01:00.398161+00:00 flow_cell_id=AWX817 basecall_gpu=NVIDIA_Tegra_X2 protocol_group_id=ONT_trialEb_250925 sample_id=ONT_trail_250925 barcode=barcode14 barcode_alias=barcode14 parent_read_id=733a37e6-b2ef-4fb2-b02d-c52aa98be98e basecall_model_version_id=dna_r10.4.1_e8.2_400bps_hac@v4.3.0
13	733a37e6-b2ef-4fb2-b02d-c52aa98be98e runid=0dfb5b492dc86ce99bf7c61c734eb364afcdb5c8 ch=73 start_time=2025-09-25T21:01:00.398161+00:00 flow_cell_id=AWX817 basecall_gpu=NVIDIA_Tegra_X2 protocol_group_id=ONT_trialEb_250925 sample_id=ONT_trail_250925 barcode=barcode14 barcode_alias=barcode14 parent_read_id=733a37e6-b2ef-4fb2-b02d-c52aa98be98e basecall_model_version_id=dna_r10.4.1_e8.2_400bps_hac@v4.3.0
13	52ea9de6-e53c-4edf-9377-55c3ffd10bda runid=0dfb5b492dc86ce99bf7c61c734eb364afcdb5c8 ch=20 start_time=2025-09-26T03:50:32.398161+00:00 flow_cell_id=AWX817 basecall_gpu=NVIDIA_Tegra_X2 protocol_group_id=ONT_trialEb_250925 sample_id=ONT_trail_250925 barcode=barcode24 barcode_alias=barcode24 parent_read_id=52ea9de6-e53c-4edf-9377-55c3ffd10bda basecall_model_version_id=dna_r10.4.1_e8.2_400bps_hac@v4.3.0
13	6e69b31b-57d0-4911-b24c-14389a3711a2 runid=0dfb5b492dc86ce99bf7c61c734eb364afcdb5c8 ch=4 start_time=2025-09-25T16:57:24.398161+00:00 flow_cell_id=AWX817 basecall_gpu=NVIDIA_Tegra_X2 protocol_group_id=ONT_trialEb_250925 sample_id=ONT_trail_250925 barcode=barcode15 barcode_alias=barcode15 parent_read_id=6e69b31b-57d0-4911-b24c-14389a3711a2 basecall_model_version_id=dna_r10.4.1_e8.2_400bps_hac@v4.3.0 rc
13	98a4d774-934f-402c-82b5-b0b32cfab63f runid=0dfb5b492dc86ce99bf7c61c734eb364afcdb5c8 ch=49 start_time=2025-09-26T10:01:23.398161+00:00 flow_cell_id=AWX817 basecall_gpu=NVIDIA_Tegra_X2 protocol_group_id=ONT_trialEb_250925 sample_id=ONT_trail_250925 barcode=barcode13 barcode_alias=barcode13 parent_read_id=98a4d774-934f-402c-82b5-b0b32cfab63f basecall_model_version_id=dna_r10.4.1_e8.2_400bps_hac@v4.3.0 rc
13	af6aa5ad-cd3b-47c4-ae94-34efe4f97cf7 runid=0dfb5b492dc86ce99bf7c61c734eb364afcdb5c8 ch=40 start_time=2025-09-25T18:40:45.398161+00:00 flow_cell_id=AWX817 basecall_gpu=NVIDIA_Tegra_X2 protocol_group_id=ONT_trialEb_250925 sample_id=ONT_trail_250925 barcode=barcode15 barcode_alias=barcode15 parent_read_id=af6aa5ad-cd3b-47c4-ae94-34efe4f97cf7 basecall_model_version_id=dna_r10.4.1_e8.2_400bps_hac@v4.3.0 rc
13	18abbf78-2f5f-4d72-9c10-d30c6f1dea23 runid=0dfb5b492dc86ce99bf7c61c734eb364afcdb5c8 ch=20 start_time=2025-09-26T08:31:21.398161+00:00 flow_cell_id=AWX817 basecall_gpu=NVIDIA_Tegra_X2 protocol_group_id=ONT_trialEb_250925 sample_id=ONT_trail_250925 barcode=barcode24 barcode_alias=barcode24 parent_read_id=18abbf78-2f5f-4d72-9c10-d30c6f1dea23 basecall_model_version_id=dna_r10.4.1_e8.2_400bps_hac@v4.3.0 rc
13	f6a8cc69-7ef6-4490-8d35-d0e0dd092128 runid=0dfb5b492dc86ce99bf7c61c734eb364afcdb5c8 ch=110 start_time=2025-09-25T20:38:28.398161+00:00 flow_cell_id=AWX817 basecall_gpu=NVIDIA_Tegra_X2 protocol_group_id=ONT_trialEb_250925 sample_id=ONT_trail_250925 barcode=barcode24 barcode_alias=barcode24 parent_read_id=f6a8cc69-7ef6-4490-8d35-d0e0dd092128 basecall_model_version_id=dna_r10.4.1_e8.2_400bps_hac@v4.3.0
13	56137a04-91d5-4aad-9d9c-c77bdaac1f1d runid=0dfb5b492dc86ce99bf7c61c734eb364afcdb5c8 ch=20 start_time=2025-09-26T03:25:10.398161+00:00 flow_cell_id=AWX817 basecall_gpu=NVIDIA_Tegra_X2 protocol_group_id=ONT_trialEb_250925 sample_id=ONT_trail_250925 barcode=barcode15 barcode_alias=barcode15 parent_read_id=56137a04-91d5-4aad-9d9c-c77bdaac1f1d basecall_model_version_id=dna_r10.4.1_e8.2_400bps_hac@v4.3.0
13	fcf05ecf-3043-4c7e-b375-98dd981b290b runid=0dfb5b492dc86ce99bf7c61c734eb364afcdb5c8 ch=39 start_time=2025-09-25T21:21:14.398161+00:00 flow_cell_id=AWX817 basecall_gpu=NVIDIA_Tegra_X2 protocol_group_id=ONT_trialEb_250925 sample_id=ONT_trail_250925 barcode=barcode14 barcode_alias=barcode14 parent_read_id=fcf05ecf-3043-4c7e-b375-98dd981b290b basecall_model_version_id=dna_r10.4.1_e8.2_400bps_hac@v4.3.0 rc
13	45fcb8ed-e1c5-4114-a022-93d6c411c975 runid=0dfb5b492dc86ce99bf7c61c734eb364afcdb5c8 ch=40 start_time=2025-09-25T18:10:00.398161+00:00 flow_cell_id=AWX817 basecall_gpu=NVIDIA_Tegra_X2 protocol_group_id=ONT_trialEb_250925 sample_id=ONT_trail_250925 barcode=barcode24 barcode_alias=barcode24 parent_read_id=45fcb8ed-e1c5-4114-a022-93d6c411c975 basecall_model_version_id=dna_r10.4.1_e8.2_400bps_hac@v4.3.0
13	bf843b55-ed20-4e80-b777-9f84b9cb9446 runid=0dfb5b492dc86ce99bf7c61c734eb364afcdb5c8 ch=4 start_time=2025-09-25T23:56:30.398161+00:00 flow_cell_id=AWX817 basecall_gpu=NVIDIA_Tegra_X2 protocol_group_id=ONT_trialEb_250925 sample_id=ONT_trail_250925 barcode=barcode24 barcode_alias=barcode24 parent_read_id=bf843b55-ed20-4e80-b777-9f84b9cb9446 basecall_model_version_id=dna_r10.4.1_e8.2_400bps_hac@v4.3.0
13	d3877d1c-599a-421b-971d-f0a0719270ef runid=0dfb5b492dc86ce99bf7c61c734eb364afcdb5c8 ch=39 start_time=2025-09-25T20:01:17.398161+00:00 flow_cell_id=AWX817 basecall_gpu=NVIDIA_Tegra_X2 protocol_group_id=ONT_trialEb_250925 sample_id=ONT_trail_250925 barcode=barcode13 barcode_alias=barcode13 parent_read_id=d3877d1c-599a-421b-971d-f0a0719270ef basecall_model_version_id=dna_r10.4.1_e8.2_400bps_hac@v4.3.0
13	e45d39cf-ada0-44a4-957a-20550c52cc2f runid=0dfb5b492dc86ce99bf7c61c734eb364afcdb5c8 ch=57 start_time=2025-09-25T17:06:11.398161+00:00 flow_cell_id=AWX817 basecall_gpu=NVIDIA_Tegra_X2 protocol_group_id=ONT_trialEb_250925 sample_id=ONT_trail_250925 barcode=barcode14 barcode_alias=barcode14 parent_read_id=e45d39cf-ada0-44a4-957a-20550c52cc2f basecall_model_version_id=dna_r10.4.1_e8.2_400bps_hac@v4.3.0 rc
13	1073c540-2591-41bc-b6c4-e27d0df8a5fb runid=0dfb5b492dc86ce99bf7c61c734eb364afcdb5c8 ch=110 start_time=2025-09-25T20:31:53.398161+00:00 flow_cell_id=AWX817 basecall_gpu=NVIDIA_Tegra_X2 protocol_group_id=ONT_trialEb_250925 sample_id=ONT_trail_250925 barcode=barcode15 barcode_alias=barcode15 parent_read_id=1073c540-2591-41bc-b6c4-e27d0df8a5fb basecall_model_version_id=dna_r10.4.1_e8.2_400bps_hac@v4.3.0 rc
13	273ba609-b442-4af6-baa0-47b45b235ac7 runid=0dfb5b492dc86ce99bf7c61c734eb364afcdb5c8 ch=44 start_time=2025-09-25T18:19:58.398161+00:00 flow_cell_id=AWX817 basecall_gpu=NVIDIA_Tegra_X2 protocol_group_id=ONT_trialEb_250925 sample_id=ONT_trail_250925 barcode=barcode14 barcode_alias=barcode14 parent_read_id=273ba609-b442-4af6-baa0-47b45b235ac7 basecall_model_version_id=dna_r10.4.1_e8.2_400bps_hac@v4.3.0 rc
13	273ba609-b442-4af6-baa0-47b45b235ac7 runid=0dfb5b492dc86ce99bf7c61c734eb364afcdb5c8 ch=44 start_time=2025-09-25T18:19:58.398161+00:00 flow_cell_id=AWX817 basecall_gpu=NVIDIA_Tegra_X2 protocol_group_id=ONT_trialEb_250925 sample_id=ONT_trail_250925 barcode=barcode14 barcode_alias=barcode14 parent_read_id=273ba609-b442-4af6-baa0-47b45b235ac7 basecall_model_version_id=dna_r10.4.1_e8.2_400bps_hac@v4.3.0 rc
13	b5d8130f-af83-4580-8d55-b9435d1ca8d9 runid=0dfb5b492dc86ce99bf7c61c734eb364afcdb5c8 ch=20 start_time=2025-09-25T23:30:00.398161+00:00 flow_cell_id=AWX817 basecall_gpu=NVIDIA_Tegra_X2 protocol_group_id=ONT_trialEb_250925 sample_id=ONT_trail_250925 barcode=barcode24 barcode_alias=barcode24 parent_read_id=b5d8130f-af83-4580-8d55-b9435d1ca8d9 basecall_model_version_id=dna_r10.4.1_e8.2_400bps_hac@v4.3.0 rc
13	caaa92a6-98fe-45ff-9327-459fe5ee6eab runid=0dfb5b492dc86ce99bf7c61c734eb364afcdb5c8 ch=110 start_time=2025-09-25T19:11:20.398161+00:00 flow_cell_id=AWX817 basecall_gpu=NVIDIA_Tegra_X2 protocol_group_id=ONT_trialEb_250925 sample_id=ONT_trail_250925 barcode=barcode15 barcode_alias=barcode15 parent_read_id=caaa92a6-98fe-45ff-9327-459fe5ee6eab basecall_model_version_id=dna_r10.4.1_e8.2_400bps_hac@v4.3.0
13	e990799e-03f7-441e-bd4e-702fa79c053b runid=0dfb5b492dc86ce99bf7c61c734eb364afcdb5c8 ch=20 start_time=2025-09-25T23:42:26.398161+00:00 flow_cell_id=AWX817 basecall_gpu=NVIDIA_Tegra_X2 protocol_group_id=ONT_trialEb_250925 sample_id=ONT_trail_250925 barcode=barcode14 barcode_alias=barcode14 parent_read_id=e990799e-03f7-441e-bd4e-702fa79c053b basecall_model_version_id=dna_r10.4.1_e8.2_400bps_hac@v4.3.0 rc
13	e990799e-03f7-441e-bd4e-702fa79c053b runid=0dfb5b492dc86ce99bf7c61c734eb364afcdb5c8 ch=20 start_time=2025-09-25T23:42:26.398161+00:00 flow_cell_id=AWX817 basecall_gpu=NVIDIA_Tegra_X2 protocol_group_id=ONT_trialEb_250925 sample_id=ONT_trail_250925 barcode=barcode14 barcode_alias=barcode14 parent_read_id=e990799e-03f7-441e-bd4e-702fa79c053b basecall_model_version_id=dna_r10.4.1_e8.2_400bps_hac@v4.3.0 rc
13	fd81f930-a22b-4b9d-a423-63052193b333 runid=0dfb5b492dc86ce99bf7c61c734eb364afcdb5c8 ch=49 start_time=2025-09-26T09:04:19.398161+00:00 flow_cell_id=AWX817 basecall_gpu=NVIDIA_Tegra_X2 protocol_group_id=ONT_trialEb_250925 sample_id=ONT_trail_250925 barcode=barcode14 barcode_alias=barcode14 parent_read_id=fd81f930-a22b-4b9d-a423-63052193b333 basecall_model_version_id=dna_r10.4.1_e8.2_400bps_hac@v4.3.0 rc
13	945a7dc3-18bb-4e1b-b907-f3b788efcb0a runid=0dfb5b492dc86ce99bf7c61c734eb364afcdb5c8 ch=49 start_time=2025-09-26T12:19:11.398161+00:00 flow_cell_id=AWX817 basecall_gpu=NVIDIA_Tegra_X2 protocol_group_id=ONT_trialEb_250925 sample_id=ONT_trail_250925 barcode=barcode14 barcode_alias=barcode14 parent_read_id=945a7dc3-18bb-4e1b-b907-f3b788efcb0a basecall_model_version_id=dna_r10.4.1_e8.2_400bps_hac@v4.3.0 rc
13	4a8fc0fb-fff4-4c6b-b271-d846d43134b4 runid=0dfb5b492dc86ce99bf7c61c734eb364afcdb5c8 ch=23 start_time=2025-09-25T19:22:32.398161+00:00 flow_cell_id=AWX817 basecall_gpu=NVIDIA_Tegra_X2 protocol_group_id=ONT_trialEb_250925 sample_id=ONT_trail_250925 barcode=barcode24 barcode_alias=barcode24 parent_read_id=4a8fc0fb-fff4-4c6b-b271-d846d43134b4 basecall_model_version_id=dna_r10.4.1_e8.2_400bps_hac@v4.3.0 rc
13	95390cd1-563a-4eb9-8115-553d87e2f2b8 runid=0dfb5b492dc86ce99bf7c61c734eb364afcdb5c8 ch=44 start_time=2025-09-25T20:50:14.398161+00:00 flow_cell_id=AWX817 basecall_gpu=NVIDIA_Tegra_X2 protocol_group_id=ONT_trialEb_250925 sample_id=ONT_trail_250925 barcode=barcode15 barcode_alias=barcode15 parent_read_id=95390cd1-563a-4eb9-8115-553d87e2f2b8 basecall_model_version_id=dna_r10.4.1_e8.2_400bps_hac@v4.3.0
13	084ff363-a948-4482-8b35-cd8cbbe366e1 runid=0dfb5b492dc86ce99bf7c61c734eb364afcdb5c8 ch=110 start_time=2025-09-25T19:39:21.398161+00:00 flow_cell_id=AWX817 basecall_gpu=NVIDIA_Tegra_X2 protocol_group_id=ONT_trialEb_250925 sample_id=ONT_trail_250925 barcode=barcode24 barcode_alias=barcode24 parent_read_id=084ff363-a948-4482-8b35-cd8cbbe366e1 basecall_model_version_id=dna_r10.4.1_e8.2_400bps_hac@v4.3.0
13	1b2cae77-aafc-425a-b963-f2add6893196 runid=0dfb5b492dc86ce99bf7c61c734eb364afcdb5c8 ch=57 start_time=2025-09-25T16:12:00.398161+00:00 flow_cell_id=AWX817 basecall_gpu=NVIDIA_Tegra_X2 protocol_group_id=ONT_trialEb_250925 sample_id=ONT_trail_250925 barcode=barcode14 barcode_alias=barcode14 parent_read_id=1b2cae77-aafc-425a-b963-f2add6893196 basecall_model_version_id=dna_r10.4.1_e8.2_400bps_hac@v4.3.0 rc
13	999854b7-2cad-4f62-80ea-bfe7b1a84ca9 runid=0dfb5b492dc86ce99bf7c61c734eb364afcdb5c8 ch=79 start_time=2025-09-25T16:39:46.398161+00:00 flow_cell_id=AWX817 basecall_gpu=NVIDIA_Tegra_X2 protocol_group_id=ONT_trialEb_250925 sample_id=ONT_trail_250925 barcode=barcode15 barcode_alias=barcode15 parent_read_id=999854b7-2cad-4f62-80ea-bfe7b1a84ca9 basecall_model_version_id=dna_r10.4.1_e8.2_400bps_hac@v4.3.0
13	40659f0c-9309-4dae-869f-5c7d15eb2a71 runid=0dfb5b492dc86ce99bf7c61c734eb364afcdb5c8 ch=100 start_time=2025-09-25T22:37:49.398161+00:00 flow_cell_id=AWX817 basecall_gpu=NVIDIA_Tegra_X2 protocol_group_id=ONT_trialEb_250925 sample_id=ONT_trail_250925 barcode=barcode24 barcode_alias=barcode24 parent_read_id=40659f0c-9309-4dae-869f-5c7d15eb2a71 basecall_model_version_id=dna_r10.4.1_e8.2_400bps_hac@v4.3.0 rc
13	4d6f9e0e-9fde-43b7-9e6c-225aac63fd56 runid=0dfb5b492dc86ce99bf7c61c734eb364afcdb5c8 ch=44 start_time=2025-09-26T04:44:15.398161+00:00 flow_cell_id=AWX817 basecall_gpu=NVIDIA_Tegra_X2 protocol_group_id=ONT_trialEb_250925 sample_id=ONT_trail_250925 barcode=barcode15 barcode_alias=barcode15 parent_read_id=4d6f9e0e-9fde-43b7-9e6c-225aac63fd56 basecall_model_version_id=dna_r10.4.1_e8.2_400bps_hac@v4.3.0 rc
13	9c935d41-fee6-421a-9e75-7028129266e1 runid=0dfb5b492dc86ce99bf7c61c734eb364afcdb5c8 ch=79 start_time=2025-09-25T17:02:08.398161+00:00 flow_cell_id=AWX817 basecall_gpu=NVIDIA_Tegra_X2 protocol_group_id=ONT_trialEb_250925 sample_id=ONT_trail_250925 barcode=barcode24 barcode_alias=barcode24 parent_read_id=9c935d41-fee6-421a-9e75-7028129266e1 basecall_model_version_id=dna_r10.4.1_e8.2_400bps_hac@v4.3.0 rc
13	b22b2fc1-f3c2-460c-a399-8392a05f9ef8 runid=0dfb5b492dc86ce99bf7c61c734eb364afcdb5c8 ch=56 start_time=2025-09-25T16:54:26.398161+00:00 flow_cell_id=AWX817 basecall_gpu=NVIDIA_Tegra_X2 protocol_group_id=ONT_trialEb_250925 sample_id=ONT_trail_250925 barcode=barcode24 barcode_alias=barcode24 parent_read_id=b22b2fc1-f3c2-460c-a399-8392a05f9ef8 basecall_model_version_id=dna_r10.4.1_e8.2_400bps_hac@v4.3.0 rc
13	aa723862-c4b3-487f-9ebe-6ff9011494f1 runid=0dfb5b492dc86ce99bf7c61c734eb364afcdb5c8 ch=94 start_time=2025-09-25T16:26:22.398161+00:00 flow_cell_id=AWX817 basecall_gpu=NVIDIA_Tegra_X2 protocol_group_id=ONT_trialEb_250925 sample_id=ONT_trail_250925 barcode=barcode24 barcode_alias=barcode24 parent_read_id=aa723862-c4b3-487f-9ebe-6ff9011494f1 basecall_model_version_id=dna_r10.4.1_e8.2_400bps_hac@v4.3.0 rc
13	072e5230-1b7a-4fcc-b97d-29a2ed86c55f runid=0dfb5b492dc86ce99bf7c61c734eb364afcdb5c8 ch=110 start_time=2025-09-25T17:10:18.398161+00:00 flow_cell_id=AWX817 basecall_gpu=NVIDIA_Tegra_X2 protocol_group_id=ONT_trialEb_250925 sample_id=ONT_trail_250925 barcode=barcode15 barcode_alias=barcode15 parent_read_id=072e5230-1b7a-4fcc-b97d-29a2ed86c55f basecall_model_version_id=dna_r10.4.1_e8.2_400bps_hac@v4.3.0
13	17f54fb9-eaf3-48b4-92f8-da6df7224da1 runid=0dfb5b492dc86ce99bf7c61c734eb364afcdb5c8 ch=106 start_time=2025-09-25T18:11:15.398161+00:00 flow_cell_id=AWX817 basecall_gpu=NVIDIA_Tegra_X2 protocol_group_id=ONT_trialEb_250925 sample_id=ONT_trail_250925 barcode=barcode24 barcode_alias=barcode24 parent_read_id=17f54fb9-eaf3-48b4-92f8-da6df7224da1 basecall_model_version_id=dna_r10.4.1_e8.2_400bps_hac@v4.3.0
13	711207af-bef3-402c-abe6-981ae189af2b runid=0dfb5b492dc86ce99bf7c61c734eb364afcdb5c8 ch=44 start_time=2025-09-26T01:25:29.398161+00:00 flow_cell_id=AWX817 basecall_gpu=NVIDIA_Tegra_X2 protocol_group_id=ONT_trialEb_250925 sample_id=ONT_trail_250925 barcode=barcode24 barcode_alias=barcode24 parent_read_id=711207af-bef3-402c-abe6-981ae189af2b basecall_model_version_id=dna_r10.4.1_e8.2_400bps_hac@v4.3.0
13	690d6705-4a0e-4dc5-8614-3c3a693eba4d runid=0dfb5b492dc86ce99bf7c61c734eb364afcdb5c8 ch=58 start_time=2025-09-25T18:22:12.398161+00:00 flow_cell_id=AWX817 basecall_gpu=NVIDIA_Tegra_X2 protocol_group_id=ONT_trialEb_250925 sample_id=ONT_trail_250925 barcode=barcode15 barcode_alias=barcode15 parent_read_id=690d6705-4a0e-4dc5-8614-3c3a693eba4d basecall_model_version_id=dna_r10.4.1_e8.2_400bps_hac@v4.3.0 rc
13	9f2b0627-d1cc-4d95-a182-48e39740c336 runid=0dfb5b492dc86ce99bf7c61c734eb364afcdb5c8 ch=56 start_time=2025-09-25T17:33:01.398161+00:00 flow_cell_id=AWX817 basecall_gpu=NVIDIA_Tegra_X2 protocol_group_id=ONT_trialEb_250925 sample_id=ONT_trail_250925 barcode=barcode24 barcode_alias=barcode24 parent_read_id=9f2b0627-d1cc-4d95-a182-48e39740c336 basecall_model_version_id=dna_r10.4.1_e8.2_400bps_hac@v4.3.0 rc
13	02680f21-82a8-4704-a024-0be4d33c06f2 runid=0dfb5b492dc86ce99bf7c61c734eb364afcdb5c8 ch=44 start_time=2025-09-25T16:35:39.398161+00:00 flow_cell_id=AWX817 basecall_gpu=NVIDIA_Tegra_X2 protocol_group_id=ONT_trialEb_250925 sample_id=ONT_trail_250925 barcode=barcode24 barcode_alias=barcode24 parent_read_id=02680f21-82a8-4704-a024-0be4d33c06f2 basecall_model_version_id=dna_r10.4.1_e8.2_400bps_hac@v4.3.0
13	d8fe7599-5d00-4219-9ad6-fd02de3f6c1b runid=0dfb5b492dc86ce99bf7c61c734eb364afcdb5c8 ch=44 start_time=2025-09-25T23:01:23.398161+00:00 flow_cell_id=AWX817 basecall_gpu=NVIDIA_Tegra_X2 protocol_group_id=ONT_trialEb_250925 sample_id=ONT_trail_250925 barcode=barcode13 barcode_alias=barcode13 parent_read_id=d8fe7599-5d00-4219-9ad6-fd02de3f6c1b basecall_model_version_id=dna_r10.4.1_e8.2_400bps_hac@v4.3.0 rc
13	a2035390-8530-4831-b1dd-a568a65c93ab runid=0dfb5b492dc86ce99bf7c61c734eb364afcdb5c8 ch=4 start_time=2025-09-26T02:48:53.398161+00:00 flow_cell_id=AWX817 basecall_gpu=NVIDIA_Tegra_X2 protocol_group_id=ONT_trialEb_250925 sample_id=ONT_trail_250925 barcode=barcode24 barcode_alias=barcode24 parent_read_id=a2035390-8530-4831-b1dd-a568a65c93ab basecall_model_version_id=dna_r10.4.1_e8.2_400bps_hac@v4.3.0 rc
13	42fb2d43-87db-4777-8c77-a968b59aaa9d runid=0dfb5b492dc86ce99bf7c61c734eb364afcdb5c8 ch=77 start_time=2025-09-25T23:56:20.398161+00:00 flow_cell_id=AWX817 basecall_gpu=NVIDIA_Tegra_X2 protocol_group_id=ONT_trialEb_250925 sample_id=ONT_trail_250925 barcode=barcode15 barcode_alias=barcode15 parent_read_id=42fb2d43-87db-4777-8c77-a968b59aaa9d basecall_model_version_id=dna_r10.4.1_e8.2_400bps_hac@v4.3.0 rc
13	bdda2404-b207-4976-9f56-6e2bb1463f45 runid=0dfb5b492dc86ce99bf7c61c734eb364afcdb5c8 ch=4 start_time=2025-09-25T23:53:02.398161+00:00 flow_cell_id=AWX817 basecall_gpu=NVIDIA_Tegra_X2 protocol_group_id=ONT_trialEb_250925 sample_id=ONT_trail_250925 barcode=barcode14 barcode_alias=barcode14 parent_read_id=bdda2404-b207-4976-9f56-6e2bb1463f45 basecall_model_version_id=dna_r10.4.1_e8.2_400bps_hac@v4.3.0
13	4de434a3-093a-4535-a767-5a07853b4631 runid=0dfb5b492dc86ce99bf7c61c734eb364afcdb5c8 ch=57 start_time=2025-09-25T17:10:45.398161+00:00 flow_cell_id=AWX817 basecall_gpu=NVIDIA_Tegra_X2 protocol_group_id=ONT_trialEb_250925 sample_id=ONT_trail_250925 barcode=barcode14 barcode_alias=barcode14 parent_read_id=4de434a3-093a-4535-a767-5a07853b4631 basecall_model_version_id=dna_r10.4.1_e8.2_400bps_hac@v4.3.0
13	1b39d3c7-4001-4c02-be3a-31db1b4cccc0 runid=0dfb5b492dc86ce99bf7c61c734eb364afcdb5c8 ch=44 start_time=2025-09-26T03:39:46.398161+00:00 flow_cell_id=AWX817 basecall_gpu=NVIDIA_Tegra_X2 protocol_group_id=ONT_trialEb_250925 sample_id=ONT_trail_250925 barcode=barcode14 barcode_alias=barcode14 parent_read_id=1b39d3c7-4001-4c02-be3a-31db1b4cccc0 basecall_model_version_id=dna_r10.4.1_e8.2_400bps_hac@v4.3.0
13	bd9315a2-f4a3-4b43-a53f-2c142838f225 runid=0dfb5b492dc86ce99bf7c61c734eb364afcdb5c8 ch=73 start_time=2025-09-25T21:36:22.398161+00:00 flow_cell_id=AWX817 basecall_gpu=NVIDIA_Tegra_X2 protocol_group_id=ONT_trialEb_250925 sample_id=ONT_trail_250925 barcode=barcode24 barcode_alias=barcode24 parent_read_id=bd9315a2-f4a3-4b43-a53f-2c142838f225 basecall_model_version_id=dna_r10.4.1_e8.2_400bps_hac@v4.3.0
13	8494c102-a464-4eb1-9662-96add5ee72fa runid=0dfb5b492dc86ce99bf7c61c734eb364afcdb5c8 ch=44 start_time=2025-09-26T02:23:08.398161+00:00 flow_cell_id=AWX817 basecall_gpu=NVIDIA_Tegra_X2 protocol_group_id=ONT_trialEb_250925 sample_id=ONT_trail_250925 barcode=barcode24 barcode_alias=barcode24 parent_read_id=8494c102-a464-4eb1-9662-96add5ee72fa basecall_model_version_id=dna_r10.4.1_e8.2_400bps_hac@v4.3.0 rc
13	9c56b426-d21d-420d-96e1-49626bfa5567 runid=0dfb5b492dc86ce99bf7c61c734eb364afcdb5c8 ch=56 start_time=2025-09-25T16:43:40.398161+00:00 flow_cell_id=AWX817 basecall_gpu=NVIDIA_Tegra_X2 protocol_group_id=ONT_trialEb_250925 sample_id=ONT_trail_250925 barcode=barcode15 barcode_alias=barcode15 parent_read_id=9c56b426-d21d-420d-96e1-49626bfa5567 basecall_model_version_id=dna_r10.4.1_e8.2_400bps_hac@v4.3.0 rc
13	19992aaf-7f19-4f2d-aa1d-e9b79273a7d5 runid=0dfb5b492dc86ce99bf7c61c734eb364afcdb5c8 ch=80 start_time=2025-09-25T21:29:01.398161+00:00 flow_cell_id=AWX817 basecall_gpu=NVIDIA_Tegra_X2 protocol_group_id=ONT_trialEb_250925 sample_id=ONT_trail_250925 barcode=barcode14 barcode_alias=barcode14 parent_read_id=19992aaf-7f19-4f2d-aa1d-e9b79273a7d5 basecall_model_version_id=dna_r10.4.1_e8.2_400bps_hac@v4.3.0 rc
13	1ca2475a-7caa-45cc-8562-463cdad365e7 runid=0dfb5b492dc86ce99bf7c61c734eb364afcdb5c8 ch=44 start_time=2025-09-25T17:25:45.398161+00:00 flow_cell_id=AWX817 basecall_gpu=NVIDIA_Tegra_X2 protocol_group_id=ONT_trialEb_250925 sample_id=ONT_trail_250925 barcode=barcode13 barcode_alias=barcode13 parent_read_id=1ca2475a-7caa-45cc-8562-463cdad365e7 basecall_model_version_id=dna_r10.4.1_e8.2_400bps_hac@v4.3.0
13	624f3c46-4e56-4547-9e46-16f5ec820e68 runid=0dfb5b492dc86ce99bf7c61c734eb364afcdb5c8 ch=4 start_time=2025-09-25T21:49:54.398161+00:00 flow_cell_id=AWX817 basecall_gpu=NVIDIA_Tegra_X2 protocol_group_id=ONT_trialEb_250925 sample_id=ONT_trail_250925 barcode=barcode13 barcode_alias=barcode13 parent_read_id=624f3c46-4e56-4547-9e46-16f5ec820e68 basecall_model_version_id=dna_r10.4.1_e8.2_400bps_hac@v4.3.0
13	3845ce7f-6de4-4426-9c6a-acab322aed63 runid=0dfb5b492dc86ce99bf7c61c734eb364afcdb5c8 ch=39 start_time=2025-09-25T21:36:18.398161+00:00 flow_cell_id=AWX817 basecall_gpu=NVIDIA_Tegra_X2 protocol_group_id=ONT_trialEb_250925 sample_id=ONT_trail_250925 barcode=barcode14 barcode_alias=barcode14 parent_read_id=3845ce7f-6de4-4426-9c6a-acab322aed63 basecall_model_version_id=dna_r10.4.1_e8.2_400bps_hac@v4.3.0 rc
13	34321a89-b769-45aa-a377-361403255c1e runid=0dfb5b492dc86ce99bf7c61c734eb364afcdb5c8 ch=110 start_time=2025-09-25T21:22:36.398161+00:00 flow_cell_id=AWX817 basecall_gpu=NVIDIA_Tegra_X2 protocol_group_id=ONT_trialEb_250925 sample_id=ONT_trail_250925 barcode=barcode13 barcode_alias=barcode13 parent_read_id=34321a89-b769-45aa-a377-361403255c1e basecall_model_version_id=dna_r10.4.1_e8.2_400bps_hac@v4.3.0
13	0b49b5d5-eb98-4156-a91c-fd1463f12047 runid=0dfb5b492dc86ce99bf7c61c734eb364afcdb5c8 ch=96 start_time=2025-09-26T02:21:32.398161+00:00 flow_cell_id=AWX817 basecall_gpu=NVIDIA_Tegra_X2 protocol_group_id=ONT_trialEb_250925 sample_id=ONT_trail_250925 barcode=barcode24 barcode_alias=barcode24 parent_read_id=0b49b5d5-eb98-4156-a91c-fd1463f12047 basecall_model_version_id=dna_r10.4.1_e8.2_400bps_hac@v4.3.0
13	443e87d2-0d54-4b1b-a983-8c1199839e3f runid=0dfb5b492dc86ce99bf7c61c734eb364afcdb5c8 ch=23 start_time=2025-09-25T19:21:24.398161+00:00 flow_cell_id=AWX817 basecall_gpu=NVIDIA_Tegra_X2 protocol_group_id=ONT_trialEb_250925 sample_id=ONT_trail_250925 barcode=barcode14 barcode_alias=barcode14 parent_read_id=443e87d2-0d54-4b1b-a983-8c1199839e3f basecall_model_version_id=dna_r10.4.1_e8.2_400bps_hac@v4.3.0 rc
13	380c691c-0746-475d-ac6b-fa1c2fd06ef9 runid=0dfb5b492dc86ce99bf7c61c734eb364afcdb5c8 ch=73 start_time=2025-09-25T21:31:09.398161+00:00 flow_cell_id=AWX817 basecall_gpu=NVIDIA_Tegra_X2 protocol_group_id=ONT_trialEb_250925 sample_id=ONT_trail_250925 barcode=barcode13 barcode_alias=barcode13 parent_read_id=380c691c-0746-475d-ac6b-fa1c2fd06ef9 basecall_model_version_id=dna_r10.4.1_e8.2_400bps_hac@v4.3.0
13	f60bc67c-b9d9-48dd-995e-516d651d7207 runid=0dfb5b492dc86ce99bf7c61c734eb364afcdb5c8 ch=58 start_time=2025-09-25T22:03:16.398161+00:00 flow_cell_id=AWX817 basecall_gpu=NVIDIA_Tegra_X2 protocol_group_id=ONT_trialEb_250925 sample_id=ONT_trail_250925 barcode=barcode15 barcode_alias=barcode15 parent_read_id=f60bc67c-b9d9-48dd-995e-516d651d7207 basecall_model_version_id=dna_r10.4.1_e8.2_400bps_hac@v4.3.0
13	681836a1-c6e2-4dda-92f3-8abb3ba9fbb8 runid=0dfb5b492dc86ce99bf7c61c734eb364afcdb5c8 ch=4 start_time=2025-09-26T06:06:07.398161+00:00 flow_cell_id=AWX817 basecall_gpu=NVIDIA_Tegra_X2 protocol_group_id=ONT_trialEb_250925 sample_id=ONT_trail_250925 barcode=barcode13 barcode_alias=barcode13 parent_read_id=681836a1-c6e2-4dda-92f3-8abb3ba9fbb8 basecall_model_version_id=dna_r10.4.1_e8.2_400bps_hac@v4.3.0 rc
13	ccb9a57d-3cd1-43a5-88d1-73e7537da2c4 runid=0dfb5b492dc86ce99bf7c61c734eb364afcdb5c8 ch=44 start_time=2025-09-25T17:50:45.398161+00:00 flow_cell_id=AWX817 basecall_gpu=NVIDIA_Tegra_X2 protocol_group_id=ONT_trialEb_250925 sample_id=ONT_trail_250925 barcode=barcode13 barcode_alias=barcode13 parent_read_id=ccb9a57d-3cd1-43a5-88d1-73e7537da2c4 basecall_model_version_id=dna_r10.4.1_e8.2_400bps_hac@v4.3.0 rc
13	053fe83a-76f8-4d20-9910-ba3cad12b67d runid=0dfb5b492dc86ce99bf7c61c734eb364afcdb5c8 ch=4 start_time=2025-09-25T16:16:15.398161+00:00 flow_cell_id=AWX817 basecall_gpu=NVIDIA_Tegra_X2 protocol_group_id=ONT_trialEb_250925 sample_id=ONT_trail_250925 barcode=barcode13 barcode_alias=barcode13 parent_read_id=053fe83a-76f8-4d20-9910-ba3cad12b67d basecall_model_version_id=dna_r10.4.1_e8.2_400bps_hac@v4.3.0 rc
428	6f96ec6a-3c8b-4f4d-93be-fabba2280df7 runid=0dfb5b492dc86ce99bf7c61c734eb364afcdb5c8 ch=39 start_time=2025-09-25T17:31:43.398161+00:00 flow_cell_id=AWX817 basecall_gpu=NVIDIA_Tegra_X2 protocol_group_id=ONT_trialEb_250925 sample_id=ONT_trail_250925 barcode=barcode13 barcode_alias=barcode13 parent_read_id=6f96ec6a-3c8b-4f4d-93be-fabba2280df7 basecall_model_version_id=dna_r10.4.1_e8.2_400bps_hac@v4.3.0
428	e1ebec4b-85a6-4082-8de2-5017f697a22a runid=0dfb5b492dc86ce99bf7c61c734eb364afcdb5c8 ch=4 start_time=2025-09-25T16:15:59.398161+00:00 flow_cell_id=AWX817 basecall_gpu=NVIDIA_Tegra_X2 protocol_group_id=ONT_trialEb_250925 sample_id=ONT_trail_250925 barcode=barcode13 barcode_alias=barcode13 parent_read_id=e1ebec4b-85a6-4082-8de2-5017f697a22a basecall_model_version_id=dna_r10.4.1_e8.2_400bps_hac@v4.3.0
428	1767dd4f-6cd6-4a14-9b98-1229c487e5ec runid=0dfb5b492dc86ce99bf7c61c734eb364afcdb5c8 ch=20 start_time=2025-09-25T20:20:13.398161+00:00 flow_cell_id=AWX817 basecall_gpu=NVIDIA_Tegra_X2 protocol_group_id=ONT_trialEb_250925 sample_id=ONT_trail_250925 barcode=barcode24 barcode_alias=barcode24 parent_read_id=1767dd4f-6cd6-4a14-9b98-1229c487e5ec basecall_model_version_id=dna_r10.4.1_e8.2_400bps_hac@v4.3.0
428	80e4f17d-46f3-45af-881b-1ccb876ab76c runid=0dfb5b492dc86ce99bf7c61c734eb364afcdb5c8 ch=20 start_time=2025-09-25T17:13:58.398161+00:00 flow_cell_id=AWX817 basecall_gpu=NVIDIA_Tegra_X2 protocol_group_id=ONT_trialEb_250925 sample_id=ONT_trail_250925 barcode=barcode15 barcode_alias=barcode15 parent_read_id=3b4bdc5e-d94a-49e6-970d-261a2091d6d4 basecall_model_version_id=dna_r10.4.1_e8.2_400bps_hac@v4.3.0
428	94285c59-e472-4a72-9c37-b45dbb0c8627 runid=0dfb5b492dc86ce99bf7c61c734eb364afcdb5c8 ch=58 start_time=2025-09-25T20:13:18.398161+00:00 flow_cell_id=AWX817 basecall_gpu=NVIDIA_Tegra_X2 protocol_group_id=ONT_trialEb_250925 sample_id=ONT_trail_250925 barcode=barcode13 barcode_alias=barcode13 parent_read_id=e14b28e8-c34a-4a60-8f6a-22dbe9417696 basecall_model_version_id=dna_r10.4.1_e8.2_400bps_hac@v4.3.0
428	a83b7e2c-fbfa-44c9-bb98-c19b48f5a0bd runid=0dfb5b492dc86ce99bf7c61c734eb364afcdb5c8 ch=108 start_time=2025-09-25T16:30:06.398161+00:00 flow_cell_id=AWX817 basecall_gpu=NVIDIA_Tegra_X2 protocol_group_id=ONT_trialEb_250925 sample_id=ONT_trail_250925 barcode=barcode14 barcode_alias=barcode14 parent_read_id=a83b7e2c-fbfa-44c9-bb98-c19b48f5a0bd basecall_model_version_id=dna_r10.4.1_e8.2_400bps_hac@v4.3.0
428	76c8052d-3add-495d-aabe-d566e7661268 runid=0dfb5b492dc86ce99bf7c61c734eb364afcdb5c8 ch=6 start_time=2025-09-25T17:51:50.398161+00:00 flow_cell_id=AWX817 basecall_gpu=NVIDIA_Tegra_X2 protocol_group_id=ONT_trialEb_250925 sample_id=ONT_trail_250925 barcode=barcode13 barcode_alias=barcode13 parent_read_id=76c8052d-3add-495d-aabe-d566e7661268 basecall_model_version_id=dna_r10.4.1_e8.2_400bps_hac@v4.3.0
428	ecaff312-7e76-42c0-9e13-4d47319fbd34 runid=0dfb5b492dc86ce99bf7c61c734eb364afcdb5c8 ch=110 start_time=2025-09-25T15:58:49.398161+00:00 flow_cell_id=AWX817 basecall_gpu=NVIDIA_Tegra_X2 protocol_group_id=ONT_trialEb_250925 sample_id=ONT_trail_250925 barcode=barcode13 barcode_alias=barcode13 parent_read_id=ecaff312-7e76-42c0-9e13-4d47319fbd34 basecall_model_version_id=dna_r10.4.1_e8.2_400bps_hac@v4.3.0
428	4916ddb3-ab70-4ec6-8335-3f86db55c91a runid=0dfb5b492dc86ce99bf7c61c734eb364afcdb5c8 ch=94 start_time=2025-09-25T16:37:03.398161+00:00 flow_cell_id=AWX817 basecall_gpu=NVIDIA_Tegra_X2 protocol_group_id=ONT_trialEb_250925 sample_id=ONT_trail_250925 barcode=barcode14 barcode_alias=barcode14 parent_read_id=4916ddb3-ab70-4ec6-8335-3f86db55c91a basecall_model_version_id=dna_r10.4.1_e8.2_400bps_hac@v4.3.0
428	e3929f3b-2969-4c40-98c7-9b59307fe47e runid=0dfb5b492dc86ce99bf7c61c734eb364afcdb5c8 ch=4 start_time=2025-09-26T00:56:15.398161+00:00 flow_cell_id=AWX817 basecall_gpu=NVIDIA_Tegra_X2 protocol_group_id=ONT_trialEb_250925 sample_id=ONT_trail_250925 barcode=barcode14 barcode_alias=barcode14 parent_read_id=e3929f3b-2969-4c40-98c7-9b59307fe47e basecall_model_version_id=dna_r10.4.1_e8.2_400bps_hac@v4.3.0
428	b1eb7012-b8bc-44e9-970d-4ac9573a43a3 runid=0dfb5b492dc86ce99bf7c61c734eb364afcdb5c8 ch=4 start_time=2025-09-25T16:51:08.398161+00:00 flow_cell_id=AWX817 basecall_gpu=NVIDIA_Tegra_X2 protocol_group_id=ONT_trialEb_250925 sample_id=ONT_trail_250925 barcode=barcode24 barcode_alias=barcode24 parent_read_id=b1eb7012-b8bc-44e9-970d-4ac9573a43a3 basecall_model_version_id=dna_r10.4.1_e8.2_400bps_hac@v4.3.0 rc
428	b78a386e-6eb6-422c-93b5-91e95aa092eb runid=0dfb5b492dc86ce99bf7c61c734eb364afcdb5c8 ch=20 start_time=2025-09-25T18:18:28.398161+00:00 flow_cell_id=AWX817 basecall_gpu=NVIDIA_Tegra_X2 protocol_group_id=ONT_trialEb_250925 sample_id=ONT_trail_250925 barcode=barcode15 barcode_alias=barcode15 parent_read_id=b78a386e-6eb6-422c-93b5-91e95aa092eb basecall_model_version_id=dna_r10.4.1_e8.2_400bps_hac@v4.3.0 rc
428	d9fb1e10-50de-494f-b64e-c136e91294d0 runid=0dfb5b492dc86ce99bf7c61c734eb364afcdb5c8 ch=20 start_time=2025-09-25T15:54:40.398161+00:00 flow_cell_id=AWX817 basecall_gpu=NVIDIA_Tegra_X2 protocol_group_id=ONT_trialEb_250925 sample_id=ONT_trail_250925 barcode=barcode13 barcode_alias=barcode13 parent_read_id=d9fb1e10-50de-494f-b64e-c136e91294d0 basecall_model_version_id=dna_r10.4.1_e8.2_400bps_hac@v4.3.0 rc
428	534192c8-78bd-4727-853a-91f9b2309cf1 runid=0dfb5b492dc86ce99bf7c61c734eb364afcdb5c8 ch=40 start_time=2025-09-25T19:32:31.398161+00:00 flow_cell_id=AWX817 basecall_gpu=NVIDIA_Tegra_X2 protocol_group_id=ONT_trialEb_250925 sample_id=ONT_trail_250925 barcode=barcode13 barcode_alias=barcode13 parent_read_id=534192c8-78bd-4727-853a-91f9b2309cf1 basecall_model_version_id=dna_r10.4.1_e8.2_400bps_hac@v4.3.0 rc
428	c45d7e74-a486-453f-a81b-e4013f37f764 runid=0dfb5b492dc86ce99bf7c61c734eb364afcdb5c8 ch=41 start_time=2025-09-25T19:05:36.398161+00:00 flow_cell_id=AWX817 basecall_gpu=NVIDIA_Tegra_X2 protocol_group_id=ONT_trialEb_250925 sample_id=ONT_trail_250925 barcode=barcode14 barcode_alias=barcode14 parent_read_id=c45d7e74-a486-453f-a81b-e4013f37f764 basecall_model_version_id=dna_r10.4.1_e8.2_400bps_hac@v4.3.0 rc
428	07a678b5-75a6-44c5-b865-d68a9260e5a7 runid=0dfb5b492dc86ce99bf7c61c734eb364afcdb5c8 ch=113 start_time=2025-09-25T15:59:33.398161+00:00 flow_cell_id=AWX817 basecall_gpu=NVIDIA_Tegra_X2 protocol_group_id=ONT_trialEb_250925 sample_id=ONT_trail_250925 barcode=barcode15 barcode_alias=barcode15 parent_read_id=07a678b5-75a6-44c5-b865-d68a9260e5a7 basecall_model_version_id=dna_r10.4.1_e8.2_400bps_hac@v4.3.0 rc
428	d0166799-da6d-4494-9eba-91e6fe1027e5 runid=0dfb5b492dc86ce99bf7c61c734eb364afcdb5c8 ch=4 start_time=2025-09-25T23:02:30.398161+00:00 flow_cell_id=AWX817 basecall_gpu=NVIDIA_Tegra_X2 protocol_group_id=ONT_trialEb_250925 sample_id=ONT_trail_250925 barcode=barcode24 barcode_alias=barcode24 parent_read_id=d0166799-da6d-4494-9eba-91e6fe1027e5 basecall_model_version_id=dna_r10.4.1_e8.2_400bps_hac@v4.3.0 rc
428	c011ca40-df6c-480d-8775-ddd3e3234d33 runid=0dfb5b492dc86ce99bf7c61c734eb364afcdb5c8 ch=110 start_time=2025-09-25T17:57:09.398161+00:00 flow_cell_id=AWX817 basecall_gpu=NVIDIA_Tegra_X2 protocol_group_id=ONT_trialEb_250925 sample_id=ONT_trail_250925 barcode=barcode13 barcode_alias=barcode13 parent_read_id=c011ca40-df6c-480d-8775-ddd3e3234d33 basecall_model_version_id=dna_r10.4.1_e8.2_400bps_hac@v4.3.0
428	e34851b0-984d-4a44-8c6f-ad6895d42e9b runid=0dfb5b492dc86ce99bf7c61c734eb364afcdb5c8 ch=49 start_time=2025-09-26T10:35:28.398161+00:00 flow_cell_id=AWX817 basecall_gpu=NVIDIA_Tegra_X2 protocol_group_id=ONT_trialEb_250925 sample_id=ONT_trail_250925 barcode=barcode15 barcode_alias=barcode15 parent_read_id=e34851b0-984d-4a44-8c6f-ad6895d42e9b basecall_model_version_id=dna_r10.4.1_e8.2_400bps_hac@v4.3.0
428	662dae63-0b52-4b12-967f-3c51f94e4252 runid=0dfb5b492dc86ce99bf7c61c734eb364afcdb5c8 ch=44 start_time=2025-09-26T03:26:47.398161+00:00 flow_cell_id=AWX817 basecall_gpu=NVIDIA_Tegra_X2 protocol_group_id=ONT_trialEb_250925 sample_id=ONT_trail_250925 barcode=barcode14 barcode_alias=barcode14 parent_read_id=662dae63-0b52-4b12-967f-3c51f94e4252 basecall_model_version_id=dna_r10.4.1_e8.2_400bps_hac@v4.3.0
428	b9a7532d-b22c-4d52-92e4-32d226d6e073 runid=0dfb5b492dc86ce99bf7c61c734eb364afcdb5c8 ch=93 start_time=2025-09-25T17:19:21.398161+00:00 flow_cell_id=AWX817 basecall_gpu=NVIDIA_Tegra_X2 protocol_group_id=ONT_trialEb_250925 sample_id=ONT_trail_250925 barcode=barcode15 barcode_alias=barcode15 parent_read_id=b9a7532d-b22c-4d52-92e4-32d226d6e073 basecall_model_version_id=dna_r10.4.1_e8.2_400bps_hac@v4.3.0 rc
428	3ef32bd0-80c4-4215-b4f9-90c869cfd4e3 runid=0dfb5b492dc86ce99bf7c61c734eb364afcdb5c8 ch=20 start_time=2025-09-26T04:42:26.398161+00:00 flow_cell_id=AWX817 basecall_gpu=NVIDIA_Tegra_X2 protocol_group_id=ONT_trialEb_250925 sample_id=ONT_trail_250925 barcode=barcode13 barcode_alias=barcode13 parent_read_id=3ef32bd0-80c4-4215-b4f9-90c869cfd4e3 basecall_model_version_id=dna_r10.4.1_e8.2_400bps_hac@v4.3.0 rc
428	1924cb09-8803-45cc-a79e-cfb9f3dda9a2 runid=0dfb5b492dc86ce99bf7c61c734eb364afcdb5c8 ch=94 start_time=2025-09-25T16:47:27.398161+00:00 flow_cell_id=AWX817 basecall_gpu=NVIDIA_Tegra_X2 protocol_group_id=ONT_trialEb_250925 sample_id=ONT_trail_250925 barcode=barcode14 barcode_alias=barcode14 parent_read_id=1924cb09-8803-45cc-a79e-cfb9f3dda9a2 basecall_model_version_id=dna_r10.4.1_e8.2_400bps_hac@v4.3.0
428	6ee22885-2269-4a82-87a2-234da74fa6f4 runid=0dfb5b492dc86ce99bf7c61c734eb364afcdb5c8 ch=36 start_time=2025-09-26T09:28:22.398161+00:00 flow_cell_id=AWX817 basecall_gpu=NVIDIA_Tegra_X2 protocol_group_id=ONT_trialEb_250925 sample_id=ONT_trail_250925 barcode=barcode24 barcode_alias=barcode24 parent_read_id=6ee22885-2269-4a82-87a2-234da74fa6f4 basecall_model_version_id=dna_r10.4.1_e8.2_400bps_hac@v4.3.0
428	9a042021-5bbd-4b2d-8779-c2a98b26145c runid=0dfb5b492dc86ce99bf7c61c734eb364afcdb5c8 ch=94 start_time=2025-09-25T16:47:10.398161+00:00 flow_cell_id=AWX817 basecall_gpu=NVIDIA_Tegra_X2 protocol_group_id=ONT_trialEb_250925 sample_id=ONT_trail_250925 barcode=barcode24 barcode_alias=barcode24 parent_read_id=9a042021-5bbd-4b2d-8779-c2a98b26145c basecall_model_version_id=dna_r10.4.1_e8.2_400bps_hac@v4.3.0
428	d4f1fc7c-6363-4cd9-9fe9-b23150807879 runid=0dfb5b492dc86ce99bf7c61c734eb364afcdb5c8 ch=44 start_time=2025-09-25T21:00:12.398161+00:00 flow_cell_id=AWX817 basecall_gpu=NVIDIA_Tegra_X2 protocol_group_id=ONT_trialEb_250925 sample_id=ONT_trail_250925 barcode=barcode24 barcode_alias=barcode24 parent_read_id=d4f1fc7c-6363-4cd9-9fe9-b23150807879 basecall_model_version_id=dna_r10.4.1_e8.2_400bps_hac@v4.3.0 rc
428	7e52cbf8-6c0b-439e-a1fc-a829d0f70798 runid=0dfb5b492dc86ce99bf7c61c734eb364afcdb5c8 ch=57 start_time=2025-09-25T16:58:48.398161+00:00 flow_cell_id=AWX817 basecall_gpu=NVIDIA_Tegra_X2 protocol_group_id=ONT_trialEb_250925 sample_id=ONT_trail_250925 barcode=barcode24 barcode_alias=barcode24 parent_read_id=7c0706bb-596c-409a-a6cf-7a6d4970b301 basecall_model_version_id=dna_r10.4.1_e8.2_400bps_hac@v4.3.0
428	94ac1baa-8f98-4c94-aeef-7c2294650af1 runid=0dfb5b492dc86ce99bf7c61c734eb364afcdb5c8 ch=93 start_time=2025-09-25T19:07:25.398161+00:00 flow_cell_id=AWX817 basecall_gpu=NVIDIA_Tegra_X2 protocol_group_id=ONT_trialEb_250925 sample_id=ONT_trail_250925 barcode=barcode24 barcode_alias=barcode24 parent_read_id=94ac1baa-8f98-4c94-aeef-7c2294650af1 basecall_model_version_id=dna_r10.4.1_e8.2_400bps_hac@v4.3.0
428	7cf0950f-9b9f-4236-b89c-171f83c71bfc runid=0dfb5b492dc86ce99bf7c61c734eb364afcdb5c8 ch=94 start_time=2025-09-25T17:03:28.398161+00:00 flow_cell_id=AWX817 basecall_gpu=NVIDIA_Tegra_X2 protocol_group_id=ONT_trialEb_250925 sample_id=ONT_trail_250925 barcode=barcode24 barcode_alias=barcode24 parent_read_id=7cf0950f-9b9f-4236-b89c-171f83c71bfc basecall_model_version_id=dna_r10.4.1_e8.2_400bps_hac@v4.3.0 rc
428	062921bb-26a7-44de-94ce-e719e5ee4458 runid=0dfb5b492dc86ce99bf7c61c734eb364afcdb5c8 ch=20 start_time=2025-09-25T16:58:46.398161+00:00 flow_cell_id=AWX817 basecall_gpu=NVIDIA_Tegra_X2 protocol_group_id=ONT_trialEb_250925 sample_id=ONT_trail_250925 barcode=barcode13 barcode_alias=barcode13 parent_read_id=83a1a0b7-86f6-4590-a49b-d177cff9eeeb basecall_model_version_id=dna_r10.4.1_e8.2_400bps_hac@v4.3.0
428	8cf3fe3d-1403-4447-b6e4-d7692e6d2a2c runid=0dfb5b492dc86ce99bf7c61c734eb364afcdb5c8 ch=41 start_time=2025-09-25T18:30:26.398161+00:00 flow_cell_id=AWX817 basecall_gpu=NVIDIA_Tegra_X2 protocol_group_id=ONT_trialEb_250925 sample_id=ONT_trail_250925 barcode=barcode13 barcode_alias=barcode13 parent_read_id=8cf3fe3d-1403-4447-b6e4-d7692e6d2a2c basecall_model_version_id=dna_r10.4.1_e8.2_400bps_hac@v4.3.0 rc
428	16db6f9e-4e53-4391-b000-3c9c8bcf8d9a runid=0dfb5b492dc86ce99bf7c61c734eb364afcdb5c8 ch=40 start_time=2025-09-25T20:40:15.398161+00:00 flow_cell_id=AWX817 basecall_gpu=NVIDIA_Tegra_X2 protocol_group_id=ONT_trialEb_250925 sample_id=ONT_trail_250925 barcode=barcode14 barcode_alias=barcode14 parent_read_id=16db6f9e-4e53-4391-b000-3c9c8bcf8d9a basecall_model_version_id=dna_r10.4.1_e8.2_400bps_hac@v4.3.0 rc
428	79af0a78-c73d-4681-9277-ae0e84beba1a runid=0dfb5b492dc86ce99bf7c61c734eb364afcdb5c8 ch=44 start_time=2025-09-26T02:10:36.398161+00:00 flow_cell_id=AWX817 basecall_gpu=NVIDIA_Tegra_X2 protocol_group_id=ONT_trialEb_250925 sample_id=ONT_trail_250925 barcode=barcode24 barcode_alias=barcode24 parent_read_id=79af0a78-c73d-4681-9277-ae0e84beba1a basecall_model_version_id=dna_r10.4.1_e8.2_400bps_hac@v4.3.0
428	16cb6979-7484-4764-840c-e40995dd5661 runid=0dfb5b492dc86ce99bf7c61c734eb364afcdb5c8 ch=49 start_time=2025-09-25T18:41:25.398161+00:00 flow_cell_id=AWX817 basecall_gpu=NVIDIA_Tegra_X2 protocol_group_id=ONT_trialEb_250925 sample_id=ONT_trail_250925 barcode=barcode15 barcode_alias=barcode15 parent_read_id=16cb6979-7484-4764-840c-e40995dd5661 basecall_model_version_id=dna_r10.4.1_e8.2_400bps_hac@v4.3.0
428	1dafa800-e98d-4727-af66-7bc7410b38c3 runid=0dfb5b492dc86ce99bf7c61c734eb364afcdb5c8 ch=4 start_time=2025-09-25T20:14:36.398161+00:00 flow_cell_id=AWX817 basecall_gpu=NVIDIA_Tegra_X2 protocol_group_id=ONT_trialEb_250925 sample_id=ONT_trail_250925 barcode=barcode24 barcode_alias=barcode24 parent_read_id=1dafa800-e98d-4727-af66-7bc7410b38c3 basecall_model_version_id=dna_r10.4.1_e8.2_400bps_hac@v4.3.0
428	b093b42b-47d5-4731-8589-09271ac840e0 runid=0dfb5b492dc86ce99bf7c61c734eb364afcdb5c8 ch=5 start_time=2025-09-25T16:43:27.398161+00:00 flow_cell_id=AWX817 basecall_gpu=NVIDIA_Tegra_X2 protocol_group_id=ONT_trialEb_250925 sample_id=ONT_trail_250925 barcode=barcode15 barcode_alias=barcode15 parent_read_id=b093b42b-47d5-4731-8589-09271ac840e0 basecall_model_version_id=dna_r10.4.1_e8.2_400bps_hac@v4.3.0
428	4e3d846c-dfe1-42e4-89f9-d6f8f4f7b5f5 runid=0dfb5b492dc86ce99bf7c61c734eb364afcdb5c8 ch=40 start_time=2025-09-25T16:30:44.398161+00:00 flow_cell_id=AWX817 basecall_gpu=NVIDIA_Tegra_X2 protocol_group_id=ONT_trialEb_250925 sample_id=ONT_trail_250925 barcode=barcode14 barcode_alias=barcode14 parent_read_id=4e3d846c-dfe1-42e4-89f9-d6f8f4f7b5f5 basecall_model_version_id=dna_r10.4.1_e8.2_400bps_hac@v4.3.0
428	4e3d846c-dfe1-42e4-89f9-d6f8f4f7b5f5 runid=0dfb5b492dc86ce99bf7c61c734eb364afcdb5c8 ch=40 start_time=2025-09-25T16:30:44.398161+00:00 flow_cell_id=AWX817 basecall_gpu=NVIDIA_Tegra_X2 protocol_group_id=ONT_trialEb_250925 sample_id=ONT_trail_250925 barcode=barcode14 barcode_alias=barcode14 parent_read_id=4e3d846c-dfe1-42e4-89f9-d6f8f4f7b5f5 basecall_model_version_id=dna_r10.4.1_e8.2_400bps_hac@v4.3.0
428	fd043e10-228f-4854-a954-0c3655309b1d runid=0dfb5b492dc86ce99bf7c61c734eb364afcdb5c8 ch=58 start_time=2025-09-25T18:16:36.398161+00:00 flow_cell_id=AWX817 basecall_gpu=NVIDIA_Tegra_X2 protocol_group_id=ONT_trialEb_250925 sample_id=ONT_trail_250925 barcode=barcode24 barcode_alias=barcode24 parent_read_id=fd043e10-228f-4854-a954-0c3655309b1d basecall_model_version_id=dna_r10.4.1_e8.2_400bps_hac@v4.3.0 rc
428	5b592dff-0cd2-4151-bd7b-6a5e6e30a394 runid=0dfb5b492dc86ce99bf7c61c734eb364afcdb5c8 ch=79 start_time=2025-09-25T19:45:02.398161+00:00 flow_cell_id=AWX817 basecall_gpu=NVIDIA_Tegra_X2 protocol_group_id=ONT_trialEb_250925 sample_id=ONT_trail_250925 barcode=barcode13 barcode_alias=barcode13 parent_read_id=5b592dff-0cd2-4151-bd7b-6a5e6e30a394 basecall_model_version_id=dna_r10.4.1_e8.2_400bps_hac@v4.3.0
428	91147a00-0a17-48b6-845c-7a091ea04bcf runid=0dfb5b492dc86ce99bf7c61c734eb364afcdb5c8 ch=5 start_time=2025-09-26T00:06:34.398161+00:00 flow_cell_id=AWX817 basecall_gpu=NVIDIA_Tegra_X2 protocol_group_id=ONT_trialEb_250925 sample_id=ONT_trail_250925 barcode=barcode13 barcode_alias=barcode13 parent_read_id=91147a00-0a17-48b6-845c-7a091ea04bcf basecall_model_version_id=dna_r10.4.1_e8.2_400bps_hac@v4.3.0 rc
428	0af4b359-c8ec-4bf7-8884-e2a9310d60f9 runid=0dfb5b492dc86ce99bf7c61c734eb364afcdb5c8 ch=4 start_time=2025-09-26T02:31:29.398161+00:00 flow_cell_id=AWX817 basecall_gpu=NVIDIA_Tegra_X2 protocol_group_id=ONT_trialEb_250925 sample_id=ONT_trail_250925 barcode=barcode13 barcode_alias=barcode13 parent_read_id=0af4b359-c8ec-4bf7-8884-e2a9310d60f9 basecall_model_version_id=dna_r10.4.1_e8.2_400bps_hac@v4.3.0 rc
428	89f088b3-62bd-4c01-a8b3-c4fde57803dd runid=0dfb5b492dc86ce99bf7c61c734eb364afcdb5c8 ch=80 start_time=2025-09-25T17:44:04.398161+00:00 flow_cell_id=AWX817 basecall_gpu=NVIDIA_Tegra_X2 protocol_group_id=ONT_trialEb_250925 sample_id=ONT_trail_250925 barcode=barcode24 barcode_alias=barcode24 parent_read_id=89f088b3-62bd-4c01-a8b3-c4fde57803dd basecall_model_version_id=dna_r10.4.1_e8.2_400bps_hac@v4.3.0 rc
428	1913af8e-fbbc-4d07-8b7b-ce53977dbf7f runid=0dfb5b492dc86ce99bf7c61c734eb364afcdb5c8 ch=79 start_time=2025-09-25T20:10:50.398161+00:00 flow_cell_id=AWX817 basecall_gpu=NVIDIA_Tegra_X2 protocol_group_id=ONT_trialEb_250925 sample_id=ONT_trail_250925 barcode=barcode13 barcode_alias=barcode13 parent_read_id=1913af8e-fbbc-4d07-8b7b-ce53977dbf7f basecall_model_version_id=dna_r10.4.1_e8.2_400bps_hac@v4.3.0
428	5e277841-305b-4110-b575-c322597b2abd runid=0dfb5b492dc86ce99bf7c61c734eb364afcdb5c8 ch=110 start_time=2025-09-25T21:35:22.398161+00:00 flow_cell_id=AWX817 basecall_gpu=NVIDIA_Tegra_X2 protocol_group_id=ONT_trialEb_250925 sample_id=ONT_trail_250925 barcode=barcode14 barcode_alias=barcode14 parent_read_id=5e277841-305b-4110-b575-c322597b2abd basecall_model_version_id=dna_r10.4.1_e8.2_400bps_hac@v4.3.0
428	672fe0f4-0bf6-43b0-ba18-b79fe3bb7fb1 runid=0dfb5b492dc86ce99bf7c61c734eb364afcdb5c8 ch=20 start_time=2025-09-25T22:18:52.398161+00:00 flow_cell_id=AWX817 basecall_gpu=NVIDIA_Tegra_X2 protocol_group_id=ONT_trialEb_250925 sample_id=ONT_trail_250925 barcode=barcode24 barcode_alias=barcode24 parent_read_id=672fe0f4-0bf6-43b0-ba18-b79fe3bb7fb1 basecall_model_version_id=dna_r10.4.1_e8.2_400bps_hac@v4.3.0 rc
428	74fba2c1-db36-4015-934c-24889a409423 runid=0dfb5b492dc86ce99bf7c61c734eb364afcdb5c8 ch=49 start_time=2025-09-26T09:42:06.398161+00:00 flow_cell_id=AWX817 basecall_gpu=NVIDIA_Tegra_X2 protocol_group_id=ONT_trialEb_250925 sample_id=ONT_trail_250925 barcode=barcode15 barcode_alias=barcode15 parent_read_id=74fba2c1-db36-4015-934c-24889a409423 basecall_model_version_id=dna_r10.4.1_e8.2_400bps_hac@v4.3.0
428	ca9c6718-517a-4b5f-aa5d-3e51fa452885 runid=0dfb5b492dc86ce99bf7c61c734eb364afcdb5c8 ch=80 start_time=2025-09-25T20:12:17.398161+00:00 flow_cell_id=AWX817 basecall_gpu=NVIDIA_Tegra_X2 protocol_group_id=ONT_trialEb_250925 sample_id=ONT_trail_250925 barcode=barcode24 barcode_alias=barcode24 parent_read_id=ca9c6718-517a-4b5f-aa5d-3e51fa452885 basecall_model_version_id=dna_r10.4.1_e8.2_400bps_hac@v4.3.0
428	a6af7a13-7239-4cdc-8510-472cbc42fa29 runid=0dfb5b492dc86ce99bf7c61c734eb364afcdb5c8 ch=106 start_time=2025-09-25T16:28:08.398161+00:00 flow_cell_id=AWX817 basecall_gpu=NVIDIA_Tegra_X2 protocol_group_id=ONT_trialEb_250925 sample_id=ONT_trail_250925 barcode=barcode15 barcode_alias=barcode15 parent_read_id=a6af7a13-7239-4cdc-8510-472cbc42fa29 basecall_model_version_id=dna_r10.4.1_e8.2_400bps_hac@v4.3.0 rc
428	ab85f53f-7bad-4151-b190-d8d393f4224e runid=0dfb5b492dc86ce99bf7c61c734eb364afcdb5c8 ch=85 start_time=2025-09-26T03:57:01.398161+00:00 flow_cell_id=AWX817 basecall_gpu=NVIDIA_Tegra_X2 protocol_group_id=ONT_trialEb_250925 sample_id=ONT_trail_250925 barcode=barcode24 barcode_alias=barcode24 parent_read_id=ab85f53f-7bad-4151-b190-d8d393f4224e basecall_model_version_id=dna_r10.4.1_e8.2_400bps_hac@v4.3.0
428	76f37f22-b3b0-48f8-9889-4dc070401a9b runid=0dfb5b492dc86ce99bf7c61c734eb364afcdb5c8 ch=58 start_time=2025-09-25T19:47:27.398161+00:00 flow_cell_id=AWX817 basecall_gpu=NVIDIA_Tegra_X2 protocol_group_id=ONT_trialEb_250925 sample_id=ONT_trail_250925 barcode=barcode24 barcode_alias=barcode24 parent_read_id=b434b5e1-ecec-4e67-9479-18e043b592cb basecall_model_version_id=dna_r10.4.1_e8.2_400bps_hac@v4.3.0 rc
428	07ed091f-e97d-4c99-b602-82fcfedd3396 runid=0dfb5b492dc86ce99bf7c61c734eb364afcdb5c8 ch=73 start_time=2025-09-25T17:59:05.398161+00:00 flow_cell_id=AWX817 basecall_gpu=NVIDIA_Tegra_X2 protocol_group_id=ONT_trialEb_250925 sample_id=ONT_trail_250925 barcode=barcode13 barcode_alias=barcode13 parent_read_id=07ed091f-e97d-4c99-b602-82fcfedd3396 basecall_model_version_id=dna_r10.4.1_e8.2_400bps_hac@v4.3.0
428	cb51948d-cc7c-408a-90c3-9316e3d07f4a runid=0dfb5b492dc86ce99bf7c61c734eb364afcdb5c8 ch=6 start_time=2025-09-25T15:43:27.398161+00:00 flow_cell_id=AWX817 basecall_gpu=NVIDIA_Tegra_X2 protocol_group_id=ONT_trialEb_250925 sample_id=ONT_trail_250925 barcode=barcode13 barcode_alias=barcode13 parent_read_id=cb51948d-cc7c-408a-90c3-9316e3d07f4a basecall_model_version_id=dna_r10.4.1_e8.2_400bps_hac@v4.3.0
428	6928b943-309e-459f-9d5d-80f7f533271d runid=0dfb5b492dc86ce99bf7c61c734eb364afcdb5c8 ch=44 start_time=2025-09-25T20:59:46.398161+00:00 flow_cell_id=AWX817 basecall_gpu=NVIDIA_Tegra_X2 protocol_group_id=ONT_trialEb_250925 sample_id=ONT_trail_250925 barcode=barcode24 barcode_alias=barcode24 parent_read_id=6928b943-309e-459f-9d5d-80f7f533271d basecall_model_version_id=dna_r10.4.1_e8.2_400bps_hac@v4.3.0
428	00ba91d6-a171-4a4a-8536-8eaa439a4c0d runid=0dfb5b492dc86ce99bf7c61c734eb364afcdb5c8 ch=56 start_time=2025-09-25T17:05:54.398161+00:00 flow_cell_id=AWX817 basecall_gpu=NVIDIA_Tegra_X2 protocol_group_id=ONT_trialEb_250925 sample_id=ONT_trail_250925 barcode=barcode24 barcode_alias=barcode24 parent_read_id=00ba91d6-a171-4a4a-8536-8eaa439a4c0d basecall_model_version_id=dna_r10.4.1_e8.2_400bps_hac@v4.3.0
428	6dcf1bc2-c66b-4bcd-9a1f-556ecbe06139 runid=0dfb5b492dc86ce99bf7c61c734eb364afcdb5c8 ch=44 start_time=2025-09-25T18:18:33.398161+00:00 flow_cell_id=AWX817 basecall_gpu=NVIDIA_Tegra_X2 protocol_group_id=ONT_trialEb_250925 sample_id=ONT_trail_250925 barcode=barcode13 barcode_alias=barcode13 parent_read_id=6dcf1bc2-c66b-4bcd-9a1f-556ecbe06139 basecall_model_version_id=dna_r10.4.1_e8.2_400bps_hac@v4.3.0 rc
428	8e22c6e1-89ee-45ab-9a35-15717d9037c5 runid=0dfb5b492dc86ce99bf7c61c734eb364afcdb5c8 ch=10 start_time=2025-09-25T18:25:47.398161+00:00 flow_cell_id=AWX817 basecall_gpu=NVIDIA_Tegra_X2 protocol_group_id=ONT_trialEb_250925 sample_id=ONT_trail_250925 barcode=barcode24 barcode_alias=barcode24 parent_read_id=8e22c6e1-89ee-45ab-9a35-15717d9037c5 basecall_model_version_id=dna_r10.4.1_e8.2_400bps_hac@v4.3.0
428	169b8e40-f9bf-4e82-9243-3f52efbb7851 runid=0dfb5b492dc86ce99bf7c61c734eb364afcdb5c8 ch=44 start_time=2025-09-26T03:50:33.398161+00:00 flow_cell_id=AWX817 basecall_gpu=NVIDIA_Tegra_X2 protocol_group_id=ONT_trialEb_250925 sample_id=ONT_trail_250925 barcode=barcode24 barcode_alias=barcode24 parent_read_id=169b8e40-f9bf-4e82-9243-3f52efbb7851 basecall_model_version_id=dna_r10.4.1_e8.2_400bps_hac@v4.3.0
428	854d4eff-4f11-46d6-bcb3-5e107a4e0d83 runid=0dfb5b492dc86ce99bf7c61c734eb364afcdb5c8 ch=49 start_time=2025-09-26T03:52:13.398161+00:00 flow_cell_id=AWX817 basecall_gpu=NVIDIA_Tegra_X2 protocol_group_id=ONT_trialEb_250925 sample_id=ONT_trail_250925 barcode=barcode14 barcode_alias=barcode14 parent_read_id=854d4eff-4f11-46d6-bcb3-5e107a4e0d83 basecall_model_version_id=dna_r10.4.1_e8.2_400bps_hac@v4.3.0 rc
428	7f563673-6576-4103-a4a1-2b730c7b6527 runid=0dfb5b492dc86ce99bf7c61c734eb364afcdb5c8 ch=57 start_time=2025-09-25T16:56:30.398161+00:00 flow_cell_id=AWX817 basecall_gpu=NVIDIA_Tegra_X2 protocol_group_id=ONT_trialEb_250925 sample_id=ONT_trail_250925 barcode=barcode14 barcode_alias=barcode14 parent_read_id=7f563673-6576-4103-a4a1-2b730c7b6527 basecall_model_version_id=dna_r10.4.1_e8.2_400bps_hac@v4.3.0 rc
428	0f49e900-8a85-4eca-9981-4b26256550cb runid=0dfb5b492dc86ce99bf7c61c734eb364afcdb5c8 ch=110 start_time=2025-09-25T20:00:08.398161+00:00 flow_cell_id=AWX817 basecall_gpu=NVIDIA_Tegra_X2 protocol_group_id=ONT_trialEb_250925 sample_id=ONT_trail_250925 barcode=barcode13 barcode_alias=barcode13 parent_read_id=0f49e900-8a85-4eca-9981-4b26256550cb basecall_model_version_id=dna_r10.4.1_e8.2_400bps_hac@v4.3.0 rc
428	33dc112e-6158-463b-a5c8-3f91535ff4e9 runid=0dfb5b492dc86ce99bf7c61c734eb364afcdb5c8 ch=44 start_time=2025-09-26T01:38:53.398161+00:00 flow_cell_id=AWX817 basecall_gpu=NVIDIA_Tegra_X2 protocol_group_id=ONT_trialEb_250925 sample_id=ONT_trail_250925 barcode=barcode24 barcode_alias=barcode24 parent_read_id=33dc112e-6158-463b-a5c8-3f91535ff4e9 basecall_model_version_id=dna_r10.4.1_e8.2_400bps_hac@v4.3.0 rc
428	453084bb-11d7-445b-9617-848a8854067a runid=0dfb5b492dc86ce99bf7c61c734eb364afcdb5c8 ch=44 start_time=2025-09-25T21:02:32.398161+00:00 flow_cell_id=AWX817 basecall_gpu=NVIDIA_Tegra_X2 protocol_group_id=ONT_trialEb_250925 sample_id=ONT_trail_250925 barcode=barcode24 barcode_alias=barcode24 parent_read_id=453084bb-11d7-445b-9617-848a8854067a basecall_model_version_id=dna_r10.4.1_e8.2_400bps_hac@v4.3.0 rc
428	4dbb5673-2e2e-46e1-a5a4-ae78dc232111 runid=0dfb5b492dc86ce99bf7c61c734eb364afcdb5c8 ch=79 start_time=2025-09-25T21:53:51.398161+00:00 flow_cell_id=AWX817 basecall_gpu=NVIDIA_Tegra_X2 protocol_group_id=ONT_trialEb_250925 sample_id=ONT_trail_250925 barcode=barcode24 barcode_alias=barcode24 parent_read_id=4dbb5673-2e2e-46e1-a5a4-ae78dc232111 basecall_model_version_id=dna_r10.4.1_e8.2_400bps_hac@v4.3.0 rc
428	ff1eeb47-c91d-4d3d-9a18-9342a5d0382e runid=0dfb5b492dc86ce99bf7c61c734eb364afcdb5c8 ch=44 start_time=2025-09-26T04:51:51.398161+00:00 flow_cell_id=AWX817 basecall_gpu=NVIDIA_Tegra_X2 protocol_group_id=ONT_trialEb_250925 sample_id=ONT_trail_250925 barcode=barcode13 barcode_alias=barcode13 parent_read_id=ff1eeb47-c91d-4d3d-9a18-9342a5d0382e basecall_model_version_id=dna_r10.4.1_e8.2_400bps_hac@v4.3.0 rc
428	e45a52e5-1e64-4f8a-9fc0-be028af1a21d runid=0dfb5b492dc86ce99bf7c61c734eb364afcdb5c8 ch=39 start_time=2025-09-26T09:57:46.398161+00:00 flow_cell_id=AWX817 basecall_gpu=NVIDIA_Tegra_X2 protocol_group_id=ONT_trialEb_250925 sample_id=ONT_trail_250925 barcode=barcode13 barcode_alias=barcode13 parent_read_id=e45a52e5-1e64-4f8a-9fc0-be028af1a21d basecall_model_version_id=dna_r10.4.1_e8.2_400bps_hac@v4.3.0 rc
428	494d46d0-65a8-44bf-a685-da9f1e4de5ea runid=0dfb5b492dc86ce99bf7c61c734eb364afcdb5c8 ch=20 start_time=2025-09-25T19:21:58.398161+00:00 flow_cell_id=AWX817 basecall_gpu=NVIDIA_Tegra_X2 protocol_group_id=ONT_trialEb_250925 sample_id=ONT_trail_250925 barcode=barcode24 barcode_alias=barcode24 parent_read_id=494d46d0-65a8-44bf-a685-da9f1e4de5ea basecall_model_version_id=dna_r10.4.1_e8.2_400bps_hac@v4.3.0 rc
428	e4b54b0a-777f-4e2c-82e2-feab5a013d03 runid=0dfb5b492dc86ce99bf7c61c734eb364afcdb5c8 ch=79 start_time=2025-09-25T17:09:48.398161+00:00 flow_cell_id=AWX817 basecall_gpu=NVIDIA_Tegra_X2 protocol_group_id=ONT_trialEb_250925 sample_id=ONT_trail_250925 barcode=barcode13 barcode_alias=barcode13 parent_read_id=e4b54b0a-777f-4e2c-82e2-feab5a013d03 basecall_model_version_id=dna_r10.4.1_e8.2_400bps_hac@v4.3.0 rc
428	9d199fdd-361b-4447-8e60-5a6464168e1f runid=0dfb5b492dc86ce99bf7c61c734eb364afcdb5c8 ch=85 start_time=2025-09-25T22:23:49.398161+00:00 flow_cell_id=AWX817 basecall_gpu=NVIDIA_Tegra_X2 protocol_group_id=ONT_trialEb_250925 sample_id=ONT_trail_250925 barcode=barcode15 barcode_alias=barcode15 parent_read_id=9d199fdd-361b-4447-8e60-5a6464168e1f basecall_model_version_id=dna_r10.4.1_e8.2_400bps_hac@v4.3.0 rc
428	33719512-e2b9-48aa-9f22-f4aaf5021ae8 runid=0dfb5b492dc86ce99bf7c61c734eb364afcdb5c8 ch=93 start_time=2025-09-25T18:15:34.398161+00:00 flow_cell_id=AWX817 basecall_gpu=NVIDIA_Tegra_X2 protocol_group_id=ONT_trialEb_250925 sample_id=ONT_trail_250925 barcode=barcode24 barcode_alias=barcode24 parent_read_id=33719512-e2b9-48aa-9f22-f4aaf5021ae8 basecall_model_version_id=dna_r10.4.1_e8.2_400bps_hac@v4.3.0
428	f5e1e81c-c8e8-423a-9e1b-f1b4d6be1bfe runid=0dfb5b492dc86ce99bf7c61c734eb364afcdb5c8 ch=20 start_time=2025-09-26T07:30:24.398161+00:00 flow_cell_id=AWX817 basecall_gpu=NVIDIA_Tegra_X2 protocol_group_id=ONT_trialEb_250925 sample_id=ONT_trail_250925 barcode=barcode24 barcode_alias=barcode24 parent_read_id=e05ee614-4f7e-4a3e-8f44-705214050f23 basecall_model_version_id=dna_r10.4.1_e8.2_400bps_hac@v4.3.0 rc
428	582cb7c4-ef7a-4b51-889f-da5ee2576538 runid=0dfb5b492dc86ce99bf7c61c734eb364afcdb5c8 ch=108 start_time=2025-09-25T17:04:00.398161+00:00 flow_cell_id=AWX817 basecall_gpu=NVIDIA_Tegra_X2 protocol_group_id=ONT_trialEb_250925 sample_id=ONT_trail_250925 barcode=barcode24 barcode_alias=barcode24 parent_read_id=582cb7c4-ef7a-4b51-889f-da5ee2576538 basecall_model_version_id=dna_r10.4.1_e8.2_400bps_hac@v4.3.0
428	cab72f0e-874f-461b-98f0-7c13142b4c0f runid=0dfb5b492dc86ce99bf7c61c734eb364afcdb5c8 ch=44 start_time=2025-09-26T03:34:49.398161+00:00 flow_cell_id=AWX817 basecall_gpu=NVIDIA_Tegra_X2 protocol_group_id=ONT_trialEb_250925 sample_id=ONT_trail_250925 barcode=barcode24 barcode_alias=barcode24 parent_read_id=cab72f0e-874f-461b-98f0-7c13142b4c0f basecall_model_version_id=dna_r10.4.1_e8.2_400bps_hac@v4.3.0
428	191c9d81-2a59-4181-97c0-13ec2efd1ea6 runid=0dfb5b492dc86ce99bf7c61c734eb364afcdb5c8 ch=20 start_time=2025-09-25T23:23:18.398161+00:00 flow_cell_id=AWX817 basecall_gpu=NVIDIA_Tegra_X2 protocol_group_id=ONT_trialEb_250925 sample_id=ONT_trail_250925 barcode=barcode15 barcode_alias=barcode15 parent_read_id=191c9d81-2a59-4181-97c0-13ec2efd1ea6 basecall_model_version_id=dna_r10.4.1_e8.2_400bps_hac@v4.3.0
428	5dea0106-bca8-43a5-bd70-1efb9a003f28 runid=0dfb5b492dc86ce99bf7c61c734eb364afcdb5c8 ch=100 start_time=2025-09-25T22:25:06.398161+00:00 flow_cell_id=AWX817 basecall_gpu=NVIDIA_Tegra_X2 protocol_group_id=ONT_trialEb_250925 sample_id=ONT_trail_250925 barcode=barcode24 barcode_alias=barcode24 parent_read_id=5dea0106-bca8-43a5-bd70-1efb9a003f28 basecall_model_version_id=dna_r10.4.1_e8.2_400bps_hac@v4.3.0 rc
428	38deb4df-c29d-4b9c-a4d3-53366b80b9ac runid=0dfb5b492dc86ce99bf7c61c734eb364afcdb5c8 ch=110 start_time=2025-09-25T20:32:02.398161+00:00 flow_cell_id=AWX817 basecall_gpu=NVIDIA_Tegra_X2 protocol_group_id=ONT_trialEb_250925 sample_id=ONT_trail_250925 barcode=barcode14 barcode_alias=barcode14 parent_read_id=38deb4df-c29d-4b9c-a4d3-53366b80b9ac basecall_model_version_id=dna_r10.4.1_e8.2_400bps_hac@v4.3.0
428	f00cd384-5c68-4117-b3d3-d0e612b517c0 runid=0dfb5b492dc86ce99bf7c61c734eb364afcdb5c8 ch=44 start_time=2025-09-25T21:54:47.398161+00:00 flow_cell_id=AWX817 basecall_gpu=NVIDIA_Tegra_X2 protocol_group_id=ONT_trialEb_250925 sample_id=ONT_trail_250925 barcode=barcode14 barcode_alias=barcode14 parent_read_id=f00cd384-5c68-4117-b3d3-d0e612b517c0 basecall_model_version_id=dna_r10.4.1_e8.2_400bps_hac@v4.3.0
428	2455989e-c00a-4c05-a205-8ea027d27cdb runid=0dfb5b492dc86ce99bf7c61c734eb364afcdb5c8 ch=79 start_time=2025-09-25T21:16:36.398161+00:00 flow_cell_id=AWX817 basecall_gpu=NVIDIA_Tegra_X2 protocol_group_id=ONT_trialEb_250925 sample_id=ONT_trail_250925 barcode=barcode13 barcode_alias=barcode13 parent_read_id=2455989e-c00a-4c05-a205-8ea027d27cdb basecall_model_version_id=dna_r10.4.1_e8.2_400bps_hac@v4.3.0
428	e189a780-2ee4-415e-8765-dd443800c3a9 runid=0dfb5b492dc86ce99bf7c61c734eb364afcdb5c8 ch=44 start_time=2025-09-25T18:18:09.398161+00:00 flow_cell_id=AWX817 basecall_gpu=NVIDIA_Tegra_X2 protocol_group_id=ONT_trialEb_250925 sample_id=ONT_trail_250925 barcode=barcode24 barcode_alias=barcode24 parent_read_id=e189a780-2ee4-415e-8765-dd443800c3a9 basecall_model_version_id=dna_r10.4.1_e8.2_400bps_hac@v4.3.0
428	21aecfd7-6f7d-4b4b-822b-8bdf53ce3e31 runid=0dfb5b492dc86ce99bf7c61c734eb364afcdb5c8 ch=23 start_time=2025-09-25T17:52:32.398161+00:00 flow_cell_id=AWX817 basecall_gpu=NVIDIA_Tegra_X2 protocol_group_id=ONT_trialEb_250925 sample_id=ONT_trail_250925 barcode=barcode24 barcode_alias=barcode24 parent_read_id=21aecfd7-6f7d-4b4b-822b-8bdf53ce3e31 basecall_model_version_id=dna_r10.4.1_e8.2_400bps_hac@v4.3.0 rc
428	b69d7934-cb33-48fe-acf9-95eef069da13 runid=0dfb5b492dc86ce99bf7c61c734eb364afcdb5c8 ch=44 start_time=2025-09-25T18:17:55.398161+00:00 flow_cell_id=AWX817 basecall_gpu=NVIDIA_Tegra_X2 protocol_group_id=ONT_trialEb_250925 sample_id=ONT_trail_250925 barcode=barcode13 barcode_alias=barcode13 parent_read_id=b69d7934-cb33-48fe-acf9-95eef069da13 basecall_model_version_id=dna_r10.4.1_e8.2_400bps_hac@v4.3.0
428	6970badf-8bcc-4f64-8b88-3ff2722453ec runid=0dfb5b492dc86ce99bf7c61c734eb364afcdb5c8 ch=4 start_time=2025-09-26T02:52:21.398161+00:00 flow_cell_id=AWX817 basecall_gpu=NVIDIA_Tegra_X2 protocol_group_id=ONT_trialEb_250925 sample_id=ONT_trail_250925 barcode=barcode13 barcode_alias=barcode13 parent_read_id=6970badf-8bcc-4f64-8b88-3ff2722453ec basecall_model_version_id=dna_r10.4.1_e8.2_400bps_hac@v4.3.0
428	deb49385-dc03-43b0-b4e0-295b3c10f76f runid=0dfb5b492dc86ce99bf7c61c734eb364afcdb5c8 ch=93 start_time=2025-09-25T16:32:22.398161+00:00 flow_cell_id=AWX817 basecall_gpu=NVIDIA_Tegra_X2 protocol_group_id=ONT_trialEb_250925 sample_id=ONT_trail_250925 barcode=barcode15 barcode_alias=barcode15 parent_read_id=deb49385-dc03-43b0-b4e0-295b3c10f76f basecall_model_version_id=dna_r10.4.1_e8.2_400bps_hac@v4.3.0
428	ee3f2397-fa28-4aa8-ba3f-713810671709 runid=0dfb5b492dc86ce99bf7c61c734eb364afcdb5c8 ch=80 start_time=2025-09-25T17:23:03.398161+00:00 flow_cell_id=AWX817 basecall_gpu=NVIDIA_Tegra_X2 protocol_group_id=ONT_trialEb_250925 sample_id=ONT_trail_250925 barcode=barcode14 barcode_alias=barcode14 parent_read_id=ee3f2397-fa28-4aa8-ba3f-713810671709 basecall_model_version_id=dna_r10.4.1_e8.2_400bps_hac@v4.3.0
428	e2f4fe2e-d7e2-483e-acf9-d46b86b0e3fe runid=0dfb5b492dc86ce99bf7c61c734eb364afcdb5c8 ch=20 start_time=2025-09-25T17:05:42.398161+00:00 flow_cell_id=AWX817 basecall_gpu=NVIDIA_Tegra_X2 protocol_group_id=ONT_trialEb_250925 sample_id=ONT_trail_250925 barcode=barcode24 barcode_alias=barcode24 parent_read_id=e2f4fe2e-d7e2-483e-acf9-d46b86b0e3fe basecall_model_version_id=dna_r10.4.1_e8.2_400bps_hac@v4.3.0
428	01482bdc-e88c-44c6-9ca9-0da2d4c15370 runid=0dfb5b492dc86ce99bf7c61c734eb364afcdb5c8 ch=43 start_time=2025-09-25T16:49:03.398161+00:00 flow_cell_id=AWX817 basecall_gpu=NVIDIA_Tegra_X2 protocol_group_id=ONT_trialEb_250925 sample_id=ONT_trail_250925 barcode=barcode24 barcode_alias=barcode24 parent_read_id=01482bdc-e88c-44c6-9ca9-0da2d4c15370 basecall_model_version_id=dna_r10.4.1_e8.2_400bps_hac@v4.3.0 rc
428	0b262592-af58-4036-9223-3ee14e7b6c2a runid=0dfb5b492dc86ce99bf7c61c734eb364afcdb5c8 ch=4 start_time=2025-09-26T03:34:39.398161+00:00 flow_cell_id=AWX817 basecall_gpu=NVIDIA_Tegra_X2 protocol_group_id=ONT_trialEb_250925 sample_id=ONT_trail_250925 barcode=barcode13 barcode_alias=barcode13 parent_read_id=0b262592-af58-4036-9223-3ee14e7b6c2a basecall_model_version_id=dna_r10.4.1_e8.2_400bps_hac@v4.3.0 rc
428	4c59153b-2f78-4029-8d83-673d5c373d8d runid=0dfb5b492dc86ce99bf7c61c734eb364afcdb5c8 ch=94 start_time=2025-09-25T16:02:40.398161+00:00 flow_cell_id=AWX817 basecall_gpu=NVIDIA_Tegra_X2 protocol_group_id=ONT_trialEb_250925 sample_id=ONT_trail_250925 barcode=barcode14 barcode_alias=barcode14 parent_read_id=4c59153b-2f78-4029-8d83-673d5c373d8d basecall_model_version_id=dna_r10.4.1_e8.2_400bps_hac@v4.3.0
428	c2b2cf60-8291-460c-99c6-83e2a9ac00d5 runid=0dfb5b492dc86ce99bf7c61c734eb364afcdb5c8 ch=40 start_time=2025-09-25T16:11:05.398161+00:00 flow_cell_id=AWX817 basecall_gpu=NVIDIA_Tegra_X2 protocol_group_id=ONT_trialEb_250925 sample_id=ONT_trail_250925 barcode=barcode13 barcode_alias=barcode13 parent_read_id=c2b2cf60-8291-460c-99c6-83e2a9ac00d5 basecall_model_version_id=dna_r10.4.1_e8.2_400bps_hac@v4.3.0
428	885bf4d6-27d1-422e-876c-b03e83a8d14c runid=0dfb5b492dc86ce99bf7c61c734eb364afcdb5c8 ch=49 start_time=2025-09-26T11:23:59.398161+00:00 flow_cell_id=AWX817 basecall_gpu=NVIDIA_Tegra_X2 protocol_group_id=ONT_trialEb_250925 sample_id=ONT_trail_250925 barcode=barcode13 barcode_alias=barcode13 parent_read_id=885bf4d6-27d1-422e-876c-b03e83a8d14c basecall_model_version_id=dna_r10.4.1_e8.2_400bps_hac@v4.3.0
428	330e0429-2666-41e6-ab23-4dfbcc4e55de runid=0dfb5b492dc86ce99bf7c61c734eb364afcdb5c8 ch=110 start_time=2025-09-25T20:27:53.398161+00:00 flow_cell_id=AWX817 basecall_gpu=NVIDIA_Tegra_X2 protocol_group_id=ONT_trialEb_250925 sample_id=ONT_trail_250925 barcode=barcode13 barcode_alias=barcode13 parent_read_id=330e0429-2666-41e6-ab23-4dfbcc4e55de basecall_model_version_id=dna_r10.4.1_e8.2_400bps_hac@v4.3.0
428	d1d93073-58dc-4554-97c7-ba083bc19e63 runid=0dfb5b492dc86ce99bf7c61c734eb364afcdb5c8 ch=20 start_time=2025-09-25T22:07:04.398161+00:00 flow_cell_id=AWX817 basecall_gpu=NVIDIA_Tegra_X2 protocol_group_id=ONT_trialEb_250925 sample_id=ONT_trail_250925 barcode=barcode14 barcode_alias=barcode14 parent_read_id=d1d93073-58dc-4554-97c7-ba083bc19e63 basecall_model_version_id=dna_r10.4.1_e8.2_400bps_hac@v4.3.0
428	7e9ad0bc-b410-4d74-87ed-c436c61b3e83 runid=0dfb5b492dc86ce99bf7c61c734eb364afcdb5c8 ch=20 start_time=2025-09-25T16:23:39.398161+00:00 flow_cell_id=AWX817 basecall_gpu=NVIDIA_Tegra_X2 protocol_group_id=ONT_trialEb_250925 sample_id=ONT_trail_250925 barcode=barcode14 barcode_alias=barcode14 parent_read_id=7e9ad0bc-b410-4d74-87ed-c436c61b3e83 basecall_model_version_id=dna_r10.4.1_e8.2_400bps_hac@v4.3.0 rc
428	a82bf711-3086-4c8c-afa4-3b3008592f2c runid=0dfb5b492dc86ce99bf7c61c734eb364afcdb5c8 ch=118 start_time=2025-09-26T00:31:00.398161+00:00 flow_cell_id=AWX817 basecall_gpu=NVIDIA_Tegra_X2 protocol_group_id=ONT_trialEb_250925 sample_id=ONT_trail_250925 barcode=barcode14 barcode_alias=barcode14 parent_read_id=a82bf711-3086-4c8c-afa4-3b3008592f2c basecall_model_version_id=dna_r10.4.1_e8.2_400bps_hac@v4.3.0
428	d21ade2c-77aa-49fb-86e2-3bc92b46b13f runid=0dfb5b492dc86ce99bf7c61c734eb364afcdb5c8 ch=93 start_time=2025-09-25T17:26:12.398161+00:00 flow_cell_id=AWX817 basecall_gpu=NVIDIA_Tegra_X2 protocol_group_id=ONT_trialEb_250925 sample_id=ONT_trail_250925 barcode=barcode24 barcode_alias=barcode24 parent_read_id=d21ade2c-77aa-49fb-86e2-3bc92b46b13f basecall_model_version_id=dna_r10.4.1_e8.2_400bps_hac@v4.3.0
428	f96a5f00-0cee-4c0f-8033-31e741fb8ce4 runid=0dfb5b492dc86ce99bf7c61c734eb364afcdb5c8 ch=44 start_time=2025-09-26T04:56:16.398161+00:00 flow_cell_id=AWX817 basecall_gpu=NVIDIA_Tegra_X2 protocol_group_id=ONT_trialEb_250925 sample_id=ONT_trail_250925 barcode=barcode15 barcode_alias=barcode15 parent_read_id=f96a5f00-0cee-4c0f-8033-31e741fb8ce4 basecall_model_version_id=dna_r10.4.1_e8.2_400bps_hac@v4.3.0
428	d8717e3e-44f3-45ec-aea7-c3c00feb0c5d runid=0dfb5b492dc86ce99bf7c61c734eb364afcdb5c8 ch=56 start_time=2025-09-25T18:32:53.398161+00:00 flow_cell_id=AWX817 basecall_gpu=NVIDIA_Tegra_X2 protocol_group_id=ONT_trialEb_250925 sample_id=ONT_trail_250925 barcode=barcode24 barcode_alias=barcode24 parent_read_id=d8717e3e-44f3-45ec-aea7-c3c00feb0c5d basecall_model_version_id=dna_r10.4.1_e8.2_400bps_hac@v4.3.0
428	bb4110de-96a4-4f44-b028-3188a2c64d04 runid=0dfb5b492dc86ce99bf7c61c734eb364afcdb5c8 ch=20 start_time=2025-09-25T20:17:07.398161+00:00 flow_cell_id=AWX817 basecall_gpu=NVIDIA_Tegra_X2 protocol_group_id=ONT_trialEb_250925 sample_id=ONT_trail_250925 barcode=barcode14 barcode_alias=barcode14 parent_read_id=bb4110de-96a4-4f44-b028-3188a2c64d04 basecall_model_version_id=dna_r10.4.1_e8.2_400bps_hac@v4.3.0
428	bb4110de-96a4-4f44-b028-3188a2c64d04 runid=0dfb5b492dc86ce99bf7c61c734eb364afcdb5c8 ch=20 start_time=2025-09-25T20:17:07.398161+00:00 flow_cell_id=AWX817 basecall_gpu=NVIDIA_Tegra_X2 protocol_group_id=ONT_trialEb_250925 sample_id=ONT_trail_250925 barcode=barcode14 barcode_alias=barcode14 parent_read_id=bb4110de-96a4-4f44-b028-3188a2c64d04 basecall_model_version_id=dna_r10.4.1_e8.2_400bps_hac@v4.3.0
428	529908a3-00d9-4538-aa09-68eae08e2b1f runid=0dfb5b492dc86ce99bf7c61c734eb364afcdb5c8 ch=79 start_time=2025-09-26T00:38:09.398161+00:00 flow_cell_id=AWX817 basecall_gpu=NVIDIA_Tegra_X2 protocol_group_id=ONT_trialEb_250925 sample_id=ONT_trail_250925 barcode=barcode24 barcode_alias=barcode24 parent_read_id=529908a3-00d9-4538-aa09-68eae08e2b1f basecall_model_version_id=dna_r10.4.1_e8.2_400bps_hac@v4.3.0
428	5826405d-814e-4ba5-ac7b-6362788dbafb runid=0dfb5b492dc86ce99bf7c61c734eb364afcdb5c8 ch=5 start_time=2025-09-25T18:17:47.398161+00:00 flow_cell_id=AWX817 basecall_gpu=NVIDIA_Tegra_X2 protocol_group_id=ONT_trialEb_250925 sample_id=ONT_trail_250925 barcode=barcode24 barcode_alias=barcode24 parent_read_id=5826405d-814e-4ba5-ac7b-6362788dbafb basecall_model_version_id=dna_r10.4.1_e8.2_400bps_hac@v4.3.0 rc
428	41ce9d2a-ac15-4b76-9a01-6113029d0fb3 runid=0dfb5b492dc86ce99bf7c61c734eb364afcdb5c8 ch=93 start_time=2025-09-25T15:51:01.398161+00:00 flow_cell_id=AWX817 basecall_gpu=NVIDIA_Tegra_X2 protocol_group_id=ONT_trialEb_250925 sample_id=ONT_trail_250925 barcode=barcode24 barcode_alias=barcode24 parent_read_id=41ce9d2a-ac15-4b76-9a01-6113029d0fb3 basecall_model_version_id=dna_r10.4.1_e8.2_400bps_hac@v4.3.0
428	c7854007-fe6c-4f12-8803-09786b5e9c26 runid=0dfb5b492dc86ce99bf7c61c734eb364afcdb5c8 ch=39 start_time=2025-09-26T02:05:11.398161+00:00 flow_cell_id=AWX817 basecall_gpu=NVIDIA_Tegra_X2 protocol_group_id=ONT_trialEb_250925 sample_id=ONT_trail_250925 barcode=barcode14 barcode_alias=barcode14 parent_read_id=c7854007-fe6c-4f12-8803-09786b5e9c26 basecall_model_version_id=dna_r10.4.1_e8.2_400bps_hac@v4.3.0
428	a4333675-9beb-447a-b7e1-7699b12e1a5c runid=0dfb5b492dc86ce99bf7c61c734eb364afcdb5c8 ch=93 start_time=2025-09-25T19:29:16.398161+00:00 flow_cell_id=AWX817 basecall_gpu=NVIDIA_Tegra_X2 protocol_group_id=ONT_trialEb_250925 sample_id=ONT_trail_250925 barcode=barcode24 barcode_alias=barcode24 parent_read_id=a4333675-9beb-447a-b7e1-7699b12e1a5c basecall_model_version_id=dna_r10.4.1_e8.2_400bps_hac@v4.3.0 rc
428	9e2653e4-334c-435f-aa44-7fd8d5e17f0c runid=0dfb5b492dc86ce99bf7c61c734eb364afcdb5c8 ch=20 start_time=2025-09-26T08:47:58.398161+00:00 flow_cell_id=AWX817 basecall_gpu=NVIDIA_Tegra_X2 protocol_group_id=ONT_trialEb_250925 sample_id=ONT_trail_250925 barcode=barcode13 barcode_alias=barcode13 parent_read_id=9e2653e4-334c-435f-aa44-7fd8d5e17f0c basecall_model_version_id=dna_r10.4.1_e8.2_400bps_hac@v4.3.0 rc
428	dc246487-8600-47fa-95fe-8f6074dfa953 runid=0dfb5b492dc86ce99bf7c61c734eb364afcdb5c8 ch=20 start_time=2025-09-25T21:38:28.398161+00:00 flow_cell_id=AWX817 basecall_gpu=NVIDIA_Tegra_X2 protocol_group_id=ONT_trialEb_250925 sample_id=ONT_trail_250925 barcode=barcode15 barcode_alias=barcode15 parent_read_id=dc246487-8600-47fa-95fe-8f6074dfa953 basecall_model_version_id=dna_r10.4.1_e8.2_400bps_hac@v4.3.0
428	25fc565a-7af3-4b99-86ac-7b72587cbf08 runid=0dfb5b492dc86ce99bf7c61c734eb364afcdb5c8 ch=39 start_time=2025-09-25T21:36:00.398161+00:00 flow_cell_id=AWX817 basecall_gpu=NVIDIA_Tegra_X2 protocol_group_id=ONT_trialEb_250925 sample_id=ONT_trail_250925 barcode=barcode24 barcode_alias=barcode24 parent_read_id=25fc565a-7af3-4b99-86ac-7b72587cbf08 basecall_model_version_id=dna_r10.4.1_e8.2_400bps_hac@v4.3.0
428	7574ec71-2f8d-4aca-a3ab-e8a514b82f26 runid=0dfb5b492dc86ce99bf7c61c734eb364afcdb5c8 ch=39 start_time=2025-09-25T21:44:58.398161+00:00 flow_cell_id=AWX817 basecall_gpu=NVIDIA_Tegra_X2 protocol_group_id=ONT_trialEb_250925 sample_id=ONT_trail_250925 barcode=barcode24 barcode_alias=barcode24 parent_read_id=7574ec71-2f8d-4aca-a3ab-e8a514b82f26 basecall_model_version_id=dna_r10.4.1_e8.2_400bps_hac@v4.3.0
428	4678754b-3eb2-4fe0-a613-8325399048f7 runid=0dfb5b492dc86ce99bf7c61c734eb364afcdb5c8 ch=45 start_time=2025-09-25T16:20:16.398161+00:00 flow_cell_id=AWX817 basecall_gpu=NVIDIA_Tegra_X2 protocol_group_id=ONT_trialEb_250925 sample_id=ONT_trail_250925 barcode=barcode13 barcode_alias=barcode13 parent_read_id=4678754b-3eb2-4fe0-a613-8325399048f7 basecall_model_version_id=dna_r10.4.1_e8.2_400bps_hac@v4.3.0
428	2f42e263-913f-4cc7-9675-ab5a7bb9e067 runid=0dfb5b492dc86ce99bf7c61c734eb364afcdb5c8 ch=4 start_time=2025-09-26T03:50:17.398161+00:00 flow_cell_id=AWX817 basecall_gpu=NVIDIA_Tegra_X2 protocol_group_id=ONT_trialEb_250925 sample_id=ONT_trail_250925 barcode=barcode14 barcode_alias=barcode14 parent_read_id=2f42e263-913f-4cc7-9675-ab5a7bb9e067 basecall_model_version_id=dna_r10.4.1_e8.2_400bps_hac@v4.3.0 rc
428	bd0351d1-7778-43f7-895e-2bc9c19ff42d runid=0dfb5b492dc86ce99bf7c61c734eb364afcdb5c8 ch=39 start_time=2025-09-25T20:54:33.398161+00:00 flow_cell_id=AWX817 basecall_gpu=NVIDIA_Tegra_X2 protocol_group_id=ONT_trialEb_250925 sample_id=ONT_trail_250925 barcode=barcode15 barcode_alias=barcode15 parent_read_id=bd0351d1-7778-43f7-895e-2bc9c19ff42d basecall_model_version_id=dna_r10.4.1_e8.2_400bps_hac@v4.3.0 rc
428	559221e2-8755-4dcc-96aa-bc32d52335fb runid=0dfb5b492dc86ce99bf7c61c734eb364afcdb5c8 ch=113 start_time=2025-09-25T17:02:41.398161+00:00 flow_cell_id=AWX817 basecall_gpu=NVIDIA_Tegra_X2 protocol_group_id=ONT_trialEb_250925 sample_id=ONT_trail_250925 barcode=barcode13 barcode_alias=barcode13 parent_read_id=559221e2-8755-4dcc-96aa-bc32d52335fb basecall_model_version_id=dna_r10.4.1_e8.2_400bps_hac@v4.3.0 rc
428	cd80a5e9-7b68-4edf-a9f0-eaec9ca0f2ee runid=0dfb5b492dc86ce99bf7c61c734eb364afcdb5c8 ch=39 start_time=2025-09-25T17:22:00.398161+00:00 flow_cell_id=AWX817 basecall_gpu=NVIDIA_Tegra_X2 protocol_group_id=ONT_trialEb_250925 sample_id=ONT_trail_250925 barcode=barcode24 barcode_alias=barcode24 parent_read_id=cd80a5e9-7b68-4edf-a9f0-eaec9ca0f2ee basecall_model_version_id=dna_r10.4.1_e8.2_400bps_hac@v4.3.0
428	c143f9c1-d1ed-4378-9ac3-e6d91b85cda9 runid=0dfb5b492dc86ce99bf7c61c734eb364afcdb5c8 ch=49 start_time=2025-09-25T18:32:48.398161+00:00 flow_cell_id=AWX817 basecall_gpu=NVIDIA_Tegra_X2 protocol_group_id=ONT_trialEb_250925 sample_id=ONT_trail_250925 barcode=barcode24 barcode_alias=barcode24 parent_read_id=c143f9c1-d1ed-4378-9ac3-e6d91b85cda9 basecall_model_version_id=dna_r10.4.1_e8.2_400bps_hac@v4.3.0
428	e8605e5e-97ae-4517-b4c6-62badf7daf74 runid=0dfb5b492dc86ce99bf7c61c734eb364afcdb5c8 ch=42 start_time=2025-09-26T03:41:27.398161+00:00 flow_cell_id=AWX817 basecall_gpu=NVIDIA_Tegra_X2 protocol_group_id=ONT_trialEb_250925 sample_id=ONT_trail_250925 barcode=barcode14 barcode_alias=barcode14 parent_read_id=e8605e5e-97ae-4517-b4c6-62badf7daf74 basecall_model_version_id=dna_r10.4.1_e8.2_400bps_hac@v4.3.0
428	3623cf44-e673-40d1-aa18-33285390885d runid=0dfb5b492dc86ce99bf7c61c734eb364afcdb5c8 ch=10 start_time=2025-09-25T23:17:44.398161+00:00 flow_cell_id=AWX817 basecall_gpu=NVIDIA_Tegra_X2 protocol_group_id=ONT_trialEb_250925 sample_id=ONT_trail_250925 barcode=barcode14 barcode_alias=barcode14 parent_read_id=3623cf44-e673-40d1-aa18-33285390885d basecall_model_version_id=dna_r10.4.1_e8.2_400bps_hac@v4.3.0
428	8d028f6e-1f0c-4122-9172-fef3699d3044 runid=0dfb5b492dc86ce99bf7c61c734eb364afcdb5c8 ch=57 start_time=2025-09-25T18:15:28.398161+00:00 flow_cell_id=AWX817 basecall_gpu=NVIDIA_Tegra_X2 protocol_group_id=ONT_trialEb_250925 sample_id=ONT_trail_250925 barcode=barcode24 barcode_alias=barcode24 parent_read_id=8d028f6e-1f0c-4122-9172-fef3699d3044 basecall_model_version_id=dna_r10.4.1_e8.2_400bps_hac@v4.3.0 rc
428	c13ca11a-724f-4b71-bed1-78de7615e8da runid=0dfb5b492dc86ce99bf7c61c734eb364afcdb5c8 ch=106 start_time=2025-09-25T19:39:06.398161+00:00 flow_cell_id=AWX817 basecall_gpu=NVIDIA_Tegra_X2 protocol_group_id=ONT_trialEb_250925 sample_id=ONT_trail_250925 barcode=barcode13 barcode_alias=barcode13 parent_read_id=c13ca11a-724f-4b71-bed1-78de7615e8da basecall_model_version_id=dna_r10.4.1_e8.2_400bps_hac@v4.3.0 rc
428	71a74125-0820-44e7-93db-2b4837a18f7d runid=0dfb5b492dc86ce99bf7c61c734eb364afcdb5c8 ch=4 start_time=2025-09-26T05:21:31.398161+00:00 flow_cell_id=AWX817 basecall_gpu=NVIDIA_Tegra_X2 protocol_group_id=ONT_trialEb_250925 sample_id=ONT_trail_250925 barcode=barcode13 barcode_alias=barcode13 parent_read_id=71a74125-0820-44e7-93db-2b4837a18f7d basecall_model_version_id=dna_r10.4.1_e8.2_400bps_hac@v4.3.0
428	bd7de758-d0ba-4295-a66a-8047d48ecb83 runid=0dfb5b492dc86ce99bf7c61c734eb364afcdb5c8 ch=39 start_time=2025-09-26T02:11:32.398161+00:00 flow_cell_id=AWX817 basecall_gpu=NVIDIA_Tegra_X2 protocol_group_id=ONT_trialEb_250925 sample_id=ONT_trail_250925 barcode=barcode15 barcode_alias=barcode15 parent_read_id=bd7de758-d0ba-4295-a66a-8047d48ecb83 basecall_model_version_id=dna_r10.4.1_e8.2_400bps_hac@v4.3.0
428	e2fa0889-5826-4080-bdac-bed1f0cc81bd runid=0dfb5b492dc86ce99bf7c61c734eb364afcdb5c8 ch=43 start_time=2025-09-25T18:24:01.398161+00:00 flow_cell_id=AWX817 basecall_gpu=NVIDIA_Tegra_X2 protocol_group_id=ONT_trialEb_250925 sample_id=ONT_trail_250925 barcode=barcode13 barcode_alias=barcode13 parent_read_id=e2fa0889-5826-4080-bdac-bed1f0cc81bd basecall_model_version_id=dna_r10.4.1_e8.2_400bps_hac@v4.3.0
428	929c27f1-3146-4789-8171-978e6d25ab87 runid=0dfb5b492dc86ce99bf7c61c734eb364afcdb5c8 ch=106 start_time=2025-09-25T17:41:07.398161+00:00 flow_cell_id=AWX817 basecall_gpu=NVIDIA_Tegra_X2 protocol_group_id=ONT_trialEb_250925 sample_id=ONT_trail_250925 barcode=barcode24 barcode_alias=barcode24 parent_read_id=929c27f1-3146-4789-8171-978e6d25ab87 basecall_model_version_id=dna_r10.4.1_e8.2_400bps_hac@v4.3.0
428	5fc2e3e6-fde1-4ee5-b343-b5af37a1388f runid=0dfb5b492dc86ce99bf7c61c734eb364afcdb5c8 ch=44 start_time=2025-09-26T00:03:19.398161+00:00 flow_cell_id=AWX817 basecall_gpu=NVIDIA_Tegra_X2 protocol_group_id=ONT_trialEb_250925 sample_id=ONT_trail_250925 barcode=barcode14 barcode_alias=barcode14 parent_read_id=5fc2e3e6-fde1-4ee5-b343-b5af37a1388f basecall_model_version_id=dna_r10.4.1_e8.2_400bps_hac@v4.3.0 rc
428	5fc2e3e6-fde1-4ee5-b343-b5af37a1388f runid=0dfb5b492dc86ce99bf7c61c734eb364afcdb5c8 ch=44 start_time=2025-09-26T00:03:19.398161+00:00 flow_cell_id=AWX817 basecall_gpu=NVIDIA_Tegra_X2 protocol_group_id=ONT_trialEb_250925 sample_id=ONT_trail_250925 barcode=barcode14 barcode_alias=barcode14 parent_read_id=5fc2e3e6-fde1-4ee5-b343-b5af37a1388f basecall_model_version_id=dna_r10.4.1_e8.2_400bps_hac@v4.3.0 rc
428	3c8db8a1-1d55-41e5-9c32-72c6cf2ebca6 runid=0dfb5b492dc86ce99bf7c61c734eb364afcdb5c8 ch=5 start_time=2025-09-25T19:21:16.398161+00:00 flow_cell_id=AWX817 basecall_gpu=NVIDIA_Tegra_X2 protocol_group_id=ONT_trialEb_250925 sample_id=ONT_trail_250925 barcode=barcode13 barcode_alias=barcode13 parent_read_id=3c8db8a1-1d55-41e5-9c32-72c6cf2ebca6 basecall_model_version_id=dna_r10.4.1_e8.2_400bps_hac@v4.3.0 rc
428	c5742c9d-f6f5-45ab-be45-4cbcc364b84b runid=0dfb5b492dc86ce99bf7c61c734eb364afcdb5c8 ch=80 start_time=2025-09-25T17:14:02.398161+00:00 flow_cell_id=AWX817 basecall_gpu=NVIDIA_Tegra_X2 protocol_group_id=ONT_trialEb_250925 sample_id=ONT_trail_250925 barcode=barcode14 barcode_alias=barcode14 parent_read_id=c5742c9d-f6f5-45ab-be45-4cbcc364b84b basecall_model_version_id=dna_r10.4.1_e8.2_400bps_hac@v4.3.0
892	d0ee376c-5ce5-402f-85f5-af4bc9f235a5 runid=0dfb5b492dc86ce99bf7c61c734eb364afcdb5c8 ch=77 start_time=2025-09-26T00:53:36.398161+00:00 flow_cell_id=AWX817 basecall_gpu=NVIDIA_Tegra_X2 protocol_group_id=ONT_trialEb_250925 sample_id=ONT_trail_250925 barcode=barcode24 barcode_alias=barcode24 parent_read_id=d0ee376c-5ce5-402f-85f5-af4bc9f235a5 basecall_model_version_id=dna_r10.4.1_e8.2_400bps_hac@v4.3.0
892	de32cb99-8f24-454e-8f73-397d844aecad runid=0dfb5b492dc86ce99bf7c61c734eb364afcdb5c8 ch=106 start_time=2025-09-25T17:56:40.398161+00:00 flow_cell_id=AWX817 basecall_gpu=NVIDIA_Tegra_X2 protocol_group_id=ONT_trialEb_250925 sample_id=ONT_trail_250925 barcode=barcode24 barcode_alias=barcode24 parent_read_id=de32cb99-8f24-454e-8f73-397d844aecad basecall_model_version_id=dna_r10.4.1_e8.2_400bps_hac@v4.3.0 rc
892	08fae92d-0135-448c-ba53-b0cdad2baea8 runid=0dfb5b492dc86ce99bf7c61c734eb364afcdb5c8 ch=92 start_time=2025-09-25T22:39:32.398161+00:00 flow_cell_id=AWX817 basecall_gpu=NVIDIA_Tegra_X2 protocol_group_id=ONT_trialEb_250925 sample_id=ONT_trail_250925 barcode=barcode14 barcode_alias=barcode14 parent_read_id=08fae92d-0135-448c-ba53-b0cdad2baea8 basecall_model_version_id=dna_r10.4.1_e8.2_400bps_hac@v4.3.0
892	105a2096-44c2-4d38-b858-9144b2a024b5 runid=0dfb5b492dc86ce99bf7c61c734eb364afcdb5c8 ch=58 start_time=2025-09-25T17:44:55.398161+00:00 flow_cell_id=AWX817 basecall_gpu=NVIDIA_Tegra_X2 protocol_group_id=ONT_trialEb_250925 sample_id=ONT_trail_250925 barcode=barcode24 barcode_alias=barcode24 parent_read_id=105a2096-44c2-4d38-b858-9144b2a024b5 basecall_model_version_id=dna_r10.4.1_e8.2_400bps_hac@v4.3.0
892	4b161c70-6a1e-45a8-99eb-cec0eea56fd4 runid=0dfb5b492dc86ce99bf7c61c734eb364afcdb5c8 ch=20 start_time=2025-09-25T18:09:53.398161+00:00 flow_cell_id=AWX817 basecall_gpu=NVIDIA_Tegra_X2 protocol_group_id=ONT_trialEb_250925 sample_id=ONT_trail_250925 barcode=barcode14 barcode_alias=barcode14 parent_read_id=ea7ecc2c-8845-49eb-9c8a-462c4d20c929 basecall_model_version_id=dna_r10.4.1_e8.2_400bps_hac@v4.3.0 rc
892	2578cd7f-eea4-4143-8b9e-8aa715b76e4c runid=0dfb5b492dc86ce99bf7c61c734eb364afcdb5c8 ch=93 start_time=2025-09-25T18:02:05.398161+00:00 flow_cell_id=AWX817 basecall_gpu=NVIDIA_Tegra_X2 protocol_group_id=ONT_trialEb_250925 sample_id=ONT_trail_250925 barcode=barcode14 barcode_alias=barcode14 parent_read_id=2578cd7f-eea4-4143-8b9e-8aa715b76e4c basecall_model_version_id=dna_r10.4.1_e8.2_400bps_hac@v4.3.0
892	2578cd7f-eea4-4143-8b9e-8aa715b76e4c runid=0dfb5b492dc86ce99bf7c61c734eb364afcdb5c8 ch=93 start_time=2025-09-25T18:02:05.398161+00:00 flow_cell_id=AWX817 basecall_gpu=NVIDIA_Tegra_X2 protocol_group_id=ONT_trialEb_250925 sample_id=ONT_trail_250925 barcode=barcode14 barcode_alias=barcode14 parent_read_id=2578cd7f-eea4-4143-8b9e-8aa715b76e4c basecall_model_version_id=dna_r10.4.1_e8.2_400bps_hac@v4.3.0
892	ae4ed4b6-3483-4174-ac5f-1730b2550559 runid=0dfb5b492dc86ce99bf7c61c734eb364afcdb5c8 ch=20 start_time=2025-09-25T16:35:50.398161+00:00 flow_cell_id=AWX817 basecall_gpu=NVIDIA_Tegra_X2 protocol_group_id=ONT_trialEb_250925 sample_id=ONT_trail_250925 barcode=barcode14 barcode_alias=barcode14 parent_read_id=ae4ed4b6-3483-4174-ac5f-1730b2550559 basecall_model_version_id=dna_r10.4.1_e8.2_400bps_hac@v4.3.0 rc
892	7dcd804c-804e-4744-9eb6-af90ded1bb60 runid=0dfb5b492dc86ce99bf7c61c734eb364afcdb5c8 ch=44 start_time=2025-09-25T18:25:58.398161+00:00 flow_cell_id=AWX817 basecall_gpu=NVIDIA_Tegra_X2 protocol_group_id=ONT_trialEb_250925 sample_id=ONT_trail_250925 barcode=barcode24 barcode_alias=barcode24 parent_read_id=7dcd804c-804e-4744-9eb6-af90ded1bb60 basecall_model_version_id=dna_r10.4.1_e8.2_400bps_hac@v4.3.0 rc
892	c23527c5-fd3e-430a-a918-42d211959c62 runid=0dfb5b492dc86ce99bf7c61c734eb364afcdb5c8 ch=6 start_time=2025-09-25T18:23:55.398161+00:00 flow_cell_id=AWX817 basecall_gpu=NVIDIA_Tegra_X2 protocol_group_id=ONT_trialEb_250925 sample_id=ONT_trail_250925 barcode=barcode14 barcode_alias=barcode14 parent_read_id=c23527c5-fd3e-430a-a918-42d211959c62 basecall_model_version_id=dna_r10.4.1_e8.2_400bps_hac@v4.3.0
892	39a714f8-de74-4ba6-97f0-3b12c2b44e2b runid=0dfb5b492dc86ce99bf7c61c734eb364afcdb5c8 ch=73 start_time=2025-09-25T20:46:33.398161+00:00 flow_cell_id=AWX817 basecall_gpu=NVIDIA_Tegra_X2 protocol_group_id=ONT_trialEb_250925 sample_id=ONT_trail_250925 barcode=barcode15 barcode_alias=barcode15 parent_read_id=39a714f8-de74-4ba6-97f0-3b12c2b44e2b basecall_model_version_id=dna_r10.4.1_e8.2_400bps_hac@v4.3.0 rc
892	763c1489-15ae-4d6b-9def-12a448ad3478 runid=0dfb5b492dc86ce99bf7c61c734eb364afcdb5c8 ch=94 start_time=2025-09-25T16:32:33.398161+00:00 flow_cell_id=AWX817 basecall_gpu=NVIDIA_Tegra_X2 protocol_group_id=ONT_trialEb_250925 sample_id=ONT_trail_250925 barcode=barcode15 barcode_alias=barcode15 parent_read_id=763c1489-15ae-4d6b-9def-12a448ad3478 basecall_model_version_id=dna_r10.4.1_e8.2_400bps_hac@v4.3.0 rc
892	92561097-e0c1-4aa9-8395-311db3234ad3 runid=0dfb5b492dc86ce99bf7c61c734eb364afcdb5c8 ch=39 start_time=2025-09-26T11:08:33.398161+00:00 flow_cell_id=AWX817 basecall_gpu=NVIDIA_Tegra_X2 protocol_group_id=ONT_trialEb_250925 sample_id=ONT_trail_250925 barcode=barcode24 barcode_alias=barcode24 parent_read_id=92561097-e0c1-4aa9-8395-311db3234ad3 basecall_model_version_id=dna_r10.4.1_e8.2_400bps_hac@v4.3.0
892	f7bf7d91-b55d-4c51-96f4-4031c94155e8 runid=0dfb5b492dc86ce99bf7c61c734eb364afcdb5c8 ch=44 start_time=2025-09-26T01:21:22.398161+00:00 flow_cell_id=AWX817 basecall_gpu=NVIDIA_Tegra_X2 protocol_group_id=ONT_trialEb_250925 sample_id=ONT_trail_250925 barcode=barcode14 barcode_alias=barcode14 parent_read_id=f7bf7d91-b55d-4c51-96f4-4031c94155e8 basecall_model_version_id=dna_r10.4.1_e8.2_400bps_hac@v4.3.0 rc
892	f7bf7d91-b55d-4c51-96f4-4031c94155e8 runid=0dfb5b492dc86ce99bf7c61c734eb364afcdb5c8 ch=44 start_time=2025-09-26T01:21:22.398161+00:00 flow_cell_id=AWX817 basecall_gpu=NVIDIA_Tegra_X2 protocol_group_id=ONT_trialEb_250925 sample_id=ONT_trail_250925 barcode=barcode14 barcode_alias=barcode14 parent_read_id=f7bf7d91-b55d-4c51-96f4-4031c94155e8 basecall_model_version_id=dna_r10.4.1_e8.2_400bps_hac@v4.3.0 rc
892	af34fc49-b3d9-47a4-921b-84b3ede0738a runid=0dfb5b492dc86ce99bf7c61c734eb364afcdb5c8 ch=6 start_time=2025-09-25T18:41:29.398161+00:00 flow_cell_id=AWX817 basecall_gpu=NVIDIA_Tegra_X2 protocol_group_id=ONT_trialEb_250925 sample_id=ONT_trail_250925 barcode=barcode13 barcode_alias=barcode13 parent_read_id=af34fc49-b3d9-47a4-921b-84b3ede0738a basecall_model_version_id=dna_r10.4.1_e8.2_400bps_hac@v4.3.0 rc
892	df6c6875-954e-46a2-bcb8-241cce64b5b7 runid=0dfb5b492dc86ce99bf7c61c734eb364afcdb5c8 ch=39 start_time=2025-09-25T19:54:44.398161+00:00 flow_cell_id=AWX817 basecall_gpu=NVIDIA_Tegra_X2 protocol_group_id=ONT_trialEb_250925 sample_id=ONT_trail_250925 barcode=barcode24 barcode_alias=barcode24 parent_read_id=df6c6875-954e-46a2-bcb8-241cce64b5b7 basecall_model_version_id=dna_r10.4.1_e8.2_400bps_hac@v4.3.0 rc
892	17200235-accb-49a8-bc63-29850d71310e runid=0dfb5b492dc86ce99bf7c61c734eb364afcdb5c8 ch=4 start_time=2025-09-26T04:40:57.398161+00:00 flow_cell_id=AWX817 basecall_gpu=NVIDIA_Tegra_X2 protocol_group_id=ONT_trialEb_250925 sample_id=ONT_trail_250925 barcode=barcode24 barcode_alias=barcode24 parent_read_id=17200235-accb-49a8-bc63-29850d71310e basecall_model_version_id=dna_r10.4.1_e8.2_400bps_hac@v4.3.0 rc
892	60501c12-a6a5-4c85-bd34-cd9b6d726635 runid=0dfb5b492dc86ce99bf7c61c734eb364afcdb5c8 ch=4 start_time=2025-09-26T01:28:36.398161+00:00 flow_cell_id=AWX817 basecall_gpu=NVIDIA_Tegra_X2 protocol_group_id=ONT_trialEb_250925 sample_id=ONT_trail_250925 barcode=barcode15 barcode_alias=barcode15 parent_read_id=60501c12-a6a5-4c85-bd34-cd9b6d726635 basecall_model_version_id=dna_r10.4.1_e8.2_400bps_hac@v4.3.0 rc
892	f5b5ffbf-7afb-4db5-b1ff-70d8ed6cadcb runid=0dfb5b492dc86ce99bf7c61c734eb364afcdb5c8 ch=5 start_time=2025-09-25T16:48:41.398161+00:00 flow_cell_id=AWX817 basecall_gpu=NVIDIA_Tegra_X2 protocol_group_id=ONT_trialEb_250925 sample_id=ONT_trail_250925 barcode=barcode13 barcode_alias=barcode13 parent_read_id=f5b5ffbf-7afb-4db5-b1ff-70d8ed6cadcb basecall_model_version_id=dna_r10.4.1_e8.2_400bps_hac@v4.3.0
892	783aa9e1-c349-4c0b-abe5-2e81417006e6 runid=0dfb5b492dc86ce99bf7c61c734eb364afcdb5c8 ch=20 start_time=2025-09-25T17:30:29.398161+00:00 flow_cell_id=AWX817 basecall_gpu=NVIDIA_Tegra_X2 protocol_group_id=ONT_trialEb_250925 sample_id=ONT_trail_250925 barcode=barcode24 barcode_alias=barcode24 parent_read_id=783aa9e1-c349-4c0b-abe5-2e81417006e6 basecall_model_version_id=dna_r10.4.1_e8.2_400bps_hac@v4.3.0 rc
892	fc564f8e-c00d-4102-a9fd-d263ae41640e runid=0dfb5b492dc86ce99bf7c61c734eb364afcdb5c8 ch=49 start_time=2025-09-26T09:15:13.398161+00:00 flow_cell_id=AWX817 basecall_gpu=NVIDIA_Tegra_X2 protocol_group_id=ONT_trialEb_250925 sample_id=ONT_trail_250925 barcode=barcode15 barcode_alias=barcode15 parent_read_id=fc564f8e-c00d-4102-a9fd-d263ae41640e basecall_model_version_id=dna_r10.4.1_e8.2_400bps_hac@v4.3.0 rc
892	070ee77e-43d1-4019-91f6-9429fa5992c4 runid=0dfb5b492dc86ce99bf7c61c734eb364afcdb5c8 ch=23 start_time=2025-09-25T19:20:18.398161+00:00 flow_cell_id=AWX817 basecall_gpu=NVIDIA_Tegra_X2 protocol_group_id=ONT_trialEb_250925 sample_id=ONT_trail_250925 barcode=barcode24 barcode_alias=barcode24 parent_read_id=070ee77e-43d1-4019-91f6-9429fa5992c4 basecall_model_version_id=dna_r10.4.1_e8.2_400bps_hac@v4.3.0
892	907aef5b-484e-4285-8f95-aea97f77f942 runid=0dfb5b492dc86ce99bf7c61c734eb364afcdb5c8 ch=4 start_time=2025-09-26T07:08:29.398161+00:00 flow_cell_id=AWX817 basecall_gpu=NVIDIA_Tegra_X2 protocol_group_id=ONT_trialEb_250925 sample_id=ONT_trail_250925 barcode=barcode24 barcode_alias=barcode24 parent_read_id=907aef5b-484e-4285-8f95-aea97f77f942 basecall_model_version_id=dna_r10.4.1_e8.2_400bps_hac@v4.3.0 rc
892	333df900-3576-49d1-abe7-6077e52fef77 runid=0dfb5b492dc86ce99bf7c61c734eb364afcdb5c8 ch=85 start_time=2025-09-26T00:13:41.398161+00:00 flow_cell_id=AWX817 basecall_gpu=NVIDIA_Tegra_X2 protocol_group_id=ONT_trialEb_250925 sample_id=ONT_trail_250925 barcode=barcode13 barcode_alias=barcode13 parent_read_id=1869d947-f528-4c30-aa75-8dd5b29cb7b0 basecall_model_version_id=dna_r10.4.1_e8.2_400bps_hac@v4.3.0
892	a6659533-e647-484a-a95e-6c0bc9eb19af runid=0dfb5b492dc86ce99bf7c61c734eb364afcdb5c8 ch=73 start_time=2025-09-25T19:45:01.398161+00:00 flow_cell_id=AWX817 basecall_gpu=NVIDIA_Tegra_X2 protocol_group_id=ONT_trialEb_250925 sample_id=ONT_trail_250925 barcode=barcode13 barcode_alias=barcode13 parent_read_id=a6659533-e647-484a-a95e-6c0bc9eb19af basecall_model_version_id=dna_r10.4.1_e8.2_400bps_hac@v4.3.0
892	f0b60908-6528-48a4-a365-5c68ab2113d2 runid=0dfb5b492dc86ce99bf7c61c734eb364afcdb5c8 ch=110 start_time=2025-09-25T21:39:10.398161+00:00 flow_cell_id=AWX817 basecall_gpu=NVIDIA_Tegra_X2 protocol_group_id=ONT_trialEb_250925 sample_id=ONT_trail_250925 barcode=barcode13 barcode_alias=barcode13 parent_read_id=f0b60908-6528-48a4-a365-5c68ab2113d2 basecall_model_version_id=dna_r10.4.1_e8.2_400bps_hac@v4.3.0 rc
892	906cde03-bb38-4743-9d2c-d5e25975b145 runid=0dfb5b492dc86ce99bf7c61c734eb364afcdb5c8 ch=79 start_time=2025-09-25T23:54:16.398161+00:00 flow_cell_id=AWX817 basecall_gpu=NVIDIA_Tegra_X2 protocol_group_id=ONT_trialEb_250925 sample_id=ONT_trail_250925 barcode=barcode24 barcode_alias=barcode24 parent_read_id=906cde03-bb38-4743-9d2c-d5e25975b145 basecall_model_version_id=dna_r10.4.1_e8.2_400bps_hac@v4.3.0
892	bed2b948-92f6-4d13-9959-c7d6de83b250 runid=0dfb5b492dc86ce99bf7c61c734eb364afcdb5c8 ch=44 start_time=2025-09-26T03:05:26.398161+00:00 flow_cell_id=AWX817 basecall_gpu=NVIDIA_Tegra_X2 protocol_group_id=ONT_trialEb_250925 sample_id=ONT_trail_250925 barcode=barcode24 barcode_alias=barcode24 parent_read_id=bed2b948-92f6-4d13-9959-c7d6de83b250 basecall_model_version_id=dna_r10.4.1_e8.2_400bps_hac@v4.3.0 rc
892	640e9a6b-a844-4be7-8d56-00e1b1120f54 runid=0dfb5b492dc86ce99bf7c61c734eb364afcdb5c8 ch=110 start_time=2025-09-25T16:21:58.398161+00:00 flow_cell_id=AWX817 basecall_gpu=NVIDIA_Tegra_X2 protocol_group_id=ONT_trialEb_250925 sample_id=ONT_trail_250925 barcode=barcode14 barcode_alias=barcode14 parent_read_id=640e9a6b-a844-4be7-8d56-00e1b1120f54 basecall_model_version_id=dna_r10.4.1_e8.2_400bps_hac@v4.3.0
892	7b2cde58-224f-4b45-86fa-d8be9d46ab81 runid=0dfb5b492dc86ce99bf7c61c734eb364afcdb5c8 ch=91 start_time=2025-09-25T17:51:01.398161+00:00 flow_cell_id=AWX817 basecall_gpu=NVIDIA_Tegra_X2 protocol_group_id=ONT_trialEb_250925 sample_id=ONT_trail_250925 barcode=barcode14 barcode_alias=barcode14 parent_read_id=7b2cde58-224f-4b45-86fa-d8be9d46ab81 basecall_model_version_id=dna_r10.4.1_e8.2_400bps_hac@v4.3.0
892	4d5aebd4-ea5b-4720-84cb-0ff02a5b5a83 runid=0dfb5b492dc86ce99bf7c61c734eb364afcdb5c8 ch=57 start_time=2025-09-26T10:16:48.398161+00:00 flow_cell_id=AWX817 basecall_gpu=NVIDIA_Tegra_X2 protocol_group_id=ONT_trialEb_250925 sample_id=ONT_trail_250925 barcode=barcode15 barcode_alias=barcode15 parent_read_id=4d5aebd4-ea5b-4720-84cb-0ff02a5b5a83 basecall_model_version_id=dna_r10.4.1_e8.2_400bps_hac@v4.3.0 rc
892	570e7188-825d-4bb5-aad5-49b5a741af06 runid=0dfb5b492dc86ce99bf7c61c734eb364afcdb5c8 ch=20 start_time=2025-09-25T20:39:55.398161+00:00 flow_cell_id=AWX817 basecall_gpu=NVIDIA_Tegra_X2 protocol_group_id=ONT_trialEb_250925 sample_id=ONT_trail_250925 barcode=barcode24 barcode_alias=barcode24 parent_read_id=570e7188-825d-4bb5-aad5-49b5a741af06 basecall_model_version_id=dna_r10.4.1_e8.2_400bps_hac@v4.3.0 rc
892	fd72bcff-f5b6-4fbd-a280-65289c168d39 runid=0dfb5b492dc86ce99bf7c61c734eb364afcdb5c8 ch=4 start_time=2025-09-25T16:54:26.398161+00:00 flow_cell_id=AWX817 basecall_gpu=NVIDIA_Tegra_X2 protocol_group_id=ONT_trialEb_250925 sample_id=ONT_trail_250925 barcode=barcode24 barcode_alias=barcode24 parent_read_id=fd72bcff-f5b6-4fbd-a280-65289c168d39 basecall_model_version_id=dna_r10.4.1_e8.2_400bps_hac@v4.3.0 rc
892	c80a665d-e29b-4e3b-8e66-4566e65334d5 runid=0dfb5b492dc86ce99bf7c61c734eb364afcdb5c8 ch=58 start_time=2025-09-25T18:04:00.398161+00:00 flow_cell_id=AWX817 basecall_gpu=NVIDIA_Tegra_X2 protocol_group_id=ONT_trialEb_250925 sample_id=ONT_trail_250925 barcode=barcode24 barcode_alias=barcode24 parent_read_id=c80a665d-e29b-4e3b-8e66-4566e65334d5 basecall_model_version_id=dna_r10.4.1_e8.2_400bps_hac@v4.3.0 rc
892	3fbc086f-f202-4a62-841e-0c8e240189e5 runid=0dfb5b492dc86ce99bf7c61c734eb364afcdb5c8 ch=44 start_time=2025-09-26T03:00:25.398161+00:00 flow_cell_id=AWX817 basecall_gpu=NVIDIA_Tegra_X2 protocol_group_id=ONT_trialEb_250925 sample_id=ONT_trail_250925 barcode=barcode13 barcode_alias=barcode13 parent_read_id=3fbc086f-f202-4a62-841e-0c8e240189e5 basecall_model_version_id=dna_r10.4.1_e8.2_400bps_hac@v4.3.0
892	c71b6f1d-512b-411c-a73f-4fafeab1b3d5 runid=0dfb5b492dc86ce99bf7c61c734eb364afcdb5c8 ch=67 start_time=2025-09-26T09:44:29.398161+00:00 flow_cell_id=AWX817 basecall_gpu=NVIDIA_Tegra_X2 protocol_group_id=ONT_trialEb_250925 sample_id=ONT_trail_250925 barcode=barcode13 barcode_alias=barcode13 parent_read_id=c71b6f1d-512b-411c-a73f-4fafeab1b3d5 basecall_model_version_id=dna_r10.4.1_e8.2_400bps_hac@v4.3.0 rc
892	700519ca-0f31-42db-9e34-4ed6870b696c runid=0dfb5b492dc86ce99bf7c61c734eb364afcdb5c8 ch=5 start_time=2025-09-25T21:05:47.398161+00:00 flow_cell_id=AWX817 basecall_gpu=NVIDIA_Tegra_X2 protocol_group_id=ONT_trialEb_250925 sample_id=ONT_trail_250925 barcode=barcode24 barcode_alias=barcode24 parent_read_id=700519ca-0f31-42db-9e34-4ed6870b696c basecall_model_version_id=dna_r10.4.1_e8.2_400bps_hac@v4.3.0
892	0d2c689b-d301-49ce-b172-a906265d8b66 runid=0dfb5b492dc86ce99bf7c61c734eb364afcdb5c8 ch=4 start_time=2025-09-26T07:48:07.398161+00:00 flow_cell_id=AWX817 basecall_gpu=NVIDIA_Tegra_X2 protocol_group_id=ONT_trialEb_250925 sample_id=ONT_trail_250925 barcode=barcode24 barcode_alias=barcode24 parent_read_id=0d2c689b-d301-49ce-b172-a906265d8b66 basecall_model_version_id=dna_r10.4.1_e8.2_400bps_hac@v4.3.0 rc
892	8b363926-a283-4025-9d86-18d315cf3b0a runid=0dfb5b492dc86ce99bf7c61c734eb364afcdb5c8 ch=85 start_time=2025-09-25T20:18:40.398161+00:00 flow_cell_id=AWX817 basecall_gpu=NVIDIA_Tegra_X2 protocol_group_id=ONT_trialEb_250925 sample_id=ONT_trail_250925 barcode=barcode14 barcode_alias=barcode14 parent_read_id=8b363926-a283-4025-9d86-18d315cf3b0a basecall_model_version_id=dna_r10.4.1_e8.2_400bps_hac@v4.3.0 rc
892	b5abf512-d49c-4cc9-bdb2-828a41176ad9 runid=0dfb5b492dc86ce99bf7c61c734eb364afcdb5c8 ch=77 start_time=2025-09-25T18:59:13.398161+00:00 flow_cell_id=AWX817 basecall_gpu=NVIDIA_Tegra_X2 protocol_group_id=ONT_trialEb_250925 sample_id=ONT_trail_250925 barcode=barcode13 barcode_alias=barcode13 parent_read_id=b5abf512-d49c-4cc9-bdb2-828a41176ad9 basecall_model_version_id=dna_r10.4.1_e8.2_400bps_hac@v4.3.0
892	685605e3-b83a-43f4-b72b-9d5f953896a9 runid=0dfb5b492dc86ce99bf7c61c734eb364afcdb5c8 ch=73 start_time=2025-09-25T19:44:07.398161+00:00 flow_cell_id=AWX817 basecall_gpu=NVIDIA_Tegra_X2 protocol_group_id=ONT_trialEb_250925 sample_id=ONT_trail_250925 barcode=barcode14 barcode_alias=barcode14 parent_read_id=685605e3-b83a-43f4-b72b-9d5f953896a9 basecall_model_version_id=dna_r10.4.1_e8.2_400bps_hac@v4.3.0 rc
892	6db65b7a-6b82-44b2-a5c9-b91e4de29bcd runid=0dfb5b492dc86ce99bf7c61c734eb364afcdb5c8 ch=80 start_time=2025-09-25T17:25:00.398161+00:00 flow_cell_id=AWX817 basecall_gpu=NVIDIA_Tegra_X2 protocol_group_id=ONT_trialEb_250925 sample_id=ONT_trail_250925 barcode=barcode13 barcode_alias=barcode13 parent_read_id=6db65b7a-6b82-44b2-a5c9-b91e4de29bcd basecall_model_version_id=dna_r10.4.1_e8.2_400bps_hac@v4.3.0 rc
892	61f21533-6421-40ee-9b48-aa4b580a9cca runid=0dfb5b492dc86ce99bf7c61c734eb364afcdb5c8 ch=57 start_time=2025-09-25T17:48:28.398161+00:00 flow_cell_id=AWX817 basecall_gpu=NVIDIA_Tegra_X2 protocol_group_id=ONT_trialEb_250925 sample_id=ONT_trail_250925 barcode=barcode13 barcode_alias=barcode13 parent_read_id=61f21533-6421-40ee-9b48-aa4b580a9cca basecall_model_version_id=dna_r10.4.1_e8.2_400bps_hac@v4.3.0 rc
892	7ea28bd7-8b1b-4cfe-a074-647c23d447bc runid=0dfb5b492dc86ce99bf7c61c734eb364afcdb5c8 ch=4 start_time=2025-09-26T00:59:34.398161+00:00 flow_cell_id=AWX817 basecall_gpu=NVIDIA_Tegra_X2 protocol_group_id=ONT_trialEb_250925 sample_id=ONT_trail_250925 barcode=barcode14 barcode_alias=barcode14 parent_read_id=7ea28bd7-8b1b-4cfe-a074-647c23d447bc basecall_model_version_id=dna_r10.4.1_e8.2_400bps_hac@v4.3.0 rc
892	7ea28bd7-8b1b-4cfe-a074-647c23d447bc runid=0dfb5b492dc86ce99bf7c61c734eb364afcdb5c8 ch=4 start_time=2025-09-26T00:59:34.398161+00:00 flow_cell_id=AWX817 basecall_gpu=NVIDIA_Tegra_X2 protocol_group_id=ONT_trialEb_250925 sample_id=ONT_trail_250925 barcode=barcode14 barcode_alias=barcode14 parent_read_id=7ea28bd7-8b1b-4cfe-a074-647c23d447bc basecall_model_version_id=dna_r10.4.1_e8.2_400bps_hac@v4.3.0 rc
892	493d5e33-0ab2-4fb3-9711-b08cfe169c8a runid=0dfb5b492dc86ce99bf7c61c734eb364afcdb5c8 ch=20 start_time=2025-09-25T23:24:58.398161+00:00 flow_cell_id=AWX817 basecall_gpu=NVIDIA_Tegra_X2 protocol_group_id=ONT_trialEb_250925 sample_id=ONT_trail_250925 barcode=barcode24 barcode_alias=barcode24 parent_read_id=493d5e33-0ab2-4fb3-9711-b08cfe169c8a basecall_model_version_id=dna_r10.4.1_e8.2_400bps_hac@v4.3.0
892	d7022a30-9c34-49e9-8b97-ef7232a36231 runid=0dfb5b492dc86ce99bf7c61c734eb364afcdb5c8 ch=20 start_time=2025-09-26T04:37:12.398161+00:00 flow_cell_id=AWX817 basecall_gpu=NVIDIA_Tegra_X2 protocol_group_id=ONT_trialEb_250925 sample_id=ONT_trail_250925 barcode=barcode24 barcode_alias=barcode24 parent_read_id=d7022a30-9c34-49e9-8b97-ef7232a36231 basecall_model_version_id=dna_r10.4.1_e8.2_400bps_hac@v4.3.0
892	a58e51c3-3d78-4cfa-b9f3-e67e65d8bc36 runid=0dfb5b492dc86ce99bf7c61c734eb364afcdb5c8 ch=5 start_time=2025-09-25T22:17:26.398161+00:00 flow_cell_id=AWX817 basecall_gpu=NVIDIA_Tegra_X2 protocol_group_id=ONT_trialEb_250925 sample_id=ONT_trail_250925 barcode=barcode13 barcode_alias=barcode13 parent_read_id=a58e51c3-3d78-4cfa-b9f3-e67e65d8bc36 basecall_model_version_id=dna_r10.4.1_e8.2_400bps_hac@v4.3.0 rc
892	da6512ef-93a3-48c3-bd08-d5f51a16d657 runid=0dfb5b492dc86ce99bf7c61c734eb364afcdb5c8 ch=94 start_time=2025-09-25T17:20:29.398161+00:00 flow_cell_id=AWX817 basecall_gpu=NVIDIA_Tegra_X2 protocol_group_id=ONT_trialEb_250925 sample_id=ONT_trail_250925 barcode=barcode15 barcode_alias=barcode15 parent_read_id=da6512ef-93a3-48c3-bd08-d5f51a16d657 basecall_model_version_id=dna_r10.4.1_e8.2_400bps_hac@v4.3.0 rc
892	41487698-4eb3-49db-8bce-0e9638b3c6c7 runid=0dfb5b492dc86ce99bf7c61c734eb364afcdb5c8 ch=39 start_time=2025-09-26T11:43:24.398161+00:00 flow_cell_id=AWX817 basecall_gpu=NVIDIA_Tegra_X2 protocol_group_id=ONT_trialEb_250925 sample_id=ONT_trail_250925 barcode=barcode13 barcode_alias=barcode13 parent_read_id=41487698-4eb3-49db-8bce-0e9638b3c6c7 basecall_model_version_id=dna_r10.4.1_e8.2_400bps_hac@v4.3.0
892	7b4a564b-9e4d-467a-a968-b9bbdc395989 runid=0dfb5b492dc86ce99bf7c61c734eb364afcdb5c8 ch=106 start_time=2025-09-25T17:46:50.398161+00:00 flow_cell_id=AWX817 basecall_gpu=NVIDIA_Tegra_X2 protocol_group_id=ONT_trialEb_250925 sample_id=ONT_trail_250925 barcode=barcode24 barcode_alias=barcode24 parent_read_id=7b4a564b-9e4d-467a-a968-b9bbdc395989 basecall_model_version_id=dna_r10.4.1_e8.2_400bps_hac@v4.3.0
892	fba16586-6f89-4690-913b-2be759afa8af runid=0dfb5b492dc86ce99bf7c61c734eb364afcdb5c8 ch=80 start_time=2025-09-25T19:04:10.398161+00:00 flow_cell_id=AWX817 basecall_gpu=NVIDIA_Tegra_X2 protocol_group_id=ONT_trialEb_250925 sample_id=ONT_trail_250925 barcode=barcode24 barcode_alias=barcode24 parent_read_id=fba16586-6f89-4690-913b-2be759afa8af basecall_model_version_id=dna_r10.4.1_e8.2_400bps_hac@v4.3.0 rc
892	774a1211-5a56-430b-98b1-b6917e4b0529 runid=0dfb5b492dc86ce99bf7c61c734eb364afcdb5c8 ch=57 start_time=2025-09-26T09:49:53.398161+00:00 flow_cell_id=AWX817 basecall_gpu=NVIDIA_Tegra_X2 protocol_group_id=ONT_trialEb_250925 sample_id=ONT_trail_250925 barcode=barcode14 barcode_alias=barcode14 parent_read_id=774a1211-5a56-430b-98b1-b6917e4b0529 basecall_model_version_id=dna_r10.4.1_e8.2_400bps_hac@v4.3.0 rc
892	2954de80-94da-497d-a05b-df3132317840 runid=0dfb5b492dc86ce99bf7c61c734eb364afcdb5c8 ch=5 start_time=2025-09-25T17:55:37.398161+00:00 flow_cell_id=AWX817 basecall_gpu=NVIDIA_Tegra_X2 protocol_group_id=ONT_trialEb_250925 sample_id=ONT_trail_250925 barcode=barcode24 barcode_alias=barcode24 parent_read_id=2954de80-94da-497d-a05b-df3132317840 basecall_model_version_id=dna_r10.4.1_e8.2_400bps_hac@v4.3.0 rc
892	c9410647-9be7-4f45-83a7-932d384ab5a0 runid=0dfb5b492dc86ce99bf7c61c734eb364afcdb5c8 ch=4 start_time=2025-09-25T20:42:32.398161+00:00 flow_cell_id=AWX817 basecall_gpu=NVIDIA_Tegra_X2 protocol_group_id=ONT_trialEb_250925 sample_id=ONT_trail_250925 barcode=barcode14 barcode_alias=barcode14 parent_read_id=c9410647-9be7-4f45-83a7-932d384ab5a0 basecall_model_version_id=dna_r10.4.1_e8.2_400bps_hac@v4.3.0 rc
892	c9410647-9be7-4f45-83a7-932d384ab5a0 runid=0dfb5b492dc86ce99bf7c61c734eb364afcdb5c8 ch=4 start_time=2025-09-25T20:42:32.398161+00:00 flow_cell_id=AWX817 basecall_gpu=NVIDIA_Tegra_X2 protocol_group_id=ONT_trialEb_250925 sample_id=ONT_trail_250925 barcode=barcode14 barcode_alias=barcode14 parent_read_id=c9410647-9be7-4f45-83a7-932d384ab5a0 basecall_model_version_id=dna_r10.4.1_e8.2_400bps_hac@v4.3.0 rc
892	c1d88b3d-99d7-4346-885f-eeb965e1c688 runid=0dfb5b492dc86ce99bf7c61c734eb364afcdb5c8 ch=20 start_time=2025-09-26T06:03:20.398161+00:00 flow_cell_id=AWX817 basecall_gpu=NVIDIA_Tegra_X2 protocol_group_id=ONT_trialEb_250925 sample_id=ONT_trail_250925 barcode=barcode14 barcode_alias=barcode14 parent_read_id=c1d88b3d-99d7-4346-885f-eeb965e1c688 basecall_model_version_id=dna_r10.4.1_e8.2_400bps_hac@v4.3.0 rc
892	c1d88b3d-99d7-4346-885f-eeb965e1c688 runid=0dfb5b492dc86ce99bf7c61c734eb364afcdb5c8 ch=20 start_time=2025-09-26T06:03:20.398161+00:00 flow_cell_id=AWX817 basecall_gpu=NVIDIA_Tegra_X2 protocol_group_id=ONT_trialEb_250925 sample_id=ONT_trail_250925 barcode=barcode14 barcode_alias=barcode14 parent_read_id=c1d88b3d-99d7-4346-885f-eeb965e1c688 basecall_model_version_id=dna_r10.4.1_e8.2_400bps_hac@v4.3.0 rc
892	8f8d98b0-b5bc-4754-b777-fad67b49975d runid=0dfb5b492dc86ce99bf7c61c734eb364afcdb5c8 ch=49 start_time=2025-09-25T17:24:21.398161+00:00 flow_cell_id=AWX817 basecall_gpu=NVIDIA_Tegra_X2 protocol_group_id=ONT_trialEb_250925 sample_id=ONT_trail_250925 barcode=barcode14 barcode_alias=barcode14 parent_read_id=8f8d98b0-b5bc-4754-b777-fad67b49975d basecall_model_version_id=dna_r10.4.1_e8.2_400bps_hac@v4.3.0
892	e970f534-0934-4c59-87a0-5bb8dbc99113 runid=0dfb5b492dc86ce99bf7c61c734eb364afcdb5c8 ch=40 start_time=2025-09-25T18:17:06.398161+00:00 flow_cell_id=AWX817 basecall_gpu=NVIDIA_Tegra_X2 protocol_group_id=ONT_trialEb_250925 sample_id=ONT_trail_250925 barcode=barcode14 barcode_alias=barcode14 parent_read_id=e970f534-0934-4c59-87a0-5bb8dbc99113 basecall_model_version_id=dna_r10.4.1_e8.2_400bps_hac@v4.3.0
892	79e9e6fb-65a2-49eb-8fe2-b3c8bd4ee7a6 runid=0dfb5b492dc86ce99bf7c61c734eb364afcdb5c8 ch=93 start_time=2025-09-25T17:50:52.398161+00:00 flow_cell_id=AWX817 basecall_gpu=NVIDIA_Tegra_X2 protocol_group_id=ONT_trialEb_250925 sample_id=ONT_trail_250925 barcode=barcode24 barcode_alias=barcode24 parent_read_id=79e9e6fb-65a2-49eb-8fe2-b3c8bd4ee7a6 basecall_model_version_id=dna_r10.4.1_e8.2_400bps_hac@v4.3.0 rc
892	15ac38f6-8274-490f-afbb-4432f7c2bdbd runid=0dfb5b492dc86ce99bf7c61c734eb364afcdb5c8 ch=10 start_time=2025-09-25T17:11:03.398161+00:00 flow_cell_id=AWX817 basecall_gpu=NVIDIA_Tegra_X2 protocol_group_id=ONT_trialEb_250925 sample_id=ONT_trail_250925 barcode=barcode15 barcode_alias=barcode15 parent_read_id=15ac38f6-8274-490f-afbb-4432f7c2bdbd basecall_model_version_id=dna_r10.4.1_e8.2_400bps_hac@v4.3.0
892	b2bf1493-a801-4192-8b1c-274379301c18 runid=0dfb5b492dc86ce99bf7c61c734eb364afcdb5c8 ch=20 start_time=2025-09-25T17:13:52.398161+00:00 flow_cell_id=AWX817 basecall_gpu=NVIDIA_Tegra_X2 protocol_group_id=ONT_trialEb_250925 sample_id=ONT_trail_250925 barcode=barcode13 barcode_alias=barcode13 parent_read_id=b2bf1493-a801-4192-8b1c-274379301c18 basecall_model_version_id=dna_r10.4.1_e8.2_400bps_hac@v4.3.0
892	762c22af-6b05-4b61-8ece-203a5886f99f runid=0dfb5b492dc86ce99bf7c61c734eb364afcdb5c8 ch=43 start_time=2025-09-25T19:09:10.398161+00:00 flow_cell_id=AWX817 basecall_gpu=NVIDIA_Tegra_X2 protocol_group_id=ONT_trialEb_250925 sample_id=ONT_trail_250925 barcode=barcode24 barcode_alias=barcode24 parent_read_id=762c22af-6b05-4b61-8ece-203a5886f99f basecall_model_version_id=dna_r10.4.1_e8.2_400bps_hac@v4.3.0 rc
892	e793f91b-a8d0-49fb-859e-77fb6b1d658d runid=0dfb5b492dc86ce99bf7c61c734eb364afcdb5c8 ch=39 start_time=2025-09-25T17:50:07.398161+00:00 flow_cell_id=AWX817 basecall_gpu=NVIDIA_Tegra_X2 protocol_group_id=ONT_trialEb_250925 sample_id=ONT_trail_250925 barcode=barcode14 barcode_alias=barcode14 parent_read_id=e793f91b-a8d0-49fb-859e-77fb6b1d658d basecall_model_version_id=dna_r10.4.1_e8.2_400bps_hac@v4.3.0
892	bf6f7fae-7657-45a2-9137-7b6670136f38 runid=0dfb5b492dc86ce99bf7c61c734eb364afcdb5c8 ch=20 start_time=2025-09-25T21:42:57.398161+00:00 flow_cell_id=AWX817 basecall_gpu=NVIDIA_Tegra_X2 protocol_group_id=ONT_trialEb_250925 sample_id=ONT_trail_250925 barcode=barcode15 barcode_alias=barcode15 parent_read_id=bf6f7fae-7657-45a2-9137-7b6670136f38 basecall_model_version_id=dna_r10.4.1_e8.2_400bps_hac@v4.3.0 rc
892	62f0d98e-12dd-4dd2-a94b-063f8b5102fc runid=0dfb5b492dc86ce99bf7c61c734eb364afcdb5c8 ch=6 start_time=2025-09-25T18:40:48.398161+00:00 flow_cell_id=AWX817 basecall_gpu=NVIDIA_Tegra_X2 protocol_group_id=ONT_trialEb_250925 sample_id=ONT_trail_250925 barcode=barcode15 barcode_alias=barcode15 parent_read_id=62f0d98e-12dd-4dd2-a94b-063f8b5102fc basecall_model_version_id=dna_r10.4.1_e8.2_400bps_hac@v4.3.0 rc
892	423082cf-97d4-4abc-b30a-36ae44b86b3d runid=0dfb5b492dc86ce99bf7c61c734eb364afcdb5c8 ch=56 start_time=2025-09-25T17:00:08.398161+00:00 flow_cell_id=AWX817 basecall_gpu=NVIDIA_Tegra_X2 protocol_group_id=ONT_trialEb_250925 sample_id=ONT_trail_250925 barcode=barcode24 barcode_alias=barcode24 parent_read_id=423082cf-97d4-4abc-b30a-36ae44b86b3d basecall_model_version_id=dna_r10.4.1_e8.2_400bps_hac@v4.3.0
892	2ac45fcc-8150-4b72-b9ab-e9e9b25707c4 runid=0dfb5b492dc86ce99bf7c61c734eb364afcdb5c8 ch=58 start_time=2025-09-25T20:16:30.398161+00:00 flow_cell_id=AWX817 basecall_gpu=NVIDIA_Tegra_X2 protocol_group_id=ONT_trialEb_250925 sample_id=ONT_trail_250925 barcode=barcode13 barcode_alias=barcode13 parent_read_id=2ac45fcc-8150-4b72-b9ab-e9e9b25707c4 basecall_model_version_id=dna_r10.4.1_e8.2_400bps_hac@v4.3.0 rc
892	6c81c8c0-9967-490d-8904-96b023feb822 runid=0dfb5b492dc86ce99bf7c61c734eb364afcdb5c8 ch=106 start_time=2025-09-25T16:55:26.398161+00:00 flow_cell_id=AWX817 basecall_gpu=NVIDIA_Tegra_X2 protocol_group_id=ONT_trialEb_250925 sample_id=ONT_trail_250925 barcode=barcode13 barcode_alias=barcode13 parent_read_id=6c81c8c0-9967-490d-8904-96b023feb822 basecall_model_version_id=dna_r10.4.1_e8.2_400bps_hac@v4.3.0
892	b175c722-0dfc-4121-b950-cd7c906322ce runid=0dfb5b492dc86ce99bf7c61c734eb364afcdb5c8 ch=20 start_time=2025-09-26T03:32:42.398161+00:00 flow_cell_id=AWX817 basecall_gpu=NVIDIA_Tegra_X2 protocol_group_id=ONT_trialEb_250925 sample_id=ONT_trail_250925 barcode=barcode13 barcode_alias=barcode13 parent_read_id=b175c722-0dfc-4121-b950-cd7c906322ce basecall_model_version_id=dna_r10.4.1_e8.2_400bps_hac@v4.3.0
892	60417214-7364-4cce-977a-df1ed4502618 runid=0dfb5b492dc86ce99bf7c61c734eb364afcdb5c8 ch=77 start_time=2025-09-25T23:50:39.398161+00:00 flow_cell_id=AWX817 basecall_gpu=NVIDIA_Tegra_X2 protocol_group_id=ONT_trialEb_250925 sample_id=ONT_trail_250925 barcode=barcode14 barcode_alias=barcode14 parent_read_id=60417214-7364-4cce-977a-df1ed4502618 basecall_model_version_id=dna_r10.4.1_e8.2_400bps_hac@v4.3.0 rc
892	84fe6b03-72fd-4f3c-bedc-90e21ede06b5 runid=0dfb5b492dc86ce99bf7c61c734eb364afcdb5c8 ch=4 start_time=2025-09-25T19:33:37.398161+00:00 flow_cell_id=AWX817 basecall_gpu=NVIDIA_Tegra_X2 protocol_group_id=ONT_trialEb_250925 sample_id=ONT_trail_250925 barcode=barcode15 barcode_alias=barcode15 parent_read_id=84fe6b03-72fd-4f3c-bedc-90e21ede06b5 basecall_model_version_id=dna_r10.4.1_e8.2_400bps_hac@v4.3.0
892	42b2d907-d4d6-4677-a366-17b119b1cb7e runid=0dfb5b492dc86ce99bf7c61c734eb364afcdb5c8 ch=106 start_time=2025-09-25T15:53:01.398161+00:00 flow_cell_id=AWX817 basecall_gpu=NVIDIA_Tegra_X2 protocol_group_id=ONT_trialEb_250925 sample_id=ONT_trail_250925 barcode=barcode24 barcode_alias=barcode24 parent_read_id=42b2d907-d4d6-4677-a366-17b119b1cb7e basecall_model_version_id=dna_r10.4.1_e8.2_400bps_hac@v4.3.0 rc
892	75aa48bd-f737-4d49-9a41-a38f8af3d454 runid=0dfb5b492dc86ce99bf7c61c734eb364afcdb5c8 ch=110 start_time=2025-09-25T18:39:12.398161+00:00 flow_cell_id=AWX817 basecall_gpu=NVIDIA_Tegra_X2 protocol_group_id=ONT_trialEb_250925 sample_id=ONT_trail_250925 barcode=barcode15 barcode_alias=barcode15 parent_read_id=75aa48bd-f737-4d49-9a41-a38f8af3d454 basecall_model_version_id=dna_r10.4.1_e8.2_400bps_hac@v4.3.0
892	873bc729-b524-4ddb-8ac0-a112a9dfbb31 runid=0dfb5b492dc86ce99bf7c61c734eb364afcdb5c8 ch=108 start_time=2025-09-25T16:38:40.398161+00:00 flow_cell_id=AWX817 basecall_gpu=NVIDIA_Tegra_X2 protocol_group_id=ONT_trialEb_250925 sample_id=ONT_trail_250925 barcode=barcode24 barcode_alias=barcode24 parent_read_id=873bc729-b524-4ddb-8ac0-a112a9dfbb31 basecall_model_version_id=dna_r10.4.1_e8.2_400bps_hac@v4.3.0 rc
892	71c997ab-e0c6-4433-9cd9-fd61fb8e930d runid=0dfb5b492dc86ce99bf7c61c734eb364afcdb5c8 ch=49 start_time=2025-09-25T17:32:12.398161+00:00 flow_cell_id=AWX817 basecall_gpu=NVIDIA_Tegra_X2 protocol_group_id=ONT_trialEb_250925 sample_id=ONT_trail_250925 barcode=barcode13 barcode_alias=barcode13 parent_read_id=71c997ab-e0c6-4433-9cd9-fd61fb8e930d basecall_model_version_id=dna_r10.4.1_e8.2_400bps_hac@v4.3.0
892	11f7f94e-3030-4ae9-8fe3-95088bd4d433 runid=0dfb5b492dc86ce99bf7c61c734eb364afcdb5c8 ch=43 start_time=2025-09-25T16:24:50.398161+00:00 flow_cell_id=AWX817 basecall_gpu=NVIDIA_Tegra_X2 protocol_group_id=ONT_trialEb_250925 sample_id=ONT_trail_250925 barcode=barcode15 barcode_alias=barcode15 parent_read_id=11f7f94e-3030-4ae9-8fe3-95088bd4d433 basecall_model_version_id=dna_r10.4.1_e8.2_400bps_hac@v4.3.0 rc
892	ab96f17d-1f0a-45a9-825e-e78763ecd7ec runid=0dfb5b492dc86ce99bf7c61c734eb364afcdb5c8 ch=91 start_time=2025-09-25T17:27:47.398161+00:00 flow_cell_id=AWX817 basecall_gpu=NVIDIA_Tegra_X2 protocol_group_id=ONT_trialEb_250925 sample_id=ONT_trail_250925 barcode=barcode24 barcode_alias=barcode24 parent_read_id=ab96f17d-1f0a-45a9-825e-e78763ecd7ec basecall_model_version_id=dna_r10.4.1_e8.2_400bps_hac@v4.3.0
892	6e000622-407a-44c8-8923-323e721a741b runid=0dfb5b492dc86ce99bf7c61c734eb364afcdb5c8 ch=20 start_time=2025-09-25T16:19:49.398161+00:00 flow_cell_id=AWX817 basecall_gpu=NVIDIA_Tegra_X2 protocol_group_id=ONT_trialEb_250925 sample_id=ONT_trail_250925 barcode=barcode13 barcode_alias=barcode13 parent_read_id=6e000622-407a-44c8-8923-323e721a741b basecall_model_version_id=dna_r10.4.1_e8.2_400bps_hac@v4.3.0
892	480c4ef4-4847-4898-80ad-6048d666e68b runid=0dfb5b492dc86ce99bf7c61c734eb364afcdb5c8 ch=4 start_time=2025-09-26T06:54:48.398161+00:00 flow_cell_id=AWX817 basecall_gpu=NVIDIA_Tegra_X2 protocol_group_id=ONT_trialEb_250925 sample_id=ONT_trail_250925 barcode=barcode24 barcode_alias=barcode24 parent_read_id=480c4ef4-4847-4898-80ad-6048d666e68b basecall_model_version_id=dna_r10.4.1_e8.2_400bps_hac@v4.3.0 rc
892	7a587857-43a2-47f7-94eb-b5d5bb10bb27 runid=0dfb5b492dc86ce99bf7c61c734eb364afcdb5c8 ch=118 start_time=2025-09-26T02:10:16.398161+00:00 flow_cell_id=AWX817 basecall_gpu=NVIDIA_Tegra_X2 protocol_group_id=ONT_trialEb_250925 sample_id=ONT_trail_250925 barcode=barcode24 barcode_alias=barcode24 parent_read_id=7a587857-43a2-47f7-94eb-b5d5bb10bb27 basecall_model_version_id=dna_r10.4.1_e8.2_400bps_hac@v4.3.0 rc
892	7e0fdbe6-259f-4016-a758-fbaeae6a2011 runid=0dfb5b492dc86ce99bf7c61c734eb364afcdb5c8 ch=42 start_time=2025-09-25T19:36:37.398161+00:00 flow_cell_id=AWX817 basecall_gpu=NVIDIA_Tegra_X2 protocol_group_id=ONT_trialEb_250925 sample_id=ONT_trail_250925 barcode=barcode15 barcode_alias=barcode15 parent_read_id=7e0fdbe6-259f-4016-a758-fbaeae6a2011 basecall_model_version_id=dna_r10.4.1_e8.2_400bps_hac@v4.3.0
892	e8535de0-2f56-43d5-97a9-ee54aefad51a runid=0dfb5b492dc86ce99bf7c61c734eb364afcdb5c8 ch=20 start_time=2025-09-26T04:47:34.398161+00:00 flow_cell_id=AWX817 basecall_gpu=NVIDIA_Tegra_X2 protocol_group_id=ONT_trialEb_250925 sample_id=ONT_trail_250925 barcode=barcode14 barcode_alias=barcode14 parent_read_id=e8535de0-2f56-43d5-97a9-ee54aefad51a basecall_model_version_id=dna_r10.4.1_e8.2_400bps_hac@v4.3.0 rc
892	65cdc21a-3e9c-4287-9c05-739a3aed013b runid=0dfb5b492dc86ce99bf7c61c734eb364afcdb5c8 ch=10 start_time=2025-09-26T03:45:33.398161+00:00 flow_cell_id=AWX817 basecall_gpu=NVIDIA_Tegra_X2 protocol_group_id=ONT_trialEb_250925 sample_id=ONT_trail_250925 barcode=barcode15 barcode_alias=barcode15 parent_read_id=65cdc21a-3e9c-4287-9c05-739a3aed013b basecall_model_version_id=dna_r10.4.1_e8.2_400bps_hac@v4.3.0
892	8e0c97bc-655f-4797-88a4-d5d34a4307f7 runid=0dfb5b492dc86ce99bf7c61c734eb364afcdb5c8 ch=42 start_time=2025-09-26T04:12:20.398161+00:00 flow_cell_id=AWX817 basecall_gpu=NVIDIA_Tegra_X2 protocol_group_id=ONT_trialEb_250925 sample_id=ONT_trail_250925 barcode=barcode24 barcode_alias=barcode24 parent_read_id=bcf3e92c-285e-4ea5-b619-36250e187e9d basecall_model_version_id=dna_r10.4.1_e8.2_400bps_hac@v4.3.0
892	84d1102d-7678-441f-b457-4c0ffd6b5e77 runid=0dfb5b492dc86ce99bf7c61c734eb364afcdb5c8 ch=94 start_time=2025-09-25T17:02:58.398161+00:00 flow_cell_id=AWX817 basecall_gpu=NVIDIA_Tegra_X2 protocol_group_id=ONT_trialEb_250925 sample_id=ONT_trail_250925 barcode=barcode15 barcode_alias=barcode15 parent_read_id=84d1102d-7678-441f-b457-4c0ffd6b5e77 basecall_model_version_id=dna_r10.4.1_e8.2_400bps_hac@v4.3.0 rc
892	881f184a-62fd-4abe-bc1c-64fb54903809 runid=0dfb5b492dc86ce99bf7c61c734eb364afcdb5c8 ch=85 start_time=2025-09-26T02:32:26.398161+00:00 flow_cell_id=AWX817 basecall_gpu=NVIDIA_Tegra_X2 protocol_group_id=ONT_trialEb_250925 sample_id=ONT_trail_250925 barcode=barcode14 barcode_alias=barcode14 parent_read_id=881f184a-62fd-4abe-bc1c-64fb54903809 basecall_model_version_id=dna_r10.4.1_e8.2_400bps_hac@v4.3.0 rc
892	881f184a-62fd-4abe-bc1c-64fb54903809 runid=0dfb5b492dc86ce99bf7c61c734eb364afcdb5c8 ch=85 start_time=2025-09-26T02:32:26.398161+00:00 flow_cell_id=AWX817 basecall_gpu=NVIDIA_Tegra_X2 protocol_group_id=ONT_trialEb_250925 sample_id=ONT_trail_250925 barcode=barcode14 barcode_alias=barcode14 parent_read_id=881f184a-62fd-4abe-bc1c-64fb54903809 basecall_model_version_id=dna_r10.4.1_e8.2_400bps_hac@v4.3.0 rc
892	0d6d1f27-1a94-43b2-87c1-560322cdd853 runid=0dfb5b492dc86ce99bf7c61c734eb364afcdb5c8 ch=91 start_time=2025-09-25T18:01:45.398161+00:00 flow_cell_id=AWX817 basecall_gpu=NVIDIA_Tegra_X2 protocol_group_id=ONT_trialEb_250925 sample_id=ONT_trail_250925 barcode=barcode24 barcode_alias=barcode24 parent_read_id=0d6d1f27-1a94-43b2-87c1-560322cdd853 basecall_model_version_id=dna_r10.4.1_e8.2_400bps_hac@v4.3.0
892	4b322895-c417-46fa-bea8-ab38f804c330 runid=0dfb5b492dc86ce99bf7c61c734eb364afcdb5c8 ch=5 start_time=2025-09-25T21:45:42.398161+00:00 flow_cell_id=AWX817 basecall_gpu=NVIDIA_Tegra_X2 protocol_group_id=ONT_trialEb_250925 sample_id=ONT_trail_250925 barcode=barcode14 barcode_alias=barcode14 parent_read_id=b85a8f1c-3ba0-4743-89ff-a53ae2365fb1 basecall_model_version_id=dna_r10.4.1_e8.2_400bps_hac@v4.3.0
892	acb3b53f-4db5-47d7-89a6-bb52407affe0 runid=0dfb5b492dc86ce99bf7c61c734eb364afcdb5c8 ch=41 start_time=2025-09-25T22:18:52.398161+00:00 flow_cell_id=AWX817 basecall_gpu=NVIDIA_Tegra_X2 protocol_group_id=ONT_trialEb_250925 sample_id=ONT_trail_250925 barcode=barcode14 barcode_alias=barcode14 parent_read_id=acb3b53f-4db5-47d7-89a6-bb52407affe0 basecall_model_version_id=dna_r10.4.1_e8.2_400bps_hac@v4.3.0 rc
892	d1d274c5-0388-4308-80cc-b2114305fdca runid=0dfb5b492dc86ce99bf7c61c734eb364afcdb5c8 ch=58 start_time=2025-09-25T19:44:13.398161+00:00 flow_cell_id=AWX817 basecall_gpu=NVIDIA_Tegra_X2 protocol_group_id=ONT_trialEb_250925 sample_id=ONT_trail_250925 barcode=barcode13 barcode_alias=barcode13 parent_read_id=d1d274c5-0388-4308-80cc-b2114305fdca basecall_model_version_id=dna_r10.4.1_e8.2_400bps_hac@v4.3.0
892	296c5999-56a8-42eb-b160-1af526cb658d runid=0dfb5b492dc86ce99bf7c61c734eb364afcdb5c8 ch=5 start_time=2025-09-25T20:03:36.398161+00:00 flow_cell_id=AWX817 basecall_gpu=NVIDIA_Tegra_X2 protocol_group_id=ONT_trialEb_250925 sample_id=ONT_trail_250925 barcode=barcode24 barcode_alias=barcode24 parent_read_id=296c5999-56a8-42eb-b160-1af526cb658d basecall_model_version_id=dna_r10.4.1_e8.2_400bps_hac@v4.3.0
892	fb9560f9-c531-4637-ae5a-a95282f0c555 runid=0dfb5b492dc86ce99bf7c61c734eb364afcdb5c8 ch=5 start_time=2025-09-25T19:41:38.398161+00:00 flow_cell_id=AWX817 basecall_gpu=NVIDIA_Tegra_X2 protocol_group_id=ONT_trialEb_250925 sample_id=ONT_trail_250925 barcode=barcode24 barcode_alias=barcode24 parent_read_id=fb9560f9-c531-4637-ae5a-a95282f0c555 basecall_model_version_id=dna_r10.4.1_e8.2_400bps_hac@v4.3.0 rc
892	61faba0c-f6d0-4772-8ba8-5cfee614e068 runid=0dfb5b492dc86ce99bf7c61c734eb364afcdb5c8 ch=39 start_time=2025-09-26T01:46:59.398161+00:00 flow_cell_id=AWX817 basecall_gpu=NVIDIA_Tegra_X2 protocol_group_id=ONT_trialEb_250925 sample_id=ONT_trail_250925 barcode=barcode15 barcode_alias=barcode15 parent_read_id=61faba0c-f6d0-4772-8ba8-5cfee614e068 basecall_model_version_id=dna_r10.4.1_e8.2_400bps_hac@v4.3.0
892	338654d7-9632-4e2f-85e4-d120a1203aff runid=0dfb5b492dc86ce99bf7c61c734eb364afcdb5c8 ch=106 start_time=2025-09-25T19:53:04.398161+00:00 flow_cell_id=AWX817 basecall_gpu=NVIDIA_Tegra_X2 protocol_group_id=ONT_trialEb_250925 sample_id=ONT_trail_250925 barcode=barcode14 barcode_alias=barcode14 parent_read_id=338654d7-9632-4e2f-85e4-d120a1203aff basecall_model_version_id=dna_r10.4.1_e8.2_400bps_hac@v4.3.0 rc
892	d50bb3ff-f04a-4b27-b987-11e7675de6b5 runid=0dfb5b492dc86ce99bf7c61c734eb364afcdb5c8 ch=118 start_time=2025-09-26T06:29:48.398161+00:00 flow_cell_id=AWX817 basecall_gpu=NVIDIA_Tegra_X2 protocol_group_id=ONT_trialEb_250925 sample_id=ONT_trail_250925 barcode=barcode13 barcode_alias=barcode13 parent_read_id=d50bb3ff-f04a-4b27-b987-11e7675de6b5 basecall_model_version_id=dna_r10.4.1_e8.2_400bps_hac@v4.3.0 rc
892	682c12ab-932a-413a-9330-e4cf26142193 runid=0dfb5b492dc86ce99bf7c61c734eb364afcdb5c8 ch=44 start_time=2025-09-26T01:36:04.398161+00:00 flow_cell_id=AWX817 basecall_gpu=NVIDIA_Tegra_X2 protocol_group_id=ONT_trialEb_250925 sample_id=ONT_trail_250925 barcode=barcode13 barcode_alias=barcode13 parent_read_id=682c12ab-932a-413a-9330-e4cf26142193 basecall_model_version_id=dna_r10.4.1_e8.2_400bps_hac@v4.3.0 rc
892	2715d4a4-cbb6-4dd4-af41-1e7c822ac572 runid=0dfb5b492dc86ce99bf7c61c734eb364afcdb5c8 ch=55 start_time=2025-09-25T16:45:37.398161+00:00 flow_cell_id=AWX817 basecall_gpu=NVIDIA_Tegra_X2 protocol_group_id=ONT_trialEb_250925 sample_id=ONT_trail_250925 barcode=barcode24 barcode_alias=barcode24 parent_read_id=2715d4a4-cbb6-4dd4-af41-1e7c822ac572 basecall_model_version_id=dna_r10.4.1_e8.2_400bps_hac@v4.3.0 rc
892	4a0a7003-b7d9-4465-b9e9-fe5eb7afa669 runid=0dfb5b492dc86ce99bf7c61c734eb364afcdb5c8 ch=4 start_time=2025-09-26T05:06:09.398161+00:00 flow_cell_id=AWX817 basecall_gpu=NVIDIA_Tegra_X2 protocol_group_id=ONT_trialEb_250925 sample_id=ONT_trail_250925 barcode=barcode14 barcode_alias=barcode14 parent_read_id=4a0a7003-b7d9-4465-b9e9-fe5eb7afa669 basecall_model_version_id=dna_r10.4.1_e8.2_400bps_hac@v4.3.0 rc
892	f0e0e0d7-bd60-4aa5-9b69-651197d89a0a runid=0dfb5b492dc86ce99bf7c61c734eb364afcdb5c8 ch=20 start_time=2025-09-25T22:44:11.398161+00:00 flow_cell_id=AWX817 basecall_gpu=NVIDIA_Tegra_X2 protocol_group_id=ONT_trialEb_250925 sample_id=ONT_trail_250925 barcode=barcode13 barcode_alias=barcode13 parent_read_id=f0e0e0d7-bd60-4aa5-9b69-651197d89a0a basecall_model_version_id=dna_r10.4.1_e8.2_400bps_hac@v4.3.0
892	7205b7bd-1162-4dba-a80e-762e8cd1fb3f runid=0dfb5b492dc86ce99bf7c61c734eb364afcdb5c8 ch=20 start_time=2025-09-25T21:31:32.398161+00:00 flow_cell_id=AWX817 basecall_gpu=NVIDIA_Tegra_X2 protocol_group_id=ONT_trialEb_250925 sample_id=ONT_trail_250925 barcode=barcode14 barcode_alias=barcode14 parent_read_id=7205b7bd-1162-4dba-a80e-762e8cd1fb3f basecall_model_version_id=dna_r10.4.1_e8.2_400bps_hac@v4.3.0 rc
892	7205b7bd-1162-4dba-a80e-762e8cd1fb3f runid=0dfb5b492dc86ce99bf7c61c734eb364afcdb5c8 ch=20 start_time=2025-09-25T21:31:32.398161+00:00 flow_cell_id=AWX817 basecall_gpu=NVIDIA_Tegra_X2 protocol_group_id=ONT_trialEb_250925 sample_id=ONT_trail_250925 barcode=barcode14 barcode_alias=barcode14 parent_read_id=7205b7bd-1162-4dba-a80e-762e8cd1fb3f basecall_model_version_id=dna_r10.4.1_e8.2_400bps_hac@v4.3.0 rc
892	762e44f2-2867-4cd9-a6fc-82515e2b807d runid=0dfb5b492dc86ce99bf7c61c734eb364afcdb5c8 ch=80 start_time=2025-09-25T21:28:10.398161+00:00 flow_cell_id=AWX817 basecall_gpu=NVIDIA_Tegra_X2 protocol_group_id=ONT_trialEb_250925 sample_id=ONT_trail_250925 barcode=barcode24 barcode_alias=barcode24 parent_read_id=762e44f2-2867-4cd9-a6fc-82515e2b807d basecall_model_version_id=dna_r10.4.1_e8.2_400bps_hac@v4.3.0 rc
892	79bff979-ebd6-4ebb-8941-b8c74bfac1d8 runid=0dfb5b492dc86ce99bf7c61c734eb364afcdb5c8 ch=118 start_time=2025-09-25T19:47:26.398161+00:00 flow_cell_id=AWX817 basecall_gpu=NVIDIA_Tegra_X2 protocol_group_id=ONT_trialEb_250925 sample_id=ONT_trail_250925 barcode=barcode24 barcode_alias=barcode24 parent_read_id=79bff979-ebd6-4ebb-8941-b8c74bfac1d8 basecall_model_version_id=dna_r10.4.1_e8.2_400bps_hac@v4.3.0 rc
892	babb6a64-56df-4898-8529-3e545b0f51dd runid=0dfb5b492dc86ce99bf7c61c734eb364afcdb5c8 ch=118 start_time=2025-09-25T20:36:15.398161+00:00 flow_cell_id=AWX817 basecall_gpu=NVIDIA_Tegra_X2 protocol_group_id=ONT_trialEb_250925 sample_id=ONT_trail_250925 barcode=barcode15 barcode_alias=barcode15 parent_read_id=babb6a64-56df-4898-8529-3e545b0f51dd basecall_model_version_id=dna_r10.4.1_e8.2_400bps_hac@v4.3.0
892	30c5ccf8-cd43-4df0-88ba-e8f186afebe5 runid=0dfb5b492dc86ce99bf7c61c734eb364afcdb5c8 ch=106 start_time=2025-09-25T16:35:45.398161+00:00 flow_cell_id=AWX817 basecall_gpu=NVIDIA_Tegra_X2 protocol_group_id=ONT_trialEb_250925 sample_id=ONT_trail_250925 barcode=barcode14 barcode_alias=barcode14 parent_read_id=30c5ccf8-cd43-4df0-88ba-e8f186afebe5 basecall_model_version_id=dna_r10.4.1_e8.2_400bps_hac@v4.3.0 rc
892	97c57564-e519-4369-a344-2b0de4c62c62 runid=0dfb5b492dc86ce99bf7c61c734eb364afcdb5c8 ch=96 start_time=2025-09-26T02:17:21.398161+00:00 flow_cell_id=AWX817 basecall_gpu=NVIDIA_Tegra_X2 protocol_group_id=ONT_trialEb_250925 sample_id=ONT_trail_250925 barcode=barcode15 barcode_alias=barcode15 parent_read_id=97c57564-e519-4369-a344-2b0de4c62c62 basecall_model_version_id=dna_r10.4.1_e8.2_400bps_hac@v4.3.0 rc
892	98728fd2-bc49-4eb1-91e1-22f565369869 runid=0dfb5b492dc86ce99bf7c61c734eb364afcdb5c8 ch=73 start_time=2025-09-25T19:58:53.398161+00:00 flow_cell_id=AWX817 basecall_gpu=NVIDIA_Tegra_X2 protocol_group_id=ONT_trialEb_250925 sample_id=ONT_trail_250925 barcode=barcode24 barcode_alias=barcode24 parent_read_id=98728fd2-bc49-4eb1-91e1-22f565369869 basecall_model_version_id=dna_r10.4.1_e8.2_400bps_hac@v4.3.0 rc
892	867c5e37-1a87-424f-a20a-095346f45835 runid=0dfb5b492dc86ce99bf7c61c734eb364afcdb5c8 ch=15 start_time=2025-09-25T20:03:21.398161+00:00 flow_cell_id=AWX817 basecall_gpu=NVIDIA_Tegra_X2 protocol_group_id=ONT_trialEb_250925 sample_id=ONT_trail_250925 barcode=barcode24 barcode_alias=barcode24 parent_read_id=867c5e37-1a87-424f-a20a-095346f45835 basecall_model_version_id=dna_r10.4.1_e8.2_400bps_hac@v4.3.0
892	b40c41fc-09ee-49dc-8198-b22692ee1f63 runid=0dfb5b492dc86ce99bf7c61c734eb364afcdb5c8 ch=85 start_time=2025-09-25T15:51:08.398161+00:00 flow_cell_id=AWX817 basecall_gpu=NVIDIA_Tegra_X2 protocol_group_id=ONT_trialEb_250925 sample_id=ONT_trail_250925 barcode=barcode15 barcode_alias=barcode15 parent_read_id=b40c41fc-09ee-49dc-8198-b22692ee1f63 basecall_model_version_id=dna_r10.4.1_e8.2_400bps_hac@v4.3.0 rc
892	bff78508-aff3-4a41-b05c-c5d03f7ae5a2 runid=0dfb5b492dc86ce99bf7c61c734eb364afcdb5c8 ch=4 start_time=2025-09-26T07:30:51.398161+00:00 flow_cell_id=AWX817 basecall_gpu=NVIDIA_Tegra_X2 protocol_group_id=ONT_trialEb_250925 sample_id=ONT_trail_250925 barcode=barcode13 barcode_alias=barcode13 parent_read_id=bff78508-aff3-4a41-b05c-c5d03f7ae5a2 basecall_model_version_id=dna_r10.4.1_e8.2_400bps_hac@v4.3.0
892	89403276-23f8-4284-93d3-8443c80e6a3f runid=0dfb5b492dc86ce99bf7c61c734eb364afcdb5c8 ch=40 start_time=2025-09-25T18:44:18.398161+00:00 flow_cell_id=AWX817 basecall_gpu=NVIDIA_Tegra_X2 protocol_group_id=ONT_trialEb_250925 sample_id=ONT_trail_250925 barcode=barcode24 barcode_alias=barcode24 parent_read_id=89403276-23f8-4284-93d3-8443c80e6a3f basecall_model_version_id=dna_r10.4.1_e8.2_400bps_hac@v4.3.0
892	893da237-2ba7-48c5-bb94-0e382d6b6de1 runid=0dfb5b492dc86ce99bf7c61c734eb364afcdb5c8 ch=85 start_time=2025-09-26T00:26:02.398161+00:00 flow_cell_id=AWX817 basecall_gpu=NVIDIA_Tegra_X2 protocol_group_id=ONT_trialEb_250925 sample_id=ONT_trail_250925 barcode=barcode13 barcode_alias=barcode13 parent_read_id=893da237-2ba7-48c5-bb94-0e382d6b6de1 basecall_model_version_id=dna_r10.4.1_e8.2_400bps_hac@v4.3.0 rc
892	ebe6c8fa-0656-4c43-baf8-dca6fe1c2064 runid=0dfb5b492dc86ce99bf7c61c734eb364afcdb5c8 ch=41 start_time=2025-09-25T20:13:01.398161+00:00 flow_cell_id=AWX817 basecall_gpu=NVIDIA_Tegra_X2 protocol_group_id=ONT_trialEb_250925 sample_id=ONT_trail_250925 barcode=barcode15 barcode_alias=barcode15 parent_read_id=ebe6c8fa-0656-4c43-baf8-dca6fe1c2064 basecall_model_version_id=dna_r10.4.1_e8.2_400bps_hac@v4.3.0 rc
892	84578df9-1f97-451d-9267-9ca06f7633ab runid=0dfb5b492dc86ce99bf7c61c734eb364afcdb5c8 ch=41 start_time=2025-09-25T19:07:05.398161+00:00 flow_cell_id=AWX817 basecall_gpu=NVIDIA_Tegra_X2 protocol_group_id=ONT_trialEb_250925 sample_id=ONT_trail_250925 barcode=barcode13 barcode_alias=barcode13 parent_read_id=84578df9-1f97-451d-9267-9ca06f7633ab basecall_model_version_id=dna_r10.4.1_e8.2_400bps_hac@v4.3.0
892	ec8b960c-ad1e-46ad-b142-9c86e334bce4 runid=0dfb5b492dc86ce99bf7c61c734eb364afcdb5c8 ch=92 start_time=2025-09-26T02:20:58.398161+00:00 flow_cell_id=AWX817 basecall_gpu=NVIDIA_Tegra_X2 protocol_group_id=ONT_trialEb_250925 sample_id=ONT_trail_250925 barcode=barcode15 barcode_alias=barcode15 parent_read_id=ec8b960c-ad1e-46ad-b142-9c86e334bce4 basecall_model_version_id=dna_r10.4.1_e8.2_400bps_hac@v4.3.0
892	107a7f3a-4251-42da-95a7-f5239addb3b1 runid=0dfb5b492dc86ce99bf7c61c734eb364afcdb5c8 ch=90 start_time=2025-09-25T19:32:49.398161+00:00 flow_cell_id=AWX817 basecall_gpu=NVIDIA_Tegra_X2 protocol_group_id=ONT_trialEb_250925 sample_id=ONT_trail_250925 barcode=barcode14 barcode_alias=barcode14 parent_read_id=107a7f3a-4251-42da-95a7-f5239addb3b1 basecall_model_version_id=dna_r10.4.1_e8.2_400bps_hac@v4.3.0 rc
892	3fcd6556-a7a7-4b2e-b4c2-3906df41d696 runid=0dfb5b492dc86ce99bf7c61c734eb364afcdb5c8 ch=85 start_time=2025-09-26T00:07:51.398161+00:00 flow_cell_id=AWX817 basecall_gpu=NVIDIA_Tegra_X2 protocol_group_id=ONT_trialEb_250925 sample_id=ONT_trail_250925 barcode=barcode13 barcode_alias=barcode13 parent_read_id=3fcd6556-a7a7-4b2e-b4c2-3906df41d696 basecall_model_version_id=dna_r10.4.1_e8.2_400bps_hac@v4.3.0
892	6884ead7-798b-445e-a141-f049a1c3d1f4 runid=0dfb5b492dc86ce99bf7c61c734eb364afcdb5c8 ch=15 start_time=2025-09-25T20:02:04.398161+00:00 flow_cell_id=AWX817 basecall_gpu=NVIDIA_Tegra_X2 protocol_group_id=ONT_trialEb_250925 sample_id=ONT_trail_250925 barcode=barcode14 barcode_alias=barcode14 parent_read_id=6884ead7-798b-445e-a141-f049a1c3d1f4 basecall_model_version_id=dna_r10.4.1_e8.2_400bps_hac@v4.3.0
892	5f734cdb-2a59-4e2d-9e4f-6d77b85e237c runid=0dfb5b492dc86ce99bf7c61c734eb364afcdb5c8 ch=55 start_time=2025-09-25T17:56:16.398161+00:00 flow_cell_id=AWX817 basecall_gpu=NVIDIA_Tegra_X2 protocol_group_id=ONT_trialEb_250925 sample_id=ONT_trail_250925 barcode=barcode24 barcode_alias=barcode24 parent_read_id=934f9e05-02ad-42e5-ab78-ae7631a99cb5 basecall_model_version_id=dna_r10.4.1_e8.2_400bps_hac@v4.3.0
892	dd5183c8-9329-4ea0-964e-bf24d012e0ad runid=0dfb5b492dc86ce99bf7c61c734eb364afcdb5c8 ch=85 start_time=2025-09-25T16:42:48.398161+00:00 flow_cell_id=AWX817 basecall_gpu=NVIDIA_Tegra_X2 protocol_group_id=ONT_trialEb_250925 sample_id=ONT_trail_250925 barcode=barcode24 barcode_alias=barcode24 parent_read_id=dd5183c8-9329-4ea0-964e-bf24d012e0ad basecall_model_version_id=dna_r10.4.1_e8.2_400bps_hac@v4.3.0
892	83a30939-109f-49a1-846c-a1315ea0eebc runid=0dfb5b492dc86ce99bf7c61c734eb364afcdb5c8 ch=20 start_time=2025-09-25T18:30:12.398161+00:00 flow_cell_id=AWX817 basecall_gpu=NVIDIA_Tegra_X2 protocol_group_id=ONT_trialEb_250925 sample_id=ONT_trail_250925 barcode=barcode24 barcode_alias=barcode24 parent_read_id=733c31c2-4272-476b-9d4e-fc3830d0e84f basecall_model_version_id=dna_r10.4.1_e8.2_400bps_hac@v4.3.0 rc
892	ce2d1292-1581-4c46-9d8c-ece4b05d3d64 runid=0dfb5b492dc86ce99bf7c61c734eb364afcdb5c8 ch=118 start_time=2025-09-25T21:50:34.398161+00:00 flow_cell_id=AWX817 basecall_gpu=NVIDIA_Tegra_X2 protocol_group_id=ONT_trialEb_250925 sample_id=ONT_trail_250925 barcode=barcode14 barcode_alias=barcode14 parent_read_id=ce2d1292-1581-4c46-9d8c-ece4b05d3d64 basecall_model_version_id=dna_r10.4.1_e8.2_400bps_hac@v4.3.0
1387	32b48c48-3cca-4a35-8340-b491674810b4 runid=0dfb5b492dc86ce99bf7c61c734eb364afcdb5c8 ch=23 start_time=2025-09-25T17:38:14.398161+00:00 flow_cell_id=AWX817 basecall_gpu=NVIDIA_Tegra_X2 protocol_group_id=ONT_trialEb_250925 sample_id=ONT_trail_250925 barcode=barcode24 barcode_alias=barcode24 parent_read_id=32b48c48-3cca-4a35-8340-b491674810b4 basecall_model_version_id=dna_r10.4.1_e8.2_400bps_hac@v4.3.0
1387	6d065513-205e-492b-b181-f78fa492907c runid=0dfb5b492dc86ce99bf7c61c734eb364afcdb5c8 ch=85 start_time=2025-09-25T21:35:07.398161+00:00 flow_cell_id=AWX817 basecall_gpu=NVIDIA_Tegra_X2 protocol_group_id=ONT_trialEb_250925 sample_id=ONT_trail_250925 barcode=barcode14 barcode_alias=barcode14 parent_read_id=6d065513-205e-492b-b181-f78fa492907c basecall_model_version_id=dna_r10.4.1_e8.2_400bps_hac@v4.3.0
1387	8d99d1bb-9769-4aff-b879-0999df0d4c60 runid=0dfb5b492dc86ce99bf7c61c734eb364afcdb5c8 ch=39 start_time=2025-09-25T19:43:19.398161+00:00 flow_cell_id=AWX817 basecall_gpu=NVIDIA_Tegra_X2 protocol_group_id=ONT_trialEb_250925 sample_id=ONT_trail_250925 barcode=barcode14 barcode_alias=barcode14 parent_read_id=8d99d1bb-9769-4aff-b879-0999df0d4c60 basecall_model_version_id=dna_r10.4.1_e8.2_400bps_hac@v4.3.0
1387	8d99d1bb-9769-4aff-b879-0999df0d4c60 runid=0dfb5b492dc86ce99bf7c61c734eb364afcdb5c8 ch=39 start_time=2025-09-25T19:43:19.398161+00:00 flow_cell_id=AWX817 basecall_gpu=NVIDIA_Tegra_X2 protocol_group_id=ONT_trialEb_250925 sample_id=ONT_trail_250925 barcode=barcode14 barcode_alias=barcode14 parent_read_id=8d99d1bb-9769-4aff-b879-0999df0d4c60 basecall_model_version_id=dna_r10.4.1_e8.2_400bps_hac@v4.3.0
1387	8413d2ce-0fe0-48e5-bad7-585e579186dd runid=0dfb5b492dc86ce99bf7c61c734eb364afcdb5c8 ch=43 start_time=2025-09-25T17:25:12.398161+00:00 flow_cell_id=AWX817 basecall_gpu=NVIDIA_Tegra_X2 protocol_group_id=ONT_trialEb_250925 sample_id=ONT_trail_250925 barcode=barcode15 barcode_alias=barcode15 parent_read_id=8413d2ce-0fe0-48e5-bad7-585e579186dd basecall_model_version_id=dna_r10.4.1_e8.2_400bps_hac@v4.3.0
1387	b5e26620-478d-4c84-a72e-508eba5d1037 runid=0dfb5b492dc86ce99bf7c61c734eb364afcdb5c8 ch=77 start_time=2025-09-25T19:09:07.398161+00:00 flow_cell_id=AWX817 basecall_gpu=NVIDIA_Tegra_X2 protocol_group_id=ONT_trialEb_250925 sample_id=ONT_trail_250925 barcode=barcode24 barcode_alias=barcode24 parent_read_id=b5e26620-478d-4c84-a72e-508eba5d1037 basecall_model_version_id=dna_r10.4.1_e8.2_400bps_hac@v4.3.0
1387	28e34f55-ce7c-4d17-9156-cfdcb50194d7 runid=0dfb5b492dc86ce99bf7c61c734eb364afcdb5c8 ch=118 start_time=2025-09-25T20:56:12.398161+00:00 flow_cell_id=AWX817 basecall_gpu=NVIDIA_Tegra_X2 protocol_group_id=ONT_trialEb_250925 sample_id=ONT_trail_250925 barcode=barcode24 barcode_alias=barcode24 parent_read_id=28e34f55-ce7c-4d17-9156-cfdcb50194d7 basecall_model_version_id=dna_r10.4.1_e8.2_400bps_hac@v4.3.0 rc
1387	d330c9a2-fd30-4d53-bc30-b68eec4556c0 runid=0dfb5b492dc86ce99bf7c61c734eb364afcdb5c8 ch=5 start_time=2025-09-25T22:21:07.398161+00:00 flow_cell_id=AWX817 basecall_gpu=NVIDIA_Tegra_X2 protocol_group_id=ONT_trialEb_250925 sample_id=ONT_trail_250925 barcode=barcode24 barcode_alias=barcode24 parent_read_id=d330c9a2-fd30-4d53-bc30-b68eec4556c0 basecall_model_version_id=dna_r10.4.1_e8.2_400bps_hac@v4.3.0 rc
1387	da4a1a85-8aef-436e-ae17-b590b9025cd8 runid=0dfb5b492dc86ce99bf7c61c734eb364afcdb5c8 ch=39 start_time=2025-09-26T09:32:21.398161+00:00 flow_cell_id=AWX817 basecall_gpu=NVIDIA_Tegra_X2 protocol_group_id=ONT_trialEb_250925 sample_id=ONT_trail_250925 barcode=barcode14 barcode_alias=barcode14 parent_read_id=da4a1a85-8aef-436e-ae17-b590b9025cd8 basecall_model_version_id=dna_r10.4.1_e8.2_400bps_hac@v4.3.0
1387	502af160-7d9e-4793-8655-a63439815f33 runid=0dfb5b492dc86ce99bf7c61c734eb364afcdb5c8 ch=4 start_time=2025-09-26T03:15:16.398161+00:00 flow_cell_id=AWX817 basecall_gpu=NVIDIA_Tegra_X2 protocol_group_id=ONT_trialEb_250925 sample_id=ONT_trail_250925 barcode=barcode14 barcode_alias=barcode14 parent_read_id=502af160-7d9e-4793-8655-a63439815f33 basecall_model_version_id=dna_r10.4.1_e8.2_400bps_hac@v4.3.0 rc
1387	e48e174e-ab8f-4f4a-8793-64ec96c65536 runid=0dfb5b492dc86ce99bf7c61c734eb364afcdb5c8 ch=5 start_time=2025-09-25T20:48:48.398161+00:00 flow_cell_id=AWX817 basecall_gpu=NVIDIA_Tegra_X2 protocol_group_id=ONT_trialEb_250925 sample_id=ONT_trail_250925 barcode=barcode24 barcode_alias=barcode24 parent_read_id=e48e174e-ab8f-4f4a-8793-64ec96c65536 basecall_model_version_id=dna_r10.4.1_e8.2_400bps_hac@v4.3.0
1387	665e76d8-caed-4fea-9519-ee69d21c5f86 runid=0dfb5b492dc86ce99bf7c61c734eb364afcdb5c8 ch=20 start_time=2025-09-25T20:25:37.398161+00:00 flow_cell_id=AWX817 basecall_gpu=NVIDIA_Tegra_X2 protocol_group_id=ONT_trialEb_250925 sample_id=ONT_trail_250925 barcode=barcode15 barcode_alias=barcode15 parent_read_id=665e76d8-caed-4fea-9519-ee69d21c5f86 basecall_model_version_id=dna_r10.4.1_e8.2_400bps_hac@v4.3.0
1387	bacd6c30-cac4-49bf-a8e9-8a17109363a4 runid=0dfb5b492dc86ce99bf7c61c734eb364afcdb5c8 ch=20 start_time=2025-09-26T09:16:21.398161+00:00 flow_cell_id=AWX817 basecall_gpu=NVIDIA_Tegra_X2 protocol_group_id=ONT_trialEb_250925 sample_id=ONT_trail_250925 barcode=barcode15 barcode_alias=barcode15 parent_read_id=bacd6c30-cac4-49bf-a8e9-8a17109363a4 basecall_model_version_id=dna_r10.4.1_e8.2_400bps_hac@v4.3.0
1387	d6b20637-1350-469f-8b3e-a736114c2551 runid=0dfb5b492dc86ce99bf7c61c734eb364afcdb5c8 ch=85 start_time=2025-09-25T23:48:27.398161+00:00 flow_cell_id=AWX817 basecall_gpu=NVIDIA_Tegra_X2 protocol_group_id=ONT_trialEb_250925 sample_id=ONT_trail_250925 barcode=barcode24 barcode_alias=barcode24 parent_read_id=d6b20637-1350-469f-8b3e-a736114c2551 basecall_model_version_id=dna_r10.4.1_e8.2_400bps_hac@v4.3.0
1387	e2d51707-93e4-43fc-a3d4-40a15933d3e2 runid=0dfb5b492dc86ce99bf7c61c734eb364afcdb5c8 ch=90 start_time=2025-09-25T16:53:48.398161+00:00 flow_cell_id=AWX817 basecall_gpu=NVIDIA_Tegra_X2 protocol_group_id=ONT_trialEb_250925 sample_id=ONT_trail_250925 barcode=barcode13 barcode_alias=barcode13 parent_read_id=e2d51707-93e4-43fc-a3d4-40a15933d3e2 basecall_model_version_id=dna_r10.4.1_e8.2_400bps_hac@v4.3.0
1387	f22d0c80-8fdf-4acc-97ae-99efee166a35 runid=0dfb5b492dc86ce99bf7c61c734eb364afcdb5c8 ch=6 start_time=2025-09-25T18:04:23.398161+00:00 flow_cell_id=AWX817 basecall_gpu=NVIDIA_Tegra_X2 protocol_group_id=ONT_trialEb_250925 sample_id=ONT_trail_250925 barcode=barcode24 barcode_alias=barcode24 parent_read_id=f22d0c80-8fdf-4acc-97ae-99efee166a35 basecall_model_version_id=dna_r10.4.1_e8.2_400bps_hac@v4.3.0
1387	7da96466-dce5-4c5a-8cc3-93fe20b01474 runid=0dfb5b492dc86ce99bf7c61c734eb364afcdb5c8 ch=77 start_time=2025-09-25T22:39:59.398161+00:00 flow_cell_id=AWX817 basecall_gpu=NVIDIA_Tegra_X2 protocol_group_id=ONT_trialEb_250925 sample_id=ONT_trail_250925 barcode=barcode24 barcode_alias=barcode24 parent_read_id=7da96466-dce5-4c5a-8cc3-93fe20b01474 basecall_model_version_id=dna_r10.4.1_e8.2_400bps_hac@v4.3.0
1387	69c2c3c0-6a44-4881-bc03-cae425abed8b runid=0dfb5b492dc86ce99bf7c61c734eb364afcdb5c8 ch=77 start_time=2025-09-25T20:18:25.398161+00:00 flow_cell_id=AWX817 basecall_gpu=NVIDIA_Tegra_X2 protocol_group_id=ONT_trialEb_250925 sample_id=ONT_trail_250925 barcode=barcode14 barcode_alias=barcode14 parent_read_id=69c2c3c0-6a44-4881-bc03-cae425abed8b basecall_model_version_id=dna_r10.4.1_e8.2_400bps_hac@v4.3.0
1387	2948d101-983e-4d2f-887f-e814dabd0102 runid=0dfb5b492dc86ce99bf7c61c734eb364afcdb5c8 ch=5 start_time=2025-09-25T16:56:03.398161+00:00 flow_cell_id=AWX817 basecall_gpu=NVIDIA_Tegra_X2 protocol_group_id=ONT_trialEb_250925 sample_id=ONT_trail_250925 barcode=barcode24 barcode_alias=barcode24 parent_read_id=2948d101-983e-4d2f-887f-e814dabd0102 basecall_model_version_id=dna_r10.4.1_e8.2_400bps_hac@v4.3.0
1387	e431ab79-74b1-4fe4-b924-10ed48dd18da runid=0dfb5b492dc86ce99bf7c61c734eb364afcdb5c8 ch=80 start_time=2025-09-25T20:04:24.398161+00:00 flow_cell_id=AWX817 basecall_gpu=NVIDIA_Tegra_X2 protocol_group_id=ONT_trialEb_250925 sample_id=ONT_trail_250925 barcode=barcode24 barcode_alias=barcode24 parent_read_id=e431ab79-74b1-4fe4-b924-10ed48dd18da basecall_model_version_id=dna_r10.4.1_e8.2_400bps_hac@v4.3.0 rc
1387	384bb888-f358-4f41-ac7d-7b216abdbb3b runid=0dfb5b492dc86ce99bf7c61c734eb364afcdb5c8 ch=20 start_time=2025-09-26T05:21:54.398161+00:00 flow_cell_id=AWX817 basecall_gpu=NVIDIA_Tegra_X2 protocol_group_id=ONT_trialEb_250925 sample_id=ONT_trail_250925 barcode=barcode24 barcode_alias=barcode24 parent_read_id=384bb888-f358-4f41-ac7d-7b216abdbb3b basecall_model_version_id=dna_r10.4.1_e8.2_400bps_hac@v4.3.0
1387	4d1b857b-20c1-4779-b29e-7201cab0fc00 runid=0dfb5b492dc86ce99bf7c61c734eb364afcdb5c8 ch=4 start_time=2025-09-25T19:22:44.398161+00:00 flow_cell_id=AWX817 basecall_gpu=NVIDIA_Tegra_X2 protocol_group_id=ONT_trialEb_250925 sample_id=ONT_trail_250925 barcode=barcode13 barcode_alias=barcode13 parent_read_id=4d1b857b-20c1-4779-b29e-7201cab0fc00 basecall_model_version_id=dna_r10.4.1_e8.2_400bps_hac@v4.3.0
1387	4c18b75f-9929-4abe-a5f5-939ce0050f30 runid=0dfb5b492dc86ce99bf7c61c734eb364afcdb5c8 ch=43 start_time=2025-09-25T19:52:14.398161+00:00 flow_cell_id=AWX817 basecall_gpu=NVIDIA_Tegra_X2 protocol_group_id=ONT_trialEb_250925 sample_id=ONT_trail_250925 barcode=barcode24 barcode_alias=barcode24 parent_read_id=40680bb5-a728-42ec-b90f-f85cd56f45ba basecall_model_version_id=dna_r10.4.1_e8.2_400bps_hac@v4.3.0
1387	0465dca6-f592-4296-a9cb-4d34b9de5fcc runid=0dfb5b492dc86ce99bf7c61c734eb364afcdb5c8 ch=77 start_time=2025-09-25T22:46:58.398161+00:00 flow_cell_id=AWX817 basecall_gpu=NVIDIA_Tegra_X2 protocol_group_id=ONT_trialEb_250925 sample_id=ONT_trail_250925 barcode=barcode13 barcode_alias=barcode13 parent_read_id=0465dca6-f592-4296-a9cb-4d34b9de5fcc basecall_model_version_id=dna_r10.4.1_e8.2_400bps_hac@v4.3.0
1387	1013eab7-061b-4962-a0f8-2a00de58a534 runid=0dfb5b492dc86ce99bf7c61c734eb364afcdb5c8 ch=43 start_time=2025-09-25T21:02:05.398161+00:00 flow_cell_id=AWX817 basecall_gpu=NVIDIA_Tegra_X2 protocol_group_id=ONT_trialEb_250925 sample_id=ONT_trail_250925 barcode=barcode13 barcode_alias=barcode13 parent_read_id=1013eab7-061b-4962-a0f8-2a00de58a534 basecall_model_version_id=dna_r10.4.1_e8.2_400bps_hac@v4.3.0
1387	4e64c973-52de-497a-bb3f-05825800b5d4 runid=0dfb5b492dc86ce99bf7c61c734eb364afcdb5c8 ch=85 start_time=2025-09-25T19:53:54.398161+00:00 flow_cell_id=AWX817 basecall_gpu=NVIDIA_Tegra_X2 protocol_group_id=ONT_trialEb_250925 sample_id=ONT_trail_250925 barcode=barcode15 barcode_alias=barcode15 parent_read_id=4e64c973-52de-497a-bb3f-05825800b5d4 basecall_model_version_id=dna_r10.4.1_e8.2_400bps_hac@v4.3.0
1387	c327a18c-160b-4a17-8b84-717a234d9314 runid=0dfb5b492dc86ce99bf7c61c734eb364afcdb5c8 ch=39 start_time=2025-09-26T09:48:07.398161+00:00 flow_cell_id=AWX817 basecall_gpu=NVIDIA_Tegra_X2 protocol_group_id=ONT_trialEb_250925 sample_id=ONT_trail_250925 barcode=barcode24 barcode_alias=barcode24 parent_read_id=c327a18c-160b-4a17-8b84-717a234d9314 basecall_model_version_id=dna_r10.4.1_e8.2_400bps_hac@v4.3.0
1387	b7538083-6d47-49e5-a80d-7047324dbfcf runid=0dfb5b492dc86ce99bf7c61c734eb364afcdb5c8 ch=41 start_time=2025-09-25T23:37:58.398161+00:00 flow_cell_id=AWX817 basecall_gpu=NVIDIA_Tegra_X2 protocol_group_id=ONT_trialEb_250925 sample_id=ONT_trail_250925 barcode=barcode14 barcode_alias=barcode14 parent_read_id=b7538083-6d47-49e5-a80d-7047324dbfcf basecall_model_version_id=dna_r10.4.1_e8.2_400bps_hac@v4.3.0
1387	d4c87f4e-5583-4670-861a-ab00db7eba38 runid=0dfb5b492dc86ce99bf7c61c734eb364afcdb5c8 ch=85 start_time=2025-09-25T17:47:53.398161+00:00 flow_cell_id=AWX817 basecall_gpu=NVIDIA_Tegra_X2 protocol_group_id=ONT_trialEb_250925 sample_id=ONT_trail_250925 barcode=barcode24 barcode_alias=barcode24 parent_read_id=d4c87f4e-5583-4670-861a-ab00db7eba38 basecall_model_version_id=dna_r10.4.1_e8.2_400bps_hac@v4.3.0 rc
1387	c0ba2f70-dd53-4e31-8471-4ca6cf74d1eb runid=0dfb5b492dc86ce99bf7c61c734eb364afcdb5c8 ch=90 start_time=2025-09-25T18:08:05.398161+00:00 flow_cell_id=AWX817 basecall_gpu=NVIDIA_Tegra_X2 protocol_group_id=ONT_trialEb_250925 sample_id=ONT_trail_250925 barcode=barcode14 barcode_alias=barcode14 parent_read_id=c0ba2f70-dd53-4e31-8471-4ca6cf74d1eb basecall_model_version_id=dna_r10.4.1_e8.2_400bps_hac@v4.3.0
1387	c0ba2f70-dd53-4e31-8471-4ca6cf74d1eb runid=0dfb5b492dc86ce99bf7c61c734eb364afcdb5c8 ch=90 start_time=2025-09-25T18:08:05.398161+00:00 flow_cell_id=AWX817 basecall_gpu=NVIDIA_Tegra_X2 protocol_group_id=ONT_trialEb_250925 sample_id=ONT_trail_250925 barcode=barcode14 barcode_alias=barcode14 parent_read_id=c0ba2f70-dd53-4e31-8471-4ca6cf74d1eb basecall_model_version_id=dna_r10.4.1_e8.2_400bps_hac@v4.3.0
1387	45bcff80-6901-45d2-91ec-167d6b446b22 runid=0dfb5b492dc86ce99bf7c61c734eb364afcdb5c8 ch=41 start_time=2025-09-26T01:40:44.398161+00:00 flow_cell_id=AWX817 basecall_gpu=NVIDIA_Tegra_X2 protocol_group_id=ONT_trialEb_250925 sample_id=ONT_trail_250925 barcode=barcode15 barcode_alias=barcode15 parent_read_id=45bcff80-6901-45d2-91ec-167d6b446b22 basecall_model_version_id=dna_r10.4.1_e8.2_400bps_hac@v4.3.0 rc
1387	fa4f0ff0-22c3-459f-a273-257d53d4694a runid=0dfb5b492dc86ce99bf7c61c734eb364afcdb5c8 ch=39 start_time=2025-09-25T21:40:19.398161+00:00 flow_cell_id=AWX817 basecall_gpu=NVIDIA_Tegra_X2 protocol_group_id=ONT_trialEb_250925 sample_id=ONT_trail_250925 barcode=barcode24 barcode_alias=barcode24 parent_read_id=fa4f0ff0-22c3-459f-a273-257d53d4694a basecall_model_version_id=dna_r10.4.1_e8.2_400bps_hac@v4.3.0 rc
1387	565d03c8-f686-4571-950c-fe3ca02f484f runid=0dfb5b492dc86ce99bf7c61c734eb364afcdb5c8 ch=93 start_time=2025-09-25T16:26:18.398161+00:00 flow_cell_id=AWX817 basecall_gpu=NVIDIA_Tegra_X2 protocol_group_id=ONT_trialEb_250925 sample_id=ONT_trail_250925 barcode=barcode13 barcode_alias=barcode13 parent_read_id=565d03c8-f686-4571-950c-fe3ca02f484f basecall_model_version_id=dna_r10.4.1_e8.2_400bps_hac@v4.3.0 rc
1387	80a49e56-5a2b-4462-a289-1a58f971e63b runid=0dfb5b492dc86ce99bf7c61c734eb364afcdb5c8 ch=118 start_time=2025-09-25T23:44:26.398161+00:00 flow_cell_id=AWX817 basecall_gpu=NVIDIA_Tegra_X2 protocol_group_id=ONT_trialEb_250925 sample_id=ONT_trail_250925 barcode=barcode15 barcode_alias=barcode15 parent_read_id=80a49e56-5a2b-4462-a289-1a58f971e63b basecall_model_version_id=dna_r10.4.1_e8.2_400bps_hac@v4.3.0
1387	7d429603-1a16-4cd4-8883-6f10d3a867c5 runid=0dfb5b492dc86ce99bf7c61c734eb364afcdb5c8 ch=42 start_time=2025-09-26T05:15:24.398161+00:00 flow_cell_id=AWX817 basecall_gpu=NVIDIA_Tegra_X2 protocol_group_id=ONT_trialEb_250925 sample_id=ONT_trail_250925 barcode=barcode24 barcode_alias=barcode24 parent_read_id=7d429603-1a16-4cd4-8883-6f10d3a867c5 basecall_model_version_id=dna_r10.4.1_e8.2_400bps_hac@v4.3.0
1387	738d0491-c7f6-42a2-8fe2-bcd2bc1154c4 runid=0dfb5b492dc86ce99bf7c61c734eb364afcdb5c8 ch=80 start_time=2025-09-25T19:01:37.398161+00:00 flow_cell_id=AWX817 basecall_gpu=NVIDIA_Tegra_X2 protocol_group_id=ONT_trialEb_250925 sample_id=ONT_trail_250925 barcode=barcode14 barcode_alias=barcode14 parent_read_id=738d0491-c7f6-42a2-8fe2-bcd2bc1154c4 basecall_model_version_id=dna_r10.4.1_e8.2_400bps_hac@v4.3.0
1387	76220c63-a805-49fe-9013-c0bef9043b6a runid=0dfb5b492dc86ce99bf7c61c734eb364afcdb5c8 ch=43 start_time=2025-09-25T21:05:51.398161+00:00 flow_cell_id=AWX817 basecall_gpu=NVIDIA_Tegra_X2 protocol_group_id=ONT_trialEb_250925 sample_id=ONT_trail_250925 barcode=barcode13 barcode_alias=barcode13 parent_read_id=76220c63-a805-49fe-9013-c0bef9043b6a basecall_model_version_id=dna_r10.4.1_e8.2_400bps_hac@v4.3.0
1387	d428ffeb-2c6b-4de3-be93-8d9742834d46 runid=0dfb5b492dc86ce99bf7c61c734eb364afcdb5c8 ch=4 start_time=2025-09-26T05:02:51.398161+00:00 flow_cell_id=AWX817 basecall_gpu=NVIDIA_Tegra_X2 protocol_group_id=ONT_trialEb_250925 sample_id=ONT_trail_250925 barcode=barcode24 barcode_alias=barcode24 parent_read_id=d428ffeb-2c6b-4de3-be93-8d9742834d46 basecall_model_version_id=dna_r10.4.1_e8.2_400bps_hac@v4.3.0 rc
1387	b0951a05-2675-4eec-b42a-7c72e973ff26 runid=0dfb5b492dc86ce99bf7c61c734eb364afcdb5c8 ch=4 start_time=2025-09-26T02:28:45.398161+00:00 flow_cell_id=AWX817 basecall_gpu=NVIDIA_Tegra_X2 protocol_group_id=ONT_trialEb_250925 sample_id=ONT_trail_250925 barcode=barcode24 barcode_alias=barcode24 parent_read_id=b0951a05-2675-4eec-b42a-7c72e973ff26 basecall_model_version_id=dna_r10.4.1_e8.2_400bps_hac@v4.3.0
1387	50e1ffb1-a201-48fc-b713-0c7a4d150397 runid=0dfb5b492dc86ce99bf7c61c734eb364afcdb5c8 ch=85 start_time=2025-09-26T05:46:15.398161+00:00 flow_cell_id=AWX817 basecall_gpu=NVIDIA_Tegra_X2 protocol_group_id=ONT_trialEb_250925 sample_id=ONT_trail_250925 barcode=barcode13 barcode_alias=barcode13 parent_read_id=50e1ffb1-a201-48fc-b713-0c7a4d150397 basecall_model_version_id=dna_r10.4.1_e8.2_400bps_hac@v4.3.0
1387	cc139419-62f5-41b0-9315-76d37fa6e7f5 runid=0dfb5b492dc86ce99bf7c61c734eb364afcdb5c8 ch=39 start_time=2025-09-26T06:19:30.398161+00:00 flow_cell_id=AWX817 basecall_gpu=NVIDIA_Tegra_X2 protocol_group_id=ONT_trialEb_250925 sample_id=ONT_trail_250925 barcode=barcode14 barcode_alias=barcode14 parent_read_id=cc139419-62f5-41b0-9315-76d37fa6e7f5 basecall_model_version_id=dna_r10.4.1_e8.2_400bps_hac@v4.3.0
1387	1442c384-f0ca-46fc-8767-fa52ba8e80a9 runid=0dfb5b492dc86ce99bf7c61c734eb364afcdb5c8 ch=85 start_time=2025-09-25T18:59:16.398161+00:00 flow_cell_id=AWX817 basecall_gpu=NVIDIA_Tegra_X2 protocol_group_id=ONT_trialEb_250925 sample_id=ONT_trail_250925 barcode=barcode13 barcode_alias=barcode13 parent_read_id=1442c384-f0ca-46fc-8767-fa52ba8e80a9 basecall_model_version_id=dna_r10.4.1_e8.2_400bps_hac@v4.3.0
1387	098cecaa-244e-4a71-99c2-369985d32c79 runid=0dfb5b492dc86ce99bf7c61c734eb364afcdb5c8 ch=5 start_time=2025-09-25T17:30:12.398161+00:00 flow_cell_id=AWX817 basecall_gpu=NVIDIA_Tegra_X2 protocol_group_id=ONT_trialEb_250925 sample_id=ONT_trail_250925 barcode=barcode13 barcode_alias=barcode13 parent_read_id=098cecaa-244e-4a71-99c2-369985d32c79 basecall_model_version_id=dna_r10.4.1_e8.2_400bps_hac@v4.3.0
1387	95684025-4d9d-415a-abaf-e0563b55591c runid=0dfb5b492dc86ce99bf7c61c734eb364afcdb5c8 ch=43 start_time=2025-09-25T19:09:25.398161+00:00 flow_cell_id=AWX817 basecall_gpu=NVIDIA_Tegra_X2 protocol_group_id=ONT_trialEb_250925 sample_id=ONT_trail_250925 barcode=barcode13 barcode_alias=barcode13 parent_read_id=95684025-4d9d-415a-abaf-e0563b55591c basecall_model_version_id=dna_r10.4.1_e8.2_400bps_hac@v4.3.0 rc
1387	bdc53862-c993-4700-8e24-5cbfb6a3abdb runid=0dfb5b492dc86ce99bf7c61c734eb364afcdb5c8 ch=4 start_time=2025-09-26T06:44:49.398161+00:00 flow_cell_id=AWX817 basecall_gpu=NVIDIA_Tegra_X2 protocol_group_id=ONT_trialEb_250925 sample_id=ONT_trail_250925 barcode=barcode14 barcode_alias=barcode14 parent_read_id=bdc53862-c993-4700-8e24-5cbfb6a3abdb basecall_model_version_id=dna_r10.4.1_e8.2_400bps_hac@v4.3.0 rc
1387	8c4a6f95-0962-4075-86d5-ed9eb0bbb747 runid=0dfb5b492dc86ce99bf7c61c734eb364afcdb5c8 ch=5 start_time=2025-09-25T17:13:42.398161+00:00 flow_cell_id=AWX817 basecall_gpu=NVIDIA_Tegra_X2 protocol_group_id=ONT_trialEb_250925 sample_id=ONT_trail_250925 barcode=barcode24 barcode_alias=barcode24 parent_read_id=8c4a6f95-0962-4075-86d5-ed9eb0bbb747 basecall_model_version_id=dna_r10.4.1_e8.2_400bps_hac@v4.3.0 rc
1387	8d5ef9e9-5c40-4078-914f-5b71ebea070f runid=0dfb5b492dc86ce99bf7c61c734eb364afcdb5c8 ch=20 start_time=2025-09-25T22:17:35.398161+00:00 flow_cell_id=AWX817 basecall_gpu=NVIDIA_Tegra_X2 protocol_group_id=ONT_trialEb_250925 sample_id=ONT_trail_250925 barcode=barcode24 barcode_alias=barcode24 parent_read_id=8d5ef9e9-5c40-4078-914f-5b71ebea070f basecall_model_version_id=dna_r10.4.1_e8.2_400bps_hac@v4.3.0
1387	cfc62e4d-a001-4664-9aab-915223212b63 runid=0dfb5b492dc86ce99bf7c61c734eb364afcdb5c8 ch=56 start_time=2025-09-25T16:21:26.398161+00:00 flow_cell_id=AWX817 basecall_gpu=NVIDIA_Tegra_X2 protocol_group_id=ONT_trialEb_250925 sample_id=ONT_trail_250925 barcode=barcode13 barcode_alias=barcode13 parent_read_id=cfc62e4d-a001-4664-9aab-915223212b63 basecall_model_version_id=dna_r10.4.1_e8.2_400bps_hac@v4.3.0 rc
1387	c94b0a24-8daa-4ac3-a38f-05d187d7c6da runid=0dfb5b492dc86ce99bf7c61c734eb364afcdb5c8 ch=4 start_time=2025-09-25T21:27:21.398161+00:00 flow_cell_id=AWX817 basecall_gpu=NVIDIA_Tegra_X2 protocol_group_id=ONT_trialEb_250925 sample_id=ONT_trail_250925 barcode=barcode13 barcode_alias=barcode13 parent_read_id=c94b0a24-8daa-4ac3-a38f-05d187d7c6da basecall_model_version_id=dna_r10.4.1_e8.2_400bps_hac@v4.3.0
1387	9e96c9b8-f197-4a4b-8182-79f4d86028ef runid=0dfb5b492dc86ce99bf7c61c734eb364afcdb5c8 ch=41 start_time=2025-09-25T17:44:38.398161+00:00 flow_cell_id=AWX817 basecall_gpu=NVIDIA_Tegra_X2 protocol_group_id=ONT_trialEb_250925 sample_id=ONT_trail_250925 barcode=barcode24 barcode_alias=barcode24 parent_read_id=9e96c9b8-f197-4a4b-8182-79f4d86028ef basecall_model_version_id=dna_r10.4.1_e8.2_400bps_hac@v4.3.0
1387	c486da44-15a2-4d6e-8142-46a549a12e83 runid=0dfb5b492dc86ce99bf7c61c734eb364afcdb5c8 ch=79 start_time=2025-09-25T22:03:00.398161+00:00 flow_cell_id=AWX817 basecall_gpu=NVIDIA_Tegra_X2 protocol_group_id=ONT_trialEb_250925 sample_id=ONT_trail_250925 barcode=barcode13 barcode_alias=barcode13 parent_read_id=c486da44-15a2-4d6e-8142-46a549a12e83 basecall_model_version_id=dna_r10.4.1_e8.2_400bps_hac@v4.3.0
1387	8f85bd6e-7936-435e-9ca0-1f34be46f9a8 runid=0dfb5b492dc86ce99bf7c61c734eb364afcdb5c8 ch=5 start_time=2025-09-25T16:42:43.398161+00:00 flow_cell_id=AWX817 basecall_gpu=NVIDIA_Tegra_X2 protocol_group_id=ONT_trialEb_250925 sample_id=ONT_trail_250925 barcode=barcode15 barcode_alias=barcode15 parent_read_id=8f85bd6e-7936-435e-9ca0-1f34be46f9a8 basecall_model_version_id=dna_r10.4.1_e8.2_400bps_hac@v4.3.0
1387	b16c7e57-0403-4e29-928c-79e28df40c27 runid=0dfb5b492dc86ce99bf7c61c734eb364afcdb5c8 ch=55 start_time=2025-09-25T16:09:03.398161+00:00 flow_cell_id=AWX817 basecall_gpu=NVIDIA_Tegra_X2 protocol_group_id=ONT_trialEb_250925 sample_id=ONT_trail_250925 barcode=barcode13 barcode_alias=barcode13 parent_read_id=b16c7e57-0403-4e29-928c-79e28df40c27 basecall_model_version_id=dna_r10.4.1_e8.2_400bps_hac@v4.3.0
1387	34ce138c-4f83-4b61-9b69-f6442b3d22d4 runid=0dfb5b492dc86ce99bf7c61c734eb364afcdb5c8 ch=39 start_time=2025-09-26T00:49:14.398161+00:00 flow_cell_id=AWX817 basecall_gpu=NVIDIA_Tegra_X2 protocol_group_id=ONT_trialEb_250925 sample_id=ONT_trail_250925 barcode=barcode13 barcode_alias=barcode13 parent_read_id=34ce138c-4f83-4b61-9b69-f6442b3d22d4 basecall_model_version_id=dna_r10.4.1_e8.2_400bps_hac@v4.3.0 rc
1387	acf6db60-d3a8-45ef-aef0-5b9f1d8d0620 runid=0dfb5b492dc86ce99bf7c61c734eb364afcdb5c8 ch=4 start_time=2025-09-25T22:32:07.398161+00:00 flow_cell_id=AWX817 basecall_gpu=NVIDIA_Tegra_X2 protocol_group_id=ONT_trialEb_250925 sample_id=ONT_trail_250925 barcode=barcode24 barcode_alias=barcode24 parent_read_id=cf382671-9e37-4f85-aea8-d8369005b350 basecall_model_version_id=dna_r10.4.1_e8.2_400bps_hac@v4.3.0
1387	05f9876c-0886-44e3-9169-d25340c663d8 runid=0dfb5b492dc86ce99bf7c61c734eb364afcdb5c8 ch=58 start_time=2025-09-25T21:27:35.398161+00:00 flow_cell_id=AWX817 basecall_gpu=NVIDIA_Tegra_X2 protocol_group_id=ONT_trialEb_250925 sample_id=ONT_trail_250925 barcode=barcode13 barcode_alias=barcode13 parent_read_id=05f9876c-0886-44e3-9169-d25340c663d8 basecall_model_version_id=dna_r10.4.1_e8.2_400bps_hac@v4.3.0 rc
1387	b05f6260-3445-4cf4-84ab-c10a16a4c98e runid=0dfb5b492dc86ce99bf7c61c734eb364afcdb5c8 ch=5 start_time=2025-09-25T21:38:15.398161+00:00 flow_cell_id=AWX817 basecall_gpu=NVIDIA_Tegra_X2 protocol_group_id=ONT_trialEb_250925 sample_id=ONT_trail_250925 barcode=barcode15 barcode_alias=barcode15 parent_read_id=b05f6260-3445-4cf4-84ab-c10a16a4c98e basecall_model_version_id=dna_r10.4.1_e8.2_400bps_hac@v4.3.0
1387	cf3fe5af-6e1e-414c-9ac2-bc073d6829de runid=0dfb5b492dc86ce99bf7c61c734eb364afcdb5c8 ch=20 start_time=2025-09-26T08:08:57.398161+00:00 flow_cell_id=AWX817 basecall_gpu=NVIDIA_Tegra_X2 protocol_group_id=ONT_trialEb_250925 sample_id=ONT_trail_250925 barcode=barcode24 barcode_alias=barcode24 parent_read_id=f4b9ca92-9bbe-4b22-9178-e5a307460b9f basecall_model_version_id=dna_r10.4.1_e8.2_400bps_hac@v4.3.0
1387	fe4e58ec-14f7-402d-88e4-a808ba41e157 runid=0dfb5b492dc86ce99bf7c61c734eb364afcdb5c8 ch=79 start_time=2025-09-25T19:58:28.398161+00:00 flow_cell_id=AWX817 basecall_gpu=NVIDIA_Tegra_X2 protocol_group_id=ONT_trialEb_250925 sample_id=ONT_trail_250925 barcode=barcode24 barcode_alias=barcode24 parent_read_id=fe4e58ec-14f7-402d-88e4-a808ba41e157 basecall_model_version_id=dna_r10.4.1_e8.2_400bps_hac@v4.3.0
1387	d4cb6743-e600-4735-b442-5a67340a5b51 runid=0dfb5b492dc86ce99bf7c61c734eb364afcdb5c8 ch=40 start_time=2025-09-25T17:36:14.398161+00:00 flow_cell_id=AWX817 basecall_gpu=NVIDIA_Tegra_X2 protocol_group_id=ONT_trialEb_250925 sample_id=ONT_trail_250925 barcode=barcode24 barcode_alias=barcode24 parent_read_id=bb1a94f8-2932-4f7c-92af-5514dc325f64 basecall_model_version_id=dna_r10.4.1_e8.2_400bps_hac@v4.3.0 rc
1387	1e6a68e6-08ed-4184-b6cc-a103d5317e0b runid=0dfb5b492dc86ce99bf7c61c734eb364afcdb5c8 ch=90 start_time=2025-09-25T16:15:10.398161+00:00 flow_cell_id=AWX817 basecall_gpu=NVIDIA_Tegra_X2 protocol_group_id=ONT_trialEb_250925 sample_id=ONT_trail_250925 barcode=barcode24 barcode_alias=barcode24 parent_read_id=1e6a68e6-08ed-4184-b6cc-a103d5317e0b basecall_model_version_id=dna_r10.4.1_e8.2_400bps_hac@v4.3.0
1387	738bd86a-4dc9-4f80-a885-750e1739e7eb runid=0dfb5b492dc86ce99bf7c61c734eb364afcdb5c8 ch=4 start_time=2025-09-26T02:28:46.398161+00:00 flow_cell_id=AWX817 basecall_gpu=NVIDIA_Tegra_X2 protocol_group_id=ONT_trialEb_250925 sample_id=ONT_trail_250925 barcode=barcode24 barcode_alias=barcode24 parent_read_id=738bd86a-4dc9-4f80-a885-750e1739e7eb basecall_model_version_id=dna_r10.4.1_e8.2_400bps_hac@v4.3.0 rc
1387	88bb4b13-8e11-420e-9a2a-689ba2f11bd8 runid=0dfb5b492dc86ce99bf7c61c734eb364afcdb5c8 ch=85 start_time=2025-09-25T21:56:04.398161+00:00 flow_cell_id=AWX817 basecall_gpu=NVIDIA_Tegra_X2 protocol_group_id=ONT_trialEb_250925 sample_id=ONT_trail_250925 barcode=barcode13 barcode_alias=barcode13 parent_read_id=88bb4b13-8e11-420e-9a2a-689ba2f11bd8 basecall_model_version_id=dna_r10.4.1_e8.2_400bps_hac@v4.3.0
1387	2620b9fc-f045-42aa-b36a-d5b78adb259e runid=0dfb5b492dc86ce99bf7c61c734eb364afcdb5c8 ch=79 start_time=2025-09-25T23:49:59.398161+00:00 flow_cell_id=AWX817 basecall_gpu=NVIDIA_Tegra_X2 protocol_group_id=ONT_trialEb_250925 sample_id=ONT_trail_250925 barcode=barcode14 barcode_alias=barcode14 parent_read_id=2620b9fc-f045-42aa-b36a-d5b78adb259e basecall_model_version_id=dna_r10.4.1_e8.2_400bps_hac@v4.3.0
1387	8ebb2649-a915-442e-9541-30b69442b9be runid=0dfb5b492dc86ce99bf7c61c734eb364afcdb5c8 ch=94 start_time=2025-09-25T18:06:21.398161+00:00 flow_cell_id=AWX817 basecall_gpu=NVIDIA_Tegra_X2 protocol_group_id=ONT_trialEb_250925 sample_id=ONT_trail_250925 barcode=barcode14 barcode_alias=barcode14 parent_read_id=8ebb2649-a915-442e-9541-30b69442b9be basecall_model_version_id=dna_r10.4.1_e8.2_400bps_hac@v4.3.0 rc
1387	e33cd6b3-506f-4832-89c0-4091cfd9172f runid=0dfb5b492dc86ce99bf7c61c734eb364afcdb5c8 ch=79 start_time=2025-09-25T18:09:16.398161+00:00 flow_cell_id=AWX817 basecall_gpu=NVIDIA_Tegra_X2 protocol_group_id=ONT_trialEb_250925 sample_id=ONT_trail_250925 barcode=barcode14 barcode_alias=barcode14 parent_read_id=e33cd6b3-506f-4832-89c0-4091cfd9172f basecall_model_version_id=dna_r10.4.1_e8.2_400bps_hac@v4.3.0
1387	5715ec5e-0a8f-471f-884b-8f11770523f5 runid=0dfb5b492dc86ce99bf7c61c734eb364afcdb5c8 ch=118 start_time=2025-09-25T20:30:45.398161+00:00 flow_cell_id=AWX817 basecall_gpu=NVIDIA_Tegra_X2 protocol_group_id=ONT_trialEb_250925 sample_id=ONT_trail_250925 barcode=barcode24 barcode_alias=barcode24 parent_read_id=5715ec5e-0a8f-471f-884b-8f11770523f5 basecall_model_version_id=dna_r10.4.1_e8.2_400bps_hac@v4.3.0 rc
1387	6cc927d6-cc27-4775-b54f-29fdaeb65145 runid=0dfb5b492dc86ce99bf7c61c734eb364afcdb5c8 ch=118 start_time=2025-09-26T02:56:42.398161+00:00 flow_cell_id=AWX817 basecall_gpu=NVIDIA_Tegra_X2 protocol_group_id=ONT_trialEb_250925 sample_id=ONT_trail_250925 barcode=barcode13 barcode_alias=barcode13 parent_read_id=6cc927d6-cc27-4775-b54f-29fdaeb65145 basecall_model_version_id=dna_r10.4.1_e8.2_400bps_hac@v4.3.0 rc
1387	3b86f2a5-94f2-4edc-8c5e-4495d5a132cf runid=0dfb5b492dc86ce99bf7c61c734eb364afcdb5c8 ch=92 start_time=2025-09-25T22:15:04.398161+00:00 flow_cell_id=AWX817 basecall_gpu=NVIDIA_Tegra_X2 protocol_group_id=ONT_trialEb_250925 sample_id=ONT_trail_250925 barcode=barcode14 barcode_alias=barcode14 parent_read_id=3b86f2a5-94f2-4edc-8c5e-4495d5a132cf basecall_model_version_id=dna_r10.4.1_e8.2_400bps_hac@v4.3.0 rc
1387	1ecb98b4-69d6-4310-9f9d-2dc71adca659 runid=0dfb5b492dc86ce99bf7c61c734eb364afcdb5c8 ch=81 start_time=2025-09-26T02:55:04.398161+00:00 flow_cell_id=AWX817 basecall_gpu=NVIDIA_Tegra_X2 protocol_group_id=ONT_trialEb_250925 sample_id=ONT_trail_250925 barcode=barcode24 barcode_alias=barcode24 parent_read_id=1ecb98b4-69d6-4310-9f9d-2dc71adca659 basecall_model_version_id=dna_r10.4.1_e8.2_400bps_hac@v4.3.0
1387	fa9514c3-c999-4e9c-bed0-a5bef11fcb7b runid=0dfb5b492dc86ce99bf7c61c734eb364afcdb5c8 ch=43 start_time=2025-09-25T18:10:48.398161+00:00 flow_cell_id=AWX817 basecall_gpu=NVIDIA_Tegra_X2 protocol_group_id=ONT_trialEb_250925 sample_id=ONT_trail_250925 barcode=barcode13 barcode_alias=barcode13 parent_read_id=fa9514c3-c999-4e9c-bed0-a5bef11fcb7b basecall_model_version_id=dna_r10.4.1_e8.2_400bps_hac@v4.3.0
1387	d97823c6-0001-4be0-bff8-d7b197136407 runid=0dfb5b492dc86ce99bf7c61c734eb364afcdb5c8 ch=85 start_time=2025-09-25T20:52:23.398161+00:00 flow_cell_id=AWX817 basecall_gpu=NVIDIA_Tegra_X2 protocol_group_id=ONT_trialEb_250925 sample_id=ONT_trail_250925 barcode=barcode13 barcode_alias=barcode13 parent_read_id=d97823c6-0001-4be0-bff8-d7b197136407 basecall_model_version_id=dna_r10.4.1_e8.2_400bps_hac@v4.3.0 rc
1387	52e75499-da8a-4ef6-8872-12d771fa14c0 runid=0dfb5b492dc86ce99bf7c61c734eb364afcdb5c8 ch=85 start_time=2025-09-26T03:16:32.398161+00:00 flow_cell_id=AWX817 basecall_gpu=NVIDIA_Tegra_X2 protocol_group_id=ONT_trialEb_250925 sample_id=ONT_trail_250925 barcode=barcode14 barcode_alias=barcode14 parent_read_id=52e75499-da8a-4ef6-8872-12d771fa14c0 basecall_model_version_id=dna_r10.4.1_e8.2_400bps_hac@v4.3.0
1387	52e75499-da8a-4ef6-8872-12d771fa14c0 runid=0dfb5b492dc86ce99bf7c61c734eb364afcdb5c8 ch=85 start_time=2025-09-26T03:16:32.398161+00:00 flow_cell_id=AWX817 basecall_gpu=NVIDIA_Tegra_X2 protocol_group_id=ONT_trialEb_250925 sample_id=ONT_trail_250925 barcode=barcode14 barcode_alias=barcode14 parent_read_id=52e75499-da8a-4ef6-8872-12d771fa14c0 basecall_model_version_id=dna_r10.4.1_e8.2_400bps_hac@v4.3.0
1387	2d7d7e4a-f9a1-449c-a4c1-b5c2a9952cc2 runid=0dfb5b492dc86ce99bf7c61c734eb364afcdb5c8 ch=5 start_time=2025-09-25T22:42:41.398161+00:00 flow_cell_id=AWX817 basecall_gpu=NVIDIA_Tegra_X2 protocol_group_id=ONT_trialEb_250925 sample_id=ONT_trail_250925 barcode=barcode13 barcode_alias=barcode13 parent_read_id=2d7d7e4a-f9a1-449c-a4c1-b5c2a9952cc2 basecall_model_version_id=dna_r10.4.1_e8.2_400bps_hac@v4.3.0 rc
1387	0c3794f7-69de-4c2a-9de2-45afc076b604 runid=0dfb5b492dc86ce99bf7c61c734eb364afcdb5c8 ch=85 start_time=2025-09-25T21:33:27.398161+00:00 flow_cell_id=AWX817 basecall_gpu=NVIDIA_Tegra_X2 protocol_group_id=ONT_trialEb_250925 sample_id=ONT_trail_250925 barcode=barcode15 barcode_alias=barcode15 parent_read_id=0c3794f7-69de-4c2a-9de2-45afc076b604 basecall_model_version_id=dna_r10.4.1_e8.2_400bps_hac@v4.3.0 rc
1387	74b275f7-173a-4fc6-b7cb-83072bc1fe65 runid=0dfb5b492dc86ce99bf7c61c734eb364afcdb5c8 ch=40 start_time=2025-09-25T20:21:11.398161+00:00 flow_cell_id=AWX817 basecall_gpu=NVIDIA_Tegra_X2 protocol_group_id=ONT_trialEb_250925 sample_id=ONT_trail_250925 barcode=barcode14 barcode_alias=barcode14 parent_read_id=74b275f7-173a-4fc6-b7cb-83072bc1fe65 basecall_model_version_id=dna_r10.4.1_e8.2_400bps_hac@v4.3.0
1387	c5b4167d-a842-4549-a65f-6131c391cd0b runid=0dfb5b492dc86ce99bf7c61c734eb364afcdb5c8 ch=77 start_time=2025-09-26T00:42:41.398161+00:00 flow_cell_id=AWX817 basecall_gpu=NVIDIA_Tegra_X2 protocol_group_id=ONT_trialEb_250925 sample_id=ONT_trail_250925 barcode=barcode15 barcode_alias=barcode15 parent_read_id=c5b4167d-a842-4549-a65f-6131c391cd0b basecall_model_version_id=dna_r10.4.1_e8.2_400bps_hac@v4.3.0 rc
1387	087f7ce1-c23c-4ba5-a359-e4a8b0d221e1 runid=0dfb5b492dc86ce99bf7c61c734eb364afcdb5c8 ch=85 start_time=2025-09-25T19:11:03.398161+00:00 flow_cell_id=AWX817 basecall_gpu=NVIDIA_Tegra_X2 protocol_group_id=ONT_trialEb_250925 sample_id=ONT_trail_250925 barcode=barcode13 barcode_alias=barcode13 parent_read_id=087f7ce1-c23c-4ba5-a359-e4a8b0d221e1 basecall_model_version_id=dna_r10.4.1_e8.2_400bps_hac@v4.3.0
1387	16915deb-d264-42f5-a9fb-76f099811721 runid=0dfb5b492dc86ce99bf7c61c734eb364afcdb5c8 ch=106 start_time=2025-09-25T18:28:52.398161+00:00 flow_cell_id=AWX817 basecall_gpu=NVIDIA_Tegra_X2 protocol_group_id=ONT_trialEb_250925 sample_id=ONT_trail_250925 barcode=barcode13 barcode_alias=barcode13 parent_read_id=16915deb-d264-42f5-a9fb-76f099811721 basecall_model_version_id=dna_r10.4.1_e8.2_400bps_hac@v4.3.0 rc
1387	d2a8114b-e7b2-407c-82b4-3382103e197a runid=0dfb5b492dc86ce99bf7c61c734eb364afcdb5c8 ch=80 start_time=2025-09-25T19:36:26.398161+00:00 flow_cell_id=AWX817 basecall_gpu=NVIDIA_Tegra_X2 protocol_group_id=ONT_trialEb_250925 sample_id=ONT_trail_250925 barcode=barcode24 barcode_alias=barcode24 parent_read_id=d2a8114b-e7b2-407c-82b4-3382103e197a basecall_model_version_id=dna_r10.4.1_e8.2_400bps_hac@v4.3.0 rc
1387	cc3bb79d-6369-4ed5-a2ee-ebb444665cb9 runid=0dfb5b492dc86ce99bf7c61c734eb364afcdb5c8 ch=10 start_time=2025-09-25T17:40:34.398161+00:00 flow_cell_id=AWX817 basecall_gpu=NVIDIA_Tegra_X2 protocol_group_id=ONT_trialEb_250925 sample_id=ONT_trail_250925 barcode=barcode14 barcode_alias=barcode14 parent_read_id=cc3bb79d-6369-4ed5-a2ee-ebb444665cb9 basecall_model_version_id=dna_r10.4.1_e8.2_400bps_hac@v4.3.0
1387	ece1d22f-9a31-408e-9aba-d3f5e9125086 runid=0dfb5b492dc86ce99bf7c61c734eb364afcdb5c8 ch=96 start_time=2025-09-26T02:02:47.398161+00:00 flow_cell_id=AWX817 basecall_gpu=NVIDIA_Tegra_X2 protocol_group_id=ONT_trialEb_250925 sample_id=ONT_trail_250925 barcode=barcode13 barcode_alias=barcode13 parent_read_id=b130e1df-1cdc-4062-a281-153b651d8aef basecall_model_version_id=dna_r10.4.1_e8.2_400bps_hac@v4.3.0
1387	c18ef074-bebc-4017-a403-d980306fab7d runid=0dfb5b492dc86ce99bf7c61c734eb364afcdb5c8 ch=118 start_time=2025-09-25T18:10:20.398161+00:00 flow_cell_id=AWX817 basecall_gpu=NVIDIA_Tegra_X2 protocol_group_id=ONT_trialEb_250925 sample_id=ONT_trail_250925 barcode=barcode14 barcode_alias=barcode14 parent_read_id=c18ef074-bebc-4017-a403-d980306fab7d basecall_model_version_id=dna_r10.4.1_e8.2_400bps_hac@v4.3.0
1333	ca31177c-d65b-4f69-8838-d38ec6d03d24 runid=0dfb5b492dc86ce99bf7c61c734eb364afcdb5c8 ch=15 start_time=2025-09-25T18:16:51.398161+00:00 flow_cell_id=AWX817 basecall_gpu=NVIDIA_Tegra_X2 protocol_group_id=ONT_trialEb_250925 sample_id=ONT_trail_250925 barcode=barcode24 barcode_alias=barcode24 parent_read_id=ca31177c-d65b-4f69-8838-d38ec6d03d24 basecall_model_version_id=dna_r10.4.1_e8.2_400bps_hac@v4.3.0 rc
1333	e52ff6af-6f01-4934-a288-ce485d7b41bd runid=0dfb5b492dc86ce99bf7c61c734eb364afcdb5c8 ch=49 start_time=2025-09-26T12:02:11.398161+00:00 flow_cell_id=AWX817 basecall_gpu=NVIDIA_Tegra_X2 protocol_group_id=ONT_trialEb_250925 sample_id=ONT_trail_250925 barcode=barcode14 barcode_alias=barcode14 parent_read_id=e52ff6af-6f01-4934-a288-ce485d7b41bd basecall_model_version_id=dna_r10.4.1_e8.2_400bps_hac@v4.3.0 rc
1333	1e2cbece-d22f-4383-959e-fcd2528b64f6 runid=0dfb5b492dc86ce99bf7c61c734eb364afcdb5c8 ch=39 start_time=2025-09-25T18:21:25.398161+00:00 flow_cell_id=AWX817 basecall_gpu=NVIDIA_Tegra_X2 protocol_group_id=ONT_trialEb_250925 sample_id=ONT_trail_250925 barcode=barcode15 barcode_alias=barcode15 parent_read_id=1e2cbece-d22f-4383-959e-fcd2528b64f6 basecall_model_version_id=dna_r10.4.1_e8.2_400bps_hac@v4.3.0
1333	ea630558-0ba9-493f-8562-4331b0bdb743 runid=0dfb5b492dc86ce99bf7c61c734eb364afcdb5c8 ch=73 start_time=2025-09-25T18:48:01.398161+00:00 flow_cell_id=AWX817 basecall_gpu=NVIDIA_Tegra_X2 protocol_group_id=ONT_trialEb_250925 sample_id=ONT_trail_250925 barcode=barcode24 barcode_alias=barcode24 parent_read_id=ea630558-0ba9-493f-8562-4331b0bdb743 basecall_model_version_id=dna_r10.4.1_e8.2_400bps_hac@v4.3.0
1333	26d51d35-7a93-417b-b85c-3e0d24edf20d runid=0dfb5b492dc86ce99bf7c61c734eb364afcdb5c8 ch=5 start_time=2025-09-25T23:35:49.398161+00:00 flow_cell_id=AWX817 basecall_gpu=NVIDIA_Tegra_X2 protocol_group_id=ONT_trialEb_250925 sample_id=ONT_trail_250925 barcode=barcode14 barcode_alias=barcode14 parent_read_id=26d51d35-7a93-417b-b85c-3e0d24edf20d basecall_model_version_id=dna_r10.4.1_e8.2_400bps_hac@v4.3.0
1333	26d51d35-7a93-417b-b85c-3e0d24edf20d runid=0dfb5b492dc86ce99bf7c61c734eb364afcdb5c8 ch=5 start_time=2025-09-25T23:35:49.398161+00:00 flow_cell_id=AWX817 basecall_gpu=NVIDIA_Tegra_X2 protocol_group_id=ONT_trialEb_250925 sample_id=ONT_trail_250925 barcode=barcode14 barcode_alias=barcode14 parent_read_id=26d51d35-7a93-417b-b85c-3e0d24edf20d basecall_model_version_id=dna_r10.4.1_e8.2_400bps_hac@v4.3.0
1333	afd41c0b-fbfc-4aa9-b7cc-62e0b4b4a3dd runid=0dfb5b492dc86ce99bf7c61c734eb364afcdb5c8 ch=5 start_time=2025-09-25T23:46:40.398161+00:00 flow_cell_id=AWX817 basecall_gpu=NVIDIA_Tegra_X2 protocol_group_id=ONT_trialEb_250925 sample_id=ONT_trail_250925 barcode=barcode24 barcode_alias=barcode24 parent_read_id=afd41c0b-fbfc-4aa9-b7cc-62e0b4b4a3dd basecall_model_version_id=dna_r10.4.1_e8.2_400bps_hac@v4.3.0 rc
1333	b35c6631-5dfc-4b2c-a274-97c3c128a850 runid=0dfb5b492dc86ce99bf7c61c734eb364afcdb5c8 ch=49 start_time=2025-09-26T11:02:38.398161+00:00 flow_cell_id=AWX817 basecall_gpu=NVIDIA_Tegra_X2 protocol_group_id=ONT_trialEb_250925 sample_id=ONT_trail_250925 barcode=barcode13 barcode_alias=barcode13 parent_read_id=b35c6631-5dfc-4b2c-a274-97c3c128a850 basecall_model_version_id=dna_r10.4.1_e8.2_400bps_hac@v4.3.0 rc
1333	64ffa824-9773-4327-b75c-27d597670dc0 runid=0dfb5b492dc86ce99bf7c61c734eb364afcdb5c8 ch=110 start_time=2025-09-25T19:34:26.398161+00:00 flow_cell_id=AWX817 basecall_gpu=NVIDIA_Tegra_X2 protocol_group_id=ONT_trialEb_250925 sample_id=ONT_trail_250925 barcode=barcode14 barcode_alias=barcode14 parent_read_id=64ffa824-9773-4327-b75c-27d597670dc0 basecall_model_version_id=dna_r10.4.1_e8.2_400bps_hac@v4.3.0 rc
1333	018cdf4f-6047-4d9d-b9f3-fa0266eccbc2 runid=0dfb5b492dc86ce99bf7c61c734eb364afcdb5c8 ch=15 start_time=2025-09-25T19:17:35.398161+00:00 flow_cell_id=AWX817 basecall_gpu=NVIDIA_Tegra_X2 protocol_group_id=ONT_trialEb_250925 sample_id=ONT_trail_250925 barcode=barcode24 barcode_alias=barcode24 parent_read_id=018cdf4f-6047-4d9d-b9f3-fa0266eccbc2 basecall_model_version_id=dna_r10.4.1_e8.2_400bps_hac@v4.3.0 rc
1333	0bf8a63c-0429-4bbc-80bd-425901b0352e runid=0dfb5b492dc86ce99bf7c61c734eb364afcdb5c8 ch=45 start_time=2025-09-25T17:52:40.398161+00:00 flow_cell_id=AWX817 basecall_gpu=NVIDIA_Tegra_X2 protocol_group_id=ONT_trialEb_250925 sample_id=ONT_trail_250925 barcode=barcode24 barcode_alias=barcode24 parent_read_id=0bf8a63c-0429-4bbc-80bd-425901b0352e basecall_model_version_id=dna_r10.4.1_e8.2_400bps_hac@v4.3.0
1333	3ce59faf-8333-4309-9512-424ca69f572b runid=0dfb5b492dc86ce99bf7c61c734eb364afcdb5c8 ch=80 start_time=2025-09-25T20:12:13.398161+00:00 flow_cell_id=AWX817 basecall_gpu=NVIDIA_Tegra_X2 protocol_group_id=ONT_trialEb_250925 sample_id=ONT_trail_250925 barcode=barcode24 barcode_alias=barcode24 parent_read_id=3ce59faf-8333-4309-9512-424ca69f572b basecall_model_version_id=dna_r10.4.1_e8.2_400bps_hac@v4.3.0
1333	511ec50b-250c-44d6-8e01-bddad09bb2af runid=0dfb5b492dc86ce99bf7c61c734eb364afcdb5c8 ch=49 start_time=2025-09-26T11:12:42.398161+00:00 flow_cell_id=AWX817 basecall_gpu=NVIDIA_Tegra_X2 protocol_group_id=ONT_trialEb_250925 sample_id=ONT_trail_250925 barcode=barcode15 barcode_alias=barcode15 parent_read_id=511ec50b-250c-44d6-8e01-bddad09bb2af basecall_model_version_id=dna_r10.4.1_e8.2_400bps_hac@v4.3.0
1333	bf0f0b3a-87f1-49d2-9ee5-00c340d36d03 runid=0dfb5b492dc86ce99bf7c61c734eb364afcdb5c8 ch=77 start_time=2025-09-25T21:26:45.398161+00:00 flow_cell_id=AWX817 basecall_gpu=NVIDIA_Tegra_X2 protocol_group_id=ONT_trialEb_250925 sample_id=ONT_trail_250925 barcode=barcode14 barcode_alias=barcode14 parent_read_id=bf0f0b3a-87f1-49d2-9ee5-00c340d36d03 basecall_model_version_id=dna_r10.4.1_e8.2_400bps_hac@v4.3.0 rc
1333	bf0f0b3a-87f1-49d2-9ee5-00c340d36d03 runid=0dfb5b492dc86ce99bf7c61c734eb364afcdb5c8 ch=77 start_time=2025-09-25T21:26:45.398161+00:00 flow_cell_id=AWX817 basecall_gpu=NVIDIA_Tegra_X2 protocol_group_id=ONT_trialEb_250925 sample_id=ONT_trail_250925 barcode=barcode14 barcode_alias=barcode14 parent_read_id=bf0f0b3a-87f1-49d2-9ee5-00c340d36d03 basecall_model_version_id=dna_r10.4.1_e8.2_400bps_hac@v4.3.0 rc
1333	7290b39c-66bc-4b34-9065-df5bc6fb6cda runid=0dfb5b492dc86ce99bf7c61c734eb364afcdb5c8 ch=56 start_time=2025-09-25T16:16:05.398161+00:00 flow_cell_id=AWX817 basecall_gpu=NVIDIA_Tegra_X2 protocol_group_id=ONT_trialEb_250925 sample_id=ONT_trail_250925 barcode=barcode15 barcode_alias=barcode15 parent_read_id=7290b39c-66bc-4b34-9065-df5bc6fb6cda basecall_model_version_id=dna_r10.4.1_e8.2_400bps_hac@v4.3.0 rc
1333	8e5dbf26-3efc-4db5-bfe6-1b93e8cb1a71 runid=0dfb5b492dc86ce99bf7c61c734eb364afcdb5c8 ch=44 start_time=2025-09-25T20:38:29.398161+00:00 flow_cell_id=AWX817 basecall_gpu=NVIDIA_Tegra_X2 protocol_group_id=ONT_trialEb_250925 sample_id=ONT_trail_250925 barcode=barcode24 barcode_alias=barcode24 parent_read_id=8e5dbf26-3efc-4db5-bfe6-1b93e8cb1a71 basecall_model_version_id=dna_r10.4.1_e8.2_400bps_hac@v4.3.0 rc
1333	2f6e8d9c-8f7f-4737-8d72-b306b731a6a8 runid=0dfb5b492dc86ce99bf7c61c734eb364afcdb5c8 ch=92 start_time=2025-09-25T22:48:52.398161+00:00 flow_cell_id=AWX817 basecall_gpu=NVIDIA_Tegra_X2 protocol_group_id=ONT_trialEb_250925 sample_id=ONT_trail_250925 barcode=barcode24 barcode_alias=barcode24 parent_read_id=2f6e8d9c-8f7f-4737-8d72-b306b731a6a8 basecall_model_version_id=dna_r10.4.1_e8.2_400bps_hac@v4.3.0 rc
1333	96d79448-7fd3-4066-a461-66a1c2c28e10 runid=0dfb5b492dc86ce99bf7c61c734eb364afcdb5c8 ch=100 start_time=2025-09-25T22:25:30.398161+00:00 flow_cell_id=AWX817 basecall_gpu=NVIDIA_Tegra_X2 protocol_group_id=ONT_trialEb_250925 sample_id=ONT_trail_250925 barcode=barcode24 barcode_alias=barcode24 parent_read_id=96d79448-7fd3-4066-a461-66a1c2c28e10 basecall_model_version_id=dna_r10.4.1_e8.2_400bps_hac@v4.3.0
1333	8ba19acb-e1fb-427b-8e12-c4fe6c411109 runid=0dfb5b492dc86ce99bf7c61c734eb364afcdb5c8 ch=118 start_time=2025-09-25T21:52:30.398161+00:00 flow_cell_id=AWX817 basecall_gpu=NVIDIA_Tegra_X2 protocol_group_id=ONT_trialEb_250925 sample_id=ONT_trail_250925 barcode=barcode24 barcode_alias=barcode24 parent_read_id=8ba19acb-e1fb-427b-8e12-c4fe6c411109 basecall_model_version_id=dna_r10.4.1_e8.2_400bps_hac@v4.3.0 rc
1333	f890d5ed-1a22-43ed-94cc-2410d76f4beb runid=0dfb5b492dc86ce99bf7c61c734eb364afcdb5c8 ch=4 start_time=2025-09-26T01:16:32.398161+00:00 flow_cell_id=AWX817 basecall_gpu=NVIDIA_Tegra_X2 protocol_group_id=ONT_trialEb_250925 sample_id=ONT_trail_250925 barcode=barcode24 barcode_alias=barcode24 parent_read_id=f890d5ed-1a22-43ed-94cc-2410d76f4beb basecall_model_version_id=dna_r10.4.1_e8.2_400bps_hac@v4.3.0
1333	56e02d6f-e855-49ab-a54b-65915183e654 runid=0dfb5b492dc86ce99bf7c61c734eb364afcdb5c8 ch=15 start_time=2025-09-25T18:30:26.398161+00:00 flow_cell_id=AWX817 basecall_gpu=NVIDIA_Tegra_X2 protocol_group_id=ONT_trialEb_250925 sample_id=ONT_trail_250925 barcode=barcode24 barcode_alias=barcode24 parent_read_id=56e02d6f-e855-49ab-a54b-65915183e654 basecall_model_version_id=dna_r10.4.1_e8.2_400bps_hac@v4.3.0
1333	d4047fd5-5a74-4424-9234-f76b7e1c3931 runid=0dfb5b492dc86ce99bf7c61c734eb364afcdb5c8 ch=20 start_time=2025-09-25T21:07:54.398161+00:00 flow_cell_id=AWX817 basecall_gpu=NVIDIA_Tegra_X2 protocol_group_id=ONT_trialEb_250925 sample_id=ONT_trail_250925 barcode=barcode24 barcode_alias=barcode24 parent_read_id=d4047fd5-5a74-4424-9234-f76b7e1c3931 basecall_model_version_id=dna_r10.4.1_e8.2_400bps_hac@v4.3.0
1333	f3deb838-2e3b-4726-a605-928af659a1ee runid=0dfb5b492dc86ce99bf7c61c734eb364afcdb5c8 ch=90 start_time=2025-09-25T17:43:07.398161+00:00 flow_cell_id=AWX817 basecall_gpu=NVIDIA_Tegra_X2 protocol_group_id=ONT_trialEb_250925 sample_id=ONT_trail_250925 barcode=barcode24 barcode_alias=barcode24 parent_read_id=f3deb838-2e3b-4726-a605-928af659a1ee basecall_model_version_id=dna_r10.4.1_e8.2_400bps_hac@v4.3.0 rc
1333	9c39e431-491f-4e9b-bf6b-5045dae25556 runid=0dfb5b492dc86ce99bf7c61c734eb364afcdb5c8 ch=79 start_time=2025-09-25T18:59:38.398161+00:00 flow_cell_id=AWX817 basecall_gpu=NVIDIA_Tegra_X2 protocol_group_id=ONT_trialEb_250925 sample_id=ONT_trail_250925 barcode=barcode15 barcode_alias=barcode15 parent_read_id=9c39e431-491f-4e9b-bf6b-5045dae25556 basecall_model_version_id=dna_r10.4.1_e8.2_400bps_hac@v4.3.0 rc
1333	45872772-5cf8-4d48-9d09-67c04a40ac69 runid=0dfb5b492dc86ce99bf7c61c734eb364afcdb5c8 ch=5 start_time=2025-09-25T17:09:12.398161+00:00 flow_cell_id=AWX817 basecall_gpu=NVIDIA_Tegra_X2 protocol_group_id=ONT_trialEb_250925 sample_id=ONT_trail_250925 barcode=barcode15 barcode_alias=barcode15 parent_read_id=45872772-5cf8-4d48-9d09-67c04a40ac69 basecall_model_version_id=dna_r10.4.1_e8.2_400bps_hac@v4.3.0
1333	635ff897-2d7a-403e-a3fb-05ecee0cc282 runid=0dfb5b492dc86ce99bf7c61c734eb364afcdb5c8 ch=85 start_time=2025-09-25T21:37:43.398161+00:00 flow_cell_id=AWX817 basecall_gpu=NVIDIA_Tegra_X2 protocol_group_id=ONT_trialEb_250925 sample_id=ONT_trail_250925 barcode=barcode24 barcode_alias=barcode24 parent_read_id=635ff897-2d7a-403e-a3fb-05ecee0cc282 basecall_model_version_id=dna_r10.4.1_e8.2_400bps_hac@v4.3.0 rc
1333	bf5189e1-7913-42e9-9ba3-d0f8e06e4188 runid=0dfb5b492dc86ce99bf7c61c734eb364afcdb5c8 ch=80 start_time=2025-09-25T17:13:50.398161+00:00 flow_cell_id=AWX817 basecall_gpu=NVIDIA_Tegra_X2 protocol_group_id=ONT_trialEb_250925 sample_id=ONT_trail_250925 barcode=barcode13 barcode_alias=barcode13 parent_read_id=bf5189e1-7913-42e9-9ba3-d0f8e06e4188 basecall_model_version_id=dna_r10.4.1_e8.2_400bps_hac@v4.3.0 rc
1333	416ebde6-82ea-43ce-ac05-3c50d05656b9 runid=0dfb5b492dc86ce99bf7c61c734eb364afcdb5c8 ch=110 start_time=2025-09-25T17:07:47.398161+00:00 flow_cell_id=AWX817 basecall_gpu=NVIDIA_Tegra_X2 protocol_group_id=ONT_trialEb_250925 sample_id=ONT_trail_250925 barcode=barcode24 barcode_alias=barcode24 parent_read_id=416ebde6-82ea-43ce-ac05-3c50d05656b9 basecall_model_version_id=dna_r10.4.1_e8.2_400bps_hac@v4.3.0 rc
1333	85ca12a7-8b0b-4a17-ab8f-3704fd243f8f runid=0dfb5b492dc86ce99bf7c61c734eb364afcdb5c8 ch=49 start_time=2025-09-26T10:13:49.398161+00:00 flow_cell_id=AWX817 basecall_gpu=NVIDIA_Tegra_X2 protocol_group_id=ONT_trialEb_250925 sample_id=ONT_trail_250925 barcode=barcode14 barcode_alias=barcode14 parent_read_id=85ca12a7-8b0b-4a17-ab8f-3704fd243f8f basecall_model_version_id=dna_r10.4.1_e8.2_400bps_hac@v4.3.0 rc
1333	1f535b75-e0bb-463f-98df-286fd62e1226 runid=0dfb5b492dc86ce99bf7c61c734eb364afcdb5c8 ch=20 start_time=2025-09-25T19:51:56.398161+00:00 flow_cell_id=AWX817 basecall_gpu=NVIDIA_Tegra_X2 protocol_group_id=ONT_trialEb_250925 sample_id=ONT_trail_250925 barcode=barcode14 barcode_alias=barcode14 parent_read_id=1f535b75-e0bb-463f-98df-286fd62e1226 basecall_model_version_id=dna_r10.4.1_e8.2_400bps_hac@v4.3.0 rc
1333	1f535b75-e0bb-463f-98df-286fd62e1226 runid=0dfb5b492dc86ce99bf7c61c734eb364afcdb5c8 ch=20 start_time=2025-09-25T19:51:56.398161+00:00 flow_cell_id=AWX817 basecall_gpu=NVIDIA_Tegra_X2 protocol_group_id=ONT_trialEb_250925 sample_id=ONT_trail_250925 barcode=barcode14 barcode_alias=barcode14 parent_read_id=1f535b75-e0bb-463f-98df-286fd62e1226 basecall_model_version_id=dna_r10.4.1_e8.2_400bps_hac@v4.3.0 rc
1333	47394bc1-4716-42a9-be81-8751408e74fc runid=0dfb5b492dc86ce99bf7c61c734eb364afcdb5c8 ch=20 start_time=2025-09-25T23:16:25.398161+00:00 flow_cell_id=AWX817 basecall_gpu=NVIDIA_Tegra_X2 protocol_group_id=ONT_trialEb_250925 sample_id=ONT_trail_250925 barcode=barcode14 barcode_alias=barcode14 parent_read_id=47394bc1-4716-42a9-be81-8751408e74fc basecall_model_version_id=dna_r10.4.1_e8.2_400bps_hac@v4.3.0 rc
1333	2de33998-b003-4530-91de-8bd0d458e8c5 runid=0dfb5b492dc86ce99bf7c61c734eb364afcdb5c8 ch=41 start_time=2025-09-25T17:57:43.398161+00:00 flow_cell_id=AWX817 basecall_gpu=NVIDIA_Tegra_X2 protocol_group_id=ONT_trialEb_250925 sample_id=ONT_trail_250925 barcode=barcode24 barcode_alias=barcode24 parent_read_id=2de33998-b003-4530-91de-8bd0d458e8c5 basecall_model_version_id=dna_r10.4.1_e8.2_400bps_hac@v4.3.0 rc
1333	d485c3d8-65df-4be5-91e6-b5244c992419 runid=0dfb5b492dc86ce99bf7c61c734eb364afcdb5c8 ch=106 start_time=2025-09-25T20:09:21.398161+00:00 flow_cell_id=AWX817 basecall_gpu=NVIDIA_Tegra_X2 protocol_group_id=ONT_trialEb_250925 sample_id=ONT_trail_250925 barcode=barcode13 barcode_alias=barcode13 parent_read_id=d485c3d8-65df-4be5-91e6-b5244c992419 basecall_model_version_id=dna_r10.4.1_e8.2_400bps_hac@v4.3.0 rc
1333	2be269fe-1974-44cf-a337-28f1cd4435a2 runid=0dfb5b492dc86ce99bf7c61c734eb364afcdb5c8 ch=79 start_time=2025-09-25T22:06:12.398161+00:00 flow_cell_id=AWX817 basecall_gpu=NVIDIA_Tegra_X2 protocol_group_id=ONT_trialEb_250925 sample_id=ONT_trail_250925 barcode=barcode24 barcode_alias=barcode24 parent_read_id=2be269fe-1974-44cf-a337-28f1cd4435a2 basecall_model_version_id=dna_r10.4.1_e8.2_400bps_hac@v4.3.0 rc
1333	ca1929b4-ece4-4a52-8680-443de9e57a1d runid=0dfb5b492dc86ce99bf7c61c734eb364afcdb5c8 ch=77 start_time=2025-09-25T20:49:16.398161+00:00 flow_cell_id=AWX817 basecall_gpu=NVIDIA_Tegra_X2 protocol_group_id=ONT_trialEb_250925 sample_id=ONT_trail_250925 barcode=barcode14 barcode_alias=barcode14 parent_read_id=ca1929b4-ece4-4a52-8680-443de9e57a1d basecall_model_version_id=dna_r10.4.1_e8.2_400bps_hac@v4.3.0 rc
