0	a239dbc8-d2e7-4f37-bb6a-a90d840f77d5 runid=0dfb5b492dc86ce99bf7c61c734eb364afcdb5c8 ch=4 start_time=2025-09-25T19:46:33.398161+00:00 flow_cell_id=AWX817 basecall_gpu=NVIDIA_Tegra_X2 protocol_group_id=ONT_trialEb_250925 sample_id=ONT_trail_250925 barcode=barcode24 barcode_alias=barcode24 parent_read_id=a239dbc8-d2e7-4f37-bb6a-a90d840f77d5 basecall_model_version_id=dna_r10.4.1_e8.2_400bps_hac@v4.3.0 rc
0	6f730a25-4c32-492e-bd74-659074c4c88b runid=0dfb5b492dc86ce99bf7c61c734eb364afcdb5c8 ch=44 start_time=2025-09-25T23:01:18.398161+00:00 flow_cell_id=AWX817 basecall_gpu=NVIDIA_Tegra_X2 protocol_group_id=ONT_trialEb_250925 sample_id=ONT_trail_250925 barcode=barcode23 barcode_alias=barcode23 parent_read_id=6f730a25-4c32-492e-bd74-659074c4c88b basecall_model_version_id=dna_r10.4.1_e8.2_400bps_hac@v4.3.0 rc
0	96b78635-ff04-4146-9b0e-b095b3a40e2c runid=0dfb5b492dc86ce99bf7c61c734eb364afcdb5c8 ch=58 start_time=2025-09-25T22:34:57.398161+00:00 flow_cell_id=AWX817 basecall_gpu=NVIDIA_Tegra_X2 protocol_group_id=ONT_trialEb_250925 sample_id=ONT_trail_250925 barcode=barcode22 barcode_alias=barcode22 parent_read_id=96b78635-ff04-4146-9b0e-b095b3a40e2c basecall_model_version_id=dna_r10.4.1_e8.2_400bps_hac@v4.3.0 rc
0	7f27adfe-7980-4415-97d9-a1e903219caf runid=0dfb5b492dc86ce99bf7c61c734eb364afcdb5c8 ch=56 start_time=2025-09-25T17:20:27.398161+00:00 flow_cell_id=AWX817 basecall_gpu=NVIDIA_Tegra_X2 protocol_group_id=ONT_trialEb_250925 sample_id=ONT_trail_250925 barcode=barcode22 barcode_alias=barcode22 parent_read_id=7f27adfe-7980-4415-97d9-a1e903219caf basecall_model_version_id=dna_r10.4.1_e8.2_400bps_hac@v4.3.0 rc
0	16e80508-c87f-4662-ac5f-e6167c0faf1a runid=0dfb5b492dc86ce99bf7c61c734eb364afcdb5c8 ch=108 start_time=2025-09-25T16:23:19.398161+00:00 flow_cell_id=AWX817 basecall_gpu=NVIDIA_Tegra_X2 protocol_group_id=ONT_trialEb_250925 sample_id=ONT_trail_250925 barcode=barcode22 barcode_alias=barcode22 parent_read_id=16e80508-c87f-4662-ac5f-e6167c0faf1a basecall_model_version_id=dna_r10.4.1_e8.2_400bps_hac@v4.3.0
0	456d3ea3-e852-4457-865e-261530b3c9e3 runid=0dfb5b492dc86ce99bf7c61c734eb364afcdb5c8 ch=57 start_time=2025-09-25T16:27:38.398161+00:00 flow_cell_id=AWX817 basecall_gpu=NVIDIA_Tegra_X2 protocol_group_id=ONT_trialEb_250925 sample_id=ONT_trail_250925 barcode=barcode22 barcode_alias=barcode22 parent_read_id=456d3ea3-e852-4457-865e-261530b3c9e3 basecall_model_version_id=dna_r10.4.1_e8.2_400bps_hac@v4.3.0 rc
0	006c1e10-a9e5-424f-937f-dc0c674f7fb3 runid=0dfb5b492dc86ce99bf7c61c734eb364afcdb5c8 ch=49 start_time=2025-09-25T18:09:43.398161+00:00 flow_cell_id=AWX817 basecall_gpu=NVIDIA_Tegra_X2 protocol_group_id=ONT_trialEb_250925 sample_id=ONT_trail_250925 barcode=barcode22 barcode_alias=barcode22 parent_read_id=006c1e10-a9e5-424f-937f-dc0c674f7fb3 basecall_model_version_id=dna_r10.4.1_e8.2_400bps_hac@v4.3.0 rc
0	8550def6-de1e-43a4-a650-69f818089675 runid=0dfb5b492dc86ce99bf7c61c734eb364afcdb5c8 ch=4 start_time=2025-09-25T19:57:58.398161+00:00 flow_cell_id=AWX817 basecall_gpu=NVIDIA_Tegra_X2 protocol_group_id=ONT_trialEb_250925 sample_id=ONT_trail_250925 barcode=barcode22 barcode_alias=barcode22 parent_read_id=8550def6-de1e-43a4-a650-69f818089675 basecall_model_version_id=dna_r10.4.1_e8.2_400bps_hac@v4.3.0 rc
0	bfa3b381-c31d-48c2-9c8a-b5a30c532212 runid=0dfb5b492dc86ce99bf7c61c734eb364afcdb5c8 ch=58 start_time=2025-09-25T21:18:42.398161+00:00 flow_cell_id=AWX817 basecall_gpu=NVIDIA_Tegra_X2 protocol_group_id=ONT_trialEb_250925 sample_id=ONT_trail_250925 barcode=barcode24 barcode_alias=barcode24 parent_read_id=bfa3b381-c31d-48c2-9c8a-b5a30c532212 basecall_model_version_id=dna_r10.4.1_e8.2_400bps_hac@v4.3.0
0	5c4a58e0-1a72-4543-86c1-926446ee0b71 runid=0dfb5b492dc86ce99bf7c61c734eb364afcdb5c8 ch=20 start_time=2025-09-26T06:36:20.398161+00:00 flow_cell_id=AWX817 basecall_gpu=NVIDIA_Tegra_X2 protocol_group_id=ONT_trialEb_250925 sample_id=ONT_trail_250925 barcode=barcode22 barcode_alias=barcode22 parent_read_id=5c4a58e0-1a72-4543-86c1-926446ee0b71 basecall_model_version_id=dna_r10.4.1_e8.2_400bps_hac@v4.3.0
0	5c4a58e0-1a72-4543-86c1-926446ee0b71 runid=0dfb5b492dc86ce99bf7c61c734eb364afcdb5c8 ch=20 start_time=2025-09-26T06:36:20.398161+00:00 flow_cell_id=AWX817 basecall_gpu=NVIDIA_Tegra_X2 protocol_group_id=ONT_trialEb_250925 sample_id=ONT_trail_250925 barcode=barcode22 barcode_alias=barcode22 parent_read_id=5c4a58e0-1a72-4543-86c1-926446ee0b71 basecall_model_version_id=dna_r10.4.1_e8.2_400bps_hac@v4.3.0
0	1109d01d-9e85-4468-a0eb-d1a9317a5139 runid=0dfb5b492dc86ce99bf7c61c734eb364afcdb5c8 ch=56 start_time=2025-09-25T16:13:37.398161+00:00 flow_cell_id=AWX817 basecall_gpu=NVIDIA_Tegra_X2 protocol_group_id=ONT_trialEb_250925 sample_id=ONT_trail_250925 barcode=barcode22 barcode_alias=barcode22 parent_read_id=1109d01d-9e85-4468-a0eb-d1a9317a5139 basecall_model_version_id=dna_r10.4.1_e8.2_400bps_hac@v4.3.0 rc
0	1109d01d-9e85-4468-a0eb-d1a9317a5139 runid=0dfb5b492dc86ce99bf7c61c734eb364afcdb5c8 ch=56 start_time=2025-09-25T16:13:37.398161+00:00 flow_cell_id=AWX817 basecall_gpu=NVIDIA_Tegra_X2 protocol_group_id=ONT_trialEb_250925 sample_id=ONT_trail_250925 barcode=barcode22 barcode_alias=barcode22 parent_read_id=1109d01d-9e85-4468-a0eb-d1a9317a5139 basecall_model_version_id=dna_r10.4.1_e8.2_400bps_hac@v4.3.0 rc
0	fa11d8d3-4eb0-4228-b56d-523c85212ddc runid=0dfb5b492dc86ce99bf7c61c734eb364afcdb5c8 ch=39 start_time=2025-09-25T20:04:49.398161+00:00 flow_cell_id=AWX817 basecall_gpu=NVIDIA_Tegra_X2 protocol_group_id=ONT_trialEb_250925 sample_id=ONT_trail_250925 barcode=barcode22 barcode_alias=barcode22 parent_read_id=fa11d8d3-4eb0-4228-b56d-523c85212ddc basecall_model_version_id=dna_r10.4.1_e8.2_400bps_hac@v4.3.0
0	fa11d8d3-4eb0-4228-b56d-523c85212ddc runid=0dfb5b492dc86ce99bf7c61c734eb364afcdb5c8 ch=39 start_time=2025-09-25T20:04:49.398161+00:00 flow_cell_id=AWX817 basecall_gpu=NVIDIA_Tegra_X2 protocol_group_id=ONT_trialEb_250925 sample_id=ONT_trail_250925 barcode=barcode22 barcode_alias=barcode22 parent_read_id=fa11d8d3-4eb0-4228-b56d-523c85212ddc basecall_model_version_id=dna_r10.4.1_e8.2_400bps_hac@v4.3.0
0	8dd4a8e4-1743-4fa4-b7c1-354a3e5af007 runid=0dfb5b492dc86ce99bf7c61c734eb364afcdb5c8 ch=58 start_time=2025-09-25T17:24:58.398161+00:00 flow_cell_id=AWX817 basecall_gpu=NVIDIA_Tegra_X2 protocol_group_id=ONT_trialEb_250925 sample_id=ONT_trail_250925 barcode=barcode22 barcode_alias=barcode22 parent_read_id=8dd4a8e4-1743-4fa4-b7c1-354a3e5af007 basecall_model_version_id=dna_r10.4.1_e8.2_400bps_hac@v4.3.0 rc
0	e9fc92b6-16b9-42c4-8ab2-7cd479c83e42 runid=0dfb5b492dc86ce99bf7c61c734eb364afcdb5c8 ch=73 start_time=2025-09-25T18:38:49.398161+00:00 flow_cell_id=AWX817 basecall_gpu=NVIDIA_Tegra_X2 protocol_group_id=ONT_trialEb_250925 sample_id=ONT_trail_250925 barcode=barcode24 barcode_alias=barcode24 parent_read_id=e9fc92b6-16b9-42c4-8ab2-7cd479c83e42 basecall_model_version_id=dna_r10.4.1_e8.2_400bps_hac@v4.3.0
0	dd8983db-f970-4892-8f26-536d22746172 runid=0dfb5b492dc86ce99bf7c61c734eb364afcdb5c8 ch=4 start_time=2025-09-26T07:51:58.398161+00:00 flow_cell_id=AWX817 basecall_gpu=NVIDIA_Tegra_X2 protocol_group_id=ONT_trialEb_250925 sample_id=ONT_trail_250925 barcode=barcode24 barcode_alias=barcode24 parent_read_id=dd8983db-f970-4892-8f26-536d22746172 basecall_model_version_id=dna_r10.4.1_e8.2_400bps_hac@v4.3.0 rc
0	357b6deb-ca84-49f1-9744-346985386839 runid=0dfb5b492dc86ce99bf7c61c734eb364afcdb5c8 ch=56 start_time=2025-09-25T15:47:43.398161+00:00 flow_cell_id=AWX817 basecall_gpu=NVIDIA_Tegra_X2 protocol_group_id=ONT_trialEb_250925 sample_id=ONT_trail_250925 barcode=barcode22 barcode_alias=barcode22 parent_read_id=357b6deb-ca84-49f1-9744-346985386839 basecall_model_version_id=dna_r10.4.1_e8.2_400bps_hac@v4.3.0 rc
0	357b6deb-ca84-49f1-9744-346985386839 runid=0dfb5b492dc86ce99bf7c61c734eb364afcdb5c8 ch=56 start_time=2025-09-25T15:47:43.398161+00:00 flow_cell_id=AWX817 basecall_gpu=NVIDIA_Tegra_X2 protocol_group_id=ONT_trialEb_250925 sample_id=ONT_trail_250925 barcode=barcode22 barcode_alias=barcode22 parent_read_id=357b6deb-ca84-49f1-9744-346985386839 basecall_model_version_id=dna_r10.4.1_e8.2_400bps_hac@v4.3.0 rc
0	24c9e875-ea71-4731-a190-c4f095ccf0f6 runid=0dfb5b492dc86ce99bf7c61c734eb364afcdb5c8 ch=56 start_time=2025-09-25T17:08:33.398161+00:00 flow_cell_id=AWX817 basecall_gpu=NVIDIA_Tegra_X2 protocol_group_id=ONT_trialEb_250925 sample_id=ONT_trail_250925 barcode=barcode22 barcode_alias=barcode22 parent_read_id=24c9e875-ea71-4731-a190-c4f095ccf0f6 basecall_model_version_id=dna_r10.4.1_e8.2_400bps_hac@v4.3.0 rc
0	24c9e875-ea71-4731-a190-c4f095ccf0f6 runid=0dfb5b492dc86ce99bf7c61c734eb364afcdb5c8 ch=56 start_time=2025-09-25T17:08:33.398161+00:00 flow_cell_id=AWX817 basecall_gpu=NVIDIA_Tegra_X2 protocol_group_id=ONT_trialEb_250925 sample_id=ONT_trail_250925 barcode=barcode22 barcode_alias=barcode22 parent_read_id=24c9e875-ea71-4731-a190-c4f095ccf0f6 basecall_model_version_id=dna_r10.4.1_e8.2_400bps_hac@v4.3.0 rc
0	c8de8489-6ef7-4325-9ad4-8c625aae8562 runid=0dfb5b492dc86ce99bf7c61c734eb364afcdb5c8 ch=20 start_time=2025-09-25T21:54:17.398161+00:00 flow_cell_id=AWX817 basecall_gpu=NVIDIA_Tegra_X2 protocol_group_id=ONT_trialEb_250925 sample_id=ONT_trail_250925 barcode=barcode23 barcode_alias=barcode23 parent_read_id=c8de8489-6ef7-4325-9ad4-8c625aae8562 basecall_model_version_id=dna_r10.4.1_e8.2_400bps_hac@v4.3.0 rc
0	1866090a-f929-41d7-b871-9bd274cecbd7 runid=0dfb5b492dc86ce99bf7c61c734eb364afcdb5c8 ch=20 start_time=2025-09-26T00:12:26.398161+00:00 flow_cell_id=AWX817 basecall_gpu=NVIDIA_Tegra_X2 protocol_group_id=ONT_trialEb_250925 sample_id=ONT_trail_250925 barcode=barcode22 barcode_alias=barcode22 parent_read_id=1866090a-f929-41d7-b871-9bd274cecbd7 basecall_model_version_id=dna_r10.4.1_e8.2_400bps_hac@v4.3.0
0	f684b2b6-2a9d-419d-89b4-38c12997c592 runid=0dfb5b492dc86ce99bf7c61c734eb364afcdb5c8 ch=18 start_time=2025-09-25T19:06:14.398161+00:00 flow_cell_id=AWX817 basecall_gpu=NVIDIA_Tegra_X2 protocol_group_id=ONT_trialEb_250925 sample_id=ONT_trail_250925 barcode=barcode22 barcode_alias=barcode22 parent_read_id=f684b2b6-2a9d-419d-89b4-38c12997c592 basecall_model_version_id=dna_r10.4.1_e8.2_400bps_hac@v4.3.0 rc
0	57f77fb3-a436-4761-875e-1bf0d83aa99e runid=0dfb5b492dc86ce99bf7c61c734eb364afcdb5c8 ch=44 start_time=2025-09-25T23:01:12.398161+00:00 flow_cell_id=AWX817 basecall_gpu=NVIDIA_Tegra_X2 protocol_group_id=ONT_trialEb_250925 sample_id=ONT_trail_250925 barcode=barcode24 barcode_alias=barcode24 parent_read_id=57f77fb3-a436-4761-875e-1bf0d83aa99e basecall_model_version_id=dna_r10.4.1_e8.2_400bps_hac@v4.3.0 rc
0	d10a085a-ee11-47ba-a926-8af74818f4cf runid=0dfb5b492dc86ce99bf7c61c734eb364afcdb5c8 ch=57 start_time=2025-09-25T16:03:02.398161+00:00 flow_cell_id=AWX817 basecall_gpu=NVIDIA_Tegra_X2 protocol_group_id=ONT_trialEb_250925 sample_id=ONT_trail_250925 barcode=barcode23 barcode_alias=barcode23 parent_read_id=d10a085a-ee11-47ba-a926-8af74818f4cf basecall_model_version_id=dna_r10.4.1_e8.2_400bps_hac@v4.3.0
0	807f588a-12a1-4a00-ae0b-da1d3e94bde4 runid=0dfb5b492dc86ce99bf7c61c734eb364afcdb5c8 ch=49 start_time=2025-09-25T18:14:11.398161+00:00 flow_cell_id=AWX817 basecall_gpu=NVIDIA_Tegra_X2 protocol_group_id=ONT_trialEb_250925 sample_id=ONT_trail_250925 barcode=barcode24 barcode_alias=barcode24 parent_read_id=807f588a-12a1-4a00-ae0b-da1d3e94bde4 basecall_model_version_id=dna_r10.4.1_e8.2_400bps_hac@v4.3.0 rc
0	f7883ab2-c3a1-47f5-a203-83bca92c31e0 runid=0dfb5b492dc86ce99bf7c61c734eb364afcdb5c8 ch=91 start_time=2025-09-25T18:35:58.398161+00:00 flow_cell_id=AWX817 basecall_gpu=NVIDIA_Tegra_X2 protocol_group_id=ONT_trialEb_250925 sample_id=ONT_trail_250925 barcode=barcode22 barcode_alias=barcode22 parent_read_id=f7883ab2-c3a1-47f5-a203-83bca92c31e0 basecall_model_version_id=dna_r10.4.1_e8.2_400bps_hac@v4.3.0
0	47cade2f-f454-4649-8caa-affe9e6daf49 runid=0dfb5b492dc86ce99bf7c61c734eb364afcdb5c8 ch=41 start_time=2025-09-25T22:17:33.398161+00:00 flow_cell_id=AWX817 basecall_gpu=NVIDIA_Tegra_X2 protocol_group_id=ONT_trialEb_250925 sample_id=ONT_trail_250925 barcode=barcode22 barcode_alias=barcode22 parent_read_id=47cade2f-f454-4649-8caa-affe9e6daf49 basecall_model_version_id=dna_r10.4.1_e8.2_400bps_hac@v4.3.0 rc
0	c7862e78-c5c5-48a1-a4a9-e9e4f4b17e7c runid=0dfb5b492dc86ce99bf7c61c734eb364afcdb5c8 ch=20 start_time=2025-09-26T07:28:17.398161+00:00 flow_cell_id=AWX817 basecall_gpu=NVIDIA_Tegra_X2 protocol_group_id=ONT_trialEb_250925 sample_id=ONT_trail_250925 barcode=barcode22 barcode_alias=barcode22 parent_read_id=c7862e78-c5c5-48a1-a4a9-e9e4f4b17e7c basecall_model_version_id=dna_r10.4.1_e8.2_400bps_hac@v4.3.0 rc
0	b6c1ee2e-ef5c-4b64-91c5-304f1d4bb407 runid=0dfb5b492dc86ce99bf7c61c734eb364afcdb5c8 ch=58 start_time=2025-09-25T19:55:45.398161+00:00 flow_cell_id=AWX817 basecall_gpu=NVIDIA_Tegra_X2 protocol_group_id=ONT_trialEb_250925 sample_id=ONT_trail_250925 barcode=barcode24 barcode_alias=barcode24 parent_read_id=b6c1ee2e-ef5c-4b64-91c5-304f1d4bb407 basecall_model_version_id=dna_r10.4.1_e8.2_400bps_hac@v4.3.0
0	bf4e5ecc-9099-41e8-a06f-36d4203be579 runid=0dfb5b492dc86ce99bf7c61c734eb364afcdb5c8 ch=94 start_time=2025-09-25T18:12:27.398161+00:00 flow_cell_id=AWX817 basecall_gpu=NVIDIA_Tegra_X2 protocol_group_id=ONT_trialEb_250925 sample_id=ONT_trail_250925 barcode=barcode22 barcode_alias=barcode22 parent_read_id=bf4e5ecc-9099-41e8-a06f-36d4203be579 basecall_model_version_id=dna_r10.4.1_e8.2_400bps_hac@v4.3.0 rc
0	bbc41761-69fe-40fb-8e85-e5cc5d550109 runid=0dfb5b492dc86ce99bf7c61c734eb364afcdb5c8 ch=6 start_time=2025-09-25T18:19:57.398161+00:00 flow_cell_id=AWX817 basecall_gpu=NVIDIA_Tegra_X2 protocol_group_id=ONT_trialEb_250925 sample_id=ONT_trail_250925 barcode=barcode23 barcode_alias=barcode23 parent_read_id=bbc41761-69fe-40fb-8e85-e5cc5d550109 basecall_model_version_id=dna_r10.4.1_e8.2_400bps_hac@v4.3.0 rc
0	318a2066-96af-4062-a67e-38d6b46a2125 runid=0dfb5b492dc86ce99bf7c61c734eb364afcdb5c8 ch=44 start_time=2025-09-25T18:40:59.398161+00:00 flow_cell_id=AWX817 basecall_gpu=NVIDIA_Tegra_X2 protocol_group_id=ONT_trialEb_250925 sample_id=ONT_trail_250925 barcode=barcode22 barcode_alias=barcode22 parent_read_id=318a2066-96af-4062-a67e-38d6b46a2125 basecall_model_version_id=dna_r10.4.1_e8.2_400bps_hac@v4.3.0 rc
0	318a2066-96af-4062-a67e-38d6b46a2125 runid=0dfb5b492dc86ce99bf7c61c734eb364afcdb5c8 ch=44 start_time=2025-09-25T18:40:59.398161+00:00 flow_cell_id=AWX817 basecall_gpu=NVIDIA_Tegra_X2 protocol_group_id=ONT_trialEb_250925 sample_id=ONT_trail_250925 barcode=barcode22 barcode_alias=barcode22 parent_read_id=318a2066-96af-4062-a67e-38d6b46a2125 basecall_model_version_id=dna_r10.4.1_e8.2_400bps_hac@v4.3.0 rc
0	765ee86f-3c15-463c-bbb4-7e1d65394a01 runid=0dfb5b492dc86ce99bf7c61c734eb364afcdb5c8 ch=18 start_time=2025-09-25T19:11:23.398161+00:00 flow_cell_id=AWX817 basecall_gpu=NVIDIA_Tegra_X2 protocol_group_id=ONT_trialEb_250925 sample_id=ONT_trail_250925 barcode=barcode23 barcode_alias=barcode23 parent_read_id=765ee86f-3c15-463c-bbb4-7e1d65394a01 basecall_model_version_id=dna_r10.4.1_e8.2_400bps_hac@v4.3.0 rc
0	97619c0c-9c39-446f-9503-c8b4e5467ade runid=0dfb5b492dc86ce99bf7c61c734eb364afcdb5c8 ch=44 start_time=2025-09-26T04:04:36.398161+00:00 flow_cell_id=AWX817 basecall_gpu=NVIDIA_Tegra_X2 protocol_group_id=ONT_trialEb_250925 sample_id=ONT_trail_250925 barcode=barcode22 barcode_alias=barcode22 parent_read_id=97619c0c-9c39-446f-9503-c8b4e5467ade basecall_model_version_id=dna_r10.4.1_e8.2_400bps_hac@v4.3.0 rc
0	e9cbd6d4-8343-4a86-8de0-5ea8c53937ff runid=0dfb5b492dc86ce99bf7c61c734eb364afcdb5c8 ch=110 start_time=2025-09-25T19:00:30.398161+00:00 flow_cell_id=AWX817 basecall_gpu=NVIDIA_Tegra_X2 protocol_group_id=ONT_trialEb_250925 sample_id=ONT_trail_250925 barcode=barcode22 barcode_alias=barcode22 parent_read_id=e9cbd6d4-8343-4a86-8de0-5ea8c53937ff basecall_model_version_id=dna_r10.4.1_e8.2_400bps_hac@v4.3.0
0	f8a9dbbb-d59c-4429-8d38-2f2da4cbebdd runid=0dfb5b492dc86ce99bf7c61c734eb364afcdb5c8 ch=4 start_time=2025-09-26T00:08:53.398161+00:00 flow_cell_id=AWX817 basecall_gpu=NVIDIA_Tegra_X2 protocol_group_id=ONT_trialEb_250925 sample_id=ONT_trail_250925 barcode=barcode23 barcode_alias=barcode23 parent_read_id=f8a9dbbb-d59c-4429-8d38-2f2da4cbebdd basecall_model_version_id=dna_r10.4.1_e8.2_400bps_hac@v4.3.0
0	5d57d4d2-9984-4104-ad0e-1684894f39f7 runid=0dfb5b492dc86ce99bf7c61c734eb364afcdb5c8 ch=4 start_time=2025-09-25T19:24:52.398161+00:00 flow_cell_id=AWX817 basecall_gpu=NVIDIA_Tegra_X2 protocol_group_id=ONT_trialEb_250925 sample_id=ONT_trail_250925 barcode=barcode22 barcode_alias=barcode22 parent_read_id=5d57d4d2-9984-4104-ad0e-1684894f39f7 basecall_model_version_id=dna_r10.4.1_e8.2_400bps_hac@v4.3.0 rc
0	5cdd21af-1d03-470c-bc73-ee704e7a4aeb runid=0dfb5b492dc86ce99bf7c61c734eb364afcdb5c8 ch=44 start_time=2025-09-26T01:34:30.398161+00:00 flow_cell_id=AWX817 basecall_gpu=NVIDIA_Tegra_X2 protocol_group_id=ONT_trialEb_250925 sample_id=ONT_trail_250925 barcode=barcode22 barcode_alias=barcode22 parent_read_id=5cdd21af-1d03-470c-bc73-ee704e7a4aeb basecall_model_version_id=dna_r10.4.1_e8.2_400bps_hac@v4.3.0 rc
0	5284daa7-ca91-41e2-a8b4-efd67370a522 runid=0dfb5b492dc86ce99bf7c61c734eb364afcdb5c8 ch=108 start_time=2025-09-25T18:53:35.398161+00:00 flow_cell_id=AWX817 basecall_gpu=NVIDIA_Tegra_X2 protocol_group_id=ONT_trialEb_250925 sample_id=ONT_trail_250925 barcode=barcode22 barcode_alias=barcode22 parent_read_id=5284daa7-ca91-41e2-a8b4-efd67370a522 basecall_model_version_id=dna_r10.4.1_e8.2_400bps_hac@v4.3.0 rc
0	83cad119-68cd-440a-ba9d-2b584a656072 runid=0dfb5b492dc86ce99bf7c61c734eb364afcdb5c8 ch=79 start_time=2025-09-25T21:33:18.398161+00:00 flow_cell_id=AWX817 basecall_gpu=NVIDIA_Tegra_X2 protocol_group_id=ONT_trialEb_250925 sample_id=ONT_trail_250925 barcode=barcode24 barcode_alias=barcode24 parent_read_id=83cad119-68cd-440a-ba9d-2b584a656072 basecall_model_version_id=dna_r10.4.1_e8.2_400bps_hac@v4.3.0 rc
0	c4f34409-78bd-4799-9acd-165b1dee1161 runid=0dfb5b492dc86ce99bf7c61c734eb364afcdb5c8 ch=4 start_time=2025-09-25T21:26:08.398161+00:00 flow_cell_id=AWX817 basecall_gpu=NVIDIA_Tegra_X2 protocol_group_id=ONT_trialEb_250925 sample_id=ONT_trail_250925 barcode=barcode24 barcode_alias=barcode24 parent_read_id=c4f34409-78bd-4799-9acd-165b1dee1161 basecall_model_version_id=dna_r10.4.1_e8.2_400bps_hac@v4.3.0 rc
0	cede4f7c-7911-4f68-a6b3-deeaa1ad98dc runid=0dfb5b492dc86ce99bf7c61c734eb364afcdb5c8 ch=44 start_time=2025-09-25T22:51:07.398161+00:00 flow_cell_id=AWX817 basecall_gpu=NVIDIA_Tegra_X2 protocol_group_id=ONT_trialEb_250925 sample_id=ONT_trail_250925 barcode=barcode22 barcode_alias=barcode22 parent_read_id=cede4f7c-7911-4f68-a6b3-deeaa1ad98dc basecall_model_version_id=dna_r10.4.1_e8.2_400bps_hac@v4.3.0 rc
0	f1be2374-382c-4f16-9fe8-dec79858c2bf runid=0dfb5b492dc86ce99bf7c61c734eb364afcdb5c8 ch=4 start_time=2025-09-25T15:47:36.398161+00:00 flow_cell_id=AWX817 basecall_gpu=NVIDIA_Tegra_X2 protocol_group_id=ONT_trialEb_250925 sample_id=ONT_trail_250925 barcode=barcode22 barcode_alias=barcode22 parent_read_id=f1be2374-382c-4f16-9fe8-dec79858c2bf basecall_model_version_id=dna_r10.4.1_e8.2_400bps_hac@v4.3.0 rc
0	f1be2374-382c-4f16-9fe8-dec79858c2bf runid=0dfb5b492dc86ce99bf7c61c734eb364afcdb5c8 ch=4 start_time=2025-09-25T15:47:36.398161+00:00 flow_cell_id=AWX817 basecall_gpu=NVIDIA_Tegra_X2 protocol_group_id=ONT_trialEb_250925 sample_id=ONT_trail_250925 barcode=barcode22 barcode_alias=barcode22 parent_read_id=f1be2374-382c-4f16-9fe8-dec79858c2bf basecall_model_version_id=dna_r10.4.1_e8.2_400bps_hac@v4.3.0 rc
0	23e8ee9e-6071-4c32-8f8e-32d75d032e79 runid=0dfb5b492dc86ce99bf7c61c734eb364afcdb5c8 ch=91 start_time=2025-09-25T18:53:19.398161+00:00 flow_cell_id=AWX817 basecall_gpu=NVIDIA_Tegra_X2 protocol_group_id=ONT_trialEb_250925 sample_id=ONT_trail_250925 barcode=barcode24 barcode_alias=barcode24 parent_read_id=23e8ee9e-6071-4c32-8f8e-32d75d032e79 basecall_model_version_id=dna_r10.4.1_e8.2_400bps_hac@v4.3.0 rc
0	b73d3586-15e5-48dd-817c-cf23fee00065 runid=0dfb5b492dc86ce99bf7c61c734eb364afcdb5c8 ch=15 start_time=2025-09-25T20:01:03.398161+00:00 flow_cell_id=AWX817 basecall_gpu=NVIDIA_Tegra_X2 protocol_group_id=ONT_trialEb_250925 sample_id=ONT_trail_250925 barcode=barcode24 barcode_alias=barcode24 parent_read_id=b73d3586-15e5-48dd-817c-cf23fee00065 basecall_model_version_id=dna_r10.4.1_e8.2_400bps_hac@v4.3.0 rc
0	9a5e6dc2-ea46-4d19-80b3-0f179e7a854b runid=0dfb5b492dc86ce99bf7c61c734eb364afcdb5c8 ch=58 start_time=2025-09-25T18:48:02.398161+00:00 flow_cell_id=AWX817 basecall_gpu=NVIDIA_Tegra_X2 protocol_group_id=ONT_trialEb_250925 sample_id=ONT_trail_250925 barcode=barcode22 barcode_alias=barcode22 parent_read_id=9a5e6dc2-ea46-4d19-80b3-0f179e7a854b basecall_model_version_id=dna_r10.4.1_e8.2_400bps_hac@v4.3.0
0	0abcd452-9d77-4d8a-90b8-990e8a62f082 runid=0dfb5b492dc86ce99bf7c61c734eb364afcdb5c8 ch=6 start_time=2025-09-25T17:34:40.398161+00:00 flow_cell_id=AWX817 basecall_gpu=NVIDIA_Tegra_X2 protocol_group_id=ONT_trialEb_250925 sample_id=ONT_trail_250925 barcode=barcode23 barcode_alias=barcode23 parent_read_id=0abcd452-9d77-4d8a-90b8-990e8a62f082 basecall_model_version_id=dna_r10.4.1_e8.2_400bps_hac@v4.3.0 rc
0	78e761c8-c186-4b30-af62-d1bdce5f148b runid=0dfb5b492dc86ce99bf7c61c734eb364afcdb5c8 ch=58 start_time=2025-09-25T19:35:21.398161+00:00 flow_cell_id=AWX817 basecall_gpu=NVIDIA_Tegra_X2 protocol_group_id=ONT_trialEb_250925 sample_id=ONT_trail_250925 barcode=barcode22 barcode_alias=barcode22 parent_read_id=78e761c8-c186-4b30-af62-d1bdce5f148b basecall_model_version_id=dna_r10.4.1_e8.2_400bps_hac@v4.3.0
0	efbd4b87-ffae-48bb-a9fe-d130bef4d3c0 runid=0dfb5b492dc86ce99bf7c61c734eb364afcdb5c8 ch=96 start_time=2025-09-26T02:28:33.398161+00:00 flow_cell_id=AWX817 basecall_gpu=NVIDIA_Tegra_X2 protocol_group_id=ONT_trialEb_250925 sample_id=ONT_trail_250925 barcode=barcode23 barcode_alias=barcode23 parent_read_id=efbd4b87-ffae-48bb-a9fe-d130bef4d3c0 basecall_model_version_id=dna_r10.4.1_e8.2_400bps_hac@v4.3.0
0	024bc5b2-62ac-420e-b7fb-9bc71b3c4f9c runid=0dfb5b492dc86ce99bf7c61c734eb364afcdb5c8 ch=44 start_time=2025-09-25T22:45:48.398161+00:00 flow_cell_id=AWX817 basecall_gpu=NVIDIA_Tegra_X2 protocol_group_id=ONT_trialEb_250925 sample_id=ONT_trail_250925 barcode=barcode23 barcode_alias=barcode23 parent_read_id=024bc5b2-62ac-420e-b7fb-9bc71b3c4f9c basecall_model_version_id=dna_r10.4.1_e8.2_400bps_hac@v4.3.0 rc
0	336f567d-ae2c-42ec-80bb-ab84ba3ec1b0 runid=0dfb5b492dc86ce99bf7c61c734eb364afcdb5c8 ch=44 start_time=2025-09-25T20:39:34.398161+00:00 flow_cell_id=AWX817 basecall_gpu=NVIDIA_Tegra_X2 protocol_group_id=ONT_trialEb_250925 sample_id=ONT_trail_250925 barcode=barcode22 barcode_alias=barcode22 parent_read_id=336f567d-ae2c-42ec-80bb-ab84ba3ec1b0 basecall_model_version_id=dna_r10.4.1_e8.2_400bps_hac@v4.3.0
0	336f567d-ae2c-42ec-80bb-ab84ba3ec1b0 runid=0dfb5b492dc86ce99bf7c61c734eb364afcdb5c8 ch=44 start_time=2025-09-25T20:39:34.398161+00:00 flow_cell_id=AWX817 basecall_gpu=NVIDIA_Tegra_X2 protocol_group_id=ONT_trialEb_250925 sample_id=ONT_trail_250925 barcode=barcode22 barcode_alias=barcode22 parent_read_id=336f567d-ae2c-42ec-80bb-ab84ba3ec1b0 basecall_model_version_id=dna_r10.4.1_e8.2_400bps_hac@v4.3.0
0	4d54496d-478c-4a20-bfbe-d70f2d4622fa runid=0dfb5b492dc86ce99bf7c61c734eb364afcdb5c8 ch=94 start_time=2025-09-25T16:32:50.398161+00:00 flow_cell_id=AWX817 basecall_gpu=NVIDIA_Tegra_X2 protocol_group_id=ONT_trialEb_250925 sample_id=ONT_trail_250925 barcode=barcode22 barcode_alias=barcode22 parent_read_id=4d54496d-478c-4a20-bfbe-d70f2d4622fa basecall_model_version_id=dna_r10.4.1_e8.2_400bps_hac@v4.3.0
0	4604caeb-b530-4ec4-b852-d87513b55f4d runid=0dfb5b492dc86ce99bf7c61c734eb364afcdb5c8 ch=4 start_time=2025-09-25T22:54:07.398161+00:00 flow_cell_id=AWX817 basecall_gpu=NVIDIA_Tegra_X2 protocol_group_id=ONT_trialEb_250925 sample_id=ONT_trail_250925 barcode=barcode24 barcode_alias=barcode24 parent_read_id=b77cf36e-6907-4d2f-8b76-c38458e94955 basecall_model_version_id=dna_r10.4.1_e8.2_400bps_hac@v4.3.0 rc
0	cad5c95a-84e3-42ba-87f6-5a0d99e58bee runid=0dfb5b492dc86ce99bf7c61c734eb364afcdb5c8 ch=40 start_time=2025-09-25T18:45:22.398161+00:00 flow_cell_id=AWX817 basecall_gpu=NVIDIA_Tegra_X2 protocol_group_id=ONT_trialEb_250925 sample_id=ONT_trail_250925 barcode=barcode22 barcode_alias=barcode22 parent_read_id=cad5c95a-84e3-42ba-87f6-5a0d99e58bee basecall_model_version_id=dna_r10.4.1_e8.2_400bps_hac@v4.3.0
0	0934cb21-b77e-4cf3-b3fc-80a20326e26a runid=0dfb5b492dc86ce99bf7c61c734eb364afcdb5c8 ch=58 start_time=2025-09-25T18:14:26.398161+00:00 flow_cell_id=AWX817 basecall_gpu=NVIDIA_Tegra_X2 protocol_group_id=ONT_trialEb_250925 sample_id=ONT_trail_250925 barcode=barcode22 barcode_alias=barcode22 parent_read_id=0934cb21-b77e-4cf3-b3fc-80a20326e26a basecall_model_version_id=dna_r10.4.1_e8.2_400bps_hac@v4.3.0 rc
0	0934cb21-b77e-4cf3-b3fc-80a20326e26a runid=0dfb5b492dc86ce99bf7c61c734eb364afcdb5c8 ch=58 start_time=2025-09-25T18:14:26.398161+00:00 flow_cell_id=AWX817 basecall_gpu=NVIDIA_Tegra_X2 protocol_group_id=ONT_trialEb_250925 sample_id=ONT_trail_250925 barcode=barcode22 barcode_alias=barcode22 parent_read_id=0934cb21-b77e-4cf3-b3fc-80a20326e26a basecall_model_version_id=dna_r10.4.1_e8.2_400bps_hac@v4.3.0 rc
0	282629ff-6fad-4456-a670-e7d67d97a412 runid=0dfb5b492dc86ce99bf7c61c734eb364afcdb5c8 ch=110 start_time=2025-09-25T18:27:47.398161+00:00 flow_cell_id=AWX817 basecall_gpu=NVIDIA_Tegra_X2 protocol_group_id=ONT_trialEb_250925 sample_id=ONT_trail_250925 barcode=barcode22 barcode_alias=barcode22 parent_read_id=282629ff-6fad-4456-a670-e7d67d97a412 basecall_model_version_id=dna_r10.4.1_e8.2_400bps_hac@v4.3.0
0	21de96b3-1395-4c3b-81dd-bb788a1fa32a runid=0dfb5b492dc86ce99bf7c61c734eb364afcdb5c8 ch=4 start_time=2025-09-26T01:03:42.398161+00:00 flow_cell_id=AWX817 basecall_gpu=NVIDIA_Tegra_X2 protocol_group_id=ONT_trialEb_250925 sample_id=ONT_trail_250925 barcode=barcode22 barcode_alias=barcode22 parent_read_id=21de96b3-1395-4c3b-81dd-bb788a1fa32a basecall_model_version_id=dna_r10.4.1_e8.2_400bps_hac@v4.3.0
0	13076b72-cf93-40bb-944d-b29e71f674ab runid=0dfb5b492dc86ce99bf7c61c734eb364afcdb5c8 ch=110 start_time=2025-09-25T17:37:14.398161+00:00 flow_cell_id=AWX817 basecall_gpu=NVIDIA_Tegra_X2 protocol_group_id=ONT_trialEb_250925 sample_id=ONT_trail_250925 barcode=barcode24 barcode_alias=barcode24 parent_read_id=13076b72-cf93-40bb-944d-b29e71f674ab basecall_model_version_id=dna_r10.4.1_e8.2_400bps_hac@v4.3.0
0	d8f34dbc-89e9-40fe-99d2-7c5a258a5430 runid=0dfb5b492dc86ce99bf7c61c734eb364afcdb5c8 ch=57 start_time=2025-09-25T16:58:32.398161+00:00 flow_cell_id=AWX817 basecall_gpu=NVIDIA_Tegra_X2 protocol_group_id=ONT_trialEb_250925 sample_id=ONT_trail_250925 barcode=barcode23 barcode_alias=barcode23 parent_read_id=d8f34dbc-89e9-40fe-99d2-7c5a258a5430 basecall_model_version_id=dna_r10.4.1_e8.2_400bps_hac@v4.3.0
0	04e3c52e-5b86-4f81-b64c-d35d66a84e98 runid=0dfb5b492dc86ce99bf7c61c734eb364afcdb5c8 ch=20 start_time=2025-09-26T08:42:28.398161+00:00 flow_cell_id=AWX817 basecall_gpu=NVIDIA_Tegra_X2 protocol_group_id=ONT_trialEb_250925 sample_id=ONT_trail_250925 barcode=barcode23 barcode_alias=barcode23 parent_read_id=04e3c52e-5b86-4f81-b64c-d35d66a84e98 basecall_model_version_id=dna_r10.4.1_e8.2_400bps_hac@v4.3.0 rc
0	2624f54c-544c-4841-8cf0-4399072699ad runid=0dfb5b492dc86ce99bf7c61c734eb364afcdb5c8 ch=110 start_time=2025-09-25T17:36:50.398161+00:00 flow_cell_id=AWX817 basecall_gpu=NVIDIA_Tegra_X2 protocol_group_id=ONT_trialEb_250925 sample_id=ONT_trail_250925 barcode=barcode24 barcode_alias=barcode24 parent_read_id=2fe37f9d-e1c7-4f0d-93ad-00a97d704b5d basecall_model_version_id=dna_r10.4.1_e8.2_400bps_hac@v4.3.0 rc
0	60aa7a00-d85e-48ca-ab43-142c9b08c85c runid=0dfb5b492dc86ce99bf7c61c734eb364afcdb5c8 ch=4 start_time=2025-09-25T15:45:48.398161+00:00 flow_cell_id=AWX817 basecall_gpu=NVIDIA_Tegra_X2 protocol_group_id=ONT_trialEb_250925 sample_id=ONT_trail_250925 barcode=barcode22 barcode_alias=barcode22 parent_read_id=60aa7a00-d85e-48ca-ab43-142c9b08c85c basecall_model_version_id=dna_r10.4.1_e8.2_400bps_hac@v4.3.0 rc
0	e34e2452-6047-41af-ba1e-b23d22aaaad6 runid=0dfb5b492dc86ce99bf7c61c734eb364afcdb5c8 ch=94 start_time=2025-09-25T17:06:13.398161+00:00 flow_cell_id=AWX817 basecall_gpu=NVIDIA_Tegra_X2 protocol_group_id=ONT_trialEb_250925 sample_id=ONT_trail_250925 barcode=barcode22 barcode_alias=barcode22 parent_read_id=e34e2452-6047-41af-ba1e-b23d22aaaad6 basecall_model_version_id=dna_r10.4.1_e8.2_400bps_hac@v4.3.0
0	1b4d737c-1ab8-444a-8c07-ffd82936c7bb runid=0dfb5b492dc86ce99bf7c61c734eb364afcdb5c8 ch=58 start_time=2025-09-25T21:28:54.398161+00:00 flow_cell_id=AWX817 basecall_gpu=NVIDIA_Tegra_X2 protocol_group_id=ONT_trialEb_250925 sample_id=ONT_trail_250925 barcode=barcode22 barcode_alias=barcode22 parent_read_id=1b4d737c-1ab8-444a-8c07-ffd82936c7bb basecall_model_version_id=dna_r10.4.1_e8.2_400bps_hac@v4.3.0 rc
0	73542c84-b71a-46f8-8297-f52665b3641b runid=0dfb5b492dc86ce99bf7c61c734eb364afcdb5c8 ch=94 start_time=2025-09-25T16:07:50.398161+00:00 flow_cell_id=AWX817 basecall_gpu=NVIDIA_Tegra_X2 protocol_group_id=ONT_trialEb_250925 sample_id=ONT_trail_250925 barcode=barcode22 barcode_alias=barcode22 parent_read_id=73542c84-b71a-46f8-8297-f52665b3641b basecall_model_version_id=dna_r10.4.1_e8.2_400bps_hac@v4.3.0
0	4fc74b35-c53f-474d-9a3b-c7c42a3ebef5 runid=0dfb5b492dc86ce99bf7c61c734eb364afcdb5c8 ch=20 start_time=2025-09-26T03:36:48.398161+00:00 flow_cell_id=AWX817 basecall_gpu=NVIDIA_Tegra_X2 protocol_group_id=ONT_trialEb_250925 sample_id=ONT_trail_250925 barcode=barcode22 barcode_alias=barcode22 parent_read_id=4fc74b35-c53f-474d-9a3b-c7c42a3ebef5 basecall_model_version_id=dna_r10.4.1_e8.2_400bps_hac@v4.3.0 rc
0	da20392d-645e-4e5b-bf5e-aa2b2fd51669 runid=0dfb5b492dc86ce99bf7c61c734eb364afcdb5c8 ch=93 start_time=2025-09-25T17:04:38.398161+00:00 flow_cell_id=AWX817 basecall_gpu=NVIDIA_Tegra_X2 protocol_group_id=ONT_trialEb_250925 sample_id=ONT_trail_250925 barcode=barcode22 barcode_alias=barcode22 parent_read_id=da20392d-645e-4e5b-bf5e-aa2b2fd51669 basecall_model_version_id=dna_r10.4.1_e8.2_400bps_hac@v4.3.0 rc
0	fc85e15b-6607-4638-be94-59789dc0c063 runid=0dfb5b492dc86ce99bf7c61c734eb364afcdb5c8 ch=44 start_time=2025-09-25T18:56:08.398161+00:00 flow_cell_id=AWX817 basecall_gpu=NVIDIA_Tegra_X2 protocol_group_id=ONT_trialEb_250925 sample_id=ONT_trail_250925 barcode=barcode22 barcode_alias=barcode22 parent_read_id=fc85e15b-6607-4638-be94-59789dc0c063 basecall_model_version_id=dna_r10.4.1_e8.2_400bps_hac@v4.3.0
0	aab66d7a-549b-4f80-bc5a-a3b5f45cb9a7 runid=0dfb5b492dc86ce99bf7c61c734eb364afcdb5c8 ch=108 start_time=2025-09-25T15:51:46.398161+00:00 flow_cell_id=AWX817 basecall_gpu=NVIDIA_Tegra_X2 protocol_group_id=ONT_trialEb_250925 sample_id=ONT_trail_250925 barcode=barcode24 barcode_alias=barcode24 parent_read_id=aab66d7a-549b-4f80-bc5a-a3b5f45cb9a7 basecall_model_version_id=dna_r10.4.1_e8.2_400bps_hac@v4.3.0
0	fe791559-27b7-4706-9394-24066ebe1cf7 runid=0dfb5b492dc86ce99bf7c61c734eb364afcdb5c8 ch=96 start_time=2025-09-26T02:30:41.398161+00:00 flow_cell_id=AWX817 basecall_gpu=NVIDIA_Tegra_X2 protocol_group_id=ONT_trialEb_250925 sample_id=ONT_trail_250925 barcode=barcode22 barcode_alias=barcode22 parent_read_id=fe791559-27b7-4706-9394-24066ebe1cf7 basecall_model_version_id=dna_r10.4.1_e8.2_400bps_hac@v4.3.0 rc
0	2f102bc9-050d-4dca-9b7c-8f4fec0c36a6 runid=0dfb5b492dc86ce99bf7c61c734eb364afcdb5c8 ch=44 start_time=2025-09-25T21:35:35.398161+00:00 flow_cell_id=AWX817 basecall_gpu=NVIDIA_Tegra_X2 protocol_group_id=ONT_trialEb_250925 sample_id=ONT_trail_250925 barcode=barcode23 barcode_alias=barcode23 parent_read_id=2f102bc9-050d-4dca-9b7c-8f4fec0c36a6 basecall_model_version_id=dna_r10.4.1_e8.2_400bps_hac@v4.3.0
0	21861e9b-8d69-4152-bdbe-882a4c632066 runid=0dfb5b492dc86ce99bf7c61c734eb364afcdb5c8 ch=43 start_time=2025-09-25T19:52:18.398161+00:00 flow_cell_id=AWX817 basecall_gpu=NVIDIA_Tegra_X2 protocol_group_id=ONT_trialEb_250925 sample_id=ONT_trail_250925 barcode=barcode23 barcode_alias=barcode23 parent_read_id=21861e9b-8d69-4152-bdbe-882a4c632066 basecall_model_version_id=dna_r10.4.1_e8.2_400bps_hac@v4.3.0
0	a8714a25-85b9-478d-8d43-c0c859847c79 runid=0dfb5b492dc86ce99bf7c61c734eb364afcdb5c8 ch=108 start_time=2025-09-25T17:07:01.398161+00:00 flow_cell_id=AWX817 basecall_gpu=NVIDIA_Tegra_X2 protocol_group_id=ONT_trialEb_250925 sample_id=ONT_trail_250925 barcode=barcode22 barcode_alias=barcode22 parent_read_id=b13433c1-f3e7-4594-b84e-2e2760662866 basecall_model_version_id=dna_r10.4.1_e8.2_400bps_hac@v4.3.0 rc
0	35809e75-1810-4033-8ff5-0dfb03684bf3 runid=0dfb5b492dc86ce99bf7c61c734eb364afcdb5c8 ch=106 start_time=2025-09-25T16:52:43.398161+00:00 flow_cell_id=AWX817 basecall_gpu=NVIDIA_Tegra_X2 protocol_group_id=ONT_trialEb_250925 sample_id=ONT_trail_250925 barcode=barcode22 barcode_alias=barcode22 parent_read_id=35809e75-1810-4033-8ff5-0dfb03684bf3 basecall_model_version_id=dna_r10.4.1_e8.2_400bps_hac@v4.3.0
0	376d4cb5-e607-4064-8acb-f2ac085583af runid=0dfb5b492dc86ce99bf7c61c734eb364afcdb5c8 ch=57 start_time=2025-09-25T16:09:33.398161+00:00 flow_cell_id=AWX817 basecall_gpu=NVIDIA_Tegra_X2 protocol_group_id=ONT_trialEb_250925 sample_id=ONT_trail_250925 barcode=barcode22 barcode_alias=barcode22 parent_read_id=376d4cb5-e607-4064-8acb-f2ac085583af basecall_model_version_id=dna_r10.4.1_e8.2_400bps_hac@v4.3.0
0	2d619763-0aa6-411e-8646-1d839361661c runid=0dfb5b492dc86ce99bf7c61c734eb364afcdb5c8 ch=56 start_time=2025-09-25T16:20:22.398161+00:00 flow_cell_id=AWX817 basecall_gpu=NVIDIA_Tegra_X2 protocol_group_id=ONT_trialEb_250925 sample_id=ONT_trail_250925 barcode=barcode22 barcode_alias=barcode22 parent_read_id=2d619763-0aa6-411e-8646-1d839361661c basecall_model_version_id=dna_r10.4.1_e8.2_400bps_hac@v4.3.0 rc
0	2d619763-0aa6-411e-8646-1d839361661c runid=0dfb5b492dc86ce99bf7c61c734eb364afcdb5c8 ch=56 start_time=2025-09-25T16:20:22.398161+00:00 flow_cell_id=AWX817 basecall_gpu=NVIDIA_Tegra_X2 protocol_group_id=ONT_trialEb_250925 sample_id=ONT_trail_250925 barcode=barcode22 barcode_alias=barcode22 parent_read_id=2d619763-0aa6-411e-8646-1d839361661c basecall_model_version_id=dna_r10.4.1_e8.2_400bps_hac@v4.3.0 rc
0	6a8ee087-c4ac-4533-b94d-2be42a4f23f8 runid=0dfb5b492dc86ce99bf7c61c734eb364afcdb5c8 ch=93 start_time=2025-09-25T19:03:33.398161+00:00 flow_cell_id=AWX817 basecall_gpu=NVIDIA_Tegra_X2 protocol_group_id=ONT_trialEb_250925 sample_id=ONT_trail_250925 barcode=barcode24 barcode_alias=barcode24 parent_read_id=6a8ee087-c4ac-4533-b94d-2be42a4f23f8 basecall_model_version_id=dna_r10.4.1_e8.2_400bps_hac@v4.3.0
0	36fe0eff-5dbe-4631-b68e-910fd1d1bcdd runid=0dfb5b492dc86ce99bf7c61c734eb364afcdb5c8 ch=44 start_time=2025-09-25T22:11:38.398161+00:00 flow_cell_id=AWX817 basecall_gpu=NVIDIA_Tegra_X2 protocol_group_id=ONT_trialEb_250925 sample_id=ONT_trail_250925 barcode=barcode22 barcode_alias=barcode22 parent_read_id=36fe0eff-5dbe-4631-b68e-910fd1d1bcdd basecall_model_version_id=dna_r10.4.1_e8.2_400bps_hac@v4.3.0 rc
0	80d96049-9c88-4d3f-ac44-a66ce77e5f39 runid=0dfb5b492dc86ce99bf7c61c734eb364afcdb5c8 ch=4 start_time=2025-09-25T17:00:31.398161+00:00 flow_cell_id=AWX817 basecall_gpu=NVIDIA_Tegra_X2 protocol_group_id=ONT_trialEb_250925 sample_id=ONT_trail_250925 barcode=barcode24 barcode_alias=barcode24 parent_read_id=80d96049-9c88-4d3f-ac44-a66ce77e5f39 basecall_model_version_id=dna_r10.4.1_e8.2_400bps_hac@v4.3.0 rc
0	e7e29db4-a38f-4a3a-9ff0-ceb2b3efd22e runid=0dfb5b492dc86ce99bf7c61c734eb364afcdb5c8 ch=79 start_time=2025-09-25T23:22:15.398161+00:00 flow_cell_id=AWX817 basecall_gpu=NVIDIA_Tegra_X2 protocol_group_id=ONT_trialEb_250925 sample_id=ONT_trail_250925 barcode=barcode23 barcode_alias=barcode23 parent_read_id=e7e29db4-a38f-4a3a-9ff0-ceb2b3efd22e basecall_model_version_id=dna_r10.4.1_e8.2_400bps_hac@v4.3.0
0	00735d60-8ebb-4d52-b44e-474bbf1eb585 runid=0dfb5b492dc86ce99bf7c61c734eb364afcdb5c8 ch=18 start_time=2025-09-25T19:02:31.398161+00:00 flow_cell_id=AWX817 basecall_gpu=NVIDIA_Tegra_X2 protocol_group_id=ONT_trialEb_250925 sample_id=ONT_trail_250925 barcode=barcode24 barcode_alias=barcode24 parent_read_id=00735d60-8ebb-4d52-b44e-474bbf1eb585 basecall_model_version_id=dna_r10.4.1_e8.2_400bps_hac@v4.3.0
0	c9392966-bc06-4542-84b5-09eda16ad24d runid=0dfb5b492dc86ce99bf7c61c734eb364afcdb5c8 ch=58 start_time=2025-09-25T17:41:23.398161+00:00 flow_cell_id=AWX817 basecall_gpu=NVIDIA_Tegra_X2 protocol_group_id=ONT_trialEb_250925 sample_id=ONT_trail_250925 barcode=barcode22 barcode_alias=barcode22 parent_read_id=c9392966-bc06-4542-84b5-09eda16ad24d basecall_model_version_id=dna_r10.4.1_e8.2_400bps_hac@v4.3.0
0	483f2032-21e3-41ff-8ee9-0730f4fe7551 runid=0dfb5b492dc86ce99bf7c61c734eb364afcdb5c8 ch=40 start_time=2025-09-25T16:31:33.398161+00:00 flow_cell_id=AWX817 basecall_gpu=NVIDIA_Tegra_X2 protocol_group_id=ONT_trialEb_250925 sample_id=ONT_trail_250925 barcode=barcode22 barcode_alias=barcode22 parent_read_id=483f2032-21e3-41ff-8ee9-0730f4fe7551 basecall_model_version_id=dna_r10.4.1_e8.2_400bps_hac@v4.3.0
0	c6749dab-fc42-4873-828b-9f5efe2002b9 runid=0dfb5b492dc86ce99bf7c61c734eb364afcdb5c8 ch=4 start_time=2025-09-26T03:10:13.398161+00:00 flow_cell_id=AWX817 basecall_gpu=NVIDIA_Tegra_X2 protocol_group_id=ONT_trialEb_250925 sample_id=ONT_trail_250925 barcode=barcode22 barcode_alias=barcode22 parent_read_id=c6749dab-fc42-4873-828b-9f5efe2002b9 basecall_model_version_id=dna_r10.4.1_e8.2_400bps_hac@v4.3.0
0	26bcaf28-dba9-40f5-aa09-7219bc5d7a04 runid=0dfb5b492dc86ce99bf7c61c734eb364afcdb5c8 ch=4 start_time=2025-09-26T00:00:10.398161+00:00 flow_cell_id=AWX817 basecall_gpu=NVIDIA_Tegra_X2 protocol_group_id=ONT_trialEb_250925 sample_id=ONT_trail_250925 barcode=barcode22 barcode_alias=barcode22 parent_read_id=26bcaf28-dba9-40f5-aa09-7219bc5d7a04 basecall_model_version_id=dna_r10.4.1_e8.2_400bps_hac@v4.3.0 rc
0	1008c839-3ed7-4bb7-9b1b-4a82a3a1f13a runid=0dfb5b492dc86ce99bf7c61c734eb364afcdb5c8 ch=4 start_time=2025-09-25T20:17:09.398161+00:00 flow_cell_id=AWX817 basecall_gpu=NVIDIA_Tegra_X2 protocol_group_id=ONT_trialEb_250925 sample_id=ONT_trail_250925 barcode=barcode22 barcode_alias=barcode22 parent_read_id=6cf9cd4b-5c2d-489d-8c4e-415f402ef369 basecall_model_version_id=dna_r10.4.1_e8.2_400bps_hac@v4.3.0 rc
0	639da8c1-9866-416c-9cb6-a9f8e7309687 runid=0dfb5b492dc86ce99bf7c61c734eb364afcdb5c8 ch=20 start_time=2025-09-25T20:52:58.398161+00:00 flow_cell_id=AWX817 basecall_gpu=NVIDIA_Tegra_X2 protocol_group_id=ONT_trialEb_250925 sample_id=ONT_trail_250925 barcode=barcode22 barcode_alias=barcode22 parent_read_id=639da8c1-9866-416c-9cb6-a9f8e7309687 basecall_model_version_id=dna_r10.4.1_e8.2_400bps_hac@v4.3.0
0	88e8ecbe-1573-465b-9a9c-3366f6daeac4 runid=0dfb5b492dc86ce99bf7c61c734eb364afcdb5c8 ch=4 start_time=2025-09-25T16:09:24.398161+00:00 flow_cell_id=AWX817 basecall_gpu=NVIDIA_Tegra_X2 protocol_group_id=ONT_trialEb_250925 sample_id=ONT_trail_250925 barcode=barcode23 barcode_alias=barcode23 parent_read_id=88e8ecbe-1573-465b-9a9c-3366f6daeac4 basecall_model_version_id=dna_r10.4.1_e8.2_400bps_hac@v4.3.0
0	646f68e8-e61e-466c-b4b7-002f716967ff runid=0dfb5b492dc86ce99bf7c61c734eb364afcdb5c8 ch=20 start_time=2025-09-25T19:21:59.398161+00:00 flow_cell_id=AWX817 basecall_gpu=NVIDIA_Tegra_X2 protocol_group_id=ONT_trialEb_250925 sample_id=ONT_trail_250925 barcode=barcode24 barcode_alias=barcode24 parent_read_id=646f68e8-e61e-466c-b4b7-002f716967ff basecall_model_version_id=dna_r10.4.1_e8.2_400bps_hac@v4.3.0
0	bc5942bc-e493-4804-80d8-7151d1a725f0 runid=0dfb5b492dc86ce99bf7c61c734eb364afcdb5c8 ch=44 start_time=2025-09-25T18:39:10.398161+00:00 flow_cell_id=AWX817 basecall_gpu=NVIDIA_Tegra_X2 protocol_group_id=ONT_trialEb_250925 sample_id=ONT_trail_250925 barcode=barcode22 barcode_alias=barcode22 parent_read_id=bc5942bc-e493-4804-80d8-7151d1a725f0 basecall_model_version_id=dna_r10.4.1_e8.2_400bps_hac@v4.3.0 rc
0	bc5942bc-e493-4804-80d8-7151d1a725f0 runid=0dfb5b492dc86ce99bf7c61c734eb364afcdb5c8 ch=44 start_time=2025-09-25T18:39:10.398161+00:00 flow_cell_id=AWX817 basecall_gpu=NVIDIA_Tegra_X2 protocol_group_id=ONT_trialEb_250925 sample_id=ONT_trail_250925 barcode=barcode22 barcode_alias=barcode22 parent_read_id=bc5942bc-e493-4804-80d8-7151d1a725f0 basecall_model_version_id=dna_r10.4.1_e8.2_400bps_hac@v4.3.0 rc
0	60b19383-d177-4a08-b2b4-af2bd4370771 runid=0dfb5b492dc86ce99bf7c61c734eb364afcdb5c8 ch=58 start_time=2025-09-25T21:21:11.398161+00:00 flow_cell_id=AWX817 basecall_gpu=NVIDIA_Tegra_X2 protocol_group_id=ONT_trialEb_250925 sample_id=ONT_trail_250925 barcode=barcode22 barcode_alias=barcode22 parent_read_id=60b19383-d177-4a08-b2b4-af2bd4370771 basecall_model_version_id=dna_r10.4.1_e8.2_400bps_hac@v4.3.0 rc
0	b4a85c6a-d1ea-41ec-9116-758ed9adf043 runid=0dfb5b492dc86ce99bf7c61c734eb364afcdb5c8 ch=20 start_time=2025-09-25T19:34:11.398161+00:00 flow_cell_id=AWX817 basecall_gpu=NVIDIA_Tegra_X2 protocol_group_id=ONT_trialEb_250925 sample_id=ONT_trail_250925 barcode=barcode24 barcode_alias=barcode24 parent_read_id=b4a85c6a-d1ea-41ec-9116-758ed9adf043 basecall_model_version_id=dna_r10.4.1_e8.2_400bps_hac@v4.3.0
0	738a2745-841d-4e6b-b473-d51a74514408 runid=0dfb5b492dc86ce99bf7c61c734eb364afcdb5c8 ch=20 start_time=2025-09-26T06:51:54.398161+00:00 flow_cell_id=AWX817 basecall_gpu=NVIDIA_Tegra_X2 protocol_group_id=ONT_trialEb_250925 sample_id=ONT_trail_250925 barcode=barcode22 barcode_alias=barcode22 parent_read_id=738a2745-841d-4e6b-b473-d51a74514408 basecall_model_version_id=dna_r10.4.1_e8.2_400bps_hac@v4.3.0
0	62d51126-c632-46ea-85a5-7286afe1f1ea runid=0dfb5b492dc86ce99bf7c61c734eb364afcdb5c8 ch=56 start_time=2025-09-25T17:24:54.398161+00:00 flow_cell_id=AWX817 basecall_gpu=NVIDIA_Tegra_X2 protocol_group_id=ONT_trialEb_250925 sample_id=ONT_trail_250925 barcode=barcode23 barcode_alias=barcode23 parent_read_id=62d51126-c632-46ea-85a5-7286afe1f1ea basecall_model_version_id=dna_r10.4.1_e8.2_400bps_hac@v4.3.0
0	01eba329-8312-4f07-adff-30eb3b3d17a1 runid=0dfb5b492dc86ce99bf7c61c734eb364afcdb5c8 ch=20 start_time=2025-09-25T15:47:47.398161+00:00 flow_cell_id=AWX817 basecall_gpu=NVIDIA_Tegra_X2 protocol_group_id=ONT_trialEb_250925 sample_id=ONT_trail_250925 barcode=barcode22 barcode_alias=barcode22 parent_read_id=01eba329-8312-4f07-adff-30eb3b3d17a1 basecall_model_version_id=dna_r10.4.1_e8.2_400bps_hac@v4.3.0
0	0e07c3ba-4c5c-440a-8282-1c8edf9ee58a runid=0dfb5b492dc86ce99bf7c61c734eb364afcdb5c8 ch=4 start_time=2025-09-25T18:57:43.398161+00:00 flow_cell_id=AWX817 basecall_gpu=NVIDIA_Tegra_X2 protocol_group_id=ONT_trialEb_250925 sample_id=ONT_trail_250925 barcode=barcode22 barcode_alias=barcode22 parent_read_id=0e07c3ba-4c5c-440a-8282-1c8edf9ee58a basecall_model_version_id=dna_r10.4.1_e8.2_400bps_hac@v4.3.0
0	a7a9f3eb-2249-458f-a9df-ef7eeb2d14da runid=0dfb5b492dc86ce99bf7c61c734eb364afcdb5c8 ch=4 start_time=2025-09-25T17:42:57.398161+00:00 flow_cell_id=AWX817 basecall_gpu=NVIDIA_Tegra_X2 protocol_group_id=ONT_trialEb_250925 sample_id=ONT_trail_250925 barcode=barcode22 barcode_alias=barcode22 parent_read_id=a7a9f3eb-2249-458f-a9df-ef7eeb2d14da basecall_model_version_id=dna_r10.4.1_e8.2_400bps_hac@v4.3.0
0	59babe41-e8aa-4d2a-ab0f-4721b41bd897 runid=0dfb5b492dc86ce99bf7c61c734eb364afcdb5c8 ch=15 start_time=2025-09-25T18:16:34.398161+00:00 flow_cell_id=AWX817 basecall_gpu=NVIDIA_Tegra_X2 protocol_group_id=ONT_trialEb_250925 sample_id=ONT_trail_250925 barcode=barcode22 barcode_alias=barcode22 parent_read_id=59babe41-e8aa-4d2a-ab0f-4721b41bd897 basecall_model_version_id=dna_r10.4.1_e8.2_400bps_hac@v4.3.0 rc
0	51f5fb46-679b-4949-842a-37e930fde164 runid=0dfb5b492dc86ce99bf7c61c734eb364afcdb5c8 ch=93 start_time=2025-09-25T17:48:09.398161+00:00 flow_cell_id=AWX817 basecall_gpu=NVIDIA_Tegra_X2 protocol_group_id=ONT_trialEb_250925 sample_id=ONT_trail_250925 barcode=barcode22 barcode_alias=barcode22 parent_read_id=51f5fb46-679b-4949-842a-37e930fde164 basecall_model_version_id=dna_r10.4.1_e8.2_400bps_hac@v4.3.0
0	55787b2a-1ddf-420c-acaf-c6ecece94510 runid=0dfb5b492dc86ce99bf7c61c734eb364afcdb5c8 ch=20 start_time=2025-09-25T19:56:05.398161+00:00 flow_cell_id=AWX817 basecall_gpu=NVIDIA_Tegra_X2 protocol_group_id=ONT_trialEb_250925 sample_id=ONT_trail_250925 barcode=barcode22 barcode_alias=barcode22 parent_read_id=55787b2a-1ddf-420c-acaf-c6ecece94510 basecall_model_version_id=dna_r10.4.1_e8.2_400bps_hac@v4.3.0 rc
0	8cb633ba-efe7-437b-bbc7-f068e836f733 runid=0dfb5b492dc86ce99bf7c61c734eb364afcdb5c8 ch=4 start_time=2025-09-25T23:13:05.398161+00:00 flow_cell_id=AWX817 basecall_gpu=NVIDIA_Tegra_X2 protocol_group_id=ONT_trialEb_250925 sample_id=ONT_trail_250925 barcode=barcode22 barcode_alias=barcode22 parent_read_id=8cb633ba-efe7-437b-bbc7-f068e836f733 basecall_model_version_id=dna_r10.4.1_e8.2_400bps_hac@v4.3.0
0	cc38cf7b-d1ec-4277-afd9-26e0642c15ca runid=0dfb5b492dc86ce99bf7c61c734eb364afcdb5c8 ch=44 start_time=2025-09-26T05:03:06.398161+00:00 flow_cell_id=AWX817 basecall_gpu=NVIDIA_Tegra_X2 protocol_group_id=ONT_trialEb_250925 sample_id=ONT_trail_250925 barcode=barcode23 barcode_alias=barcode23 parent_read_id=cc38cf7b-d1ec-4277-afd9-26e0642c15ca basecall_model_version_id=dna_r10.4.1_e8.2_400bps_hac@v4.3.0
0	2a080926-a346-40f5-bfe2-f2e1a4463cfa runid=0dfb5b492dc86ce99bf7c61c734eb364afcdb5c8 ch=58 start_time=2025-09-25T18:17:58.398161+00:00 flow_cell_id=AWX817 basecall_gpu=NVIDIA_Tegra_X2 protocol_group_id=ONT_trialEb_250925 sample_id=ONT_trail_250925 barcode=barcode23 barcode_alias=barcode23 parent_read_id=2a080926-a346-40f5-bfe2-f2e1a4463cfa basecall_model_version_id=dna_r10.4.1_e8.2_400bps_hac@v4.3.0
0	07fd13c1-c3fd-46f7-9867-3ddba225a0e1 runid=0dfb5b492dc86ce99bf7c61c734eb364afcdb5c8 ch=57 start_time=2025-09-25T16:41:32.398161+00:00 flow_cell_id=AWX817 basecall_gpu=NVIDIA_Tegra_X2 protocol_group_id=ONT_trialEb_250925 sample_id=ONT_trail_250925 barcode=barcode22 barcode_alias=barcode22 parent_read_id=07fd13c1-c3fd-46f7-9867-3ddba225a0e1 basecall_model_version_id=dna_r10.4.1_e8.2_400bps_hac@v4.3.0 rc
0	53876c36-53be-4b87-9d44-31f38bca6b08 runid=0dfb5b492dc86ce99bf7c61c734eb364afcdb5c8 ch=20 start_time=2025-09-25T17:53:03.398161+00:00 flow_cell_id=AWX817 basecall_gpu=NVIDIA_Tegra_X2 protocol_group_id=ONT_trialEb_250925 sample_id=ONT_trail_250925 barcode=barcode24 barcode_alias=barcode24 parent_read_id=53876c36-53be-4b87-9d44-31f38bca6b08 basecall_model_version_id=dna_r10.4.1_e8.2_400bps_hac@v4.3.0
0	65e7f9cd-1c90-4fb9-97d4-9279a0fb8904 runid=0dfb5b492dc86ce99bf7c61c734eb364afcdb5c8 ch=20 start_time=2025-09-25T17:25:11.398161+00:00 flow_cell_id=AWX817 basecall_gpu=NVIDIA_Tegra_X2 protocol_group_id=ONT_trialEb_250925 sample_id=ONT_trail_250925 barcode=barcode22 barcode_alias=barcode22 parent_read_id=65e7f9cd-1c90-4fb9-97d4-9279a0fb8904 basecall_model_version_id=dna_r10.4.1_e8.2_400bps_hac@v4.3.0
0	a35431ed-38a7-4d48-8b70-cbc2b5a06234 runid=0dfb5b492dc86ce99bf7c61c734eb364afcdb5c8 ch=44 start_time=2025-09-26T05:38:43.398161+00:00 flow_cell_id=AWX817 basecall_gpu=NVIDIA_Tegra_X2 protocol_group_id=ONT_trialEb_250925 sample_id=ONT_trail_250925 barcode=barcode23 barcode_alias=barcode23 parent_read_id=a35431ed-38a7-4d48-8b70-cbc2b5a06234 basecall_model_version_id=dna_r10.4.1_e8.2_400bps_hac@v4.3.0 rc
0	b6f05c1b-78ca-458f-a297-6dadb616fdbe runid=0dfb5b492dc86ce99bf7c61c734eb364afcdb5c8 ch=58 start_time=2025-09-25T19:07:04.398161+00:00 flow_cell_id=AWX817 basecall_gpu=NVIDIA_Tegra_X2 protocol_group_id=ONT_trialEb_250925 sample_id=ONT_trail_250925 barcode=barcode23 barcode_alias=barcode23 parent_read_id=b6f05c1b-78ca-458f-a297-6dadb616fdbe basecall_model_version_id=dna_r10.4.1_e8.2_400bps_hac@v4.3.0 rc
0	7039738f-d3fe-42e8-929e-7089b5f392cc runid=0dfb5b492dc86ce99bf7c61c734eb364afcdb5c8 ch=4 start_time=2025-09-25T22:25:44.398161+00:00 flow_cell_id=AWX817 basecall_gpu=NVIDIA_Tegra_X2 protocol_group_id=ONT_trialEb_250925 sample_id=ONT_trail_250925 barcode=barcode22 barcode_alias=barcode22 parent_read_id=7039738f-d3fe-42e8-929e-7089b5f392cc basecall_model_version_id=dna_r10.4.1_e8.2_400bps_hac@v4.3.0
0	7039738f-d3fe-42e8-929e-7089b5f392cc runid=0dfb5b492dc86ce99bf7c61c734eb364afcdb5c8 ch=4 start_time=2025-09-25T22:25:44.398161+00:00 flow_cell_id=AWX817 basecall_gpu=NVIDIA_Tegra_X2 protocol_group_id=ONT_trialEb_250925 sample_id=ONT_trail_250925 barcode=barcode22 barcode_alias=barcode22 parent_read_id=7039738f-d3fe-42e8-929e-7089b5f392cc basecall_model_version_id=dna_r10.4.1_e8.2_400bps_hac@v4.3.0
0	ebde2c22-0875-4f2e-9f7f-ab51f2bfb471 runid=0dfb5b492dc86ce99bf7c61c734eb364afcdb5c8 ch=20 start_time=2025-09-25T19:44:28.398161+00:00 flow_cell_id=AWX817 basecall_gpu=NVIDIA_Tegra_X2 protocol_group_id=ONT_trialEb_250925 sample_id=ONT_trail_250925 barcode=barcode24 barcode_alias=barcode24 parent_read_id=ebde2c22-0875-4f2e-9f7f-ab51f2bfb471 basecall_model_version_id=dna_r10.4.1_e8.2_400bps_hac@v4.3.0
0	4b14f132-d5ea-454b-af57-4d3cb2b23ea5 runid=0dfb5b492dc86ce99bf7c61c734eb364afcdb5c8 ch=77 start_time=2025-09-25T16:57:55.398161+00:00 flow_cell_id=AWX817 basecall_gpu=NVIDIA_Tegra_X2 protocol_group_id=ONT_trialEb_250925 sample_id=ONT_trail_250925 barcode=barcode22 barcode_alias=barcode22 parent_read_id=4b14f132-d5ea-454b-af57-4d3cb2b23ea5 basecall_model_version_id=dna_r10.4.1_e8.2_400bps_hac@v4.3.0 rc
0	17dceb57-0a69-450d-a9f5-81793873f7d5 runid=0dfb5b492dc86ce99bf7c61c734eb364afcdb5c8 ch=73 start_time=2025-09-25T19:57:56.398161+00:00 flow_cell_id=AWX817 basecall_gpu=NVIDIA_Tegra_X2 protocol_group_id=ONT_trialEb_250925 sample_id=ONT_trail_250925 barcode=barcode22 barcode_alias=barcode22 parent_read_id=17dceb57-0a69-450d-a9f5-81793873f7d5 basecall_model_version_id=dna_r10.4.1_e8.2_400bps_hac@v4.3.0
0	a7736359-5498-454f-b7c5-6cef9c552239 runid=0dfb5b492dc86ce99bf7c61c734eb364afcdb5c8 ch=20 start_time=2025-09-25T21:08:28.398161+00:00 flow_cell_id=AWX817 basecall_gpu=NVIDIA_Tegra_X2 protocol_group_id=ONT_trialEb_250925 sample_id=ONT_trail_250925 barcode=barcode22 barcode_alias=barcode22 parent_read_id=a7736359-5498-454f-b7c5-6cef9c552239 basecall_model_version_id=dna_r10.4.1_e8.2_400bps_hac@v4.3.0
0	55666a88-0a8c-42aa-9dbf-12d13702b636 runid=0dfb5b492dc86ce99bf7c61c734eb364afcdb5c8 ch=79 start_time=2025-09-25T19:47:06.398161+00:00 flow_cell_id=AWX817 basecall_gpu=NVIDIA_Tegra_X2 protocol_group_id=ONT_trialEb_250925 sample_id=ONT_trail_250925 barcode=barcode23 barcode_alias=barcode23 parent_read_id=55666a88-0a8c-42aa-9dbf-12d13702b636 basecall_model_version_id=dna_r10.4.1_e8.2_400bps_hac@v4.3.0
0	498008c8-9e49-4b7b-882a-412ccd763132 runid=0dfb5b492dc86ce99bf7c61c734eb364afcdb5c8 ch=85 start_time=2025-09-25T23:55:30.398161+00:00 flow_cell_id=AWX817 basecall_gpu=NVIDIA_Tegra_X2 protocol_group_id=ONT_trialEb_250925 sample_id=ONT_trail_250925 barcode=barcode22 barcode_alias=barcode22 parent_read_id=498008c8-9e49-4b7b-882a-412ccd763132 basecall_model_version_id=dna_r10.4.1_e8.2_400bps_hac@v4.3.0 rc
0	6440bb2f-20c1-4427-a0e4-21b0bb937cdf runid=0dfb5b492dc86ce99bf7c61c734eb364afcdb5c8 ch=57 start_time=2025-09-25T17:12:04.398161+00:00 flow_cell_id=AWX817 basecall_gpu=NVIDIA_Tegra_X2 protocol_group_id=ONT_trialEb_250925 sample_id=ONT_trail_250925 barcode=barcode22 barcode_alias=barcode22 parent_read_id=6440bb2f-20c1-4427-a0e4-21b0bb937cdf basecall_model_version_id=dna_r10.4.1_e8.2_400bps_hac@v4.3.0
0	a3bbd640-e55b-4072-8758-6b440fc2f756 runid=0dfb5b492dc86ce99bf7c61c734eb364afcdb5c8 ch=57 start_time=2025-09-25T15:53:23.398161+00:00 flow_cell_id=AWX817 basecall_gpu=NVIDIA_Tegra_X2 protocol_group_id=ONT_trialEb_250925 sample_id=ONT_trail_250925 barcode=barcode22 barcode_alias=barcode22 parent_read_id=a3bbd640-e55b-4072-8758-6b440fc2f756 basecall_model_version_id=dna_r10.4.1_e8.2_400bps_hac@v4.3.0
0	da513900-cd5b-4763-bcce-d6aa201a4e41 runid=0dfb5b492dc86ce99bf7c61c734eb364afcdb5c8 ch=110 start_time=2025-09-25T19:41:56.398161+00:00 flow_cell_id=AWX817 basecall_gpu=NVIDIA_Tegra_X2 protocol_group_id=ONT_trialEb_250925 sample_id=ONT_trail_250925 barcode=barcode22 barcode_alias=barcode22 parent_read_id=da513900-cd5b-4763-bcce-d6aa201a4e41 basecall_model_version_id=dna_r10.4.1_e8.2_400bps_hac@v4.3.0
0	a3f7fb27-bc5f-46e2-aa73-dbc5aea87301 runid=0dfb5b492dc86ce99bf7c61c734eb364afcdb5c8 ch=4 start_time=2025-09-26T01:41:44.398161+00:00 flow_cell_id=AWX817 basecall_gpu=NVIDIA_Tegra_X2 protocol_group_id=ONT_trialEb_250925 sample_id=ONT_trail_250925 barcode=barcode22 barcode_alias=barcode22 parent_read_id=a3f7fb27-bc5f-46e2-aa73-dbc5aea87301 basecall_model_version_id=dna_r10.4.1_e8.2_400bps_hac@v4.3.0 rc
0	ec495ebc-f07a-48f4-b700-db3ce223d3cb runid=0dfb5b492dc86ce99bf7c61c734eb364afcdb5c8 ch=82 start_time=2025-09-25T17:36:32.398161+00:00 flow_cell_id=AWX817 basecall_gpu=NVIDIA_Tegra_X2 protocol_group_id=ONT_trialEb_250925 sample_id=ONT_trail_250925 barcode=barcode22 barcode_alias=barcode22 parent_read_id=ec495ebc-f07a-48f4-b700-db3ce223d3cb basecall_model_version_id=dna_r10.4.1_e8.2_400bps_hac@v4.3.0 rc
0	7a31337a-94be-4a8c-ae11-122260d47c5b runid=0dfb5b492dc86ce99bf7c61c734eb364afcdb5c8 ch=44 start_time=2025-09-25T18:46:54.398161+00:00 flow_cell_id=AWX817 basecall_gpu=NVIDIA_Tegra_X2 protocol_group_id=ONT_trialEb_250925 sample_id=ONT_trail_250925 barcode=barcode22 barcode_alias=barcode22 parent_read_id=7a31337a-94be-4a8c-ae11-122260d47c5b basecall_model_version_id=dna_r10.4.1_e8.2_400bps_hac@v4.3.0
0	b31a6d51-04b4-462c-a9e8-6d97ff6a0c4c runid=0dfb5b492dc86ce99bf7c61c734eb364afcdb5c8 ch=23 start_time=2025-09-25T19:37:44.398161+00:00 flow_cell_id=AWX817 basecall_gpu=NVIDIA_Tegra_X2 protocol_group_id=ONT_trialEb_250925 sample_id=ONT_trail_250925 barcode=barcode24 barcode_alias=barcode24 parent_read_id=b31a6d51-04b4-462c-a9e8-6d97ff6a0c4c basecall_model_version_id=dna_r10.4.1_e8.2_400bps_hac@v4.3.0 rc
0	ed190987-90e7-499c-a73d-9bcb8c14e95e runid=0dfb5b492dc86ce99bf7c61c734eb364afcdb5c8 ch=85 start_time=2025-09-25T19:22:48.398161+00:00 flow_cell_id=AWX817 basecall_gpu=NVIDIA_Tegra_X2 protocol_group_id=ONT_trialEb_250925 sample_id=ONT_trail_250925 barcode=barcode23 barcode_alias=barcode23 parent_read_id=ed190987-90e7-499c-a73d-9bcb8c14e95e basecall_model_version_id=dna_r10.4.1_e8.2_400bps_hac@v4.3.0
0	b228e0b4-d513-48a7-9cb9-aa158b9f73ae runid=0dfb5b492dc86ce99bf7c61c734eb364afcdb5c8 ch=85 start_time=2025-09-25T22:42:44.398161+00:00 flow_cell_id=AWX817 basecall_gpu=NVIDIA_Tegra_X2 protocol_group_id=ONT_trialEb_250925 sample_id=ONT_trail_250925 barcode=barcode24 barcode_alias=barcode24 parent_read_id=b228e0b4-d513-48a7-9cb9-aa158b9f73ae basecall_model_version_id=dna_r10.4.1_e8.2_400bps_hac@v4.3.0
0	46b7795c-c158-48b0-8677-3a3bb1f2bdd4 runid=0dfb5b492dc86ce99bf7c61c734eb364afcdb5c8 ch=23 start_time=2025-09-25T18:46:25.398161+00:00 flow_cell_id=AWX817 basecall_gpu=NVIDIA_Tegra_X2 protocol_group_id=ONT_trialEb_250925 sample_id=ONT_trail_250925 barcode=barcode22 barcode_alias=barcode22 parent_read_id=46b7795c-c158-48b0-8677-3a3bb1f2bdd4 basecall_model_version_id=dna_r10.4.1_e8.2_400bps_hac@v4.3.0
0	ce36db73-b20f-48dd-accf-05330f6b2bc7 runid=0dfb5b492dc86ce99bf7c61c734eb364afcdb5c8 ch=77 start_time=2025-09-25T15:57:04.398161+00:00 flow_cell_id=AWX817 basecall_gpu=NVIDIA_Tegra_X2 protocol_group_id=ONT_trialEb_250925 sample_id=ONT_trail_250925 barcode=barcode22 barcode_alias=barcode22 parent_read_id=ce36db73-b20f-48dd-accf-05330f6b2bc7 basecall_model_version_id=dna_r10.4.1_e8.2_400bps_hac@v4.3.0 rc
0	d3643cf5-73ec-43a2-9980-a73599bb17f3 runid=0dfb5b492dc86ce99bf7c61c734eb364afcdb5c8 ch=4 start_time=2025-09-26T00:48:06.398161+00:00 flow_cell_id=AWX817 basecall_gpu=NVIDIA_Tegra_X2 protocol_group_id=ONT_trialEb_250925 sample_id=ONT_trail_250925 barcode=barcode24 barcode_alias=barcode24 parent_read_id=d3643cf5-73ec-43a2-9980-a73599bb17f3 basecall_model_version_id=dna_r10.4.1_e8.2_400bps_hac@v4.3.0 rc
0	66b5c6c7-8f59-49fe-87a1-882d70c1a292 runid=0dfb5b492dc86ce99bf7c61c734eb364afcdb5c8 ch=57 start_time=2025-09-25T16:35:13.398161+00:00 flow_cell_id=AWX817 basecall_gpu=NVIDIA_Tegra_X2 protocol_group_id=ONT_trialEb_250925 sample_id=ONT_trail_250925 barcode=barcode24 barcode_alias=barcode24 parent_read_id=66b5c6c7-8f59-49fe-87a1-882d70c1a292 basecall_model_version_id=dna_r10.4.1_e8.2_400bps_hac@v4.3.0 rc
0	f5d5711d-c862-4c67-b4c2-28b49dd0c4d0 runid=0dfb5b492dc86ce99bf7c61c734eb364afcdb5c8 ch=108 start_time=2025-09-25T17:26:50.398161+00:00 flow_cell_id=AWX817 basecall_gpu=NVIDIA_Tegra_X2 protocol_group_id=ONT_trialEb_250925 sample_id=ONT_trail_250925 barcode=barcode22 barcode_alias=barcode22 parent_read_id=f5d5711d-c862-4c67-b4c2-28b49dd0c4d0 basecall_model_version_id=dna_r10.4.1_e8.2_400bps_hac@v4.3.0 rc
0	f3ef91fd-c310-41a1-8cd5-f18048b82afa runid=0dfb5b492dc86ce99bf7c61c734eb364afcdb5c8 ch=85 start_time=2025-09-25T18:08:31.398161+00:00 flow_cell_id=AWX817 basecall_gpu=NVIDIA_Tegra_X2 protocol_group_id=ONT_trialEb_250925 sample_id=ONT_trail_250925 barcode=barcode22 barcode_alias=barcode22 parent_read_id=f3ef91fd-c310-41a1-8cd5-f18048b82afa basecall_model_version_id=dna_r10.4.1_e8.2_400bps_hac@v4.3.0
0	cb03ef3c-d9f3-49ab-a7be-968d8979a832 runid=0dfb5b492dc86ce99bf7c61c734eb364afcdb5c8 ch=39 start_time=2025-09-25T18:00:05.398161+00:00 flow_cell_id=AWX817 basecall_gpu=NVIDIA_Tegra_X2 protocol_group_id=ONT_trialEb_250925 sample_id=ONT_trail_250925 barcode=barcode24 barcode_alias=barcode24 parent_read_id=cb03ef3c-d9f3-49ab-a7be-968d8979a832 basecall_model_version_id=dna_r10.4.1_e8.2_400bps_hac@v4.3.0
0	19b06f81-dd2e-4b5a-bfc0-c3f0e785149f runid=0dfb5b492dc86ce99bf7c61c734eb364afcdb5c8 ch=4 start_time=2025-09-26T01:18:54.398161+00:00 flow_cell_id=AWX817 basecall_gpu=NVIDIA_Tegra_X2 protocol_group_id=ONT_trialEb_250925 sample_id=ONT_trail_250925 barcode=barcode24 barcode_alias=barcode24 parent_read_id=19b06f81-dd2e-4b5a-bfc0-c3f0e785149f basecall_model_version_id=dna_r10.4.1_e8.2_400bps_hac@v4.3.0 rc
0	6ac7a604-b5b3-4004-984e-d04e17170717 runid=0dfb5b492dc86ce99bf7c61c734eb364afcdb5c8 ch=77 start_time=2025-09-25T16:45:46.398161+00:00 flow_cell_id=AWX817 basecall_gpu=NVIDIA_Tegra_X2 protocol_group_id=ONT_trialEb_250925 sample_id=ONT_trail_250925 barcode=barcode22 barcode_alias=barcode22 parent_read_id=6ac7a604-b5b3-4004-984e-d04e17170717 basecall_model_version_id=dna_r10.4.1_e8.2_400bps_hac@v4.3.0 rc
0	96648314-43bb-44df-a79c-8627cccdbdc8 runid=0dfb5b492dc86ce99bf7c61c734eb364afcdb5c8 ch=20 start_time=2025-09-25T23:08:39.398161+00:00 flow_cell_id=AWX817 basecall_gpu=NVIDIA_Tegra_X2 protocol_group_id=ONT_trialEb_250925 sample_id=ONT_trail_250925 barcode=barcode24 barcode_alias=barcode24 parent_read_id=96648314-43bb-44df-a79c-8627cccdbdc8 basecall_model_version_id=dna_r10.4.1_e8.2_400bps_hac@v4.3.0
0	3690ac21-d571-4c8d-a550-e972fe058d87 runid=0dfb5b492dc86ce99bf7c61c734eb364afcdb5c8 ch=49 start_time=2025-09-25T17:30:28.398161+00:00 flow_cell_id=AWX817 basecall_gpu=NVIDIA_Tegra_X2 protocol_group_id=ONT_trialEb_250925 sample_id=ONT_trail_250925 barcode=barcode22 barcode_alias=barcode22 parent_read_id=3690ac21-d571-4c8d-a550-e972fe058d87 basecall_model_version_id=dna_r10.4.1_e8.2_400bps_hac@v4.3.0 rc
0	2d946237-7567-46ea-b199-82d8ffe69509 runid=0dfb5b492dc86ce99bf7c61c734eb364afcdb5c8 ch=43 start_time=2025-09-25T17:44:42.398161+00:00 flow_cell_id=AWX817 basecall_gpu=NVIDIA_Tegra_X2 protocol_group_id=ONT_trialEb_250925 sample_id=ONT_trail_250925 barcode=barcode22 barcode_alias=barcode22 parent_read_id=2d946237-7567-46ea-b199-82d8ffe69509 basecall_model_version_id=dna_r10.4.1_e8.2_400bps_hac@v4.3.0
0	4ddb26ef-4e55-4a6d-bf2a-d9ef564c4d3c runid=0dfb5b492dc86ce99bf7c61c734eb364afcdb5c8 ch=40 start_time=2025-09-25T20:07:03.398161+00:00 flow_cell_id=AWX817 basecall_gpu=NVIDIA_Tegra_X2 protocol_group_id=ONT_trialEb_250925 sample_id=ONT_trail_250925 barcode=barcode23 barcode_alias=barcode23 parent_read_id=4ddb26ef-4e55-4a6d-bf2a-d9ef564c4d3c basecall_model_version_id=dna_r10.4.1_e8.2_400bps_hac@v4.3.0 rc
0	0ddf7f57-e0aa-40f6-bc5b-ba19c1b65775 runid=0dfb5b492dc86ce99bf7c61c734eb364afcdb5c8 ch=44 start_time=2025-09-25T17:32:50.398161+00:00 flow_cell_id=AWX817 basecall_gpu=NVIDIA_Tegra_X2 protocol_group_id=ONT_trialEb_250925 sample_id=ONT_trail_250925 barcode=barcode24 barcode_alias=barcode24 parent_read_id=03e6e5ac-b38c-4f43-8c76-fd0e71d15e1a basecall_model_version_id=dna_r10.4.1_e8.2_400bps_hac@v4.3.0
0	7d0954e3-a76e-40fd-a9b5-147864985ef9 runid=0dfb5b492dc86ce99bf7c61c734eb364afcdb5c8 ch=41 start_time=2025-09-25T20:17:26.398161+00:00 flow_cell_id=AWX817 basecall_gpu=NVIDIA_Tegra_X2 protocol_group_id=ONT_trialEb_250925 sample_id=ONT_trail_250925 barcode=barcode22 barcode_alias=barcode22 parent_read_id=7d0954e3-a76e-40fd-a9b5-147864985ef9 basecall_model_version_id=dna_r10.4.1_e8.2_400bps_hac@v4.3.0 rc
0	a69196e0-a7ca-4f5c-8abd-86d7efeea162 runid=0dfb5b492dc86ce99bf7c61c734eb364afcdb5c8 ch=44 start_time=2025-09-25T18:21:11.398161+00:00 flow_cell_id=AWX817 basecall_gpu=NVIDIA_Tegra_X2 protocol_group_id=ONT_trialEb_250925 sample_id=ONT_trail_250925 barcode=barcode22 barcode_alias=barcode22 parent_read_id=a69196e0-a7ca-4f5c-8abd-86d7efeea162 basecall_model_version_id=dna_r10.4.1_e8.2_400bps_hac@v4.3.0 rc
0	0dd4c41a-9a56-4233-aaf7-20777af9a3e0 runid=0dfb5b492dc86ce99bf7c61c734eb364afcdb5c8 ch=6 start_time=2025-09-25T17:26:00.398161+00:00 flow_cell_id=AWX817 basecall_gpu=NVIDIA_Tegra_X2 protocol_group_id=ONT_trialEb_250925 sample_id=ONT_trail_250925 barcode=barcode24 barcode_alias=barcode24 parent_read_id=0dd4c41a-9a56-4233-aaf7-20777af9a3e0 basecall_model_version_id=dna_r10.4.1_e8.2_400bps_hac@v4.3.0
0	39e9f939-d927-479f-9578-84795514056b runid=0dfb5b492dc86ce99bf7c61c734eb364afcdb5c8 ch=93 start_time=2025-09-25T15:56:31.398161+00:00 flow_cell_id=AWX817 basecall_gpu=NVIDIA_Tegra_X2 protocol_group_id=ONT_trialEb_250925 sample_id=ONT_trail_250925 barcode=barcode22 barcode_alias=barcode22 parent_read_id=39e9f939-d927-479f-9578-84795514056b basecall_model_version_id=dna_r10.4.1_e8.2_400bps_hac@v4.3.0 rc
0	f7d263d0-65bb-45e0-82d9-4d263fbcaf62 runid=0dfb5b492dc86ce99bf7c61c734eb364afcdb5c8 ch=39 start_time=2025-09-25T18:08:38.398161+00:00 flow_cell_id=AWX817 basecall_gpu=NVIDIA_Tegra_X2 protocol_group_id=ONT_trialEb_250925 sample_id=ONT_trail_250925 barcode=barcode23 barcode_alias=barcode23 parent_read_id=f7d263d0-65bb-45e0-82d9-4d263fbcaf62 basecall_model_version_id=dna_r10.4.1_e8.2_400bps_hac@v4.3.0
0	4e0fccad-9494-44ea-89b7-0e4b076e33fb runid=0dfb5b492dc86ce99bf7c61c734eb364afcdb5c8 ch=49 start_time=2025-09-26T12:25:50.398161+00:00 flow_cell_id=AWX817 basecall_gpu=NVIDIA_Tegra_X2 protocol_group_id=ONT_trialEb_250925 sample_id=ONT_trail_250925 barcode=barcode24 barcode_alias=barcode24 parent_read_id=4e0fccad-9494-44ea-89b7-0e4b076e33fb basecall_model_version_id=dna_r10.4.1_e8.2_400bps_hac@v4.3.0
0	b92140da-1bc1-46e6-85d1-fff1981c61d4 runid=0dfb5b492dc86ce99bf7c61c734eb364afcdb5c8 ch=57 start_time=2025-09-25T16:13:28.398161+00:00 flow_cell_id=AWX817 basecall_gpu=NVIDIA_Tegra_X2 protocol_group_id=ONT_trialEb_250925 sample_id=ONT_trail_250925 barcode=barcode22 barcode_alias=barcode22 parent_read_id=b92140da-1bc1-46e6-85d1-fff1981c61d4 basecall_model_version_id=dna_r10.4.1_e8.2_400bps_hac@v4.3.0
0	c42b1c76-124a-42d5-9794-e25d35ae0e82 runid=0dfb5b492dc86ce99bf7c61c734eb364afcdb5c8 ch=106 start_time=2025-09-25T17:28:16.398161+00:00 flow_cell_id=AWX817 basecall_gpu=NVIDIA_Tegra_X2 protocol_group_id=ONT_trialEb_250925 sample_id=ONT_trail_250925 barcode=barcode22 barcode_alias=barcode22 parent_read_id=c784b782-30d5-46f5-93d4-93c2ef63528a basecall_model_version_id=dna_r10.4.1_e8.2_400bps_hac@v4.3.0 rc
0	2c0d35fd-1f1d-4ad0-889e-d4029a2c123e runid=0dfb5b492dc86ce99bf7c61c734eb364afcdb5c8 ch=4 start_time=2025-09-26T00:26:07.398161+00:00 flow_cell_id=AWX817 basecall_gpu=NVIDIA_Tegra_X2 protocol_group_id=ONT_trialEb_250925 sample_id=ONT_trail_250925 barcode=barcode24 barcode_alias=barcode24 parent_read_id=2c0d35fd-1f1d-4ad0-889e-d4029a2c123e basecall_model_version_id=dna_r10.4.1_e8.2_400bps_hac@v4.3.0 rc
0	3577cccd-6f6a-42a4-8d01-84a6d16a5a74 runid=0dfb5b492dc86ce99bf7c61c734eb364afcdb5c8 ch=58 start_time=2025-09-25T21:26:34.398161+00:00 flow_cell_id=AWX817 basecall_gpu=NVIDIA_Tegra_X2 protocol_group_id=ONT_trialEb_250925 sample_id=ONT_trail_250925 barcode=barcode23 barcode_alias=barcode23 parent_read_id=3577cccd-6f6a-42a4-8d01-84a6d16a5a74 basecall_model_version_id=dna_r10.4.1_e8.2_400bps_hac@v4.3.0
0	ded443d5-7a47-4bf1-83b5-6f43b6319fc5 runid=0dfb5b492dc86ce99bf7c61c734eb364afcdb5c8 ch=20 start_time=2025-09-26T03:29:50.398161+00:00 flow_cell_id=AWX817 basecall_gpu=NVIDIA_Tegra_X2 protocol_group_id=ONT_trialEb_250925 sample_id=ONT_trail_250925 barcode=barcode22 barcode_alias=barcode22 parent_read_id=ded443d5-7a47-4bf1-83b5-6f43b6319fc5 basecall_model_version_id=dna_r10.4.1_e8.2_400bps_hac@v4.3.0 rc
0	975aa818-9c10-44fb-8dc3-2feb23c18f6f runid=0dfb5b492dc86ce99bf7c61c734eb364afcdb5c8 ch=6 start_time=2025-09-25T17:34:11.398161+00:00 flow_cell_id=AWX817 basecall_gpu=NVIDIA_Tegra_X2 protocol_group_id=ONT_trialEb_250925 sample_id=ONT_trail_250925 barcode=barcode22 barcode_alias=barcode22 parent_read_id=975aa818-9c10-44fb-8dc3-2feb23c18f6f basecall_model_version_id=dna_r10.4.1_e8.2_400bps_hac@v4.3.0
0	4cd740de-6d36-4ba4-935c-3cee8b9e96c2 runid=0dfb5b492dc86ce99bf7c61c734eb364afcdb5c8 ch=80 start_time=2025-09-25T17:23:04.398161+00:00 flow_cell_id=AWX817 basecall_gpu=NVIDIA_Tegra_X2 protocol_group_id=ONT_trialEb_250925 sample_id=ONT_trail_250925 barcode=barcode22 barcode_alias=barcode22 parent_read_id=4cd740de-6d36-4ba4-935c-3cee8b9e96c2 basecall_model_version_id=dna_r10.4.1_e8.2_400bps_hac@v4.3.0
0	7291a096-ba9d-4610-9376-a0e14b17a5ef runid=0dfb5b492dc86ce99bf7c61c734eb364afcdb5c8 ch=110 start_time=2025-09-25T18:35:34.398161+00:00 flow_cell_id=AWX817 basecall_gpu=NVIDIA_Tegra_X2 protocol_group_id=ONT_trialEb_250925 sample_id=ONT_trail_250925 barcode=barcode22 barcode_alias=barcode22 parent_read_id=7291a096-ba9d-4610-9376-a0e14b17a5ef basecall_model_version_id=dna_r10.4.1_e8.2_400bps_hac@v4.3.0
0	a9cbf569-8ba7-4f0b-ac5d-390dafb7072a runid=0dfb5b492dc86ce99bf7c61c734eb364afcdb5c8 ch=4 start_time=2025-09-26T01:21:30.398161+00:00 flow_cell_id=AWX817 basecall_gpu=NVIDIA_Tegra_X2 protocol_group_id=ONT_trialEb_250925 sample_id=ONT_trail_250925 barcode=barcode22 barcode_alias=barcode22 parent_read_id=a9cbf569-8ba7-4f0b-ac5d-390dafb7072a basecall_model_version_id=dna_r10.4.1_e8.2_400bps_hac@v4.3.0
0	d7a4c714-3539-4ff5-a19c-ea13d12a127a runid=0dfb5b492dc86ce99bf7c61c734eb364afcdb5c8 ch=44 start_time=2025-09-25T18:38:01.398161+00:00 flow_cell_id=AWX817 basecall_gpu=NVIDIA_Tegra_X2 protocol_group_id=ONT_trialEb_250925 sample_id=ONT_trail_250925 barcode=barcode24 barcode_alias=barcode24 parent_read_id=d7a4c714-3539-4ff5-a19c-ea13d12a127a basecall_model_version_id=dna_r10.4.1_e8.2_400bps_hac@v4.3.0 rc
0	f903c513-b17d-4154-853d-f3897a61eb2f runid=0dfb5b492dc86ce99bf7c61c734eb364afcdb5c8 ch=20 start_time=2025-09-25T21:16:14.398161+00:00 flow_cell_id=AWX817 basecall_gpu=NVIDIA_Tegra_X2 protocol_group_id=ONT_trialEb_250925 sample_id=ONT_trail_250925 barcode=barcode22 barcode_alias=barcode22 parent_read_id=f903c513-b17d-4154-853d-f3897a61eb2f basecall_model_version_id=dna_r10.4.1_e8.2_400bps_hac@v4.3.0
0	fad1f2af-9f44-42c2-9430-dc5cc7e2da4d runid=0dfb5b492dc86ce99bf7c61c734eb364afcdb5c8 ch=44 start_time=2025-09-26T05:39:48.398161+00:00 flow_cell_id=AWX817 basecall_gpu=NVIDIA_Tegra_X2 protocol_group_id=ONT_trialEb_250925 sample_id=ONT_trail_250925 barcode=barcode24 barcode_alias=barcode24 parent_read_id=fad1f2af-9f44-42c2-9430-dc5cc7e2da4d basecall_model_version_id=dna_r10.4.1_e8.2_400bps_hac@v4.3.0
0	03cdc029-838d-4d79-b6c0-b6b9f39a986d runid=0dfb5b492dc86ce99bf7c61c734eb364afcdb5c8 ch=44 start_time=2025-09-26T03:04:16.398161+00:00 flow_cell_id=AWX817 basecall_gpu=NVIDIA_Tegra_X2 protocol_group_id=ONT_trialEb_250925 sample_id=ONT_trail_250925 barcode=barcode22 barcode_alias=barcode22 parent_read_id=03cdc029-838d-4d79-b6c0-b6b9f39a986d basecall_model_version_id=dna_r10.4.1_e8.2_400bps_hac@v4.3.0
0	78dfebb7-1b6d-45fb-be3c-acfaccfa8f10 runid=0dfb5b492dc86ce99bf7c61c734eb364afcdb5c8 ch=96 start_time=2025-09-26T02:21:44.398161+00:00 flow_cell_id=AWX817 basecall_gpu=NVIDIA_Tegra_X2 protocol_group_id=ONT_trialEb_250925 sample_id=ONT_trail_250925 barcode=barcode24 barcode_alias=barcode24 parent_read_id=78dfebb7-1b6d-45fb-be3c-acfaccfa8f10 basecall_model_version_id=dna_r10.4.1_e8.2_400bps_hac@v4.3.0 rc
0	0d1952cf-de0d-4cf5-a640-b4f755899cd3 runid=0dfb5b492dc86ce99bf7c61c734eb364afcdb5c8 ch=44 start_time=2025-09-26T02:08:25.398161+00:00 flow_cell_id=AWX817 basecall_gpu=NVIDIA_Tegra_X2 protocol_group_id=ONT_trialEb_250925 sample_id=ONT_trail_250925 barcode=barcode22 barcode_alias=barcode22 parent_read_id=0d1952cf-de0d-4cf5-a640-b4f755899cd3 basecall_model_version_id=dna_r10.4.1_e8.2_400bps_hac@v4.3.0
0	5ab11856-a0fb-4f80-a72e-59973712be5f runid=0dfb5b492dc86ce99bf7c61c734eb364afcdb5c8 ch=39 start_time=2025-09-26T04:16:19.398161+00:00 flow_cell_id=AWX817 basecall_gpu=NVIDIA_Tegra_X2 protocol_group_id=ONT_trialEb_250925 sample_id=ONT_trail_250925 barcode=barcode22 barcode_alias=barcode22 parent_read_id=5ab11856-a0fb-4f80-a72e-59973712be5f basecall_model_version_id=dna_r10.4.1_e8.2_400bps_hac@v4.3.0
0	ca697aeb-cfd5-446f-9ee4-c3d527c9db4a runid=0dfb5b492dc86ce99bf7c61c734eb364afcdb5c8 ch=44 start_time=2025-09-25T23:16:21.398161+00:00 flow_cell_id=AWX817 basecall_gpu=NVIDIA_Tegra_X2 protocol_group_id=ONT_trialEb_250925 sample_id=ONT_trail_250925 barcode=barcode24 barcode_alias=barcode24 parent_read_id=ca697aeb-cfd5-446f-9ee4-c3d527c9db4a basecall_model_version_id=dna_r10.4.1_e8.2_400bps_hac@v4.3.0
0	757bd5e3-0a53-481f-ac70-4407aecc8af4 runid=0dfb5b492dc86ce99bf7c61c734eb364afcdb5c8 ch=40 start_time=2025-09-25T19:34:57.398161+00:00 flow_cell_id=AWX817 basecall_gpu=NVIDIA_Tegra_X2 protocol_group_id=ONT_trialEb_250925 sample_id=ONT_trail_250925 barcode=barcode22 barcode_alias=barcode22 parent_read_id=757bd5e3-0a53-481f-ac70-4407aecc8af4 basecall_model_version_id=dna_r10.4.1_e8.2_400bps_hac@v4.3.0
0	cc16eb1e-2050-4a5b-a491-336ec3b9a213 runid=0dfb5b492dc86ce99bf7c61c734eb364afcdb5c8 ch=43 start_time=2025-09-25T20:45:29.398161+00:00 flow_cell_id=AWX817 basecall_gpu=NVIDIA_Tegra_X2 protocol_group_id=ONT_trialEb_250925 sample_id=ONT_trail_250925 barcode=barcode22 barcode_alias=barcode22 parent_read_id=cc16eb1e-2050-4a5b-a491-336ec3b9a213 basecall_model_version_id=dna_r10.4.1_e8.2_400bps_hac@v4.3.0
0	7376d2a3-5d54-4c5d-9227-21fe6d2cc49c runid=0dfb5b492dc86ce99bf7c61c734eb364afcdb5c8 ch=49 start_time=2025-09-25T19:01:45.398161+00:00 flow_cell_id=AWX817 basecall_gpu=NVIDIA_Tegra_X2 protocol_group_id=ONT_trialEb_250925 sample_id=ONT_trail_250925 barcode=barcode22 barcode_alias=barcode22 parent_read_id=7376d2a3-5d54-4c5d-9227-21fe6d2cc49c basecall_model_version_id=dna_r10.4.1_e8.2_400bps_hac@v4.3.0
0	1b5d97cb-e1e7-44b5-9213-466bba72ff28 runid=0dfb5b492dc86ce99bf7c61c734eb364afcdb5c8 ch=49 start_time=2025-09-25T17:57:21.398161+00:00 flow_cell_id=AWX817 basecall_gpu=NVIDIA_Tegra_X2 protocol_group_id=ONT_trialEb_250925 sample_id=ONT_trail_250925 barcode=barcode24 barcode_alias=barcode24 parent_read_id=1b5d97cb-e1e7-44b5-9213-466bba72ff28 basecall_model_version_id=dna_r10.4.1_e8.2_400bps_hac@v4.3.0 rc
0	dde9c515-935a-4037-95c8-c95b4aa4b512 runid=0dfb5b492dc86ce99bf7c61c734eb364afcdb5c8 ch=44 start_time=2025-09-26T04:47:16.398161+00:00 flow_cell_id=AWX817 basecall_gpu=NVIDIA_Tegra_X2 protocol_group_id=ONT_trialEb_250925 sample_id=ONT_trail_250925 barcode=barcode22 barcode_alias=barcode22 parent_read_id=dde9c515-935a-4037-95c8-c95b4aa4b512 basecall_model_version_id=dna_r10.4.1_e8.2_400bps_hac@v4.3.0
0	0a7048f3-624c-4816-912f-ee3dddf9ebbc runid=0dfb5b492dc86ce99bf7c61c734eb364afcdb5c8 ch=77 start_time=2025-09-25T21:42:02.398161+00:00 flow_cell_id=AWX817 basecall_gpu=NVIDIA_Tegra_X2 protocol_group_id=ONT_trialEb_250925 sample_id=ONT_trail_250925 barcode=barcode23 barcode_alias=barcode23 parent_read_id=0a7048f3-624c-4816-912f-ee3dddf9ebbc basecall_model_version_id=dna_r10.4.1_e8.2_400bps_hac@v4.3.0 rc
0	80654375-3808-4e82-8616-3c4109cbd727 runid=0dfb5b492dc86ce99bf7c61c734eb364afcdb5c8 ch=4 start_time=2025-09-25T19:46:20.398161+00:00 flow_cell_id=AWX817 basecall_gpu=NVIDIA_Tegra_X2 protocol_group_id=ONT_trialEb_250925 sample_id=ONT_trail_250925 barcode=barcode23 barcode_alias=barcode23 parent_read_id=80654375-3808-4e82-8616-3c4109cbd727 basecall_model_version_id=dna_r10.4.1_e8.2_400bps_hac@v4.3.0 rc
0	7846ad23-4369-4983-9e23-8fec4eeab964 runid=0dfb5b492dc86ce99bf7c61c734eb364afcdb5c8 ch=5 start_time=2025-09-25T23:37:03.398161+00:00 flow_cell_id=AWX817 basecall_gpu=NVIDIA_Tegra_X2 protocol_group_id=ONT_trialEb_250925 sample_id=ONT_trail_250925 barcode=barcode22 barcode_alias=barcode22 parent_read_id=7846ad23-4369-4983-9e23-8fec4eeab964 basecall_model_version_id=dna_r10.4.1_e8.2_400bps_hac@v4.3.0 rc
0	1522f7ba-2d65-4bbe-a078-baac122c5a5f runid=0dfb5b492dc86ce99bf7c61c734eb364afcdb5c8 ch=94 start_time=2025-09-25T17:58:58.398161+00:00 flow_cell_id=AWX817 basecall_gpu=NVIDIA_Tegra_X2 protocol_group_id=ONT_trialEb_250925 sample_id=ONT_trail_250925 barcode=barcode23 barcode_alias=barcode23 parent_read_id=1522f7ba-2d65-4bbe-a078-baac122c5a5f basecall_model_version_id=dna_r10.4.1_e8.2_400bps_hac@v4.3.0 rc
0	afec5e1a-7df3-4ee1-a742-3bfa0a5d7cb5 runid=0dfb5b492dc86ce99bf7c61c734eb364afcdb5c8 ch=40 start_time=2025-09-25T20:40:59.398161+00:00 flow_cell_id=AWX817 basecall_gpu=NVIDIA_Tegra_X2 protocol_group_id=ONT_trialEb_250925 sample_id=ONT_trail_250925 barcode=barcode22 barcode_alias=barcode22 parent_read_id=afec5e1a-7df3-4ee1-a742-3bfa0a5d7cb5 basecall_model_version_id=dna_r10.4.1_e8.2_400bps_hac@v4.3.0
0	dc07328f-ee9f-46ca-93c0-183ef802c636 runid=0dfb5b492dc86ce99bf7c61c734eb364afcdb5c8 ch=40 start_time=2025-09-25T19:56:56.398161+00:00 flow_cell_id=AWX817 basecall_gpu=NVIDIA_Tegra_X2 protocol_group_id=ONT_trialEb_250925 sample_id=ONT_trail_250925 barcode=barcode22 barcode_alias=barcode22 parent_read_id=dc07328f-ee9f-46ca-93c0-183ef802c636 basecall_model_version_id=dna_r10.4.1_e8.2_400bps_hac@v4.3.0
0	d0fd9068-ad40-4f85-ac27-258b7d0f9129 runid=0dfb5b492dc86ce99bf7c61c734eb364afcdb5c8 ch=94 start_time=2025-09-25T17:01:07.398161+00:00 flow_cell_id=AWX817 basecall_gpu=NVIDIA_Tegra_X2 protocol_group_id=ONT_trialEb_250925 sample_id=ONT_trail_250925 barcode=barcode22 barcode_alias=barcode22 parent_read_id=d0fd9068-ad40-4f85-ac27-258b7d0f9129 basecall_model_version_id=dna_r10.4.1_e8.2_400bps_hac@v4.3.0
0	8a477618-ad4c-4631-b4b0-7aba5c46ab85 runid=0dfb5b492dc86ce99bf7c61c734eb364afcdb5c8 ch=20 start_time=2025-09-26T04:22:32.398161+00:00 flow_cell_id=AWX817 basecall_gpu=NVIDIA_Tegra_X2 protocol_group_id=ONT_trialEb_250925 sample_id=ONT_trail_250925 barcode=barcode23 barcode_alias=barcode23 parent_read_id=8a477618-ad4c-4631-b4b0-7aba5c46ab85 basecall_model_version_id=dna_r10.4.1_e8.2_400bps_hac@v4.3.0 rc
0	0e9b72b7-43e0-46cf-ab45-bdf4d98fbf3c runid=0dfb5b492dc86ce99bf7c61c734eb364afcdb5c8 ch=56 start_time=2025-09-25T18:17:15.398161+00:00 flow_cell_id=AWX817 basecall_gpu=NVIDIA_Tegra_X2 protocol_group_id=ONT_trialEb_250925 sample_id=ONT_trail_250925 barcode=barcode22 barcode_alias=barcode22 parent_read_id=0e9b72b7-43e0-46cf-ab45-bdf4d98fbf3c basecall_model_version_id=dna_r10.4.1_e8.2_400bps_hac@v4.3.0 rc
0	6c5fea50-ac96-4487-8229-45cbca30f3d7 runid=0dfb5b492dc86ce99bf7c61c734eb364afcdb5c8 ch=56 start_time=2025-09-25T18:43:16.398161+00:00 flow_cell_id=AWX817 basecall_gpu=NVIDIA_Tegra_X2 protocol_group_id=ONT_trialEb_250925 sample_id=ONT_trail_250925 barcode=barcode24 barcode_alias=barcode24 parent_read_id=6c5fea50-ac96-4487-8229-45cbca30f3d7 basecall_model_version_id=dna_r10.4.1_e8.2_400bps_hac@v4.3.0
0	1bb3d130-0035-4a2c-b171-6648620c7cb3 runid=0dfb5b492dc86ce99bf7c61c734eb364afcdb5c8 ch=4 start_time=2025-09-25T22:22:28.398161+00:00 flow_cell_id=AWX817 basecall_gpu=NVIDIA_Tegra_X2 protocol_group_id=ONT_trialEb_250925 sample_id=ONT_trail_250925 barcode=barcode23 barcode_alias=barcode23 parent_read_id=1bb3d130-0035-4a2c-b171-6648620c7cb3 basecall_model_version_id=dna_r10.4.1_e8.2_400bps_hac@v4.3.0
0	7ea4ea1e-b1c8-4a9b-a1ec-3c1d7d74801d runid=0dfb5b492dc86ce99bf7c61c734eb364afcdb5c8 ch=58 start_time=2025-09-25T21:37:31.398161+00:00 flow_cell_id=AWX817 basecall_gpu=NVIDIA_Tegra_X2 protocol_group_id=ONT_trialEb_250925 sample_id=ONT_trail_250925 barcode=barcode22 barcode_alias=barcode22 parent_read_id=7ea4ea1e-b1c8-4a9b-a1ec-3c1d7d74801d basecall_model_version_id=dna_r10.4.1_e8.2_400bps_hac@v4.3.0
0	535a6752-8afd-491e-9c48-6709b63b9a18 runid=0dfb5b492dc86ce99bf7c61c734eb364afcdb5c8 ch=110 start_time=2025-09-25T21:45:52.398161+00:00 flow_cell_id=AWX817 basecall_gpu=NVIDIA_Tegra_X2 protocol_group_id=ONT_trialEb_250925 sample_id=ONT_trail_250925 barcode=barcode22 barcode_alias=barcode22 parent_read_id=535a6752-8afd-491e-9c48-6709b63b9a18 basecall_model_version_id=dna_r10.4.1_e8.2_400bps_hac@v4.3.0 rc
0	535a6752-8afd-491e-9c48-6709b63b9a18 runid=0dfb5b492dc86ce99bf7c61c734eb364afcdb5c8 ch=110 start_time=2025-09-25T21:45:52.398161+00:00 flow_cell_id=AWX817 basecall_gpu=NVIDIA_Tegra_X2 protocol_group_id=ONT_trialEb_250925 sample_id=ONT_trail_250925 barcode=barcode22 barcode_alias=barcode22 parent_read_id=535a6752-8afd-491e-9c48-6709b63b9a18 basecall_model_version_id=dna_r10.4.1_e8.2_400bps_hac@v4.3.0 rc
0	62345468-47c5-4eee-8812-6fcb574b9b81 runid=0dfb5b492dc86ce99bf7c61c734eb364afcdb5c8 ch=20 start_time=2025-09-25T18:41:16.398161+00:00 flow_cell_id=AWX817 basecall_gpu=NVIDIA_Tegra_X2 protocol_group_id=ONT_trialEb_250925 sample_id=ONT_trail_250925 barcode=barcode22 barcode_alias=barcode22 parent_read_id=62345468-47c5-4eee-8812-6fcb574b9b81 basecall_model_version_id=dna_r10.4.1_e8.2_400bps_hac@v4.3.0
0	b05d48d5-0f69-424b-8f12-ac6630038123 runid=0dfb5b492dc86ce99bf7c61c734eb364afcdb5c8 ch=94 start_time=2025-09-25T18:18:08.398161+00:00 flow_cell_id=AWX817 basecall_gpu=NVIDIA_Tegra_X2 protocol_group_id=ONT_trialEb_250925 sample_id=ONT_trail_250925 barcode=barcode24 barcode_alias=barcode24 parent_read_id=b05d48d5-0f69-424b-8f12-ac6630038123 basecall_model_version_id=dna_r10.4.1_e8.2_400bps_hac@v4.3.0
0	e5639f76-3f0b-40b0-882b-dee06fb1f1e1 runid=0dfb5b492dc86ce99bf7c61c734eb364afcdb5c8 ch=91 start_time=2025-09-25T17:28:57.398161+00:00 flow_cell_id=AWX817 basecall_gpu=NVIDIA_Tegra_X2 protocol_group_id=ONT_trialEb_250925 sample_id=ONT_trail_250925 barcode=barcode24 barcode_alias=barcode24 parent_read_id=e5639f76-3f0b-40b0-882b-dee06fb1f1e1 basecall_model_version_id=dna_r10.4.1_e8.2_400bps_hac@v4.3.0
0	f5274b9e-4e2e-48f8-8553-1f9716a0ea2e runid=0dfb5b492dc86ce99bf7c61c734eb364afcdb5c8 ch=108 start_time=2025-09-25T15:47:44.398161+00:00 flow_cell_id=AWX817 basecall_gpu=NVIDIA_Tegra_X2 protocol_group_id=ONT_trialEb_250925 sample_id=ONT_trail_250925 barcode=barcode24 barcode_alias=barcode24 parent_read_id=f5274b9e-4e2e-48f8-8553-1f9716a0ea2e basecall_model_version_id=dna_r10.4.1_e8.2_400bps_hac@v4.3.0
0	a17ff734-1da4-474d-a2da-e9d27b97aaa2 runid=0dfb5b492dc86ce99bf7c61c734eb364afcdb5c8 ch=20 start_time=2025-09-26T08:49:03.398161+00:00 flow_cell_id=AWX817 basecall_gpu=NVIDIA_Tegra_X2 protocol_group_id=ONT_trialEb_250925 sample_id=ONT_trail_250925 barcode=barcode22 barcode_alias=barcode22 parent_read_id=a17ff734-1da4-474d-a2da-e9d27b97aaa2 basecall_model_version_id=dna_r10.4.1_e8.2_400bps_hac@v4.3.0
0	aefcf1d6-e5c6-4fb7-afaf-83c765ef1883 runid=0dfb5b492dc86ce99bf7c61c734eb364afcdb5c8 ch=106 start_time=2025-09-25T17:37:00.398161+00:00 flow_cell_id=AWX817 basecall_gpu=NVIDIA_Tegra_X2 protocol_group_id=ONT_trialEb_250925 sample_id=ONT_trail_250925 barcode=barcode24 barcode_alias=barcode24 parent_read_id=aefcf1d6-e5c6-4fb7-afaf-83c765ef1883 basecall_model_version_id=dna_r10.4.1_e8.2_400bps_hac@v4.3.0 rc
0	d2a4619b-2e7a-47b5-a882-b59937c1fb06 runid=0dfb5b492dc86ce99bf7c61c734eb364afcdb5c8 ch=118 start_time=2025-09-26T00:55:08.398161+00:00 flow_cell_id=AWX817 basecall_gpu=NVIDIA_Tegra_X2 protocol_group_id=ONT_trialEb_250925 sample_id=ONT_trail_250925 barcode=barcode23 barcode_alias=barcode23 parent_read_id=d2a4619b-2e7a-47b5-a882-b59937c1fb06 basecall_model_version_id=dna_r10.4.1_e8.2_400bps_hac@v4.3.0
0	6c581f47-57bf-4d97-b250-a0c26f38fc37 runid=0dfb5b492dc86ce99bf7c61c734eb364afcdb5c8 ch=106 start_time=2025-09-25T15:56:40.398161+00:00 flow_cell_id=AWX817 basecall_gpu=NVIDIA_Tegra_X2 protocol_group_id=ONT_trialEb_250925 sample_id=ONT_trail_250925 barcode=barcode23 barcode_alias=barcode23 parent_read_id=6c581f47-57bf-4d97-b250-a0c26f38fc37 basecall_model_version_id=dna_r10.4.1_e8.2_400bps_hac@v4.3.0
0	08123787-8d79-462f-93e5-8c0da964b455 runid=0dfb5b492dc86ce99bf7c61c734eb364afcdb5c8 ch=5 start_time=2025-09-25T23:17:36.398161+00:00 flow_cell_id=AWX817 basecall_gpu=NVIDIA_Tegra_X2 protocol_group_id=ONT_trialEb_250925 sample_id=ONT_trail_250925 barcode=barcode22 barcode_alias=barcode22 parent_read_id=08123787-8d79-462f-93e5-8c0da964b455 basecall_model_version_id=dna_r10.4.1_e8.2_400bps_hac@v4.3.0
0	a2b40fda-e383-4fef-89f7-55bc5acde4d9 runid=0dfb5b492dc86ce99bf7c61c734eb364afcdb5c8 ch=39 start_time=2025-09-25T19:03:21.398161+00:00 flow_cell_id=AWX817 basecall_gpu=NVIDIA_Tegra_X2 protocol_group_id=ONT_trialEb_250925 sample_id=ONT_trail_250925 barcode=barcode23 barcode_alias=barcode23 parent_read_id=a2b40fda-e383-4fef-89f7-55bc5acde4d9 basecall_model_version_id=dna_r10.4.1_e8.2_400bps_hac@v4.3.0 rc
0	51017149-92ec-4d06-8dcc-5cf2a97313b6 runid=0dfb5b492dc86ce99bf7c61c734eb364afcdb5c8 ch=20 start_time=2025-09-25T18:17:48.398161+00:00 flow_cell_id=AWX817 basecall_gpu=NVIDIA_Tegra_X2 protocol_group_id=ONT_trialEb_250925 sample_id=ONT_trail_250925 barcode=barcode22 barcode_alias=barcode22 parent_read_id=51017149-92ec-4d06-8dcc-5cf2a97313b6 basecall_model_version_id=dna_r10.4.1_e8.2_400bps_hac@v4.3.0
0	9d1139db-a0a0-4258-b794-a47c8af522b4 runid=0dfb5b492dc86ce99bf7c61c734eb364afcdb5c8 ch=85 start_time=2025-09-25T21:26:50.398161+00:00 flow_cell_id=AWX817 basecall_gpu=NVIDIA_Tegra_X2 protocol_group_id=ONT_trialEb_250925 sample_id=ONT_trail_250925 barcode=barcode22 barcode_alias=barcode22 parent_read_id=9d1139db-a0a0-4258-b794-a47c8af522b4 basecall_model_version_id=dna_r10.4.1_e8.2_400bps_hac@v4.3.0 rc
0	b93865c8-f4a7-41ac-b940-95f7804bf9a1 runid=0dfb5b492dc86ce99bf7c61c734eb364afcdb5c8 ch=58 start_time=2025-09-25T21:01:00.398161+00:00 flow_cell_id=AWX817 basecall_gpu=NVIDIA_Tegra_X2 protocol_group_id=ONT_trialEb_250925 sample_id=ONT_trail_250925 barcode=barcode22 barcode_alias=barcode22 parent_read_id=b93865c8-f4a7-41ac-b940-95f7804bf9a1 basecall_model_version_id=dna_r10.4.1_e8.2_400bps_hac@v4.3.0
0	b120d522-992c-40c2-a57f-4be64be865af runid=0dfb5b492dc86ce99bf7c61c734eb364afcdb5c8 ch=4 start_time=2025-09-26T00:30:46.398161+00:00 flow_cell_id=AWX817 basecall_gpu=NVIDIA_Tegra_X2 protocol_group_id=ONT_trialEb_250925 sample_id=ONT_trail_250925 barcode=barcode22 barcode_alias=barcode22 parent_read_id=b120d522-992c-40c2-a57f-4be64be865af basecall_model_version_id=dna_r10.4.1_e8.2_400bps_hac@v4.3.0
0	78491f84-4f33-4aac-b661-3df98279061f runid=0dfb5b492dc86ce99bf7c61c734eb364afcdb5c8 ch=110 start_time=2025-09-25T21:13:21.398161+00:00 flow_cell_id=AWX817 basecall_gpu=NVIDIA_Tegra_X2 protocol_group_id=ONT_trialEb_250925 sample_id=ONT_trail_250925 barcode=barcode23 barcode_alias=barcode23 parent_read_id=78491f84-4f33-4aac-b661-3df98279061f basecall_model_version_id=dna_r10.4.1_e8.2_400bps_hac@v4.3.0 rc
0	794336ee-8e18-4a70-9136-30d9273666b0 runid=0dfb5b492dc86ce99bf7c61c734eb364afcdb5c8 ch=43 start_time=2025-09-25T18:33:03.398161+00:00 flow_cell_id=AWX817 basecall_gpu=NVIDIA_Tegra_X2 protocol_group_id=ONT_trialEb_250925 sample_id=ONT_trail_250925 barcode=barcode22 barcode_alias=barcode22 parent_read_id=794336ee-8e18-4a70-9136-30d9273666b0 basecall_model_version_id=dna_r10.4.1_e8.2_400bps_hac@v4.3.0 rc
0	d979e68c-af7d-4085-b508-52e2e82ae8ee runid=0dfb5b492dc86ce99bf7c61c734eb364afcdb5c8 ch=20 start_time=2025-09-25T20:07:55.398161+00:00 flow_cell_id=AWX817 basecall_gpu=NVIDIA_Tegra_X2 protocol_group_id=ONT_trialEb_250925 sample_id=ONT_trail_250925 barcode=barcode22 barcode_alias=barcode22 parent_read_id=d979e68c-af7d-4085-b508-52e2e82ae8ee basecall_model_version_id=dna_r10.4.1_e8.2_400bps_hac@v4.3.0
0	e0bf9910-906b-4244-91fd-acda1cd2f039 runid=0dfb5b492dc86ce99bf7c61c734eb364afcdb5c8 ch=44 start_time=2025-09-25T23:22:04.398161+00:00 flow_cell_id=AWX817 basecall_gpu=NVIDIA_Tegra_X2 protocol_group_id=ONT_trialEb_250925 sample_id=ONT_trail_250925 barcode=barcode24 barcode_alias=barcode24 parent_read_id=e0bf9910-906b-4244-91fd-acda1cd2f039 basecall_model_version_id=dna_r10.4.1_e8.2_400bps_hac@v4.3.0
0	2e9168bc-e0c7-4c39-9ee7-56d90ab148a3 runid=0dfb5b492dc86ce99bf7c61c734eb364afcdb5c8 ch=56 start_time=2025-09-25T16:39:59.398161+00:00 flow_cell_id=AWX817 basecall_gpu=NVIDIA_Tegra_X2 protocol_group_id=ONT_trialEb_250925 sample_id=ONT_trail_250925 barcode=barcode24 barcode_alias=barcode24 parent_read_id=2e9168bc-e0c7-4c39-9ee7-56d90ab148a3 basecall_model_version_id=dna_r10.4.1_e8.2_400bps_hac@v4.3.0
0	67d643aa-8eaa-4b94-9755-8ded9b8c8317 runid=0dfb5b492dc86ce99bf7c61c734eb364afcdb5c8 ch=110 start_time=2025-09-25T18:36:52.398161+00:00 flow_cell_id=AWX817 basecall_gpu=NVIDIA_Tegra_X2 protocol_group_id=ONT_trialEb_250925 sample_id=ONT_trail_250925 barcode=barcode22 barcode_alias=barcode22 parent_read_id=67d643aa-8eaa-4b94-9755-8ded9b8c8317 basecall_model_version_id=dna_r10.4.1_e8.2_400bps_hac@v4.3.0
0	67d643aa-8eaa-4b94-9755-8ded9b8c8317 runid=0dfb5b492dc86ce99bf7c61c734eb364afcdb5c8 ch=110 start_time=2025-09-25T18:36:52.398161+00:00 flow_cell_id=AWX817 basecall_gpu=NVIDIA_Tegra_X2 protocol_group_id=ONT_trialEb_250925 sample_id=ONT_trail_250925 barcode=barcode22 barcode_alias=barcode22 parent_read_id=67d643aa-8eaa-4b94-9755-8ded9b8c8317 basecall_model_version_id=dna_r10.4.1_e8.2_400bps_hac@v4.3.0
0	216488d7-ec2f-42ed-9b89-65156a37edad runid=0dfb5b492dc86ce99bf7c61c734eb364afcdb5c8 ch=20 start_time=2025-09-26T07:56:01.398161+00:00 flow_cell_id=AWX817 basecall_gpu=NVIDIA_Tegra_X2 protocol_group_id=ONT_trialEb_250925 sample_id=ONT_trail_250925 barcode=barcode22 barcode_alias=barcode22 parent_read_id=216488d7-ec2f-42ed-9b89-65156a37edad basecall_model_version_id=dna_r10.4.1_e8.2_400bps_hac@v4.3.0 rc
0	f67a8e88-dad9-4a43-bf6a-832be9f3a1cb runid=0dfb5b492dc86ce99bf7c61c734eb364afcdb5c8 ch=49 start_time=2025-09-25T18:38:10.398161+00:00 flow_cell_id=AWX817 basecall_gpu=NVIDIA_Tegra_X2 protocol_group_id=ONT_trialEb_250925 sample_id=ONT_trail_250925 barcode=barcode23 barcode_alias=barcode23 parent_read_id=f67a8e88-dad9-4a43-bf6a-832be9f3a1cb basecall_model_version_id=dna_r10.4.1_e8.2_400bps_hac@v4.3.0
0	e8934d1d-0f78-40c8-a6d9-07a99b721704 runid=0dfb5b492dc86ce99bf7c61c734eb364afcdb5c8 ch=4 start_time=2025-09-25T16:14:10.398161+00:00 flow_cell_id=AWX817 basecall_gpu=NVIDIA_Tegra_X2 protocol_group_id=ONT_trialEb_250925 sample_id=ONT_trail_250925 barcode=barcode22 barcode_alias=barcode22 parent_read_id=e8934d1d-0f78-40c8-a6d9-07a99b721704 basecall_model_version_id=dna_r10.4.1_e8.2_400bps_hac@v4.3.0
0	33a2185a-d3c4-463a-87b2-92524447734a runid=0dfb5b492dc86ce99bf7c61c734eb364afcdb5c8 ch=6 start_time=2025-09-25T16:12:17.398161+00:00 flow_cell_id=AWX817 basecall_gpu=NVIDIA_Tegra_X2 protocol_group_id=ONT_trialEb_250925 sample_id=ONT_trail_250925 barcode=barcode24 barcode_alias=barcode24 parent_read_id=33a2185a-d3c4-463a-87b2-92524447734a basecall_model_version_id=dna_r10.4.1_e8.2_400bps_hac@v4.3.0
0	6acc272e-b7fe-49db-afa8-317b06b01686 runid=0dfb5b492dc86ce99bf7c61c734eb364afcdb5c8 ch=20 start_time=2025-09-26T04:44:28.398161+00:00 flow_cell_id=AWX817 basecall_gpu=NVIDIA_Tegra_X2 protocol_group_id=ONT_trialEb_250925 sample_id=ONT_trail_250925 barcode=barcode22 barcode_alias=barcode22 parent_read_id=6acc272e-b7fe-49db-afa8-317b06b01686 basecall_model_version_id=dna_r10.4.1_e8.2_400bps_hac@v4.3.0
0	90449ed9-e09e-438a-b031-902c579e577a runid=0dfb5b492dc86ce99bf7c61c734eb364afcdb5c8 ch=41 start_time=2025-09-25T19:17:18.398161+00:00 flow_cell_id=AWX817 basecall_gpu=NVIDIA_Tegra_X2 protocol_group_id=ONT_trialEb_250925 sample_id=ONT_trail_250925 barcode=barcode24 barcode_alias=barcode24 parent_read_id=90449ed9-e09e-438a-b031-902c579e577a basecall_model_version_id=dna_r10.4.1_e8.2_400bps_hac@v4.3.0
0	54046a49-ff79-40e5-a46f-40e99765bd91 runid=0dfb5b492dc86ce99bf7c61c734eb364afcdb5c8 ch=43 start_time=2025-09-25T16:25:27.398161+00:00 flow_cell_id=AWX817 basecall_gpu=NVIDIA_Tegra_X2 protocol_group_id=ONT_trialEb_250925 sample_id=ONT_trail_250925 barcode=barcode22 barcode_alias=barcode22 parent_read_id=54046a49-ff79-40e5-a46f-40e99765bd91 basecall_model_version_id=dna_r10.4.1_e8.2_400bps_hac@v4.3.0
0	f813356f-bc42-4873-8e15-e589f1a09776 runid=0dfb5b492dc86ce99bf7c61c734eb364afcdb5c8 ch=73 start_time=2025-09-25T17:56:51.398161+00:00 flow_cell_id=AWX817 basecall_gpu=NVIDIA_Tegra_X2 protocol_group_id=ONT_trialEb_250925 sample_id=ONT_trail_250925 barcode=barcode22 barcode_alias=barcode22 parent_read_id=f813356f-bc42-4873-8e15-e589f1a09776 basecall_model_version_id=dna_r10.4.1_e8.2_400bps_hac@v4.3.0
0	932a1c45-b242-41b8-a12b-f6225d552667 runid=0dfb5b492dc86ce99bf7c61c734eb364afcdb5c8 ch=4 start_time=2025-09-25T22:14:07.398161+00:00 flow_cell_id=AWX817 basecall_gpu=NVIDIA_Tegra_X2 protocol_group_id=ONT_trialEb_250925 sample_id=ONT_trail_250925 barcode=barcode23 barcode_alias=barcode23 parent_read_id=932a1c45-b242-41b8-a12b-f6225d552667 basecall_model_version_id=dna_r10.4.1_e8.2_400bps_hac@v4.3.0
0	c409164b-da16-493e-9c37-9989fb1b8bb2 runid=0dfb5b492dc86ce99bf7c61c734eb364afcdb5c8 ch=58 start_time=2025-09-25T19:44:41.398161+00:00 flow_cell_id=AWX817 basecall_gpu=NVIDIA_Tegra_X2 protocol_group_id=ONT_trialEb_250925 sample_id=ONT_trail_250925 barcode=barcode23 barcode_alias=barcode23 parent_read_id=c409164b-da16-493e-9c37-9989fb1b8bb2 basecall_model_version_id=dna_r10.4.1_e8.2_400bps_hac@v4.3.0
0	843d32ec-e867-40ef-9db6-967931096c55 runid=0dfb5b492dc86ce99bf7c61c734eb364afcdb5c8 ch=40 start_time=2025-09-25T17:33:48.398161+00:00 flow_cell_id=AWX817 basecall_gpu=NVIDIA_Tegra_X2 protocol_group_id=ONT_trialEb_250925 sample_id=ONT_trail_250925 barcode=barcode22 barcode_alias=barcode22 parent_read_id=41174a09-985c-43f2-a7ce-645e157943bd basecall_model_version_id=dna_r10.4.1_e8.2_400bps_hac@v4.3.0 rc
0	e1d2d7d2-0d12-433f-a31f-684008311fc2 runid=0dfb5b492dc86ce99bf7c61c734eb364afcdb5c8 ch=43 start_time=2025-09-25T17:11:49.398161+00:00 flow_cell_id=AWX817 basecall_gpu=NVIDIA_Tegra_X2 protocol_group_id=ONT_trialEb_250925 sample_id=ONT_trail_250925 barcode=barcode22 barcode_alias=barcode22 parent_read_id=e1d2d7d2-0d12-433f-a31f-684008311fc2 basecall_model_version_id=dna_r10.4.1_e8.2_400bps_hac@v4.3.0
0	9a5742bf-e1bd-42f7-b686-20167188bfc4 runid=0dfb5b492dc86ce99bf7c61c734eb364afcdb5c8 ch=57 start_time=2025-09-25T17:38:43.398161+00:00 flow_cell_id=AWX817 basecall_gpu=NVIDIA_Tegra_X2 protocol_group_id=ONT_trialEb_250925 sample_id=ONT_trail_250925 barcode=barcode24 barcode_alias=barcode24 parent_read_id=9a5742bf-e1bd-42f7-b686-20167188bfc4 basecall_model_version_id=dna_r10.4.1_e8.2_400bps_hac@v4.3.0 rc
0	c07bb501-f9d5-4250-9622-eb3e7fcdfeab runid=0dfb5b492dc86ce99bf7c61c734eb364afcdb5c8 ch=15 start_time=2025-09-25T17:44:07.398161+00:00 flow_cell_id=AWX817 basecall_gpu=NVIDIA_Tegra_X2 protocol_group_id=ONT_trialEb_250925 sample_id=ONT_trail_250925 barcode=barcode22 barcode_alias=barcode22 parent_read_id=c07bb501-f9d5-4250-9622-eb3e7fcdfeab basecall_model_version_id=dna_r10.4.1_e8.2_400bps_hac@v4.3.0 rc
0	c07bb501-f9d5-4250-9622-eb3e7fcdfeab runid=0dfb5b492dc86ce99bf7c61c734eb364afcdb5c8 ch=15 start_time=2025-09-25T17:44:07.398161+00:00 flow_cell_id=AWX817 basecall_gpu=NVIDIA_Tegra_X2 protocol_group_id=ONT_trialEb_250925 sample_id=ONT_trail_250925 barcode=barcode22 barcode_alias=barcode22 parent_read_id=c07bb501-f9d5-4250-9622-eb3e7fcdfeab basecall_model_version_id=dna_r10.4.1_e8.2_400bps_hac@v4.3.0 rc
0	a5648450-bf00-4fc5-9385-89c06b9d7d2f runid=0dfb5b492dc86ce99bf7c61c734eb364afcdb5c8 ch=4 start_time=2025-09-26T07:30:33.398161+00:00 flow_cell_id=AWX817 basecall_gpu=NVIDIA_Tegra_X2 protocol_group_id=ONT_trialEb_250925 sample_id=ONT_trail_250925 barcode=barcode22 barcode_alias=barcode22 parent_read_id=a5648450-bf00-4fc5-9385-89c06b9d7d2f basecall_model_version_id=dna_r10.4.1_e8.2_400bps_hac@v4.3.0
0	ee706387-6eb9-49f6-8bba-d8ae4b6e8f4d runid=0dfb5b492dc86ce99bf7c61c734eb364afcdb5c8 ch=40 start_time=2025-09-25T16:45:22.398161+00:00 flow_cell_id=AWX817 basecall_gpu=NVIDIA_Tegra_X2 protocol_group_id=ONT_trialEb_250925 sample_id=ONT_trail_250925 barcode=barcode22 barcode_alias=barcode22 parent_read_id=ee706387-6eb9-49f6-8bba-d8ae4b6e8f4d basecall_model_version_id=dna_r10.4.1_e8.2_400bps_hac@v4.3.0
0	9d3b2691-4279-4901-ba83-2d34ef9f29e9 runid=0dfb5b492dc86ce99bf7c61c734eb364afcdb5c8 ch=79 start_time=2025-09-26T00:32:56.398161+00:00 flow_cell_id=AWX817 basecall_gpu=NVIDIA_Tegra_X2 protocol_group_id=ONT_trialEb_250925 sample_id=ONT_trail_250925 barcode=barcode23 barcode_alias=barcode23 parent_read_id=9d3b2691-4279-4901-ba83-2d34ef9f29e9 basecall_model_version_id=dna_r10.4.1_e8.2_400bps_hac@v4.3.0 rc
0	43fc18ba-e280-4b1c-9a23-a60dc4425eab runid=0dfb5b492dc86ce99bf7c61c734eb364afcdb5c8 ch=79 start_time=2025-09-25T20:44:02.398161+00:00 flow_cell_id=AWX817 basecall_gpu=NVIDIA_Tegra_X2 protocol_group_id=ONT_trialEb_250925 sample_id=ONT_trail_250925 barcode=barcode22 barcode_alias=barcode22 parent_read_id=43fc18ba-e280-4b1c-9a23-a60dc4425eab basecall_model_version_id=dna_r10.4.1_e8.2_400bps_hac@v4.3.0
0	4a084624-94ac-4da1-aba6-2dc8a5e35ed0 runid=0dfb5b492dc86ce99bf7c61c734eb364afcdb5c8 ch=39 start_time=2025-09-26T11:13:31.398161+00:00 flow_cell_id=AWX817 basecall_gpu=NVIDIA_Tegra_X2 protocol_group_id=ONT_trialEb_250925 sample_id=ONT_trail_250925 barcode=barcode22 barcode_alias=barcode22 parent_read_id=4a084624-94ac-4da1-aba6-2dc8a5e35ed0 basecall_model_version_id=dna_r10.4.1_e8.2_400bps_hac@v4.3.0 rc
0	f1052063-aba9-46a2-9865-96e44f03820d runid=0dfb5b492dc86ce99bf7c61c734eb364afcdb5c8 ch=56 start_time=2025-09-25T18:20:53.398161+00:00 flow_cell_id=AWX817 basecall_gpu=NVIDIA_Tegra_X2 protocol_group_id=ONT_trialEb_250925 sample_id=ONT_trail_250925 barcode=barcode22 barcode_alias=barcode22 parent_read_id=f1052063-aba9-46a2-9865-96e44f03820d basecall_model_version_id=dna_r10.4.1_e8.2_400bps_hac@v4.3.0
0	8d88e25b-0c83-45b7-b37a-416c25b14d25 runid=0dfb5b492dc86ce99bf7c61c734eb364afcdb5c8 ch=49 start_time=2025-09-25T17:37:44.398161+00:00 flow_cell_id=AWX817 basecall_gpu=NVIDIA_Tegra_X2 protocol_group_id=ONT_trialEb_250925 sample_id=ONT_trail_250925 barcode=barcode22 barcode_alias=barcode22 parent_read_id=8d88e25b-0c83-45b7-b37a-416c25b14d25 basecall_model_version_id=dna_r10.4.1_e8.2_400bps_hac@v4.3.0
0	e3babd60-1798-449b-b0f0-7a7a0b9e3963 runid=0dfb5b492dc86ce99bf7c61c734eb364afcdb5c8 ch=4 start_time=2025-09-26T07:50:49.398161+00:00 flow_cell_id=AWX817 basecall_gpu=NVIDIA_Tegra_X2 protocol_group_id=ONT_trialEb_250925 sample_id=ONT_trail_250925 barcode=barcode22 barcode_alias=barcode22 parent_read_id=e3babd60-1798-449b-b0f0-7a7a0b9e3963 basecall_model_version_id=dna_r10.4.1_e8.2_400bps_hac@v4.3.0
0	05dffb78-3eb3-433c-a60d-d84028a2b4d4 runid=0dfb5b492dc86ce99bf7c61c734eb364afcdb5c8 ch=44 start_time=2025-09-26T00:00:36.398161+00:00 flow_cell_id=AWX817 basecall_gpu=NVIDIA_Tegra_X2 protocol_group_id=ONT_trialEb_250925 sample_id=ONT_trail_250925 barcode=barcode22 barcode_alias=barcode22 parent_read_id=05dffb78-3eb3-433c-a60d-d84028a2b4d4 basecall_model_version_id=dna_r10.4.1_e8.2_400bps_hac@v4.3.0 rc
0	af96ed68-0e91-475e-9fc2-55d32d959aca runid=0dfb5b492dc86ce99bf7c61c734eb364afcdb5c8 ch=73 start_time=2025-09-25T18:30:31.398161+00:00 flow_cell_id=AWX817 basecall_gpu=NVIDIA_Tegra_X2 protocol_group_id=ONT_trialEb_250925 sample_id=ONT_trail_250925 barcode=barcode22 barcode_alias=barcode22 parent_read_id=af96ed68-0e91-475e-9fc2-55d32d959aca basecall_model_version_id=dna_r10.4.1_e8.2_400bps_hac@v4.3.0 rc
0	e9b6eb68-2660-4311-96ab-49047e8be22a runid=0dfb5b492dc86ce99bf7c61c734eb364afcdb5c8 ch=113 start_time=2025-09-25T16:56:43.398161+00:00 flow_cell_id=AWX817 basecall_gpu=NVIDIA_Tegra_X2 protocol_group_id=ONT_trialEb_250925 sample_id=ONT_trail_250925 barcode=barcode24 barcode_alias=barcode24 parent_read_id=e9b6eb68-2660-4311-96ab-49047e8be22a basecall_model_version_id=dna_r10.4.1_e8.2_400bps_hac@v4.3.0
0	6f7f8c56-82d2-4b09-a62a-cc0063e046e6 runid=0dfb5b492dc86ce99bf7c61c734eb364afcdb5c8 ch=20 start_time=2025-09-26T03:09:58.398161+00:00 flow_cell_id=AWX817 basecall_gpu=NVIDIA_Tegra_X2 protocol_group_id=ONT_trialEb_250925 sample_id=ONT_trail_250925 barcode=barcode22 barcode_alias=barcode22 parent_read_id=6f7f8c56-82d2-4b09-a62a-cc0063e046e6 basecall_model_version_id=dna_r10.4.1_e8.2_400bps_hac@v4.3.0
0	265e5404-eb54-4f7d-b0d6-94ed1db4619e runid=0dfb5b492dc86ce99bf7c61c734eb364afcdb5c8 ch=4 start_time=2025-09-25T16:10:07.398161+00:00 flow_cell_id=AWX817 basecall_gpu=NVIDIA_Tegra_X2 protocol_group_id=ONT_trialEb_250925 sample_id=ONT_trail_250925 barcode=barcode22 barcode_alias=barcode22 parent_read_id=265e5404-eb54-4f7d-b0d6-94ed1db4619e basecall_model_version_id=dna_r10.4.1_e8.2_400bps_hac@v4.3.0
0	98b483d2-e1b9-4950-b03a-fb3b74f7fab5 runid=0dfb5b492dc86ce99bf7c61c734eb364afcdb5c8 ch=20 start_time=2025-09-25T21:14:38.398161+00:00 flow_cell_id=AWX817 basecall_gpu=NVIDIA_Tegra_X2 protocol_group_id=ONT_trialEb_250925 sample_id=ONT_trail_250925 barcode=barcode22 barcode_alias=barcode22 parent_read_id=98b483d2-e1b9-4950-b03a-fb3b74f7fab5 basecall_model_version_id=dna_r10.4.1_e8.2_400bps_hac@v4.3.0
0	f5f958bd-4c45-4791-bba3-511a001af478 runid=0dfb5b492dc86ce99bf7c61c734eb364afcdb5c8 ch=90 start_time=2025-09-25T19:32:55.398161+00:00 flow_cell_id=AWX817 basecall_gpu=NVIDIA_Tegra_X2 protocol_group_id=ONT_trialEb_250925 sample_id=ONT_trail_250925 barcode=barcode23 barcode_alias=barcode23 parent_read_id=f5f958bd-4c45-4791-bba3-511a001af478 basecall_model_version_id=dna_r10.4.1_e8.2_400bps_hac@v4.3.0 rc
0	67cae4be-c567-461d-b34b-462f7db38471 runid=0dfb5b492dc86ce99bf7c61c734eb364afcdb5c8 ch=4 start_time=2025-09-25T20:22:15.398161+00:00 flow_cell_id=AWX817 basecall_gpu=NVIDIA_Tegra_X2 protocol_group_id=ONT_trialEb_250925 sample_id=ONT_trail_250925 barcode=barcode22 barcode_alias=barcode22 parent_read_id=67cae4be-c567-461d-b34b-462f7db38471 basecall_model_version_id=dna_r10.4.1_e8.2_400bps_hac@v4.3.0 rc
0	8f903136-bded-4bd9-84e6-b3528c18d011 runid=0dfb5b492dc86ce99bf7c61c734eb364afcdb5c8 ch=41 start_time=2025-09-25T18:30:20.398161+00:00 flow_cell_id=AWX817 basecall_gpu=NVIDIA_Tegra_X2 protocol_group_id=ONT_trialEb_250925 sample_id=ONT_trail_250925 barcode=barcode22 barcode_alias=barcode22 parent_read_id=bc1024de-26d8-45ce-84c7-f02464971da0 basecall_model_version_id=dna_r10.4.1_e8.2_400bps_hac@v4.3.0
0	1fb10c1b-99dc-4b40-9e2a-305a2f7dcf38 runid=0dfb5b492dc86ce99bf7c61c734eb364afcdb5c8 ch=49 start_time=2025-09-26T11:33:26.398161+00:00 flow_cell_id=AWX817 basecall_gpu=NVIDIA_Tegra_X2 protocol_group_id=ONT_trialEb_250925 sample_id=ONT_trail_250925 barcode=barcode24 barcode_alias=barcode24 parent_read_id=3352f424-b9cd-4273-bcdb-60792dd2eaec basecall_model_version_id=dna_r10.4.1_e8.2_400bps_hac@v4.3.0 rc
0	2cfc4585-73e8-409b-bf9e-b10ffe2bbbfd runid=0dfb5b492dc86ce99bf7c61c734eb364afcdb5c8 ch=15 start_time=2025-09-25T17:34:19.398161+00:00 flow_cell_id=AWX817 basecall_gpu=NVIDIA_Tegra_X2 protocol_group_id=ONT_trialEb_250925 sample_id=ONT_trail_250925 barcode=barcode24 barcode_alias=barcode24 parent_read_id=2cfc4585-73e8-409b-bf9e-b10ffe2bbbfd basecall_model_version_id=dna_r10.4.1_e8.2_400bps_hac@v4.3.0
0	cd00f294-7dfd-4f05-8a8d-254f5ad5f51d runid=0dfb5b492dc86ce99bf7c61c734eb364afcdb5c8 ch=4 start_time=2025-09-25T17:42:23.398161+00:00 flow_cell_id=AWX817 basecall_gpu=NVIDIA_Tegra_X2 protocol_group_id=ONT_trialEb_250925 sample_id=ONT_trail_250925 barcode=barcode23 barcode_alias=barcode23 parent_read_id=cd00f294-7dfd-4f05-8a8d-254f5ad5f51d basecall_model_version_id=dna_r10.4.1_e8.2_400bps_hac@v4.3.0
0	93ebe84f-ca69-43c9-97fc-867901a031e1 runid=0dfb5b492dc86ce99bf7c61c734eb364afcdb5c8 ch=80 start_time=2025-09-25T20:53:30.398161+00:00 flow_cell_id=AWX817 basecall_gpu=NVIDIA_Tegra_X2 protocol_group_id=ONT_trialEb_250925 sample_id=ONT_trail_250925 barcode=barcode22 barcode_alias=barcode22 parent_read_id=93ebe84f-ca69-43c9-97fc-867901a031e1 basecall_model_version_id=dna_r10.4.1_e8.2_400bps_hac@v4.3.0
0	553e39c8-fac6-41ce-81f1-7c40124f8cf6 runid=0dfb5b492dc86ce99bf7c61c734eb364afcdb5c8 ch=4 start_time=2025-09-25T18:47:57.398161+00:00 flow_cell_id=AWX817 basecall_gpu=NVIDIA_Tegra_X2 protocol_group_id=ONT_trialEb_250925 sample_id=ONT_trail_250925 barcode=barcode22 barcode_alias=barcode22 parent_read_id=553e39c8-fac6-41ce-81f1-7c40124f8cf6 basecall_model_version_id=dna_r10.4.1_e8.2_400bps_hac@v4.3.0
0	553e39c8-fac6-41ce-81f1-7c40124f8cf6 runid=0dfb5b492dc86ce99bf7c61c734eb364afcdb5c8 ch=4 start_time=2025-09-25T18:47:57.398161+00:00 flow_cell_id=AWX817 basecall_gpu=NVIDIA_Tegra_X2 protocol_group_id=ONT_trialEb_250925 sample_id=ONT_trail_250925 barcode=barcode22 barcode_alias=barcode22 parent_read_id=553e39c8-fac6-41ce-81f1-7c40124f8cf6 basecall_model_version_id=dna_r10.4.1_e8.2_400bps_hac@v4.3.0
0	ddbe1a71-eb23-4277-8c05-1214eb72c4f5 runid=0dfb5b492dc86ce99bf7c61c734eb364afcdb5c8 ch=39 start_time=2025-09-25T19:30:42.398161+00:00 flow_cell_id=AWX817 basecall_gpu=NVIDIA_Tegra_X2 protocol_group_id=ONT_trialEb_250925 sample_id=ONT_trail_250925 barcode=barcode24 barcode_alias=barcode24 parent_read_id=ddbe1a71-eb23-4277-8c05-1214eb72c4f5 basecall_model_version_id=dna_r10.4.1_e8.2_400bps_hac@v4.3.0
0	fbb17b2c-0650-44b7-a57f-7b18a83920f7 runid=0dfb5b492dc86ce99bf7c61c734eb364afcdb5c8 ch=94 start_time=2025-09-25T16:34:13.398161+00:00 flow_cell_id=AWX817 basecall_gpu=NVIDIA_Tegra_X2 protocol_group_id=ONT_trialEb_250925 sample_id=ONT_trail_250925 barcode=barcode22 barcode_alias=barcode22 parent_read_id=fbb17b2c-0650-44b7-a57f-7b18a83920f7 basecall_model_version_id=dna_r10.4.1_e8.2_400bps_hac@v4.3.0
0	348afb2b-432a-446d-bd6a-86974cec4d72 runid=0dfb5b492dc86ce99bf7c61c734eb364afcdb5c8 ch=43 start_time=2025-09-25T18:28:17.398161+00:00 flow_cell_id=AWX817 basecall_gpu=NVIDIA_Tegra_X2 protocol_group_id=ONT_trialEb_250925 sample_id=ONT_trail_250925 barcode=barcode24 barcode_alias=barcode24 parent_read_id=eb8769b2-f59f-400a-b103-7c59db522974 basecall_model_version_id=dna_r10.4.1_e8.2_400bps_hac@v4.3.0 rc
1521	a0dbcf93-1453-4ba9-8db6-dfc455a2b07e runid=0dfb5b492dc86ce99bf7c61c734eb364afcdb5c8 ch=20 start_time=2025-09-26T05:43:44.398161+00:00 flow_cell_id=AWX817 basecall_gpu=NVIDIA_Tegra_X2 protocol_group_id=ONT_trialEb_250925 sample_id=ONT_trail_250925 barcode=barcode23 barcode_alias=barcode23 parent_read_id=a0dbcf93-1453-4ba9-8db6-dfc455a2b07e basecall_model_version_id=dna_r10.4.1_e8.2_400bps_hac@v4.3.0
1521	536cffbd-9e2c-4506-a5cb-65863ae2dc4a runid=0dfb5b492dc86ce99bf7c61c734eb364afcdb5c8 ch=79 start_time=2025-09-25T17:02:31.398161+00:00 flow_cell_id=AWX817 basecall_gpu=NVIDIA_Tegra_X2 protocol_group_id=ONT_trialEb_250925 sample_id=ONT_trail_250925 barcode=barcode22 barcode_alias=barcode22 parent_read_id=536cffbd-9e2c-4506-a5cb-65863ae2dc4a basecall_model_version_id=dna_r10.4.1_e8.2_400bps_hac@v4.3.0 rc
1521	4615688b-57a8-4078-991d-1513ad0c72fe runid=0dfb5b492dc86ce99bf7c61c734eb364afcdb5c8 ch=85 start_time=2025-09-25T20:46:16.398161+00:00 flow_cell_id=AWX817 basecall_gpu=NVIDIA_Tegra_X2 protocol_group_id=ONT_trialEb_250925 sample_id=ONT_trail_250925 barcode=barcode24 barcode_alias=barcode24 parent_read_id=4615688b-57a8-4078-991d-1513ad0c72fe basecall_model_version_id=dna_r10.4.1_e8.2_400bps_hac@v4.3.0 rc
1521	2c42af8d-4aeb-4b6e-8e05-f50fe1db8d8c runid=0dfb5b492dc86ce99bf7c61c734eb364afcdb5c8 ch=20 start_time=2025-09-26T05:21:38.398161+00:00 flow_cell_id=AWX817 basecall_gpu=NVIDIA_Tegra_X2 protocol_group_id=ONT_trialEb_250925 sample_id=ONT_trail_250925 barcode=barcode23 barcode_alias=barcode23 parent_read_id=2c42af8d-4aeb-4b6e-8e05-f50fe1db8d8c basecall_model_version_id=dna_r10.4.1_e8.2_400bps_hac@v4.3.0
1521	6a8b5399-3566-4272-b6c0-286dcc7a53dc runid=0dfb5b492dc86ce99bf7c61c734eb364afcdb5c8 ch=40 start_time=2025-09-25T20:19:30.398161+00:00 flow_cell_id=AWX817 basecall_gpu=NVIDIA_Tegra_X2 protocol_group_id=ONT_trialEb_250925 sample_id=ONT_trail_250925 barcode=barcode22 barcode_alias=barcode22 parent_read_id=c069f442-1135-4be6-8e50-96e73169e770 basecall_model_version_id=dna_r10.4.1_e8.2_400bps_hac@v4.3.0
1521	bbe4be37-6176-446f-91ad-68cac0df4e90 runid=0dfb5b492dc86ce99bf7c61c734eb364afcdb5c8 ch=44 start_time=2025-09-26T05:10:49.398161+00:00 flow_cell_id=AWX817 basecall_gpu=NVIDIA_Tegra_X2 protocol_group_id=ONT_trialEb_250925 sample_id=ONT_trail_250925 barcode=barcode22 barcode_alias=barcode22 parent_read_id=bbe4be37-6176-446f-91ad-68cac0df4e90 basecall_model_version_id=dna_r10.4.1_e8.2_400bps_hac@v4.3.0
1521	d2c659e1-6838-416f-84c7-e8f62bbadddf runid=0dfb5b492dc86ce99bf7c61c734eb364afcdb5c8 ch=85 start_time=2025-09-26T03:58:49.398161+00:00 flow_cell_id=AWX817 basecall_gpu=NVIDIA_Tegra_X2 protocol_group_id=ONT_trialEb_250925 sample_id=ONT_trail_250925 barcode=barcode24 barcode_alias=barcode24 parent_read_id=d2c659e1-6838-416f-84c7-e8f62bbadddf basecall_model_version_id=dna_r10.4.1_e8.2_400bps_hac@v4.3.0
1521	e4e50b87-b103-4ae9-9b7f-94bd46d83ec3 runid=0dfb5b492dc86ce99bf7c61c734eb364afcdb5c8 ch=20 start_time=2025-09-25T20:41:15.398161+00:00 flow_cell_id=AWX817 basecall_gpu=NVIDIA_Tegra_X2 protocol_group_id=ONT_trialEb_250925 sample_id=ONT_trail_250925 barcode=barcode24 barcode_alias=barcode24 parent_read_id=e4e50b87-b103-4ae9-9b7f-94bd46d83ec3 basecall_model_version_id=dna_r10.4.1_e8.2_400bps_hac@v4.3.0
1521	9821b358-d80a-40fd-8aa3-eddf98cc8575 runid=0dfb5b492dc86ce99bf7c61c734eb364afcdb5c8 ch=4 start_time=2025-09-25T21:25:27.398161+00:00 flow_cell_id=AWX817 basecall_gpu=NVIDIA_Tegra_X2 protocol_group_id=ONT_trialEb_250925 sample_id=ONT_trail_250925 barcode=barcode22 barcode_alias=barcode22 parent_read_id=9821b358-d80a-40fd-8aa3-eddf98cc8575 basecall_model_version_id=dna_r10.4.1_e8.2_400bps_hac@v4.3.0 rc
1521	5961399e-5b2c-4a8c-bd14-2ff1d9e6994f runid=0dfb5b492dc86ce99bf7c61c734eb364afcdb5c8 ch=91 start_time=2025-09-25T17:26:43.398161+00:00 flow_cell_id=AWX817 basecall_gpu=NVIDIA_Tegra_X2 protocol_group_id=ONT_trialEb_250925 sample_id=ONT_trail_250925 barcode=barcode23 barcode_alias=barcode23 parent_read_id=5961399e-5b2c-4a8c-bd14-2ff1d9e6994f basecall_model_version_id=dna_r10.4.1_e8.2_400bps_hac@v4.3.0
1521	1d0b021c-097a-4c9d-80d4-72442dd84054 runid=0dfb5b492dc86ce99bf7c61c734eb364afcdb5c8 ch=49 start_time=2025-09-26T03:53:32.398161+00:00 flow_cell_id=AWX817 basecall_gpu=NVIDIA_Tegra_X2 protocol_group_id=ONT_trialEb_250925 sample_id=ONT_trail_250925 barcode=barcode22 barcode_alias=barcode22 parent_read_id=1d0b021c-097a-4c9d-80d4-72442dd84054 basecall_model_version_id=dna_r10.4.1_e8.2_400bps_hac@v4.3.0
1521	ace1fc07-e3a3-47a1-9fc0-2d07890bae7c runid=0dfb5b492dc86ce99bf7c61c734eb364afcdb5c8 ch=44 start_time=2025-09-26T02:07:08.398161+00:00 flow_cell_id=AWX817 basecall_gpu=NVIDIA_Tegra_X2 protocol_group_id=ONT_trialEb_250925 sample_id=ONT_trail_250925 barcode=barcode24 barcode_alias=barcode24 parent_read_id=ace1fc07-e3a3-47a1-9fc0-2d07890bae7c basecall_model_version_id=dna_r10.4.1_e8.2_400bps_hac@v4.3.0 rc
1521	7c4bcb4d-277c-4b95-a961-4c2c3fbb8981 runid=0dfb5b492dc86ce99bf7c61c734eb364afcdb5c8 ch=49 start_time=2025-09-26T11:35:24.398161+00:00 flow_cell_id=AWX817 basecall_gpu=NVIDIA_Tegra_X2 protocol_group_id=ONT_trialEb_250925 sample_id=ONT_trail_250925 barcode=barcode22 barcode_alias=barcode22 parent_read_id=7c4bcb4d-277c-4b95-a961-4c2c3fbb8981 basecall_model_version_id=dna_r10.4.1_e8.2_400bps_hac@v4.3.0
1521	b3b00910-5486-41c9-a5ee-85342e17a8eb runid=0dfb5b492dc86ce99bf7c61c734eb364afcdb5c8 ch=58 start_time=2025-09-25T21:35:27.398161+00:00 flow_cell_id=AWX817 basecall_gpu=NVIDIA_Tegra_X2 protocol_group_id=ONT_trialEb_250925 sample_id=ONT_trail_250925 barcode=barcode22 barcode_alias=barcode22 parent_read_id=b3b00910-5486-41c9-a5ee-85342e17a8eb basecall_model_version_id=dna_r10.4.1_e8.2_400bps_hac@v4.3.0
1521	62673ae3-bb86-40c8-b3a8-e05dcd4c0a79 runid=0dfb5b492dc86ce99bf7c61c734eb364afcdb5c8 ch=4 start_time=2025-09-26T06:31:40.398161+00:00 flow_cell_id=AWX817 basecall_gpu=NVIDIA_Tegra_X2 protocol_group_id=ONT_trialEb_250925 sample_id=ONT_trail_250925 barcode=barcode22 barcode_alias=barcode22 parent_read_id=d4b833c1-4d57-4c03-b303-5cfa5bdf9926 basecall_model_version_id=dna_r10.4.1_e8.2_400bps_hac@v4.3.0
1521	3600af42-3c25-4314-bed0-acc281eba9d6 runid=0dfb5b492dc86ce99bf7c61c734eb364afcdb5c8 ch=110 start_time=2025-09-25T20:58:33.398161+00:00 flow_cell_id=AWX817 basecall_gpu=NVIDIA_Tegra_X2 protocol_group_id=ONT_trialEb_250925 sample_id=ONT_trail_250925 barcode=barcode24 barcode_alias=barcode24 parent_read_id=0b61b231-4e75-45bc-8d61-760f88fa6f21 basecall_model_version_id=dna_r10.4.1_e8.2_400bps_hac@v4.3.0
1521	5e4d14f6-d18b-4942-ad74-f12fc5deeda6 runid=0dfb5b492dc86ce99bf7c61c734eb364afcdb5c8 ch=4 start_time=2025-09-25T19:29:57.398161+00:00 flow_cell_id=AWX817 basecall_gpu=NVIDIA_Tegra_X2 protocol_group_id=ONT_trialEb_250925 sample_id=ONT_trail_250925 barcode=barcode22 barcode_alias=barcode22 parent_read_id=5e4d14f6-d18b-4942-ad74-f12fc5deeda6 basecall_model_version_id=dna_r10.4.1_e8.2_400bps_hac@v4.3.0
1521	5e091113-73e8-40c3-925e-c019493acb3d runid=0dfb5b492dc86ce99bf7c61c734eb364afcdb5c8 ch=110 start_time=2025-09-25T15:53:50.398161+00:00 flow_cell_id=AWX817 basecall_gpu=NVIDIA_Tegra_X2 protocol_group_id=ONT_trialEb_250925 sample_id=ONT_trail_250925 barcode=barcode22 barcode_alias=barcode22 parent_read_id=5e091113-73e8-40c3-925e-c019493acb3d basecall_model_version_id=dna_r10.4.1_e8.2_400bps_hac@v4.3.0
1521	a6ed593d-c595-47fb-a178-ba05d9e882c0 runid=0dfb5b492dc86ce99bf7c61c734eb364afcdb5c8 ch=44 start_time=2025-09-26T01:26:27.398161+00:00 flow_cell_id=AWX817 basecall_gpu=NVIDIA_Tegra_X2 protocol_group_id=ONT_trialEb_250925 sample_id=ONT_trail_250925 barcode=barcode23 barcode_alias=barcode23 parent_read_id=a6ed593d-c595-47fb-a178-ba05d9e882c0 basecall_model_version_id=dna_r10.4.1_e8.2_400bps_hac@v4.3.0 rc
1521	17c247f2-b285-4d0c-976b-4f565ff1a7ab runid=0dfb5b492dc86ce99bf7c61c734eb364afcdb5c8 ch=42 start_time=2025-09-26T00:08:53.398161+00:00 flow_cell_id=AWX817 basecall_gpu=NVIDIA_Tegra_X2 protocol_group_id=ONT_trialEb_250925 sample_id=ONT_trail_250925 barcode=barcode24 barcode_alias=barcode24 parent_read_id=17c247f2-b285-4d0c-976b-4f565ff1a7ab basecall_model_version_id=dna_r10.4.1_e8.2_400bps_hac@v4.3.0
1521	4ba97df9-2390-4f44-b714-20900f85a576 runid=0dfb5b492dc86ce99bf7c61c734eb364afcdb5c8 ch=20 start_time=2025-09-26T00:02:15.398161+00:00 flow_cell_id=AWX817 basecall_gpu=NVIDIA_Tegra_X2 protocol_group_id=ONT_trialEb_250925 sample_id=ONT_trail_250925 barcode=barcode22 barcode_alias=barcode22 parent_read_id=4ba97df9-2390-4f44-b714-20900f85a576 basecall_model_version_id=dna_r10.4.1_e8.2_400bps_hac@v4.3.0
1521	1e5d947b-d537-4a20-91c4-f2012b9d89c4 runid=0dfb5b492dc86ce99bf7c61c734eb364afcdb5c8 ch=49 start_time=2025-09-25T19:02:13.398161+00:00 flow_cell_id=AWX817 basecall_gpu=NVIDIA_Tegra_X2 protocol_group_id=ONT_trialEb_250925 sample_id=ONT_trail_250925 barcode=barcode22 barcode_alias=barcode22 parent_read_id=1e5d947b-d537-4a20-91c4-f2012b9d89c4 basecall_model_version_id=dna_r10.4.1_e8.2_400bps_hac@v4.3.0
1521	e254dbe0-bb78-4e68-85b4-504a48305d01 runid=0dfb5b492dc86ce99bf7c61c734eb364afcdb5c8 ch=4 start_time=2025-09-25T16:52:16.398161+00:00 flow_cell_id=AWX817 basecall_gpu=NVIDIA_Tegra_X2 protocol_group_id=ONT_trialEb_250925 sample_id=ONT_trail_250925 barcode=barcode22 barcode_alias=barcode22 parent_read_id=e254dbe0-bb78-4e68-85b4-504a48305d01 basecall_model_version_id=dna_r10.4.1_e8.2_400bps_hac@v4.3.0
1521	a3be5756-6bc4-4dc3-8e05-374113ea53f5 runid=0dfb5b492dc86ce99bf7c61c734eb364afcdb5c8 ch=44 start_time=2025-09-25T16:02:10.398161+00:00 flow_cell_id=AWX817 basecall_gpu=NVIDIA_Tegra_X2 protocol_group_id=ONT_trialEb_250925 sample_id=ONT_trail_250925 barcode=barcode23 barcode_alias=barcode23 parent_read_id=a3be5756-6bc4-4dc3-8e05-374113ea53f5 basecall_model_version_id=dna_r10.4.1_e8.2_400bps_hac@v4.3.0
1521	477429f2-72f7-41cb-b27a-18f1a55d3c4b runid=0dfb5b492dc86ce99bf7c61c734eb364afcdb5c8 ch=39 start_time=2025-09-25T21:30:35.398161+00:00 flow_cell_id=AWX817 basecall_gpu=NVIDIA_Tegra_X2 protocol_group_id=ONT_trialEb_250925 sample_id=ONT_trail_250925 barcode=barcode22 barcode_alias=barcode22 parent_read_id=477429f2-72f7-41cb-b27a-18f1a55d3c4b basecall_model_version_id=dna_r10.4.1_e8.2_400bps_hac@v4.3.0
1521	4adb09b5-27a0-43d1-9c4e-432410c2bdca runid=0dfb5b492dc86ce99bf7c61c734eb364afcdb5c8 ch=57 start_time=2025-09-25T16:15:09.398161+00:00 flow_cell_id=AWX817 basecall_gpu=NVIDIA_Tegra_X2 protocol_group_id=ONT_trialEb_250925 sample_id=ONT_trail_250925 barcode=barcode22 barcode_alias=barcode22 parent_read_id=4adb09b5-27a0-43d1-9c4e-432410c2bdca basecall_model_version_id=dna_r10.4.1_e8.2_400bps_hac@v4.3.0 rc
1521	e9eaed87-9cfc-4f8a-82e9-da4a69c60392 runid=0dfb5b492dc86ce99bf7c61c734eb364afcdb5c8 ch=80 start_time=2025-09-25T21:16:51.398161+00:00 flow_cell_id=AWX817 basecall_gpu=NVIDIA_Tegra_X2 protocol_group_id=ONT_trialEb_250925 sample_id=ONT_trail_250925 barcode=barcode22 barcode_alias=barcode22 parent_read_id=73d87286-8130-482b-a5e2-e6135a2054f1 basecall_model_version_id=dna_r10.4.1_e8.2_400bps_hac@v4.3.0 rc
1521	f0ba9331-9c25-47b9-9328-aed04c3e8326 runid=0dfb5b492dc86ce99bf7c61c734eb364afcdb5c8 ch=91 start_time=2025-09-25T17:40:02.398161+00:00 flow_cell_id=AWX817 basecall_gpu=NVIDIA_Tegra_X2 protocol_group_id=ONT_trialEb_250925 sample_id=ONT_trail_250925 barcode=barcode22 barcode_alias=barcode22 parent_read_id=f0ba9331-9c25-47b9-9328-aed04c3e8326 basecall_model_version_id=dna_r10.4.1_e8.2_400bps_hac@v4.3.0
1521	fde1f3b3-0687-4bb0-9438-e5d59cda26e4 runid=0dfb5b492dc86ce99bf7c61c734eb364afcdb5c8 ch=15 start_time=2025-09-25T18:44:19.398161+00:00 flow_cell_id=AWX817 basecall_gpu=NVIDIA_Tegra_X2 protocol_group_id=ONT_trialEb_250925 sample_id=ONT_trail_250925 barcode=barcode23 barcode_alias=barcode23 parent_read_id=fde1f3b3-0687-4bb0-9438-e5d59cda26e4 basecall_model_version_id=dna_r10.4.1_e8.2_400bps_hac@v4.3.0
1521	213ab7f8-68ed-483c-ba3f-6c5f8dbf3864 runid=0dfb5b492dc86ce99bf7c61c734eb364afcdb5c8 ch=15 start_time=2025-09-25T19:28:33.398161+00:00 flow_cell_id=AWX817 basecall_gpu=NVIDIA_Tegra_X2 protocol_group_id=ONT_trialEb_250925 sample_id=ONT_trail_250925 barcode=barcode22 barcode_alias=barcode22 parent_read_id=213ab7f8-68ed-483c-ba3f-6c5f8dbf3864 basecall_model_version_id=dna_r10.4.1_e8.2_400bps_hac@v4.3.0 rc
1521	03306901-e9a6-4139-9945-d774ea84fcd8 runid=0dfb5b492dc86ce99bf7c61c734eb364afcdb5c8 ch=110 start_time=2025-09-25T20:59:56.398161+00:00 flow_cell_id=AWX817 basecall_gpu=NVIDIA_Tegra_X2 protocol_group_id=ONT_trialEb_250925 sample_id=ONT_trail_250925 barcode=barcode24 barcode_alias=barcode24 parent_read_id=03306901-e9a6-4139-9945-d774ea84fcd8 basecall_model_version_id=dna_r10.4.1_e8.2_400bps_hac@v4.3.0 rc
1521	3617de76-6dfd-46a2-a682-b2b67c005bb1 runid=0dfb5b492dc86ce99bf7c61c734eb364afcdb5c8 ch=44 start_time=2025-09-26T03:21:28.398161+00:00 flow_cell_id=AWX817 basecall_gpu=NVIDIA_Tegra_X2 protocol_group_id=ONT_trialEb_250925 sample_id=ONT_trail_250925 barcode=barcode24 barcode_alias=barcode24 parent_read_id=3617de76-6dfd-46a2-a682-b2b67c005bb1 basecall_model_version_id=dna_r10.4.1_e8.2_400bps_hac@v4.3.0
1521	8820c194-26cb-4759-a507-93f2ef763a48 runid=0dfb5b492dc86ce99bf7c61c734eb364afcdb5c8 ch=6 start_time=2025-09-25T18:40:01.398161+00:00 flow_cell_id=AWX817 basecall_gpu=NVIDIA_Tegra_X2 protocol_group_id=ONT_trialEb_250925 sample_id=ONT_trail_250925 barcode=barcode24 barcode_alias=barcode24 parent_read_id=8820c194-26cb-4759-a507-93f2ef763a48 basecall_model_version_id=dna_r10.4.1_e8.2_400bps_hac@v4.3.0
1521	6d81e769-16eb-47f2-8d90-b84c0f0ed600 runid=0dfb5b492dc86ce99bf7c61c734eb364afcdb5c8 ch=106 start_time=2025-09-25T16:50:46.398161+00:00 flow_cell_id=AWX817 basecall_gpu=NVIDIA_Tegra_X2 protocol_group_id=ONT_trialEb_250925 sample_id=ONT_trail_250925 barcode=barcode22 barcode_alias=barcode22 parent_read_id=6d81e769-16eb-47f2-8d90-b84c0f0ed600 basecall_model_version_id=dna_r10.4.1_e8.2_400bps_hac@v4.3.0 rc
1521	2312aa12-34d3-4c83-98e2-36ddbdd26901 runid=0dfb5b492dc86ce99bf7c61c734eb364afcdb5c8 ch=49 start_time=2025-09-26T08:01:24.398161+00:00 flow_cell_id=AWX817 basecall_gpu=NVIDIA_Tegra_X2 protocol_group_id=ONT_trialEb_250925 sample_id=ONT_trail_250925 barcode=barcode22 barcode_alias=barcode22 parent_read_id=2312aa12-34d3-4c83-98e2-36ddbdd26901 basecall_model_version_id=dna_r10.4.1_e8.2_400bps_hac@v4.3.0
1521	a2b16ead-c46f-4905-b8be-fcfcef0327fc runid=0dfb5b492dc86ce99bf7c61c734eb364afcdb5c8 ch=49 start_time=2025-09-25T18:43:34.398161+00:00 flow_cell_id=AWX817 basecall_gpu=NVIDIA_Tegra_X2 protocol_group_id=ONT_trialEb_250925 sample_id=ONT_trail_250925 barcode=barcode24 barcode_alias=barcode24 parent_read_id=a2b16ead-c46f-4905-b8be-fcfcef0327fc basecall_model_version_id=dna_r10.4.1_e8.2_400bps_hac@v4.3.0 rc
1521	5c412747-7bca-4d4b-8d99-670b82d1781d runid=0dfb5b492dc86ce99bf7c61c734eb364afcdb5c8 ch=73 start_time=2025-09-25T19:27:49.398161+00:00 flow_cell_id=AWX817 basecall_gpu=NVIDIA_Tegra_X2 protocol_group_id=ONT_trialEb_250925 sample_id=ONT_trail_250925 barcode=barcode22 barcode_alias=barcode22 parent_read_id=5c412747-7bca-4d4b-8d99-670b82d1781d basecall_model_version_id=dna_r10.4.1_e8.2_400bps_hac@v4.3.0
1521	54956b63-782e-49e3-90d0-db4822617db7 runid=0dfb5b492dc86ce99bf7c61c734eb364afcdb5c8 ch=49 start_time=2025-09-26T05:02:04.398161+00:00 flow_cell_id=AWX817 basecall_gpu=NVIDIA_Tegra_X2 protocol_group_id=ONT_trialEb_250925 sample_id=ONT_trail_250925 barcode=barcode22 barcode_alias=barcode22 parent_read_id=54956b63-782e-49e3-90d0-db4822617db7 basecall_model_version_id=dna_r10.4.1_e8.2_400bps_hac@v4.3.0
1521	5bfa0365-3c6d-4880-9d6f-0524bc575d4d runid=0dfb5b492dc86ce99bf7c61c734eb364afcdb5c8 ch=44 start_time=2025-09-25T16:19:55.398161+00:00 flow_cell_id=AWX817 basecall_gpu=NVIDIA_Tegra_X2 protocol_group_id=ONT_trialEb_250925 sample_id=ONT_trail_250925 barcode=barcode22 barcode_alias=barcode22 parent_read_id=5bfa0365-3c6d-4880-9d6f-0524bc575d4d basecall_model_version_id=dna_r10.4.1_e8.2_400bps_hac@v4.3.0
1521	5346c711-951c-4fdf-a010-24655a499091 runid=0dfb5b492dc86ce99bf7c61c734eb364afcdb5c8 ch=5 start_time=2025-09-25T16:41:12.398161+00:00 flow_cell_id=AWX817 basecall_gpu=NVIDIA_Tegra_X2 protocol_group_id=ONT_trialEb_250925 sample_id=ONT_trail_250925 barcode=barcode24 barcode_alias=barcode24 parent_read_id=5346c711-951c-4fdf-a010-24655a499091 basecall_model_version_id=dna_r10.4.1_e8.2_400bps_hac@v4.3.0 rc
1521	d9bda285-f1f0-438b-a84b-5333fbb69611 runid=0dfb5b492dc86ce99bf7c61c734eb364afcdb5c8 ch=85 start_time=2025-09-25T22:22:13.398161+00:00 flow_cell_id=AWX817 basecall_gpu=NVIDIA_Tegra_X2 protocol_group_id=ONT_trialEb_250925 sample_id=ONT_trail_250925 barcode=barcode22 barcode_alias=barcode22 parent_read_id=d9bda285-f1f0-438b-a84b-5333fbb69611 basecall_model_version_id=dna_r10.4.1_e8.2_400bps_hac@v4.3.0
1521	20e8293e-a050-44bb-b4c3-b44af986627f runid=0dfb5b492dc86ce99bf7c61c734eb364afcdb5c8 ch=91 start_time=2025-09-25T17:22:38.398161+00:00 flow_cell_id=AWX817 basecall_gpu=NVIDIA_Tegra_X2 protocol_group_id=ONT_trialEb_250925 sample_id=ONT_trail_250925 barcode=barcode24 barcode_alias=barcode24 parent_read_id=20e8293e-a050-44bb-b4c3-b44af986627f basecall_model_version_id=dna_r10.4.1_e8.2_400bps_hac@v4.3.0 rc
1521	219e2243-bd61-4c9a-b8ee-ffc0dc320b8c runid=0dfb5b492dc86ce99bf7c61c734eb364afcdb5c8 ch=56 start_time=2025-09-25T16:50:28.398161+00:00 flow_cell_id=AWX817 basecall_gpu=NVIDIA_Tegra_X2 protocol_group_id=ONT_trialEb_250925 sample_id=ONT_trail_250925 barcode=barcode14 barcode_alias=barcode14 parent_read_id=219e2243-bd61-4c9a-b8ee-ffc0dc320b8c basecall_model_version_id=dna_r10.4.1_e8.2_400bps_hac@v4.3.0
1521	219e2243-bd61-4c9a-b8ee-ffc0dc320b8c runid=0dfb5b492dc86ce99bf7c61c734eb364afcdb5c8 ch=56 start_time=2025-09-25T16:50:28.398161+00:00 flow_cell_id=AWX817 basecall_gpu=NVIDIA_Tegra_X2 protocol_group_id=ONT_trialEb_250925 sample_id=ONT_trail_250925 barcode=barcode14 barcode_alias=barcode14 parent_read_id=219e2243-bd61-4c9a-b8ee-ffc0dc320b8c basecall_model_version_id=dna_r10.4.1_e8.2_400bps_hac@v4.3.0
1521	8e824eb0-13d0-4535-83ba-39a95026f9e6 runid=0dfb5b492dc86ce99bf7c61c734eb364afcdb5c8 ch=41 start_time=2025-09-25T16:39:21.398161+00:00 flow_cell_id=AWX817 basecall_gpu=NVIDIA_Tegra_X2 protocol_group_id=ONT_trialEb_250925 sample_id=ONT_trail_250925 barcode=barcode24 barcode_alias=barcode24 parent_read_id=8e824eb0-13d0-4535-83ba-39a95026f9e6 basecall_model_version_id=dna_r10.4.1_e8.2_400bps_hac@v4.3.0
1521	323f2efe-1973-4923-bf37-1dac73589c51 runid=0dfb5b492dc86ce99bf7c61c734eb364afcdb5c8 ch=118 start_time=2025-09-26T05:15:46.398161+00:00 flow_cell_id=AWX817 basecall_gpu=NVIDIA_Tegra_X2 protocol_group_id=ONT_trialEb_250925 sample_id=ONT_trail_250925 barcode=barcode23 barcode_alias=barcode23 parent_read_id=323f2efe-1973-4923-bf37-1dac73589c51 basecall_model_version_id=dna_r10.4.1_e8.2_400bps_hac@v4.3.0 rc
1521	6f0bcc90-696d-4358-81c3-1339bb1d738e runid=0dfb5b492dc86ce99bf7c61c734eb364afcdb5c8 ch=40 start_time=2025-09-25T17:33:03.398161+00:00 flow_cell_id=AWX817 basecall_gpu=NVIDIA_Tegra_X2 protocol_group_id=ONT_trialEb_250925 sample_id=ONT_trail_250925 barcode=barcode22 barcode_alias=barcode22 parent_read_id=6f0bcc90-696d-4358-81c3-1339bb1d738e basecall_model_version_id=dna_r10.4.1_e8.2_400bps_hac@v4.3.0 rc
1521	86b454ad-20c2-442a-89ee-aa5f2db712b8 runid=0dfb5b492dc86ce99bf7c61c734eb364afcdb5c8 ch=110 start_time=2025-09-25T18:34:06.398161+00:00 flow_cell_id=AWX817 basecall_gpu=NVIDIA_Tegra_X2 protocol_group_id=ONT_trialEb_250925 sample_id=ONT_trail_250925 barcode=barcode22 barcode_alias=barcode22 parent_read_id=86b454ad-20c2-442a-89ee-aa5f2db712b8 basecall_model_version_id=dna_r10.4.1_e8.2_400bps_hac@v4.3.0
1521	86b454ad-20c2-442a-89ee-aa5f2db712b8 runid=0dfb5b492dc86ce99bf7c61c734eb364afcdb5c8 ch=110 start_time=2025-09-25T18:34:06.398161+00:00 flow_cell_id=AWX817 basecall_gpu=NVIDIA_Tegra_X2 protocol_group_id=ONT_trialEb_250925 sample_id=ONT_trail_250925 barcode=barcode22 barcode_alias=barcode22 parent_read_id=86b454ad-20c2-442a-89ee-aa5f2db712b8 basecall_model_version_id=dna_r10.4.1_e8.2_400bps_hac@v4.3.0
1521	b34b6516-6158-4e7f-8208-e872e7e65eee runid=0dfb5b492dc86ce99bf7c61c734eb364afcdb5c8 ch=20 start_time=2025-09-26T05:38:25.398161+00:00 flow_cell_id=AWX817 basecall_gpu=NVIDIA_Tegra_X2 protocol_group_id=ONT_trialEb_250925 sample_id=ONT_trail_250925 barcode=barcode24 barcode_alias=barcode24 parent_read_id=b34b6516-6158-4e7f-8208-e872e7e65eee basecall_model_version_id=dna_r10.4.1_e8.2_400bps_hac@v4.3.0 rc
1521	a1765933-79e8-46b0-9f05-6597593c520a runid=0dfb5b492dc86ce99bf7c61c734eb364afcdb5c8 ch=57 start_time=2025-09-25T16:53:17.398161+00:00 flow_cell_id=AWX817 basecall_gpu=NVIDIA_Tegra_X2 protocol_group_id=ONT_trialEb_250925 sample_id=ONT_trail_250925 barcode=barcode22 barcode_alias=barcode22 parent_read_id=a1765933-79e8-46b0-9f05-6597593c520a basecall_model_version_id=dna_r10.4.1_e8.2_400bps_hac@v4.3.0
1521	07f92330-e668-4c5e-8733-d02dfb7da6dd runid=0dfb5b492dc86ce99bf7c61c734eb364afcdb5c8 ch=79 start_time=2025-09-25T16:32:53.398161+00:00 flow_cell_id=AWX817 basecall_gpu=NVIDIA_Tegra_X2 protocol_group_id=ONT_trialEb_250925 sample_id=ONT_trail_250925 barcode=barcode22 barcode_alias=barcode22 parent_read_id=07f92330-e668-4c5e-8733-d02dfb7da6dd basecall_model_version_id=dna_r10.4.1_e8.2_400bps_hac@v4.3.0
1521	16746000-af04-4551-bd95-9dd16f288982 runid=0dfb5b492dc86ce99bf7c61c734eb364afcdb5c8 ch=4 start_time=2025-09-26T05:04:54.398161+00:00 flow_cell_id=AWX817 basecall_gpu=NVIDIA_Tegra_X2 protocol_group_id=ONT_trialEb_250925 sample_id=ONT_trail_250925 barcode=barcode22 barcode_alias=barcode22 parent_read_id=13a57be1-a0e0-4a09-a47b-2c880762a2fb basecall_model_version_id=dna_r10.4.1_e8.2_400bps_hac@v4.3.0
1521	16746000-af04-4551-bd95-9dd16f288982 runid=0dfb5b492dc86ce99bf7c61c734eb364afcdb5c8 ch=4 start_time=2025-09-26T05:04:54.398161+00:00 flow_cell_id=AWX817 basecall_gpu=NVIDIA_Tegra_X2 protocol_group_id=ONT_trialEb_250925 sample_id=ONT_trail_250925 barcode=barcode22 barcode_alias=barcode22 parent_read_id=13a57be1-a0e0-4a09-a47b-2c880762a2fb basecall_model_version_id=dna_r10.4.1_e8.2_400bps_hac@v4.3.0
1521	81c0e55c-cff1-4881-87e5-8d63bf1fb259 runid=0dfb5b492dc86ce99bf7c61c734eb364afcdb5c8 ch=90 start_time=2025-09-25T16:54:51.398161+00:00 flow_cell_id=AWX817 basecall_gpu=NVIDIA_Tegra_X2 protocol_group_id=ONT_trialEb_250925 sample_id=ONT_trail_250925 barcode=barcode22 barcode_alias=barcode22 parent_read_id=81c0e55c-cff1-4881-87e5-8d63bf1fb259 basecall_model_version_id=dna_r10.4.1_e8.2_400bps_hac@v4.3.0 rc
1521	b08ed4bf-78e9-47c7-a5e3-4bb0146f5f8f runid=0dfb5b492dc86ce99bf7c61c734eb364afcdb5c8 ch=40 start_time=2025-09-25T15:58:44.398161+00:00 flow_cell_id=AWX817 basecall_gpu=NVIDIA_Tegra_X2 protocol_group_id=ONT_trialEb_250925 sample_id=ONT_trail_250925 barcode=barcode23 barcode_alias=barcode23 parent_read_id=b08ed4bf-78e9-47c7-a5e3-4bb0146f5f8f basecall_model_version_id=dna_r10.4.1_e8.2_400bps_hac@v4.3.0 rc
1521	734c5c48-53e1-46a0-8e06-182f6df6d8a3 runid=0dfb5b492dc86ce99bf7c61c734eb364afcdb5c8 ch=85 start_time=2025-09-25T19:40:05.398161+00:00 flow_cell_id=AWX817 basecall_gpu=NVIDIA_Tegra_X2 protocol_group_id=ONT_trialEb_250925 sample_id=ONT_trail_250925 barcode=barcode23 barcode_alias=barcode23 parent_read_id=734c5c48-53e1-46a0-8e06-182f6df6d8a3 basecall_model_version_id=dna_r10.4.1_e8.2_400bps_hac@v4.3.0 rc
1521	2c5c7b2d-3c02-435e-95ba-d408b44b918b runid=0dfb5b492dc86ce99bf7c61c734eb364afcdb5c8 ch=49 start_time=2025-09-26T11:45:38.398161+00:00 flow_cell_id=AWX817 basecall_gpu=NVIDIA_Tegra_X2 protocol_group_id=ONT_trialEb_250925 sample_id=ONT_trail_250925 barcode=barcode24 barcode_alias=barcode24 parent_read_id=2c5c7b2d-3c02-435e-95ba-d408b44b918b basecall_model_version_id=dna_r10.4.1_e8.2_400bps_hac@v4.3.0 rc
1521	e3b2b8f1-7458-4814-b922-e19a64670b25 runid=0dfb5b492dc86ce99bf7c61c734eb364afcdb5c8 ch=42 start_time=2025-09-26T03:44:47.398161+00:00 flow_cell_id=AWX817 basecall_gpu=NVIDIA_Tegra_X2 protocol_group_id=ONT_trialEb_250925 sample_id=ONT_trail_250925 barcode=barcode24 barcode_alias=barcode24 parent_read_id=e3b2b8f1-7458-4814-b922-e19a64670b25 basecall_model_version_id=dna_r10.4.1_e8.2_400bps_hac@v4.3.0
1521	e0fb4ae3-dc38-466f-acef-2f79a12c6d9d runid=0dfb5b492dc86ce99bf7c61c734eb364afcdb5c8 ch=5 start_time=2025-09-25T20:21:06.398161+00:00 flow_cell_id=AWX817 basecall_gpu=NVIDIA_Tegra_X2 protocol_group_id=ONT_trialEb_250925 sample_id=ONT_trail_250925 barcode=barcode22 barcode_alias=barcode22 parent_read_id=e0fb4ae3-dc38-466f-acef-2f79a12c6d9d basecall_model_version_id=dna_r10.4.1_e8.2_400bps_hac@v4.3.0
1521	993ed470-6098-4fb2-9a7c-ac00de862b06 runid=0dfb5b492dc86ce99bf7c61c734eb364afcdb5c8 ch=110 start_time=2025-09-25T21:01:28.398161+00:00 flow_cell_id=AWX817 basecall_gpu=NVIDIA_Tegra_X2 protocol_group_id=ONT_trialEb_250925 sample_id=ONT_trail_250925 barcode=barcode22 barcode_alias=barcode22 parent_read_id=2478f3ce-8d00-437e-b9fe-a34fd3b9d27e basecall_model_version_id=dna_r10.4.1_e8.2_400bps_hac@v4.3.0
1521	da1a28ea-fed4-43fe-8c86-d6f14f23a14e runid=0dfb5b492dc86ce99bf7c61c734eb364afcdb5c8 ch=10 start_time=2025-09-25T19:35:02.398161+00:00 flow_cell_id=AWX817 basecall_gpu=NVIDIA_Tegra_X2 protocol_group_id=ONT_trialEb_250925 sample_id=ONT_trail_250925 barcode=barcode22 barcode_alias=barcode22 parent_read_id=da1a28ea-fed4-43fe-8c86-d6f14f23a14e basecall_model_version_id=dna_r10.4.1_e8.2_400bps_hac@v4.3.0
1521	865a7881-7497-4a0f-885a-0a1723f44247 runid=0dfb5b492dc86ce99bf7c61c734eb364afcdb5c8 ch=43 start_time=2025-09-25T17:10:59.398161+00:00 flow_cell_id=AWX817 basecall_gpu=NVIDIA_Tegra_X2 protocol_group_id=ONT_trialEb_250925 sample_id=ONT_trail_250925 barcode=barcode23 barcode_alias=barcode23 parent_read_id=865a7881-7497-4a0f-885a-0a1723f44247 basecall_model_version_id=dna_r10.4.1_e8.2_400bps_hac@v4.3.0 rc
1521	ff69ef90-4c0c-4b6d-ba17-9d26e6a5af66 runid=0dfb5b492dc86ce99bf7c61c734eb364afcdb5c8 ch=44 start_time=2025-09-26T04:49:21.398161+00:00 flow_cell_id=AWX817 basecall_gpu=NVIDIA_Tegra_X2 protocol_group_id=ONT_trialEb_250925 sample_id=ONT_trail_250925 barcode=barcode22 barcode_alias=barcode22 parent_read_id=ff69ef90-4c0c-4b6d-ba17-9d26e6a5af66 basecall_model_version_id=dna_r10.4.1_e8.2_400bps_hac@v4.3.0 rc
1521	bc192980-757c-4742-a721-51bfcf17b3bd runid=0dfb5b492dc86ce99bf7c61c734eb364afcdb5c8 ch=20 start_time=2025-09-25T19:59:50.398161+00:00 flow_cell_id=AWX817 basecall_gpu=NVIDIA_Tegra_X2 protocol_group_id=ONT_trialEb_250925 sample_id=ONT_trail_250925 barcode=barcode22 barcode_alias=barcode22 parent_read_id=ddb41bd5-7fc8-4fcf-9af8-b44e68fbe247 basecall_model_version_id=dna_r10.4.1_e8.2_400bps_hac@v4.3.0
1521	159ba7e2-adf6-4de8-81cb-b5df15ee22f1 runid=0dfb5b492dc86ce99bf7c61c734eb364afcdb5c8 ch=110 start_time=2025-09-25T18:19:25.398161+00:00 flow_cell_id=AWX817 basecall_gpu=NVIDIA_Tegra_X2 protocol_group_id=ONT_trialEb_250925 sample_id=ONT_trail_250925 barcode=barcode24 barcode_alias=barcode24 parent_read_id=159ba7e2-adf6-4de8-81cb-b5df15ee22f1 basecall_model_version_id=dna_r10.4.1_e8.2_400bps_hac@v4.3.0
1521	e1795644-e879-4cca-96ec-ea67cde4d99b runid=0dfb5b492dc86ce99bf7c61c734eb364afcdb5c8 ch=20 start_time=2025-09-25T15:46:35.398161+00:00 flow_cell_id=AWX817 basecall_gpu=NVIDIA_Tegra_X2 protocol_group_id=ONT_trialEb_250925 sample_id=ONT_trail_250925 barcode=barcode22 barcode_alias=barcode22 parent_read_id=e1795644-e879-4cca-96ec-ea67cde4d99b basecall_model_version_id=dna_r10.4.1_e8.2_400bps_hac@v4.3.0
1521	d6a38250-baa1-4ce3-b564-1ae239eba9e5 runid=0dfb5b492dc86ce99bf7c61c734eb364afcdb5c8 ch=77 start_time=2025-09-25T20:13:28.398161+00:00 flow_cell_id=AWX817 basecall_gpu=NVIDIA_Tegra_X2 protocol_group_id=ONT_trialEb_250925 sample_id=ONT_trail_250925 barcode=barcode22 barcode_alias=barcode22 parent_read_id=d6a38250-baa1-4ce3-b564-1ae239eba9e5 basecall_model_version_id=dna_r10.4.1_e8.2_400bps_hac@v4.3.0
1521	e544cc71-0c95-45ae-b1d1-1e80cd9b79fb runid=0dfb5b492dc86ce99bf7c61c734eb364afcdb5c8 ch=77 start_time=2025-09-26T00:38:23.398161+00:00 flow_cell_id=AWX817 basecall_gpu=NVIDIA_Tegra_X2 protocol_group_id=ONT_trialEb_250925 sample_id=ONT_trail_250925 barcode=barcode22 barcode_alias=barcode22 parent_read_id=e544cc71-0c95-45ae-b1d1-1e80cd9b79fb basecall_model_version_id=dna_r10.4.1_e8.2_400bps_hac@v4.3.0 rc
1521	c6f7177b-85ca-4411-ac94-35647dca5701 runid=0dfb5b492dc86ce99bf7c61c734eb364afcdb5c8 ch=4 start_time=2025-09-25T17:47:24.398161+00:00 flow_cell_id=AWX817 basecall_gpu=NVIDIA_Tegra_X2 protocol_group_id=ONT_trialEb_250925 sample_id=ONT_trail_250925 barcode=barcode22 barcode_alias=barcode22 parent_read_id=c6f7177b-85ca-4411-ac94-35647dca5701 basecall_model_version_id=dna_r10.4.1_e8.2_400bps_hac@v4.3.0
1521	e1e6cdf6-262a-48aa-a2c7-a414e3df77ce runid=0dfb5b492dc86ce99bf7c61c734eb364afcdb5c8 ch=40 start_time=2025-09-25T20:36:36.398161+00:00 flow_cell_id=AWX817 basecall_gpu=NVIDIA_Tegra_X2 protocol_group_id=ONT_trialEb_250925 sample_id=ONT_trail_250925 barcode=barcode23 barcode_alias=barcode23 parent_read_id=e1e6cdf6-262a-48aa-a2c7-a414e3df77ce basecall_model_version_id=dna_r10.4.1_e8.2_400bps_hac@v4.3.0
1521	6641cfbf-6739-45a2-b615-afa678704c5f runid=0dfb5b492dc86ce99bf7c61c734eb364afcdb5c8 ch=44 start_time=2025-09-25T16:08:20.398161+00:00 flow_cell_id=AWX817 basecall_gpu=NVIDIA_Tegra_X2 protocol_group_id=ONT_trialEb_250925 sample_id=ONT_trail_250925 barcode=barcode22 barcode_alias=barcode22 parent_read_id=6641cfbf-6739-45a2-b615-afa678704c5f basecall_model_version_id=dna_r10.4.1_e8.2_400bps_hac@v4.3.0
1521	79df29b4-6bc8-4b14-90eb-aa8329241421 runid=0dfb5b492dc86ce99bf7c61c734eb364afcdb5c8 ch=5 start_time=2025-09-25T23:00:53.398161+00:00 flow_cell_id=AWX817 basecall_gpu=NVIDIA_Tegra_X2 protocol_group_id=ONT_trialEb_250925 sample_id=ONT_trail_250925 barcode=barcode22 barcode_alias=barcode22 parent_read_id=a6ab8691-f778-489d-a37e-9b61fdb64561 basecall_model_version_id=dna_r10.4.1_e8.2_400bps_hac@v4.3.0
1521	02b298b4-83f7-4fb4-9c57-d6db814efc43 runid=0dfb5b492dc86ce99bf7c61c734eb364afcdb5c8 ch=15 start_time=2025-09-25T18:16:17.398161+00:00 flow_cell_id=AWX817 basecall_gpu=NVIDIA_Tegra_X2 protocol_group_id=ONT_trialEb_250925 sample_id=ONT_trail_250925 barcode=barcode23 barcode_alias=barcode23 parent_read_id=02b298b4-83f7-4fb4-9c57-d6db814efc43 basecall_model_version_id=dna_r10.4.1_e8.2_400bps_hac@v4.3.0
1521	da1155fd-5d88-407e-869d-532f58d2eed0 runid=0dfb5b492dc86ce99bf7c61c734eb364afcdb5c8 ch=41 start_time=2025-09-25T22:19:19.398161+00:00 flow_cell_id=AWX817 basecall_gpu=NVIDIA_Tegra_X2 protocol_group_id=ONT_trialEb_250925 sample_id=ONT_trail_250925 barcode=barcode24 barcode_alias=barcode24 parent_read_id=da1155fd-5d88-407e-869d-532f58d2eed0 basecall_model_version_id=dna_r10.4.1_e8.2_400bps_hac@v4.3.0 rc
1521	d9b3ee4d-183c-421e-99d4-abdec47fd990 runid=0dfb5b492dc86ce99bf7c61c734eb364afcdb5c8 ch=4 start_time=2025-09-25T19:34:21.398161+00:00 flow_cell_id=AWX817 basecall_gpu=NVIDIA_Tegra_X2 protocol_group_id=ONT_trialEb_250925 sample_id=ONT_trail_250925 barcode=barcode22 barcode_alias=barcode22 parent_read_id=d9b3ee4d-183c-421e-99d4-abdec47fd990 basecall_model_version_id=dna_r10.4.1_e8.2_400bps_hac@v4.3.0
1521	35b6469c-c9ad-42bb-82f6-2c2579a14b0c runid=0dfb5b492dc86ce99bf7c61c734eb364afcdb5c8 ch=85 start_time=2025-09-26T01:09:51.398161+00:00 flow_cell_id=AWX817 basecall_gpu=NVIDIA_Tegra_X2 protocol_group_id=ONT_trialEb_250925 sample_id=ONT_trail_250925 barcode=barcode22 barcode_alias=barcode22 parent_read_id=35b6469c-c9ad-42bb-82f6-2c2579a14b0c basecall_model_version_id=dna_r10.4.1_e8.2_400bps_hac@v4.3.0
1521	5d703d16-ec63-4c0f-9ef0-808d6a35567a runid=0dfb5b492dc86ce99bf7c61c734eb364afcdb5c8 ch=41 start_time=2025-09-26T00:11:02.398161+00:00 flow_cell_id=AWX817 basecall_gpu=NVIDIA_Tegra_X2 protocol_group_id=ONT_trialEb_250925 sample_id=ONT_trail_250925 barcode=barcode23 barcode_alias=barcode23 parent_read_id=5d703d16-ec63-4c0f-9ef0-808d6a35567a basecall_model_version_id=dna_r10.4.1_e8.2_400bps_hac@v4.3.0
1521	08bf55d3-96f5-468a-839e-0801401706ec runid=0dfb5b492dc86ce99bf7c61c734eb364afcdb5c8 ch=73 start_time=2025-09-25T19:46:30.398161+00:00 flow_cell_id=AWX817 basecall_gpu=NVIDIA_Tegra_X2 protocol_group_id=ONT_trialEb_250925 sample_id=ONT_trail_250925 barcode=barcode24 barcode_alias=barcode24 parent_read_id=08bf55d3-96f5-468a-839e-0801401706ec basecall_model_version_id=dna_r10.4.1_e8.2_400bps_hac@v4.3.0
1521	93c17225-4db5-4b97-a83e-38e0e83db5c4 runid=0dfb5b492dc86ce99bf7c61c734eb364afcdb5c8 ch=20 start_time=2025-09-26T08:03:02.398161+00:00 flow_cell_id=AWX817 basecall_gpu=NVIDIA_Tegra_X2 protocol_group_id=ONT_trialEb_250925 sample_id=ONT_trail_250925 barcode=barcode22 barcode_alias=barcode22 parent_read_id=f8ff81d0-70c1-4ec5-9411-393a4bf0b673 basecall_model_version_id=dna_r10.4.1_e8.2_400bps_hac@v4.3.0 rc
1521	f38cb55a-bcc6-48e0-ae0e-7c3bcc574c20 runid=0dfb5b492dc86ce99bf7c61c734eb364afcdb5c8 ch=73 start_time=2025-09-25T21:38:36.398161+00:00 flow_cell_id=AWX817 basecall_gpu=NVIDIA_Tegra_X2 protocol_group_id=ONT_trialEb_250925 sample_id=ONT_trail_250925 barcode=barcode22 barcode_alias=barcode22 parent_read_id=f38cb55a-bcc6-48e0-ae0e-7c3bcc574c20 basecall_model_version_id=dna_r10.4.1_e8.2_400bps_hac@v4.3.0
1521	a4436580-543b-4a77-8dd8-8a8c4aa4132a runid=0dfb5b492dc86ce99bf7c61c734eb364afcdb5c8 ch=79 start_time=2025-09-25T23:07:47.398161+00:00 flow_cell_id=AWX817 basecall_gpu=NVIDIA_Tegra_X2 protocol_group_id=ONT_trialEb_250925 sample_id=ONT_trail_250925 barcode=barcode22 barcode_alias=barcode22 parent_read_id=a4436580-543b-4a77-8dd8-8a8c4aa4132a basecall_model_version_id=dna_r10.4.1_e8.2_400bps_hac@v4.3.0
1521	de9db453-a052-49c8-8ff8-1f1d75cd45bf runid=0dfb5b492dc86ce99bf7c61c734eb364afcdb5c8 ch=20 start_time=2025-09-26T08:23:08.398161+00:00 flow_cell_id=AWX817 basecall_gpu=NVIDIA_Tegra_X2 protocol_group_id=ONT_trialEb_250925 sample_id=ONT_trail_250925 barcode=barcode22 barcode_alias=barcode22 parent_read_id=de9db453-a052-49c8-8ff8-1f1d75cd45bf basecall_model_version_id=dna_r10.4.1_e8.2_400bps_hac@v4.3.0
1521	9cd5aaf1-4de3-4fe5-9614-746461eaa96c runid=0dfb5b492dc86ce99bf7c61c734eb364afcdb5c8 ch=93 start_time=2025-09-25T18:56:21.398161+00:00 flow_cell_id=AWX817 basecall_gpu=NVIDIA_Tegra_X2 protocol_group_id=ONT_trialEb_250925 sample_id=ONT_trail_250925 barcode=barcode22 barcode_alias=barcode22 parent_read_id=9cd5aaf1-4de3-4fe5-9614-746461eaa96c basecall_model_version_id=dna_r10.4.1_e8.2_400bps_hac@v4.3.0
1521	ac13da34-c590-4067-ad54-d8b092d2399f runid=0dfb5b492dc86ce99bf7c61c734eb364afcdb5c8 ch=15 start_time=2025-09-25T20:01:15.398161+00:00 flow_cell_id=AWX817 basecall_gpu=NVIDIA_Tegra_X2 protocol_group_id=ONT_trialEb_250925 sample_id=ONT_trail_250925 barcode=barcode22 barcode_alias=barcode22 parent_read_id=ac13da34-c590-4067-ad54-d8b092d2399f basecall_model_version_id=dna_r10.4.1_e8.2_400bps_hac@v4.3.0
1521	fb9cae6e-34ae-4b71-aad3-4d817cb09e72 runid=0dfb5b492dc86ce99bf7c61c734eb364afcdb5c8 ch=23 start_time=2025-09-25T17:45:28.398161+00:00 flow_cell_id=AWX817 basecall_gpu=NVIDIA_Tegra_X2 protocol_group_id=ONT_trialEb_250925 sample_id=ONT_trail_250925 barcode=barcode22 barcode_alias=barcode22 parent_read_id=fb9cae6e-34ae-4b71-aad3-4d817cb09e72 basecall_model_version_id=dna_r10.4.1_e8.2_400bps_hac@v4.3.0
1521	27813767-2470-443f-a933-d8b6187f7545 runid=0dfb5b492dc86ce99bf7c61c734eb364afcdb5c8 ch=20 start_time=2025-09-25T19:09:38.398161+00:00 flow_cell_id=AWX817 basecall_gpu=NVIDIA_Tegra_X2 protocol_group_id=ONT_trialEb_250925 sample_id=ONT_trail_250925 barcode=barcode24 barcode_alias=barcode24 parent_read_id=27813767-2470-443f-a933-d8b6187f7545 basecall_model_version_id=dna_r10.4.1_e8.2_400bps_hac@v4.3.0 rc
1521	5c3ca91a-d4f6-46a9-93a8-ee6a52e6e3bb runid=0dfb5b492dc86ce99bf7c61c734eb364afcdb5c8 ch=4 start_time=2025-09-26T06:10:40.398161+00:00 flow_cell_id=AWX817 basecall_gpu=NVIDIA_Tegra_X2 protocol_group_id=ONT_trialEb_250925 sample_id=ONT_trail_250925 barcode=barcode22 barcode_alias=barcode22 parent_read_id=5c3ca91a-d4f6-46a9-93a8-ee6a52e6e3bb basecall_model_version_id=dna_r10.4.1_e8.2_400bps_hac@v4.3.0 rc
1521	55f86dcf-9754-424d-8061-0bce13e17aa5 runid=0dfb5b492dc86ce99bf7c61c734eb364afcdb5c8 ch=4 start_time=2025-09-26T06:12:56.398161+00:00 flow_cell_id=AWX817 basecall_gpu=NVIDIA_Tegra_X2 protocol_group_id=ONT_trialEb_250925 sample_id=ONT_trail_250925 barcode=barcode22 barcode_alias=barcode22 parent_read_id=55f86dcf-9754-424d-8061-0bce13e17aa5 basecall_model_version_id=dna_r10.4.1_e8.2_400bps_hac@v4.3.0
1521	33513f6f-34fd-40ba-8547-3070e30e6a53 runid=0dfb5b492dc86ce99bf7c61c734eb364afcdb5c8 ch=91 start_time=2025-09-25T17:27:43.398161+00:00 flow_cell_id=AWX817 basecall_gpu=NVIDIA_Tegra_X2 protocol_group_id=ONT_trialEb_250925 sample_id=ONT_trail_250925 barcode=barcode22 barcode_alias=barcode22 parent_read_id=33513f6f-34fd-40ba-8547-3070e30e6a53 basecall_model_version_id=dna_r10.4.1_e8.2_400bps_hac@v4.3.0
1521	c52b2b3c-df12-401d-83f3-323af8f47f0b runid=0dfb5b492dc86ce99bf7c61c734eb364afcdb5c8 ch=79 start_time=2025-09-25T22:45:12.398161+00:00 flow_cell_id=AWX817 basecall_gpu=NVIDIA_Tegra_X2 protocol_group_id=ONT_trialEb_250925 sample_id=ONT_trail_250925 barcode=barcode22 barcode_alias=barcode22 parent_read_id=c52b2b3c-df12-401d-83f3-323af8f47f0b basecall_model_version_id=dna_r10.4.1_e8.2_400bps_hac@v4.3.0
1521	437cf956-868d-4d0c-9baf-8de0b3710072 runid=0dfb5b492dc86ce99bf7c61c734eb364afcdb5c8 ch=57 start_time=2025-09-25T17:55:21.398161+00:00 flow_cell_id=AWX817 basecall_gpu=NVIDIA_Tegra_X2 protocol_group_id=ONT_trialEb_250925 sample_id=ONT_trail_250925 barcode=barcode22 barcode_alias=barcode22 parent_read_id=437cf956-868d-4d0c-9baf-8de0b3710072 basecall_model_version_id=dna_r10.4.1_e8.2_400bps_hac@v4.3.0
1521	afe3da0f-9172-457c-b555-044627bca8dc runid=0dfb5b492dc86ce99bf7c61c734eb364afcdb5c8 ch=77 start_time=2025-09-25T21:48:42.398161+00:00 flow_cell_id=AWX817 basecall_gpu=NVIDIA_Tegra_X2 protocol_group_id=ONT_trialEb_250925 sample_id=ONT_trail_250925 barcode=barcode22 barcode_alias=barcode22 parent_read_id=afe3da0f-9172-457c-b555-044627bca8dc basecall_model_version_id=dna_r10.4.1_e8.2_400bps_hac@v4.3.0
1521	61720254-0b3f-47c4-ba86-88095c8d9d71 runid=0dfb5b492dc86ce99bf7c61c734eb364afcdb5c8 ch=110 start_time=2025-09-25T18:14:00.398161+00:00 flow_cell_id=AWX817 basecall_gpu=NVIDIA_Tegra_X2 protocol_group_id=ONT_trialEb_250925 sample_id=ONT_trail_250925 barcode=barcode22 barcode_alias=barcode22 parent_read_id=61720254-0b3f-47c4-ba86-88095c8d9d71 basecall_model_version_id=dna_r10.4.1_e8.2_400bps_hac@v4.3.0 rc
1521	e2ee3c21-f233-4ec5-ad33-d289f8188079 runid=0dfb5b492dc86ce99bf7c61c734eb364afcdb5c8 ch=23 start_time=2025-09-25T18:46:40.398161+00:00 flow_cell_id=AWX817 basecall_gpu=NVIDIA_Tegra_X2 protocol_group_id=ONT_trialEb_250925 sample_id=ONT_trail_250925 barcode=barcode24 barcode_alias=barcode24 parent_read_id=e2ee3c21-f233-4ec5-ad33-d289f8188079 basecall_model_version_id=dna_r10.4.1_e8.2_400bps_hac@v4.3.0
1521	11bd2765-6c41-4b9b-9e69-3caf0706be1d runid=0dfb5b492dc86ce99bf7c61c734eb364afcdb5c8 ch=44 start_time=2025-09-26T03:18:18.398161+00:00 flow_cell_id=AWX817 basecall_gpu=NVIDIA_Tegra_X2 protocol_group_id=ONT_trialEb_250925 sample_id=ONT_trail_250925 barcode=barcode22 barcode_alias=barcode22 parent_read_id=11bd2765-6c41-4b9b-9e69-3caf0706be1d basecall_model_version_id=dna_r10.4.1_e8.2_400bps_hac@v4.3.0
1521	769963ee-2f4c-48cd-974f-7a2dac4c6cd1 runid=0dfb5b492dc86ce99bf7c61c734eb364afcdb5c8 ch=40 start_time=2025-09-25T16:37:20.398161+00:00 flow_cell_id=AWX817 basecall_gpu=NVIDIA_Tegra_X2 protocol_group_id=ONT_trialEb_250925 sample_id=ONT_trail_250925 barcode=barcode23 barcode_alias=barcode23 parent_read_id=769963ee-2f4c-48cd-974f-7a2dac4c6cd1 basecall_model_version_id=dna_r10.4.1_e8.2_400bps_hac@v4.3.0
1521	237c2fcd-8282-4151-bfe2-b59e59e16a53 runid=0dfb5b492dc86ce99bf7c61c734eb364afcdb5c8 ch=73 start_time=2025-09-25T20:44:06.398161+00:00 flow_cell_id=AWX817 basecall_gpu=NVIDIA_Tegra_X2 protocol_group_id=ONT_trialEb_250925 sample_id=ONT_trail_250925 barcode=barcode23 barcode_alias=barcode23 parent_read_id=237c2fcd-8282-4151-bfe2-b59e59e16a53 basecall_model_version_id=dna_r10.4.1_e8.2_400bps_hac@v4.3.0
1521	19e5d0f4-458c-45e9-8545-c8410f766320 runid=0dfb5b492dc86ce99bf7c61c734eb364afcdb5c8 ch=77 start_time=2025-09-25T22:50:17.398161+00:00 flow_cell_id=AWX817 basecall_gpu=NVIDIA_Tegra_X2 protocol_group_id=ONT_trialEb_250925 sample_id=ONT_trail_250925 barcode=barcode24 barcode_alias=barcode24 parent_read_id=19e5d0f4-458c-45e9-8545-c8410f766320 basecall_model_version_id=dna_r10.4.1_e8.2_400bps_hac@v4.3.0 rc
1521	033a46d7-ef6f-415f-a6a4-41bd13968b45 runid=0dfb5b492dc86ce99bf7c61c734eb364afcdb5c8 ch=110 start_time=2025-09-25T20:31:30.398161+00:00 flow_cell_id=AWX817 basecall_gpu=NVIDIA_Tegra_X2 protocol_group_id=ONT_trialEb_250925 sample_id=ONT_trail_250925 barcode=barcode22 barcode_alias=barcode22 parent_read_id=033a46d7-ef6f-415f-a6a4-41bd13968b45 basecall_model_version_id=dna_r10.4.1_e8.2_400bps_hac@v4.3.0 rc
1521	fa6666d2-fc0b-4d4c-bac7-7864f3e34683 runid=0dfb5b492dc86ce99bf7c61c734eb364afcdb5c8 ch=20 start_time=2025-09-25T18:22:16.398161+00:00 flow_cell_id=AWX817 basecall_gpu=NVIDIA_Tegra_X2 protocol_group_id=ONT_trialEb_250925 sample_id=ONT_trail_250925 barcode=barcode22 barcode_alias=barcode22 parent_read_id=fa6666d2-fc0b-4d4c-bac7-7864f3e34683 basecall_model_version_id=dna_r10.4.1_e8.2_400bps_hac@v4.3.0
1521	8e3d0f62-2858-41f5-b33e-e55e90e64eca runid=0dfb5b492dc86ce99bf7c61c734eb364afcdb5c8 ch=58 start_time=2025-09-25T19:59:36.398161+00:00 flow_cell_id=AWX817 basecall_gpu=NVIDIA_Tegra_X2 protocol_group_id=ONT_trialEb_250925 sample_id=ONT_trail_250925 barcode=barcode22 barcode_alias=barcode22 parent_read_id=8e3d0f62-2858-41f5-b33e-e55e90e64eca basecall_model_version_id=dna_r10.4.1_e8.2_400bps_hac@v4.3.0
1521	b2915121-67c8-4e37-b5e3-dce28317eac1 runid=0dfb5b492dc86ce99bf7c61c734eb364afcdb5c8 ch=43 start_time=2025-09-25T20:03:44.398161+00:00 flow_cell_id=AWX817 basecall_gpu=NVIDIA_Tegra_X2 protocol_group_id=ONT_trialEb_250925 sample_id=ONT_trail_250925 barcode=barcode22 barcode_alias=barcode22 parent_read_id=618bb6c2-f7dc-47aa-819f-04460e532986 basecall_model_version_id=dna_r10.4.1_e8.2_400bps_hac@v4.3.0
1521	b2915121-67c8-4e37-b5e3-dce28317eac1 runid=0dfb5b492dc86ce99bf7c61c734eb364afcdb5c8 ch=43 start_time=2025-09-25T20:03:44.398161+00:00 flow_cell_id=AWX817 basecall_gpu=NVIDIA_Tegra_X2 protocol_group_id=ONT_trialEb_250925 sample_id=ONT_trail_250925 barcode=barcode22 barcode_alias=barcode22 parent_read_id=618bb6c2-f7dc-47aa-819f-04460e532986 basecall_model_version_id=dna_r10.4.1_e8.2_400bps_hac@v4.3.0
1521	07d0936b-2491-44de-b146-d8f0008106c8 runid=0dfb5b492dc86ce99bf7c61c734eb364afcdb5c8 ch=41 start_time=2025-09-26T00:14:25.398161+00:00 flow_cell_id=AWX817 basecall_gpu=NVIDIA_Tegra_X2 protocol_group_id=ONT_trialEb_250925 sample_id=ONT_trail_250925 barcode=barcode22 barcode_alias=barcode22 parent_read_id=07d0936b-2491-44de-b146-d8f0008106c8 basecall_model_version_id=dna_r10.4.1_e8.2_400bps_hac@v4.3.0
1521	d5cd656f-fca6-4b80-8bc9-6364c799533f runid=0dfb5b492dc86ce99bf7c61c734eb364afcdb5c8 ch=80 start_time=2025-09-25T19:42:40.398161+00:00 flow_cell_id=AWX817 basecall_gpu=NVIDIA_Tegra_X2 protocol_group_id=ONT_trialEb_250925 sample_id=ONT_trail_250925 barcode=barcode22 barcode_alias=barcode22 parent_read_id=d5cd656f-fca6-4b80-8bc9-6364c799533f basecall_model_version_id=dna_r10.4.1_e8.2_400bps_hac@v4.3.0
1521	d5cd656f-fca6-4b80-8bc9-6364c799533f runid=0dfb5b492dc86ce99bf7c61c734eb364afcdb5c8 ch=80 start_time=2025-09-25T19:42:40.398161+00:00 flow_cell_id=AWX817 basecall_gpu=NVIDIA_Tegra_X2 protocol_group_id=ONT_trialEb_250925 sample_id=ONT_trail_250925 barcode=barcode22 barcode_alias=barcode22 parent_read_id=d5cd656f-fca6-4b80-8bc9-6364c799533f basecall_model_version_id=dna_r10.4.1_e8.2_400bps_hac@v4.3.0
1521	154f84f8-d87e-467f-9165-f63d05da922c runid=0dfb5b492dc86ce99bf7c61c734eb364afcdb5c8 ch=42 start_time=2025-09-26T04:42:21.398161+00:00 flow_cell_id=AWX817 basecall_gpu=NVIDIA_Tegra_X2 protocol_group_id=ONT_trialEb_250925 sample_id=ONT_trail_250925 barcode=barcode22 barcode_alias=barcode22 parent_read_id=154f84f8-d87e-467f-9165-f63d05da922c basecall_model_version_id=dna_r10.4.1_e8.2_400bps_hac@v4.3.0 rc
1521	ac6e0894-1ed9-46f5-bf31-067d4d570204 runid=0dfb5b492dc86ce99bf7c61c734eb364afcdb5c8 ch=20 start_time=2025-09-26T00:23:45.398161+00:00 flow_cell_id=AWX817 basecall_gpu=NVIDIA_Tegra_X2 protocol_group_id=ONT_trialEb_250925 sample_id=ONT_trail_250925 barcode=barcode22 barcode_alias=barcode22 parent_read_id=47023856-2b8b-4901-b666-795073730632 basecall_model_version_id=dna_r10.4.1_e8.2_400bps_hac@v4.3.0 rc
1521	ea79ed34-30b5-48a8-a27c-589bba473d2e runid=0dfb5b492dc86ce99bf7c61c734eb364afcdb5c8 ch=44 start_time=2025-09-26T02:33:36.398161+00:00 flow_cell_id=AWX817 basecall_gpu=NVIDIA_Tegra_X2 protocol_group_id=ONT_trialEb_250925 sample_id=ONT_trail_250925 barcode=barcode24 barcode_alias=barcode24 parent_read_id=ea79ed34-30b5-48a8-a27c-589bba473d2e basecall_model_version_id=dna_r10.4.1_e8.2_400bps_hac@v4.3.0
1521	b476ff1c-18c9-4ee1-8dab-30b2a84c7762 runid=0dfb5b492dc86ce99bf7c61c734eb364afcdb5c8 ch=85 start_time=2025-09-25T20:39:28.398161+00:00 flow_cell_id=AWX817 basecall_gpu=NVIDIA_Tegra_X2 protocol_group_id=ONT_trialEb_250925 sample_id=ONT_trail_250925 barcode=barcode24 barcode_alias=barcode24 parent_read_id=b476ff1c-18c9-4ee1-8dab-30b2a84c7762 basecall_model_version_id=dna_r10.4.1_e8.2_400bps_hac@v4.3.0
1521	ab2f7e60-c12b-4bba-b4ad-abfa65274748 runid=0dfb5b492dc86ce99bf7c61c734eb364afcdb5c8 ch=20 start_time=2025-09-26T08:07:04.398161+00:00 flow_cell_id=AWX817 basecall_gpu=NVIDIA_Tegra_X2 protocol_group_id=ONT_trialEb_250925 sample_id=ONT_trail_250925 barcode=barcode23 barcode_alias=barcode23 parent_read_id=ab2f7e60-c12b-4bba-b4ad-abfa65274748 basecall_model_version_id=dna_r10.4.1_e8.2_400bps_hac@v4.3.0
1521	f5bc9e13-a9cd-4c8b-b792-0ca971aa46be runid=0dfb5b492dc86ce99bf7c61c734eb364afcdb5c8 ch=4 start_time=2025-09-25T23:29:56.398161+00:00 flow_cell_id=AWX817 basecall_gpu=NVIDIA_Tegra_X2 protocol_group_id=ONT_trialEb_250925 sample_id=ONT_trail_250925 barcode=barcode22 barcode_alias=barcode22 parent_read_id=f5bc9e13-a9cd-4c8b-b792-0ca971aa46be basecall_model_version_id=dna_r10.4.1_e8.2_400bps_hac@v4.3.0 rc
1521	ec189f95-15fe-472f-8c4a-b8da5e90bfc3 runid=0dfb5b492dc86ce99bf7c61c734eb364afcdb5c8 ch=106 start_time=2025-09-25T20:56:14.398161+00:00 flow_cell_id=AWX817 basecall_gpu=NVIDIA_Tegra_X2 protocol_group_id=ONT_trialEb_250925 sample_id=ONT_trail_250925 barcode=barcode22 barcode_alias=barcode22 parent_read_id=ec189f95-15fe-472f-8c4a-b8da5e90bfc3 basecall_model_version_id=dna_r10.4.1_e8.2_400bps_hac@v4.3.0
1521	8ee3fce1-c1c9-4cc9-888d-7e514a56d478 runid=0dfb5b492dc86ce99bf7c61c734eb364afcdb5c8 ch=20 start_time=2025-09-25T23:04:25.398161+00:00 flow_cell_id=AWX817 basecall_gpu=NVIDIA_Tegra_X2 protocol_group_id=ONT_trialEb_250925 sample_id=ONT_trail_250925 barcode=barcode22 barcode_alias=barcode22 parent_read_id=8ee3fce1-c1c9-4cc9-888d-7e514a56d478 basecall_model_version_id=dna_r10.4.1_e8.2_400bps_hac@v4.3.0
1521	7a851983-dc63-4df2-973d-6bb6a9a947fa runid=0dfb5b492dc86ce99bf7c61c734eb364afcdb5c8 ch=85 start_time=2025-09-25T16:34:45.398161+00:00 flow_cell_id=AWX817 basecall_gpu=NVIDIA_Tegra_X2 protocol_group_id=ONT_trialEb_250925 sample_id=ONT_trail_250925 barcode=barcode22 barcode_alias=barcode22 parent_read_id=7a851983-dc63-4df2-973d-6bb6a9a947fa basecall_model_version_id=dna_r10.4.1_e8.2_400bps_hac@v4.3.0
1521	f5275902-0bd6-4601-848f-f302f5630915 runid=0dfb5b492dc86ce99bf7c61c734eb364afcdb5c8 ch=108 start_time=2025-09-25T16:45:44.398161+00:00 flow_cell_id=AWX817 basecall_gpu=NVIDIA_Tegra_X2 protocol_group_id=ONT_trialEb_250925 sample_id=ONT_trail_250925 barcode=barcode22 barcode_alias=barcode22 parent_read_id=f5275902-0bd6-4601-848f-f302f5630915 basecall_model_version_id=dna_r10.4.1_e8.2_400bps_hac@v4.3.0 rc
1521	1c9b6ff5-9ec8-4002-9b2c-4f803c944619 runid=0dfb5b492dc86ce99bf7c61c734eb364afcdb5c8 ch=96 start_time=2025-09-26T00:52:16.398161+00:00 flow_cell_id=AWX817 basecall_gpu=NVIDIA_Tegra_X2 protocol_group_id=ONT_trialEb_250925 sample_id=ONT_trail_250925 barcode=barcode24 barcode_alias=barcode24 parent_read_id=1c9b6ff5-9ec8-4002-9b2c-4f803c944619 basecall_model_version_id=dna_r10.4.1_e8.2_400bps_hac@v4.3.0 rc
1521	bc428cb4-630c-4d1a-a34c-41cc1acbec1e runid=0dfb5b492dc86ce99bf7c61c734eb364afcdb5c8 ch=73 start_time=2025-09-25T20:50:47.398161+00:00 flow_cell_id=AWX817 basecall_gpu=NVIDIA_Tegra_X2 protocol_group_id=ONT_trialEb_250925 sample_id=ONT_trail_250925 barcode=barcode24 barcode_alias=barcode24 parent_read_id=bc428cb4-630c-4d1a-a34c-41cc1acbec1e basecall_model_version_id=dna_r10.4.1_e8.2_400bps_hac@v4.3.0 rc
1521	4e26acf5-9cca-4045-ab6b-dcfebee0cde3 runid=0dfb5b492dc86ce99bf7c61c734eb364afcdb5c8 ch=20 start_time=2025-09-25T18:01:11.398161+00:00 flow_cell_id=AWX817 basecall_gpu=NVIDIA_Tegra_X2 protocol_group_id=ONT_trialEb_250925 sample_id=ONT_trail_250925 barcode=barcode24 barcode_alias=barcode24 parent_read_id=4e26acf5-9cca-4045-ab6b-dcfebee0cde3 basecall_model_version_id=dna_r10.4.1_e8.2_400bps_hac@v4.3.0
1521	5a7d5a58-e0ad-4e9d-9ec6-0b64dfa3f109 runid=0dfb5b492dc86ce99bf7c61c734eb364afcdb5c8 ch=93 start_time=2025-09-25T19:07:10.398161+00:00 flow_cell_id=AWX817 basecall_gpu=NVIDIA_Tegra_X2 protocol_group_id=ONT_trialEb_250925 sample_id=ONT_trail_250925 barcode=barcode23 barcode_alias=barcode23 parent_read_id=5a7d5a58-e0ad-4e9d-9ec6-0b64dfa3f109 basecall_model_version_id=dna_r10.4.1_e8.2_400bps_hac@v4.3.0 rc
1521	ca1b1016-d754-40c9-9a74-da90f09f0cb2 runid=0dfb5b492dc86ce99bf7c61c734eb364afcdb5c8 ch=5 start_time=2025-09-25T16:21:11.398161+00:00 flow_cell_id=AWX817 basecall_gpu=NVIDIA_Tegra_X2 protocol_group_id=ONT_trialEb_250925 sample_id=ONT_trail_250925 barcode=barcode22 barcode_alias=barcode22 parent_read_id=ca1b1016-d754-40c9-9a74-da90f09f0cb2 basecall_model_version_id=dna_r10.4.1_e8.2_400bps_hac@v4.3.0
1521	879f8496-7706-45dc-bc47-11bbbce5ca9c runid=0dfb5b492dc86ce99bf7c61c734eb364afcdb5c8 ch=6 start_time=2025-09-25T18:27:36.398161+00:00 flow_cell_id=AWX817 basecall_gpu=NVIDIA_Tegra_X2 protocol_group_id=ONT_trialEb_250925 sample_id=ONT_trail_250925 barcode=barcode22 barcode_alias=barcode22 parent_read_id=879f8496-7706-45dc-bc47-11bbbce5ca9c basecall_model_version_id=dna_r10.4.1_e8.2_400bps_hac@v4.3.0
1521	7ec67869-2b19-4446-82c6-7696f84be5e0 runid=0dfb5b492dc86ce99bf7c61c734eb364afcdb5c8 ch=106 start_time=2025-09-25T18:02:36.398161+00:00 flow_cell_id=AWX817 basecall_gpu=NVIDIA_Tegra_X2 protocol_group_id=ONT_trialEb_250925 sample_id=ONT_trail_250925 barcode=barcode22 barcode_alias=barcode22 parent_read_id=7ec67869-2b19-4446-82c6-7696f84be5e0 basecall_model_version_id=dna_r10.4.1_e8.2_400bps_hac@v4.3.0
1521	83069f8c-6650-4f21-9068-1924b6082c74 runid=0dfb5b492dc86ce99bf7c61c734eb364afcdb5c8 ch=80 start_time=2025-09-25T18:46:35.398161+00:00 flow_cell_id=AWX817 basecall_gpu=NVIDIA_Tegra_X2 protocol_group_id=ONT_trialEb_250925 sample_id=ONT_trail_250925 barcode=barcode23 barcode_alias=barcode23 parent_read_id=83069f8c-6650-4f21-9068-1924b6082c74 basecall_model_version_id=dna_r10.4.1_e8.2_400bps_hac@v4.3.0
1521	6efe5beb-02b9-4d10-9a73-3f6e241a8302 runid=0dfb5b492dc86ce99bf7c61c734eb364afcdb5c8 ch=15 start_time=2025-09-25T18:48:50.398161+00:00 flow_cell_id=AWX817 basecall_gpu=NVIDIA_Tegra_X2 protocol_group_id=ONT_trialEb_250925 sample_id=ONT_trail_250925 barcode=barcode24 barcode_alias=barcode24 parent_read_id=6efe5beb-02b9-4d10-9a73-3f6e241a8302 basecall_model_version_id=dna_r10.4.1_e8.2_400bps_hac@v4.3.0 rc
1521	9daafa23-cfe9-4aeb-b93c-e0d35e91d2d7 runid=0dfb5b492dc86ce99bf7c61c734eb364afcdb5c8 ch=85 start_time=2025-09-26T04:39:48.398161+00:00 flow_cell_id=AWX817 basecall_gpu=NVIDIA_Tegra_X2 protocol_group_id=ONT_trialEb_250925 sample_id=ONT_trail_250925 barcode=barcode22 barcode_alias=barcode22 parent_read_id=9daafa23-cfe9-4aeb-b93c-e0d35e91d2d7 basecall_model_version_id=dna_r10.4.1_e8.2_400bps_hac@v4.3.0 rc
1521	ee7e56f1-a085-4810-8db2-fda98b3a23cb runid=0dfb5b492dc86ce99bf7c61c734eb364afcdb5c8 ch=23 start_time=2025-09-25T18:18:03.398161+00:00 flow_cell_id=AWX817 basecall_gpu=NVIDIA_Tegra_X2 protocol_group_id=ONT_trialEb_250925 sample_id=ONT_trail_250925 barcode=barcode22 barcode_alias=barcode22 parent_read_id=ee7e56f1-a085-4810-8db2-fda98b3a23cb basecall_model_version_id=dna_r10.4.1_e8.2_400bps_hac@v4.3.0
1521	ee7e56f1-a085-4810-8db2-fda98b3a23cb runid=0dfb5b492dc86ce99bf7c61c734eb364afcdb5c8 ch=23 start_time=2025-09-25T18:18:03.398161+00:00 flow_cell_id=AWX817 basecall_gpu=NVIDIA_Tegra_X2 protocol_group_id=ONT_trialEb_250925 sample_id=ONT_trail_250925 barcode=barcode22 barcode_alias=barcode22 parent_read_id=ee7e56f1-a085-4810-8db2-fda98b3a23cb basecall_model_version_id=dna_r10.4.1_e8.2_400bps_hac@v4.3.0
1521	45cf3689-ca3b-4307-b154-03f8ce75f620 runid=0dfb5b492dc86ce99bf7c61c734eb364afcdb5c8 ch=49 start_time=2025-09-26T03:53:26.398161+00:00 flow_cell_id=AWX817 basecall_gpu=NVIDIA_Tegra_X2 protocol_group_id=ONT_trialEb_250925 sample_id=ONT_trail_250925 barcode=barcode22 barcode_alias=barcode22 parent_read_id=45cf3689-ca3b-4307-b154-03f8ce75f620 basecall_model_version_id=dna_r10.4.1_e8.2_400bps_hac@v4.3.0 rc
1521	a78f118e-365e-47df-a60a-243cf27554a9 runid=0dfb5b492dc86ce99bf7c61c734eb364afcdb5c8 ch=106 start_time=2025-09-25T15:49:38.398161+00:00 flow_cell_id=AWX817 basecall_gpu=NVIDIA_Tegra_X2 protocol_group_id=ONT_trialEb_250925 sample_id=ONT_trail_250925 barcode=barcode23 barcode_alias=barcode23 parent_read_id=a78f118e-365e-47df-a60a-243cf27554a9 basecall_model_version_id=dna_r10.4.1_e8.2_400bps_hac@v4.3.0 rc
1521	37ef10d2-d7a4-45ea-bd9d-6c4a661b40ff runid=0dfb5b492dc86ce99bf7c61c734eb364afcdb5c8 ch=20 start_time=2025-09-25T19:48:37.398161+00:00 flow_cell_id=AWX817 basecall_gpu=NVIDIA_Tegra_X2 protocol_group_id=ONT_trialEb_250925 sample_id=ONT_trail_250925 barcode=barcode23 barcode_alias=barcode23 parent_read_id=37ef10d2-d7a4-45ea-bd9d-6c4a661b40ff basecall_model_version_id=dna_r10.4.1_e8.2_400bps_hac@v4.3.0 rc
1521	5ae84fe8-6419-4394-9419-f578186dec3c runid=0dfb5b492dc86ce99bf7c61c734eb364afcdb5c8 ch=44 start_time=2025-09-26T05:09:08.398161+00:00 flow_cell_id=AWX817 basecall_gpu=NVIDIA_Tegra_X2 protocol_group_id=ONT_trialEb_250925 sample_id=ONT_trail_250925 barcode=barcode24 barcode_alias=barcode24 parent_read_id=5ae84fe8-6419-4394-9419-f578186dec3c basecall_model_version_id=dna_r10.4.1_e8.2_400bps_hac@v4.3.0 rc
1521	b5fbcb49-a319-4473-bbbc-f56e83ce6ef0 runid=0dfb5b492dc86ce99bf7c61c734eb364afcdb5c8 ch=79 start_time=2025-09-25T17:43:19.398161+00:00 flow_cell_id=AWX817 basecall_gpu=NVIDIA_Tegra_X2 protocol_group_id=ONT_trialEb_250925 sample_id=ONT_trail_250925 barcode=barcode24 barcode_alias=barcode24 parent_read_id=b5fbcb49-a319-4473-bbbc-f56e83ce6ef0 basecall_model_version_id=dna_r10.4.1_e8.2_400bps_hac@v4.3.0
1521	f4f39690-4b42-4341-abe0-6a702ae1140c runid=0dfb5b492dc86ce99bf7c61c734eb364afcdb5c8 ch=4 start_time=2025-09-25T23:42:22.398161+00:00 flow_cell_id=AWX817 basecall_gpu=NVIDIA_Tegra_X2 protocol_group_id=ONT_trialEb_250925 sample_id=ONT_trail_250925 barcode=barcode22 barcode_alias=barcode22 parent_read_id=f4f39690-4b42-4341-abe0-6a702ae1140c basecall_model_version_id=dna_r10.4.1_e8.2_400bps_hac@v4.3.0
1521	34f2d159-3405-4af6-b06c-be58bb59aae9 runid=0dfb5b492dc86ce99bf7c61c734eb364afcdb5c8 ch=73 start_time=2025-09-25T18:18:10.398161+00:00 flow_cell_id=AWX817 basecall_gpu=NVIDIA_Tegra_X2 protocol_group_id=ONT_trialEb_250925 sample_id=ONT_trail_250925 barcode=barcode24 barcode_alias=barcode24 parent_read_id=34f2d159-3405-4af6-b06c-be58bb59aae9 basecall_model_version_id=dna_r10.4.1_e8.2_400bps_hac@v4.3.0
1521	fc7afbd6-374f-4efb-8b0d-014d6ec4f9af runid=0dfb5b492dc86ce99bf7c61c734eb364afcdb5c8 ch=40 start_time=2025-09-25T20:15:23.398161+00:00 flow_cell_id=AWX817 basecall_gpu=NVIDIA_Tegra_X2 protocol_group_id=ONT_trialEb_250925 sample_id=ONT_trail_250925 barcode=barcode24 barcode_alias=barcode24 parent_read_id=fc7afbd6-374f-4efb-8b0d-014d6ec4f9af basecall_model_version_id=dna_r10.4.1_e8.2_400bps_hac@v4.3.0 rc
1521	ff023237-a63c-4d3b-b0e9-5a3959eb1ec1 runid=0dfb5b492dc86ce99bf7c61c734eb364afcdb5c8 ch=41 start_time=2025-09-25T23:16:18.398161+00:00 flow_cell_id=AWX817 basecall_gpu=NVIDIA_Tegra_X2 protocol_group_id=ONT_trialEb_250925 sample_id=ONT_trail_250925 barcode=barcode24 barcode_alias=barcode24 parent_read_id=ff023237-a63c-4d3b-b0e9-5a3959eb1ec1 basecall_model_version_id=dna_r10.4.1_e8.2_400bps_hac@v4.3.0
1521	2b75c68f-2658-49c0-acd7-5c80cc0686ad runid=0dfb5b492dc86ce99bf7c61c734eb364afcdb5c8 ch=40 start_time=2025-09-25T18:46:20.398161+00:00 flow_cell_id=AWX817 basecall_gpu=NVIDIA_Tegra_X2 protocol_group_id=ONT_trialEb_250925 sample_id=ONT_trail_250925 barcode=barcode22 barcode_alias=barcode22 parent_read_id=2b75c68f-2658-49c0-acd7-5c80cc0686ad basecall_model_version_id=dna_r10.4.1_e8.2_400bps_hac@v4.3.0
1521	2b75c68f-2658-49c0-acd7-5c80cc0686ad runid=0dfb5b492dc86ce99bf7c61c734eb364afcdb5c8 ch=40 start_time=2025-09-25T18:46:20.398161+00:00 flow_cell_id=AWX817 basecall_gpu=NVIDIA_Tegra_X2 protocol_group_id=ONT_trialEb_250925 sample_id=ONT_trail_250925 barcode=barcode22 barcode_alias=barcode22 parent_read_id=2b75c68f-2658-49c0-acd7-5c80cc0686ad basecall_model_version_id=dna_r10.4.1_e8.2_400bps_hac@v4.3.0
1521	154deb1b-99c2-49b3-84a8-f65bec66bf71 runid=0dfb5b492dc86ce99bf7c61c734eb364afcdb5c8 ch=6 start_time=2025-09-25T18:55:04.398161+00:00 flow_cell_id=AWX817 basecall_gpu=NVIDIA_Tegra_X2 protocol_group_id=ONT_trialEb_250925 sample_id=ONT_trail_250925 barcode=barcode24 barcode_alias=barcode24 parent_read_id=154deb1b-99c2-49b3-84a8-f65bec66bf71 basecall_model_version_id=dna_r10.4.1_e8.2_400bps_hac@v4.3.0
1521	933e83c5-897c-46b7-943a-d53ea5017429 runid=0dfb5b492dc86ce99bf7c61c734eb364afcdb5c8 ch=49 start_time=2025-09-26T05:17:16.398161+00:00 flow_cell_id=AWX817 basecall_gpu=NVIDIA_Tegra_X2 protocol_group_id=ONT_trialEb_250925 sample_id=ONT_trail_250925 barcode=barcode24 barcode_alias=barcode24 parent_read_id=933e83c5-897c-46b7-943a-d53ea5017429 basecall_model_version_id=dna_r10.4.1_e8.2_400bps_hac@v4.3.0 rc
1521	087ec18f-f5b4-4a76-b73c-acc1ea90da8a runid=0dfb5b492dc86ce99bf7c61c734eb364afcdb5c8 ch=118 start_time=2025-09-25T18:26:08.398161+00:00 flow_cell_id=AWX817 basecall_gpu=NVIDIA_Tegra_X2 protocol_group_id=ONT_trialEb_250925 sample_id=ONT_trail_250925 barcode=barcode22 barcode_alias=barcode22 parent_read_id=087ec18f-f5b4-4a76-b73c-acc1ea90da8a basecall_model_version_id=dna_r10.4.1_e8.2_400bps_hac@v4.3.0
1521	61a9701a-7da9-440c-a870-ff46b05e92b4 runid=0dfb5b492dc86ce99bf7c61c734eb364afcdb5c8 ch=20 start_time=2025-09-25T19:15:06.398161+00:00 flow_cell_id=AWX817 basecall_gpu=NVIDIA_Tegra_X2 protocol_group_id=ONT_trialEb_250925 sample_id=ONT_trail_250925 barcode=barcode22 barcode_alias=barcode22 parent_read_id=61a9701a-7da9-440c-a870-ff46b05e92b4 basecall_model_version_id=dna_r10.4.1_e8.2_400bps_hac@v4.3.0
1521	e7ca4d16-b8bd-48a1-8fc8-f1e768154be2 runid=0dfb5b492dc86ce99bf7c61c734eb364afcdb5c8 ch=91 start_time=2025-09-25T17:59:39.398161+00:00 flow_cell_id=AWX817 basecall_gpu=NVIDIA_Tegra_X2 protocol_group_id=ONT_trialEb_250925 sample_id=ONT_trail_250925 barcode=barcode22 barcode_alias=barcode22 parent_read_id=e7ca4d16-b8bd-48a1-8fc8-f1e768154be2 basecall_model_version_id=dna_r10.4.1_e8.2_400bps_hac@v4.3.0 rc
1521	12218e77-f8df-49df-94e0-6e0f3d8e9cc4 runid=0dfb5b492dc86ce99bf7c61c734eb364afcdb5c8 ch=43 start_time=2025-09-25T18:26:33.398161+00:00 flow_cell_id=AWX817 basecall_gpu=NVIDIA_Tegra_X2 protocol_group_id=ONT_trialEb_250925 sample_id=ONT_trail_250925 barcode=barcode23 barcode_alias=barcode23 parent_read_id=12218e77-f8df-49df-94e0-6e0f3d8e9cc4 basecall_model_version_id=dna_r10.4.1_e8.2_400bps_hac@v4.3.0
1521	cc4657cf-9494-4708-a177-1611df0dc9e6 runid=0dfb5b492dc86ce99bf7c61c734eb364afcdb5c8 ch=77 start_time=2025-09-26T00:38:50.398161+00:00 flow_cell_id=AWX817 basecall_gpu=NVIDIA_Tegra_X2 protocol_group_id=ONT_trialEb_250925 sample_id=ONT_trail_250925 barcode=barcode22 barcode_alias=barcode22 parent_read_id=cc4657cf-9494-4708-a177-1611df0dc9e6 basecall_model_version_id=dna_r10.4.1_e8.2_400bps_hac@v4.3.0 rc
1521	4e236bf7-4550-4813-90c3-d0496a99cf9c runid=0dfb5b492dc86ce99bf7c61c734eb364afcdb5c8 ch=39 start_time=2025-09-25T17:31:51.398161+00:00 flow_cell_id=AWX817 basecall_gpu=NVIDIA_Tegra_X2 protocol_group_id=ONT_trialEb_250925 sample_id=ONT_trail_250925 barcode=barcode22 barcode_alias=barcode22 parent_read_id=4e236bf7-4550-4813-90c3-d0496a99cf9c basecall_model_version_id=dna_r10.4.1_e8.2_400bps_hac@v4.3.0
1521	3d275d0e-c808-4d3b-ae19-65f756deb31c runid=0dfb5b492dc86ce99bf7c61c734eb364afcdb5c8 ch=43 start_time=2025-09-25T19:05:22.398161+00:00 flow_cell_id=AWX817 basecall_gpu=NVIDIA_Tegra_X2 protocol_group_id=ONT_trialEb_250925 sample_id=ONT_trail_250925 barcode=barcode22 barcode_alias=barcode22 parent_read_id=3d275d0e-c808-4d3b-ae19-65f756deb31c basecall_model_version_id=dna_r10.4.1_e8.2_400bps_hac@v4.3.0
1521	b0f24a4b-3f74-4849-b4de-f5a5c16f4564 runid=0dfb5b492dc86ce99bf7c61c734eb364afcdb5c8 ch=91 start_time=2025-09-25T18:08:45.398161+00:00 flow_cell_id=AWX817 basecall_gpu=NVIDIA_Tegra_X2 protocol_group_id=ONT_trialEb_250925 sample_id=ONT_trail_250925 barcode=barcode24 barcode_alias=barcode24 parent_read_id=b0f24a4b-3f74-4849-b4de-f5a5c16f4564 basecall_model_version_id=dna_r10.4.1_e8.2_400bps_hac@v4.3.0
1521	e28ccb40-a3aa-42aa-940f-501bfac93167 runid=0dfb5b492dc86ce99bf7c61c734eb364afcdb5c8 ch=110 start_time=2025-09-25T20:37:48.398161+00:00 flow_cell_id=AWX817 basecall_gpu=NVIDIA_Tegra_X2 protocol_group_id=ONT_trialEb_250925 sample_id=ONT_trail_250925 barcode=barcode22 barcode_alias=barcode22 parent_read_id=e28ccb40-a3aa-42aa-940f-501bfac93167 basecall_model_version_id=dna_r10.4.1_e8.2_400bps_hac@v4.3.0
1521	e28ccb40-a3aa-42aa-940f-501bfac93167 runid=0dfb5b492dc86ce99bf7c61c734eb364afcdb5c8 ch=110 start_time=2025-09-25T20:37:48.398161+00:00 flow_cell_id=AWX817 basecall_gpu=NVIDIA_Tegra_X2 protocol_group_id=ONT_trialEb_250925 sample_id=ONT_trail_250925 barcode=barcode22 barcode_alias=barcode22 parent_read_id=e28ccb40-a3aa-42aa-940f-501bfac93167 basecall_model_version_id=dna_r10.4.1_e8.2_400bps_hac@v4.3.0
1521	546cc464-28c2-4dca-bf58-357290e1cfd3 runid=0dfb5b492dc86ce99bf7c61c734eb364afcdb5c8 ch=85 start_time=2025-09-25T19:43:56.398161+00:00 flow_cell_id=AWX817 basecall_gpu=NVIDIA_Tegra_X2 protocol_group_id=ONT_trialEb_250925 sample_id=ONT_trail_250925 barcode=barcode24 barcode_alias=barcode24 parent_read_id=546cc464-28c2-4dca-bf58-357290e1cfd3 basecall_model_version_id=dna_r10.4.1_e8.2_400bps_hac@v4.3.0 rc
1521	1d794c7b-3114-42c5-9375-db5287cbe684 runid=0dfb5b492dc86ce99bf7c61c734eb364afcdb5c8 ch=20 start_time=2025-09-26T10:55:11.398161+00:00 flow_cell_id=AWX817 basecall_gpu=NVIDIA_Tegra_X2 protocol_group_id=ONT_trialEb_250925 sample_id=ONT_trail_250925 barcode=barcode22 barcode_alias=barcode22 parent_read_id=1d794c7b-3114-42c5-9375-db5287cbe684 basecall_model_version_id=dna_r10.4.1_e8.2_400bps_hac@v4.3.0 rc
1521	14acf341-2b46-409c-9692-941abe53b864 runid=0dfb5b492dc86ce99bf7c61c734eb364afcdb5c8 ch=49 start_time=2025-09-26T03:35:24.398161+00:00 flow_cell_id=AWX817 basecall_gpu=NVIDIA_Tegra_X2 protocol_group_id=ONT_trialEb_250925 sample_id=ONT_trail_250925 barcode=barcode22 barcode_alias=barcode22 parent_read_id=14acf341-2b46-409c-9692-941abe53b864 basecall_model_version_id=dna_r10.4.1_e8.2_400bps_hac@v4.3.0
1521	35cf7e08-d090-447f-bd88-c15d7c107f99 runid=0dfb5b492dc86ce99bf7c61c734eb364afcdb5c8 ch=40 start_time=2025-09-25T16:33:04.398161+00:00 flow_cell_id=AWX817 basecall_gpu=NVIDIA_Tegra_X2 protocol_group_id=ONT_trialEb_250925 sample_id=ONT_trail_250925 barcode=barcode22 barcode_alias=barcode22 parent_read_id=35cf7e08-d090-447f-bd88-c15d7c107f99 basecall_model_version_id=dna_r10.4.1_e8.2_400bps_hac@v4.3.0
1521	ebdfc8f6-4433-4e76-a87b-fefb2fb5f0ea runid=0dfb5b492dc86ce99bf7c61c734eb364afcdb5c8 ch=4 start_time=2025-09-25T22:13:04.398161+00:00 flow_cell_id=AWX817 basecall_gpu=NVIDIA_Tegra_X2 protocol_group_id=ONT_trialEb_250925 sample_id=ONT_trail_250925 barcode=barcode23 barcode_alias=barcode23 parent_read_id=ebdfc8f6-4433-4e76-a87b-fefb2fb5f0ea basecall_model_version_id=dna_r10.4.1_e8.2_400bps_hac@v4.3.0 rc
1521	e8bde329-4a06-4fb5-81d3-ae3ebcbd544c runid=0dfb5b492dc86ce99bf7c61c734eb364afcdb5c8 ch=41 start_time=2025-09-25T23:26:39.398161+00:00 flow_cell_id=AWX817 basecall_gpu=NVIDIA_Tegra_X2 protocol_group_id=ONT_trialEb_250925 sample_id=ONT_trail_250925 barcode=barcode15 barcode_alias=barcode15 parent_read_id=e8bde329-4a06-4fb5-81d3-ae3ebcbd544c basecall_model_version_id=dna_r10.4.1_e8.2_400bps_hac@v4.3.0
1521	a574f43e-b346-45d9-b3fa-7751eaee3b9e runid=0dfb5b492dc86ce99bf7c61c734eb364afcdb5c8 ch=40 start_time=2025-09-25T17:37:00.398161+00:00 flow_cell_id=AWX817 basecall_gpu=NVIDIA_Tegra_X2 protocol_group_id=ONT_trialEb_250925 sample_id=ONT_trail_250925 barcode=barcode22 barcode_alias=barcode22 parent_read_id=a574f43e-b346-45d9-b3fa-7751eaee3b9e basecall_model_version_id=dna_r10.4.1_e8.2_400bps_hac@v4.3.0
1521	a1c79d41-778c-41a5-8958-64cb6641e50d runid=0dfb5b492dc86ce99bf7c61c734eb364afcdb5c8 ch=85 start_time=2025-09-26T03:15:16.398161+00:00 flow_cell_id=AWX817 basecall_gpu=NVIDIA_Tegra_X2 protocol_group_id=ONT_trialEb_250925 sample_id=ONT_trail_250925 barcode=barcode24 barcode_alias=barcode24 parent_read_id=a1c79d41-778c-41a5-8958-64cb6641e50d basecall_model_version_id=dna_r10.4.1_e8.2_400bps_hac@v4.3.0 rc
1521	b280aded-2bea-4d63-9181-08842e642d33 runid=0dfb5b492dc86ce99bf7c61c734eb364afcdb5c8 ch=44 start_time=2025-09-26T05:00:09.398161+00:00 flow_cell_id=AWX817 basecall_gpu=NVIDIA_Tegra_X2 protocol_group_id=ONT_trialEb_250925 sample_id=ONT_trail_250925 barcode=barcode22 barcode_alias=barcode22 parent_read_id=b280aded-2bea-4d63-9181-08842e642d33 basecall_model_version_id=dna_r10.4.1_e8.2_400bps_hac@v4.3.0 rc
1521	2ccf2cd4-7c1f-4496-8695-d18b3e56813c runid=0dfb5b492dc86ce99bf7c61c734eb364afcdb5c8 ch=10 start_time=2025-09-25T19:56:38.398161+00:00 flow_cell_id=AWX817 basecall_gpu=NVIDIA_Tegra_X2 protocol_group_id=ONT_trialEb_250925 sample_id=ONT_trail_250925 barcode=barcode22 barcode_alias=barcode22 parent_read_id=2ccf2cd4-7c1f-4496-8695-d18b3e56813c basecall_model_version_id=dna_r10.4.1_e8.2_400bps_hac@v4.3.0
1521	1daa7580-93b5-4ffc-aa43-f232b1fce36a runid=0dfb5b492dc86ce99bf7c61c734eb364afcdb5c8 ch=81 start_time=2025-09-25T22:08:20.398161+00:00 flow_cell_id=AWX817 basecall_gpu=NVIDIA_Tegra_X2 protocol_group_id=ONT_trialEb_250925 sample_id=ONT_trail_250925 barcode=barcode22 barcode_alias=barcode22 parent_read_id=1daa7580-93b5-4ffc-aa43-f232b1fce36a basecall_model_version_id=dna_r10.4.1_e8.2_400bps_hac@v4.3.0
1521	e0ea6661-ba05-4554-8b21-c069d55511e2 runid=0dfb5b492dc86ce99bf7c61c734eb364afcdb5c8 ch=73 start_time=2025-09-25T18:13:14.398161+00:00 flow_cell_id=AWX817 basecall_gpu=NVIDIA_Tegra_X2 protocol_group_id=ONT_trialEb_250925 sample_id=ONT_trail_250925 barcode=barcode22 barcode_alias=barcode22 parent_read_id=e0ea6661-ba05-4554-8b21-c069d55511e2 basecall_model_version_id=dna_r10.4.1_e8.2_400bps_hac@v4.3.0 rc
1521	7a34aaef-5b84-45d7-aa15-ca5edfa164db runid=0dfb5b492dc86ce99bf7c61c734eb364afcdb5c8 ch=39 start_time=2025-09-25T19:32:30.398161+00:00 flow_cell_id=AWX817 basecall_gpu=NVIDIA_Tegra_X2 protocol_group_id=ONT_trialEb_250925 sample_id=ONT_trail_250925 barcode=barcode24 barcode_alias=barcode24 parent_read_id=7a34aaef-5b84-45d7-aa15-ca5edfa164db basecall_model_version_id=dna_r10.4.1_e8.2_400bps_hac@v4.3.0
1521	33115ad8-cfc8-44d5-8e2e-83fd9ecbaf11 runid=0dfb5b492dc86ce99bf7c61c734eb364afcdb5c8 ch=110 start_time=2025-09-25T17:54:49.398161+00:00 flow_cell_id=AWX817 basecall_gpu=NVIDIA_Tegra_X2 protocol_group_id=ONT_trialEb_250925 sample_id=ONT_trail_250925 barcode=barcode22 barcode_alias=barcode22 parent_read_id=33115ad8-cfc8-44d5-8e2e-83fd9ecbaf11 basecall_model_version_id=dna_r10.4.1_e8.2_400bps_hac@v4.3.0
1521	fcd161c9-1cc2-4edd-8d63-7dd973bc1105 runid=0dfb5b492dc86ce99bf7c61c734eb364afcdb5c8 ch=20 start_time=2025-09-26T08:26:49.398161+00:00 flow_cell_id=AWX817 basecall_gpu=NVIDIA_Tegra_X2 protocol_group_id=ONT_trialEb_250925 sample_id=ONT_trail_250925 barcode=barcode22 barcode_alias=barcode22 parent_read_id=fcd161c9-1cc2-4edd-8d63-7dd973bc1105 basecall_model_version_id=dna_r10.4.1_e8.2_400bps_hac@v4.3.0
1521	fcd161c9-1cc2-4edd-8d63-7dd973bc1105 runid=0dfb5b492dc86ce99bf7c61c734eb364afcdb5c8 ch=20 start_time=2025-09-26T08:26:49.398161+00:00 flow_cell_id=AWX817 basecall_gpu=NVIDIA_Tegra_X2 protocol_group_id=ONT_trialEb_250925 sample_id=ONT_trail_250925 barcode=barcode22 barcode_alias=barcode22 parent_read_id=fcd161c9-1cc2-4edd-8d63-7dd973bc1105 basecall_model_version_id=dna_r10.4.1_e8.2_400bps_hac@v4.3.0
1521	ab3f3080-d9f3-4a1b-8e24-c13d4a3929ce runid=0dfb5b492dc86ce99bf7c61c734eb364afcdb5c8 ch=44 start_time=2025-09-26T03:29:54.398161+00:00 flow_cell_id=AWX817 basecall_gpu=NVIDIA_Tegra_X2 protocol_group_id=ONT_trialEb_250925 sample_id=ONT_trail_250925 barcode=barcode22 barcode_alias=barcode22 parent_read_id=ab3f3080-d9f3-4a1b-8e24-c13d4a3929ce basecall_model_version_id=dna_r10.4.1_e8.2_400bps_hac@v4.3.0 rc
1521	ab3f3080-d9f3-4a1b-8e24-c13d4a3929ce runid=0dfb5b492dc86ce99bf7c61c734eb364afcdb5c8 ch=44 start_time=2025-09-26T03:29:54.398161+00:00 flow_cell_id=AWX817 basecall_gpu=NVIDIA_Tegra_X2 protocol_group_id=ONT_trialEb_250925 sample_id=ONT_trail_250925 barcode=barcode22 barcode_alias=barcode22 parent_read_id=ab3f3080-d9f3-4a1b-8e24-c13d4a3929ce basecall_model_version_id=dna_r10.4.1_e8.2_400bps_hac@v4.3.0 rc
1521	19e84391-686f-4028-92b5-68c97dc33741 runid=0dfb5b492dc86ce99bf7c61c734eb364afcdb5c8 ch=20 start_time=2025-09-25T19:31:04.398161+00:00 flow_cell_id=AWX817 basecall_gpu=NVIDIA_Tegra_X2 protocol_group_id=ONT_trialEb_250925 sample_id=ONT_trail_250925 barcode=barcode22 barcode_alias=barcode22 parent_read_id=19e84391-686f-4028-92b5-68c97dc33741 basecall_model_version_id=dna_r10.4.1_e8.2_400bps_hac@v4.3.0
1521	57a40e3d-e908-46cd-928a-b26c8eb1bd39 runid=0dfb5b492dc86ce99bf7c61c734eb364afcdb5c8 ch=58 start_time=2025-09-25T20:15:32.398161+00:00 flow_cell_id=AWX817 basecall_gpu=NVIDIA_Tegra_X2 protocol_group_id=ONT_trialEb_250925 sample_id=ONT_trail_250925 barcode=barcode24 barcode_alias=barcode24 parent_read_id=57a40e3d-e908-46cd-928a-b26c8eb1bd39 basecall_model_version_id=dna_r10.4.1_e8.2_400bps_hac@v4.3.0
1521	157b7516-2e59-47e1-9966-c038ebdca59d runid=0dfb5b492dc86ce99bf7c61c734eb364afcdb5c8 ch=41 start_time=2025-09-25T23:08:25.398161+00:00 flow_cell_id=AWX817 basecall_gpu=NVIDIA_Tegra_X2 protocol_group_id=ONT_trialEb_250925 sample_id=ONT_trail_250925 barcode=barcode23 barcode_alias=barcode23 parent_read_id=157b7516-2e59-47e1-9966-c038ebdca59d basecall_model_version_id=dna_r10.4.1_e8.2_400bps_hac@v4.3.0
1521	1140e2ec-5c11-47a0-8619-7459d00f8995 runid=0dfb5b492dc86ce99bf7c61c734eb364afcdb5c8 ch=39 start_time=2025-09-26T04:22:43.398161+00:00 flow_cell_id=AWX817 basecall_gpu=NVIDIA_Tegra_X2 protocol_group_id=ONT_trialEb_250925 sample_id=ONT_trail_250925 barcode=barcode24 barcode_alias=barcode24 parent_read_id=1140e2ec-5c11-47a0-8619-7459d00f8995 basecall_model_version_id=dna_r10.4.1_e8.2_400bps_hac@v4.3.0
1521	80972206-2310-4da0-86b2-01e92a5551a6 runid=0dfb5b492dc86ce99bf7c61c734eb364afcdb5c8 ch=15 start_time=2025-09-25T18:03:47.398161+00:00 flow_cell_id=AWX817 basecall_gpu=NVIDIA_Tegra_X2 protocol_group_id=ONT_trialEb_250925 sample_id=ONT_trail_250925 barcode=barcode22 barcode_alias=barcode22 parent_read_id=80972206-2310-4da0-86b2-01e92a5551a6 basecall_model_version_id=dna_r10.4.1_e8.2_400bps_hac@v4.3.0 rc
1521	8f182256-f931-4dba-8b74-33f3516cc85b runid=0dfb5b492dc86ce99bf7c61c734eb364afcdb5c8 ch=23 start_time=2025-09-25T18:18:46.398161+00:00 flow_cell_id=AWX817 basecall_gpu=NVIDIA_Tegra_X2 protocol_group_id=ONT_trialEb_250925 sample_id=ONT_trail_250925 barcode=barcode24 barcode_alias=barcode24 parent_read_id=8f182256-f931-4dba-8b74-33f3516cc85b basecall_model_version_id=dna_r10.4.1_e8.2_400bps_hac@v4.3.0
1521	27a651ac-38a9-4efc-b0a0-3609a775095b runid=0dfb5b492dc86ce99bf7c61c734eb364afcdb5c8 ch=77 start_time=2025-09-25T17:02:52.398161+00:00 flow_cell_id=AWX817 basecall_gpu=NVIDIA_Tegra_X2 protocol_group_id=ONT_trialEb_250925 sample_id=ONT_trail_250925 barcode=barcode24 barcode_alias=barcode24 parent_read_id=27a651ac-38a9-4efc-b0a0-3609a775095b basecall_model_version_id=dna_r10.4.1_e8.2_400bps_hac@v4.3.0
1521	ba8766f5-30ed-4e2f-865c-daab2db5c875 runid=0dfb5b492dc86ce99bf7c61c734eb364afcdb5c8 ch=39 start_time=2025-09-26T11:11:45.398161+00:00 flow_cell_id=AWX817 basecall_gpu=NVIDIA_Tegra_X2 protocol_group_id=ONT_trialEb_250925 sample_id=ONT_trail_250925 barcode=barcode22 barcode_alias=barcode22 parent_read_id=ba8766f5-30ed-4e2f-865c-daab2db5c875 basecall_model_version_id=dna_r10.4.1_e8.2_400bps_hac@v4.3.0
1521	18aea586-b655-4a63-ae55-733f2ca6cb2b runid=0dfb5b492dc86ce99bf7c61c734eb364afcdb5c8 ch=118 start_time=2025-09-25T23:13:50.398161+00:00 flow_cell_id=AWX817 basecall_gpu=NVIDIA_Tegra_X2 protocol_group_id=ONT_trialEb_250925 sample_id=ONT_trail_250925 barcode=barcode23 barcode_alias=barcode23 parent_read_id=18aea586-b655-4a63-ae55-733f2ca6cb2b basecall_model_version_id=dna_r10.4.1_e8.2_400bps_hac@v4.3.0
1521	26c1435e-8b47-4bd7-ab17-a4110ab6b9af runid=0dfb5b492dc86ce99bf7c61c734eb364afcdb5c8 ch=92 start_time=2025-09-25T19:44:10.398161+00:00 flow_cell_id=AWX817 basecall_gpu=NVIDIA_Tegra_X2 protocol_group_id=ONT_trialEb_250925 sample_id=ONT_trail_250925 barcode=barcode22 barcode_alias=barcode22 parent_read_id=26c1435e-8b47-4bd7-ab17-a4110ab6b9af basecall_model_version_id=dna_r10.4.1_e8.2_400bps_hac@v4.3.0
1521	e1b3ef0e-009d-4496-baa7-7832bba15188 runid=0dfb5b492dc86ce99bf7c61c734eb364afcdb5c8 ch=85 start_time=2025-09-25T18:58:00.398161+00:00 flow_cell_id=AWX817 basecall_gpu=NVIDIA_Tegra_X2 protocol_group_id=ONT_trialEb_250925 sample_id=ONT_trail_250925 barcode=barcode22 barcode_alias=barcode22 parent_read_id=e1b3ef0e-009d-4496-baa7-7832bba15188 basecall_model_version_id=dna_r10.4.1_e8.2_400bps_hac@v4.3.0
1521	cb10e138-5ff6-418a-8c4e-205efc3786fb runid=0dfb5b492dc86ce99bf7c61c734eb364afcdb5c8 ch=92 start_time=2025-09-25T22:49:53.398161+00:00 flow_cell_id=AWX817 basecall_gpu=NVIDIA_Tegra_X2 protocol_group_id=ONT_trialEb_250925 sample_id=ONT_trail_250925 barcode=barcode23 barcode_alias=barcode23 parent_read_id=cb10e138-5ff6-418a-8c4e-205efc3786fb basecall_model_version_id=dna_r10.4.1_e8.2_400bps_hac@v4.3.0
1521	d9c51134-7f74-4f13-899e-578d33eccc16 runid=0dfb5b492dc86ce99bf7c61c734eb364afcdb5c8 ch=41 start_time=2025-09-26T00:43:38.398161+00:00 flow_cell_id=AWX817 basecall_gpu=NVIDIA_Tegra_X2 protocol_group_id=ONT_trialEb_250925 sample_id=ONT_trail_250925 barcode=barcode22 barcode_alias=barcode22 parent_read_id=d9c51134-7f74-4f13-899e-578d33eccc16 basecall_model_version_id=dna_r10.4.1_e8.2_400bps_hac@v4.3.0
1521	9ac72665-6106-4e6d-9041-66a619463ff4 runid=0dfb5b492dc86ce99bf7c61c734eb364afcdb5c8 ch=77 start_time=2025-09-25T19:38:19.398161+00:00 flow_cell_id=AWX817 basecall_gpu=NVIDIA_Tegra_X2 protocol_group_id=ONT_trialEb_250925 sample_id=ONT_trail_250925 barcode=barcode22 barcode_alias=barcode22 parent_read_id=9ac72665-6106-4e6d-9041-66a619463ff4 basecall_model_version_id=dna_r10.4.1_e8.2_400bps_hac@v4.3.0
1521	9067a52a-9dc8-4267-89c1-9db4b25b70f1 runid=0dfb5b492dc86ce99bf7c61c734eb364afcdb5c8 ch=5 start_time=2025-09-25T21:48:02.398161+00:00 flow_cell_id=AWX817 basecall_gpu=NVIDIA_Tegra_X2 protocol_group_id=ONT_trialEb_250925 sample_id=ONT_trail_250925 barcode=barcode22 barcode_alias=barcode22 parent_read_id=9067a52a-9dc8-4267-89c1-9db4b25b70f1 basecall_model_version_id=dna_r10.4.1_e8.2_400bps_hac@v4.3.0
1521	7a87b19b-9bf1-49c7-ab7b-84577571d07d runid=0dfb5b492dc86ce99bf7c61c734eb364afcdb5c8 ch=20 start_time=2025-09-26T03:24:37.398161+00:00 flow_cell_id=AWX817 basecall_gpu=NVIDIA_Tegra_X2 protocol_group_id=ONT_trialEb_250925 sample_id=ONT_trail_250925 barcode=barcode24 barcode_alias=barcode24 parent_read_id=7a87b19b-9bf1-49c7-ab7b-84577571d07d basecall_model_version_id=dna_r10.4.1_e8.2_400bps_hac@v4.3.0
1521	e5dbc320-6fe7-4d0e-8f02-035d22d05924 runid=0dfb5b492dc86ce99bf7c61c734eb364afcdb5c8 ch=15 start_time=2025-09-25T18:38:20.398161+00:00 flow_cell_id=AWX817 basecall_gpu=NVIDIA_Tegra_X2 protocol_group_id=ONT_trialEb_250925 sample_id=ONT_trail_250925 barcode=barcode22 barcode_alias=barcode22 parent_read_id=e5dbc320-6fe7-4d0e-8f02-035d22d05924 basecall_model_version_id=dna_r10.4.1_e8.2_400bps_hac@v4.3.0
1521	e5dbc320-6fe7-4d0e-8f02-035d22d05924 runid=0dfb5b492dc86ce99bf7c61c734eb364afcdb5c8 ch=15 start_time=2025-09-25T18:38:20.398161+00:00 flow_cell_id=AWX817 basecall_gpu=NVIDIA_Tegra_X2 protocol_group_id=ONT_trialEb_250925 sample_id=ONT_trail_250925 barcode=barcode22 barcode_alias=barcode22 parent_read_id=e5dbc320-6fe7-4d0e-8f02-035d22d05924 basecall_model_version_id=dna_r10.4.1_e8.2_400bps_hac@v4.3.0
1521	cf713b4b-7053-4717-8f0b-0be3739364c4 runid=0dfb5b492dc86ce99bf7c61c734eb364afcdb5c8 ch=92 start_time=2025-09-25T19:02:28.398161+00:00 flow_cell_id=AWX817 basecall_gpu=NVIDIA_Tegra_X2 protocol_group_id=ONT_trialEb_250925 sample_id=ONT_trail_250925 barcode=barcode22 barcode_alias=barcode22 parent_read_id=cf713b4b-7053-4717-8f0b-0be3739364c4 basecall_model_version_id=dna_r10.4.1_e8.2_400bps_hac@v4.3.0 rc
1521	ab2b45a8-1268-4693-8a80-cfe7915f79d7 runid=0dfb5b492dc86ce99bf7c61c734eb364afcdb5c8 ch=5 start_time=2025-09-25T16:28:24.398161+00:00 flow_cell_id=AWX817 basecall_gpu=NVIDIA_Tegra_X2 protocol_group_id=ONT_trialEb_250925 sample_id=ONT_trail_250925 barcode=barcode23 barcode_alias=barcode23 parent_read_id=ab2b45a8-1268-4693-8a80-cfe7915f79d7 basecall_model_version_id=dna_r10.4.1_e8.2_400bps_hac@v4.3.0
1521	1ccf8885-9009-4b74-a378-58cf52c54e07 runid=0dfb5b492dc86ce99bf7c61c734eb364afcdb5c8 ch=106 start_time=2025-09-25T16:55:01.398161+00:00 flow_cell_id=AWX817 basecall_gpu=NVIDIA_Tegra_X2 protocol_group_id=ONT_trialEb_250925 sample_id=ONT_trail_250925 barcode=barcode22 barcode_alias=barcode22 parent_read_id=1ccf8885-9009-4b74-a378-58cf52c54e07 basecall_model_version_id=dna_r10.4.1_e8.2_400bps_hac@v4.3.0 rc
1521	01a098c8-e110-4426-91bf-4eea5ebf114c runid=0dfb5b492dc86ce99bf7c61c734eb364afcdb5c8 ch=85 start_time=2025-09-25T16:35:18.398161+00:00 flow_cell_id=AWX817 basecall_gpu=NVIDIA_Tegra_X2 protocol_group_id=ONT_trialEb_250925 sample_id=ONT_trail_250925 barcode=barcode22 barcode_alias=barcode22 parent_read_id=01a098c8-e110-4426-91bf-4eea5ebf114c basecall_model_version_id=dna_r10.4.1_e8.2_400bps_hac@v4.3.0 rc
1521	3587c343-8a02-4f08-81c2-532f8bb5ef80 runid=0dfb5b492dc86ce99bf7c61c734eb364afcdb5c8 ch=93 start_time=2025-09-25T18:15:17.398161+00:00 flow_cell_id=AWX817 basecall_gpu=NVIDIA_Tegra_X2 protocol_group_id=ONT_trialEb_250925 sample_id=ONT_trail_250925 barcode=barcode23 barcode_alias=barcode23 parent_read_id=3587c343-8a02-4f08-81c2-532f8bb5ef80 basecall_model_version_id=dna_r10.4.1_e8.2_400bps_hac@v4.3.0 rc
1521	24db8c02-ebe6-47fd-98b1-a59e50d78e3c runid=0dfb5b492dc86ce99bf7c61c734eb364afcdb5c8 ch=85 start_time=2025-09-25T21:46:04.398161+00:00 flow_cell_id=AWX817 basecall_gpu=NVIDIA_Tegra_X2 protocol_group_id=ONT_trialEb_250925 sample_id=ONT_trail_250925 barcode=barcode23 barcode_alias=barcode23 parent_read_id=24db8c02-ebe6-47fd-98b1-a59e50d78e3c basecall_model_version_id=dna_r10.4.1_e8.2_400bps_hac@v4.3.0
1521	a9989d7a-32a0-45cf-97be-a64e5953d49b runid=0dfb5b492dc86ce99bf7c61c734eb364afcdb5c8 ch=40 start_time=2025-09-25T16:51:41.398161+00:00 flow_cell_id=AWX817 basecall_gpu=NVIDIA_Tegra_X2 protocol_group_id=ONT_trialEb_250925 sample_id=ONT_trail_250925 barcode=barcode23 barcode_alias=barcode23 parent_read_id=a9989d7a-32a0-45cf-97be-a64e5953d49b basecall_model_version_id=dna_r10.4.1_e8.2_400bps_hac@v4.3.0
1521	48df81e4-3366-4e8d-8635-a3d502de67cc runid=0dfb5b492dc86ce99bf7c61c734eb364afcdb5c8 ch=85 start_time=2025-09-25T22:59:49.398161+00:00 flow_cell_id=AWX817 basecall_gpu=NVIDIA_Tegra_X2 protocol_group_id=ONT_trialEb_250925 sample_id=ONT_trail_250925 barcode=barcode22 barcode_alias=barcode22 parent_read_id=48df81e4-3366-4e8d-8635-a3d502de67cc basecall_model_version_id=dna_r10.4.1_e8.2_400bps_hac@v4.3.0
1521	8dd68643-c350-43fc-9faa-9a33fdf9215c runid=0dfb5b492dc86ce99bf7c61c734eb364afcdb5c8 ch=57 start_time=2025-09-25T18:11:18.398161+00:00 flow_cell_id=AWX817 basecall_gpu=NVIDIA_Tegra_X2 protocol_group_id=ONT_trialEb_250925 sample_id=ONT_trail_250925 barcode=barcode22 barcode_alias=barcode22 parent_read_id=8dd68643-c350-43fc-9faa-9a33fdf9215c basecall_model_version_id=dna_r10.4.1_e8.2_400bps_hac@v4.3.0
1521	03278a46-bd3b-4e72-9a45-04c512909376 runid=0dfb5b492dc86ce99bf7c61c734eb364afcdb5c8 ch=106 start_time=2025-09-25T19:52:48.398161+00:00 flow_cell_id=AWX817 basecall_gpu=NVIDIA_Tegra_X2 protocol_group_id=ONT_trialEb_250925 sample_id=ONT_trail_250925 barcode=barcode24 barcode_alias=barcode24 parent_read_id=03278a46-bd3b-4e72-9a45-04c512909376 basecall_model_version_id=dna_r10.4.1_e8.2_400bps_hac@v4.3.0 rc
1521	d16cfde7-2fda-4086-b2b1-67e539ce522f runid=0dfb5b492dc86ce99bf7c61c734eb364afcdb5c8 ch=41 start_time=2025-09-25T16:59:12.398161+00:00 flow_cell_id=AWX817 basecall_gpu=NVIDIA_Tegra_X2 protocol_group_id=ONT_trialEb_250925 sample_id=ONT_trail_250925 barcode=barcode22 barcode_alias=barcode22 parent_read_id=d16cfde7-2fda-4086-b2b1-67e539ce522f basecall_model_version_id=dna_r10.4.1_e8.2_400bps_hac@v4.3.0
1521	da05cad3-99ec-490d-bc07-dca4cc45283e runid=0dfb5b492dc86ce99bf7c61c734eb364afcdb5c8 ch=20 start_time=2025-09-26T03:26:41.398161+00:00 flow_cell_id=AWX817 basecall_gpu=NVIDIA_Tegra_X2 protocol_group_id=ONT_trialEb_250925 sample_id=ONT_trail_250925 barcode=barcode23 barcode_alias=barcode23 parent_read_id=da05cad3-99ec-490d-bc07-dca4cc45283e basecall_model_version_id=dna_r10.4.1_e8.2_400bps_hac@v4.3.0 rc
1521	e9d64c7d-b4c8-4fc5-b918-af0e0936cd2a runid=0dfb5b492dc86ce99bf7c61c734eb364afcdb5c8 ch=94 start_time=2025-09-25T17:47:58.398161+00:00 flow_cell_id=AWX817 basecall_gpu=NVIDIA_Tegra_X2 protocol_group_id=ONT_trialEb_250925 sample_id=ONT_trail_250925 barcode=barcode22 barcode_alias=barcode22 parent_read_id=e9d64c7d-b4c8-4fc5-b918-af0e0936cd2a basecall_model_version_id=dna_r10.4.1_e8.2_400bps_hac@v4.3.0
1521	5cf4a8ec-3e87-45bc-829b-4604b317f662 runid=0dfb5b492dc86ce99bf7c61c734eb364afcdb5c8 ch=5 start_time=2025-09-25T23:40:09.398161+00:00 flow_cell_id=AWX817 basecall_gpu=NVIDIA_Tegra_X2 protocol_group_id=ONT_trialEb_250925 sample_id=ONT_trail_250925 barcode=barcode23 barcode_alias=barcode23 parent_read_id=5cf4a8ec-3e87-45bc-829b-4604b317f662 basecall_model_version_id=dna_r10.4.1_e8.2_400bps_hac@v4.3.0
1521	132fb03d-e85c-4b94-bec8-e57b8a9fb06c runid=0dfb5b492dc86ce99bf7c61c734eb364afcdb5c8 ch=118 start_time=2025-09-26T11:02:23.398161+00:00 flow_cell_id=AWX817 basecall_gpu=NVIDIA_Tegra_X2 protocol_group_id=ONT_trialEb_250925 sample_id=ONT_trail_250925 barcode=barcode23 barcode_alias=barcode23 parent_read_id=132fb03d-e85c-4b94-bec8-e57b8a9fb06c basecall_model_version_id=dna_r10.4.1_e8.2_400bps_hac@v4.3.0
1521	94d84e5f-a6a7-405d-a2d8-353bd5151425 runid=0dfb5b492dc86ce99bf7c61c734eb364afcdb5c8 ch=39 start_time=2025-09-25T18:45:32.398161+00:00 flow_cell_id=AWX817 basecall_gpu=NVIDIA_Tegra_X2 protocol_group_id=ONT_trialEb_250925 sample_id=ONT_trail_250925 barcode=barcode23 barcode_alias=barcode23 parent_read_id=94d84e5f-a6a7-405d-a2d8-353bd5151425 basecall_model_version_id=dna_r10.4.1_e8.2_400bps_hac@v4.3.0
1521	6ba6e369-be02-4c06-8e11-4da758cc048f runid=0dfb5b492dc86ce99bf7c61c734eb364afcdb5c8 ch=43 start_time=2025-09-25T15:48:12.398161+00:00 flow_cell_id=AWX817 basecall_gpu=NVIDIA_Tegra_X2 protocol_group_id=ONT_trialEb_250925 sample_id=ONT_trail_250925 barcode=barcode24 barcode_alias=barcode24 parent_read_id=6ba6e369-be02-4c06-8e11-4da758cc048f basecall_model_version_id=dna_r10.4.1_e8.2_400bps_hac@v4.3.0
1521	66afd25c-644f-4c7b-9d76-42ca77567f08 runid=0dfb5b492dc86ce99bf7c61c734eb364afcdb5c8 ch=118 start_time=2025-09-25T21:52:38.398161+00:00 flow_cell_id=AWX817 basecall_gpu=NVIDIA_Tegra_X2 protocol_group_id=ONT_trialEb_250925 sample_id=ONT_trail_250925 barcode=barcode22 barcode_alias=barcode22 parent_read_id=66afd25c-644f-4c7b-9d76-42ca77567f08 basecall_model_version_id=dna_r10.4.1_e8.2_400bps_hac@v4.3.0
1521	66afd25c-644f-4c7b-9d76-42ca77567f08 runid=0dfb5b492dc86ce99bf7c61c734eb364afcdb5c8 ch=118 start_time=2025-09-25T21:52:38.398161+00:00 flow_cell_id=AWX817 basecall_gpu=NVIDIA_Tegra_X2 protocol_group_id=ONT_trialEb_250925 sample_id=ONT_trail_250925 barcode=barcode22 barcode_alias=barcode22 parent_read_id=66afd25c-644f-4c7b-9d76-42ca77567f08 basecall_model_version_id=dna_r10.4.1_e8.2_400bps_hac@v4.3.0
1521	f03942db-04f7-4f0d-88a7-6efe1b989790 runid=0dfb5b492dc86ce99bf7c61c734eb364afcdb5c8 ch=110 start_time=2025-09-25T17:09:30.398161+00:00 flow_cell_id=AWX817 basecall_gpu=NVIDIA_Tegra_X2 protocol_group_id=ONT_trialEb_250925 sample_id=ONT_trail_250925 barcode=barcode22 barcode_alias=barcode22 parent_read_id=f03942db-04f7-4f0d-88a7-6efe1b989790 basecall_model_version_id=dna_r10.4.1_e8.2_400bps_hac@v4.3.0
1521	2c3b13a2-07c4-47ee-a276-8ebc9b3b9212 runid=0dfb5b492dc86ce99bf7c61c734eb364afcdb5c8 ch=93 start_time=2025-09-25T18:55:57.398161+00:00 flow_cell_id=AWX817 basecall_gpu=NVIDIA_Tegra_X2 protocol_group_id=ONT_trialEb_250925 sample_id=ONT_trail_250925 barcode=barcode22 barcode_alias=barcode22 parent_read_id=2c3b13a2-07c4-47ee-a276-8ebc9b3b9212 basecall_model_version_id=dna_r10.4.1_e8.2_400bps_hac@v4.3.0
1521	8d827748-fb38-4742-9c7a-b55d26cbd360 runid=0dfb5b492dc86ce99bf7c61c734eb364afcdb5c8 ch=4 start_time=2025-09-25T20:52:37.398161+00:00 flow_cell_id=AWX817 basecall_gpu=NVIDIA_Tegra_X2 protocol_group_id=ONT_trialEb_250925 sample_id=ONT_trail_250925 barcode=barcode22 barcode_alias=barcode22 parent_read_id=8d827748-fb38-4742-9c7a-b55d26cbd360 basecall_model_version_id=dna_r10.4.1_e8.2_400bps_hac@v4.3.0
1521	8d827748-fb38-4742-9c7a-b55d26cbd360 runid=0dfb5b492dc86ce99bf7c61c734eb364afcdb5c8 ch=4 start_time=2025-09-25T20:52:37.398161+00:00 flow_cell_id=AWX817 basecall_gpu=NVIDIA_Tegra_X2 protocol_group_id=ONT_trialEb_250925 sample_id=ONT_trail_250925 barcode=barcode22 barcode_alias=barcode22 parent_read_id=8d827748-fb38-4742-9c7a-b55d26cbd360 basecall_model_version_id=dna_r10.4.1_e8.2_400bps_hac@v4.3.0
1521	2ad760f2-8d18-4833-a29c-543fe099f134 runid=0dfb5b492dc86ce99bf7c61c734eb364afcdb5c8 ch=49 start_time=2025-09-26T11:31:57.398161+00:00 flow_cell_id=AWX817 basecall_gpu=NVIDIA_Tegra_X2 protocol_group_id=ONT_trialEb_250925 sample_id=ONT_trail_250925 barcode=barcode22 barcode_alias=barcode22 parent_read_id=2ad760f2-8d18-4833-a29c-543fe099f134 basecall_model_version_id=dna_r10.4.1_e8.2_400bps_hac@v4.3.0
1521	99e8bdc4-de5b-4d2c-878a-d12743fdbc6d runid=0dfb5b492dc86ce99bf7c61c734eb364afcdb5c8 ch=41 start_time=2025-09-25T21:21:33.398161+00:00 flow_cell_id=AWX817 basecall_gpu=NVIDIA_Tegra_X2 protocol_group_id=ONT_trialEb_250925 sample_id=ONT_trail_250925 barcode=barcode23 barcode_alias=barcode23 parent_read_id=99e8bdc4-de5b-4d2c-878a-d12743fdbc6d basecall_model_version_id=dna_r10.4.1_e8.2_400bps_hac@v4.3.0
1521	a77b5482-8e3c-46bc-9ff8-f461e7636eb2 runid=0dfb5b492dc86ce99bf7c61c734eb364afcdb5c8 ch=5 start_time=2025-09-25T17:56:41.398161+00:00 flow_cell_id=AWX817 basecall_gpu=NVIDIA_Tegra_X2 protocol_group_id=ONT_trialEb_250925 sample_id=ONT_trail_250925 barcode=barcode22 barcode_alias=barcode22 parent_read_id=a77b5482-8e3c-46bc-9ff8-f461e7636eb2 basecall_model_version_id=dna_r10.4.1_e8.2_400bps_hac@v4.3.0
1521	cad9ed97-4899-4c7a-a045-b2f023256a65 runid=0dfb5b492dc86ce99bf7c61c734eb364afcdb5c8 ch=20 start_time=2025-09-26T09:01:51.398161+00:00 flow_cell_id=AWX817 basecall_gpu=NVIDIA_Tegra_X2 protocol_group_id=ONT_trialEb_250925 sample_id=ONT_trail_250925 barcode=barcode22 barcode_alias=barcode22 parent_read_id=cad9ed97-4899-4c7a-a045-b2f023256a65 basecall_model_version_id=dna_r10.4.1_e8.2_400bps_hac@v4.3.0 rc
1521	6715c9b2-8428-4665-84c1-a9ae075604e3 runid=0dfb5b492dc86ce99bf7c61c734eb364afcdb5c8 ch=23 start_time=2025-09-25T18:02:57.398161+00:00 flow_cell_id=AWX817 basecall_gpu=NVIDIA_Tegra_X2 protocol_group_id=ONT_trialEb_250925 sample_id=ONT_trail_250925 barcode=barcode23 barcode_alias=barcode23 parent_read_id=6715c9b2-8428-4665-84c1-a9ae075604e3 basecall_model_version_id=dna_r10.4.1_e8.2_400bps_hac@v4.3.0 rc
1521	aa0faf64-b658-487c-8375-4fb9a1ef6635 runid=0dfb5b492dc86ce99bf7c61c734eb364afcdb5c8 ch=92 start_time=2025-09-26T09:00:29.398161+00:00 flow_cell_id=AWX817 basecall_gpu=NVIDIA_Tegra_X2 protocol_group_id=ONT_trialEb_250925 sample_id=ONT_trail_250925 barcode=barcode24 barcode_alias=barcode24 parent_read_id=aa0faf64-b658-487c-8375-4fb9a1ef6635 basecall_model_version_id=dna_r10.4.1_e8.2_400bps_hac@v4.3.0 rc
1521	d42f8ec5-41d1-486d-9804-4237841fd205 runid=0dfb5b492dc86ce99bf7c61c734eb364afcdb5c8 ch=73 start_time=2025-09-25T19:55:43.398161+00:00 flow_cell_id=AWX817 basecall_gpu=NVIDIA_Tegra_X2 protocol_group_id=ONT_trialEb_250925 sample_id=ONT_trail_250925 barcode=barcode22 barcode_alias=barcode22 parent_read_id=d42f8ec5-41d1-486d-9804-4237841fd205 basecall_model_version_id=dna_r10.4.1_e8.2_400bps_hac@v4.3.0
1521	ef98bf99-a550-4548-809b-ed14e9c653e7 runid=0dfb5b492dc86ce99bf7c61c734eb364afcdb5c8 ch=106 start_time=2025-09-25T19:06:00.398161+00:00 flow_cell_id=AWX817 basecall_gpu=NVIDIA_Tegra_X2 protocol_group_id=ONT_trialEb_250925 sample_id=ONT_trail_250925 barcode=barcode22 barcode_alias=barcode22 parent_read_id=ef98bf99-a550-4548-809b-ed14e9c653e7 basecall_model_version_id=dna_r10.4.1_e8.2_400bps_hac@v4.3.0
1521	bc066109-c95c-47b7-a247-3741fb216fe4 runid=0dfb5b492dc86ce99bf7c61c734eb364afcdb5c8 ch=106 start_time=2025-09-25T18:32:00.398161+00:00 flow_cell_id=AWX817 basecall_gpu=NVIDIA_Tegra_X2 protocol_group_id=ONT_trialEb_250925 sample_id=ONT_trail_250925 barcode=barcode23 barcode_alias=barcode23 parent_read_id=bc066109-c95c-47b7-a247-3741fb216fe4 basecall_model_version_id=dna_r10.4.1_e8.2_400bps_hac@v4.3.0
1521	2aec9289-afab-4a0a-89e4-2885c7d89705 runid=0dfb5b492dc86ce99bf7c61c734eb364afcdb5c8 ch=23 start_time=2025-09-25T18:54:03.398161+00:00 flow_cell_id=AWX817 basecall_gpu=NVIDIA_Tegra_X2 protocol_group_id=ONT_trialEb_250925 sample_id=ONT_trail_250925 barcode=barcode24 barcode_alias=barcode24 parent_read_id=2aec9289-afab-4a0a-89e4-2885c7d89705 basecall_model_version_id=dna_r10.4.1_e8.2_400bps_hac@v4.3.0
1521	9fd4e6f2-1bcc-4485-a241-dadb7de46a24 runid=0dfb5b492dc86ce99bf7c61c734eb364afcdb5c8 ch=85 start_time=2025-09-26T01:20:20.398161+00:00 flow_cell_id=AWX817 basecall_gpu=NVIDIA_Tegra_X2 protocol_group_id=ONT_trialEb_250925 sample_id=ONT_trail_250925 barcode=barcode24 barcode_alias=barcode24 parent_read_id=9fd4e6f2-1bcc-4485-a241-dadb7de46a24 basecall_model_version_id=dna_r10.4.1_e8.2_400bps_hac@v4.3.0 rc
1521	1a128044-9d00-439f-847c-4fddc30b941c runid=0dfb5b492dc86ce99bf7c61c734eb364afcdb5c8 ch=85 start_time=2025-09-25T16:39:23.398161+00:00 flow_cell_id=AWX817 basecall_gpu=NVIDIA_Tegra_X2 protocol_group_id=ONT_trialEb_250925 sample_id=ONT_trail_250925 barcode=barcode22 barcode_alias=barcode22 parent_read_id=ad16bb0f-92c9-46fc-a8c4-1219d4ef4d69 basecall_model_version_id=dna_r10.4.1_e8.2_400bps_hac@v4.3.0
1521	17323d03-dc2c-4232-9baa-cc9fbb0b8c10 runid=0dfb5b492dc86ce99bf7c61c734eb364afcdb5c8 ch=81 start_time=2025-09-26T06:09:19.398161+00:00 flow_cell_id=AWX817 basecall_gpu=NVIDIA_Tegra_X2 protocol_group_id=ONT_trialEb_250925 sample_id=ONT_trail_250925 barcode=barcode24 barcode_alias=barcode24 parent_read_id=17323d03-dc2c-4232-9baa-cc9fbb0b8c10 basecall_model_version_id=dna_r10.4.1_e8.2_400bps_hac@v4.3.0
1521	82d093e4-8f1f-43e0-93f5-bc96b8e3775a runid=0dfb5b492dc86ce99bf7c61c734eb364afcdb5c8 ch=41 start_time=2025-09-25T23:44:37.398161+00:00 flow_cell_id=AWX817 basecall_gpu=NVIDIA_Tegra_X2 protocol_group_id=ONT_trialEb_250925 sample_id=ONT_trail_250925 barcode=barcode24 barcode_alias=barcode24 parent_read_id=82d093e4-8f1f-43e0-93f5-bc96b8e3775a basecall_model_version_id=dna_r10.4.1_e8.2_400bps_hac@v4.3.0
1521	e8b633e5-3290-4982-932e-2e02aed1ed12 runid=0dfb5b492dc86ce99bf7c61c734eb364afcdb5c8 ch=23 start_time=2025-09-25T19:52:48.398161+00:00 flow_cell_id=AWX817 basecall_gpu=NVIDIA_Tegra_X2 protocol_group_id=ONT_trialEb_250925 sample_id=ONT_trail_250925 barcode=barcode22 barcode_alias=barcode22 parent_read_id=e8b633e5-3290-4982-932e-2e02aed1ed12 basecall_model_version_id=dna_r10.4.1_e8.2_400bps_hac@v4.3.0
1521	490a1968-601d-43c5-81ed-b17b55fbe3a3 runid=0dfb5b492dc86ce99bf7c61c734eb364afcdb5c8 ch=58 start_time=2025-09-25T20:51:38.398161+00:00 flow_cell_id=AWX817 basecall_gpu=NVIDIA_Tegra_X2 protocol_group_id=ONT_trialEb_250925 sample_id=ONT_trail_250925 barcode=barcode24 barcode_alias=barcode24 parent_read_id=490a1968-601d-43c5-81ed-b17b55fbe3a3 basecall_model_version_id=dna_r10.4.1_e8.2_400bps_hac@v4.3.0
1521	caefd831-ccf2-4f93-8d0a-db1bd4ae8b8f runid=0dfb5b492dc86ce99bf7c61c734eb364afcdb5c8 ch=49 start_time=2025-09-26T08:01:52.398161+00:00 flow_cell_id=AWX817 basecall_gpu=NVIDIA_Tegra_X2 protocol_group_id=ONT_trialEb_250925 sample_id=ONT_trail_250925 barcode=barcode22 barcode_alias=barcode22 parent_read_id=caefd831-ccf2-4f93-8d0a-db1bd4ae8b8f basecall_model_version_id=dna_r10.4.1_e8.2_400bps_hac@v4.3.0
1521	fb75fa2c-e89e-409f-96bd-9d895e9e1ebb runid=0dfb5b492dc86ce99bf7c61c734eb364afcdb5c8 ch=5 start_time=2025-09-25T17:23:30.398161+00:00 flow_cell_id=AWX817 basecall_gpu=NVIDIA_Tegra_X2 protocol_group_id=ONT_trialEb_250925 sample_id=ONT_trail_250925 barcode=barcode22 barcode_alias=barcode22 parent_read_id=fb75fa2c-e89e-409f-96bd-9d895e9e1ebb basecall_model_version_id=dna_r10.4.1_e8.2_400bps_hac@v4.3.0
1521	fc13c07a-f5d5-48f6-b117-5d1c4651cbb8 runid=0dfb5b492dc86ce99bf7c61c734eb364afcdb5c8 ch=4 start_time=2025-09-25T21:25:05.398161+00:00 flow_cell_id=AWX817 basecall_gpu=NVIDIA_Tegra_X2 protocol_group_id=ONT_trialEb_250925 sample_id=ONT_trail_250925 barcode=barcode23 barcode_alias=barcode23 parent_read_id=fc13c07a-f5d5-48f6-b117-5d1c4651cbb8 basecall_model_version_id=dna_r10.4.1_e8.2_400bps_hac@v4.3.0
1521	470222c0-ce98-4b4a-ad85-50d808dad56a runid=0dfb5b492dc86ce99bf7c61c734eb364afcdb5c8 ch=85 start_time=2025-09-25T22:57:16.398161+00:00 flow_cell_id=AWX817 basecall_gpu=NVIDIA_Tegra_X2 protocol_group_id=ONT_trialEb_250925 sample_id=ONT_trail_250925 barcode=barcode23 barcode_alias=barcode23 parent_read_id=470222c0-ce98-4b4a-ad85-50d808dad56a basecall_model_version_id=dna_r10.4.1_e8.2_400bps_hac@v4.3.0
1521	341cc120-03ad-465e-8199-fdf61cef44e6 runid=0dfb5b492dc86ce99bf7c61c734eb364afcdb5c8 ch=57 start_time=2025-09-26T09:09:46.398161+00:00 flow_cell_id=AWX817 basecall_gpu=NVIDIA_Tegra_X2 protocol_group_id=ONT_trialEb_250925 sample_id=ONT_trail_250925 barcode=barcode24 barcode_alias=barcode24 parent_read_id=341cc120-03ad-465e-8199-fdf61cef44e6 basecall_model_version_id=dna_r10.4.1_e8.2_400bps_hac@v4.3.0
1521	81a23d1f-e968-465d-b575-98bc942de72d runid=0dfb5b492dc86ce99bf7c61c734eb364afcdb5c8 ch=110 start_time=2025-09-25T17:43:17.398161+00:00 flow_cell_id=AWX817 basecall_gpu=NVIDIA_Tegra_X2 protocol_group_id=ONT_trialEb_250925 sample_id=ONT_trail_250925 barcode=barcode22 barcode_alias=barcode22 parent_read_id=81a23d1f-e968-465d-b575-98bc942de72d basecall_model_version_id=dna_r10.4.1_e8.2_400bps_hac@v4.3.0
1521	81a23d1f-e968-465d-b575-98bc942de72d runid=0dfb5b492dc86ce99bf7c61c734eb364afcdb5c8 ch=110 start_time=2025-09-25T17:43:17.398161+00:00 flow_cell_id=AWX817 basecall_gpu=NVIDIA_Tegra_X2 protocol_group_id=ONT_trialEb_250925 sample_id=ONT_trail_250925 barcode=barcode22 barcode_alias=barcode22 parent_read_id=81a23d1f-e968-465d-b575-98bc942de72d basecall_model_version_id=dna_r10.4.1_e8.2_400bps_hac@v4.3.0
1521	f70fccf7-f4e3-4c59-a765-50ae6204b2dd runid=0dfb5b492dc86ce99bf7c61c734eb364afcdb5c8 ch=20 start_time=2025-09-26T07:53:58.398161+00:00 flow_cell_id=AWX817 basecall_gpu=NVIDIA_Tegra_X2 protocol_group_id=ONT_trialEb_250925 sample_id=ONT_trail_250925 barcode=barcode24 barcode_alias=barcode24 parent_read_id=f70fccf7-f4e3-4c59-a765-50ae6204b2dd basecall_model_version_id=dna_r10.4.1_e8.2_400bps_hac@v4.3.0
1521	6e02219f-e316-4d11-af5b-10b45363b93d runid=0dfb5b492dc86ce99bf7c61c734eb364afcdb5c8 ch=106 start_time=2025-09-25T18:45:03.398161+00:00 flow_cell_id=AWX817 basecall_gpu=NVIDIA_Tegra_X2 protocol_group_id=ONT_trialEb_250925 sample_id=ONT_trail_250925 barcode=barcode22 barcode_alias=barcode22 parent_read_id=6e02219f-e316-4d11-af5b-10b45363b93d basecall_model_version_id=dna_r10.4.1_e8.2_400bps_hac@v4.3.0
1521	bcffb728-b45a-4836-bb80-a3ad2cef8e23 runid=0dfb5b492dc86ce99bf7c61c734eb364afcdb5c8 ch=106 start_time=2025-09-25T19:14:44.398161+00:00 flow_cell_id=AWX817 basecall_gpu=NVIDIA_Tegra_X2 protocol_group_id=ONT_trialEb_250925 sample_id=ONT_trail_250925 barcode=barcode23 barcode_alias=barcode23 parent_read_id=bcffb728-b45a-4836-bb80-a3ad2cef8e23 basecall_model_version_id=dna_r10.4.1_e8.2_400bps_hac@v4.3.0
1521	5d2f7336-45ca-4edb-9b7a-1bcadd62b6b5 runid=0dfb5b492dc86ce99bf7c61c734eb364afcdb5c8 ch=85 start_time=2025-09-25T19:13:06.398161+00:00 flow_cell_id=AWX817 basecall_gpu=NVIDIA_Tegra_X2 protocol_group_id=ONT_trialEb_250925 sample_id=ONT_trail_250925 barcode=barcode22 barcode_alias=barcode22 parent_read_id=5d2f7336-45ca-4edb-9b7a-1bcadd62b6b5 basecall_model_version_id=dna_r10.4.1_e8.2_400bps_hac@v4.3.0 rc
1521	da512120-e024-4811-ae98-7670f26ab57a runid=0dfb5b492dc86ce99bf7c61c734eb364afcdb5c8 ch=10 start_time=2025-09-25T17:44:35.398161+00:00 flow_cell_id=AWX817 basecall_gpu=NVIDIA_Tegra_X2 protocol_group_id=ONT_trialEb_250925 sample_id=ONT_trail_250925 barcode=barcode22 barcode_alias=barcode22 parent_read_id=da512120-e024-4811-ae98-7670f26ab57a basecall_model_version_id=dna_r10.4.1_e8.2_400bps_hac@v4.3.0
1521	62b78606-2491-4b46-a44c-f8037ab4d2ca runid=0dfb5b492dc86ce99bf7c61c734eb364afcdb5c8 ch=85 start_time=2025-09-25T21:40:58.398161+00:00 flow_cell_id=AWX817 basecall_gpu=NVIDIA_Tegra_X2 protocol_group_id=ONT_trialEb_250925 sample_id=ONT_trail_250925 barcode=barcode22 barcode_alias=barcode22 parent_read_id=62b78606-2491-4b46-a44c-f8037ab4d2ca basecall_model_version_id=dna_r10.4.1_e8.2_400bps_hac@v4.3.0
1521	3b4eb699-810b-4a98-9274-e313e8e56e82 runid=0dfb5b492dc86ce99bf7c61c734eb364afcdb5c8 ch=39 start_time=2025-09-26T12:02:29.398161+00:00 flow_cell_id=AWX817 basecall_gpu=NVIDIA_Tegra_X2 protocol_group_id=ONT_trialEb_250925 sample_id=ONT_trail_250925 barcode=barcode22 barcode_alias=barcode22 parent_read_id=3b4eb699-810b-4a98-9274-e313e8e56e82 basecall_model_version_id=dna_r10.4.1_e8.2_400bps_hac@v4.3.0
1521	d38dc07a-e056-4b7c-96ec-8d59517c7b71 runid=0dfb5b492dc86ce99bf7c61c734eb364afcdb5c8 ch=20 start_time=2025-09-26T04:34:21.398161+00:00 flow_cell_id=AWX817 basecall_gpu=NVIDIA_Tegra_X2 protocol_group_id=ONT_trialEb_250925 sample_id=ONT_trail_250925 barcode=barcode22 barcode_alias=barcode22 parent_read_id=d38dc07a-e056-4b7c-96ec-8d59517c7b71 basecall_model_version_id=dna_r10.4.1_e8.2_400bps_hac@v4.3.0
1521	73c53f3a-2060-4e93-bcd4-c77feedeedb7 runid=0dfb5b492dc86ce99bf7c61c734eb364afcdb5c8 ch=106 start_time=2025-09-25T19:07:16.398161+00:00 flow_cell_id=AWX817 basecall_gpu=NVIDIA_Tegra_X2 protocol_group_id=ONT_trialEb_250925 sample_id=ONT_trail_250925 barcode=barcode22 barcode_alias=barcode22 parent_read_id=73c53f3a-2060-4e93-bcd4-c77feedeedb7 basecall_model_version_id=dna_r10.4.1_e8.2_400bps_hac@v4.3.0
1521	b4a380b6-c101-486d-b584-40c7c9926d2f runid=0dfb5b492dc86ce99bf7c61c734eb364afcdb5c8 ch=85 start_time=2025-09-25T23:14:43.398161+00:00 flow_cell_id=AWX817 basecall_gpu=NVIDIA_Tegra_X2 protocol_group_id=ONT_trialEb_250925 sample_id=ONT_trail_250925 barcode=barcode22 barcode_alias=barcode22 parent_read_id=b4a380b6-c101-486d-b584-40c7c9926d2f basecall_model_version_id=dna_r10.4.1_e8.2_400bps_hac@v4.3.0 rc
1521	9cbe038f-279c-4f8d-a036-74f161914698 runid=0dfb5b492dc86ce99bf7c61c734eb364afcdb5c8 ch=55 start_time=2025-09-25T17:23:29.398161+00:00 flow_cell_id=AWX817 basecall_gpu=NVIDIA_Tegra_X2 protocol_group_id=ONT_trialEb_250925 sample_id=ONT_trail_250925 barcode=barcode24 barcode_alias=barcode24 parent_read_id=9cbe038f-279c-4f8d-a036-74f161914698 basecall_model_version_id=dna_r10.4.1_e8.2_400bps_hac@v4.3.0
1521	2c705813-52ad-4b25-b81b-8255c1dd57a0 runid=0dfb5b492dc86ce99bf7c61c734eb364afcdb5c8 ch=55 start_time=2025-09-25T16:58:47.398161+00:00 flow_cell_id=AWX817 basecall_gpu=NVIDIA_Tegra_X2 protocol_group_id=ONT_trialEb_250925 sample_id=ONT_trail_250925 barcode=barcode24 barcode_alias=barcode24 parent_read_id=2c705813-52ad-4b25-b81b-8255c1dd57a0 basecall_model_version_id=dna_r10.4.1_e8.2_400bps_hac@v4.3.0
1521	013e2b3e-8476-4f5e-a629-114ba398b310 runid=0dfb5b492dc86ce99bf7c61c734eb364afcdb5c8 ch=85 start_time=2025-09-25T19:59:01.398161+00:00 flow_cell_id=AWX817 basecall_gpu=NVIDIA_Tegra_X2 protocol_group_id=ONT_trialEb_250925 sample_id=ONT_trail_250925 barcode=barcode22 barcode_alias=barcode22 parent_read_id=013e2b3e-8476-4f5e-a629-114ba398b310 basecall_model_version_id=dna_r10.4.1_e8.2_400bps_hac@v4.3.0
2860	49a5c145-fdd9-41be-8d00-24eb9448e617 runid=0dfb5b492dc86ce99bf7c61c734eb364afcdb5c8 ch=85 start_time=2025-09-25T22:49:47.398161+00:00 flow_cell_id=AWX817 basecall_gpu=NVIDIA_Tegra_X2 protocol_group_id=ONT_trialEb_250925 sample_id=ONT_trail_250925 barcode=barcode22 barcode_alias=barcode22 parent_read_id=49a5c145-fdd9-41be-8d00-24eb9448e617 basecall_model_version_id=dna_r10.4.1_e8.2_400bps_hac@v4.3.0
